timestamp,open,high,low,close,volume,turnover
1783862280000,99.87,99.9,99.7,99.79,8092.0,8077.8749
1783862340000,99.81,99.93,99.76,99.82,5258.0,5248.03
1783862400000,99.79,99.91,99.7,99.7,2745.0,2739.5876
1783862460000,99.7,99.86,99.69,99.84,1070.0,1067.3784
1783862520000,99.82,99.82,99.69,99.69,2143.0,2137.8127
1783862580000,99.67,99.77,99.63,99.72,883.0,880.203
1783862640000,99.72,99.73,99.58,99.6,2858.0,2846.7478
1783862700000,99.57,99.76,99.53,99.69,8277.0,8247.3649
1783862760000,99.66,99.71,99.58,99.61,747.0,744.4963
1783862820000,99.62,99.69,99.58,99.61,952.0,948.4497
1783862880000,99.61,99.67,99.6,99.66,587.0,584.956
1783862940000,99.67,99.78,99.67,99.74,532.0,530.6129
1783863000000,99.75,99.95,99.75,99.95,4148.0,4140.9406
1783863060000,99.95,99.95,99.78,99.8,3500.0,3493.599
1783863120000,99.82,99.91,99.61,99.61,1562.0,1558.0871
1783863180000,99.6,99.61,99.46,99.51,897.0,893.0447
1783863240000,99.51,99.59,99.49,99.5,1180.0,1174.8603
1783863300000,99.52,99.63,99.51,99.51,1392.0,1385.8991
1783863360000,99.52,99.58,99.51,99.56,2130.0,2120.5616
1783863420000,99.56,99.61,99.45,99.5,613.0,610.0898
1783863480000,99.53,99.63,99.53,99.62,4359.0,4341.3434
1783863540000,99.63,99.88,99.63,99.77,2855.0,2847.423
1783863600000,99.73,99.74,99.59,99.59,2396.0,2387.4559
1783863660000,99.57,99.63,99.53,99.59,2292.0,2283.1362
1783863720000,99.59,99.63,99.57,99.6,1523.0,1516.8508
1783863780000,99.6,99.61,99.58,99.6,775.0,771.932
1783863840000,99.54,99.59,99.49,99.56,3615.0,3598.4229
1783863900000,99.56,99.62,99.55,99.59,1872.0,1864.1571
1783863960000,99.58,99.58,99.47,99.47,1721.0,1712.9751
1783864020000,99.48,99.48,99.27,99.31,5096.0,5061.0281
1783864080000,99.31,99.49,99.28,99.45,3901.0,3878.824
1783864140000,99.47,99.51,99.39,99.39,780.0,775.758
1783864200000,99.4,99.44,99.38,99.38,1850.0,1838.9999
1783864260000,99.39,99.39,99.11,99.18,891.0,884.196
1783864320000,99.17,99.25,99.16,99.21,757.0,750.9094
1783864380000,99.21,99.25,99.2,99.24,630.0,625.1782
1783864440000,99.27,99.5,99.27,99.5,1506.0,1497.2175
1783864500000,99.5,99.53,99.49,99.52,503.0,500.5441
1783864560000,99.52,99.52,99.38,99.39,1268.0,1261.0902
1783864620000,99.4,99.4,99.27,99.34,1217.0,1208.5433
1783864680000,99.35,99.35,99.27,99.27,1256.0,1247.5751
1783864740000,99.29,99.36,99.28,99.28,2051.0,2037.0899
1783864800000,99.28,99.34,99.26,99.32,488.0,484.544
1783864860000,99.33,99.33,99.18,99.18,516.0,512.384
1783864920000,99.17,99.17,98.97,99.11,28895.0,28603.4425
1783864980000,99.12,99.21,99.12,99.19,779.0,772.5229
1783865040000,99.19,99.19,99.15,99.18,1715.0,1700.7942
1783865100000,99.17,99.19,99.12,99.13,756.0,749.622
1783865160000,99.13,99.13,99.06,99.06,741.0,734.2357
1783865220000,99.06,99.08,98.79,98.79,3295.0,3258.7224
1783865280000,98.78,98.78,98.59,98.59,15621.0,15411.6622
1783865340000,98.6,98.7,98.6,98.67,132.0,130.2388
1783865400000,98.66,98.67,98.53,98.53,2265.0,2233.1167
1783865460000,98.57,98.62,98.42,98.47,8795.0,8665.0459
1783865520000,98.49,98.69,98.48,98.69,1330.0,1311.1719
1783865580000,98.7,98.76,98.68,98.75,683.0,674.3879
1783865640000,98.77,98.83,98.76,98.78,170.0,167.9369
1783865700000,98.81,98.81,98.67,98.67,77.0,76.0245
1783865760000,98.69,98.83,98.6,98.82,3506.0,3459.1032
1783865820000,98.82,98.86,98.78,98.81,521.0,514.7954
1783865880000,98.8,98.86,98.72,98.83,11864.0,11714.6961
1783865940000,98.85,98.85,98.75,98.8,781.0,771.5415
1783866000000,98.79,98.82,98.71,98.71,1318.0,1302.0205
1783866060000,98.7,98.73,98.7,98.73,198.0,195.4537
1783866120000,98.72,98.8,98.72,98.8,3574.0,3530.4809
1783866180000,98.8,98.81,98.75,98.79,608.0,600.6315
1783866240000,98.79,98.79,98.79,98.79,11.0,10.8669
1783866300000,98.82,98.82,98.68,98.68,433.0,427.5094
1783866360000,98.71,98.82,98.71,98.82,651.0,643.0403
1783866420000,98.83,98.89,98.83,98.87,683.0,675.3103
1783866480000,98.86,98.88,98.8,98.82,639.0,631.5263
1783866540000,98.77,98.83,98.76,98.77,7510.0,7421.7752
1783866600000,98.73,98.76,98.7,98.74,27157.0,26808.5181
1783866660000,98.74,98.74,98.55,98.59,75680.0,74643.153
1783866720000,98.6,98.85,98.58,98.65,11137.0,10997.1292
1783866780000,98.65,98.85,98.64,98.82,994.0,981.8662
1783866840000,98.78,98.84,98.72,98.74,4359.0,4307.2245
1783866900000,98.68,98.86,98.68,98.85,3896.0,3847.2219
1783866960000,98.81,99.08,98.81,98.97,4668.0,4621.5389
1783867020000,98.93,99.05,98.9,99.04,1567.0,1550.7921
1783867080000,99.02,99.16,99.01,99.12,1561.0,1547.2356
1783867140000,99.09,99.2,99.05,99.05,2587.0,2563.8373
1783867200000,99.03,99.06,98.97,98.99,4178.0,4137.3188
1783867260000,98.98,98.98,98.79,98.86,1995.0,1972.2377
1783867320000,98.85,98.88,98.81,98.88,398.0,393.4001
1783867380000,98.88,99.0,98.88,98.96,923.0,913.2238
1783867440000,98.98,99.07,98.96,99.03,2622.0,2595.6382
1783867500000,99.02,99.02,98.89,98.91,1124.0,1112.098
1783867560000,98.9,99.24,98.88,99.24,8121.0,8051.5685
1783867620000,99.18,99.18,98.99,99.0,5227.0,5178.9386
1783867680000,99.0,99.05,98.92,98.96,2597.0,2569.8828
1783867740000,98.96,99.06,98.88,98.89,1819.0,1799.8288
1783867800000,98.87,98.95,98.84,98.87,1341.0,1326.1433
1783867860000,98.86,98.92,98.86,98.9,697.0,689.2935
1783867920000,98.91,98.91,98.83,98.91,1629.0,1610.9977
1783867980000,98.9,99.13,98.88,98.99,6569.0,6505.1533
1783868040000,98.98,99.08,98.89,99.04,2858.0,2828.2852
1783868100000,99.04,99.15,99.04,99.09,2810.0,2784.5171
1783868160000,99.07,99.11,99.04,99.07,703.0,696.4357
1783868220000,99.06,99.16,99.02,99.16,2816.0,2789.8405
1783868280000,99.14,99.14,99.05,99.06,1001.0,991.8392
1783868340000,99.07,99.1,99.04,99.08,665.0,658.8177
1783868400000,99.05,99.07,98.93,98.99,655.0,648.4578
1783868460000,98.98,99.08,98.82,98.85,2741.0,2713.3022
1783868520000,98.82,99.09,98.78,98.9,40190.0,39812.1489
1783868580000,98.89,99.04,98.88,98.99,1259.0,1245.9841
1783868640000,98.98,99.07,98.96,99.01,2409.0,2384.9666
1783868700000,99.0,99.06,98.98,99.0,2331.0,2307.9181
1783868760000,99.01,99.15,99.0,99.1,1153.0,1142.2387
1783868820000,99.08,99.15,99.06,99.13,678.0,671.878
1783868880000,99.11,99.19,99.11,99.15,1047.0,1038.1578
1783868940000,99.12,99.35,99.11,99.13,5614.0,5569.5779
1783869000000,99.12,99.19,99.1,99.13,23979.0,23770.6298
1783869060000,99.12,99.18,99.1,99.13,28423.0,28175.775
1783869120000,99.13,99.16,99.08,99.09,17421.0,17266.8373
1783869180000,99.08,99.2,99.07,99.19,1216.0,1205.149
1783869240000,99.18,99.19,99.03,99.08,11697.0,11591.2727
1783869300000,99.06,99.08,98.98,98.99,774.0,766.5072
1783869360000,98.97,98.98,98.85,98.88,2557.0,2529.4063
1783869420000,98.86,98.86,98.73,98.74,1002.0,989.5918
1783869480000,98.74,98.77,98.27,98.3,5188.0,5107.7949
1783869540000,98.29,98.39,98.28,98.28,3224.0,3171.3117
1783869600000,98.29,98.37,98.17,98.21,65897.0,64794.736
1783869660000,98.21,98.41,98.19,98.33,1439.0,1414.3286
1783869720000,98.33,98.36,98.29,98.34,10937.0,10754.765
1783869780000,98.37,98.51,98.35,98.5,28721.0,28289.8884
1783869840000,98.51,98.53,98.39,98.42,15950.0,15699.6526
1783869900000,98.43,98.44,98.3,98.33,12442.0,12245.8035
1783869960000,98.33,98.47,98.27,98.34,6938.0,6823.3713
1783870020000,98.35,98.76,98.31,98.76,16580.0,16314.6908
1783870080000,98.76,98.81,98.7,98.81,889.0,877.9778
1783870140000,98.82,98.84,98.71,98.73,2753.0,2719.2995
1783870200000,98.74,98.81,98.73,98.75,12364.0,12215.3572
1783870260000,98.76,98.81,98.69,98.74,866.0,855.24
1783870320000,98.74,98.81,98.74,98.76,923.0,911.6823
1783870380000,98.77,98.78,98.72,98.73,3442.0,3398.9432
1783870440000,98.71,98.71,98.6,98.6,18582.0,18338.5012
1783870500000,98.6,98.72,98.58,98.62,39096.0,38569.7503
1783870560000,98.62,98.67,98.53,98.53,1956.0,1928.7585
1783870620000,98.55,98.66,98.55,98.65,626.0,617.3387
1783870680000,98.66,98.72,98.56,98.57,689.0,679.5308
1783870740000,98.58,98.59,98.39,98.5,826.0,813.5859
1783870800000,98.5,98.52,98.48,98.48,644.0,634.3466
1783870860000,98.48,98.51,98.46,98.47,669.0,658.8396
1783870920000,98.53,98.63,98.52,98.61,566.0,557.9803
1783870980000,98.61,98.62,98.55,98.58,5635.0,5554.5636
1783871040000,98.57,98.61,98.54,98.55,1016.0,1001.3596
1783871100000,98.56,98.56,98.47,98.51,3687.0,3631.8748
1783871160000,98.5,98.5,98.34,98.37,904.0,889.4339
1783871220000,98.4,98.59,98.4,98.58,3866.0,3810.0598
1783871280000,98.58,98.59,98.47,98.54,820.0,808.0441
1783871340000,98.52,98.56,98.52,98.55,638.0,628.7358
1783871400000,98.55,98.6,98.54,98.57,780.0,768.8811
1783871460000,98.57,98.58,98.49,98.53,1740.0,1714.9174
1783871520000,98.53,98.54,98.44,98.49,782.0,770.296
1783871580000,98.5,98.54,98.49,98.54,644.0,634.5524
1783871640000,98.53,98.56,98.5,98.56,440.0,433.5871
1783871700000,98.57,98.61,98.55,98.6,2305.0,2272.6255
1783871760000,98.58,98.6,98.51,98.51,74343.0,73300.7989
1783871820000,98.55,98.61,98.54,98.61,4542.0,4477.8539
1783871880000,98.59,98.6,98.54,98.59,35563.0,35060.4019
1783871940000,98.6,98.62,98.58,98.62,601.0,592.5829
1783872000000,98.63,98.69,98.59,98.62,6290.0,6203.8835
1783872060000,98.6,98.65,98.58,98.62,3023.0,2981.1845
1783872120000,98.63,98.63,98.59,98.61,1647.0,1624.0303
1783872180000,98.64,98.8,98.6,98.6,1473.0,1453.3171
1783872240000,98.58,98.6,97.81,97.9,30148.0,29575.3665
1783872300000,97.91,97.99,97.85,97.91,1277.0,1250.5885
1783872360000,97.88,97.95,97.79,97.82,2862.0,2799.9443
1783872420000,97.79,97.94,97.72,97.76,4842.0,4734.4376
1783872480000,97.78,97.98,97.74,97.93,8223.0,8048.9705
1783872540000,97.92,98.08,97.92,98.05,100030.0,98069.9457
1783872600000,98.05,98.12,98.04,98.1,909.0,891.4886
1783872660000,98.11,98.18,98.04,98.15,1206.0,1183.0411
1783872720000,98.15,98.33,97.93,98.33,4323.0,4238.5014
1783872780000,98.33,98.51,98.26,98.39,6010.0,5913.1041
1783872840000,98.38,98.49,98.37,98.48,992.0,976.4665
1783872900000,98.5,98.56,98.41,98.53,4170.0,4105.8659
1783872960000,98.54,98.55,98.45,98.53,2435.0,2398.5748
1783873020000,98.54,98.66,98.53,98.61,8111.0,7997.6187
1783873080000,98.62,98.69,98.61,98.69,1305.0,1287.2604
1783873140000,98.7,98.73,98.61,98.73,2437.0,2404.3764
1783873200000,98.74,98.86,98.74,98.81,1183.0,1168.7982
1783873260000,98.82,98.89,98.8,98.85,1568.0,1549.9623
1783873320000,98.86,98.9,98.74,98.74,1100.0,1086.8086
1783873380000,98.77,98.78,98.6,98.64,852.0,840.7574
1783873440000,98.65,98.82,98.65,98.82,1127.0,1112.6723
1783873500000,98.82,98.92,98.82,98.92,2101.0,2077.714
1783873560000,98.91,98.95,98.9,98.95,346.0,342.2532
1783873620000,98.97,98.97,98.8,98.87,1064.0,1051.9222
1783873680000,98.82,98.88,98.82,98.85,771.0,762.157
1783873740000,98.86,98.97,98.86,98.97,364.0,360.0614
1783873800000,99.0,99.01,98.91,98.91,460.0,455.2665
1783873860000,98.91,98.93,98.91,98.92,642.0,635.0503
1783873920000,98.91,99.0,98.91,98.95,718.0,710.4392
1783873980000,98.92,98.92,98.75,98.77,3966.0,3920.5438
1783874040000,98.75,98.9,98.73,98.9,1650.0,1631.0703
1783874100000,98.9,98.92,98.86,98.87,756.0,747.673
1783874160000,98.85,98.85,98.81,98.81,1074.0,1061.4512
1783874220000,98.81,98.89,98.81,98.85,358.0,353.8712
1783874280000,98.89,98.9,98.81,98.82,1729.0
1783874340000,98.84,98.84,98.75,98.84,4643.0
1783874400000,98.83,98.83,98.74,98.78,992.0
1783874460000,98.8,98.83,98.79,98.82,657.0
1783874520000,98.84,98.85,98.79,98.82,1050.0
1783874580000,98.81,99.01,98.81,98.93,867.0
1783874640000,98.93,98.98,98.89,98.97,1118.0
1783874700000,98.99,98.99,98.92,98.93,843.0
1783874760000,98.92,98.96,98.89,98.96,798.0
1783874820000,98.96,99.07,98.89,98.95,840.0
1783874880000,98.94,99.0,98.94,99.0,679.0
1783874940000,98.97,99.06,98.95,99.05,966.0
1783875000000,99.05,99.05,98.97,99.0,721.0
1783875060000,98.95,99.0,98.95,99.0,807.0
1783875120000,99.01,99.06,98.94,98.99,4026.0
1783875180000,98.97,98.97,98.93,98.95,639.0
1783875240000,98.98,99.01,98.95,98.99,875.0
1783875300000,98.98,99.13,98.97,99.13,871.0
1783875360000,99.12,99.15,99.04,99.04,764.0
1783875420000,99.09,99.09,99.0,99.0,537.0
1783875480000,99.06,99.12,99.06,99.1,937.0
1783875540000,99.1,99.12,99.1,99.1,400.0
1783875600000,99.09,99.1,99.04,99.05,816.0
1783875660000,99.04,99.17,99.02,99.12,1733.0
1783875720000,99.13,99.15,98.99,99.01,1599.0
1783875780000,99.01,99.01,98.89,98.89,567.0
1783875840000,98.89,98.94,98.88,98.93,643.0
1783875900000,98.93,98.99,98.93,98.97,665.0
1783875960000,98.97,98.97,98.91,98.91,744.0
1783876020000,98.9,98.94,98.9,98.94,659.0
1783876080000,98.94,98.96,98.9,98.91,964.0
1783876140000,98.93,98.98,98.93,98.97,308.0
1783876200000,98.97,98.97,98.78,98.79,1161.0
1783876260000,98.79,98.91,98.79,98.9,600.0
1783876320000,98.9,98.91,98.85,98.85,672.0
1783876380000,98.81,98.81,98.73,98.76,778.0
1783876440000,98.74,98.82,98.71,98.82,576.0
1783876500000,98.82,98.82,98.8,98.8,530.0
1783876560000,98.8,98.81,98.79,98.8,644.0
1783876620000,98.8,98.82,98.79,98.82,536.0
1783876680000,98.83,98.93,98.83,98.93,190.0
1783876740000,98.94,98.98,98.91,98.91,1227.0
1783876800000,98.91,98.93,98.86,98.93,595.0
1783876860000,98.97,99.0,98.96,98.96,694.0
1783876920000,98.93,98.93,98.84,98.84,482.0
1783876980000,98.83,98.83,98.79,98.81,413.0
1783877040000,98.81,98.83,98.8,98.82,699.0
1783877100000,98.81,98.82,98.74,98.74,1826.0
1783877160000,98.73,98.84,98.73,98.83,412.0
1783877220000,98.83,98.85,98.83,98.85,651.0
1783877280000,98.84,98.85,98.76,98.8,874.0
1783877340000,98.8,98.82,98.76,98.79,644.0
1783877400000,98.78,98.82,98.77,98.78,774.0
1783877460000,98.78,98.81,98.78,98.8,598.0
1783877520000,98.79,98.85,98.79,98.82,189.0
1783877580000,98.83,98.85,98.83,98.84,213.0
1783877640000,98.83,98.89,98.83,98.89,621.0
1783877700000,98.89,98.93,98.8,98.9,12211.0
1783892280000,97.95,97.96,97.91,97.95,1885.0,1846.3504
1783892340000,97.96,97.96,97.91,97.92,594.0,581.766
1783892400000,97.95,97.96,97.91,97.94,794.0,777.6206
1783892460000,97.93,97.96,97.91,97.95,481.0,471.0992
1783892520000,97.94,97.95,97.93,97.94,374.0,366.3163
1783892580000,97.94,97.95,97.84,97.84,1062.0,1039.8444
1783892640000,97.84,97.84,97.78,97.79,688.0,672.8895
1783892700000,97.78,97.92,97.77,97.92,2357.0,2306.3782
1783892760000,97.91,97.97,97.87,97.87,1047.0,1025.2458
1783892820000,97.86,97.86,97.82,97.82,770.0,753.3409
1783892880000,97.82,97.83,97.82,97.83,150.0,146.7436
1783892940000,97.83,98.05,97.83,97.9,4652.0,4555.7822
1783893000000,97.88,97.88,97.83,97.83,762.0,745.6622
1783893060000,97.82,97.82,97.79,97.82,662.0,647.4836
1783893120000,97.79,97.83,97.77,97.83,998.0,976.164
1783893180000,97.83,97.84,97.79,97.83,1179.0,1153.4296
1783893240000,97.84,97.84,97.82,97.82,987.0,965.6231
1783893300000,97.83,97.95,97.79,97.95,696.0,681.0337
1783893360000,97.96,97.96,97.9,97.91,839.0,821.6047
1783893420000,97.91,97.96,97.86,97.92,1060.0,1038.0422
1783893480000,97.95,97.96,97.92,97.96,779.0,763.0511
1783893540000,97.96,97.96,97.88,97.89,980.0,959.7544
1783893600000,97.87,97.87,97.43,97.61,7075.0,6907.7538
1783893660000,97.61,97.75,97.59,97.73,1940.0,1895.3051
1783893720000,97.74,97.77,97.63,97.67,4421.0,4320.7255
1783893780000,97.65,97.67,97.53,97.62,3853.0,3759.4206
1783893840000,97.65,97.7,97.54,97.65,3001.0,2928.771
1783893900000,97.6,97.7,97.51,97.51,944.0,921.587
1783893960000,97.55,97.55,97.47,97.5,1857.0,1810.4756
1783894020000,97.51,97.56,97.45,97.54,1434.0,1398.3471
1783894080000,97.53,97.55,97.4,97.48,1066.0,1039.244
1783894140000,97.5,97.5,97.4,97.42,1073.0,1045.4615
1783894200000,97.43,97.52,97.4,97.52,801.0,780.7163
1783894260000,97.51,97.52,97.3,97.4,763.0,742.9117
1783894320000,97.41,97.41,97.35,97.41,703.0,684.547
1783894380000,97.42,97.46,97.38,97.46,810.0,789.276
1783894440000,97.46,97.46,97.36,97.36,1387.0,1351.0854
1783894500000,97.34,97.49,97.33,97.49,703.0,684.8131
1783894560000,97.5,97.5,97.34,97.34,714.0,695.4557
1783894620000,97.34,97.37,97.24,97.24,1878.0,1828.0085
1783894680000,97.26,97.27,97.06,97.16,3112.0,3021.9603
1783894740000,97.17,97.22,97.14,97.16,547.0,531.5364
1783894800000,97.15,97.21,97.08,97.21,843.0,818.8657
1783894860000,97.2,97.29,97.2,97.28,674.0,655.3868
1783894920000,97.28,97.32,97.24,97.32,575.0,559.3757
1783894980000,97.32,97.41,97.31,97.41,2037.0,1982.7277
1783895040000,97.37,97.43,97.36,97.43,306.0,298.0354
1783895100000,97.47,97.48,97.36,97.44,741.0,722.0307
1783895160000,97.44,97.47,97.42,97.42,821.0,799.984
1783895220000,97.39,97.39,97.27,97.28,337.0,327.9381
1783895280000,97.3,97.31,97.19,97.26,5636.0,5480.4537
1783895340000,97.25,97.31,97.25,97.29,659.0,641.0618
1783895400000,97.33,97.39,97.32,97.39,798.0,776.9571
1783895460000,97.39,97.62,97.32,97.6,7782.0,7582.5034
1783895520000,97.6,97.74,97.55,97.74,5386.0,5259.739
1783895580000,97.75,97.97,97.71,97.87,3232.0,3161.8792
1783895640000,97.86,97.86,97.71,97.75,945.0,924.1323
1783895700000,97.76,97.91,97.74,97.86,793.0,775.9123
1783895760000,97.85,97.88,97.8,97.81,818.0,800.2952
1783895820000,97.83,97.84,97.69,97.75,848.0,829.0428
1783895880000,97.76,97.76,97.66,97.67,946.0,924.1956
1783895940000,97.67,97.67,97.6,97.65,986.0,962.6993
1783896000000,97.64,97.65,97.57,97.57,726.0,708.5767
1783896060000,97.58,97.61,97.57,97.61,589.0,574.7772
1783896120000,97.61,97.76,97.59,97.76,786.0,767.7265
1783896180000,97.75,97.78,97.7,97.77,898.0,877.7964
1783896240000,97.78,97.78,97.6,97.62,811.0,792.191
1783896300000,97.58,97.6,97.57,97.57,934.0,911.4455
1783896360000,97.58,97.6,97.54,97.55,777.0,758.0629
1783896420000,97.54,97.58,97.53,97.58,791.0,771.7277
1783896480000,97.57,97.57,97.44,97.46,657.0,640.5783
1783896540000,97.44,97.44,97.35,97.41,589.0,573.6392
1783896600000,97.36,97.36,97.25,97.29,888.0,864.0205
1783896660000,97.3,97.31,97.21,97.31,4539.0,4413.6979
1783896720000,97.31,97.48,97.3,97.45,903.0,879.4279
1783896780000,97.45,97.55,97.43,97.47,1347.0,1313.4979
1783896840000,97.45,97.53,97.44,97.53,893.0,870.5908
1783896900000,97.53,97.54,97.49,97.52,601.0,586.076
1783896960000,97.53,97.56,97.49,97.51,671.0,654.3848
1783897020000,97.54,97.59,97.53,97.56,559.0,545.3817
1783897080000,97.59,97.59,97.53,97.57,1218.0,1188.2344
1783897140000,97.57,97.65,97.57,97.65,431.0,420.5984
1783897200000,97.66,97.71,97.47,97.48,774.0,755.0267
1783897260000,97.48,97.55,97.38,97.44,1079.0,1051.6294
1783897320000,97.45,97.45,97.34,97.43,947.0,922.4174
1783897380000,97.43,97.44,97.38,97.42,636.0,619.5748
1783897440000,97.41,97.42,97.35,97.38,810.0,788.7941
1783897500000,97.39,97.44,97.38,97.42,610.0,594.2107
1783897560000,97.39,97.41,97.37,97.38,644.0,627.1884
1783897620000,97.42,97.52,97.38,97.4,440.0,428.685
1783897680000,97.4,97.41,97.25,97.25,1713.0,1667.1861
1783897740000,97.25,97.25,97.23,97.25,745.0,724.4779
1783897800000,97.25,97.32,97.24,97.28,2282.0,2220.2152
1783897860000,97.27,97.3,97.19,97.19,703.0,683.6108
1783897920000,97.16,97.22,97.16,97.22,385.0,374.2388
1783897980000,97.21,97.29,97.2,97.2,567.0,551.2687
1783898040000,97.2,97.3,97.2,97.29,510.0,496.0282
1783898100000,97.28,97.31,97.22,97.23,2808.0,2731.4273
1783898160000,97.23,97.27,97.18,97.18,989.0,961.5134
1783898220000,97.19,97.25,97.18,97.21,724.0,703.752
1783898280000,97.21,97.26,97.17,97.22,4041.0,3927.6174
1783898340000,97.22,97.22,97.16,97.18,1266.0,1230.3888
1783898400000,97.17,97.22,97.17,97.2,309.0,300.3494
1783898460000,97.18,97.25,97.16,97.25,566.0,550.1687
1783898520000,97.24,97.25,97.18,97.22,263.0,255.6846
1783898580000,97.22,97.26,97.22,97.26,317.0,308.2703
1783898640000,97.28,97.28,97.23,97.27,652.0,634.0546
1783898700000,97.27,97.27,97.22,97.25,504.0,490.1504
1783898760000,97.24,97.25,97.2,97.2,305.0,296.5087
1783898820000,97.2,97.28,97.2,97.27,502.0,488.0597
1783898880000,97.24,97.26,97.22,97.26,651.0,632.9737
1783898940000,97.27,97.27,97.23,97.26,667.0,648.6505
1783899000000,97.26,97.27,97.23,97.23,192.0,186.7082
1783899060000,97.26,97.27,97.18,97.19,1684.0,1637.1914
1783899120000,97.19,97.22,97.19,97.21,814.0,791.2173
1783899180000,97.15,97.16,97.04,97.13,676.0,656.3257
1783899240000,97.14,97.27,97.12,97.26,1739.0,1690.4561
1783899300000,97.28,97.28,97.08,97.08,671.0,651.9936
1783899360000,97.09,97.14,97.09,97.13,283.0,274.8085
1783899420000,97.12,97.12,97.01,97.04,492.0,477.6155
1783899480000,97.04,97.09,97.01,97.01,405.0,393.0882
1783899540000,97.03,97.04,97.02,97.04,249.0,241.5886
1783899600000,97.06,97.11,97.0,97.11,1225.0,1188.7234
1783899660000,97.13,97.14,97.09,97.09,313.0,303.9471
1783899720000,97.09,97.18,97.09,97.17,210.0,204.0075
1783899780000,97.15,97.18,97.12,97.18,761.0,739.2611
1783899840000,97.18,97.2,97.14,97.18,508.0,493.6571
1783899900000,97.14,97.16,97.1,97.14,578.0,561.4222
1783899960000,97.14,97.14,96.94,96.98,13278.0,12879.7381
1783900020000,96.97,97.0,96.94,97.0,305.0,295.7856
1783900080000,97.0,97.02,96.94,97.02,728.0,705.9875
1783900140000,97.04,97.08,97.03,97.06,336.0,326.1023
1783900200000,97.06,97.18,97.05,97.18,1232.0,1196.4302
1783900260000,97.19,97.21,97.11,97.2,6705.0,6515.3933
1783900320000,97.2,97.29,97.14,97.14,978.0,950.9116
1783900380000,97.14,97.15,97.09,97.09,448.0,435.1345
1783900440000,97.09,97.09,97.07,97.09,598.0,580.5348
1783900500000,97.09,97.11,97.01,97.03,567.0,550.2597
1783900560000,97.03,97.05,97.02,97.03,256.0,248.403
1783900620000,97.06,97.09,97.05,97.09,568.0,551.369
1783900680000,97.07,97.08,97.03,97.03,208.0,201.8572
1783900740000,97.0,97.01,96.87,96.87,1624.0,1573.9688
1783900800000,96.88,96.92,96.67,96.68,3178.0,3075.7529
1783900860000,96.69,96.76,96.66,96.68,2751.0,2659.9181
1783900920000,96.69,96.85,96.61,96.82,2702.0,2612.3406
1783900980000,96.81,96.97,96.79,96.9,7322.0,7094.8614
1783901040000,96.9,96.91,96.82,96.87,1661.0,1608.9355
1783901100000,96.87,97.18,96.83,97.04,4893.0,4749.3693
1783901160000,97.1,97.1,96.83,97.02,3442.0,3338.0268
1783901220000,96.98,97.03,96.81,96.83,2020.0,1958.3422
1783901280000,96.83,96.87,96.76,96.76,1743.0,1687.4133
1783901340000,96.78,97.11,96.78,97.08,1699.0,1647.4308
1783901400000,97.09,97.67,97.02,97.59,10769.0,10500.8737
1783901460000,97.64,97.84,97.28,97.34,8875.0,8669.0605
1783901520000,97.42,97.75,97.42,97.6,2389.0,2332.3472
1783901580000,97.58,97.76,97.54,97.76,1286.0,1255.2225
1783901640000,97.76,97.79,97.67,97.78,2166.0,2116.4137
1783901700000,97.81,97.88,97.68,97.73,1972.0,1927.7439
1783901760000,97.74,97.74,97.6,97.64,985.0,962.0385
1783901820000,97.64,97.67,97.55,97.55,804.0,784.7489
1783901880000,97.53,97.6,97.49,97.5,991.0,966.6272
1783901940000,97.49,97.57,97.45,97.55,906.0,883.3587
1783902000000,97.63,97.68,97.57,97.57,781.0,762.54
1783902060000,97.54,97.54,97.36,97.44,521.0,507.6693
1783902120000,97.44,97.56,97.35,97.56,12552.0,12230.0549
1783902180000,97.56,97.61,97.5,97.57,800.0,780.3732
1783902240000,97.54,97.54,97.48,97.48,1310.0,1277.4155
1783902300000,97.47,97.51,97.39,97.51,1683.0,1639.9769
1783902360000,97.5,97.61,97.43,97.54,751.0,732.2894
1783902420000,97.53,97.56,97.48,97.49,908.0,885.565
1783902480000,97.49,97.6,97.49,97.51,910.0,887.6978
1783902540000,97.54,97.54,97.44,97.45,1089.0,1061.6281
1783902600000,97.44,97.53,97.44,97.49,541.0,527.3991
1783902660000,97.43,97.43,97.33,97.37,604.0,588.1546
1783902720000,97.39,97.39,97.24,97.33,630.0,613.051
1783902780000,97.35,97.35,97.13,97.29,3733.0,3626.6462
1783902840000,97.3,97.3,97.01,97.01,447.0,434.4189
1783902900000,97.06,97.19,97.06,97.12,850.0,825.5926
1783902960000,97.14,97.22,97.14,97.18,658.0,639.3832
1783903020000,97.18,97.22,97.03,97.03,698.0,678.0552
1783903080000,97.0,97.02,96.89,97.02,2039.0,1976.737
1783903140000,97.02,97.02,96.68,96.71,3010.0,2912.7378
1783903200000,96.77,96.83,96.47,96.59,5292.0,5112.5402
1783903260000,96.59,96.59,96.29,96.59,8023.0,7735.2748
1783903320000,96.63,96.65,96.53,96.61,834.0,805.6077
1783903380000,96.63,96.74,96.62,96.64,2413.0,2333.2896
1783903440000,96.64,96.76,96.6,96.69,14002.0,13539.2395
1783903500000,96.68,96.92,96.68,96.92,3072.0,2972.8259
1783903560000,96.93,97.05,96.88,96.98,1087.0,1053.9176
1783903620000,96.96,96.96,96.87,96.87,636.0,616.373
1783903680000,96.87,96.92,96.81,96.84,642.0,621.7258
1783903740000,96.89,96.89,96.75,96.75,433.0,419.2704
1783903800000,96.73,96.85,96.7,96.84,954.0,923.5681
1783903860000,96.87,96.88,96.8,96.81,644.0,623.5814
1783903920000,96.84,96.89,96.64,96.71,665.0,643.1576
1783903980000,96.69,96.73,96.65,96.7,328.0,317.1397
1783904040000,96.69,96.86,96.68,96.86,733.0,709.3254
1783904100000,96.82,97.02,96.77,96.97,2588.0,2507.9374
1783904160000,97.0,97.07,96.93,96.96,1018.0,987.5348
1783904220000,96.94,96.97,96.86,96.89,898.0,870.2333
1783904280000,96.88,96.9,96.85,96.89,776.0
1783904340000,96.86,96.91,96.84,96.84,731.0
1783904400000,96.83,96.83,96.65,96.68,901.0
1783904460000,96.71,96.81,96.57,96.6,2357.0
1783904520000,96.61,96.86,96.61,96.86,758.0
1783904580000,96.84,97.04,96.83,96.99,5978.0
1783904640000,96.94,96.94,96.78,96.83,899.0
1783904700000,96.81,96.83,96.78,96.8,768.0
1783904760000,96.79,96.8,96.75,96.78,916.0
1783904820000,96.77,96.81,96.71,96.81,807.0
1783904880000,96.83,96.93,96.78,96.93,1654.0
1783904940000,96.91,96.91,96.49,96.49,848.0
1783905000000,96.47,96.54,96.34,96.51,1661.0
1783905060000,96.49,96.62,96.49,96.62,1834.0
1783905120000,96.61,96.75,96.58,96.72,853.0
1783905180000,96.72,96.73,96.66,96.73,1199.0
1783905240000,96.77,96.82,96.68,96.68,533.0
1783905300000,96.73,96.98,96.7,96.98,526.0
1783905360000,96.96,97.03,96.84,96.85,1129.0
1783905420000,96.83,96.83,96.55,96.55,950.0
1783905480000,96.53,96.59,96.42,96.47,958.0
1783905540000,96.44,96.51,96.39,96.49,815.0
1783905600000,96.47,96.59,96.47,96.49,694.0
1783905660000,96.48,96.66,96.48,96.57,717.0
1783905720000,96.55,96.72,96.55,96.66,660.0
1783905780000,96.65,96.7,96.6,96.64,910.0
1783905840000,96.63,96.64,96.45,96.45,687.0
1783905900000,96.47,96.55,96.43,96.46,606.0
1783905960000,96.5,96.5,96.39,96.39,1026.0
1783906020000,96.38,96.46,96.38,96.41,509.0
1783906080000,96.37,96.52,96.36,96.46,6107.0
1783906140000,96.46,96.51,96.45,96.5,672.0
1783906200000,96.45,96.46,96.38,96.41,693.0
1783906260000,96.4,96.49,96.34,96.36,1985.0
1783906320000,96.35,96.52,96.35,96.49,724.0
1783906380000,96.53,96.55,96.27,96.31,764.0
1783906440000,96.35,96.52,96.33,96.5,890.0
1783906500000,96.53,96.65,96.44,96.64,613.0
1783906560000,96.64,96.7,96.6,96.7,553.0
1783906620000,96.69,96.81,96.68,96.76,1471.0
1783906680000,96.76,96.89,96.76,96.89,821.0
1783906740000,96.88,96.92,96.88,96.92,693.0
1783906800000,96.89,96.92,96.82,96.91,618.0
1783906860000,96.91,96.95,96.88,96.95,602.0
1783906920000,96.95,96.96,96.79,96.85,864.0
1783906980000,96.87,96.91,96.82,96.83,1030.0
1783907040000,96.84,96.89,96.82,96.86,931.0
1783907100000,96.88,96.89,96.83,96.89,732.0
1783907160000,96.88,96.9,96.58,96.66,738.0
1783907220000,96.72,96.72,96.62,96.69,525.0
1783907280000,96.66,96.72,96.55,96.55,571.0
1783907340000,96.54,96.66,96.54,96.55,605.0
1783907400000,96.53,96.63,96.53,96.63,1157.0
1783907460000,96.64,96.66,96.57,96.57,487.0
1783907520000,96.61,96.63,96.54,96.54,1178.0
1783907580000,96.53,96.53,96.46,96.49,608.0
1783907640000,96.53,96.54,96.46,96.48,665.0
1783907700000,96.46,96.46,96.2,96.21,771.0
1783922280000,94.56,94.58,94.53,94.53,556.0,525.7423
1783922340000,94.55,94.63,94.54,94.63,1106.0,1045.9272
1783922400000,94.64,94.69,94.6,94.65,1998.0,1891.3096
1783922460000,94.59,94.62,94.48,94.58,1187.0,1122.3442
1783922520000,94.63,94.63,94.56,94.61,1417.0,1340.3044
1783922580000,94.61,94.61,94.55,94.57,749.0,708.3969
1783922640000,94.54,94.63,94.5,94.63,537.0,507.7747
1783922700000,94.67,94.67,94.58,94.58,1019.0,964.2087
1783922760000,94.58,94.6,94.54,94.54,782.0,739.5681
1783922820000,94.55,94.61,94.55,94.57,430.0,406.6757
1783922880000,94.56,94.56,94.51,94.53,553.0,522.7642
1783922940000,94.52,94.55,94.51,94.53,661.0,624.8958
1783923000000,94.53,94.54,94.45,94.47,857.0,809.7747
1783923060000,94.46,94.49,94.45,94.47,1078.0,1018.3243
1783923120000,94.47,94.48,94.33,94.41,759.0,716.7328
1783923180000,94.38,94.43,94.37,94.37,661.0,623.9695
1783923240000,94.35,94.39,94.35,94.35,732.0,690.8328
1783923300000,94.36,94.41,94.35,94.39,638.0,602.1861
1783923360000,94.36,94.36,94.26,94.28,475.0,447.8958
1783923420000,94.26,94.26,94.15,94.15,1638.0,1543.7778
1783923480000,94.15,94.24,94.15,94.24,709.0,667.8165
1783923540000,94.23,94.24,94.17,94.22,878.0,827.1537
1783923600000,94.2,94.23,94.14,94.19,610.0,574.5915
1783923660000,94.17,94.27,94.17,94.19,840.0,791.3181
1783923720000,94.22,94.27,94.21,94.25,545.0,513.5733
1783923780000,94.27,94.33,94.27,94.31,406.0,382.843
1783923840000,94.27,94.41,94.27,94.39,790.0,745.3244
1783923900000,94.4,94.51,94.36,94.51,746.0,704.375
1783923960000,94.51,94.58,94.47,94.58,956.0,903.754
1783924020000,94.58,94.58,94.41,94.43,1646.0,1556.0805
1783924080000,94.44,94.52,94.44,94.51,616.0,582.0204
1783924140000,94.51,94.58,94.49,94.57,594.0,561.5272
1783924200000,94.58,94.58,94.36,94.42,13802.0,13034.7867
1783924260000,94.43,94.44,94.4,94.42,881.0,831.7958
1783924320000,94.42,94.42,94.27,94.31,884.0,834.005
1783924380000,94.3,94.34,94.22,94.25,1469.0,1384.8559
1783924440000,94.24,94.24,94.17,94.21,665.0,626.4036
1783924500000,94.18,94.2,94.14,94.15,3907.0,3679.1614
1783924560000,94.13,94.21,94.13,94.16,1302.0,1226.1378
1783924620000,94.16,94.18,94.14,94.14,1265.0,1191.0953
1783924680000,94.16,94.21,94.13,94.2,899.0,846.7393
1783924740000,94.2,94.22,94.2,94.22,539.0,507.7851
1783924800000,94.22,94.22,94.22,94.22,161.0,151.6942
1783924860000,94.21,94.28,94.17,94.17,767.0,722.6277
1783924920000,94.17,94.28,94.17,94.28,428.0,403.2848
1783924980000,94.28,94.32,94.25,94.31,331.0,312.0657
1783925040000,94.3,94.32,94.27,94.3,649.0,612.0043
1783925100000,94.3,94.3,94.14,94.16,956.0,900.5983
1783925160000,94.15,94.19,94.13,94.19,1467.0,1381.3359
1783925220000,94.21,94.3,94.17,94.29,703.0,662.581
1783925280000,94.3,94.31,94.22,94.24,805.0,758.8539
1783925340000,94.24,94.24,94.16,94.17,780.0,734.7608
1783925400000,94.17,94.29,94.17,94.26,732.0,689.9221
1783925460000,94.25,94.29,94.25,94.25,639.0,602.3738
1783925520000,94.25,94.25,94.21,94.22,799.0,752.9461
1783925580000,94.25,94.25,94.14,94.14,656.0,617.8616
1783925640000,94.14,94.2,94.14,94.2,802.0,755.2818
1783925700000,94.19,94.19,94.16,94.17,578.0,544.3301
1783925760000,94.16,94.2,94.14,94.19,629.0,592.3403
1783925820000,94.18,94.2,94.15,94.15,321.0,302.2552
1783925880000,94.16,94.19,94.14,94.18,825.0,776.8732
1783925940000,94.17,94.18,94.15,94.18,456.0,429.4029
1783926000000,94.2,94.21,94.12,94.13,371.0,349.3029
1783926060000,94.12,94.14,94.09,94.11,735.0,691.7292
1783926120000,94.11,94.18,94.11,94.15,977.0,919.8469
1783926180000,94.15,94.21,94.1,94.21,853.0,803.1992
1783926240000,94.21,94.23,94.19,94.19,474.0,446.5407
1783926300000,94.17,94.21,94.16,94.19,796.0,749.6355
1783926360000,94.23,94.25,94.23,94.25,361.0,340.2389
1783926420000,94.25,94.28,94.23,94.23,209.0,196.9756
1783926480000,94.23,94.23,94.22,94.22,386.0,363.7197
1783926540000,94.23,94.3,94.23,94.29,687.0,647.7404
1783926600000,94.31,94.33,94.28,94.33,586.0,552.592
1783926660000,94.33,94.44,94.31,94.35,10239.0,9665.7732
1783926720000,94.35,94.53,94.35,94.53,1903.0,1798.0102
1783926780000,94.49,94.57,94.49,94.53,788.0,744.9752
1783926840000,94.5,94.55,94.48,94.48,1433.0,1354.5939
1783926900000,94.45,94.52,94.44,94.52,276.0,260.7838
1783926960000,94.52,94.57,94.52,94.54,837.0,791.3383
1783927020000,94.54,94.54,94.44,94.45,1711.0,1616.9024
1783927080000,94.47,94.47,94.35,94.38,528.0,498.3347
1783927140000,94.38,94.38,94.36,94.37,635.0,599.2515
1783927200000,94.35,94.36,94.34,94.35,456.0,430.2471
1783927260000,94.38,94.46,94.37,94.45,545.0,514.616
1783927320000,94.44,94.48,94.39,94.48,571.0,539.1776
1783927380000,94.49,94.69,94.49,94.67,705.0,666.7207
1783927440000,94.66,94.68,94.64,94.68,529.0,500.7206
1783927500000,94.69,94.69,94.58,94.61,3402.0,3218.8479
1783927560000,94.6,94.8,94.58,94.66,11107.0,10522.1602
1783927620000,94.65,94.66,94.63,94.66,102.0,96.5367
1783927680000,94.65,94.74,94.64,94.74,1539.0,1457.3172
1783927740000,94.72,94.72,94.64,94.64,1748.0,1654.9876
1783927800000,94.63,95.05,94.55,94.84,7951.0,7544.4139
1783927860000,94.84,94.84,94.64,94.64,5132.0,4860.6918
1783927920000,94.67,94.67,94.64,94.64,817.0,773.3341
1783927980000,94.64,94.66,94.58,94.66,1013.0,958.499
1783928040000,94.68,94.73,94.66,94.67,930.0,880.4971
1783928100000,94.67,94.72,94.67,94.67,1696.0,1605.8412
1783928160000,94.68,94.8,94.68,94.79,879.0,833.1005
1783928220000,94.79,94.79,94.76,94.76,1163.0,1102.2801
1783928280000,94.75,94.81,94.75,94.81,995.0,942.9152
1783928340000,94.8,94.87,94.8,94.86,1009.0,956.9101
1783928400000,94.86,94.87,94.78,94.8,687.0,651.3873
1783928460000,94.8,94.8,94.67,94.67,527.0,499.1779
1783928520000,94.63,94.67,94.59,94.66,335.0,316.9974
1783928580000,94.65,94.66,94.64,94.65,379.0,358.7223
1783928640000,94.66,94.66,94.54,94.55,493.0,466.3051
1783928700000,94.54,94.62,94.54,94.62,374.0,353.678
1783928760000,94.61,94.61,94.54,94.54,331.0,313.118
1783928820000,94.57,94.62,94.57,94.62,497.0,470.1752
1783928880000,94.62,94.63,94.59,94.59,465.0,439.8914
1783928940000,94.57,94.67,94.55,94.56,1627.0,1539.0288
1783929000000,94.57,94.58,94.55,94.56,391.0,369.7759
1783929060000,94.55,94.62,94.55,94.62,259.0,244.9688
1783929120000,94.61,94.61,94.54,94.54,910.0,860.4448
1783929180000,94.53,94.58,94.53,94.58,172.0,162.632
1783929240000,94.58,94.6,94.56,94.58,342.0,323.4413
1783929300000,94.57,94.62,94.56,94.61,462.0,437.0466
1783929360000,94.61,94.75,94.6,94.74,670.0,634.3562
1783929420000,94.75,94.83,94.75,94.83,256.0,242.6646
1783929480000,94.83,94.92,94.83,94.92,279.0,264.7202
1783929540000,94.92,95.31,94.91,95.22,8039.0,7647.9336
1783929600000,95.24,95.24,95.05,95.12,1717.0,1633.1635
1783929660000,95.09,95.32,95.07,95.32,3215.0,3060.6827
1783929720000,95.3,95.31,95.14,95.18,1544.0,1470.1981
1783929780000,95.17,95.25,95.13,95.24,816.0,776.7415
1783929840000,95.25,95.47,95.24,95.47,12176.0,11617.309
1783929900000,95.43,95.45,95.33,95.45,1084.0,1033.79
1783929960000,95.43,95.58,95.39,95.5,16736.0,15991.9872
1783930020000,95.48,95.49,95.45,95.46,760.0,725.5771
1783930080000,95.45,95.5,95.42,95.43,1460.0,1393.7938
1783930140000,95.37,95.39,95.28,95.34,933.0,889.553
1783930200000,95.34,95.51,95.3,95.38,22842.0,21812.5372
1783930260000,95.37,95.37,95.27,95.34,1779.0,1695.6406
1783930320000,95.33,95.45,95.33,95.37,2794.0,2664.9771
1783930380000,95.35,95.43,95.28,95.28,6705.0,6393.5265
1783930440000,95.28,95.83,95.27,95.83,20703.0,19790.5641
1783930500000,95.83,95.9,95.77,95.79,2082.0,1995.5902
1783930560000,95.79,95.82,95.72,95.72,1240.0,1187.6304
1783930620000,95.67,95.67,95.6,95.63,954.0,912.4247
1783930680000,95.6,95.63,95.54,95.55,902.0,862.2685
1783930740000,95.53,95.57,95.48,95.51,2758.0,2635.0496
1783930800000,95.47,95.55,95.47,95.48,773.0,738.2426
1783930860000,95.47,95.49,95.44,95.46,739.0,705.504
1783930920000,95.44,95.46,95.42,95.46,577.0,550.6976
1783930980000,95.46,95.6,95.43,95.52,3988.0,3808.6653
1783931040000,95.52,95.52,95.48,95.48,833.0,795.5483
1783931100000,95.47,95.49,95.44,95.49,675.0,644.344
1783931160000,95.48,95.49,95.28,95.35,4699.0,4480.4405
1783931220000,95.33,95.45,95.33,95.43,1432.0,1365.8387
1783931280000,95.4,95.51,95.37,95.51,722.0,689.0921
1783931340000,95.5,95.53,95.47,95.5,3452.0,3296.425
1783931400000,95.5,95.5,95.45,95.45,582.0,555.7249
1783931460000,95.44,95.44,95.27,95.28,2265.0,2159.0977
1783931520000,95.28,95.47,95.28,95.45,2957.0,2820.1156
1783931580000,95.45,95.45,95.4,95.44,549.0,523.9229
1783931640000,95.38,95.38,95.28,95.3,1411.0,1345.4114
1783931700000,95.27,95.29,95.19,95.24,2128.0,2027.2861
1783931760000,95.23,95.26,95.22,95.26,599.0,570.4815
1783931820000,95.25,95.26,95.15,95.17,848.0,807.3717
1783931880000,95.15,95.24,95.15,95.23,2903.0,2763.6169
1783931940000,95.24,95.42,95.23,95.4,756.0,720.6685
1783932000000,95.38,95.42,95.36,95.41,469.0,447.352
1783932060000,95.41,95.41,95.33,95.33,2674.0,2550.916
1783932120000,95.33,95.43,95.32,95.41,1629.0,1554.0769
1783932180000,95.41,95.52,95.41,95.52,1508.0,1440.2315
1783932240000,95.5,95.52,95.49,95.52,3245.0,3098.9891
1783932300000,95.52,95.54,95.45,95.54,1264.0,1206.8047
1783932360000,95.56,95.66,95.51,95.66,534.0,510.4865
1783932420000,95.66,95.71,95.63,95.68,3144.0,3008.3045
1783932480000,95.64,95.76,95.63,95.75,436.0,417.2569
1783932540000,95.76,95.76,95.7,95.74,1772.0,1696.3348
1783932600000,95.71,95.71,95.63,95.66,790.0,755.8918
1783932660000,95.64,95.66,95.59,95.59,1550.0,1482.5299
1783932720000,95.58,95.65,95.57,95.65,834.0,797.4042
1783932780000,95.64,95.69,95.61,95.65,544.0,520.3795
1783932840000,95.59,95.6,95.54,95.59,1937.0,1851.0301
1783932900000,95.57,95.58,95.48,95.52,735.0,702.0047
1783932960000,95.52,95.6,95.52,95.58,485.0,463.5167
1783933020000,95.58,95.64,95.55,95.55,1619.0,1547.9001
1783933080000,95.53,95.53,95.48,95.49,1595.0,1523.0254
1783933140000,95.48,95.57,95.48,95.57,301.0,287.5454
1783933200000,95.58,95.58,95.49,95.5,496.0,473.8137
1783933260000,95.49,95.6,95.49,95.6,840.0,802.6199
1783933320000,95.59,95.59,95.48,95.55,900.0,860.0081
1783933380000,95.54,95.55,95.46,95.53,801.0,764.8627
1783933440000,95.53,95.53,95.5,95.52,578.0,552.0425
1783933500000,95.49,95.52,95.49,95.52,202.0,192.9324
1783933560000,95.51,95.54,95.49,95.5,575.0,549.2303
1783933620000,95.5,95.5,95.44,95.45,388.0,370.3871
1783933680000,95.45,95.47,95.44,95.44,622.0,593.7214
1783933740000,95.47,95.54,95.47,95.54,621.0,593.2183
1783933800000,95.53,95.54,95.43,95.45,971.0,927.2617
1783933860000,95.45,95.56,95.45,95.5,623.0,595.0139
1783933920000,95.5,95.52,95.47,95.51,592.0,565.3565
1783933980000,95.51,95.52,95.49,95.5,513.0,489.9289
1783934040000,95.49,95.5,95.48,95.5,222.0,211.9899
1783934100000,95.5,95.5,95.43,95.46,599.0,571.82
1783934160000,95.46,95.46,95.44,95.46,273.0,260.5903
1783934220000,95.45,95.57,95.45,95.56,527.0,503.3657
1783934280000,95.56,95.62,95.53,95.58,698.0
1783934340000,95.57,95.58,95.53,95.54,384.0
1783934400000,95.52,95.52,95.43,95.44,588.0
1783934460000,95.45,95.46,95.39,95.44,791.0
1783934520000,95.46,95.5,95.46,95.5,698.0
1783934580000,95.5,95.5,95.47,95.5,615.0
1783934640000,95.5,95.51,95.49,95.51,488.0
1783934700000,95.5,95.5,95.49,95.5,225.0
1783934760000,95.5,95.5,95.48,95.48,346.0
1783934820000,95.48,95.5,95.48,95.49,624.0
1783934880000,95.49,95.49,95.45,95.46,498.0
1783934940000,95.45,95.5,95.44,95.5,434.0
1783935000000,95.47,95.47,95.42,95.43,397.0
1783935060000,95.44,95.44,95.38,95.38,428.0
1783935120000,95.37,95.44,95.37,95.44,441.0
1783935180000,95.43,95.44,95.39,95.39,701.0
1783935240000,95.37,95.38,95.34,95.37,601.0
1783935300000,95.38,95.38,95.37,95.38,650.0
1783935360000,95.36,95.51,95.36,95.5,774.0
1783935420000,95.49,95.56,95.49,95.56,658.0
1783935480000,95.57,95.57,95.54,95.55,985.0
1783935540000,95.55,95.55,95.46,95.46,258.0
1783935600000,95.45,95.47,95.43,95.47,559.0
1783935660000,95.45,95.46,95.42,95.43,565.0
1783935720000,95.42,95.42,95.39,95.42,348.0
1783935780000,95.42,95.46,95.41,95.44,390.0
1783935840000,95.46,95.48,95.45,95.46,808.0
1783935900000,95.47,95.47,95.39,95.39,306.0
1783935960000,95.38,95.39,95.36,95.37,375.0
1783936020000,95.37,95.4,95.35,95.36,730.0
1783936080000,95.4,95.47,95.37,95.47,797.0
1783936140000,95.47,95.47,95.43,95.45,327.0
1783936200000,95.44,95.45,95.34,95.35,621.0
1783936260000,95.36,95.36,95.34,95.36,527.0
1783936320000,95.35,95.35,95.33,95.33,475.0
1783936380000,95.35,95.36,95.33,95.34,1043.0
1783936440000,95.34,95.37,95.34,95.37,483.0
1783936500000,95.37,95.37,95.32,95.35,1426.0
1783936560000,95.35,95.35,95.29,95.32,336.0
1783936620000,95.29,95.3,95.28,95.28,323.0
1783936680000,95.28,95.28,95.24,95.26,584.0
1783936740000,95.26,95.26,95.23,95.23,764.0
1783936800000,95.24,95.28,95.23,95.27,830.0
1783936860000,95.29,95.31,95.26,95.26,380.0
1783936920000,95.23,95.27,95.22,95.25,479.0
1783936980000,95.25,95.28,95.25,95.28,659.0
1783937040000,95.28,95.4,95.27,95.4,652.0
1783937100000,95.42,95.55,95.42,95.55,203.0
1783937160000,95.56,95.66,95.56,95.65,1039.0
1783937220000,95.65,95.65,95.58,95.6,1163.0
1783937280000,95.6,95.65,95.58,95.65,816.0
1783937340000,95.63,95.79,95.63,95.79,764.0
1783937400000,95.78,95.79,95.77,95.78,779.0
1783937460000,95.79,95.86,95.79,95.86,843.0
1783937520000,95.86,95.97,95.86,95.97,1000.0
1783937580000,95.98,95.98,95.89,95.96,887.0
1783937640000,95.92,95.98,95.84,95.97,13087.0
1783937700000,95.97,95.98,95.93,95.98,2531.0
1783952280000,95.23,95.35,95.13,95.35,1851.0,1762.3908
1783952340000,95.34,95.62,95.33,95.61,1068.0,1019.9411
1783952400000,95.64,95.78,95.47,95.48,2097.0,2006.8808
1783952460000,95.5,95.57,95.39,95.48,2405.0,2297.3453
1783952520000,95.47,95.47,95.26,95.26,1092.0,1041.6252
1783952580000,95.24,95.39,95.17,95.37,7713.0,7347.3396
1783952640000,95.38,95.47,95.26,95.41,1397.0,1332.2773
1783952700000,95.39,95.62,95.39,95.52,906.0,865.6432
1783952760000,95.52,95.65,95.45,95.49,10064.0,9618.6806
1783952820000,95.5,95.52,95.27,95.35,4764.0,4541.7603
1783952880000,95.35,95.44,95.31,95.44,832.0,793.5745
1783952940000,95.45,95.46,95.37,95.44,964.0,919.841
1783953000000,95.46,95.53,95.44,95.44,505.0,482.1648
1783953060000,95.42,95.5,95.38,95.5,768.0,732.8137
1783953120000,95.52,95.65,95.52,95.64,641.0,612.7171
1783953180000,95.65,95.68,95.57,95.58,944.0,902.6032
1783953240000,95.54,95.55,95.44,95.47,2387.0,2278.5032
1783953300000,95.44,95.46,95.23,95.27,981.0,935.1782
1783953360000,95.29,95.3,95.11,95.24,3500.0,3331.2939
1783953420000,95.29,95.29,95.17,95.22,834.0,794.2157
1783953480000,95.23,95.47,95.23,95.38,631.0,601.7222
1783953540000,95.39,95.54,95.38,95.52,973.0,929.0697
1783953600000,95.53,95.55,95.39,95.41,639.0,610.189
1783953660000,95.43,95.49,95.28,95.32,1943.0,1853.0574
1783953720000,95.37,95.47,95.3,95.46,906.0,864.0484
1783953780000,95.44,95.44,95.3,95.4,1099.0,1048.0254
1783953840000,95.38,95.41,95.35,95.36,982.0,936.6704
1783953900000,95.36,95.41,95.29,95.41,2320.0,2211.4488
1783953960000,95.42,95.46,95.34,95.44,2959.0,2823.1782
1783954020000,95.41,95.56,95.41,95.55,573.0,547.1028
1783954080000,95.54,95.67,95.54,95.58,2959.0,2829.0892
1783954140000,95.54,95.56,95.46,95.46,891.0,850.8645
1783954200000,95.46,95.54,95.44,95.47,706.0,674.016
1783954260000,95.47,95.48,95.31,95.33,1480.0,1412.1291
1783954320000,95.33,95.4,95.32,95.39,848.0,808.5884
1783954380000,95.41,95.45,95.39,95.42,893.0,852.1015
1783954440000,95.41,95.42,95.34,95.35,635.0,605.6502
1783954500000,95.35,95.79,95.35,95.64,19847.0,18975.1044
1783954560000,95.68,95.69,95.55,95.68,3102.0,2966.362
1783954620000,95.71,95.71,95.63,95.7,6016.0,5755.3509
1783954680000,95.7,95.74,95.66,95.74,2198.0,2103.2324
1783954740000,95.73,95.8,95.72,95.77,1302.0,1246.9819
1783954800000,95.73,95.77,95.69,95.74,546.0,522.6876
1783954860000,95.74,95.79,95.66,95.66,2102.0,2011.7375
1783954920000,95.63,95.66,95.59,95.62,625.0,597.5997
1783954980000,95.62,95.67,95.62,95.67,696.0,665.779
1783955040000,95.68,95.7,95.61,95.61,554.0,529.828
1783955100000,95.61,95.66,95.6,95.66,857.0,819.5088
1783955160000,95.66,95.78,95.66,95.67,745.0,713.1595
1783955220000,95.68,95.68,95.66,95.66,435.0,416.1911
1783955280000,95.65,95.7,95.57,95.57,1871.0,1788.9042
1783955340000,95.59,95.64,95.57,95.58,2107.0,2014.1621
1783955400000,95.58,95.67,95.58,95.67,722.0,690.4261
1783955460000,95.7,95.73,95.64,95.66,1003.0,959.7197
1783955520000,95.66,95.66,95.6,95.6,341.0,326.0996
1783955580000,95.6,95.6,95.55,95.59,771.0,736.8832
1783955640000,95.58,95.59,95.57,95.57,831.0,794.3182
1783955700000,95.57,95.61,95.57,95.61,348.0,332.63
1783955760000,95.64,95.72,95.62,95.72,554.0,530.0648
1783955820000,95.75,95.84,95.7,95.84,1883.0,1803.2741
1783955880000,95.84,95.95,95.84,95.88,1078.0,1033.7365
1783955940000,95.91,95.93,95.89,95.93,780.0,748.1123
1783956000000,95.92,95.97,95.81,95.82,4014.0,3849.7406
1783956060000,95.81,95.88,95.81,95.87,1165.0,1116.4029
1783956120000,95.87,95.89,95.8,95.89,777.0,744.6655
1783956180000,95.88,95.94,95.86,95.93,1248.0,1196.6518
1783956240000,95.91,96.03,95.9,96.02,1718.0,1648.2203
1783956300000,95.96,95.97,95.86,95.87,828.0,794.1982
1783956360000,95.85,95.86,95.83,95.84,666.0,638.2885
1783956420000,95.84,95.88,95.83,95.85,559.0,535.8228
1783956480000,95.85,95.95,95.85,95.9,622.0,596.5364
1783956540000,95.91,95.92,95.82,95.82,1740.0,1667.9889
1783956600000,95.82,95.84,95.68,95.8,11240.0,10759.6854
1783956660000,95.85,95.86,95.81,95.86,1030.0,987.1747
1783956720000,95.87,95.91,95.83,95.84,542.0,519.5958
1783956780000,95.83,95.88,95.81,95.82,619.0,593.2817
1783956840000,95.83,95.84,95.59,95.59,7501.0,7176.9804
1783956900000,95.59,95.69,95.53,95.55,4072.0,3893.6847
1783956960000,95.58,95.65,95.58,95.58,32190.0,30776.8041
1783957020000,95.58,95.7,95.58,95.63,1046.0,1000.5343
1783957080000,95.65,95.65,95.54,95.56,756.0,722.5925
1783957140000,95.57,95.59,95.51,95.59,4550.0,4346.3141
1783957200000,95.6,95.61,95.55,95.56,579.0,553.347
1783957260000,95.56,95.56,95.34,95.34,462.0,441.0107
1783957320000,95.34,95.34,95.15,95.21,978.0,931.6369
1783957380000,95.21,95.29,95.21,95.25,919.0,875.397
1783957440000,95.28,95.29,95.24,95.24,758.0,722.1845
1783957500000,95.24,95.32,95.19,95.32,780.0,742.9432
1783957560000,95.29,95.34,95.29,95.34,923.0,879.6653
1783957620000,95.35,95.4,95.35,95.4,639.0,609.4081
1783957680000,95.42,95.44,95.35,95.37,2147.0,2047.8816
1783957740000,95.36,95.43,95.36,95.43,1800.0,1716.9407
1783957800000,95.44,95.47,95.38,95.46,1678.0,1601.2986
1783957860000,95.43,95.43,95.12,95.12,3938.0,3752.6012
1783957920000,95.11,95.11,95.0,95.01,5009.0,4760.5543
1783957980000,95.01,95.04,94.77,94.87,9365.0,8879.1681
1783958040000,94.87,94.88,94.85,94.85,13100.0,12425.4641
1783958100000,94.85,94.85,94.73,94.73,24440.0,23180.6325
1783958160000,94.72,94.8,94.72,94.79,11574.0,10966.1112
1783958220000,94.79,95.08,94.58,95.04,15426.0,14611.6705
1783958280000,95.05,95.13,95.04,95.04,1144.0,1087.7681
1783958340000,95.04,95.05,94.92,94.93,664.0,630.7178
1783958400000,94.93,94.93,94.74,94.77,50426.0,47828.6344
1783958460000,94.79,94.81,94.75,94.75,940.0,890.9622
1783958520000,94.75,94.82,94.75,94.81,2336.0,2214.3419
1783958580000,94.8,94.83,94.76,94.79,789.0,747.9687
1783958640000,94.78,94.81,94.71,94.71,885.0,838.7204
1783958700000,94.7,94.94,94.7,94.89,606.0,575.0921
1783958760000,94.95,95.05,94.95,95.04,3938.0,3741.411
1783958820000,95.07,95.08,94.96,95.08,1671.0,1587.6396
1783958880000,95.12,95.29,95.12,95.29,605.0,576.0658
1783958940000,95.3,95.33,95.26,95.27,699.0,666.1187
1783959000000,95.27,95.38,95.27,95.37,1286.0,1226.3512
1783959060000,95.38,95.41,95.36,95.37,24888.0,23738.2484
1783959120000,95.37,95.37,95.32,95.33,4679.0,4461.2268
1783959180000,95.35,95.38,95.26,95.28,16182.0,15429.6206
1783959240000,95.28,95.37,95.24,95.37,10276.0,9788.5821
1783959300000,95.33,95.34,95.24,95.24,623.0,593.6466
1783959360000,95.24,95.33,95.23,95.33,960.0,914.6448
1783959420000,95.33,95.34,95.24,95.26,897.0,854.6558
1783959480000,95.27,95.3,95.18,95.3,1777.0,1691.8982
1783959540000,95.3,95.31,95.25,95.26,64189.0,61153.8606
1783959600000,95.26,95.26,95.02,95.14,6727.0,6400.7593
1783959660000,95.18,95.19,95.05,95.08,5331.0,5072.3678
1783959720000,95.08,95.11,94.97,95.04,1083.0,1029.2703
1783959780000,95.06,95.12,95.04,95.11,1111.0,1056.5559
1783959840000,95.1,95.18,94.99,95.15,1188.0,1129.7031
1783959900000,95.18,95.18,95.11,95.14,665.0,632.7068
1783959960000,95.15,95.2,95.1,95.2,665.0,632.7444
1783960020000,95.2,95.22,95.14,95.15,5411.0,5150.221
1783960080000,95.18,95.2,95.15,95.19,1836.0,1747.5082
1783960140000,95.22,95.22,95.13,95.21,5864.0,5582.6317
1783960200000,95.2,95.23,95.13,95.17,1015.0,965.9609
1783960260000,95.17,95.17,94.94,95.05,7000.0,6657.0188
1783960320000,95.04,95.14,95.03,95.13,897.0,853.0303
1783960380000,95.14,95.17,95.12,95.12,964.0,917.2494
1783960440000,95.13,95.17,95.11,95.13,819.0,779.1135
1783960500000,95.12,95.2,94.93,94.96,4651.0,4426.0103
1783960560000,94.95,95.02,94.94,94.97,1196.0,1135.9441
1783960620000,94.96,95.01,94.93,94.94,872.0,828.0444
1783960680000,94.92,95.0,94.92,94.95,707.0,671.4626
1783960740000,94.95,95.15,94.95,95.14,1175.0,1117.0407
1783960800000,95.16,95.27,94.81,94.88,14853.0,14119.25
1783960860000,94.88,95.11,94.81,95.1,938.0,891.0833
1783960920000,95.1,95.18,95.1,95.18,801.0,762.1828
1783960980000,95.18,95.22,95.15,95.22,611.0,581.5795
1783961040000,95.23,95.26,95.22,95.25,736.0,700.9355
1783961100000,95.26,95.29,95.24,95.24,5041.0,4802.4857
1783961160000,95.24,95.32,95.23,95.31,1066.0,1015.6585
1783961220000,95.32,95.36,95.17,95.25,4454.0,4244.0335
1783961280000,95.24,95.24,95.12,95.12,659.0,627.0996
1783961340000,95.12,95.2,95.11,95.15,1578.0,1501.4352
1783961400000,95.16,95.17,95.05,95.1,1925.0,1830.416
1783961460000,95.11,95.18,95.11,95.13,790.0,751.5642
1783961520000,95.17,95.21,95.16,95.21,1006.0,957.4261
1783961580000,95.19,95.22,95.03,95.21,6517.0,6201.9175
1783961640000,95.2,95.23,95.14,95.14,7043.0,6703.4359
1783961700000,95.14,95.15,95.08,95.15,495.0,470.9361
1783961760000,95.14,95.15,95.1,95.13,1876.0,1784.4892
1783961820000,95.14,95.15,95.1,95.15,570.0,542.2122
1783961880000,95.16,95.16,95.06,95.16,5807.0,5522.2787
1783961940000,95.12,95.14,95.12,95.14,365.0,347.2369
1783962000000,95.15,95.15,94.69,94.76,4483.0,4253.6601
1783962060000,94.75,94.88,94.64,94.82,2512.0,2379.1994
1783962120000,94.83,94.86,94.72,94.72,3291.0,3119.7128
1783962180000,94.67,94.7,94.54,94.68,3795.0,3591.0181
1783962240000,94.68,94.75,94.46,94.46,12707.0,12009.9025
1783962300000,94.46,94.5,94.29,94.5,1235.0,1165.7261
1783962360000,94.49,94.6,94.44,94.58,2557.0,2416.4274
1783962420000,94.6,94.71,94.6,94.67,1011.0,957.1912
1783962480000,94.69,94.75,94.66,94.71,1772.0,1678.1836
1783962540000,94.7,94.7,94.63,94.63,3354.0,3174.307
1783962600000,94.63,94.78,94.63,94.65,2658.0,2517.6513
1783962660000,94.65,94.75,94.64,94.75,857.0,811.2677
1783962720000,94.78,94.79,94.65,94.68,666.0,630.6639
1783962780000,94.68,94.72,94.66,94.67,6049.0,5728.3652
1783962840000,94.65,94.67,94.55,94.62,2266.0,2143.3609
1783962900000,94.64,94.64,94.57,94.59,751.0,710.555
1783962960000,94.59,94.63,94.58,94.61,770.0,728.4381
1783963020000,94.64,94.64,94.5,94.62,484.0,457.7351
1783963080000,94.6,94.64,94.6,94.64,241.0,228.0047
1783963140000,94.65,94.66,94.6,94.61,773.0,731.5138
1783963200000,94.6,94.6,94.45,94.49,356.0,336.4877
1783963260000,94.46,94.46,94.34,94.36,647.0,610.6405
1783963320000,94.33,94.38,94.31,94.34,1311.0,1236.8014
1783963380000,94.34,94.34,94.21,94.22,834.0,786.2543
1783963440000,94.21,94.26,94.05,94.13,15348.0,14454.215
1783963500000,94.1,94.1,94.03,94.03,681.0,640.5594
1783963560000,94.02,94.12,93.93,93.95,1833.0,1722.8561
1783963620000,93.94,93.99,93.94,93.96,849.0,797.7876
1783963680000,93.95,94.03,93.94,93.94,1197.0,1125.0639
1783963740000,93.94,93.95,93.81,93.86,1305.0,1225.3531
1783963800000,93.86,93.88,93.39,93.6,101900.0,95273.3617
1783963860000,93.6,93.72,93.56,93.67,4793.0,4487.8294
1783963920000,93.68,93.79,93.65,93.76,17850.0,16726.0246
1783963980000,93.77,93.86,93.76,93.77,1130.0,1059.8923
1783964040000,93.78,93.94,93.78,93.9,21842.0,20495.4436
1783964100000,93.88,93.88,93.79,93.88,55334.0,51929.4665
1783964160000,93.87,93.89,93.61,93.65,4009.0,3754.8593
1783964220000,93.67,93.7,93.62,93.62,1040.0,974.0513
1783964280000,93.63,93.72,93.6,93.6,2862.0
1783964340000,93.66,93.78,93.66,93.77,11102.0
1783964400000,93.75,93.77,93.62,93.67,1366.0
1783964460000,93.64,93.68,93.61,93.61,857.0
1783964520000,93.65,93.66,93.48,93.55,1750.0
1783964580000,93.55,93.67,93.53,93.67,2600.0
1783964640000,93.68,93.73,93.53,93.53,1394.0
1783964700000,93.54,93.67,93.52,93.67,4442.0
1783964760000,93.62,93.69,93.46,93.54,4540.0
1783964820000,93.55,93.61,93.54,93.54,1189.0
1783964880000,93.55,93.88,93.55,93.8,1060.0
1783964940000,93.76,93.89,93.76,93.89,891.0
1783965000000,93.89,93.93,93.87,93.91,1491.0
1783965060000,93.94,93.95,93.68,93.73,3734.0
1783965120000,93.7,93.77,93.64,93.72,1032.0
1783965180000,93.74,93.81,93.74,93.8,928.0
1783965240000,93.82,93.85,93.76,93.85,728.0
1783965300000,93.88,93.9,93.82,93.82,1719.0
1783965360000,93.84,93.88,93.83,93.83,747.0
1783965420000,93.81,93.82,93.73,93.73,710.0
1783965480000,93.77,93.88,93.76,93.8,743.0
1783965540000,93.81,93.85,93.62,93.68,12125.0
1783965600000,93.69,93.85,93.68,93.8,4437.0
1783965660000,93.88,94.06,93.88,94.03,12086.0
1783965720000,94.02,94.13,94.0,94.12,1107.0
1783965780000,94.12,94.16,94.03,94.07,1951.0
1783965840000,94.08,94.2,94.08,94.15,4444.0
1783965900000,94.13,94.34,94.13,94.34,1097.0
1783965960000,94.35,94.43,94.29,94.29,8265.0
1783966020000,94.29,94.46,94.27,94.46,2951.0
1783966080000,94.43,94.43,94.29,94.37,2410.0
1783966140000,94.34,94.37,94.16,94.17,695.0
1783966200000,94.17,94.17,93.98,94.02,1192.0
1783966260000,94.01,94.11,93.94,94.05,46356.0
1783966320000,94.06,94.06,93.83,93.86,5958.0
1783966380000,93.85,94.1,93.85,94.1,803.0
1783966440000,94.11,94.17,94.06,94.14,910.0
1783966500000,94.14,94.15,94.02,94.05,1002.0
1783966560000,94.04,94.08,94.02,94.04,656.0
1783966620000,94.04,94.09,93.96,93.98,21440.0
1783966680000,93.99,94.02,93.94,93.94,469.0
1783966740000,93.94,93.94,93.84,93.94,918.0
1783966800000,93.87,93.97,93.83,93.94,591.0
1783966860000,93.95,94.01,93.95,93.99,823.0
1783966920000,93.98,94.02,93.96,93.99,5849.0
1783966980000,94.0,94.18,93.96,94.18,706.0
1783967040000,94.17,94.38,94.17,94.36,8716.0
1783967100000,94.35,94.36,94.25,94.34,940.0
1783967160000,94.34,94.39,94.31,94.37,2485.0
1783967220000,94.32,94.35,94.28,94.28,598.0
1783967280000,94.28,94.31,94.28,94.29,447.0
1783967340000,94.3,94.4,94.3,94.37,2031.0
1783967400000,94.39,94.39,94.17,94.17,554.0
1783967460000,94.14,94.3,94.14,94.3,7892.0
1783967520000,94.29,94.35,94.26,94.26,843.0
1783967580000,94.23,94.34,94.23,94.34,859.0
1783967640000,94.34,94.34,94.25,94.25,554.0
1783967700000,94.29,94.4,94.25,94.4,505.0
1783982280000,93.91,93.91,93.88,93.9,257.0,241.319
1783982340000,93.9,93.9,93.83,93.85,507.0,475.931
1783982400000,93.85,93.87,93.83,93.86,309.0,290.0053
1783982460000,93.84,93.88,93.75,93.75,1297.0,1216.4493
1783982520000,93.73,93.86,93.73,93.81,812.0,761.6396
1783982580000,93.85,93.9,93.85,93.9,698.0,655.1974
1783982640000,93.89,93.91,93.89,93.91,470.0,441.3126
1783982700000,93.92,93.95,93.92,93.95,293.0,275.204
1783982760000,93.96,93.96,93.91,93.92,292.0,274.2643
1783982820000,93.92,93.94,93.92,93.94,537.0,504.4284
1783982880000,93.95,93.95,93.94,93.94,211.0,198.2219
1783983000000,93.94,93.94,93.9,93.9,303.0,284.5617
1783983060000,93.9,93.94,93.9,93.93,237.0,222.5973
1783983120000,93.89,93.89,93.86,93.86,281.0,263.8087
1783983180000,93.87,93.87,93.85,93.86,436.0,409.2204
1783983240000,93.84,93.86,93.83,93.83,594.0,557.4574
1783983300000,93.82,93.82,93.8,93.8,225.0,211.0564
1783983360000,93.79,93.8,93.78,93.78,461.0,432.3632
1783983420000,93.78,93.78,93.73,93.78,440.0,412.5246
1783983480000,93.81,93.88,93.81,93.85,696.0,653.2583
1783983540000,93.88,93.89,93.87,93.88,226.0,212.178
1783983600000,93.91,93.91,93.77,93.8,671.0,629.4664
1783983660000,93.82,93.82,93.73,93.76,317.0,297.2415
1783983720000,93.75,93.82,93.75,93.77,2217.0,2079.5722
1783983780000,93.8,93.9,93.8,93.88,678.0,636.3987
1783983840000,93.89,93.89,93.81,93.82,370.0,347.1733
1783983900000,93.83,93.89,93.83,93.89,119.0,111.6936
1783983960000,93.91,93.93,93.88,93.9,423.0,397.2506
1783984020000,93.89,93.89,93.83,93.83,97.0,91.0407
1783984080000,93.85,93.86,93.83,93.84,233.0,218.6754
1783984140000,93.85,93.92,93.85,93.92,97.0,91.0857
1783984200000,93.92,93.93,93.91,93.92,314.0,294.9096
1783984260000,93.93,93.97,93.92,93.97,205.0,192.5947
1783984320000,93.94,93.96,93.94,93.96,118.0,110.86
1783984380000,93.95,94.0,93.94,94.0,511.0,480.2517
1783984440000,94.02,94.02,94.01,94.02,348.0,327.1782
1783984500000,94.01,94.04,94.01,94.04,390.0,366.723
1783984560000,94.07,94.11,94.05,94.07,231.0,217.3065
1783984620000,94.06,94.06,94.02,94.03,561.0,527.6119
1783984680000,94.03,94.32,94.03,94.21,26271.0,24739.2887
1783984740000,94.2,94.22,94.16,94.21,698.0,657.4545
1783984800000,94.22,94.22,94.18,94.21,328.0,309.0037
1783984860000,94.21,94.22,94.18,94.2,779.0,733.8224
1783984920000,94.18,94.21,94.18,94.19,798.0,751.7072
1783984980000,94.19,94.19,94.16,94.19,582.0,548.104
1783985040000,94.19,94.21,94.15,94.15,507.0,477.4476
1783985100000,94.15,94.16,94.15,94.16,91.0,85.6791
1783985160000,94.15,94.16,94.14,94.15,304.0,286.2162
1783985220000,94.17,94.19,94.13,94.15,748.0,704.2874
1783985280000,94.14,94.16,94.13,94.15,243.0,228.7756
1783985340000,94.15,94.15,94.04,94.06,575.0,541.0195
1783985400000,94.03,94.03,94.03,94.03,320.0,300.896
1783985460000,94.02,94.02,93.95,93.96,442.0,415.3654
1783985520000,93.97,94.06,93.94,94.05,700.0,657.9949
1783985580000,94.05,94.05,94.0,94.02,963.0,905.5492
1783985640000,93.99,93.99,93.95,93.98,1081.0,1015.7425
1783985700000,93.98,94.02,93.97,94.02,484.0,454.9367
1783985760000,94.03,94.03,94.0,94.0,209.0,196.4702
1783985820000,94.0,94.04,93.99,94.03,174.0,163.5783
1783985880000,94.02,94.02,93.93,93.93,607.0,570.4524
1783985940000,93.94,93.97,93.93,93.96,836.0,785.3934
1783986000000,93.97,94.01,93.97,94.0,285.0,267.8565
1783986060000,94.0,94.04,94.0,94.04,418.0,393.0375
1783986120000,94.04,94.04,94.0,94.01,348.0,327.2053
1783986180000,94.01,94.01,93.96,93.98,339.0,318.5899
1783986240000,93.98,94.02,93.97,94.01,791.0,743.4494
1783986300000,94.02,94.15,93.98,94.15,598.0,562.4161
1783986360000,94.16,94.26,94.16,94.22,642.0,604.9133
1783986420000,94.21,94.29,94.21,94.28,517.0,487.2821
1783986480000,94.29,94.38,94.27,94.38,547.0,515.8086
1783986540000,94.37,94.39,94.28,94.29,640.0,603.6878
1783986600000,94.28,94.37,94.26,94.36,1101.0,1038.4871
1783986660000,94.37,94.41,94.3,94.37,1281.0,1208.7792
1783986720000,94.38,94.38,94.34,94.35,386.0,364.2051
1783986780000,94.33,94.38,94.33,94.38,352.0,332.0924
1783986840000,94.37,94.47,94.37,94.44,1162.0,1097.4875
1783986900000,94.41,94.41,94.38,94.39,751.0,708.8819
1783986960000,94.39,94.41,94.38,94.41,502.0,473.9143
1783987020000,94.41,94.41,94.38,94.4,392.0,370.0488
1783987080000,94.38,94.45,94.38,94.45,238.0,224.7226
1783987140000,94.47,94.48,94.46,94.46,439.0,414.7295
1783987200000,94.5,94.7,94.5,94.59,13622.0,12889.3843
1783987260000,94.59,94.64,94.55,94.57,793.0,750.2326
1783987320000,94.56,94.56,94.39,94.39,1956.0,1847.9749
1783987380000,94.38,94.43,94.37,94.37,836.0,789.1492
1783987440000,94.36,94.37,94.28,94.34,729.0,687.5757
1783987500000,94.34,94.39,94.32,94.35,876.0,826.6111
1783987560000,94.36,94.4,94.3,94.4,721.0,680.3605
1783987620000,94.42,94.45,94.25,94.34,1147.0,1082.2265
1783987680000,94.34,94.5,94.32,94.49,1089.0,1028.0298
1783987740000,94.48,94.6,94.46,94.52,1105.0,1044.348
1783987800000,94.57,94.95,94.57,94.87,1673.0,1585.7127
1783987860000,94.86,94.93,94.83,94.93,1179.0,1118.6717
1783987920000,94.94,95.13,94.92,95.11,2303.0,2189.9404
1783987980000,95.1,95.1,94.9,95.01,1134.0,1077.2178
1783988040000,95.01,95.03,94.93,94.95,2316.0,2199.4947
1783988100000,94.95,94.96,94.9,94.9,832.0,789.8665
1783988160000,94.89,94.94,94.88,94.92,872.0,827.5702
1783988220000,94.91,94.93,94.86,94.89,3105.0,2946.2184
1783988280000,94.91,94.97,94.91,94.96,608.0,577.2286
1783988340000,94.96,94.96,94.79,94.79,876.0,831.0604
1783988400000,94.81,94.81,94.73,94.81,989.0,937.2248
1783988460000,94.83,94.97,94.8,94.97,722.0,685.0908
1783988520000,94.93,94.93,94.89,94.9,1133.0,1075.3167
1783988580000,94.84,94.91,94.83,94.9,783.0,742.9166
1783988640000,94.89,94.95,94.85,94.92,1150.0,1091.3019
1783988700000,94.9,94.91,94.85,94.86,820.0,778.0124
1783988760000,94.88,94.89,94.83,94.86,539.0,511.3039
1783988820000,94.88,94.93,94.84,94.92,954.0,905.3964
1783988880000,94.92,94.97,94.86,94.93,628.0,596.0912
1783988940000,94.93,95.01,94.93,95.0,449.0,426.4374
1783989000000,95.02,95.08,94.99,95.04,787.0,747.8584
1783989060000,95.02,95.03,94.95,94.97,560.0,531.8923
1783989120000,94.94,94.96,94.88,94.96,5393.0,5118.0747
1783989180000,94.96,95.12,94.95,95.11,910.0,864.5642
1783989240000,95.03,95.09,95.0,95.02,860.0,817.3889
1783989300000,95.03,95.23,95.02,95.23,551.0,524.1864
1783989360000,95.22,95.22,95.07,95.07,884.0,840.8758
1783989420000,95.09,95.14,95.04,95.04,812.0,772.3279
1783989480000,95.03,95.06,95.03,95.06,631.0,599.7742
1783989540000,95.06,95.07,95.03,95.03,1348.0,1281.0858
1783989600000,95.03,95.14,95.03,95.08,824.0,783.6584
1783989660000,95.09,95.12,95.03,95.04,801.0,761.6037
1783989720000,95.03,95.04,95.03,95.04,721.0,685.1747
1783989780000,95.03,95.05,95.02,95.02,177.0,168.2169
1783989840000,95.0,95.06,94.97,95.06,864.0,821.0428
1783989900000,95.05,95.13,95.04,95.11,922.0,876.7067
1783989960000,95.07,95.13,95.06,95.09,748.0,711.3692
1783990020000,95.09,95.14,95.06,95.13,767.0,729.3981
1783990080000,95.13,95.15,95.1,95.15,416.0,395.6844
1783990140000,95.15,95.17,95.1,95.17,458.0,435.7337
1783990200000,95.14,95.24,95.14,95.21,736.0,700.6426
1783990260000,95.16,95.29,95.15,95.29,813.0,774.129
1783990320000,95.28,95.3,95.19,95.2,929.0,884.9144
1783990380000,95.17,95.28,95.17,95.26,979.0,932.1611
1783990440000,95.25,95.4,95.24,95.39,2455.0,2341.3667
1783990500000,95.36,95.59,95.35,95.51,8433.0,8054.9638
1783990560000,95.5,95.53,95.47,95.51,897.0,856.6103
1783990620000,95.49,95.65,95.48,95.61,923.0,882.0707
1783990680000,95.59,95.66,95.59,95.64,891.0,852.0696
1783990740000,95.64,95.68,95.62,95.67,1969.0,1883.6136
1783990800000,95.7,95.77,95.67,95.77,1199.0,1147.6262
1783990860000,95.77,95.77,95.73,95.73,756.0,723.8313
1783990920000,95.74,95.8,95.73,95.79,1081.0,1035.0816
1783990980000,95.79,95.82,95.78,95.82,869.0,832.4799
1783991040000,95.82,95.86,95.81,95.84,858.0,822.3021
1783991100000,95.82,95.82,95.66,95.66,913.0,874.2426
1783991160000,95.65,95.65,95.23,95.37,4002.0,3818.0913
1783991220000,95.36,95.41,95.31,95.32,1242.0,1184.1664
1783991280000,95.31,95.31,95.28,95.29,900.0,857.6403
1783991340000,95.29,95.38,95.29,95.36,1254.0,1195.7633
1783991400000,95.36,95.37,95.35,95.37,316.0,301.3579
1783991460000,95.35,95.48,95.35,95.48,441.0,420.868
1783991520000,95.5,95.55,95.46,95.47,2264.0,2162.5365
1783991580000,95.47,95.47,95.35,95.41,5407.0,5160.9912
1783991640000,95.38,95.4,95.36,95.37,864.0,824.0411
1783991700000,95.37,95.45,95.25,95.44,1439.0,1372.2335
1783991760000,95.47,95.51,95.43,95.51,1105.0,1055.0848
1783991820000,95.52,95.6,95.52,95.59,1046.0,999.5789
1783991880000,95.6,95.62,95.53,95.55,955.0,912.6815
1783991940000,95.54,95.65,95.54,95.62,757.0,723.6685
1783992000000,95.58,95.58,95.53,95.55,941.0,899.1754
1783992060000,95.53,95.6,95.53,95.56,911.0,870.6382
1783992120000,95.59,95.66,95.56,95.65,753.0,719.9741
1783992180000,95.68,95.85,95.68,95.84,1191.0,1140.4234
1783992240000,95.84,95.95,95.84,95.95,3203.0,3071.4032
1783992300000,95.93,96.06,95.92,96.03,3656.0,3510.1165
1783992360000,96.02,96.02,95.97,95.97,4261.0,4090.5019
1783992420000,95.98,96.01,95.92,95.92,1603.0,1538.397
1783992480000,95.87,95.9,95.82,95.84,1106.0,1060.0686
1783992540000,95.82,95.86,95.8,95.85,1208.0,1157.5606
1783992600000,95.84,95.94,95.81,95.88,1445.0,1385.1401
1783992660000,95.9,95.92,95.83,95.92,923.0,884.9881
1783992720000,95.9,96.0,95.83,95.83,3919.0,3757.8354
1783992780000,95.85,95.89,95.83,95.84,673.0,645.1298
1783992840000,95.82,95.82,95.65,95.65,774.0,740.8418
1783992900000,95.67,95.77,95.65,95.68,959.0,917.753
1783992960000,95.69,95.76,95.69,95.71,1247.0,1193.8315
1783993020000,95.7,95.8,95.65,95.79,2898.0,2774.1089
1783993080000,95.77,95.9,95.7,95.84,5773.0,5529.8994
1783993140000,95.85,95.9,95.85,95.9,563.0,539.76
1783993200000,95.91,95.96,95.88,95.9,961.0,921.8619
1783993260000,95.9,95.96,95.86,95.95,1818.0,1744.08
1783993320000,95.96,96.06,95.96,96.05,851.0,817.1666
1783993380000,96.03,96.15,96.01,96.12,762.0,732.1602
1783993440000,96.1,96.15,96.07,96.07,761.0,731.2935
1783993500000,96.07,96.13,96.06,96.07,1890.0,1815.8347
1783993560000,96.03,96.03,95.87,95.99,1982.0,1902.0022
1783993620000,96.0,96.11,96.0,96.11,2477.0,2379.4749
1783993680000,96.12,96.3,96.12,96.28,1161.0,1117.1274
1783993740000,96.28,96.3,96.21,96.21,828.0,797.15
1783993800000,96.21,96.3,96.21,96.23,819.0,788.4102
1783993860000,96.21,96.23,96.15,96.15,2910.0,2799.4909
1783993920000,96.17,96.27,96.17,96.24,681.0,655.2786
1783993980000,96.22,96.22,96.1,96.1,2730.0,2625.31
1783994040000,96.07,96.12,96.05,96.12,3474.0,3337.7273
1783994100000,96.11,96.11,96.05,96.09,1896.0,1822.0408
1783994160000,96.09,96.09,95.93,95.98,1318.0,1264.9986
1783994220000,96.0,96.02,95.95,95.99,1082.0,1038.5036
1783994280000,95.99,95.99,95.89,95.89,871.0,835.7587
1783994340000,95.88,96.0,95.86,95.97,842.0
1783994400000,95.98,96.05,95.93,95.94,2895.0
1783994460000,95.95,96.11,95.93,96.1,1279.0
1783994520000,96.1,96.18,96.04,96.18,550.0
1783994580000,96.17,96.26,96.17,96.24,741.0
1783994640000,96.25,96.27,96.13,96.17,2905.0
1783994700000,96.17,96.22,96.14,96.19,786.0
1783994760000,96.21,96.21,96.03,96.07,1033.0
1783994820000,96.07,96.18,96.07,96.17,851.0
1783994880000,96.2,96.21,96.15,96.19,885.0
1783994940000,96.19,96.29,96.17,96.22,1101.0
1783995000000,96.2,96.29,96.17,96.25,1278.0
1783995060000,96.26,96.28,96.19,96.26,1373.0
1783995120000,96.26,96.26,96.13,96.15,765.0
1783995180000,96.16,96.16,96.06,96.11,1060.0
1783995240000,96.1,96.12,96.08,96.08,957.0
1783995300000,96.08,96.08,96.0,96.05,1678.0
1783995360000,96.06,96.06,95.95,95.98,1353.0
1783995420000,96.0,96.04,95.99,95.99,683.0
1783995480000,95.99,96.08,95.92,95.92,762.0
1783995540000,95.91,95.91,95.34,95.69,5166.0
1783995600000,95.69,95.74,95.62,95.74,16388.0
1783995660000,95.74,95.74,95.64,95.67,1124.0
1783995720000,95.7,95.83,95.67,95.79,1317.0
1783995780000,95.75,95.75,95.62,95.72,2602.0
1783995840000,95.71,95.72,95.68,95.68,972.0
1783995900000,95.7,95.7,95.6,95.6,1130.0
1783995960000,95.6,95.6,95.35,95.35,1373.0
1783996020000,95.37,95.42,95.33,95.35,1448.0
1783996080000,95.35,95.41,95.29,95.41,847.0
1783996140000,95.42,95.52,95.42,95.52,170.0
1783996200000,95.52,95.57,95.47,95.57,1156.0
1783996260000,95.55,95.61,95.53,95.58,952.0
1783996320000,95.58,95.58,95.44,95.44,1213.0
1783996380000,95.42,95.5,95.36,95.43,3949.0
1783996440000,95.48,95.48,95.43,95.43,715.0
1783996500000,95.48,95.5,95.44,95.48,597.0
1783996560000,95.46,95.5,95.45,95.47,841.0
1783996620000,95.47,95.49,95.44,95.48,999.0
1783996680000,95.5,95.64,95.49,95.64,882.0
1783996740000,95.63,95.78,95.62,95.78,696.0
1783996800000,95.74,95.95,95.74,95.95,661.0
1783996860000,95.96,95.99,95.87,95.93,1107.0
1783996920000,95.91,95.95,95.89,95.9,2311.0
1783996980000,95.88,95.9,95.84,95.89,970.0
1783997040000,95.88,95.9,95.86,95.87,1070.0
1783997100000,95.86,95.91,95.83,95.87,1529.0
1783997160000,95.87,95.98,95.86,95.97,2088.0
1783997220000,95.98,95.98,95.85,95.85,1868.0
1783997280000,95.84,95.87,95.79,95.8,12304.0
1783997340000,95.8,95.8,95.71,95.73,415.0
1783997400000,95.74,95.8,95.63,95.63,1106.0
1783997460000,95.62,95.63,95.6,95.61,529.0
1783997520000,95.6,95.64,95.58,95.64,1101.0
1783997580000,95.64,95.64,95.51,95.53,3440.0
1783997640000,95.51,95.55,95.47,95.55,1293.0
1783997700000,95.53,95.61,95.53,95.61,692.0
1784012280000,95.92,95.94,95.87,95.88,993.0,952.3141
1784012340000,95.88,95.91,95.88,95.88,1053.0,1009.7359
1784012400000,95.86,95.94,95.83,95.94,572.0,548.393
1784012460000,95.91,95.94,95.88,95.94,1002.0,961.039
1784012520000,95.93,95.93,95.8,95.87,995.0,953.7107
1784012580000,95.87,95.87,95.74,95.75,20378.0,19519.8143
1784012640000,95.75,95.82,95.75,95.79,922.0,883.215
1784012700000,95.8,95.81,95.75,95.76,1073.0,1027.6332
1784012760000,95.75,95.8,95.7,95.77,9669.0,9254.9187
1784012820000,95.76,95.8,95.76,95.79,812.0,777.6639
1784012880000,95.76,95.8,95.73,95.78,837.0,801.5902
1784012940000,95.77,95.8,95.76,95.76,702.0,672.4135
1784013000000,95.76,95.78,95.72,95.73,915.0,875.9884
1784013060000,95.74,95.8,95.71,95.8,3107.0,2975.623
1784013120000,95.78,95.78,95.73,95.75,903.0,864.6034
1784013180000,95.74,95.79,95.74,95.79,836.0,800.5395
1784013240000,95.8,95.81,95.76,95.78,795.0,761.4422
1784013300000,95.79,95.81,95.75,95.78,611.0,585.2749
1784013360000,95.76,95.81,95.76,95.81,478.0,457.8837
1784013420000,95.81,95.87,95.8,95.86,390.0,373.7135
1784013480000,95.89,95.91,95.84,95.85,1018.0,975.9914
1784013540000,95.85,95.87,95.8,95.81,945.0,905.7681
1784013600000,95.79,95.85,95.77,95.85,870.0,833.4244
1784013660000,95.85,95.91,95.85,95.9,662.0,634.8328
1784013720000,95.9,95.9,95.8,95.86,904.0,866.5007
1784013780000,95.87,96.04,95.86,95.96,1800.0,1727.2891
1784013840000,95.94,95.94,95.85,95.86,762.0,730.7733
1784013900000,95.86,95.94,95.84,95.87,1021.0,979.0864
1784013960000,95.86,95.92,95.86,95.91,875.0,838.9923
1784014020000,95.93,96.0,95.91,96.0,591.0,567.0991
1784014080000,95.99,95.99,95.95,95.97,884.0,848.341
1784014140000,95.97,96.01,95.97,96.0,704.0,675.7885
1784014200000,96.0,96.0,95.9,95.94,1806.0,1732.3672
1784014260000,95.94,95.94,95.92,95.92,754.0,723.3154
1784014320000,95.92,95.96,95.92,95.93,698.0,669.6221
1784014380000,95.92,95.98,95.89,95.97,1183.0,1134.9096
1784014440000,95.97,96.1,95.97,96.09,892.0,856.6682
1784014500000,96.09,96.09,95.84,95.84,6408.0,6150.864
1784014560000,95.85,95.91,95.78,95.84,11013.0,10549.2346
1784014620000,95.82,95.82,95.74,95.74,333.0,318.8961
1784014680000,95.73,95.78,95.73,95.76,395.0,378.2053
1784014740000,95.78,95.79,95.69,95.72,406.0,388.7012
1784014800000,95.71,95.76,95.71,95.72,567.0,542.8364
1784014860000,95.75,95.79,95.72,95.73,604.0,578.3389
1784014920000,95.73,95.73,95.72,95.72,498.0,476.7009
1784014980000,95.73,95.73,95.67,95.72,570.0,545.5625
1784015040000,95.72,95.72,95.69,95.72,563.0,538.8549
1784015100000,95.72,95.72,95.67,95.7,711.0,680.3574
1784015160000,95.7,95.71,95.66,95.68,745.0,712.8986
1784015220000,95.68,95.75,95.68,95.73,828.0,792.5971
1784015280000,95.72,95.76,95.65,95.76,4443.0,4250.4924
1784015340000,95.72,95.75,95.72,95.75,155.0,148.4055
1784015400000,95.77,95.8,95.74,95.76,372.0,356.2834
1784015460000,95.76,95.76,95.28,95.41,7194.0,6876.3035
1784015520000,95.4,95.41,95.3,95.38,818.0,779.8246
1784015580000,95.39,95.41,95.39,95.4,722.0,688.7761
1784015640000,95.4,95.4,95.36,95.36,765.0,729.6296
1784015700000,95.32,95.37,95.28,95.28,743.0,708.1696
1784015760000,95.29,95.31,95.23,95.24,1832.0,1745.3285
1784015820000,95.24,95.28,95.13,95.17,9924.0,9448.684
1784015880000,95.18,95.21,95.18,95.21,776.0,738.6932
1784015940000,95.21,95.23,95.18,95.23,949.0,903.5279
1784016000000,95.23,95.28,95.18,95.21,3355.0,3194.9128
1784016060000,95.22,95.27,95.22,95.25,846.0,805.8053
1784016120000,95.25,95.25,95.23,95.25,480.0,457.143
1784016180000,95.24,95.25,95.11,95.13,907.0,863.3606
1784016240000,95.13,95.25,95.12,95.19,2478.0,2358.5869
1784016300000,95.21,95.23,95.14,95.21,1084.0,1031.9369
1784016360000,95.21,95.24,95.21,95.21,576.0,548.4484
1784016420000,95.23,95.24,95.19,95.19,956.0,910.3033
1784016480000,95.19,95.23,95.18,95.2,607.0,577.8659
1784016540000,95.21,95.23,95.19,95.21,975.0,928.3219
1784016600000,95.21,95.29,95.21,95.29,621.0,591.4585
1784016660000,95.28,95.39,95.28,95.39,615.0,586.2764
1784016720000,95.36,95.42,95.34,95.37,983.0,937.5912
1784016780000,95.37,95.39,95.35,95.38,929.0,885.9804
1784016840000,95.37,95.38,95.37,95.38,708.0,675.2559
1784016900000,95.39,95.42,95.36,95.37,719.0,685.8468
1784016960000,95.38,95.48,95.38,95.48,463.0,441.8984
1784017020000,95.52,95.52,95.5,95.51,508.0,485.2106
1784017080000,95.51,95.57,95.51,95.57,547.0,522.6665
1784017140000,95.57,95.6,95.54,95.54,1157.0,1105.634
1784017200000,95.55,95.57,95.5,95.57,883.0,843.5435
1784017260000,95.58,95.58,95.53,95.58,1148.0,1097.0297
1784017320000,95.57,95.66,95.51,95.53,1009.0,964.3248
1784017380000,95.54,95.58,95.52,95.58,834.0,796.8208
1784017440000,95.54,95.61,95.54,95.56,2198.0,2101.0071
1784017500000,95.6,95.65,95.59,95.65,831.0,794.4921
1784017560000,95.65,95.7,95.64,95.7,860.0,822.7809
1784017620000,95.71,95.75,95.71,95.74,500.0,478.72
1784017680000,95.74,95.74,95.7,95.73,1225.0,1172.5757
1784017740000,95.72,95.72,95.65,95.65,1150.0,1100.519
1784017800000,95.62,95.67,95.59,95.67,1051.0,1005.1035
1784017860000,95.67,95.69,95.63,95.66,997.0,953.7459
1784017920000,95.61,95.61,95.59,95.59,999.0,954.9715
1784017980000,95.6,95.61,95.54,95.56,816.0,779.7581
1784018040000,95.55,95.57,95.5,95.52,990.0,945.825
1784018100000,95.49,95.61,95.48,95.61,1665.0,1591.1767
1784018160000,95.58,95.58,95.54,95.58,831.0,794.1732
1784018220000,95.53,95.59,95.53,95.54,1026.0,980.3865
1784018280000,95.51,95.6,95.51,95.6,913.0,872.3117
1784018340000,95.61,95.69,95.58,95.69,853.0,815.7742
1784018400000,95.69,95.71,95.64,95.7,842.0,805.61
1784018460000,95.69,95.72,95.68,95.68,1527.0,1461.3635
1784018520000,95.69,95.69,95.66,95.68,663.0,634.3118
1784018580000,95.66,95.66,95.63,95.63,529.0,505.9676
1784018640000,95.64,95.64,95.53,95.58,748.0,715.0152
1784018700000,95.57,95.6,95.56,95.6,1377.0,1315.9091
1784018760000,95.6,95.61,95.58,95.61,671.0,641.4638
1784018820000,95.61,95.61,95.56,95.58,459.0,438.6922
1784018880000,95.56,95.59,95.55,95.59,1095.0,1046.4582
1784018940000,95.59,95.6,95.58,95.58,157.0,150.0644
1784019000000,95.58,95.58,95.54,95.56,1707.0,1631.1012
1784019060000,95.56,95.56,95.49,95.53,1273.0,1215.9899
1784019120000,95.53,95.55,95.49,95.5,958.0,915.1359
1784019180000,95.5,95.5,95.44,95.45,453.0,432.5056
1784019240000,95.47,95.5,95.47,95.5,597.0,570.0627
1784019300000,95.5,95.5,95.47,95.48,191.0,182.3677
1784019360000,95.48,95.48,95.46,95.46,857.0,818.1627
1784019420000,95.47,95.53,95.47,95.53,8119.0,7753.6271
1784019480000,95.53,95.53,95.44,95.44,393.0,375.1794
1784019540000,95.46,95.53,95.46,95.53,600.0,572.8571
1784019600000,95.53,95.53,95.5,95.52,180.0,171.9196
1784019660000,95.52,95.54,95.49,95.52,587.0,560.7551
1784019720000,95.52,95.65,95.51,95.64,486.0,464.5688
1784019780000,95.63,95.64,95.59,95.63,765.0,731.5763
1784019840000,95.63,95.68,95.63,95.67,412.0,394.1708
1784019900000,95.69,95.71,95.69,95.71,46.0,44.0181
1784019960000,95.72,95.72,95.66,95.7,237.0,226.7854
1784020020000,95.7,95.7,95.67,95.7,734.0,702.3509
1784020080000,95.7,95.7,95.7,95.7,36.0,34.452
1784020140000,95.72,96.01,95.72,95.9,3854.0,3697.0696
1784020200000,95.9,96.01,95.88,96.0,908.0,871.271
1784020260000,96.02,96.25,96.02,96.24,1337.0,1285.7908
1784020320000,96.25,96.3,96.21,96.27,2430.0,2339.5112
1784020380000,96.28,96.3,96.27,96.29,2402.0,2312.8762
1784020440000,96.31,96.32,96.28,96.3,1077.0,1037.1405
1784020500000,96.31,96.31,96.28,96.31,870.0,837.7344
1784020560000,96.32,96.34,96.26,96.31,1304.0,1255.6546
1784020620000,96.32,96.32,96.27,96.3,1892.0,1821.8289
1784020680000,96.28,96.29,96.23,96.26,693.0,667.0763
1784020740000,96.26,96.28,96.2,96.2,720.0,692.8789
1784020800000,96.2,96.21,96.2,96.21,302.0,290.5465
1784020860000,96.2,96.26,96.19,96.26,429.0,412.8214
1784020920000,96.27,96.27,96.17,96.18,531.0,510.8885
1784020980000,96.18,96.19,96.17,96.17,600.0,577.0911
1784021040000,96.16,96.19,96.16,96.19,1354.0,1302.2257
1784021100000,96.19,96.2,96.17,96.17,448.0,430.8862
1784021160000,96.17,96.23,96.17,96.23,789.0,759.0322
1784021220000,96.22,96.25,96.22,96.23,875.0,842.0383
1784021280000,96.22,96.23,96.2,96.23,615.0,591.7429
1784021340000,96.23,96.23,96.2,96.2,300.0,288.6819
1784021400000,96.2,96.23,96.19,96.22,1134.0,1091.0268
1784021460000,96.22,96.22,96.12,96.12,1035.0,995.4411
1784021520000,96.13,96.31,96.13,96.29,1671.0,1607.2793
1784021580000,96.28,96.28,96.2,96.2,391.0,376.2266
1784021640000,96.2,96.23,96.2,96.2,517.0,497.418
1784021700000,96.2,96.22,96.2,96.22,110.0,105.8254
1784021760000,96.2,96.2,95.86,95.95,34001.0,32620.1935
1784021820000,95.94,96.04,95.88,96.03,12865.0,12344.0109
1784021880000,96.0,96.06,95.96,96.06,459.0,440.684
1784021940000,96.08,96.12,96.06,96.12,383.0,367.9469
1784022000000,96.12,96.16,96.12,96.16,517.0,497.0384
1784022060000,96.16,96.19,96.16,96.18,393.0,377.9559
1784022120000,96.19,96.19,96.15,96.18,626.0,601.9929
1784022180000,96.19,96.19,96.14,96.17,367.0,352.9539
1784022240000,96.17,96.17,96.14,96.14,256.0,246.1544
1784022300000,96.14,96.14,96.12,96.13,524.0,503.7379
1784022360000,96.13,96.19,96.12,96.18,1727.0,1660.828
1784022420000,96.18,96.18,96.16,96.18,362.0,348.1391
1784022480000,96.22,96.3,96.15,96.22,30580.0,29410.7847
1784022540000,96.2,96.27,96.2,96.25,640.0,615.9433
1784022600000,96.24,96.24,96.17,96.24,358.0,344.4114
1784022660000,96.24,96.28,96.24,96.27,425.0,409.1387
1784022720000,96.27,96.29,96.18,96.28,11323.0,10894.8953
1784022780000,96.28,96.33,96.25,96.31,3777.0,3636.8593
1784022840000,96.3,96.33,96.3,96.33,396.0,381.4279
1784022900000,96.33,96.33,96.31,96.32,335.0,322.6495
1784022960000,96.33,96.33,96.21,96.22,696.0,670.1392
1784023020000,96.23,96.23,96.14,96.15,221.0,212.5688
1784023080000,96.15,96.15,96.07,96.14,417.0,400.7989
1784023140000,96.13,96.13,95.99,96.03,670.0,643.4995
1784023200000,96.03,96.03,95.95,96.01,784.0,752.5657
1784023260000,95.96,96.0,95.96,95.99,841.0,807.3019
1784023320000,96.02,96.07,96.0,96.04,973.0,934.3632
1784023380000,96.02,96.05,96.0,96.02,612.0,587.6642
1784023440000,96.03,96.11,96.02,96.1,755.0,725.364
1784023500000,96.09,96.21,96.09,96.21,559.0,537.4539
1784023560000,96.2,96.21,96.18,96.21,839.0,807.1011
1784023620000,96.21,96.29,96.19,96.21,683.0,657.289
1784023680000,96.21,96.32,96.19,96.32,629.0,605.5364
1784023740000,96.34,96.39,96.3,96.37,761.0,733.251
1784023800000,96.36,96.36,96.34,96.36,726.0,699.527
1784023860000,96.36,96.38,96.32,96.37,849.0,817.9814
1784023920000,96.38,96.4,96.22,96.36,31699.0,30528.1744
1784023980000,96.35,96.37,96.32,96.36,1112.0,1071.2909
1784024040000,96.36,96.36,96.3,96.32,487.0,469.1053
1784024100000,96.32,96.36,96.29,96.3,778.0,749.3486
1784024160000,96.32,96.32,96.24,96.27,1905.0,1834.1841
1784024220000,96.24,96.24,96.16,96.22,643.0,618.7017
1784024280000,96.23,96.3,96.18,96.29,710.0
1784024340000,96.29,96.29,96.18,96.19,3191.0
1784024400000,96.18,96.18,96.09,96.14,371.0
1784024460000,96.11,96.2,96.11,96.2,156.0
1784024520000,96.18,96.18,96.08,96.09,926.0
1784024580000,96.02,96.13,96.02,96.12,2193.0
1784024640000,96.13,96.16,96.1,96.16,811.0
1784024700000,96.14,96.14,96.09,96.09,909.0
1784024760000,96.08,96.13,96.07,96.1,961.0
1784024820000,96.09,96.1,96.04,96.07,645.0
1784024880000,96.05,96.09,96.05,96.06,777.0
1784024940000,96.07,96.13,96.06,96.13,688.0
1784025000000,96.12,96.13,96.05,96.06,728.0
1784025060000,96.06,96.09,95.86,95.86,782.0
1784025120000,95.87,95.89,95.81,95.88,882.0
1784025180000,95.88,95.9,95.87,95.87,926.0
1784025240000,95.85,95.9,95.85,95.85,699.0
1784025300000,95.84,95.87,95.83,95.86,670.0
1784025360000,95.85,95.99,95.84,95.96,1112.0
1784025420000,95.96,96.06,95.9,96.06,768.0
1784025480000,96.08,96.14,96.03,96.03,822.0
1784025540000,96.02,96.11,96.02,96.1,1109.0
1784025600000,96.11,96.12,96.07,96.07,727.0
1784025660000,96.05,96.08,96.04,96.08,579.0
1784025720000,96.07,96.07,96.0,96.0,541.0
1784025780000,96.0,96.03,95.98,96.03,809.0
1784025840000,96.02,96.07,96.02,96.07,554.0
1784025900000,96.06,96.11,96.02,96.07,2271.0
1784025960000,96.06,96.11,96.05,96.11,825.0
1784026020000,96.11,96.24,96.11,96.24,4089.0
1784026080000,96.22,96.28,96.22,96.28,1107.0
1784026140000,96.26,96.27,96.22,96.24,675.0
1784026200000,96.24,96.29,96.2,96.23,1026.0
1784026260000,96.22,96.23,96.18,96.2,753.0
1784026320000,96.19,96.25,96.19,96.22,889.0
1784026380000,96.24,96.3,96.22,96.22,1004.0
1784026440000,96.2,96.2,96.13,96.18,1761.0
1784026500000,96.12,96.18,96.12,96.16,1103.0
1784026560000,96.15,96.2,96.12,96.14,788.0
1784026620000,96.14,96.2,96.13,96.18,736.0
1784026680000,96.18,96.22,96.13,96.16,1272.0
1784026740000,96.14,96.18,96.13,96.14,1049.0
1784026800000,96.14,96.15,96.06,96.07,476.0
1784026860000,96.02,96.12,96.01,96.12,544.0
1784026920000,96.14,96.14,95.94,96.08,11839.0
1784026980000,96.09,96.09,96.02,96.07,726.0
1784027040000,96.05,96.08,95.94,95.97,872.0
1784027100000,95.97,96.02,95.97,96.02,873.0
1784027160000,96.01,96.03,95.94,96.03,797.0
1784027220000,96.02,96.12,95.96,96.1,807.0
1784027280000,96.09,96.15,96.05,96.11,1252.0
1784027340000,96.1,96.15,96.1,96.12,878.0
1784027400000,96.13,96.14,96.11,96.14,945.0
1784027460000,96.11,96.2,96.11,96.18,849.0
1784027520000,96.18,96.25,96.18,96.25,415.0
1784027580000,96.26,96.5,96.26,96.44,2628.0
1784027640000,96.44,96.46,96.39,96.42,1272.0
1784027700000,96.42,96.47,96.36,96.45,947.0
1784042280000,99.81,99.81,99.62,99.67,10037.0,10004.1704
1784042340000,99.66,99.89,99.66,99.83,2568.0,2562.5486
1784042400000,99.86,99.93,99.79,99.86,2474.0,2470.9166
1784042460000,99.88,99.93,99.81,99.87,1505.0,1503.1557
1784042520000,99.89,99.95,99.85,99.93,6260.0,6252.3424
1784042580000,99.91,99.94,99.88,99.94,1704.0,1702.3458
1784042640000,99.93,100.28,99.92,100.28,8516.0,8519.0415
1784042700000,100.29,100.72,100.29,100.69,11206.0,11264.9756
1784042760000,100.7,101.0,100.7,100.9,12705.0,12817.6202
1784042820000,100.9,100.92,100.68,100.86,4029.0,4061.1944
1784042880000,100.87,101.01,100.63,100.63,3099.0,3124.7433
1784042940000,100.65,100.86,100.65,100.78,2254.0,2271.4025
1784043000000,100.77,100.84,100.46,100.46,1913.0,1926.4017
1784043060000,100.52,100.89,100.52,100.84,3086.0,3108.5067
1784043120000,100.83,100.83,100.57,100.69,5355.0,5393.4679
1784043180000,100.65,100.77,100.49,100.55,3933.0,3956.7311
1784043240000,100.56,100.65,100.46,100.63,2854.0,2869.8884
1784043300000,100.58,100.59,100.36,100.41,964.0,968.5302
1784043360000,100.39,100.49,100.34,100.36,1190.0,1195.2484
1784043420000,100.34,100.41,100.3,100.4,1324.0,1328.766
1784043480000,100.42,100.44,100.15,100.19,1025.0,1028.2794
1784043540000,100.2,100.25,100.14,100.21,1686.0,1689.33
1784043600000,100.22,100.22,100.03,100.04,891.0,891.5331
1784043660000,100.04,100.06,99.93,99.98,1455.0,1455.0975
1784043720000,99.98,100.01,99.83,100.01,1707.0,1705.4161
1784043780000,100.01,100.16,100.0,100.1,993.0,993.7239
1784043840000,100.1,100.15,99.94,100.15,2864.0,2863.9838
1784043900000,100.14,100.46,100.03,100.41,3877.0,3888.4722
1784043960000,100.39,100.42,100.22,100.22,835.0,837.425
1784044020000,100.16,100.28,100.14,100.27,1076.0,1078.4819
1784044080000,100.28,100.28,100.09,100.14,1600.0,1602.3743
1784044140000,100.12,100.22,100.05,100.1,1202.0,1203.1914
1784044200000,100.09,100.14,100.05,100.06,1135.0,1136.0232
1784044260000,100.02,100.02,99.65,99.69,6395.0,6382.3207
1784044320000,99.68,99.72,99.63,99.64,1025.0,1021.6055
1784044380000,99.66,99.69,99.57,99.69,1501.0,1495.7643
1784044440000,99.66,99.79,99.66,99.75,2558.0,2550.9464
1784044500000,99.72,99.81,99.69,99.69,1175.0,1172.2428
1784044560000,99.78,99.81,99.72,99.73,1030.0,1027.6666
1784044620000,99.73,99.78,99.71,99.76,925.0,922.6914
1784044680000,99.76,99.76,99.58,99.64,2513.0,2504.207
1784044740000,99.63,99.77,99.63,99.77,950.0,947.094
1784044800000,99.77,99.82,99.64,99.64,1680.0,1676.3155
1784044860000,99.64,99.7,99.54,99.58,4904.0,4885.9148
1784044920000,99.56,99.67,99.47,99.67,21111.0,21033.9664
1784044980000,99.65,99.69,99.54,99.6,2791.0,2781.077
1784045040000,99.59,99.6,99.31,99.45,4955.0,4929.4027
1784045100000,99.43,99.43,99.33,99.33,3813.0,3789.3505
1784045160000,99.33,99.55,99.33,99.55,3861.0,3840.4917
1784045220000,99.51,99.51,99.33,99.49,1117.0,1110.4974
1784045280000,99.48,99.65,99.48,99.65,2459.0,2447.1758
1784045340000,99.65,99.75,99.61,99.69,1498.0,1493.323
1784045400000,99.68,99.71,99.63,99.66,1176.0,1171.9439
1784045460000,99.62,99.62,99.53,99.54,777.0,773.6286
1784045520000,99.55,100.52,99.55,100.09,39083.0,39130.73
1784045580000,100.05,100.06,99.73,99.76,11344.0,11328.1305
1784045640000,99.76,100.02,99.67,99.98,12199.0,12180.4186
1784045700000,99.95,100.3,99.66,100.16,14028.0,14022.2579
1784045760000,100.13,100.16,99.95,100.01,6238.0,6239.5622
1784045820000,99.99,100.02,99.77,99.84,1850.0,1848.4609
1784045880000,99.88,100.11,99.79,100.02,8483.0,8473.3821
1784045940000,100.01,100.09,99.9,100.09,6338.0,6338.4126
1784046000000,100.07,100.2,100.04,100.12,8276.0,8286.4307
1784046060000,100.15,100.18,100.09,100.11,6044.0,6052.6714
1784046120000,100.12,100.12,100.0,100.05,14312.0,14323.4353
1784046180000,100.05,100.12,100.04,100.08,3752.0,3754.5396
1784046240000,100.08,100.18,100.03,100.07,9904.0,9913.698
1784046300000,100.08,100.19,100.08,100.14,1272.0,1273.7577
1784046360000,100.1,100.18,100.08,100.18,1439.0,1440.9316
1784046420000,100.17,100.18,100.09,100.1,3014.0,3017.8147
1784046480000,100.09,100.12,100.05,100.05,2119.0,2120.8007
1784046540000,100.05,100.11,100.04,100.09,1833.0,1834.5795
1784046600000,100.12,100.12,100.03,100.03,1084.0,1084.9397
1784046660000,100.07,100.12,100.03,100.04,2965.0,2966.7249
1784046720000,100.04,100.11,100.03,100.07,649.0,649.4073
1784046780000,100.06,100.06,100.03,100.05,99.0,99.0518
1784046840000,100.04,100.1,100.04,100.04,5410.0,5413.7626
1784046900000,100.03,100.07,100.0,100.06,670.0,670.1466
1784046960000,100.07,100.07,100.0,100.03,3256.0,3256.7891
1784047020000,100.0,100.01,99.77,99.77,696.0,695.103
1784047080000,99.75,99.92,99.74,99.92,3170.0,3164.5076
1784047140000,99.9,99.95,99.86,99.94,685.0,684.4224
1784047200000,99.95,99.96,99.92,99.94,759.0,758.6137
1784047260000,99.95,100.02,99.94,99.99,740.0,739.9602
1784047320000,100.0,100.0,99.99,99.99,490.0,489.9624
1784047380000,99.98,100.09,99.98,100.08,2803.0,2803.0112
1784047440000,100.08,100.22,100.08,100.2,1033.0,1034.6084
1784047500000,100.19,100.27,100.03,100.08,417.0,417.7791
1784047560000,100.02,100.02,99.92,99.96,283.0,282.9157
1784047620000,99.95,100.0,99.85,99.93,1546.0,1544.9772
1784047680000,99.89,99.92,99.87,99.88,956.0,955.0281
1784047740000,99.89,100.01,99.84,100.01,2310.0,2308.4131
1784047800000,100.01,100.05,99.95,99.95,744.0,743.9533
1784047860000,99.95,100.03,99.95,100.03,1673.0,1673.0957
1784047920000,100.08,100.14,100.06,100.1,1300.0,1301.2715
1784047980000,100.1,100.14,100.06,100.06,864.0,864.8518
1784048040000,100.05,100.11,100.03,100.03,780.0,780.544
1784048100000,100.06,100.1,100.03,100.03,977.0,977.6146
1784048160000,100.03,100.03,99.94,99.98,814.0,813.9257
1784048220000,99.97,99.98,99.92,99.98,751.0,750.6776
1784048280000,99.97,99.97,99.91,99.92,1240.0,1239.1827
1784048340000,99.92,99.93,99.84,99.9,935.0,933.9896
1784048400000,99.9,99.9,99.55,99.62,4933.0,4918.6921
1784048460000,99.62,99.74,99.62,99.74,696.0,693.8313
1784048520000,99.76,99.81,99.74,99.8,723.0,721.4309
1784048580000,99.82,99.86,99.78,99.84,807.0,805.584
1784048640000,99.88,99.95,99.84,99.94,1134.0,1132.9537
1784048700000,99.95,99.98,99.89,99.89,713.0,712.6299
1784048760000,99.89,99.91,99.8,99.81,990.0,988.4614
1784048820000,99.83,99.85,99.64,99.65,15663.0,15614.6871
1784048880000,99.67,99.71,99.59,99.63,5830.0,5811.6331
1784048940000,99.63,99.78,99.63,99.74,764.0,761.97
1784049000000,99.74,99.79,99.73,99.78,1271.0,1268.084
1784049060000,99.79,99.81,99.22,99.41,10234.0,10177.1999
1784049120000,99.45,99.5,99.3,99.48,12449.0,12373.5689
1784049180000,99.47,99.61,99.35,99.61,961.0,956.0422
1784049240000,99.61,99.64,99.57,99.59,946.0,942.2691
1784049300000,99.6,99.64,99.5,99.56,1156.0,1151.0921
1784049360000,99.59,99.59,99.5,99.52,918.0,913.8728
1784049420000,99.53,99.57,99.49,99.53,2492.0,2480.4669
1784049480000,99.52,99.52,99.34,99.37,685.0,680.8811
1784049540000,99.35,99.36,99.3,99.31,871.0,865.1697
1784049600000,99.34,99.38,99.26,99.35,1365.0,1355.5314
1784049660000,99.36,99.42,99.32,99.42,477.0,473.9688
1784049720000,99.42,99.44,99.28,99.28,1012.0,1005.7548
1784049780000,99.25,99.42,99.25,99.4,2104.0,2090.6984
1784049840000,99.44,99.44,99.28,99.31,1407.0,1398.0026
1784049900000,99.33,99.33,99.24,99.28,1420.0,1409.4726
1784049960000,99.29,99.36,99.28,99.35,697.0,692.2939
1784050020000,99.36,99.41,99.36,99.37,602.0,598.2802
1784050080000,99.37,99.4,99.36,99.4,797.0,792.1014
1784050140000,99.41,99.44,99.35,99.37,1034.0,1027.7308
1784050200000,99.35,99.4,99.24,99.37,3995.0,3966.1525
1784050260000,99.37,99.41,99.37,99.4,492.0,489.0295
1784050320000,99.4,99.4,99.23,99.23,633.0,628.5705
1784050380000,99.23,99.25,99.14,99.14,1046.0,1037.7778
1784050440000,99.15,99.21,99.15,99.17,453.0,449.3143
1784050500000,99.18,99.23,99.17,99.23,1449.0,1437.4062
1784050560000,99.21,99.25,98.97,99.03,17809.0,17638.139
1784050620000,99.04,99.19,99.04,99.13,894.0,886.2403
1784050680000,99.17,99.19,99.07,99.13,11046.0,10948.9431
1784050740000,99.17,99.22,99.14,99.18,647.0,641.6935
1784050800000,99.21,99.22,99.18,99.21,962.0,954.2559
1784050860000,99.22,99.24,99.21,99.22,558.0,553.6649
1784050920000,99.21,99.21,99.13,99.13,738.0,731.946
1784050980000,99.15,99.22,99.14,99.17,2099.0,2081.867
1784051040000,99.19,99.24,99.19,99.19,836.0,829.3838
1784051100000,99.18,99.21,99.13,99.19,705.0,699.1739
1784051160000,99.19,99.2,99.1,99.1,707.0,700.9615
1784051220000,99.1,99.2,99.06,99.19,894.0,886.2419
1784051280000,99.2,99.22,99.16,99.19,733.0,727.0149
1784051340000,99.22,99.22,99.14,99.15,893.0,885.5477
1784051400000,99.16,99.23,99.11,99.22,838.0,831.0851
1784051460000,99.22,99.23,99.2,99.22,571.0,566.5288
1784051520000,99.24,99.26,99.23,99.25,361.0,358.2685
1784051580000,99.25,99.35,99.24,99.34,517.0,513.3344
1784051640000,99.34,99.41,99.34,99.38,560.0,556.5213
1784051700000,99.39,99.4,99.25,99.26,1021.0,1013.8645
1784051760000,99.29,99.37,99.29,99.34,1114.0,1106.6788
1784051820000,99.32,99.36,99.3,99.36,710.0,705.2105
1784051880000,99.35,99.4,99.35,99.4,509.0,505.7852
1784051940000,99.4,99.4,99.4,99.4,64.0,63.616
1784052000000,99.38,99.38,99.28,99.28,2368.0,2352.5421
1784052060000,99.25,99.29,99.23,99.29,593.0,588.6099
1784052120000,99.28,99.29,99.25,99.28,907.0,900.3797
1784052180000,99.28,99.29,99.18,99.18,828.0,821.6611
1784052240000,99.18,99.27,99.13,99.23,2643.0,2622.1667
1784052300000,99.24,99.24,99.18,99.18,636.0,630.9064
1784052360000,99.18,99.2,99.17,99.17,509.0,504.8125
1784052420000,99.18,99.18,99.05,99.1,403.0,399.4326
1784052480000,99.1,99.1,98.94,99.0,798.0,790.248
1784052540000,99.02,99.03,98.9,98.9,590.0,583.9272
1784052600000,98.92,98.95,98.89,98.93,632.0,625.1672
1784052660000,98.91,98.94,98.88,98.94,2952.0,2919.5787
1784052720000,98.93,98.95,98.89,98.92,504.0,498.551
1784052780000,98.92,98.93,98.88,98.92,772.0,763.5745
1784052840000,98.91,98.91,98.74,98.77,1264.0,1249.17
1784052900000,98.78,98.81,98.78,98.8,932.0,920.7927
1784052960000,98.81,98.86,98.77,98.86,535.0,528.6261
1784053020000,98.87,98.91,98.86,98.88,525.0,519.1347
1784053080000,98.87,98.92,98.87,98.87,846.0,836.6281
1784053140000,98.87,98.91,98.87,98.91,710.0,702.1489
1784053200000,98.91,98.92,98.83,98.87,591.0,584.3187
1784053260000,98.88,98.91,98.85,98.85,632.0,624.9179
1784053320000,98.86,98.86,98.77,98.81,685.0,676.8525
1784053380000,98.83,98.84,98.69,98.7,1812.0,1790.0167
1784053440000,98.72,98.74,98.68,98.74,2763.0,2727.0306
1784053500000,98.77,98.79,98.75,98.76,449.0,443.4816
1784053560000,98.76,98.79,98.73,98.74,876.0,865.2191
1784053620000,98.76,98.77,98.72,98.72,741.0,731.5519
1784053680000,98.73,98.75,98.72,98.75,452.0,446.2648
1784053740000,98.75,98.75,98.68,98.71,852.0,841.0524
1784053800000,98.72,98.73,98.63,98.64,798.0,787.2473
1784053860000,98.66,98.72,98.66,98.71,776.0,765.9504
1784053920000,98.74,98.88,98.73,98.87,1708.0,1687.7366
1784053980000,98.9,98.9,98.84,98.84,965.0,954.0813
1784054040000,98.86,98.96,98.84,98.95,673.0,665.6913
1784054100000,98.94,98.96,98.88,98.91,1770.0,1751.2383
1784054160000,98.95,98.97,98.92,98.97,1011.0,1000.3584
1784054220000,98.97,98.97,98.78,98.87,8195.0,8099.2822
1784054280000,98.87,98.88,98.81,98.88,182.0
1784054340000,98.88,98.89,98.83,98.84,944.0
1784054400000,98.84,98.84,98.73,98.73,1754.0
1784054460000,98.74,98.78,98.56,98.57,4655.0
1784054520000,98.57,98.63,98.56,98.57,782.0
1784054580000,98.59,98.61,98.56,98.56,779.0
1784054640000,98.56,98.58,98.55,98.56,397.0
1784054700000,98.55,98.64,98.55,98.61,2238.0
1784054760000,98.63,98.65,98.63,98.63,584.0
1784054820000,98.64,98.69,98.64,98.69,529.0
1784054880000,98.68,98.71,98.67,98.67,449.0
1784054940000,98.67,98.67,98.61,98.61,467.0
1784055000000,98.6,98.6,98.57,98.57,6832.0
1784055060000,98.59,98.65,98.54,98.65,1071.0
1784055120000,98.64,98.64,98.59,98.64,318.0
1784055180000,98.65,98.7,98.65,98.7,588.0
1784055240000,98.69,98.7,98.67,98.67,353.0
1784055300000,98.7,98.81,98.7,98.81,491.0
1784055360000,98.81,98.86,98.81,98.86,4275.0
1784055420000,98.89,98.89,98.81,98.81,685.0
1784055480000,98.81,98.87,98.78,98.85,857.0
1784055540000,98.85,98.87,98.81,98.83,770.0
1784055600000,98.8,98.81,98.78,98.78,643.0
1784055660000,98.79,98.83,98.77,98.77,2785.0
1784055720000,98.74,98.74,98.66,98.68,1664.0
1784055780000,98.67,98.67,98.6,98.6,359.0
1784055840000,98.6,98.62,98.6,98.61,290.0
1784055900000,98.57,98.7,98.57,98.65,829.0
1784055960000,98.65,98.69,98.65,98.67,614.0
1784056020000,98.66,98.67,98.55,98.56,423.0
1784056080000,98.59,98.62,98.57,98.61,565.0
1784056140000,98.61,98.64,98.61,98.62,538.0
1784056200000,98.62,98.64,98.57,98.61,564.0
1784056260000,98.61,98.67,98.61,98.63,735.0
1784056320000,98.64,98.65,98.63,98.65,823.0
1784056380000,98.65,98.71,98.63,98.7,457.0
1784056440000,98.7,98.78,98.7,98.74,621.0
1784056500000,98.74,98.79,98.74,98.78,738.0
1784056560000,98.79,98.86,98.76,98.8,20955.0
1784056620000,98.8,98.8,98.74,98.74,652.0
1784056680000,98.75,98.76,98.66,98.72,1131.0
1784056740000,98.72,98.8,98.69,98.8,763.0
1784056800000,98.79,98.9,98.76,98.81,21019.0
1784056860000,98.8,98.8,98.76,98.78,715.0
1784056920000,98.78,98.91,98.78,98.86,1073.0
1784056980000,98.86,98.87,98.85,98.85,294.0
1784057040000,98.86,98.9,98.86,98.88,468.0
1784057100000,98.87,98.87,98.74,98.74,1930.0
1784057160000,98.74,98.76,98.73,98.75,366.0
1784057220000,98.74,98.76,98.74,98.75,405.0
1784057280000,98.74,98.74,98.68,98.68,403.0
1784057340000,98.66,98.66,98.58,98.58,759.0
1784057400000,98.55,98.55,98.33,98.42,1734.0
1784057460000,98.44,98.48,98.39,98.47,621.0
1784057520000,98.47,98.47,98.37,98.46,1427.0
1784057580000,98.46,98.5,98.37,98.5,753.0
1784057640000,98.5,98.5,98.39,98.47,818.0
1784057700000,98.47,98.47,98.38,98.44,691.0
1784072280000,98.66,98.68,98.6,98.6,824.0,812.7474
1784072340000,98.61,98.69,98.61,98.69,316.0,311.779
1784072400000,98.69,98.7,98.64,98.7,1006.0,992.7207
1784072460000,98.69,98.69,98.67,98.67,252.0,248.6599
1784072520000,98.67,98.72,98.65,98.66,326.0,321.6728
1784072580000,98.65,98.69,98.61,98.69,536.0,528.7941
1784072640000,98.67,98.69,98.65,98.68,811.0,800.2334
1784072700000,98.7,98.8,98.7,98.77,604.0,596.4426
1784072760000,98.81,98.89,98.78,98.89,693.0,684.8079
1784072820000,98.88,99.0,98.88,99.0,319.0,315.5515
1784072880000,98.99,98.99,98.93,98.97,745.0,737.2566
1784072940000,98.97,98.97,98.91,98.91,1800.0,1780.8031
1784073000000,98.91,98.91,98.84,98.89,510.0,504.1802
1784073060000,98.88,98.94,98.83,98.83,1626.0,1607.9488
1784073120000,98.82,98.85,98.82,98.83,388.0,383.5026
1784073180000,98.82,98.86,98.82,98.85,598.0,591.1044
1784073240000,98.85,98.91,98.83,98.91,797.0,787.8211
1784073300000,98.91,98.92,98.89,98.92,457.0,452.0074
1784073360000,98.92,98.92,98.85,98.86,418.0,413.3565
1784073420000,98.86,98.92,98.84,98.84,426.0,421.289
1784073480000,98.84,98.84,98.83,98.83,404.0,399.2815
1784073540000,98.83,98.87,98.8,98.87,364.0,359.7385
1784073600000,98.88,98.91,98.83,98.91,394.0,389.5686
1784073660000,98.9,99.03,98.88,99.02,1055.0,1043.7845
1784073720000,99.03,99.18,99.02,99.08,7076.0,7012.759
1784073780000,99.08,99.09,99.03,99.06,806.0,798.4161
1784073840000,99.06,99.06,99.0,99.0,1046.0,1035.8761
1784073900000,98.99,99.0,98.93,98.98,965.0,955.0573
1784073960000,98.99,99.25,98.99,99.25,1584.0,1571.0148
1784074020000,99.23,99.34,99.18,99.24,1093.0,1084.7225
1784074080000,99.24,99.25,99.2,99.24,1236.0,1226.4338
1784074140000,99.22,99.22,99.07,99.13,2833.0,2808.5872
1784074200000,99.12,99.25,99.09,99.24,1435.0,1422.7989
1784074260000,99.25,99.29,99.17,99.29,2567.0,2546.7077
1784074320000,99.28,99.29,98.96,98.96,3572.0,3539.9527
1784074380000,98.96,98.97,98.93,98.96,745.0,737.1566
1784074440000,98.94,98.95,98.93,98.93,563.0,556.9842
1784074500000,98.92,98.98,98.89,98.96,616.0,609.4437
1784074560000,98.95,99.01,98.95,99.0,564.0,558.3378
1784074620000,99.01,99.04,98.97,99.03,1176.0,1164.3216
1784074680000,99.02,99.12,99.02,99.08,1366.0,1353.5806
1784074740000,99.07,99.08,99.03,99.08,916.0,907.4168
1784074800000,99.09,99.2,99.08,99.19,517.0,512.4556
1784074860000,99.18,99.19,99.14,99.17,645.0,639.6267
1784074920000,99.17,99.18,99.07,99.12,716.0,709.7814
1784074980000,99.12,99.15,99.08,99.15,500.0,495.6007
1784075040000,99.17,99.26,99.16,99.21,480.0,476.2008
1784075100000,99.2,99.27,99.18,99.23,933.0,925.7445
1784075160000,99.21,99.28,99.21,99.27,541.0,536.9618
1784075220000,99.29,99.39,99.29,99.38,773.0,767.9708
1784075280000,99.38,99.39,99.32,99.36,800.0,794.8375
1784075340000,99.32,99.41,99.32,99.39,865.0,859.5663
1784075400000,99.4,99.4,99.27,99.38,1107.0,1099.6164
1784075460000,99.34,99.49,99.34,99.48,3254.0,3235.8818
1784075520000,99.5,99.6,99.44,99.59,4044.0,4024.0622
1784075580000,99.62,99.8,99.61,99.78,1686.0,1681.5984
1784075640000,99.78,99.89,99.75,99.85,12555.0,12538.0127
1784075700000,99.85,99.85,99.76,99.76,863.0,861.5247
1784075760000,99.75,99.76,99.67,99.67,1123.0,1119.759
1784075820000,99.72,99.72,99.56,99.69,792.0,789.2198
1784075880000,99.69,99.71,99.63,99.7,988.0,984.7511
1784075940000,99.68,99.7,99.61,99.7,1256.0,1251.5674
1784076000000,99.7,99.84,99.68,99.83,14377.0,14350.6437
1784076060000,99.82,99.82,99.66,99.66,27480.0,27429.9696
1784076120000,99.65,99.65,99.47,99.48,1075.0,1070.0587
1784076180000,99.51,99.51,99.46,99.5,888.0,883.507
1784076240000,99.5,99.55,99.5,99.55,911.0,906.7846
1784076300000,99.55,99.64,99.54,99.6,762.0,758.8812
1784076360000,99.57,99.57,99.53,99.53,539.0,536.5736
1784076420000,99.52,99.52,99.38,99.38,996.0,990.5452
1784076480000,99.4,99.43,99.34,99.34,825.0,819.8017
1784076540000,99.34,99.34,99.23,99.3,721.0,715.7904
1784076600000,99.29,99.36,99.27,99.36,544.0,540.1982
1784076660000,99.36,99.36,99.23,99.26,3766.0,3739.5063
1784076720000,99.24,99.3,99.23,99.28,1359.0,1348.9748
1784076780000,99.28,99.29,99.23,99.27,781.0,775.2527
1784076840000,99.24,99.28,99.23,99.28,963.0,955.7929
1784076900000,99.26,99.34,99.26,99.27,1197.0,1188.4983
1784076960000,99.26,99.28,99.17,99.17,737.0,731.3334
1784077020000,99.19,99.27,99.19,99.22,4283.0,4248.8294
1784077080000,99.21,99.31,99.21,99.29,441.0,437.8109
1784077140000,99.29,99.31,99.27,99.28,1597.0,1585.8652
1784077200000,99.31,99.31,99.13,99.15,1074.0,1065.2659
1784077260000,99.15,99.29,99.13,99.27,776.0,769.9299
1784077320000,99.23,99.26,99.13,99.14,880.0,873.0216
1784077380000,99.12,99.14,99.06,99.11,1510.0,1496.3498
1784077440000,99.11,99.21,99.09,99.21,908.0,900.0895
1784077500000,99.17,99.18,99.06,99.06,3369.0,3339.1488
1784077560000,99.03,99.03,98.96,99.01,933.0,923.5076
1784077620000,99.01,99.01,98.87,98.88,1455.0,1439.0042
1784077680000,98.89,98.94,98.87,98.94,1832.0,1811.6608
1784077740000,98.94,99.0,98.94,98.95,828.0,819.5533
1784077800000,98.95,99.0,98.84,98.84,1537.0,1520.8916
1784077860000,98.84,98.89,98.83,98.88,2603.0,2573.1573
1784077920000,98.92,98.97,98.88,98.96,997.0,986.3374
1784077980000,98.95,98.98,98.93,98.98,651.0,644.2116
1784078040000,98.98,99.19,98.96,99.13,5084.0,5035.4078
1784078100000,99.13,99.21,99.12,99.2,1636.0,1622.3095
1784078160000,99.21,99.21,99.02,99.02,3459.0,3430.0048
1784078220000,99.04,99.04,98.96,98.99,520.0,514.8448
1784078280000,98.99,99.06,98.95,98.96,917.0,907.6818
1784078340000,98.96,99.11,98.95,99.1,3696.0,3661.3275
1784078400000,99.11,99.11,98.99,98.99,819.0,811.2803
1784078460000,98.99,99.05,98.99,98.99,753.0,745.4863
1784078520000,99.01,99.05,98.98,98.98,893.0,884.1263
1784078580000,99.02,99.02,98.97,98.97,614.0,607.7835
1784078640000,98.97,98.97,98.92,98.95,266.0,263.2319
1784078700000,98.96,98.96,98.92,98.92,540.0,534.2676
1784078760000,98.9,99.01,98.89,99.01,789.0,780.7165
1784078820000,99.02,99.08,99.02,99.07,460.0,455.6887
1784078880000,99.07,99.18,99.06,99.18,699.0,692.7839
1784078940000,99.15,99.15,99.08,99.09,815.0,807.707
1784079000000,99.09,99.09,98.97,98.98,844.0,835.9253
1784079060000,98.98,98.99,98.96,98.99,657.0,650.2806
1784079120000,98.99,99.02,98.95,98.95,898.0,888.7911
1784079180000,98.95,98.97,98.93,98.94,886.0,876.6598
1784079240000,98.95,98.97,98.94,98.97,639.0,632.3679
1784079300000,98.96,98.98,98.9,98.94,3512.0,3474.5948
1784079360000,98.94,98.98,98.93,98.97,765.0,756.9957
1784079420000,98.96,98.97,98.93,98.96,466.0,461.1433
1784079480000,98.95,99.01,98.93,98.99,703.0,695.7567
1784079540000,98.99,99.01,98.97,98.97,372.0,368.2492
1784079600000,98.93,98.93,98.83,98.91,635.0,628.0126
1784079660000,98.91,98.91,98.75,98.76,928.0,917.101
1784079720000,98.78,98.83,98.69,98.69,1242.0,1226.7698
1784079780000,98.73,98.78,98.71,98.71,827.0,816.5465
1784079840000,98.71,98.75,98.68,98.75,736.0,726.4403
1784079900000,98.78,98.78,98.72,98.72,783.0,773.2058
1784079960000,98.72,98.79,98.69,98.79,772.0,762.3182
1784080020000,98.75,98.77,98.68,98.68,911.0,899.3862
1784080080000,98.68,98.68,98.58,98.61,653.0,644.0163
1784080140000,98.62,98.7,98.62,98.64,624.0,615.6577
1784080200000,98.64,98.65,98.56,98.6,751.0,740.6389
1784080260000,98.62,98.68,98.54,98.63,678.0,668.56
1784080320000,98.64,98.7,98.64,98.67,932.0,919.4931
1784080380000,98.68,98.78,98.68,98.78,967.0,954.9362
1784080440000,98.78,98.8,98.71,98.75,924.0,912.5476
1784080500000,98.77,98.77,98.69,98.69,967.0,954.5689
1784080560000,98.66,98.67,98.63,98.66,733.0,723.0941
1784080620000,98.65,98.66,98.59,98.65,2017.0,1989.1122
1784080680000,98.66,98.66,98.55,98.58,769.0,758.1447
1784080740000,98.61,98.67,98.61,98.66,1734.0,1710.3222
1784080800000,98.66,98.67,98.54,98.54,345.0,340.1262
1784080860000,98.56,98.56,98.5,98.5,1628.0,1603.8145
1784080920000,98.53,98.61,98.53,98.61,724.0,713.6362
1784080980000,98.61,98.64,98.57,98.57,828.0,816.4506
1784081040000,98.54,98.55,98.51,98.52,330.0,325.167
1784081100000,98.57,98.57,98.52,98.52,483.0,475.8906
1784081160000,98.52,98.53,98.44,98.44,5728.0,5642.2609
1784081220000,98.45,98.46,98.42,98.46,802.0,789.4721
1784081280000,98.46,98.59,98.46,98.51,10666.0,10510.9639
1784081340000,98.52,98.58,98.52,98.57,605.0,596.2404
1784081400000,98.58,98.69,98.58,98.68,749.0,738.9628
1784081460000,98.7,98.78,98.66,98.67,1071.0,1057.3098
1784081520000,98.67,98.71,98.67,98.69,597.0,589.192
1784081580000,98.67,98.68,98.57,98.57,7095.0,6997.6856
1784081640000,98.56,98.62,98.56,98.62,1070.0,1055.0275
1784081700000,98.64,98.64,98.56,98.58,699.0,689.065
1784081760000,98.59,98.59,98.45,98.46,782.0,770.238
1784081820000,98.47,98.52,98.47,98.47,940.0,925.8237
1784081880000,98.47,98.51,98.45,98.45,934.0,919.6998
1784081940000,98.46,98.46,98.41,98.42,459.0,451.7782
1784082000000,98.41,98.42,98.41,98.42,506.0,497.976
1784082060000,98.42,98.42,98.38,98.4,7943.0,7816.2829
1784082120000,98.39,98.39,98.34,98.34,534.0,525.2992
1784082180000,98.34,98.36,97.74,97.97,35961.0,35240.9239
1784082240000,97.99,98.05,97.93,97.94,2499.0,2449.2466
1784082300000,97.98,98.01,97.94,97.96,2048.0,2006.4693
1784082360000,97.96,98.03,97.96,97.98,862.0,844.7006
1784082420000,97.97,98.06,97.96,98.06,1092.0,1070.3109
1784082480000,98.06,98.09,98.06,98.09,840.0,823.8431
1784082540000,98.09,98.12,98.08,98.09,3800.0,3727.3583
1784082600000,98.09,98.21,98.09,98.19,667.0,654.8025
1784082660000,98.22,98.22,98.13,98.14,2343.0,2299.8428
1784082720000,98.16,98.18,98.12,98.12,705.0,692.0856
1784082780000,98.11,98.13,98.05,98.09,559.0,548.2877
1784082840000,98.05,98.07,98.03,98.07,923.0,905.0428
1784082900000,98.06,98.13,98.06,98.1,842.0,825.9741
1784082960000,98.11,98.21,98.11,98.21,890.0,873.5521
1784083020000,98.21,98.3,98.21,98.28,265.0,260.3747
1784083080000,98.28,98.3,98.24,98.25,644.0,632.8225
1784083140000,98.26,98.3,98.26,98.27,832.0,817.6518
1784083200000,98.28,98.29,98.23,98.28,1040.0,1021.8921
1784083260000,98.29,98.32,98.26,98.32,2599.0,2554.3019
1784083320000,98.33,98.35,98.23,98.24,1201.0,1180.4251
1784083380000,98.24,98.27,98.24,98.27,1049.0,1030.7056
1784083440000,98.28,98.31,98.28,98.29,476.0,467.8635
1784083500000,98.31,98.31,98.18,98.18,1231.0,1209.3439
1784083560000,98.19,98.19,98.13,98.13,587.0,576.3099
1784083620000,98.15,98.15,98.03,98.03,847.0,830.7211
1784083680000,98.05,98.06,98.0,98.01,357.0,349.9439
1784083740000,98.01,98.02,97.9,97.93,387.0,379.1391
1784083800000,97.96,97.97,97.87,97.9,876.0,857.5995
1784083860000,97.95,97.96,97.83,97.86,5391.0,5274.308
1784083920000,97.87,97.91,97.86,97.9,961.0,940.6876
1784083980000,97.95,97.96,97.94,97.96,398.0,389.8375
1784084040000,97.99,97.99,97.93,97.94,671.0,657.3248
1784084100000,97.95,98.06,97.95,98.06,717.0,702.8429
1784084160000,98.06,98.07,98.02,98.02,475.0,465.6871
1784084220000,98.03,98.06,97.99,98.03,699.0,685.1836
1784084280000,98.06,98.06,98.0,98.02,1482.0
1784084340000,98.02,98.05,97.99,98.05,746.0
1784084400000,98.03,98.07,97.98,98.06,656.0
1784084460000,98.09,98.17,98.08,98.13,626.0
1784084520000,98.14,98.19,98.1,98.19,3358.0
1784084580000,98.2,98.22,98.15,98.19,418.0
1784084640000,98.2,98.34,98.16,98.34,7241.0
1784084700000,98.36,98.44,98.33,98.44,1412.0
1784084760000,98.46,98.48,98.43,98.46,1299.0
1784084820000,98.48,98.48,98.41,98.41,1136.0
1784084880000,98.42,98.42,98.34,98.37,1919.0
1784084940000,98.37,98.42,98.34,98.38,1010.0
1784085000000,98.39,98.45,98.38,98.44,899.0
1784085060000,98.45,98.51,98.42,98.45,855.0
1784085120000,98.48,98.58,98.48,98.57,471.0
1784085180000,98.57,98.59,98.53,98.57,1252.0
1784085240000,98.58,98.58,98.49,98.56,1119.0
1784085300000,98.53,98.53,98.5,98.52,790.0
1784085360000,98.51,98.59,98.5,98.57,773.0
1784085420000,98.57,98.58,98.52,98.52,344.0
1784085480000,98.51,98.55,98.5,98.5,883.0
1784085540000,98.5,98.53,98.48,98.48,658.0
1784085600000,98.49,98.5,98.47,98.5,602.0
1784085660000,98.47,98.48,98.46,98.47,588.0
1784085720000,98.44,98.45,98.28,98.31,850.0
1784085780000,98.31,98.32,98.25,98.25,742.0
1784085840000,98.25,98.29,98.24,98.26,1066.0
1784085900000,98.27,98.28,98.24,98.24,833.0
1784085960000,98.22,98.26,98.22,98.22,1784.0
1784086020000,98.22,98.24,98.21,98.23,292.0
1784086080000,98.25,98.25,98.22,98.23,715.0
1784086140000,98.23,98.23,98.2,98.2,897.0
1784086200000,98.21,98.32,98.19,98.32,1068.0
1784086260000,98.3,98.33,98.25,98.28,2884.0
1784086320000,98.28,98.3,98.22,98.22,993.0
1784086380000,98.22,98.4,98.22,98.38,1137.0
1784086440000,98.38,98.38,98.34,98.34,700.0
1784086500000,98.34,98.34,98.28,98.29,322.0
1784086560000,98.28,98.3,98.24,98.27,536.0
1784086620000,98.25,98.25,98.24,98.24,56.0
1784086680000,98.25,98.25,98.23,98.23,58.0
1784086740000,98.22,98.23,98.21,98.21,337.0
1784086800000,98.22,98.22,98.13,98.13,565.0
1784086860000,98.12,98.19,98.1,98.18,682.0
1784086920000,98.19,98.2,98.14,98.17,2099.0
1784086980000,98.22,98.29,98.2,98.28,1566.0
1784087040000,98.27,98.28,98.25,98.25,387.0
1784087100000,98.27,98.3,98.24,98.24,301.0
1784087160000,98.25,98.26,98.24,98.26,1801.0
1784087220000,98.29,98.4,98.29,98.4,396.0
1784087280000,98.41,98.5,98.41,98.5,258.0
1784087340000,98.52,98.56,98.52,98.56,147.0
1784087400000,98.59,98.65,98.59,98.64,571.0
1784087460000,98.64,98.67,98.64,98.66,735.0
1784087520000,98.65,98.69,98.65,98.68,549.0
1784087580000,98.68,98.7,98.53,98.53,1877.0
1784087640000,98.54,98.58,98.53,98.56,525.0
1784087700000,98.56,98.61,98.56,98.56,626.0
1784102280000,97.09,97.18,97.07,97.12,2729.0,2650.0789
1784102340000,97.13,97.15,96.89,97.06,6840.0,6632.0615
1784102400000,97.02,97.08,97.0,97.06,831.0,806.3825
1784102460000,97.08,97.16,97.08,97.1,761.0,739.0468
1784102520000,97.1,97.16,97.06,97.08,1204.0,1169.1242
1784102580000,97.1,97.23,97.08,97.23,1752.0,1702.3281
1784102640000,97.24,97.24,97.06,97.17,1210.0,1175.4831
1784102700000,97.19,97.22,97.16,97.17,721.0,700.6924
1784102760000,97.16,97.19,97.13,97.13,2769.0,2690.9098
1784102820000,97.12,97.16,97.03,97.16,918.0,891.3515
1784102880000,97.17,97.31,97.14,97.3,2431.0,2362.6658
1784102940000,97.3,97.33,97.19,97.21,1965.0,1911.3452
1784103000000,97.19,97.28,97.15,97.28,1640.0,1594.0985
1784103060000,97.27,97.3,97.25,97.27,1011.0,983.4182
1784103120000,97.27,97.35,97.26,97.35,1019.0,991.5148
1784103180000,97.36,97.42,97.34,97.37,4331.0,4217.9154
1784103240000,97.38,97.41,97.36,97.4,1199.0,1167.7384
1784103300000,97.4,97.44,97.39,97.43,1046.0,1018.9823
1784103360000,97.43,97.48,97.4,97.46,1487.0,1448.8339
1784103420000,97.45,97.48,97.39,97.41,787.0,766.7552
1784103480000,97.4,97.47,97.4,97.42,487.0,474.5041
1784103540000,97.41,97.42,97.36,97.41,1362.0,1326.6937
1784103600000,97.41,97.42,97.39,97.42,767.0,747.1171
1784103660000,97.42,97.43,97.38,97.38,1593.0,1551.4222
1784103720000,97.37,97.41,97.36,97.4,885.0,861.8197
1784103780000,97.39,97.4,97.34,97.34,881.0,857.7474
1784103840000,97.35,97.42,97.33,97.42,677.0,659.3433
1784103900000,97.44,97.52,97.44,97.52,6014.0,5864.2128
1784103960000,97.52,97.52,97.46,97.46,1198.0,1167.8058
1784104020000,97.46,97.46,97.44,97.46,775.0,755.2225
1784104080000,97.46,97.59,97.46,97.56,895.0,873.0759
1784104140000,97.55,97.57,97.5,97.5,666.0,649.5506
1784104200000,97.5,97.54,97.49,97.52,776.0,756.6833
1784104260000,97.52,97.55,97.51,97.55,602.0,587.1355
1784104320000,97.5,97.51,97.47,97.51,767.0,747.7586
1784104380000,97.51,97.55,97.51,97.54,681.0,664.2039
1784104440000,97.53,97.55,97.47,97.47,303.0,295.4363
1784104500000,97.48,97.5,97.47,97.5,354.0,345.085
1784104560000,97.5,97.53,97.5,97.53,181.0,176.4999
1784104620000,97.48,97.53,97.48,97.52,246.0,239.8749
1784104680000,97.53,97.57,97.53,97.53,516.0,503.3315
1784104740000,97.54,97.57,97.53,97.55,415.0,404.8015
1784104800000,97.54,97.58,97.54,97.55,697.0,679.9332
1784104860000,97.55,97.58,97.53,97.56,1689.0,1647.6326
1784104920000,97.56,97.57,97.51,97.51,384.0,374.576
1784104980000,97.51,97.58,97.51,97.57,1168.0,1139.2983
1784105040000,97.57,97.65,97.53,97.65,741.0,723.1135
1784105100000,97.65,97.84,97.65,97.82,1616.0,1579.6253
1784105160000,97.82,97.82,97.72,97.74,968.0,946.2441
1784105220000,97.74,97.74,97.64,97.64,805.0,786.1501
1784105280000,97.64,97.64,97.55,97.57,1755.0,1712.719
1784105340000,97.57,97.59,97.56,97.59,1068.0,1042.0191
1784105400000,97.62,97.62,97.56,97.56,797.0,777.9075
1784105460000,97.55,97.64,97.54,97.64,1167.0,1138.7053
1784105520000,97.62,97.65,97.59,97.65,643.0,627.7476
1784105580000,97.66,97.67,97.61,97.62,572.0,558.4399
1784105640000,97.62,97.67,97.59,97.6,1932.0,1886.3878
1784105700000,97.6,97.69,97.6,97.67,1042.0,1017.4705
1784105760000,97.68,97.73,97.65,97.73,1242.0,1213.3362
1784105820000,97.74,97.74,97.72,97.74,260.0,254.0937
1784105880000,97.74,97.77,97.74,97.77,496.0,484.8668
1784105940000,97.76,97.77,97.75,97.77,344.0,336.3024
1784106000000,97.77,97.77,97.76,97.76,300.0,293.3009
1784106060000,97.77,97.84,97.76,97.83,608.0,594.5642
1784106120000,97.83,97.83,97.8,97.8,546.0,534.0183
1784106180000,97.81,97.81,97.69,97.78,762.0,744.6552
1784106240000,97.78,97.78,97.77,97.78,135.0,131.9952
1784106300000,97.78,97.79,97.78,97.78,143.0,139.8255
1784106360000,97.78,97.85,97.72,97.72,587.0,573.9669
1784106420000,97.72,97.73,97.69,97.72,952.0,930.1982
1784106480000,97.73,97.86,97.72,97.73,15664.0,15324.5614
1784106540000,97.74,97.75,97.71,97.75,1509.0,1474.848
1784106600000,97.75,97.8,97.75,97.8,928.0,907.2673
1784106660000,97.8,97.8,97.75,97.78,666.0,651.1282
1784106720000,97.78,97.85,97.76,97.84,740.0,723.6666
1784106780000,97.83,97.89,97.83,97.86,769.0,752.5193
1784106840000,97.86,97.87,97.85,97.85,824.0,806.3242
1784106900000,97.85,97.87,97.85,97.86,910.0,890.5121
1784106960000,97.87,97.91,97.86,97.9,770.0,753.703
1784107020000,97.91,97.91,97.85,97.87,714.0,698.793
1784107080000,97.9,97.91,97.89,97.89,646.0,632.4599
1784107140000,97.9,97.93,97.88,97.89,1021.0,999.6351
1784107200000,97.89,97.94,97.89,97.94,733.0,717.8124
1784107260000,97.94,97.94,97.88,97.92,877.0,858.7554
1784107320000,97.91,97.92,97.9,97.91,865.0,846.9053
1784107380000,97.91,97.91,97.85,97.87,833.0,815.199
1784107440000,97.86,97.97,97.86,97.97,687.0,672.529
1784107500000,97.97,98.19,97.97,98.13,937.0,919.2967
1784107560000,98.1,98.18,98.05,98.07,15367.0,15080.8483
1784107620000,98.08,98.09,97.98,97.98,1128.0,1105.8164
1784107680000,97.98,98.02,97.98,98.01,748.0,732.9853
1784107740000,98.03,98.04,97.99,98.04,767.0,751.8804
1784107800000,98.04,98.08,98.01,98.06,2835.0,2779.2207
1784107860000,98.05,98.07,98.02,98.05,810.0,794.1478
1784107920000,98.03,98.04,98.01,98.04,521.0,510.7395
1784107980000,98.03,98.06,98.03,98.06,1112.0,1090.1696
1784108040000,98.04,98.07,98.0,98.03,762.0,747.1379
1784108100000,98.04,98.04,98.0,98.03,2696.0,2642.3416
1784108160000,98.03,98.05,97.95,98.0,3045.0,2984.2847
1784108220000,98.01,98.05,97.99,98.04,685.0,671.4333
1784108280000,98.03,98.08,98.0,98.05,1081.0,1059.6849
1784108340000,98.05,98.09,98.04,98.04,695.0,681.5431
1784108400000,98.03,98.03,98.0,98.03,667.0,653.7688
1784108460000,97.98,98.01,97.85,97.85,846.0,828.6233
1784108520000,97.88,97.9,97.85,97.89,3652.0,3574.2761
1784108580000,97.88,97.95,97.87,97.95,2606.0,2551.5801
1784108640000,97.95,97.95,97.9,97.94,925.0,905.8669
1784108700000,97.89,97.92,97.89,97.9,617.0,604.0489
1784108760000,97.92,97.93,97.89,97.9,821.0,803.8376
1784108820000,97.88,97.94,97.87,97.94,1891.0,1851.6744
1784108880000,97.94,97.94,97.9,97.94,911.0,891.989
1784108940000,97.93,97.95,97.89,97.89,520.0,509.1722
1784109000000,97.9,97.95,97.9,97.94,1027.0,1005.745
1784109060000,97.95,97.95,97.84,97.84,655.0,641.0872
1784109120000,97.87,97.93,97.87,97.9,458.0,448.4637
1784109180000,97.87,97.92,97.85,97.92,1675.0,1639.5006
1784109240000,97.93,97.96,97.92,97.93,509.0,498.4824
1784109300000,97.92,97.95,97.92,97.92,508.0,497.4981
1784109360000,97.93,97.94,97.87,97.88,716.0,701.0256
1784109420000,97.9,97.96,97.89,97.94,1489.0,1458.0021
1784109480000,97.94,97.95,97.89,97.89,400.0,391.6401
1784109540000,97.9,97.92,97.89,97.9,516.0,505.201
1784109600000,97.91,97.92,97.84,97.85,1085.0,1062.0236
1784109660000,97.83,97.96,97.83,97.94,702.0,687.2438
1784109720000,97.95,98.05,97.95,98.05,691.0,677.2493
1784109780000,98.07,98.34,98.07,98.25,3698.0,3631.3543
1784109840000,98.27,98.35,98.27,98.33,1359.0,1335.9717
1784109900000,98.36,98.5,98.36,98.49,1919.0,1889.3662
1784109960000,98.51,98.54,98.51,98.51,921.0,907.3659
1784110020000,98.55,98.72,98.55,98.67,1446.0,1426.069
1784110080000,98.7,98.72,98.64,98.66,4025.0,3971.1648
1784110140000,98.68,98.69,98.57,98.67,2623.0,2587.836
1784110200000,98.68,98.72,98.66,98.71,1955.0,1929.3635
1784110260000,98.7,98.71,98.66,98.71,628.0,619.8328
1784110320000,98.71,98.71,98.63,98.65,3437.0,3390.442
1784110380000,98.65,98.66,98.64,98.64,1095.0,1080.1472
1784110440000,98.64,98.68,98.62,98.65,1917.0,1891.2385
1784110500000,98.7,98.82,98.7,98.75,5963.0,5889.0455
1784110560000,98.76,98.78,98.7,98.77,1376.0,1358.7378
1784110620000,98.79,98.81,98.73,98.73,1442.0,1424.3799
1784110680000,98.77,98.78,98.63,98.63,1819.0,1795.7134
1784110740000,98.64,98.66,98.41,98.5,2829.0,2787.6224
1784110800000,98.49,98.54,98.47,98.54,1968.0,1938.4871
1784110860000,98.55,98.59,98.53,98.56,1147.0,1130.4934
1784110920000,98.57,98.61,98.52,98.54,1930.0,1902.5163
1784110980000,98.52,98.55,98.23,98.26,2659.0,2618.306
1784111040000,98.27,98.32,98.27,98.27,1393.0,1369.1944
1784111100000,98.26,98.31,98.22,98.27,1208.0,1187.0868
1784111160000,98.26,98.28,98.21,98.21,1566.0,1538.6094
1784111220000,98.22,98.32,98.22,98.32,1485.0,1459.5997
1784111280000,98.33,98.33,98.22,98.25,1218.0,1196.8522
1784111340000,98.27,98.3,98.27,98.29,867.0,852.1542
1784111400000,98.3,98.38,98.26,98.37,1481.0,1456.1082
1784111460000,98.39,98.44,98.33,98.33,724.0,712.2667
1784111520000,98.33,98.35,98.31,98.32,1097.0,1078.5924
1784111580000,98.33,98.33,98.29,98.32,697.0,685.2829
1784111640000,98.32,98.34,98.32,98.34,783.0,769.9371
1784111700000,98.34,98.35,98.23,98.24,854.0,839.304
1784111760000,98.25,98.42,98.25,98.37,787.0,773.7857
1784111820000,98.38,98.45,98.37,98.44,1004.0,987.9608
1784111880000,98.44,98.44,98.34,98.39,1384.0,1361.5028
1784111940000,98.41,98.41,98.35,98.38,809.0,795.9086
1784112000000,98.39,98.41,98.32,98.32,521.0,512.5687
1784112060000,98.32,98.32,98.25,98.25,564.0,554.2651
1784112120000,98.27,98.29,98.25,98.27,790.0,776.3031
1784112180000,98.27,98.31,98.22,98.27,1649.0,1620.5819
1784112240000,98.28,98.31,98.24,98.28,712.0,699.7642
1784112300000,98.28,98.3,98.28,98.29,630.0,619.2255
1784112360000,98.31,98.4,98.31,98.36,1834.0,1803.6583
1784112420000,98.37,98.45,98.37,98.45,847.0,833.4647
1784112480000,98.44,98.47,98.39,98.4,709.0,697.8644
1784112540000,98.44,98.47,98.43,98.47,827.0,814.195
1784112600000,98.49,98.49,98.33,98.34,7602.0,7482.7184
1784112660000,98.35,98.35,98.21,98.21,1032.0,1014.3225
1784112720000,98.22,98.25,98.2,98.2,773.0,759.2463
1784112780000,98.21,98.21,98.08,98.08,595.0,584.0249
1784112840000,98.08,98.08,98.01,98.01,895.0,877.4106
1784112900000,98.01,98.03,97.94,97.94,476.0,466.348
1784112960000,97.95,98.01,97.94,98.01,738.0,723.1021
1784113020000,98.01,98.06,97.95,97.97,456.0,446.9468
1784113080000,97.96,98.05,97.96,98.05,796.0,780.1598
1784113140000,98.03,98.09,98.03,98.09,658.0,645.2956
1784113200000,98.1,98.11,98.02,98.09,1629.0,1597.7105
1784113260000,98.1,98.11,97.96,97.97,1411.0,1383.2121
1784113320000,97.98,98.04,97.97,98.03,505.0,494.9404
1784113380000,98.04,98.18,98.03,98.16,3281.0,3218.9458
1784113440000,98.17,98.26,98.15,98.22,1207.0,1185.0451
1784113500000,98.23,98.33,98.23,98.29,1199.0,1178.4436
1784113560000,98.29,98.37,98.28,98.35,928.0,912.5392
1784113620000,98.36,98.37,98.24,98.26,984.0,967.0393
1784113680000,98.27,98.31,98.26,98.31,958.0,941.5401
1784113740000,98.32,98.41,98.31,98.37,611.0,601.1105
1784113800000,98.37,98.38,98.3,98.3,1008.0,991.3574
1784113860000,98.31,98.33,98.28,98.32,790.0,776.6417
1784113920000,98.33,98.37,98.32,98.37,871.0,856.3975
1784113980000,98.38,98.39,98.35,98.37,969.0,953.2234
1784114040000,98.39,98.44,98.39,98.44,1785.0,1756.6191
1784114100000,98.45,98.47,98.37,98.38,1580.0,1554.888
1784114160000,98.39,98.39,98.33,98.34,898.0,883.169
1784114220000,98.34,98.34,98.28,98.33,794.0,780.6401
1784114280000,98.32,98.47,98.32,98.38,771.0
1784114340000,98.37,98.39,98.24,98.27,729.0
1784114400000,98.26,98.31,98.23,98.3,2186.0
1784114460000,98.3,98.38,98.3,98.36,539.0
1784114520000,98.36,98.36,98.25,98.29,921.0
1784114580000,98.29,98.29,98.25,98.27,857.0
1784114640000,98.27,98.28,98.1,98.1,1276.0
1784114700000,98.13,98.13,98.06,98.06,2595.0
1784114760000,98.05,98.13,98.05,98.11,1262.0
1784114820000,98.11,98.17,98.07,98.15,16336.0
1784114880000,98.15,98.25,98.13,98.19,1148.0
1784114940000,98.2,98.23,98.16,98.23,1061.0
1784115000000,98.24,98.24,98.09,98.12,2739.0
1784115060000,98.12,98.12,98.06,98.06,702.0
1784115120000,98.04,98.07,98.04,98.07,297.0
1784115180000,98.04,98.05,97.98,98.05,1521.0
1784115240000,98.04,98.1,98.04,98.06,1885.0
1784115300000,98.06,98.06,98.03,98.04,691.0
1784115360000,98.01,98.11,98.0,98.1,1910.0
1784115420000,98.08,98.1,98.08,98.1,517.0
1784115480000,98.11,98.18,98.11,98.17,1068.0
1784115540000,98.17,98.17,98.1,98.13,1061.0
1784115600000,98.14,98.14,98.02,98.02,444.0
1784115660000,97.98,98.0,97.97,97.99,720.0
1784115720000,97.99,98.04,97.97,98.04,1826.0
1784115780000,98.04,98.04,97.96,97.97,1085.0
1784115840000,97.97,97.97,97.94,97.94,749.0
1784115900000,97.95,98.11,97.94,98.11,2793.0
1784115960000,98.1,98.11,98.05,98.07,620.0
1784116020000,98.07,98.08,98.03,98.05,829.0
1784116080000,98.05,98.07,97.98,97.99,1138.0
1784116140000,97.98,98.02,97.95,97.97,615.0
1784116200000,97.97,98.03,97.97,98.03,787.0
1784116260000,98.03,98.07,97.93,98.03,1645.0
1784116320000,98.03,98.09,98.02,98.07,1144.0
1784116380000,98.09,98.09,98.06,98.08,1171.0
1784116440000,98.07,98.08,98.07,98.08,560.0
1784116500000,98.08,98.16,98.07,98.15,667.0
1784116560000,98.17,98.23,98.17,98.2,820.0
1784116620000,98.21,98.35,98.2,98.3,972.0
1784116680000,98.3,98.35,98.29,98.32,4332.0
1784116740000,98.32,98.36,98.3,98.3,1618.0
1784116800000,98.29,98.34,98.26,98.3,1169.0
1784116860000,98.29,98.31,98.26,98.28,771.0
1784116920000,98.25,98.28,98.24,98.27,731.0
1784116980000,98.28,98.28,98.24,98.27,746.0
1784117040000,98.27,98.27,98.23,98.23,493.0
1784117100000,98.22,98.22,98.02,98.08,641.0
1784117160000,98.08,98.1,98.01,98.08,4685.0
1784117220000,98.09,98.19,98.08,98.18,695.0
1784117280000,98.17,98.18,98.14,98.14,621.0
1784117340000,98.14,98.25,98.14,98.22,422.0
1784117400000,98.22,98.22,98.13,98.13,343.0
1784117460000,98.14,98.21,98.13,98.21,454.0
1784117520000,98.22,98.34,98.22,98.3,3369.0
1784117580000,98.29,98.29,98.19,98.19,778.0
1784117640000,98.19,98.25,98.18,98.2,721.0
1784117700000,98.23,98.31,98.23,98.3,808.0
1784132280000,96.55,96.59,96.44,96.49,2766.0,2668.7113
1784132340000,96.5,96.51,96.42,96.42,1558.0,1503.0152
1784132400000,96.42,96.42,96.09,96.16,5396.0,5189.8978
1784132460000,96.15,96.21,96.03,96.21,4442.0,4269.5242
1784132520000,96.17,96.31,96.15,96.31,1246.0,1199.0824
1784132580000,96.28,96.41,96.28,96.38,1091.0,1051.1667
1784132640000,96.41,96.41,96.24,96.27,1205.0,1160.4634
1784132700000,96.26,96.39,96.23,96.32,2013.0,1938.8015
1784132760000,96.33,96.48,96.33,96.47,876.0,844.6346
1784132820000,96.51,96.52,96.43,96.44,794.0,766.0564
1784132880000,96.48,96.59,96.48,96.57,2130.0,2056.6301
1784132940000,96.6,96.89,96.6,96.82,25220.0,24405.7518
1784133000000,96.81,96.85,96.73,96.73,1053.0,1019.2654
1784133060000,96.73,96.73,96.54,96.58,1215.0,1173.547
1784133120000,96.59,96.62,96.53,96.54,921.0,889.5444
1784133180000,96.55,96.55,96.28,96.3,1036.0,998.7065
1784133240000,96.31,96.35,96.21,96.23,882.0,849.1376
1784133300000,96.21,96.24,95.97,96.07,1680.0,1614.0572
1784133360000,96.08,96.11,95.84,95.92,3959.0,3800.8784
1784133420000,95.96,96.01,95.91,95.92,3097.0,2971.5397
1784133480000,95.89,95.97,95.53,95.62,60105.0,57446.2757
1784133540000,95.64,95.91,95.64,95.89,2317.0,2220.5144
1784133600000,95.86,95.9,95.81,95.82,1041.0,997.68
1784135760000,96.49,96.52,96.41,96.44,724.0
1784135820000,96.44,96.49,96.42,96.47,858.0
1784135880000,96.44,96.47,96.25,96.31,2073.0
1784135940000,96.26,96.36,96.26,96.31,1024.0
1784136000000,96.32,96.44,96.32,96.39,2339.0
1784136060000,96.4,96.43,96.37,96.42,806.0
1784136120000,96.4,96.59,96.4,96.59,932.0
1784136180000,96.59,96.59,96.54,96.55,1166.0
1784136240000,96.55,96.59,96.53,96.55,953.0
1784136300000,96.55,96.6,96.55,96.58,1165.0
1784136360000,96.57,96.57,96.48,96.48,1067.0
1784136420000,96.44,96.54,96.43,96.53,3278.0
1784136480000,96.53,96.54,96.45,96.46,1671.0
1784136540000,96.5,96.59,96.5,96.52,954.0
1784136600000,96.54,96.61,96.5,96.54,840.0
1784136660000,96.55,96.59,96.46,96.46,1008.0
1784136720000,96.46,96.52,96.45,96.51,1448.0
1784136780000,96.5,96.51,96.44,96.46,958.0
1784136840000,96.46,96.47,96.43,96.44,632.0
1784136900000,96.48,96.54,96.44,96.54,928.0
1784136960000,96.49,96.52,96.45,96.49,845.0
1784137020000,96.49,96.54,96.48,96.52,933.0
1784137080000,96.47,96.48,96.42,96.42,799.0
1784137140000,96.42,96.51,96.42,96.51,802.0
1784137200000,96.52,96.61,96.48,96.49,913.0
1784137260000,96.49,96.6,96.49,96.59,1045.0
1784137320000,96.58,96.58,96.44,96.53,1573.0
1784137380000,96.53,96.58,96.5,96.58,916.0
1784137440000,96.58,96.6,96.57,96.58,1007.0
1784137500000,96.58,96.64,96.48,96.59,2577.0
1784137560000,96.62,96.88,96.62,96.86,1077.0
1784137620000,96.88,96.88,96.74,96.74,982.0
1784137680000,96.72,96.72,96.46,96.5,3480.0
1784137740000,96.5,96.61,96.5,96.54,1248.0
1784137800000,96.57,96.61,96.57,96.61,724.0
1784137860000,96.6,96.62,96.53,96.55,1001.0
1784137920000,96.55,96.65,96.54,96.55,1228.0
1784137980000,96.56,96.6,96.55,96.59,973.0
1784138040000,96.58,96.7,96.58,96.67,994.0
1784138100000,96.67,96.74,96.67,96.71,943.0
1784138160000,96.72,96.77,96.67,96.73,4100.0
1784138220000,96.73,96.73,96.68,96.72,980.0
1784138280000,96.71,96.71,96.64,96.65,1178.0
1784138340000,96.65,96.69,96.64,96.65,851.0
1784138400000,96.63,96.72,96.63,96.72,2009.0
1784138460000,96.7,96.73,96.63,96.65,2481.0
1784138520000,96.64,96.69,96.63,96.67,356.0
1784138580000,96.7,96.78,96.67,96.75,766.0
1784138640000,96.77,96.82,96.76,96.81,605.0
1784138700000,96.81,96.85,96.78,96.81,701.0
1784138760000,96.81,96.87,96.8,96.85,559.0
1784138820000,96.8,96.8,96.74,96.77,1194.0
1784138880000,96.77,96.81,96.76,96.81,522.0
1784138940000,96.79,96.84,96.74,96.81,790.0
1784139000000,96.8,96.81,96.79,96.79,460.0
1784139060000,96.83,96.93,96.83,96.91,1101.0
1784139120000,96.91,96.98,96.9,96.95,638.0
1784139180000,96.97,97.06,96.97,97.0,1234.0
1784139240000,97.0,97.01,96.96,96.97,1792.0
1784139300000,96.97,96.97,96.83,96.83,733.0
1784139360000,96.82,96.82,96.73,96.78,1048.0
1784139420000,96.76,96.83,96.75,96.82,4031.0
1784139480000,96.82,96.91,96.81,96.88,864.0
1784139540000,96.89,97.0,96.89,97.0,445.0
1784139600000,97.0,97.11,97.0,97.04,7443.0
1784139660000,97.02,97.06,97.01,97.05,903.0
1784139720000,97.05,97.05,97.01,97.02,658.0
1784139780000,97.01,97.01,96.97,96.97,428.0
1784139840000,96.97,97.08,96.97,97.06,884.0
1784139900000,97.02,97.05,96.95,96.95,1426.0
1784139960000,96.96,96.98,96.92,96.97,896.0
1784140020000,96.97,97.07,96.97,97.07,813.0
1784140080000,97.05,97.09,97.05,97.06,881.0
1784140140000,97.06,97.06,96.98,96.98,847.0
1784140200000,96.97,97.04,96.96,97.0,905.0
1784140260000,97.0,97.12,96.85,96.88,3364.0
1784140320000,96.88,96.88,96.84,96.87,633.0
1784140380000,96.88,96.88,96.82,96.82,508.0
1784140440000,96.82,96.86,96.78,96.86,807.0
1784140500000,96.84,96.86,96.74,96.86,976.0
1784140560000,96.85,96.86,96.74,96.76,1016.0
1784140620000,96.8,96.8,96.74,96.74,772.0
1784140680000,96.74,96.81,96.74,96.78,1158.0
1784140740000,96.79,96.79,96.7,96.72,485.0
1784140800000,96.69,96.69,96.63,96.67,879.0
1784140860000,96.69,96.75,96.68,96.7,1019.0
1784140920000,96.7,96.7,96.63,96.65,733.0
1784140980000,96.64,96.67,96.63,96.64,895.0
1784141040000,96.64,96.64,96.54,96.55,1059.0
1784141100000,96.55,96.69,96.54,96.67,963.0
1784141160000,96.66,96.66,96.52,96.52,1682.0
1784141220000,96.53,96.75,96.5,96.75,3533.0
1784141280000,96.73,96.76,96.7,96.74,636.0
1784141340000,96.76,96.76,96.7,96.72,918.0
1784141400000,96.7,96.72,96.64,96.71,630.0
1784141460000,96.71,96.72,96.55,96.55,606.0
1784141520000,96.58,96.64,96.57,96.6,863.0
1784141580000,96.59,96.61,96.54,96.56,957.0
1784141640000,96.53,96.61,96.53,96.59,819.0
1784141700000,96.57,96.62,96.54,96.54,717.0
1784141760000,96.59,96.6,96.53,96.53,805.0
1784141820000,96.56,96.61,96.55,96.61,866.0
1784141880000,96.61,96.66,96.47,96.49,968.0
1784141940000,96.51,96.57,96.51,96.57,888.0
1784142000000,96.57,96.59,96.47,96.53,1004.0
1784142060000,96.53,96.6,96.52,96.59,708.0
1784142120000,96.59,96.64,96.59,96.64,684.0
1784142180000,96.67,96.71,96.62,96.7,843.0
1784142240000,96.71,96.76,96.7,96.74,873.0
1784142300000,96.74,96.75,96.67,96.69,7017.0
1784142360000,96.69,96.77,96.67,96.77,890.0
1784142420000,96.78,96.79,96.69,96.73,840.0
1784142480000,96.72,96.77,96.69,96.72,1047.0
1784142540000,96.72,96.75,96.72,96.74,775.0
1784142600000,96.74,96.77,96.72,96.76,700.0
1784142660000,96.75,96.75,96.71,96.72,336.0
1784142720000,96.7,96.77,96.56,96.63,2383.0
1784142780000,96.64,96.74,96.62,96.73,1015.0
1784142840000,96.72,96.77,96.7,96.77,867.0
1784142900000,96.77,96.78,96.73,96.78,918.0
1784142960000,96.74,96.76,96.72,96.75,884.0
1784143020000,96.78,96.78,96.64,96.69,982.0
1784143080000,96.69,96.74,96.69,96.7,860.0
1784143140000,96.68,96.74,96.68,96.71,1112.0
1784143200000,96.71,96.71,96.56,96.66,1071.0
1784143260000,96.64,96.77,96.64,96.77,1556.0
1784143320000,96.77,96.8,96.77,96.8,542.0
1784143380000,96.79,96.81,96.75,96.8,673.0
1784143440000,96.82,96.96,96.82,96.91,1060.0
1784143500000,96.92,96.93,96.87,96.9,584.0
1784143560000,96.9,96.94,96.9,96.94,503.0
1784143620000,96.95,96.95,96.78,96.78,827.0
1784143680000,96.78,96.91,96.78,96.91,544.0
1784143740000,96.91,97.04,96.91,96.99,1124.0
1784143800000,97.0,97.08,96.98,97.08,940.0
1784143860000,97.06,97.15,97.05,97.09,8645.0
1784143920000,97.11,97.11,96.95,96.95,825.0
1784143980000,96.97,97.07,96.97,97.03,675.0
1784144040000,97.04,97.05,96.95,96.97,998.0
1784144100000,96.97,96.97,96.84,96.86,771.0
1784144160000,96.86,96.88,96.83,96.88,821.0
1784144220000,96.9,96.91,96.85,96.89,1014.0
1784144280000,96.89,96.95,96.87,96.95,1075.0
1784144340000,96.95,96.95,96.9,96.92,1039.0
1784144400000,96.9,97.0,96.9,96.99,823.0
1784144460000,96.99,97.0,96.99,97.0,375.0
1784144520000,97.0,97.01,96.97,96.97,839.0
1784144580000,96.98,97.07,96.98,97.05,618.0
1784144640000,97.05,97.06,97.04,97.04,1199.0
1784144700000,96.99,97.03,96.99,97.02,639.0
1784144760000,97.03,97.03,96.95,96.98,627.0
1784144820000,96.98,96.98,96.94,96.95,1053.0
1784144880000,96.96,96.96,96.93,96.93,873.0
1784144940000,96.93,96.93,96.9,96.91,471.0
1784145000000,96.92,96.98,96.67,96.76,4966.0
1784145060000,96.75,96.81,96.75,96.8,827.0
1784145120000,96.79,96.81,96.77,96.77,880.0
1784145180000,96.77,96.81,96.77,96.8,892.0
1784145240000,96.8,96.81,96.79,96.79,730.0
1784145300000,96.82,96.91,96.81,96.91,406.0
1784145360000,96.91,96.91,96.87,96.87,682.0
1784145420000,96.87,96.89,96.8,96.8,717.0
1784145480000,96.8,96.81,96.76,96.81,858.0
1784145540000,96.83,96.83,96.77,96.77,872.0
1784145600000,96.78,96.84,96.73,96.84,1067.0
1784145660000,96.83,96.83,96.79,96.81,755.0
1784145720000,96.83,96.83,96.79,96.82,785.0
1784145780000,96.84,96.9,96.82,96.89,770.0
1784145840000,96.89,96.89,96.81,96.83,745.0
1784145900000,96.8,96.84,96.74,96.78,718.0
1784145960000,96.78,96.78,96.75,96.75,596.0
1784146020000,96.79,96.87,96.78,96.85,1009.0
1784146080000,96.86,96.9,96.86,96.9,845.0
1784146140000,96.89,96.94,96.78,96.87,7262.0
1784146200000,96.9,96.9,96.81,96.81,973.0
1784146260000,96.79,96.8,96.78,96.8,933.0
1784146320000,96.8,96.8,96.75,96.78,849.0
1784146380000,96.78,96.78,96.71,96.72,830.0
1784146440000,96.72,96.79,96.72,96.76,652.0
1784146500000,96.78,96.87,96.77,96.86,890.0
1784146560000,96.85,96.9,96.83,96.89,707.0
1784146620000,96.88,96.9,96.83,96.88,1005.0
1784146680000,96.88,96.91,96.88,96.89,1365.0
1784146740000,96.92,96.95,96.9,96.95,221.0
1784146800000,96.98,96.98,96.92,96.92,1026.0
1784146860000,96.93,96.93,96.91,96.92,876.0
1784146920000,96.93,96.93,96.88,96.9,1036.0
1784146980000,96.93,96.93,96.86,96.87,903.0
1784147040000,96.89,96.91,96.87,96.91,1051.0
1784147100000,96.93,96.96,96.9,96.92,931.0
1784147160000,96.92,96.95,96.86,96.86,6593.0
1784147220000,96.86,96.86,96.71,96.75,2030.0
1784147280000,96.75,96.76,96.73,96.75,949.0
1784147340000,96.76,96.79,96.74,96.76,1269.0
1784147400000,96.79,96.79,96.73,96.74,761.0
1784147460000,96.74,96.81,96.73,96.81,965.0
1784147520000,96.78,96.91,96.78,96.85,1607.0
1784147580000,96.84,96.85,96.81,96.83,1195.0
1784147640000,96.83,96.89,96.82,96.84,1839.0
1784147700000,96.85,96.86,96.79,96.84,1021.0
1784165760000,96.05,96.21,96.05,96.19,2724.0
1784165820000,96.16,96.17,96.12,96.12,1103.0
1784165880000,96.13,96.18,96.13,96.14,798.0
1784165940000,96.13,96.21,96.13,96.18,749.0
1784166000000,96.18,96.3,96.17,96.29,779.0
1784166060000,96.32,96.38,96.32,96.35,955.0
1784166120000,96.32,96.32,96.13,96.14,1239.0
1784166180000,96.13,96.13,96.04,96.04,847.0
1784166240000,96.03,96.07,96.03,96.05,1089.0
1784166300000,96.07,96.13,96.04,96.13,854.0
1784166360000,96.13,96.19,96.11,96.19,634.0
1784166420000,96.21,96.25,96.2,96.25,719.0
1784166480000,96.24,96.28,96.24,96.27,916.0
1784166540000,96.27,96.38,96.26,96.38,2006.0
1784166600000,96.37,96.41,96.33,96.41,808.0
1784166660000,96.4,96.4,96.17,96.23,28824.0
1784166720000,96.21,96.22,96.19,96.22,605.0
1784166780000,96.23,96.23,96.14,96.14,312.0
1784166840000,96.17,96.27,96.17,96.27,1445.0
1784166900000,96.27,96.43,96.26,96.42,2993.0
1784166960000,96.43,96.43,96.35,96.35,231.0
1784167020000,96.34,96.38,96.34,96.34,503.0
1784167080000,96.36,96.36,96.27,96.27,864.0
1784167140000,96.26,96.27,96.25,96.27,370.0
1784167200000,96.26,96.29,96.17,96.18,1562.0
1784167260000,96.18,96.2,96.14,96.14,427.0
1784167320000,96.15,96.18,96.12,96.14,1578.0
1784167380000,96.12,96.23,96.12,96.23,3635.0
1784167440000,96.21,96.24,96.14,96.16,713.0
1784167500000,96.15,96.17,96.13,96.16,576.0
1784167560000,96.14,96.16,96.13,96.14,874.0
1784167620000,96.14,96.16,96.13,96.13,802.0
1784167680000,96.15,96.18,96.15,96.15,571.0
1784167740000,96.15,96.15,96.04,96.04,213.0
1784167800000,96.02,96.02,96.02,96.02,11.0
1784167860000,96.04,96.04,95.97,95.97,149.0
1784167920000,95.98,96.1,95.98,96.07,2323.0
1784167980000,96.07,96.07,95.97,95.97,676.0
1784168040000,95.97,96.01,95.97,95.99,825.0
1784168100000,95.99,96.06,95.99,96.05,695.0
1784168160000,96.05,96.05,95.97,95.98,978.0
1784168220000,95.98,96.0,95.94,96.0,638.0
1784168280000,95.99,96.11,95.99,96.11,744.0
1784168340000,96.12,96.13,96.1,96.13,416.0
1784168400000,96.11,96.12,96.05,96.05,5585.0
1784168460000,96.05,96.05,96.03,96.03,513.0
1784168520000,96.03,96.06,96.01,96.06,485.0
1784168580000,96.05,96.21,96.05,96.2,816.0
1784168640000,96.2,96.25,96.2,96.25,720.0
1784168700000,96.26,96.29,96.23,96.29,903.0
1784168760000,96.3,96.3,96.2,96.2,970.0
1784168820000,96.22,96.26,96.18,96.21,973.0
1784168880000,96.21,96.24,96.21,96.24,542.0
1784168940000,96.24,96.24,96.18,96.23,512.0
1784169000000,96.23,96.26,96.2,96.24,1061.0
1784169060000,96.24,96.24,96.18,96.19,821.0
1784169120000,96.18,96.21,96.14,96.16,1843.0
1784169180000,96.17,96.21,96.14,96.19,781.0
1784169240000,96.15,96.23,96.15,96.23,1481.0
1784169300000,96.23,96.31,96.23,96.3,802.0
1784169360000,96.31,96.31,96.28,96.3,526.0
1784169420000,96.3,96.31,96.24,96.24,872.0
1784169480000,96.24,96.28,96.21,96.21,1919.0
1784169540000,96.21,96.29,96.2,96.22,887.0
1784169600000,96.22,96.28,96.22,96.28,642.0
1784169660000,96.29,96.31,96.25,96.25,801.0
1784169720000,96.25,96.26,96.24,96.25,794.0
1784169780000,96.24,96.26,96.24,96.24,1243.0
1784169840000,96.24,96.26,96.23,96.24,1013.0
1784169900000,96.24,96.26,96.21,96.26,794.0
1784169960000,96.26,96.27,96.24,96.24,930.0
1784170020000,96.25,96.25,96.2,96.23,541.0
1784170080000,96.25,96.27,96.25,96.27,430.0
1784170140000,96.27,96.37,96.27,96.33,983.0
1784170200000,96.34,96.39,96.34,96.39,492.0
1784170260000,96.39,96.4,96.38,96.4,645.0
1784170320000,96.41,96.45,96.41,96.45,672.0
1784170380000,96.45,96.5,96.45,96.5,637.0
1784170440000,96.5,96.54,96.5,96.53,1077.0
1784170500000,96.52,96.57,96.52,96.57,1020.0
1784170560000,96.56,96.57,96.53,96.53,993.0
1784170620000,96.52,96.55,96.49,96.5,1270.0
1784170680000,96.51,96.57,96.5,96.56,614.0
1784170740000,96.57,96.61,96.57,96.59,4538.0
1784170800000,96.6,96.62,96.58,96.58,931.0
1784170860000,96.59,96.63,96.59,96.61,668.0
1784170920000,96.62,96.66,96.61,96.66,509.0
1784170980000,96.66,96.67,96.6,96.64,2185.0
1784171040000,96.64,96.64,96.55,96.55,302.0
1784171100000,96.56,96.56,96.47,96.5,2282.0
1784171160000,96.49,96.5,96.45,96.48,1156.0
1784171220000,96.49,96.49,96.43,96.43,970.0
1784171280000,96.43,96.46,96.43,96.46,427.0
1784171340000,96.49,96.49,96.45,96.45,554.0
1784171400000,96.44,96.47,96.42,96.44,1377.0
1784171460000,96.48,96.51,96.47,96.48,722.0
1784171520000,96.47,96.51,96.46,96.47,1114.0
1784171580000,96.48,96.49,96.46,96.48,777.0
1784171640000,96.48,96.5,96.47,96.47,738.0
1784171700000,96.46,96.5,96.44,96.5,723.0
1784171760000,96.49,96.5,96.44,96.44,921.0
1784171820000,96.44,96.45,96.33,96.33,885.0
1784171880000,96.32,96.32,96.18,96.25,1847.0
1784171940000,96.25,96.25,96.2,96.24,1543.0
1784172000000,96.24,96.25,96.22,96.22,1032.0
1784172060000,96.22,96.23,96.2,96.22,1011.0
1784172120000,96.22,96.28,96.21,96.27,862.0
1784172180000,96.24,96.24,96.2,96.2,998.0
1784172240000,96.2,96.2,96.13,96.13,278.0
1784172300000,96.18,96.21,96.16,96.21,886.0
1784172360000,96.22,96.27,96.2,96.27,613.0
1784172420000,96.26,96.29,96.24,96.29,741.0
1784172480000,96.26,96.39,96.26,96.39,519.0
1784172540000,96.39,96.41,96.39,96.41,606.0
1784172600000,96.42,96.43,96.34,96.43,582.0
1784172660000,96.45,96.5,96.41,96.42,573.0
1784172720000,96.41,96.42,96.34,96.39,761.0
1784172780000,96.39,96.4,96.36,96.39,735.0
1784172840000,96.39,96.41,96.36,96.36,1023.0
1784172900000,96.35,96.35,96.32,96.35,2048.0
1784172960000,96.37,96.37,96.29,96.29,830.0
1784173020000,96.28,96.3,96.24,96.24,506.0
1784173080000,96.24,96.26,96.24,96.26,857.0
1784173140000,96.26,96.26,96.24,96.25,550.0
1784173200000,96.27,96.29,96.27,96.28,989.0
1784173260000,96.28,96.29,96.24,96.25,620.0
1784173320000,96.25,96.26,96.23,96.23,654.0
1784173380000,96.23,96.26,96.23,96.24,633.0
1784173440000,96.22,96.25,96.22,96.23,268.0
1784173500000,96.24,96.24,96.17,96.19,856.0
1784173560000,96.22,96.22,96.15,96.16,1027.0
1784173620000,96.16,96.16,96.09,96.14,1188.0
1784173680000,96.12,96.12,96.05,96.08,887.0
1784173740000,96.08,96.08,96.05,96.05,491.0
1784173800000,96.06,96.11,96.05,96.11,1022.0
1784173860000,96.1,96.13,96.08,96.13,695.0
1784173920000,96.15,96.15,96.11,96.11,482.0
1784173980000,96.12,96.13,96.11,96.13,748.0
1784174040000,96.13,96.16,96.13,96.16,586.0
1784174100000,96.2,96.2,96.18,96.18,576.0
1784174160000,96.18,96.2,96.18,96.18,547.0
1784174220000,96.2,96.21,96.19,96.21,445.0
1784174280000,96.21,96.21,96.21,96.21,290.0
1784174340000,96.22,96.23,96.22,96.23,534.0
1784174400000,96.23,96.26,96.2,96.25,702.0
1784174460000,96.25,96.28,96.25,96.27,623.0
1784174520000,96.24,96.25,96.23,96.24,477.0
1784174580000,96.25,96.25,96.22,96.22,736.0
1784174640000,96.22,96.22,96.13,96.16,465.0
1784174700000,96.16,96.19,96.14,96.14,475.0
1784174760000,96.14,96.16,96.13,96.13,654.0
1784174820000,96.14,96.17,96.14,96.17,554.0
1784174880000,96.19,96.21,96.15,96.15,365.0
1784174940000,96.15,96.16,96.13,96.15,462.0
1784175000000,96.16,96.25,96.16,96.25,268.0
1784175060000,96.27,96.38,96.27,96.36,443.0
1784175120000,96.36,96.4,96.36,96.38,217.0
1784175180000,96.4,96.41,96.4,96.4,223.0
1784175240000,96.41,96.43,96.39,96.39,359.0
1784175300000,96.39,96.39,96.3,96.31,499.0
1784175360000,96.3,96.31,96.24,96.24,608.0
1784175420000,96.23,96.3,96.23,96.27,170.0
1784175480000,96.26,96.29,96.26,96.26,407.0
1784175540000,96.25,96.25,96.17,96.22,770.0
1784175600000,96.22,96.23,96.21,96.22,325.0
1784175660000,96.26,96.26,96.22,96.22,672.0
1784175720000,96.22,96.22,96.14,96.14,1653.0
1784175780000,96.14,96.15,96.14,96.14,307.0
1784175840000,96.13,96.28,96.06,96.27,10731.0
1784175900000,96.28,96.31,96.22,96.25,2094.0
1784175960000,96.24,96.24,96.14,96.21,1010.0
1784176020000,96.19,96.23,96.19,96.19,868.0
1784176080000,96.18,96.23,96.17,96.17,876.0
1784176140000,96.17,96.26,96.17,96.24,975.0
1784176200000,96.26,96.26,96.18,96.2,1038.0
1784176260000,96.2,96.25,96.18,96.25,640.0
1784176320000,96.24,96.24,96.14,96.14,782.0
1784176380000,96.13,96.17,96.13,96.16,1016.0
1784176440000,96.15,96.17,96.15,96.17,316.0
1784176500000,96.16,96.19,96.16,96.18,633.0
1784176560000,96.19,96.19,96.13,96.13,781.0
1784176620000,96.14,96.16,96.13,96.15,904.0
1784176680000,96.15,96.16,96.13,96.14,516.0
1784176740000,96.14,96.18,96.14,96.18,417.0
1784176800000,96.18,96.18,96.13,96.14,779.0
1784176860000,96.14,96.2,96.13,96.19,1159.0
1784176920000,96.19,96.25,96.19,96.23,822.0
1784176980000,96.23,96.24,96.19,96.2,897.0
1784177040000,96.2,96.24,96.18,96.2,998.0
1784177100000,96.18,96.23,96.18,96.22,800.0
1784177160000,96.22,96.26,96.22,96.25,514.0
1784177220000,96.25,96.27,96.17,96.17,2980.0
1784177280000,96.18,96.23,96.18,96.23,898.0
1784177340000,96.22,96.26,96.21,96.23,869.0
1784177400000,96.24,96.24,96.15,96.15,818.0
1784177460000,96.15,96.15,96.08,96.09,1100.0
1784177520000,96.09,96.15,96.09,96.15,733.0
1784177580000,96.14,96.16,96.14,96.16,622.0
1784177640000,96.16,96.16,96.12,96.13,637.0
1784177700000,96.13,96.16,96.11,96.15,1048.0
1784195760000,94.7,94.73,94.7,94.73,58.0
1784195820000,94.74,94.75,94.74,94.75,134.0
1784195880000,94.75,94.75,94.73,94.73,125.0
1784195940000,94.7,94.72,94.7,94.71,119.0
1784196000000,94.72,94.75,94.7,94.72,429.0
1784196060000,94.71,94.71,94.61,94.61,1541.0
1784196120000,94.65,94.71,94.58,94.59,962.0
1784196180000,94.61,94.63,94.6,94.6,481.0
1784196240000,94.59,94.62,94.56,94.61,816.0
1784196300000,94.62,94.66,94.62,94.64,373.0
1784196360000,94.64,94.66,94.64,94.64,477.0
1784196420000,94.64,94.69,94.63,94.65,700.0
1784196480000,94.66,94.71,94.66,94.7,176.0
1784196540000,94.69,94.71,94.69,94.69,601.0
1784196600000,94.69,94.69,94.61,94.61,226.0
1784196660000,94.62,94.62,94.6,94.6,269.0
1784196720000,94.59,94.59,94.53,94.53,555.0
1784196780000,94.54,94.57,94.53,94.57,828.0
1784196840000,94.57,94.57,94.56,94.56,129.0
1784196900000,94.54,94.54,94.53,94.53,434.0
1784196960000,94.54,94.54,94.52,94.52,106.0
1784197020000,94.49,94.53,94.49,94.53,735.0
1784197080000,94.55,94.66,94.55,94.66,673.0
1784197140000,94.69,94.73,94.69,94.73,225.0
1784197200000,94.72,94.79,94.72,94.79,350.0
1784197260000,94.78,94.81,94.78,94.79,427.0
1784197320000,94.79,94.92,94.78,94.81,1854.0
1784197380000,94.8,94.87,94.79,94.87,578.0
1784197440000,94.87,94.87,94.8,94.84,668.0
1784197500000,94.84,94.84,94.69,94.69,5421.0
1784197560000,94.68,94.72,94.67,94.71,816.0
1784197620000,94.7,94.74,94.64,94.73,7311.0
1784197680000,94.74,94.8,94.74,94.8,813.0
1784197740000,94.79,94.79,94.75,94.77,321.0
1784197800000,94.76,94.8,94.75,94.76,1004.0
1784197860000,94.76,94.81,94.74,94.8,1085.0
1784197920000,94.8,94.94,94.8,94.93,525.0
1784197980000,94.93,94.94,94.85,94.89,1039.0
1784198040000,94.89,94.89,94.84,94.87,764.0
1784198100000,94.88,94.89,94.81,94.88,804.0
1784198160000,94.87,94.9,94.86,94.88,1212.0
1784198220000,94.86,94.86,94.78,94.83,701.0
1784198280000,94.83,94.84,94.83,94.83,809.0
1784198340000,94.81,94.81,94.73,94.76,499.0
1784198400000,94.75,94.77,94.73,94.75,1013.0
1784198460000,94.75,94.8,94.74,94.77,698.0
1784198520000,94.77,94.77,94.7,94.72,552.0
1784198580000,94.72,94.77,94.72,94.75,634.0
1784198640000,94.72,94.8,94.72,94.8,945.0
1784198700000,94.78,94.8,94.78,94.79,69.0
1784198760000,94.77,94.78,94.77,94.78,39.0
1784198820000,94.74,94.74,94.73,94.74,115.0
1784198880000,94.81,94.81,94.79,94.8,338.0
1784198940000,94.8,94.8,94.68,94.71,449.0
1784199000000,94.7,94.71,94.68,94.71,309.0
1784199060000,94.7,94.7,94.67,94.68,248.0
1784199120000,94.67,94.7,94.67,94.69,353.0
1784199180000,94.69,94.69,94.67,94.69,121.0
1784199240000,94.69,94.69,94.61,94.61,723.0
1784199300000,94.59,94.64,94.58,94.64,734.0
1784199360000,94.61,94.61,94.6,94.6,531.0
1784199420000,94.64,94.68,94.64,94.68,828.0
1784199480000,94.67,94.71,94.64,94.71,604.0
1784199540000,94.71,94.71,94.68,94.68,599.0
1784199600000,94.7,94.7,94.57,94.57,615.0
1784199660000,94.56,94.56,94.49,94.52,348.0
1784199720000,94.51,94.52,94.46,94.46,530.0
1784199780000,94.48,94.51,94.47,94.47,970.0
1784199840000,94.46,94.46,94.43,94.43,364.0
1784199900000,94.44,94.44,94.36,94.38,383.0
1784199960000,94.38,94.39,94.36,94.39,1443.0
1784200020000,94.39,94.39,94.34,94.37,534.0
1784200080000,94.39,94.39,94.39,94.39,235.0
1784200140000,94.37,94.37,94.34,94.34,661.0
1784200200000,94.34,94.35,94.3,94.34,415.0
1784200260000,94.34,94.44,94.34,94.42,766.0
1784200320000,94.44,94.46,94.44,94.46,651.0
1784200380000,94.46,94.47,94.44,94.47,446.0
1784200440000,94.47,94.48,94.47,94.48,246.0
1784200500000,94.51,94.51,94.44,94.44,82.0
1784200560000,94.42,94.42,94.36,94.38,1712.0
1784200620000,94.39,94.39,94.35,94.37,986.0
1784200680000,94.38,94.38,94.35,94.36,614.0
1784200740000,94.39,94.44,94.39,94.39,622.0
1784200800000,94.39,94.44,94.39,94.41,931.0
1784200860000,94.42,94.46,94.41,94.45,1035.0
1784200920000,94.47,94.5,94.47,94.5,201.0
1784200980000,94.52,94.55,94.5,94.54,973.0
1784201040000,94.55,94.55,94.49,94.51,430.0
1784201100000,94.49,94.53,94.47,94.51,578.0
1784201160000,94.5,94.5,94.39,94.4,838.0
1784201220000,94.45,94.55,94.44,94.47,2733.0
1784201280000,94.48,94.48,94.41,94.41,636.0
1784201340000,94.39,94.39,94.34,94.36,764.0
1784201400000,94.37,94.39,94.34,94.34,638.0
1784201460000,94.35,94.35,94.32,94.33,726.0
1784201520000,94.31,94.31,94.23,94.26,7130.0
1784201580000,94.26,94.26,94.24,94.24,106.0
1784201640000,94.24,94.24,94.23,94.24,361.0
1784201700000,94.25,94.27,94.25,94.26,561.0
1784201760000,94.25,94.26,94.23,94.23,381.0
1784201820000,94.24,94.24,94.2,94.2,280.0
1784201880000,94.2,94.2,94.06,94.06,560.0
1784201940000,94.06,94.11,94.05,94.09,943.0
1784202000000,94.09,94.16,94.09,94.13,783.0
1784202060000,94.14,94.16,94.1,94.15,875.0
1784202120000,94.15,94.2,94.15,94.2,514.0
1784202180000,94.2,94.22,94.18,94.22,479.0
1784202240000,94.28,94.28,94.17,94.19,1768.0
1784202300000,94.18,94.22,94.18,94.18,660.0
1784202360000,94.2,94.2,94.14,94.15,482.0
1784202420000,94.14,94.18,94.13,94.15,284.0
1784202480000,94.13,94.18,93.57,94.0,47167.0
1784202540000,94.02,94.07,93.76,93.82,16567.0
1784202600000,93.85,93.9,93.79,93.87,1292.0
1784202660000,93.88,93.91,93.88,93.91,596.0
1784202720000,93.92,93.95,93.92,93.95,359.0
1784202780000,93.95,94.01,93.95,94.01,556.0
1784202840000,94.02,94.02,93.97,94.0,361.0
1784202900000,94.0,94.0,93.97,93.97,602.0
1784202960000,94.0,94.01,93.96,94.01,1090.0
1784203020000,94.02,94.05,94.02,94.04,459.0
1784203080000,94.04,94.12,94.04,94.1,504.0
1784203140000,94.11,94.11,94.03,94.03,653.0
1784203200000,94.03,94.03,93.94,93.94,603.0
1784203260000,93.96,93.99,93.93,93.93,545.0
1784203320000,93.94,93.95,93.89,93.94,401.0
1784203380000,93.95,93.95,93.9,93.9,506.0
1784203440000,93.91,93.94,93.89,93.89,358.0
1784203500000,93.9,93.97,93.9,93.93,614.0
1784203560000,93.94,93.97,93.94,93.95,697.0
1784203620000,93.96,93.97,93.94,93.94,503.0
1784203680000,93.94,93.96,93.92,93.92,155.0
1784203740000,93.93,93.93,93.84,93.84,631.0
1784203800000,93.88,93.89,93.83,93.85,438.0
1784203860000,93.86,93.89,93.82,93.82,791.0
1784203920000,93.81,93.83,93.76,93.76,959.0
1784203980000,93.78,93.84,93.77,93.84,593.0
1784204040000,93.84,93.85,93.8,93.8,807.0
1784204100000,93.82,93.86,93.78,93.8,1072.0
1784204160000,93.76,93.76,93.73,93.73,506.0
1784204220000,93.74,93.76,93.7,93.76,1049.0
1784204280000,93.76,93.8,93.74,93.8,824.0
1784204340000,93.82,93.87,93.81,93.87,2080.0
1784204400000,93.85,93.9,93.85,93.89,646.0
1784204460000,93.89,94.01,93.75,93.91,7082.0
1784204520000,93.9,93.92,93.87,93.91,806.0
1784204580000,93.91,93.99,93.9,93.99,1254.0
1784204640000,93.99,93.99,93.94,93.96,730.0
1784204700000,93.94,94.0,93.94,93.95,3836.0
1784204760000,93.98,94.01,93.96,93.97,509.0
1784204820000,93.94,93.95,93.91,93.95,1099.0
1784204880000,93.96,94.04,93.96,94.0,534.0
1784204940000,93.99,94.07,93.98,94.07,770.0
1784205000000,94.08,94.13,94.07,94.13,1380.0
1784205060000,94.12,94.12,94.01,94.06,756.0
1784205120000,94.05,94.06,94.01,94.05,906.0
1784205180000,94.05,94.07,94.02,94.04,789.0
1784205240000,94.03,94.04,93.97,93.99,649.0
1784205300000,93.99,94.0,93.93,93.94,516.0
1784205360000,93.94,93.94,93.86,93.88,716.0
1784205420000,93.85,93.86,93.62,93.65,1181.0
1784205480000,93.66,93.79,93.63,93.72,819.0
1784205540000,93.74,93.77,93.68,93.7,1403.0
1784205600000,93.7,93.85,93.68,93.77,1446.0
1784205660000,93.76,93.78,93.62,93.62,2070.0
1784205720000,93.63,93.76,93.6,93.75,1976.0
1784205780000,93.75,93.76,93.69,93.75,883.0
1784205840000,93.72,93.73,93.67,93.7,644.0
1784205900000,93.68,93.7,93.65,93.69,890.0
1784205960000,93.67,93.89,93.66,93.89,509.0
1784206020000,93.88,93.91,93.77,93.89,4188.0
1784206080000,93.89,93.94,93.86,93.93,943.0
1784206140000,93.93,93.95,93.88,93.95,9684.0
1784206200000,93.94,93.97,93.91,93.93,1558.0
1784206260000,93.96,93.97,93.9,93.91,759.0
1784206320000,93.87,93.96,93.87,93.91,896.0
1784206380000,93.9,93.96,93.9,93.95,755.0
1784206440000,93.96,94.01,93.91,93.96,3066.0
1784206500000,93.97,93.97,93.85,93.92,868.0
1784206560000,93.91,93.91,93.86,93.91,637.0
1784206620000,93.91,93.98,93.88,93.98,1005.0
1784206680000,93.97,93.97,93.96,93.97,650.0
1784206740000,93.97,94.0,93.97,93.98,527.0
1784206800000,93.98,94.05,93.98,94.05,832.0
1784206860000,94.05,94.09,94.02,94.04,782.0
1784206920000,94.03,94.04,93.97,93.98,571.0
1784206980000,93.97,94.03,93.93,94.02,929.0
1784207040000,94.03,94.03,93.94,93.96,999.0
1784207100000,93.97,93.99,93.94,93.99,917.0
1784207160000,93.98,93.99,93.94,93.99,892.0
1784207220000,94.0,94.07,93.98,94.07,402.0
1784207280000,94.07,94.08,94.06,94.08,348.0
1784207340000,94.08,94.11,94.08,94.1,109.0
1784207400000,94.09,94.15,94.08,94.14,768.0
1784207460000,94.15,94.15,94.07,94.14,846.0
1784207520000,94.13,94.16,94.1,94.12,8714.0
1784207580000,94.12,94.17,94.09,94.17,2772.0
1784207640000,94.18,94.24,94.18,94.2,825.0
1784207700000,94.2,94.23,94.2,94.21,759.0
1784225760000,92.06,92.16,92.06,92.14,1117.0
1784225820000,92.14,92.17,92.1,92.14,1246.0
1784225880000,92.15,92.15,92.14,92.14,631.0
1784225940000,92.13,92.17,92.12,92.16,368.0
1784226000000,92.16,92.21,92.11,92.2,3421.0
1784226060000,92.2,92.35,92.2,92.35,521.0
1784226120000,92.32,92.44,92.3,92.44,1150.0
1784226180000,92.44,92.68,92.44,92.68,2326.0
1784226240000,92.68,92.71,92.61,92.61,1360.0
1784226300000,92.64,92.64,92.52,92.52,848.0
1784226360000,92.42,92.53,92.42,92.5,2812.0
1784226420000,92.47,92.53,92.44,92.47,610.0
1784226480000,92.42,92.46,92.38,92.41,1108.0
1784226540000,92.39,92.41,92.33,92.4,1140.0
1784226600000,92.4,92.41,92.37,92.38,1064.0
1784226660000,92.39,92.49,92.39,92.43,1132.0
1784226720000,92.41,92.43,92.37,92.37,1241.0
1784226780000,92.35,92.4,92.33,92.34,998.0
1784226840000,92.33,92.41,92.29,92.29,1458.0
1784226900000,92.3,92.3,92.23,92.25,2195.0
1784226960000,92.23,92.23,92.15,92.19,389.0
1784227020000,92.19,92.29,92.19,92.26,1113.0
1784227080000,92.26,92.3,92.23,92.3,2176.0
1784227140000,92.3,92.31,92.28,92.31,727.0
1784227200000,92.32,92.41,92.31,92.41,1736.0
1784227260000,92.41,92.47,92.4,92.47,941.0
1784227320000,92.47,92.47,92.37,92.43,1796.0
1784227380000,92.44,92.45,92.36,92.4,896.0
1784227440000,92.4,92.4,92.34,92.38,616.0
1784227500000,92.34,92.47,92.32,92.41,2279.0
1784227560000,92.41,92.45,92.37,92.39,846.0
1784227620000,92.38,92.44,92.38,92.38,886.0
1784227680000,92.38,92.47,92.38,92.44,748.0
1784227740000,92.44,92.47,92.42,92.46,446.0
1784227800000,92.45,92.51,92.45,92.51,1235.0
1784227860000,92.51,92.62,92.51,92.58,1728.0
1784227920000,92.57,92.57,92.49,92.5,1876.0
1784227980000,92.5,92.5,92.45,92.49,1694.0
1784228040000,92.49,92.5,92.47,92.48,514.0
1784228100000,92.46,92.46,92.43,92.43,208.0
1784228160000,92.42,92.49,92.42,92.48,894.0
1784228220000,92.5,92.5,92.44,92.46,540.0
1784228280000,92.46,92.49,92.43,92.46,1137.0
1784228340000,92.46,92.47,92.44,92.44,2115.0
1784228400000,92.43,92.53,92.43,92.5,540.0
1784228460000,92.52,92.52,92.47,92.48,1519.0
1784228520000,92.47,92.52,92.46,92.49,736.0
1784228580000,92.47,92.54,92.45,92.53,1021.0
1784228640000,92.52,92.55,92.5,92.5,868.0
1784228700000,92.53,92.56,92.5,92.55,751.0
1784228760000,92.57,92.58,92.45,92.45,645.0
1784228820000,92.43,92.44,92.39,92.42,1229.0
1784228880000,92.42,92.49,92.42,92.49,902.0
1784228940000,92.48,92.5,92.47,92.5,310.0
1784229000000,92.47,92.49,92.46,92.47,1298.0
1784229060000,92.48,92.49,92.42,92.47,1500.0
1784229120000,92.44,92.47,92.44,92.44,769.0
1784229180000,92.45,92.45,92.4,92.41,899.0
1784229240000,92.41,92.42,92.39,92.41,657.0
1784229300000,92.4,92.43,92.37,92.4,1087.0
1784229360000,92.41,92.5,92.41,92.46,721.0
1784229420000,92.46,92.47,92.4,92.4,603.0
1784229480000,92.37,92.44,92.37,92.44,571.0
1784229540000,92.45,92.45,92.39,92.39,478.0
1784229600000,92.4,92.41,92.39,92.39,870.0
1784229660000,92.39,92.47,92.39,92.46,254.0
1784229720000,92.48,92.48,92.36,92.39,530.0
1784229780000,92.41,92.41,92.35,92.37,887.0
1784229840000,92.37,92.4,92.35,92.39,734.0
1784229900000,92.42,92.42,92.36,92.38,870.0
1784229960000,92.37,92.37,92.28,92.28,590.0
1784230020000,92.26,92.3,92.23,92.24,844.0
1784230080000,92.25,92.35,92.24,92.34,1097.0
1784230140000,92.34,92.37,92.34,92.34,566.0
1784230200000,92.3,92.39,92.3,92.37,629.0
1784230260000,92.36,92.36,92.28,92.28,691.0
1784230320000,92.28,92.29,92.27,92.29,715.0
1784230380000,92.28,92.33,92.28,92.33,1333.0
1784230440000,92.32,92.37,92.32,92.35,840.0
1784230500000,92.33,92.34,92.28,92.31,790.0
1784230560000,92.31,92.31,92.24,92.24,215.0
1784230620000,92.23,92.32,92.23,92.3,999.0
1784230680000,92.31,92.4,92.3,92.39,1107.0
1784230740000,92.39,92.39,92.36,92.37,549.0
1784230800000,92.37,92.37,92.31,92.33,1573.0
1784230860000,92.35,92.39,92.35,92.36,878.0
1784230920000,92.36,92.36,92.34,92.35,400.0
1784230980000,92.34,92.34,92.31,92.32,791.0
1784231040000,92.33,92.33,92.3,92.31,219.0
1784231100000,92.3,92.3,92.26,92.27,784.0
1784231160000,92.27,92.27,92.18,92.19,1243.0
1784231220000,92.19,92.26,92.17,92.26,487.0
1784231280000,92.25,92.25,92.22,92.23,805.0
1784231340000,92.23,92.32,92.23,92.32,496.0
1784231400000,92.32,92.45,92.28,92.43,2918.0
1784231460000,92.44,92.49,92.44,92.44,603.0
1784231520000,92.44,92.44,92.39,92.42,286.0
1784231580000,92.4,92.41,92.38,92.39,631.0
1784231640000,92.38,92.4,92.34,92.38,414.0
1784231700000,92.41,92.41,92.36,92.39,545.0
1784231760000,92.4,92.4,92.36,92.37,768.0
1784231820000,92.37,92.38,92.36,92.37,547.0
1784231880000,92.37,92.37,92.36,92.37,797.0
1784231940000,92.36,92.45,92.33,92.39,992.0
1784232000000,92.38,92.38,92.29,92.31,564.0
1784232060000,92.3,92.3,92.22,92.25,2713.0
1784232120000,92.26,92.28,92.22,92.28,3032.0
1784232180000,92.27,92.28,92.25,92.26,4786.0
1784232240000,92.22,92.22,92.2,92.22,569.0
1784232300000,92.21,92.22,92.2,92.22,517.0
1784232360000,92.24,92.28,92.24,92.28,715.0
1784232420000,92.28,92.3,92.28,92.3,351.0
1784232480000,92.3,92.3,92.28,92.3,1916.0
1784232540000,92.3,92.4,92.3,92.37,1096.0
1784232600000,92.38,92.38,92.31,92.33,791.0
1784232660000,92.34,92.34,92.31,92.31,738.0
1784232720000,92.3,92.31,92.28,92.3,156.0
1784232780000,92.28,92.33,92.28,92.29,740.0
1784232840000,92.29,92.31,92.29,92.31,603.0
1784232900000,92.34,92.34,92.19,92.19,730.0
1784232960000,92.18,92.22,92.18,92.18,2688.0
1784233020000,92.18,92.2,92.17,92.19,445.0
1784233080000,92.24,92.27,92.22,92.26,1866.0
1784233140000,92.26,92.28,92.25,92.28,329.0
1784233200000,92.32,92.38,92.32,92.34,804.0
1784233260000,92.35,92.35,92.33,92.35,501.0
1784233320000,92.35,92.37,92.32,92.36,1114.0
1784233380000,92.36,92.38,92.36,92.38,2421.0
1784233440000,92.38,92.38,92.28,92.29,743.0
1784233500000,92.29,92.29,92.27,92.28,1147.0
1784233560000,92.28,92.3,92.28,92.3,364.0
1784233620000,92.31,92.34,92.31,92.34,850.0
1784233680000,92.3,92.32,92.29,92.29,541.0
1784233740000,92.28,92.28,92.25,92.25,707.0
1784233800000,92.25,92.25,92.15,92.17,541.0
1784233860000,92.17,92.17,92.15,92.16,668.0
1784233920000,92.15,92.24,92.15,92.24,649.0
1784233980000,92.25,92.28,92.25,92.28,359.0
1784234040000,92.27,92.3,92.27,92.3,370.0
1784234100000,92.3,92.31,92.3,92.3,516.0
1784234160000,92.31,92.31,92.29,92.3,746.0
1784234220000,92.3,92.35,92.29,92.3,512.0
1784234280000,92.29,92.29,92.24,92.24,384.0
1784234340000,92.24,92.27,92.24,92.27,505.0
1784234400000,92.27,92.33,92.25,92.26,14075.0
1784234460000,92.24,92.24,92.19,92.19,647.0
1784234520000,92.18,92.18,92.16,92.17,60.0
1784234580000,92.16,92.16,92.15,92.15,26.0
1784234640000,92.16,92.18,92.16,92.17,440.0
1784234700000,92.17,92.22,92.16,92.22,1399.0
1784234760000,92.21,92.21,92.15,92.16,669.0
1784234820000,92.15,92.18,92.15,92.17,464.0
1784234880000,92.17,92.18,92.16,92.17,399.0
1784234940000,92.17,92.19,92.17,92.18,423.0
1784235000000,92.18,92.23,92.18,92.23,668.0
1784235060000,92.23,92.29,92.22,92.29,650.0
1784235120000,92.28,92.31,92.28,92.31,667.0
1784235180000,92.32,92.34,92.32,92.33,209.0
1784235240000,92.33,92.35,92.32,92.32,530.0
1784235300000,92.33,92.33,92.33,92.33,672.0
1784235360000,92.33,92.37,92.33,92.36,503.0
1784235420000,92.35,92.37,92.32,92.34,1954.0
1784235480000,92.34,92.34,92.25,92.27,11973.0
1784235540000,92.28,92.28,92.26,92.27,190.0
1784235600000,92.27,92.29,92.25,92.28,555.0
1784235660000,92.28,92.28,92.27,92.28,713.0
1784235720000,92.28,92.28,92.16,92.17,460.0
1784235780000,92.15,92.18,92.15,92.17,412.0
1784235840000,92.2,92.27,92.2,92.27,3267.0
1784235900000,92.27,92.31,92.26,92.31,543.0
1784235960000,92.31,92.34,92.3,92.3,407.0
1784236020000,92.29,92.31,92.25,92.25,903.0
1784236080000,92.24,92.26,92.24,92.24,607.0
1784236140000,92.26,92.35,92.25,92.33,4922.0
1784236200000,92.31,92.33,92.31,92.33,238.0
1784236260000,92.33,92.34,92.28,92.29,1187.0
1784236320000,92.3,92.35,92.29,92.34,512.0
1784236380000,92.31,92.31,92.13,92.17,3983.0
1784236440000,92.16,92.2,92.14,92.15,404.0
1784236500000,92.16,92.24,92.15,92.24,1815.0
1784236560000,92.24,92.25,92.23,92.24,893.0
1784236620000,92.23,92.24,92.21,92.24,941.0
1784236680000,92.25,92.25,92.23,92.25,499.0
1784236740000,92.23,92.31,92.23,92.29,629.0
1784236800000,92.3,92.32,92.28,92.32,807.0
1784236860000,92.32,92.37,92.32,92.37,748.0
1784236920000,92.37,92.37,92.33,92.35,1653.0
1784236980000,92.34,92.35,92.23,92.29,1408.0
1784237040000,92.29,92.33,92.29,92.31,1228.0
1784237100000,92.3,92.31,92.28,92.29,882.0
1784237160000,92.29,92.33,92.28,92.31,1061.0
1784237220000,92.31,92.31,92.23,92.24,1169.0
1784237280000,92.25,92.29,92.23,92.26,963.0
1784237340000,92.26,92.27,92.23,92.24,667.0
1784237400000,92.24,92.24,92.23,92.23,313.0
1784237460000,92.22,92.23,92.2,92.2,142.0
1784237520000,92.2,92.26,92.18,92.25,909.0
1784237580000,92.25,92.3,92.22,92.3,966.0
1784237640000,92.29,92.29,92.28,92.29,1081.0
1784237700000,92.29,92.31,92.28,92.31,1156.0
1784255760000,90.66,90.66,90.62,90.63,841.0
1784255820000,90.63,90.63,90.46,90.5,4243.0
1784255880000,90.48,90.49,90.39,90.47,4156.0
1784255940000,90.49,90.5,90.4,90.42,995.0
1784256000000,90.39,90.42,90.35,90.42,3196.0
1784256060000,90.42,90.42,90.38,90.38,396.0
1784256120000,90.39,90.41,90.29,90.31,601.0
1784256180000,90.32,90.51,90.3,90.51,891.0
1784256240000,90.51,90.55,90.51,90.54,634.0
1784256300000,90.61,90.61,90.5,90.53,905.0
1784256360000,90.52,90.53,90.43,90.49,933.0
1784256420000,90.52,90.53,90.49,90.53,820.0
1784256480000,90.53,90.53,90.38,90.39,1774.0
1784256540000,90.38,90.42,90.38,90.42,621.0
1784256600000,90.42,90.45,90.4,90.4,695.0
1784256660000,90.39,90.39,90.33,90.33,182.0
1784256720000,90.32,90.38,90.3,90.36,752.0
1784256780000,90.37,90.37,90.26,90.28,959.0
1784256840000,90.28,90.3,90.22,90.22,405.0
1784256900000,90.21,90.3,90.21,90.3,740.0
1784256960000,90.3,90.31,90.1,90.21,4916.0
1784257020000,90.21,90.26,90.2,90.26,1280.0
1784257080000,90.26,90.27,90.26,90.27,232.0
1784257140000,90.27,90.33,90.27,90.32,2083.0
1784257200000,90.35,90.41,90.35,90.4,1195.0
1784257260000,90.4,90.41,90.27,90.27,1041.0
1784257320000,90.31,90.34,90.25,90.25,642.0
1784257380000,90.33,90.4,90.33,90.4,769.0
1784257440000,90.4,90.48,90.4,90.47,967.0
1784257500000,90.47,90.69,90.47,90.69,719.0
1784257560000,90.7,90.71,90.65,90.7,1056.0
1784257620000,90.71,90.72,90.67,90.69,1256.0
1784257680000,90.7,90.73,90.67,90.68,1076.0
1784257740000,90.73,90.73,90.66,90.66,615.0
1784257800000,90.67,90.73,90.63,90.73,1137.0
1784257860000,90.74,90.76,90.66,90.76,4099.0
1784257920000,90.76,90.77,90.72,90.73,1026.0
1784257980000,90.73,90.76,90.68,90.73,788.0
1784258040000,90.73,90.8,90.73,90.77,998.0
1784258100000,90.76,90.9,90.76,90.9,628.0
1784258160000,90.9,91.04,90.9,91.04,710.0
1784258220000,91.05,91.07,90.97,91.04,933.0
1784258280000,91.05,91.08,91.02,91.08,1215.0
1784258340000,91.07,91.08,90.98,91.05,1187.0
1784258400000,91.06,91.08,91.01,91.07,757.0
1784258460000,91.08,91.08,91.06,91.06,180.0
1784258520000,91.06,91.15,91.06,91.15,616.0
1784258580000,91.14,91.15,91.09,91.09,1010.0
1784258640000,91.11,91.12,91.05,91.07,1163.0
1784258700000,91.12,91.17,91.1,91.16,755.0
1784258760000,91.13,91.15,91.12,91.15,909.0
1784258820000,91.17,91.25,91.15,91.24,425.0
1784258880000,91.25,91.31,91.15,91.16,1036.0
1784258940000,91.17,91.18,91.06,91.06,431.0
1784259000000,91.06,91.1,91.03,91.06,1214.0
1784259060000,91.06,91.09,91.03,91.03,1487.0
1784259120000,91.05,91.07,90.99,90.99,1218.0
1784259180000,90.99,91.03,90.98,91.0,1108.0
1784259240000,91.0,91.1,90.99,91.1,1592.0
1784259300000,91.1,91.11,91.05,91.11,745.0
1784259360000,91.11,91.14,91.08,91.08,790.0
1784259420000,91.07,91.11,91.04,91.04,585.0
1784259480000,91.05,91.06,91.04,91.05,886.0
1784259540000,91.06,91.06,90.98,91.01,693.0
1784259600000,91.02,91.02,90.91,90.91,568.0
1784259660000,90.9,90.96,90.88,90.95,761.0
1784259720000,90.95,91.04,90.94,91.01,596.0
1784259780000,91.0,91.0,90.95,90.96,903.0
1784259840000,90.97,91.01,90.96,90.99,797.0
1784259900000,91.0,91.01,90.89,90.89,1328.0
1784259960000,90.89,90.96,90.89,90.89,485.0
1784260020000,90.85,90.86,90.8,90.83,911.0
1784260080000,90.81,90.86,90.8,90.84,899.0
1784260140000,90.82,90.85,90.8,90.81,743.0
1784260200000,90.82,90.85,90.73,90.73,1119.0
1784260260000,90.76,90.8,90.75,90.79,1057.0
1784260320000,90.81,90.85,90.8,90.82,1251.0
1784260380000,90.82,90.84,90.81,90.82,822.0
1784260440000,90.82,90.84,90.76,90.77,716.0
1784260500000,90.78,90.82,90.78,90.8,811.0
1784260560000,90.8,90.83,90.78,90.8,581.0
1784260620000,90.79,90.79,90.74,90.74,714.0
1784260680000,90.76,90.78,90.71,90.71,423.0
1784260740000,90.7,90.71,90.68,90.68,755.0
1784260800000,90.66,90.66,90.54,90.59,845.0
1784260860000,90.61,90.66,90.59,90.6,929.0
1784260920000,90.6,90.61,90.56,90.58,532.0
1784260980000,90.56,90.56,90.47,90.54,803.0
1784261040000,90.53,90.55,90.5,90.53,670.0
1784261100000,90.53,90.56,90.52,90.55,858.0
1784261160000,90.54,90.55,90.53,90.54,837.0
1784261220000,90.53,90.61,90.53,90.61,1726.0
1784261280000,90.62,90.67,90.62,90.67,742.0
1784261340000,90.67,90.7,90.67,90.68,671.0
1784261400000,90.67,90.71,90.65,90.71,934.0
1784261460000,90.68,90.76,90.67,90.74,423.0
1784261520000,90.74,90.75,90.73,90.74,959.0
1784261580000,90.74,90.78,90.65,90.7,867.0
1784261640000,90.69,90.75,90.68,90.75,763.0
1784261700000,90.76,90.8,90.74,90.79,958.0
1784261760000,90.81,90.85,90.81,90.83,542.0
1784261820000,90.85,90.91,90.8,90.8,2699.0
1784261880000,90.81,90.86,90.8,90.82,1684.0
1784261940000,90.81,90.81,90.54,90.57,745.0
1784262000000,90.56,90.58,90.51,90.58,4443.0
1784262060000,90.58,90.58,90.52,90.57,634.0
1784262120000,90.59,90.63,90.57,90.63,1051.0
1784262180000,90.61,90.67,90.6,90.65,936.0
1784262240000,90.65,90.7,90.65,90.7,816.0
1784262300000,90.69,90.71,90.67,90.7,974.0
1784262360000,90.68,90.71,90.67,90.69,554.0
1784262420000,90.69,90.69,90.58,90.64,856.0
1784262480000,90.64,90.71,90.61,90.69,659.0
1784262540000,90.68,90.75,90.68,90.75,328.0
1784262600000,90.74,90.75,90.72,90.72,684.0
1784262660000,90.72,90.79,90.72,90.79,798.0
1784262720000,90.82,90.87,90.78,90.87,871.0
1784262780000,90.9,90.9,90.86,90.87,642.0
1784262840000,90.86,90.86,90.77,90.8,893.0
1784262900000,90.81,90.85,90.8,90.84,699.0
1784262960000,90.83,90.84,90.75,90.75,837.0
1784263020000,90.74,90.77,90.71,90.76,609.0
1784263080000,90.77,90.77,90.65,90.71,1071.0
1784263140000,90.7,90.81,90.7,90.81,444.0
1784263200000,90.82,90.82,90.81,90.81,95.0
1784263260000,90.8,90.89,90.77,90.88,716.0
1784263320000,90.87,90.9,90.86,90.88,1007.0
1784263380000,90.87,91.0,90.87,91.0,769.0
1784263440000,90.97,90.97,90.93,90.93,999.0
1784263500000,90.93,91.06,90.93,91.06,677.0
1784263560000,91.08,91.11,91.04,91.1,2559.0
1784263620000,91.09,91.14,91.08,91.12,4353.0
1784263680000,91.11,91.27,91.11,91.26,712.0
1784263740000,91.26,91.26,91.23,91.24,1018.0
1784263800000,91.23,91.29,91.22,91.24,2879.0
1784263860000,91.24,91.24,91.2,91.23,1023.0
1784263920000,91.24,91.31,91.23,91.31,505.0
1784263980000,91.3,91.3,91.21,91.21,340.0
1784264040000,91.2,91.21,91.19,91.21,325.0
1784264100000,91.19,91.2,91.16,91.18,941.0
1784264160000,91.18,91.21,91.17,91.19,327.0
1784264220000,91.17,91.3,91.17,91.24,374.0
1784264280000,91.24,91.24,91.17,91.2,498.0
1784264340000,91.21,91.21,91.18,91.18,640.0
1784264400000,91.17,91.17,91.1,91.12,694.0
1784264460000,91.1,91.1,90.94,90.97,1932.0
1784264520000,90.96,90.96,90.81,90.81,846.0
1784264580000,90.86,90.91,90.78,90.9,991.0
1784264640000,90.91,91.01,90.91,90.97,1032.0
1784264700000,90.99,91.0,90.86,90.87,1006.0
1784264760000,90.87,90.93,90.83,90.93,1051.0
1784264820000,90.91,90.98,90.91,90.98,672.0
1784264880000,91.01,91.04,90.99,91.04,427.0
1784264940000,91.03,91.14,91.03,91.14,432.0
1784265000000,91.14,91.19,91.11,91.18,762.0
1784265060000,91.15,91.21,91.12,91.13,2340.0
1784265120000,91.13,91.21,91.13,91.15,667.0
1784265180000,91.13,91.14,91.1,91.13,501.0
1784265240000,91.13,91.15,91.1,91.12,1109.0
1784265300000,91.12,91.12,90.97,91.02,1056.0
1784265360000,91.0,91.03,90.93,91.02,1753.0
1784265420000,91.02,91.06,91.01,91.02,775.0
1784265480000,91.04,91.04,90.89,90.91,2173.0
1784265540000,90.93,90.95,90.87,90.87,815.0
1784265600000,90.86,90.86,90.73,90.73,2015.0
1784265660000,90.72,90.86,90.71,90.78,983.0
1784265720000,90.77,90.82,90.76,90.76,2379.0
1784265780000,90.75,90.8,90.74,90.8,1084.0
1784265840000,90.77,90.78,90.73,90.74,855.0
1784265900000,90.74,90.74,90.59,90.66,1115.0
1784265960000,90.68,90.68,90.54,90.57,1047.0
1784266020000,90.6,90.6,90.53,90.56,1129.0
1784266080000,90.56,90.63,90.53,90.54,610.0
1784266140000,90.53,90.55,90.46,90.47,1899.0
1784266200000,90.47,90.58,90.47,90.52,1323.0
1784266260000,90.52,90.57,90.49,90.52,1317.0
1784266320000,90.56,90.66,90.55,90.66,938.0
1784266380000,90.66,90.67,90.56,90.56,1091.0
1784266440000,90.55,90.57,90.5,90.57,1289.0
1784266500000,90.6,90.61,90.49,90.55,850.0
1784266560000,90.55,90.59,90.45,90.58,15686.0
1784266620000,90.59,90.71,90.59,90.7,1659.0
1784266680000,90.68,90.79,90.64,90.76,2579.0
1784266740000,90.75,90.75,90.58,90.58,1409.0
1784266800000,90.58,90.63,90.48,90.62,3823.0
1784266860000,90.61,90.61,90.57,90.57,390.0
1784266920000,90.52,90.58,90.46,90.49,1105.0
1784266980000,90.5,90.51,90.48,90.48,841.0
1784267040000,90.51,90.61,90.49,90.57,950.0
1784267100000,90.59,90.61,90.31,90.32,4555.0
1784267160000,90.29,90.32,90.19,90.32,2199.0
1784267220000,90.3,90.37,90.3,90.35,3062.0
1784267280000,90.36,90.42,90.25,90.42,3064.0
1784267340000,90.38,90.51,90.38,90.5,1434.0
1784267400000,90.5,90.51,90.46,90.5,1100.0
1784267460000,90.51,90.54,90.39,90.41,1358.0
1784267520000,90.41,90.41,90.25,90.27,1127.0
1784267580000,90.28,90.33,90.24,90.33,777.0
1784267640000,90.35,90.39,90.34,90.39,5975.0
1784267700000,90.39,90.46,90.39,90.46,551.0
1784285760000,90.7,90.71,90.69,90.69,278.0
1784285820000,90.7,90.7,90.64,90.64,599.0
1784285880000,90.62,90.62,90.59,90.59,307.0
1784285940000,90.59,90.6,90.58,90.6,185.0
1784286000000,90.58,90.67,90.58,90.67,390.0
1784286060000,90.65,90.7,90.59,90.6,660.0
1784286120000,90.6,90.62,90.56,90.56,757.0
1784286180000,90.56,90.59,90.53,90.53,625.0
1784286240000,90.54,90.55,90.49,90.52,517.0
1784286300000,90.51,90.52,90.5,90.51,948.0
1784286360000,90.52,90.52,90.48,90.49,710.0
1784286420000,90.49,90.56,90.49,90.52,617.0
1784286480000,90.52,90.52,90.48,90.49,696.0
1784286540000,90.5,90.51,90.49,90.5,258.0
1784286600000,90.51,90.53,90.46,90.51,10468.0
1784286660000,90.52,90.53,90.5,90.53,294.0
1784286720000,90.54,90.54,90.47,90.48,257.0
1784286780000,90.49,90.49,90.43,90.48,1496.0
1784286840000,90.47,90.5,90.46,90.47,756.0
1784286900000,90.47,90.47,90.45,90.46,270.0
1784286960000,90.42,90.42,90.41,90.42,148.0
1784287020000,90.43,90.44,90.41,90.43,378.0
1784287080000,90.42,90.5,90.42,90.5,289.0
1784287140000,90.52,90.52,90.49,90.5,99.0
1784287200000,90.5,90.56,90.5,90.55,130.0
1784287260000,90.54,90.59,90.54,90.59,206.0
1784287320000,90.54,90.59,90.54,90.59,79.0
1784287380000,90.59,90.59,90.52,90.54,265.0
1784287440000,90.55,90.56,90.52,90.52,162.0
1784287500000,90.52,90.63,90.52,90.62,490.0
1784287560000,90.62,90.64,90.6,90.6,235.0
1784287620000,90.61,90.61,90.58,90.59,166.0
1784287680000,90.59,90.6,90.58,90.59,388.0
1784287740000,90.59,90.6,90.56,90.56,191.0
1784287800000,90.57,90.57,90.5,90.51,355.0
1784287860000,90.51,90.54,90.51,90.53,615.0
1784287920000,90.53,90.55,90.5,90.55,304.0
1784287980000,90.56,90.58,90.54,90.58,674.0
1784288040000,90.58,90.61,90.58,90.61,506.0
1784288100000,90.61,90.69,90.61,90.65,639.0
1784288160000,90.65,90.69,90.64,90.69,587.0
1784288220000,90.68,90.73,90.67,90.71,843.0
1784288280000,90.71,90.78,90.71,90.78,297.0
1784288340000,90.74,90.85,90.74,90.85,462.0
1784288400000,90.85,90.88,90.85,90.86,788.0
1784288460000,90.85,90.87,90.83,90.83,784.0
1784288520000,90.82,90.83,90.8,90.8,304.0
1784288580000,90.78,90.78,90.73,90.76,349.0
1784288640000,90.76,90.76,90.69,90.71,273.0
1784288700000,90.71,90.81,90.71,90.81,970.0
1784288760000,90.81,90.81,90.75,90.76,965.0
1784288820000,90.76,90.77,90.65,90.68,1809.0
1784288880000,90.67,90.72,90.66,90.69,453.0
1784288940000,90.68,90.68,90.65,90.65,403.0
1784289000000,90.64,90.65,90.63,90.63,162.0
1784289060000,90.62,90.62,90.47,90.49,935.0
1784289120000,90.51,90.59,90.51,90.59,458.0
1784289180000,90.59,90.61,90.57,90.61,786.0
1784289240000,90.6,90.61,90.57,90.6,669.0
1784289300000,90.61,90.61,90.61,90.61,207.0
1784289360000,90.62,90.66,90.61,90.61,424.0
1784289420000,90.63,90.64,90.62,90.64,628.0
1784289480000,90.62,90.66,90.61,90.66,368.0
1784289540000,90.65,90.78,90.61,90.73,3216.0
1784289600000,90.74,90.76,90.64,90.68,982.0
1784289660000,90.7,90.72,90.66,90.66,905.0
1784289720000,90.66,90.67,90.65,90.67,2124.0
1784289780000,90.64,90.65,90.63,90.63,113.0
1784289840000,90.62,90.62,90.6,90.6,130.0
1784289900000,90.58,90.62,90.58,90.6,465.0
1784289960000,90.61,90.65,90.6,90.61,607.0
1784290020000,90.59,90.6,90.52,90.52,287.0
1784290080000,90.49,90.58,90.49,90.57,99.0
1784290140000,90.55,90.55,90.5,90.53,845.0
1784290200000,90.53,90.53,90.47,90.53,492.0
1784290260000,90.53,90.53,90.5,90.51,355.0
1784290320000,90.52,90.57,90.52,90.56,286.0
1784290380000,90.52,90.52,90.5,90.5,184.0
1784290440000,90.5,90.52,90.5,90.52,51.0
1784290500000,90.54,90.54,90.54,90.54,3.0
1784290560000,90.52,90.55,90.5,90.55,481.0
1784290620000,90.55,90.59,90.55,90.58,1497.0
1784290680000,90.59,90.59,90.53,90.53,203.0
1784290740000,90.52,90.59,90.51,90.55,366.0
1784290800000,90.55,90.55,90.49,90.49,251.0
1784290860000,90.47,90.53,90.47,90.5,478.0
1784290920000,90.5,90.53,90.48,90.52,474.0
1784290980000,90.54,90.61,90.53,90.61,517.0
1784291040000,90.61,90.62,90.61,90.62,113.0
1784291100000,90.55,90.58,90.55,90.58,99.0
1784291160000,90.57,90.57,90.55,90.55,194.0
1784291220000,90.53,90.6,90.5,90.57,4319.0
1784291280000,90.57,90.6,90.56,90.6,438.0
1784291340000,90.62,90.63,90.62,90.63,416.0
1784291400000,90.65,90.68,90.63,90.68,94.0
1784291460000,90.67,90.67,90.62,90.62,154.0
1784291520000,90.64,90.64,90.61,90.64,55.0
1784291580000,90.65,90.65,90.63,90.63,64.0
1784291640000,90.67,90.67,90.62,90.62,200.0
1784291700000,90.61,90.62,90.61,90.61,95.0
1784291760000,90.63,90.63,90.62,90.62,50.0
1784291820000,90.63,90.63,90.56,90.6,1310.0
1784291880000,90.6,90.61,90.6,90.61,104.0
1784291940000,90.62,90.65,90.58,90.59,525.0
1784292000000,90.59,90.59,90.53,90.57,506.0
1784292060000,90.58,90.59,90.54,90.54,277.0
1784292120000,90.57,90.6,90.55,90.6,326.0
1784292180000,90.61,90.63,90.58,90.6,283.0
1784292240000,90.6,90.69,90.57,90.57,1288.0
1784292300000,90.58,90.58,90.51,90.51,301.0
1784292360000,90.5,90.53,90.47,90.49,1366.0
1784292420000,90.48,90.51,90.48,90.5,215.0
1784292480000,90.5,90.53,90.49,90.49,547.0
1784292540000,90.48,90.52,90.48,90.51,185.0
1784292600000,90.5,90.5,90.45,90.5,232.0
1784292660000,90.51,90.63,90.51,90.62,2399.0
1784292720000,90.63,90.63,90.6,90.63,367.0
1784292780000,90.62,90.66,90.61,90.66,387.0
1784292840000,90.62,90.64,90.62,90.63,215.0
1784292900000,90.63,90.66,90.61,90.63,521.0
1784292960000,90.62,90.63,90.53,90.6,2430.0
1784293020000,90.59,90.6,90.58,90.58,448.0
1784293080000,90.58,90.58,90.47,90.47,403.0
1784293140000,90.46,90.47,90.44,90.44,262.0
1784293200000,90.44,90.45,90.28,90.36,744.0
1784293260000,90.35,90.35,90.28,90.29,812.0
1784293320000,90.29,90.29,90.25,90.25,498.0
1784293380000,90.25,90.29,90.23,90.27,1936.0
1784293440000,90.29,90.36,90.28,90.36,365.0
1784293500000,90.36,90.36,90.24,90.24,619.0
1784293560000,90.22,90.22,89.96,90.03,5590.0
1784293620000,90.03,90.11,89.9,90.11,5658.0
1784293680000,90.11,90.29,90.09,90.18,9621.0
1784293740000,90.16,90.19,90.13,90.15,1115.0
1784293800000,90.14,90.26,90.14,90.24,1684.0
1784293860000,90.22,90.22,89.92,89.98,9119.0
1784293920000,90.0,90.14,89.98,90.14,5830.0
1784293980000,90.16,90.26,90.16,90.26,541.0
1784294040000,90.25,90.5,90.22,90.41,6175.0
1784294100000,90.37,90.55,90.35,90.53,1467.0
1784294160000,90.5,90.57,90.45,90.45,9748.0
1784294220000,90.45,90.45,90.34,90.42,1436.0
1784294280000,90.42,90.46,90.38,90.46,902.0
1784294340000,90.46,90.47,90.35,90.35,807.0
1784294400000,90.37,90.5,90.36,90.5,456.0
1784294460000,90.49,90.56,90.48,90.48,1322.0
1784294520000,90.5,90.53,90.36,90.38,6764.0
1784294580000,90.39,90.41,90.37,90.37,468.0
1784294640000,90.36,90.36,90.26,90.28,797.0
1784294700000,90.27,90.4,90.27,90.37,1595.0
1784294760000,90.35,90.41,90.35,90.39,1087.0
1784294820000,90.36,90.4,90.27,90.4,2543.0
1784294880000,90.39,90.49,90.39,90.47,885.0
1784294940000,90.46,90.46,90.41,90.45,762.0
1784295000000,90.49,90.6,90.46,90.52,3988.0
1784295060000,90.51,90.66,90.51,90.64,4453.0
1784295120000,90.63,90.63,90.48,90.5,540.0
1784295180000,90.5,90.5,90.29,90.29,778.0
1784295240000,90.34,90.34,90.07,90.07,1870.0
1784295300000,90.08,90.11,90.05,90.08,1096.0
1784295360000,90.08,90.18,89.97,90.12,1610.0
1784295420000,90.11,90.16,90.08,90.08,1819.0
1784295480000,90.11,90.11,90.01,90.1,6115.0
1784295540000,90.06,90.06,90.01,90.01,1040.0
1784295600000,90.04,90.21,90.04,90.17,1073.0
1784295660000,90.14,90.24,90.07,90.1,15708.0
1784295720000,90.09,90.11,90.03,90.05,1143.0
1784295780000,90.04,90.07,89.97,90.02,971.0
1784295840000,90.02,90.05,89.99,90.0,685.0
1784295900000,89.98,90.11,89.9,90.05,3785.0
1784295960000,90.05,90.16,90.05,90.12,1182.0
1784296020000,90.06,90.17,90.05,90.14,742.0
1784296080000,90.16,90.28,90.16,90.28,719.0
1784296140000,90.32,90.42,90.32,90.42,468.0
1784296200000,90.39,90.5,90.38,90.5,681.0
1784296260000,90.5,90.5,90.43,90.46,1386.0
1784296320000,90.47,90.62,90.47,90.6,727.0
1784296380000,90.6,90.64,90.5,90.5,3186.0
1784296440000,90.52,90.55,90.47,90.48,419.0
1784296500000,90.49,90.58,90.48,90.54,465.0
1784296560000,90.55,90.62,90.49,90.6,548.0
1784296620000,90.58,90.79,90.58,90.79,1392.0
1784296680000,90.79,90.92,90.79,90.91,900.0
1784296740000,90.93,90.94,90.84,90.91,447.0
1784296800000,90.92,91.07,90.89,91.07,1257.0
1784296860000,91.09,91.19,91.04,91.04,4501.0
1784296920000,91.03,91.15,91.03,91.14,1858.0
1784296980000,91.14,91.16,91.06,91.07,1248.0
1784297040000,91.08,91.09,91.02,91.04,630.0
1784297100000,91.09,91.17,91.09,91.17,619.0
1784297160000,91.22,91.34,91.22,91.32,842.0
1784297220000,91.31,91.41,91.3,91.39,2126.0
1784297280000,91.4,91.67,91.39,91.66,13217.0
1784297340000,91.66,91.66,91.53,91.59,1161.0
1784297400000,91.59,91.8,91.59,91.74,2397.0
1784297460000,91.74,91.77,91.61,91.61,1153.0
1784297520000,91.62,91.65,91.56,91.61,2270.0
1784297580000,91.6,91.6,91.47,91.47,627.0
1784297640000,91.46,91.5,91.37,91.49,2919.0
1784297700000,91.49,91.59,91.38,91.55,1179.0
