timestamp,open,high,low,close,volume,turnover
1784193660000,0.16194,0.16205,0.16194,0.16201,1492.0
1784193720000,0.16201,0.16204,0.16198,0.16198,809.0
1784193780000,0.16197,0.16199,0.16196,0.16197,420.0
1784193840000,0.16204,0.16204,0.16201,0.16203,480.0
1784193900000,0.16203,0.16203,0.16203,0.16203,54.0
1784193960000,0.16204,0.16209,0.16203,0.16209,355.0
1784194020000,0.16208,0.16208,0.16191,0.16191,1448.0
1784194080000,0.16191,0.16191,0.16186,0.16188,481.0
1784194140000,0.16185,0.16187,0.16177,0.16181,2144.0
1784194200000,0.16184,0.16193,0.16176,0.16192,1329.0
1784194260000,0.16193,0.16196,0.16192,0.16195,901.0
1784194320000,0.16196,0.16207,0.16196,0.16203,1798.0
1784194380000,0.16206,0.16207,0.1619,0.16197,1137.0
1784194440000,0.16197,0.16204,0.16196,0.16198,1112.0
1784194500000,0.16201,0.16202,0.16197,0.16202,1868.0
1784194560000,0.16201,0.16205,0.1619,0.1619,1498.0
1784194620000,0.1619,0.16194,0.16186,0.16193,1294.0
1784194680000,0.16192,0.16194,0.16192,0.16194,1313.0
1784194740000,0.16195,0.16197,0.16189,0.16189,556.0
1784194800000,0.16192,0.16193,0.16187,0.16187,1119.0
1784194860000,0.16187,0.16188,0.16186,0.16187,760.0
1784194920000,0.16187,0.16187,0.16181,0.16184,4330.0
1784194980000,0.16187,0.16195,0.16185,0.16191,1236.0
1784195040000,0.16192,0.16193,0.16186,0.16186,2267.0
1784195100000,0.16185,0.16188,0.16183,0.16187,868.0
1784195160000,0.16187,0.16192,0.16181,0.16182,6503.0
1784195220000,0.16183,0.16187,0.16182,0.16186,1054.0
1784195280000,0.16188,0.16189,0.16183,0.16183,1122.0
1784195340000,0.16183,0.16184,0.16182,0.16182,376.0
1784195400000,0.16182,0.16186,0.16182,0.16186,712.0
1784195460000,0.16189,0.16194,0.16187,0.16187,3744.0
1784195520000,0.16185,0.16185,0.16181,0.16183,895.0
1784195580000,0.16183,0.16191,0.16167,0.16167,8726.0
1784195640000,0.16171,0.16179,0.1617,0.16178,6223.0
1784195700000,0.16181,0.16195,0.16161,0.16164,6338.0
1784195760000,0.16163,0.16164,0.16161,0.16163,990.0
1784195820000,0.16163,0.16164,0.1616,0.16162,887.0
1784195880000,0.16163,0.16163,0.16153,0.16154,932.0
1784195940000,0.16154,0.16156,0.16153,0.16156,1408.0
1784196000000,0.16155,0.16167,0.16153,0.16164,3527.0
1784196060000,0.16165,0.16165,0.16159,0.16162,735.0
1784196120000,0.16164,0.16176,0.16164,0.16166,1620.0
1784196180000,0.16168,0.16184,0.16167,0.16183,1354.0
1784196240000,0.16182,0.16193,0.1618,0.16186,3380.0
1784196300000,0.16184,0.16188,0.16184,0.16187,1369.0
1784196360000,0.16189,0.16199,0.16188,0.16199,4971.0
1784196420000,0.16194,0.16204,0.16194,0.16204,2593.0
1784196480000,0.16203,0.16211,0.16203,0.16207,2399.0
1784196540000,0.16208,0.16218,0.16208,0.16218,807.0
1784196600000,0.16215,0.16217,0.16213,0.16213,4955.0
1784196660000,0.16213,0.16214,0.16196,0.16198,1523.0
1784196720000,0.16197,0.16197,0.16192,0.16193,433.0
1784196780000,0.16194,0.16195,0.16192,0.16195,761.0
1784196840000,0.16195,0.16195,0.16193,0.16193,597.0
1784196900000,0.16193,0.16195,0.16192,0.16195,508.0
1784196960000,0.16195,0.16202,0.16195,0.16201,2407.0
1784197020000,0.16204,0.16204,0.16204,0.16204,39.0
1784197080000,0.16205,0.16215,0.16203,0.16215,1046.0
1784197140000,0.16215,0.16219,0.16215,0.16219,135.0
1784197200000,0.16218,0.16219,0.16218,0.16219,924.0
1784197260000,0.16217,0.16217,0.16213,0.16214,1102.0
1784197320000,0.16214,0.16214,0.16214,0.16214,483.0
1784197380000,0.16213,0.16214,0.16213,0.16214,53.0
1784197440000,0.16214,0.16215,0.16214,0.16215,110.0
1784197500000,0.16215,0.16216,0.16214,0.16214,496.0
1784197560000,0.16213,0.16214,0.16208,0.16213,2729.0
1784197620000,0.16212,0.16214,0.16211,0.16212,525.0
1784197680000,0.16211,0.16224,0.16211,0.16224,4960.0
1784197740000,0.16224,0.16224,0.16223,0.16224,452.0
1784197800000,0.16225,0.16235,0.16225,0.16227,1585.0
1784197860000,0.16226,0.16226,0.16217,0.16218,1856.0
1784197920000,0.16219,0.16232,0.16219,0.16231,1679.0
1784197980000,0.1623,0.16231,0.16226,0.16227,1416.0
1784198040000,0.16227,0.16235,0.16227,0.16235,898.0
1784198100000,0.16235,0.16235,0.16228,0.16228,1764.0
1784198160000,0.16228,0.16228,0.16221,0.16223,2412.0
1784198220000,0.16222,0.16223,0.16218,0.16219,1565.0
1784198280000,0.16219,0.16219,0.16219,0.16219,276.0
1784198340000,0.16218,0.16219,0.1621,0.16211,1898.0
1784198400000,0.1621,0.16222,0.1621,0.16218,1646.0
1784198460000,0.16217,0.16226,0.16217,0.16217,2706.0
1784198520000,0.16217,0.16219,0.16217,0.16219,156.0
1784198580000,0.16221,0.16221,0.16221,0.16221,146.0
1784198640000,0.1622,0.16221,0.16216,0.16219,556.0
1784198700000,0.16221,0.16223,0.16218,0.16219,816.0
1784198760000,0.16219,0.16219,0.16217,0.16217,269.0
1784198820000,0.16215,0.16215,0.16208,0.1621,1564.0
1784198880000,0.16209,0.16212,0.16209,0.16209,829.0
1784198940000,0.1621,0.16211,0.16209,0.1621,304.0
1784199000000,0.16209,0.16209,0.16207,0.16207,256.0
1784199060000,0.1621,0.16217,0.1621,0.16215,584.0
1784199120000,0.16216,0.16216,0.16215,0.16215,55.0
1784199180000,0.16217,0.16218,0.16216,0.16216,628.0
1784199240000,0.16217,0.16219,0.16216,0.16217,704.0
1784199300000,0.16217,0.1622,0.16216,0.1622,295.0
1784199360000,0.16219,0.16219,0.16216,0.16216,244.0
1784199420000,0.16217,0.1623,0.16217,0.1623,892.0
1784199480000,0.1623,0.16231,0.16229,0.16231,590.0
1784199540000,0.16232,0.16237,0.16232,0.16236,314.0
1784199600000,0.16236,0.16236,0.16219,0.16219,1716.0
1784199660000,0.16218,0.1622,0.16209,0.1622,2581.0
1784199720000,0.16219,0.16219,0.16217,0.16218,186.0
1784199780000,0.16218,0.16225,0.16218,0.16223,762.0
1784199840000,0.16223,0.16223,0.16214,0.16217,1591.0
1784199900000,0.16216,0.16216,0.1621,0.1621,662.0
1784199960000,0.1621,0.16223,0.1621,0.16223,1409.0
1784200020000,0.16222,0.16222,0.16216,0.16221,1578.0
1784200080000,0.1622,0.16222,0.1622,0.16221,343.0
1784200140000,0.16219,0.16219,0.16215,0.16218,440.0
1784200200000,0.16217,0.16217,0.16202,0.16204,7702.0
1784200260000,0.16207,0.16225,0.16207,0.16224,1384.0
1784200320000,0.16231,0.16235,0.16229,0.16235,618.0
1784200380000,0.16237,0.16237,0.16228,0.16232,2999.0
1784200440000,0.16231,0.16233,0.16228,0.1623,3418.0
1784200500000,0.16232,0.16233,0.16224,0.16225,679.0
1784200560000,0.16225,0.16225,0.16211,0.16211,1090.0
1784200620000,0.16213,0.16229,0.16211,0.16223,2464.0
1784200680000,0.16224,0.16224,0.16206,0.16214,3193.0
1784200740000,0.16215,0.16225,0.16215,0.16222,1682.0
1784200800000,0.16223,0.1623,0.16223,0.16224,1353.0
1784200860000,0.16225,0.16231,0.16225,0.16231,767.0
1784200920000,0.16231,0.16241,0.16231,0.16241,776.0
1784200980000,0.16246,0.16256,0.16245,0.16255,1467.0
1784201040000,0.16255,0.16257,0.16255,0.16257,4156.0
1784201100000,0.16255,0.16256,0.16254,0.16256,403.0
1784201160000,0.16255,0.16256,0.16254,0.16256,299.0
1784201220000,0.16256,0.16267,0.16256,0.16266,1619.0
1784201280000,0.16265,0.16265,0.16254,0.16254,4701.0
1784201340000,0.16252,0.16252,0.16212,0.16214,9546.0
1784201400000,0.16213,0.16221,0.16212,0.16212,2375.0
1784201460000,0.16213,0.16214,0.16211,0.16211,510.0
1784201520000,0.1621,0.16215,0.16208,0.16213,1010.0
1784201580000,0.16214,0.16216,0.16211,0.16215,1061.0
1784201640000,0.16215,0.16221,0.16214,0.16219,1308.0
1784201700000,0.16219,0.16225,0.16219,0.16224,1441.0
1784201760000,0.16225,0.16236,0.16224,0.16235,1486.0
1784201820000,0.16234,0.16236,0.16229,0.16235,1749.0
1784201880000,0.16235,0.16235,0.16217,0.16217,1122.0
1784201940000,0.16218,0.16229,0.16218,0.16228,3386.0
1784202000000,0.16227,0.16232,0.16226,0.16232,601.0
1784202060000,0.16234,0.16234,0.16229,0.16229,1665.0
1784202120000,0.16232,0.16239,0.16231,0.16239,372.0
1784202180000,0.16237,0.16253,0.16237,0.16252,4170.0
1784202240000,0.16251,0.16254,0.16249,0.16253,651.0
1784202300000,0.16252,0.16255,0.16249,0.16253,1435.0
1784202360000,0.16253,0.16259,0.16253,0.16258,816.0
1784202420000,0.16258,0.16264,0.16253,0.16253,4439.0
1784202480000,0.16254,0.16267,0.16254,0.16267,1102.0
1784202540000,0.16265,0.16269,0.16208,0.16212,15353.0
1784202600000,0.16213,0.16233,0.16207,0.16232,2584.0
1784202660000,0.16231,0.16243,0.16231,0.16243,1595.0
1784202720000,0.16243,0.16247,0.16241,0.16245,1364.0
1784202780000,0.16245,0.16254,0.16245,0.16253,2321.0
1784202840000,0.16254,0.16255,0.16252,0.16253,715.0
1784202900000,0.16252,0.16262,0.16252,0.1626,1838.0
1784202960000,0.16255,0.16265,0.16254,0.16264,842.0
1784203020000,0.16264,0.16266,0.16263,0.16265,1150.0
1784203080000,0.16265,0.16288,0.16264,0.16284,20239.0
1784203140000,0.16286,0.16286,0.16282,0.16283,1179.0
1784203200000,0.16282,0.16282,0.1627,0.16273,4157.0
1784203260000,0.16284,0.16299,0.16284,0.16296,3526.0
1784203320000,0.16297,0.16297,0.16289,0.1629,1025.0
1784203380000,0.16291,0.16294,0.16288,0.16289,1188.0
1784203440000,0.16289,0.16291,0.16273,0.16275,1529.0
1784203500000,0.16274,0.16356,0.16268,0.16319,31794.0
1784203560000,0.16321,0.16322,0.16299,0.16299,2116.0
1784203620000,0.163,0.16302,0.16289,0.16289,4862.0
1784203680000,0.16289,0.16291,0.16286,0.16286,1332.0
1784203740000,0.16285,0.16285,0.16271,0.16274,5119.0
1784203800000,0.16273,0.16274,0.16257,0.16259,2074.0
1784203860000,0.1626,0.16267,0.16258,0.16263,2138.0
1784203920000,0.16264,0.1627,0.16254,0.16254,4245.0
1784203980000,0.16254,0.16255,0.1625,0.16252,2282.0
1784204040000,0.16253,0.16255,0.16253,0.16255,1212.0
1784204100000,0.16253,0.16253,0.16246,0.16252,2739.0
1784204160000,0.16251,0.16251,0.16244,0.16245,817.0
1784204220000,0.16247,0.16249,0.16241,0.16245,1473.0
1784204280000,0.16246,0.16254,0.16244,0.16254,5429.0
1784204340000,0.16254,0.16254,0.1624,0.16244,8321.0
1784204400000,0.16245,0.16245,0.16241,0.16241,1391.0
1784204460000,0.16238,0.16247,0.1621,0.16243,11543.0
1784204520000,0.16242,0.16253,0.16239,0.16252,1647.0
1784204580000,0.16252,0.16255,0.16244,0.1625,1930.0
1784204640000,0.16254,0.16254,0.16237,0.16239,4538.0
1784204700000,0.16241,0.16244,0.16239,0.16243,1967.0
1784204760000,0.16243,0.16246,0.1624,0.16246,1554.0
1784204820000,0.16245,0.16255,0.16245,0.16255,1196.0
1784204880000,0.16255,0.16264,0.16255,0.16264,449.0
1784204940000,0.16264,0.16271,0.1626,0.16265,2172.0
1784205000000,0.16265,0.16276,0.16261,0.16265,2424.0
1784205060000,0.16264,0.16267,0.16245,0.16259,18491.0
1784205120000,0.16259,0.16262,0.1625,0.1625,1501.0
1784205180000,0.1625,0.16271,0.16249,0.1627,2533.0
1784205240000,0.16268,0.16272,0.16268,0.16268,847.0
1784205300000,0.1627,0.1627,0.1626,0.1626,1274.0
1784205360000,0.1626,0.16261,0.16252,0.16254,7849.0
1784205420000,0.1625,0.16253,0.16211,0.16212,2943.0
1784205480000,0.16212,0.16213,0.16199,0.16206,4062.0
1784205540000,0.16208,0.16208,0.16188,0.162,5298.0
1784205600000,0.16197,0.16202,0.16183,0.16187,2319.0
1784223660000,0.16305,0.16314,0.16304,0.16308,1455.0
1784223720000,0.1631,0.16315,0.163,0.163,1357.0
1784223780000,0.163,0.163,0.1629,0.16292,1062.0
1784223840000,0.16293,0.16313,0.16286,0.16312,13317.0
1784223900000,0.16312,0.16312,0.16283,0.16283,4129.0
1784223960000,0.16285,0.16296,0.16278,0.16291,1482.0
1784224020000,0.16291,0.16301,0.16291,0.16295,1339.0
1784224080000,0.16299,0.16309,0.16296,0.16309,734.0
1784224140000,0.1631,0.16312,0.16295,0.163,1265.0
1784224200000,0.16301,0.16303,0.16281,0.16281,1905.0
1784224260000,0.16281,0.16281,0.16256,0.16256,2270.0
1784224320000,0.16256,0.16256,0.16229,0.1625,1023.0
1784224380000,0.16254,0.16271,0.16254,0.16265,899.0
1784224440000,0.16264,0.16268,0.1625,0.16252,2352.0
1784224500000,0.16251,0.16252,0.16184,0.16199,10588.0
1784224560000,0.16198,0.16208,0.16194,0.16208,1580.0
1784224620000,0.16207,0.16218,0.16201,0.16204,9356.0
1784224680000,0.16203,0.16229,0.16201,0.16222,1147.0
1784224740000,0.16222,0.16241,0.16221,0.16241,687.0
1784224800000,0.16242,0.16244,0.16229,0.16241,1351.0
1784224860000,0.16242,0.16256,0.16242,0.16255,1561.0
1784224920000,0.16255,0.16259,0.16233,0.16235,991.0
1784224980000,0.16234,0.16235,0.16223,0.16223,1254.0
1784225040000,0.16224,0.16242,0.16213,0.16213,3316.0
1784225100000,0.16212,0.16222,0.16204,0.16216,4648.0
1784225160000,0.16217,0.16227,0.16217,0.16223,1071.0
1784225220000,0.16224,0.16233,0.16221,0.16222,680.0
1784225280000,0.16221,0.16236,0.16221,0.16229,2189.0
1784225340000,0.1623,0.16239,0.1623,0.16239,1526.0
1784225400000,0.1624,0.16258,0.16239,0.16247,1873.0
1784225460000,0.16243,0.16258,0.16243,0.1625,2247.0
1784225520000,0.1625,0.16252,0.16231,0.16231,3676.0
1784225580000,0.16231,0.16246,0.16229,0.16246,2912.0
1784225640000,0.16247,0.16255,0.16241,0.16243,4739.0
1784225700000,0.16242,0.16242,0.16225,0.16228,1376.0
1784225760000,0.16228,0.16261,0.16228,0.16261,996.0
1784225820000,0.1626,0.16263,0.16256,0.16258,2365.0
1784225880000,0.16257,0.16263,0.16257,0.16261,798.0
1784225940000,0.16261,0.16266,0.16261,0.16265,1110.0
1784226000000,0.16262,0.16273,0.1626,0.16272,1260.0
1784226060000,0.16273,0.16291,0.16272,0.16291,3206.0
1784226120000,0.1629,0.16292,0.16283,0.16283,659.0
1784226180000,0.16287,0.16292,0.16283,0.16291,949.0
1784226240000,0.16292,0.16302,0.16291,0.16301,2476.0
1784226300000,0.163,0.16303,0.16288,0.16288,2235.0
1784226360000,0.16284,0.16291,0.16278,0.16288,1359.0
1784226420000,0.16286,0.16287,0.16271,0.16271,2164.0
1784226480000,0.1627,0.1627,0.16256,0.1626,12464.0
1784226540000,0.16261,0.16261,0.16247,0.16255,2970.0
1784226600000,0.16256,0.16256,0.16243,0.16243,2043.0
1784226660000,0.16244,0.16249,0.16238,0.16239,1487.0
1784226720000,0.16239,0.16239,0.16231,0.16231,1315.0
1784226780000,0.16228,0.16237,0.16214,0.16216,1218.0
1784226840000,0.16216,0.16234,0.16214,0.16214,4629.0
1784226900000,0.16213,0.16213,0.16194,0.16206,1704.0
1784226960000,0.16208,0.16208,0.16184,0.16194,5083.0
1784227020000,0.16193,0.16195,0.16185,0.16187,1775.0
1784227080000,0.16186,0.16196,0.16185,0.16193,959.0
1784227140000,0.16193,0.16195,0.16185,0.16191,2922.0
1784227200000,0.1619,0.1619,0.16167,0.16184,8609.0
1784227260000,0.16185,0.16191,0.1618,0.1618,1307.0
1784227320000,0.1618,0.16193,0.16176,0.16193,1177.0
1784227380000,0.16193,0.16199,0.16189,0.16193,3496.0
1784227440000,0.16195,0.16206,0.16195,0.16199,2226.0
1784227500000,0.16199,0.16214,0.16193,0.16202,15144.0
1784227560000,0.16201,0.16204,0.16192,0.16201,1197.0
1784227620000,0.16205,0.16208,0.16205,0.16208,706.0
1784227680000,0.16208,0.16214,0.16207,0.16214,1083.0
1784227740000,0.16216,0.16224,0.16215,0.16221,3662.0
1784227800000,0.1622,0.16223,0.16216,0.16217,495.0
1784227860000,0.16223,0.16241,0.16223,0.16238,2763.0
1784227920000,0.1624,0.1624,0.16224,0.16227,3902.0
1784227980000,0.16228,0.16228,0.16217,0.16219,1501.0
1784228040000,0.16219,0.16219,0.16217,0.16218,1465.0
1784228100000,0.16213,0.16214,0.16206,0.16209,2233.0
1784228160000,0.1621,0.16223,0.1621,0.16223,984.0
1784228220000,0.16223,0.16231,0.16221,0.16226,996.0
1784228280000,0.16227,0.1623,0.1622,0.16223,1311.0
1784228340000,0.16223,0.16227,0.16222,0.16224,864.0
1784228400000,0.16216,0.16235,0.16216,0.16233,1092.0
1784228460000,0.16236,0.16238,0.16231,0.16231,966.0
1784228520000,0.16231,0.16236,0.16221,0.16235,1357.0
1784228580000,0.16235,0.16243,0.16227,0.16237,2675.0
1784228640000,0.16237,0.16237,0.16235,0.16237,820.0
1784228700000,0.16235,0.16242,0.16231,0.16241,1564.0
1784228760000,0.16241,0.16243,0.16216,0.16216,1244.0
1784228820000,0.16216,0.16216,0.16198,0.16201,1378.0
1784228880000,0.162,0.16208,0.162,0.16207,915.0
1784228940000,0.16207,0.16207,0.16199,0.16207,500.0
1784229000000,0.16201,0.16202,0.16195,0.16196,1508.0
1784229060000,0.16196,0.16207,0.16196,0.16206,334.0
1784229120000,0.16206,0.16211,0.16197,0.16197,1332.0
1784229180000,0.16198,0.16201,0.16196,0.16197,978.0
1784229240000,0.16196,0.16198,0.16196,0.16198,664.0
1784229300000,0.16198,0.16198,0.16194,0.16198,1006.0
1784229360000,0.16199,0.16217,0.16199,0.16213,1246.0
1784229420000,0.16213,0.16214,0.16201,0.16201,499.0
1784229480000,0.16197,0.16212,0.16194,0.16212,747.0
1784229540000,0.16217,0.16218,0.16208,0.16214,3357.0
1784229600000,0.16215,0.16215,0.16213,0.16214,1722.0
1784229660000,0.16215,0.16221,0.16215,0.16221,1042.0
1784229720000,0.16222,0.16225,0.16207,0.16207,1062.0
1784229780000,0.1621,0.16211,0.16197,0.16197,400.0
1784229840000,0.16197,0.16206,0.16196,0.16206,597.0
1784229900000,0.16207,0.1621,0.16205,0.16206,621.0
1784229960000,0.16206,0.16207,0.16198,0.16198,1584.0
1784230020000,0.16195,0.16197,0.16186,0.16197,1350.0
1784230080000,0.16197,0.16217,0.16197,0.16216,964.0
1784230140000,0.16216,0.16229,0.16216,0.16225,998.0
1784230200000,0.16226,0.16247,0.16219,0.16237,1956.0
1784230260000,0.16237,0.16237,0.16223,0.16226,477.0
1784230320000,0.16225,0.16229,0.16224,0.16229,809.0
1784230380000,0.16227,0.16234,0.16227,0.16233,1065.0
1784230440000,0.16233,0.16243,0.16232,0.16243,1268.0
1784230500000,0.16243,0.16252,0.16237,0.16251,919.0
1784230560000,0.16247,0.16252,0.16241,0.16241,1321.0
1784230620000,0.16241,0.16258,0.1624,0.16253,895.0
1784230680000,0.16253,0.16269,0.16253,0.16268,790.0
1784230740000,0.16268,0.16272,0.1626,0.16263,1258.0
1784230800000,0.16263,0.16263,0.16238,0.16252,1309.0
1784230860000,0.16251,0.16267,0.16251,0.16255,663.0
1784230920000,0.16256,0.16256,0.16255,0.16255,174.0
1784230980000,0.16254,0.16254,0.16241,0.16245,688.0
1784231040000,0.16244,0.16245,0.16237,0.16238,3782.0
1784231100000,0.16238,0.16242,0.16232,0.16237,1604.0
1784231160000,0.16238,0.16238,0.1622,0.16221,1360.0
1784231220000,0.1622,0.16223,0.16217,0.16218,923.0
1784231280000,0.16218,0.16221,0.16213,0.1622,1423.0
1784231340000,0.16218,0.1623,0.16216,0.1623,852.0
1784231400000,0.16232,0.1626,0.16219,0.16238,25232.0
1784231460000,0.16238,0.16258,0.16238,0.16255,1851.0
1784231520000,0.16257,0.16259,0.16249,0.16255,5103.0
1784231580000,0.16255,0.16264,0.16254,0.16264,654.0
1784231640000,0.16266,0.16273,0.16262,0.16273,4312.0
1784231700000,0.1628,0.1629,0.1628,0.16284,3909.0
1784231760000,0.16278,0.16278,0.16271,0.16274,669.0
1784231820000,0.16273,0.16274,0.16269,0.1627,1095.0
1784231880000,0.16269,0.16274,0.16269,0.16273,674.0
1784231940000,0.16273,0.16288,0.16272,0.16284,1254.0
1784232000000,0.16287,0.16299,0.16274,0.16278,5007.0
1784232060000,0.16278,0.1628,0.16255,0.16255,4710.0
1784232120000,0.16256,0.16281,0.1625,0.16272,1435.0
1784232180000,0.16273,0.16274,0.16263,0.16263,1516.0
1784232240000,0.16263,0.16263,0.16252,0.16261,1835.0
1784232300000,0.1626,0.16264,0.16257,0.16264,985.0
1784232360000,0.16263,0.16264,0.16258,0.1626,1165.0
1784232420000,0.16261,0.16271,0.1626,0.16265,1487.0
1784232480000,0.16269,0.1627,0.16262,0.16264,1066.0
1784232540000,0.16268,0.16268,0.16253,0.16254,3300.0
1784232600000,0.16256,0.16256,0.1625,0.16256,1736.0
1784232660000,0.16256,0.16256,0.16248,0.1625,1326.0
1784232720000,0.16251,0.16259,0.1625,0.16257,1010.0
1784232780000,0.16258,0.16258,0.16247,0.16249,1121.0
1784232840000,0.16247,0.16249,0.16246,0.16247,1497.0
1784232900000,0.16247,0.16247,0.16225,0.1623,1865.0
1784232960000,0.16229,0.16239,0.16229,0.16235,1314.0
1784233020000,0.16235,0.16238,0.1623,0.16236,664.0
1784233080000,0.16235,0.16258,0.16235,0.16258,1199.0
1784233140000,0.16257,0.16259,0.16251,0.16258,1840.0
1784233200000,0.16259,0.1627,0.16257,0.16261,2035.0
1784233260000,0.16262,0.16268,0.16259,0.16259,1747.0
1784233320000,0.16258,0.16258,0.1625,0.16253,1425.0
1784233380000,0.16256,0.16258,0.16255,0.16256,651.0
1784233440000,0.16256,0.16258,0.16249,0.16249,966.0
1784233500000,0.16246,0.16247,0.16244,0.16247,594.0
1784233560000,0.16248,0.16253,0.16247,0.16252,999.0
1784233620000,0.16251,0.16253,0.16251,0.16252,454.0
1784233680000,0.16251,0.16252,0.16249,0.16252,445.0
1784233740000,0.1625,0.1625,0.16242,0.16248,5502.0
1784233800000,0.16247,0.16247,0.16231,0.16234,1290.0
1784233860000,0.16234,0.1624,0.16233,0.16237,1612.0
1784233920000,0.16237,0.16243,0.16237,0.16243,1116.0
1784233980000,0.16248,0.16248,0.16239,0.16247,2090.0
1784234040000,0.16247,0.16249,0.16245,0.16247,983.0
1784234100000,0.16249,0.16258,0.16248,0.1625,1266.0
1784234160000,0.16248,0.1625,0.16244,0.16245,984.0
1784234220000,0.16248,0.16257,0.16247,0.16254,800.0
1784234280000,0.16254,0.16256,0.16253,0.16253,852.0
1784234340000,0.16254,0.16257,0.16254,0.16256,1397.0
1784234400000,0.16258,0.16262,0.16255,0.16258,977.0
1784234460000,0.16255,0.1626,0.16253,0.16258,548.0
1784234520000,0.16257,0.16258,0.16255,0.16258,1019.0
1784234580000,0.16258,0.16259,0.16256,0.16258,1003.0
1784234640000,0.16258,0.16264,0.16258,0.16262,1048.0
1784234700000,0.16263,0.16265,0.16263,0.16264,599.0
1784234760000,0.16264,0.16264,0.16253,0.16253,1423.0
1784234820000,0.16255,0.16265,0.16255,0.16256,1459.0
1784234880000,0.16256,0.16259,0.16255,0.16259,1098.0
1784234940000,0.16259,0.1626,0.1625,0.1625,1561.0
1784235000000,0.1625,0.1625,0.16246,0.16247,269.0
1784235060000,0.16247,0.16247,0.16247,0.16247,28.0
1784235120000,0.16249,0.16249,0.16235,0.16239,864.0
1784235180000,0.16238,0.16248,0.16237,0.16247,1922.0
1784235240000,0.16247,0.16248,0.16246,0.16246,535.0
1784235300000,0.16244,0.16247,0.16243,0.16247,99.0
1784235360000,0.16254,0.16268,0.16254,0.16265,1058.0
1784235420000,0.16264,0.16268,0.16256,0.16257,1430.0
1784235480000,0.16257,0.16258,0.16254,0.16257,874.0
1784235540000,0.16258,0.16259,0.16256,0.16256,1057.0
1784235600000,0.16255,0.16258,0.16251,0.16258,636.0
1784253660000,0.16016,0.16021,0.15983,0.15983,1904.0
1784253720000,0.15986,0.16006,0.15986,0.16005,1660.0
1784253780000,0.16006,0.16024,0.16006,0.16012,1773.0
1784253840000,0.16011,0.16015,0.16007,0.16013,649.0
1784253900000,0.16016,0.16016,0.16016,0.16016,199.0
1784253960000,0.16016,0.16025,0.16012,0.16012,1003.0
1784254020000,0.16019,0.16023,0.16016,0.16021,930.0
1784254080000,0.16017,0.16025,0.16012,0.16014,1652.0
1784254140000,0.16015,0.16015,0.15915,0.15919,14677.0
1784254200000,0.15921,0.15951,0.15914,0.15944,3035.0
1784254260000,0.15941,0.15968,0.15936,0.15968,1285.0
1784254320000,0.15969,0.15983,0.15968,0.15983,2376.0
1784254380000,0.15979,0.15993,0.15979,0.15991,1524.0
1784254440000,0.15993,0.15997,0.15991,0.15997,1272.0
1784254500000,0.15997,0.16,0.15994,0.16,1156.0
1784254560000,0.15997,0.16008,0.15988,0.16001,4331.0
1784254620000,0.16002,0.16002,0.15981,0.16,34476.0
1784254680000,0.16001,0.1601,0.15996,0.15996,2127.0
1784254740000,0.15995,0.15995,0.15978,0.15979,961.0
1784254800000,0.15985,0.15985,0.15958,0.15961,9330.0
1784254860000,0.15959,0.15964,0.15945,0.15957,8039.0
1784254920000,0.15958,0.15974,0.15956,0.15973,1292.0
1784254980000,0.15974,0.15975,0.15965,0.15967,2181.0
1784255040000,0.15965,0.15974,0.15965,0.15972,1735.0
1784255100000,0.15971,0.15985,0.15971,0.15984,1448.0
1784255160000,0.15982,0.15993,0.15972,0.15975,1415.0
1784255220000,0.15973,0.15983,0.15963,0.15968,1382.0
1784255280000,0.15973,0.16011,0.15973,0.16011,787.0
1784255340000,0.16009,0.16009,0.15986,0.15987,1888.0
1784255400000,0.15975,0.15978,0.15966,0.15966,877.0
1784255460000,0.15965,0.15973,0.15961,0.15969,1661.0
1784255520000,0.1597,0.15972,0.15961,0.15972,948.0
1784255580000,0.15975,0.15975,0.15951,0.15954,733.0
1784255640000,0.15952,0.1596,0.15947,0.15952,2053.0
1784255700000,0.1595,0.15963,0.15946,0.15962,1625.0
1784255760000,0.15963,0.15964,0.15955,0.15957,1325.0
1784255820000,0.15956,0.15956,0.15938,0.15943,2464.0
1784255880000,0.15943,0.15948,0.15939,0.15941,2696.0
1784255940000,0.1594,0.15946,0.15939,0.15944,571.0
1784256000000,0.15944,0.15953,0.15934,0.15951,1639.0
1784256060000,0.1595,0.15953,0.15941,0.15953,688.0
1784256120000,0.15955,0.15964,0.15935,0.15935,1015.0
1784256180000,0.15935,0.15955,0.15923,0.15949,9725.0
1784256240000,0.1595,0.15955,0.15947,0.15952,1617.0
1784256300000,0.15954,0.15954,0.15946,0.1595,7983.0
1784256360000,0.15947,0.15953,0.15936,0.15948,1818.0
1784256420000,0.15954,0.15954,0.15946,0.1595,3803.0
1784256480000,0.15952,0.15952,0.15939,0.1594,1092.0
1784256540000,0.15941,0.15949,0.15941,0.15949,1066.0
1784256600000,0.15953,0.15954,0.15946,0.15949,3533.0
1784256660000,0.1595,0.15954,0.15946,0.15946,1688.0
1784256720000,0.15945,0.15945,0.15935,0.15938,1578.0
1784256780000,0.15938,0.1594,0.15934,0.15934,1613.0
1784256840000,0.15934,0.1594,0.15926,0.15926,1850.0
1784256900000,0.15927,0.15943,0.15927,0.15942,1184.0
1784256960000,0.15945,0.15951,0.15929,0.15941,16858.0
1784257020000,0.15942,0.15956,0.15942,0.15955,3632.0
1784257080000,0.15955,0.15969,0.15955,0.15969,1277.0
1784257140000,0.1597,0.15973,0.15958,0.15958,1115.0
1784257200000,0.15963,0.15975,0.15963,0.15973,2195.0
1784257260000,0.15975,0.15978,0.15951,0.15955,1967.0
1784257320000,0.15956,0.15969,0.15956,0.15966,1858.0
1784257380000,0.15966,0.15984,0.15966,0.15984,1691.0
1784257440000,0.15983,0.16004,0.15983,0.15997,2974.0
1784257500000,0.16001,0.16022,0.15999,0.1602,1644.0
1784257560000,0.16021,0.16031,0.1602,0.16031,1598.0
1784257620000,0.16033,0.16039,0.16022,0.16028,1422.0
1784257680000,0.1603,0.16034,0.16024,0.16026,1365.0
1784257740000,0.16027,0.16035,0.16022,0.16022,1788.0
1784257800000,0.16023,0.16026,0.16021,0.16023,1352.0
1784257860000,0.16023,0.1603,0.16022,0.1603,1900.0
1784257920000,0.16032,0.16032,0.16026,0.1603,1152.0
1784257980000,0.1603,0.16041,0.16029,0.16036,1340.0
1784258040000,0.16037,0.16043,0.16036,0.16037,1319.0
1784258100000,0.16037,0.16047,0.16033,0.16046,1413.0
1784258160000,0.16047,0.16064,0.16047,0.16058,1322.0
1784258220000,0.16059,0.16073,0.16057,0.16072,2944.0
1784258280000,0.16071,0.161,0.1607,0.161,6476.0
1784258340000,0.16099,0.16104,0.1609,0.161,1958.0
1784258400000,0.16101,0.16106,0.16099,0.161,1492.0
1784258460000,0.16099,0.16103,0.16098,0.16101,1136.0
1784258520000,0.16102,0.16117,0.16101,0.16117,5450.0
1784258580000,0.16118,0.16122,0.16105,0.16111,1389.0
1784258640000,0.16107,0.1611,0.161,0.16101,1245.0
1784258700000,0.16104,0.16121,0.16103,0.16114,2639.0
1784258760000,0.16113,0.16114,0.16112,0.16112,1668.0
1784258820000,0.16114,0.16118,0.1611,0.16118,1327.0
1784258880000,0.16119,0.16123,0.16102,0.16103,1794.0
1784258940000,0.16105,0.1611,0.16066,0.16074,6755.0
1784259000000,0.16078,0.16094,0.16074,0.16092,4741.0
1784259060000,0.16092,0.16109,0.16082,0.16086,10525.0
1784259120000,0.16086,0.16088,0.16064,0.16066,1455.0
1784259180000,0.16067,0.16076,0.16066,0.1607,1487.0
1784259240000,0.16071,0.16084,0.16066,0.16084,2740.0
1784259300000,0.16086,0.16086,0.16075,0.16086,1407.0
1784259360000,0.16087,0.16092,0.16083,0.16083,1886.0
1784259420000,0.16083,0.16088,0.16079,0.1608,1356.0
1784259480000,0.1608,0.16088,0.1608,0.16082,1185.0
1784259540000,0.16084,0.16086,0.16071,0.16072,1698.0
1784259600000,0.16072,0.16072,0.16058,0.16058,869.0
1784259660000,0.1606,0.16063,0.16058,0.16062,863.0
1784259720000,0.16063,0.16067,0.16062,0.16066,2849.0
1784259780000,0.16066,0.16067,0.16056,0.16057,1058.0
1784259840000,0.16056,0.16066,0.16056,0.16063,12882.0
1784259900000,0.16064,0.16068,0.16046,0.16046,1381.0
1784259960000,0.16048,0.16055,0.16039,0.1604,1506.0
1784260020000,0.16039,0.16046,0.16036,0.16042,1443.0
1784260080000,0.16041,0.16049,0.16041,0.16049,855.0
1784260140000,0.16048,0.16051,0.16039,0.16041,3193.0
1784260200000,0.16042,0.16042,0.16019,0.16019,1597.0
1784260260000,0.16017,0.16026,0.16017,0.16024,3347.0
1784260320000,0.16028,0.16031,0.16025,0.16027,1186.0
1784260380000,0.16026,0.16028,0.16024,0.16025,1380.0
1784260440000,0.16024,0.16031,0.16022,0.16029,1300.0
1784260500000,0.16026,0.16032,0.16026,0.16026,1161.0
1784260560000,0.16027,0.16031,0.16027,0.1603,688.0
1784260620000,0.16028,0.16028,0.16026,0.16027,208.0
1784260680000,0.1603,0.16035,0.1603,0.16035,25.0
1784260740000,0.16032,0.16032,0.16027,0.16027,240.0
1784260800000,0.16025,0.16025,0.16002,0.16009,2063.0
1784260860000,0.16009,0.16017,0.16003,0.16005,1266.0
1784260920000,0.16004,0.16004,0.15995,0.15998,1388.0
1784260980000,0.15995,0.15995,0.15978,0.15984,2389.0
1784261040000,0.15985,0.15993,0.15981,0.15983,1245.0
1784261100000,0.15983,0.1599,0.15983,0.15986,659.0
1784261160000,0.15986,0.15991,0.15984,0.15987,1510.0
1784261220000,0.15988,0.15992,0.15985,0.15992,841.0
1784261280000,0.15992,0.15997,0.15991,0.15995,1605.0
1784261340000,0.15995,0.15996,0.15978,0.15978,1114.0
1784261400000,0.15976,0.15984,0.15976,0.15982,2572.0
1784261460000,0.15981,0.15995,0.15978,0.15995,1723.0
1784261520000,0.15993,0.16001,0.15992,0.15998,1777.0
1784261580000,0.15997,0.16003,0.15985,0.15987,1912.0
1784261640000,0.15987,0.15995,0.15986,0.15994,1436.0
1784261700000,0.15993,0.16003,0.15991,0.16003,967.0
1784261760000,0.16003,0.16005,0.16003,0.16005,482.0
1784261820000,0.16005,0.16008,0.1598,0.1598,1865.0
1784261880000,0.1598,0.15986,0.15977,0.15981,603.0
1784261940000,0.1598,0.1598,0.15943,0.15952,3029.0
1784262000000,0.15953,0.15953,0.15943,0.15947,2398.0
1784262060000,0.15947,0.15948,0.15939,0.15946,1478.0
1784262120000,0.15945,0.15952,0.15943,0.15949,2353.0
1784262180000,0.1595,0.15959,0.15949,0.15956,1380.0
1784262240000,0.15957,0.15981,0.15957,0.15979,1298.0
1784262300000,0.1598,0.1598,0.15974,0.15976,928.0
1784262360000,0.15975,0.15976,0.15971,0.15976,1164.0
1784262420000,0.15976,0.15976,0.15956,0.15964,1353.0
1784262480000,0.15963,0.15974,0.15963,0.15973,4981.0
1784262540000,0.15974,0.15974,0.15974,0.15974,92.0
1784262600000,0.15974,0.1598,0.15964,0.15964,3711.0
1784262660000,0.15965,0.15984,0.15965,0.15979,4579.0
1784262720000,0.1598,0.15986,0.15967,0.15986,2800.0
1784262780000,0.15991,0.15993,0.15985,0.15987,1458.0
1784262840000,0.15987,0.15987,0.15963,0.15972,5593.0
1784262900000,0.15972,0.1598,0.15972,0.15979,851.0
1784262960000,0.15977,0.15978,0.15973,0.15973,1277.0
1784263020000,0.15972,0.15972,0.15956,0.1597,1944.0
1784263080000,0.1597,0.1597,0.15954,0.15962,1368.0
1784263140000,0.15962,0.15975,0.15962,0.15975,10189.0
1784263200000,0.1598,0.1598,0.15971,0.15976,875.0
1784263260000,0.15976,0.16,0.15967,0.15998,4266.0
1784263320000,0.15997,0.16008,0.15996,0.16007,1717.0
1784263380000,0.16007,0.16017,0.16007,0.16016,4810.0
1784263440000,0.16016,0.16016,0.16013,0.16015,549.0
1784263500000,0.16016,0.16039,0.16016,0.16038,2724.0
1784263560000,0.16037,0.16051,0.16035,0.16047,1232.0
1784263620000,0.16045,0.16047,0.16035,0.16035,800.0
1784263680000,0.16036,0.16058,0.16036,0.16055,1177.0
1784263740000,0.16055,0.16056,0.16046,0.16046,1226.0
1784263800000,0.16047,0.16047,0.16041,0.16041,783.0
1784263860000,0.16042,0.16046,0.16039,0.16039,1320.0
1784263920000,0.16036,0.16045,0.16035,0.16045,1110.0
1784263980000,0.16047,0.16047,0.16034,0.16037,1917.0
1784264040000,0.16037,0.16037,0.16035,0.16037,1081.0
1784264100000,0.16036,0.16038,0.16034,0.16036,727.0
1784264160000,0.16037,0.16038,0.16036,0.16037,1137.0
1784264220000,0.16037,0.16043,0.16027,0.16027,1475.0
1784264280000,0.16026,0.16026,0.16016,0.1602,2223.0
1784264340000,0.16021,0.16021,0.16012,0.16012,910.0
1784264400000,0.16011,0.16011,0.16003,0.16004,659.0
1784264460000,0.16003,0.16004,0.15997,0.15997,1172.0
1784264520000,0.15997,0.15997,0.15973,0.15977,2153.0
1784264580000,0.15977,0.15987,0.15976,0.15986,685.0
1784264640000,0.15986,0.16001,0.15985,0.16,1342.0
1784264700000,0.16001,0.16001,0.1598,0.15984,1326.0
1784264760000,0.15982,0.15986,0.15978,0.15984,2553.0
1784264820000,0.15983,0.15992,0.15979,0.15991,1499.0
1784264880000,0.15992,0.15992,0.15982,0.15985,3411.0
1784264940000,0.15986,0.15999,0.15984,0.15995,788.0
1784265000000,0.15994,0.16005,0.15994,0.15999,1044.0
1784265060000,0.15996,0.15997,0.15987,0.15987,1900.0
1784265120000,0.15991,0.15997,0.15986,0.15993,1233.0
1784265180000,0.15993,0.16,0.15993,0.15997,807.0
1784265240000,0.15997,0.16007,0.15997,0.16002,1093.0
1784265300000,0.16003,0.16004,0.15992,0.15993,1491.0
1784265360000,0.15992,0.16003,0.15981,0.16,1405.0
1784265420000,0.16003,0.16007,0.15999,0.16004,484.0
1784265480000,0.16003,0.16008,0.15994,0.15994,841.0
1784265540000,0.15994,0.16003,0.15993,0.15994,2713.0
1784265600000,0.15994,0.15996,0.15982,0.15982,1381.0
1784283660000,0.16114,0.16116,0.16107,0.16107,2209.0
1784283720000,0.16107,0.1611,0.16107,0.16108,295.0
1784283780000,0.16109,0.1611,0.16108,0.1611,466.0
1784283840000,0.1611,0.1611,0.16105,0.16105,1130.0
1784283900000,0.16101,0.16104,0.16098,0.16098,596.0
1784283960000,0.16098,0.16105,0.16098,0.16105,1010.0
1784284020000,0.16104,0.1611,0.16104,0.16109,481.0
1784284080000,0.16109,0.16112,0.16109,0.16109,351.0
1784284140000,0.16113,0.16118,0.16113,0.16118,8109.0
1784284200000,0.16119,0.16119,0.16119,0.16119,113.0
1784284320000,0.16119,0.1612,0.16119,0.1612,170.0
1784284380000,0.16121,0.16139,0.16121,0.16139,429.0
1784284440000,0.16139,0.16139,0.16128,0.16129,8001.0
1784284500000,0.16125,0.1613,0.16118,0.16128,3301.0
1784284560000,0.16129,0.16136,0.16127,0.16136,1176.0
1784284620000,0.16136,0.16142,0.16135,0.1614,2332.0
1784284680000,0.1614,0.16146,0.1614,0.16146,1071.0
1784284740000,0.16146,0.16156,0.16139,0.16144,10674.0
1784284800000,0.16144,0.16159,0.16144,0.16159,3677.0
1784284860000,0.1616,0.16186,0.1616,0.16186,5545.0
1784284920000,0.16189,0.16234,0.16167,0.16173,44268.0
1784284980000,0.16172,0.16177,0.16166,0.16176,3825.0
1784285040000,0.16177,0.16177,0.16141,0.16143,9552.0
1784285100000,0.16144,0.16148,0.16136,0.16142,3336.0
1784285160000,0.16142,0.16153,0.16142,0.16144,2899.0
1784285220000,0.16139,0.16139,0.16133,0.16134,910.0
1784285280000,0.16135,0.16138,0.16116,0.16118,2952.0
1784285340000,0.16122,0.16124,0.16118,0.16122,710.0
1784285400000,0.16116,0.1612,0.16112,0.16112,872.0
1784285460000,0.16111,0.16111,0.16103,0.16106,1526.0
1784285520000,0.16107,0.1611,0.16104,0.16109,917.0
1784285580000,0.16109,0.16114,0.16104,0.16113,1346.0
1784285640000,0.16113,0.16119,0.16105,0.16106,2185.0
1784285700000,0.16106,0.16108,0.16087,0.16101,1563.0
1784285760000,0.161,0.16105,0.161,0.16104,857.0
1784285820000,0.16104,0.16104,0.16086,0.16086,2830.0
1784285880000,0.16086,0.16087,0.1608,0.16081,1701.0
1784285940000,0.16081,0.16082,0.1608,0.1608,785.0
1784286000000,0.1608,0.1609,0.16078,0.16087,1001.0
1784286060000,0.16086,0.16092,0.16086,0.16092,816.0
1784286120000,0.16092,0.16093,0.16076,0.16076,1680.0
1784286180000,0.16078,0.16078,0.16062,0.16062,1035.0
1784286240000,0.16062,0.16068,0.16062,0.16067,676.0
1784286300000,0.16066,0.16068,0.16064,0.16067,1267.0
1784286360000,0.16067,0.16069,0.16058,0.16059,847.0
1784286420000,0.16059,0.16061,0.16057,0.16058,1294.0
1784286480000,0.16059,0.16061,0.16054,0.16054,957.0
1784286540000,0.16055,0.16058,0.16055,0.16055,1963.0
1784286600000,0.16056,0.16058,0.16055,0.16058,531.0
1784286660000,0.16058,0.16068,0.16058,0.16067,4186.0
1784286720000,0.16066,0.16068,0.16063,0.16065,1174.0
1784286780000,0.16065,0.16065,0.16059,0.1606,861.0
1784286840000,0.16059,0.16059,0.16042,0.16043,1795.0
1784286900000,0.16044,0.16044,0.1604,0.1604,503.0
1784286960000,0.16037,0.16038,0.16033,0.16033,327.0
1784287020000,0.16035,0.16035,0.16027,0.16027,285.0
1784287080000,0.16028,0.16035,0.16028,0.1603,924.0
1784287140000,0.16031,0.16041,0.16029,0.16039,1141.0
1784287200000,0.16039,0.16043,0.16036,0.16041,1091.0
1784287260000,0.1604,0.16043,0.1604,0.16043,806.0
1784287320000,0.16042,0.16046,0.1604,0.16046,1029.0
1784287380000,0.16051,0.16053,0.1605,0.16052,932.0
1784287440000,0.1605,0.16051,0.16041,0.16043,1696.0
1784287500000,0.16043,0.16043,0.16041,0.16042,794.0
1784287560000,0.16043,0.16052,0.16043,0.16052,1185.0
1784287620000,0.16057,0.16058,0.16053,0.16057,787.0
1784287680000,0.16056,0.1606,0.16056,0.1606,203.0
1784287740000,0.16061,0.16061,0.16061,0.16061,1575.0
1784287800000,0.16062,0.16062,0.16057,0.16062,1034.0
1784287860000,0.16062,0.16062,0.16056,0.16056,935.0
1784287920000,0.16056,0.16058,0.16056,0.16058,1409.0
1784287980000,0.16058,0.16067,0.16057,0.16067,1598.0
1784288040000,0.16067,0.1607,0.16067,0.16069,516.0
1784288100000,0.16067,0.16075,0.16066,0.1607,1098.0
1784288160000,0.16071,0.16077,0.16064,0.16068,2258.0
1784288220000,0.16067,0.16077,0.16066,0.16069,3623.0
1784288280000,0.16072,0.16078,0.1607,0.16078,929.0
1784288340000,0.16076,0.16089,0.16075,0.16089,863.0
1784288400000,0.16088,0.16094,0.16088,0.16094,494.0
1784288460000,0.16095,0.16102,0.16093,0.16101,940.0
1784288520000,0.16101,0.16107,0.16099,0.16099,709.0
1784288580000,0.16094,0.16096,0.16085,0.16093,2625.0
1784288640000,0.16095,0.16098,0.16085,0.1609,1756.0
1784288700000,0.16089,0.16099,0.16088,0.16099,1646.0
1784288760000,0.16095,0.16095,0.16087,0.16089,654.0
1784288820000,0.16091,0.16091,0.16079,0.1608,814.0
1784288880000,0.1608,0.16093,0.1608,0.16091,1273.0
1784288940000,0.16087,0.1609,0.16083,0.16088,1255.0
1784289000000,0.16087,0.16092,0.16079,0.16092,1505.0
1784289060000,0.16092,0.16092,0.16074,0.16081,1179.0
1784289120000,0.16081,0.16089,0.16081,0.16085,2480.0
1784289180000,0.16086,0.16089,0.16082,0.16089,190.0
1784289240000,0.16088,0.16098,0.16086,0.16098,591.0
1784289300000,0.16097,0.16097,0.16095,0.16095,379.0
1784289360000,0.16096,0.16099,0.16096,0.16097,577.0
1784289420000,0.16097,0.161,0.16091,0.16092,2291.0
1784289480000,0.16091,0.16093,0.16091,0.16092,1082.0
1784289540000,0.16091,0.16091,0.16084,0.16087,1531.0
1784289600000,0.16087,0.16089,0.16078,0.16083,1765.0
1784289660000,0.16082,0.16091,0.1607,0.1607,1956.0
1784289720000,0.1607,0.1607,0.16065,0.16069,1810.0
1784289780000,0.1607,0.16071,0.16067,0.1607,758.0
1784289840000,0.1607,0.16071,0.16061,0.16063,1440.0
1784289900000,0.16061,0.16067,0.16061,0.16063,1322.0
1784289960000,0.16062,0.16062,0.16058,0.16062,501.0
1784290020000,0.16062,0.16062,0.1606,0.16061,364.0
1784290080000,0.16062,0.16062,0.16059,0.16059,836.0
1784290140000,0.16057,0.16059,0.16056,0.16058,698.0
1784290200000,0.16059,0.16062,0.16058,0.16061,639.0
1784290260000,0.16062,0.16062,0.16057,0.16057,535.0
1784290320000,0.16057,0.16064,0.16057,0.16062,1292.0
1784290380000,0.16062,0.16062,0.16056,0.16057,407.0
1784290440000,0.16058,0.16064,0.16057,0.16064,1330.0
1784290500000,0.16064,0.16064,0.16051,0.16053,2586.0
1784290560000,0.16054,0.16054,0.16047,0.16051,1382.0
1784290620000,0.16052,0.16053,0.16049,0.1605,585.0
1784290680000,0.1605,0.1605,0.16021,0.16021,3410.0
1784290740000,0.16023,0.16028,0.16023,0.16027,1024.0
1784290800000,0.16027,0.16031,0.16024,0.16029,1305.0
1784290860000,0.1603,0.16041,0.16028,0.16039,1292.0
1784290920000,0.16035,0.16037,0.16032,0.16036,715.0
1784290980000,0.16036,0.1605,0.16036,0.16049,1119.0
1784291040000,0.16049,0.16049,0.16042,0.16044,574.0
1784291100000,0.16045,0.16045,0.16042,0.16042,798.0
1784291160000,0.16041,0.16041,0.1602,0.16021,1087.0
1784291220000,0.16019,0.1602,0.16011,0.16011,15096.0
1784291280000,0.16014,0.16017,0.16014,0.16014,738.0
1784291340000,0.16016,0.16027,0.16016,0.16027,916.0
1784291400000,0.16027,0.16027,0.16021,0.16026,1333.0
1784291460000,0.16024,0.16024,0.16018,0.16023,1436.0
1784291520000,0.16019,0.16021,0.16012,0.16018,1093.0
1784291580000,0.16016,0.16022,0.16013,0.16022,652.0
1784291640000,0.16017,0.16019,0.16013,0.16019,529.0
1784291700000,0.16016,0.16016,0.16016,0.16016,404.0
1784291760000,0.16018,0.16022,0.16018,0.16019,506.0
1784291820000,0.16016,0.16016,0.16008,0.16008,880.0
1784291880000,0.16008,0.1601,0.16007,0.16008,457.0
1784291940000,0.16005,0.16005,0.15994,0.15995,3371.0
1784292000000,0.15995,0.15995,0.15969,0.15981,10715.0
1784292060000,0.15982,0.15985,0.15966,0.15967,2757.0
1784292120000,0.15968,0.15974,0.15957,0.15969,2611.0
1784292180000,0.1597,0.15975,0.15963,0.15975,1456.0
1784292240000,0.15975,0.15996,0.15974,0.15985,9522.0
1784292300000,0.15984,0.15984,0.15978,0.15978,977.0
1784292360000,0.15978,0.1599,0.15956,0.1599,21293.0
1784292420000,0.15991,0.15995,0.15988,0.15989,1644.0
1784292480000,0.15989,0.15989,0.15983,0.15983,831.0
1784292540000,0.15978,0.15978,0.15964,0.15965,490.0
1784292600000,0.15964,0.15969,0.15958,0.15959,829.0
1784292660000,0.15961,0.15961,0.15959,0.15959,252.0
1784292720000,0.15957,0.1597,0.15957,0.15969,766.0
1784292780000,0.15969,0.15979,0.15969,0.15978,640.0
1784292840000,0.15979,0.15981,0.15978,0.1598,459.0
1784292900000,0.15981,0.15981,0.1598,0.1598,354.0
1784292960000,0.15981,0.15987,0.1598,0.15985,976.0
1784293020000,0.15984,0.15986,0.15984,0.15986,163.0
1784293080000,0.15986,0.15986,0.15969,0.15971,1314.0
1784293140000,0.15971,0.15972,0.15963,0.15966,900.0
1784293200000,0.15966,0.15966,0.15945,0.15956,1233.0
1784293260000,0.15953,0.15955,0.15946,0.15953,2965.0
1784293320000,0.15954,0.15954,0.15947,0.15948,2631.0
1784293380000,0.15948,0.15953,0.15943,0.15953,1470.0
1784293440000,0.15953,0.15955,0.1595,0.15954,370.0
1784293500000,0.15955,0.15955,0.1591,0.15913,7126.0
1784293560000,0.1591,0.1591,0.1585,0.1585,14243.0
1784293620000,0.15848,0.15851,0.15811,0.15824,8995.0
1784293680000,0.15823,0.15867,0.15822,0.15865,2473.0
1784293740000,0.15866,0.15873,0.15855,0.15857,4779.0
1784293800000,0.15856,0.15866,0.15846,0.15853,2427.0
1784293860000,0.15851,0.15851,0.15801,0.15812,2748.0
1784293920000,0.15808,0.15836,0.15808,0.15833,1406.0
1784293980000,0.15835,0.1585,0.15835,0.1585,612.0
1784294040000,0.15851,0.15855,0.15843,0.15848,1351.0
1784294100000,0.15846,0.1586,0.15831,0.1586,1656.0
1784294160000,0.15858,0.15864,0.15851,0.15853,1222.0
1784294220000,0.15844,0.15848,0.15823,0.15848,1460.0
1784294280000,0.15847,0.15858,0.15844,0.15858,2658.0
1784294340000,0.15858,0.15858,0.1584,0.1584,1233.0
1784294400000,0.15842,0.15886,0.15842,0.15886,2319.0
1784294460000,0.15885,0.15889,0.15864,0.15864,1419.0
1784294520000,0.15865,0.15869,0.15853,0.15859,1681.0
1784294580000,0.15859,0.15869,0.15857,0.15868,1111.0
1784294640000,0.15869,0.15869,0.15847,0.15849,2088.0
1784294700000,0.15852,0.15867,0.1582,0.15852,22477.0
1784294760000,0.15852,0.15858,0.15845,0.15846,1607.0
1784294820000,0.15846,0.15853,0.15823,0.1585,4062.0
1784294880000,0.1585,0.15868,0.15846,0.15863,2885.0
1784294940000,0.15863,0.15863,0.15849,0.15854,1317.0
1784295000000,0.15859,0.15878,0.15842,0.15851,12440.0
1784295060000,0.1585,0.15872,0.15841,0.15872,3148.0
1784295120000,0.15878,0.15891,0.15869,0.15873,19624.0
1784295180000,0.15877,0.15888,0.15842,0.15844,7022.0
1784295240000,0.15842,0.15844,0.15825,0.15825,2148.0
1784295300000,0.15824,0.1584,0.15822,0.15825,9107.0
1784295360000,0.15827,0.15848,0.15775,0.15789,15296.0
1784295420000,0.15788,0.15803,0.15769,0.15783,6366.0
1784295480000,0.15788,0.15806,0.15778,0.15794,2521.0
1784295540000,0.15792,0.15802,0.15779,0.15794,5749.0
1784295600000,0.15796,0.15842,0.15795,0.15835,6246.0
1784295660000,0.15831,0.15849,0.15814,0.15819,30651.0
1784313660000,0.16544,0.16546,0.16532,0.16538,900.0
1784313720000,0.16532,0.16539,0.16522,0.16523,503.0
1784313780000,0.16522,0.16522,0.16522,0.16522,21.0
1784313840000,0.16547,0.16552,0.16547,0.16552,340.0
1784313900000,0.16548,0.16583,0.16548,0.16583,2166.0
1784313960000,0.16582,0.16583,0.16569,0.16581,879.0
1784314020000,0.16581,0.16613,0.16581,0.16611,2974.0
1784314080000,0.16612,0.16613,0.16602,0.16602,1240.0
1784314140000,0.16602,0.16623,0.16602,0.16609,1865.0
1784314200000,0.16609,0.1661,0.16601,0.1661,1364.0
1784314260000,0.16621,0.16621,0.1661,0.16611,1371.0
1784314320000,0.16609,0.16609,0.16592,0.16605,1587.0
1784314380000,0.16603,0.16615,0.16589,0.16602,6453.0
1784314440000,0.16601,0.16614,0.16598,0.16614,983.0
1784314500000,0.16614,0.16621,0.16599,0.16599,958.0
1784314560000,0.16602,0.16604,0.16592,0.16593,1147.0
1784314620000,0.16595,0.16602,0.16588,0.166,3358.0
1784314680000,0.16599,0.166,0.16591,0.16595,1309.0
1784314740000,0.16592,0.16594,0.16587,0.16587,577.0
1784314800000,0.16578,0.1659,0.16578,0.16584,1331.0
1784314860000,0.16582,0.1659,0.1658,0.1658,1162.0
1784314920000,0.16584,0.16587,0.16582,0.16582,1067.0
1784314980000,0.1658,0.16609,0.1658,0.16608,1429.0
1784315040000,0.16612,0.16617,0.16606,0.16613,973.0
1784315100000,0.16614,0.16619,0.16599,0.16619,1449.0
1784315160000,0.16618,0.16625,0.16603,0.16603,1762.0
1784315220000,0.16602,0.16602,0.16598,0.16599,463.0
1784315280000,0.16596,0.16606,0.16594,0.16601,792.0
1784315340000,0.16601,0.16603,0.16579,0.16585,1747.0
1784315400000,0.16586,0.16597,0.16586,0.16596,3435.0
1784315460000,0.16591,0.16593,0.16568,0.16568,3648.0
1784315520000,0.16565,0.16577,0.16556,0.16562,2522.0
1784315580000,0.16561,0.16572,0.16558,0.16562,1372.0
1784315640000,0.16559,0.16564,0.16556,0.16558,2100.0
1784315700000,0.16563,0.16565,0.16559,0.16563,846.0
1784315760000,0.16555,0.16557,0.16552,0.16552,671.0
1784315820000,0.16552,0.16558,0.16542,0.16558,1419.0
1784315880000,0.16556,0.16565,0.16541,0.16543,1263.0
1784315940000,0.1655,0.16556,0.1655,0.16552,1623.0
1784316000000,0.16547,0.16547,0.16533,0.16536,2266.0
1784316060000,0.16544,0.16546,0.16496,0.16496,4347.0
1784316120000,0.16491,0.16504,0.16485,0.16503,7044.0
1784316180000,0.16511,0.16518,0.16509,0.1651,18102.0
1784316240000,0.16509,0.16511,0.16495,0.16502,4762.0
1784316300000,0.16502,0.16503,0.16493,0.16494,5253.0
1784316360000,0.16494,0.16518,0.16494,0.16518,1788.0
1784316420000,0.16517,0.16534,0.16517,0.1653,2607.0
1784316480000,0.1653,0.16536,0.1653,0.16535,1199.0
1784316540000,0.16536,0.16539,0.16531,0.16534,2327.0
1784316600000,0.16538,0.16555,0.16524,0.16533,3797.0
1784316660000,0.16533,0.16537,0.16524,0.16537,1180.0
1784316720000,0.16531,0.16536,0.16524,0.16535,1829.0
1784316780000,0.16529,0.1653,0.16517,0.1653,720.0
1784316840000,0.16531,0.16539,0.16509,0.16509,1700.0
1784316900000,0.16506,0.16517,0.16505,0.16507,1139.0
1784316960000,0.16507,0.16516,0.16507,0.16516,765.0
1784317020000,0.16517,0.16528,0.16517,0.16525,1364.0
1784317080000,0.16524,0.16548,0.16524,0.16545,3400.0
1784317140000,0.16542,0.16542,0.16535,0.16535,960.0
1784317200000,0.16533,0.16538,0.16526,0.16538,1210.0
1784317260000,0.1654,0.1655,0.16538,0.1655,514.0
1784317320000,0.16556,0.1665,0.16556,0.16636,30782.0
1784317380000,0.16638,0.16669,0.16631,0.16642,10867.0
1784317440000,0.16641,0.16652,0.16634,0.16647,5311.0
1784317500000,0.16646,0.16664,0.16633,0.16633,7115.0
1784317560000,0.16634,0.16634,0.16603,0.16605,2941.0
1784317620000,0.16608,0.16608,0.16584,0.16597,6785.0
1784317680000,0.16597,0.16597,0.16586,0.16586,830.0
1784317740000,0.16587,0.16595,0.16579,0.16589,3672.0
1784317800000,0.16591,0.16592,0.16572,0.16582,3132.0
1784317860000,0.16579,0.16588,0.16579,0.16588,1161.0
1784317920000,0.16588,0.16597,0.16588,0.16588,1049.0
1784317980000,0.1659,0.1659,0.16583,0.16585,968.0
1784318040000,0.16584,0.16587,0.16575,0.16587,996.0
1784318100000,0.16582,0.16587,0.16582,0.16585,1167.0
1784318160000,0.16587,0.16595,0.16587,0.16593,1112.0
1784318220000,0.16593,0.16606,0.16591,0.16593,10488.0
1784318280000,0.16593,0.16605,0.16591,0.16594,2860.0
1784318340000,0.16594,0.16596,0.16586,0.16594,1182.0
1784318400000,0.16596,0.16597,0.16573,0.16583,1719.0
1784318460000,0.16581,0.16589,0.1658,0.16589,2130.0
1784318520000,0.16588,0.16588,0.16556,0.1656,3049.0
1784318580000,0.1656,0.16565,0.16556,0.16562,2147.0
1784318640000,0.16561,0.1657,0.1656,0.16563,1955.0
1784318700000,0.16564,0.16578,0.16556,0.16577,2286.0
1784318760000,0.16577,0.1658,0.16577,0.1658,2217.0
1784318820000,0.16579,0.1658,0.16567,0.16569,1087.0
1784318880000,0.1657,0.16571,0.16565,0.16567,1350.0
1784318940000,0.16571,0.16578,0.16571,0.16574,1601.0
1784319000000,0.16575,0.1658,0.16575,0.16577,399.0
1784319060000,0.16577,0.1659,0.16575,0.1659,4242.0
1784319120000,0.16588,0.16589,0.16586,0.16588,728.0
1784319180000,0.16587,0.166,0.16582,0.166,6530.0
1784319240000,0.166,0.166,0.16596,0.16599,262.0
1784319300000,0.16596,0.16599,0.16593,0.16595,1516.0
1784319360000,0.16595,0.16597,0.16583,0.16584,946.0
1784319420000,0.16584,0.16588,0.1658,0.16584,3252.0
1784319480000,0.16584,0.16589,0.16583,0.16584,717.0
1784319540000,0.16585,0.16585,0.16564,0.16578,1516.0
1784319600000,0.16586,0.16589,0.16585,0.16587,1153.0
1784319660000,0.16586,0.16586,0.16574,0.16577,1520.0
1784319720000,0.16575,0.16579,0.16543,0.16544,13431.0
1784319780000,0.16542,0.16545,0.16533,0.16533,1182.0
1784319840000,0.16533,0.16545,0.16533,0.16544,3907.0
1784319900000,0.16543,0.16555,0.16543,0.16554,1339.0
1784319960000,0.16554,0.16554,0.16548,0.16549,1138.0
1784320020000,0.1655,0.16551,0.16525,0.16525,3767.0
1784320080000,0.16527,0.16532,0.1652,0.16532,1189.0
1784320140000,0.16532,0.16532,0.16527,0.16527,750.0
1784320200000,0.16529,0.16543,0.16529,0.16532,2308.0
1784320260000,0.16532,0.16532,0.16521,0.16521,699.0
1784320320000,0.1652,0.1652,0.16517,0.16517,433.0
1784320380000,0.16517,0.16549,0.16517,0.16548,669.0
1784320440000,0.16549,0.16549,0.16537,0.16537,575.0
1784320500000,0.16535,0.16537,0.16533,0.16536,948.0
1784320560000,0.16537,0.16538,0.16536,0.16537,89.0
1784320620000,0.16536,0.16536,0.16535,0.16535,195.0
1784320680000,0.16536,0.16536,0.16519,0.16519,167.0
1784320740000,0.16519,0.16519,0.16511,0.16513,3277.0
1784320800000,0.16512,0.16515,0.16494,0.16507,5102.0
1784320860000,0.16504,0.16504,0.16487,0.16502,17379.0
1784320920000,0.16498,0.16518,0.16498,0.16516,1059.0
1784320980000,0.16516,0.1652,0.16504,0.16519,4629.0
1784321040000,0.1652,0.1655,0.1652,0.1655,4448.0
1784321100000,0.16556,0.16557,0.16547,0.16547,1403.0
1784321160000,0.16547,0.16548,0.16535,0.16535,1493.0
1784321220000,0.16536,0.16539,0.16529,0.16529,897.0
1784321280000,0.16529,0.1653,0.16527,0.16528,123.0
1784321340000,0.16527,0.16529,0.16515,0.16517,5396.0
1784321400000,0.16517,0.16549,0.16515,0.16545,8152.0
1784321460000,0.16547,0.16548,0.16545,0.16546,1063.0
1784321520000,0.16547,0.16558,0.16547,0.16558,877.0
1784321580000,0.16558,0.16561,0.16551,0.16555,1120.0
1784321640000,0.16555,0.16559,0.16555,0.16559,905.0
1784321700000,0.16559,0.16571,0.16559,0.16566,3213.0
1784321760000,0.16567,0.16569,0.16565,0.16568,749.0
1784321820000,0.16568,0.1657,0.16565,0.16565,370.0
1784321880000,0.16563,0.16569,0.16563,0.16568,382.0
1784321940000,0.16568,0.16569,0.16566,0.16567,639.0
1784322000000,0.16565,0.16578,0.16565,0.16578,533.0
1784322060000,0.16578,0.16614,0.16578,0.166,7862.0
1784322120000,0.16608,0.16609,0.166,0.166,699.0
1784322180000,0.166,0.16602,0.166,0.16602,279.0
1784322240000,0.16603,0.16606,0.16597,0.16597,1088.0
1784322300000,0.16593,0.16595,0.16586,0.16586,610.0
1784322360000,0.16589,0.16589,0.16586,0.16587,315.0
1784322420000,0.16586,0.16586,0.16585,0.16585,222.0
1784322480000,0.16586,0.16586,0.16585,0.16585,231.0
1784322540000,0.16585,0.16586,0.16579,0.16585,4602.0
1784322600000,0.16584,0.16594,0.16584,0.16592,936.0
1784322660000,0.16595,0.16596,0.16594,0.16595,168.0
1784322720000,0.16596,0.16607,0.16596,0.16606,1117.0
1784322780000,0.16607,0.16654,0.16607,0.16625,4059.0
1784322840000,0.16624,0.16627,0.16615,0.16624,1949.0
1784322900000,0.16636,0.16636,0.1663,0.1663,1261.0
1784322960000,0.16637,0.16637,0.16635,0.16636,207.0
1784323020000,0.16638,0.16638,0.16635,0.16635,438.0
1784323080000,0.16637,0.16637,0.16633,0.16634,584.0
1784323140000,0.16631,0.16637,0.16626,0.16631,473.0
1784323200000,0.1663,0.16644,0.1663,0.16644,603.0
1784323260000,0.16644,0.16644,0.16639,0.16642,1193.0
1784323320000,0.1664,0.16644,0.1664,0.16644,489.0
1784323380000,0.16644,0.16658,0.16644,0.16655,2779.0
1784323440000,0.16654,0.16654,0.1664,0.1664,786.0
1784323500000,0.16639,0.16645,0.16635,0.16643,1502.0
1784323560000,0.16644,0.16647,0.1664,0.16647,969.0
1784323620000,0.16644,0.16656,0.16644,0.16656,1090.0
1784323680000,0.16656,0.16665,0.16655,0.16663,882.0
1784323740000,0.16663,0.16665,0.16663,0.16664,446.0
1784323800000,0.16664,0.16664,0.16656,0.16657,666.0
1784323860000,0.16657,0.16657,0.16652,0.16652,554.0
1784323920000,0.16653,0.16654,0.1665,0.16652,949.0
1784323980000,0.16653,0.16654,0.1665,0.16652,1226.0
1784324040000,0.16651,0.16652,0.1665,0.16652,799.0
1784324100000,0.16649,0.16649,0.16641,0.16642,2437.0
1784324160000,0.16641,0.16645,0.16641,0.16642,969.0
1784324220000,0.16642,0.16656,0.16642,0.16655,954.0
1784324280000,0.16664,0.16664,0.16654,0.16654,699.0
1784324340000,0.16656,0.16657,0.16653,0.16657,968.0
1784324400000,0.16658,0.1668,0.16658,0.16663,2273.0
1784324460000,0.16661,0.16663,0.16656,0.16663,5464.0
1784324520000,0.16661,0.16661,0.16641,0.16643,870.0
1784324580000,0.16641,0.16651,0.1664,0.16651,1178.0
1784324640000,0.16652,0.16652,0.1664,0.1664,1083.0
1784324700000,0.1665,0.1665,0.16644,0.16647,973.0
1784324760000,0.16649,0.16649,0.16635,0.16638,1483.0
1784324820000,0.16637,0.16637,0.16632,0.16632,725.0
1784324880000,0.16632,0.16641,0.16632,0.16641,907.0
1784324940000,0.16642,0.16642,0.16625,0.16626,1237.0
1784325000000,0.16627,0.16627,0.16618,0.16618,912.0
1784325060000,0.16618,0.16618,0.16611,0.16615,1952.0
1784325120000,0.16616,0.16617,0.16599,0.16599,9450.0
1784325180000,0.16598,0.16602,0.16597,0.16599,1301.0
1784325240000,0.16595,0.16604,0.16595,0.16601,698.0
1784325300000,0.16602,0.16602,0.16596,0.16596,667.0
1784325360000,0.16594,0.16594,0.16589,0.16593,1071.0
1784325420000,0.16593,0.166,0.16592,0.16596,1145.0
1784325480000,0.16595,0.16598,0.16589,0.16592,1201.0
1784325540000,0.16593,0.16594,0.16585,0.16591,1176.0
1784325600000,0.16592,0.1662,0.16591,0.16616,4672.0
1784343660000,0.1685,0.16859,0.16848,0.16848,4598.0
1784343720000,0.16847,0.16849,0.16845,0.16849,672.0
1784343780000,0.16849,0.1685,0.16848,0.16849,594.0
1784343840000,0.16849,0.1686,0.16848,0.16858,1832.0
1784343900000,0.16857,0.16862,0.16857,0.16862,1090.0
1784343960000,0.16861,0.16863,0.16849,0.16849,4020.0
1784344020000,0.16849,0.16849,0.16843,0.16848,998.0
1784344080000,0.16848,0.16856,0.16847,0.16854,1004.0
1784344140000,0.16854,0.16855,0.16849,0.1685,2095.0
1784344200000,0.1685,0.16854,0.1685,0.16851,953.0
1784344260000,0.1685,0.1685,0.1684,0.1684,351.0
1784344320000,0.1683,0.1683,0.16815,0.16817,4967.0
1784344380000,0.16819,0.1682,0.16818,0.16819,587.0
1784344440000,0.1682,0.1683,0.16818,0.16829,5769.0
1784344500000,0.16828,0.16831,0.16808,0.16814,9292.0
1784344560000,0.16812,0.16821,0.1681,0.16821,1830.0
1784344620000,0.1682,0.16827,0.16813,0.16819,6068.0
1784344680000,0.1682,0.16841,0.16819,0.16841,4340.0
1784344740000,0.16844,0.16845,0.16844,0.16845,114.0
1784344800000,0.1684,0.1684,0.1683,0.16831,607.0
1784344860000,0.16829,0.16831,0.16829,0.1683,566.0
1784344920000,0.16829,0.1683,0.16819,0.1682,1227.0
1784344980000,0.16818,0.16819,0.16779,0.16799,9967.0
1784345040000,0.16799,0.16799,0.16757,0.16757,5429.0
1784345100000,0.16757,0.16773,0.16757,0.16771,8511.0
1784345160000,0.16771,0.16771,0.16759,0.16769,14022.0
1784345220000,0.16768,0.1677,0.16755,0.16755,1633.0
1784345280000,0.16751,0.16751,0.16741,0.1675,852.0
1784345340000,0.16748,0.16748,0.16722,0.16725,6001.0
1784345400000,0.16722,0.16725,0.16716,0.16718,2473.0
1784345460000,0.16719,0.16734,0.16717,0.16732,3968.0
1784345520000,0.16732,0.1674,0.16725,0.1674,2851.0
1784345580000,0.16741,0.16743,0.16736,0.16741,459.0
1784345640000,0.16742,0.16742,0.1674,0.16741,393.0
1784345700000,0.16742,0.16742,0.1674,0.16741,155.0
1784345760000,0.16741,0.16742,0.16734,0.16736,798.0
1784345820000,0.16734,0.16734,0.16731,0.16731,1257.0
1784345880000,0.16732,0.16737,0.16725,0.16725,3832.0
1784345940000,0.16728,0.16731,0.16728,0.1673,206.0
1784346000000,0.16726,0.16726,0.16726,0.16726,68.0
1784346060000,0.16726,0.16728,0.16716,0.16718,1064.0
1784346120000,0.16718,0.1672,0.16716,0.16719,737.0
1784346180000,0.16718,0.16722,0.16708,0.16722,6325.0
1784346240000,0.16723,0.16729,0.16713,0.16725,5422.0
1784346300000,0.16722,0.1673,0.16722,0.1673,493.0
1784346360000,0.16731,0.16733,0.16727,0.16732,592.0
1784346420000,0.16733,0.16739,0.16732,0.16737,6527.0
1784346480000,0.16737,0.16738,0.16732,0.16737,468.0
1784346540000,0.16736,0.16738,0.16732,0.16736,472.0
1784346600000,0.16736,0.16736,0.16732,0.16734,697.0
1784346660000,0.16737,0.16749,0.16737,0.16737,13418.0
1784346720000,0.16738,0.16739,0.16737,0.16738,693.0
1784346780000,0.16737,0.16739,0.16736,0.16739,759.0
1784346840000,0.16738,0.1674,0.16738,0.1674,807.0
1784346900000,0.16739,0.16746,0.16739,0.16746,814.0
1784346960000,0.16749,0.16777,0.16749,0.16777,1231.0
1784347020000,0.16778,0.1678,0.16771,0.16779,5738.0
1784347080000,0.1678,0.1678,0.16778,0.16778,346.0
1784347140000,0.16779,0.16781,0.16769,0.1678,6058.0
1784347200000,0.16784,0.16797,0.16777,0.16779,5788.0
1784347260000,0.1678,0.16792,0.1678,0.1679,1758.0
1784347320000,0.16789,0.16791,0.16789,0.16789,1460.0
1784347380000,0.16789,0.16795,0.16768,0.16791,22587.0
1784347440000,0.16791,0.16791,0.1679,0.1679,62.0
1784347500000,0.16787,0.16787,0.16768,0.16771,599.0
1784347560000,0.16767,0.16767,0.1675,0.1675,730.0
1784347620000,0.16749,0.16749,0.16749,0.16749,71.0
1784347680000,0.16747,0.16747,0.16737,0.16737,306.0
1784347740000,0.16736,0.16738,0.16736,0.16738,172.0
1784347800000,0.16738,0.16739,0.16737,0.16738,580.0
1784347860000,0.16737,0.16753,0.16737,0.16753,822.0
1784347920000,0.16753,0.16753,0.16751,0.16753,206.0
1784347980000,0.1675,0.1675,0.16749,0.1675,259.0
1784348040000,0.1675,0.16753,0.1675,0.16752,103.0
1784348100000,0.16751,0.16751,0.16749,0.1675,733.0
1784348160000,0.1675,0.1675,0.16749,0.16749,1047.0
1784348220000,0.16749,0.16749,0.1672,0.1672,1199.0
1784348280000,0.16718,0.16721,0.16718,0.1672,428.0
1784348340000,0.1672,0.16731,0.16718,0.16731,1361.0
1784348400000,0.1673,0.1673,0.16718,0.16718,3226.0
1784348460000,0.16717,0.16717,0.16717,0.16717,46.0
1784348520000,0.16716,0.16716,0.16707,0.16707,433.0
1784348580000,0.16707,0.16707,0.16701,0.16702,2380.0
1784348640000,0.16706,0.16706,0.16698,0.16699,819.0
1784348700000,0.167,0.167,0.16694,0.16696,939.0
1784348760000,0.16697,0.16699,0.16686,0.16699,1377.0
1784348820000,0.16697,0.16699,0.16697,0.16698,884.0
1784348880000,0.16699,0.16702,0.16699,0.16702,592.0
1784348940000,0.16701,0.16703,0.16694,0.16698,2087.0
1784349000000,0.16698,0.1671,0.16696,0.1671,483.0
1784349060000,0.1671,0.1671,0.16632,0.16642,26045.0
1784349120000,0.16647,0.16666,0.16647,0.16659,1213.0
1784349180000,0.16664,0.16668,0.16664,0.16667,2487.0
1784349240000,0.16667,0.1667,0.16667,0.16667,349.0
1784349300000,0.16667,0.16667,0.16656,0.16667,5595.0
1784349360000,0.16669,0.16669,0.16636,0.16637,7711.0
1784349420000,0.16638,0.16651,0.16638,0.16648,3264.0
1784349480000,0.1665,0.16652,0.16645,0.16645,390.0
1784349540000,0.16646,0.16651,0.16646,0.16651,754.0
1784349600000,0.16651,0.16652,0.16649,0.16651,737.0
1784349660000,0.16651,0.16655,0.16651,0.16652,201.0
1784349720000,0.16659,0.16662,0.16659,0.16662,214.0
1784349780000,0.1666,0.1666,0.1665,0.1665,338.0
1784349840000,0.1665,0.16661,0.16649,0.1666,803.0
1784349900000,0.1666,0.16661,0.16658,0.16659,784.0
1784349960000,0.16661,0.16661,0.1666,0.16661,470.0
1784350020000,0.16661,0.16662,0.1666,0.16662,452.0
1784350080000,0.16662,0.16662,0.16662,0.16662,194.0
1784350140000,0.16665,0.1667,0.16665,0.16669,377.0
1784350200000,0.1667,0.16671,0.16669,0.16669,1537.0
1784350260000,0.16669,0.1667,0.16669,0.16669,490.0
1784350320000,0.16669,0.16671,0.16669,0.16671,805.0
1784350380000,0.16672,0.16679,0.16672,0.16678,337.0
1784350440000,0.1668,0.16689,0.1668,0.16688,540.0
1784350500000,0.16689,0.16689,0.16688,0.16688,196.0
1784350560000,0.16688,0.16689,0.16681,0.16687,1025.0
1784350620000,0.16688,0.16688,0.16688,0.16688,314.0
1784350680000,0.16686,0.16686,0.16686,0.16686,58.0
1784350740000,0.16686,0.16686,0.16676,0.16678,705.0
1784350800000,0.16679,0.16684,0.16676,0.16677,3120.0
1784350860000,0.16677,0.16678,0.16667,0.16668,599.0
1784350920000,0.16665,0.16669,0.16658,0.16669,2767.0
1784350980000,0.16669,0.1667,0.16668,0.1667,890.0
1784351040000,0.16671,0.16671,0.1667,0.16671,580.0
1784351100000,0.1667,0.1667,0.1667,0.1667,144.0
1784351160000,0.16671,0.16672,0.1667,0.1667,343.0
1784351280000,0.16672,0.16672,0.16666,0.16666,98.0
1784351340000,0.16664,0.16668,0.16641,0.16641,1493.0
1784351400000,0.16642,0.16643,0.16635,0.16637,2237.0
1784351460000,0.16637,0.16638,0.16634,0.16635,586.0
1784351520000,0.16636,0.16636,0.16625,0.16625,392.0
1784351580000,0.16624,0.16624,0.16615,0.16617,1231.0
1784351640000,0.16616,0.16617,0.16615,0.16616,518.0
1784351700000,0.16615,0.16617,0.16602,0.16617,3622.0
1784351760000,0.16617,0.16622,0.16617,0.1662,530.0
1784351820000,0.1662,0.16631,0.1662,0.16631,1386.0
1784351880000,0.16631,0.1664,0.16631,0.1664,432.0
1784351940000,0.16639,0.16639,0.16639,0.16639,16.0
1784352000000,0.1664,0.16641,0.1664,0.16641,289.0
1784352060000,0.16648,0.16666,0.16648,0.16659,7012.0
1784352120000,0.1666,0.16666,0.1666,0.16665,573.0
1784352180000,0.16665,0.16667,0.16654,0.16656,579.0
1784352240000,0.16656,0.16669,0.16656,0.16668,1165.0
1784352300000,0.16668,0.16679,0.16668,0.16676,415.0
1784352360000,0.16677,0.16689,0.16676,0.16682,2270.0
1784352420000,0.16682,0.16683,0.16677,0.16678,1174.0
1784352480000,0.16679,0.16682,0.16677,0.16681,774.0
1784352600000,0.16683,0.16692,0.16683,0.16691,730.0
1784352660000,0.16694,0.16699,0.16691,0.16697,1476.0
1784352720000,0.16699,0.16708,0.16699,0.16708,360.0
1784352780000,0.16709,0.1671,0.16688,0.16694,6003.0
1784352840000,0.16694,0.16705,0.16694,0.16705,2234.0
1784352900000,0.16708,0.16709,0.16707,0.16709,760.0
1784352960000,0.16709,0.16709,0.16708,0.16708,1302.0
1784353020000,0.16707,0.16707,0.16707,0.16707,328.0
1784353080000,0.16708,0.16724,0.16708,0.16717,8016.0
1784353140000,0.16717,0.16717,0.16696,0.16698,627.0
1784353200000,0.16699,0.16699,0.16696,0.16698,1568.0
1784353260000,0.16699,0.167,0.16698,0.16698,1054.0
1784353320000,0.167,0.167,0.16697,0.16699,879.0
1784353380000,0.16699,0.16699,0.16695,0.16697,1052.0
1784353440000,0.16697,0.16699,0.16697,0.16697,881.0
1784353500000,0.16697,0.1671,0.16684,0.1671,4513.0
1784353560000,0.16709,0.16732,0.16709,0.16728,1359.0
1784353620000,0.16728,0.16732,0.1672,0.1672,1882.0
1784353680000,0.16713,0.1673,0.16709,0.16718,17649.0
1784353740000,0.16714,0.16714,0.16701,0.16701,3306.0
1784353800000,0.16699,0.16703,0.16686,0.16699,3252.0
1784353860000,0.16701,0.16701,0.167,0.167,89.0
1784353920000,0.16701,0.16701,0.16664,0.16664,1733.0
1784353980000,0.16663,0.16663,0.16661,0.16663,499.0
1784354040000,0.16661,0.16661,0.1666,0.1666,193.0
1784354100000,0.1666,0.1666,0.16641,0.16642,2018.0
1784354160000,0.16642,0.16652,0.16642,0.16647,3767.0
1784354220000,0.16649,0.1665,0.16649,0.1665,807.0
1784354280000,0.1665,0.16651,0.16649,0.16651,871.0
1784354340000,0.16651,0.16663,0.16648,0.16663,988.0
1784354400000,0.16662,0.16666,0.16648,0.16648,4969.0
1784354460000,0.16647,0.16649,0.16645,0.16645,1206.0
1784354520000,0.16645,0.16648,0.16645,0.16647,754.0
1784354580000,0.16647,0.16648,0.16645,0.16647,521.0
1784354640000,0.16647,0.16652,0.16646,0.16649,1039.0
1784354700000,0.1665,0.16658,0.1665,0.16658,1236.0
1784354760000,0.16659,0.1667,0.16657,0.16666,3354.0
1784354820000,0.16666,0.1667,0.16666,0.16667,616.0
1784354880000,0.16668,0.16668,0.16666,0.16667,186.0
1784354940000,0.16667,0.16668,0.16666,0.16667,336.0
1784355000000,0.16667,0.16675,0.16666,0.16675,324.0
1784355060000,0.16671,0.16671,0.16661,0.16661,955.0
1784355120000,0.16649,0.16682,0.16649,0.16657,19229.0
1784355180000,0.16656,0.1666,0.16656,0.1666,99.0
1784355240000,0.16659,0.16659,0.16632,0.16632,1415.0
1784355300000,0.16632,0.16632,0.16629,0.16629,1007.0
1784355360000,0.16629,0.16629,0.16623,0.16629,357.0
1784355420000,0.16629,0.16631,0.16628,0.16628,553.0
1784355480000,0.16628,0.16653,0.16628,0.16653,3758.0
1784355540000,0.16655,0.16659,0.16655,0.16659,70.0
1784355600000,0.1666,0.16676,0.1666,0.16676,793.0
1784355660000,0.16676,0.16694,0.16676,0.16689,4552.0
1784355720000,0.16695,0.16698,0.16688,0.16688,720.0
1784373660000,0.16593,0.16593,0.16592,0.16592,149.0
1784373720000,0.16593,0.16594,0.16592,0.16594,553.0
1784373780000,0.16594,0.16604,0.16594,0.16604,1230.0
1784373840000,0.16605,0.16611,0.16605,0.16608,497.0
1784373900000,0.16609,0.16611,0.16609,0.16611,188.0
1784373960000,0.1661,0.1661,0.16604,0.1661,1533.0
1784374020000,0.16611,0.16614,0.1661,0.1661,1345.0
1784374080000,0.1661,0.1661,0.16609,0.1661,162.0
1784374140000,0.1661,0.1661,0.16608,0.16609,149.0
1784374260000,0.16611,0.16611,0.1661,0.1661,119.0
1784374320000,0.1661,0.1661,0.1661,0.1661,156.0
1784374380000,0.16609,0.16609,0.16581,0.16581,4564.0
1784374440000,0.1658,0.16581,0.1658,0.1658,222.0
1784374500000,0.16581,0.16583,0.16573,0.16573,274.0
1784374560000,0.16574,0.16574,0.16572,0.16573,111.0
1784374620000,0.16573,0.16575,0.16571,0.16575,492.0
1784374680000,0.16575,0.16575,0.16572,0.16572,217.0
1784374740000,0.16573,0.16578,0.16572,0.16578,520.0
1784374800000,0.16578,0.16588,0.16578,0.16588,956.0
1784374860000,0.16586,0.16586,0.16586,0.16586,83.0
1784374920000,0.16585,0.16585,0.16585,0.16585,31.0
1784374980000,0.16587,0.16587,0.16582,0.16586,376.0
1784375040000,0.16586,0.16586,0.16586,0.16586,199.0
1784375100000,0.16582,0.16583,0.16577,0.16583,1222.0
1784375160000,0.16584,0.16588,0.16584,0.16586,842.0
1784375220000,0.16586,0.16586,0.16585,0.16586,428.0
1784375280000,0.16587,0.16597,0.16587,0.16595,486.0
1784375340000,0.16595,0.16601,0.16595,0.16597,1091.0
1784375400000,0.16596,0.16598,0.16596,0.16597,490.0
1784375460000,0.16589,0.16589,0.16585,0.16585,66.0
1784375520000,0.16585,0.16593,0.16585,0.16589,952.0
1784375580000,0.16588,0.16588,0.16588,0.16588,565.0
1784375640000,0.16587,0.16588,0.16586,0.16586,689.0
1784375700000,0.16586,0.16588,0.16586,0.16586,188.0
1784375760000,0.16587,0.16592,0.16587,0.16591,1225.0
1784375820000,0.16592,0.16593,0.16586,0.16586,2616.0
1784375880000,0.16587,0.16598,0.16585,0.16589,2782.0
1784375940000,0.16589,0.16589,0.16588,0.16588,69.0
1784376000000,0.16587,0.16594,0.16587,0.16594,1044.0
1784376060000,0.16596,0.16609,0.16596,0.16608,495.0
1784376120000,0.1661,0.16617,0.16607,0.16616,817.0
1784376180000,0.16617,0.16625,0.1661,0.16617,5262.0
1784376240000,0.16617,0.16628,0.16617,0.16628,1124.0
1784376300000,0.16628,0.16638,0.16628,0.16629,1355.0
1784376360000,0.16629,0.16652,0.16629,0.16642,2606.0
1784376420000,0.16636,0.16636,0.16617,0.16617,880.0
1784376480000,0.16617,0.16617,0.16614,0.16614,77.0
1784376540000,0.16612,0.16612,0.166,0.166,904.0
1784376600000,0.16597,0.16597,0.16596,0.16596,131.0
1784376660000,0.16596,0.16596,0.16587,0.16587,424.0
1784376720000,0.16587,0.16588,0.1658,0.1658,34971.0
1784376780000,0.16584,0.16608,0.1658,0.16598,64974.0
1784376840000,0.16597,0.16597,0.16593,0.16596,334.0
1784376900000,0.16597,0.16597,0.16594,0.16594,242.0
1784376960000,0.16595,0.16598,0.16594,0.16596,629.0
1784377020000,0.16596,0.16596,0.16557,0.16575,2285.0
1784377080000,0.16575,0.16576,0.16571,0.16573,4125.0
1784377140000,0.16572,0.16586,0.16572,0.16586,3842.0
1784377200000,0.16587,0.16591,0.16584,0.16586,5146.0
1784377260000,0.16585,0.16585,0.16573,0.16576,4179.0
1784377320000,0.16576,0.16576,0.16536,0.16539,3718.0
1784377380000,0.16541,0.16546,0.16541,0.16546,1029.0
1784377440000,0.16547,0.1655,0.16546,0.1655,927.0
1784377500000,0.16551,0.16556,0.16545,0.16556,993.0
1784377560000,0.16555,0.16556,0.16542,0.16542,903.0
1784377620000,0.16537,0.16546,0.16537,0.16545,556.0
1784377680000,0.16545,0.16548,0.16544,0.16546,996.0
1784377740000,0.16545,0.16545,0.16531,0.16531,1059.0
1784377800000,0.16535,0.16544,0.16535,0.16539,1164.0
1784377860000,0.16534,0.16542,0.16534,0.16541,701.0
1784377920000,0.16542,0.16544,0.16534,0.16535,1177.0
1784377980000,0.16534,0.16576,0.16531,0.16576,8517.0
1784378040000,0.16573,0.16584,0.16573,0.16583,949.0
1784378100000,0.16583,0.16583,0.16583,0.16583,198.0
1784378160000,0.16583,0.16583,0.16573,0.16573,1173.0
1784378220000,0.16573,0.16578,0.16573,0.16577,3033.0
1784378280000,0.16577,0.16577,0.16572,0.16573,3425.0
1784378340000,0.16573,0.16574,0.16567,0.16571,2035.0
1784378400000,0.16569,0.16569,0.16564,0.16565,766.0
1784378460000,0.16565,0.16565,0.16546,0.16548,2751.0
1784378520000,0.16549,0.16549,0.16544,0.16545,455.0
1784378580000,0.16546,0.1656,0.16546,0.1656,2659.0
1784378640000,0.16561,0.16561,0.16561,0.16561,107.0
1784378700000,0.16562,0.16589,0.16562,0.16583,13218.0
1784378760000,0.16584,0.16587,0.16582,0.16582,1838.0
1784378820000,0.16583,0.16595,0.16583,0.16586,6715.0
1784378880000,0.16586,0.16586,0.16577,0.16585,2285.0
1784378940000,0.16582,0.16582,0.16582,0.16582,50.0
1784379000000,0.16576,0.16584,0.16575,0.16583,1998.0
1784379060000,0.16582,0.16583,0.16573,0.16574,3413.0
1784379120000,0.16574,0.16577,0.16574,0.16576,1193.0
1784379180000,0.16575,0.16576,0.16575,0.16576,67.0
1784379240000,0.16579,0.16596,0.16579,0.16596,2914.0
1784379300000,0.16596,0.16596,0.16596,0.16596,5.0
1784379360000,0.16596,0.16603,0.16596,0.16603,1416.0
1784379420000,0.16603,0.16603,0.16594,0.16596,1378.0
1784379480000,0.16595,0.16595,0.16594,0.16594,474.0
1784379540000,0.16594,0.16594,0.16581,0.16581,283.0
1784379600000,0.16581,0.16581,0.16559,0.1657,28108.0
1784379660000,0.1657,0.16573,0.16566,0.16566,821.0
1784379720000,0.16563,0.16563,0.1655,0.16555,745.0
1784379780000,0.16557,0.16564,0.16553,0.16564,889.0
1784379840000,0.16566,0.16566,0.16557,0.16559,1420.0
1784379900000,0.16558,0.16558,0.16549,0.16549,484.0
1784379960000,0.16549,0.16549,0.16527,0.1653,15464.0
1784380020000,0.16531,0.16535,0.1653,0.16532,2712.0
1784380080000,0.16533,0.16534,0.16531,0.16532,739.0
1784380140000,0.16532,0.16534,0.16523,0.1653,3682.0
1784380200000,0.16531,0.16531,0.16518,0.16522,5423.0
1784380260000,0.16522,0.16522,0.16512,0.16513,1088.0
1784380320000,0.16512,0.16514,0.16508,0.16509,1946.0
1784380380000,0.1651,0.16514,0.16491,0.16502,1919.0
1784380440000,0.16502,0.16502,0.16473,0.16479,21815.0
1784380500000,0.16481,0.16483,0.16478,0.1648,6277.0
1784380560000,0.16481,0.16483,0.1648,0.16482,886.0
1784380620000,0.16483,0.16483,0.16439,0.16449,23682.0
1784380680000,0.1645,0.1645,0.16407,0.16431,30315.0
1784380740000,0.16431,0.16441,0.16425,0.16432,4410.0
1784380800000,0.16431,0.16442,0.16418,0.16423,1628.0
1784380860000,0.16421,0.16433,0.16421,0.16424,1333.0
1784380920000,0.16423,0.1644,0.16422,0.1644,654.0
1784380980000,0.16441,0.16443,0.16441,0.16443,402.0
1784381040000,0.16442,0.16443,0.16434,0.16435,1398.0
1784381100000,0.16435,0.1644,0.1643,0.1644,5019.0
1784381160000,0.16437,0.16447,0.16437,0.16444,2228.0
1784381220000,0.16445,0.16454,0.16445,0.16452,2024.0
1784381280000,0.16453,0.16458,0.16452,0.16457,789.0
1784381340000,0.16457,0.16457,0.16453,0.16453,660.0
1784381400000,0.16453,0.16453,0.16446,0.16453,2633.0
1784381460000,0.1645,0.1645,0.16441,0.16443,605.0
1784381520000,0.16442,0.16442,0.16441,0.16441,111.0
1784381580000,0.16442,0.16454,0.16442,0.16454,2610.0
1784381640000,0.16453,0.16454,0.16451,0.16453,458.0
1784381700000,0.16453,0.16455,0.16441,0.16444,4394.0
1784381760000,0.16444,0.16445,0.16442,0.16442,744.0
1784381820000,0.16437,0.16437,0.16419,0.16423,6123.0
1784381880000,0.16424,0.16429,0.16424,0.16426,370.0
1784381940000,0.16427,0.16432,0.16427,0.16432,2415.0
1784382000000,0.16432,0.16437,0.16432,0.16437,3593.0
1784382060000,0.16437,0.16461,0.16437,0.16455,16593.0
1784382120000,0.16455,0.16457,0.16452,0.16453,1323.0
1784382180000,0.16451,0.16451,0.16437,0.16439,3896.0
1784382240000,0.16439,0.16446,0.16438,0.16446,1214.0
1784382300000,0.16448,0.16448,0.16446,0.16446,137.0
1784382360000,0.16447,0.16456,0.16447,0.16453,801.0
1784382420000,0.16455,0.16456,0.16454,0.16455,490.0
1784382480000,0.16455,0.16455,0.16454,0.16455,314.0
1784382540000,0.16456,0.16456,0.16444,0.16446,894.0
1784382600000,0.16447,0.16454,0.16436,0.1644,2262.0
1784382660000,0.16439,0.16444,0.16439,0.1644,821.0
1784382720000,0.1644,0.16444,0.1644,0.16444,616.0
1784382780000,0.16443,0.16443,0.16435,0.16435,271.0
1784382840000,0.16436,0.16443,0.16436,0.16442,1423.0
1784382900000,0.1644,0.16442,0.16438,0.1644,570.0
1784382960000,0.16441,0.16451,0.16441,0.16451,626.0
1784383020000,0.16449,0.16452,0.16449,0.16451,262.0
1784383080000,0.16451,0.16451,0.1645,0.1645,450.0
1784383140000,0.16451,0.16453,0.16451,0.16453,55.0
1784383200000,0.16453,0.16453,0.16451,0.16451,657.0
1784383260000,0.16451,0.16451,0.16446,0.16446,453.0
1784383320000,0.16442,0.16442,0.16431,0.16431,598.0
1784383380000,0.16432,0.16432,0.16423,0.1643,18640.0
1784383440000,0.1643,0.1643,0.16419,0.1643,13217.0
1784383500000,0.16431,0.16431,0.1639,0.16399,8583.0
1784383560000,0.164,0.16412,0.16397,0.16409,1354.0
1784383620000,0.16411,0.16411,0.16401,0.16409,1555.0
1784383680000,0.1641,0.16411,0.16408,0.16411,630.0
1784383740000,0.16412,0.16427,0.16411,0.16419,22381.0
1784383800000,0.1642,0.16423,0.16419,0.16423,944.0
1784383860000,0.16423,0.16445,0.16422,0.16439,2771.0
1784383920000,0.16443,0.16444,0.16441,0.16444,272.0
1784383980000,0.16442,0.1645,0.16435,0.1645,2299.0
1784384040000,0.16449,0.16455,0.16448,0.16454,2691.0
1784384100000,0.16453,0.16453,0.16442,0.16443,1004.0
1784384160000,0.16443,0.16443,0.1644,0.1644,601.0
1784384220000,0.1644,0.1644,0.1643,0.16433,1650.0
1784384280000,0.16433,0.16435,0.16433,0.16435,329.0
1784384340000,0.16435,0.16435,0.16434,0.16435,377.0
1784384400000,0.16431,0.16432,0.16431,0.16431,153.0
1784384460000,0.1643,0.16442,0.16429,0.16442,323.0
1784384520000,0.16444,0.16453,0.16444,0.16453,1104.0
1784384580000,0.16452,0.16453,0.16451,0.16453,454.0
1784384640000,0.16453,0.16453,0.16452,0.16453,238.0
1784384700000,0.16451,0.16453,0.16445,0.16445,1401.0
1784384760000,0.16442,0.16444,0.16441,0.16443,603.0
1784384820000,0.16444,0.1645,0.16443,0.16443,845.0
1784384880000,0.16444,0.1645,0.16444,0.16449,1042.0
1784384940000,0.16449,0.16454,0.16442,0.16442,5395.0
1784385000000,0.16442,0.16445,0.16441,0.16444,724.0
1784385060000,0.16445,0.16445,0.16439,0.16445,3503.0
1784385120000,0.16446,0.16466,0.16446,0.16464,3298.0
1784385180000,0.16465,0.16469,0.1646,0.16463,5973.0
1784385240000,0.16461,0.16464,0.16461,0.16462,600.0
1784385300000,0.16463,0.16474,0.16462,0.16474,1506.0
1784385360000,0.16476,0.16476,0.1646,0.1646,4796.0
1784385420000,0.1646,0.16462,0.16452,0.16454,2165.0
1784385480000,0.16455,0.16458,0.16453,0.16458,2264.0
1784385540000,0.16454,0.16461,0.16454,0.16461,1305.0
1784385600000,0.1646,0.1646,0.16452,0.16452,615.0
1784385660000,0.16452,0.16452,0.16451,0.16451,81.0
1784403660000,0.16564,0.16567,0.16564,0.16567,990.0
1784403720000,0.16567,0.16578,0.16565,0.16577,799.0
1784403780000,0.16577,0.16577,0.16577,0.16577,595.0
1784403840000,0.16576,0.16577,0.16574,0.16577,677.0
1784403900000,0.16577,0.16577,0.16576,0.16577,569.0
1784403960000,0.16577,0.16579,0.16576,0.16577,796.0
1784404020000,0.16576,0.16577,0.16576,0.16576,907.0
1784404080000,0.16576,0.1658,0.16574,0.16579,558.0
1784404140000,0.16579,0.16579,0.16576,0.16576,723.0
1784404200000,0.16575,0.16576,0.1657,0.16573,1456.0
1784404260000,0.16572,0.16581,0.16572,0.16579,6118.0
1784404320000,0.16578,0.1658,0.16578,0.16578,551.0
1784404380000,0.16576,0.1659,0.16569,0.16572,2160.0
1784404440000,0.16571,0.16571,0.16568,0.16571,990.0
1784404500000,0.16571,0.16579,0.1657,0.16576,1154.0
1784404560000,0.16577,0.16578,0.16576,0.16576,344.0
1784404620000,0.16577,0.16577,0.16577,0.16577,488.0
1784404680000,0.16581,0.16581,0.16578,0.16581,651.0
1784404740000,0.16581,0.16581,0.16581,0.16581,243.0
1784404800000,0.16585,0.16585,0.16576,0.16576,1356.0
1784404860000,0.16577,0.16579,0.16575,0.16577,1197.0
1784404920000,0.16578,0.1658,0.16577,0.16578,610.0
1784404980000,0.16577,0.1658,0.1657,0.16572,3962.0
1784405040000,0.16571,0.16573,0.16568,0.16571,1649.0
1784405100000,0.16572,0.16572,0.16567,0.1657,746.0
1784405160000,0.16572,0.16572,0.16566,0.16568,1688.0
1784405220000,0.16568,0.1657,0.1656,0.1656,700.0
1784405280000,0.1656,0.16569,0.16558,0.16568,1378.0
1784405340000,0.16568,0.1657,0.16566,0.16568,863.0
1784405400000,0.1657,0.16572,0.16567,0.16571,990.0
1784405460000,0.16576,0.16591,0.16576,0.16589,1560.0
1784405520000,0.16589,0.16611,0.16588,0.166,2801.0
1784405580000,0.16602,0.16611,0.16598,0.16602,2419.0
1784405640000,0.16602,0.16603,0.16599,0.16601,653.0
1784405700000,0.166,0.16611,0.16594,0.16605,3700.0
1784405760000,0.16603,0.16607,0.166,0.16607,2379.0
1784405820000,0.16607,0.16612,0.16607,0.16612,60.0
1784405880000,0.16614,0.16636,0.16614,0.16636,50232.0
1784405940000,0.16637,0.1664,0.16626,0.1663,30594.0
1784406000000,0.16633,0.16677,0.16633,0.16662,15466.0
1784406060000,0.16662,0.16667,0.16656,0.16663,4551.0
1784406120000,0.16665,0.16669,0.16665,0.16666,845.0
1784406180000,0.16665,0.16666,0.16656,0.16656,679.0
1784406240000,0.16655,0.16662,0.16655,0.16657,882.0
1784406300000,0.16657,0.16663,0.16657,0.16663,1555.0
1784406360000,0.1666,0.16665,0.16651,0.16657,1541.0
1784406420000,0.16656,0.16661,0.16651,0.16661,1757.0
1784406480000,0.16661,0.16661,0.16658,0.1666,433.0
1784406540000,0.1666,0.16663,0.16659,0.1666,639.0
1784406600000,0.16661,0.16661,0.16649,0.1665,4935.0
1784406660000,0.1665,0.16652,0.1665,0.1665,908.0
1784406720000,0.1665,0.16653,0.16648,0.16649,8290.0
1784406780000,0.16649,0.16651,0.16647,0.1665,868.0
1784406840000,0.1665,0.1665,0.1665,0.1665,35.0
1784406900000,0.1665,0.16651,0.1662,0.16629,1572.0
1784406960000,0.16627,0.16629,0.16609,0.16609,524.0
1784407020000,0.16609,0.16621,0.16604,0.16621,11354.0
1784407080000,0.1662,0.1662,0.16609,0.1661,3098.0
1784407140000,0.1661,0.16613,0.1661,0.16612,112.0
1784407200000,0.16612,0.16613,0.16611,0.16613,632.0
1784407260000,0.16613,0.16619,0.16612,0.16618,1009.0
1784407320000,0.16618,0.1662,0.16618,0.1662,64.0
1784407380000,0.1662,0.1662,0.1662,0.1662,500.0
1784407440000,0.16619,0.16621,0.16617,0.16618,977.0
1784407500000,0.16619,0.1662,0.16619,0.16619,523.0
1784407560000,0.16619,0.16624,0.16618,0.16621,2647.0
1784407620000,0.16621,0.16624,0.16615,0.16615,637.0
1784407680000,0.16618,0.16623,0.16618,0.16622,573.0
1784407740000,0.16622,0.16622,0.16619,0.1662,319.0
1784407800000,0.16619,0.1662,0.16618,0.16618,286.0
1784407860000,0.1662,0.16624,0.16616,0.16617,1610.0
1784407920000,0.16617,0.16618,0.16616,0.16618,1025.0
1784407980000,0.16618,0.16639,0.16617,0.16631,2508.0
1784408040000,0.16632,0.1664,0.16632,0.16638,850.0
1784408100000,0.16639,0.16639,0.1663,0.1663,2283.0
1784408160000,0.1663,0.16633,0.1663,0.16632,598.0
1784408220000,0.16634,0.16634,0.16628,0.16628,680.0
1784408280000,0.16627,0.16631,0.16627,0.16629,584.0
1784408340000,0.16629,0.1663,0.16621,0.16621,834.0
1784408400000,0.16621,0.16622,0.1662,0.16621,1187.0
1784408460000,0.16621,0.16622,0.16621,0.16622,696.0
1784408520000,0.16622,0.16631,0.16622,0.1663,2367.0
1784408580000,0.16631,0.16644,0.1663,0.16641,1478.0
1784408640000,0.16642,0.16653,0.16642,0.1665,910.0
1784408700000,0.16653,0.16653,0.16625,0.16629,11895.0
1784408760000,0.1663,0.16631,0.16629,0.1663,1345.0
1784408820000,0.1663,0.1663,0.16629,0.1663,241.0
1784408880000,0.16627,0.16628,0.16625,0.16625,409.0
1784408940000,0.16625,0.16633,0.16625,0.16633,1013.0
1784409000000,0.16639,0.1664,0.16638,0.16639,562.0
1784409060000,0.16639,0.16647,0.16639,0.16647,421.0
1784409120000,0.1665,0.1665,0.16649,0.16649,117.0
1784409180000,0.16649,0.1667,0.16646,0.16669,5705.0
1784409240000,0.1667,0.16686,0.16665,0.16683,2089.0
1784409300000,0.16685,0.16707,0.16682,0.16682,6113.0
1784409360000,0.16678,0.1669,0.16674,0.16689,2627.0
1784409420000,0.16688,0.1669,0.16687,0.16689,620.0
1784409480000,0.1669,0.16696,0.1669,0.16692,1270.0
1784409540000,0.16691,0.16691,0.16687,0.16689,1021.0
1784409600000,0.1669,0.16699,0.1669,0.16694,1544.0
1784409660000,0.16694,0.16694,0.16692,0.16692,440.0
1784409720000,0.16695,0.16695,0.16681,0.16684,1015.0
1784409780000,0.16683,0.16684,0.16662,0.16662,902.0
1784409840000,0.16661,0.16661,0.16659,0.1666,307.0
1784409900000,0.1666,0.1666,0.16656,0.16658,976.0
1784409960000,0.16665,0.16666,0.16651,0.16654,748.0
1784410020000,0.1666,0.16665,0.16656,0.16659,120.0
1784410080000,0.16656,0.16656,0.16649,0.16649,70.0
1784410140000,0.16648,0.16649,0.16648,0.16649,373.0
1784410200000,0.16644,0.16645,0.16631,0.16631,496.0
1784410260000,0.1663,0.1663,0.1662,0.1662,46.0
1784410320000,0.1662,0.1662,0.1662,0.1662,1.0
1784410560000,0.16616,0.16616,0.16614,0.16614,88.0
1784410620000,0.16608,0.16612,0.16608,0.16608,331.0
1784410680000,0.16608,0.16608,0.16608,0.16608,235.0
1784410740000,0.16609,0.16609,0.16603,0.16607,4427.0
1784410800000,0.16604,0.16608,0.16604,0.16608,2276.0
1784410860000,0.16608,0.16608,0.16594,0.16596,4939.0
1784410920000,0.16597,0.166,0.16595,0.16597,1526.0
1784410980000,0.16597,0.16597,0.16589,0.1659,4279.0
1784411040000,0.16588,0.16588,0.16585,0.16585,92.0
1784411100000,0.16585,0.16585,0.16584,0.16585,146.0
1784411160000,0.16583,0.16586,0.16582,0.16586,985.0
1784411220000,0.16585,0.1659,0.16585,0.16589,1439.0
1784411280000,0.16587,0.16587,0.16585,0.16586,163.0
1784411340000,0.16585,0.16587,0.16585,0.16587,129.0
1784411400000,0.16585,0.166,0.16585,0.166,4622.0
1784411460000,0.166,0.16604,0.16586,0.16604,1711.0
1784411520000,0.16603,0.16626,0.16603,0.16626,1002.0
1784411580000,0.16624,0.16625,0.16624,0.16625,126.0
1784411640000,0.16627,0.16635,0.16627,0.16635,504.0
1784411700000,0.16635,0.16635,0.16628,0.1663,143.0
1784411760000,0.16628,0.16631,0.16628,0.16631,224.0
1784411820000,0.16634,0.16634,0.16633,0.16633,148.0
1784411880000,0.16632,0.16634,0.16632,0.16634,231.0
1784411940000,0.1663,0.1663,0.16621,0.16626,547.0
1784412000000,0.1662,0.1662,0.16617,0.16619,1164.0
1784412060000,0.16619,0.16619,0.16611,0.16611,719.0
1784412120000,0.16611,0.16644,0.16611,0.16642,1015.0
1784412180000,0.16647,0.16655,0.16647,0.16653,7965.0
1784412240000,0.16654,0.16655,0.16651,0.16655,1928.0
1784412300000,0.16659,0.16682,0.16658,0.16677,2707.0
1784412360000,0.16677,0.16677,0.16673,0.16676,334.0
1784412420000,0.1667,0.16672,0.16664,0.16667,607.0
1784412480000,0.1666,0.16664,0.16658,0.16659,444.0
1784412540000,0.16659,0.16662,0.16659,0.16659,472.0
1784412600000,0.16665,0.16691,0.16665,0.16691,509.0
1784412660000,0.16693,0.16699,0.16689,0.16699,2135.0
1784412720000,0.167,0.16702,0.16694,0.167,979.0
1784412780000,0.167,0.16715,0.16695,0.16697,17756.0
1784412840000,0.16696,0.16696,0.16682,0.16683,4251.0
1784412900000,0.16683,0.16684,0.16682,0.16683,739.0
1784412960000,0.16681,0.16684,0.16681,0.16683,590.0
1784413020000,0.16683,0.16683,0.16674,0.16674,2447.0
1784413080000,0.16673,0.16674,0.16671,0.16673,608.0
1784413140000,0.16676,0.16677,0.16672,0.16673,1071.0
1784413200000,0.16676,0.16687,0.16674,0.16684,2198.0
1784413260000,0.16684,0.16684,0.1668,0.16682,470.0
1784413320000,0.16681,0.16681,0.1668,0.1668,703.0
1784413380000,0.16679,0.16681,0.16668,0.16673,4439.0
1784413440000,0.16675,0.16675,0.1667,0.1667,1657.0
1784413500000,0.16671,0.16673,0.16654,0.16656,1673.0
1784413560000,0.16656,0.16664,0.16656,0.16659,1245.0
1784413620000,0.16659,0.1666,0.16657,0.16657,3812.0
1784413680000,0.16659,0.16662,0.16659,0.16662,438.0
1784413740000,0.16662,0.16662,0.16661,0.16661,410.0
1784413800000,0.1666,0.1666,0.16652,0.16657,15699.0
1784413860000,0.16656,0.16659,0.16655,0.16658,784.0
1784413920000,0.16657,0.16658,0.16657,0.16657,615.0
1784413980000,0.16658,0.16659,0.16658,0.16658,331.0
1784414040000,0.16659,0.1667,0.16659,0.16661,16106.0
1784414100000,0.16657,0.1666,0.16654,0.16657,1102.0
1784414160000,0.16658,0.16658,0.16651,0.16651,1434.0
1784414220000,0.1665,0.16651,0.16646,0.16648,15766.0
1784414280000,0.16649,0.16657,0.16649,0.16657,507.0
1784414340000,0.16659,0.16661,0.16659,0.16661,488.0
1784414400000,0.16661,0.16686,0.16661,0.16684,10216.0
1784414460000,0.16678,0.16686,0.16677,0.16686,769.0
1784414520000,0.16683,0.16686,0.1667,0.16677,3974.0
1784414580000,0.16675,0.16675,0.1667,0.1667,1042.0
1784414640000,0.1667,0.16676,0.16669,0.16676,1018.0
1784414700000,0.16677,0.16678,0.16673,0.16677,2180.0
1784414760000,0.16674,0.16677,0.16674,0.16675,856.0
1784414820000,0.16677,0.16677,0.16669,0.16671,793.0
1784414880000,0.16671,0.16671,0.16663,0.16664,711.0
1784414940000,0.16665,0.16676,0.16662,0.16676,1116.0
1784415000000,0.16675,0.16685,0.16673,0.16685,577.0
1784415060000,0.16685,0.16688,0.16683,0.16687,793.0
1784415120000,0.16689,0.167,0.16689,0.16697,7029.0
1784415180000,0.16696,0.16696,0.16682,0.16682,1238.0
1784415240000,0.16684,0.16695,0.16672,0.16672,1523.0
1784415300000,0.16675,0.16695,0.16675,0.16694,4876.0
1784415360000,0.16692,0.16709,0.16692,0.16709,1453.0
1784415420000,0.16708,0.16709,0.167,0.16702,985.0
1784415480000,0.16702,0.16703,0.16701,0.16702,1169.0
1784415540000,0.16702,0.16707,0.16702,0.16705,1630.0
1784415600000,0.16702,0.16722,0.16702,0.16722,1489.0
1784415660000,0.16721,0.16721,0.16715,0.16719,913.0
1784415720000,0.1672,0.1672,0.16712,0.16715,1305.0
1784415780000,0.16714,0.16721,0.16714,0.1672,486.0
1784433660000,0.16679,0.1668,0.16678,0.16678,772.0
1784433720000,0.16678,0.1668,0.16678,0.16678,527.0
1784433780000,0.16679,0.16679,0.16677,0.16679,553.0
1784433840000,0.16678,0.16678,0.16669,0.1667,4346.0
1784433900000,0.16671,0.16673,0.1667,0.16671,264.0
1784433960000,0.16669,0.16669,0.1666,0.1666,516.0
1784434020000,0.16656,0.16658,0.16654,0.16658,474.0
1784434080000,0.16656,0.1666,0.16656,0.16659,1130.0
1784434140000,0.1666,0.16667,0.1666,0.16661,1142.0
1784434200000,0.1666,0.16663,0.1666,0.16662,718.0
1784434260000,0.16659,0.1666,0.16657,0.16658,582.0
1784434320000,0.16659,0.16659,0.16646,0.16646,741.0
1784434380000,0.16646,0.1665,0.16645,0.16648,1624.0
1784434440000,0.16648,0.16654,0.16648,0.16653,802.0
1784434500000,0.16657,0.16659,0.16657,0.16659,1057.0
1784434560000,0.16659,0.16659,0.16658,0.16658,340.0
1784434620000,0.16657,0.16658,0.16657,0.16658,575.0
1784434680000,0.16657,0.16658,0.16657,0.16658,533.0
1784434740000,0.16657,0.16658,0.16657,0.16657,143.0
1784434800000,0.16658,0.16661,0.16658,0.16661,325.0
1784434860000,0.16661,0.16682,0.16661,0.16682,989.0
1784434920000,0.16678,0.16681,0.1665,0.1665,3347.0
1784434980000,0.16647,0.16652,0.16647,0.16652,410.0
1784435040000,0.16651,0.16651,0.16646,0.16646,688.0
1784435100000,0.16648,0.16648,0.16645,0.16646,685.0
1784435160000,0.16646,0.16655,0.16646,0.16649,864.0
1784435220000,0.1665,0.16661,0.16649,0.1666,1055.0
1784435280000,0.1666,0.1666,0.16655,0.16657,727.0
1784435340000,0.16657,0.16657,0.16646,0.16657,30961.0
1784435400000,0.16657,0.16658,0.16654,0.16658,1036.0
1784435460000,0.16658,0.16658,0.16653,0.16653,374.0
1784435520000,0.16649,0.16654,0.16649,0.16651,1199.0
1784435580000,0.16651,0.16656,0.16651,0.16654,771.0
1784435640000,0.16656,0.16656,0.16653,0.16654,484.0
1784435700000,0.16656,0.16666,0.16654,0.16663,1200.0
1784435760000,0.16665,0.16666,0.16664,0.16666,672.0
1784435820000,0.16669,0.16669,0.16665,0.16668,511.0
1784435880000,0.16668,0.16679,0.16668,0.16679,1079.0
1784435940000,0.16679,0.16681,0.16674,0.16676,1124.0
1784436000000,0.16675,0.16675,0.16655,0.16655,2184.0
1784436060000,0.16647,0.16648,0.1664,0.1664,15254.0
1784436120000,0.1664,0.1664,0.16629,0.1663,14360.0
1784436180000,0.1663,0.16633,0.16629,0.16633,577.0
1784436240000,0.16633,0.16634,0.1662,0.16631,57046.0
1784436300000,0.16632,0.16632,0.16631,0.16632,209.0
1784436360000,0.16633,0.16642,0.16633,0.16639,2455.0
1784436420000,0.16639,0.16639,0.16616,0.16616,1689.0
1784436480000,0.16613,0.16625,0.16611,0.1662,2156.0
1784436540000,0.1662,0.16622,0.16616,0.16621,922.0
1784436600000,0.16623,0.16625,0.16622,0.16625,889.0
1784436660000,0.16625,0.16625,0.1662,0.1662,272.0
1784436720000,0.16617,0.16617,0.16597,0.16601,2508.0
1784436780000,0.16601,0.16602,0.166,0.166,615.0
1784436840000,0.16601,0.16605,0.16591,0.16593,1172.0
1784436900000,0.16593,0.16594,0.16592,0.16593,707.0
1784436960000,0.16594,0.16596,0.16594,0.16594,784.0
1784437020000,0.16596,0.16602,0.16595,0.16602,713.0
1784437080000,0.16602,0.16603,0.166,0.166,889.0
1784437140000,0.16601,0.1661,0.166,0.1661,1459.0
1784437200000,0.16614,0.16636,0.16614,0.16624,18798.0
1784437260000,0.16624,0.16631,0.16619,0.1662,1976.0
1784437320000,0.16623,0.16627,0.16623,0.16624,822.0
1784437380000,0.1663,0.16635,0.1663,0.16635,985.0
1784437440000,0.16636,0.16636,0.16633,0.16635,949.0
1784437500000,0.16635,0.16641,0.16631,0.16631,640.0
1784437560000,0.16634,0.16636,0.16634,0.16635,854.0
1784437620000,0.16634,0.16637,0.16633,0.16635,778.0
1784437680000,0.16635,0.16635,0.16632,0.16633,567.0
1784437740000,0.16634,0.16635,0.16633,0.16635,650.0
1784437800000,0.16635,0.16644,0.16635,0.16644,781.0
1784437860000,0.16645,0.16647,0.16645,0.16646,671.0
1784437920000,0.16646,0.16652,0.16646,0.16651,400.0
1784437980000,0.16652,0.16658,0.16652,0.16655,1275.0
1784438040000,0.16653,0.16657,0.16653,0.16655,843.0
1784438100000,0.16656,0.16659,0.16654,0.16659,731.0
1784438160000,0.16658,0.16658,0.16655,0.16655,88.0
1784438220000,0.16654,0.16658,0.16641,0.16641,8745.0
1784438280000,0.16643,0.16643,0.16625,0.1663,14691.0
1784438340000,0.1663,0.16633,0.16629,0.16633,500.0
1784438400000,0.1663,0.1663,0.16626,0.16626,437.0
1784438460000,0.16626,0.16629,0.16626,0.16627,235.0
1784438520000,0.16627,0.16627,0.16626,0.16626,82.0
1784438580000,0.16626,0.16626,0.16618,0.16618,370.0
1784438640000,0.16619,0.16623,0.16619,0.16623,186.0
1784438700000,0.16629,0.16629,0.16622,0.16624,541.0
1784438760000,0.16624,0.16624,0.16622,0.16623,346.0
1784438820000,0.16623,0.16623,0.1662,0.1662,255.0
1784438880000,0.16618,0.1662,0.16618,0.1662,189.0
1784438940000,0.16614,0.16614,0.16609,0.16609,235.0
1784439000000,0.16609,0.16609,0.16601,0.16601,1235.0
1784439060000,0.16601,0.16607,0.16601,0.16601,105.0
1784439120000,0.16601,0.16601,0.16599,0.16599,291.0
1784439180000,0.16599,0.16602,0.16593,0.16594,125.0
1784439240000,0.16593,0.16594,0.16593,0.16594,12.0
1784439300000,0.16591,0.16591,0.16578,0.16579,1557.0
1784439360000,0.16579,0.16579,0.16569,0.16578,1052.0
1784439420000,0.1658,0.16583,0.16574,0.16582,628.0
1784439480000,0.16582,0.16583,0.16581,0.16582,849.0
1784439540000,0.16582,0.16586,0.16581,0.16586,413.0
1784439600000,0.16583,0.16589,0.16583,0.16589,557.0
1784439660000,0.16589,0.16589,0.16589,0.16589,59.0
1784439720000,0.16589,0.16591,0.16589,0.1659,130.0
1784439780000,0.1659,0.1659,0.1659,0.1659,266.0
1784439840000,0.1659,0.1659,0.16589,0.16589,331.0
1784439900000,0.16589,0.16602,0.16588,0.16602,1158.0
1784439960000,0.16602,0.16602,0.16598,0.166,203.0
1784440020000,0.16599,0.166,0.16598,0.166,89.0
1784440080000,0.16601,0.16605,0.16601,0.16605,370.0
1784440140000,0.16605,0.16605,0.16604,0.16604,932.0
1784440200000,0.16605,0.16615,0.1655,0.16568,27632.0
1784440260000,0.16581,0.16594,0.16581,0.16591,1403.0
1784440320000,0.16592,0.16594,0.16584,0.1659,1224.0
1784440380000,0.16591,0.16597,0.1659,0.16597,467.0
1784440440000,0.16598,0.16599,0.16588,0.16588,652.0
1784440500000,0.16589,0.16591,0.16587,0.1659,769.0
1784440560000,0.1659,0.16594,0.1659,0.16594,346.0
1784440620000,0.16594,0.16599,0.16592,0.16599,1128.0
1784440680000,0.166,0.16602,0.166,0.16601,855.0
1784440740000,0.16599,0.16599,0.1659,0.1659,1704.0
1784440800000,0.1659,0.16594,0.16583,0.16588,1038.0
1784440860000,0.16589,0.16589,0.16588,0.16588,370.0
1784440920000,0.16587,0.16588,0.16585,0.16588,1304.0
1784440980000,0.16587,0.16588,0.16568,0.16569,5910.0
1784441040000,0.1657,0.16591,0.1657,0.16589,3145.0
1784441100000,0.16589,0.16591,0.16588,0.1659,238.0
1784441160000,0.1659,0.16592,0.1659,0.16591,374.0
1784441220000,0.16592,0.166,0.16592,0.166,812.0
1784441280000,0.16601,0.16602,0.16601,0.16602,286.0
1784441340000,0.16602,0.16604,0.16602,0.16602,606.0
1784441400000,0.16603,0.16604,0.16603,0.16604,83.0
1784441460000,0.16603,0.16639,0.16603,0.16638,2674.0
1784441520000,0.1663,0.16632,0.1663,0.16632,110.0
1784441580000,0.16634,0.16641,0.16633,0.16641,1683.0
1784441640000,0.1664,0.1664,0.16631,0.16632,1305.0
1784441700000,0.16632,0.16639,0.16632,0.16639,427.0
1784441760000,0.1664,0.16642,0.16638,0.16642,912.0
1784441820000,0.1664,0.16642,0.1664,0.16642,528.0
1784441880000,0.16644,0.16647,0.16639,0.1664,337.0
1784441940000,0.16641,0.16644,0.16639,0.16644,881.0
1784442000000,0.16649,0.16652,0.16649,0.16652,17.0
1784442060000,0.16651,0.16652,0.16651,0.16652,258.0
1784442120000,0.16652,0.16657,0.16652,0.16654,3607.0
1784442180000,0.16656,0.16659,0.16656,0.16659,1035.0
1784442240000,0.16657,0.16663,0.16657,0.16663,333.0
1784442300000,0.16663,0.16663,0.16659,0.1666,563.0
1784442360000,0.1666,0.1666,0.16649,0.1665,1114.0
1784442420000,0.16651,0.1666,0.1665,0.16654,1610.0
1784442480000,0.16651,0.16651,0.1662,0.16627,2812.0
1784442540000,0.1663,0.1663,0.1663,0.1663,38.0
1784442600000,0.16629,0.16629,0.16624,0.16624,858.0
1784442660000,0.16618,0.16618,0.16616,0.16616,3762.0
1784442720000,0.1661,0.1661,0.1661,0.1661,59.0
1784442780000,0.1661,0.16631,0.1661,0.16629,834.0
1784442840000,0.16627,0.16628,0.1662,0.16621,1508.0
1784442900000,0.1662,0.16621,0.16613,0.16619,898.0
1784442960000,0.16619,0.1662,0.16618,0.16619,910.0
1784443020000,0.16619,0.1662,0.16618,0.16619,681.0
1784443080000,0.16619,0.1662,0.16618,0.16619,701.0
1784443140000,0.16619,0.1662,0.16619,0.1662,353.0
1784443200000,0.16619,0.16619,0.16619,0.16619,325.0
1784443260000,0.16619,0.1662,0.16619,0.1662,441.0
1784443320000,0.1662,0.1662,0.1662,0.1662,58.0
1784443380000,0.1662,0.1662,0.1662,0.1662,259.0
1784443440000,0.16619,0.16621,0.16615,0.1662,1435.0
1784443500000,0.16619,0.16619,0.16615,0.16616,618.0
1784443560000,0.16616,0.16618,0.16611,0.16611,706.0
1784443620000,0.1661,0.1661,0.16603,0.16604,491.0
1784443680000,0.16604,0.16604,0.16601,0.16601,223.0
1784443740000,0.166,0.16604,0.16597,0.16602,1835.0
1784443800000,0.16602,0.16602,0.16593,0.16596,404.0
1784443860000,0.16603,0.16612,0.16603,0.16612,631.0
1784443920000,0.16611,0.16611,0.16602,0.16602,259.0
1784443980000,0.16603,0.16609,0.16603,0.16609,613.0
1784444040000,0.16608,0.16608,0.16598,0.16599,738.0
1784444100000,0.16599,0.16602,0.16598,0.16602,604.0
1784444160000,0.16602,0.16603,0.16601,0.16603,704.0
1784444220000,0.16602,0.16609,0.16602,0.16609,632.0
1784444280000,0.1661,0.16613,0.1661,0.16613,275.0
1784444340000,0.16613,0.16613,0.16612,0.16612,379.0
1784444400000,0.16612,0.16613,0.16612,0.16613,243.0
1784444460000,0.16613,0.16613,0.16612,0.16612,149.0
1784444520000,0.16612,0.16612,0.16612,0.16612,173.0
1784444580000,0.16611,0.16611,0.16608,0.16608,1195.0
1784444640000,0.16597,0.16598,0.16593,0.16594,226.0
1784444700000,0.16593,0.16593,0.1659,0.1659,265.0
1784444760000,0.16591,0.16603,0.16591,0.16597,1187.0
1784444820000,0.16597,0.16599,0.16592,0.16595,1873.0
1784444880000,0.16595,0.16603,0.16595,0.16602,1759.0
1784444940000,0.16602,0.16602,0.16597,0.16599,870.0
1784445000000,0.16596,0.16596,0.16596,0.16596,477.0
1784445120000,0.16596,0.16596,0.16581,0.16581,375.0
1784445180000,0.16581,0.16582,0.16572,0.16582,1524.0
1784445240000,0.16582,0.16582,0.16581,0.16581,362.0
1784445300000,0.16582,0.16585,0.16575,0.1658,1337.0
1784445360000,0.16579,0.16581,0.16579,0.1658,789.0
1784445420000,0.1658,0.1658,0.16572,0.16573,374.0
1784445480000,0.16575,0.16576,0.16571,0.16574,824.0
1784445540000,0.16575,0.16577,0.16575,0.16576,855.0
1784445600000,0.16576,0.16577,0.16575,0.16577,760.0
1784445660000,0.16575,0.16594,0.16575,0.16594,4905.0
1784463660000,0.16524,0.16524,0.16513,0.16523,1592.0
1784463720000,0.16522,0.16523,0.16512,0.16522,983.0
1784463780000,0.16521,0.16521,0.16502,0.16512,3003.0
1784463840000,0.16513,0.16515,0.16511,0.16511,780.0
1784463900000,0.16513,0.16534,0.16513,0.16524,1744.0
1784463960000,0.16524,0.16524,0.16491,0.16492,1956.0
1784464020000,0.16492,0.16495,0.16482,0.16483,797.0
1784464080000,0.16484,0.16486,0.16473,0.16473,865.0
1784464140000,0.16473,0.16473,0.16471,0.16473,611.0
1784464200000,0.16474,0.16493,0.16474,0.16483,845.0
1784464260000,0.16483,0.16484,0.1648,0.16481,4660.0
1784464320000,0.16482,0.16483,0.16469,0.16471,665.0
1784464380000,0.16472,0.16501,0.16472,0.16494,2013.0
1784464440000,0.16493,0.16493,0.16491,0.16492,1287.0
1784464500000,0.16494,0.16512,0.16494,0.16511,2322.0
1784464560000,0.1651,0.16512,0.1651,0.16511,355.0
1784464620000,0.16513,0.16522,0.16511,0.1652,1892.0
1784464680000,0.1652,0.16523,0.16511,0.16517,648.0
1784464740000,0.16517,0.16522,0.16514,0.1652,540.0
1784464800000,0.1652,0.16524,0.1651,0.1651,3114.0
1784464860000,0.16509,0.16509,0.16492,0.16502,822.0
1784464920000,0.16502,0.16502,0.16491,0.16495,2842.0
1784464980000,0.16495,0.16505,0.16494,0.16494,464.0
1784465040000,0.16494,0.16497,0.16493,0.16495,744.0
1784465100000,0.16489,0.16492,0.16489,0.16491,803.0
1784465160000,0.16491,0.16491,0.16482,0.16482,1383.0
1784465220000,0.16482,0.16494,0.16481,0.16492,1839.0
1784465280000,0.16489,0.16493,0.16488,0.16493,910.0
1784465340000,0.16492,0.16492,0.16477,0.16482,10518.0
1784465400000,0.16483,0.16497,0.16483,0.16497,910.0
1784465460000,0.16499,0.16514,0.16499,0.16508,529.0
1784465520000,0.16511,0.16511,0.16508,0.16508,260.0
1784465580000,0.16514,0.16516,0.16512,0.16514,610.0
1784465640000,0.16511,0.16515,0.16505,0.16505,1322.0
1784465700000,0.16505,0.1651,0.16505,0.1651,1341.0
1784465760000,0.1651,0.16511,0.16507,0.16507,1848.0
1784465820000,0.16507,0.16507,0.16505,0.16505,181.0
1784465880000,0.16501,0.16501,0.16494,0.16496,755.0
1784465940000,0.16496,0.165,0.16496,0.165,458.0
1784466000000,0.16501,0.1651,0.16497,0.16497,931.0
1784466060000,0.16497,0.16497,0.16495,0.16497,801.0
1784466120000,0.16497,0.16498,0.16487,0.16487,1074.0
1784466180000,0.1649,0.1649,0.16476,0.16484,2028.0
1784466240000,0.16482,0.16495,0.16482,0.16494,830.0
1784466300000,0.16494,0.16505,0.16494,0.16505,525.0
1784466360000,0.16504,0.16504,0.16483,0.16484,538.0
1784466420000,0.16484,0.16488,0.16484,0.16488,460.0
1784466480000,0.16492,0.16492,0.16492,0.16492,246.0
1784466540000,0.16491,0.16492,0.16491,0.16492,85.0
1784466600000,0.16491,0.16493,0.16485,0.16493,701.0
1784466660000,0.16492,0.16492,0.16483,0.16484,897.0
1784466720000,0.16484,0.16492,0.16484,0.1649,849.0
1784466780000,0.16489,0.16492,0.16489,0.16489,1208.0
1784466840000,0.16489,0.16491,0.16481,0.16481,1155.0
1784466900000,0.1648,0.16486,0.16471,0.16471,1014.0
1784466960000,0.1647,0.16491,0.1647,0.16491,779.0
1784467020000,0.16491,0.16491,0.1648,0.16481,725.0
1784467080000,0.16481,0.16483,0.16477,0.16483,1658.0
1784467140000,0.16481,0.16481,0.16468,0.16479,1321.0
1784467200000,0.16478,0.16486,0.16475,0.16475,727.0
1784467260000,0.16476,0.16478,0.16473,0.16477,617.0
1784467320000,0.16476,0.16477,0.16473,0.16473,347.0
1784467380000,0.1647,0.16475,0.16462,0.16473,448.0
1784467440000,0.16473,0.16474,0.16468,0.16472,768.0
1784467500000,0.16472,0.16476,0.16467,0.16476,1967.0
1784467560000,0.16476,0.16483,0.16475,0.16483,878.0
1784467620000,0.16482,0.16483,0.16476,0.16483,614.0
1784467680000,0.16484,0.16484,0.16481,0.16484,663.0
1784467740000,0.16484,0.16485,0.16483,0.16484,652.0
1784467800000,0.16485,0.16501,0.16485,0.16501,3454.0
1784467860000,0.16499,0.165,0.16494,0.16497,1007.0
1784467920000,0.16495,0.16497,0.16495,0.16497,637.0
1784467980000,0.16497,0.16515,0.16481,0.1649,31864.0
1784468040000,0.16494,0.16503,0.16491,0.16494,1424.0
1784468100000,0.16494,0.16505,0.16493,0.16503,5384.0
1784468160000,0.16503,0.16505,0.16502,0.16502,853.0
1784468220000,0.16502,0.16503,0.16495,0.16498,564.0
1784468280000,0.16496,0.16496,0.16482,0.16483,488.0
1784468340000,0.16482,0.165,0.16482,0.165,858.0
1784468400000,0.165,0.16502,0.16492,0.16493,649.0
1784468460000,0.16494,0.16502,0.16493,0.16502,1101.0
1784468520000,0.16502,0.16516,0.16501,0.16511,3039.0
1784468580000,0.16513,0.16523,0.16511,0.16512,1487.0
1784468640000,0.16512,0.16513,0.16511,0.16512,798.0
1784468700000,0.16511,0.16517,0.16511,0.16517,1170.0
1784468760000,0.16513,0.16514,0.16512,0.16512,937.0
1784468820000,0.16512,0.16514,0.16511,0.16514,1143.0
1784468880000,0.16514,0.16517,0.16514,0.16516,871.0
1784468940000,0.16515,0.16517,0.16511,0.16512,760.0
1784469000000,0.16512,0.16513,0.16512,0.16512,377.0
1784469060000,0.16513,0.16524,0.16512,0.16514,3148.0
1784469120000,0.16521,0.16536,0.16519,0.16536,1050.0
1784469180000,0.16538,0.16559,0.16532,0.16547,31480.0
1784469240000,0.16545,0.16545,0.16523,0.16524,3425.0
1784469300000,0.16524,0.16532,0.16524,0.1653,687.0
1784469360000,0.1653,0.16531,0.16529,0.16531,846.0
1784469420000,0.1653,0.16531,0.16527,0.1653,1721.0
1784469480000,0.16531,0.16537,0.16531,0.16532,1405.0
1784469540000,0.16536,0.16551,0.16536,0.16551,1512.0
1784469600000,0.1655,0.16552,0.16546,0.16552,739.0
1784469660000,0.1655,0.16551,0.16527,0.16531,1964.0
1784469720000,0.16533,0.16539,0.16533,0.16538,876.0
1784469780000,0.16541,0.16541,0.16525,0.16533,1123.0
1784469840000,0.16534,0.16555,0.16534,0.16555,1373.0
1784469900000,0.16554,0.16556,0.16535,0.16536,1334.0
1784469960000,0.16537,0.16548,0.16537,0.16548,1135.0
1784470020000,0.16544,0.16544,0.16541,0.16544,458.0
1784470080000,0.16544,0.16545,0.16543,0.16543,745.0
1784470140000,0.16542,0.1655,0.16542,0.1655,354.0
1784470200000,0.1655,0.1655,0.16547,0.16548,922.0
1784470260000,0.16547,0.16554,0.16547,0.16554,1092.0
1784470320000,0.16557,0.16559,0.16556,0.16557,947.0
1784470380000,0.16557,0.1656,0.16556,0.16556,1078.0
1784470440000,0.16557,0.16558,0.16549,0.16552,1244.0
1784470500000,0.16556,0.16556,0.16545,0.16545,498.0
1784470560000,0.16543,0.16544,0.16536,0.16537,608.0
1784470620000,0.16536,0.16536,0.1652,0.16521,2926.0
1784470680000,0.16524,0.16544,0.16524,0.16544,883.0
1784470740000,0.16548,0.16551,0.16538,0.16539,890.0
1784470800000,0.16538,0.16539,0.16529,0.1653,854.0
1784470860000,0.16533,0.16534,0.16531,0.16534,909.0
1784470920000,0.16532,0.16533,0.16522,0.16522,1140.0
1784470980000,0.16522,0.16524,0.16516,0.16519,1210.0
1784471040000,0.16521,0.16522,0.16521,0.16522,724.0
1784471100000,0.16522,0.16522,0.16521,0.16521,792.0
1784471160000,0.16521,0.16522,0.16501,0.16502,4719.0
1784471220000,0.16499,0.16509,0.16496,0.16505,10094.0
1784471280000,0.16506,0.16522,0.16506,0.16522,1489.0
1784471340000,0.16521,0.16522,0.16521,0.16522,130.0
1784471460000,0.16523,0.16544,0.16523,0.16544,523.0
1784471520000,0.16543,0.16549,0.16543,0.16545,981.0
1784471580000,0.16545,0.16547,0.16544,0.16544,1750.0
1784471640000,0.16547,0.16552,0.16547,0.1655,1575.0
1784471700000,0.16556,0.16565,0.16536,0.16536,2237.0
1784471760000,0.16529,0.16554,0.16529,0.16552,3457.0
1784471820000,0.16552,0.16561,0.16548,0.16549,887.0
1784471880000,0.16553,0.16555,0.16546,0.16549,1136.0
1784471940000,0.16551,0.16554,0.16548,0.16554,1023.0
1784472000000,0.16552,0.16553,0.16552,0.16553,1045.0
1784472060000,0.16554,0.16558,0.16549,0.16553,817.0
1784472120000,0.16554,0.16554,0.16551,0.16553,569.0
1784472180000,0.16561,0.16575,0.16561,0.16574,740.0
1784472240000,0.16573,0.16587,0.16573,0.16585,1236.0
1784472300000,0.16586,0.16603,0.16578,0.16603,4874.0
1784472360000,0.16606,0.16607,0.16599,0.16606,1867.0
1784472420000,0.16607,0.16649,0.16607,0.16638,2758.0
1784472480000,0.16636,0.16636,0.16625,0.16625,1076.0
1784472540000,0.1663,0.16647,0.16627,0.16646,1526.0
1784472600000,0.16648,0.16676,0.16644,0.16666,1836.0
1784472660000,0.16666,0.16673,0.16663,0.16665,1320.0
1784472720000,0.16665,0.16667,0.16656,0.16661,3109.0
1784472780000,0.16666,0.16669,0.16662,0.16665,2482.0
1784472840000,0.16665,0.16704,0.16665,0.16688,36973.0
1784472900000,0.16686,0.1669,0.16679,0.16684,4545.0
1784472960000,0.16683,0.16701,0.16683,0.16699,3093.0
1784473020000,0.16698,0.16702,0.16698,0.16698,182.0
1784473080000,0.16697,0.16697,0.16684,0.16685,1062.0
1784473140000,0.16685,0.16687,0.16652,0.16655,5575.0
1784473200000,0.16655,0.16678,0.16651,0.16675,12228.0
1784473260000,0.16672,0.16672,0.16663,0.16666,1383.0
1784473320000,0.16665,0.16668,0.16664,0.16668,1155.0
1784473380000,0.16667,0.16668,0.16662,0.16668,915.0
1784473440000,0.16665,0.16665,0.16653,0.16653,557.0
1784473500000,0.16653,0.16655,0.1664,0.16641,1038.0
1784473560000,0.16641,0.16648,0.16636,0.16647,1961.0
1784473620000,0.16648,0.1665,0.16638,0.16639,1135.0
1784473680000,0.1664,0.16642,0.16633,0.16638,953.0
1784473740000,0.16638,0.16644,0.1663,0.1663,18444.0
1784473800000,0.16624,0.16636,0.16614,0.16636,1603.0
1784473860000,0.16636,0.16646,0.16636,0.16645,800.0
1784473920000,0.16646,0.16654,0.16646,0.16654,933.0
1784473980000,0.16653,0.16658,0.16648,0.16648,1145.0
1784474040000,0.16649,0.16649,0.16646,0.16648,506.0
1784474100000,0.16653,0.16657,0.16646,0.16647,1486.0
1784474160000,0.16646,0.16646,0.16628,0.16629,991.0
1784474220000,0.16629,0.16638,0.16618,0.16626,1492.0
1784474280000,0.16632,0.16637,0.16632,0.16637,535.0
1784474340000,0.16636,0.16638,0.16636,0.16636,942.0
1784474400000,0.16636,0.16636,0.16622,0.16622,700.0
1784474460000,0.1662,0.16627,0.16619,0.16626,832.0
1784474520000,0.16626,0.16627,0.16618,0.16625,979.0
1784474580000,0.16627,0.16628,0.16619,0.16619,1069.0
1784474640000,0.16619,0.16619,0.16614,0.16614,982.0
1784474700000,0.16614,0.16614,0.16603,0.16605,393.0
1784474760000,0.16604,0.16615,0.16604,0.1661,1435.0
1784474820000,0.1661,0.16616,0.16598,0.16609,10014.0
1784474880000,0.16609,0.16614,0.16599,0.16599,5002.0
1784474940000,0.16595,0.16601,0.16583,0.166,1140.0
1784475000000,0.166,0.16601,0.16598,0.166,1094.0
1784475060000,0.16601,0.16621,0.16601,0.16621,3287.0
1784475120000,0.16622,0.16622,0.16615,0.16619,624.0
1784475180000,0.16618,0.16621,0.16615,0.16621,874.0
1784475240000,0.1662,0.16629,0.1662,0.16629,866.0
1784475300000,0.16627,0.16632,0.16624,0.16632,591.0
1784475360000,0.16632,0.16641,0.1663,0.16634,567.0
1784475420000,0.16634,0.16636,0.1663,0.16635,496.0
1784475480000,0.16639,0.1664,0.16638,0.1664,908.0
1784475540000,0.1664,0.16641,0.16634,0.16639,620.0
1784475600000,0.16638,0.16649,0.16636,0.16649,1095.0
1784475660000,0.16648,0.16649,0.16647,0.16648,638.0
1784493660000,0.16604,0.16606,0.16603,0.16606,592.0
1784493720000,0.16608,0.1661,0.16607,0.16608,1018.0
1784493780000,0.16611,0.16611,0.16606,0.16606,444.0
1784493840000,0.16608,0.16609,0.16607,0.16607,749.0
1784493900000,0.1661,0.1664,0.16608,0.16636,7429.0
1784493960000,0.16635,0.16638,0.16633,0.16636,1200.0
1784494020000,0.16636,0.16641,0.16633,0.1664,766.0
1784494080000,0.16641,0.16642,0.16633,0.16634,1536.0
1784494140000,0.16634,0.16638,0.16633,0.16638,3741.0
1784494200000,0.16635,0.16637,0.16634,0.16637,725.0
1784494260000,0.16638,0.16638,0.16627,0.16628,800.0
1784494320000,0.16635,0.16635,0.16633,0.16635,980.0
1784494380000,0.16635,0.16638,0.16635,0.16636,808.0
1784494440000,0.16637,0.16638,0.16636,0.16637,470.0
1784494500000,0.16637,0.1664,0.16636,0.16636,586.0
1784494560000,0.16637,0.16638,0.16635,0.16635,293.0
1784494620000,0.16635,0.16638,0.1663,0.16637,1069.0
1784494680000,0.16638,0.16639,0.16636,0.16637,722.0
1784494740000,0.1664,0.1665,0.16637,0.1665,686.0
1784494800000,0.16648,0.16654,0.16612,0.16628,136514.0
1784494860000,0.16629,0.16632,0.16625,0.16626,1058.0
1784494920000,0.16625,0.16625,0.16608,0.16612,3112.0
1784494980000,0.16611,0.16616,0.16608,0.16616,1115.0
1784495040000,0.16616,0.16616,0.16616,0.16616,204.0
1784495100000,0.16609,0.1661,0.16606,0.16606,493.0
1784495160000,0.16608,0.16608,0.16606,0.16606,87.0
1784495220000,0.16607,0.16611,0.16604,0.16605,1489.0
1784495280000,0.16605,0.16606,0.16604,0.16604,466.0
1784495340000,0.16603,0.16606,0.16599,0.16605,5091.0
1784495400000,0.16605,0.16605,0.16592,0.16593,966.0
1784495460000,0.16594,0.16595,0.16585,0.16588,760.0
1784495520000,0.16589,0.16596,0.16589,0.16596,1198.0
1784495580000,0.16596,0.16607,0.16596,0.16605,3164.0
1784495640000,0.16606,0.16608,0.16605,0.16608,686.0
1784495700000,0.16606,0.16613,0.16606,0.16606,1996.0
1784495760000,0.16604,0.16605,0.16599,0.166,336.0
1784495820000,0.16598,0.16598,0.16595,0.16595,197.0
1784495880000,0.16595,0.16595,0.1659,0.1659,333.0
1784495940000,0.16593,0.16593,0.16585,0.16585,135.0
1784496000000,0.16579,0.16586,0.16575,0.16585,1412.0
1784496060000,0.16585,0.16588,0.16581,0.16582,915.0
1784496120000,0.16583,0.16583,0.16581,0.16583,189.0
1784496180000,0.16583,0.16586,0.16581,0.16581,209.0
1784496240000,0.1658,0.1658,0.16576,0.16579,1872.0
1784496300000,0.16576,0.16576,0.16573,0.16573,138.0
1784496360000,0.16573,0.16573,0.16573,0.16573,93.0
1784496420000,0.16573,0.16574,0.1657,0.16574,4114.0
1784496480000,0.16572,0.16574,0.16572,0.16574,72.0
1784496540000,0.16574,0.16574,0.16574,0.16574,11.0
1784496600000,0.16574,0.16574,0.16571,0.16573,750.0
1784496660000,0.16574,0.16581,0.16574,0.1658,3583.0
1784496720000,0.16578,0.16578,0.16565,0.16565,831.0
1784496780000,0.16565,0.16568,0.1655,0.16552,4265.0
1784496840000,0.16555,0.16555,0.16554,0.16555,350.0
1784496900000,0.16554,0.16557,0.1655,0.1655,392.0
1784496960000,0.16549,0.16549,0.16543,0.16544,712.0
1784497020000,0.16542,0.16543,0.16542,0.16543,290.0
1784497080000,0.16541,0.16541,0.16523,0.16534,2580.0
1784497140000,0.16533,0.16534,0.1653,0.16533,880.0
1784497200000,0.16533,0.16534,0.165,0.16508,822.0
1784497260000,0.16506,0.16512,0.16502,0.16508,862.0
1784497320000,0.16507,0.16518,0.16503,0.16518,5396.0
1784497380000,0.16523,0.16525,0.16508,0.16508,2259.0
1784497440000,0.16503,0.16508,0.16502,0.16504,592.0
1784497500000,0.16505,0.16505,0.16504,0.16505,801.0
1784497560000,0.16505,0.16505,0.165,0.165,568.0
1784497620000,0.165,0.16502,0.165,0.16501,934.0
1784497680000,0.16499,0.16505,0.16499,0.16505,683.0
1784497740000,0.16504,0.1651,0.16504,0.16506,943.0
1784497800000,0.16507,0.16507,0.16506,0.16506,991.0
1784497860000,0.16507,0.16507,0.16505,0.16507,1022.0
1784497920000,0.16507,0.16507,0.165,0.16502,1254.0
1784497980000,0.16499,0.16504,0.16499,0.16501,1313.0
1784498040000,0.165,0.165,0.165,0.165,47.0
1784498100000,0.16502,0.16502,0.16476,0.16476,2136.0
1784498160000,0.16472,0.16475,0.16462,0.16473,873.0
1784498220000,0.1647,0.16496,0.1647,0.16496,1349.0
1784498280000,0.16495,0.16496,0.16483,0.16486,468.0
1784498340000,0.1649,0.16501,0.16485,0.16494,3998.0
1784498400000,0.16493,0.16509,0.16468,0.16504,2776.0
1784498460000,0.16501,0.16577,0.16501,0.16563,3981.0
1784498520000,0.16563,0.16629,0.16559,0.16571,7203.0
1784498580000,0.16575,0.16585,0.16556,0.16557,1310.0
1784498640000,0.16551,0.16556,0.16531,0.16549,812.0
1784498700000,0.16546,0.16549,0.16531,0.16531,659.0
1784498760000,0.16535,0.16542,0.16506,0.16511,752.0
1784498820000,0.16511,0.16525,0.16497,0.16525,862.0
1784498880000,0.16523,0.16545,0.16523,0.1654,496.0
1784498940000,0.16555,0.16572,0.16551,0.16572,644.0
1784499000000,0.16572,0.16595,0.16571,0.16573,1427.0
1784499060000,0.1657,0.16577,0.16559,0.16575,1673.0
1784499120000,0.16576,0.16607,0.16575,0.166,2007.0
1784499180000,0.16602,0.16617,0.16602,0.16614,991.0
1784499240000,0.16623,0.16631,0.16617,0.16631,1927.0
1784499300000,0.16635,0.16692,0.16632,0.16686,4827.0
1784499360000,0.16684,0.16689,0.16651,0.16651,3415.0
1784499420000,0.16649,0.16663,0.16649,0.16651,736.0
1784499480000,0.16652,0.16665,0.16652,0.16664,1137.0
1784499540000,0.16663,0.16666,0.16657,0.16661,1094.0
1784499600000,0.16656,0.16667,0.16656,0.16667,323.0
1784499660000,0.16667,0.16683,0.16667,0.16669,2581.0
1784499720000,0.16666,0.16666,0.16614,0.16616,11838.0
1784499780000,0.16616,0.16629,0.16607,0.16608,2930.0
1784499840000,0.16609,0.16626,0.16604,0.1661,3751.0
1784499900000,0.16605,0.16607,0.16595,0.16599,1691.0
1784499960000,0.16601,0.16605,0.16597,0.16598,1505.0
1784500020000,0.16596,0.16606,0.16593,0.16593,596.0
1784500080000,0.16595,0.16605,0.16594,0.166,691.0
1784500140000,0.16601,0.16605,0.16594,0.16595,420.0
1784500200000,0.16595,0.16606,0.16595,0.16606,374.0
1784500260000,0.16602,0.16602,0.16574,0.16576,257.0
1784500320000,0.16574,0.16576,0.16562,0.16573,1107.0
1784500380000,0.16574,0.16614,0.16574,0.16604,3173.0
1784500440000,0.16602,0.16608,0.16601,0.16605,3088.0
1784500500000,0.16609,0.16612,0.16601,0.16601,2586.0
1784500560000,0.16595,0.16602,0.1659,0.16602,491.0
1784500620000,0.166,0.166,0.16588,0.16589,490.0
1784500680000,0.16591,0.16597,0.16591,0.16595,584.0
1784500740000,0.16607,0.16615,0.16607,0.16614,2086.0
1784500800000,0.16604,0.16606,0.16602,0.16603,397.0
1784500860000,0.16603,0.16617,0.16603,0.16616,1591.0
1784500920000,0.16614,0.16618,0.16608,0.16617,723.0
1784500980000,0.16613,0.16614,0.16595,0.16614,784.0
1784501040000,0.16615,0.1663,0.16613,0.16624,3266.0
1784501100000,0.16613,0.16613,0.16597,0.16604,3805.0
1784501160000,0.16607,0.16622,0.16602,0.16618,2286.0
1784501220000,0.16617,0.16617,0.16603,0.16604,1028.0
1784501280000,0.16603,0.16611,0.16603,0.16611,382.0
1784501340000,0.16611,0.16615,0.1661,0.16611,757.0
1784501400000,0.16609,0.16613,0.16607,0.16607,782.0
1784501460000,0.16606,0.16608,0.16598,0.16602,706.0
1784501520000,0.16602,0.16602,0.16586,0.16599,997.0
1784501580000,0.16603,0.16606,0.16591,0.166,986.0
1784501640000,0.16599,0.16606,0.16594,0.16598,1206.0
1784501700000,0.16597,0.166,0.16591,0.16594,594.0
1784501760000,0.16593,0.16597,0.16592,0.16596,482.0
1784501820000,0.16604,0.16607,0.16595,0.16595,854.0
1784501880000,0.16593,0.16593,0.16588,0.1659,756.0
1784501940000,0.16589,0.16592,0.16584,0.16584,489.0
1784502000000,0.16585,0.16585,0.1653,0.1654,2690.0
1784502060000,0.1654,0.16551,0.16536,0.16543,3104.0
1784502120000,0.16544,0.16557,0.16543,0.16555,858.0
1784502180000,0.16554,0.16554,0.16545,0.16545,906.0
1784502240000,0.16543,0.16544,0.16533,0.16544,493.0
1784502300000,0.16545,0.16556,0.16534,0.16553,1373.0
1784502360000,0.16552,0.16554,0.16542,0.16545,1825.0
1784502420000,0.16537,0.16537,0.16515,0.1653,2435.0
1784502480000,0.16528,0.16547,0.16528,0.16545,503.0
1784502540000,0.16545,0.16556,0.16544,0.16554,729.0
1784502600000,0.16551,0.16556,0.1655,0.16556,559.0
1784502660000,0.16555,0.16567,0.16555,0.16562,2146.0
1784502720000,0.16561,0.16566,0.16559,0.16563,755.0
1784502780000,0.16562,0.1657,0.16557,0.16557,580.0
1784502840000,0.16547,0.16561,0.16537,0.16557,755.0
1784502900000,0.16557,0.16557,0.16553,0.16556,170.0
1784502960000,0.16559,0.16567,0.16559,0.1656,3549.0
1784503020000,0.16563,0.16566,0.16554,0.16555,3162.0
1784503080000,0.16554,0.16575,0.16553,0.16571,4201.0
1784503140000,0.16573,0.16587,0.16573,0.16585,1633.0
1784503200000,0.16586,0.16586,0.16577,0.16584,1061.0
1784503260000,0.16585,0.16589,0.16584,0.16584,776.0
1784503320000,0.16582,0.16595,0.16581,0.16591,1659.0
1784503380000,0.16592,0.16599,0.16586,0.16598,4277.0
1784503440000,0.16598,0.16618,0.16598,0.16618,2266.0
1784503500000,0.16617,0.16634,0.16617,0.16634,3856.0
1784503560000,0.16635,0.16636,0.1661,0.16613,2463.0
1784503620000,0.16603,0.16612,0.16602,0.16612,1533.0
1784503680000,0.1661,0.16612,0.16603,0.16603,477.0
1784503740000,0.16602,0.16611,0.16602,0.1661,1134.0
1784503800000,0.16608,0.16613,0.16603,0.16609,1122.0
1784503860000,0.16611,0.16621,0.16606,0.16621,954.0
1784503920000,0.16623,0.16626,0.16617,0.16621,1103.0
1784503980000,0.16621,0.16621,0.16613,0.16617,1866.0
1784504040000,0.16618,0.16625,0.16613,0.16625,885.0
1784504100000,0.16627,0.16648,0.16621,0.16629,992.0
1784504160000,0.16629,0.16629,0.16616,0.16619,687.0
1784504220000,0.16617,0.16617,0.16589,0.16601,538.0
1784504280000,0.1661,0.16613,0.16601,0.16606,1169.0
1784504340000,0.16606,0.16606,0.16593,0.16593,916.0
1784504400000,0.16591,0.16597,0.1659,0.16593,840.0
1784504460000,0.16595,0.16595,0.1659,0.16591,458.0
1784504520000,0.16591,0.16595,0.16584,0.16595,828.0
1784504580000,0.16598,0.16612,0.16598,0.16605,827.0
1784504640000,0.16604,0.16613,0.166,0.16613,911.0
1784504700000,0.16613,0.16614,0.16577,0.16587,1344.0
1784504760000,0.16592,0.16592,0.16581,0.16586,990.0
1784504820000,0.16585,0.16595,0.16583,0.16583,1977.0
1784504880000,0.16585,0.16597,0.16583,0.16587,1006.0
1784504940000,0.16584,0.16585,0.16581,0.16583,673.0
1784505000000,0.16583,0.16588,0.1658,0.16586,822.0
1784505060000,0.16585,0.16596,0.16585,0.16593,636.0
1784505120000,0.16593,0.16595,0.16583,0.16584,692.0
1784505180000,0.16588,0.16588,0.16584,0.16587,253.0
1784505240000,0.16586,0.16586,0.16582,0.16585,672.0
1784505300000,0.16585,0.16588,0.16583,0.16585,670.0
1784505360000,0.16586,0.16597,0.16586,0.16595,632.0
1784505420000,0.16596,0.16611,0.16596,0.16611,1147.0
1784505480000,0.16613,0.16617,0.16612,0.16612,337.0
1784505540000,0.16612,0.16619,0.16611,0.16611,1576.0
1784505600000,0.16605,0.16605,0.16577,0.16589,2502.0
1784523660000,0.164,0.16402,0.16381,0.16389,12188.0
1784523720000,0.16386,0.16407,0.16382,0.16404,1539.0
1784523780000,0.16399,0.16401,0.16357,0.1639,15384.0
1784523840000,0.16388,0.16388,0.16323,0.16337,19952.0
1784523900000,0.16335,0.16366,0.16312,0.16363,20954.0
1784523960000,0.16359,0.16378,0.16359,0.16378,1262.0
1784524020000,0.16379,0.16391,0.16375,0.16375,2165.0
1784524080000,0.16366,0.16369,0.16357,0.16363,1522.0
1784524140000,0.16359,0.16359,0.16335,0.16336,4337.0
1784524200000,0.16337,0.16338,0.16325,0.1633,1294.0
1784524260000,0.16322,0.16322,0.16292,0.16302,7772.0
1784524320000,0.16301,0.16303,0.16239,0.16254,39286.0
1784524380000,0.16255,0.16287,0.16211,0.16286,3905.0
1784524440000,0.1629,0.16305,0.16287,0.16305,821.0
1784524500000,0.16304,0.16311,0.16288,0.16311,5598.0
1784524560000,0.1631,0.16315,0.16297,0.16297,1012.0
1784524620000,0.16301,0.16301,0.16274,0.16276,824.0
1784524680000,0.16273,0.16311,0.16273,0.16311,1432.0
1784524740000,0.1631,0.16336,0.16308,0.1632,963.0
1784524800000,0.16327,0.16329,0.16311,0.16312,630.0
1784524860000,0.16311,0.16314,0.1629,0.16294,570.0
1784524920000,0.16293,0.16301,0.16282,0.16282,421.0
1784524980000,0.16274,0.16277,0.16247,0.16273,916.0
1784525040000,0.16265,0.16283,0.16265,0.16282,506.0
1784525100000,0.16285,0.16291,0.1627,0.16291,994.0
1784525160000,0.1629,0.16294,0.16275,0.16282,706.0
1784525220000,0.16286,0.16299,0.16283,0.1629,773.0
1784525280000,0.1629,0.16302,0.1629,0.16296,560.0
1784525340000,0.16296,0.16309,0.16296,0.16303,1215.0
1784525400000,0.16303,0.16303,0.16275,0.16296,5334.0
1784525460000,0.16292,0.16303,0.1627,0.16299,5047.0
1784525520000,0.163,0.163,0.16283,0.163,1036.0
1784525580000,0.16298,0.16303,0.16284,0.16284,9648.0
1784525640000,0.16288,0.16288,0.16276,0.16286,926.0
1784525700000,0.16287,0.16287,0.1626,0.16263,2183.0
1784525760000,0.16266,0.16284,0.16259,0.16274,2387.0
1784525820000,0.16271,0.1628,0.16232,0.16263,20641.0
1784525880000,0.16267,0.16271,0.16256,0.1627,2576.0
1784525940000,0.16268,0.16269,0.16257,0.1626,728.0
1784526000000,0.1626,0.16274,0.16258,0.16274,1077.0
1784526060000,0.16275,0.16291,0.16264,0.16264,6744.0
1784526120000,0.1626,0.16274,0.16258,0.16267,578.0
1784526180000,0.16266,0.16274,0.16266,0.16273,550.0
1784526240000,0.16266,0.16266,0.16256,0.16256,1310.0
1784526300000,0.16256,0.16256,0.16235,0.16244,812.0
1784526360000,0.16244,0.16244,0.16226,0.16234,246.0
1784526420000,0.16234,0.16236,0.16219,0.16235,3566.0
1784526480000,0.16236,0.16246,0.16236,0.1624,1058.0
1784526540000,0.16235,0.16243,0.16233,0.16243,660.0
1784526600000,0.16245,0.16245,0.16224,0.16225,815.0
1784526660000,0.16229,0.16229,0.16228,0.16228,200.0
1784526720000,0.16229,0.16229,0.16218,0.16218,360.0
1784526780000,0.16219,0.16221,0.16214,0.16216,684.0
1784526840000,0.16216,0.16219,0.16196,0.162,1636.0
1784526900000,0.16202,0.16206,0.16195,0.16201,2683.0
1784526960000,0.162,0.16216,0.16199,0.16211,990.0
1784527020000,0.16213,0.16225,0.16212,0.16225,682.0
1784527080000,0.16225,0.16232,0.16219,0.16228,1401.0
1784527140000,0.16228,0.16228,0.16208,0.16212,694.0
1784527200000,0.16214,0.16223,0.16207,0.16223,2105.0
1784527260000,0.16224,0.16226,0.1622,0.16224,1359.0
1784527320000,0.16225,0.16225,0.162,0.16208,1200.0
1784527380000,0.16208,0.16231,0.16207,0.16225,1014.0
1784527440000,0.16225,0.16247,0.16225,0.16247,1712.0
1784527500000,0.16241,0.16246,0.16199,0.16208,1288.0
1784527560000,0.16217,0.16222,0.16206,0.16221,1326.0
1784527620000,0.16228,0.16233,0.16217,0.16228,741.0
1784527680000,0.16225,0.16231,0.16218,0.16226,530.0
1784527740000,0.16225,0.16225,0.16217,0.16219,609.0
1784527800000,0.16207,0.16212,0.16198,0.16199,522.0
1784527860000,0.16206,0.16206,0.16198,0.162,680.0
1784527920000,0.16198,0.16226,0.16198,0.16225,676.0
1784527980000,0.16225,0.16227,0.16214,0.16215,8883.0
1784528040000,0.16216,0.16216,0.16208,0.16214,867.0
1784528100000,0.16207,0.16224,0.16207,0.16224,724.0
1784528160000,0.16224,0.16234,0.16209,0.16209,1005.0
1784528220000,0.16211,0.16218,0.16208,0.1621,1110.0
1784528280000,0.16207,0.1621,0.16198,0.16202,978.0
1784528340000,0.16203,0.16219,0.16196,0.16219,2010.0
1784528400000,0.16218,0.16234,0.16218,0.16234,1434.0
1784528460000,0.16235,0.16236,0.16217,0.16218,1522.0
1784528520000,0.16219,0.16226,0.16217,0.16226,952.0
1784528580000,0.16226,0.16238,0.16226,0.16232,872.0
1784528640000,0.16234,0.16235,0.16197,0.16197,791.0
1784528700000,0.16197,0.16213,0.16197,0.16209,627.0
1784528760000,0.1621,0.16215,0.16205,0.16211,1035.0
1784528820000,0.16215,0.16219,0.16208,0.16211,1513.0
1784528880000,0.1621,0.16212,0.16192,0.16192,7820.0
1784528940000,0.16187,0.16188,0.16155,0.16171,18473.0
1784529000000,0.16166,0.16168,0.16141,0.16155,3152.0
1784529060000,0.16158,0.16167,0.1612,0.16138,24384.0
1784529120000,0.16138,0.16138,0.16095,0.16113,10134.0
1784529180000,0.16113,0.16113,0.16069,0.16077,19535.0
1784529240000,0.16115,0.16125,0.16112,0.1612,3186.0
1784529300000,0.16121,0.1613,0.16094,0.161,966.0
1784529360000,0.16091,0.16108,0.16079,0.16079,2126.0
1784529420000,0.16079,0.16087,0.16054,0.16084,4381.0
1784529480000,0.16083,0.16111,0.16083,0.16111,609.0
1784529540000,0.1611,0.16117,0.161,0.16115,1136.0
1784529600000,0.16107,0.16129,0.161,0.16129,544.0
1784529660000,0.16122,0.16147,0.16118,0.16133,5437.0
1784529720000,0.16141,0.16144,0.16112,0.16114,2182.0
1784529780000,0.16111,0.16111,0.16099,0.16107,2650.0
1784529840000,0.16107,0.16129,0.16107,0.16129,1203.0
1784529900000,0.16122,0.16129,0.16117,0.1612,1243.0
1784529960000,0.1612,0.1612,0.16114,0.16114,782.0
1784530020000,0.16116,0.16119,0.16107,0.16107,680.0
1784530080000,0.16106,0.16106,0.16082,0.16082,533.0
1784530140000,0.16083,0.16111,0.16083,0.16108,519.0
1784530200000,0.16106,0.1613,0.16106,0.1612,8469.0
1784530260000,0.16124,0.16148,0.16124,0.16148,1720.0
1784530320000,0.1615,0.16156,0.16138,0.16139,909.0
1784530380000,0.16139,0.16149,0.16136,0.16137,1041.0
1784530440000,0.16143,0.16146,0.16137,0.16144,564.0
1784530500000,0.16145,0.16146,0.16126,0.16133,2389.0
1784530560000,0.16138,0.16144,0.16135,0.16144,2779.0
1784530620000,0.16148,0.16148,0.16137,0.16137,1137.0
1784530680000,0.16138,0.16138,0.16121,0.16121,1806.0
1784530740000,0.16121,0.16129,0.16115,0.16129,742.0
1784530800000,0.1613,0.16148,0.1613,0.16147,1177.0
1784530860000,0.16148,0.16157,0.16146,0.16151,1506.0
1784530920000,0.16147,0.16147,0.16117,0.16125,7127.0
1784530980000,0.16125,0.16127,0.16122,0.16126,889.0
1784531040000,0.16126,0.16151,0.16126,0.16148,2773.0
1784531100000,0.16148,0.16159,0.16147,0.16155,8485.0
1784531160000,0.1615,0.16159,0.1615,0.16157,844.0
1784531220000,0.16158,0.16166,0.16158,0.1616,6407.0
1784531280000,0.16158,0.16159,0.16156,0.16159,894.0
1784531340000,0.16159,0.16159,0.1615,0.16152,917.0
1784531400000,0.16153,0.16157,0.16141,0.16142,653.0
1784531460000,0.16151,0.16156,0.16148,0.16148,699.0
1784531520000,0.16146,0.16147,0.16139,0.16139,1063.0
1784531580000,0.1614,0.1615,0.16136,0.16143,868.0
1784531640000,0.16146,0.16151,0.16144,0.16145,710.0
1784531700000,0.16147,0.1615,0.16141,0.16144,1198.0
1784531760000,0.16139,0.1614,0.16129,0.16139,479.0
1784531820000,0.16139,0.1614,0.16107,0.16114,1513.0
1784531880000,0.16116,0.16128,0.16112,0.16128,747.0
1784531940000,0.16125,0.16157,0.1612,0.16157,2030.0
1784532000000,0.16158,0.16158,0.1615,0.16151,341.0
1784532060000,0.16145,0.16145,0.16136,0.16137,860.0
1784532120000,0.16137,0.16179,0.16133,0.1617,2195.0
1784532180000,0.16168,0.16168,0.16159,0.16166,803.0
1784532240000,0.16167,0.16181,0.16167,0.16179,1148.0
1784532300000,0.16191,0.16199,0.16191,0.16198,243.0
1784532360000,0.16192,0.16198,0.16188,0.16188,795.0
1784532420000,0.16191,0.1621,0.16191,0.16209,1658.0
1784532480000,0.16209,0.16227,0.16207,0.16209,13222.0
1784532540000,0.16211,0.16231,0.16211,0.16231,443.0
1784532600000,0.16232,0.16255,0.16225,0.16225,1469.0
1784532660000,0.16225,0.1624,0.16225,0.16226,951.0
1784532720000,0.16227,0.1623,0.16224,0.16229,1043.0
1784532780000,0.16227,0.16237,0.16221,0.1623,1160.0
1784532840000,0.1622,0.16221,0.16218,0.16219,647.0
1784532900000,0.16218,0.16219,0.16195,0.16195,1300.0
1784532960000,0.16197,0.16207,0.16194,0.16194,515.0
1784533020000,0.16194,0.162,0.16194,0.16198,810.0
1784533080000,0.16201,0.16205,0.16192,0.16199,1228.0
1784533140000,0.162,0.16201,0.16194,0.16194,1018.0
1784533200000,0.16195,0.16205,0.16189,0.16205,1386.0
1784533260000,0.16207,0.16217,0.16196,0.16207,2109.0
1784533320000,0.16203,0.16211,0.16202,0.16208,855.0
1784533380000,0.1621,0.1621,0.16196,0.16207,673.0
1784533440000,0.16209,0.1622,0.16209,0.1622,439.0
1784533500000,0.16221,0.16233,0.16218,0.16233,754.0
1784533560000,0.16235,0.16235,0.16222,0.16224,1084.0
1784533620000,0.16221,0.16221,0.16207,0.16207,526.0
1784533680000,0.16209,0.16209,0.16206,0.16207,689.0
1784533740000,0.16209,0.16219,0.16209,0.16218,308.0
1784533800000,0.16219,0.16222,0.16219,0.16222,661.0
1784533860000,0.16222,0.16225,0.16217,0.16225,850.0
1784533920000,0.16225,0.16236,0.1622,0.16236,1581.0
1784533980000,0.16237,0.16257,0.1623,0.16257,1036.0
1784534040000,0.1625,0.16254,0.16246,0.1625,890.0
1784534100000,0.16246,0.16246,0.16246,0.16246,92.0
1784534160000,0.16252,0.16256,0.16249,0.16255,601.0
1784534220000,0.16256,0.16257,0.16247,0.16251,661.0
1784534280000,0.16251,0.16252,0.1625,0.1625,495.0
1784534340000,0.16251,0.16251,0.16237,0.16244,834.0
1784534400000,0.16244,0.16244,0.16231,0.16235,362.0
1784534460000,0.16238,0.1624,0.16232,0.1624,924.0
1784534520000,0.16242,0.16261,0.16242,0.16253,686.0
1784534580000,0.16252,0.16267,0.16251,0.16267,3358.0
1784534640000,0.16268,0.1627,0.16241,0.16249,1983.0
1784534700000,0.16249,0.16252,0.16231,0.16233,1147.0
1784534760000,0.16233,0.16233,0.16221,0.16223,1031.0
1784534820000,0.16223,0.16227,0.16221,0.16222,863.0
1784534880000,0.16219,0.16219,0.16215,0.16215,321.0
1784534940000,0.16219,0.16222,0.16216,0.16222,737.0
1784535000000,0.16221,0.16222,0.16215,0.16222,855.0
1784535060000,0.16229,0.16241,0.16228,0.16239,1552.0
1784535120000,0.1624,0.16257,0.1624,0.16257,639.0
1784535180000,0.1626,0.16276,0.1626,0.16274,1192.0
1784535240000,0.16275,0.16276,0.16273,0.16273,662.0
1784535300000,0.16273,0.16282,0.16264,0.16266,553.0
1784535360000,0.16289,0.16296,0.1628,0.16296,696.0
1784535420000,0.16299,0.16301,0.16253,0.16253,3985.0
1784535480000,0.1625,0.16261,0.1625,0.16261,529.0
1784535540000,0.16261,0.16261,0.16251,0.16253,353.0
1784535600000,0.16251,0.16253,0.16225,0.16228,829.0
1784553660000,0.16409,0.16409,0.16408,0.16408,140.0
1784553720000,0.16406,0.16409,0.16402,0.16402,272.0
1784553780000,0.16398,0.16398,0.16396,0.16396,123.0
1784553840000,0.16399,0.164,0.16396,0.16396,1410.0
1784553900000,0.16395,0.16395,0.16372,0.16383,2443.0
1784553960000,0.16379,0.16384,0.16376,0.16382,1614.0
1784554020000,0.16383,0.16383,0.16354,0.16356,8036.0
1784554080000,0.16356,0.16373,0.1635,0.16373,5843.0
1784554140000,0.16373,0.16373,0.16366,0.1637,703.0
1784554200000,0.16373,0.16378,0.16319,0.1637,7145.0
1784554260000,0.16374,0.16377,0.16358,0.16367,991.0
1784554320000,0.16363,0.16387,0.16363,0.16383,1674.0
1784554380000,0.16387,0.16422,0.16387,0.16417,1267.0
1784554440000,0.16417,0.16432,0.16408,0.16424,705.0
1784554500000,0.16422,0.16437,0.16408,0.16408,1631.0
1784554560000,0.16404,0.16423,0.16396,0.16396,1036.0
1784554620000,0.16397,0.1641,0.16394,0.16409,1036.0
1784554680000,0.16408,0.16429,0.16406,0.16406,5011.0
1784554740000,0.1641,0.1641,0.16399,0.16405,636.0
1784554800000,0.16405,0.16416,0.16384,0.16384,1811.0
1784554860000,0.16382,0.16396,0.16374,0.16389,1042.0
1784554920000,0.16386,0.16395,0.16384,0.16389,861.0
1784554980000,0.16387,0.16394,0.16383,0.16385,1080.0
1784555040000,0.16384,0.1639,0.16376,0.16376,788.0
1784555100000,0.16376,0.16388,0.16355,0.16355,1527.0
1784555160000,0.16356,0.16363,0.16335,0.16336,2057.0
1784555220000,0.16337,0.16337,0.16299,0.16325,4129.0
1784555280000,0.16322,0.16334,0.16318,0.16324,1584.0
1784555340000,0.16332,0.16346,0.16327,0.16345,1243.0
1784555400000,0.16346,0.16362,0.1633,0.16331,982.0
1784555460000,0.16324,0.16342,0.1632,0.1633,2830.0
1784555520000,0.16324,0.16328,0.16275,0.16308,35980.0
1784555580000,0.16305,0.16306,0.16277,0.16284,3141.0
1784555640000,0.16285,0.16295,0.16284,0.16287,960.0
1784555700000,0.16283,0.16298,0.16277,0.16282,91216.0
1784555760000,0.16284,0.16286,0.16271,0.16286,1767.0
1784555820000,0.16275,0.16275,0.16242,0.16242,1382.0
1784555880000,0.16241,0.16265,0.16238,0.16257,2417.0
1784555940000,0.1625,0.1628,0.16247,0.16278,16358.0
1784556000000,0.16274,0.16275,0.16267,0.16268,11785.0
1784556060000,0.16265,0.16271,0.16235,0.1627,4038.0
1784556120000,0.16274,0.16298,0.16269,0.16278,6902.0
1784556180000,0.16279,0.16298,0.16276,0.16286,10388.0
1784556240000,0.1629,0.16291,0.16278,0.16279,1831.0
1784556300000,0.16277,0.16299,0.1627,0.16291,11158.0
1784556360000,0.16285,0.16297,0.16279,0.16289,8048.0
1784556420000,0.16292,0.16292,0.16269,0.16283,1357.0
1784556480000,0.16283,0.1629,0.16274,0.16274,6650.0
1784556540000,0.16273,0.16304,0.16273,0.16287,8381.0
1784556600000,0.16279,0.16279,0.16251,0.16261,2742.0
1784556660000,0.16254,0.1627,0.16253,0.16253,1001.0
1784556720000,0.16258,0.16259,0.16241,0.16241,1980.0
1784556780000,0.16243,0.16259,0.16227,0.16259,16882.0
1784556840000,0.16261,0.16263,0.16238,0.16247,7108.0
1784556900000,0.1625,0.16255,0.1624,0.16242,10187.0
1784556960000,0.16241,0.16245,0.16222,0.16222,7014.0
1784557020000,0.16222,0.16224,0.1619,0.16202,9335.0
1784557080000,0.162,0.16211,0.16191,0.16211,7333.0
1784557140000,0.16211,0.16217,0.16198,0.16205,2949.0
1784557200000,0.16196,0.16212,0.16189,0.16198,4716.0
1784557260000,0.16202,0.16202,0.16165,0.16179,5137.0
1784557320000,0.16177,0.16196,0.16165,0.16196,2197.0
1784557380000,0.16203,0.16227,0.16193,0.16226,15270.0
1784557440000,0.16227,0.1625,0.16227,0.16245,2093.0
1784557500000,0.16244,0.16259,0.16244,0.16259,7960.0
1784557560000,0.16261,0.16267,0.16254,0.16267,2143.0
1784557620000,0.1627,0.16286,0.16263,0.16281,7703.0
1784557680000,0.16279,0.16279,0.16263,0.16269,3860.0
1784557740000,0.1627,0.16281,0.16268,0.16281,1115.0
1784557800000,0.16284,0.16304,0.16278,0.16296,1599.0
1784557860000,0.16294,0.16294,0.16281,0.16292,1181.0
1784557920000,0.16292,0.16295,0.1628,0.16288,1875.0
1784557980000,0.16286,0.1629,0.16274,0.1628,1880.0
1784558040000,0.1628,0.16291,0.16276,0.16291,1264.0
1784558100000,0.16292,0.16292,0.16282,0.1629,2158.0
1784558160000,0.16291,0.16294,0.16261,0.16261,3319.0
1784558220000,0.16262,0.16265,0.16256,0.16256,1590.0
1784558280000,0.16257,0.16271,0.16253,0.16262,2568.0
1784558340000,0.16263,0.16272,0.16262,0.16271,1172.0
1784558400000,0.16273,0.16278,0.16266,0.16277,969.0
1784558460000,0.16278,0.16285,0.16267,0.16269,9146.0
1784558520000,0.1627,0.16279,0.1627,0.16276,1150.0
1784558580000,0.16276,0.16285,0.16269,0.16271,8415.0
1784558640000,0.16271,0.16283,0.16271,0.16277,1536.0
1784558700000,0.16276,0.16287,0.1626,0.16287,7028.0
1784558760000,0.16286,0.16322,0.16286,0.16296,10627.0
1784558820000,0.16296,0.16302,0.16283,0.16283,4392.0
1784558880000,0.16275,0.16276,0.16249,0.16254,3611.0
1784558940000,0.16252,0.16254,0.16234,0.16245,6204.0
1784559000000,0.16244,0.16259,0.16244,0.16255,2137.0
1784559060000,0.16252,0.16258,0.16236,0.1624,3933.0
1784559120000,0.16243,0.16252,0.16233,0.16233,2092.0
1784559180000,0.16232,0.16243,0.16219,0.16223,3286.0
1784559240000,0.16223,0.16237,0.16223,0.16232,9119.0
1784559300000,0.16232,0.16242,0.16227,0.16242,5248.0
1784559360000,0.16244,0.16251,0.16227,0.16233,1794.0
1784559420000,0.16233,0.16233,0.16221,0.16226,1506.0
1784559480000,0.16231,0.16238,0.16224,0.16225,1731.0
1784559540000,0.16224,0.16241,0.16224,0.16241,1345.0
1784559600000,0.16242,0.16255,0.16237,0.16255,1553.0
1784559660000,0.16257,0.16297,0.16256,0.16297,10274.0
1784559720000,0.16299,0.16307,0.16289,0.16307,1070.0
1784559780000,0.16311,0.16351,0.16311,0.1633,15287.0
1784559840000,0.16331,0.16346,0.16331,0.16346,1582.0
1784559900000,0.16344,0.16353,0.16306,0.16306,10583.0
1784559960000,0.16318,0.16344,0.16318,0.16341,1742.0
1784560020000,0.16344,0.16377,0.16341,0.16371,1167.0
1784560080000,0.16372,0.1642,0.16371,0.16396,7738.0
1784560140000,0.16394,0.16406,0.16383,0.16397,691.0
1784560200000,0.16403,0.16425,0.16387,0.16394,10259.0
1784560260000,0.16396,0.16414,0.16392,0.16414,5191.0
1784560320000,0.16417,0.16462,0.16417,0.16446,3011.0
1784560380000,0.16444,0.16458,0.16437,0.16438,12835.0
1784560440000,0.16438,0.16443,0.1643,0.16443,1834.0
1784560500000,0.16449,0.16459,0.16415,0.1644,26812.0
1784560560000,0.1644,0.16453,0.16433,0.16441,4531.0
1784560620000,0.16443,0.16451,0.16438,0.16442,1806.0
1784560680000,0.16444,0.16444,0.1643,0.16443,2663.0
1784560740000,0.16445,0.16455,0.16435,0.16453,2369.0
1784560800000,0.16454,0.16464,0.16441,0.16444,21206.0
1784560860000,0.16445,0.16455,0.16443,0.16447,1482.0
1784560920000,0.1645,0.16456,0.16445,0.16447,2101.0
1784560980000,0.16448,0.16463,0.16434,0.16436,1739.0
1784561040000,0.16436,0.16451,0.16432,0.16451,1383.0
1784561100000,0.16451,0.16452,0.16441,0.16444,3251.0
1784561160000,0.16441,0.16458,0.16441,0.16456,1091.0
1784561220000,0.16457,0.16466,0.16444,0.16452,1362.0
1784561280000,0.1645,0.16452,0.16439,0.16445,1422.0
1784561340000,0.16444,0.16466,0.16441,0.16466,1978.0
1784561400000,0.16466,0.16481,0.16464,0.16481,2230.0
1784561460000,0.16482,0.16485,0.16472,0.16472,1134.0
1784561520000,0.16473,0.16476,0.16448,0.16451,1076.0
1784561580000,0.1645,0.16454,0.16432,0.16432,828.0
1784561640000,0.16432,0.16459,0.16429,0.16457,2563.0
1784561700000,0.16456,0.16456,0.16447,0.16454,418.0
1784561760000,0.16455,0.16455,0.16452,0.16453,225.0
1784561820000,0.16453,0.16458,0.16438,0.16453,1151.0
1784561880000,0.16444,0.16456,0.16444,0.16455,1026.0
1784561940000,0.16458,0.16461,0.16444,0.16445,682.0
1784562000000,0.16446,0.16452,0.1643,0.16452,2405.0
1784562060000,0.16451,0.16477,0.16451,0.1647,1169.0
1784562120000,0.16473,0.16497,0.16473,0.16493,7388.0
1784562180000,0.16494,0.16544,0.16485,0.16517,28127.0
1784562240000,0.16513,0.16533,0.16512,0.1653,3232.0
1784562300000,0.16536,0.16554,0.16534,0.16551,3006.0
1784562360000,0.16553,0.16608,0.16553,0.16608,16657.0
1784562420000,0.16608,0.16608,0.16582,0.16586,4537.0
1784562480000,0.16583,0.1659,0.16571,0.16574,555.0
1784562540000,0.16574,0.16578,0.16574,0.16574,276.0
1784562600000,0.16574,0.16574,0.16548,0.16557,2578.0
1784562660000,0.16574,0.16576,0.1657,0.16573,1319.0
1784562720000,0.16574,0.16606,0.1657,0.16606,2904.0
1784562780000,0.16609,0.16626,0.16596,0.1662,2917.0
1784562840000,0.16625,0.16666,0.1662,0.16623,7910.0
1784562900000,0.16632,0.16655,0.16632,0.16643,6581.0
1784562960000,0.16638,0.16666,0.16638,0.16666,15975.0
1784563020000,0.16667,0.16676,0.16654,0.16673,11349.0
1784563080000,0.16679,0.16695,0.16666,0.16668,9847.0
1784563140000,0.16664,0.16691,0.16664,0.16688,4327.0
1784563200000,0.16691,0.16721,0.16689,0.16692,15751.0
1784563260000,0.1669,0.16708,0.16683,0.16697,10152.0
1784563320000,0.16693,0.16697,0.16684,0.1669,1738.0
1784563380000,0.16701,0.16738,0.16692,0.16737,26215.0
1784563440000,0.16738,0.16739,0.16713,0.16713,4856.0
1784563500000,0.16713,0.16718,0.16662,0.16667,24360.0
1784563560000,0.16667,0.1667,0.1664,0.1665,7197.0
1784563620000,0.16651,0.16663,0.16648,0.16663,7948.0
1784563680000,0.16665,0.16688,0.16655,0.16688,3081.0
1784563740000,0.16687,0.16698,0.16685,0.16694,440.0
1784563800000,0.16694,0.16701,0.16675,0.16675,1272.0
1784563860000,0.16679,0.16684,0.16665,0.16669,1996.0
1784563920000,0.16674,0.16683,0.1665,0.16683,2889.0
1784563980000,0.16682,0.1669,0.16653,0.16664,9412.0
1784564040000,0.16673,0.16673,0.16656,0.1666,1274.0
1784564100000,0.16661,0.16662,0.16636,0.16644,1077.0
1784564160000,0.16645,0.16672,0.16645,0.16672,774.0
1784564220000,0.16671,0.16695,0.16668,0.16695,3370.0
1784564280000,0.16694,0.1674,0.16655,0.16655,39462.0
1784564340000,0.16665,0.16666,0.16634,0.16643,3341.0
1784564400000,0.16642,0.16643,0.16617,0.16623,3267.0
1784564460000,0.16627,0.16633,0.16611,0.16612,4294.0
1784564520000,0.16615,0.16628,0.16602,0.16618,15408.0
1784564580000,0.16621,0.16642,0.1662,0.16641,1263.0
1784564640000,0.16641,0.16648,0.16629,0.16633,4680.0
1784564700000,0.16635,0.16642,0.16599,0.16599,11377.0
1784564760000,0.166,0.16605,0.16586,0.16605,5986.0
1784564820000,0.1661,0.16611,0.16598,0.16603,2163.0
1784564880000,0.16604,0.16604,0.16588,0.16602,1258.0
1784564940000,0.16604,0.16648,0.16603,0.16642,24311.0
1784565000000,0.16642,0.16667,0.16631,0.16631,2342.0
1784565060000,0.16626,0.16626,0.16602,0.16623,2501.0
1784565120000,0.16623,0.16628,0.16618,0.16624,2381.0
1784565180000,0.16623,0.16623,0.16594,0.16599,4323.0
1784565240000,0.16595,0.16623,0.16593,0.16621,1357.0
1784565300000,0.16623,0.16624,0.16606,0.16614,4910.0
1784565360000,0.1661,0.16613,0.16602,0.16603,804.0
1784565420000,0.16603,0.16613,0.16602,0.16605,1563.0
1784565480000,0.16606,0.16613,0.16585,0.16594,1366.0
1784565540000,0.166,0.16613,0.16596,0.16611,1320.0
1784565600000,0.16611,0.16619,0.16605,0.16612,1362.0
1784581620000,0.1703,0.17031,0.17,0.17004,1606.0
1784581680000,0.17007,0.17007,0.16986,0.16989,1179.0
1784581740000,0.1699,0.17,0.16982,0.16982,1412.0,2399.7932
1784581800000,0.16989,0.17007,0.16987,0.16998,1100.0,1869.8783
1784581860000,0.16995,0.16997,0.16995,0.16997,186.0,316.1222
1784581920000,0.16996,0.16996,0.16992,0.16992,178.0,302.4812
1784581980000,0.16992,0.17013,0.16982,0.16988,2749.0,4671.7996
1784582040000,0.1699,0.1699,0.16985,0.16986,881.0,1496.5702
1784582100000,0.16985,0.1702,0.16985,0.1702,1359.0,2310.9038
1784582160000,0.17018,0.17028,0.17018,0.17028,453.0,771.2518
1784582220000,0.17031,0.17031,0.17026,0.17028,473.0,805.4571
1784582280000,0.17028,0.17028,0.17015,0.17016,1474.0,2508.8213
1784582340000,0.17014,0.17015,0.17008,0.1701,1318.0,2241.8954
1784582400000,0.1701,0.17049,0.1701,0.17048,2489.0,4237.0229
1784582460000,0.17048,0.17048,0.17042,0.17042,764.0,1302.1063
1784582520000,0.17048,0.17058,0.17047,0.17049,3447.0,5878.1827
1784582580000,0.17052,0.17052,0.17031,0.17033,906.0,1543.3375
1784582640000,0.17033,0.17033,0.17024,0.17024,480.0,817.3006
1784582700000,0.17024,0.17024,0.1702,0.17021,484.0,823.8296
1784582760000,0.17022,0.17022,0.17001,0.17001,1865.0,3172.9823
1784582880000,0.16991,0.16991,0.16954,0.16957,981.0,1664.477
1784582940000,0.16961,0.1697,0.16961,0.16966,607.0,1029.6194
1784583000000,0.16967,0.16969,0.16966,0.16967,515.0,873.8075
1784583060000,0.16961,0.1697,0.1696,0.1697,469.0,795.5719
1784583120000,0.16988,0.1701,0.16986,0.1701,753.0,1279.7431
1784583180000,0.17015,0.1718,0.17015,0.17122,23872.0,40813.6014
1784583240000,0.17138,0.17175,0.17138,0.17154,7551.0,12960.1097
1784583300000,0.17152,0.17156,0.17141,0.17141,1470.0,2521.0628
1784583360000,0.17141,0.17156,0.17134,0.17147,580.0,994.5291
1784583420000,0.17147,0.17157,0.17147,0.17155,1127.0,1933.0562
1784583480000,0.17154,0.17154,0.17128,0.17128,311.0,533.1911
1784583540000,0.17128,0.17131,0.17128,0.17131,153.0,262.0824
1784583600000,0.1713,0.17153,0.1713,0.17153,142.0,243.4472
1784583660000,0.17135,0.17135,0.17131,0.17131,364.0,623.6392
1784583720000,0.17131,0.17159,0.17131,0.17152,880.0,1509.3766
1784583780000,0.17151,0.17151,0.17075,0.17075,10037.0,17170.8247
1784583840000,0.17075,0.17076,0.17074,0.17076,2349.0,4010.9253
1784583900000,0.17075,0.17078,0.17069,0.17075,2192.0,3742.819
1784583960000,0.17077,0.17077,0.17069,0.1707,3825.0,6529.356
1784584020000,0.17063,0.17063,0.17055,0.17057,127.0,216.6455
1784584080000,0.17055,0.17055,0.17006,0.17008,3705.0,6312.0423
1784584140000,0.17011,0.17013,0.17004,0.17007,554.0,942.2693
1784584200000,0.17007,0.17012,0.17,0.17001,372.0,632.6116
1784584260000,0.16998,0.17011,0.16997,0.17011,1572.0,2672.836
1784584320000,0.1701,0.17011,0.16996,0.16999,4467.0,7592.6674
1784584380000,0.17003,0.1701,0.17003,0.1701,2077.0,3532.9309
1784584440000,0.17004,0.17011,0.17004,0.17011,657.0,1117.2177
1784584500000,0.17019,0.17019,0.17006,0.17011,2325.0,3955.3501
1784584560000,0.16994,0.16994,0.1697,0.16976,2529.0,4292.5549
1784584620000,0.16971,0.16982,0.16971,0.16982,374.0,634.8079
1784584680000,0.16982,0.16982,0.16982,0.16982,146.0,247.9372
1784584740000,0.1699,0.16991,0.16985,0.1699,540.0,917.3891
1784584800000,0.16986,0.16986,0.16936,0.16945,1176.0,1994.0448
1784584860000,0.16942,0.16942,0.16929,0.16933,612.0,1036.2947
1784584920000,0.16939,0.16959,0.16939,0.16945,591.0,1001.7726
1784584980000,0.16955,0.16991,0.16955,0.16984,1049.0,1780.6952
1784585040000,0.16979,0.1698,0.16962,0.16962,240.0,407.2759
1784585100000,0.16962,0.16963,0.16949,0.16949,451.0,764.6712
1784585160000,0.16946,0.16946,0.16943,0.16946,126.0,213.5094
1784585220000,0.16955,0.16956,0.16949,0.16949,132.0,223.7861
1784585280000,0.16952,0.16952,0.16952,0.16952,39.0,66.1128
1784585340000,0.16955,0.16966,0.16955,0.16966,104.0,176.347
1784585400000,0.1697,0.16988,0.16965,0.16988,5695.0,9665.7156
1784585460000,0.1699,0.17008,0.16979,0.1698,4657.0,7915.6406
1784585520000,0.16979,0.16992,0.16977,0.16991,11820.0,20072.8991
1784585580000,0.16991,0.16991,0.16982,0.16985,1112.0,1888.8208
1784585640000,0.16985,0.16988,0.16984,0.16985,349.0,592.8058
1784585700000,0.16984,0.16985,0.16965,0.16966,1982.0,3364.9964
1784585760000,0.16963,0.16967,0.16955,0.16967,1448.0,2456.1606
1784585820000,0.16967,0.16967,0.16928,0.16936,2900.0,4911.8105
1784585880000,0.16938,0.16946,0.16935,0.16935,609.0,1031.5167
1784585940000,0.16937,0.16944,0.16937,0.16944,1763.0,2986.9843
1784586000000,0.16945,0.16968,0.16944,0.16966,3637.0,6165.5744
1784586060000,0.16965,0.16965,0.16947,0.16947,2481.0,4207.7839
1784586120000,0.16947,0.16948,0.16938,0.16946,891.0,1509.6912
1784586180000,0.16947,0.16949,0.16935,0.16946,1417.0,2400.9072
1784586240000,0.16944,0.16946,0.16935,0.16936,765.0,1295.8778
1784586300000,0.16937,0.16937,0.16926,0.16926,693.0,1173.2588
1784586360000,0.16924,0.16924,0.16924,0.16924,41.0,69.3884
1784586420000,0.16919,0.16919,0.16912,0.16915,3648.0,6170.6833
1784586480000,0.16911,0.16912,0.16902,0.16903,1323.0,2236.4763
1784586540000,0.16902,0.16916,0.16902,0.16916,922.0,1558.8772
1784586600000,0.16916,0.1693,0.16913,0.1693,354.0,599.0775
1784586660000,0.16933,0.16936,0.16925,0.16928,951.0,1609.8836
1784586720000,0.16927,0.16927,0.16918,0.16919,265.0,448.3866
1784586780000,0.16918,0.16919,0.16907,0.16907,1563.0,2643.6323
1784586840000,0.16907,0.16917,0.16886,0.16897,10389.0,17566.8199
1784586900000,0.16896,0.169,0.16892,0.169,545.0,920.7835
1784586960000,0.16902,0.16917,0.16901,0.16916,678.0,1146.4835
1784587020000,0.16908,0.16917,0.16906,0.16916,883.0,1493.1749
1784587080000,0.16912,0.16914,0.16907,0.16908,505.0,853.9497
1784587140000,0.16908,0.16913,0.16891,0.16891,6884.0,11631.72
1784587200000,0.16891,0.16892,0.16879,0.1688,619.0,1045.163
1784587260000,0.1688,0.16899,0.1688,0.16896,3805.0,6425.1678
1784587320000,0.16898,0.16899,0.16892,0.16898,671.0,1133.7031
1784587380000,0.16897,0.16902,0.16897,0.169,5236.0,8849.3048
1784587440000,0.16899,0.16905,0.16895,0.16905,2970.0,5019.627
1784587500000,0.1691,0.16918,0.1691,0.16912,305.0,515.9195
1784587560000,0.16919,0.16919,0.16908,0.16908,1075.0,1818.1584
1784587620000,0.16907,0.16915,0.16897,0.16898,2742.0,4634.5367
1784587680000,0.16898,0.16899,0.16896,0.16896,680.0,1149.0716
1784587740000,0.16896,0.16897,0.16895,0.16897,428.0,723.1527
1784587800000,0.16896,0.16898,0.16885,0.16896,611.0,1032.1884
1784587860000,0.16896,0.16906,0.16896,0.16903,615.0,1039.5832
1784587920000,0.16906,0.16912,0.16905,0.16907,904.0,1528.4961
1784587980000,0.16907,0.16908,0.16897,0.16907,4525.0,7649.0277
1784588040000,0.16907,0.16909,0.16906,0.16907,472.0,798.0262
1784588100000,0.16907,0.16908,0.16905,0.16905,362.0,611.9879
1784588160000,0.16907,0.16909,0.16906,0.16908,738.0,1247.7833
1784588220000,0.16907,0.16908,0.16898,0.16898,2702.0,4566.976
1784588280000,0.16899,0.16899,0.16899,0.16899,132.0,223.0668
1784588340000,0.169,0.16908,0.169,0.16907,542.0,916.3064
1784588400000,0.16906,0.16908,0.16905,0.16907,583.0,985.7016
1784588460000,0.16906,0.16937,0.16906,0.16935,5896.0,9977.7742
1784588520000,0.16932,0.16951,0.16921,0.16947,5300.0,8975.3373
1784588580000,0.16946,0.16951,0.16925,0.16927,8203.0,13896.0174
1784588640000,0.16928,0.16939,0.16928,0.16938,1584.0,2682.5717
1784588700000,0.1694,0.16961,0.16937,0.16958,2958.0,5012.3604
1784588760000,0.16957,0.16969,0.16953,0.16969,832.0,1411.2423
1784588820000,0.1697,0.16991,0.1697,0.1698,2092.0,3553.2997
1784588880000,0.16981,0.17009,0.16981,0.17009,8008.0,13612.8473
1784588940000,0.17008,0.17011,0.17008,0.17009,1107.0,1882.9586
1784589000000,0.1701,0.17014,0.16986,0.16986,4399.0,7479.0991
1784589060000,0.16986,0.16987,0.16981,0.16987,1372.0,2330.4044
1784589120000,0.16977,0.16979,0.16967,0.1697,622.0,1055.8616
1784589180000,0.16965,0.16968,0.16956,0.16966,6010.0,10193.7023
1784589240000,0.16962,0.16967,0.16962,0.16967,703.0,1192.6503
1784589300000,0.16966,0.16993,0.16966,0.16993,2533.0,4298.5512
1784589360000,0.16982,0.16994,0.1698,0.16994,162.0,275.154
1784589420000,0.16996,0.16999,0.16995,0.16997,1325.0,2251.9461
1784589480000,0.17005,0.17014,0.17004,0.17006,673.0,1144.6912
1784589540000,0.17012,0.17012,0.17008,0.17009,600.0,1020.5926
1784589600000,0.17006,0.17007,0.16998,0.16999,766.0,1302.3441
1784589660000,0.16998,0.17002,0.16988,0.16988,687.0,1167.4794
1784589720000,0.16993,0.17015,0.16993,0.17013,649.0,1103.7567
1784589780000,0.17012,0.17024,0.17012,0.17024,833.0,1417.5075
1784589840000,0.17024,0.17034,0.17022,0.17025,938.0,1597.2943
1784589900000,0.17027,0.17042,0.17027,0.17039,932.0,1587.9123
1784589960000,0.1704,0.17046,0.17024,0.17044,5661.0,9641.8545
1784590020000,0.17047,0.17079,0.17047,0.17079,3794.0,6474.7587
1784590080000,0.17078,0.17087,0.17072,0.17086,731.0,1248.3138
1784590140000,0.17088,0.17103,0.17088,0.17101,996.0,1702.9052
1784590200000,0.17102,0.17108,0.17085,0.17088,7058.0,12061.182
1784590260000,0.17088,0.17093,0.17082,0.17093,1312.0,2242.0645
1784590320000,0.17092,0.17099,0.1709,0.17097,676.0,1155.547
1784590380000,0.17101,0.17101,0.17072,0.17082,1635.0,2793.135
1784590440000,0.1708,0.17082,0.1705,0.1705,4539.0,7750.232
1784590500000,0.17047,0.17058,0.17047,0.17056,2747.0,4684.6096
1784590560000,0.17056,0.17058,0.17046,0.17046,732.0,1248.2795
1784590620000,0.17046,0.17051,0.17045,0.17045,587.0,1000.6903
1784590680000,0.17042,0.17057,0.1704,0.17057,516.0,879.5735
1784590740000,0.17055,0.17055,0.17055,0.17055,178.0,303.579
1784590800000,0.17051,0.17063,0.17043,0.17063,686.0,1169.8126
1784590860000,0.17056,0.17057,0.17055,0.17056,539.0,919.3327
1784590920000,0.17059,0.17065,0.17059,0.17064,511.0,871.9548
1784590980000,0.17058,0.17062,0.17057,0.17062,128.0,218.3545
1784591040000,0.17071,0.17073,0.17066,0.1707,129.0,220.1928
1784591100000,0.17075,0.1708,0.17065,0.17069,607.0,1036.2006
1784591160000,0.17071,0.17072,0.17043,0.17043,563.0,960.2028
1784591220000,0.17043,0.17061,0.1703,0.17044,14572.0,24834.263
1784591280000,0.17044,0.17044,0.1702,0.17025,2318.0,3945.9901
1784591340000,0.17024,0.17027,0.17023,0.17025,3473.0,5912.5102
1784591400000,0.17025,0.17025,0.16998,0.16998,19244.0,32743.2418
1784591460000,0.16998,0.16998,0.16985,0.16985,937.0,1592.6012
1784591520000,0.16979,0.16981,0.16977,0.1698,899.0,1526.4434
1784591580000,0.1698,0.1698,0.16976,0.16977,339.0,575.5786
1784591640000,0.16978,0.16983,0.16966,0.16983,7624.0,12942.444
1784591700000,0.16981,0.16981,0.16962,0.16979,1346.0,2284.6659
1784591760000,0.16977,0.16991,0.16977,0.16983,830.0,1409.7869
1784591820000,0.16983,0.16983,0.16979,0.16981,352.0,597.7192
1784591880000,0.1698,0.16987,0.16979,0.1698,367.0,623.214
1784591940000,0.16977,0.16977,0.16962,0.16974,2207.0,3744.7944
1784592000000,0.16961,0.1698,0.16941,0.1697,1334.0,2262.133
1784592060000,0.16975,0.16991,0.1696,0.16964,5295.0,8992.2751
1784592120000,0.1697,0.16978,0.16966,0.16977,5489.0,9313.1002
1784592180000,0.16978,0.17,0.16977,0.16985,945.0,1605.1886
1784592240000,0.16984,0.17002,0.16981,0.17002,1518.0,2579.1372
1784592300000,0.17006,0.17013,0.16986,0.16987,742.0,1260.7511
1784592360000,0.16986,0.17001,0.16985,0.16988,596.0,1012.6645
1784592420000,0.16988,0.16989,0.16973,0.16973,4423.0,7508.3727
1784592480000,0.1697,0.16982,0.1697,0.16978,3732.0,6336.3198
1784592540000,0.16987,0.17006,0.16987,0.17002,465.0,790.4026
1784592600000,0.16999,0.16999,0.16993,0.16996,523.0,888.8183
1784592660000,0.16998,0.17007,0.16995,0.17005,552.0,938.5456
1784592720000,0.17005,0.17021,0.17,0.17018,8420.0,14323.2631
1784592780000,0.17019,0.1705,0.17018,0.17045,3315.0,5647.0157
1784592840000,0.17042,0.17044,0.16994,0.16996,1109.0,1887.1537
1784592900000,0.17,0.17,0.16979,0.16979,2978.0,5058.2126
1784592960000,0.16982,0.17007,0.16982,0.16998,1404.0,2385.8081
1784593020000,0.17001,0.17001,0.1699,0.16999,1069.0,1816.9006
1784593080000,0.17006,0.17006,0.16992,0.17,877.0,1490.7379
1784593140000,0.17006,0.17048,0.17006,0.17048,717.0,1220.8028
1784593200000,0.17045,0.17049,0.17039,0.17043,1319.0,2248.0695
1784593260000,0.17037,0.1705,0.17037,0.17045,801.0,1365.274
1784593320000,0.17039,0.17042,0.17035,0.17036,86566.0,147508.5549
1784593380000,0.17035,0.17036,0.17023,0.1703,4254.0,7244.5533
1784593440000,0.17028,0.17069,0.17028,0.17064,17007.0,28999.7127
1784593500000,0.17062,0.17069,0.17056,0.17058,38537.0,65754.7751
1784593560000,0.17053,0.17057,0.17043,0.17052,5049.0,8606.3056
1784593620000,0.17052,0.1709,0.17051,0.1709,1075.0,1834.6962
1784593680000,0.17092,0.17092,0.17058,0.17069,24503.0,41813.8786
1784593740000,0.17069,0.17069,0.17065,0.17065,11204.0,19122.4444
1784611620000,0.17631,0.17653,0.1762,0.1762,3903.0
1784611680000,0.17621,0.17633,0.1762,0.17621,1604.0
1784611740000,0.17622,0.1765,0.17617,0.17645,5441.0,9597.8367
1784611800000,0.17649,0.17667,0.17633,0.17643,4620.0,8152.425
1784611860000,0.17642,0.17644,0.17615,0.17618,1456.0,2566.6686
1784611920000,0.17622,0.17624,0.17611,0.17613,715.0,1259.6407
1784611980000,0.17615,0.17717,0.17615,0.17698,24877.0,43970.0651
1784612040000,0.17698,0.17702,0.17679,0.17695,7278.0,12874.3235
1784612100000,0.17698,0.17749,0.17694,0.17727,13439.0,23821.8109
1784612160000,0.17733,0.17747,0.17701,0.17746,16474.0,29200.7575
1784612220000,0.17747,0.17753,0.17708,0.17709,1208.0,2141.8374
1784612280000,0.1771,0.17717,0.17652,0.17663,5383.0,9519.9974
1784612340000,0.17662,0.17666,0.17598,0.1763,21853.0,38487.1848
1784612400000,0.17632,0.17683,0.17632,0.17678,5845.0,10326.6748
1784612460000,0.17676,0.17682,0.1763,0.17643,6948.0,12254.5793
1784612520000,0.17644,0.17649,0.17631,0.17631,1194.0,2105.713
1784612580000,0.17634,0.17648,0.17608,0.1761,1348.0,2376.3424
1784612640000,0.17612,0.1764,0.1761,0.17637,1336.0,2355.3088
1784612700000,0.17637,0.17639,0.17599,0.17611,6452.0,11368.1799
1784612760000,0.1761,0.17641,0.17609,0.17641,2535.0,4465.84
1784612820000,0.17641,0.17642,0.17602,0.17612,8202.0,14449.6179
1784612880000,0.17609,0.1765,0.17603,0.17645,2074.0,3655.5965
1784612940000,0.17624,0.17663,0.17624,0.1766,779.0,1373.7734
1784613000000,0.17657,0.17666,0.17653,0.17653,1045.0,1845.1681
1784613060000,0.17653,0.17654,0.17635,0.17642,4163.0,7345.2126
1784613120000,0.17648,0.17657,0.1764,0.1764,10817.0,19082.0482
1784613180000,0.17646,0.17649,0.17627,0.17649,3079.0,5430.184
1784613240000,0.17651,0.17656,0.17631,0.17631,1192.0,2103.5031
1784613300000,0.17631,0.17631,0.1761,0.1761,1964.0,3460.151
1784613360000,0.17616,0.1762,0.17603,0.17616,1860.0,3275.8617
1784613420000,0.17615,0.17634,0.17609,0.17617,6720.0,11839.755
1784613480000,0.17609,0.17609,0.17559,0.17563,8989.0,15811.0842
1784613540000,0.17563,0.17574,0.17544,0.17562,3051.0,5356.5166
1784613600000,0.1756,0.17584,0.1756,0.17584,13266.0,23317.6379
1784613660000,0.17577,0.17636,0.1757,0.17635,12161.0,21392.9728
1784613720000,0.17633,0.17633,0.1761,0.17618,735.0,1295.3308
1784613780000,0.17622,0.17633,0.17615,0.17632,604.0,1064.439
1784613840000,0.17631,0.17631,0.17628,0.17631,711.0,1253.4619
1784613900000,0.1763,0.17634,0.17592,0.17592,1439.0,2535.7182
1784613960000,0.17591,0.17591,0.17583,0.17589,547.0,962.1401
1784614020000,0.17585,0.17585,0.17553,0.17554,6747.0,11845.0661
1784614080000,0.17554,0.17575,0.17553,0.17575,7312.0,12847.4516
1784614140000,0.17574,0.17578,0.17572,0.17577,2347.0,4124.4145
1784614200000,0.17576,0.17588,0.17553,0.17588,2327.0,4087.3272
1784614260000,0.17589,0.17589,0.17567,0.17568,2424.0,4259.6832
1784614320000,0.17569,0.17596,0.17558,0.17594,3763.0,6608.5121
1784614380000,0.17591,0.17591,0.1757,0.1757,5323.0,9355.4505
1784614440000,0.1757,0.17572,0.17568,0.17572,280.0,491.9517
1784614500000,0.17574,0.17576,0.17555,0.17566,14423.0,25334.4758
1784614560000,0.17565,0.17608,0.17556,0.17594,6696.0,11768.6811
1784614620000,0.17596,0.17596,0.17586,0.17587,1436.0,2525.6597
1784614680000,0.17587,0.17618,0.17576,0.17579,13817.0,24297.4391
1784614740000,0.17588,0.17589,0.17548,0.17551,10929.0,19187.0409
1784614800000,0.17555,0.17564,0.17545,0.1756,3157.0,5542.9543
1784614860000,0.17555,0.17563,0.17551,0.17551,559.0,981.4123
1784614920000,0.17553,0.17618,0.17553,0.17612,12122.0,21320.4874
1784614980000,0.1761,0.17618,0.1759,0.17616,7574.0,13333.8025
1784615040000,0.17617,0.17651,0.17616,0.17647,10187.0,17967.0254
1784615100000,0.17647,0.17657,0.17633,0.17633,774.0,1365.6399
1784615160000,0.17624,0.17624,0.17614,0.17615,1579.0,2781.9947
1784615220000,0.1761,0.17626,0.17593,0.17626,2921.0,5142.4678
1784615280000,0.17626,0.17634,0.17623,0.17626,2203.0,3883.8888
1784615340000,0.17621,0.17659,0.17621,0.17633,1496.0,2640.111
1784615400000,0.17628,0.17635,0.17598,0.17616,1497.0,2638.0074
1784615460000,0.17609,0.17719,0.17609,0.17705,15549.0,27514.241
1784615520000,0.177,0.177,0.17644,0.17662,47631.0,84177.0266
1784615580000,0.17663,0.17666,0.17651,0.17664,1272.0,2245.7642
1784615640000,0.17665,0.17683,0.17665,0.17682,1274.0,2252.2877
1784615700000,0.1768,0.17692,0.17652,0.17671,8379.0,14803.1502
1784615760000,0.17667,0.17687,0.17667,0.17687,491.0,867.832
1784615820000,0.17683,0.17744,0.17679,0.17707,8550.0,15146.7112
1784615880000,0.17704,0.17704,0.17658,0.17677,1717.0,3035.0438
1784615940000,0.17672,0.17682,0.17653,0.17655,9810.0,17337.4304
1784616000000,0.17653,0.17656,0.17615,0.17627,5022.0,8849.5127
1784616060000,0.17624,0.17643,0.17616,0.17625,6643.0,11708.3065
1784616120000,0.17627,0.17642,0.17622,0.17622,1908.0,3364.5214
1784616180000,0.17621,0.17634,0.17615,0.1763,2958.0,5213.2099
1784616240000,0.17627,0.17637,0.17627,0.17636,1646.0,2902.2334
1784616300000,0.17637,0.17642,0.17596,0.17598,8161.0,14382.0901
1784616360000,0.17597,0.17609,0.17575,0.17609,1271.0,2235.6875
1784616420000,0.17607,0.17621,0.17603,0.17621,1786.0,3145.4755
1784616480000,0.1762,0.1762,0.17593,0.17595,4997.0,8799.0082
1784616540000,0.17592,0.17637,0.17586,0.17627,4208.0,7417.656
1784616600000,0.17625,0.17633,0.17616,0.17617,4988.0,8792.1956
1784616660000,0.17614,0.1762,0.17609,0.1762,3413.0,6012.0974
1784616720000,0.17622,0.17637,0.17617,0.17635,1274.0,2246.014
1784616780000,0.17636,0.17646,0.1763,0.17639,6362.0,11218.9806
1784616840000,0.17643,0.17649,0.17643,0.17647,1658.0,2925.7734
1784616900000,0.17644,0.17651,0.17635,0.17651,6742.0,11891.1228
1784616960000,0.17649,0.17649,0.17617,0.17623,2198.0,3876.9956
1784617020000,0.17624,0.1764,0.17623,0.17626,13152.0,23190.2683
1784617080000,0.17625,0.17626,0.17611,0.17611,747.0,1316.2052
1784617140000,0.17611,0.17632,0.17607,0.17614,4451.0,7845.1217
1784617200000,0.17616,0.17629,0.17611,0.17611,3317.0,5843.4112
1784617260000,0.17613,0.17655,0.17613,0.17647,414.0,729.9846
1784617320000,0.17647,0.17656,0.17632,0.17655,5775.0,10185.1719
1784617380000,0.17654,0.17655,0.17642,0.17643,5029.0,8875.124
1784617440000,0.17647,0.17666,0.17629,0.17637,7235.0,12768.7111
1784617500000,0.17636,0.17642,0.17633,0.17633,559.0,985.8869
1784617560000,0.17634,0.17636,0.17616,0.17617,3935.0,6934.1155
1784617620000,0.17618,0.17618,0.1758,0.17584,2967.0,5221.3236
1784617680000,0.17584,0.17602,0.17584,0.176,1729.0,3042.6637
1784617740000,0.17599,0.17606,0.17599,0.17603,519.0,913.6631
1784617800000,0.17602,0.17602,0.17577,0.17577,546.0,960.7081
1784617860000,0.1758,0.176,0.1758,0.176,534.0,939.274
1784617920000,0.17598,0.17598,0.17589,0.1759,1237.0,2176.2255
1784617980000,0.17587,0.17589,0.17565,0.17585,6482.0,11393.463
1784618040000,0.17586,0.17607,0.17579,0.17607,2920.0,5135.6021
1784618100000,0.17607,0.17607,0.17568,0.17571,897.0,1577.7563
1784618160000,0.17567,0.17571,0.17543,0.17543,10620.0,18647.9038
1784618220000,0.17542,0.17548,0.1754,0.1754,505.0,885.91
1784618280000,0.17537,0.17561,0.17537,0.17551,10907.0,19140.1809
1784618340000,0.17552,0.17553,0.17546,0.17549,527.0,924.9013
1784618400000,0.17547,0.1755,0.1753,0.17536,763.0,1338.2278
1784618460000,0.17538,0.1754,0.17529,0.17535,1141.0,2000.8624
1784618520000,0.17539,0.17549,0.17503,0.17529,29006.0,50842.7247
1784618580000,0.17528,0.17532,0.17518,0.17525,7824.0,13709.7053
1784618640000,0.17516,0.17519,0.17511,0.17517,517.0,905.4342
1784618700000,0.17515,0.17515,0.175,0.17502,3457.0,6051.3067
1784618760000,0.17498,0.17498,0.17491,0.17498,931.0,1628.7859
1784618820000,0.17492,0.17496,0.17488,0.17496,2179.0,3812.0573
1784618880000,0.17499,0.17505,0.17494,0.17503,2895.0,5066.4536
1784618940000,0.17501,0.1751,0.17487,0.17491,770.0,1347.1746
1784619000000,0.17495,0.17503,0.17483,0.17495,933.0,1631.9599
1784619060000,0.17497,0.17506,0.17496,0.17506,2129.0,3726.6036
1784619120000,0.175,0.1751,0.17496,0.1751,924.0,1617.1701
1784619180000,0.17509,0.1752,0.17509,0.17516,1072.0,1877.6093
1784619240000,0.17511,0.17516,0.17511,0.17516,753.0,1318.6194
1784619300000,0.17516,0.17527,0.17505,0.17508,1764.0,3090.5004
1784619360000,0.17511,0.17515,0.17511,0.17515,47.0,82.3173
1784619420000,0.17516,0.17529,0.17511,0.17528,6435.0,11272.2454
1784619480000,0.17529,0.17529,0.17509,0.17513,9208.0,16127.305
1784619540000,0.17511,0.17514,0.17509,0.17514,319.0,558.6086
1784619600000,0.17512,0.17532,0.17512,0.17526,10383.0,18198.2636
1784619660000,0.1753,0.17532,0.17526,0.17531,5156.0,9038.5291
1784619720000,0.17532,0.17585,0.17532,0.17581,13646.0,23941.6536
1784619780000,0.1758,0.17587,0.17524,0.17524,57517.0,100917.2099
1784619840000,0.17523,0.17523,0.17513,0.17522,452.0,791.8567
1784619900000,0.17512,0.17541,0.17512,0.17527,11487.0,20138.5641
1784619960000,0.17527,0.17552,0.17527,0.17548,3396.0,5956.4787
1784620020000,0.17537,0.17564,0.17537,0.17558,1199.0,2104.7586
1784620080000,0.1756,0.1756,0.17545,0.17546,2092.0,3671.3268
1784620140000,0.17546,0.17597,0.17545,0.17589,4880.0,8580.1391
1784620200000,0.17565,0.1758,0.17565,0.17577,3510.0,6169.076
1784620260000,0.17573,0.17577,0.17568,0.1757,662.0,1163.2046
1784620320000,0.17569,0.17578,0.17569,0.17576,638.0,1121.2301
1784620380000,0.17576,0.17579,0.17568,0.1757,1953.0,3432.0801
1784620440000,0.17568,0.17601,0.17563,0.17587,13527.0,23776.137
1784620500000,0.17583,0.17608,0.17583,0.17608,549.0,966.1783
1784620560000,0.17607,0.17626,0.17606,0.17626,2377.0,4186.8747
1784620620000,0.17629,0.17641,0.17619,0.17619,1005.0,1771.8467
1784620680000,0.17619,0.17629,0.17613,0.17629,2237.0,3941.7748
1784620740000,0.17628,0.1764,0.17628,0.17639,1087.0,1917.1174
1784620800000,0.17638,0.17648,0.17628,0.17637,6516.0,11489.2814
1784620860000,0.17629,0.17629,0.17573,0.17583,4812.0,8462.7948
1784620920000,0.17589,0.17604,0.17587,0.17597,1490.0,2621.8065
1784620980000,0.17597,0.17617,0.17594,0.17598,876.0,1542.0358
1784621040000,0.17598,0.17608,0.17594,0.17607,2441.0,4295.6289
1784621100000,0.17606,0.17615,0.17601,0.17605,4596.0,8092.7964
1784621160000,0.17602,0.17602,0.17584,0.17587,2771.0,4874.7955
1784621220000,0.17587,0.17587,0.17584,0.17586,800.0,1406.8669
1784621280000,0.17585,0.17587,0.17585,0.17587,297.0,522.3271
1784621340000,0.17587,0.17587,0.17545,0.17545,6326.0,11108.492
1784621400000,0.17545,0.17557,0.17537,0.17557,5797.0,10169.1798
1784621460000,0.17559,0.17561,0.17549,0.17561,1491.0,2617.6667
1784621520000,0.17564,0.17565,0.17555,0.17559,900.0,1580.5802
1784621580000,0.1756,0.17563,0.17558,0.17562,712.0,1250.3414
1784621640000,0.17563,0.17577,0.17556,0.17568,2312.0,4061.1372
1784621700000,0.17557,0.17557,0.17548,0.17549,404.0,709.0192
1784621760000,0.1755,0.17554,0.17546,0.17549,1615.0,2834.1689
1784621820000,0.17544,0.17544,0.17527,0.17529,886.0,1553.4813
1784621880000,0.17527,0.17527,0.17513,0.17521,1300.0,2277.5937
1784621940000,0.17522,0.17537,0.17518,0.17537,2943.0,5157.9262
1784622000000,0.17537,0.17552,0.17537,0.17548,1195.0,2096.5997
1784622060000,0.1755,0.17555,0.17538,0.17538,1612.0,2828.9032
1784622120000,0.17534,0.17536,0.17513,0.17518,1534.0,2688.5334
1784622180000,0.17519,0.17543,0.17517,0.17542,2031.0,3560.8097
1784622240000,0.17546,0.17567,0.17518,0.17518,7019.0,12323.6222
1784622300000,0.17522,0.17522,0.17512,0.17518,1838.0,3219.8272
1784622360000,0.17518,0.1753,0.17513,0.17514,6868.0,12029.0732
1784622420000,0.17512,0.17512,0.1749,0.1749,1359.0,2378.8017
1784622480000,0.17496,0.175,0.17486,0.1749,991.0,1733.5606
1784622540000,0.17489,0.1751,0.1748,0.17509,1053.0,1842.3537
1784622600000,0.17516,0.17516,0.17499,0.1751,674.0,1179.8776
1784622660000,0.17509,0.17511,0.17499,0.17499,639.0,1118.5419
1784622720000,0.17497,0.17516,0.17497,0.17516,20836.0,36461.4097
1784622780000,0.17518,0.17518,0.1751,0.17513,784.0,1373.1225
1784622840000,0.17512,0.17513,0.17505,0.17508,1578.0,2762.8125
1784622900000,0.17507,0.17514,0.17501,0.17509,990.0,1733.2624
1784622960000,0.17509,0.17509,0.17501,0.17507,1216.0,2128.8203
1784623020000,0.17508,0.17517,0.17503,0.1751,3700.0,6480.3117
1784623080000,0.17509,0.17516,0.17507,0.17508,838.0,1467.4254
1784623140000,0.17511,0.17519,0.1751,0.17516,690.0,1208.5082
1784623200000,0.17516,0.17516,0.17503,0.17506,566.0,990.929
1784623260000,0.17505,0.17521,0.17504,0.17506,5699.0,9981.2568
1784623320000,0.17506,0.17508,0.17498,0.17507,2773.0,4853.7413
1784623380000,0.17506,0.1751,0.17497,0.17507,871.0,1524.5688
1784623440000,0.17508,0.17514,0.17504,0.17511,614.0,1075.1101
1784623500000,0.17511,0.17511,0.17504,0.17508,1062.0,1859.3792
1784623560000,0.17508,0.17523,0.17505,0.17518,1315.0,2303.2806
1784623620000,0.17515,0.17515,0.17509,0.17511,954.0,1670.7287
1784623680000,0.17509,0.17511,0.175,0.175,1028.0,1799.2915
1784641620000,0.17515,0.17521,0.17508,0.17519,609.0
1784641680000,0.17517,0.17539,0.17515,0.17539,2833.0
1784641740000,0.17539,0.17575,0.17535,0.17575,1693.0,2971.4246
1784641800000,0.17575,0.17576,0.17557,0.17564,1410.0,2476.3069
1784641860000,0.17561,0.17587,0.17557,0.17557,1523.0,2676.3236
1784641920000,0.17559,0.17568,0.17548,0.17568,764.0,1341.5272
1784641980000,0.17564,0.1758,0.17564,0.17579,924.0,1623.9852
1784642040000,0.1758,0.17586,0.17574,0.17582,1105.0,1942.5553
1784642100000,0.1758,0.17587,0.17562,0.17568,3879.0,6818.4217
1784642160000,0.17571,0.17572,0.17546,0.17568,684.0,1200.9027
1784642220000,0.17562,0.17563,0.17547,0.17556,5794.0,10169.0282
1784642280000,0.17554,0.17565,0.17554,0.17555,1291.0,2267.0584
1784642340000,0.17556,0.17569,0.17553,0.17569,4928.0,8655.2493
1784642400000,0.17568,0.17571,0.17518,0.17519,3701.0,6491.4832
1784642460000,0.17516,0.17525,0.17507,0.17516,882.0,1544.9755
1784642520000,0.17521,0.17532,0.17519,0.17532,1071.0,1876.8018
1784642580000,0.1753,0.17534,0.1751,0.17528,2773.0,4857.8528
1784642640000,0.17532,0.17538,0.17518,0.17519,2294.0,4021.4869
1784642700000,0.17518,0.17525,0.17514,0.17523,2167.0,3796.2569
1784642760000,0.17526,0.17567,0.17523,0.1756,3748.0,6574.0094
1784642820000,0.17554,0.17558,0.17543,0.17543,1519.0,2665.6807
1784642880000,0.17541,0.17552,0.17535,0.17549,1072.0,1881.0202
1784642940000,0.17549,0.17549,0.17544,0.17545,840.0,1473.9387
1784643000000,0.17547,0.17578,0.17547,0.17576,1917.0,3367.3579
1784643060000,0.17577,0.17578,0.17567,0.17576,1812.0,3184.5365
1784643120000,0.17572,0.17579,0.17562,0.17564,7648.0,13432.9399
1784643180000,0.1757,0.17591,0.1757,0.17591,11180.0,19654.7347
1784643240000,0.17588,0.17611,0.17588,0.17602,1548.0,2724.8564
1784643300000,0.17601,0.17603,0.17569,0.17579,2429.0,4272.8711
1784643360000,0.17577,0.17577,0.17554,0.17568,1012.0,1777.4697
1784643420000,0.17567,0.17608,0.17565,0.17597,10433.0,18353.7478
1784643480000,0.17596,0.17607,0.17588,0.17601,1530.0,2692.2032
1784643540000,0.176,0.17605,0.1758,0.17585,3712.0,6529.3686
1784643600000,0.17584,0.17584,0.17568,0.17568,850.0,1494.1426
1784643660000,0.17564,0.17568,0.17533,0.17533,9206.0,16160.5278
1784643720000,0.17531,0.17537,0.175,0.175,2822.0,4943.377
1784643780000,0.17498,0.1754,0.17498,0.17537,2311.0,4047.483
1784643840000,0.17537,0.17539,0.17515,0.17515,837.0,1467.0952
1784643900000,0.17507,0.17526,0.17504,0.17504,727.0,1273.1299
1784643960000,0.17503,0.17507,0.17483,0.17493,1397.0,2443.7394
1784644020000,0.17493,0.17505,0.17493,0.17496,1380.0,2414.6457
1784644080000,0.17494,0.17497,0.17484,0.17484,900.0,1574.2755
1784644140000,0.17483,0.17484,0.17474,0.17475,870.0,1520.7256
1784644200000,0.17474,0.17488,0.17471,0.17488,1256.0,2195.2147
1784644260000,0.17492,0.17513,0.17484,0.17513,7235.0,12655.9516
1784644320000,0.17511,0.17516,0.17498,0.17512,3106.0,5436.2588
1784644380000,0.17512,0.17541,0.17512,0.17536,3194.0,5601.1864
1784644440000,0.17533,0.17567,0.17533,0.17538,13486.0,23663.1
1784644500000,0.17535,0.17564,0.17534,0.17548,1031.0,1809.3334
1784644560000,0.17548,0.17568,0.17548,0.17567,2138.0,3753.7378
1784644620000,0.17568,0.17591,0.17568,0.17587,1488.0,2616.0081
1784644680000,0.17587,0.17591,0.1758,0.17582,1214.0,2134.6675
1784644740000,0.17582,0.17585,0.17577,0.17577,701.0,1232.4994
1784644800000,0.17573,0.17582,0.17571,0.17575,1015.0,1783.7545
1784644860000,0.1757,0.17571,0.17557,0.17567,849.0,1491.2331
1784644920000,0.17564,0.176,0.17564,0.176,2483.0,4365.3848
1784644980000,0.17601,0.17627,0.17601,0.17623,1675.0,2949.2244
1784645040000,0.17623,0.17644,0.17623,0.17642,1009.0,1779.0521
1784645100000,0.17645,0.17667,0.17638,0.17654,7348.0,12973.9909
1784645160000,0.17655,0.17666,0.17651,0.1766,3444.0,6081.5639
1784645220000,0.17657,0.17675,0.17655,0.17674,7510.0,13260.5077
1784645280000,0.17674,0.17684,0.1762,0.1762,7078.0,12501.0381
1784645340000,0.17621,0.17626,0.17613,0.17621,1918.0,3379.4679
1784645400000,0.17613,0.17635,0.17564,0.17574,40636.0,71533.3088
1784645460000,0.1758,0.17605,0.17574,0.17597,2631.0,4626.9077
1784645520000,0.17597,0.17606,0.17597,0.17604,863.0,1519.1981
1784645580000,0.17609,0.17626,0.17605,0.17606,1221.0,2150.6885
1784645640000,0.17606,0.17608,0.17585,0.17592,1074.0,1889.7585
1784645700000,0.17593,0.17595,0.1758,0.17581,4569.0,8035.0744
1784645760000,0.17581,0.17582,0.17532,0.17532,2469.0,4332.9773
1784645820000,0.17536,0.17554,0.17534,0.17551,11623.0,20387.1226
1784645880000,0.17553,0.17575,0.17553,0.17572,2601.0,4568.6504
1784645940000,0.17571,0.17571,0.1756,0.17563,966.0,1696.659
1784646000000,0.17565,0.17567,0.17545,0.17545,2715.0,4767.3097
1784646060000,0.17541,0.17564,0.17515,0.17516,8013.0,14066.5756
1784646120000,0.17515,0.17524,0.17506,0.17514,3102.0,5433.004
1784646180000,0.17514,0.17562,0.17514,0.17556,1076.0,1887.3121
1784646240000,0.17552,0.17552,0.17524,0.17526,1375.0,2410.432
1784646300000,0.17528,0.17528,0.17524,0.17525,630.0,1104.1307
1784646360000,0.17529,0.17553,0.17529,0.17553,415.0,727.9057
1784646420000,0.17555,0.17559,0.17546,0.17546,958.0,1681.7822
1784646480000,0.17546,0.17573,0.17546,0.17557,10316.0,18112.5937
1784646540000,0.1756,0.17588,0.17554,0.17564,2980.0,5235.6988
1784646600000,0.17561,0.1757,0.17542,0.17543,3203.0,5621.4436
1784646660000,0.17542,0.17547,0.1754,0.17545,1452.0,2547.0892
1784646720000,0.17543,0.1755,0.17541,0.1755,523.0,917.6688
1784646780000,0.1755,0.17556,0.17549,0.17556,871.0,1528.7925
1784646840000,0.1755,0.17555,0.17543,0.17543,1343.0,2356.8476
1784646900000,0.17544,0.17547,0.17542,0.17547,937.0,1643.8535
1784646960000,0.17548,0.17563,0.17548,0.17563,2102.0,3690.1136
1784647020000,0.17564,0.17589,0.17564,0.17589,850.0,1494.3731
1784647080000,0.1759,0.17596,0.17584,0.17587,726.0,1277.0658
1784647140000,0.17591,0.17591,0.17582,0.17584,146.0,256.7655
1784647200000,0.17585,0.17585,0.17565,0.17573,470.0,825.9328
1784647260000,0.17571,0.17587,0.1756,0.17575,2706.0,4753.9716
1784647320000,0.17586,0.17607,0.17585,0.17597,2134.0,3754.0448
1784647380000,0.17596,0.17598,0.17575,0.17575,1745.0,3068.1562
1784647440000,0.17574,0.17584,0.17571,0.1758,5258.0,9241.7186
1784647500000,0.17581,0.17581,0.17573,0.17573,1645.0,2891.2751
1784647560000,0.17571,0.17571,0.17555,0.17556,3217.0,5650.4129
1784647620000,0.17557,0.17558,0.17547,0.17558,10140.0,17799.2228
1784647680000,0.17558,0.1756,0.17555,0.17557,523.0,918.223
1784647740000,0.1755,0.1755,0.17515,0.17527,3571.0,6258.0473
1784647800000,0.17526,0.17526,0.17508,0.17509,1992.0,3488.1072
1784647860000,0.17508,0.17525,0.17505,0.17507,3864.0,6770.3537
1784647920000,0.17512,0.17512,0.17486,0.17486,6438.0,11266.0875
1784647980000,0.17489,0.17495,0.17469,0.17489,2082.0,3639.4999
1784648040000,0.17489,0.1751,0.17488,0.17506,1360.0,2380.0225
1784648100000,0.17507,0.17519,0.17507,0.17519,1314.0,2301.3405
1784648160000,0.17515,0.1752,0.17513,0.17516,720.0,1261.144
1784648220000,0.17518,0.17533,0.17518,0.17533,495.0,867.5388
1784648280000,0.1753,0.17532,0.1753,0.17532,78.0,136.7418
1784648340000,0.17534,0.17538,0.17522,0.17538,680.0,1192.0455
1784648400000,0.17535,0.17535,0.17502,0.17503,703.0,1231.4571
1784648460000,0.17502,0.17514,0.17502,0.17502,7229.0,12657.3808
1784648520000,0.17502,0.17502,0.17487,0.1749,863.0,1509.7638
1784648580000,0.17491,0.17493,0.17476,0.17481,909.0,1589.1709
1784648640000,0.17476,0.17481,0.17462,0.17463,1515.0,2647.1251
1784648700000,0.17464,0.17465,0.17454,0.17454,990.0,1728.3243
1784648760000,0.17455,0.17461,0.17455,0.17458,829.0,1447.2908
1784648820000,0.17456,0.17459,0.17448,0.17458,939.0,1639.0731
1784648880000,0.17455,0.17464,0.17455,0.17455,806.0,1407.1667
1784648940000,0.17456,0.1747,0.17456,0.1747,1102.0,1924.5773
1784649000000,0.1747,0.17491,0.1747,0.17484,1439.0,2515.4466
1784649060000,0.17488,0.1749,0.17479,0.17485,1595.0,2788.6889
1784649120000,0.17484,0.17486,0.17484,0.17486,124.0,216.8166
1784649180000,0.17486,0.17487,0.17475,0.17475,3141.0,5489.9202
1784649240000,0.17476,0.17489,0.17476,0.17487,1692.0,2958.0721
1784649300000,0.17486,0.17494,0.17475,0.17475,984.0,1720.6419
1784649360000,0.17475,0.17493,0.17475,0.17493,1058.0,1849.73
1784649420000,0.17494,0.17502,0.17494,0.17495,786.0,1375.2557
1784649480000,0.17496,0.17499,0.17493,0.17499,835.0,1460.9053
1784649540000,0.17499,0.17512,0.17497,0.175,2025.0,3544.7146
1784649600000,0.17502,0.1751,0.17494,0.17499,1737.0,3040.037
1784649660000,0.17502,0.17505,0.17499,0.17505,624.0,1092.1647
1784649720000,0.17506,0.17508,0.1748,0.17482,894.0,1564.2765
1784649780000,0.17481,0.17496,0.17481,0.17496,2111.0,3691.973
1784649840000,0.17497,0.17513,0.17497,0.17513,1868.0,3270.1619
1784649900000,0.17515,0.17516,0.17504,0.17515,969.0,1697.0561
1784649960000,0.17515,0.1752,0.1748,0.17481,2037.0,3566.3397
1784650020000,0.17483,0.17486,0.17471,0.17471,1149.0,2008.7317
1784650080000,0.17471,0.17488,0.17459,0.17459,2070.0,3617.4494
1784650140000,0.1746,0.17461,0.17443,0.17443,1277.0,2228.6545
1784650200000,0.17442,0.17469,0.1744,0.17469,2965.0,5177.5308
1784650260000,0.17469,0.17472,0.17467,0.17468,566.0,988.7473
1784650320000,0.17467,0.17468,0.17447,0.17463,3427.0,5984.4835
1784650380000,0.17462,0.17466,0.17457,0.17463,694.0,1211.8325
1784650440000,0.17464,0.17464,0.17459,0.17462,448.0,782.2584
1784650500000,0.17462,0.17462,0.17441,0.17442,952.0,1660.8032
1784650560000,0.17443,0.17458,0.17443,0.17456,1164.0,2031.4874
1784650620000,0.17454,0.17456,0.17428,0.17433,2066.0,3603.0727
1784650680000,0.17434,0.17438,0.17432,0.17438,852.0,1485.4139
1784650740000,0.17438,0.17438,0.17433,0.17433,749.0,1305.8706
1784650800000,0.17434,0.17445,0.17434,0.17444,1154.0,2012.3528
1784650860000,0.17444,0.17444,0.1744,0.17443,1057.0,1843.648
1784650920000,0.17446,0.17484,0.17446,0.17478,1340.0,2340.9394
1784650980000,0.17475,0.17477,0.17463,0.17463,526.0,918.9528
1784651040000,0.17462,0.17462,0.17433,0.17433,1416.0,2471.4185
1784651100000,0.17433,0.17451,0.17433,0.17444,357.0,622.8388
1784651160000,0.1744,0.17442,0.17408,0.17414,8640.0,15050.9863
1784651220000,0.17415,0.17422,0.17376,0.1738,8482.0,14751.1314
1784651280000,0.17384,0.17409,0.17383,0.17391,4292.0,7468.7062
1784651340000,0.17396,0.17397,0.17382,0.17382,804.0,1398.1584
1784651400000,0.17383,0.17385,0.17374,0.17378,1683.0,2924.7012
1784651460000,0.17378,0.17381,0.17347,0.17349,11614.0,20175.8318
1784651520000,0.1736,0.1736,0.17201,0.17234,31637.0,54587.2885
1784651580000,0.17232,0.17275,0.1722,0.1727,14193.0,24487.4134
1784651640000,0.17284,0.17317,0.17284,0.17316,7513.0,12992.9365
1784651700000,0.17319,0.17328,0.17307,0.17311,1634.0,2829.0655
1784651760000,0.17311,0.17319,0.1731,0.17319,4045.0,7004.5966
1784651820000,0.17317,0.17343,0.1731,0.17342,6724.0,11654.008
1784651880000,0.17341,0.17342,0.17327,0.17329,24861.0,43111.0781
1784651940000,0.1733,0.17333,0.17322,0.17328,7217.0,12504.3045
1784652000000,0.17331,0.17331,0.1732,0.17322,2140.0,3708.1256
1784652060000,0.17322,0.17329,0.17317,0.17318,4177.0,7237.0694
1784652120000,0.1732,0.17333,0.1732,0.17331,6401.0,11087.4322
1784652180000,0.1733,0.17342,0.1733,0.17341,921.0,1596.3562
1784652240000,0.17341,0.17341,0.17327,0.17329,542.0,939.2863
1784652300000,0.17329,0.17337,0.17308,0.17308,1292.0,2237.7586
1784652360000,0.17307,0.17309,0.17299,0.17309,1022.0,1768.3643
1784652420000,0.17309,0.1731,0.17301,0.17308,710.0,1228.778
1784652480000,0.17308,0.17308,0.17301,0.17308,602.0,1041.731
1784652540000,0.17308,0.17329,0.17305,0.17328,925.0,1602.0369
1784652600000,0.1733,0.17337,0.17326,0.17337,836.0,1448.7436
1784652660000,0.17337,0.17341,0.17336,0.1734,1028.0,1782.3772
1784652720000,0.17339,0.1734,0.17338,0.17339,802.0,1390.5692
1784652780000,0.17338,0.17343,0.17337,0.17341,1382.0,2396.5386
1784652840000,0.17347,0.17361,0.17347,0.1736,4971.0,8628.7117
1784652900000,0.17359,0.17369,0.17359,0.17369,660.0,1146.1921
1784652960000,0.1737,0.17376,0.17358,0.17367,7167.0,12445.3453
1784653020000,0.17365,0.17377,0.17365,0.17377,1095.0,1902.3984
1784653080000,0.17379,0.17385,0.17355,0.17357,764.0,1327.0671
1784653140000,0.17351,0.17359,0.17347,0.1735,8652.0,15016.8259
1784653200000,0.17348,0.1736,0.17345,0.17354,2003.0,3476.171
1784653260000,0.17358,0.17358,0.17347,0.17356,445.0,772.2492
1784653320000,0.1736,0.1736,0.17354,0.17354,457.0,793.2547
1784653380000,0.17353,0.17362,0.17346,0.17362,630.0,1093.1335
1784653440000,0.17375,0.17384,0.17375,0.17379,682.0,1185.3766
1784653500000,0.17378,0.17382,0.17369,0.1737,1093.0,1899.2065
1784653560000,0.17369,0.17402,0.17355,0.17366,29729.0,51673.653
1784653620000,0.17365,0.17367,0.17355,0.17356,1151.0,1998.4546
1784653680000,0.17357,0.17357,0.17345,0.17346,2467.0,4280.2277
1784671620000,0.17286,0.17294,0.17286,0.17286,311.0
1784671680000,0.17283,0.1729,0.17281,0.17285,280.0
1784671740000,0.17284,0.17293,0.17283,0.17289,497.0,859.1255
1784671800000,0.17286,0.17289,0.17286,0.17289,97.0,167.7015
1784671860000,0.17287,0.1729,0.17286,0.17286,246.0,425.305
1784671920000,0.17288,0.17288,0.17286,0.17287,514.0,888.5589
1784671980000,0.17286,0.17287,0.17277,0.17279,3804.0,6573.6259
1784672040000,0.17279,0.17279,0.17277,0.17277,1047.0,1809.0083
1784672100000,0.17277,0.17284,0.17276,0.17283,1385.0,2393.4507
1784672160000,0.17282,0.17282,0.17269,0.1727,1868.0,3227.5457
1784672220000,0.1727,0.17272,0.17263,0.17269,550.0,949.7909
1784672280000,0.17271,0.17276,0.17264,0.17265,643.0,1110.3783
1784672340000,0.17265,0.17273,0.17261,0.17261,898.0,1550.6866
1784672400000,0.17262,0.17262,0.17251,0.17257,990.0,1708.2539
1784672460000,0.17256,0.17273,0.17256,0.17273,752.0,1298.4814
1784672520000,0.1727,0.17272,0.17265,0.17267,677.0,1169.0292
1784672580000,0.17263,0.17267,0.17262,0.17267,584.0,1008.2425
1784672640000,0.17265,0.17267,0.17255,0.17256,649.0,1120.3799
1784672700000,0.17253,0.17255,0.17253,0.17255,202.0,348.5266
1784672760000,0.1726,0.17269,0.1726,0.17269,226.0,390.1607
1784672820000,0.17268,0.17268,0.17268,0.17268,40.0,69.072
1784672880000,0.17268,0.17268,0.17268,0.17268,47.0,81.1596
1784672940000,0.17265,0.17267,0.17265,0.17267,88.0,151.9414
1784673000000,0.17267,0.17267,0.17262,0.17266,439.0,757.9953
1784673060000,0.17269,0.1729,0.17269,0.17289,3236.0,5591.4814
1784673120000,0.17288,0.17293,0.17287,0.17293,593.0,1025.3314
1784673180000,0.1729,0.17292,0.17287,0.17291,801.0,1384.8069
1784673240000,0.1729,0.17291,0.17284,0.17289,1368.0,2364.8343
1784673300000,0.17291,0.17293,0.17285,0.17285,687.0,1187.6955
1784673360000,0.17285,0.17288,0.17283,0.17285,647.0,1118.3644
1784673420000,0.17286,0.17286,0.17283,0.17285,821.0,1419.0726
1784673480000,0.17285,0.17292,0.17285,0.17288,764.0,1320.7775
1784673540000,0.17287,0.17291,0.17286,0.17291,615.0,1063.2236
1784673600000,0.17286,0.17288,0.17286,0.17286,230.0,397.5922
1784673660000,0.17288,0.17293,0.17288,0.17293,143.0,247.2341
1784673720000,0.17294,0.17299,0.17289,0.17298,835.0,1444.0743
1784673780000,0.17297,0.17298,0.17294,0.17295,682.0,1179.5743
1784673840000,0.17294,0.17294,0.17293,0.17293,899.0,1554.6658
1784673900000,0.17293,0.17293,0.17286,0.17286,1713.0,2961.6731
1784673960000,0.17286,0.17289,0.17281,0.17284,666.0,1151.2681
1784674020000,0.17281,0.17294,0.17281,0.17289,980.0,1694.4057
1784674080000,0.17289,0.17289,0.17283,0.17286,584.0,1009.508
1784674140000,0.17285,0.17288,0.17285,0.17288,314.0,542.7955
1784674200000,0.17288,0.17289,0.17286,0.17288,910.0,1573.185
1784674260000,0.17288,0.17294,0.17288,0.17294,1037.0,1793.1444
1784674320000,0.17294,0.17295,0.17284,0.17295,966.0,1670.2275
1784674380000,0.17294,0.17296,0.17293,0.17295,661.0,1143.1822
1784674440000,0.17295,0.17299,0.17294,0.17297,409.0,707.4193
1784674500000,0.17299,0.173,0.17297,0.17298,240.0,415.1612
1784674560000,0.17297,0.17298,0.17291,0.17291,715.0,1236.4993
1784674620000,0.17292,0.17292,0.1729,0.1729,147.0,254.1797
1784674680000,0.17292,0.17296,0.1729,0.17296,672.0,1162.1145
1784674740000,0.17298,0.17299,0.17298,0.17298,569.0,984.2729
1784674800000,0.17298,0.17298,0.17291,0.17291,1072.0,1853.8059
1784674860000,0.17283,0.17283,0.17255,0.17257,2636.0,4552.1917
1784674920000,0.17257,0.17262,0.17251,0.17252,3662.0,6319.1749
1784674980000,0.17253,0.17259,0.17253,0.17255,704.0,1214.8474
1784675040000,0.17255,0.1726,0.17251,0.17251,775.0,1337.2794
1784675100000,0.17249,0.17249,0.17232,0.17236,728.0,1255.3067
1784675160000,0.17233,0.1726,0.17233,0.1726,1806.0,3114.9278
1784675220000,0.17263,0.17263,0.1726,0.1726,184.0,317.6146
1784675280000,0.1726,0.17263,0.1726,0.17263,587.0,1013.2754
1784675340000,0.17263,0.17268,0.17254,0.17256,1620.0,2796.6501
1784675400000,0.17255,0.17255,0.17241,0.17242,370.0,638.2479
1784675460000,0.17242,0.17251,0.17242,0.17249,538.0,927.8337
1784675520000,0.17248,0.17252,0.17248,0.17249,834.0,1438.552
1784675580000,0.1725,0.1725,0.17241,0.17241,582.0,1003.6697
1784675640000,0.17241,0.17241,0.17235,0.17235,928.0,1599.7083
1784675700000,0.17234,0.17238,0.17234,0.17237,914.0,1575.4075
1784675760000,0.17239,0.1725,0.17239,0.17248,680.0,1172.6875
1784675820000,0.1724,0.17248,0.17238,0.17242,970.0,1672.5194
1784675880000,0.17244,0.17247,0.17244,0.17247,1561.0,2692.0054
1784675940000,0.17247,0.17257,0.17247,0.17257,542.0,935.2031
1784676000000,0.17255,0.17255,0.17247,0.17248,989.0,1705.9889
1784676060000,0.17248,0.17252,0.17247,0.17248,1045.0,1802.6708
1784676120000,0.17248,0.17248,0.1724,0.17241,1385.0,2388.3837
1784676180000,0.17241,0.17248,0.17241,0.17248,669.0,1153.6968
1784676240000,0.17247,0.1725,0.17245,0.17248,579.0,998.6219
1784676300000,0.17247,0.17249,0.17246,0.17248,565.0,974.4932
1784676360000,0.17249,0.17249,0.17247,0.17248,717.0,1236.6695
1784676420000,0.17248,0.17249,0.17245,0.17249,503.0,867.5183
1784676480000,0.17251,0.17251,0.17249,0.17251,233.0,401.9259
1784676540000,0.17256,0.17265,0.17256,0.17265,2229.0,3847.3621
1784676600000,0.1726,0.1726,0.17256,0.17257,791.0,1365.0462
1784676660000,0.17258,0.17265,0.17257,0.17265,535.0,923.3199
1784676720000,0.17263,0.17269,0.17263,0.17269,735.0,1269.0371
1784676780000,0.1727,0.17283,0.1727,0.17282,2370.0,4094.7223
1784676840000,0.17285,0.17289,0.17278,0.17278,1329.0,2296.9035
1784676900000,0.17278,0.17283,0.17278,0.17281,1866.0,3224.502
1784676960000,0.17284,0.17292,0.17284,0.17292,922.0,1594.0209
1784677020000,0.17294,0.17297,0.17293,0.17294,1069.0,1848.717
1784677080000,0.17294,0.17295,0.17293,0.17295,853.0,1475.1654
1784677140000,0.17295,0.17309,0.17295,0.17306,1452.0,2512.3086
1784677200000,0.17306,0.17309,0.17304,0.17309,390.0,674.964
1784677260000,0.17309,0.17314,0.17308,0.17313,1484.0,2569.0054
1784677320000,0.17313,0.1732,0.17313,0.1732,633.0,1096.2014
1784677380000,0.17319,0.17332,0.17319,0.17326,1122.0,1944.087
1784677440000,0.17329,0.17334,0.17329,0.17334,312.0,540.7495
1784677500000,0.17335,0.17335,0.1732,0.17326,1151.0,1994.2791
1784677560000,0.17326,0.17327,0.17324,0.17326,735.0,1273.4292
1784677620000,0.17326,0.17337,0.17326,0.17329,348.0,603.1014
1784677680000,0.17326,0.17327,0.17311,0.17312,806.0,1396.2211
1784677740000,0.17314,0.17316,0.17314,0.17314,807.0,1397.2744
1784677800000,0.17314,0.17323,0.17314,0.17323,856.0,1482.5769
1784677860000,0.17323,0.17324,0.17323,0.17324,747.0,1294.0675
1784677920000,0.17323,0.17329,0.17323,0.17325,598.0,1036.0448
1784677980000,0.17325,0.17338,0.17325,0.17333,1012.0,1753.7551
1784678040000,0.17333,0.17344,0.17333,0.17344,578.0,1001.9852
1784678100000,0.17344,0.17345,0.17334,0.17334,622.0,1078.5374
1784678160000,0.17339,0.17344,0.17339,0.17341,565.0,979.8153
1784678220000,0.17341,0.17344,0.1734,0.17343,621.0,1076.9229
1784678280000,0.17344,0.1736,0.17343,0.17359,2384.0,4137.4938
1784678340000,0.17363,0.17377,0.17349,0.17358,2895.0,5025.2473
1784678400000,0.17361,0.17361,0.17335,0.17342,763.0,1323.4979
1784678460000,0.17338,0.17345,0.17337,0.17342,538.0,932.9352
1784678520000,0.17349,0.17367,0.17349,0.17366,731.0,1269.2071
1784678580000,0.17369,0.17371,0.17359,0.17367,723.0,1255.574
1784678640000,0.17362,0.17376,0.17362,0.17376,661.0,1148.3906
1784678700000,0.17376,0.17383,0.17362,0.17362,578.0,1004.2464
1784678760000,0.17362,0.17369,0.17362,0.17368,575.0,998.5868
1784678820000,0.17369,0.17387,0.17369,0.17387,629.0,1093.0089
1784678880000,0.17387,0.17387,0.17374,0.17376,730.0,1268.5188
1784678940000,0.17375,0.17375,0.17364,0.17368,602.0,1045.583
1784679000000,0.17366,0.17366,0.17358,0.17363,292.0,506.9455
1784679060000,0.17374,0.17383,0.17372,0.17373,623.0,1082.5014
1784679120000,0.17371,0.17389,0.17371,0.17385,503.0,874.2282
1784679180000,0.17385,0.17387,0.17379,0.17379,328.0,570.1642
1784679240000,0.17383,0.17385,0.17376,0.17381,705.0,1225.3627
1784679300000,0.17382,0.17382,0.17369,0.17369,1376.0,2391.342
1784679360000,0.17353,0.17357,0.17353,0.17357,98.0,170.0754
1784679420000,0.17354,0.17381,0.17354,0.1738,2750.0,4776.5739
1784679480000,0.17381,0.17381,0.17363,0.17363,566.0,983.3111
1784679540000,0.17361,0.17369,0.17361,0.17364,162.0,281.3253
1784679600000,0.17368,0.17369,0.17363,0.17366,515.0,894.3901
1784679660000,0.17367,0.17386,0.17367,0.17383,1322.0,2297.398
1784679720000,0.17385,0.17387,0.17368,0.17368,443.0,769.8095
1784679780000,0.17371,0.17376,0.1737,0.17372,566.0,983.273
1784679840000,0.17375,0.17385,0.1737,0.1737,2956.0,5135.4366
1784679900000,0.17364,0.17368,0.17362,0.17362,405.0,703.2666
1784679960000,0.17377,0.17377,0.17363,0.17363,800.0,1389.7281
1784680020000,0.17364,0.17372,0.17364,0.17371,387.0,672.1155
1784680080000,0.17366,0.17369,0.17366,0.17366,256.0,444.6098
1784680140000,0.17362,0.17371,0.17353,0.17366,1749.0,3036.6538
1784680200000,0.17367,0.17367,0.17343,0.17343,755.0,1310.2494
1784680260000,0.17345,0.17347,0.17342,0.17343,504.0,874.1307
1784680320000,0.17342,0.17355,0.17333,0.17355,433.0,750.8859
1784680380000,0.17358,0.17375,0.17358,0.17375,790.0,1371.8598
1784680440000,0.17379,0.17379,0.17371,0.17371,1092.0,1897.3938
1784680500000,0.17362,0.17366,0.17352,0.17352,425.0,737.7582
1784680560000,0.17352,0.17365,0.17352,0.17353,159.0,275.977
1784680620000,0.17351,0.17354,0.1735,0.1735,318.0,551.7971
1784680680000,0.1735,0.17362,0.1735,0.17361,666.0,1156.1158
1784680740000,0.17362,0.1737,0.17361,0.17369,437.0,758.8558
1784680800000,0.17367,0.17367,0.17361,0.17361,627.0,1088.6688
1784680860000,0.17361,0.17362,0.17355,0.17358,772.0,1340.1857
1784680920000,0.17362,0.17366,0.17358,0.17358,605.0,1050.3658
1784680980000,0.17355,0.17366,0.17354,0.17366,2780.0,4827.3623
1784681040000,0.17364,0.17365,0.17355,0.17356,1309.0,2272.5841
1784681100000,0.17354,0.17368,0.17354,0.17362,383.0,664.9883
1784681160000,0.17365,0.17368,0.17361,0.17361,349.0,606.073
1784681220000,0.17356,0.17356,0.17346,0.17347,556.0,964.7266
1784681280000,0.17344,0.1735,0.17344,0.1735,223.0,386.8602
1784681340000,0.1735,0.17391,0.1735,0.17391,1763.0,3061.9951
1784681400000,0.17381,0.17382,0.17365,0.17366,552.0,959.0427
1784681460000,0.17366,0.17366,0.17359,0.17365,521.0,904.6143
1784681520000,0.17365,0.17372,0.17364,0.17364,152.0,263.9663
1784681580000,0.17363,0.17364,0.17359,0.17363,649.0,1126.7566
1784681640000,0.1736,0.17364,0.1735,0.17352,1326.0,2301.295
1784681700000,0.17348,0.1735,0.17345,0.17345,232.0,402.4569
1784681760000,0.17349,0.1736,0.17343,0.17353,570.0,989.128
1784681820000,0.17353,0.17359,0.1735,0.17358,578.0,1003.1562
1784681880000,0.17369,0.17372,0.17369,0.1737,252.0,437.7272
1784681940000,0.17372,0.17379,0.17371,0.17371,342.0,594.2227
1784682000000,0.17372,0.17372,0.1736,0.1736,534.0,927.3978
1784682060000,0.17354,0.17354,0.17348,0.17348,1421.0,2465.288
1784682120000,0.17346,0.17349,0.1734,0.17348,412.0,714.545
1784682180000,0.17349,0.17354,0.17349,0.17354,949.0,1646.6653
1784682240000,0.17352,0.17363,0.17352,0.17363,570.0,989.4854
1784682300000,0.17368,0.17368,0.17352,0.17352,758.0,1315.9152
1784682360000,0.17352,0.17369,0.17352,0.17367,3207.0,5569.3413
1784682420000,0.17366,0.17366,0.17365,0.17366,188.0,326.4757
1784682480000,0.17368,0.1737,0.17361,0.17361,492.0,854.4621
1784682540000,0.17362,0.17367,0.1736,0.17365,444.0,770.9293
1784682600000,0.17367,0.17367,0.17339,0.17339,683.0,1184.9679
1784682660000,0.1734,0.17341,0.17338,0.17338,206.0,357.2033
1784682720000,0.17337,0.1734,0.17337,0.17337,507.0,879.0438
1784682780000,0.17339,0.1734,0.17336,0.17339,751.0,1302.0805
1784682840000,0.17339,0.17339,0.17321,0.17321,1142.0,1979.1247
1784682900000,0.17321,0.17328,0.17307,0.17316,1385.0,2398.3988
1784682960000,0.17311,0.17332,0.17311,0.17332,4504.0,7802.2673
1784683020000,0.17336,0.17339,0.17331,0.17339,1214.0,2104.6277
1784683080000,0.17339,0.17351,0.17339,0.17341,1372.0,2379.671
1784683140000,0.1734,0.17343,0.17337,0.17343,742.0,1286.6579
1784683200000,0.17343,0.17351,0.17342,0.17351,503.0,872.5366
1784683260000,0.17351,0.1736,0.1735,0.17358,819.0,1421.4773
1784683320000,0.17359,0.17359,0.17347,0.17352,652.0,1131.3381
1784683380000,0.17345,0.17345,0.1733,0.17333,831.0,1440.5363
1784683440000,0.17331,0.17332,0.17324,0.17326,862.0,1493.6225
1784683500000,0.17328,0.1734,0.17323,0.17339,801.0,1388.1999
1784683560000,0.1734,0.17362,0.1734,0.17361,770.0,1336.1583
1784683620000,0.1736,0.17364,0.17352,0.17364,756.0,1312.5169
1784683680000,0.17364,0.17364,0.17363,0.17363,151.0,262.1909
1784701620000,0.17071,0.17071,0.17061,0.17062,1635.0
1784701680000,0.17064,0.17071,0.17064,0.1707,171.0
1784701740000,0.17071,0.17077,0.17066,0.17071,871.0,1486.979
1784701800000,0.17067,0.17071,0.17053,0.1706,1569.0,2676.6594
1784701860000,0.17061,0.1708,0.17059,0.17077,1860.0,3176.1491
1784701920000,0.17078,0.17088,0.17078,0.17088,1300.0,2220.5244
1784701980000,0.17088,0.17088,0.17076,0.17084,896.0,1530.7072
1784702040000,0.17083,0.17098,0.17083,0.17098,2239.0,3827.1042
1784702100000,0.17099,0.17102,0.17093,0.17093,699.0,1195.1988
1784702160000,0.17094,0.17109,0.17094,0.17109,829.0,1417.8002
1784702220000,0.1711,0.17113,0.17092,0.17092,1649.0,2820.554
1784702280000,0.17093,0.17093,0.1707,0.17088,14204.0,24260.7968
1784702340000,0.17076,0.17088,0.17075,0.17088,6830.0,11669.3591
1784702400000,0.17083,0.17083,0.17076,0.17082,288.0,491.9019
1784702460000,0.17085,0.17092,0.17085,0.1709,1008.0,1722.3219
1784702520000,0.17089,0.1709,0.17085,0.17085,778.0,1329.2878
1784702580000,0.17085,0.17091,0.17081,0.17084,1511.0,2581.5968
1784702640000,0.17081,0.17083,0.17078,0.17078,1060.0,1810.5548
1784702700000,0.17077,0.17077,0.17052,0.17068,5244.0,8950.2044
1784702760000,0.1707,0.17071,0.17063,0.17066,994.0,1696.4127
1784702820000,0.17066,0.17068,0.17046,0.17053,1199.0,2044.7723
1784702880000,0.17052,0.17059,0.17051,0.17059,645.0,1099.9448
1784702940000,0.17059,0.17063,0.17055,0.17063,842.0,1436.4414
1784703000000,0.17064,0.17067,0.17056,0.17064,1380.0,2354.6828
1784703060000,0.17065,0.17083,0.17065,0.17078,1663.0,2838.9789
1784703120000,0.17077,0.17083,0.17074,0.17077,466.0,795.8312
1784703180000,0.17066,0.17074,0.17063,0.17074,391.0,667.3557
1784703240000,0.17075,0.17075,0.17068,0.17068,866.0
1784703300000,0.17061,0.17065,0.17054,0.17055,636.0
1784703360000,0.17054,0.17063,0.17052,0.17057,2024.0
1784703420000,0.17056,0.17061,0.17056,0.1706,615.0
1784703480000,0.17059,0.17065,0.17059,0.17062,434.0
1784703540000,0.17062,0.17073,0.17062,0.17073,1020.0
1784703600000,0.17075,0.17075,0.1706,0.17071,1117.0
1784703660000,0.17072,0.17072,0.17059,0.17059,510.0
1784703720000,0.17066,0.17068,0.17052,0.17052,1569.0
1784703780000,0.1705,0.17062,0.17044,0.17059,2062.0
1784703840000,0.17058,0.17065,0.17055,0.17056,894.0
1784703900000,0.17051,0.17058,0.1705,0.17053,1194.0
1784703960000,0.17051,0.17053,0.17046,0.17047,549.0
1784704020000,0.17042,0.17052,0.17042,0.17052,1035.0
1784704080000,0.17052,0.17059,0.17047,0.17053,787.0
1784704140000,0.1705,0.17054,0.17039,0.17051,2319.0
1784704200000,0.17055,0.17055,0.17048,0.17053,1289.0
1784704260000,0.17053,0.17055,0.17048,0.17053,599.0
1784704320000,0.17051,0.17062,0.17051,0.17061,708.0
1784704380000,0.17069,0.17075,0.17063,0.17064,721.0
1784704440000,0.17064,0.17071,0.17064,0.17068,1539.0
1784704500000,0.17071,0.1708,0.17071,0.17078,740.0
1784704560000,0.17079,0.17082,0.17077,0.17082,231.0
1784704620000,0.1708,0.17084,0.1708,0.17081,249.0
1784704680000,0.1708,0.17087,0.17063,0.17064,2905.0
1784704740000,0.17064,0.17081,0.17062,0.17081,8243.0
1784704800000,0.17077,0.1709,0.17076,0.1709,2953.0
1784704860000,0.17092,0.17106,0.17092,0.17098,1710.0
1784704920000,0.17099,0.17108,0.17097,0.17108,477.0
1784704980000,0.17108,0.17108,0.17099,0.17099,415.0
1784705040000,0.17098,0.17098,0.17082,0.17082,1390.0
1784705100000,0.17081,0.17081,0.17051,0.17056,5850.0
1784705160000,0.1707,0.17074,0.1706,0.17067,932.0
1784705220000,0.1707,0.17083,0.1707,0.17083,624.0
1784705280000,0.17083,0.17083,0.17082,0.17082,122.0
1784705340000,0.17082,0.17082,0.17082,0.17082,78.0
1784705400000,0.17085,0.17085,0.1706,0.17065,532.0
1784705460000,0.17058,0.1706,0.17052,0.17052,934.0
1784705520000,0.17052,0.17053,0.17049,0.1705,440.0
1784705580000,0.17051,0.17062,0.1705,0.17052,7240.0
1784705640000,0.17051,0.17059,0.17049,0.17054,797.0
1784705700000,0.17049,0.17055,0.17039,0.17045,768.0
1784705760000,0.17045,0.17045,0.17037,0.17037,3190.0
1784705820000,0.1703,0.17049,0.1703,0.17043,3293.0
1784705880000,0.17043,0.17049,0.17035,0.17044,3265.0
1784705940000,0.17043,0.17048,0.17037,0.17038,1088.0
1784706000000,0.17031,0.17047,0.17031,0.17041,818.0
1784706060000,0.17042,0.17051,0.17038,0.17044,732.0
1784706120000,0.17044,0.17044,0.1704,0.17044,907.0
1784706180000,0.17043,0.17067,0.17042,0.17053,3167.0
1784706240000,0.17064,0.17074,0.1706,0.17074,472.0
1784706300000,0.17074,0.17074,0.17074,0.17074,36.0
1784706360000,0.17075,0.17081,0.17075,0.17081,198.0
1784706420000,0.17085,0.17092,0.1708,0.1708,188.0
1784706480000,0.17084,0.17095,0.17073,0.17076,7031.0
1784706540000,0.17076,0.17077,0.17053,0.17053,2150.0
1784706600000,0.17053,0.17065,0.17053,0.17063,712.0
1784706660000,0.17064,0.17075,0.17064,0.17069,484.0
1784706720000,0.17072,0.17081,0.17072,0.1708,888.0
1784706780000,0.17081,0.17093,0.1708,0.17093,844.0
1784706840000,0.17094,0.17099,0.17089,0.17089,1147.0
1784706900000,0.1709,0.17093,0.1709,0.17091,632.0
1784706960000,0.17092,0.17092,0.17092,0.17092,174.0
1784707020000,0.17092,0.17094,0.17092,0.17093,617.0
1784707080000,0.17092,0.171,0.17091,0.17098,860.0
1784707140000,0.17097,0.17098,0.17094,0.17098,761.0
1784707200000,0.17102,0.17125,0.1709,0.17123,1035.0
1784707260000,0.17115,0.17118,0.17097,0.17103,6467.0
1784707320000,0.17103,0.17104,0.17099,0.171,727.0
1784707380000,0.17101,0.17114,0.17101,0.17114,2278.0
1784707440000,0.17117,0.17124,0.17117,0.17124,976.0
1784707500000,0.17134,0.17156,0.17134,0.17152,1628.0
1784707560000,0.17157,0.17158,0.17149,0.1715,1067.0
1784707620000,0.17149,0.1716,0.17148,0.17155,2301.0
1784707680000,0.17161,0.1717,0.1716,0.17169,1389.0
1784707740000,0.17169,0.17171,0.17166,0.17166,1175.0
1784707800000,0.17166,0.17176,0.17154,0.17154,1348.0
1784707860000,0.17156,0.1716,0.1715,0.1715,563.0
1784707920000,0.17151,0.17152,0.17151,0.17152,340.0
1784707980000,0.17153,0.17165,0.17152,0.17165,1409.0
1784708040000,0.17165,0.17165,0.17156,0.17163,1013.0
1784708100000,0.17164,0.17173,0.17164,0.17173,268.0
1784708160000,0.17173,0.17173,0.17169,0.17169,407.0
1784708220000,0.17174,0.17174,0.17162,0.17165,776.0
1784708280000,0.1716,0.17167,0.1716,0.17165,586.0
1784708340000,0.1717,0.17186,0.17163,0.17168,4429.0
1784708400000,0.17171,0.17176,0.17166,0.17172,697.0
1784708460000,0.17171,0.17173,0.1717,0.17173,405.0
1784708520000,0.17172,0.17179,0.17172,0.17175,540.0
1784708580000,0.17177,0.17194,0.17177,0.1719,1892.0
1784708640000,0.17186,0.17187,0.17184,0.17187,1007.0
1784708700000,0.17186,0.17186,0.17181,0.17181,777.0
1784708760000,0.17182,0.1719,0.17179,0.17179,1051.0
1784708820000,0.1718,0.17182,0.17173,0.17174,1201.0
1784708880000,0.17174,0.17184,0.17174,0.17182,1133.0
1784708940000,0.17179,0.17184,0.17178,0.17182,814.0
1784709000000,0.17187,0.17193,0.17183,0.17193,787.0
1784709060000,0.17193,0.17195,0.17188,0.17188,384.0
1784709120000,0.17187,0.17194,0.17187,0.17192,315.0
1784709180000,0.17193,0.17193,0.17186,0.17193,201.0
1784709240000,0.1719,0.17191,0.17188,0.17191,223.0
1784709300000,0.172,0.17209,0.172,0.17209,1662.0
1784709360000,0.17208,0.17208,0.17202,0.17203,3089.0
1784709420000,0.17204,0.17204,0.17189,0.17192,6725.0
1784709480000,0.17191,0.17191,0.17185,0.17188,2961.0
1784709540000,0.17188,0.17193,0.17188,0.1719,317.0
1784709600000,0.17189,0.17193,0.17188,0.17193,281.0
1784709660000,0.17193,0.17193,0.1719,0.17192,207.0
1784709720000,0.17192,0.17192,0.17185,0.1719,411.0
1784709780000,0.17192,0.17192,0.17188,0.17188,514.0
1784709840000,0.17189,0.17189,0.17182,0.17185,873.0
1784709900000,0.17184,0.17201,0.17181,0.172,3967.0
1784709960000,0.17204,0.17207,0.17204,0.17207,179.0
1784710020000,0.17205,0.17211,0.17205,0.1721,610.0
1784710080000,0.17209,0.17209,0.17191,0.17191,943.0
1784710140000,0.17193,0.17193,0.1719,0.17192,429.0
1784710200000,0.17192,0.17192,0.1719,0.1719,782.0
1784710260000,0.1719,0.17191,0.1718,0.17191,585.0
1784710320000,0.17191,0.17201,0.17191,0.172,901.0
1784710380000,0.17202,0.17205,0.17201,0.17205,910.0
1784710440000,0.17205,0.17215,0.17205,0.17207,3189.0
1784710500000,0.1721,0.17226,0.1721,0.17224,9986.0
1784710560000,0.17225,0.17225,0.17223,0.17223,457.0
1784710620000,0.17224,0.17236,0.17224,0.17235,960.0
1784710680000,0.17235,0.17235,0.17234,0.17234,142.0
1784710740000,0.17236,0.17246,0.17235,0.17243,8555.0
1784710800000,0.17244,0.17254,0.17239,0.17241,8070.0
1784710860000,0.17241,0.17242,0.17238,0.1724,6285.0
1784710920000,0.17239,0.17245,0.17239,0.17239,1440.0
1784710980000,0.1724,0.17253,0.1724,0.17253,536.0
1784711040000,0.17251,0.1726,0.17251,0.17252,1018.0
1784711100000,0.17252,0.17261,0.17243,0.17251,9459.0
1784711160000,0.17251,0.17252,0.17246,0.17249,619.0
1784711220000,0.17249,0.17277,0.17249,0.17276,813.0
1784711280000,0.17276,0.17295,0.17276,0.17294,11096.0
1784711340000,0.17295,0.17295,0.17271,0.17274,8988.0
1784711400000,0.1727,0.1727,0.17255,0.1726,906.0
1784711460000,0.1726,0.17265,0.17258,0.1726,5383.0
1784711520000,0.1726,0.17261,0.1726,0.17261,137.0
1784711580000,0.1726,0.1726,0.17246,0.17247,883.0
1784711640000,0.17247,0.17248,0.17238,0.17238,849.0
1784711700000,0.17234,0.17238,0.17227,0.17227,2233.0
1784711760000,0.17225,0.17231,0.17225,0.17229,826.0
1784711820000,0.17229,0.17239,0.17229,0.17239,1251.0
1784711880000,0.1724,0.17245,0.17238,0.17244,736.0
1784711940000,0.17243,0.17243,0.17237,0.17241,981.0
1784712000000,0.17238,0.17246,0.17234,0.17246,1108.0
1784712060000,0.17246,0.1726,0.17246,0.1726,2612.0
1784712120000,0.17261,0.17263,0.17261,0.17263,199.0
1784712180000,0.1727,0.1727,0.17265,0.17265,570.0
1784712240000,0.17261,0.17263,0.17261,0.17262,467.0
1784712300000,0.1726,0.17264,0.1726,0.17261,366.0
1784712360000,0.17261,0.17275,0.1726,0.17269,802.0
1784712420000,0.17269,0.17269,0.1726,0.17263,1529.0
1784712480000,0.17262,0.17263,0.17262,0.17263,263.0
1784712540000,0.17262,0.1727,0.17259,0.17263,4947.0
1784712600000,0.17263,0.17317,0.17263,0.17283,17260.0
1784712660000,0.17282,0.17286,0.17279,0.1728,731.0
1784712720000,0.17281,0.17283,0.17271,0.17273,1438.0
1784712780000,0.1727,0.17272,0.17264,0.17264,855.0
1784712840000,0.17261,0.17268,0.1726,0.17264,958.0
1784712900000,0.17263,0.17283,0.17263,0.17281,807.0
1784712960000,0.17281,0.17282,0.17265,0.17265,891.0
1784713020000,0.17262,0.17264,0.17258,0.1726,884.0
1784713080000,0.1726,0.1726,0.17249,0.1725,819.0
1784713140000,0.17249,0.17257,0.17247,0.1725,1071.0
1784713200000,0.1725,0.17253,0.1725,0.17252,929.0
1784713260000,0.17252,0.17258,0.17252,0.17256,662.0
1784713320000,0.17265,0.17274,0.17265,0.17271,1099.0
1784713380000,0.17271,0.17274,0.1727,0.1727,813.0
1784713440000,0.17271,0.17276,0.17269,0.17276,441.0
1784713500000,0.17276,0.17276,0.17272,0.17273,1015.0
1784713560000,0.17274,0.17276,0.17264,0.17264,413.0
1784729340000,0.1764,0.17646,0.17629,0.17635,5777.0,10187.4089
1784729400000,0.17641,0.17645,0.1761,0.17623,1865.0,3286.3184
1784729460000,0.17619,0.17622,0.17601,0.17621,2896.0,5101.1315
1784729520000,0.17629,0.17634,0.17621,0.17623,621.0,1094.7343
1784729580000,0.17615,0.17621,0.17611,0.17614,710.0,1250.7609
1784729640000,0.17597,0.17602,0.17592,0.17597,637.0,1120.8687
1784729700000,0.17591,0.17591,0.17531,0.17542,1443.0,2533.9421
1784729760000,0.17559,0.17559,0.17532,0.17534,5931.0,10400.6047
1784729820000,0.17531,0.17531,0.17478,0.17517,18788.0,32867.1244
1784729880000,0.17519,0.17519,0.17505,0.17505,1068.0,1870.2199
1784729940000,0.17495,0.17508,0.17485,0.175,3998.0,6994.611
1784730000000,0.17501,0.17501,0.17488,0.17493,604.0,1056.5949
1784730060000,0.17485,0.17486,0.17459,0.17459,1627.0,2841.8585
1784730120000,0.17458,0.17458,0.17421,0.17425,24430.0,42607.1016
1784730180000,0.17429,0.17443,0.17419,0.17443,10907.0,19019.7965
1784730240000,0.17446,0.17446,0.17387,0.17405,19503.0,33942.7225
1784730300000,0.17406,0.1743,0.17405,0.1743,1517.0,2642.7686
1784730360000,0.17429,0.17429,0.1741,0.17418,893.0,1555.6369
1784730420000,0.17412,0.17428,0.17409,0.17428,4227.0,7363.8678
1784730480000,0.17422,0.17433,0.174,0.174,647.0,1126.4607
1784730540000,0.17395,0.17407,0.1738,0.17401,369.0,641.7791
1784730600000,0.17404,0.1743,0.17395,0.1743,1075.0,1871.1901
1784730660000,0.17434,0.1744,0.17429,0.17437,1809.0,3153.5945
1784730720000,0.1744,0.17474,0.1744,0.1747,1342.0,2342.1981
1784730780000,0.1747,0.17477,0.17468,0.17468,303.0,529.4029
1784730840000,0.17463,0.17464,0.1744,0.1744,770.0,1344.3295
1784730900000,0.1744,0.17448,0.17439,0.17444,392.0,683.7207
1784730960000,0.17458,0.17494,0.17456,0.17494,1113.0,1945.1288
1784731020000,0.17491,0.17499,0.17472,0.17472,4748.0,8298.9721
1784731080000,0.17468,0.17468,0.17457,0.17463,496.0,866.2
1784731140000,0.17455,0.17455,0.17446,0.1745,471.0,821.8717
1784731200000,0.1745,0.1745,0.17429,0.17429,338.0,589.4594
1784731260000,0.1744,0.17442,0.17438,0.17438,522.0,910.4246
1784731320000,0.17438,0.17449,0.17438,0.17449,218.0,380.2728
1784731380000,0.17448,0.17449,0.17444,0.17447,133.0,232.0509
1784731440000,0.17451,0.17459,0.17444,0.17444,798.0,1392.657
1784731500000,0.17431,0.17457,0.17428,0.17457,703.0,1225.905
1784731560000,0.17456,0.1749,0.17455,0.17484,636.0,1111.82
1784731620000,0.17481,0.17486,0.17472,0.17472,884.0,1545.2461
1784731680000,0.17471,0.17471,0.17463,0.17463,1182.0,2064.6775
1784731740000,0.17461,0.17461,0.17446,0.17459,828.0,1445.2446
1784731800000,0.17466,0.17471,0.17455,0.17455,4670.0,8157.8027
1784731860000,0.17461,0.17471,0.17444,0.17471,732.0,1277.562
1784731920000,0.1747,0.1747,0.17451,0.17451,902.0,1574.948
1784731980000,0.17465,0.17465,0.1746,0.1746,454.0,792.8626
1784732040000,0.17467,0.17496,0.17467,0.17485,1133.0,1981.3624
1784732100000,0.17472,0.17472,0.17459,0.17466,766.0,1337.8825
1784732160000,0.17467,0.17478,0.17467,0.17478,461.0,805.5361
1784732220000,0.17486,0.17496,0.17486,0.17495,371.0,648.9904
1784732280000,0.17493,0.17507,0.17492,0.17507,640.0,1119.8329
1784732340000,0.17512,0.17522,0.17502,0.17522,2246.0,3933.0333
1784732400000,0.1753,0.17581,0.17529,0.17576,25773.0,45249.9133
1784732460000,0.1757,0.17585,0.17563,0.17563,9391.0,16504.757
1784732520000,0.17568,0.17585,0.17566,0.17581,1971.0,3464.8125
1784732580000,0.1758,0.17633,0.1758,0.17633,12563.0,22138.2607
1784732640000,0.17638,0.17656,0.17625,0.17625,1485.0,2620.6801
1784732700000,0.17627,0.17637,0.17608,0.17634,592.0,1043.1289
1784732760000,0.17631,0.17649,0.17621,0.17642,5210.0,9182.5516
1784732820000,0.17647,0.17647,0.17629,0.17632,2439.0,4303.3581
1784732880000,0.17634,0.17639,0.17629,0.1763,5100.0,8991.638
1784732940000,0.17646,0.17646,0.17595,0.17598,1087.0,1913.9058
1784733000000,0.17591,0.17626,0.17582,0.17623,2200.0,3871.0142
1784733060000,0.17627,0.17627,0.1762,0.17625,2621.0,4618.8271
1784733120000,0.17625,0.17626,0.17624,0.17626,437.0,770.2175
1784733180000,0.17626,0.17626,0.17622,0.17625,607.0,1069.7765
1784733240000,0.17626,0.17674,0.17626,0.17674,3366.0,5941.1287
1784733300000,0.17672,0.17687,0.17667,0.17687,572.0,1010.9046
1784733360000,0.17681,0.1771,0.17681,0.177,2370.0,4193.7697
1784733420000,0.17697,0.17709,0.17685,0.17705,1357.0,2401.8112
1784733480000,0.17705,0.17715,0.17702,0.17715,1235.0,2187.0304
1784733540000,0.17714,0.17733,0.17712,0.17732,2842.0,5036.24
1784733600000,0.17732,0.17768,0.17729,0.17761,8502.0,15095.1384
1784733660000,0.17752,0.17763,0.17742,0.17742,5123.0,9094.9447
1784733720000,0.17741,0.17761,0.17741,0.17743,1202.0,2133.6093
1784733780000,0.17743,0.17746,0.17723,0.17731,9679.0,17169.5203
1784733840000,0.1773,0.17738,0.17724,0.17731,1997.0,3541.0267
1784733900000,0.1773,0.17754,0.17721,0.17754,3633.0,6440.9744
1784733960000,0.17759,0.17769,0.17752,0.17752,1391.0,2470.4601
1784734020000,0.17753,0.17768,0.17747,0.17753,1408.0,2500.3802
1784734080000,0.17754,0.17763,0.17744,0.17753,1556.0,2762.3129
1784734140000,0.17752,0.17752,0.17744,0.17752,1072.0,1902.7601
1784734200000,0.17753,0.17774,0.1774,0.1777,3379.0,5999.0151
1784734260000,0.17771,0.17774,0.1777,0.17772,469.0,833.484
1784734320000,0.17774,0.17784,0.17731,0.17731,2706.0,4808.6416
1784734380000,0.17727,0.17727,0.177,0.17722,10017.0,17738.9007
1784734440000,0.17724,0.17743,0.17724,0.17728,2804.0,4973.8734
1784734500000,0.17727,0.17761,0.17727,0.17761,1680.0,2980.8861
1784734560000,0.1776,0.1776,0.17742,0.17742,1185.0,2103.4812
1784734620000,0.17744,0.17744,0.17721,0.17734,4607.0,8167.6901
1784734680000,0.17737,0.1774,0.17723,0.17732,620.0,1099.2895
1784734740000,0.17733,0.17733,0.17731,0.17733,618.0,1095.8601
1784734800000,0.17734,0.17743,0.17721,0.17739,1617.0,2866.5812
1784734860000,0.17739,0.17744,0.17731,0.17741,1863.0,3304.8279
1784734920000,0.17746,0.17749,0.1772,0.17721,906.0,1607.051
1784734980000,0.1772,0.17753,0.1772,0.17753,1156.0,2049.8941
1784735040000,0.17755,0.17774,0.17754,0.17764,781.0,1387.5366
1784735100000,0.17764,0.17955,0.17764,0.17893,42980.0,76874.0752
1784735160000,0.17894,0.17934,0.17892,0.17895,3751.0,6721.2717
1784735220000,0.17894,0.17906,0.1788,0.17896,2976.0,5324.4667
1784735280000,0.17899,0.17914,0.17885,0.17905,5240.0,9378.3989
1784735340000,0.17905,0.17958,0.17905,0.17945,21250.0,38092.6918
1784735400000,0.17946,0.17946,0.17883,0.17883,17224.0,30848.1074
1784735460000,0.17887,0.1791,0.17878,0.17879,11950.0,21385.1701
1784735520000,0.17878,0.17878,0.17811,0.17818,9921.0,17685.5364
1784735580000,0.17817,0.17822,0.17799,0.17799,582.0,1036.6567
1784735640000,0.17801,0.17801,0.17772,0.17783,4558.0,8104.0822
1784735700000,0.17786,0.17827,0.17786,0.17827,1227.0,2185.2147
1784735760000,0.17829,0.17833,0.17771,0.17781,1386.0,2468.8267
1784735820000,0.17774,0.17776,0.17767,0.17776,487.0,865.4698
1784735880000,0.17774,0.17786,0.17774,0.17775,621.0,1104.0779
1784735940000,0.17775,0.17784,0.17767,0.17783,806.0,1433.0363
1784736000000,0.17783,0.17797,0.1776,0.1776,4561.0,8113.712
1784736060000,0.17756,0.17756,0.17712,0.1774,14492.0,25713.3354
1784736120000,0.17741,0.17746,0.17715,0.17716,1283.0,2274.4998
1784736180000,0.17713,0.17729,0.17712,0.17729,2987.0,5292.8313
1784736240000,0.17728,0.17729,0.17713,0.17715,1027.0,1819.775
1784736300000,0.17714,0.17724,0.17701,0.17716,2100.0,3720.1486
1784736360000,0.17718,0.17748,0.17718,0.17732,7015.0,12433.2771
1784736420000,0.17734,0.17755,0.17727,0.17755,7914.0,14037.1798
1784736480000,0.17754,0.17766,0.17746,0.17766,1037.0,1841.3213
1784736540000,0.1777,0.17775,0.17765,0.17773,809.0,1437.5612
1784736600000,0.17775,0.17775,0.17742,0.17744,1535.0,2725.6694
1784736660000,0.17745,0.17776,0.17744,0.17754,6622.0,11761.4965
1784736720000,0.17753,0.17784,0.17753,0.17784,1025.0,1821.5585
1784736780000,0.17783,0.17805,0.17783,0.17798,1032.0,1835.8944
1784736840000,0.178,0.1782,0.178,0.17812,1475.0,2627.2306
1784736900000,0.17812,0.17813,0.17789,0.17804,996.0,1773.1671
1784736960000,0.17806,0.17806,0.17757,0.17757,1906.0,3389.5029
1784737020000,0.17759,0.17759,0.1773,0.17736,4533.0,8044.7434
1784737080000,0.17735,0.17805,0.17735,0.17804,4204.0,7478.0731
1784737140000,0.17804,0.17827,0.17803,0.17827,2434.0,4335.5114
1784737200000,0.17824,0.17861,0.17813,0.17861,6529.0,11646.4512
1784737260000,0.17866,0.17932,0.17855,0.17918,15407.0,27568.713
1784737320000,0.17926,0.17926,0.17829,0.17874,10624.0,18987.0514
1784737380000,0.17874,0.17877,0.17813,0.17814,10455.0,18655.3765
1784737440000,0.1781,0.17846,0.17807,0.17838,1881.0,3352.8805
1784737500000,0.17836,0.17839,0.17816,0.17818,985.0,1755.6619
1784737560000,0.17825,0.17825,0.17776,0.17777,2692.0,4791.1534
1784737620000,0.17784,0.17818,0.17784,0.17816,3594.0,6400.5617
1784737680000,0.17818,0.17825,0.17807,0.17819,1156.0,2059.5039
1784737740000,0.17819,0.17846,0.17819,0.17836,451.0,804.3485
1784737800000,0.17845,0.17863,0.17838,0.17863,2349.0,4192.1936
1784737860000,0.17865,0.17933,0.17861,0.17899,13462.0,24107.0841
1784737920000,0.17902,0.17915,0.17893,0.17893,6349.0,11367.5319
1784737980000,0.17894,0.17912,0.17892,0.17912,1776.0,3178.4706
1784738040000,0.17916,0.17949,0.17901,0.17942,7025.0,12599.3436
1784738100000,0.17941,0.17953,0.17923,0.17924,2320.0,4162.0358
1784738160000,0.17923,0.17936,0.17923,0.17935,1140.0,2043.7328
1784738220000,0.17934,0.17958,0.17933,0.17941,5514.0,9898.6059
1784738280000,0.1794,0.18042,0.1794,0.18025,12883.0,23173.8801
1784738340000,0.18023,0.18073,0.18012,0.18024,11268.0,20329.3435
1784738400000,0.18021,0.18024,0.17941,0.17944,2847.0,5120.502
1784738460000,0.17947,0.1797,0.17947,0.1797,9410.0,16902.1068
1784738520000,0.17977,0.18007,0.17977,0.17977,1765.0,3174.7005
1784738580000,0.17983,0.17998,0.17983,0.17997,1676.0,3015.4586
1784738640000,0.17996,0.18,0.17983,0.17984,3956.0,7116.5947
1784738700000,0.17986,0.18011,0.17972,0.17973,9917.0,17849.4954
1784738760000,0.17978,0.17986,0.17951,0.17951,851.0,1529.6396
1784738820000,0.17949,0.1795,0.17933,0.1795,657.0,1178.6872
1784738880000,0.17949,0.1795,0.17919,0.17937,702.0,1259.0304
1784738940000,0.17933,0.1794,0.17923,0.17924,859.0,1540.2769
1784739000000,0.17924,0.17968,0.1792,0.17968,3392.0,6086.0583
1784739060000,0.17969,0.17988,0.17963,0.17964,1039.0,1867.2016
1784739120000,0.17963,0.17974,0.17963,0.17974,591.0,1061.8152
1784739180000,0.17986,0.17986,0.17956,0.17965,2875.0,5166.9886
1784739240000,0.17965,0.17969,0.17945,0.17945,5672.0,10189.0262
1784739300000,0.17939,0.17998,0.17939,0.17995,5796.0,10412.4759
1784739360000,0.17997,0.18017,0.17997,0.18004,1385.0,2494.158
1784739420000,0.18006,0.18014,0.18006,0.18012,492.0,886.1322
1784739480000,0.18012,0.18012,0.17993,0.17993,1962.0,3532.2048
1784739540000,0.17992,0.17996,0.17982,0.17982,1830.0,3291.941
1784739600000,0.17982,0.17999,0.17977,0.17999,6548.0,11775.4041
1784739660000,0.17999,0.17999,0.17984,0.17988,1649.0,2966.7481
1784739720000,0.17988,0.1799,0.17965,0.17988,2564.0,4609.8727
1784739780000,0.17988,0.1799,0.17957,0.17976,3203.0,5757.0957
1784739840000,0.17975,0.17975,0.1791,0.17911,1674.0,3000.9452
1784739900000,0.17908,0.1791,0.17895,0.17907,3987.0,7138.819
1784739960000,0.17894,0.17902,0.17886,0.17901,5187.0,9282.5038
1784740020000,0.17904,0.17957,0.17901,0.17957,2147.0,3849.6722
1784740080000,0.17956,0.17963,0.17956,0.17959,678.0,1217.7168
1784740140000,0.17957,0.17959,0.17927,0.17928,3027.0,5429.0832
1784740200000,0.17929,0.17938,0.17929,0.1793,2172.0,3895.8058
1784740260000,0.17934,0.17965,0.17927,0.17927,18842.0,33819.2083
1784740320000,0.17936,0.17941,0.1791,0.17924,2461.0,4412.5864
1784740380000,0.17924,0.17924,0.17908,0.17908,3495.0,6259.9175
1784740440000,0.17898,0.17925,0.17887,0.17916,983.0,1759.7337
1784740500000,0.17911,0.17911,0.17887,0.17887,526.0,941.4911
1784740560000,0.17887,0.17897,0.17878,0.17878,1142.0,2043.1979
1784740620000,0.17877,0.17894,0.17877,0.17886,2303.0,4119.3663
1784740680000,0.17888,0.17907,0.17856,0.17867,2080.0,3720.4508
1784740740000,0.17864,0.17875,0.17839,0.17839,4794.0,8562.801
1784740800000,0.17839,0.17847,0.17825,0.17847,3610.0,6436.8894
1784740860000,0.17849,0.1787,0.17839,0.17839,1229.0,2194.91
1784740920000,0.17831,0.17845,0.17828,0.17844,729.0,1300.2964
1784740980000,0.17843,0.17843,0.17822,0.17826,1020.0,1819.0985
1784741040000,0.17826,0.17841,0.17821,0.17838,3379.0,6025.3291
1784741100000,0.17837,0.17838,0.17813,0.17814,838.0,1493.3805
1784741160000,0.17813,0.17816,0.17768,0.17768,6748.0,12002.4548
1784741220000,0.17779,0.17809,0.17772,0.17793,7105.0,12640.589
1784741280000,0.17787,0.17806,0.17778,0.17794,8946.0,15907.4213
1784741340000,0.17792,0.17797,0.17791,0.17791,471.0
1784741400000,0.1779,0.1782,0.17783,0.17818,1583.0
1784741460000,0.17819,0.17844,0.17818,0.17844,988.0
1784741520000,0.1784,0.17844,0.17829,0.17834,3478.0
1784741580000,0.17834,0.17837,0.17826,0.17833,2634.0
1784741640000,0.17836,0.17843,0.17831,0.17832,4201.0
1784741700000,0.17822,0.1786,0.17812,0.1786,1929.0
1784741760000,0.17861,0.17866,0.1786,0.17864,536.0
1784741820000,0.17861,0.17865,0.17851,0.17862,1916.0
1784741880000,0.17862,0.17862,0.17854,0.17854,2053.0
1784741940000,0.17854,0.17884,0.17854,0.17884,431.0
1784742000000,0.17887,0.1789,0.17857,0.17883,6342.0
1784742060000,0.17883,0.17886,0.17867,0.17877,1156.0
1784742120000,0.17886,0.17902,0.17861,0.17864,1878.0
1784742180000,0.17862,0.1789,0.17862,0.17885,583.0
1784742240000,0.17886,0.17895,0.17881,0.17881,1236.0
1784742300000,0.1788,0.1788,0.17865,0.17874,3751.0
1784742360000,0.17876,0.17912,0.17871,0.179,2632.0
1784742420000,0.17899,0.17909,0.17891,0.17891,1089.0
1784742480000,0.17883,0.17887,0.17857,0.17863,3969.0
1784742540000,0.1786,0.17879,0.17838,0.17838,4919.0
1784742600000,0.17832,0.17864,0.17832,0.17843,1232.0
1784742660000,0.17842,0.17858,0.1784,0.1784,1746.0
1784742720000,0.17841,0.17845,0.17812,0.17824,997.0
1784742780000,0.17819,0.17825,0.17813,0.17816,1160.0
1784742840000,0.17813,0.17823,0.17809,0.17813,1150.0
1784742900000,0.17813,0.17813,0.17788,0.17805,1336.0
1784742960000,0.17806,0.17809,0.17801,0.17804,675.0
1784743020000,0.17807,0.17815,0.17788,0.17795,910.0
1784743080000,0.17791,0.17792,0.17782,0.17782,838.0
1784743140000,0.1778,0.17786,0.17767,0.17784,2072.0
1784743200000,0.17783,0.17791,0.1778,0.17788,1234.0
1784743260000,0.17789,0.17789,0.17763,0.17772,854.0
1784743320000,0.17772,0.17773,0.17761,0.17773,4273.0
1784743380000,0.17771,0.17787,0.17771,0.17787,668.0
1784743440000,0.1779,0.178,0.1779,0.178,303.0
1784743500000,0.178,0.17805,0.17791,0.17803,2549.0
1784743560000,0.17804,0.17825,0.17804,0.17819,1129.0
1784759340000,0.17528,0.17538,0.17526,0.17538,533.0,934.4917
1784759400000,0.17533,0.17533,0.17517,0.1752,1940.0,3398.8084
1784759460000,0.1752,0.17528,0.1752,0.17522,678.0,1188.0197
1784759520000,0.17522,0.17528,0.17522,0.17527,259.0,453.9247
1784759580000,0.17526,0.17528,0.17518,0.17525,1119.0,1960.7832
1784759640000,0.17525,0.17525,0.17512,0.17512,1255.0,2198.5243
1784759700000,0.17512,0.17512,0.1747,0.1748,2947.0,5156.0089
1784759760000,0.1748,0.1748,0.17468,0.17469,796.0,1391.07
1784759820000,0.17469,0.17477,0.17469,0.17475,641.0,1120.0687
1784759880000,0.17477,0.17477,0.17467,0.17475,798.0,1394.2479
1784759940000,0.17474,0.17477,0.17472,0.17474,897.0,1567.5007
1784760000000,0.1747,0.17473,0.1747,0.17471,532.0,929.462
1784760060000,0.1747,0.17476,0.17469,0.17476,439.0,767.0084
1784760120000,0.17476,0.17479,0.17476,0.17477,362.0,632.6714
1784760180000,0.17478,0.17484,0.17469,0.17469,2030.0,3547.3176
1784760240000,0.17459,0.1746,0.1745,0.1745,872.0,1521.9497
1784760300000,0.17448,0.17451,0.17442,0.17451,684.0,1193.4155
1784760360000,0.17452,0.17463,0.17452,0.17461,139.0,242.7033
1784760420000,0.17464,0.17476,0.17464,0.1747,211.0,368.6242
1784760480000,0.1747,0.17472,0.17468,0.17469,619.0,1081.3526
1784760540000,0.17472,0.17496,0.1747,0.17496,1166.0,2038.9031
1784760600000,0.17499,0.17499,0.17496,0.17496,180.0,314.9552
1784760660000,0.17498,0.17498,0.17498,0.17498,42.0,73.4916
1784760720000,0.175,0.17514,0.175,0.17514,1886.0,3301.8594
1784760780000,0.17517,0.17519,0.17513,0.17517,659.0,1154.4057
1784760840000,0.17517,0.17527,0.17517,0.17527,557.0,975.9313
1784760900000,0.17529,0.17529,0.17522,0.17527,449.0,786.8558
1784760960000,0.17528,0.17538,0.17528,0.17538,657.0,1152.0079
1784761020000,0.17538,0.1754,0.17523,0.17523,651.0,1141.5136
1784761080000,0.17524,0.17528,0.17524,0.17526,186.0,325.982
1784761140000,0.17527,0.17528,0.17525,0.17525,334.0,585.3817
1784761200000,0.17532,0.17532,0.17507,0.17507,302.0,529.0254
1784761260000,0.17501,0.17506,0.17472,0.17476,1570.0,2744.0346
1784761320000,0.17471,0.17492,0.17467,0.17481,2645.0,4624.5775
1784761380000,0.17468,0.1747,0.17467,0.17468,415.0,724.9615
1784761440000,0.1747,0.1747,0.17411,0.17418,5089.0,8877.0427
1784761500000,0.17418,0.17422,0.17412,0.17412,435.0,757.5923
1784761560000,0.17412,0.17415,0.17412,0.17415,1474.0,2566.7394
1784761620000,0.17416,0.17422,0.17416,0.17421,456.0,794.3369
1784761680000,0.17424,0.17447,0.17419,0.17441,3166.0,5519.486
1784761740000,0.17443,0.17443,0.17443,0.17443,62.0,108.1466
1784761800000,0.1744,0.17448,0.1744,0.17448,368.0,641.8987
1784761860000,0.17453,0.17463,0.17412,0.17412,2188.0,3816.6532
1784761920000,0.17411,0.17414,0.1736,0.17374,5295.0,9206.3558
1784761980000,0.17374,0.17376,0.17322,0.1735,10096.0,17506.0097
1784762040000,0.17356,0.17361,0.17309,0.17332,4345.0,7536.6173
1784762100000,0.17337,0.17344,0.17327,0.17327,331.0,573.7454
1784762160000,0.17325,0.17354,0.17318,0.17344,718.0,1244.0201
1784762220000,0.17337,0.17338,0.17323,0.17328,481.0,833.6718
1784762280000,0.17325,0.17328,0.17301,0.17318,1499.0,2595.4492
1784762340000,0.17316,0.17328,0.17316,0.17325,538.0,932.0039
1784762400000,0.17326,0.1734,0.17324,0.17339,540.0,936.1233
1784762460000,0.17339,0.17349,0.17337,0.17346,1234.0,2140.0486
1784762520000,0.17347,0.17348,0.17345,0.17348,759.0,1316.6017
1784762580000,0.17347,0.17361,0.17345,0.17346,5872.0,10190.8788
1784762640000,0.17348,0.17349,0.17339,0.17348,886.0,1536.8001
1784762700000,0.1735,0.17357,0.17348,0.17356,820.0,1423.0148
1784762760000,0.17354,0.17368,0.17354,0.1736,654.0,1135.6084
1784762820000,0.17359,0.17379,0.17358,0.17367,1716.0,2980.8503
1784762880000,0.17368,0.17368,0.17358,0.17359,962.0,1670.4122
1784762940000,0.17359,0.1736,0.17354,0.17355,511.0,886.9198
1784763000000,0.17354,0.17365,0.17354,0.17358,669.0,1161.3123
1784763060000,0.17359,0.17359,0.17348,0.17348,695.0,1206.2853
1784763120000,0.17348,0.17357,0.17348,0.17356,672.0,1166.2999
1784763180000,0.17358,0.17358,0.17356,0.17357,586.0,1017.1129
1784763240000,0.17357,0.17358,0.17338,0.17338,733.0,1271.7063
1784763300000,0.17336,0.17359,0.17334,0.17359,528.0,915.7971
1784763360000,0.1736,0.17367,0.17358,0.17367,745.0,1293.6439
1784763420000,0.17367,0.1737,0.17366,0.17367,761.0,1321.6586
1784763480000,0.17368,0.17375,0.17367,0.17373,438.0,760.7884
1784763540000,0.17373,0.17379,0.17373,0.17378,784.0,1362.3822
1784763600000,0.17377,0.17385,0.17376,0.1738,810.0,1407.7049
1784763660000,0.17376,0.17378,0.17376,0.17376,872.0,1515.255
1784763720000,0.17376,0.17376,0.17371,0.17373,579.0,1005.9059
1784763780000,0.17373,0.17373,0.17365,0.17373,948.0,1646.7265
1784763840000,0.17376,0.17377,0.17376,0.17377,201.0,349.2706
1784763900000,0.17377,0.17385,0.17377,0.17385,668.0,1160.8925
1784763960000,0.17386,0.17389,0.17386,0.17387,855.0,1486.6547
1784764020000,0.17388,0.17389,0.17377,0.17377,778.0,1352.4698
1784764080000,0.17377,0.17387,0.17377,0.17378,879.0,1527.5553
1784764140000,0.17379,0.17382,0.17379,0.17382,119.0,206.843
1784764200000,0.17386,0.17386,0.17386,0.17386,50.0,86.93
1784764260000,0.17387,0.17388,0.17387,0.17387,608.0,1057.1343
1784764320000,0.17387,0.17387,0.17377,0.17387,1342.0,2332.7164
1784764380000,0.17386,0.17388,0.17386,0.17388,239.0,415.5501
1784764440000,0.17386,0.17407,0.17386,0.17407,987.0,1717.1102
1784764500000,0.17404,0.17405,0.17396,0.17397,1419.0,2468.7673
1784764560000,0.17398,0.17433,0.17397,0.17433,1190.0,2072.9634
1784764620000,0.17428,0.17434,0.17428,0.17434,349.0,608.409
1784764680000,0.17435,0.17437,0.17435,0.17436,760.0,1325.1529
1784764740000,0.17437,0.17437,0.17428,0.17433,333.0,580.4897
1784764800000,0.17433,0.17433,0.17415,0.1742,1245.0,2168.5948
1784764860000,0.17419,0.1743,0.17407,0.1743,2230.0,3883.4933
1784764920000,0.17429,0.17437,0.17405,0.17405,895.0,1558.8794
1784764980000,0.17407,0.17415,0.17405,0.17411,908.0,1580.8266
1784765040000,0.17414,0.17436,0.1741,0.17432,1008.0,1756.2482
1784765100000,0.17433,0.17455,0.17431,0.17455,890.0,1552.5092
1784765160000,0.17448,0.17448,0.17436,0.17448,1037.0,1808.7539
1784765220000,0.17448,0.17453,0.17445,0.17447,1196.0,2086.6533
1784765280000,0.17448,0.17448,0.17447,0.17448,337.0,587.981
1784765340000,0.17449,0.17465,0.17447,0.17457,841.0,1467.9985
1784765400000,0.17459,0.17476,0.17457,0.17469,5063.0,8843.8131
1784765460000,0.17468,0.17491,0.17467,0.17488,5638.0,9856.9285
1784765520000,0.17487,0.17492,0.17474,0.17486,693.0,1211.5885
1784765580000,0.17481,0.17483,0.17465,0.17468,827.0,1445.3797
1784765640000,0.17475,0.17484,0.17474,0.17484,710.0,1240.886
1784765700000,0.17484,0.17484,0.17443,0.17443,1492.0,2607.0641
1784765760000,0.17441,0.17459,0.17435,0.17459,1278.0,2229.3533
1784765820000,0.17465,0.17488,0.17465,0.17472,294.0,513.9005
1784765880000,0.17473,0.17473,0.17443,0.17445,954.0,1665.0812
1784765940000,0.17444,0.17464,0.17444,0.17464,1081.0,1887.072
1784766000000,0.17473,0.17501,0.17469,0.1749,10205.0,17845.9937
1784766060000,0.17495,0.17511,0.17494,0.17511,6943.0,12153.7004
1784766120000,0.17517,0.1754,0.17511,0.17538,9080.0,15913.9043
1784766180000,0.17538,0.17549,0.17536,0.17549,2233.0,3916.4617
1784766240000,0.17557,0.17558,0.17553,0.17558,1215.0,2132.968
1784766300000,0.17554,0.17584,0.17554,0.17584,5338.0,9377.6322
1784766360000,0.1759,0.17613,0.1759,0.17604,9946.0,17514.1031
1784766420000,0.17605,0.17641,0.17605,0.17636,4703.0,8290.9171
1784766480000,0.17636,0.17636,0.17599,0.17601,2085.0,3675.1901
1784766540000,0.17594,0.17594,0.17583,0.17584,432.0,759.7436
1784766600000,0.17583,0.17594,0.17566,0.17582,620.0,1089.9835
1784766660000,0.17587,0.17592,0.17578,0.17591,1763.0,3099.3369
1784766720000,0.17592,0.1761,0.17585,0.17591,2434.0,4283.4693
1784766780000,0.17591,0.17591,0.17581,0.17585,260.0,457.2401
1784766840000,0.17585,0.17605,0.17585,0.17605,376.0,661.6752
1784766900000,0.17607,0.17611,0.17596,0.17596,1449.0,2550.6987
1784766960000,0.17598,0.176,0.17568,0.17568,1193.0,2097.3772
1784767020000,0.17568,0.17568,0.17559,0.17559,2583.0,4537.5617
1784767080000,0.17558,0.17562,0.17553,0.17553,980.0,1720.6367
1784767140000,0.17558,0.1756,0.17557,0.17559,799.0,1402.8977
1784767200000,0.17559,0.17559,0.17543,0.17543,1029.0,1806.2365
1784767260000,0.17549,0.17556,0.17549,0.17553,313.0,549.4202
1784767320000,0.17545,0.17545,0.17532,0.17532,210.0,368.3383
1784767380000,0.17533,0.17557,0.17533,0.17554,4152.0,7284.102
1784767440000,0.17551,0.17551,0.17542,0.17542,644.0,1129.8872
1784767500000,0.17543,0.17554,0.17543,0.17554,656.0,1151.217
1784767560000,0.17554,0.1757,0.17554,0.17569,596.0,1046.6092
1784767620000,0.1757,0.1757,0.17547,0.1756,2813.0,4939.8266
1784767680000,0.17559,0.17559,0.17551,0.17557,942.0,1653.7629
1784767740000,0.17556,0.17564,0.17547,0.17547,1911.0,3354.5232
1784767800000,0.17544,0.17556,0.17534,0.17536,854.0,1498.2303
1784767860000,0.1754,0.17576,0.1754,0.17576,492.0,863.6711
1784767920000,0.17579,0.17582,0.17554,0.17554,2325.0,4084.1197
1784767980000,0.17552,0.1756,0.17552,0.1756,118.0,207.1464
1784768040000,0.17559,0.1756,0.17559,0.17559,1203.0,2112.4142
1784768100000,0.17559,0.17563,0.17547,0.17547,829.0,1455.5498
1784768160000,0.17544,0.17574,0.17542,0.17543,3329.0,5845.4537
1784768220000,0.17542,0.17581,0.17541,0.17581,4003.0,7031.5026
1784768280000,0.17585,0.17659,0.17585,0.17609,14677.0,25870.415
1784768340000,0.17611,0.17613,0.17567,0.1757,3434.0,6038.401
1784768400000,0.17565,0.17579,0.1754,0.17564,4435.0,7787.9588
1784768460000,0.17565,0.17573,0.1754,0.17551,4099.0,7199.5466
1784768520000,0.17539,0.17554,0.17537,0.17554,671.0,1177.2217
1784768580000,0.17555,0.17569,0.17553,0.17569,1306.0,2292.8104
1784768640000,0.17573,0.1758,0.1757,0.1757,376.0,660.8068
1784768700000,0.1757,0.17595,0.17562,0.17595,840.0,1476.5434
1784768760000,0.17592,0.17592,0.17544,0.17544,713.0,1253.1775
1784768820000,0.17551,0.17567,0.17549,0.17558,419.0,735.5915
1784768880000,0.17557,0.17558,0.17531,0.17531,2180.0,3824.0273
1784768940000,0.17531,0.17531,0.17521,0.17522,491.0,860.5294
1784769000000,0.17523,0.17524,0.17515,0.17524,188.0,329.3513
1784769060000,0.17518,0.17522,0.17512,0.17512,839.0,1469.6444
1784769120000,0.17511,0.17511,0.17508,0.17508,124.0,217.127
1784769180000,0.17506,0.1751,0.17506,0.1751,314.0,549.7625
1784769240000,0.17512,0.17519,0.1751,0.17519,339.0,593.7411
1784769300000,0.17513,0.17519,0.17509,0.17519,653.0,1143.7589
1784769360000,0.17524,0.17524,0.17499,0.17499,1254.0,2195.8923
1784769420000,0.17498,0.175,0.17462,0.17462,2068.0,3616.0466
1784769480000,0.17467,0.17467,0.17445,0.17449,1176.0,2052.0996
1784769540000,0.17449,0.17455,0.17445,0.17449,632.0,1102.7485
1784769600000,0.17444,0.17463,0.17439,0.17462,839.0,1464.2202
1784769660000,0.1747,0.1749,0.17465,0.17488,916.0,1601.368
1784769720000,0.17487,0.17488,0.17473,0.17473,619.0,1082.1734
1784769780000,0.17476,0.17476,0.17467,0.17469,197.0,344.1503
1784769840000,0.17471,0.1749,0.17469,0.17473,526.0,919.2753
1784769900000,0.17471,0.1748,0.17468,0.17478,632.0,1104.3756
1784769960000,0.17479,0.17495,0.17479,0.17495,490.0,856.8343
1784770020000,0.17494,0.17505,0.17494,0.17503,461.0,806.7573
1784770080000,0.17503,0.1751,0.17494,0.17494,473.0,827.9723
1784770140000,0.17495,0.17495,0.17485,0.17485,862.0,1507.8404
1784770200000,0.17478,0.17481,0.1745,0.1745,525.0,917.2687
1784770260000,0.17446,0.1745,0.17428,0.17428,460.0,802.4944
1784770320000,0.17422,0.17458,0.17422,0.17457,389.0,678.5206
1784770380000,0.17459,0.17462,0.17448,0.17452,434.0,757.528
1784770440000,0.17452,0.17452,0.17448,0.17451,320.0,558.4234
1784770500000,0.17449,0.17449,0.17434,0.1744,311.0,542.3688
1784770560000,0.17433,0.17434,0.17424,0.17434,535.0,932.5293
1784770620000,0.17443,0.17443,0.17433,0.17433,3811.0,6644.5458
1784770680000,0.17434,0.17447,0.17431,0.1744,597.0,1041.198
1784770740000,0.17438,0.1746,0.17435,0.17435,1011.0,1763.9585
1784770800000,0.17432,0.17447,0.17432,0.17444,519.0,905.2631
1784770860000,0.17444,0.17449,0.17438,0.17439,232.0,404.6746
1784770920000,0.17447,0.17447,0.17443,0.17445,503.0,877.4776
1784770980000,0.17441,0.17446,0.1744,0.17446,144.0,251.1629
1784771040000,0.17457,0.17457,0.17455,0.17455,91.0,158.8507
1784771100000,0.17439,0.17448,0.17438,0.17444,558.0,973.3094
1784771160000,0.17445,0.17447,0.17443,0.17443,786.0,1371.1875
1784771220000,0.17445,0.17446,0.17427,0.17428,429.0,748.0009
1784771280000,0.17429,0.17446,0.17429,0.17446,635.0,1107.3929
1784771340000,0.17447,0.17454,0.17445,0.17454,502.0
1784771400000,0.17449,0.17461,0.17448,0.17457,438.0
1784771460000,0.17464,0.17468,0.17462,0.17464,665.0
1784771520000,0.17461,0.17465,0.17461,0.17463,326.0
1784771580000,0.17463,0.17474,0.17447,0.17474,1643.0
1784771640000,0.1747,0.17494,0.1747,0.17493,811.0
1784771700000,0.17493,0.17496,0.17485,0.17486,2976.0
1784771760000,0.17487,0.17492,0.17487,0.17489,381.0
1784771820000,0.17489,0.17489,0.17466,0.17466,481.0
1784771880000,0.17466,0.17468,0.17461,0.17461,580.0
1784771940000,0.17452,0.17454,0.17449,0.17451,734.0
1784772000000,0.1745,0.17455,0.17449,0.17451,545.0
1784772060000,0.17444,0.17476,0.17442,0.17474,891.0
1784772120000,0.17475,0.17481,0.17447,0.17458,1144.0
1784772180000,0.17453,0.17454,0.17418,0.17419,815.0
1784772240000,0.17421,0.17465,0.17421,0.17465,966.0
1784772300000,0.17463,0.17463,0.17433,0.17443,365.0
1784772360000,0.17447,0.17449,0.17446,0.17448,438.0
1784772420000,0.17447,0.17447,0.17439,0.1744,566.0
1784772480000,0.17441,0.17443,0.17436,0.17441,452.0
1784772540000,0.1744,0.1744,0.17436,0.17436,1309.0
1784772600000,0.17441,0.17444,0.17435,0.17438,470.0
1784772660000,0.17432,0.17436,0.17432,0.17432,501.0
1784772720000,0.1743,0.17431,0.17415,0.17415,1146.0
1784772780000,0.17416,0.17417,0.17415,0.17415,829.0
1784772840000,0.17414,0.17426,0.17414,0.17421,2552.0
1784772900000,0.17415,0.1744,0.17415,0.17424,793.0
1784772960000,0.17423,0.17423,0.17417,0.17423,1196.0
1784773020000,0.17423,0.17423,0.17412,0.17413,680.0
1784773080000,0.17411,0.17411,0.17401,0.17411,736.0
1784773140000,0.1742,0.17422,0.1742,0.17421,151.0
1784773200000,0.17416,0.17421,0.17412,0.17412,571.0
1784773260000,0.17411,0.17414,0.17401,0.17401,847.0
1784773320000,0.17401,0.17402,0.17394,0.17394,501.0
1784773380000,0.17393,0.17393,0.17376,0.17376,834.0
1784773440000,0.1738,0.17395,0.1738,0.17394,884.0
1784773500000,0.17387,0.17387,0.17355,0.17355,3855.0
1784773560000,0.17357,0.17369,0.17353,0.17353,865.0
1784789340000,0.1741,0.17412,0.1741,0.1741,826.0,1438.1222
1784789400000,0.1741,0.17416,0.1741,0.17416,1190.0,2072.2588
1784789460000,0.17415,0.17416,0.17402,0.17402,680.0,1183.8555
1784789520000,0.17404,0.17404,0.17385,0.17389,540.0,939.3611
1784789580000,0.17395,0.17407,0.17395,0.17407,371.0,645.6118
1784789640000,0.17408,0.17413,0.17408,0.1741,481.0,837.4269
1784789700000,0.1741,0.1741,0.17397,0.17399,620.0,1079.0799
1784789760000,0.17401,0.17402,0.174,0.17401,560.0,974.469
1784789820000,0.17401,0.17422,0.17401,0.17422,1488.0,2590.4132
1784789880000,0.17422,0.17422,0.17409,0.1741,767.0,1335.741
1784789940000,0.17411,0.17418,0.17408,0.17416,868.0,1511.4931
1784790000000,0.17413,0.17413,0.1738,0.1738,827.0,1438.9236
1784790060000,0.17377,0.17377,0.1736,0.17362,337.0,585.3429
1784790120000,0.17364,0.17391,0.17362,0.17391,338.0,587.2234
1784790180000,0.17396,0.17409,0.17396,0.17407,234.0,407.1857
1784790240000,0.17401,0.17403,0.17374,0.17379,799.0,1388.8859
1784790300000,0.17379,0.17381,0.17373,0.17373,326.0,566.5701
1784790360000,0.17371,0.17374,0.1737,0.17371,178.0,309.2185
1784790420000,0.17374,0.17374,0.17366,0.17366,406.0,705.2314
1784790480000,0.17367,0.17367,0.17366,0.17366,331.0,574.8205
1784790540000,0.17366,0.17366,0.17358,0.17362,731.0,1269.1035
1784790600000,0.17364,0.17372,0.17347,0.17347,375.0,651.0235
1784790660000,0.17335,0.17335,0.17247,0.17247,16415.0,28368.2961
1784790720000,0.17246,0.17252,0.17224,0.17252,1635.0,2817.7457
1784790780000,0.17258,0.1726,0.17246,0.17257,503.0,867.8849
1784790840000,0.17265,0.17292,0.17263,0.17291,1893.0,3272.1525
1784790900000,0.1729,0.17304,0.17282,0.17289,13489.0,23328.6099
1784790960000,0.17293,0.173,0.17285,0.17295,3060.0,5291.9995
1784791020000,0.17298,0.17303,0.17293,0.173,1619.0,2800.7603
1784791080000,0.17299,0.17311,0.17294,0.17299,4645.0,8037.187
1784791140000,0.17305,0.17305,0.17286,0.17296,418.0,722.8568
1784791200000,0.173,0.17308,0.1728,0.17308,981.0,1696.2736
1784791260000,0.17304,0.17304,0.17288,0.17288,257.0,444.4492
1784791320000,0.1729,0.173,0.1729,0.17299,458.0,792.1456
1784791380000,0.17299,0.173,0.17296,0.17297,666.0,1152.0582
1784791440000,0.17295,0.17295,0.17272,0.17282,10336.0,17854.8452
1784791500000,0.17282,0.17295,0.17282,0.17292,367.0,634.5372
1784791560000,0.17297,0.17302,0.17291,0.17291,529.0,914.829
1784791620000,0.17289,0.17289,0.1728,0.17287,353.0,610.2005
1784791680000,0.17292,0.17294,0.17288,0.1729,821.0,1419.5957
1784791740000,0.17291,0.17302,0.1729,0.17302,865.0,1496.0856
1784791800000,0.173,0.17301,0.1729,0.1729,897.0,1551.6381
1784791860000,0.17288,0.17289,0.17277,0.17285,1647.0,2846.3677
1784791920000,0.17283,0.17286,0.17273,0.17278,691.0,1194.0449
1784791980000,0.1728,0.17302,0.1728,0.17299,205.0,354.6298
1784792040000,0.17294,0.17295,0.17292,0.17294,525.0,907.9207
1784792100000,0.17293,0.17295,0.1728,0.1728,783.0,1354.0106
1784792160000,0.17281,0.17298,0.17281,0.17298,849.0,1467.6135
1784792220000,0.17296,0.17303,0.17286,0.17303,3518.0,6085.0785
1784792280000,0.17301,0.17301,0.17289,0.17289,4613.0,7980.4798
1784792340000,0.17292,0.17292,0.17286,0.17289,2563.0,4430.88
1784792400000,0.17288,0.17288,0.17268,0.1727,1097.0,1895.2499
1784792460000,0.17271,0.17281,0.17261,0.17261,1374.0,2372.9466
1784792520000,0.1726,0.1726,0.17249,0.17251,627.0,1081.7424
1784792580000,0.1725,0.17254,0.17249,0.17254,686.0,1183.4515
1784792640000,0.1725,0.17251,0.17241,0.17249,5411.0,9331.7186
1784792700000,0.17251,0.17261,0.17244,0.17254,3889.0,6708.6366
1784792760000,0.17253,0.1726,0.17243,0.17259,1099.0,1895.5937
1784792820000,0.17257,0.17257,0.1724,0.17245,586.0,1010.5664
1784792880000,0.17246,0.17258,0.17246,0.17258,818.0,1411.1182
1784792940000,0.17254,0.17255,0.17237,0.17248,966.0,1666.0396
1784793000000,0.17249,0.17259,0.17248,0.17259,3997.0,6895.4774
1784793060000,0.17261,0.17261,0.17251,0.17251,573.0,988.8163
1784793120000,0.17248,0.17262,0.17248,0.1726,593.0,1023.3057
1784793180000,0.1726,0.17262,0.17259,0.17262,1111.0,1917.5497
1784793240000,0.17262,0.17273,0.1726,0.17273,963.0,1662.484
1784793300000,0.17271,0.17289,0.17271,0.1728,2738.0,4730.3028
1784793360000,0.1728,0.1729,0.1728,0.1729,600.0,1037.1153
1784793420000,0.17289,0.17297,0.17289,0.17294,2136.0,3693.7779
1784793480000,0.17293,0.17299,0.17293,0.17295,1315.0,2274.366
1784793540000,0.17294,0.17295,0.17287,0.17291,772.0,1334.8843
1784793600000,0.17297,0.17297,0.17271,0.17275,1209.0,2089.0994
1784793660000,0.17274,0.17274,0.17262,0.17263,918.0,1585.3253
1784793720000,0.17263,0.17272,0.17254,0.17266,847.0,1461.951
1784793780000,0.1726,0.17288,0.1726,0.17282,1182.0,2042.1961
1784793840000,0.17287,0.17294,0.17283,0.17284,961.0,1661.6131
1784793900000,0.17283,0.17295,0.17283,0.17287,1098.0,1898.2556
1784793960000,0.17288,0.17293,0.1728,0.17291,1974.0,3412.4805
1784794020000,0.17292,0.17293,0.17285,0.17285,9467.0,16367.8315
1784794080000,0.17292,0.17312,0.17292,0.17312,1533.0,2653.1614
1784794140000,0.17313,0.17316,0.17305,0.17308,2092.0,3621.8257
1784794200000,0.17307,0.17315,0.17305,0.17307,1135.0,1964.6221
1784794260000,0.17307,0.17316,0.17303,0.17316,1884.0,3260.9919
1784794320000,0.17308,0.17316,0.17307,0.17315,729.0,1261.9911
1784794380000,0.17315,0.17319,0.17313,0.17318,917.0,1587.8322
1784794440000,0.17318,0.17318,0.17305,0.17313,954.0,1651.2811
1784794500000,0.17312,0.17313,0.17294,0.17296,910.0,1574.5484
1784794560000,0.17295,0.17297,0.1729,0.17297,538.0,930.3854
1784794620000,0.17302,0.17324,0.17301,0.17324,655.0,1134.111
1784794680000,0.17328,0.17334,0.17325,0.17325,621.0,1076.0401
1784794740000,0.17326,0.17326,0.17318,0.1732,525.0,909.3392
1784794800000,0.17322,0.17329,0.17319,0.17319,995.0,1723.8369
1784794860000,0.17319,0.17322,0.17305,0.17305,1207.0,2090.0562
1784794920000,0.17307,0.17312,0.17303,0.17307,839.0,1451.9794
1784794980000,0.17302,0.17302,0.17294,0.17294,847.0,1465.0377
1784795040000,0.17294,0.17297,0.17287,0.17292,4649.0,8037.8516
1784795100000,0.17292,0.17294,0.17287,0.17294,954.0,1649.6508
1784795160000,0.17296,0.17312,0.17294,0.17312,888.0,1536.3179
1784795220000,0.17312,0.17318,0.17312,0.17318,1021.0,1767.8302
1784795280000,0.17319,0.17334,0.17319,0.17334,1102.0,1909.209
1784795340000,0.1734,0.17347,0.1734,0.17347,242.0,419.6656
1784795400000,0.17348,0.17358,0.17347,0.17358,2278.0,3952.2625
1784795460000,0.17361,0.1738,0.1735,0.17367,2427.0,4214.0314
1784795520000,0.17371,0.17371,0.17345,0.17345,2443.0,4241.0022
1784795580000,0.17345,0.17361,0.17345,0.17359,659.0,1143.485
1784795640000,0.1736,0.17367,0.1736,0.17367,504.0,875.0877
1784795700000,0.17371,0.17377,0.17367,0.17371,4435.0,7704.7918
1784795760000,0.17371,0.17378,0.1737,0.17374,7131.0,12390.9598
1784795820000,0.17374,0.17387,0.17374,0.17378,1598.0,2777.6594
1784795880000,0.1738,0.17386,0.17376,0.17386,2833.0,4923.4849
1784795940000,0.17385,0.17385,0.17384,0.17385,186.0,323.3542
1784796000000,0.17384,0.17386,0.17381,0.17385,1469.0,2553.8535
1784796060000,0.17384,0.17396,0.17383,0.17387,962.0,1672.7846
1784796120000,0.17388,0.17395,0.17381,0.17394,1223.0,2126.4572
1784796180000,0.17394,0.17396,0.1739,0.17392,1068.0,1857.5817
1784796240000,0.1739,0.17395,0.1739,0.17393,921.0,1601.8132
1784796300000,0.17392,0.17392,0.17382,0.17389,4234.0,7361.5724
1784796360000,0.17389,0.17389,0.17387,0.17388,1049.0,1823.9687
1784796420000,0.17388,0.17389,0.17385,0.17389,700.0,1217.105
1784796480000,0.17389,0.17391,0.17388,0.1739,1768.0,3074.3849
1784796540000,0.17389,0.17389,0.17386,0.17386,92.0,159.976
1784796600000,0.17383,0.174,0.17381,0.1739,1273.0,2213.7728
1784796660000,0.17391,0.17392,0.17381,0.17382,371.0,644.9799
1784796720000,0.17385,0.17389,0.1737,0.1737,665.0,1156.0838
1784796780000,0.1737,0.17372,0.17369,0.17372,500.0,868.5446
1784796840000,0.1737,0.17383,0.1737,0.17379,728.0,1265.0353
1784796900000,0.1738,0.1738,0.17369,0.17369,659.0,1144.7358
1784796960000,0.17369,0.1738,0.17369,0.1738,939.0,1631.4152
1784797020000,0.1738,0.17384,0.1738,0.17382,494.0,858.6602
1784797080000,0.17381,0.17389,0.1738,0.17389,2169.0,3770.8913
1784797140000,0.17388,0.17397,0.17384,0.17384,2599.0,4519.174
1784797200000,0.17378,0.1738,0.17367,0.17369,1019.0,1770.0404
1784797260000,0.17369,0.17376,0.17365,0.17376,1739.0,3021.1441
1784797320000,0.17379,0.17411,0.17378,0.1741,2051.0,3568.0989
1784797380000,0.17408,0.17426,0.17408,0.17416,1903.0,3313.8437
1784797440000,0.17417,0.17429,0.17416,0.17428,1976.0,3443.0059
1784797500000,0.1743,0.1743,0.17409,0.17412,1278.0,2225.9865
1784797560000,0.17411,0.17416,0.17408,0.17408,930.0,1619.4207
1784797620000,0.1741,0.1741,0.17402,0.17404,1093.0,1902.5072
1784797680000,0.17405,0.17407,0.17398,0.17398,1028.0,1788.8695
1784797740000,0.174,0.17405,0.1739,0.17405,2650.0,4610.2126
1784797800000,0.17402,0.17402,0.17398,0.17401,595.0,1035.2958
1784797860000,0.17404,0.17405,0.17393,0.17403,1351.0,2350.5952
1784797920000,0.17402,0.17403,0.17396,0.17401,1074.0,1868.7475
1784797980000,0.174,0.17401,0.17394,0.17396,574.0,998.6085
1784798040000,0.17401,0.17403,0.17396,0.17397,774.0,1346.7069
1784798100000,0.17397,0.17402,0.17397,0.17401,627.0,1090.9651
1784798160000,0.17402,0.17412,0.174,0.1741,861.0,1498.6253
1784798220000,0.1741,0.17427,0.17409,0.17427,501.0,872.4205
1784798280000,0.17426,0.17427,0.1742,0.1742,601.0,1047.2632
1784798340000,0.1742,0.17426,0.1742,0.17424,225.0,392.0083
1784798400000,0.17429,0.17438,0.17414,0.17423,4883.0,8512.6376
1784798460000,0.17427,0.17428,0.1741,0.1741,646.0,1125.4998
1784798520000,0.17409,0.17409,0.17402,0.17403,891.0,1550.7027
1784798580000,0.17405,0.17407,0.17399,0.17404,734.0,1277.3513
1784798640000,0.17405,0.17405,0.17392,0.17392,1166.0,2028.43
1784798700000,0.17391,0.17394,0.17388,0.17394,586.0,1019.0383
1784798760000,0.17393,0.17393,0.17385,0.17391,1122.0,1951.2083
1784798820000,0.17391,0.17392,0.17389,0.1739,482.0,838.2067
1784798880000,0.17391,0.17392,0.17391,0.17392,470.0,817.386
1784798940000,0.17392,0.17392,0.17387,0.17387,352.0,612.1402
1784799000000,0.17386,0.17388,0.17375,0.17386,466.0,809.9172
1784799060000,0.17385,0.17393,0.17385,0.17392,1177.0,2046.7905
1784799120000,0.17392,0.17398,0.17392,0.17398,401.0,697.5936
1784799180000,0.17395,0.17396,0.17385,0.17386,590.0,1026.0128
1784799240000,0.17386,0.17386,0.17373,0.17377,704.0,1223.3743
1784799300000,0.17377,0.17388,0.17376,0.17385,5035.0,8752.0455
1784799360000,0.17385,0.17387,0.17383,0.17386,781.0,1357.7644
1784799420000,0.17386,0.17393,0.17386,0.17393,406.0,705.9665
1784799480000,0.17386,0.17389,0.17386,0.17388,525.0,912.843
1784799540000,0.17388,0.17392,0.17388,0.17391,348.0,605.1641
1784799600000,0.17392,0.17392,0.17391,0.17391,183.0,318.2639
1784799660000,0.17392,0.17392,0.17386,0.1739,330.0,573.8254
1784799720000,0.17391,0.17391,0.17389,0.17389,217.0,377.3702
1784799780000,0.17392,0.17393,0.17385,0.17392,673.0,1170.3191
1784799840000,0.17394,0.17394,0.17387,0.17387,631.0,1097.3754
1784799900000,0.17388,0.17399,0.17388,0.17399,724.0,1259.2542
1784799960000,0.17398,0.17398,0.17381,0.17381,675.0,1174.1005
1784800020000,0.17382,0.17384,0.17381,0.17384,584.0,1015.1455
1784800080000,0.17374,0.17379,0.17373,0.17373,338.0,587.3067
1784800140000,0.17377,0.17377,0.17373,0.17373,203.0,352.7025
1784800200000,0.17371,0.17373,0.1737,0.17371,649.0,1127.3956
1784800260000,0.17373,0.17373,0.17353,0.17361,890.0,1544.8849
1784800320000,0.17357,0.17357,0.17352,0.17353,659.0,1143.6732
1784800380000,0.17353,0.17362,0.17351,0.1736,5495.0,9535.1485
1784800440000,0.1736,0.17361,0.17344,0.17344,1007.0,1747.4553
1784800500000,0.17345,0.17349,0.17338,0.17345,958.0,1661.5015
1784800560000,0.17346,0.17346,0.17339,0.1734,486.0,842.7844
1784800620000,0.1734,0.17341,0.17339,0.17341,489.0,847.9349
1784800680000,0.1734,0.1734,0.17328,0.17328,863.0,1496.043
1784800740000,0.17329,0.17338,0.17328,0.17333,1887.0,3270.2327
1784800800000,0.17334,0.1734,0.17316,0.17318,443.0,767.5141
1784800860000,0.17318,0.17329,0.17318,0.17329,639.0,1107.1655
1784800920000,0.17329,0.17345,0.17329,0.17345,339.0,587.6436
1784800980000,0.17346,0.17353,0.17346,0.17353,412.0,714.8333
1784801040000,0.17352,0.17362,0.17352,0.17362,305.0,529.4191
1784801100000,0.17364,0.17373,0.17364,0.1737,452.0,785.1564
1784801160000,0.17366,0.17371,0.17364,0.1737,510.0,885.7768
1784801220000,0.1737,0.17388,0.17369,0.17388,983.0,1708.1194
1784801280000,0.17391,0.17391,0.17368,0.17368,778.0,1352.172
1784801340000,0.1737,0.17377,0.17368,0.17376,1010.0
1784801400000,0.17373,0.17381,0.17373,0.17381,1111.0
1784801460000,0.17381,0.17384,0.17381,0.17381,923.0
1784801520000,0.17381,0.17392,0.17381,0.17391,966.0
1784801580000,0.1739,0.17392,0.17388,0.17392,554.0
1784801640000,0.17393,0.174,0.17393,0.174,728.0
1784801700000,0.17399,0.17405,0.17399,0.174,1872.0
1784801760000,0.174,0.1741,0.17397,0.1741,2971.0
1784801820000,0.1741,0.1741,0.17409,0.17409,65.0
1784801880000,0.17411,0.17421,0.17411,0.1742,132.0
1784801940000,0.1742,0.1742,0.17412,0.17412,80.0
1784802000000,0.17412,0.17412,0.17401,0.17405,320.0
1784802060000,0.17405,0.17405,0.17401,0.17402,384.0
1784802120000,0.17408,0.17412,0.17408,0.17409,681.0
1784802180000,0.17409,0.17411,0.17408,0.17411,766.0
1784802240000,0.1741,0.17421,0.17409,0.17419,691.0
1784802300000,0.1742,0.17421,0.17418,0.17421,508.0
1784802360000,0.17425,0.1743,0.17421,0.1743,1790.0
1784802420000,0.1743,0.17437,0.17428,0.17429,934.0
1784802480000,0.17432,0.17436,0.17428,0.17429,1161.0
1784802540000,0.17428,0.1743,0.17426,0.17426,697.0
1784802600000,0.17425,0.17436,0.17413,0.17423,4331.0
1784802660000,0.17424,0.17443,0.17424,0.17443,821.0
1784802720000,0.17442,0.17446,0.17441,0.17446,474.0
1784802780000,0.17446,0.17448,0.17442,0.17442,620.0
1784802840000,0.17444,0.17445,0.17441,0.17443,1042.0
1784802900000,0.17442,0.1745,0.17442,0.1745,1163.0
1784802960000,0.17449,0.1745,0.17449,0.1745,196.0
1784803020000,0.17449,0.17456,0.17449,0.1745,1130.0
1784803080000,0.1745,0.17456,0.1745,0.17454,379.0
1784803140000,0.17454,0.17454,0.1745,0.1745,693.0
1784803200000,0.17451,0.17454,0.1745,0.1745,642.0
1784803260000,0.17458,0.17458,0.17446,0.1745,1926.0
1784803320000,0.17449,0.17451,0.17448,0.17449,1131.0
1784803380000,0.17449,0.17451,0.17448,0.17449,674.0
1784803440000,0.17449,0.1745,0.17449,0.1745,760.0
1784803500000,0.1745,0.17451,0.17449,0.17451,798.0
1784803560000,0.1745,0.1745,0.17448,0.1745,133.0
1784821620000,0.16984,0.16984,0.16976,0.16981,1225.0
1784821680000,0.16987,0.17003,0.16987,0.17003,694.0
1784821740000,0.17001,0.17031,0.17,0.17031,768.0
1784821800000,0.1703,0.17056,0.17024,0.17056,1567.0
1784821860000,0.17057,0.17058,0.17039,0.1704,1281.0
1784821920000,0.17044,0.17044,0.17022,0.17028,8392.0
1784821980000,0.17028,0.1703,0.17026,0.17028,1063.0
1784822040000,0.17027,0.1703,0.17022,0.17024,695.0
1784822100000,0.17024,0.17044,0.17024,0.17044,1085.0
1784822160000,0.17041,0.17051,0.17041,0.17051,225.0
1784822220000,0.17052,0.17055,0.1705,0.1705,623.0
1784822280000,0.1705,0.17056,0.17039,0.17045,8268.0
1784822340000,0.17045,0.17046,0.17037,0.17038,6741.0
1784822400000,0.17037,0.17051,0.17022,0.1705,3581.0
1784822460000,0.17051,0.17056,0.17014,0.17024,3543.0
1784822520000,0.17027,0.17029,0.17008,0.17013,3424.0
1784822580000,0.17016,0.17019,0.16987,0.16989,27722.0
1784822640000,0.16991,0.16994,0.1697,0.1697,2728.0
1784822700000,0.16971,0.16971,0.16955,0.16955,2200.0
1784822760000,0.16952,0.16969,0.16948,0.16967,1076.0
1784822820000,0.16968,0.1697,0.16966,0.16966,977.0
1784822880000,0.16964,0.16968,0.16953,0.16967,3538.0
1784822940000,0.16967,0.16969,0.16962,0.16969,695.0
1784823000000,0.16971,0.16978,0.16946,0.16946,1186.0
1784823060000,0.16947,0.16974,0.16947,0.16963,3435.0
1784823120000,0.16964,0.16975,0.1696,0.16971,729.0
1784823180000,0.16974,0.16981,0.16967,0.16973,973.0
1784823240000,0.16981,0.16981,0.16977,0.16979,6484.0
1784823300000,0.16978,0.16989,0.16978,0.16989,1081.0
1784823360000,0.16989,0.16989,0.16951,0.16951,1440.0
1784823420000,0.1695,0.16957,0.16942,0.16952,2328.0
1784823480000,0.16955,0.16956,0.16949,0.16952,619.0
1784823540000,0.16954,0.16959,0.16935,0.16959,1845.0
1784823600000,0.16958,0.16964,0.16953,0.16963,596.0
1784823660000,0.16966,0.16976,0.16965,0.16968,1142.0
1784823720000,0.16964,0.16966,0.16954,0.16964,904.0
1784823780000,0.16964,0.16989,0.16964,0.16989,881.0
1784823840000,0.16989,0.16989,0.16981,0.16983,809.0
1784823900000,0.16982,0.16988,0.16968,0.16968,1429.0
1784823960000,0.16966,0.16966,0.16956,0.16956,325.0
1784824020000,0.16957,0.16957,0.16949,0.16952,777.0
1784824080000,0.1695,0.16954,0.16948,0.16954,2119.0
1784824140000,0.16955,0.16989,0.16955,0.16989,1551.0
1784824200000,0.16989,0.16991,0.16964,0.16966,843.0
1784824260000,0.16968,0.16976,0.16957,0.16962,10168.0
1784824320000,0.16963,0.16965,0.16956,0.16956,1016.0
1784824380000,0.16956,0.16965,0.16954,0.16957,1290.0
1784824440000,0.16957,0.16959,0.16952,0.16953,990.0
1784824500000,0.16955,0.16958,0.16925,0.16925,5046.0
1784824560000,0.16923,0.16948,0.16922,0.16948,4475.0
1784824620000,0.16946,0.16947,0.16942,0.16947,563.0
1784824680000,0.16947,0.16949,0.16945,0.16949,807.0
1784824740000,0.16951,0.16956,0.16945,0.16946,961.0
1784824800000,0.16947,0.16955,0.16943,0.16944,637.0
1784824860000,0.16944,0.16949,0.16912,0.16921,6319.0
1784824920000,0.16921,0.16931,0.16921,0.16931,1823.0
1784824980000,0.16932,0.16946,0.16932,0.16945,1084.0
1784825040000,0.16945,0.16946,0.16937,0.16937,943.0
1784825100000,0.16933,0.16943,0.16933,0.16933,737.0
1784825160000,0.16933,0.16934,0.16931,0.16931,782.0
1784825220000,0.16931,0.16935,0.16931,0.16935,1529.0
1784825280000,0.16936,0.16937,0.16935,0.16936,678.0
1784825340000,0.16936,0.16936,0.16926,0.16926,2117.0
1784825400000,0.16924,0.16933,0.16922,0.16925,6480.0
1784825460000,0.16925,0.1695,0.16925,0.16936,2042.0
1784825520000,0.16937,0.16945,0.16934,0.16934,1136.0
1784825580000,0.16934,0.16936,0.16914,0.16915,1246.0
1784825640000,0.16916,0.16925,0.16916,0.16922,898.0
1784825700000,0.16921,0.16925,0.16919,0.16925,996.0
1784825760000,0.16924,0.16935,0.16918,0.16933,1212.0
1784825820000,0.16934,0.16939,0.16933,0.16936,1826.0
1784825880000,0.16934,0.16946,0.16933,0.16946,975.0
1784825940000,0.16945,0.16946,0.16935,0.16935,3089.0
1784826000000,0.16935,0.16963,0.16923,0.16954,2603.0
1784826060000,0.16949,0.16949,0.16934,0.16935,2828.0
1784826120000,0.16934,0.16935,0.16918,0.16935,733.0
1784826180000,0.16935,0.16938,0.16933,0.16934,886.0
1784826240000,0.16934,0.16944,0.16925,0.16925,1338.0
1784826300000,0.16924,0.16924,0.16906,0.16913,922.0
1784826360000,0.16913,0.1693,0.16913,0.16914,2076.0
1784826420000,0.16913,0.16925,0.16913,0.16922,817.0
1784826480000,0.16926,0.16935,0.16915,0.16915,340.0
1784826540000,0.16915,0.16935,0.16914,0.16926,699.0
1784826600000,0.16925,0.16946,0.16923,0.16933,931.0
1784826660000,0.16934,0.16934,0.16914,0.16914,677.0
1784826720000,0.16915,0.16941,0.16915,0.16937,1083.0
1784826780000,0.16938,0.1694,0.1693,0.1693,747.0
1784826840000,0.1693,0.16937,0.1693,0.16936,894.0
1784826900000,0.16942,0.16942,0.16939,0.16942,727.0
1784826960000,0.16945,0.16967,0.16944,0.16952,4740.0
1784827020000,0.16954,0.16967,0.16942,0.16942,3287.0
1784827080000,0.16941,0.16941,0.16932,0.16932,794.0
1784827140000,0.16933,0.16949,0.16932,0.16947,547.0
1784827200000,0.16955,0.16977,0.16954,0.16964,849.0
1784827260000,0.16966,0.1697,0.16959,0.16959,564.0
1784827320000,0.16958,0.16964,0.16954,0.16964,1512.0
1784827380000,0.16964,0.16974,0.16959,0.16974,576.0
1784827440000,0.16974,0.16979,0.16973,0.16979,725.0
1784827500000,0.16974,0.16984,0.16969,0.16977,3057.0
1784827560000,0.1698,0.1699,0.16978,0.16989,973.0
1784827620000,0.16988,0.1699,0.16986,0.16986,666.0
1784827680000,0.16983,0.16986,0.16983,0.16984,89.0
1784827740000,0.16984,0.16984,0.16984,0.16984,16.0
1784827800000,0.16975,0.1698,0.16975,0.16977,602.0
1784827860000,0.16975,0.16977,0.16962,0.16964,1200.0
1784827920000,0.16962,0.16965,0.16954,0.16955,782.0
1784827980000,0.16952,0.16982,0.16952,0.16982,1035.0
1784828040000,0.16982,0.16983,0.1698,0.1698,846.0
1784828100000,0.1698,0.16983,0.16964,0.16966,1056.0
1784828160000,0.16961,0.16967,0.16958,0.16962,650.0
1784828220000,0.16957,0.16957,0.16946,0.16946,3472.0
1784828280000,0.16948,0.16956,0.16948,0.16948,769.0
1784828340000,0.16947,0.16949,0.16938,0.16941,330.0
1784828400000,0.1694,0.16942,0.16927,0.16928,1910.0
1784828460000,0.16928,0.16935,0.16921,0.16933,10865.0
1784828520000,0.16936,0.16951,0.16934,0.16951,1263.0
1784828580000,0.16952,0.16958,0.16949,0.16954,8148.0
1784828640000,0.16954,0.16955,0.16953,0.16954,763.0
1784828700000,0.16952,0.16954,0.16929,0.1695,2051.0
1784828760000,0.16949,0.16949,0.16932,0.16948,781.0
1784828820000,0.16947,0.16949,0.1694,0.1694,3026.0
1784828880000,0.1694,0.16947,0.16926,0.16942,3864.0
1784828940000,0.16942,0.16942,0.1694,0.16942,563.0
1784829000000,0.16939,0.16939,0.16931,0.16931,887.0
1784829060000,0.1693,0.16935,0.16911,0.16913,1651.0
1784829120000,0.16913,0.16915,0.16905,0.16912,952.0
1784829180000,0.16912,0.1692,0.16903,0.16919,1006.0
1784829240000,0.16916,0.16918,0.16902,0.16902,724.0
1784829300000,0.16901,0.16901,0.16861,0.16873,8389.0
1784829360000,0.16873,0.16892,0.16862,0.16879,656.0
1784829420000,0.16877,0.1688,0.16871,0.16873,1225.0
1784829480000,0.16871,0.16872,0.16794,0.16841,13935.0
1784829540000,0.16837,0.16849,0.16835,0.16849,1609.0
1784829600000,0.16845,0.16854,0.16839,0.16854,2242.0
1784829660000,0.16851,0.16867,0.16851,0.16866,1055.0
1784829720000,0.16868,0.16868,0.16854,0.16862,359.0
1784829780000,0.16865,0.16883,0.1686,0.16883,1269.0
1784829840000,0.16879,0.16885,0.1687,0.16872,1865.0
1784829900000,0.16871,0.16871,0.16851,0.16862,6160.0
1784829960000,0.16862,0.16873,0.16861,0.16869,3757.0
1784830020000,0.16869,0.16869,0.16855,0.16864,1552.0
1784830080000,0.16863,0.1688,0.16862,0.16879,1735.0
1784830140000,0.16885,0.16885,0.1688,0.16882,378.0
1784830200000,0.16878,0.16884,0.16873,0.16873,633.0
1784830260000,0.16852,0.16862,0.16852,0.16862,192.0
1784830320000,0.16861,0.16864,0.1685,0.16862,1191.0
1784830380000,0.16861,0.1688,0.16859,0.16873,851.0
1784830440000,0.16874,0.16874,0.16871,0.16871,536.0
1784830500000,0.16872,0.16884,0.16872,0.16883,328.0
1784830560000,0.16883,0.16883,0.1687,0.16871,2301.0
1784830620000,0.16863,0.16866,0.16855,0.1686,909.0
1784830680000,0.16851,0.16881,0.16851,0.16855,914.0
1784830740000,0.16853,0.16872,0.16853,0.16871,738.0
1784830800000,0.16877,0.16881,0.16875,0.16881,1004.0
1784830860000,0.16881,0.16882,0.16872,0.16882,1247.0
1784830920000,0.16882,0.16901,0.16882,0.16899,2892.0
1784830980000,0.16894,0.16905,0.16893,0.16898,1256.0
1784831040000,0.16904,0.16918,0.16903,0.16918,770.0
1784831100000,0.16918,0.16929,0.16918,0.16918,423.0
1784831160000,0.1692,0.16928,0.16918,0.16928,929.0
1784831220000,0.16928,0.16932,0.16921,0.16921,1744.0
1784831280000,0.16918,0.1693,0.16918,0.16929,460.0
1784831340000,0.16928,0.16945,0.16928,0.16945,1010.0
1784831400000,0.16945,0.16951,0.16938,0.1694,6488.0
1784831460000,0.16943,0.16953,0.16943,0.16951,3257.0
1784831520000,0.1695,0.16954,0.16945,0.16953,738.0
1784831580000,0.16953,0.16958,0.16952,0.16957,427.0
1784831640000,0.16956,0.16958,0.16948,0.16956,750.0
1784831700000,0.16959,0.1696,0.1695,0.16953,1853.0
1784831760000,0.1695,0.16951,0.16939,0.16939,1077.0
1784831820000,0.1694,0.16948,0.16932,0.16947,1481.0
1784831880000,0.16949,0.16951,0.16935,0.16935,670.0
1784831940000,0.16934,0.16934,0.16915,0.16921,4726.0
1784832000000,0.16912,0.16913,0.16901,0.16911,4085.0
1784832060000,0.16909,0.16909,0.1689,0.1689,731.0
1784832120000,0.16892,0.16899,0.1689,0.16899,617.0
1784832180000,0.16897,0.1691,0.16893,0.16909,891.0
1784832240000,0.1691,0.1691,0.16907,0.16908,649.0
1784832300000,0.16911,0.16912,0.1691,0.16912,466.0
1784832360000,0.16914,0.16929,0.16914,0.16924,1284.0
1784832420000,0.16937,0.16937,0.16935,0.16935,439.0
1784832480000,0.16937,0.16954,0.16937,0.16953,416.0
1784832540000,0.16947,0.1695,0.16943,0.1695,498.0
1784832600000,0.1695,0.1695,0.16941,0.16941,560.0
1784832660000,0.1694,0.1694,0.16931,0.16932,470.0
1784832720000,0.16944,0.16944,0.16934,0.16943,1008.0
1784832780000,0.16948,0.16956,0.16945,0.16954,400.0
1784832840000,0.16952,0.16954,0.16934,0.16935,367.0
1784832900000,0.16927,0.16952,0.16927,0.1695,688.0
1784832960000,0.16951,0.16951,0.16935,0.16935,517.0
1784833020000,0.16926,0.16926,0.16914,0.16915,432.0
1784833080000,0.1691,0.16917,0.16908,0.16917,1575.0
1784833140000,0.16917,0.16926,0.16913,0.16926,3131.0
1784833200000,0.16926,0.16933,0.16925,0.16933,472.0
1784833260000,0.16932,0.16933,0.16924,0.16927,249.0
1784833320000,0.16928,0.16928,0.16926,0.16926,596.0
1784833380000,0.16926,0.16927,0.16915,0.16915,488.0
1784833440000,0.16915,0.16917,0.16915,0.16915,611.0
1784833500000,0.16916,0.16926,0.16915,0.16926,928.0
1784833560000,0.16926,0.16926,0.16923,0.16923,172.0
1784851620000,0.16789,0.16789,0.16764,0.16764,1455.0
1784851680000,0.16765,0.1678,0.16765,0.16776,1464.0
1784851740000,0.16775,0.16776,0.1676,0.1676,775.0
1784851800000,0.16759,0.16764,0.16754,0.16755,855.0
1784851860000,0.16755,0.16762,0.16747,0.16762,810.0
1784851920000,0.16762,0.16771,0.16762,0.16771,746.0
1784851980000,0.16774,0.16778,0.16761,0.16775,7522.0
1784852040000,0.16775,0.16776,0.16773,0.16776,726.0
1784852100000,0.16775,0.16778,0.16754,0.16762,486.0
1784852160000,0.16763,0.16774,0.16762,0.16772,2609.0
1784852220000,0.1678,0.16782,0.16775,0.16777,438.0
1784852280000,0.16773,0.1679,0.16772,0.1679,897.0
1784852340000,0.16789,0.16789,0.16758,0.16758,6071.0
1784852400000,0.16756,0.16773,0.16748,0.16773,1695.0
1784852460000,0.16774,0.16779,0.16773,0.16778,5378.0
1784852520000,0.16779,0.16783,0.16777,0.16781,972.0
1784852580000,0.1678,0.16796,0.16779,0.16792,1450.0
1784852640000,0.16793,0.16795,0.16777,0.16777,1264.0
1784852700000,0.16773,0.1678,0.1677,0.1677,1506.0
1784852760000,0.16771,0.16804,0.16771,0.16791,4183.0
1784852820000,0.1679,0.16791,0.16786,0.16787,1106.0
1784852880000,0.16785,0.16785,0.16759,0.16766,1175.0
1784852940000,0.16768,0.16768,0.16764,0.16764,1033.0
1784853000000,0.16764,0.16771,0.16756,0.16758,1266.0
1784853060000,0.16759,0.16766,0.16751,0.16763,3959.0
1784853120000,0.16766,0.16768,0.16724,0.16724,8481.0
1784853180000,0.16722,0.16722,0.16677,0.16721,11045.0
1784853240000,0.16722,0.16734,0.16721,0.16734,534.0
1784853300000,0.16734,0.16748,0.16734,0.16748,707.0
1784853360000,0.16747,0.16761,0.16747,0.16754,684.0
1784853420000,0.16755,0.16757,0.16752,0.16752,1025.0
1784853480000,0.16754,0.16754,0.16729,0.16734,504.0
1784853540000,0.16734,0.16745,0.16734,0.16741,380.0
1784853600000,0.16738,0.16738,0.16727,0.16727,423.0
1784853660000,0.16735,0.16736,0.16698,0.16698,9614.0
1784853720000,0.16697,0.16714,0.16697,0.16712,1410.0
1784853780000,0.16712,0.16721,0.16708,0.1671,4508.0
1784853840000,0.16719,0.16719,0.16711,0.16712,719.0
1784853900000,0.16713,0.16724,0.16712,0.16722,876.0
1784853960000,0.16728,0.16735,0.16727,0.16733,835.0
1784854020000,0.16732,0.16738,0.16724,0.16733,871.0
1784854080000,0.16732,0.16736,0.16726,0.16726,1318.0
1784854140000,0.16726,0.16726,0.16709,0.16709,1828.0
1784854200000,0.1671,0.16711,0.167,0.16711,2123.0
1784854260000,0.16711,0.16712,0.16701,0.16711,867.0
1784854320000,0.16712,0.16712,0.16698,0.167,3413.0
1784854380000,0.167,0.16702,0.16697,0.16698,1148.0
1784854440000,0.16695,0.16695,0.1667,0.1667,2362.0
1784854500000,0.16671,0.16698,0.1667,0.16696,7910.0
1784854560000,0.16695,0.16701,0.16692,0.16701,2252.0
1784854620000,0.16701,0.16708,0.16699,0.16707,1696.0
1784854680000,0.16712,0.16719,0.16712,0.16714,1012.0
1784854740000,0.16709,0.16722,0.16709,0.16712,8065.0
1784854800000,0.16714,0.16716,0.16667,0.16679,9525.0
1784854860000,0.1668,0.16704,0.1668,0.16704,2455.0
1784854920000,0.16705,0.16707,0.16697,0.16697,441.0
1784854980000,0.16698,0.16698,0.1667,0.16675,885.0
1784855040000,0.16676,0.16731,0.16676,0.16731,1591.0
1784855100000,0.16737,0.16746,0.16726,0.16735,1252.0
1784855160000,0.16736,0.16737,0.16717,0.16717,328.0
1784855220000,0.16714,0.1672,0.16713,0.16718,564.0
1784855280000,0.16712,0.16719,0.16712,0.16719,182.0
1784855340000,0.16718,0.16719,0.16708,0.1671,676.0
1784855400000,0.16708,0.16724,0.16705,0.16709,1643.0
1784855460000,0.16705,0.16705,0.16685,0.167,4213.0
1784855520000,0.16699,0.16699,0.16679,0.16691,1822.0
1784855580000,0.16691,0.16695,0.16688,0.16692,763.0
1784855640000,0.16689,0.16689,0.16688,0.16688,190.0
1784855700000,0.16686,0.16686,0.16639,0.16665,13778.0
1784855760000,0.16663,0.16678,0.16659,0.16664,1484.0
1784855820000,0.16659,0.16667,0.16653,0.16667,547.0
1784855880000,0.16668,0.16669,0.16649,0.16652,1586.0
1784855940000,0.16652,0.16664,0.16652,0.16664,620.0
1784856000000,0.16661,0.16664,0.16656,0.16659,393.0
1784856060000,0.16658,0.16658,0.1663,0.16635,6533.0
1784856120000,0.16639,0.16644,0.16639,0.16644,1572.0
1784856180000,0.16644,0.16646,0.16641,0.16644,724.0
1784856240000,0.16645,0.16667,0.16641,0.16667,716.0,1192.1838
1784856300000,0.16668,0.16676,0.16668,0.16668,1137.0,1895.7123
1784856360000,0.16681,0.16691,0.16681,0.16691,87.0,145.1418
1784856420000,0.16686,0.16711,0.16683,0.16711,1410.0,2355.1208
1784856480000,0.16707,0.1671,0.16704,0.16707,448.0,748.464
1784856540000,0.16705,0.16715,0.16677,0.16677,5447.0,9101.5762
1784856600000,0.16676,0.1668,0.16671,0.16675,936.0,1560.8371
1784856660000,0.16677,0.16689,0.16674,0.16674,480.0,800.6476
1784856720000,0.16677,0.16685,0.16677,0.16683,629.0,1049.2673
1784856780000,0.16688,0.1671,0.16688,0.1671,376.0,627.7145
1784856840000,0.16719,0.16719,0.16719,0.16719,75.0,125.3925
1784856900000,0.16715,0.16716,0.16696,0.16702,883.0,1475.1009
1784856960000,0.167,0.16704,0.16696,0.16698,619.0,1033.6366
1784857020000,0.16699,0.16714,0.16698,0.16713,900.0,1503.3939
1784857080000,0.1671,0.1672,0.16708,0.1672,768.0,1283.6056
1784857140000,0.1672,0.16724,0.16706,0.16707,559.0,934.4493
1784857200000,0.16706,0.16709,0.16696,0.16708,1183.0,1975.8912
1784857260000,0.16703,0.16716,0.16702,0.16716,370.0,618.2125
1784857320000,0.16719,0.1672,0.16708,0.16715,511.0,854.1238
1784857380000,0.16713,0.16728,0.16713,0.16728,303.0,506.6534
1784857440000,0.16722,0.16726,0.1672,0.16724,3398.0,5682.2864
1784857500000,0.16727,0.16728,0.16709,0.16711,3438.0,5749.832
1784857560000,0.16715,0.1672,0.16715,0.16715,1013.0,1693.452
1784857620000,0.16716,0.16721,0.16713,0.1672,459.0,767.335
1784857680000,0.1672,0.1672,0.16716,0.16719,570.0,952.9056
1784857740000,0.16717,0.16717,0.16696,0.16696,1521.0,2540.9205
1784857800000,0.16694,0.16694,0.16682,0.16682,602.0,1004.7097
1784857860000,0.16689,0.16692,0.1668,0.1669,476.0,794.3619
1784857920000,0.1669,0.16699,0.16688,0.16699,884.0,1475.4418
1784857980000,0.16696,0.16696,0.16683,0.16693,1269.0,2117.9989
1784858040000,0.16693,0.16696,0.16686,0.16686,902.0,1505.3717
1784858100000,0.16681,0.16681,0.16678,0.16678,970.0,1617.9034
1784858160000,0.16679,0.16679,0.16676,0.16677,670.0,1117.3974
1784858220000,0.16675,0.16678,0.16675,0.16677,707.0,1179.0717
1784858280000,0.16677,0.16691,0.16676,0.16687,1535.0,2560.9946
1784858340000,0.16688,0.16688,0.16687,0.16687,925.0,1543.5923
1784858400000,0.16686,0.16689,0.16686,0.16689,913.0,1523.559
1784858460000,0.16688,0.16702,0.16687,0.16698,1315.0,2195.5295
1784858520000,0.16697,0.16698,0.16686,0.16698,1524.0,2543.9782
1784858580000,0.16698,0.16708,0.16686,0.16707,1055.0,1761.6718
1784858640000,0.1671,0.1671,0.16692,0.16692,2010.0,3356.605
1784858700000,0.16695,0.16695,0.16688,0.1669,515.0,859.5099
1784858760000,0.16694,0.16697,0.1669,0.16697,460.0,767.8402
1784858820000,0.16692,0.16692,0.16676,0.16688,5314.0,8864.9131
1784858880000,0.16689,0.16707,0.16689,0.16707,1029.0,1718.4955
1784858940000,0.16708,0.16714,0.16702,0.16714,1005.0,1679.0037
1784859000000,0.16713,0.16721,0.16713,0.16721,276.0,461.4007
1784859060000,0.16725,0.16736,0.16725,0.16736,1836.0,3071.5917
1784859120000,0.16736,0.16739,0.16735,0.16737,767.0,1283.7433
1784859180000,0.16738,0.16747,0.16737,0.16738,1009.0,1689.0424
1784859240000,0.16738,0.16738,0.16736,0.16738,904.0,1513.0799
1784859300000,0.16737,0.1674,0.1673,0.16736,927.0,1551.3634
1784859360000,0.16735,0.1674,0.16726,0.16726,742.0,1241.6987
1784859420000,0.16726,0.16737,0.16726,0.16728,1765.0,2953.1353
1784859480000,0.16727,0.16734,0.16725,0.16728,949.0,1587.5408
1784859540000,0.16727,0.16733,0.16726,0.16733,664.0,1110.8198
1784859600000,0.16731,0.16733,0.16724,0.16726,1127.0,1885.1135
1784859660000,0.16727,0.16727,0.16711,0.16713,1151.0,1924.7343
1784859720000,0.16716,0.16718,0.16712,0.16717,867.0,1449.3157
1784859780000,0.16715,0.16718,0.16715,0.16717,1261.0,2108.0692
1784859840000,0.16718,0.16753,0.16718,0.16746,10149.0,16985.6707
1784859900000,0.16744,0.16759,0.1674,0.16756,4951.0,8295.6952
1784859960000,0.16753,0.16764,0.16752,0.16753,3753.0,6290.0108
1784860020000,0.16754,0.16756,0.16752,0.16752,379.0,634.9928
1784860080000,0.16747,0.16747,0.16747,0.16747,155.0,259.5785
1784860140000,0.16745,0.16745,0.16733,0.16738,2536.0,4245.5763
1784860200000,0.16735,0.16744,0.16735,0.16737,927.0,1551.5268
1784860260000,0.16735,0.16736,0.16726,0.16726,351.0,587.2777
1784860320000,0.16724,0.16727,0.16704,0.16705,723.0,1208.594
1784860380000,0.16704,0.16706,0.16652,0.16656,14384.0,23988.2377
1784860440000,0.1665,0.16655,0.16635,0.16635,3859.0,6424.3149
1784860500000,0.16632,0.16644,0.16623,0.16641,1749.0,2909.1385
1784860560000,0.16644,0.16647,0.16641,0.16645,976.0,1624.4602
1784860620000,0.16644,0.16652,0.16643,0.16652,1129.0,1879.4815
1784860680000,0.1665,0.16659,0.16649,0.16658,804.0,1338.9432
1784860740000,0.16648,0.16654,0.16643,0.16645,482.0,802.3865
1784860800000,0.16648,0.16679,0.16648,0.16677,1596.0,2659.2956
1784860860000,0.16673,0.16674,0.16666,0.16674,610.0,1016.8012
1784860920000,0.16673,0.16676,0.16669,0.1667,4876.0,8130.2154
1784860980000,0.16671,0.16672,0.16667,0.16669,1226.0,2043.5757
1784861040000,0.16668,0.16678,0.16667,0.16678,360.0,600.2447
1784861100000,0.16677,0.16679,0.16674,0.16679,281.0,468.6036
1784861160000,0.16677,0.16681,0.16669,0.16669,3966.0,6614.4163
1784861220000,0.16665,0.16669,0.1664,0.1664,1142.0,1901.9918
1784861280000,0.16645,0.16649,0.16625,0.16628,1024.0,1703.173
1784861340000,0.1663,0.16647,0.1663,0.16643,894.0,1487.3019
1784861400000,0.16647,0.16649,0.16625,0.16647,1176.0,1956.4815
1784861460000,0.16649,0.16659,0.16643,0.16657,708.0,1178.879
1784861520000,0.16657,0.16664,0.1665,0.16661,1040.0,1732.5231
1784861580000,0.16657,0.1666,0.16648,0.16649,3285.0,5472.2042
1784861640000,0.16643,0.16646,0.16635,0.16638,7014.0,11673.9255
1784861700000,0.1664,0.16646,0.16639,0.16643,1033.0,1719.0855
1784861760000,0.16642,0.16658,0.16642,0.16656,896.0,1491.892
1784861820000,0.16655,0.16665,0.16655,0.16665,2000.0,3332.2421
1784861880000,0.16668,0.16673,0.16658,0.16665,3295.0,5491.1226
1784861940000,0.16671,0.16671,0.16665,0.16666,645.0,1075.0376
1784862000000,0.16669,0.16669,0.16646,0.16664,2707.0,4510.1006
1784862060000,0.16667,0.16675,0.16667,0.16675,3736.0,6228.4073
1784862120000,0.16678,0.16684,0.16675,0.16684,1208.0,2014.9837
1784862180000,0.16686,0.167,0.16686,0.167,886.0,1478.9372
1784862240000,0.16703,0.16717,0.16703,0.16709,626.0,1046.1849
1784862300000,0.1671,0.16721,0.1671,0.16721,777.0,1298.8773
1784862360000,0.16727,0.16733,0.16726,0.16729,593.0,991.975
1784862420000,0.16729,0.16738,0.16717,0.16734,987.0,1650.7703
1784862480000,0.16742,0.16745,0.16734,0.16737,253.0,423.531
1784862540000,0.16735,0.16739,0.16725,0.16725,667.0,1116.2701
1784862600000,0.16724,0.16727,0.16717,0.16718,614.0,1026.6886
1784862660000,0.16717,0.16721,0.16711,0.1672,633.0,1058.0916
1784862720000,0.1672,0.16722,0.16719,0.1672,1620.0,2708.5845
1784862780000,0.16722,0.16732,0.16722,0.16726,1148.0,1920.283
1784862840000,0.16726,0.16739,0.16726,0.16737,949.0,1587.8276
1784862900000,0.16738,0.16757,0.16737,0.16756,1336.0,2237.2486
1784862960000,0.16751,0.16757,0.16747,0.1675,477.0,799.0836
1784863020000,0.16755,0.16757,0.16743,0.16757,528.0,884.2553
1784863080000,0.16758,0.16758,0.16752,0.16753,390.0,653.3986
1784863140000,0.16753,0.16757,0.16744,0.16748,768.0,1286.4576
1784863200000,0.16742,0.16746,0.16738,0.16746,2483.0,4157.4922
1784863260000,0.16749,0.16753,0.16747,0.16752,346.0,579.5208
1784863320000,0.16751,0.16763,0.16748,0.1676,2097.0,3513.9389
1784863380000,0.16759,0.16764,0.16746,0.16751,825.0,1382.2956
1784863440000,0.16752,0.16758,0.16747,0.16749,407.0,681.8396
1784863500000,0.16749,0.16753,0.16746,0.16753,4203.0,7039.8497
1784863560000,0.16757,0.16764,0.16757,0.16762,691.0,1158.238
1784863620000,0.16762,0.16773,0.16762,0.16764,1307.0,2191.0257
1784863680000,0.16763,0.16766,0.16763,0.16765,404.0,677.2763
1784863740000,0.16767,0.16767,0.16759,0.16759,153.0,256.4739
1784863800000,0.16759,0.16761,0.16753,0.16753,1051.0,1761.2442
1784863860000,0.16754,0.16757,0.16753,0.16756,709.0,1187.9422
1784863920000,0.16755,0.16755,0.16731,0.16734,722.0,1208.6723
1784863980000,0.16727,0.1673,0.16718,0.16718,618.0,1033.6932
1784864040000,0.1672,0.16724,0.16717,0.16724,401.0,670.4651
1784864100000,0.16727,0.16735,0.16725,0.16727,374.0,625.6762
1784864160000,0.16727,0.16727,0.16717,0.16717,375.0,627.0456
1784864220000,0.16713,0.16713,0.16713,0.16713,43.0,71.8659
1784864280000,0.16716,0.16719,0.16715,0.16716,545.0,911.0533
1784864340000,0.16718,0.16725,0.16714,0.16714,464.0,775.7354
1784864400000,0.16723,0.16729,0.16714,0.16715,582.0,973.2178
1784864460000,0.16724,0.16724,0.16712,0.16712,641.0,1071.557
1784864520000,0.16713,0.16725,0.16713,0.16722,750.0,1253.7944
1784864580000,0.16722,0.16727,0.16722,0.16727,760.0,1270.9832
1784864640000,0.16728,0.16734,0.16724,0.16734,4644.0,7767.8593
1784864700000,0.16733,0.16744,0.16724,0.16744,876.0,1465.7451
1784864760000,0.16746,0.16747,0.1674,0.1674,975.0,1632.3499
1784864820000,0.16741,0.16741,0.16737,0.16737,301.0,503.8471
1784864880000,0.16738,0.16743,0.16732,0.16743,715.0,1196.8453
1784864940000,0.16745,0.16748,0.16742,0.16748,808.0,1353.0733
1784865000000,0.16748,0.16748,0.16739,0.16744,555.0,929.1922
1784865060000,0.16744,0.16747,0.16742,0.16746,258.0,432.019
1784865120000,0.16747,0.16749,0.16736,0.16736,778.0,1302.6639
1784865180000,0.16738,0.16738,0.16728,0.16728,322.0,538.7575
1784865240000,0.16728,0.16728,0.16722,0.16725,578.0,966.6415
1784865300000,0.16724,0.16726,0.16723,0.16725,653.0,1092.05
1784865360000,0.16725,0.16735,0.16724,0.16734,573.0,958.5727
1784865420000,0.16738,0.16739,0.16737,0.16739,328.0,548.9957
1784865480000,0.16738,0.16739,0.16733,0.16737,859.0,1437.6964
1784865540000,0.16736,0.1674,0.16734,0.16737,747.0,1250.2339
1784865600000,0.16737,0.16737,0.16714,0.16717,290.0,484.9846
1784865660000,0.16713,0.16718,0.1671,0.16718,692.0,1156.7512
1784865720000,0.16717,0.16718,0.16716,0.16718,1168.0,1952.584
1784865780000,0.16719,0.16719,0.16711,0.16717,1115.0,1863.8605
1784865840000,0.16718,0.16718,0.16714,0.16717,584.0,976.2101
1784865900000,0.16714,0.16727,0.16714,0.16726,1553.0,2597.0911
1784865960000,0.16722,0.16722,0.16717,0.16717,579.0,967.9624
1784866020000,0.16716,0.16725,0.16716,0.16724,574.0,959.6338
1784866080000,0.16724,0.16736,0.16724,0.16734,719.0,1203.0315
1784866140000,0.16732,0.16737,0.1673,0.16736,729.0,1219.9128
1784866200000,0.16736,0.16737,0.16713,0.16713,7362.0,12312.8335
1784866260000,0.16714,0.16715,0.1671,0.16711,445.0,743.6928
1784866320000,0.16711,0.16712,0.1671,0.1671,584.0,975.9115
1784866380000,0.16711,0.16712,0.16685,0.16688,1083.0,1808.3065
1784866440000,0.16689,0.16693,0.16689,0.16693,232.0,387.2376
1784866500000,0.16688,0.16691,0.16681,0.16684,519.0,865.9842
1784866560000,0.1668,0.16691,0.1668,0.16691,569.0,949.5926
1784866620000,0.16691,0.16692,0.16689,0.16691,519.0,866.2164
1784866680000,0.16694,0.16706,0.16694,0.16705,1006.0,1680.4204
1784866740000,0.16705,0.1671,0.16704,0.16704,1434.0,2395.6808
1784866800000,0.16706,0.16706,0.16676,0.16676,2357.0,3930.9911
1784866860000,0.16676,0.16681,0.16675,0.16681,2076.0,3461.9898
1784866920000,0.16683,0.16691,0.1668,0.16691,3712.0,6193.7825
1784866980000,0.16693,0.1672,0.16693,0.1672,598.0,998.9386
1784867040000,0.1672,0.16721,0.16707,0.16708,1176.0,1965.6161
1784867100000,0.16709,0.16712,0.16709,0.16709,553.0,924.0775
1784867160000,0.16712,0.16717,0.16702,0.16705,398.0,664.9809
1784867220000,0.1671,0.1672,0.16709,0.16719,842.0,1407.5258
1784867280000,0.16719,0.16725,0.16718,0.16723,1158.0,1936.2827
1784867340000,0.16724,0.16731,0.16723,0.16727,1730.0,2893.5674
1784867400000,0.16724,0.16726,0.16721,0.16721,492.0,822.8321
1784867460000,0.1672,0.16723,0.1672,0.16722,851.0,1423.0624
1784867520000,0.16727,0.16728,0.16727,0.16728,867.0,1450.3057
1784867580000,0.16728,0.16736,0.16728,0.16735,878.0,1469.0689
1784867640000,0.16733,0.16733,0.16719,0.1672,1180.0,1973.9398
1784867700000,0.16723,0.16725,0.16722,0.16723,670.0,1120.4794
1784867760000,0.16721,0.16731,0.16721,0.16724,2165.0,3621.095
1784867820000,0.16722,0.16723,0.16719,0.16722,636.0,1063.4017
1784867880000,0.16722,0.16722,0.16719,0.1672,345.0,576.8458
1784867940000,0.16719,0.16721,0.16703,0.16703,1585.0,2649.5228
1784868000000,0.16699,0.167,0.16694,0.16694,322.0,537.6765
1784868060000,0.16694,0.16698,0.16691,0.16691,162.0,270.4535
1784868120000,0.1669,0.16692,0.1669,0.16692,172.0,287.1018
1784868180000,0.16693,0.16714,0.16693,0.16714,587.0,980.6444
1784881620000,0.16742,0.16749,0.16742,0.16749,289.0
1784881680000,0.16749,0.16749,0.16749,0.16749,157.0
1784881740000,0.16748,0.16766,0.16748,0.16766,787.0
1784881800000,0.16767,0.16776,0.16764,0.16765,634.0
1784881860000,0.16765,0.16779,0.16764,0.16779,771.0
1784881920000,0.1678,0.1678,0.16774,0.16778,1241.0
1784881980000,0.16778,0.16778,0.16773,0.16773,820.0
1784882040000,0.16775,0.1679,0.16774,0.1679,2674.0
1784882100000,0.16789,0.16791,0.1678,0.1678,862.0
1784882160000,0.16782,0.16787,0.16777,0.16785,1133.0
1784882220000,0.16783,0.16795,0.16781,0.16792,1075.0
1784882280000,0.16793,0.16795,0.16789,0.16795,257.0
1784882340000,0.16794,0.16802,0.16794,0.168,1017.0
1784882400000,0.168,0.16804,0.168,0.168,667.0
1784882460000,0.168,0.16802,0.16789,0.1679,4776.0
1784882520000,0.16792,0.16792,0.16782,0.16782,1014.0
1784882580000,0.16784,0.16792,0.16781,0.16792,3131.0
1784882640000,0.16794,0.168,0.16794,0.168,212.0
1784882700000,0.16799,0.16799,0.16793,0.16793,166.0
1784882760000,0.16793,0.16793,0.16791,0.16792,84.0
1784882820000,0.16792,0.16792,0.16792,0.16792,138.0
1784882880000,0.16791,0.16791,0.16782,0.16782,287.0
1784882940000,0.16782,0.16782,0.16782,0.16782,44.0
1784883000000,0.16791,0.16791,0.16786,0.16787,2948.0
1784883060000,0.16782,0.16782,0.1678,0.16782,292.0
1784883120000,0.16779,0.16779,0.16772,0.16772,173.0
1784883180000,0.16772,0.16774,0.1677,0.1677,726.0
1784883240000,0.1677,0.1678,0.16769,0.16774,1138.0
1784883300000,0.16775,0.1678,0.16774,0.16779,944.0
1784883360000,0.16779,0.1678,0.16777,0.1678,667.0
1784883420000,0.16777,0.1678,0.16777,0.1678,832.0
1784883480000,0.16778,0.1678,0.16773,0.16773,347.0
1784883540000,0.16772,0.16775,0.16772,0.16773,630.0
1784883600000,0.16774,0.16779,0.16773,0.16775,1241.0
1784883660000,0.16778,0.16781,0.16772,0.16781,795.0
1784883720000,0.16783,0.1679,0.16783,0.1679,743.0
1784883780000,0.16789,0.16789,0.16783,0.16785,418.0
1784883840000,0.16784,0.16785,0.16763,0.16763,1569.0
1784883900000,0.16763,0.16764,0.16729,0.1673,1870.0
1784883960000,0.16733,0.16735,0.16721,0.16724,8182.0
1784884020000,0.1672,0.16743,0.16712,0.16732,1900.0
1784884080000,0.16729,0.16736,0.16727,0.16731,1196.0
1784884140000,0.1673,0.16739,0.16728,0.16739,1075.0
1784884200000,0.16734,0.16734,0.16723,0.16729,716.0
1784884260000,0.16723,0.16724,0.16702,0.1671,4830.0
1784884320000,0.16711,0.16711,0.16707,0.16709,1065.0
1784884380000,0.16709,0.16711,0.16703,0.16703,1393.0
1784884440000,0.16697,0.16697,0.16668,0.16668,1788.0
1784884500000,0.16668,0.16684,0.16584,0.16618,22927.0
1784884560000,0.16619,0.16668,0.16619,0.16658,4203.0
1784884620000,0.16659,0.16676,0.16657,0.16676,5332.0
1784884680000,0.16673,0.16679,0.16672,0.16673,2283.0
1784884740000,0.16672,0.16672,0.16646,0.16657,8040.0
1784884800000,0.16653,0.1666,0.1665,0.16652,2910.0
1784884860000,0.16652,0.16659,0.16649,0.16654,1127.0
1784884920000,0.16652,0.1666,0.16632,0.16637,6074.0
1784884980000,0.16639,0.16664,0.16636,0.16656,1109.0
1784885040000,0.16657,0.16659,0.16652,0.16654,768.0
1784885100000,0.16653,0.1667,0.16653,0.16667,1066.0
1784885160000,0.16669,0.16679,0.16667,0.16672,1806.0
1784885220000,0.16675,0.16675,0.16667,0.16668,888.0
1784885280000,0.16667,0.1667,0.16663,0.16665,2054.0
1784885340000,0.16664,0.1667,0.16664,0.16665,782.0
1784885400000,0.16665,0.16671,0.16664,0.16668,502.0
1784885460000,0.16664,0.16667,0.16664,0.16666,1225.0
1784885520000,0.16671,0.1668,0.16671,0.16672,902.0
1784885580000,0.16673,0.16674,0.16667,0.16668,891.0
1784885640000,0.16663,0.1667,0.1666,0.1667,956.0
1784885700000,0.16669,0.16672,0.16663,0.16666,741.0
1784885760000,0.16669,0.16679,0.16669,0.16679,554.0
1784885820000,0.16676,0.16681,0.1667,0.16676,1396.0
1784885880000,0.16677,0.16679,0.1667,0.16675,870.0
1784885940000,0.16674,0.16685,0.16674,0.16684,412.0
1784886000000,0.16686,0.16703,0.16686,0.16702,717.0
1784886060000,0.167,0.16702,0.16696,0.16697,854.0
1784886120000,0.16696,0.16705,0.16696,0.16705,2129.0
1784886180000,0.16702,0.16714,0.16702,0.16713,2057.0
1784886240000,0.16713,0.16714,0.16706,0.16706,1111.0,1856.4253
1784886300000,0.16707,0.16714,0.16706,0.16713,977.0,1632.3679
1784886360000,0.16714,0.1673,0.16714,0.16729,1249.0,2088.6688
1784886420000,0.16729,0.16729,0.16707,0.16708,834.0,1394.063
1784886480000,0.16708,0.16716,0.16701,0.16702,1220.0,2038.3229
1784886540000,0.16703,0.16708,0.16696,0.16697,2242.0,3744.1201
1784886600000,0.167,0.16701,0.16699,0.167,831.0,1387.7636
1784886660000,0.167,0.16716,0.16699,0.16715,5611.0,9377.137
1784886720000,0.16717,0.16727,0.16716,0.16726,3946.0,6598.1971
1784886780000,0.16727,0.16729,0.16723,0.16729,3146.0,5262.4889
1784886840000,0.16728,0.1673,0.1672,0.16725,890.0,1488.5942
1784886900000,0.16724,0.16731,0.16724,0.16724,783.0,1309.6481
1784886960000,0.16724,0.16724,0.16718,0.1672,621.0,1038.3146
1784887020000,0.16719,0.1672,0.16712,0.16712,694.0,1160.2156
1784887080000,0.16713,0.16713,0.16713,0.16713,270.0,451.251
1784887140000,0.16714,0.16724,0.16707,0.16724,1017.0,1699.9709
1784887200000,0.16724,0.16729,0.16718,0.16727,665.0,1112.0632
1784887260000,0.16729,0.16729,0.16709,0.16711,671.0,1121.5413
1784887320000,0.16712,0.16713,0.16708,0.1671,1479.0,2471.6074
1784887380000,0.1671,0.16717,0.1671,0.16713,346.0,578.3182
1784887440000,0.1671,0.1671,0.16703,0.16704,858.0,1433.3489
1784887500000,0.16704,0.16704,0.16692,0.16692,653.0,1090.4247
1784887560000,0.16697,0.16697,0.16692,0.16694,1141.0,1904.7902
1784887620000,0.16695,0.16696,0.16684,0.16684,837.0,1397.0312
1784887680000,0.16684,0.16688,0.16682,0.16683,892.0,1488.2855
1784887740000,0.16683,0.16685,0.16678,0.16679,547.0,912.521
1784887800000,0.1668,0.16682,0.16671,0.16678,794.0,1324.1255
1784887860000,0.16677,0.16678,0.16674,0.16674,860.0,1434.1211
1784887920000,0.16673,0.16673,0.16656,0.16658,722.0,1202.9852
1784887980000,0.16646,0.16648,0.16646,0.16648,194.0,322.9509
1784888040000,0.16646,0.16658,0.16646,0.16657,139.0,231.4718
1784888100000,0.16652,0.1667,0.16652,0.16669,1393.0,2321.6365
1784888160000,0.1667,0.16672,0.16658,0.1666,1269.0,2114.6849
1784888220000,0.1666,0.16661,0.16653,0.16654,942.0,1569.1461
1784888280000,0.16647,0.1665,0.16644,0.16645,1286.0,2140.6867
1784888340000,0.16636,0.16638,0.16635,0.16637,563.0,936.6504
1784888400000,0.16636,0.1665,0.16626,0.16649,3018.0,5020.1655
1784888460000,0.16648,0.16656,0.16644,0.16654,1076.0,1791.3746
1784888520000,0.16653,0.16666,0.16652,0.16666,692.0,1152.7741
1784888580000,0.1667,0.16676,0.1667,0.16676,780.0,1300.4301
1784888640000,0.16675,0.16679,0.16666,0.16676,1367.0,2279.2167
1784888700000,0.16678,0.16685,0.1667,0.16671,5023.0,8379.8696
1784888760000,0.1667,0.16687,0.1667,0.16687,610.0,1017.4703
1784888820000,0.16687,0.16688,0.16686,0.16688,361.0,602.4316
1784888880000,0.16688,0.16689,0.16686,0.16686,468.0,780.9891
1784888940000,0.16685,0.16687,0.16678,0.16679,1106.0,1844.9624
1784889000000,0.16677,0.16688,0.16675,0.16684,1088.0,1814.9003
1784889060000,0.16682,0.16689,0.16682,0.16689,877.0,1463.394
1784889120000,0.16689,0.16689,0.16673,0.16676,685.0,1142.648
1784889180000,0.16675,0.16683,0.16675,0.16678,3092.0,5157.4312
1784889240000,0.16677,0.16679,0.1666,0.1666,856.0,1427.2922
1784889300000,0.1666,0.1666,0.16654,0.16658,839.0,1397.5878
1784889360000,0.16659,0.16664,0.16658,0.16662,1717.0,2860.6246
1784889420000,0.16665,0.16665,0.16664,0.16665,142.0,236.6374
1784889480000,0.16665,0.16669,0.16662,0.16666,1122.0,1869.7963
1784889540000,0.16666,0.16666,0.16645,0.16646,723.0,1204.4687
1784889600000,0.16645,0.16649,0.16641,0.16642,1195.0,1989.0458
1784889660000,0.16642,0.16654,0.16642,0.16654,323.0,537.7404
1784889720000,0.16652,0.16653,0.16652,0.16653,999.0,1663.5379
1784889780000,0.16652,0.16652,0.16644,0.16644,573.0,953.8084
1784889840000,0.16645,0.16645,0.16636,0.16637,533.0,887.0259
1784889900000,0.16635,0.16644,0.16634,0.16644,1101.0,1832.024
1784889960000,0.16644,0.16645,0.16642,0.16644,749.0,1246.6441
1784890020000,0.16644,0.16652,0.16644,0.16651,986.0,1641.5452
1784890080000,0.16652,0.16666,0.16652,0.16658,3507.0,5842.3191
1784890140000,0.1666,0.1666,0.16657,0.16658,141.0,234.8879
1784890200000,0.16655,0.16655,0.16651,0.16654,503.0,837.683
1784890260000,0.16648,0.16653,0.16632,0.16632,4779.0,7950.7449
1784890320000,0.16632,0.16632,0.16626,0.16628,506.0,841.4079
1784890380000,0.16625,0.16627,0.16622,0.16622,859.0,1427.9726
1784890440000,0.16622,0.16627,0.16613,0.16621,1529.0,2541.2114
1784890500000,0.1662,0.1663,0.16608,0.16629,1057.0,1756.5524
1784890560000,0.16626,0.1663,0.16626,0.1663,984.0,1636.2618
1784890620000,0.16628,0.16629,0.16621,0.16622,1104.0,1835.3503
1784890680000,0.16623,0.1663,0.16623,0.1663,973.0,1617.839
1784890740000,0.16629,0.16634,0.16628,0.16634,826.0,1373.7215
1784890800000,0.16633,0.16636,0.16616,0.16617,1013.0,1684.3308
1784890860000,0.16624,0.16635,0.16622,0.16632,430.0,714.9486
1784890920000,0.16637,0.16638,0.16631,0.16638,731.0,1215.9464
1784890980000,0.16637,0.16653,0.16637,0.16653,616.0,1025.3332
1784891040000,0.16651,0.16654,0.16646,0.16648,987.0,1643.3024
1784891100000,0.16654,0.16658,0.16654,0.16658,821.0,1367.5104
1784891160000,0.16658,0.16661,0.16646,0.16661,6966.0,11604.4597
1784891220000,0.16664,0.16664,0.16643,0.16643,1787.0,2975.4226
1784891280000,0.16642,0.16642,0.16636,0.16638,728.0,1211.4077
1784891340000,0.16638,0.16639,0.16634,0.16635,993.0,1652.0036
1784891400000,0.16632,0.16633,0.16627,0.16627,591.0,982.8625
1784891460000,0.16628,0.16635,0.16627,0.16632,1008.0,1676.3858
1784891520000,0.16632,0.16636,0.16628,0.1663,293.0,487.2904
1784891580000,0.1663,0.16632,0.16628,0.16632,630.0,1047.6494
1784891640000,0.16626,0.16629,0.166,0.16605,4926.0,8181.7439
1784891700000,0.16608,0.16636,0.16608,0.16632,1449.0,2408.6845
1784891760000,0.1663,0.16642,0.1663,0.16635,11792.0,19621.2997
1784891820000,0.16634,0.16643,0.16633,0.16633,906.0,1507.4465
1784891880000,0.16632,0.16638,0.16632,0.16637,645.0,1072.8438
1784891940000,0.16638,0.16638,0.16628,0.16628,767.0,1275.9376
1784892000000,0.16629,0.16632,0.16623,0.16623,1263.0,2100.4635
1784892060000,0.16624,0.16631,0.16623,0.16623,839.0,1394.911
1784892120000,0.16623,0.1663,0.16622,0.16627,658.0,1094.0658
1784892180000,0.16628,0.16628,0.16618,0.1662,2011.0,3342.4593
1784892240000,0.16625,0.16627,0.16624,0.16626,280.0,465.5218
1784892300000,0.16626,0.16626,0.16607,0.16607,1527.0,2537.5881
1784892360000,0.16608,0.16617,0.16606,0.16617,1886.0,3132.4701
1784892420000,0.16618,0.16618,0.16617,0.16617,692.0,1149.9007
1784892480000,0.16617,0.16617,0.16617,0.16617,1.0,1.6617
1784892540000,0.16616,0.16617,0.16608,0.16617,4679.0,7773.8294
1784892600000,0.16615,0.16616,0.16601,0.16602,443.0,735.7431
1784892660000,0.16603,0.16611,0.16594,0.16598,3964.0,6579.6382
1784892720000,0.16598,0.16605,0.16561,0.16605,24143.0,40030.9983
1784892780000,0.16609,0.16615,0.16605,0.16609,2552.0,4238.5452
1784892840000,0.1661,0.16616,0.16599,0.16607,1246.0,2069.1722
1784892900000,0.16607,0.16614,0.16588,0.16589,4083.0,6780.3816
1784892960000,0.1659,0.16604,0.16586,0.16604,1279.0,2122.4116
1784893020000,0.16604,0.16605,0.16593,0.16594,1261.0,2092.977
1784893080000,0.16595,0.16617,0.16595,0.16607,12699.0,21095.6116
1784893140000,0.16606,0.1661,0.16585,0.16605,4341.0,7208.2524
1784893200000,0.16604,0.16605,0.16577,0.16578,9277.0,15400.3678
1784893260000,0.16577,0.16584,0.16577,0.16581,2167.0,3593.2054
1784893320000,0.16578,0.16579,0.16572,0.16577,2720.0,4508.3317
1784893380000,0.16576,0.16583,0.16567,0.16576,1192.0,1975.9052
1784893440000,0.16576,0.1658,0.16566,0.16576,989.0,1639.313
1784893500000,0.16575,0.16577,0.16566,0.16566,19385.0,32130.861
1784893560000,0.16566,0.16567,0.16544,0.16556,2525.0,4178.9333
1784893620000,0.16558,0.1656,0.16548,0.16549,1075.0,1779.4464
1784893680000,0.1655,0.16557,0.16547,0.16557,1162.0,1923.3075
1784893740000,0.16557,0.16587,0.1655,0.16587,7330.0,12146.1564
1784893800000,0.16587,0.16598,0.16587,0.16598,9558.0,15856.8196
1784893860000,0.16599,0.16606,0.16593,0.16594,1589.0,2637.77
1784893920000,0.16594,0.16598,0.16594,0.16598,778.0,1291.2266
1784893980000,0.16597,0.16605,0.16596,0.16604,1620.0,2689.2559
1784894040000,0.16609,0.16618,0.16609,0.16618,548.0,910.5374
1784894100000,0.16615,0.16616,0.16609,0.16611,978.0,1624.6428
1784894160000,0.16609,0.16609,0.16606,0.16606,612.0,1016.3751
1784894220000,0.16603,0.16612,0.16603,0.16607,287.0,476.669
1784894280000,0.16608,0.16636,0.16607,0.1663,3356.0,5579.0575
1784894340000,0.16629,0.16639,0.16625,0.16629,652.0,1084.3312
1784894400000,0.16627,0.16627,0.16608,0.16613,2144.0,3561.4243
1784894460000,0.16612,0.16617,0.16611,0.16613,941.0,1563.4036
1784894520000,0.16602,0.16603,0.16596,0.166,1243.0,2063.3337
1784894580000,0.16599,0.16603,0.16589,0.16596,1197.0,1986.5977
1784894640000,0.16596,0.16599,0.16587,0.16589,849.0,1408.8208
1784894700000,0.1659,0.1659,0.16585,0.16586,579.0,960.3489
1784894760000,0.16586,0.16605,0.16586,0.16605,1130.0,1875.1347
1784894820000,0.16604,0.16615,0.16604,0.16615,492.0,817.0768
1784894880000,0.16613,0.16619,0.16612,0.16619,721.0,1197.8727
1784894940000,0.16619,0.1664,0.16619,0.1664,1657.0,2756.4427
1784895000000,0.16639,0.16641,0.16628,0.16629,2045.0,3402.1916
1784895060000,0.16631,0.16636,0.16631,0.16632,712.0,1184.2506
1784895120000,0.16632,0.16632,0.16625,0.16626,684.0,1137.3781
1784895180000,0.16626,0.1663,0.16626,0.1663,141.0,234.4573
1784895240000,0.1663,0.16636,0.16628,0.1663,943.0,1568.3903
1784895300000,0.1663,0.16632,0.16627,0.16627,562.0,934.5876
1784895360000,0.16629,0.16631,0.16628,0.1663,815.0,1355.2883
1784895420000,0.16629,0.16641,0.16629,0.1664,922.0,1533.8094
1784895480000,0.16639,0.16641,0.16637,0.16639,506.0,841.9404
1784895540000,0.1664,0.16642,0.16634,0.16639,615.0,1023.3622
1784895600000,0.1664,0.16646,0.16639,0.16645,981.0,1632.5838
1784895660000,0.16644,0.16647,0.16635,0.16639,7079.0,11779.3556
1784895720000,0.1664,0.16645,0.16637,0.16639,939.0,1562.4638
1784895780000,0.16638,0.16647,0.16638,0.16646,813.0,1352.9921
1784895840000,0.16646,0.16653,0.16645,0.16648,1216.0,2024.3188
1784895900000,0.16648,0.16656,0.16628,0.16656,10025.0,16684.7376
1784895960000,0.16657,0.16666,0.16657,0.16658,514.0,856.4787
1784896020000,0.16658,0.16658,0.16643,0.16644,878.0,1461.877
1784896080000,0.16638,0.16643,0.16633,0.16633,405.0,673.8433
1784896140000,0.16631,0.16631,0.16628,0.1663,208.0,345.8785
1784896200000,0.16629,0.16631,0.16617,0.16628,2220.0,3690.4748
1784896260000,0.16627,0.16627,0.16604,0.16613,3641.0,6047.936
1784896320000,0.1661,0.16614,0.1661,0.16614,378.0,627.9228
1784896380000,0.16611,0.16614,0.16611,0.16613,424.0,704.3767
1784896440000,0.16611,0.16611,0.16584,0.16589,1228.0,2038.779
1784896500000,0.16586,0.1659,0.16584,0.16589,1207.0,2002.0605
1784896560000,0.16587,0.16587,0.16582,0.16586,924.0,1532.3624
1784896620000,0.16586,0.16597,0.16584,0.16597,561.0,930.7578
1784896680000,0.16595,0.16597,0.16591,0.16594,378.0,627.2692
1784896740000,0.16598,0.16599,0.16592,0.16593,521.0,864.6723
1784896800000,0.16593,0.16593,0.16588,0.1659,2731.0,4530.6649
1784896860000,0.1659,0.1659,0.16583,0.16584,250.0,414.7058
1784896920000,0.16581,0.16581,0.16556,0.16567,4976.0,8243.6838
1784896980000,0.16564,0.16572,0.16564,0.16571,1242.0,2057.93
1784897040000,0.1657,0.1657,0.16564,0.16567,812.0,1345.1432
1784897100000,0.16567,0.16577,0.16566,0.16567,1289.0,2136.0877
1784897160000,0.16567,0.16567,0.16533,0.16545,2719.0,4501.5556
1784897220000,0.16545,0.16554,0.16521,0.16554,5678.0,9388.2443
1784897280000,0.16553,0.16553,0.16537,0.16541,7208.0,11926.2832
1784897340000,0.16543,0.16546,0.16538,0.16545,1224.0,2024.9314
1784897400000,0.16545,0.16566,0.16545,0.16564,571.0,945.5421
1784897460000,0.16564,0.16569,0.16564,0.16567,1163.0,1926.7388
1784897520000,0.16566,0.16569,0.16565,0.16569,2441.0,4043.6016
1784897580000,0.16563,0.16564,0.16553,0.16561,760.0,1258.3887
1784897640000,0.16556,0.16565,0.16556,0.16564,539.0,892.7516
1784897700000,0.16565,0.16566,0.16564,0.16566,1553.0,2572.5746
1784897760000,0.16566,0.16566,0.16544,0.16544,6805.0,11271.4234
1784897820000,0.16536,0.16548,0.16536,0.16545,971.0,1606.3859
1784897880000,0.16544,0.16556,0.16544,0.16554,1194.0,1976.1035
1784897940000,0.16553,0.16556,0.16532,0.16532,1171.0,1937.6018
1784898000000,0.16533,0.16547,0.16533,0.16536,691.0,1142.9664
1784898060000,0.16537,0.16538,0.16516,0.16525,7290.0,12045.6461
1784898120000,0.16524,0.16528,0.16517,0.16525,885.0,1462.3796
1784898180000,0.16523,0.16528,0.16517,0.16517,1232.0,2035.2863
1784911620000,0.16315,0.16321,0.16288,0.16305,16748.0
1784911680000,0.16306,0.16306,0.16267,0.16282,7748.0
1784911740000,0.16287,0.16304,0.1628,0.16304,6176.0
1784911800000,0.16296,0.16297,0.16291,0.16293,2652.0
1784911860000,0.16288,0.16293,0.1628,0.16293,689.0
1784911920000,0.16294,0.16294,0.1629,0.16291,406.0
1784911980000,0.16289,0.16294,0.16279,0.16291,845.0
1784912040000,0.16288,0.16302,0.16288,0.16295,1361.0
1784912100000,0.16292,0.16304,0.16291,0.16304,802.0
