timestamp,open,high,low,close,volume,turnover
1784452020000,0.13262,0.13398,0.13262,0.13323,3388.0
1784452080000,0.13335,0.13352,0.13256,0.13276,3675.0
1784452140000,0.13294,0.1331,0.13123,0.13171,7194.0,9512.5405
1784452200000,0.13192,0.13336,0.13177,0.13336,2251.0,2982.3325
1784452260000,0.13328,0.13358,0.1328,0.13356,1389.0,1850.4458
1784452320000,0.13356,0.13368,0.133,0.133,1845.0,2459.4949
1784452380000,0.13307,0.134,0.13292,0.133,2863.0,3821.1567
1784452440000,0.1333,0.13364,0.13286,0.13332,7020.0,9367.7867
1784452500000,0.13331,0.1338,0.13324,0.13361,1754.0,2342.3947
1784452560000,0.13373,0.13791,0.13363,0.13434,14865.0,20042.2331
1784452620000,0.13418,0.13424,0.13203,0.13255,4728.0,6282.5617
1784452680000,0.13282,0.13416,0.13282,0.13308,3177.0,4239.4834
1784452740000,0.13328,0.13342,0.13256,0.13317,3010.0,4006.6547
1784452800000,0.13335,0.13382,0.13303,0.13335,2836.0,3781.6466
1784452860000,0.1334,0.1342,0.1334,0.1339,2539.0,3398.864
1784452920000,0.13388,0.13489,0.13329,0.13408,12277.0,16449.549
1784452980000,0.1342,0.13548,0.13417,0.13483,7758.0,10458.5113
1784453040000,0.135,0.135,0.13318,0.13362,6984.0,9366.7966
1784453100000,0.13371,0.13386,0.13291,0.13291,1698.0,2266.2288
1784453160000,0.13305,0.13448,0.13304,0.13427,674.0,903.2897
1784453220000,0.13449,0.13468,0.13405,0.13455,776.0,1042.861
1784453280000,0.13445,0.13445,0.13367,0.13375,819.0,1097.3985
1784453340000,0.13362,0.13425,0.13267,0.13285,3695.0,4934.3538
1784453400000,0.13286,0.13311,0.1324,0.13256,3720.0,4937.4366
1784453460000,0.1328,0.13437,0.13204,0.13437,302.0,400.9054
1784453520000,0.1343,0.13466,0.13399,0.13447,2186.0,2937.7524
1784453580000,0.13455,0.13549,0.13455,0.13501,2128.0,2874.2945
1784453640000,0.13499,0.13505,0.13445,0.13453,639.0,860.1779
1784453700000,0.13456,0.13611,0.13339,0.13552,3502.0,4728.8083
1784453760000,0.13545,0.13762,0.13539,0.13631,23980.0,32787.4218
1784453820000,0.13648,0.13648,0.1357,0.13622,7308.0,9930.1574
1784453880000,0.13608,0.13647,0.13599,0.13611,2817.0,3837.7461
1784453940000,0.13619,0.1369,0.13576,0.13675,3516.0,4796.9458
1784454000000,0.13667,0.13667,0.13509,0.13582,9778.0,13272.0379
1784454060000,0.13593,0.13699,0.13562,0.13638,10057.0,13740.1465
1784454120000,0.13646,0.13698,0.13635,0.13685,2442.0,3335.2222
1784454180000,0.13707,0.1388,0.13683,0.13761,20676.0,28420.6835
1784454240000,0.13767,0.13975,0.13751,0.13897,12754.0,17718.5977
1784454300000,0.13882,0.14307,0.13821,0.14165,90326.0,128014.9711
1784454360000,0.14143,0.1435,0.14043,0.14043,48301.0,68431.8374
1784454420000,0.14055,0.14113,0.13985,0.14035,4239.0,5958.0248
1784454480000,0.14066,0.14066,0.13958,0.14019,2844.0,3985.1217
1784454540000,0.14049,0.14058,0.13968,0.14023,2078.0,2911.0439
1784454600000,0.14012,0.14026,0.13903,0.13925,853.0,1188.7721
1784454660000,0.1394,0.1396,0.13901,0.13923,4933.0,6865.0124
1784454720000,0.13936,0.14052,0.13936,0.14007,9582.0,13416.0869
1784454780000,0.13998,0.14109,0.13998,0.14098,10039.0,14114.9983
1784454840000,0.14109,0.14114,0.14023,0.14034,1992.0,2802.9861
1784454900000,0.14055,0.141,0.1403,0.14079,1672.0,2352.5594
1784454960000,0.14083,0.14113,0.14073,0.14108,6092.0,8583.8869
1784455020000,0.14115,0.14419,0.14067,0.14284,24493.0,35014.9054
1784455080000,0.14285,0.14381,0.14166,0.14212,9454.0,13509.888
1784455140000,0.1422,0.1425,0.14141,0.14141,3018.0,4289.0837
1784455200000,0.14141,0.14273,0.14134,0.14195,4015.0,5703.9094
1784455260000,0.14196,0.14199,0.14073,0.14092,2577.0,3633.4187
1784455320000,0.14089,0.1422,0.14089,0.14109,2985.0,4225.3897
1784455380000,0.14117,0.14131,0.14002,0.14012,2707.0,3800.2264
1784455440000,0.14038,0.14135,0.14015,0.1406,3039.0,4287.4327
1784455500000,0.14034,0.14124,0.14024,0.14117,1317.0,1851.9027
1784455560000,0.14126,0.14133,0.14022,0.14026,1989.0,2798.6129
1784455620000,0.14043,0.14059,0.13917,0.13917,17364.0,24248.8929
1784455680000,0.13931,0.13977,0.13875,0.13955,14515.0,20176.0674
1784455740000,0.13952,0.14021,0.13952,0.13966,1314.0,1839.0757
1784455800000,0.13973,0.14168,0.13973,0.14117,4166.0,5875.6221
1784455860000,0.14111,0.14164,0.14079,0.14164,8361.0,11819.2936
1784455920000,0.14149,0.14249,0.14138,0.14205,7130.0,10120.1135
1784455980000,0.14225,0.1437,0.1415,0.14268,15094.0,21533.9331
1784456040000,0.14286,0.14329,0.14232,0.14232,3254.0,4648.6239
1784456100000,0.1424,0.14282,0.14094,0.14244,12065.0,17058.4492
1784456160000,0.1423,0.1423,0.14,0.14093,7470.0,10545.4168
1784456220000,0.1412,0.14133,0.14081,0.14104,591.0,833.9455
1784456280000,0.14098,0.14141,0.14038,0.14059,2492.0,3510.2702
1784456340000,0.14068,0.14068,0.13978,0.14012,3988.0,5587.8783
1784456400000,0.14018,0.14081,0.14,0.14013,1142.0,1603.2461
1784456460000,0.14004,0.14045,0.13977,0.14012,834.0,1168.3043
1784456520000,0.14022,0.14163,0.14022,0.14132,3316.0,4683.047
1784456580000,0.14137,0.14167,0.14083,0.14157,1276.0,1804.425
1784456640000,0.14159,0.1459,0.14159,0.14315,10780.0,15492.7089
1784456700000,0.14314,0.14385,0.1419,0.1419,5842.0,8378.137
1784456760000,0.14247,0.1436,0.14247,0.14285,5284.0,7550.4291
1784456820000,0.143,0.14383,0.143,0.14308,8126.0,11670.9801
1784456880000,0.14323,0.14328,0.14217,0.14289,1459.0,2083.5574
1784456940000,0.1432,0.14324,0.14259,0.1431,2740.0,3913.6513
1784457000000,0.14324,0.14488,0.14324,0.1437,4876.0,7024.7184
1784457060000,0.14379,0.14386,0.1433,0.14371,3067.0,4405.7509
1784457120000,0.14375,0.14504,0.14323,0.14428,9254.0,13379.0718
1784457180000,0.14427,0.14567,0.14413,0.14552,4061.0,5884.307
1784457240000,0.14551,0.14684,0.14501,0.14532,18252.0,26568.6231
1784457300000,0.14532,0.14618,0.1448,0.14501,14193.0,20623.6191
1784457360000,0.14503,0.14554,0.14463,0.14554,1849.0,2683.274
1784457420000,0.14542,0.14564,0.14516,0.14524,13102.0,19051.852
1784457480000,0.14534,0.14773,0.14509,0.14683,13201.0,19305.8957
1784457540000,0.14708,0.1474,0.14662,0.14704,2856.0,4197.5222
1784457600000,0.14705,0.14706,0.1454,0.14583,10029.0,14634.299
1784457660000,0.14593,0.14594,0.14489,0.14564,6691.0,9743.0498
1784457720000,0.14579,0.14609,0.14506,0.14528,6422.0,9353.6926
1784457780000,0.14524,0.1455,0.14479,0.1451,571.0,828.4614
1784457840000,0.14501,0.14528,0.14452,0.14519,2131.0,3089.2246
1784457900000,0.14513,0.14515,0.14402,0.1444,1925.0,2782.9224
1784457960000,0.14443,0.14577,0.14323,0.14575,10500.0,15118.7216
1784458020000,0.14576,0.1467,0.14474,0.1462,6263.0,9142.3709
1784458080000,0.14598,0.14744,0.14598,0.14702,5987.0,8777.0763
1784458140000,0.14707,0.14777,0.14633,0.14633,3391.0,4988.164
1784458200000,0.14672,0.148,0.14667,0.14696,10135.0,14915.8888
1784458260000,0.14693,0.148,0.14638,0.14734,9737.0,14363.0644
1784458320000,0.14744,0.14904,0.14733,0.14875,38313.0,56926.8623
1784458380000,0.14888,0.14911,0.14818,0.14882,7840.0,11654.8012
1784458440000,0.14887,0.15,0.1488,0.1492,7199.0,10778.2531
1784458500000,0.1494,0.15026,0.1483,0.1498,6721.0,10047.7747
1784458560000,0.14993,0.15101,0.14869,0.15002,6814.0,10227.1516
1784458620000,0.1502,0.15048,0.14788,0.14827,7891.0,11746.1813
1784458680000,0.14833,0.14887,0.14776,0.1479,4525.0,6706.5978
1784458740000,0.14808,0.14917,0.14784,0.14854,3709.0,5497.9379
1784458800000,0.14855,0.15395,0.14836,0.15058,30266.0,45860.2048
1784458860000,0.15067,0.15169,0.15042,0.15073,5242.0,7902.1423
1784458920000,0.15087,0.15365,0.15075,0.15317,4072.0,6214.5087
1784458980000,0.15308,0.15741,0.15292,0.15574,61615.0,96137.3954
1784459040000,0.15594,0.1579,0.15563,0.15725,42325.0,66594.7486
1784459100000,0.15734,0.18595,0.15734,0.17232,290511.0,499890.8636
1784459160000,0.17308,0.17977,0.16994,0.17247,55883.0,96474.5338
1784459220000,0.17266,0.17357,0.1704,0.17287,24808.0,42746.2469
1784459280000,0.17287,0.17467,0.17187,0.17321,17845.0,30827.0959
1784459340000,0.1732,0.17326,0.16938,0.1708,69923.0,120266.6189
1784459400000,0.17087,0.17139,0.16757,0.17042,59522.0,101039.9396
1784459460000,0.17043,0.17275,0.17,0.17181,55773.0,95903.7982
1784459520000,0.17189,0.175,0.17156,0.175,44434.0,76886.1836
1784459580000,0.17514,0.17703,0.17372,0.17418,30214.0,52886.895
1784459640000,0.17417,0.17542,0.17268,0.17444,26891.0,46784.4661
1784459700000,0.17409,0.17409,0.17095,0.17095,15940.0,27545.4917
1784459760000,0.17089,0.17152,0.17034,0.17079,14359.0,24528.6519
1784459820000,0.17077,0.1712,0.165,0.16725,48889.0,81627.7043
1784459880000,0.1673,0.1676,0.16508,0.16573,25983.0,43294.9853
1784459940000,0.16571,0.16742,0.1652,0.16742,7089.0,11821.6829
1784460000000,0.16736,0.16993,0.16736,0.16946,18732.0,31657.6958
1784460060000,0.16975,0.16998,0.16401,0.16675,16624.0,27643.4631
1784460120000,0.16744,0.16787,0.1662,0.16703,19019.0,31764.5572
1784460180000,0.16725,0.16955,0.16725,0.16899,7405.0,12502.5963
1784460240000,0.16903,0.17119,0.16903,0.17061,5657.0,9651.1872
1784460300000,0.17045,0.17122,0.16861,0.17113,13530.0,23053.7671
1784460360000,0.17124,0.17199,0.17048,0.17084,19456.0,33357.7747
1784460420000,0.17113,0.17268,0.17009,0.17268,36390.0,62505.9935
1784460480000,0.17268,0.17383,0.17175,0.17203,18452.0,31968.9286
1784460540000,0.17219,0.17348,0.172,0.1723,5023.0,8665.7141
1784460600000,0.1716,0.178,0.1716,0.17596,14550.0,25494.4361
1784460660000,0.17596,0.17614,0.17425,0.17472,14558.0,25482.521
1784460720000,0.17516,0.17538,0.17464,0.17488,12687.0,22205.8914
1784460780000,0.17469,0.17567,0.1746,0.17554,6377.0,11169.1671
1784460840000,0.17587,0.17864,0.17527,0.17666,23014.0,40887.505
1784460900000,0.17669,0.17669,0.17447,0.17613,31821.0,55745.4783
1784460960000,0.17605,0.17617,0.17442,0.17617,3509.0,6160.1663
1784461020000,0.17666,0.1769,0.17423,0.17578,12590.0,22214.5338
1784461080000,0.17598,0.17698,0.17502,0.17654,5153.0,9092.0596
1784461140000,0.17654,0.18034,0.17654,0.17844,23014.0,41086.5478
1784461200000,0.17871,0.17871,0.1766,0.17737,4141.0,7347.9903
1784461260000,0.17738,0.17868,0.17693,0.17811,4448.0,7908.2443
1784461320000,0.17826,0.17827,0.17516,0.17665,4084.0,7212.5286
1784461380000,0.17687,0.17753,0.17651,0.1768,2946.0,5215.4161
1784461440000,0.17685,0.1783,0.17663,0.17773,7310.0,12977.1907
1784461500000,0.17774,0.18448,0.17758,0.18308,18369.0,33460.6283
1784461560000,0.18298,0.18803,0.18257,0.18374,24588.0,45566.8162
1784461620000,0.18348,0.18461,0.18317,0.18381,2337.0,4300.1539
1784461680000,0.18356,0.18356,0.17224,0.18036,39600.0,70425.5642
1784461740000,0.18026,0.18071,0.17723,0.17936,24543.0,43843.646
1784461800000,0.17945,0.18076,0.17921,0.1802,17918.0,32261.41
1784461860000,0.18065,0.18226,0.17799,0.17904,9404.0,16862.7336
1784461920000,0.17943,0.18,0.17804,0.18,8042.0,14436.7873
1784461980000,0.18111,0.18112,0.17969,0.18009,119.0,215.1737
1784462040000,0.18061,0.18311,0.18035,0.18275,6647.0,12080.9863
1784462100000,0.18275,0.18624,0.18161,0.1857,40295.0,74653.9836
1784462160000,0.18475,0.18618,0.18406,0.18501,15741.0,29163.4272
1784462220000,0.1849,0.19408,0.18446,0.18875,28791.0,54384.4339
1784462280000,0.1879,0.19098,0.1879,0.18998,7750.0,14701.9873
1784462340000,0.19003,0.19004,0.18733,0.18856,7373.0,13887.6873
1784462400000,0.18853,0.19144,0.18848,0.18958,8520.0,16190.2711
1784462460000,0.18934,0.18934,0.1859,0.18647,9371.0,17498.9832
1784462520000,0.18641,0.18924,0.185,0.18896,10033.0,18732.7939
1784462580000,0.1884,0.18921,0.18726,0.18873,15261.0,28786.6781
1784462640000,0.18802,0.18821,0.18562,0.1876,8473.0,15826.472
1784462700000,0.1874,0.19036,0.18627,0.19027,12549.0,23712.0995
1784462760000,0.19002,0.19032,0.18582,0.18582,31629.0,59626.9671
1784462820000,0.18583,0.18774,0.1772,0.17798,75006.0,135988.0381
1784462880000,0.17798,0.18473,0.17742,0.18423,32471.0,59278.9579
1784462940000,0.1842,0.18522,0.18371,0.18402,10104.0,18658.85
1784463000000,0.18439,0.18777,0.18414,0.1861,27209.0,50683.6519
1784463060000,0.18563,0.18625,0.18352,0.18352,3411.0,6327.9667
1784463120000,0.18346,0.18456,0.18027,0.18151,11705.0,21320.9765
1784463180000,0.18149,0.18247,0.17969,0.18108,21334.0,38631.8165
1784463240000,0.18179,0.18366,0.18049,0.18147,24256.0,44409.7463
1784463300000,0.18144,0.18188,0.17196,0.17415,82730.0,146210.0733
1784463360000,0.17398,0.17669,0.17118,0.17531,21019.0,36676.5167
1784463420000,0.17504,0.17622,0.16965,0.17448,35692.0,62055.529
1784463480000,0.17432,0.17569,0.17209,0.17294,5249.0,9150.7416
1784463540000,0.17283,0.17344,0.17126,0.17158,5872.0,10094.658
1784463600000,0.17152,0.18,0.17152,0.17599,32169.0,56709.1353
1784463660000,0.17665,0.17822,0.17452,0.17527,6072.0,10733.2507
1784463720000,0.17514,0.17609,0.17304,0.17556,4218.0,7370.2767
1784463780000,0.17625,0.17646,0.17267,0.17447,1199.0,2088.3132
1784463840000,0.17438,0.17527,0.17357,0.17446,6085.0,10635.1342
1784463900000,0.17502,0.17508,0.17253,0.1734,3153.0,5466.8911
1784463960000,0.17351,0.17501,0.17287,0.17386,19419.0,33820.7271
1784464020000,0.17426,0.17426,0.17246,0.17304,4443.0,7709.5057
1784464080000,0.17276,0.17496,0.17044,0.17239,8148.0,14029.9815
1784464140000,0.17192,0.17297,0.16883,0.17023,29583.0
1784464200000,0.17047,0.17287,0.16656,0.17258,30659.0
1784464260000,0.17251,0.17531,0.17209,0.17435,8713.0
1784464320000,0.17416,0.17424,0.17143,0.17377,4109.0
1784464380000,0.17427,0.176,0.17402,0.17545,35257.0
1784464440000,0.17557,0.18196,0.17557,0.17923,25193.0
1784464500000,0.1785,0.18048,0.17777,0.18019,17156.0
1784464560000,0.17985,0.18041,0.17862,0.17947,17435.0
1784464620000,0.17933,0.17948,0.17536,0.17808,16489.0
1784464680000,0.17812,0.18,0.17688,0.17705,4681.0
1784464740000,0.17732,0.17955,0.17732,0.17939,5092.0
1784464800000,0.1794,0.18011,0.17885,0.17954,4277.0
1784464860000,0.179,0.17934,0.17814,0.17865,1084.0
1784464920000,0.17866,0.1794,0.17828,0.17916,569.0
1784464980000,0.17948,0.18001,0.17899,0.17917,1914.0
1784465040000,0.17913,0.17971,0.17897,0.17938,2072.0
1784465100000,0.17969,0.18524,0.17965,0.18483,8559.0
1784465160000,0.18498,0.18519,0.18197,0.18197,7157.0
1784465220000,0.18225,0.18397,0.18151,0.18354,3437.0
1784465280000,0.18285,0.18368,0.18239,0.18309,2696.0
1784465340000,0.18361,0.18369,0.18173,0.18173,3531.0
1784465400000,0.1815,0.1819,0.17967,0.18166,15861.0
1784465460000,0.18176,0.18255,0.18106,0.18197,2575.0
1784465520000,0.18212,0.18212,0.18079,0.18145,1080.0
1784465580000,0.18143,0.18157,0.17899,0.17899,5281.0
1784465640000,0.17918,0.17963,0.17489,0.17625,14633.0
1784465700000,0.17639,0.17813,0.17623,0.17709,4371.0
1784465760000,0.17722,0.17836,0.17602,0.17675,1691.0
1784465820000,0.17706,0.17783,0.17647,0.17647,1286.0
1784465880000,0.17648,0.17718,0.17555,0.1765,3898.0
1784465940000,0.17631,0.17718,0.17623,0.17696,1741.0
1784466000000,0.1771,0.17814,0.17689,0.178,1578.0
1784466060000,0.17805,0.18,0.17789,0.17972,2370.0
1784466120000,0.17975,0.18159,0.17941,0.18027,3627.0
1784466180000,0.17947,0.18011,0.17929,0.18011,2464.0
1784466240000,0.18015,0.18236,0.17981,0.18073,4566.0
1784466300000,0.18085,0.1813,0.17892,0.17979,561.0
1784466360000,0.18025,0.18037,0.17742,0.17757,2433.0
1784466420000,0.17821,0.17983,0.17821,0.17978,2171.0
1784466480000,0.18,0.18199,0.18,0.18152,1607.0
1784466540000,0.18175,0.18246,0.18075,0.18132,3077.0
1784466600000,0.18091,0.18113,0.17933,0.1809,855.0
1784466660000,0.18041,0.18058,0.1794,0.17963,1148.0
1784466720000,0.17945,0.17964,0.17694,0.17915,3230.0
1784466780000,0.17915,0.18082,0.17858,0.17969,1153.0
1784466840000,0.17991,0.18124,0.17988,0.18124,520.0
1784466900000,0.18111,0.18169,0.18049,0.18096,527.0
1784466960000,0.18095,0.18105,0.18,0.18078,533.0
1784467020000,0.1809,0.18319,0.1809,0.18172,4908.0
1784467080000,0.18163,0.18558,0.18162,0.18435,3367.0
1784467140000,0.18448,0.18454,0.1789,0.18034,6978.0
1784467200000,0.18041,0.18129,0.1769,0.18076,10724.0
1784467260000,0.18074,0.18119,0.17996,0.17996,4420.0
1784467320000,0.18013,0.18108,0.18013,0.18066,1694.0
1784467380000,0.1806,0.18082,0.17932,0.18025,2029.0
1784467440000,0.18023,0.1803,0.17866,0.17932,1714.0
1784467500000,0.17925,0.18088,0.17924,0.18072,4498.0
1784467560000,0.18085,0.18224,0.18085,0.18204,2287.0
1784482140000,0.18593,0.18687,0.18592,0.18603,2108.0,3926.081
1784482200000,0.18662,0.19297,0.18662,0.19222,15575.0,29636.1446
1784482260000,0.19215,0.19345,0.1909,0.19312,6285.0,12108.0527
1784482320000,0.19334,0.19424,0.19227,0.19349,6399.0,12348.9438
1784482380000,0.193,0.19402,0.19279,0.19359,2433.0,4694.9822
1784482440000,0.19364,0.1952,0.19281,0.19464,3569.0,6904.0654
1784482500000,0.194,0.19528,0.194,0.19438,2254.0,4389.737
1784482560000,0.19542,0.197,0.19417,0.19648,12438.0,24417.3421
1784482620000,0.19671,0.19699,0.19481,0.19583,2338.0,4586.459
1784482680000,0.1961,0.205,0.19555,0.20405,36449.0,73588.1079
1784482740000,0.20424,0.20773,0.20166,0.20237,25141.0,51754.8911
1784482800000,0.2022,0.20233,0.20007,0.20007,11120.0,22358.3681
1784482860000,0.1996,0.20116,0.19935,0.20089,4933.0,9865.2883
1784482920000,0.20064,0.20371,0.19977,0.20314,13296.0,26899.0058
1784482980000,0.20321,0.20374,0.20251,0.20354,7108.0,14454.5434
1784483040000,0.2029,0.20338,0.20098,0.20299,2638.0,5338.0445
1784483100000,0.20274,0.2072,0.20274,0.2058,6620.0,13635.4282
1784483160000,0.20542,0.20543,0.2018,0.20262,12318.0,24998.835
1784483220000,0.20285,0.20613,0.20272,0.20398,8296.0,16963.7452
1784483280000,0.20439,0.20948,0.2042,0.20825,13228.0,27240.5159
1784483340000,0.20823,0.21096,0.20673,0.20712,16511.0,34524.204
1784483400000,0.20706,0.20904,0.20706,0.20901,3741.0,7779.9587
1784483460000,0.20873,0.20873,0.20257,0.20409,10100.0,20729.1705
1784483520000,0.20413,0.20483,0.20177,0.20267,18889.0,38244.0203
1784483580000,0.20338,0.2043,0.20241,0.20251,3643.0,7419.641
1784483640000,0.20202,0.2054,0.20202,0.20512,8330.0,17046.1315
1784483700000,0.20477,0.2053,0.19985,0.20178,12082.0,24336.5616
1784483760000,0.20202,0.20296,0.19968,0.202,12632.0,25498.5445
1784483820000,0.20238,0.20572,0.20098,0.20399,9583.0,19460.788
1784483880000,0.20436,0.2061,0.19981,0.20136,10317.0,20921.3843
1784483940000,0.20199,0.20199,0.20021,0.20021,5227.0,10507.3449
1784484000000,0.20077,0.20084,0.18922,0.19269,50535.0,98071.7419
1784484060000,0.19327,0.19625,0.18706,0.19152,30702.0,58896.287
1784484120000,0.19138,0.1933,0.1901,0.1933,8243.0,15762.4652
1784484180000,0.19366,0.19815,0.1909,0.19197,27549.0,53696.0435
1784484240000,0.19211,0.19467,0.1905,0.19418,18658.0,35772.3537
1784484300000,0.19488,0.19557,0.1938,0.19535,4378.0,8546.4009
1784484360000,0.19579,0.19744,0.19253,0.1947,8433.0,16474.8766
1784484420000,0.19438,0.19568,0.19336,0.19568,7642.0,14866.042
1784484480000,0.19498,0.19675,0.19428,0.19655,6841.0,13396.0275
1784484540000,0.19669,0.19769,0.19517,0.19622,9771.0,19169.4355
1784484600000,0.19648,0.19744,0.19595,0.19694,3875.0,7613.2535
1784484660000,0.19706,0.2055,0.19643,0.20283,26312.0,53131.6779
1784484720000,0.2026,0.2026,0.20028,0.20231,5985.0,12078.0939
1784484780000,0.20204,0.20204,0.19844,0.20133,7888.0,15811.1664
1784484840000,0.20112,0.2014,0.1992,0.20009,2506.0,5022.8584
1784484900000,0.20003,0.20063,0.19391,0.19777,16423.0,32295.5495
1784484960000,0.19786,0.19846,0.1942,0.1961,4725.0,9281.9236
1784485020000,0.19576,0.20093,0.19576,0.19992,5371.0,10631.2741
1784485080000,0.20004,0.20097,0.19835,0.20003,4248.0,8479.7692
1784485140000,0.2,0.2,0.19743,0.19822,8548.0,17009.5275
1784485200000,0.19844,0.19946,0.19594,0.19734,3944.0,7803.8522
1784485260000,0.19792,0.19904,0.19743,0.19791,1569.0,3107.7425
1784485320000,0.19771,0.19889,0.19769,0.1988,27063.0,53798.1836
1784485380000,0.19927,0.19927,0.19674,0.1974,3842.0,7586.7034
1784485440000,0.19738,0.19999,0.19713,0.19965,10203.0,20338.8253
1784485500000,0.19933,0.20087,0.19846,0.20028,19267.0,38571.0443
1784485560000,0.20037,0.20261,0.19986,0.2014,11463.0,23115.5824
1784485620000,0.20121,0.20138,0.20056,0.20097,924.0,1857.3922
1784485680000,0.20108,0.20108,0.19613,0.19874,5964.0,11833.2071
1784485740000,0.199,0.19993,0.19838,0.19838,3426.0,6838.5954
1784485800000,0.1984,0.19937,0.19722,0.19747,1839.0,3646.0661
1784485860000,0.19727,0.19923,0.19641,0.19923,2916.0,5770.5475
1784485920000,0.19944,0.20139,0.19856,0.20105,12276.0,24556.9247
1784485980000,0.20088,0.202,0.20005,0.20161,5463.0,10980.1842
1784486040000,0.2019,0.2019,0.19979,0.2002,1690.0,3390.7083
1784486100000,0.20051,0.2024,0.20051,0.20218,1371.0,2764.8146
1784486160000,0.20155,0.20232,0.20114,0.20115,4499.0,9060.236
1784486220000,0.20121,0.20133,0.19873,0.20089,10018.0,20033.1986
1784486280000,0.20107,0.20169,0.20036,0.20089,4864.0,9784.8319
1784486340000,0.20129,0.20658,0.20129,0.20461,57583.0,117879.8691
1784486400000,0.20461,0.212,0.19941,0.20002,76877.0,155867.8438
1784486460000,0.19994,0.20224,0.19994,0.20104,14879.0,29920.9517
1784486520000,0.20128,0.20319,0.20128,0.20201,5578.0,11267.9328
1784486580000,0.20219,0.203,0.20106,0.20275,2702.0,5468.5396
1784486640000,0.20264,0.20441,0.20246,0.20304,5865.0,11948.1747
1784486700000,0.20318,0.20664,0.20318,0.20535,7388.0,15154.1521
1784486760000,0.20516,0.20516,0.204,0.20514,1878.0,3842.058
1784486820000,0.20502,0.20553,0.20452,0.20463,1570.0,3215.1296
1784486880000,0.20491,0.206,0.2047,0.206,4809.0,9860.5763
1784486940000,0.20614,0.20737,0.20553,0.20626,6011.0,12401.0745
1784487000000,0.20615,0.20707,0.20556,0.20594,715.0,1475.9109
1784487060000,0.20555,0.206,0.20483,0.206,1858.0,3819.0588
1784487120000,0.20529,0.20861,0.20529,0.20743,7351.0,15228.7846
1784487180000,0.20708,0.2123,0.20549,0.20588,18374.0,38341.361
1784487240000,0.20588,0.20596,0.20385,0.20469,7348.0,15054.0154
1784487300000,0.20492,0.20901,0.20492,0.20835,4908.0,10198.2197
1784487360000,0.20805,0.20847,0.20757,0.20772,2003.0,4165.7866
1784487420000,0.2079,0.2079,0.20681,0.20699,461.0,955.2162
1784487480000,0.2068,0.20792,0.2068,0.20742,530.0,1098.4689
1784487540000,0.20785,0.21247,0.20785,0.20995,37161.0,78406.1427
1784487600000,0.21014,0.21108,0.20743,0.21062,25754.0,53841.9964
1784487660000,0.21055,0.21172,0.20999,0.21121,5602.0,11809.2762
1784487720000,0.21146,0.21181,0.2107,0.21181,4700.0,9934.291
1784487780000,0.21172,0.21172,0.2085,0.21034,8482.0,17774.9804
1784487840000,0.21003,0.21152,0.21003,0.21071,7416.0,15626.2816
1784487900000,0.21048,0.215,0.20539,0.20689,34053.0,71235.072
1784487960000,0.20655,0.20757,0.20449,0.20529,25063.0,51574.8879
1784488020000,0.20576,0.20804,0.20254,0.20393,27995.0,57328.1447
1784488080000,0.20433,0.20541,0.20339,0.20536,5893.0,12058.43
1784488140000,0.20526,0.20592,0.20425,0.20463,4990.0,10210.3649
1784488200000,0.20474,0.20502,0.20122,0.20126,8372.0,16993.1717
1784488260000,0.20136,0.2032,0.19869,0.20289,15477.0,30925.7612
1784488320000,0.20297,0.20369,0.20214,0.20269,3487.0,7071.0234
1784488380000,0.20263,0.20622,0.20263,0.20584,5588.0,11462.7734
1784488440000,0.2059,0.20799,0.2059,0.20677,16365.0,33909.855
1784488500000,0.20689,0.20886,0.20508,0.20886,3399.0,7007.6933
1784488560000,0.20863,0.21,0.20805,0.20928,1799.0,3761.8528
1784488620000,0.20915,0.21185,0.20914,0.21102,27589.0,58080.0314
1784488680000,0.21067,0.21075,0.20984,0.21059,5908.0,12433.2708
1784488740000,0.21054,0.2119,0.20979,0.21031,6839.0,14422.8085
1784488800000,0.21026,0.21154,0.20998,0.21053,4031.0,8486.5269
1784488860000,0.20995,0.20995,0.20713,0.20949,25152.0,52219.5474
1784488920000,0.20932,0.21034,0.20743,0.20843,11672.0,24446.4254
1784488980000,0.20843,0.21027,0.20843,0.2101,5526.0,11590.4909
1784489040000,0.2099,0.21183,0.20975,0.2109,3305.0,6976.2402
1784489100000,0.21177,0.23318,0.21145,0.22199,61992.0,138925.8592
1784489160000,0.22233,0.22954,0.22159,0.22417,32194.0,73025.3039
1784489220000,0.22454,0.22757,0.22228,0.22557,17719.0,39902.4068
1784489280000,0.22585,0.2278,0.22465,0.22522,7643.0,17307.205
1784489340000,0.2253,0.227,0.22493,0.22535,23352.0,52824.0363
1784489400000,0.22493,0.22493,0.22286,0.2234,5213.0,11661.5305
1784489460000,0.22228,0.22331,0.22152,0.22255,12314.0,27414.1103
1784489520000,0.22168,0.22341,0.22101,0.22279,2897.0,6446.0745
1784489580000,0.2226,0.224,0.22181,0.22345,13180.0,29485.4726
1784489640000,0.22336,0.22336,0.21893,0.22231,15087.0,33502.9792
1784489700000,0.22162,0.22257,0.22045,0.22053,7009.0,15554.2072
1784489760000,0.22092,0.227,0.22017,0.22548,20779.0,46674.3157
1784489820000,0.22499,0.22746,0.22358,0.22746,32659.0,74015.8136
1784489880000,0.22724,0.2307,0.22506,0.22926,18996.0,43463.4143
1784489940000,0.22917,0.22917,0.22295,0.22571,15685.0,35319.1984
1784490000000,0.22559,0.22559,0.22351,0.22442,3991.0,8948.8366
1784490060000,0.224,0.22949,0.22369,0.22732,12303.0,27981.6588
1784490120000,0.22705,0.22788,0.21913,0.22464,12617.0,28263.3961
1784490180000,0.22465,0.22478,0.22272,0.22358,5948.0,13305.9494
1784490240000,0.22315,0.22443,0.22223,0.22384,19563.0,43579.9141
1784490300000,0.2234,0.22541,0.22311,0.22447,4890.0,10939.6239
1784490360000,0.22372,0.22382,0.22212,0.22313,3488.0,7784.8841
1784490420000,0.22264,0.22316,0.22078,0.22265,2936.0,6531.6807
1784490480000,0.2223,0.22371,0.22183,0.22271,1783.0,3968.8604
1784490540000,0.22288,0.22307,0.22241,0.22279,771.0,1718.574
1784490600000,0.22267,0.22872,0.22264,0.22627,15089.0,34302.9284
1784490660000,0.22589,0.22637,0.22511,0.2259,1547.0,3496.5612
1784490720000,0.2255,0.2268,0.2248,0.22621,997.0,2252.0548
1784490780000,0.22597,0.22597,0.22417,0.2257,1540.0,3468.4148
1784490840000,0.2252,0.22585,0.22416,0.2253,1394.0,3137.3555
1784490900000,0.22493,0.22635,0.22484,0.22631,6655.0,15026.7671
1784490960000,0.22636,0.22636,0.22472,0.22573,4903.0,11062.1678
1784491020000,0.22542,0.23504,0.2251,0.23177,27410.0,63203.6153
1784491080000,0.23195,0.23441,0.22954,0.23079,47816.0,111002.8517
1784491140000,0.23102,0.23102,0.22896,0.23093,13082.0,30126.756
1784491200000,0.23106,0.23106,0.22838,0.22997,8955.0,20572.604
1784491260000,0.22937,0.22937,0.22776,0.22842,40248.0,91876.1912
1784491320000,0.22834,0.23071,0.22683,0.22744,10242.0,23346.3744
1784491380000,0.227,0.22887,0.22675,0.22887,6784.0,15465.7163
1784491440000,0.22846,0.23305,0.22823,0.23219,13333.0,30829.5661
1784491500000,0.23158,0.23178,0.22415,0.22498,31210.0,70620.034
1784491560000,0.22499,0.22831,0.22499,0.22607,10256.0,23258.1752
1784491620000,0.22642,0.22761,0.22572,0.22639,6722.0,15247.1233
1784491680000,0.22674,0.22722,0.22555,0.22555,2957.0,6697.4525
1784491740000,0.22611,0.22628,0.22279,0.22404,5134.0,11516.0053
1784491800000,0.22461,0.22565,0.22251,0.22376,2454.0,5504.5631
1784491860000,0.22382,0.2253,0.22382,0.22474,589.0,1324.2023
1784491920000,0.22498,0.22498,0.22316,0.22324,7649.0,17112.7164
1784491980000,0.2235,0.22391,0.2228,0.22287,1870.0,4171.941
1784492040000,0.22293,0.22499,0.22291,0.22431,4180.0,9383.3395
1784492100000,0.22387,0.22423,0.22256,0.22423,4433.0,9906.5643
1784492160000,0.22442,0.22478,0.223,0.223,2659.0,5952.5422
1784492220000,0.22292,0.22311,0.21522,0.2192,22957.0,50086.7006
1784492280000,0.21914,0.222,0.21847,0.21956,57800.0,127236.5042
1784492340000,0.21954,0.22034,0.21816,0.21816,5628.0,12384.0141
1784492400000,0.21801,0.2245,0.21799,0.22416,16195.0,35849.8231
1784492460000,0.22418,0.22807,0.22418,0.22675,13739.0,31162.4413
1784492520000,0.22675,0.22702,0.22488,0.22641,5584.0,12629.6599
1784492580000,0.22685,0.22687,0.22458,0.22669,4662.0,10519.5864
1784492640000,0.22694,0.22845,0.22664,0.22688,2915.0,6634.7435
1784492700000,0.22693,0.22743,0.22578,0.22743,7488.0,16956.3284
1784492760000,0.22708,0.22795,0.2262,0.2262,1787.0,4061.0071
1784492820000,0.22625,0.22719,0.22569,0.22673,3796.0,8587.0198
1784492880000,0.22647,0.227,0.22598,0.227,2057.0,4661.369
1784492940000,0.22693,0.22985,0.22644,0.22934,2952.0,6718.3002
1784493000000,0.22883,0.22948,0.22729,0.22729,10199.0,23385.7625
1784493060000,0.22814,0.2297,0.228,0.22872,2695.0,6169.5149
1784493120000,0.22864,0.2292,0.22767,0.22915,2264.0,5165.1972
1784493180000,0.229,0.23305,0.2286,0.23065,19149.0,44355.7165
1784493240000,0.23072,0.23072,0.22778,0.22778,2877.0,6600.3411
1784493300000,0.228,0.22929,0.22697,0.22785,3853.0,8764.2987
1784493360000,0.22804,0.22833,0.22583,0.22637,2185.0,4957.8566
1784493420000,0.22675,0.22804,0.22576,0.22799,7573.0,17145.6204
1784493480000,0.22795,0.2283,0.2277,0.22774,1545.0,3522.6487
1784493540000,0.22768,0.22957,0.22768,0.22913,9736.0,22311.9574
1784493600000,0.2292,0.23041,0.22874,0.22921,1581.0,3629.6872
1784493660000,0.22932,0.232,0.22932,0.22984,7037.0,16201.8753
1784493720000,0.22992,0.22994,0.22917,0.22917,878.0,2017.1829
1784493780000,0.22963,0.23016,0.22856,0.22873,2750.0,6324.1059
1784493840000,0.22869,0.22977,0.22857,0.22977,785.0,1798.5222
1784493900000,0.23001,0.23017,0.22927,0.22948,513.0,1178.2944
1784493960000,0.22912,0.22912,0.22717,0.22761,10616.0,24156.2619
1784494020000,0.22771,0.22771,0.22622,0.22637,3533.0,8006.3835
1784494080000,0.22626,0.22662,0.22312,0.22521,9823.0,22090.7987
1784494140000,0.22555,0.22572,0.22435,0.22435,3629.0
1784494200000,0.22437,0.22859,0.22437,0.22802,9695.0
1784494260000,0.22817,0.22823,0.22687,0.22797,1624.0
1784494320000,0.22791,0.2305,0.22786,0.22989,30003.0
1784494380000,0.22967,0.23159,0.22967,0.23083,17377.0
1784494440000,0.23085,0.23143,0.22935,0.23052,4219.0
1784494500000,0.23038,0.23107,0.22994,0.23003,639.0
1784494560000,0.23016,0.23138,0.23016,0.23086,5425.0
1784494620000,0.23087,0.23879,0.23053,0.23426,35601.0
1784494680000,0.23401,0.23529,0.23326,0.23519,16296.0
1784494740000,0.23505,0.2354,0.2338,0.23434,7796.0
1784494800000,0.23403,0.23403,0.23234,0.2326,8827.0
1784494860000,0.23226,0.23226,0.22754,0.23063,10129.0
1784494920000,0.23024,0.23118,0.22927,0.22977,2589.0
1784494980000,0.23018,0.23127,0.22857,0.22974,11434.0
1784495040000,0.22993,0.23033,0.22883,0.22896,961.0
1784495100000,0.22942,0.23026,0.22928,0.22963,2109.0
1784495160000,0.22985,0.23053,0.22985,0.23009,1345.0
1784495220000,0.23002,0.23092,0.22924,0.23069,14738.0
1784495280000,0.23078,0.23103,0.22979,0.23051,5344.0
1784495340000,0.23033,0.2338,0.23033,0.23237,26823.0
1784495400000,0.2323,0.23248,0.23125,0.23161,2700.0
1784495460000,0.23182,0.23211,0.23136,0.2319,834.0
1784495520000,0.23237,0.23463,0.23219,0.23463,9413.0
1784495580000,0.23452,0.23896,0.23409,0.23598,36617.0
1784495640000,0.23595,0.23769,0.23443,0.23491,12319.0
1784495700000,0.23526,0.23703,0.23492,0.23703,3119.0
1784495760000,0.23703,0.23703,0.23365,0.23387,31883.0
1784495820000,0.2338,0.23383,0.23016,0.23211,24207.0
1784495880000,0.23244,0.23389,0.23004,0.23116,7759.0
1784495940000,0.23147,0.2325,0.23113,0.23237,9526.0
1784496000000,0.23227,0.23579,0.23227,0.23429,5008.0
1784496060000,0.23476,0.23666,0.23381,0.2346,8785.0
1784496120000,0.2353,0.2353,0.23311,0.23355,4743.0
1784496180000,0.23283,0.23538,0.23069,0.23445,8038.0
1784496240000,0.23481,0.2352,0.23362,0.23447,1417.0
1784496300000,0.23492,0.23585,0.23492,0.23557,12104.0
1784496360000,0.23593,0.23599,0.2351,0.23569,1208.0
1784496420000,0.23569,0.23569,0.23499,0.23518,2780.0
1784496480000,0.23589,0.23616,0.2327,0.23271,21047.0
1784496540000,0.23284,0.23285,0.23091,0.23153,7122.0
1784496600000,0.23203,0.23343,0.22403,0.22905,20706.0
1784496660000,0.22936,0.231,0.22308,0.22736,34874.0
1784496720000,0.22806,0.22961,0.22736,0.22803,3752.0
1784496780000,0.22837,0.22971,0.22574,0.22633,24413.0
1784496840000,0.22628,0.22864,0.22436,0.22721,11915.0
1784496900000,0.228,0.23677,0.228,0.23372,15920.0
1784496960000,0.2339,0.23393,0.231,0.23173,5341.0
1784497020000,0.23255,0.23442,0.23215,0.23219,1178.0
1784497080000,0.23312,0.23403,0.23209,0.23277,900.0
1784497140000,0.23333,0.23469,0.23264,0.23396,3525.0
1784497200000,0.23469,0.23665,0.23407,0.23407,916.0
1784497260000,0.23504,0.23506,0.23293,0.234,1412.0
1784497320000,0.23499,0.23504,0.23319,0.23398,5176.0
1784497380000,0.23421,0.23421,0.23357,0.23367,7226.0
1784497440000,0.23408,0.23652,0.23408,0.23495,7570.0
1784497500000,0.23518,0.23582,0.23431,0.23447,6106.0
1784497560000,0.23446,0.23446,0.23217,0.23342,7329.0
1784512140000,0.22847,0.2285,0.22812,0.22845,5022.0,11468.8515
1784512200000,0.22841,0.22865,0.2283,0.22852,854.0,1951.6551
1784512260000,0.22881,0.22903,0.22676,0.22753,931.0,2122.5113
1784512320000,0.22761,0.22775,0.22065,0.22161,15996.0,35913.7128
1784512380000,0.22114,0.22188,0.21838,0.22059,14681.0,32342.5911
1784512440000,0.22059,0.22076,0.21914,0.21932,1352.0,2977.2201
1784512500000,0.22001,0.22325,0.22001,0.22281,4047.0,8998.9009
1784512560000,0.22325,0.22508,0.21793,0.21971,8041.0,17754.4368
1784512620000,0.21965,0.22212,0.21832,0.22212,2400.0,5277.1534
1784512680000,0.22258,0.22414,0.22203,0.22298,705.0,1571.1791
1784512740000,0.22307,0.22703,0.22307,0.22526,2323.0,5221.7799
1784512800000,0.22496,0.22523,0.22228,0.22228,706.0,1579.3108
1784512860000,0.22298,0.22638,0.22298,0.22536,4082.0,9188.0965
1784512920000,0.22556,0.22556,0.22488,0.2249,496.0,1117.6659
1784512980000,0.22493,0.22493,0.22355,0.22387,210.0,470.0953
1784513040000,0.22477,0.22545,0.22468,0.22519,438.0,986.4242
1784513100000,0.22525,0.22571,0.22475,0.22475,660.0,1488.2827
1784513160000,0.22465,0.22465,0.22224,0.22333,184.0,411.4337
1784513220000,0.22292,0.22373,0.22274,0.22351,4090.0,9128.1389
1784513280000,0.22311,0.22351,0.22197,0.22266,3692.0,8237.8133
1784513340000,0.22234,0.22241,0.22229,0.22229,137.0,304.6081
1784513400000,0.22312,0.22518,0.22312,0.2247,468.0,1050.2281
1784513460000,0.2248,0.22982,0.22472,0.22783,13799.0,31404.1143
1784513520000,0.22719,0.22813,0.22667,0.22667,2624.0,5968.3016
1784513580000,0.22666,0.22667,0.22621,0.22667,302.0,684.1094
1784513640000,0.22617,0.22634,0.22601,0.22601,355.0,802.9143
1784513700000,0.22683,0.23032,0.22683,0.23032,4084.0,9343.8718
1784513760000,0.22944,0.22944,0.2282,0.22852,1304.0,2983.7944
1784513820000,0.2284,0.2284,0.2276,0.2281,365.0,832.0604
1784513880000,0.22844,0.22883,0.22841,0.22853,2224.0,5081.6561
1784513940000,0.2286,0.23012,0.2286,0.22974,884.0,2030.1461
1784514000000,0.22965,0.22965,0.22814,0.22825,4997.0,11420.8054
1784514060000,0.22847,0.23041,0.22845,0.23034,244.0,561.0398
1784514120000,0.22971,0.23132,0.22971,0.23072,13305.0,30615.023
1784514180000,0.23096,0.231,0.22917,0.22922,4391.0,10123.4082
1784514240000,0.22943,0.23149,0.22943,0.23053,804.0,1853.2539
1784514300000,0.2318,0.2318,0.23172,0.23172,112.0,259.5687
1784514360000,0.23146,0.23224,0.23141,0.23224,2785.0,6461.8036
1784514420000,0.23171,0.23171,0.23128,0.23166,154.0,356.7586
1784514480000,0.23143,0.23185,0.23143,0.23163,280.0,648.6207
1784514540000,0.23179,0.23179,0.23139,0.23139,138.0,319.6406
1784514600000,0.23139,0.23194,0.23085,0.23085,1348.0,3119.5261
1784514660000,0.23073,0.23166,0.23006,0.23166,654.0,1508.1744
1784514720000,0.23202,0.2323,0.23141,0.23222,564.0,1308.7469
1784514780000,0.23249,0.23269,0.23193,0.23193,430.0,999.7079
1784514840000,0.23218,0.23273,0.23189,0.23189,1427.0,3313.5398
1784514900000,0.23269,0.23642,0.23242,0.23615,3850.0,8996.7624
1784514960000,0.23615,0.23645,0.22802,0.22983,11388.0,26338.9026
1784515020000,0.23071,0.23071,0.22855,0.2294,3843.0,8815.8833
1784515080000,0.22981,0.23071,0.22521,0.22757,3573.0,8137.1785
1784515140000,0.22802,0.22999,0.22442,0.2291,14663.0,33406.3222
1784515200000,0.22988,0.23178,0.22988,0.23112,3204.0,7396.8396
1784515260000,0.2314,0.2685,0.2314,0.25582,146521.0,371605.3573
1784515320000,0.25536,0.2582,0.24485,0.25129,27713.0,69579.7005
1784515380000,0.25027,0.25127,0.24535,0.2496,15924.0,39507.4667
1784515440000,0.24871,0.24886,0.24646,0.24681,4621.0,11431.5607
1784515500000,0.24727,0.24902,0.24311,0.24888,22980.0,56684.5918
1784515560000,0.24876,0.25422,0.24718,0.2519,4850.0,12190.6764
1784515620000,0.252,0.25608,0.2512,0.2523,18567.0,47010.1263
1784515680000,0.25262,0.25447,0.23704,0.24462,21464.0,52545.3397
1784515740000,0.24369,0.24455,0.2401,0.24261,6818.0,16486.0838
1784515800000,0.24283,0.24385,0.23997,0.24113,8120.0,19707.9871
1784515860000,0.24054,0.24258,0.2399,0.24114,755.0,1824.9757
1784515920000,0.24041,0.24548,0.23991,0.24494,12126.0,29520.1707
1784515980000,0.24487,0.24805,0.24486,0.24661,11170.0,27568.4633
1784516040000,0.24621,0.24816,0.23902,0.24318,9087.0,22110.826
1784516100000,0.24319,0.24319,0.2414,0.24247,5851.0,14171.8499
1784516160000,0.24207,0.24606,0.23967,0.24414,16868.0,41042.3975
1784516220000,0.2441,0.24831,0.24324,0.24591,17275.0,42440.5919
1784516280000,0.24584,0.24657,0.2441,0.24436,9831.0,24099.7799
1784516340000,0.24433,0.24546,0.24418,0.24472,6138.0,15025.7585
1784516400000,0.24472,0.24498,0.24189,0.24247,5177.0,12593.0304
1784516460000,0.24219,0.24471,0.24044,0.2428,7160.0,17374.6392
1784516520000,0.24244,0.24244,0.24038,0.241,9476.0,22857.4998
1784516580000,0.24063,0.2425,0.24005,0.24221,4001.0,9649.394
1784516640000,0.2423,0.24419,0.24136,0.24413,5394.0,13069.5682
1784516700000,0.24398,0.24425,0.2436,0.24397,2414.0,5890.9405
1784516760000,0.244,0.24668,0.24244,0.24255,3956.0,9625.9247
1784516820000,0.2421,0.24512,0.2413,0.24422,2521.0,6137.6372
1784516880000,0.24383,0.24408,0.24232,0.24279,707.0,1719.3429
1784516940000,0.24274,0.24306,0.24142,0.24283,1822.0,4411.9713
1784517000000,0.24292,0.24292,0.24104,0.24236,3308.0,8008.1241
1784517060000,0.24233,0.24318,0.24195,0.24264,716.0,1736.5387
1784517120000,0.24178,0.243,0.24096,0.24294,1355.0,3280.3524
1784517180000,0.24181,0.2444,0.24179,0.24429,2356.0,5729.1917
1784517240000,0.24397,0.24422,0.24219,0.24259,1726.0,4205.2925
1784517300000,0.24265,0.24503,0.24252,0.2433,4085.0,9963.0286
1784517360000,0.24328,0.24428,0.24276,0.24357,12252.0,29822.352
1784517420000,0.24321,0.24436,0.24286,0.24286,2807.0,6835.9131
1784517480000,0.24302,0.24302,0.23906,0.23932,2070.0,5001.7203
1784517540000,0.2393,0.24067,0.23769,0.24011,5619.0,13435.3258
1784517600000,0.23976,0.24454,0.23929,0.24408,8067.0,19655.4204
1784517660000,0.24423,0.24551,0.24359,0.24432,2371.0,5798.1937
1784517720000,0.24397,0.24483,0.24378,0.24483,1293.0,3158.2504
1784517780000,0.24427,0.2449,0.24208,0.24267,2179.0,5306.3879
1784517840000,0.2422,0.2422,0.23895,0.23923,2815.0,6763.279
1784517900000,0.23882,0.24167,0.23843,0.24163,7147.0,17114.388
1784517960000,0.24125,0.24229,0.24118,0.24229,537.0,1297.43
1784518020000,0.24247,0.24249,0.24217,0.24217,365.0,884.525
1784518080000,0.2421,0.2421,0.24166,0.24166,295.0,713.4142
1784518140000,0.24204,0.24204,0.24184,0.24189,71.0,171.7839
1784518200000,0.24199,0.24199,0.24051,0.24128,2433.0,5867.3711
1784518260000,0.24078,0.24105,0.23988,0.24086,1814.0,4361.1005
1784518320000,0.24101,0.24264,0.23839,0.23912,6526.0,15611.7825
1784518380000,0.23925,0.23962,0.23884,0.2392,702.0,1679.3372
1784518440000,0.23868,0.23901,0.232,0.23576,7437.0,17613.0973
1784518500000,0.23551,0.23643,0.23434,0.23555,2920.0,6883.6368
1784518560000,0.23687,0.23693,0.2357,0.2365,1754.0,4143.0823
1784518620000,0.2365,0.23656,0.23596,0.23598,437.0,1032.0308
1784518680000,0.23589,0.23854,0.23527,0.23821,1664.0,3938.6005
1784518740000,0.23805,0.23805,0.23786,0.23794,611.0,1453.5876
1784518800000,0.23523,0.23566,0.23523,0.2354,566.0,1333.0742
1784518860000,0.23568,0.23568,0.235,0.23532,2742.0,6450.1376
1784518920000,0.2351,0.2389,0.23506,0.23845,3514.0,8357.7949
1784518980000,0.2385,0.23911,0.23794,0.23807,573.0,1366.9755
1784519040000,0.23843,0.23858,0.23778,0.23778,1854.0,4414.0454
1784519100000,0.238,0.24245,0.23799,0.24062,6188.0,14879.8561
1784519160000,0.24094,0.24145,0.24048,0.24145,1423.0,3428.862
1784519220000,0.2416,0.245,0.2416,0.24323,3871.0,9410.2584
1784519280000,0.24328,0.24346,0.24191,0.24191,2903.0,7046.5803
1784519340000,0.242,0.242,0.24162,0.24162,762.0,1842.2631
1784519400000,0.24134,0.24191,0.24069,0.24183,1240.0,2995.9936
1784519460000,0.24193,0.2436,0.24162,0.24341,5136.0,12451.1394
1784519520000,0.2437,0.24584,0.24297,0.24321,5881.0,14371.0606
1784519580000,0.24328,0.24343,0.2424,0.24313,1321.0,3208.3851
1784519640000,0.24284,0.24284,0.24223,0.24228,821.0,1989.4698
1784519700000,0.24221,0.24316,0.24212,0.24309,234.0,568.2951
1784519760000,0.24319,0.24404,0.24306,0.24394,333.0,811.2199
1784519820000,0.24458,0.25,0.24395,0.24755,10666.0,26341.6954
1784519880000,0.24755,0.25111,0.24755,0.25033,8249.0,20637.6888
1784519940000,0.25072,0.25084,0.2493,0.25084,2670.0,6685.454
1784520000000,0.25124,0.2593,0.25124,0.25718,13159.0,33884.3837
1784520060000,0.25777,0.25871,0.25478,0.25478,3688.0,9488.4162
1784520120000,0.25454,0.25727,0.25454,0.25529,801.0,2052.0706
1784520180000,0.25516,0.2552,0.25193,0.25193,1166.0,2959.6094
1784520240000,0.25193,0.25307,0.25193,0.25273,3302.0,8332.7452
1784520300000,0.25279,0.25438,0.2487,0.25028,4203.0,10549.1468
1784520360000,0.25028,0.2529,0.24978,0.25241,2157.0,5397.4405
1784520420000,0.25216,0.25253,0.25112,0.25161,1478.0,3718.401
1784520480000,0.25224,0.25268,0.25016,0.25055,1146.0,2880.1756
1784520540000,0.2507,0.25131,0.25065,0.25089,1848.0,4634.9493
1784520600000,0.25117,0.25118,0.24918,0.24948,6923.0,17268.3948
1784520660000,0.24987,0.25076,0.24987,0.25016,1536.0,3843.3782
1784520720000,0.25037,0.25104,0.24996,0.25054,9059.0,22697.3266
1784520780000,0.25074,0.25156,0.25017,0.25058,1312.0,3293.0277
1784520840000,0.25007,0.25072,0.25007,0.25022,1241.0,3106.9881
1784520900000,0.25035,0.25155,0.24999,0.25155,3300.0,8275.9925
1784520960000,0.25134,0.25134,0.25059,0.25079,189.0,474.0627
1784521020000,0.25085,0.25085,0.24799,0.24994,17273.0,43142.1705
1784521080000,0.25021,0.2523,0.24952,0.2516,21330.0,53459.1395
1784521140000,0.25095,0.25418,0.25095,0.25418,19375.0,48901.6493
1784521200000,0.2539,0.25402,0.25328,0.25398,3519.0,8931.9075
1784521260000,0.25387,0.25487,0.25376,0.25429,7428.0,18888.6562
1784521320000,0.25419,0.258,0.25407,0.258,2779.0,7118.4746
1784521380000,0.2571,0.25892,0.25675,0.25717,2874.0,7407.514
1784521440000,0.25706,0.26056,0.25706,0.26056,1111.0,2883.4049
1784521500000,0.26125,0.26262,0.25713,0.25769,5518.0,14277.4361
1784521560000,0.25767,0.26033,0.25695,0.25885,650.0,1681.7542
1784521620000,0.25913,0.26578,0.25913,0.2618,12684.0,33527.4477
1784521680000,0.26184,0.26361,0.26173,0.26316,902.0,2365.5427
1784521740000,0.26293,0.26591,0.26293,0.26447,2074.0,5496.4296
1784521800000,0.26408,0.26521,0.26109,0.26109,2778.0,7300.5166
1784521860000,0.26087,0.26143,0.25918,0.26086,1834.0,4770.5699
1784521920000,0.26072,0.26452,0.25941,0.26234,3162.0,8262.6726
1784521980000,0.26257,0.2652,0.26211,0.2652,3862.0,10213.2402
1784522040000,0.26497,0.26544,0.26389,0.26544,793.0,2100.0075
1784522100000,0.26506,0.26528,0.26453,0.26495,1163.0,3082.0322
1784522160000,0.26538,0.2679,0.263,0.26619,52583.0,139316.4879
1784522220000,0.26604,0.26613,0.26182,0.26233,8243.0,21706.532
1784522280000,0.26203,0.26398,0.26203,0.26309,673.0,1768.2531
1784522340000,0.26353,0.26353,0.26151,0.26151,1110.0,2916.708
1784522400000,0.26141,0.26361,0.26092,0.26361,332.0,869.1357
1784522460000,0.26339,0.26389,0.26214,0.26214,762.0,2005.9867
1784522520000,0.26226,0.26232,0.26157,0.26205,6343.0,16618.3266
1784522580000,0.26205,0.26296,0.26178,0.26241,2135.0,5594.2257
1784522640000,0.26251,0.26251,0.26159,0.2618,1180.0,3091.617
1784522700000,0.26161,0.26271,0.26146,0.26231,32745.0,85945.5712
1784522760000,0.26241,0.26309,0.26217,0.26217,1865.0,4896.6412
1784522820000,0.26202,0.26209,0.25542,0.25802,5677.0,14636.0566
1784522880000,0.2578,0.25946,0.25422,0.25703,4531.0,11628.3287
1784522940000,0.25722,0.25892,0.25558,0.25618,9118.0,23440.8502
1784523000000,0.25543,0.25931,0.25543,0.25879,4280.0,11001.0529
1784523060000,0.25887,0.25943,0.25751,0.25751,975.0,2517.2989
1784523120000,0.25738,0.25867,0.25707,0.25867,197.0,507.725
1784523180000,0.25659,0.25706,0.2552,0.25628,2675.0,6844.6774
1784523240000,0.25646,0.25959,0.25574,0.25959,4558.0,11733.3356
1784523300000,0.26019,0.26019,0.257,0.25712,1687.0,4352.3953
1784523360000,0.25588,0.25616,0.25548,0.25585,2520.0,6449.2854
1784523420000,0.25556,0.2593,0.25556,0.25837,2058.0,5317.4916
1784523480000,0.25869,0.25963,0.25827,0.25848,303.0,785.1731
1784523540000,0.25784,0.25784,0.25577,0.25612,1358.0,3489.4538
1784523600000,0.25625,0.25714,0.25625,0.25676,161.0,413.2414
1784523660000,0.2561,0.25704,0.25484,0.25694,1908.0,4880.7661
1784523720000,0.25725,0.25872,0.25707,0.25872,991.0,2557.9665
1784523780000,0.25836,0.25836,0.25616,0.25717,1022.0,2620.6413
1784523840000,0.25734,0.25734,0.25313,0.25467,3777.0,9623.1982
1784523900000,0.25432,0.26002,0.2523,0.25622,10583.0,27102.281
1784523960000,0.2564,0.25843,0.25512,0.25512,1925.0,4943.2652
1784524020000,0.25606,0.25687,0.25429,0.25432,4023.0,10293.8987
1784524080000,0.25424,0.25622,0.25181,0.25622,6571.0,16606.6187
1784524140000,0.25633,0.25794,0.25585,0.25686,2574.0
1784524200000,0.25716,0.25716,0.25535,0.25656,2718.0
1784524260000,0.25657,0.25674,0.25558,0.25573,1107.0
1784524320000,0.25615,0.25828,0.25615,0.25828,1984.0
1784524380000,0.25861,0.26239,0.25836,0.2591,13007.0
1784524440000,0.25931,0.25931,0.25631,0.25648,880.0
1784524500000,0.25641,0.25728,0.25518,0.25552,461.0
1784524560000,0.25595,0.25644,0.25462,0.25528,734.0
1784524620000,0.25546,0.25563,0.2533,0.25563,510.0
1784524680000,0.25549,0.25551,0.25268,0.25289,2169.0
1784524740000,0.25363,0.2537,0.25043,0.25226,3938.0
1784524800000,0.25154,0.25479,0.25154,0.25479,600.0
1784524860000,0.25504,0.25639,0.24094,0.24361,19843.0
1784524920000,0.24363,0.24812,0.24315,0.24737,2515.0
1784524980000,0.2479,0.24831,0.23984,0.24134,12323.0
1784525040000,0.24247,0.24263,0.24059,0.24237,2422.0
1784525100000,0.24271,0.24695,0.24267,0.24478,3347.0
1784525160000,0.24429,0.24778,0.24282,0.24653,7418.0
1784525220000,0.24678,0.248,0.24541,0.24664,697.0
1784525280000,0.24715,0.24738,0.24599,0.24599,1357.0
1784525340000,0.24695,0.24746,0.24347,0.24348,1974.0
1784525400000,0.24406,0.24617,0.24249,0.24617,1682.0
1784525460000,0.24641,0.24641,0.24426,0.24493,2892.0
1784525520000,0.24561,0.24568,0.24451,0.24512,1648.0
1784525580000,0.24528,0.24685,0.24528,0.24616,935.0
1784525640000,0.24675,0.255,0.24624,0.25121,5039.0
1784525700000,0.25191,0.25191,0.24941,0.25106,313.0
1784525760000,0.25068,0.251,0.24952,0.251,2890.0
1784525820000,0.25101,0.25273,0.25074,0.25177,995.0
1784525880000,0.25249,0.25536,0.25171,0.25402,6644.0
1784525940000,0.25419,0.25419,0.25129,0.25153,895.0
1784526000000,0.25116,0.25123,0.24848,0.249,891.0
1784526060000,0.24898,0.24969,0.24748,0.24806,1361.0
1784526120000,0.24917,0.2525,0.24917,0.25248,1544.0
1784526180000,0.25255,0.25264,0.25034,0.25049,593.0
1784526240000,0.25009,0.2506,0.24961,0.25026,1905.0
1784526300000,0.25048,0.25071,0.24923,0.24931,3115.0
1784526360000,0.24937,0.25003,0.24899,0.24943,759.0
1784526420000,0.24989,0.24995,0.24855,0.24882,2069.0
1784526480000,0.24906,0.24909,0.24783,0.24906,667.0
1784526540000,0.24891,0.24905,0.24817,0.24818,1686.0
1784526600000,0.24837,0.24927,0.24837,0.24899,1234.0
1784526660000,0.24889,0.25039,0.24845,0.24994,53387.0
1784526720000,0.25019,0.25312,0.24962,0.25164,2259.0
1784526780000,0.2515,0.25238,0.2515,0.25171,329.0
1784526840000,0.25176,0.25249,0.25146,0.25158,4765.0
1784526900000,0.25158,0.25333,0.25156,0.25316,41405.0
1784526960000,0.25306,0.25322,0.25067,0.25069,15111.0
1784527020000,0.25043,0.25137,0.25007,0.2504,12271.0
1784527080000,0.24986,0.24988,0.24467,0.24755,20961.0
1784527140000,0.24755,0.24816,0.2462,0.2478,4169.0
1784527200000,0.24985,0.25077,0.2498,0.25077,397.0
1784527260000,0.25029,0.25108,0.25009,0.25061,2913.0
1784527320000,0.25048,0.25122,0.25048,0.25069,2427.0
1784527380000,0.25086,0.25144,0.25078,0.25144,733.0
1784527440000,0.25158,0.25263,0.25153,0.25245,315.0
1784527500000,0.25289,0.25333,0.25158,0.25248,15379.0
1784527560000,0.25305,0.25328,0.25268,0.25316,5086.0
1784542140000,0.27756,0.27756,0.27278,0.27307,1601.0,4393.5497
1784542200000,0.27367,0.27506,0.27323,0.2735,1611.0,4416.0791
1784542260000,0.27387,0.27651,0.27387,0.27626,468.0,1290.6697
1784542320000,0.27639,0.27663,0.26851,0.27083,11062.0,29848.4143
1784542380000,0.27082,0.27097,0.26849,0.26849,2420.0,6544.111
1784542440000,0.26928,0.27093,0.26924,0.27087,532.0,1436.4587
1784542500000,0.27165,0.27357,0.27165,0.27294,2043.0,5580.8218
1784542560000,0.27252,0.27353,0.27251,0.27353,1583.0,4320.5959
1784542620000,0.27336,0.27336,0.26861,0.27003,5890.0,15891.1682
1784542680000,0.27008,0.2701,0.26629,0.26886,7037.0,18811.2937
1784542740000,0.26915,0.27205,0.26877,0.27193,641.0,1731.4847
1784542800000,0.27138,0.27175,0.2702,0.27175,155.0,419.3007
1784542860000,0.27145,0.2749,0.27109,0.27463,1913.0,5242.3497
1784542920000,0.27256,0.27403,0.2708,0.27394,975.0,2654.96
1784542980000,0.27393,0.27471,0.27362,0.27471,1415.0,3882.4656
1784543040000,0.27412,0.278,0.27412,0.27637,6015.0,16633.6904
1784543100000,0.27584,0.27637,0.27395,0.27637,2266.0,6225.8479
1784543160000,0.27629,0.27782,0.27604,0.27691,2468.0,6819.1397
1784543220000,0.27659,0.27974,0.27563,0.27919,7204.0,20062.3152
1784543280000,0.27896,0.28333,0.27858,0.28013,8702.0,24458.7024
1784543340000,0.28052,0.28332,0.28027,0.28241,11341.0,31946.7973
1784543400000,0.28187,0.28276,0.27864,0.27864,3849.0,10818.0829
1784543460000,0.27891,0.28143,0.27891,0.28096,1235.0,3468.5406
1784543520000,0.28088,0.28125,0.27991,0.28072,453.0,1272.2176
1784543580000,0.28084,0.28272,0.28078,0.28108,915.0,2576.8156
1784543640000,0.28062,0.28062,0.27844,0.27851,440.0,1227.0591
1784543700000,0.27947,0.28184,0.27947,0.28183,1691.0,4744.626
1784543760000,0.28074,0.28255,0.28074,0.28131,2093.0,5898.4675
1784543820000,0.28081,0.28081,0.27918,0.27925,1534.0,4292.4464
1784543880000,0.27915,0.2797,0.275,0.27594,33090.0,91315.774
1784543940000,0.27601,0.27856,0.27554,0.27827,4871.0,13482.7259
1784544000000,0.27798,0.27896,0.27734,0.27858,590.0,1641.791
1784544060000,0.27809,0.28888,0.27787,0.28547,86119.0,245849.2893
1784544120000,0.28541,0.2868,0.28309,0.28477,18417.0,52492.1079
1784544180000,0.28477,0.28698,0.28435,0.28481,6172.0,17650.395
1784544240000,0.28513,0.28594,0.2835,0.28454,2668.0,7600.0758
1784544300000,0.28453,0.285,0.28217,0.28245,37259.0,105730.7241
1784544360000,0.28245,0.28245,0.27852,0.28154,8309.0,23392.6619
1784544420000,0.2814,0.28187,0.28011,0.2816,2813.0,7901.3079
1784544480000,0.28155,0.28478,0.28085,0.28462,4143.0,11688.5883
1784544540000,0.28386,0.28542,0.28353,0.28482,8314.0,23647.703
1784544600000,0.28516,0.28556,0.28427,0.28494,5870.0,16707.2308
1784544660000,0.28512,0.28893,0.28512,0.28863,4960.0,14274.998
1784544720000,0.28887,0.29102,0.28834,0.28875,18290.0,53021.1544
1784544780000,0.28872,0.29207,0.28687,0.29099,33954.0,97824.7917
1784544840000,0.29062,0.30349,0.29047,0.29268,56562.0,167528.202
1784544900000,0.29285,0.29443,0.29137,0.29315,2675.0,7817.5813
1784544960000,0.29401,0.29594,0.29256,0.29336,7823.0,22961.1037
1784545020000,0.29384,0.29384,0.29006,0.29235,32998.0,96509.6955
1784545080000,0.29204,0.29204,0.28963,0.29102,1747.0,5080.33
1784545140000,0.29095,0.29312,0.29072,0.29312,1271.0,3700.2654
1784545200000,0.29291,0.29524,0.29128,0.29184,8313.0,24387.5211
1784545260000,0.29239,0.2949,0.29134,0.29472,2812.0,8226.9322
1784545320000,0.29448,0.29537,0.28582,0.28878,11276.0,32635.7939
1784545380000,0.28996,0.29263,0.2894,0.29058,3157.0,9176.5303
1784545440000,0.29054,0.29102,0.28804,0.28847,4932.0,14270.7163
1784545500000,0.28911,0.28971,0.28434,0.28554,5058.0,14523.1474
1784545560000,0.28601,0.2865,0.28555,0.28618,3703.0,10597.6341
1784545620000,0.28654,0.28985,0.28254,0.28985,6936.0,19831.1563
1784545680000,0.29,0.29339,0.28882,0.28966,13518.0,39413.9751
1784545740000,0.29028,0.29064,0.28859,0.29064,570.0,1650.256
1784545800000,0.29124,0.29271,0.29084,0.29271,1376.0,4015.8463
1784545860000,0.29236,0.29255,0.29107,0.29188,1582.0,4617.6482
1784545920000,0.29215,0.29216,0.29046,0.29078,564.0,1642.7556
1784545980000,0.29109,0.29156,0.29057,0.29156,383.0,1115.1591
1784546040000,0.29136,0.30485,0.29136,0.29639,69285.0,206913.5299
1784546100000,0.29639,0.29929,0.29476,0.29582,16963.0,50469.6922
1784546160000,0.29582,0.29678,0.29305,0.29432,4558.0,13446.0992
1784546220000,0.29352,0.29409,0.29243,0.29313,10511.0,30815.8646
1784546280000,0.29312,0.29423,0.29233,0.29297,1696.0,4972.423
1784546340000,0.29306,0.29356,0.29201,0.29251,2860.0,8367.7607
1784546400000,0.29279,0.29378,0.29073,0.292,1321.0,3866.1097
1784546460000,0.29263,0.29365,0.29018,0.29074,827.0,2414.7931
1784546520000,0.29091,0.29131,0.2858,0.28816,4225.0,12186.196
1784546580000,0.28812,0.29093,0.2879,0.2891,2650.0,7673.0971
1784546640000,0.28917,0.28956,0.28609,0.28711,1416.0,4073.9004
1784546700000,0.28731,0.28812,0.2858,0.28596,637.0,1826.6574
1784546760000,0.28657,0.28695,0.28587,0.28683,2796.0,8011.8771
1784546820000,0.28696,0.28724,0.28505,0.28602,863.0,2469.5602
1784546880000,0.28593,0.28615,0.28535,0.28571,1480.0,4229.1037
1784546940000,0.28566,0.28849,0.28566,0.2881,3344.0,9599.4906
1784547000000,0.28829,0.28829,0.28393,0.28432,1793.0,5115.8517
1784547060000,0.28449,0.28449,0.27833,0.27977,16144.0,45445.7725
1784547120000,0.27991,0.28252,0.27948,0.28129,8564.0,24068.3396
1784547180000,0.2815,0.28181,0.27787,0.27796,2666.0,7432.4013
1784547240000,0.27852,0.28263,0.27752,0.28182,15899.0,44556.7176
1784547300000,0.28184,0.28512,0.28149,0.28489,9745.0,27637.7795
1784547360000,0.28468,0.287,0.28149,0.28652,7332.0,20818.3911
1784547420000,0.28693,0.29067,0.28606,0.2887,17832.0,51583.5456
1784547480000,0.28905,0.28977,0.2876,0.2888,20351.0,58636.3096
1784547540000,0.28855,0.29165,0.28846,0.29053,3920.0,11343.905
1784547600000,0.2905,0.29091,0.2889,0.28945,681.0,1972.883
1784547660000,0.2896,0.291,0.28626,0.28653,6227.0,17903.1306
1784547720000,0.28671,0.28895,0.2851,0.28811,3314.0,9518.9839
1784547780000,0.28803,0.28803,0.28475,0.28475,2302.0,6568.3659
1784547840000,0.28536,0.28594,0.28343,0.28367,1324.0,3766.6695
1784547900000,0.28425,0.28876,0.28369,0.28726,5051.0,14465.0675
1784547960000,0.28719,0.28907,0.28719,0.28803,1521.0,4388.6206
1784548020000,0.28735,0.28806,0.2867,0.2878,829.0,2385.7161
1784548080000,0.2879,0.28797,0.28564,0.28568,1984.0,5674.871
1784548140000,0.28541,0.28616,0.28213,0.28232,1415.0,4009.4193
1784548200000,0.28333,0.28376,0.28161,0.28219,4556.0,12868.547
1784548260000,0.28248,0.28262,0.28128,0.28199,1581.0,4461.3926
1784548320000,0.28229,0.28714,0.28229,0.28651,3215.0,9185.9849
1784548380000,0.28578,0.28611,0.28516,0.28527,361.0,1030.8177
1784548440000,0.28517,0.28721,0.28476,0.28548,1837.0,5243.869
1784548500000,0.28577,0.29027,0.28577,0.28864,1032.0,2980.8877
1784548560000,0.28867,0.28879,0.28654,0.28719,1221.0,3511.3147
1784548620000,0.28745,0.28785,0.28652,0.28662,769.0,2207.3476
1784548680000,0.28742,0.28837,0.28692,0.28705,1906.0,5488.1491
1784548740000,0.2873,0.2873,0.28448,0.28465,2125.0,6068.9151
1784548800000,0.28546,0.2877,0.28546,0.28721,2504.0,7184.826
1784548860000,0.28719,0.28835,0.28592,0.28772,1669.0,4795.4937
1784548920000,0.28812,0.28893,0.28764,0.28764,692.0,1993.9138
1784548980000,0.28788,0.28805,0.28702,0.28791,719.0,2067.4879
1784549040000,0.28881,0.28975,0.28778,0.28874,2148.0,6207.0647
1784549100000,0.28979,0.29342,0.28921,0.291,9897.0,28958.5585
1784549160000,0.29076,0.29195,0.28929,0.28949,1355.0,3930.928
1784549220000,0.28935,0.28942,0.28655,0.28883,4261.0,12240.1525
1784549280000,0.28863,0.29096,0.287,0.28748,1493.0,4312.9072
1784549340000,0.28799,0.28826,0.28526,0.28545,1443.0,4128.8226
1784549400000,0.28528,0.28674,0.28279,0.28295,4434.0,12583.743
1784549460000,0.28369,0.28574,0.28366,0.28404,1835.0,5219.5761
1784549520000,0.28455,0.28493,0.28403,0.28406,445.0,1265.8087
1784549580000,0.28444,0.28731,0.28433,0.28557,973.0,2777.0015
1784549640000,0.28638,0.28826,0.28601,0.28826,2167.0,6212.1427
1784549700000,0.28839,0.28843,0.2865,0.28681,5901.0,16944.7687
1784549760000,0.28691,0.28714,0.28351,0.2856,3017.0,8595.2485
1784549820000,0.28577,0.28744,0.2856,0.28626,1312.0,3756.2093
1784549880000,0.28629,0.28656,0.28594,0.28594,966.0,2766.3466
1784549940000,0.28582,0.28595,0.28389,0.28389,2214.0,6307.0248
1784550000000,0.28399,0.28462,0.28221,0.28253,2498.0,7075.4286
1784550060000,0.28292,0.28333,0.28169,0.2828,5527.0,15608.0741
1784550120000,0.28295,0.28331,0.28136,0.2818,2949.0,8333.645
1784550180000,0.28221,0.28295,0.28203,0.28237,1491.0,4207.0435
1784550240000,0.28226,0.28316,0.28176,0.28262,781.0,2207.9711
1784550300000,0.28308,0.28308,0.28085,0.28164,2132.0,6011.0782
1784550360000,0.28177,0.28501,0.28175,0.28416,7542.0,21424.1998
1784550420000,0.28407,0.28459,0.28212,0.28223,6593.0,18677.5611
1784550480000,0.28262,0.28277,0.27896,0.28237,10848.0,30451.3448
1784550540000,0.28216,0.28297,0.281,0.28106,1723.0,4865.5363
1784550600000,0.28091,0.28388,0.2809,0.28314,3284.0,9292.3448
1784550660000,0.28335,0.28536,0.28333,0.28402,2976.0,8467.7703
1784550720000,0.28348,0.28356,0.28218,0.28341,1188.0,3363.4364
1784550780000,0.28441,0.28458,0.28262,0.28285,249.0,705.4987
1784550840000,0.28286,0.28493,0.28286,0.28443,1701.0,4838.4791
1784550900000,0.2845,0.2852,0.28382,0.28437,2376.0,6756.5919
1784550960000,0.28437,0.28468,0.28204,0.2834,3838.0,10870.8329
1784551020000,0.28341,0.28341,0.28181,0.28196,4846.0,13683.7216
1784551080000,0.28207,0.28305,0.28203,0.28229,707.0,1996.9101
1784551140000,0.28234,0.28524,0.28097,0.28307,29543.0,83523.4945
1784551200000,0.28342,0.28361,0.28255,0.28287,7459.0,21107.7763
1784551260000,0.28315,0.28516,0.28288,0.28468,4390.0,12482.8085
1784551320000,0.28476,0.28705,0.28399,0.28565,10191.0,29138.0703
1784551380000,0.2856,0.28669,0.28527,0.28597,1015.0,2902.141
1784551440000,0.28601,0.28659,0.28566,0.28641,1476.0,4226.411
1784551500000,0.28672,0.28672,0.28583,0.28634,798.0,2282.6457
1784551560000,0.28594,0.28771,0.28577,0.28685,1283.0,3682.0557
1784551620000,0.28631,0.28674,0.28618,0.28674,102.0,292.0572
1784551680000,0.2863,0.2863,0.28251,0.28376,818.0,2318.6855
1784551740000,0.284,0.28422,0.28285,0.28422,205.0,581.1069
1784551800000,0.28468,0.28661,0.28455,0.28661,709.0,2025.8497
1784551860000,0.2869,0.29178,0.28657,0.28776,7043.0,20330.8244
1784551920000,0.28742,0.2884,0.28666,0.28796,571.0,1642.5944
1784551980000,0.28765,0.28765,0.28458,0.2852,3420.0,9778.0155
1784552040000,0.28507,0.28508,0.28334,0.28412,323.0,917.5948
1784552100000,0.28379,0.28398,0.28311,0.28371,121.0,343.2125
1784552160000,0.285,0.28576,0.285,0.2857,390.0,1112.8708
1784552220000,0.28624,0.28657,0.285,0.285,405.0,1157.8349
1784552280000,0.28496,0.28617,0.2843,0.286,1992.0,5673.2237
1784552340000,0.28556,0.28639,0.28553,0.28562,595.0,1701.8109
1784552400000,0.28574,0.28657,0.28545,0.2856,360.0,1028.729
1784552460000,0.286,0.28612,0.28484,0.28484,266.0,759.5219
1784552520000,0.28453,0.28458,0.28266,0.28293,6352.0,17996.2512
1784552580000,0.28274,0.28275,0.28082,0.28226,5891.0,16600.2863
1784552640000,0.28225,0.28499,0.28225,0.28414,1729.0,4911.5902
1784552700000,0.28424,0.28435,0.28077,0.28162,1756.0,4954.5661
1784552760000,0.28187,0.28208,0.2796,0.28,5730.0,16104.6401
1784552820000,0.28056,0.28077,0.2714,0.27604,22379.0,61824.5762
1784552880000,0.27609,0.27637,0.27203,0.27581,5091.0,13976.9762
1784552940000,0.27585,0.27621,0.27167,0.27185,12264.0,33483.0092
1784553000000,0.27198,0.27396,0.26893,0.27044,8489.0,23019.5024
1784553060000,0.27041,0.27206,0.26902,0.27038,2326.0,6299.8722
1784553120000,0.27091,0.27615,0.27091,0.27593,6640.0,18251.415
1784553180000,0.27622,0.27648,0.27141,0.27512,5048.0,13837.8628
1784553240000,0.27543,0.27544,0.27246,0.27361,5801.0,15868.8461
1784553300000,0.27377,0.27406,0.26982,0.27181,3073.0,8351.6854
1784553360000,0.27224,0.27719,0.27224,0.27669,5252.0,14477.1106
1784553420000,0.27711,0.27985,0.27682,0.27719,3689.0,10272.563
1784553480000,0.27708,0.27842,0.2763,0.27744,1105.0,3062.0718
1784553540000,0.27797,0.27799,0.27665,0.27728,549.0,1523.535
1784553600000,0.27683,0.27697,0.27456,0.27643,1058.0,2917.6303
1784553660000,0.27643,0.27774,0.27517,0.27552,1779.0,4916.8468
1784553720000,0.27582,0.27588,0.27273,0.27351,2873.0,7871.6889
1784553780000,0.27383,0.27552,0.27383,0.27522,955.0,2623.7272
1784553840000,0.27543,0.27555,0.27423,0.27428,2192.0,6019.0626
1784553900000,0.27465,0.27689,0.27464,0.276,1574.0,4345.5312
1784553960000,0.2756,0.2758,0.274,0.27491,633.0,1737.7693
1784554020000,0.27487,0.27538,0.27243,0.27243,242.0,663.1935
1784554080000,0.27216,0.27216,0.2688,0.27007,4604.0,12456.6976
1784554140000,0.27025,0.27113,0.2695,0.26997,1259.0
1784554200000,0.26974,0.27266,0.26962,0.27266,1944.0
1784554260000,0.27348,0.27349,0.26735,0.26887,5063.0
1784554320000,0.26892,0.27242,0.26892,0.27242,2527.0
1784554380000,0.27238,0.27272,0.27087,0.27127,1079.0
1784554440000,0.27141,0.27179,0.27019,0.27024,506.0
1784554500000,0.26953,0.26962,0.26346,0.26799,6822.0
1784554560000,0.26875,0.27182,0.26841,0.26844,3824.0
1784554620000,0.26842,0.27087,0.26841,0.27023,2307.0
1784554680000,0.27049,0.27101,0.26955,0.27074,966.0
1784554740000,0.27085,0.27362,0.27063,0.27294,2017.0
1784554800000,0.2734,0.27508,0.27261,0.27307,1909.0
1784554860000,0.27286,0.27397,0.27202,0.27376,3727.0
1784554920000,0.27401,0.27434,0.2722,0.2722,1548.0
1784554980000,0.2721,0.27312,0.27003,0.27075,1982.0
1784555040000,0.27106,0.27348,0.27106,0.27348,961.0
1784555100000,0.27364,0.27402,0.27027,0.27125,911.0
1784555160000,0.27134,0.27208,0.27031,0.27117,4674.0
1784555220000,0.2705,0.27125,0.26997,0.2711,5072.0
1784555280000,0.27131,0.27597,0.27103,0.27421,4335.0
1784555340000,0.27432,0.28933,0.27432,0.28662,14030.0
1784555400000,0.28639,0.28639,0.28218,0.28247,5925.0
1784555460000,0.28255,0.28486,0.28157,0.28415,1628.0
1784555520000,0.2833,0.28444,0.28238,0.28432,3369.0
1784555580000,0.28442,0.28719,0.2837,0.28543,4743.0
1784555640000,0.28508,0.28508,0.2836,0.28408,2877.0
1784555700000,0.28373,0.28649,0.28337,0.28553,1452.0
1784555760000,0.2853,0.2869,0.28439,0.28684,2418.0
1784555820000,0.28656,0.288,0.28528,0.28591,5525.0
1784555880000,0.28569,0.29211,0.28569,0.28966,13914.0
1784555940000,0.28975,0.29499,0.28878,0.29185,3664.0
1784556000000,0.29252,0.29579,0.28779,0.28779,4045.0
1784556060000,0.28865,0.29136,0.28819,0.29045,1132.0
1784556120000,0.29073,0.29331,0.28985,0.28989,5639.0
1784556180000,0.29025,0.2934,0.29024,0.2922,3318.0
1784556240000,0.29236,0.29375,0.29161,0.29289,2287.0
1784556300000,0.29224,0.2923,0.29015,0.29158,224.0
1784556360000,0.29145,0.29238,0.29047,0.29119,2356.0
1784556420000,0.28932,0.28932,0.28441,0.28646,7679.0
1784556480000,0.28602,0.28665,0.28406,0.28647,1373.0
1784556540000,0.28646,0.28646,0.28345,0.28414,2204.0
1784556600000,0.28418,0.29227,0.28332,0.28985,6077.0
1784556660000,0.28962,0.28997,0.28774,0.28774,1264.0
1784556720000,0.28753,0.28846,0.2844,0.285,1595.0
1784556780000,0.28581,0.28596,0.28426,0.28519,5317.0
1784556840000,0.28486,0.28545,0.28304,0.28339,7448.0
1784556900000,0.28331,0.28982,0.28242,0.28809,15009.0
1784556960000,0.28674,0.28846,0.28618,0.28632,1977.0
1784557020000,0.28643,0.28643,0.28493,0.28493,2068.0
1784557080000,0.28505,0.28702,0.28384,0.28512,2201.0
1784557140000,0.28458,0.28585,0.28421,0.28561,807.0
1784557200000,0.28698,0.28699,0.28548,0.28609,1036.0
1784557260000,0.28612,0.28832,0.28598,0.28758,1402.0
1784557320000,0.28805,0.28855,0.28706,0.28777,982.0
1784557380000,0.28761,0.28977,0.28761,0.28868,4984.0
1784557440000,0.28749,0.28801,0.28636,0.28636,488.0
1784557500000,0.28709,0.28718,0.28605,0.28671,854.0
1784557560000,0.28694,0.28808,0.28675,0.28684,822.0
1784572140000,0.28388,0.28508,0.2833,0.28508,778.0,2211.1894
1784572200000,0.28493,0.28856,0.28493,0.28558,2424.0,6942.0215
1784572260000,0.28603,0.28643,0.28499,0.28601,1125.0,3211.426
1784572320000,0.28607,0.28844,0.28607,0.28727,1910.0,5498.3155
1784572380000,0.28739,0.2877,0.28709,0.2877,208.0,598.1651
1784572440000,0.28762,0.28825,0.28667,0.28767,458.0,1317.4192
1784572500000,0.28765,0.28875,0.28718,0.28828,6077.0,17500.8363
1784572560000,0.28823,0.28888,0.28811,0.28845,126.0,363.4337
1784572620000,0.28852,0.2934,0.2884,0.29102,6444.0,18827.1166
1784572680000,0.29097,0.29258,0.2897,0.29077,9073.0,26396.8301
1784572740000,0.29063,0.29126,0.29063,0.291,1412.0,4109.3223
1784572800000,0.29026,0.29026,0.28862,0.28964,687.0,1989.9707
1784572860000,0.28961,0.28965,0.2879,0.2879,1296.0,3741.0391
1784572920000,0.28815,0.28875,0.28781,0.28827,3330.0,9595.137
1784572980000,0.28825,0.28825,0.28689,0.28787,986.0,2836.4975
1784573040000,0.2883,0.28929,0.28783,0.288,1292.0,3727.3628
1784573100000,0.28753,0.28773,0.28692,0.28737,866.0,2486.8282
1784573160000,0.28868,0.28885,0.28729,0.28729,266.0,767.0739
1784573220000,0.28835,0.29078,0.28835,0.2902,3691.0,10719.6065
1784573280000,0.28978,0.28978,0.288,0.28829,448.0,1294.4856
1784573340000,0.28837,0.28901,0.28837,0.2887,179.0,516.8431
1784573400000,0.28839,0.2885,0.28712,0.28712,2753.0,7919.5929
1784573460000,0.28727,0.28727,0.28485,0.28622,4471.0,12782.5614
1784573520000,0.28631,0.28743,0.28564,0.28654,365.0,1045.1943
1784573580000,0.28683,0.28683,0.28566,0.28602,4825.0,13806.0682
1784573640000,0.28596,0.28596,0.28473,0.28473,1046.0,2984.279
1784573700000,0.28464,0.28616,0.28464,0.28557,1852.0,5295.9745
1784573760000,0.28602,0.2886,0.28602,0.28723,5404.0,15499.1982
1784573820000,0.2873,0.2873,0.285,0.28519,253.0,722.7926
1784573880000,0.28536,0.28695,0.28512,0.28634,7264.0,20796.1987
1784573940000,0.28621,0.28628,0.28495,0.28513,2253.0,6436.1717
1784574000000,0.28506,0.28635,0.28506,0.28608,243.0,694.346
1784574060000,0.28565,0.28601,0.28518,0.28601,640.0,1827.8066
1784574120000,0.28607,0.28649,0.28607,0.28631,97.0,277.7451
1784574180000,0.28601,0.28601,0.28462,0.28504,650.0,1853.5107
1784574240000,0.28488,0.28586,0.2847,0.28575,2513.0,7165.4378
1784574300000,0.28587,0.28738,0.28582,0.28668,2921.0,8373.8453
1784574360000,0.28648,0.28648,0.28515,0.28542,1736.0,4961.2643
1784574420000,0.28591,0.28591,0.28541,0.28581,494.0,1411.5361
1784574480000,0.28607,0.28814,0.28607,0.287,1879.0,5398.0679
1784574540000,0.2872,0.28814,0.28664,0.28685,956.0,2744.7754
1784574600000,0.28714,0.28714,0.28618,0.28668,1050.0,3008.6062
1784574660000,0.28685,0.28802,0.28672,0.28744,1966.0,5649.2207
1784574720000,0.28763,0.28784,0.28617,0.28655,1133.0,3249.9847
1784574780000,0.28658,0.28713,0.28635,0.2866,201.0,576.3073
1784574840000,0.28661,0.28661,0.28437,0.2853,1176.0,3357.4843
1784574900000,0.28543,0.28629,0.28527,0.28572,221.0,631.7203
1784574960000,0.28572,0.28587,0.28202,0.28311,9290.0,26312.4755
1784575020000,0.28307,0.28322,0.28155,0.28205,2062.0,5817.8149
1784575080000,0.28225,0.28538,0.28225,0.28363,3199.0,9087.8219
1784575140000,0.28332,0.28354,0.28243,0.28348,3423.0,9690.4895
1784575200000,0.28337,0.28348,0.28241,0.28273,700.0,1980.3875
1784575260000,0.28277,0.28495,0.28268,0.28366,1177.0,3344.6095
1784575320000,0.28364,0.28423,0.28364,0.28381,693.0,1967.5061
1784575380000,0.28438,0.2868,0.28429,0.2868,3211.0,9163.242
1784575440000,0.28653,0.28666,0.28526,0.28526,1044.0,2981.8733
1784575500000,0.28585,0.28712,0.28585,0.2867,143.0,409.4107
1784575560000,0.28635,0.28635,0.28616,0.28616,89.0,254.7863
1784575620000,0.28418,0.2843,0.28307,0.28424,245.0,695.3336
1784575680000,0.28424,0.28431,0.28312,0.28427,1157.0,3281.0553
1784575740000,0.28403,0.28438,0.28353,0.28422,1055.0,2995.208
1784575800000,0.28402,0.28447,0.28402,0.28447,314.0,892.5571
1784575860000,0.28397,0.28397,0.28239,0.28239,524.0,1482.7739
1784575920000,0.28237,0.28422,0.28228,0.28371,899.0,2545.8564
1784575980000,0.28377,0.2839,0.28349,0.28362,146.0,414.1693
1784576040000,0.28342,0.28342,0.28277,0.28327,313.0,886.1316
1784576100000,0.28333,0.28339,0.28182,0.28202,2957.0,8340.7222
1784576160000,0.28232,0.28347,0.28226,0.28311,681.0,1925.5323
1784576220000,0.28296,0.28438,0.28255,0.28389,487.0,1379.719
1784576280000,0.28413,0.28478,0.2838,0.28411,393.0,1117.8663
1784576340000,0.28419,0.28419,0.28364,0.28401,1823.0,5176.052
1784576400000,0.28402,0.28532,0.28398,0.28511,287.0,817.3424
1784576460000,0.28625,0.28692,0.28576,0.28669,2499.0,7156.0633
1784576520000,0.28583,0.2878,0.28519,0.28676,3338.0,9557.1394
1784576580000,0.28721,0.28721,0.2862,0.2862,852.0,2443.5998
1784576640000,0.28597,0.2862,0.28536,0.2862,1622.0,4633.6728
1784576700000,0.2862,0.2862,0.28608,0.28608,527.0,1508.189
1784576760000,0.2858,0.2858,0.28416,0.285,3636.0,10345.7046
1784576820000,0.28473,0.28667,0.28473,0.28667,451.0,1284.8607
1784576880000,0.28666,0.28846,0.28654,0.28803,13647.0,39268.1984
1784576940000,0.28757,0.28757,0.28648,0.28689,812.0,2330.7502
1784577000000,0.28659,0.28724,0.28647,0.28724,1719.0,4932.4096
1784577060000,0.28693,0.28715,0.28481,0.28481,4904.0,13987.0033
1784577120000,0.28448,0.28561,0.28377,0.28516,5464.0,15532.958
1784577180000,0.28492,0.28528,0.2847,0.28506,995.0,2836.1372
1784577240000,0.28462,0.28462,0.28402,0.28436,454.0,1291.0527
1784577300000,0.28374,0.28374,0.28253,0.28253,1296.0,3671.2587
1784577360000,0.28283,0.283,0.2795,0.27972,1530.0,4296.8359
1784577420000,0.28017,0.28228,0.28016,0.28198,5426.0,15278.9875
1784577480000,0.28193,0.28256,0.281,0.2814,753.0,2119.8091
1784577540000,0.28167,0.2819,0.28058,0.28137,2372.0,6672.3282
1784577600000,0.28132,0.28285,0.28132,0.2821,424.0,1195.9355
1784577660000,0.28196,0.28214,0.27988,0.28044,1144.0,3211.8312
1784577720000,0.28128,0.28348,0.28128,0.28313,1918.0,5421.8219
1784577780000,0.28288,0.28477,0.28288,0.28426,3423.0,9736.4909
1784577840000,0.28449,0.28557,0.2838,0.28431,6089.0,17360.0675
1784577900000,0.28442,0.28487,0.28398,0.284,633.0,1800.7722
1784577960000,0.28416,0.28416,0.28091,0.28167,2695.0,7619.1511
1784578020000,0.28139,0.2832,0.28018,0.28263,2262.0,6354.375
1784578080000,0.28255,0.28272,0.2811,0.2815,1577.0,4444.7632
1784578140000,0.28101,0.28168,0.27675,0.27779,5518.0,15374.6446
1784578200000,0.27819,0.27877,0.27589,0.27775,6358.0,17602.136
1784578260000,0.27796,0.27833,0.27663,0.27713,813.0,2255.8878
1784578320000,0.27695,0.27716,0.27644,0.27698,4929.0,13651.219
1784578380000,0.27698,0.2773,0.27509,0.2773,11286.0,31224.35
1784578440000,0.27715,0.27734,0.27634,0.27634,2137.0,5910.9634
1784578500000,0.27634,0.27869,0.27634,0.27863,2457.0,6800.761
1784578560000,0.27855,0.27993,0.27767,0.27993,2539.0,7082.5249
1784578620000,0.2795,0.2798,0.27843,0.2798,323.0,902.283
1784578680000,0.2795,0.28106,0.27859,0.28106,4439.0,12457.1247
1784578740000,0.28079,0.28191,0.2807,0.28111,2007.0,5647.5829
1784578800000,0.28138,0.28159,0.27993,0.28062,594.0,1664.9906
1784578860000,0.28099,0.28265,0.28099,0.28188,314.0,885.1137
1784578920000,0.28214,0.28332,0.28214,0.28321,967.0,2737.1073
1784578980000,0.28319,0.2832,0.2807,0.28081,1053.0,2972.2787
1784579040000,0.28087,0.28109,0.27993,0.28006,1146.0,3212.5263
1784579100000,0.28063,0.28143,0.27996,0.28025,4733.0,13270.9733
1784579160000,0.28031,0.28081,0.27969,0.27972,368.0,1031.8403
1784579220000,0.28015,0.28242,0.27885,0.28242,3301.0,9247.9114
1784579280000,0.28255,0.28616,0.28245,0.28486,4424.0,12592.3781
1784579340000,0.28431,0.28447,0.28363,0.28366,534.0,1517.6779
1784579400000,0.28387,0.28555,0.28313,0.28481,1719.0,4891.5514
1784579460000,0.28485,0.285,0.28411,0.285,666.0,1897.6877
1784579520000,0.28409,0.28555,0.28409,0.28512,280.0,798.0475
1784579580000,0.28482,0.28538,0.28434,0.28447,429.0,1221.0814
1784579640000,0.28381,0.28411,0.28256,0.28411,2234.0,6325.5557
1784579700000,0.28372,0.28372,0.2819,0.28238,1726.0,4873.5047
1784579760000,0.28235,0.28263,0.28111,0.28155,308.0,869.2375
1784579820000,0.28125,0.28125,0.28071,0.28103,480.0,1348.7878
1784579880000,0.281,0.28168,0.28085,0.28085,290.0,815.4155
1784579940000,0.28102,0.28172,0.28102,0.28141,182.0,512.2955
1784580000000,0.28168,0.28188,0.28161,0.28161,16280.0,45889.4121
1784580060000,0.28158,0.28188,0.28103,0.28188,4355.0,12271.5527
1784580120000,0.2818,0.28192,0.2813,0.28162,6330.0,17809.7679
1784580180000,0.28161,0.28173,0.2813,0.28146,10277.0,28909.7696
1784580240000,0.2813,0.28398,0.2813,0.28397,818.0,2312.8459
1784580300000,0.28412,0.28451,0.28321,0.28321,118.0,335.0013
1784580360000,0.2833,0.28376,0.28293,0.28293,442.0,1251.9459
1784580420000,0.28377,0.28377,0.28231,0.28231,338.0,957.6188
1784580480000,0.28175,0.28175,0.2791,0.27979,12714.0,35587.1188
1784580540000,0.27979,0.27979,0.27841,0.27964,1674.0,4668.8224
1784580600000,0.27971,0.28084,0.27971,0.28017,746.0,2090.955
1784580660000,0.28028,0.28278,0.28028,0.28224,757.0,2137.0952
1784580720000,0.28229,0.28233,0.28149,0.28149,640.0,1803.1776
1784580780000,0.28186,0.28205,0.28154,0.28187,869.0,2449.3526
1784580840000,0.28245,0.28245,0.28213,0.28213,60.0,169.3868
1784580900000,0.28216,0.28272,0.28136,0.28272,324.0,913.9045
1784580960000,0.28271,0.28271,0.28176,0.28176,100.0,282.2874
1784581020000,0.28175,0.28215,0.28174,0.28197,209.0,589.2111
1784581080000,0.28224,0.28245,0.28206,0.28206,315.0,889.2709
1784581140000,0.28238,0.28335,0.28238,0.28324,539.0,1524.9736
1784581200000,0.28338,0.28371,0.28262,0.28329,1957.0,5538.3839
1784581260000,0.28277,0.28325,0.28277,0.28316,68.0,192.439
1784581320000,0.28279,0.28367,0.28274,0.28299,234.0,662.2967
1784581380000,0.28292,0.28544,0.28292,0.28532,13388.0,38168.4414
1784581440000,0.28532,0.28722,0.28517,0.28602,25726.0,73476.0796
1784581500000,0.28603,0.29111,0.2857,0.286,9037.0,26035.0902
1784581560000,0.28584,0.28802,0.28584,0.28626,3279.0,9412.0429
1784581620000,0.2863,0.28632,0.28448,0.28528,1178.0,3364.3591
1784581680000,0.28531,0.28533,0.28433,0.28483,1503.0,4281.5129
1784581740000,0.2849,0.28597,0.284,0.28511,2442.0,6956.9384
1784581800000,0.28479,0.28531,0.28429,0.28445,2040.0,5809.5265
1784581860000,0.28441,0.28451,0.283,0.28407,2794.0,7919.4987
1784581920000,0.28358,0.28358,0.28107,0.28135,13015.0,36736.1256
1784581980000,0.28134,0.28521,0.28134,0.28305,1573.0,4446.6218
1784582040000,0.283,0.28333,0.28105,0.28105,6558.0,18526.5783
1784582100000,0.2811,0.28222,0.2811,0.28187,951.0,2677.5639
1784582160000,0.28184,0.28211,0.28043,0.28077,2954.0,8304.2264
1784582220000,0.28113,0.2816,0.28,0.28078,3735.0,10488.2831
1784582280000,0.28108,0.28416,0.28108,0.28336,1098.0,3106.5259
1784582340000,0.28355,0.28386,0.2832,0.28349,770.0,2183.7433
1784582400000,0.2836,0.28494,0.28342,0.28456,386.0,1095.758
1784582460000,0.28459,0.28475,0.28435,0.28456,115.0,327.1862
1784582520000,0.2843,0.28459,0.28376,0.28376,161.0,457.4935
1784582580000,0.28391,0.28399,0.28134,0.28134,654.0,1850.1974
1784582640000,0.28185,0.2842,0.28185,0.28378,1053.0,2980.4097
1784582700000,0.28392,0.28447,0.28276,0.28276,437.0,1242.244
1784582760000,0.28302,0.28389,0.28302,0.28389,278.0,788.6607
1784582820000,0.28363,0.28372,0.28267,0.28309,151.0,427.6838
1784582880000,0.28326,0.28339,0.28267,0.28267,1318.0,3727.0537
1784582940000,0.28314,0.28447,0.28274,0.28396,783.0,2220.8906
1784583000000,0.28437,0.28604,0.28387,0.28528,202.0,575.885
1784583060000,0.28518,0.28631,0.28393,0.28503,2510.0,7157.0382
1784583120000,0.28524,0.28526,0.28435,0.2844,733.0,2086.2461
1784583180000,0.28452,0.28469,0.28267,0.2829,947.0,2681.4002
1784583240000,0.28268,0.28268,0.28182,0.28264,377.0,1065.3651
1784583300000,0.28262,0.28265,0.28095,0.28095,1008.0,2844.8909
1784583360000,0.28144,0.28144,0.28,0.28035,6066.0,16995.5721
1784583420000,0.28069,0.28069,0.27973,0.27973,3472.0,9721.8765
1784583480000,0.27971,0.2798,0.27804,0.2788,1649.0,4597.0195
1784583540000,0.27884,0.28414,0.27781,0.28076,31679.0,88812.0117
1784583600000,0.28075,0.28252,0.28025,0.28083,4571.0,12855.7279
1784583660000,0.2806,0.28076,0.27939,0.28043,3533.0,9894.7841
1784583720000,0.28012,0.28054,0.27701,0.27946,6612.0,18475.8612
1784583780000,0.27941,0.27952,0.27778,0.27866,1723.0,4803.3989
1784583840000,0.27864,0.27976,0.27864,0.27976,721.0,2014.2685
1784583900000,0.28008,0.28015,0.27864,0.27898,2245.0,6271.7106
1784583960000,0.27911,0.27911,0.2775,0.27789,1445.0,4014.504
1784584020000,0.27809,0.27911,0.27794,0.27893,9704.0,26994.8048
1784584080000,0.27886,0.27886,0.27807,0.27857,746.0,2077.8295
1784584140000,0.27879,0.2792,0.2786,0.2786,500.0
1784584200000,0.27907,0.27907,0.27727,0.2774,1734.0
1784584260000,0.27709,0.27726,0.27585,0.27676,4327.0
1784584320000,0.27735,0.2774,0.27546,0.27607,2011.0
1784584380000,0.27644,0.27714,0.26918,0.27378,19948.0
1784584440000,0.27336,0.27377,0.27043,0.27237,8100.0
1784584500000,0.2722,0.27336,0.27217,0.27324,1669.0
1784584560000,0.27343,0.27471,0.273,0.27456,3028.0
1784584620000,0.27448,0.2748,0.27336,0.27351,1615.0
1784584680000,0.27371,0.27478,0.27371,0.27463,2072.0
1784584740000,0.27473,0.27494,0.27407,0.27494,1340.0
1784584800000,0.27379,0.27379,0.27116,0.27208,3748.0
1784584860000,0.27252,0.27496,0.27184,0.27496,1120.0
1784584920000,0.27475,0.27485,0.27341,0.27355,1262.0
1784584980000,0.27384,0.27418,0.27216,0.27216,299.0
1784585040000,0.27272,0.27308,0.27109,0.27192,335.0
1784585100000,0.2723,0.27304,0.27121,0.27213,1367.0
1784585160000,0.27226,0.27262,0.2691,0.26955,43191.0
1784585220000,0.26963,0.27103,0.26907,0.26996,4721.0
1784585280000,0.2697,0.27049,0.26885,0.26942,11377.0
1784585340000,0.2697,0.26992,0.26873,0.26917,2390.0
1784585400000,0.26864,0.26935,0.26815,0.26901,792.0
1784585460000,0.26917,0.27035,0.26917,0.27035,490.0
1784585520000,0.27033,0.27133,0.26994,0.27127,5340.0
1784585580000,0.27111,0.27112,0.26924,0.27039,1908.0
1784585640000,0.27039,0.2704,0.26978,0.27008,641.0
1784585700000,0.2702,0.27241,0.26995,0.27222,1650.0
1784585760000,0.27195,0.273,0.27114,0.27235,1793.0
1784585820000,0.27233,0.27239,0.2706,0.27073,1391.0
1784585880000,0.27068,0.27161,0.27038,0.27092,1133.0
1784585940000,0.27103,0.27125,0.26904,0.26919,479.0
1784586000000,0.26905,0.26905,0.26733,0.26837,3314.0
1784586060000,0.26858,0.27142,0.26858,0.2708,2408.0
1784586120000,0.27059,0.2708,0.26945,0.26979,7055.0
1784586180000,0.2702,0.27218,0.26981,0.27218,1627.0
1784586240000,0.27144,0.27264,0.27093,0.27093,5215.0
1784586300000,0.2715,0.27637,0.27146,0.2747,6699.0
1784586360000,0.27461,0.27461,0.27221,0.27314,1130.0
1784586420000,0.27305,0.27375,0.27305,0.27375,1137.0
1784586480000,0.27359,0.27359,0.27173,0.27202,920.0
1784586540000,0.27231,0.27249,0.27204,0.27249,114.0
1784586600000,0.27246,0.27246,0.27172,0.27183,943.0
1784586660000,0.27203,0.27386,0.27203,0.27295,783.0
1784586720000,0.27289,0.27294,0.2719,0.27194,117.0
1784586780000,0.27097,0.27186,0.27015,0.2715,1045.0
1784586840000,0.27193,0.27371,0.27139,0.27139,1881.0
1784586900000,0.27159,0.27326,0.27159,0.27307,326.0
1784586960000,0.27309,0.27309,0.27197,0.27197,121.0
1784587020000,0.27137,0.27236,0.27131,0.27136,91.0
1784587080000,0.27224,0.27266,0.27126,0.27235,9265.0
1784587140000,0.27252,0.2727,0.27173,0.27194,1013.0
1784587200000,0.27224,0.27224,0.2703,0.2706,859.0
1784587260000,0.27042,0.27116,0.26968,0.27042,1285.0
1784587320000,0.27012,0.27012,0.27012,0.27012,3.0
1784587380000,0.2702,0.2718,0.2701,0.2718,896.0
1784587440000,0.27185,0.27185,0.27069,0.27087,9724.0
1784587500000,0.27143,0.27198,0.27103,0.27103,139.0
1784587560000,0.27139,0.27258,0.27139,0.2724,877.0
1784602140000,0.26392,0.26908,0.26221,0.26761,4684.0,12364.8935
1784602200000,0.26759,0.26759,0.26134,0.26211,8287.0,21892.8816
1784602260000,0.26181,0.26305,0.26119,0.26209,14817.0,38806.8643
1784602320000,0.26232,0.26462,0.26231,0.26337,1307.0,3448.1428
1784602380000,0.26414,0.26653,0.26414,0.26462,659.0,1748.6945
1784602440000,0.26574,0.26606,0.26539,0.2654,640.0,1700.3304
1784602500000,0.26602,0.26602,0.26339,0.26349,1558.0,4113.3978
1784602560000,0.26341,0.26377,0.2618,0.26239,2846.0,7493.737
1784602620000,0.26226,0.26296,0.26204,0.2622,3278.0,8605.5508
1784602680000,0.262,0.26528,0.262,0.26528,578.0,1521.8955
1784602740000,0.26518,0.26741,0.26444,0.26702,3646.0,9671.1659
1784602800000,0.26686,0.26939,0.26455,0.26455,848.0,2265.8031
1784602860000,0.26504,0.26658,0.26447,0.26455,666.0,1769.1992
1784602920000,0.26469,0.26635,0.26325,0.26635,715.0,1894.3146
1784602980000,0.26635,0.2667,0.26515,0.26515,669.0,1779.3329
1784603040000,0.26511,0.26874,0.26491,0.2682,835.0,2230.0098
1784603100000,0.2674,0.26858,0.2654,0.2654,347.0,928.7928
1784603160000,0.26588,0.26649,0.26553,0.26618,702.0,1867.1743
1784603220000,0.26615,0.26744,0.26569,0.26744,152.0,404.168
1784603280000,0.26834,0.26887,0.26736,0.26736,1662.0,4455.5347
1784603340000,0.26853,0.2735,0.26822,0.27236,6266.0,16996.7648
1784603400000,0.27172,0.27172,0.26715,0.26964,2339.0,6305.2574
1784603460000,0.26954,0.27019,0.26884,0.26887,840.0,2263.7406
1784603520000,0.26839,0.2686,0.26792,0.26795,224.0,600.9372
1784603580000,0.26751,0.26799,0.26748,0.26784,279.0,747.2101
1784603640000,0.26916,0.27067,0.26869,0.26869,681.0,1837.3851
1784603700000,0.26893,0.27022,0.26842,0.26983,1839.0,4951.1466
1784603760000,0.26991,0.27081,0.26741,0.26747,478.0,1289.1801
1784603820000,0.26684,0.26751,0.26576,0.26616,2273.0,6068.7387
1784603880000,0.26616,0.26896,0.26616,0.26836,333.0,891.4717
1784603940000,0.2687,0.26874,0.26802,0.26826,656.0,1760.623
1784604000000,0.2689,0.27086,0.26882,0.26979,594.0,1605.5421
1784604060000,0.26994,0.27088,0.26978,0.27067,586.0,1586.0711
1784604120000,0.27098,0.27782,0.27098,0.27522,6037.0,16614.3642
1784604180000,0.27484,0.27792,0.27464,0.27702,1833.0,5064.7707
1784604240000,0.27679,0.27679,0.27425,0.2745,443.0,1218.7797
1784604300000,0.27451,0.27451,0.27216,0.27303,1222.0,3331.2441
1784604360000,0.27297,0.27297,0.27047,0.27047,522.0,1417.7782
1784604420000,0.2702,0.27061,0.26827,0.26862,717.0,1928.0111
1784604480000,0.26909,0.27255,0.26885,0.27255,221.0,597.6018
1784604540000,0.27269,0.27269,0.27119,0.27157,231.0,627.7237
1784604600000,0.27,0.27,0.26955,0.26962,114.0,307.3716
1784604660000,0.26964,0.27007,0.26807,0.2687,804.0,2165.5764
1784604720000,0.26814,0.26831,0.26704,0.26733,418.0,1119.2038
1784604780000,0.26703,0.26703,0.26592,0.26689,523.0,1394.2263
1784604840000,0.26673,0.27077,0.26673,0.27074,801.0,2149.9513
1784604900000,0.27062,0.27178,0.2695,0.2706,967.0,2614.3301
1784604960000,0.2706,0.27118,0.26946,0.26986,336.0,909.6781
1784605020000,0.26992,0.26992,0.26888,0.26888,321.0,863.3021
1784605080000,0.26945,0.27008,0.26873,0.26955,98.0,264.1686
1784605140000,0.26991,0.27098,0.26365,0.26551,5302.0,14183.295
1784605200000,0.26512,0.26577,0.26261,0.26261,864.0,2280.6327
1784605260000,0.2629,0.26641,0.26145,0.2664,1633.0,4314.8929
1784605320000,0.26651,0.26691,0.26442,0.26497,636.0,1691.0497
1784605380000,0.26527,0.26588,0.26523,0.26583,423.0,1124.2532
1784605440000,0.26594,0.2663,0.26593,0.2663,37.0,98.4874
1784605500000,0.26597,0.26733,0.26554,0.26733,184.0,489.1404
1784605560000,0.26708,0.26744,0.26658,0.26658,93.0,248.3576
1784605620000,0.26712,0.26744,0.26675,0.26675,22.0,58.78
1784605680000,0.26703,0.26914,0.26655,0.26816,535.0,1431.0735
1784605740000,0.26865,0.2692,0.26793,0.26896,2020.0,5423.2852
1784605800000,0.26864,0.26922,0.26742,0.26777,14286.0,38323.0842
1784605860000,0.26799,0.26976,0.26792,0.26976,4028.0,10823.783
1784605920000,0.27016,0.27018,0.26919,0.26922,312.0,840.6788
1784605980000,0.2691,0.2713,0.2691,0.27101,857.0,2313.4857
1784606040000,0.27115,0.27135,0.27072,0.27079,243.0,658.3843
1784606100000,0.27073,0.27264,0.27067,0.27183,1037.0,2813.8146
1784606160000,0.27187,0.27257,0.26937,0.26981,1481.0,4009.9143
1784606220000,0.2701,0.27104,0.26895,0.26928,19498.0,52601.3066
1784606280000,0.26921,0.27021,0.26916,0.27021,1631.0,4399.9344
1784606340000,0.2703,0.27052,0.26879,0.26881,1466.0,3951.8419
1784606400000,0.26947,0.27143,0.26947,0.27013,4745.0,12824.4172
1784606460000,0.27047,0.27082,0.26772,0.26826,8725.0,23474.0019
1784606520000,0.26845,0.26852,0.26659,0.267,6069.0,16238.1501
1784606580000,0.26692,0.26739,0.26505,0.26531,3777.0,10044.784
1784606640000,0.26521,0.26526,0.26242,0.264,2342.0,6176.1802
1784606700000,0.2646,0.2646,0.26296,0.26318,982.0,2587.1305
1784606760000,0.26286,0.2661,0.26286,0.2661,2489.0,6586.7291
1784606820000,0.26605,0.26665,0.26456,0.26456,1494.0,3964.8453
1784606880000,0.26489,0.26607,0.2648,0.2648,1024.0,2718.3732
1784606940000,0.2649,0.26535,0.26371,0.26535,1615.0,4276.2056
1784607000000,0.26542,0.26728,0.25774,0.25934,7521.0,19652.6027
1784607060000,0.25916,0.25987,0.25828,0.25872,6797.0,17613.7649
1784607120000,0.25896,0.25924,0.25786,0.25815,5488.0,14172.2059
1784607180000,0.25777,0.26218,0.25717,0.26123,3763.0,9739.9962
1784607240000,0.26075,0.26156,0.25812,0.26131,809.0,2102.7368
1784607300000,0.26045,0.2607,0.25815,0.25883,584.0,1514.2748
1784607360000,0.25872,0.25872,0.25611,0.25719,11221.0,28817.272
1784607420000,0.25702,0.2572,0.25186,0.25395,36173.0,91831.2087
1784607480000,0.25357,0.25846,0.25339,0.25831,3555.0,9123.4318
1784607540000,0.25829,0.26596,0.25816,0.26596,6290.0,16474.5197
1784607600000,0.26641,0.26747,0.26551,0.26571,2385.0,6346.3376
1784607660000,0.26574,0.27135,0.26574,0.26958,1070.0,2878.9003
1784607720000,0.26914,0.26977,0.26788,0.26859,1571.0,4220.0665
1784607780000,0.26847,0.26847,0.26293,0.26293,971.0,2573.246
1784607840000,0.26293,0.26321,0.25875,0.25912,601.0,1569.5151
1784607900000,0.2585,0.26796,0.25823,0.26228,5152.0,13557.158
1784607960000,0.26238,0.26397,0.26042,0.26042,1550.0,4063.2348
1784608020000,0.26003,0.26428,0.25976,0.26428,1035.0,2720.8158
1784608080000,0.26371,0.26382,0.26098,0.2614,2351.0,6181.2551
1784608140000,0.26139,0.26403,0.2613,0.2623,1022.0,2689.3162
1784608200000,0.26258,0.26292,0.26147,0.26189,291.0,763.5689
1784608260000,0.2624,0.2647,0.26216,0.26463,366.0,963.1768
1784608320000,0.26496,0.26496,0.26363,0.26437,94.0,248.4184
1784608380000,0.26403,0.26403,0.26282,0.26285,215.0,566.042
1784608440000,0.26287,0.26287,0.26042,0.26067,581.0,1517.8387
1784608500000,0.26039,0.26296,0.26015,0.26199,17405.0,45504.3604
1784608560000,0.26206,0.26217,0.26101,0.26163,1245.0,3258.8278
1784608620000,0.26183,0.26293,0.26175,0.26256,273.0,716.0081
1784608680000,0.26175,0.26175,0.2601,0.2601,482.0,1258.638
1784608740000,0.26008,0.26008,0.25875,0.25955,397.0,1030.8821
1784608800000,0.26004,0.26291,0.2598,0.26244,915.0,2398.6519
1784608860000,0.26207,0.26276,0.26207,0.26241,95.0,249.3959
1784608920000,0.26166,0.26228,0.26166,0.26206,36.0,94.3814
1784608980000,0.26093,0.26096,0.2556,0.25949,6623.0,17143.6615
1784609040000,0.25925,0.26141,0.25892,0.26057,802.0,2083.922
1784609100000,0.2604,0.26252,0.2603,0.26072,487.0,1274.6132
1784609160000,0.25956,0.26055,0.25927,0.26037,831.0,2163.5713
1784609220000,0.25952,0.26067,0.25939,0.25953,869.0,2258.0704
1784609280000,0.25969,0.26012,0.25892,0.25986,353.0,916.121
1784609340000,0.2596,0.2596,0.25792,0.25851,772.0,1995.8611
1784609400000,0.2588,0.2588,0.25708,0.25766,495.0,1274.985
1784609460000,0.25803,0.25888,0.25717,0.25717,3477.0,8983.7519
1784609520000,0.25719,0.25793,0.25719,0.25793,944.0,2431.6484
1784609580000,0.258,0.25826,0.25713,0.25725,1169.0,3009.2189
1784609640000,0.25767,0.25795,0.25753,0.25789,609.0,1569.7675
1784609700000,0.2581,0.2581,0.25764,0.25764,65.0,167.6406
1784609760000,0.25798,0.25852,0.25798,0.25852,75.0,193.7688
1784609820000,0.25829,0.25829,0.25782,0.25808,194.0,500.6284
1784609880000,0.25784,0.25795,0.25761,0.25772,195.0,502.6871
1784609940000,0.25743,0.25782,0.25675,0.2574,1261.0,3245.6173
1784610000000,0.25666,0.25691,0.25645,0.25653,413.0,1060.1014
1784610060000,0.25702,0.25867,0.25702,0.25705,1151.0,2966.0006
1784610120000,0.25692,0.25813,0.25692,0.25813,140.0,360.594
1784610180000,0.25797,0.25832,0.25594,0.25596,575.0,1475.6172
1784610240000,0.2562,0.25627,0.2559,0.25613,177.0,453.2887
1784610300000,0.25597,0.25829,0.25579,0.25583,2093.0,5367.9718
1784610360000,0.25586,0.25611,0.2532,0.25494,2476.0,6310.2351
1784610420000,0.25544,0.25699,0.25465,0.25697,1615.0,4118.6843
1784610480000,0.25701,0.26004,0.25701,0.25883,359.0,929.697
1784610540000,0.25907,0.25916,0.25784,0.25833,385.0,994.9356
1784610600000,0.2577,0.25808,0.25756,0.25756,107.0,275.8777
1784610660000,0.25724,0.25783,0.25612,0.2568,411.0,1054.6728
1784610720000,0.25589,0.25589,0.25417,0.25532,3172.0,8091.0859
1784610780000,0.25702,0.25702,0.25541,0.25693,972.0,2490.1682
1784610840000,0.25699,0.25742,0.25597,0.25609,577.0,1479.84
1784610900000,0.25602,0.25697,0.25602,0.25696,322.0,826.9387
1784610960000,0.25725,0.25743,0.25662,0.25743,908.0,2335.3096
1784611020000,0.25763,0.25796,0.25723,0.25723,46.0,118.5363
1784611080000,0.25769,0.25963,0.25769,0.2595,574.0,1483.9246
1784611140000,0.25944,0.26129,0.25882,0.25926,2134.0,5556.4143
1784611200000,0.25878,0.25901,0.25771,0.25876,100.0,258.2201
1784611260000,0.25716,0.25716,0.25613,0.25708,962.0,2465.6051
1784611320000,0.25787,0.25787,0.2563,0.25688,853.0,2187.961
1784611380000,0.25662,0.25929,0.25658,0.25844,1162.0,2995.5135
1784611440000,0.25845,0.25901,0.25745,0.25745,445.0,1149.451
1784611500000,0.25769,0.25812,0.25769,0.25808,30.0,77.4128
1784611560000,0.25804,0.25848,0.25786,0.25843,420.0,1083.9208
1784611620000,0.25885,0.25981,0.25844,0.25844,1497.0,3879.6749
1784611680000,0.25834,0.25851,0.25805,0.25808,103.0,266.0843
1784611740000,0.25772,0.2584,0.25772,0.25814,442.0,1140.2233
1784611800000,0.25792,0.25792,0.25722,0.25733,44.0,113.2473
1784611860000,0.25722,0.25794,0.25698,0.25794,130.0,334.5714
1784611920000,0.25857,0.26588,0.25857,0.26444,3206.0,8436.3921
1784611980000,0.26438,0.26892,0.26412,0.26737,2590.0,6900.3365
1784612040000,0.26693,0.26972,0.26693,0.26903,1044.0,2807.2398
1784612100000,0.26921,0.2695,0.26784,0.26848,580.0,1558.2339
1784612160000,0.26852,0.27236,0.26813,0.27178,2794.0,7562.2716
1784612220000,0.27196,0.28119,0.2676,0.26781,20176.0,55546.6653
1784612280000,0.26761,0.26946,0.26431,0.26553,1832.0,4900.4823
1784612340000,0.26579,0.2663,0.2586,0.25971,10852.0,28503.537
1784612400000,0.26064,0.26345,0.26043,0.26203,6634.0,17381.1185
1784612460000,0.26187,0.26209,0.2598,0.26047,1793.0,4686.5421
1784612520000,0.26008,0.26148,0.25456,0.25539,14017.0,36117.3342
1784612580000,0.25551,0.25592,0.2395,0.2444,154046.0,377446.4515
1784612640000,0.24485,0.24737,0.2379,0.24516,19382.0,46708.7564
1784612700000,0.24542,0.24931,0.24542,0.24687,11197.0,27728.5085
1784612760000,0.24749,0.2506,0.24578,0.248,8409.0,20909.3263
1784612820000,0.24796,0.24796,0.24202,0.24482,17045.0,41645.0679
1784612880000,0.24523,0.24669,0.24371,0.24374,4159.0,10203.4585
1784612940000,0.24345,0.2457,0.2429,0.24327,3066.0,7479.7973
1784613000000,0.24383,0.24693,0.24328,0.24655,3984.0,9814.0375
1784613060000,0.24644,0.24644,0.24453,0.2452,1398.0,3436.3175
1784613120000,0.24535,0.24591,0.24439,0.24439,1548.0,3793.3382
1784613180000,0.24412,0.24483,0.24342,0.24471,735.0,1796.0301
1784613240000,0.24454,0.24485,0.24301,0.24353,3493.0,8533.1388
1784613300000,0.24371,0.24371,0.24071,0.2423,5101.0,12334.2234
1784613360000,0.24141,0.24149,0.23802,0.23964,4241.0,10187.5652
1784613420000,0.23954,0.24365,0.23954,0.24279,1409.0,3423.1285
1784613480000,0.24233,0.24233,0.24151,0.24151,2954.0,7148.4959
1784613540000,0.24172,0.24328,0.24152,0.24213,520.0,1261.0066
1784613600000,0.24254,0.24641,0.24254,0.24577,2505.0,6136.8039
1784613660000,0.24405,0.24569,0.24379,0.24569,454.0,1110.5361
1784613720000,0.24465,0.24465,0.24221,0.24243,1012.0,2456.1772
1784613780000,0.24181,0.24321,0.24017,0.24296,1048.0,2538.8615
1784613840000,0.24265,0.24321,0.24144,0.24178,635.0,1538.1651
1784613900000,0.24194,0.24301,0.24194,0.24301,343.0,832.4305
1784613960000,0.24327,0.24579,0.24327,0.24457,1459.0,3565.4757
1784614020000,0.24353,0.2454,0.24353,0.24506,1696.0,4143.6108
1784614080000,0.24539,0.24653,0.24514,0.24653,744.0,1828.8582
1784614140000,0.24626,0.24882,0.24513,0.24526,3095.0
1784614200000,0.24532,0.2487,0.24516,0.2487,3530.0
1784614260000,0.24868,0.2533,0.248,0.25129,2570.0
1784614320000,0.25088,0.25088,0.24577,0.24614,954.0
1784614380000,0.24546,0.24594,0.2446,0.24566,3978.0
1784614440000,0.24552,0.24558,0.24302,0.24305,3465.0
1784614500000,0.24298,0.24752,0.24267,0.24623,4779.0
1784614560000,0.24715,0.24753,0.24461,0.24461,618.0
1784614620000,0.24424,0.24424,0.24092,0.24092,662.0
1784614680000,0.24104,0.24128,0.23892,0.23921,1392.0
1784614740000,0.23912,0.24146,0.23905,0.24023,758.0
1784614800000,0.24038,0.24038,0.2383,0.23882,664.0
1784614860000,0.23854,0.23963,0.23854,0.23911,417.0
1784614920000,0.23891,0.2406,0.23836,0.23836,809.0
1784614980000,0.23826,0.23845,0.23142,0.23203,53423.0
1784615040000,0.23151,0.23328,0.22734,0.22923,18618.0
1784615100000,0.22976,0.23013,0.22484,0.22565,17384.0
1784615160000,0.2252,0.23316,0.22496,0.23299,5103.0
1784615220000,0.23274,0.23274,0.23108,0.23157,5074.0
1784615280000,0.23154,0.23203,0.23028,0.23135,2903.0
1784615340000,0.23203,0.23502,0.23203,0.23424,4084.0
1784615400000,0.23465,0.23519,0.23261,0.23456,5592.0
1784615460000,0.23531,0.23749,0.23473,0.23749,3189.0
1784615520000,0.23731,0.23852,0.23511,0.23653,8784.0
1784615580000,0.23633,0.24421,0.23633,0.24295,3961.0
1784615640000,0.24181,0.24329,0.24148,0.24188,7182.0
1784615700000,0.24214,0.24343,0.24187,0.24227,588.0
1784615760000,0.24255,0.24917,0.24211,0.24812,2251.0
1784615820000,0.24744,0.25,0.24469,0.24606,5578.0
1784615880000,0.24592,0.25067,0.24577,0.24892,424.0
1784615940000,0.2486,0.24955,0.24698,0.24698,936.0
1784616000000,0.24777,0.24777,0.24184,0.24538,4792.0
1784616060000,0.24599,0.24642,0.24427,0.24576,2830.0
1784616120000,0.24603,0.253,0.24601,0.253,7375.0
1784616180000,0.25292,0.25557,0.25017,0.25466,4458.0
1784616240000,0.25436,0.25448,0.25197,0.25365,1341.0
1784616300000,0.25334,0.25969,0.2531,0.25697,1827.0
1784616360000,0.25603,0.25704,0.25479,0.2564,1470.0
1784616420000,0.25688,0.25714,0.2559,0.25603,666.0
1784616480000,0.25563,0.25977,0.25543,0.2574,1915.0
1784616540000,0.25791,0.25791,0.25453,0.25575,2995.0
1784616600000,0.25585,0.25594,0.25208,0.25529,2369.0
1784616660000,0.25565,0.25781,0.25544,0.25665,766.0
1784616720000,0.2569,0.26341,0.2569,0.26119,4509.0
1784616780000,0.2607,0.26501,0.2603,0.2637,2232.0
1784616840000,0.26381,0.26381,0.26137,0.26208,1979.0
1784616900000,0.2621,0.26704,0.26201,0.265,5688.0
1784616960000,0.26498,0.26513,0.26184,0.26234,5747.0
1784617020000,0.26314,0.2643,0.26209,0.26337,1246.0
1784617080000,0.26352,0.2644,0.26309,0.26394,477.0
1784617140000,0.26461,0.26842,0.26421,0.26509,3195.0
1784617200000,0.2649,0.27163,0.2649,0.27021,10929.0
1784617260000,0.27009,0.27024,0.26695,0.26965,2496.0
1784617320000,0.26924,0.26961,0.26565,0.26798,5477.0
1784617380000,0.26839,0.27096,0.268,0.26947,6120.0
1784617440000,0.26985,0.27285,0.26965,0.27206,4482.0
1784617500000,0.27213,0.27456,0.26914,0.27216,3692.0
1784617560000,0.27247,0.27464,0.26894,0.2692,1457.0
1784635620000,0.14015,0.14148,0.13993,0.14142,1008.0
1784635680000,0.14142,0.142,0.14049,0.14107,8083.0
1784635740000,0.14102,0.14102,0.13995,0.14011,4866.0
1784635800000,0.14005,0.14034,0.13945,0.13982,1348.0
1784635860000,0.13984,0.14086,0.1393,0.1393,3227.0
1784635920000,0.13949,0.14072,0.13949,0.13994,6858.0
1784635980000,0.14011,0.14011,0.13947,0.13994,2709.0
1784636040000,0.14008,0.14017,0.13915,0.13931,9942.0
1784636100000,0.13938,0.141,0.13926,0.14016,3550.0
1784636160000,0.14006,0.14115,0.14006,0.14016,650.0
1784636220000,0.14029,0.14029,0.13831,0.13926,7491.0
1784636280000,0.13896,0.139,0.1385,0.13881,1043.0
1784636340000,0.13871,0.13892,0.13802,0.13865,2646.0
1784636400000,0.13814,0.13863,0.13624,0.13768,9295.0
1784636460000,0.1375,0.13799,0.13713,0.13739,2365.0
1784636520000,0.13719,0.13892,0.13719,0.13866,3217.0
1784636580000,0.13854,0.13867,0.13795,0.13795,665.0
1784636640000,0.13784,0.13801,0.13723,0.1375,2620.0
1784636700000,0.13733,0.13799,0.13694,0.13799,2822.0
1784636760000,0.13791,0.13833,0.13641,0.13709,811.0
1784636820000,0.1371,0.13747,0.1366,0.13738,4130.0
1784636880000,0.13711,0.13722,0.13664,0.13697,563.0
1784636940000,0.13715,0.14044,0.13715,0.14019,5573.0
1784637000000,0.14029,0.14098,0.13859,0.13859,4258.0
1784637060000,0.1386,0.14018,0.13852,0.14016,1685.0
1784637120000,0.14012,0.14068,0.13946,0.14036,994.0
1784637180000,0.14006,0.14089,0.14006,0.14056,4217.0
1784637240000,0.14039,0.14076,0.14013,0.14073,1774.0
1784637300000,0.14055,0.14055,0.13999,0.13999,1092.0
1784637360000,0.14004,0.14061,0.13991,0.14016,2000.0
1784637420000,0.14011,0.14038,0.13956,0.13956,753.0
1784637480000,0.14004,0.14064,0.14,0.14036,2533.0
1784637540000,0.14027,0.14126,0.14027,0.14116,1190.0
1784637600000,0.14122,0.1445,0.14095,0.14258,11002.0
1784637660000,0.14245,0.14305,0.14202,0.14289,2351.0
1784637720000,0.14257,0.14257,0.14047,0.14221,1958.0
1784637780000,0.14221,0.14225,0.14061,0.14088,4754.0
1784637840000,0.14112,0.14242,0.13985,0.14204,7029.0
1784637900000,0.14146,0.14162,0.1411,0.14136,1416.0
1784637960000,0.14134,0.14144,0.14,0.14,644.0
1784638020000,0.13971,0.13971,0.13868,0.13943,874.0
1784638080000,0.13954,0.14061,0.13934,0.13996,1260.0
1784638140000,0.13987,0.1407,0.13974,0.14016,961.0
1784638200000,0.14006,0.14006,0.13893,0.13893,930.0
1784638260000,0.13922,0.13922,0.13861,0.13911,511.0
1784638320000,0.13898,0.13964,0.13886,0.13926,1097.0
1784638380000,0.1393,0.13971,0.13895,0.13931,3635.0
1784638440000,0.1393,0.13963,0.139,0.13926,4977.0
1784638500000,0.13913,0.14026,0.13907,0.13966,10829.0
1784638560000,0.13956,0.13982,0.13904,0.13955,1449.0
1784638620000,0.13942,0.13955,0.13887,0.13897,2789.0
1784638680000,0.1391,0.13932,0.13895,0.13908,965.0
1784638740000,0.13906,0.13988,0.13856,0.13981,1050.0
1784638800000,0.13975,0.14006,0.13972,0.14003,127.0
1784638860000,0.14019,0.14023,0.13947,0.13947,82.0
1784638920000,0.13967,0.13987,0.13943,0.13943,111.0
1784638980000,0.13955,0.13977,0.13951,0.13977,90.0
1784639040000,0.13965,0.14145,0.13965,0.14081,2408.0
1784639100000,0.14106,0.14117,0.14083,0.14107,539.0
1784639160000,0.14067,0.1413,0.13999,0.14072,16755.0
1784639220000,0.14092,0.14157,0.1409,0.14113,14008.0
1784639280000,0.14133,0.14232,0.14123,0.1416,4626.0
1784639340000,0.14154,0.14373,0.14153,0.14372,13580.0
1784639400000,0.14362,0.14705,0.14265,0.14574,19671.0
1784639460000,0.14572,0.1465,0.14421,0.14434,19757.0
1784639520000,0.14434,0.1465,0.14434,0.14594,8485.0
1784639580000,0.14576,0.14606,0.14492,0.14606,1430.0
1784639640000,0.14607,0.14638,0.14532,0.14638,2099.0
1784639700000,0.14608,0.1468,0.14534,0.1457,9789.0
1784639760000,0.14553,0.14553,0.1441,0.14424,8195.0
1784639820000,0.14451,0.14451,0.14324,0.14324,4592.0
1784639880000,0.1431,0.14366,0.1431,0.14359,4213.0
1784639940000,0.14384,0.14572,0.14379,0.14532,5142.0
1784640000000,0.14538,0.14756,0.14525,0.14724,4397.0
1784640060000,0.14727,0.14973,0.14712,0.14973,6040.0
1784640120000,0.14979,0.1526,0.14968,0.15172,14050.0
1784640180000,0.15157,0.15291,0.15141,0.1523,18051.0
1784640240000,0.152,0.154,0.15018,0.15045,9337.0
1784640300000,0.15034,0.15078,0.14955,0.15013,4830.0
1784640360000,0.15018,0.15328,0.15005,0.15283,7062.0
1784640420000,0.15273,0.15273,0.15148,0.1519,2786.0
1784640480000,0.1517,0.1517,0.14924,0.15027,7553.0
1784640540000,0.14986,0.1568,0.14969,0.15593,15735.0
1784640600000,0.15606,0.1585,0.15421,0.1544,12058.0
1784640660000,0.15445,0.15711,0.15442,0.15711,13320.0
1784640720000,0.15684,0.15684,0.15439,0.1548,21621.0
1784640780000,0.15475,0.15606,0.15269,0.15421,11294.0
1784640840000,0.154,0.15449,0.15268,0.15386,14361.0
1784640900000,0.1537,0.15774,0.1537,0.15656,8864.0
1784640960000,0.15613,0.16308,0.15613,0.16261,16942.0
1784641020000,0.16247,0.16488,0.16154,0.16203,11326.0
1784641080000,0.16148,0.1637,0.16143,0.16311,16394.0
1784641140000,0.16287,0.16311,0.15996,0.16032,9516.0
1784641200000,0.1603,0.1603,0.15815,0.16013,11539.0
1784641260000,0.15967,0.16194,0.15964,0.16187,2128.0
1784641320000,0.16172,0.16212,0.1607,0.16134,3811.0
1784641380000,0.16126,0.16126,0.1584,0.15934,3041.0
1784641440000,0.15928,0.15942,0.15709,0.15709,8533.0
1784641500000,0.15686,0.15828,0.15564,0.15594,21105.0
1784641560000,0.15578,0.16046,0.15578,0.15985,8054.0
1784641620000,0.15988,0.16178,0.15984,0.16137,3916.0
1784641680000,0.16111,0.16317,0.16111,0.16304,5632.0
1784641740000,0.16318,0.16503,0.16194,0.16241,9623.0
1784641800000,0.16234,0.16437,0.16223,0.16273,5307.0
1784641860000,0.16282,0.16468,0.16282,0.16453,3378.0
1784641920000,0.16457,0.16695,0.16382,0.16601,7385.0
1784641980000,0.16535,0.16565,0.16429,0.16548,4624.0
1784642040000,0.16514,0.16654,0.16372,0.16654,6053.0
1784642100000,0.16632,0.16814,0.16598,0.16756,6789.0
1784642160000,0.16782,0.16797,0.16475,0.16475,2378.0
1784642220000,0.16488,0.16729,0.1647,0.16712,2956.0
1784642280000,0.16691,0.16885,0.16647,0.16836,8249.0
1784642340000,0.16837,0.1699,0.16792,0.16792,3506.0
1784642400000,0.16775,0.16842,0.16559,0.16829,11745.0
1784642460000,0.16815,0.16967,0.16726,0.16733,6150.0
1784642520000,0.16699,0.16957,0.16699,0.16957,3516.0
1784642580000,0.16937,0.16973,0.16613,0.16792,13359.0
1784642640000,0.16776,0.16978,0.16764,0.16978,3337.0
1784642700000,0.16954,0.17414,0.16923,0.17216,34721.0
1784642760000,0.17191,0.17412,0.1705,0.17313,13606.0
1784642820000,0.17312,0.17536,0.1718,0.17401,31901.0
1784642880000,0.17355,0.17446,0.1726,0.17262,7170.0
1784642940000,0.17292,0.17453,0.17252,0.17453,1677.0
1784643000000,0.17396,0.17396,0.16308,0.16478,41291.0
1784643060000,0.16439,0.16675,0.156,0.16142,59375.0
1784643120000,0.16146,0.16277,0.1591,0.16079,25849.0
1784643180000,0.16042,0.16204,0.15857,0.16113,15959.0
1784643240000,0.16114,0.16174,0.15954,0.15984,5311.0
1784643300000,0.15954,0.16439,0.15954,0.16331,11804.0
1784643360000,0.163,0.16378,0.16127,0.16291,4974.0
1784643420000,0.16197,0.16232,0.1586,0.15944,7353.0
1784643480000,0.1588,0.16155,0.15867,0.16013,4644.0
1784643540000,0.16006,0.16094,0.15479,0.15688,26285.0
1784643600000,0.15662,0.15877,0.15302,0.15847,38209.0
1784643660000,0.15799,0.16017,0.15782,0.15959,8767.0
1784643720000,0.15938,0.16144,0.15931,0.15945,8544.0
1784643780000,0.15923,0.16013,0.15738,0.15982,12091.0
1784643840000,0.15964,0.1597,0.15838,0.15918,5308.0
1784643900000,0.15909,0.15999,0.157,0.1592,13813.0
1784643960000,0.15909,0.15913,0.15671,0.1572,3396.0
1784644020000,0.15747,0.15923,0.15592,0.15861,5996.0
1784644080000,0.15828,0.15947,0.15828,0.15947,1851.0
1784644140000,0.15923,0.16,0.15876,0.16,477.0
1784644200000,0.16005,0.16015,0.15886,0.15886,1024.0
1784644260000,0.15836,0.15938,0.15804,0.15814,7108.0
1784644320000,0.15849,0.15851,0.15716,0.15825,1836.0
1784644380000,0.15842,0.15842,0.15735,0.15743,8140.0
1784644440000,0.15743,0.15851,0.15694,0.15769,1427.0
1784644500000,0.1574,0.15755,0.15643,0.15724,448.0
1784644560000,0.15713,0.15779,0.15586,0.15586,2023.0
1784644620000,0.15641,0.15645,0.15416,0.1548,7260.0
1784644680000,0.15474,0.1551,0.15,0.1528,28872.0
1784644740000,0.15267,0.15275,0.15053,0.15095,21596.0
1784644800000,0.15086,0.15377,0.15071,0.15365,24733.0
1784644860000,0.1537,0.15382,0.15151,0.15353,17145.0
1784644920000,0.15326,0.15363,0.15265,0.15311,4789.0
1784644980000,0.1526,0.15308,0.15122,0.15182,19022.0
1784645040000,0.15127,0.15213,0.15052,0.15137,29186.0
1784645100000,0.1513,0.1516,0.14954,0.1516,29739.0
1784645160000,0.15146,0.15484,0.15115,0.15412,10196.0
1784645220000,0.15394,0.15403,0.15235,0.15319,2638.0
1784645280000,0.15324,0.15351,0.15244,0.15255,2578.0
1784645340000,0.15247,0.15247,0.1507,0.15143,4906.0
1784645400000,0.15128,0.15223,0.15064,0.15162,1852.0
1784645460000,0.15184,0.15201,0.15111,0.15164,935.0
1784645520000,0.15117,0.15127,0.15022,0.15027,3609.0
1784645580000,0.15041,0.15041,0.1451,0.14739,44438.0
1784645640000,0.14751,0.14751,0.14581,0.14617,7573.0
1784645700000,0.14642,0.14843,0.14642,0.14777,881.0
1784645760000,0.14755,0.1485,0.14755,0.14826,10051.0
1784645820000,0.14834,0.14885,0.14795,0.14802,3119.0
1784645880000,0.14805,0.14868,0.14777,0.14831,1186.0
1784645940000,0.14767,0.14842,0.14704,0.14744,1740.0
1784646000000,0.1477,0.148,0.1473,0.1473,19311.0
1784646060000,0.1473,0.148,0.14637,0.14649,40257.0
1784646120000,0.1465,0.14746,0.14533,0.14694,19478.0
1784646180000,0.14712,0.14865,0.1464,0.14849,11179.0
1784646240000,0.14835,0.14835,0.14739,0.14806,2422.0
1784646300000,0.14818,0.15201,0.14649,0.15035,77589.0
1784646360000,0.15027,0.15346,0.14937,0.15304,25352.0
1784646420000,0.15291,0.15292,0.15025,0.15133,11150.0
1784646480000,0.15106,0.15309,0.15054,0.15275,13699.0
1784646540000,0.15237,0.15318,0.15196,0.15276,5913.0
1784646600000,0.15285,0.153,0.15119,0.1525,3789.0
1784646660000,0.15261,0.15476,0.15206,0.15459,4850.0
1784646720000,0.15445,0.15603,0.1543,0.15526,7657.0
1784646780000,0.15537,0.15579,0.15447,0.15473,6720.0
1784646840000,0.15466,0.15792,0.15417,0.157,5132.0
1784646900000,0.15699,0.15809,0.15641,0.15798,2227.0
1784646960000,0.15774,0.15776,0.15612,0.15691,1721.0
1784647020000,0.15673,0.16227,0.15658,0.16202,6566.0
1784647080000,0.16144,0.16144,0.15683,0.15738,7063.0
1784647140000,0.15684,0.15698,0.15512,0.15677,8655.0
1784647200000,0.15783,0.16181,0.15752,0.16107,11190.0
1784647260000,0.16111,0.16193,0.15952,0.15987,5143.0
1784647320000,0.15987,0.15987,0.159,0.15952,1206.0
1784647380000,0.1595,0.16095,0.15938,0.15998,2404.0
1784647440000,0.16017,0.16024,0.15783,0.15813,3928.0
1784647500000,0.15808,0.16011,0.157,0.157,5295.0
1784647560000,0.15685,0.15838,0.15662,0.15732,9647.0
1784665620000,0.17002,0.17191,0.16997,0.17163,6460.0
1784665680000,0.17156,0.17235,0.17119,0.17128,1452.0
1784665740000,0.17158,0.17198,0.17158,0.17198,201.0
1784665800000,0.17202,0.17277,0.17202,0.17217,379.0
1784665860000,0.17233,0.17244,0.17209,0.17218,382.0
1784665920000,0.17225,0.17237,0.17174,0.17198,1320.0
1784665980000,0.17188,0.17188,0.17163,0.17163,134.0
1784666040000,0.17165,0.17165,0.1705,0.1705,451.0
1784666100000,0.17076,0.17102,0.17051,0.17054,536.0
1784666160000,0.17052,0.1706,0.17016,0.1706,79.0
1784666220000,0.17064,0.17069,0.17035,0.17043,208.0
1784666280000,0.17053,0.17107,0.17051,0.17051,5114.0
1784666340000,0.17063,0.1707,0.16964,0.17033,22605.0,38477.2268
1784666400000,0.17055,0.17055,0.16906,0.16954,23143.0,39246.5542
1784666460000,0.1695,0.1698,0.16896,0.16902,1194.0,2021.4744
1784666520000,0.1691,0.16969,0.16883,0.16895,8870.0,15013.8068
1784666580000,0.16881,0.16941,0.16881,0.16935,7769.0,13150.6919
1784666640000,0.16938,0.16997,0.16928,0.16969,28467.0,48234.4214
1784666700000,0.16969,0.17012,0.16904,0.16974,2750.0,4665.3
1784666760000,0.16969,0.17071,0.16969,0.17044,1352.0,2305.2927
1784666820000,0.17056,0.17168,0.17056,0.17126,7713.0,13195.9293
1784666880000,0.17124,0.17195,0.17115,0.17144,982.0,1683.24
1784666940000,0.17172,0.17203,0.17162,0.17175,390.0,670.1212
1784667000000,0.17193,0.17244,0.17176,0.17176,1277.0,2196.9258
1784667060000,0.17205,0.1721,0.17187,0.17194,197.0,338.8946
1784667120000,0.17187,0.17187,0.17119,0.1712,575.0,985.3484
1784667180000,0.17188,0.17222,0.17158,0.17222,165.0,283.573
1784667240000,0.1719,0.17226,0.17178,0.17179,10039.0,17259.8983
1784667300000,0.17213,0.17276,0.17213,0.1726,1434.0,2473.3547
1784667360000,0.17278,0.17342,0.1725,0.1729,692.0,1196.8964
1784667420000,0.17295,0.1772,0.17295,0.17538,23317.0,40912.5502
1784667480000,0.17532,0.17583,0.17428,0.17515,27502.0,48122.2364
1784667540000,0.17515,0.17558,0.17503,0.17503,4710.0,8249.6842
1784667600000,0.17516,0.17534,0.17467,0.17488,5684.0,9937.1357
1784667660000,0.17495,0.17528,0.17463,0.1749,5902.0,10327.4399
1784667720000,0.1749,0.17597,0.17413,0.17581,43187.0,75570.7698
1784667780000,0.17575,0.17583,0.17536,0.17541,1835.0,3224.2177
1784667840000,0.17544,0.17559,0.175,0.17525,1766.0,3094.8497
1784667900000,0.17534,0.17546,0.17506,0.17546,220.0,385.4454
1784667960000,0.17518,0.17518,0.17518,0.17518,6.0,10.5108
1784668020000,0.17547,0.17547,0.17469,0.17509,203.0,355.4975
1784668080000,0.175,0.17501,0.17314,0.1742,26044.0,45289.2475
1784668140000,0.17423,0.17461,0.17411,0.17411,1844.0,3215.2306
1784668200000,0.17419,0.1743,0.1736,0.1736,313.0,545.046
1784668260000,0.17362,0.17407,0.17242,0.17391,30527.0,52901.7535
1784668320000,0.17403,0.17425,0.17395,0.17397,1279.0,2225.809
1784668380000,0.1735,0.1735,0.17153,0.17237,24907.0,42920.9692
1784668440000,0.17254,0.17265,0.17193,0.17211,2224.0,3826.3996
1784668500000,0.17215,0.17282,0.17215,0.17262,410.0,707.3159
1784668560000,0.17265,0.17265,0.17222,0.17222,520.0,896.143
1784668620000,0.17205,0.17236,0.17194,0.17194,1650.0,2840.1394
1784668680000,0.17223,0.17224,0.17101,0.17176,18084.0,31012.0159
1784668740000,0.17172,0.17208,0.17172,0.17182,856.0,1471.7921
1784668800000,0.17188,0.17208,0.17131,0.17188,477.0,819.6364
1784668860000,0.17183,0.17219,0.17141,0.17199,62427.0,107061.7062
1784668920000,0.17197,0.17359,0.17196,0.17341,18126.0,31270.1245
1784668980000,0.1732,0.17392,0.17262,0.17364,10171.0,17626.5465
1784669040000,0.17364,0.17375,0.17228,0.17292,5502.0,9519.2504
1784669100000,0.17295,0.17363,0.17286,0.17339,1798.0,3115.9096
1784669160000,0.17365,0.17438,0.1728,0.17286,8104.0,14079.4071
1784669220000,0.17297,0.17325,0.17272,0.17325,1249.0,2161.3511
1784669280000,0.17343,0.17369,0.17316,0.17316,432.0,750.1951
1784669340000,0.17355,0.17461,0.17355,0.17423,1248.0,2172.8448
1784669400000,0.17437,0.17437,0.17316,0.17316,452.0,786.1203
1784669460000,0.17307,0.17332,0.17234,0.17332,954.0,1648.0468
1784669520000,0.17325,0.1739,0.17325,0.1736,1280.0,2222.4391
1784669580000,0.17357,0.1745,0.17357,0.17434,489.0,851.0732
1784669640000,0.17434,0.17442,0.17409,0.17413,242.0,421.5292
1784669700000,0.17421,0.17462,0.17414,0.17462,479.0,835.6396
1784669760000,0.17501,0.17541,0.17475,0.1751,5511.0,9654.3821
1784669820000,0.17532,0.17532,0.17478,0.17484,302.0,528.4024
1784669880000,0.1748,0.17543,0.1748,0.17543,3829.0,6713.0791
1784669940000,0.1755,0.1755,0.17463,0.17498,564.0,985.977
1784670000000,0.17488,0.17505,0.17337,0.1736,1738.0,3021.5277
1784670060000,0.17369,0.17404,0.17369,0.17404,260.0,452.2143
1784670120000,0.17477,0.17528,0.17477,0.17498,1161.0,2031.426
1784670180000,0.17517,0.17517,0.17423,0.17429,754.0,1318.034
1784670240000,0.17448,0.17479,0.17409,0.1744,2371.0,4132.2308
1784670300000,0.17442,0.17442,0.17353,0.1739,1263.0,2197.4343
1784670360000,0.17393,0.1741,0.17293,0.17301,724.0,1254.0936
1784670420000,0.17302,0.1731,0.17144,0.17182,13394.0,23096.5604
1784670480000,0.1721,0.17224,0.17094,0.17094,4603.0,7877.8834
1784670540000,0.171,0.17118,0.17054,0.17118,1971.0,3364.1
1784670600000,0.17144,0.17173,0.17109,0.17109,40321.0,69144.0271
1784670660000,0.17111,0.17113,0.17083,0.17083,14247.0,24366.6074
1784670720000,0.17133,0.17207,0.17126,0.17207,1910.0,3277.5566
1784670780000,0.17206,0.17206,0.17148,0.17148,175.0,300.8858
1784670840000,0.17127,0.17127,0.17069,0.17069,684.0,1169.084
1784670900000,0.1713,0.17203,0.1713,0.17195,364.0,625.0579
1784670960000,0.172,0.17299,0.172,0.17299,611.0,1054.0316
1784671020000,0.17286,0.17286,0.1718,0.17215,2374.0,4083.4095
1784671080000,0.17227,0.1725,0.17192,0.17222,120.0,206.6625
1784671140000,0.1719,0.1728,0.1719,0.17269,6484.0,11165.3475
1784671200000,0.17278,0.17278,0.17183,0.17195,437.0,754.0063
1784671260000,0.17255,0.17255,0.1718,0.1718,160.0,275.789
1784671320000,0.17155,0.17226,0.17155,0.17199,350.0,601.6785
1784671380000,0.17235,0.17235,0.17209,0.17209,82.0,141.3244
1784671440000,0.17201,0.17201,0.17161,0.17161,1807.0,3102.4428
1784671500000,0.1718,0.17306,0.1718,0.17301,7858.0,13593.4683
1784671560000,0.1732,0.17389,0.1732,0.17361,11828.0,20530.9462
1784671620000,0.17326,0.17338,0.17185,0.17263,3906.0,6734.0124
1784671680000,0.17271,0.17366,0.17264,0.17358,2756.0,4777.4419
1784671740000,0.17375,0.17383,0.17336,0.17336,1118.0,1940.8133
1784671800000,0.17346,0.17448,0.17322,0.17448,1454.0,2522.8073
1784671860000,0.1745,0.17496,0.1745,0.17496,230.0,401.9568
1784671920000,0.17492,0.17521,0.17435,0.17435,1634.0,2855.3423
1784671980000,0.17444,0.17452,0.17424,0.17431,682.0,1189.3632
1784672040000,0.17484,0.17484,0.1737,0.174,1394.0,2429.2504
1784672100000,0.17403,0.17485,0.17385,0.17385,2365.0,4124.2505
1784672160000,0.17391,0.17437,0.17267,0.17269,10242.0,17731.8153
1784672220000,0.17271,0.17343,0.1727,0.17318,1963.0,3396.9957
1784672280000,0.17335,0.17408,0.17335,0.17398,1397.0,2428.3675
1784672340000,0.17402,0.17451,0.17402,0.17436,484.0,843.653
1784672400000,0.17467,0.17471,0.17431,0.1744,337.0,587.8785
1784672460000,0.17416,0.17431,0.17403,0.17403,556.0,968.7563
1784672520000,0.17412,0.17412,0.17303,0.17357,1054.0,1826.82
1784672580000,0.17341,0.17455,0.17338,0.17454,17583.0,30569.6535
1784672640000,0.17468,0.17502,0.17464,0.1747,1095.0,1913.8185
1784672700000,0.1749,0.17516,0.17487,0.17495,453.0,792.7677
1784672760000,0.17497,0.1755,0.17494,0.1753,924.0,1619.4977
1784672820000,0.17528,0.17536,0.17517,0.17532,247.0,432.9776
1784672880000,0.17558,0.17558,0.17413,0.17414,808.0,1412.5535
1784672940000,0.17414,0.17423,0.1725,0.17373,1322.0,2290.3276
1784673000000,0.17354,0.17362,0.17158,0.17212,1736.0,2989.6264
1784673060000,0.1723,0.17336,0.1723,0.17325,1327.0,2292.4424
1784673120000,0.17331,0.17338,0.17267,0.17268,484.0,837.5276
1784673180000,0.17276,0.17304,0.17191,0.17212,787.0,1358.5248
1784673240000,0.17252,0.17304,0.17252,0.17258,579.0,999.8576
1784673300000,0.17245,0.17284,0.17245,0.17246,509.0,878.3839
1784673360000,0.17277,0.17287,0.17222,0.17257,21473.0,37080.3646
1784673420000,0.17243,0.17264,0.17198,0.17242,12405.0,21384.8708
1784673480000,0.17263,0.17332,0.17249,0.17282,1884.0,3256.2664
1784673540000,0.17276,0.17298,0.1726,0.1726,458.0,790.924
1784673600000,0.17236,0.17369,0.17234,0.17362,500.0,865.9873
1784673660000,0.17371,0.17443,0.17371,0.17411,1005.0,1750.5102
1784673720000,0.17398,0.17404,0.17308,0.17356,470.0,816.1937
1784673780000,0.17327,0.17356,0.17307,0.17344,516.0,894.1719
1784673840000,0.17372,0.17465,0.17372,0.17465,353.0,615.2958
1784673900000,0.17453,0.17517,0.17437,0.17463,871.0,1520.3445
1784673960000,0.17515,0.17517,0.17498,0.17498,70.0,122.6037
1784674020000,0.17485,0.179,0.17485,0.17752,16964.0,30224.056
1784674080000,0.17716,0.17716,0.17525,0.17619,1966.0,3467.8415
1784674140000,0.17605,0.17643,0.1759,0.17609,358.0,631.0748
1784674200000,0.17588,0.176,0.17528,0.17542,672.0,1179.7246
1784674260000,0.17528,0.1758,0.17499,0.1755,1737.0,3048.7871
1784674320000,0.17575,0.17588,0.17547,0.17553,793.0,1392.5524
1784674380000,0.17593,0.17595,0.17557,0.17577,6392.0,11234.3172
1784674440000,0.17558,0.17591,0.17558,0.17575,8025.0,14102.8878
1784674500000,0.17579,0.17608,0.17532,0.17608,1339.0,2351.7091
1784674560000,0.17618,0.17626,0.1755,0.17595,1098.0,1930.124
1784674620000,0.17598,0.17602,0.17548,0.17568,944.0,1658.9363
1784674680000,0.17573,0.17582,0.1753,0.17544,2029.0,3562.2466
1784674740000,0.17534,0.17555,0.17528,0.17555,477.0,836.8691
1784674800000,0.17558,0.17587,0.17543,0.17574,1075.0,1888.9557
1784674860000,0.17581,0.17585,0.175,0.17504,890.0,1562.6185
1784674920000,0.17502,0.17567,0.17502,0.17543,907.0,1590.2863
1784674980000,0.17521,0.17547,0.17509,0.17509,378.0,662.4864
1784675040000,0.17535,0.17612,0.17533,0.17607,820.0,1439.4589
1784675100000,0.17603,0.17635,0.17585,0.17635,683.0,1202.5351
1784675160000,0.17633,0.1764,0.17592,0.17596,5028.0,8859.5073
1784675220000,0.17594,0.17622,0.17555,0.17622,7652.0,13461.3113
1784675280000,0.17633,0.17643,0.17614,0.17614,264.0,465.5496
1784675340000,0.1763,0.17631,0.17593,0.1762,3986.0,7013.9906
1784675400000,0.17627,0.17649,0.17577,0.17599,2823.0,4976.5784
1784675460000,0.17599,0.17599,0.17422,0.17536,5799.0,10154.021
1784675520000,0.17555,0.17576,0.17491,0.17542,4736.0,8295.9524
1784675580000,0.17538,0.17545,0.17526,0.17529,3329.0,5839.0135
1784675640000,0.17529,0.17567,0.17525,0.17554,3931.0,6896.4743
1784675700000,0.17578,0.17656,0.17578,0.17605,4554.0,8021.3663
1784675760000,0.1762,0.17623,0.17584,0.17584,3323.0,5847.1024
1784675820000,0.17588,0.17602,0.17556,0.17581,3328.0,5850.5601
1784675880000,0.17585,0.17602,0.17585,0.17602,216.0,379.9262
1784675940000,0.17614,0.17618,0.17588,0.17617,946.0,1665.8294
1784676000000,0.17617,0.17617,0.17461,0.17523,2657.0,4658.9807
1784676060000,0.17527,0.17574,0.17476,0.17563,6749.0,11827.2586
1784676120000,0.17565,0.17606,0.17565,0.17606,469.0,824.8602
1784676180000,0.17606,0.17611,0.17595,0.17599,252.0,443.6446
1784676240000,0.17605,0.17624,0.17605,0.17622,3360.0,5919.8351
1784676300000,0.17629,0.17743,0.17572,0.17652,5522.0,9742.4048
1784676360000,0.17658,0.17743,0.17555,0.17735,4882.0,8605.9408
1784676420000,0.17702,0.17809,0.17694,0.17797,1668.0,2957.5991
1784676480000,0.17797,0.17865,0.17785,0.17855,796.0,1419.5897
1784676540000,0.17862,0.17863,0.17767,0.17828,8218.0,14642.2496
1784676600000,0.17832,0.179,0.17811,0.17858,5455.0,9756.7012
1784676660000,0.17847,0.179,0.17801,0.179,3981.0,7103.7799
1784676720000,0.17855,0.17861,0.17689,0.17699,4337.0,7699.4554
1784676780000,0.17713,0.17864,0.17713,0.17864,825.0,1468.0803
1784676840000,0.17882,0.17976,0.17882,0.17907,54624.0,97790.9094
1784676900000,0.179,0.18034,0.17879,0.17977,4692.0,8414.1497
1784676960000,0.17969,0.17984,0.17824,0.17876,4603.0,8226.685
1784677020000,0.17886,0.17886,0.178,0.17837,1058.0,1886.9054
1784677080000,0.17867,0.17932,0.17851,0.17924,1390.0,2487.5273
1784677140000,0.17925,0.17925,0.1784,0.17855,1208.0,2157.9162
1784677200000,0.17858,0.17895,0.17843,0.1786,1517.0,2708.0582
1784677260000,0.17871,0.17889,0.17822,0.17822,1473.0,2630.169
1784677320000,0.17886,0.17944,0.1787,0.1787,651.0,1165.8163
1784677380000,0.1788,0.17882,0.17862,0.17881,251.0,448.7132
1784677440000,0.17838,0.17945,0.17835,0.17894,692.0,1238.5564
1784677500000,0.17908,0.18009,0.17908,0.17973,3951.0,7107.8215
1784677560000,0.17974,0.1798,0.17854,0.17892,681.0,1218.9814
1784677620000,0.1789,0.1789,0.17872,0.17876,3090.0,5522.6563
1784677680000,0.17845,0.17909,0.1782,0.17878,4720.0,8419.7899
1784677740000,0.17897,0.1798,0.17897,0.17953,3543.0,6350.3312
1784677800000,0.17992,0.18384,0.17992,0.18236,20292.0,36946.2893
1784677860000,0.18229,0.18339,0.18204,0.18322,3839.0,7006.1833
1784677920000,0.18301,0.18313,0.18209,0.18209,1187.0,2168.6115
1784677980000,0.1821,0.1821,0.18046,0.18075,2042.0,3697.4901
1784678040000,0.18062,0.1817,0.18056,0.18117,1359.0,2463.4682
1784678100000,0.18081,0.18124,0.18066,0.18078,1708.0,3091.201
1784678160000,0.18066,0.18127,0.18055,0.18063,923.0,1668.5124
1784678220000,0.1807,0.18107,0.17985,0.18045,1492.0,2689.8977
1784678280000,0.18054,0.18083,0.18021,0.18021,1435.0,2589.8151
1784695620000,0.19833,0.19833,0.195,0.19582,1542.0
1784695680000,0.19573,0.19653,0.19388,0.19653,546.0
1784695740000,0.19683,0.19683,0.19449,0.19481,259.0
1784695800000,0.19463,0.1959,0.19352,0.19422,1506.0
1784695860000,0.19357,0.19464,0.19325,0.19452,542.0
1784695920000,0.19496,0.19676,0.19496,0.19626,498.0
1784695980000,0.19544,0.19629,0.1945,0.1945,255.0
1784696040000,0.19557,0.19557,0.19392,0.19405,188.0
1784696100000,0.19405,0.19405,0.19343,0.1936,1013.0
1784696160000,0.19361,0.19463,0.19282,0.19408,411.0
1784696220000,0.19447,0.19447,0.19323,0.19408,341.0
1784696280000,0.19417,0.19622,0.19394,0.19622,45227.0
1784696340000,0.19617,0.19692,0.19593,0.19633,1760.0
1784696400000,0.19619,0.19638,0.19354,0.19474,2074.0
1784696460000,0.19508,0.19604,0.19452,0.19452,954.0
1784696520000,0.19464,0.19529,0.19437,0.19512,430.0
1784696580000,0.19511,0.19579,0.19418,0.19454,1441.0
1784696640000,0.19484,0.19484,0.19375,0.19474,1134.0
1784696700000,0.19463,0.19599,0.19452,0.19573,2749.0
1784696760000,0.19569,0.19666,0.19462,0.19529,35698.0
1784696820000,0.19565,0.19666,0.19458,0.19555,5638.0
1784696880000,0.19532,0.19666,0.19491,0.19622,1460.0
1784696940000,0.19646,0.19658,0.19532,0.19614,1426.0
1784697000000,0.19616,0.19638,0.19526,0.19633,1014.0
1784697060000,0.19662,0.20149,0.19653,0.19932,163112.0
1784697120000,0.19941,0.20014,0.19809,0.19959,14186.0
1784697180000,0.19958,0.19959,0.19767,0.19806,7575.0
1784697240000,0.19774,0.19873,0.19619,0.19856,15579.0
1784697300000,0.19831,0.19847,0.19623,0.19687,3100.0
1784697360000,0.19712,0.19977,0.19712,0.19907,7276.0
1784697420000,0.199,0.19995,0.199,0.19988,2636.0
1784697480000,0.20001,0.20187,0.19994,0.20184,2158.0
1784697540000,0.20174,0.20328,0.20045,0.20086,2222.0
1784697600000,0.20012,0.20127,0.20012,0.20023,1330.0
1784697660000,0.19942,0.20008,0.19758,0.19758,10200.0
1784697720000,0.19765,0.19801,0.19491,0.19491,2876.0
1784697780000,0.19492,0.19529,0.19285,0.19327,2430.0
1784697840000,0.19353,0.19373,0.19072,0.19232,4009.0
1784697900000,0.19211,0.19686,0.19145,0.19629,12380.0
1784697960000,0.19696,0.19722,0.19558,0.19663,2324.0
1784698020000,0.19644,0.19869,0.19634,0.19732,1519.0
1784698080000,0.1973,0.1973,0.19556,0.19612,832.0
1784698140000,0.19605,0.19629,0.19423,0.1943,641.0
1784698200000,0.19422,0.19465,0.19261,0.19333,946.0
1784698260000,0.193,0.19363,0.1927,0.19298,1115.0
1784698320000,0.19293,0.19503,0.19285,0.19409,746.0
1784698380000,0.19331,0.19417,0.1927,0.19295,4317.0
1784698440000,0.19283,0.1929,0.19154,0.19154,1045.0
1784698500000,0.19175,0.19182,0.18825,0.18988,2743.0
1784698560000,0.18974,0.18974,0.18668,0.18721,6107.0
1784698620000,0.18704,0.18854,0.18567,0.18743,6243.0
1784698680000,0.18705,0.18705,0.18379,0.18488,8948.0
1784698740000,0.1847,0.18551,0.18271,0.18296,50782.0
1784698800000,0.18282,0.18602,0.18094,0.18602,9822.0
1784698860000,0.18597,0.18654,0.18397,0.18442,15679.0
1784698920000,0.1843,0.18579,0.18292,0.18579,14403.0
1784698980000,0.18582,0.18864,0.18582,0.18723,21103.0
1784699040000,0.18712,0.18846,0.18488,0.18488,9528.0
1784699100000,0.18483,0.18483,0.18307,0.18405,6261.0
1784699160000,0.18373,0.18749,0.18313,0.18749,3045.0
1784699220000,0.18735,0.18923,0.18704,0.18843,4953.0
1784699280000,0.18865,0.18899,0.18646,0.18798,3025.0
1784699340000,0.18765,0.1899,0.18735,0.18949,3000.0
1784699400000,0.18937,0.19014,0.18766,0.188,2387.0
1784699460000,0.18782,0.18876,0.185,0.18522,4083.0
1784699520000,0.18511,0.18662,0.18511,0.18607,2893.0
1784699580000,0.18612,0.1864,0.18363,0.18398,1350.0
1784699640000,0.1837,0.18581,0.1826,0.18576,6889.0
1784699700000,0.18557,0.18575,0.18332,0.18356,2346.0
1784699760000,0.1833,0.1852,0.18248,0.18408,1126.0
1784699820000,0.18427,0.18427,0.18263,0.18287,1824.0
1784699880000,0.18295,0.18355,0.18267,0.18326,2686.0
1784699940000,0.18332,0.18363,0.18248,0.18248,1466.0
1784700000000,0.18282,0.18282,0.18162,0.18197,17749.0
1784700060000,0.18211,0.18211,0.17843,0.17925,14933.0
1784700120000,0.17896,0.17896,0.17598,0.17698,24639.0
1784700180000,0.17688,0.17688,0.17563,0.17604,20811.0
1784700240000,0.17591,0.17598,0.17378,0.174,24565.0
1784700300000,0.17395,0.17565,0.17365,0.17448,37380.0
1784700360000,0.1743,0.17529,0.17285,0.17529,19606.0
1784700420000,0.17536,0.17536,0.17238,0.17303,14429.0
1784700480000,0.17305,0.17305,0.17064,0.1712,8430.0
1784700540000,0.171,0.17244,0.17051,0.17156,6414.0
1784700600000,0.1718,0.17265,0.17067,0.17094,6593.0
1784700660000,0.17055,0.17371,0.17029,0.17371,11018.0
1784700720000,0.17383,0.17383,0.17101,0.17116,9142.0
1784700780000,0.17086,0.17207,0.16942,0.17207,27672.0
1784700840000,0.1723,0.1728,0.17065,0.17158,8089.0
1784700900000,0.17158,0.172,0.16996,0.17015,20133.0
1784700960000,0.16998,0.17655,0.16979,0.17622,17738.0
1784701020000,0.17641,0.17859,0.1758,0.1774,11603.0
1784701080000,0.17724,0.17907,0.17684,0.1775,10800.0
1784701140000,0.17721,0.18051,0.17476,0.18036,10670.0
1784701200000,0.18045,0.18263,0.18006,0.1816,17111.0
1784701260000,0.1815,0.18347,0.1815,0.18242,89110.0
1784701320000,0.1825,0.18286,0.17777,0.17859,22111.0
1784701380000,0.17856,0.1822,0.17777,0.1822,66571.0
1784701440000,0.1822,0.18234,0.17901,0.17953,61483.0
1784701500000,0.17953,0.17973,0.17616,0.17735,9470.0
1784701560000,0.17748,0.17778,0.17641,0.17735,4865.0
1784701620000,0.17725,0.17809,0.17564,0.17564,25405.0
1784701680000,0.17547,0.17591,0.17354,0.17393,6407.0
1784701740000,0.17401,0.17401,0.17157,0.17158,4841.0
1784701800000,0.17152,0.17152,0.16605,0.1679,55635.0
1784701860000,0.16767,0.16814,0.165,0.16655,36276.0
1784701920000,0.16629,0.16647,0.16317,0.16366,27572.0
1784701980000,0.16389,0.16753,0.16321,0.16469,17341.0
1784702040000,0.16416,0.1645,0.16122,0.16292,26787.0
1784702100000,0.16276,0.16279,0.16,0.16086,10233.0
1784702160000,0.16099,0.1613,0.15767,0.15956,27345.0
1784702220000,0.15966,0.16041,0.15592,0.15809,26945.0
1784702280000,0.15787,0.15787,0.15472,0.15648,11739.0
1784702340000,0.15673,0.16129,0.15589,0.15795,17104.0
1784702400000,0.1575,0.1575,0.1531,0.15426,11257.0
1784702460000,0.15417,0.15688,0.1537,0.15538,9470.0
1784702520000,0.15519,0.15581,0.15144,0.15181,8784.0
1784702580000,0.15172,0.15374,0.15095,0.15313,10874.0
1784702640000,0.15271,0.15616,0.152,0.15229,9147.0
1784702700000,0.15229,0.15616,0.14928,0.15538,27800.0
1784702760000,0.15543,0.15563,0.15393,0.15516,6698.0
1784702820000,0.15443,0.15528,0.1462,0.14621,22988.0
1784702880000,0.1464,0.14809,0.14469,0.14543,14995.0
1784702940000,0.14536,0.14635,0.14283,0.14395,18845.0
1784703000000,0.14394,0.14681,0.14268,0.14383,22392.0
1784703060000,0.1439,0.1439,0.14096,0.14253,13961.0
1784703120000,0.14237,0.14575,0.1417,0.14299,13560.0
1784703180000,0.14245,0.1429,0.13802,0.13985,38909.0
1784703240000,0.13985,0.13999,0.13452,0.13987,28544.0
1784703300000,0.14006,0.14081,0.1367,0.14081,12410.0
1784703360000,0.14084,0.14879,0.14078,0.14663,23081.0
1784703420000,0.14659,0.14664,0.1382,0.1397,14730.0
1784703480000,0.13978,0.14152,0.13658,0.13882,13118.0
1784703540000,0.1386,0.13874,0.13594,0.13711,5168.0
1784703600000,0.13712,0.13839,0.13382,0.13524,13182.0
1784703660000,0.13519,0.14062,0.13407,0.13709,31027.0
1784703720000,0.13708,0.14388,0.13703,0.13882,25857.0
1784703780000,0.13872,0.14155,0.13862,0.1404,5746.0
1784703840000,0.14039,0.14071,0.1333,0.13462,38262.0
1784703900000,0.13466,0.13936,0.13411,0.13657,17826.0
1784703960000,0.13671,0.1374,0.13446,0.13525,7183.0
1784704020000,0.1352,0.13888,0.13421,0.13866,32112.0
1784704080000,0.13855,0.14095,0.13771,0.13775,9139.0
1784704140000,0.13766,0.14001,0.13667,0.14001,2676.0,3727.1287
1784704200000,0.13985,0.14013,0.13777,0.13824,3123.0,4349.1601
1784704260000,0.13822,0.13822,0.13526,0.13636,4791.0,6549.7223
1784704320000,0.13644,0.13718,0.13304,0.134,12323.0,16588.4553
1784704380000,0.13396,0.13589,0.1308,0.13501,25730.0,34372.0237
1784704440000,0.13495,0.13743,0.13371,0.13388,15737.0,21418.2398
1784704500000,0.13389,0.13509,0.12796,0.12856,40980.0,53210.5267
1784704560000,0.12813,0.12845,0.12025,0.12133,74529.0,91884.1036
1784704620000,0.12144,0.12432,0.11757,0.1234,63488.0,76500.5641
1784704680000,0.12385,0.12702,0.12241,0.12561,20571.0,25605.653
1784704740000,0.12547,0.12697,0.12365,0.12575,13038.0,16369.6912
1784704800000,0.12544,0.12978,0.12509,0.12901,13718.0,17604.2336
1784704860000,0.12899,0.12901,0.12623,0.12801,11945.0,15255.8777
1784704920000,0.12815,0.133,0.12723,0.13213,16484.0,21514.2101
1784704980000,0.13206,0.13671,0.12971,0.13318,23349.0,31269.4613
1784705040000,0.1327,0.13513,0.13133,0.13243,35804.0,47451.5138
1784705100000,0.13236,0.13236,0.12818,0.1302,11770.0,15272.3032
1784705160000,0.13018,0.13521,0.12973,0.13474,19836.0,26448.6722
1784705220000,0.13494,0.13642,0.13372,0.13407,11046.0,14877.1846
1784705280000,0.13387,0.13554,0.13328,0.13495,10485.0,14121.872
1784705340000,0.13457,0.13542,0.12581,0.12827,82491.0,107511.8719
1784705400000,0.12795,0.12999,0.12597,0.12659,41146.0,52289.4509
1784705460000,0.12646,0.12827,0.12604,0.12776,16244.0,20664.2962
1784705520000,0.12752,0.12771,0.12601,0.127,6073.0,7706.9947
1784705580000,0.1269,0.1315,0.12671,0.13054,13780.0,17911.9402
1784705640000,0.13013,0.13254,0.12872,0.13155,7237.0,9524.0496
1784705700000,0.13115,0.13202,0.13056,0.13125,1873.0,2463.7863
1784705760000,0.13125,0.13304,0.13053,0.13283,1720.0,2273.0043
1784705820000,0.13288,0.13601,0.13263,0.13486,3391.0,4566.0
1784705880000,0.13479,0.13515,0.13274,0.13295,4539.0,6084.8528
1784705940000,0.13256,0.13495,0.13223,0.13423,3274.0,4398.804
1784706000000,0.1342,0.13443,0.13217,0.13407,5431.0,7220.9823
1784706060000,0.13389,0.13493,0.13298,0.13471,2329.0,3125.067
1784706120000,0.13464,0.13488,0.13339,0.13448,2726.0,3662.4307
1784706180000,0.13442,0.1382,0.13422,0.13519,5404.0,7357.8411
1784706240000,0.13527,0.1372,0.13521,0.13663,1909.0,2609.9175
1784706300000,0.13661,0.13661,0.13412,0.13605,7761.0,10514.709
1784706360000,0.13589,0.13883,0.13584,0.13775,7497.0,10332.0497
1784706420000,0.1376,0.14048,0.13743,0.13855,9477.0,13161.7743
1784706480000,0.13877,0.13929,0.13759,0.1383,953.0,1320.5757
1784706540000,0.13824,0.13826,0.13659,0.13775,10373.0,14277.8848
1784706600000,0.13798,0.14244,0.13796,0.14244,5369.0,7574.2844
1784706660000,0.14218,0.14314,0.14035,0.14172,11137.0,15797.1614
1784706720000,0.14136,0.14159,0.14032,0.14112,2005.0,2827.0837
1784706780000,0.14101,0.14102,0.13921,0.14102,11103.0,15536.0391
1784706840000,0.14143,0.1438,0.14143,0.1418,2667.0,3801.3584
1784706900000,0.14192,0.1424,0.14071,0.1416,3322.0,4699.8395
1784706960000,0.14165,0.1422,0.13975,0.14025,2430.0,3420.001
1784707020000,0.14021,0.14153,0.13785,0.14139,11591.0,16211.4064
1784707080000,0.14125,0.14136,0.14047,0.14075,9028.0,12722.9194
1784707140000,0.14106,0.142,0.13994,0.14075,1916.0,2707.164
1784707200000,0.14085,0.14216,0.13947,0.13963,3358.0,4724.14
1784707260000,0.1395,0.14027,0.13816,0.13885,4138.0,5745.4768
1784707320000,0.13885,0.1391,0.13636,0.13723,2017.0,2769.8264
1784707380000,0.13809,0.13825,0.13417,0.13498,4080.0,5527.3882
1784707440000,0.13476,0.13612,0.13358,0.13611,8055.0,10821.4601
1784707500000,0.13554,0.1357,0.13363,0.1353,5900.0,7921.6092
1784707560000,0.1353,0.13963,0.1353,0.13783,3004.0,4134.8099
1784707620000,0.13814,0.14104,0.13749,0.14031,4845.0,6762.3909
1784707680000,0.14038,0.1406,0.13953,0.13988,3741.0,5240.0559
1784707740000,0.1398,0.14053,0.13757,0.13959,17838.0,24809.6508
1784707800000,0.13945,0.13978,0.13782,0.13952,1268.0,1760.2655
1784707860000,0.13975,0.13981,0.13849,0.13857,2611.0,3621.422
1784707920000,0.13855,0.13868,0.13749,0.13762,2333.0,3223.0761
1784707980000,0.13743,0.13865,0.13722,0.13805,1793.0,2475.5327
1784708040000,0.13783,0.138,0.1373,0.13798,519.0,714.55
1784708100000,0.13823,0.13823,0.1356,0.13621,1845.0,2518.5513
1784708160000,0.13619,0.13619,0.13486,0.13509,2450.0,3322.488
1784708220000,0.13512,0.1352,0.1337,0.13463,3757.0,5051.9647
1784708280000,0.13431,0.13431,0.13272,0.1331,5240.0,6982.2899
1784708340000,0.13288,0.1332,0.13179,0.13293,4425.0,5858.7258
1784708400000,0.13287,0.13531,0.13245,0.13389,10562.0,14161.1476
1784708460000,0.13367,0.13559,0.133,0.13558,14625.0,19542.4865
1784708520000,0.13552,0.13572,0.1345,0.13529,8630.0,11652.2334
1784708580000,0.13528,0.13951,0.13519,0.13895,10573.0,14554.0226
1784708640000,0.13933,0.13985,0.13903,0.13935,1453.0,2025.5534
1784708700000,0.13938,0.14075,0.13787,0.14011,2409.0,3357.5719
1784708760000,0.1399,0.14038,0.13947,0.13986,9915.0,13883.1677
1784708820000,0.13968,0.14432,0.13964,0.14345,10892.0,15558.4364
1784708880000,0.14376,0.14602,0.14362,0.14469,19375.0,28072.7358
1784708940000,0.14471,0.14518,0.14331,0.14505,7938.0,11475.0302
1784709000000,0.14502,0.14764,0.14487,0.14498,18877.0,27554.9814
1784709060000,0.14544,0.15268,0.14544,0.15038,19572.0,29389.9438
1784709120000,0.15069,0.15243,0.15,0.15122,7717.0,11669.8919
1784709180000,0.1511,0.155,0.1511,0.15296,7572.0,11580.5495
1784709240000,0.15354,0.15461,0.15277,0.15303,7493.0,11512.6532
1784709300000,0.15358,0.15475,0.15189,0.15466,4067.0,6215.5384
1784709360000,0.15438,0.15483,0.15175,0.15438,6503.0,9980.1983
1784709420000,0.15485,0.15589,0.15409,0.15524,80373.0,125086.4111
1784709480000,0.15563,0.15805,0.15556,0.15805,13042.0,20385.3679
1784709540000,0.15789,0.15914,0.15576,0.15843,13346.0,21101.4332
1784709600000,0.15879,0.15962,0.15802,0.1589,13417.0,21273.9201
1784709660000,0.1589,0.15904,0.15629,0.15809,7870.0,12390.3132
1784709720000,0.15829,0.16128,0.15826,0.16034,10393.0,16560.6606
1784709780000,0.16042,0.16135,0.15761,0.16089,9984.0,15915.0646
1784709840000,0.16118,0.16303,0.15967,0.16106,18916.0,30485.7316
1784709900000,0.16121,0.16196,0.15992,0.16105,12936.0,20807.6832
1784709960000,0.16123,0.16419,0.16123,0.16307,14607.0,23795.7612
1784710020000,0.163,0.16408,0.16239,0.1638,10809.0,17617.2409
1784710080000,0.16365,0.16564,0.16266,0.16329,8528.0,14037.7408
1784710140000,0.16334,0.16466,0.16154,0.16263,8541.0,13956.2077
1784710200000,0.1627,0.16479,0.1622,0.1622,7704.0,12580.9139
1784710260000,0.1622,0.16258,0.15323,0.156,64969.0,101372.3711
1784710320000,0.15634,0.15987,0.15618,0.15618,25106.0,39798.7712
1784710380000,0.15601,0.15966,0.15529,0.15965,20205.0,31698.2161
1784710440000,0.15993,0.16225,0.15928,0.15935,29292.0,47171.5701
1784710500000,0.15921,0.16833,0.15897,0.16529,30288.0,49824.0292
1784710560000,0.16563,0.16809,0.16563,0.16723,13265.0,22197.2448
1784710620000,0.16713,0.16819,0.16512,0.16739,9918.0,16559.4034
1784710680000,0.16747,0.16762,0.16459,0.16519,13211.0,21883.8975
1784710740000,0.1651,0.16654,0.16506,0.16639,3855.0,6388.8444
1784710800000,0.1662,0.16955,0.1662,0.16896,63486.0,107153.5408
1784710860000,0.1693,0.17063,0.16607,0.16679,12881.0,21749.7257
1784710920000,0.16688,0.16879,0.16433,0.1686,18036.0,29870.9123
1784710980000,0.16867,0.16895,0.16518,0.16587,6402.0,10710.106
1784711040000,0.16593,0.16768,0.16119,0.16411,11544.0,18890.8973
1784711100000,0.16459,0.16676,0.16459,0.16659,5550.0,9200.838
1784711160000,0.16685,0.16914,0.16682,0.16803,4973.0,8335.7571
1784711220000,0.16828,0.16917,0.16784,0.16882,7472.0,12590.3489
1784711280000,0.1688,0.17056,0.1688,0.16917,9759.0,16557.7458
1784711340000,0.1692,0.16964,0.16705,0.16921,2997.0,5048.7116
1784711400000,0.16923,0.16956,0.16712,0.16821,3549.0,5983.6532
1784711460000,0.16829,0.16862,0.16684,0.16817,1791.0,3007.0262
1784711520000,0.1683,0.16843,0.16697,0.16775,1419.0,2379.7885
1784711580000,0.16782,0.16919,0.167,0.16717,5502.0,9235.5152
1784711640000,0.16749,0.16843,0.16723,0.16843,4671.0,7843.3489
1784711700000,0.1684,0.1687,0.16517,0.1652,6908.0,11515.4647
1784711760000,0.1653,0.16722,0.1647,0.16519,6518.0,10804.6718
1784711820000,0.16553,0.16573,0.16204,0.16283,7946.0,13033.9529
1784711880000,0.16321,0.16727,0.16321,0.16685,4895.0,8121.7041
1784711940000,0.16669,0.169,0.16616,0.16868,3957.0,6653.9727
1784712000000,0.16819,0.1685,0.16713,0.16778,4385.0,7359.1017
1784712060000,0.16799,0.1682,0.1666,0.16681,1165.0,1949.2116
1784712120000,0.1666,0.17096,0.1666,0.17088,10647.0,18118.9147
1784712180000,0.17082,0.17588,0.17019,0.17349,69028.0,119766.8793
1784712240000,0.17349,0.17697,0.17346,0.17591,6677.0,11694.3673
1784712300000,0.17581,0.176,0.17431,0.1751,5200.0,9111.4927
1784712360000,0.17432,0.17432,0.17275,0.17284,4851.0,8419.6342
1784712420000,0.17286,0.17356,0.1716,0.17178,3856.0,6643.7461
1784712480000,0.17158,0.173,0.16975,0.1726,5868.0,10039.6908
1784712540000,0.1726,0.17402,0.17259,0.17372,4198.0,7283.6677
1784712600000,0.17378,0.17634,0.17358,0.17631,5122.0,8991.789
1784712660000,0.17597,0.17864,0.17594,0.17781,4676.0,8305.3768
1784712720000,0.17774,0.17926,0.17774,0.17911,8686.0,15526.0429
1784712780000,0.17921,0.17964,0.17775,0.17891,16196.0,28995.4148
1784712840000,0.17916,0.17931,0.17696,0.17844,12026.0,21426.4331
1784712900000,0.17846,0.17916,0.17762,0.17916,2649.0,4719.8931
1784712960000,0.17906,0.17997,0.17849,0.1787,2692.0,4829.7199
1784713020000,0.17916,0.17952,0.17908,0.17931,576.0,1032.6995
1784713080000,0.1796,0.18117,0.176,0.1776,161573.0,289585.956
1784713140000,0.17752,0.18039,0.1745,0.17564,46904.0,82685.5419
1784713200000,0.17581,0.17691,0.17333,0.17468,12269.0,21455.2958
1784713260000,0.17425,0.17706,0.17346,0.17706,4293.0,7482.0865
1784713320000,0.17689,0.17879,0.17689,0.17823,11107.0,19790.7144
1784713380000,0.17823,0.17868,0.17715,0.17744,3316.0,5902.1689
1784713440000,0.17756,0.18084,0.17756,0.18059,14636.0,26239.4568
1784713500000,0.18106,0.18543,0.18106,0.18219,122417.0,224389.3884
1784713560000,0.18178,0.18243,0.17754,0.1816,56589.0,101993.3577
1784713620000,0.18182,0.18315,0.18118,0.18302,12337.0,22512.2729
1784713680000,0.18304,0.18351,0.18257,0.18289,4639.0,8490.93
1784713740000,0.18293,0.18326,0.18198,0.18272,1250.0,2283.9232
1784713800000,0.18305,0.18305,0.1819,0.18211,7368.0,13418.7498
1784713860000,0.18212,0.18311,0.18212,0.18301,8185.0,14947.9196
1784713920000,0.18319,0.18483,0.18282,0.18436,6512.0,11980.7544
1784713980000,0.18446,0.1856,0.18444,0.185,3047.0,5640.767
1784725620000,0.18338,0.18489,0.1828,0.18489,3161.0
1784725680000,0.18456,0.18492,0.18364,0.18425,2702.0
1784725740000,0.18445,0.18445,0.18244,0.18281,6038.0
1784725800000,0.1827,0.18332,0.18263,0.18281,920.0
1784725860000,0.18277,0.18304,0.18082,0.183,22855.0
1784725920000,0.18288,0.18288,0.18153,0.18232,5732.0
1784725980000,0.18243,0.18243,0.17664,0.17839,27642.0
1784726040000,0.17837,0.17865,0.17556,0.17745,10596.0
1784726100000,0.17753,0.17793,0.17675,0.17792,7324.0
1784726160000,0.17816,0.17968,0.17816,0.17921,10019.0
1784726220000,0.1792,0.18021,0.1791,0.17936,3468.0
1784726280000,0.17928,0.17954,0.1787,0.17954,1333.0
1784726340000,0.17939,0.18263,0.17939,0.18263,4266.0
1784726400000,0.18211,0.18216,0.18052,0.18085,5189.0
1784726460000,0.18141,0.18344,0.18141,0.18252,1485.0
1784726520000,0.18239,0.18261,0.18207,0.18234,508.0
1784726580000,0.18203,0.18254,0.18033,0.18096,2134.0
1784726640000,0.18113,0.18113,0.1793,0.18035,4896.0
1784726700000,0.18026,0.1814,0.18026,0.18086,1516.0
1784726760000,0.18085,0.18152,0.18085,0.18106,325.0
1784726820000,0.1816,0.18212,0.18106,0.18212,1575.0
1784726880000,0.18204,0.18209,0.18095,0.18095,4142.0
1784726940000,0.1811,0.18218,0.18007,0.18027,4808.0
1784727000000,0.18029,0.18082,0.18006,0.18048,5018.0
1784727060000,0.18074,0.18194,0.18074,0.18141,2497.0
1784727120000,0.18152,0.1821,0.18137,0.1821,1297.0
1784727180000,0.18201,0.18223,0.18043,0.18197,9981.0
1784727240000,0.18196,0.18225,0.18035,0.18068,1943.0
1784727300000,0.18099,0.18099,0.179,0.17972,3572.0
1784727360000,0.17974,0.17977,0.17942,0.17942,331.0
1784727420000,0.17931,0.17935,0.17732,0.17744,5258.0
1784727480000,0.17726,0.1773,0.1759,0.17603,5168.0
1784727540000,0.17615,0.17678,0.16875,0.17135,32753.0
1784727600000,0.17115,0.17382,0.16959,0.17024,17610.0
1784727660000,0.17027,0.17187,0.1669,0.17171,19572.0
1784727720000,0.1716,0.17312,0.16996,0.17023,5638.0
1784727780000,0.17037,0.17176,0.17037,0.1715,3994.0
1784727840000,0.17146,0.17309,0.17024,0.17199,8048.0
1784727900000,0.17194,0.17243,0.17046,0.17237,4136.0
1784727960000,0.17235,0.17235,0.17166,0.17229,1821.0
1784728020000,0.17225,0.17561,0.17225,0.17482,9183.0
1784728080000,0.1753,0.1753,0.17401,0.17434,1264.0
1784728140000,0.17444,0.17444,0.17375,0.17413,2157.0
1784728200000,0.17422,0.17422,0.1733,0.17362,887.0
1784728260000,0.17314,0.17384,0.17314,0.1736,1081.0
1784728320000,0.17338,0.1738,0.17147,0.1721,8656.0
1784728380000,0.17214,0.1725,0.16964,0.1708,3940.0
1784728440000,0.17139,0.1714,0.1701,0.17065,736.0
1784728500000,0.17114,0.17248,0.17075,0.17199,12014.0
1784728560000,0.17206,0.17405,0.17184,0.17368,4289.0
1784728620000,0.17396,0.17444,0.17346,0.17412,2045.0
1784728680000,0.17429,0.17604,0.17429,0.17588,17363.0
1784728740000,0.17573,0.17809,0.17573,0.17681,5362.0
1784728800000,0.17654,0.17684,0.17562,0.17684,3518.0
1784728860000,0.17672,0.17672,0.1758,0.17617,982.0
1784728920000,0.17584,0.17646,0.17584,0.17596,965.0
1784728980000,0.17589,0.17867,0.17584,0.17859,4328.0
1784729040000,0.17841,0.17841,0.17761,0.17794,7052.0
1784729100000,0.17811,0.17868,0.17765,0.17765,5108.0
1784729160000,0.17764,0.17781,0.1769,0.17781,3882.0
1784729220000,0.17784,0.17923,0.17784,0.17903,3163.0
1784729280000,0.17877,0.17922,0.17825,0.17922,4198.0
1784729340000,0.17921,0.17944,0.17877,0.17877,1565.0
1784729400000,0.17845,0.17871,0.17785,0.17842,1079.0
1784729460000,0.17822,0.17822,0.17682,0.17774,4854.0
1784729520000,0.17792,0.17833,0.17761,0.17766,774.0
1784729580000,0.17754,0.17814,0.17751,0.17798,375.0
1784729640000,0.17816,0.17937,0.17799,0.17937,1076.0
1784729700000,0.17894,0.1797,0.17856,0.1797,2552.0
1784729760000,0.17974,0.17993,0.17864,0.17909,734.0
1784729820000,0.179,0.18064,0.179,0.18,708.0
1784729880000,0.18,0.18083,0.17982,0.17988,852.0
1784729940000,0.17942,0.17962,0.17842,0.17889,434.0
1784730000000,0.179,0.18012,0.17851,0.17956,2584.0
1784730060000,0.17934,0.18051,0.17934,0.18018,622.0
1784730120000,0.18006,0.18034,0.17949,0.17952,2058.0
1784730180000,0.17958,0.18051,0.17954,0.18051,382.0
1784730240000,0.18048,0.18097,0.18001,0.18051,789.0
1784730300000,0.18065,0.18106,0.18062,0.18095,633.0
1784730360000,0.18093,0.18093,0.1799,0.18027,1414.0
1784730420000,0.18039,0.18049,0.18021,0.18025,418.0
1784730480000,0.18069,0.18245,0.18052,0.18245,2462.0
1784730540000,0.18239,0.18395,0.18219,0.18313,7497.0
1784730600000,0.18315,0.18471,0.1831,0.18367,5636.0
1784730660000,0.18326,0.18375,0.18326,0.18333,1136.0
1784730720000,0.1834,0.18376,0.1833,0.18344,4479.0
1784730780000,0.18333,0.18334,0.1816,0.18235,1661.0
1784730840000,0.18246,0.18445,0.18246,0.18416,1696.0
1784730900000,0.18403,0.1877,0.18397,0.1862,8731.0
1784730960000,0.18612,0.18612,0.18432,0.1858,2300.0
1784731020000,0.18568,0.18612,0.18473,0.18608,1915.0
1784731080000,0.1862,0.18984,0.1862,0.18724,19082.0
1784731140000,0.18724,0.18751,0.18535,0.18622,4331.0
1784731200000,0.18573,0.18624,0.18435,0.18569,1824.0
1784731260000,0.18567,0.18791,0.18567,0.18741,15748.0
1784731320000,0.1873,0.18883,0.18707,0.1887,1677.0
1784731380000,0.1884,0.18843,0.18772,0.18783,8621.0
1784731440000,0.18806,0.18946,0.18696,0.18697,7749.0
1784731500000,0.18691,0.18796,0.18681,0.18785,7355.0
1784731560000,0.18813,0.18866,0.18726,0.18762,2370.0
1784731620000,0.187,0.187,0.18395,0.18395,7372.0
1784731680000,0.18407,0.18541,0.18262,0.18521,4709.0
1784731740000,0.18521,0.18549,0.18332,0.18338,9202.0
1784731800000,0.18318,0.18483,0.1815,0.18403,8171.0
1784731860000,0.18427,0.18506,0.18387,0.18473,3376.0
1784731920000,0.18493,0.18493,0.18272,0.18281,2970.0
1784731980000,0.18252,0.18275,0.18052,0.18165,4272.0
1784732040000,0.18178,0.1839,0.18178,0.1839,808.0
1784732100000,0.18377,0.18377,0.18218,0.18297,1134.0
1784732160000,0.18339,0.18339,0.17968,0.1815,9710.0
1784732220000,0.18171,0.1818,0.18098,0.18153,1224.0
1784732280000,0.18133,0.1825,0.18118,0.18147,3093.0
1784732340000,0.18141,0.18215,0.1811,0.18164,654.0
1784732400000,0.18174,0.18189,0.18054,0.1815,2640.0
1784732460000,0.18161,0.18172,0.18112,0.18151,1742.0
1784732520000,0.18147,0.18205,0.18136,0.18179,1090.0
1784732580000,0.18169,0.18196,0.18011,0.18054,4827.0
1784732640000,0.18083,0.18132,0.18049,0.18119,660.0
1784732700000,0.18079,0.1812,0.18032,0.18079,2801.0
1784732760000,0.18066,0.18066,0.17958,0.18003,1213.0
1784732820000,0.17997,0.18003,0.17645,0.17762,12320.0
1784732880000,0.17788,0.1781,0.17658,0.17748,2643.0
1784732940000,0.17791,0.17928,0.17791,0.17893,3206.0
1784733000000,0.1789,0.1789,0.17472,0.17703,10335.0
1784733060000,0.17678,0.17731,0.17622,0.17709,2089.0
1784733120000,0.17714,0.17751,0.1764,0.1764,2060.0
1784733180000,0.17646,0.17772,0.1763,0.17747,1431.0
1784733240000,0.17731,0.17737,0.17684,0.17684,298.0
1784733300000,0.17705,0.17743,0.17623,0.17719,1864.0
1784733360000,0.178,0.17928,0.17775,0.17908,1810.0
1784733420000,0.17903,0.17903,0.17795,0.17795,596.0
1784733480000,0.17825,0.17825,0.17596,0.17667,4371.0
1784733540000,0.17676,0.1779,0.17668,0.17676,985.0
1784733600000,0.1769,0.17823,0.17675,0.17799,1104.0
1784733660000,0.17797,0.17863,0.17786,0.17837,989.0
1784733720000,0.17842,0.17856,0.17791,0.17824,859.0
1784733780000,0.17813,0.17883,0.17813,0.17883,434.0
1784733840000,0.17872,0.17881,0.17714,0.17744,1086.0
1784733900000,0.1771,0.17893,0.17664,0.17888,2179.0
1784733960000,0.17884,0.18086,0.17779,0.18056,3155.0
1784734020000,0.18066,0.18095,0.17966,0.1803,778.0
1784734080000,0.18004,0.18004,0.17961,0.17968,678.0
1784734140000,0.17972,0.18048,0.17972,0.18023,603.0
1784734200000,0.18044,0.18078,0.17959,0.18039,890.0
1784734260000,0.18016,0.18016,0.17821,0.17833,1383.0
1784734320000,0.178,0.17967,0.17793,0.17967,435.0
1784734380000,0.17986,0.17986,0.17858,0.17858,76.0
1784734440000,0.17852,0.17852,0.17665,0.17828,5285.0
1784734500000,0.17859,0.17859,0.17683,0.17722,1416.0
1784734560000,0.17723,0.17852,0.17723,0.17852,787.0
1784734620000,0.17827,0.17827,0.17784,0.17797,449.0
1784734680000,0.1782,0.17877,0.17819,0.17877,893.0
1784734740000,0.17848,0.17974,0.17848,0.1795,1248.0
1784734800000,0.17941,0.18255,0.17941,0.18233,3412.0
1784734860000,0.18271,0.18271,0.18152,0.18195,1362.0
1784734920000,0.18205,0.18205,0.18159,0.18192,587.0
1784734980000,0.18175,0.18193,0.18174,0.18191,1497.0
1784735040000,0.18191,0.18191,0.18022,0.18072,1908.0
1784735100000,0.18066,0.18097,0.18003,0.18023,990.0
1784735160000,0.18022,0.18139,0.18022,0.18116,951.0
1784735220000,0.18118,0.18187,0.18118,0.18187,1138.0
1784735280000,0.18176,0.18236,0.18176,0.18236,250.0
1784735340000,0.18265,0.18301,0.18201,0.18282,803.0
1784735400000,0.18264,0.18283,0.18252,0.18278,426.0
1784735460000,0.18271,0.18279,0.18217,0.18256,2152.0
1784735520000,0.18208,0.18274,0.18204,0.18256,1638.0
1784735580000,0.18259,0.18261,0.18138,0.18164,1228.0
1784735640000,0.1822,0.18251,0.1822,0.18231,266.0
1784735700000,0.18243,0.18354,0.18231,0.18313,4138.0
1784735760000,0.18308,0.18319,0.18241,0.18319,3413.0
1784735820000,0.18307,0.18477,0.18307,0.18434,2795.0
1784735880000,0.18401,0.18578,0.18392,0.18518,1446.0
1784735940000,0.1852,0.1852,0.18466,0.18483,1042.0
1784736000000,0.18483,0.18518,0.18447,0.185,2253.0
1784736060000,0.1853,0.186,0.1849,0.186,1039.0
1784736120000,0.18572,0.18572,0.18499,0.1855,972.0
1784736180000,0.18579,0.18677,0.18547,0.18647,2037.0
1784736240000,0.18676,0.18775,0.18531,0.18552,3243.0
1784736300000,0.18551,0.18565,0.18464,0.1852,2043.0
1784736360000,0.18499,0.18734,0.18499,0.18694,1676.0
1784736420000,0.18706,0.18823,0.18703,0.18808,5988.0
1784736480000,0.18814,0.18948,0.18763,0.18948,1824.0
1784736540000,0.18949,0.19538,0.18947,0.19143,26448.0
1784736600000,0.19124,0.19404,0.19124,0.19263,14082.0
1784736660000,0.19244,0.19298,0.19149,0.19244,6757.0
1784736720000,0.19269,0.19489,0.19269,0.1946,3942.0
1784736780000,0.19446,0.19467,0.19342,0.19345,2876.0
1784736840000,0.19334,0.19474,0.19207,0.19474,3366.0
1784736900000,0.1944,0.19778,0.1944,0.19735,6898.0
1784736960000,0.19724,0.19724,0.19514,0.19619,2692.0
1784737020000,0.19591,0.19699,0.1959,0.19699,6450.0
1784737080000,0.19693,0.19863,0.19692,0.19771,2925.0
1784737140000,0.19782,0.19998,0.19678,0.19854,13219.0
1784737200000,0.19834,0.19842,0.197,0.19791,7824.0
1784737260000,0.19784,0.19798,0.19453,0.1954,5904.0
1784737320000,0.19569,0.19569,0.19354,0.1945,5876.0
1784737380000,0.19404,0.19518,0.19304,0.19304,2612.0
1784737440000,0.19329,0.19356,0.1912,0.19351,6914.0
1784737500000,0.194,0.19568,0.194,0.19434,6470.0
1784737560000,0.19434,0.19464,0.19157,0.19261,3515.0
1784743740000,0.21534,0.21831,0.21528,0.21786,5471.0,11850.036
1784743800000,0.2176,0.2194,0.21756,0.21928,6144.0,13440.7729
1784743860000,0.21971,0.21971,0.21843,0.21892,11277.0,24681.6854
1784743920000,0.21856,0.22548,0.21849,0.22481,28205.0,63147.7733
1784743980000,0.225,0.22598,0.22467,0.22508,20811.0,46922.53
1784744040000,0.22499,0.22499,0.22226,0.22287,11184.0,24950.3184
1784744100000,0.22288,0.22557,0.22249,0.22414,16781.0,37614.3695
1784744160000,0.22402,0.22402,0.21887,0.21911,15129.0,33401.9794
1784744220000,0.21891,0.22004,0.21767,0.21994,7150.0,15641.4725
1784744280000,0.22006,0.22077,0.21819,0.21881,4719.0,10387.2853
1784744340000,0.21911,0.22122,0.21911,0.22048,5131.0,11299.4048
1784744400000,0.22059,0.22089,0.2188,0.21969,1491.0,3272.6274
1784744460000,0.22062,0.22282,0.21913,0.21941,6472.0,14360.9736
1784744520000,0.22014,0.22023,0.21824,0.21929,5412.0,11856.9799
1784744580000,0.21985,0.2204,0.21868,0.21948,1508.0,3311.0972
1784744640000,0.21949,0.21983,0.21582,0.21677,7018.0,15233.1398
1784744700000,0.21684,0.21801,0.21638,0.21754,3976.0,8642.1514
1784744760000,0.21736,0.22098,0.21736,0.22037,4571.0,10027.1677
1784744820000,0.22041,0.22174,0.21957,0.21957,1939.0,4279.5691
1784744880000,0.21964,0.22275,0.21964,0.22149,4705.0,10405.9348
1784744940000,0.22074,0.22094,0.21845,0.21965,3492.0,7664.3435
1784745000000,0.2196,0.2196,0.217,0.21742,9845.0,21445.8159
1784745060000,0.2175,0.2175,0.20748,0.21147,38966.0,81814.5076
1784745120000,0.21165,0.2123,0.2095,0.20994,11822.0,24932.822
1784745180000,0.21016,0.21474,0.20621,0.21474,44175.0,93460.573
1784745240000,0.21488,0.21692,0.21412,0.21591,13989.0,30169.2962
1784745300000,0.21537,0.21972,0.21455,0.21956,6802.0,14842.2856
1784745360000,0.21916,0.21994,0.21836,0.21923,3209.0,7037.7334
1784745420000,0.21963,0.22209,0.21963,0.22173,6493.0,14369.0773
1784745480000,0.22165,0.22198,0.22061,0.22186,2555.0,5663.2881
1784745540000,0.22165,0.22255,0.21991,0.21991,4589.0,10166.9438
1784745600000,0.22082,0.221,0.21832,0.22048,3537.0,7773.9826
1784745660000,0.2203,0.22254,0.21921,0.2215,7542.0,16720.6354
1784745720000,0.22148,0.22344,0.22108,0.22246,4008.0,8908.9668
1784745780000,0.22232,0.22324,0.22149,0.22309,4367.0,9724.5261
1784745840000,0.22324,0.22425,0.22312,0.22367,4078.0,9125.2003
1784745900000,0.22343,0.22357,0.21992,0.22067,6836.0,15189.729
1784745960000,0.2207,0.22086,0.21848,0.21983,5415.0,11878.1177
1784746020000,0.21991,0.22058,0.2172,0.21749,4670.0,10231.326
1784746080000,0.21797,0.21823,0.21528,0.21528,1923.0,4163.4436
1784746140000,0.21515,0.21626,0.21336,0.2156,3628.0,7799.037
1784746200000,0.21517,0.21517,0.21299,0.2137,2544.0,5433.7272
1784746260000,0.21372,0.2139,0.21278,0.2132,2289.0,4885.8205
1784746320000,0.2131,0.21733,0.2131,0.2154,15585.0,33670.94
1784746380000,0.21557,0.21602,0.21374,0.215,2624.0,5634.829
1784746440000,0.21502,0.21576,0.21481,0.21489,2648.0,5709.5916
1784746500000,0.21489,0.21734,0.21489,0.21611,3434.0,7423.7015
1784746560000,0.21612,0.21727,0.21452,0.21452,2615.0,5654.9985
1784746620000,0.21437,0.21622,0.21437,0.21597,562.0,1207.4515
1784746680000,0.21593,0.21613,0.21509,0.21509,2226.0,4802.4941
1784746740000,0.2152,0.21609,0.2152,0.21609,1070.0,2308.8996
1784746800000,0.21614,0.21825,0.21607,0.21645,2411.0,5239.2586
1784746860000,0.21666,0.21762,0.21541,0.21718,2546.0,5517.4093
1784746920000,0.21756,0.21774,0.21702,0.21728,1965.0,4271.5033
1784746980000,0.21734,0.21819,0.21691,0.21692,1226.0,2669.2535
1784747040000,0.21707,0.21797,0.21707,0.21779,591.0,1285.884
1784747100000,0.21765,0.21874,0.21718,0.2181,1221.0,2662.3703
1784747160000,0.21823,0.21823,0.2168,0.2179,4516.0,9833.6849
1784747220000,0.21771,0.21979,0.21771,0.21875,1151.0,2519.6376
1784747280000,0.21881,0.2198,0.21819,0.21914,1822.0,3994.551
1784747340000,0.21913,0.223,0.2191,0.22092,7500.0,16586.1751
1784747400000,0.22125,0.22312,0.22014,0.22027,6048.0,13427.4187
1784747460000,0.2199,0.22213,0.21989,0.22057,7757.0,17108.4608
1784747520000,0.2213,0.22293,0.22048,0.22224,3955.0,8777.9634
1784747580000,0.22227,0.2224,0.2214,0.22209,1377.0,3057.6209
1784747640000,0.22228,0.224,0.22228,0.2235,4930.0,11008.9354
1784747700000,0.22342,0.22342,0.21752,0.22061,6417.0,14096.042
1784747760000,0.22081,0.22146,0.21996,0.2203,4730.0,10438.7181
1784747820000,0.2203,0.22158,0.21975,0.22099,3471.0,7665.356
1784747880000,0.221,0.223,0.221,0.22261,7327.0,16306.8855
1784747940000,0.22247,0.22284,0.22127,0.22279,4712.0,10455.9257
1784748000000,0.22254,0.22412,0.22243,0.22399,3768.0,8423.6984
1784748060000,0.22398,0.23447,0.22391,0.23198,83345.0,191783.4811
1784748120000,0.23206,0.23515,0.23118,0.23262,21713.0,50669.4372
1784748180000,0.23224,0.23396,0.23119,0.23285,8723.0,20296.886
1784748240000,0.23292,0.23396,0.23218,0.23396,8578.0,20010.0581
1784748300000,0.23367,0.23437,0.23329,0.2341,4191.0,9804.7484
1784748360000,0.23388,0.23705,0.23379,0.23495,7766.0,18270.0921
1784748420000,0.23485,0.23485,0.23086,0.23141,10947.0,25453.6989
1784748480000,0.23107,0.23237,0.23011,0.2323,4359.0,10088.8576
1784748540000,0.23221,0.23396,0.23221,0.23266,8467.0,19748.5237
1784748600000,0.23252,0.23252,0.23112,0.23159,6031.0,13989.7664
1784748660000,0.23159,0.23229,0.23102,0.23179,1852.0,4290.0207
1784748720000,0.23197,0.23198,0.22898,0.22944,6958.0,15994.9292
1784748780000,0.22926,0.22966,0.22894,0.22927,4567.0,10472.0147
1784748840000,0.2293,0.22971,0.22808,0.22884,4098.0,9383.4283
1784748900000,0.22864,0.22948,0.22849,0.22915,4930.0,11280.4487
1784748960000,0.22906,0.22906,0.22732,0.22751,2949.0,6732.2671
1784749020000,0.22759,0.2282,0.22759,0.22786,1118.0,2548.2773
1784749080000,0.22836,0.23059,0.22831,0.22896,1754.0,4031.0005
1784749140000,0.22879,0.23029,0.22879,0.23013,3465.0,7960.1194
1784749200000,0.23003,0.23003,0.22612,0.22728,7282.0,16535.561
1784749260000,0.22726,0.22885,0.2248,0.22569,4200.0,9529.2812
1784749320000,0.22571,0.22801,0.22535,0.22801,5959.0,13487.648
1784749380000,0.22755,0.22773,0.22633,0.22665,3407.0,7731.9136
1784749440000,0.22697,0.22798,0.22697,0.22747,1496.0,3404.2014
1784749500000,0.22753,0.22885,0.22696,0.22741,4675.0,10670.6283
1784749560000,0.22725,0.22764,0.22513,0.22567,4725.0,10670.7182
1784749620000,0.22622,0.22646,0.2259,0.22594,1902.0,4303.3234
1784749680000,0.22591,0.22631,0.22231,0.2233,14238.0,31801.256
1784749740000,0.22315,0.22329,0.22102,0.2222,8891.0,19737.5229
1784749800000,0.22201,0.22222,0.21782,0.21782,11470.0,25251.3679
1784749860000,0.21783,0.22096,0.21777,0.21911,7152.0,15675.3091
1784749920000,0.21858,0.21956,0.21823,0.21862,3891.0,8521.3635
1784749980000,0.21851,0.21857,0.21042,0.21344,29626.0,63163.3018
1784750040000,0.21336,0.21485,0.21147,0.21369,7709.0,16396.9491
1784750100000,0.21319,0.21643,0.21319,0.2151,11153.0,24032.9623
1784750160000,0.21483,0.21954,0.21483,0.21954,8860.0,19307.7453
1784750220000,0.21909,0.21955,0.21717,0.21899,4229.0,9247.2371
1784750280000,0.21862,0.22023,0.21819,0.21911,6350.0,13916.493
1784750340000,0.21917,0.21938,0.21823,0.21892,2322.0,5084.0378
1784750400000,0.21944,0.2196,0.2154,0.21566,3912.0,8511.608
1784750460000,0.21605,0.21686,0.21416,0.21554,5369.0,11546.0133
1784750520000,0.21598,0.21898,0.21598,0.2181,6687.0,14544.165
1784750580000,0.21742,0.21742,0.2145,0.21691,3509.0,7574.5221
1784750640000,0.217,0.21718,0.21487,0.2155,2378.0,5125.1515
1784750700000,0.21575,0.21761,0.21575,0.2173,1897.0,4116.556
1784750760000,0.21741,0.21783,0.21415,0.21636,4087.0,8811.096
1784750820000,0.21645,0.21653,0.21357,0.21379,1130.0,2429.1361
1784750880000,0.21412,0.21487,0.21307,0.21338,3511.0,7502.2184
1784750940000,0.2134,0.21364,0.21256,0.21286,1872.0,3987.221
1784751000000,0.21329,0.21491,0.21318,0.21426,4720.0,10106.0365
1784751060000,0.2138,0.2138,0.21104,0.21326,9702.0,20592.2604
1784751120000,0.21314,0.21397,0.21213,0.21307,3244.0,6912.2989
1784751180000,0.21309,0.21557,0.21309,0.21318,3321.0,7136.2941
1784751240000,0.21342,0.21509,0.21342,0.21449,416.0,892.5323
1784751300000,0.21368,0.21733,0.21241,0.21672,3060.0,6560.8861
1784751360000,0.21687,0.21802,0.21588,0.21644,2052.0,4457.851
1784751420000,0.21673,0.22274,0.21668,0.22274,7464.0,16473.5362
1784751480000,0.22258,0.22486,0.21841,0.21987,6394.0,14113.6164
1784751540000,0.21872,0.22063,0.21681,0.22,2035.0,4459.2474
1784751600000,0.21936,0.21997,0.21776,0.21947,2076.0,4538.3609
1784751660000,0.21924,0.21942,0.21766,0.21813,1298.0,2834.776
1784751720000,0.21838,0.22152,0.21838,0.22036,1353.0,2981.2262
1784751780000,0.22044,0.22303,0.22023,0.22188,2322.0,5148.9692
1784751840000,0.22157,0.22323,0.22127,0.22293,5144.0,11435.2213
1784751900000,0.22287,0.22428,0.22264,0.22327,3383.0,7556.149
1784751960000,0.22304,0.22304,0.22168,0.22244,2973.0,6610.2278
1784752020000,0.22274,0.22285,0.22174,0.22174,274.0,609.1779
1784752080000,0.221,0.22176,0.22021,0.22175,578.0,1276.2527
1784752140000,0.2218,0.22341,0.22178,0.2219,2869.0,6382.1678
1784752200000,0.22169,0.22252,0.22038,0.22101,309.0,685.0669
1784752260000,0.22087,0.22087,0.21858,0.22044,7175.0,15749.0935
1784752320000,0.22102,0.22252,0.22094,0.22216,5340.0,11844.319
1784752380000,0.22246,0.22555,0.2224,0.22365,5077.0,11367.1294
1784752440000,0.22334,0.22348,0.22212,0.22307,5182.0,11545.7786
1784752500000,0.22301,0.22301,0.21956,0.21962,14891.0,32775.6437
1784752560000,0.21961,0.21961,0.21768,0.21914,34469.0,75450.8266
1784752620000,0.21885,0.22105,0.21762,0.21832,41979.0,92209.1173
1784752680000,0.21785,0.2196,0.21783,0.21901,6011.0,13151.2514
1784752740000,0.21901,0.22037,0.21857,0.21857,4500.0,9882.6296
1784752800000,0.21837,0.21996,0.21837,0.21902,4973.0,10894.9188
1784752860000,0.21886,0.21886,0.21746,0.21746,1925.0,4197.8825
1784752920000,0.21742,0.21759,0.21661,0.2169,1640.0,3558.4427
1784752980000,0.21673,0.21756,0.21661,0.21738,1309.0,2839.2273
1784753040000,0.21712,0.21956,0.21693,0.21914,1464.0,3194.2645
1784753100000,0.21949,0.22142,0.21899,0.21921,2773.0,6104.8999
1784753160000,0.21934,0.22028,0.2191,0.2191,3701.0,8134.1596
1784753220000,0.21923,0.21959,0.2188,0.21932,4010.0,8794.4417
1784753280000,0.21951,0.22105,0.21951,0.22053,1726.0,3801.7818
1784753340000,0.22075,0.22101,0.2205,0.22101,536.0,1183.6639
1784753400000,0.22101,0.22256,0.22087,0.22168,1768.0,3914.4795
1784753460000,0.22155,0.22384,0.22131,0.22308,5147.0,11473.7786
1784753520000,0.22301,0.22323,0.22099,0.22099,2343.0,5201.1391
1784753580000,0.22105,0.22351,0.22105,0.22351,687.0,1528.0166
1784753640000,0.22301,0.2236,0.22205,0.2236,1948.0,4333.3594
1784753700000,0.22349,0.22475,0.22334,0.22427,1327.0,2976.5162
1784753760000,0.22427,0.22481,0.22332,0.22468,1316.0,2951.4464
1784753820000,0.22486,0.22616,0.22432,0.22526,4705.0,10603.9168
1784753880000,0.2253,0.2254,0.22411,0.22473,1184.0,2662.8922
1784753940000,0.22473,0.22473,0.22327,0.22327,802.0,1795.0973
1784754000000,0.223,0.22359,0.22146,0.22239,7583.0,16865.377
1784754060000,0.22234,0.22252,0.22036,0.22038,6463.0,14288.3991
1784754120000,0.2202,0.22073,0.2197,0.21996,2732.0,6014.8133
1784754180000,0.21977,0.21977,0.21659,0.21691,14638.0,31834.8996
1784754240000,0.21697,0.21794,0.21641,0.21735,1019.0,2212.452
1784754300000,0.21781,0.21867,0.2171,0.2171,671.0,1462.8033
1784754360000,0.21714,0.21714,0.21538,0.21597,1649.0,3563.8231
1784754420000,0.21594,0.21623,0.2148,0.21555,2438.0,5251.372
1784754480000,0.21534,0.21739,0.21478,0.21586,8791.0,18987.052
1784754540000,0.21567,0.21567,0.21487,0.21529,3130.0,6736.4166
1784754600000,0.21528,0.217,0.21509,0.217,3367.0,7278.5105
1784754660000,0.21697,0.21697,0.21575,0.21582,1584.0,3420.3294
1784754720000,0.21687,0.21704,0.2159,0.21599,1988.0,4298.1776
1784754780000,0.21584,0.21584,0.21249,0.21516,5286.0,11351.2813
1784754840000,0.21542,0.21637,0.21537,0.2154,2366.0,5108.3798
1784754900000,0.2151,0.21603,0.21452,0.21582,1216.0,2616.064
1784754960000,0.21601,0.21741,0.21536,0.21597,12266.0,26539.7557
1784755020000,0.21571,0.21672,0.21544,0.21666,2444.0,5286.5566
1784755080000,0.21658,0.2166,0.21544,0.21564,2780.0,6007.1195
1784755140000,0.21554,0.21582,0.21478,0.21582,1966.0,4229.3564
1784755200000,0.21683,0.21732,0.21535,0.21535,5692.0,12318.0607
1784755260000,0.21569,0.21721,0.21535,0.21535,5037.0,10895.3104
1784755320000,0.21514,0.21603,0.21501,0.21568,333.0,718.2186
1784755380000,0.21562,0.2165,0.21562,0.21589,3031.0,6552.1222
1784755440000,0.21618,0.2172,0.21564,0.21715,2266.0,4909.7218
1784755500000,0.21703,0.21983,0.21695,0.21789,7124.0,15562.2006
1784755560000,0.21761,0.22024,0.21668,0.21888,1503.0,3291.9225
1784755620000,0.2189,0.21999,0.21847,0.21855,10065.0,22066.9728
1784755680000,0.21836,0.22169,0.21682,0.21859,75563.0,165991.3871
1784755740000,0.2193,0.22057,0.21916,0.21989,4545.0
1784755800000,0.21979,0.22197,0.21978,0.22128,5312.0
1784755860000,0.2211,0.22398,0.22091,0.22367,8243.0
1784755920000,0.22291,0.22291,0.22173,0.22187,4758.0
1784755980000,0.22221,0.22242,0.22168,0.22236,1890.0
1784756040000,0.22221,0.2225,0.22198,0.2225,373.0
1784756100000,0.22291,0.22518,0.22291,0.22353,6014.0
1784756160000,0.22349,0.22349,0.22018,0.22046,5986.0
1784756220000,0.22145,0.22251,0.21994,0.21994,1714.0
1784756280000,0.22087,0.22279,0.22079,0.22252,5796.0
1784756340000,0.22311,0.22464,0.22306,0.22351,7785.0
1784756400000,0.22368,0.22368,0.22245,0.22279,5116.0
1784756460000,0.22279,0.22283,0.22096,0.22157,3043.0
1784756520000,0.22185,0.22219,0.21862,0.21862,1610.0
1784756580000,0.21862,0.22005,0.21797,0.21972,3573.0
1784756640000,0.2199,0.22015,0.21839,0.21839,1380.0
1784756700000,0.21859,0.21986,0.21859,0.21944,2620.0
1784756760000,0.21956,0.22032,0.21955,0.22017,711.0
1784756820000,0.22053,0.22231,0.22053,0.22138,2098.0
1784756880000,0.22125,0.22326,0.22125,0.22238,4824.0
1784756940000,0.2223,0.22279,0.22192,0.22244,1020.0
1784757000000,0.22218,0.22289,0.22218,0.22253,671.0
1784757060000,0.22275,0.22312,0.22235,0.22235,188.0
1784757120000,0.2226,0.22273,0.22214,0.22214,470.0
1784757180000,0.22222,0.22229,0.22122,0.22194,1103.0
1784757240000,0.2223,0.22232,0.22116,0.22219,589.0
1784757300000,0.22187,0.22389,0.22186,0.22389,1316.0
1784757360000,0.22378,0.22378,0.2227,0.2227,481.0
1784757420000,0.22227,0.22322,0.22103,0.22268,21278.0
1784757480000,0.22258,0.22267,0.22178,0.22187,2894.0
1784757540000,0.22144,0.22144,0.22,0.22097,14463.0
1784757600000,0.22108,0.22126,0.22051,0.22051,1167.0
1784757660000,0.22058,0.22246,0.22019,0.22217,3358.0
1784757720000,0.22234,0.22244,0.22132,0.22206,1432.0
1784757780000,0.22212,0.22439,0.22212,0.22404,6995.0
1784757840000,0.2242,0.22471,0.22337,0.22356,7285.0
1784757900000,0.22348,0.22376,0.22157,0.22376,5145.0
1784757960000,0.22367,0.22443,0.22301,0.22396,3409.0
1784758020000,0.22393,0.22431,0.22321,0.22368,1296.0
1784758080000,0.22362,0.22395,0.2236,0.22395,6152.0
1784758140000,0.22409,0.22635,0.22409,0.22499,3399.0
1784758200000,0.22507,0.22507,0.2236,0.22373,2069.0
1784758260000,0.22419,0.22419,0.2236,0.22361,1316.0
1784758320000,0.22464,0.22644,0.22464,0.22591,4148.0
1784758380000,0.22544,0.22972,0.22541,0.22851,38483.0
1784758440000,0.22832,0.22834,0.22607,0.22614,18152.0
1784758500000,0.22586,0.22717,0.22586,0.22717,3564.0
1784758560000,0.22676,0.22676,0.22455,0.22495,1690.0
1784758620000,0.22545,0.22545,0.22253,0.22431,11195.0
1784758680000,0.22441,0.22504,0.22333,0.22386,5810.0
1784758740000,0.2237,0.22593,0.22369,0.2258,1660.0
1784758800000,0.22599,0.22708,0.22596,0.22672,320.0
1784758860000,0.22642,0.22642,0.22447,0.22495,594.0
1784758920000,0.22489,0.22529,0.22426,0.22512,424.0
1784758980000,0.22463,0.22463,0.22358,0.22384,682.0
1784759040000,0.22398,0.22478,0.22398,0.22478,312.0
1784759100000,0.22546,0.22577,0.22319,0.22319,757.0
1784759160000,0.2235,0.22397,0.22325,0.22325,295.0
1784759220000,0.22324,0.22344,0.2211,0.22196,4762.0
1784759280000,0.2219,0.22249,0.22077,0.22077,3856.0
1784759340000,0.22165,0.22289,0.22144,0.22144,1078.0
1784759400000,0.22138,0.22276,0.22134,0.22252,1108.0
1784759460000,0.22252,0.22322,0.22232,0.22259,854.0
1784759520000,0.223,0.22398,0.223,0.22314,805.0
1784759580000,0.22335,0.22345,0.22241,0.22241,395.0
1784759640000,0.22243,0.22437,0.22243,0.22375,4404.0
1784759700000,0.22404,0.22665,0.22393,0.22596,6724.0
1784759760000,0.22567,0.22755,0.22523,0.22755,2908.0
1784759820000,0.227,0.22765,0.22664,0.22686,754.0
1784759880000,0.22692,0.22734,0.22544,0.22544,1653.0
1784759940000,0.22604,0.22663,0.22516,0.22516,1258.0
1784760000000,0.22558,0.22642,0.22541,0.22624,834.0
1784760060000,0.22624,0.22656,0.22575,0.22644,231.0
1784760120000,0.22641,0.22659,0.22496,0.22551,429.0
1784760180000,0.2252,0.22521,0.22324,0.22375,407.0
1784760240000,0.22407,0.22441,0.22367,0.22441,1161.0
1784760300000,0.22412,0.22544,0.22412,0.22492,1840.0
1784760360000,0.22475,0.22519,0.22439,0.2248,1026.0
1784760420000,0.22516,0.22516,0.22381,0.22412,616.0
1784760480000,0.2246,0.2251,0.2246,0.2251,102.0
1784760540000,0.22467,0.22467,0.22377,0.22377,271.0
1784760600000,0.22367,0.22447,0.22229,0.22308,3995.0
1784760660000,0.22361,0.22396,0.22279,0.22389,734.0
1784760720000,0.22388,0.22514,0.22374,0.224,3810.0
1784760780000,0.22418,0.22506,0.22313,0.22345,23120.0
1784760840000,0.22362,0.22388,0.22273,0.22286,5829.0
1784760900000,0.22307,0.2241,0.22186,0.22251,33881.0
1784760960000,0.22251,0.22334,0.22189,0.22285,12620.0
1784761020000,0.22294,0.22358,0.22269,0.22269,2093.0
1784761080000,0.22274,0.22349,0.22264,0.22337,498.0
1784761140000,0.22322,0.2233,0.22264,0.22264,183.0
1784761200000,0.22279,0.22325,0.22044,0.22212,8225.0
1784761260000,0.22224,0.22224,0.21952,0.2215,8574.0
1784761320000,0.22151,0.22291,0.22131,0.22226,7107.0
1784761380000,0.22232,0.22437,0.22232,0.22368,5296.0
1784761440000,0.22392,0.22392,0.22222,0.22337,1401.0
1784761500000,0.22354,0.22354,0.22289,0.22315,630.0
1784761560000,0.22359,0.22409,0.22295,0.22307,2112.0
1784761620000,0.22284,0.22284,0.22061,0.22201,3167.0
1784761680000,0.2218,0.22242,0.2218,0.22223,5845.0
1784761740000,0.22227,0.22296,0.22227,0.22276,5985.0
1784761800000,0.22268,0.22326,0.22263,0.22304,261.0
1784761860000,0.22263,0.22345,0.22221,0.22235,4373.0
1784761920000,0.22217,0.22229,0.22093,0.22093,3182.0
1784761980000,0.22112,0.22208,0.22112,0.22138,1253.0
1784762040000,0.22142,0.22217,0.22112,0.22135,3561.0
1784762100000,0.22163,0.22169,0.22066,0.2216,2364.0
1784762160000,0.2218,0.22201,0.2216,0.2216,664.0
1784762220000,0.22186,0.22336,0.2218,0.22284,1087.0
1784762280000,0.22336,0.22432,0.2226,0.22417,771.0
1784762340000,0.2241,0.2241,0.22298,0.22334,1354.0
1784762400000,0.22331,0.2254,0.22331,0.22474,6713.0
1784762460000,0.22469,0.22611,0.22448,0.22487,3162.0
1784762520000,0.22503,0.22561,0.22428,0.22561,3711.0
1784762580000,0.2254,0.2254,0.22393,0.22489,4314.0
1784762640000,0.22476,0.22573,0.22476,0.2257,1801.0
1784762700000,0.22551,0.22738,0.22511,0.2272,9480.0
1784762760000,0.22709,0.22739,0.22584,0.22655,8683.0
1784762820000,0.22639,0.22797,0.22638,0.22745,4052.0
1784762880000,0.22713,0.22713,0.2259,0.2259,2825.0
1784762940000,0.22614,0.22631,0.2249,0.22605,2470.0
1784763000000,0.22599,0.22726,0.22577,0.22594,1230.0
1784763060000,0.22595,0.22712,0.22577,0.22655,3493.0
1784763120000,0.2268,0.22721,0.22645,0.22711,2279.0
1784763180000,0.22724,0.22724,0.22598,0.22701,1185.0
1784763240000,0.22716,0.2274,0.22613,0.22643,2012.0
1784763300000,0.22643,0.22907,0.22643,0.22777,13954.0
1784763360000,0.22787,0.2281,0.22666,0.22718,2029.0
1784763420000,0.2271,0.2271,0.2252,0.22556,8097.0
1784763480000,0.22558,0.22576,0.22395,0.22415,1949.0
1784763540000,0.2247,0.2253,0.22455,0.22481,3457.0
1784763600000,0.22492,0.22568,0.22492,0.22524,690.0
1784763660000,0.22524,0.22541,0.2248,0.22498,1291.0
1784763720000,0.22493,0.22493,0.22349,0.22368,3548.0
1784763780000,0.22356,0.22375,0.2227,0.22271,1286.0
1784763840000,0.22344,0.22385,0.22295,0.2231,2266.0
1784763900000,0.22317,0.22378,0.22303,0.22331,816.0
1784763960000,0.22332,0.22645,0.22332,0.22539,7466.0
1784764020000,0.22569,0.22604,0.22502,0.22502,757.0
1784764080000,0.22505,0.2267,0.22505,0.2267,1013.0
1784764140000,0.2264,0.22642,0.22508,0.22527,4756.0
1784764200000,0.22486,0.22584,0.22486,0.22566,3490.0
1784764260000,0.22535,0.22549,0.22456,0.22549,4321.0
1784764320000,0.22517,0.22646,0.22517,0.22608,5048.0
1784764380000,0.22614,0.2264,0.22594,0.22633,2298.0
1784764440000,0.22634,0.22743,0.226,0.22716,10223.0
1784764500000,0.22732,0.22895,0.22716,0.22799,8364.0
1784764560000,0.22794,0.24075,0.22794,0.23141,78727.0
1784764620000,0.23148,0.23205,0.2305,0.23092,15070.0
1784764680000,0.23092,0.2313,0.22918,0.2294,9839.0
1784764740000,0.22978,0.23286,0.22813,0.23125,18702.0
1784764800000,0.23079,0.23292,0.22943,0.23032,13871.0
1784764860000,0.22978,0.23068,0.22928,0.23054,7106.0
1784764920000,0.2305,0.23218,0.2301,0.23218,9695.0
1784764980000,0.23202,0.23431,0.23122,0.23431,6265.0
1784765040000,0.23356,0.23357,0.2321,0.23319,2890.0
1784765100000,0.23304,0.23395,0.23255,0.23375,2575.0
1784765160000,0.23356,0.23411,0.2314,0.23171,12135.0
1784765220000,0.23183,0.23285,0.22901,0.23008,8639.0
1784765280000,0.23014,0.23109,0.22763,0.22774,10126.0
1784765340000,0.22777,0.23112,0.22776,0.23104,3096.0
1784765400000,0.23123,0.23186,0.23078,0.23134,1664.0
1784765460000,0.23121,0.23318,0.23112,0.23201,3370.0
1784765520000,0.23178,0.23232,0.22964,0.23026,554.0
1784765580000,0.23008,0.23012,0.22854,0.23012,1858.0
1784765640000,0.23007,0.23027,0.22854,0.22932,1429.0
1784765700000,0.22896,0.23292,0.22896,0.23282,3350.0
1784765760000,0.23231,0.23322,0.23175,0.23175,3123.0
1784765820000,0.232,0.23341,0.23179,0.23264,1320.0
1784765880000,0.23259,0.23259,0.23177,0.23186,665.0
1784765940000,0.23175,0.23268,0.23059,0.23089,1445.0
1784766000000,0.2304,0.23263,0.2304,0.23201,1599.0
1784766060000,0.23252,0.23532,0.23252,0.23362,1570.0
1784766120000,0.23318,0.23384,0.23302,0.23302,2059.0
1784766180000,0.23307,0.23342,0.23046,0.23306,12816.0
1784766240000,0.23293,0.23293,0.23069,0.23097,2596.0
1784766300000,0.23097,0.23097,0.22976,0.23073,1140.0
1784766360000,0.23076,0.23182,0.22948,0.22948,3701.0
1784766420000,0.22968,0.23054,0.22923,0.22929,2912.0
1784766480000,0.22935,0.2327,0.22935,0.23226,3766.0
1784766540000,0.23239,0.23313,0.22998,0.23032,3289.0
1784766600000,0.23005,0.23111,0.22863,0.23111,2240.0
1784766660000,0.23131,0.232,0.23131,0.23176,1175.0
1784766720000,0.23215,0.23422,0.2321,0.2331,2480.0
1784766780000,0.23334,0.23426,0.23252,0.234,1077.0
1784766840000,0.23408,0.23632,0.23356,0.23583,2692.0
1784766900000,0.23562,0.23664,0.23454,0.23476,1143.0
1784766960000,0.23455,0.23526,0.23289,0.23473,3158.0
1784767020000,0.23431,0.23443,0.23307,0.23389,2234.0
1784767080000,0.23397,0.23518,0.23397,0.23518,942.0
1784767140000,0.23518,0.23568,0.23459,0.23513,700.0
1784767200000,0.23505,0.23651,0.23464,0.23604,1015.0
1784767260000,0.23598,0.237,0.23563,0.23621,1622.0
1784767320000,0.2362,0.2362,0.23467,0.23564,968.0
1784767380000,0.23547,0.23577,0.23511,0.23575,349.0
1784767440000,0.23546,0.23653,0.23546,0.23575,1940.0
1784767500000,0.23571,0.23799,0.23562,0.23735,8203.0
1784767560000,0.23713,0.23873,0.23593,0.23827,6104.0
1784773740000,0.23651,0.23879,0.2365,0.23718,960.0,2277.8934
1784773800000,0.23733,0.24136,0.23733,0.24062,1024.0,2446.2916
1784773860000,0.24059,0.24185,0.23883,0.23972,2926.0,7025.0993
1784773920000,0.23975,0.24074,0.23899,0.24013,1881.0,4515.8719
1784773980000,0.24079,0.24079,0.23942,0.23966,1629.0,3910.9712
1784774040000,0.24,0.24171,0.24,0.2412,1457.0,3511.9487
1784774100000,0.24109,0.24159,0.23961,0.2412,1972.0,4748.7022
1784774160000,0.24093,0.24126,0.24039,0.2407,5789.0,13943.1091
1784774220000,0.24063,0.24177,0.24042,0.24092,330.0,795.1077
1784774280000,0.2409,0.24097,0.23862,0.24039,3735.0,8964.785
1784774340000,0.24049,0.24115,0.23908,0.23981,1703.0,4090.404
1784774400000,0.23998,0.24104,0.23927,0.24038,2833.0,6812.4419
1784774460000,0.24058,0.24139,0.23985,0.24016,1242.0,2990.52
1784774520000,0.24008,0.24138,0.23883,0.24138,982.0,2354.8268
1784774580000,0.24141,0.24141,0.23986,0.24066,805.0,1934.7085
1784774640000,0.24015,0.24023,0.23917,0.23968,1356.0,3250.9084
1784774700000,0.24051,0.24129,0.24044,0.24044,908.0,2187.0737
1784774760000,0.24017,0.24135,0.24006,0.24057,961.0,2313.7571
1784774820000,0.24105,0.24111,0.23904,0.23904,254.0,608.8352
1784774880000,0.2394,0.24002,0.23921,0.23921,600.0,1437.7795
1784774940000,0.23936,0.24143,0.23936,0.24097,390.0,937.8085
1784775000000,0.24092,0.24126,0.24047,0.24061,578.0,1392.0898
1784775060000,0.24024,0.24083,0.23932,0.24083,526.0,1262.6687
1784775120000,0.2401,0.24019,0.23896,0.23944,1339.0,3202.8801
1784775180000,0.23935,0.23937,0.23475,0.23536,8884.0,21053.0495
1784775240000,0.2357,0.2357,0.23285,0.23295,3573.0,8358.2489
1784775300000,0.23298,0.23447,0.23107,0.23447,1740.0,4037.5629
1784775360000,0.23422,0.23441,0.2302,0.23139,1220.0,2821.7567
1784775420000,0.23094,0.23094,0.22554,0.22847,5808.0,13245.3488
1784775480000,0.22858,0.22966,0.22635,0.22933,4055.0,9238.0746
1784775540000,0.22917,0.22917,0.22635,0.2269,2297.0,5223.0454
1784775600000,0.22631,0.22803,0.22444,0.22451,10991.0,24892.0458
1784775660000,0.22506,0.2274,0.2193,0.22679,17951.0,40448.8488
1784775720000,0.22694,0.22952,0.22595,0.22821,13419.0,30565.1045
1784775780000,0.22788,0.2298,0.22708,0.22949,2225.0,5091.5675
1784775840000,0.22846,0.2293,0.22643,0.22909,928.0,2116.9334
1784775900000,0.22907,0.22907,0.22634,0.22798,1177.0,2682.8757
1784775960000,0.22791,0.22822,0.22483,0.22483,2414.0,5496.7877
1784776020000,0.22491,0.22966,0.22487,0.22966,1525.0,3465.2719
1784776080000,0.22984,0.23306,0.22984,0.23059,4710.0,10917.7984
1784776140000,0.23112,0.23226,0.23083,0.23181,3776.0,8749.0886
1784776200000,0.23167,0.23174,0.2276,0.2307,13899.0,31801.0162
1784776260000,0.23072,0.23256,0.23002,0.23178,4763.0,10988.9111
1784776320000,0.23161,0.23368,0.23161,0.23299,1692.0,3942.3778
1784776380000,0.23318,0.23453,0.23283,0.23306,2734.0,6382.3804
1784776440000,0.23318,0.23483,0.23263,0.23391,9505.0,22176.8766
1784776500000,0.23378,0.23378,0.23215,0.23369,2006.0,4678.8823
1784776560000,0.23375,0.23474,0.23348,0.23385,1145.0,2679.2731
1784776620000,0.23357,0.235,0.23357,0.235,1911.0,4484.2279
1784776680000,0.23472,0.23518,0.23424,0.23518,498.0,1168.429
1784776740000,0.23509,0.23644,0.23509,0.23559,1906.0,4495.4274
1784776800000,0.23604,0.24036,0.23604,0.23863,11589.0,27685.106
1784776860000,0.23892,0.23962,0.23749,0.23825,1453.0,3471.1197
1784776920000,0.23842,0.24139,0.23842,0.24029,1502.0,3613.5705
1784776980000,0.24047,0.24086,0.23888,0.23994,484.0,1161.1992
1784777040000,0.24002,0.24047,0.23947,0.24017,533.0,1279.5765
1784777100000,0.24086,0.24722,0.24066,0.24292,22473.0,55068.8599
1784777160000,0.24318,0.24418,0.24226,0.24377,6018.0,14651.3746
1784777220000,0.24392,0.24728,0.24392,0.24578,2858.0,7014.8567
1784777280000,0.24572,0.24582,0.24471,0.24525,2155.0,5285.8766
1784777340000,0.24554,0.24554,0.24349,0.24396,4707.0,11509.0088
1784777400000,0.24439,0.24529,0.24312,0.24379,849.0,2074.7797
1784777460000,0.24384,0.24426,0.24253,0.243,1598.0,3886.8599
1784777520000,0.24318,0.24433,0.2427,0.24304,927.0,2257.0435
1784777580000,0.24341,0.24615,0.24341,0.24467,1426.0,3499.9154
1784777640000,0.24443,0.24615,0.24443,0.246,565.0,1387.0995
1784777700000,0.246,0.2462,0.24383,0.244,947.0,2321.4332
1784777760000,0.24383,0.24585,0.24383,0.24585,1477.0,3610.3785
1784777820000,0.24617,0.24806,0.24379,0.24461,1406.0,3464.5205
1784777880000,0.24458,0.24502,0.24221,0.24403,790.0,1926.8845
1784777940000,0.24357,0.244,0.24288,0.24288,1525.0,3714.2036
1784778000000,0.24313,0.24666,0.24302,0.24482,2005.0,4903.972
1784778060000,0.24488,0.24688,0.24456,0.24497,2691.0,6612.4198
1784778120000,0.24547,0.24557,0.2441,0.24481,849.0,2076.9538
1784778180000,0.2448,0.24549,0.24388,0.24391,1131.0,2766.9996
1784778240000,0.24392,0.24437,0.24194,0.242,1503.0,3658.8368
1784778300000,0.24231,0.24235,0.23848,0.23983,15510.0,37168.1884
1784778360000,0.24022,0.24031,0.23478,0.23497,15802.0,37319.1935
1784778420000,0.23485,0.23593,0.23229,0.23255,7195.0,16864.979
1784778480000,0.2326,0.2352,0.23249,0.23407,6571.0,15363.6787
1784778540000,0.23344,0.23344,0.2318,0.23257,2228.0,5176.8759
1784778600000,0.23218,0.23769,0.23207,0.23593,8049.0,19004.8318
1784778660000,0.23593,0.23744,0.23517,0.23656,2016.0,4765.9732
1784778720000,0.23655,0.23782,0.23541,0.23557,4145.0,9835.1881
1784778780000,0.23586,0.23739,0.23586,0.23739,457.0,1082.9481
1784778840000,0.2371,0.2404,0.23662,0.23676,9676.0,23181.3401
1784778900000,0.23686,0.2395,0.23342,0.23919,22469.0,53041.3476
1784778960000,0.23933,0.2394,0.23743,0.23814,1152.0,2743.8522
1784779020000,0.23782,0.23934,0.23782,0.2389,2956.0,7060.3691
1784779080000,0.23904,0.23904,0.23786,0.23786,3250.0,7751.4058
1784779140000,0.23824,0.23913,0.23813,0.23875,472.0,1127.0623
1784779200000,0.23861,0.24052,0.23729,0.23851,1212.0,2893.726
1784779260000,0.23818,0.23831,0.23449,0.23522,1953.0,4618.3118
1784779320000,0.23513,0.2367,0.23386,0.23411,4788.0,11231.5545
1784779380000,0.23433,0.23628,0.23301,0.23628,5198.0,12170.4728
1784779440000,0.23635,0.23655,0.2352,0.23603,2764.0,6520.8655
1784779500000,0.23552,0.23937,0.23548,0.23937,3124.0,7449.4363
1784779560000,0.23928,0.23928,0.23678,0.23822,697.0,1658.2446
1784779620000,0.23805,0.23817,0.23535,0.23756,4918.0,11613.9406
1784779680000,0.23763,0.23772,0.23378,0.23378,2735.0,6437.5416
1784779740000,0.23387,0.23633,0.23387,0.23564,2327.0,5478.1029
1784779800000,0.23565,0.2361,0.23364,0.23422,2252.0,5281.1165
1784779860000,0.23433,0.2346,0.23239,0.23255,1632.0,3807.9725
1784779920000,0.23246,0.23248,0.23077,0.23154,902.0,2088.4443
1784779980000,0.23135,0.2314,0.22613,0.22954,7118.0,16276.4654
1784780040000,0.22954,0.22982,0.22837,0.22939,2893.0,6633.2961
1784780100000,0.22903,0.23337,0.2285,0.23308,6514.0,15052.3227
1784780160000,0.23257,0.23257,0.23056,0.23112,8234.0,19062.8396
1784780220000,0.23091,0.23119,0.22861,0.23078,2588.0,5951.0521
1784780280000,0.23107,0.23143,0.22988,0.23014,771.0,1779.8143
1784780340000,0.2306,0.23234,0.2306,0.23164,1150.0,2665.4537
1784780400000,0.23193,0.23272,0.23178,0.23178,639.0,1483.3729
1784780460000,0.23201,0.2358,0.23201,0.23539,1407.0,3303.0144
1784780520000,0.2345,0.2345,0.23261,0.23317,305.0,711.0251
1784780580000,0.23343,0.23344,0.23141,0.23241,434.0,1008.0594
1784780640000,0.23344,0.23344,0.23063,0.23063,814.0,1892.9628
1784780700000,0.23096,0.23306,0.23096,0.23219,212.0,491.6442
1784780760000,0.23226,0.23378,0.23226,0.23268,455.0,1060.7906
1784780820000,0.23331,0.23349,0.23278,0.23278,205.0,477.8697
1784780880000,0.23306,0.23306,0.23081,0.23081,487.0,1130.0917
1784780940000,0.23124,0.23124,0.22971,0.23048,4318.0,9934.2629
1784781000000,0.23118,0.23158,0.23019,0.23033,274.0,633.0207
1784781060000,0.23058,0.2316,0.23058,0.23099,474.0,1095.3464
1784781120000,0.23102,0.23316,0.23102,0.23238,766.0,1779.5447
1784781180000,0.23263,0.23385,0.23193,0.23354,110.0,255.9571
1784781240000,0.23343,0.23347,0.23306,0.23311,559.0,1303.7112
1784781300000,0.23276,0.23381,0.23247,0.23373,198.0,462.4674
1784781360000,0.2341,0.23503,0.23326,0.234,4289.0,10023.8532
1784781420000,0.23392,0.23517,0.23392,0.23495,2870.0,6721.4685
1784781480000,0.23517,0.23518,0.23289,0.23337,1305.0,3055.5575
1784781540000,0.23362,0.23399,0.23322,0.23347,423.0,988.4322
1784781600000,0.23357,0.23455,0.23238,0.23287,5990.0,13980.3751
1784781660000,0.23279,0.23432,0.23272,0.2339,1799.0,4205.7446
1784781720000,0.23392,0.2352,0.23392,0.23449,408.0,957.7437
1784781780000,0.23443,0.23443,0.2322,0.23355,3302.0,7682.4533
1784781840000,0.23383,0.23386,0.23272,0.23281,293.0,683.86
1784781900000,0.23304,0.23456,0.23304,0.23451,898.0,2101.1351
1784781960000,0.23432,0.23511,0.23373,0.23373,728.0,1707.0388
1784782020000,0.23437,0.23495,0.23426,0.23495,445.0,1044.313
1784782080000,0.23506,0.23512,0.23405,0.23424,474.0,1111.6432
1784782140000,0.23439,0.23486,0.2342,0.23432,296.0,694.1084
1784782200000,0.23447,0.23585,0.23447,0.23531,1028.0,2417.0067
1784782260000,0.23529,0.23532,0.23371,0.23456,1250.0,2934.7002
1784782320000,0.23461,0.23471,0.23146,0.23256,4476.0,10391.4747
1784782380000,0.23275,0.23314,0.23061,0.23243,5973.0,13813.233
1784782440000,0.23302,0.23302,0.23109,0.23125,770.0,1782.8111
1784782500000,0.23114,0.23367,0.23114,0.23326,1243.0,2884.5309
1784782560000,0.23351,0.23486,0.2335,0.23432,3860.0,9030.3965
1784782620000,0.23499,0.23499,0.23423,0.23453,411.0,964.2835
1784782680000,0.23439,0.23506,0.23418,0.23472,819.0,1921.3952
1784782740000,0.23503,0.23503,0.23382,0.23429,248.0,581.4174
1784782800000,0.23454,0.23454,0.23056,0.23066,6340.0,14691.4391
1784782860000,0.23057,0.232,0.22929,0.23054,8698.0,20044.565
1784782920000,0.23055,0.23204,0.23036,0.23174,1650.0,3817.5791
1784782980000,0.23155,0.23462,0.23155,0.23397,3610.0,8451.0613
1784783040000,0.23417,0.23431,0.23317,0.23371,2346.0,5488.3699
1784783100000,0.23377,0.23381,0.23208,0.23355,1497.0,3490.6715
1784783160000,0.23337,0.23337,0.23212,0.23281,971.0,2258.8836
1784783220000,0.23308,0.2343,0.23308,0.23403,622.0,1454.8135
1784783280000,0.23381,0.23471,0.23344,0.23411,987.0,2311.4112
1784783340000,0.23405,0.23408,0.23244,0.23257,1115.0,2597.7893
1784783400000,0.23259,0.2326,0.2302,0.23051,1670.0,3854.0982
1784783460000,0.23061,0.23159,0.23047,0.23103,793.0,1831.6836
1784783520000,0.2311,0.2328,0.2311,0.23203,290.0,672.7396
1784783580000,0.23198,0.23215,0.23102,0.23152,143.0,331.2754
1784783640000,0.23169,0.23174,0.22982,0.23083,1346.0,3100.9397
1784783700000,0.23108,0.23148,0.23029,0.23045,337.0,777.5036
1784783760000,0.23049,0.23111,0.23049,0.23104,652.0,1504.7492
1784783820000,0.23105,0.23227,0.23105,0.23207,717.0,1661.3779
1784783880000,0.23146,0.23253,0.23146,0.23228,246.0,571.0629
1784783940000,0.23222,0.2323,0.23177,0.23185,122.0,283.0629
1784784000000,0.23182,0.23269,0.23176,0.23256,912.0,2117.4872
1784784060000,0.23239,0.23261,0.23033,0.23073,1267.0,2923.2118
1784784120000,0.23171,0.23171,0.23024,0.23024,361.0,833.773
1784784180000,0.22995,0.23039,0.22933,0.23017,2421.0,5565.5626
1784784240000,0.23046,0.23139,0.22953,0.22953,615.0,1418.9406
1784784300000,0.22989,0.23099,0.22989,0.23076,625.0,1441.3044
1784784360000,0.23061,0.23068,0.22925,0.22933,572.0,1315.9111
1784784420000,0.22932,0.23099,0.22751,0.23041,4705.0,10751.8731
1784784480000,0.2311,0.23127,0.22998,0.23057,696.0,1605.165
1784784540000,0.23021,0.231,0.23001,0.23011,414.0,954.1978
1784784600000,0.23063,0.2335,0.23048,0.23279,1786.0,4147.255
1784784660000,0.23274,0.23364,0.23246,0.23311,737.0,1717.6395
1784784720000,0.23303,0.23398,0.23289,0.23373,1514.0,3536.3337
1784784780000,0.23367,0.23382,0.23297,0.23297,268.0,625.3143
1784784840000,0.23344,0.23416,0.23256,0.23256,698.0,1628.7814
1784784900000,0.23272,0.23342,0.23272,0.23314,58.0,135.05
1784784960000,0.23222,0.23417,0.23222,0.23417,341.0,794.9269
1784785020000,0.23418,0.2371,0.23413,0.2364,2881.0,6783.7293
1784785080000,0.23625,0.23656,0.23555,0.23656,606.0,1431.6647
1784785140000,0.23698,0.23703,0.2347,0.23546,1053.0,2480.9497
1784785200000,0.23522,0.23529,0.23348,0.2348,2494.0,5848.5747
1784785260000,0.23481,0.23591,0.23481,0.23551,130.0,306.0104
1784785320000,0.23554,0.23696,0.23541,0.23683,333.0,786.934
1784785380000,0.23681,0.23688,0.2359,0.23673,2584.0,6106.6379
1784785440000,0.2363,0.23631,0.23507,0.23587,579.0,1363.6308
1784785500000,0.23571,0.2372,0.23527,0.2372,371.0,877.1103
1784785560000,0.23684,0.23713,0.23664,0.23666,589.0,1395.7414
1784785620000,0.23642,0.23799,0.23642,0.23665,2095.0,4974.7107
1784785680000,0.23673,0.23673,0.23556,0.23632,445.0,1050.9434
1784785740000,0.23658,0.23707,0.2364,0.23657,856.0
1784785800000,0.23702,0.23758,0.23684,0.23753,1639.0
1784785860000,0.23735,0.23741,0.23634,0.2367,2307.0
1784785920000,0.23684,0.23877,0.23668,0.23785,1018.0
1784785980000,0.23811,0.23892,0.23811,0.23892,722.0
1784786040000,0.23885,0.24556,0.23821,0.24338,16298.0
1784786100000,0.24334,0.24469,0.2416,0.24305,10218.0
1784786160000,0.24327,0.24714,0.24327,0.24559,3227.0
1784786220000,0.24548,0.24651,0.24515,0.24592,1684.0
1784786280000,0.24592,0.24601,0.24435,0.24487,2638.0
1784786340000,0.24505,0.24582,0.24505,0.24543,218.0
1784786400000,0.24559,0.2475,0.24492,0.24503,11961.0
1784786460000,0.24503,0.24514,0.2418,0.24332,16379.0
1784786520000,0.24334,0.2434,0.24185,0.24234,2580.0
1784786580000,0.24274,0.2428,0.24158,0.2416,7233.0
1784786640000,0.2415,0.24157,0.24,0.24064,6391.0
1784786700000,0.24058,0.24133,0.24003,0.241,1214.0
1784786760000,0.2413,0.24132,0.23905,0.23915,3880.0
1784786820000,0.23936,0.23984,0.23882,0.23949,5578.0
1784786880000,0.23977,0.2416,0.23977,0.24063,4673.0
1784786940000,0.24068,0.24087,0.24037,0.24048,2748.0
1784787000000,0.24063,0.24102,0.23972,0.24044,921.0
1784787060000,0.24062,0.24207,0.24025,0.24105,2717.0
1784787120000,0.24113,0.24113,0.2405,0.2405,1923.0
1784787180000,0.24065,0.24107,0.2405,0.24085,252.0
1784787240000,0.24111,0.24111,0.24067,0.24084,266.0
1784787300000,0.24124,0.2427,0.24054,0.24054,4169.0
1784787360000,0.24087,0.24179,0.24073,0.24179,455.0
1784787420000,0.24211,0.24307,0.24187,0.24203,933.0
1784787480000,0.24205,0.24416,0.24172,0.24377,5128.0
1784787540000,0.24376,0.24395,0.24299,0.24299,467.0
1784787600000,0.24339,0.24383,0.2428,0.2428,1611.0
1784787660000,0.24279,0.2435,0.24259,0.2435,515.0
1784787720000,0.24342,0.24353,0.24036,0.24194,3052.0
1784787780000,0.24218,0.24315,0.24218,0.24236,759.0
1784787840000,0.2424,0.24295,0.24238,0.24294,2504.0
1784787900000,0.24331,0.24395,0.24135,0.24155,1415.0
1784787960000,0.24153,0.24193,0.23956,0.24193,2252.0
1784788020000,0.24175,0.24198,0.23892,0.23906,2398.0
1784788080000,0.23924,0.23997,0.23873,0.23931,1972.0
1784788140000,0.2393,0.23982,0.2393,0.23959,310.0
1784788200000,0.23982,0.24033,0.23956,0.24033,3445.0
1784788260000,0.24055,0.24139,0.2402,0.24056,4498.0
1784788320000,0.24072,0.24248,0.24072,0.24212,732.0
1784788380000,0.24181,0.24263,0.24165,0.24263,1448.0
1784788440000,0.24242,0.24276,0.24182,0.24224,1178.0
1784788500000,0.2417,0.24195,0.24079,0.24079,1258.0
1784788560000,0.2408,0.24095,0.23953,0.24024,1342.0
1784788620000,0.24092,0.24246,0.24092,0.24216,676.0
1784788680000,0.24227,0.2438,0.24227,0.2424,6771.0
1784788740000,0.24232,0.24247,0.2413,0.24142,1743.0
1784788800000,0.24165,0.2418,0.23989,0.23989,2677.0
1784788860000,0.24,0.24079,0.23977,0.24008,1396.0
1784788920000,0.24029,0.24213,0.24023,0.24155,5463.0
1784788980000,0.24154,0.2421,0.24087,0.24179,3695.0
1784789040000,0.24213,0.2443,0.24182,0.24375,8564.0
1784789100000,0.24372,0.24428,0.24239,0.243,1982.0
1784789160000,0.24326,0.24391,0.24163,0.24163,1926.0
1784789220000,0.24184,0.24198,0.24026,0.24083,10726.0
1784789280000,0.24083,0.24223,0.23974,0.24223,4960.0
1784789340000,0.24228,0.24253,0.24163,0.24239,669.0
1784789400000,0.24235,0.24236,0.24127,0.24173,2587.0
1784789460000,0.24207,0.24244,0.24163,0.24203,1758.0
1784789520000,0.24237,0.24275,0.24174,0.24181,550.0
1784789580000,0.24214,0.24215,0.24141,0.24159,2420.0
1784789640000,0.24167,0.24339,0.24162,0.24306,3110.0
1784789700000,0.24326,0.2433,0.24202,0.24202,538.0
1784789760000,0.24217,0.24246,0.24121,0.24154,515.0
1784789820000,0.24165,0.24173,0.24096,0.2412,3241.0
1784789880000,0.24131,0.24141,0.24007,0.24113,3614.0
1784789940000,0.24129,0.24129,0.24008,0.24028,470.0
1784790000000,0.24029,0.24068,0.24,0.24022,2948.0
1784790060000,0.24015,0.24101,0.23963,0.24039,1873.0
1784790120000,0.2404,0.24101,0.24008,0.24076,801.0
1784790180000,0.24087,0.24214,0.24087,0.24214,3954.0
1784790240000,0.24212,0.24297,0.24212,0.24281,661.0
1784790300000,0.24197,0.24277,0.24168,0.2427,1045.0
1784790360000,0.24238,0.24261,0.24212,0.24212,272.0
1784790420000,0.24214,0.24291,0.24203,0.24291,1601.0
1784790480000,0.24293,0.24386,0.24293,0.2436,2427.0
1784790540000,0.24362,0.24445,0.24347,0.24418,6147.0
1784790600000,0.24462,0.25412,0.24419,0.24916,21253.0
1784790660000,0.24933,0.24951,0.24754,0.24754,4511.0
1784790720000,0.24766,0.24938,0.24761,0.24827,2687.0
1784790780000,0.24836,0.24873,0.2463,0.247,1770.0
1784790840000,0.24761,0.24787,0.24665,0.24752,2472.0
1784790900000,0.24751,0.25122,0.24751,0.24973,13629.0
1784790960000,0.25006,0.25055,0.24949,0.24953,3818.0
1784791020000,0.25004,0.25035,0.24812,0.249,4965.0
1784791080000,0.24893,0.25042,0.24893,0.24966,5083.0
1784791140000,0.24969,0.25001,0.24888,0.24965,2407.0
1784791200000,0.25009,0.25092,0.24943,0.24973,12802.0
1784791260000,0.24972,0.24977,0.24872,0.24916,5586.0
1784791320000,0.24892,0.24903,0.24744,0.24796,3582.0
1784791380000,0.24823,0.25005,0.24801,0.25005,583.0
1784791440000,0.2496,0.25006,0.2496,0.24971,1394.0
1784791500000,0.24993,0.25315,0.24993,0.2529,40920.0
1784791560000,0.2529,0.2529,0.24976,0.24989,28787.0
1784791620000,0.24991,0.25021,0.24945,0.24976,227.0
1784791680000,0.24965,0.24975,0.24892,0.24975,547.0
1784791740000,0.24955,0.24955,0.24837,0.24855,5269.0
1784791800000,0.24881,0.24995,0.2458,0.24699,8032.0
1784791860000,0.24714,0.24848,0.24714,0.24848,4516.0
1784791920000,0.2485,0.25091,0.2485,0.25021,5525.0
1784791980000,0.24966,0.24987,0.24783,0.24983,1208.0
1784792040000,0.24992,0.24992,0.24951,0.24951,363.0
1784792100000,0.24941,0.25064,0.24937,0.25058,3478.0
1784792160000,0.25047,0.251,0.24929,0.24994,6134.0
1784792220000,0.25013,0.251,0.25013,0.2504,2124.0
1784792280000,0.2505,0.25088,0.2505,0.25088,100.0
1784792340000,0.25,0.25044,0.24961,0.24961,1793.0
1784792400000,0.24969,0.24971,0.24826,0.24904,2592.0
1784792460000,0.2486,0.25,0.24817,0.2499,3701.0
1784792520000,0.25,0.25073,0.24846,0.24873,557.0
1784792580000,0.24833,0.24909,0.24713,0.24874,7207.0
1784792640000,0.24856,0.24856,0.24709,0.24749,2357.0
1784792700000,0.24778,0.24958,0.24778,0.2484,3535.0
1784792760000,0.24863,0.24959,0.24853,0.24886,3157.0
1784792820000,0.24895,0.2492,0.24844,0.24844,177.0
1784792880000,0.24855,0.24907,0.24826,0.24829,1499.0
1784792940000,0.24846,0.24861,0.24782,0.24785,1404.0
1784793000000,0.24795,0.24894,0.2479,0.24802,713.0
1784793060000,0.24792,0.2486,0.24787,0.24858,1357.0
1784793120000,0.2487,0.24881,0.24733,0.2476,1382.0
1784793180000,0.24763,0.24791,0.24682,0.24745,2927.0
1784793240000,0.24758,0.24785,0.24677,0.24743,781.0
1784793300000,0.24723,0.24873,0.2471,0.24872,2268.0
1784793360000,0.24895,0.24964,0.24893,0.24964,2205.0
1784793420000,0.24937,0.25003,0.24846,0.24922,4070.0
1784793480000,0.24915,0.24958,0.24835,0.24868,2125.0
1784793540000,0.24866,0.2493,0.24847,0.2493,343.0
1784793600000,0.24935,0.25118,0.24935,0.25018,6699.0
1784793660000,0.25045,0.25063,0.24834,0.24849,3593.0
1784793720000,0.24851,0.24972,0.24814,0.24972,665.0
1784793780000,0.24972,0.25073,0.2496,0.2502,4952.0
1784793840000,0.25029,0.25045,0.24965,0.24994,9178.0
1784793900000,0.24986,0.24986,0.24768,0.24863,6123.0
1784793960000,0.24876,0.24921,0.24831,0.24847,2780.0
1784794020000,0.2484,0.25033,0.24831,0.24964,4250.0
1784794080000,0.2497,0.25288,0.24969,0.25134,6852.0
1784794140000,0.25139,0.25157,0.24975,0.25037,836.0
1784794200000,0.25003,0.25008,0.24836,0.24893,2359.0
1784794260000,0.24921,0.2498,0.24921,0.2498,86.0
1784794320000,0.24978,0.25701,0.24978,0.25349,10953.0
1784794380000,0.25363,0.25408,0.25256,0.25281,9537.0
1784794440000,0.25297,0.25369,0.25277,0.25347,1116.0
1784794500000,0.25305,0.25507,0.25298,0.25411,7521.0
1784794560000,0.25383,0.25383,0.25269,0.25269,2770.0
1784794620000,0.25304,0.25344,0.2526,0.25264,1528.0
1784794680000,0.25261,0.25327,0.25188,0.25313,3419.0
1784794740000,0.25293,0.25298,0.25199,0.25213,2099.0
1784794800000,0.25188,0.2529,0.25185,0.2526,1203.0
1784794860000,0.25249,0.25273,0.25215,0.25215,451.0
1784794920000,0.25225,0.25251,0.25086,0.25192,18124.0
1784794980000,0.25196,0.253,0.25139,0.25211,2513.0
1784795040000,0.25181,0.25231,0.25144,0.25174,1232.0
1784795100000,0.25119,0.25119,0.24875,0.2491,8289.0
1784795160000,0.24917,0.24931,0.24725,0.24931,9256.0
1784795220000,0.24956,0.25013,0.24828,0.2484,1900.0
1784795280000,0.24808,0.24903,0.24694,0.24902,2322.0
1784795340000,0.24908,0.24991,0.24883,0.24883,5913.0
1784795400000,0.24904,0.2497,0.24885,0.2497,212.0
1784795460000,0.24954,0.24972,0.2485,0.24911,975.0
1784795520000,0.24834,0.24868,0.24716,0.24852,4012.0
1784795580000,0.24817,0.24974,0.24817,0.24974,572.0
1784795640000,0.2497,0.25058,0.2493,0.2505,1825.0
1784795700000,0.25066,0.25088,0.24961,0.24969,1807.0
1784795760000,0.24969,0.25047,0.24958,0.25005,412.0
1784795820000,0.25019,0.25163,0.25019,0.25073,1187.0
1784795880000,0.25077,0.25328,0.25073,0.25307,1429.0
1784795940000,0.25307,0.255,0.25267,0.25378,1694.0
1784796000000,0.25377,0.255,0.25377,0.25497,1824.0
1784796060000,0.25497,0.2587,0.25491,0.25808,7602.0
1784796120000,0.25799,0.25813,0.25627,0.25675,1088.0
1784796180000,0.25684,0.25684,0.25419,0.25455,1017.0
1784796240000,0.25495,0.25524,0.25443,0.25468,564.0
1784796300000,0.25472,0.25647,0.25465,0.25641,3061.0
1784796360000,0.2564,0.2587,0.25594,0.25777,3059.0
1784796420000,0.25775,0.25823,0.25697,0.25758,2548.0
1784796480000,0.25733,0.25733,0.25643,0.2571,196.0
1784796540000,0.25619,0.25803,0.25619,0.25803,545.0
1784796600000,0.2579,0.2585,0.25738,0.25796,1359.0
1784796660000,0.25771,0.25791,0.25704,0.25791,425.0
1784796720000,0.25781,0.25954,0.25739,0.25775,2922.0
1784796780000,0.25816,0.26,0.25811,0.25844,3415.0
1784796840000,0.25846,0.25861,0.25698,0.25741,840.0
1784796900000,0.25737,0.26,0.25597,0.25899,30931.0
1784796960000,0.25905,0.25905,0.25722,0.25734,2212.0
1784797020000,0.25732,0.25783,0.25639,0.25652,1804.0
1784797080000,0.25641,0.25659,0.25552,0.25552,623.0
1784797140000,0.2553,0.25586,0.25449,0.25546,1666.0
1784797200000,0.25575,0.25794,0.25575,0.25695,3163.0
1784797260000,0.25705,0.25938,0.25705,0.25908,1009.0
1784797320000,0.25899,0.25957,0.25854,0.25864,2372.0
1784797380000,0.25887,0.25968,0.25856,0.25944,341.0
1784797440000,0.25924,0.25924,0.25814,0.25876,324.0
1784797500000,0.25885,0.2591,0.25836,0.25877,1972.0
1784797560000,0.25852,0.25891,0.25743,0.25801,2209.0
1784803740000,0.25381,0.25387,0.25235,0.25252,842.0,2129.6481
1784803800000,0.25281,0.25315,0.25172,0.25251,11955.0,30170.9957
1784803860000,0.25241,0.25271,0.25118,0.25142,7126.0,17964.4375
1784803920000,0.25121,0.25231,0.25064,0.25231,4987.0,12548.6834
1784803980000,0.25207,0.25207,0.25033,0.2506,7792.0,19578.1235
1784804040000,0.2504,0.25092,0.24944,0.25045,6638.0,16626.8056
1784804100000,0.25024,0.25042,0.24962,0.24964,1476.0,3691.9864
1784804160000,0.24952,0.25183,0.24952,0.25138,2670.0,6687.9023
1784804220000,0.25139,0.25139,0.251,0.25134,878.0,2205.3579
1784804280000,0.2513,0.25274,0.2513,0.25232,542.0,1366.7449
1784804340000,0.25327,0.25346,0.25204,0.25234,1515.0,3831.2291
1784804400000,0.25293,0.25412,0.25172,0.25247,18031.0,45596.759
1784804460000,0.25259,0.2526,0.25095,0.25161,3926.0,9896.7699
1784804520000,0.25217,0.25217,0.25056,0.25118,957.0,2404.473
1784804580000,0.25116,0.25211,0.25116,0.25185,1127.0,2834.9515
1784804640000,0.25159,0.25283,0.25143,0.25252,1209.0,3049.2387
1784804700000,0.25267,0.25267,0.25036,0.25098,2265.0,5685.9687
1784804760000,0.25103,0.25131,0.25058,0.25085,347.0,871.2089
1784804820000,0.25073,0.25239,0.25073,0.25239,1853.0,4667.4891
1784804880000,0.25252,0.25439,0.25252,0.25354,1525.0,3865.8601
1784804940000,0.25375,0.2559,0.25368,0.25441,9623.0,24536.5577
1784805000000,0.25452,0.25452,0.25237,0.25311,2092.0,5300.4378
1784805060000,0.25353,0.25374,0.25291,0.25311,87.0,220.2448
1784805120000,0.25293,0.25406,0.25293,0.25358,749.0,1898.079
1784805180000,0.25338,0.25455,0.25338,0.25441,2811.0,7143.8082
1784805240000,0.25454,0.25454,0.25373,0.25417,912.0,2317.1699
1784805300000,0.25417,0.25417,0.25216,0.25255,1724.0,4357.5927
1784805360000,0.25313,0.25349,0.25281,0.25294,606.0,1533.7346
1784805420000,0.25309,0.25329,0.25216,0.25285,1285.0,3244.3979
1784805480000,0.25294,0.25419,0.25254,0.25261,1903.0,4820.2914
1784805540000,0.25305,0.25347,0.25269,0.25319,692.0,1751.8503
1784805600000,0.2531,0.25329,0.25154,0.25202,1938.0,4884.9803
1784805660000,0.25219,0.25338,0.25219,0.25295,1061.0,2682.3094
1784805720000,0.25329,0.25408,0.25323,0.25392,386.0,978.3563
1784805780000,0.25384,0.25384,0.25238,0.25238,1423.0,3605.3972
1784805840000,0.25276,0.25276,0.25164,0.25187,4736.0,11934.7959
1784805900000,0.25199,0.25346,0.25199,0.25243,1112.0,2810.5251
1784805960000,0.25275,0.25324,0.25217,0.25236,7656.0,19335.0283
1784806020000,0.25254,0.2534,0.2523,0.25285,4088.0,10342.2233
1784806080000,0.25287,0.25444,0.25287,0.25354,10012.0,25424.458
1784806140000,0.25401,0.25414,0.2533,0.25358,1851.0,4696.1584
1784806200000,0.2537,0.25385,0.25176,0.252,1288.0,3250.908
1784806260000,0.2519,0.25199,0.25074,0.25154,993.0,2497.2794
1784806320000,0.25151,0.2519,0.24692,0.24801,11863.0,29517.0339
1784806380000,0.24791,0.25055,0.24758,0.25036,4791.0,11940.5456
1784806440000,0.25041,0.2505,0.24893,0.24948,2661.0,6647.1419
1784806500000,0.24892,0.24929,0.24797,0.24893,1290.0,3208.1715
1784806560000,0.24909,0.25161,0.24909,0.25028,3614.0,9058.4538
1784806620000,0.24967,0.25204,0.24965,0.25117,2599.0,6540.5463
1784806680000,0.2513,0.25143,0.24998,0.24998,1742.0,4372.1521
1784806740000,0.25024,0.25043,0.24952,0.25029,431.0,1076.9242
1784806800000,0.25046,0.25094,0.2494,0.24989,662.0,1656.2754
1784806860000,0.24993,0.25129,0.24993,0.2505,1132.0,2839.0627
1784806920000,0.25087,0.25379,0.25087,0.25249,2477.0,6263.681
1784806980000,0.25278,0.25278,0.25213,0.25275,439.0,1107.7816
1784807040000,0.25275,0.25347,0.2524,0.25347,2904.0,7345.0388
1784807100000,0.25343,0.25368,0.25166,0.25176,3409.0,8594.8084
1784807160000,0.25196,0.25272,0.25168,0.25192,2982.0,7521.7026
1784807220000,0.25201,0.25453,0.25201,0.25206,3933.0,9967.3228
1784807280000,0.25213,0.25259,0.25113,0.25156,576.0,1451.8902
1784807340000,0.25164,0.25164,0.24991,0.25026,750.0,1875.6196
1784807400000,0.25024,0.25102,0.25024,0.25086,1288.0,3227.4882
1784807460000,0.25118,0.25294,0.25118,0.25264,709.0,1789.6331
1784807520000,0.253,0.25383,0.25243,0.25272,2602.0,6590.3455
1784807580000,0.25259,0.25303,0.25226,0.25262,1371.0,3465.5409
1784807640000,0.25269,0.25294,0.25223,0.2524,528.0,1334.7616
1784807700000,0.25237,0.25237,0.25103,0.25207,5371.0,13528.5532
1784807760000,0.25225,0.25226,0.25158,0.2521,1004.0,2528.1554
1784807820000,0.2526,0.25327,0.25259,0.25319,234.0,591.5426
1784807880000,0.2535,0.25448,0.25225,0.25225,2431.0,6171.7316
1784807940000,0.25284,0.25327,0.25243,0.25243,1373.0,3470.2058
1784808000000,0.25259,0.25416,0.25239,0.25416,7224.0,18312.8944
1784808060000,0.25431,0.2554,0.25387,0.2547,8615.0,21949.5813
1784808120000,0.25454,0.25938,0.25442,0.25544,25229.0,64802.0329
1784808180000,0.25569,0.26514,0.25569,0.25853,27815.0,72183.1201
1784808240000,0.25853,0.25995,0.257,0.25924,8448.0,21854.7669
1784808300000,0.25922,0.26503,0.25855,0.26287,6822.0,17993.8475
1784808360000,0.26247,0.26247,0.25991,0.26014,7033.0,18355.9672
1784808420000,0.26013,0.26049,0.25655,0.25727,12163.0,31351.8148
1784808480000,0.25756,0.26236,0.25679,0.259,6196.0,16103.9797
1784808540000,0.25911,0.25911,0.25746,0.25835,4290.0,11077.1476
1784808600000,0.25822,0.25824,0.25641,0.2575,2996.0,7698.1348
1784808660000,0.25753,0.2588,0.25731,0.25825,1168.0,3012.6695
1784808720000,0.25795,0.25832,0.25684,0.25753,741.0,1907.2067
1784808780000,0.25683,0.25683,0.25245,0.254,6339.0,16072.895
1784808840000,0.25503,0.25529,0.25339,0.25339,1640.0,4178.3676
1784808900000,0.25359,0.25575,0.25324,0.25575,1198.0,3043.0699
1784808960000,0.25553,0.25609,0.25296,0.25609,2218.0,5655.1921
1784809020000,0.2558,0.25651,0.25409,0.25593,2439.0,6229.819
1784809080000,0.25613,0.25613,0.25373,0.25427,792.0,2021.3214
1784809140000,0.25469,0.25568,0.25417,0.25568,4562.0,11630.5004
1784809200000,0.25518,0.25518,0.2533,0.25452,1326.0,3363.2185
1784809260000,0.25464,0.25464,0.25336,0.25387,627.0,1593.6733
1784809320000,0.25394,0.25715,0.25394,0.25546,1542.0,3944.8734
1784809380000,0.25569,0.25677,0.25423,0.25434,913.0,2332.6783
1784809440000,0.25443,0.25575,0.25418,0.25523,3561.0,9099.6132
1784809500000,0.25548,0.25548,0.2536,0.25413,488.0,1240.3178
1784809560000,0.25427,0.2549,0.25343,0.25406,609.0,1547.3306
1784809620000,0.2538,0.25386,0.2527,0.25274,1333.0,3377.6673
1784809680000,0.25295,0.25448,0.25295,0.2532,983.0,2493.3653
1784809740000,0.25305,0.25308,0.25106,0.2521,8125.0,20440.466
1784809800000,0.25247,0.25373,0.25212,0.25295,412.0,1042.4853
1784809860000,0.25323,0.25413,0.25239,0.25326,3053.0,7738.8089
1784809920000,0.25304,0.25351,0.25251,0.25335,1033.0,2615.9339
1784809980000,0.25302,0.25325,0.25259,0.25267,396.0,1001.5225
1784810040000,0.2524,0.25306,0.25099,0.2524,2644.0,6662.801
1784810100000,0.25262,0.25262,0.25044,0.25143,3690.0,9266.8422
1784810160000,0.25146,0.25245,0.2514,0.2519,2348.0,5918.9441
1784810220000,0.25244,0.2532,0.25198,0.25271,889.0,2247.7528
1784810280000,0.25265,0.25411,0.2525,0.25396,1329.0,3370.7125
1784810340000,0.25418,0.25536,0.25351,0.25489,4548.0,11578.8416
1784810400000,0.255,0.25647,0.255,0.25542,1789.0,4575.1196
1784810460000,0.25548,0.2557,0.25422,0.25496,1996.0,5084.1758
1784810520000,0.25481,0.25491,0.25246,0.25338,1959.0,4964.7772
1784810580000,0.25334,0.25412,0.25197,0.25198,1172.0,2966.5207
1784810640000,0.25211,0.25351,0.25211,0.25294,554.0,1401.5401
1784810700000,0.25256,0.25306,0.2518,0.25257,1339.0,3383.3759
1784810760000,0.25196,0.25241,0.24828,0.25147,15084.0,37875.4812
1784810820000,0.25165,0.25165,0.25027,0.25091,1809.0,4534.0076
1784810880000,0.25071,0.25109,0.2498,0.25017,1186.0,2969.0004
1784810940000,0.25051,0.25217,0.25051,0.251,3009.0,7567.103
1784811000000,0.25113,0.25455,0.25113,0.25352,5194.0,13153.5671
1784811060000,0.25347,0.255,0.25312,0.25448,4964.0,12638.7303
1784811120000,0.25425,0.255,0.25386,0.25447,2109.0,5364.0555
1784811180000,0.25442,0.255,0.25441,0.255,2658.0,6777.126
1784811240000,0.2551,0.25579,0.25459,0.25483,1331.0,3398.2595
1784811300000,0.2551,0.25548,0.2549,0.25545,493.0,1258.7589
1784811360000,0.25565,0.25587,0.25479,0.2558,3681.0,9401.3144
1784811420000,0.25583,0.25646,0.25542,0.2558,1590.0,4068.9271
1784811480000,0.25607,0.25975,0.25585,0.25975,10920.0,28202.2356
1784811540000,0.25972,0.25974,0.25826,0.25849,2678.0,6929.5622
1784811600000,0.25881,0.25939,0.2573,0.25921,1291.0,3338.2267
1784811660000,0.25904,0.26157,0.25861,0.26002,6920.0,18058.4416
1784811720000,0.26026,0.26105,0.26019,0.26063,2133.0,5560.7185
1784811780000,0.2607,0.2607,0.25958,0.26041,2211.0,5753.8681
1784811840000,0.26018,0.26061,0.25834,0.25899,3529.0,9148.3243
1784811900000,0.25869,0.25984,0.25869,0.25984,737.0,1909.9442
1784811960000,0.26,0.26102,0.25981,0.26095,3004.0,7828.1829
1784812020000,0.26073,0.2632,0.26061,0.26172,3667.0,9612.0015
1784812080000,0.2608,0.26103,0.2568,0.25839,7147.0,18547.2576
1784812140000,0.25868,0.25919,0.25571,0.25597,4366.0,11227.3349
1784812200000,0.25661,0.25727,0.25522,0.2554,2643.0,6778.7253
1784812260000,0.25529,0.2559,0.25467,0.255,1753.0,4471.0018
1784812320000,0.25506,0.25719,0.25489,0.25643,5219.0,13382.4515
1784812380000,0.25651,0.25724,0.25601,0.25601,3713.0,9532.1327
1784812440000,0.25567,0.25657,0.25551,0.25657,555.0,1421.191
1784812500000,0.25637,0.25637,0.255,0.25544,2455.0,6274.7024
1784812560000,0.25568,0.25577,0.25484,0.25484,1003.0,2557.8812
1784812620000,0.25516,0.25582,0.25485,0.25538,728.0,1857.9939
1784812680000,0.25553,0.25553,0.25485,0.25524,1236.0,3152.8482
1784812740000,0.25546,0.25546,0.2535,0.2547,6767.0,17182.5061
1784812800000,0.2547,0.25471,0.25418,0.25467,2412.0,6140.0661
1784812860000,0.25469,0.25473,0.25312,0.25394,4253.0,10797.8072
1784812920000,0.25418,0.25429,0.25319,0.25412,2529.0,6419.8729
1784812980000,0.25389,0.25583,0.25341,0.25532,2555.0,6521.0533
1784813040000,0.25518,0.25518,0.25361,0.25412,1137.0,2892.4589
1784813100000,0.25372,0.25383,0.25262,0.25345,3061.0,7756.6135
1784813160000,0.2539,0.25454,0.25249,0.25418,2572.0,6507.6256
1784813220000,0.25468,0.25468,0.25284,0.25284,373.0,944.2515
1784813280000,0.2531,0.25338,0.2527,0.2527,426.0,1077.7741
1784813340000,0.25276,0.253,0.25227,0.25227,499.0,1259.8378
1784813400000,0.25222,0.25301,0.25222,0.25301,479.0,1211.0593
1784813460000,0.25221,0.25277,0.25175,0.25258,1580.0,3985.2705
1784813520000,0.253,0.25611,0.25277,0.25574,2085.0,5318.7293
1784813580000,0.25566,0.2563,0.25494,0.25578,1085.0,2774.1838
1784813640000,0.25477,0.25504,0.25429,0.25487,537.0,1368.8737
1784813700000,0.25498,0.25576,0.25463,0.25463,1543.0,3934.8812
1784813760000,0.255,0.25636,0.255,0.256,1326.0,3394.0071
1784813820000,0.25598,0.25598,0.25528,0.25528,91.0,232.4754
1784813880000,0.25564,0.256,0.25534,0.2557,2628.0,6724.8093
1784813940000,0.25539,0.2556,0.2542,0.25458,901.0,2298.7095
1784814000000,0.25416,0.25483,0.25228,0.25482,5103.0,12941.147
1784814060000,0.255,0.25559,0.25485,0.25526,2609.0,6660.4729
1784814120000,0.25595,0.25625,0.25549,0.25549,696.0,1782.4069
1784814180000,0.25511,0.25646,0.25511,0.25606,589.0,1507.7735
1784814240000,0.25589,0.26002,0.25537,0.25635,10963.0,28224.2426
1784814300000,0.25632,0.25692,0.25574,0.25623,812.0,2082.7871
1784814360000,0.25622,0.25734,0.25622,0.25626,249.0,639.1678
1784814420000,0.25628,0.25721,0.25626,0.25694,225.0,577.5294
1784814480000,0.25709,0.25709,0.25606,0.25655,2167.0,5555.0542
1784814540000,0.25689,0.25754,0.25638,0.25708,3218.0,8268.3765
1784814600000,0.25699,0.25704,0.25637,0.2566,4954.0,12716.4465
1784814660000,0.25657,0.25662,0.25577,0.25591,1158.0,2965.361
1784814720000,0.25582,0.25654,0.25473,0.25473,983.0,2514.5643
1784814780000,0.25492,0.25537,0.25317,0.2536,2934.0,7442.8561
1784814840000,0.25358,0.25504,0.25341,0.25504,1258.0,3201.0648
1784814900000,0.25533,0.25602,0.2547,0.2547,275.0,702.1262
1784814960000,0.25345,0.25473,0.25344,0.25469,388.0,985.1549
1784815020000,0.25533,0.25543,0.25477,0.25524,792.0,2020.9073
1784815080000,0.25515,0.25515,0.25422,0.25458,193.0,491.5091
1784815140000,0.2544,0.25638,0.25429,0.25622,373.0,953.7354
1784815200000,0.25694,0.25756,0.25474,0.25519,1583.0,4063.2729
1784815260000,0.25541,0.25629,0.25519,0.2557,475.0,1214.754
1784815320000,0.25585,0.25619,0.25546,0.25546,604.0,1546.1914
1784815380000,0.25557,0.25714,0.25514,0.25603,1841.0,4705.0605
1784815440000,0.25556,0.25623,0.25546,0.25546,189.0,483.387
1784815500000,0.25517,0.25551,0.25455,0.25455,732.0,1866.5442
1784815560000,0.25455,0.25455,0.25327,0.25384,633.0,1606.675
1784815620000,0.25387,0.25409,0.25285,0.25334,1050.0,2659.2182
1784815680000,0.25354,0.25431,0.25319,0.25365,2142.0,5434.065
1784815740000,0.25377,0.25403,0.25323,0.25323,4297.0
1784815800000,0.25302,0.25326,0.25194,0.25265,1782.0
1784815860000,0.2525,0.25256,0.25118,0.25177,433.0
1784815920000,0.25147,0.25147,0.2476,0.2503,10714.0
1784815980000,0.2509,0.25102,0.24105,0.24711,20340.0
1784816040000,0.24712,0.2492,0.24712,0.24877,5595.0
1784816100000,0.24885,0.25235,0.24806,0.25192,3181.0
1784816160000,0.25064,0.25114,0.25018,0.25107,1250.0
1784816220000,0.25099,0.25205,0.25099,0.25205,969.0
1784816280000,0.2521,0.25296,0.25159,0.25283,702.0
1784816340000,0.25271,0.25365,0.25236,0.25243,227.0
1784816400000,0.25222,0.25234,0.2491,0.24934,2184.0
1784816460000,0.24971,0.25076,0.24928,0.25008,802.0
1784816520000,0.24988,0.25237,0.24978,0.25205,1222.0
1784816580000,0.25172,0.25382,0.25172,0.25381,4841.0
1784816640000,0.25376,0.25441,0.25267,0.25267,1018.0
1784816700000,0.25279,0.25603,0.25279,0.25453,973.0
1784816760000,0.25418,0.25418,0.2526,0.25308,281.0
1784816820000,0.25293,0.2533,0.25272,0.25272,170.0
1784816880000,0.25291,0.25392,0.25291,0.25366,168.0
1784816940000,0.25354,0.25354,0.25182,0.25182,135.0
1784817000000,0.25215,0.25215,0.2511,0.25137,452.0
1784817060000,0.25213,0.25384,0.25213,0.25291,1124.0
1784817120000,0.253,0.25448,0.25293,0.25388,1146.0
1784817180000,0.25399,0.25443,0.25312,0.25324,723.0
1784817240000,0.25307,0.25307,0.25067,0.25067,1764.0
1784817300000,0.25049,0.25049,0.24942,0.24991,643.0
1784817360000,0.2503,0.25335,0.2503,0.25296,1668.0
1784817420000,0.25278,0.2528,0.25134,0.25134,956.0
1784817480000,0.25119,0.25119,0.24987,0.25021,1229.0
1784817540000,0.25053,0.25191,0.25021,0.25191,1366.0
1784817600000,0.2523,0.25279,0.2517,0.25223,890.0
1784817660000,0.25169,0.25226,0.25157,0.25157,529.0
1784817720000,0.25158,0.25195,0.25113,0.25128,786.0
1784817780000,0.25155,0.2521,0.25052,0.25186,1192.0
1784817840000,0.25226,0.25346,0.25226,0.25281,979.0
1784817900000,0.25285,0.25416,0.25266,0.25416,390.0
1784817960000,0.2538,0.2538,0.25282,0.25326,588.0
1784818020000,0.25332,0.25332,0.25221,0.25305,2806.0
1784818080000,0.25355,0.2541,0.25307,0.25404,661.0
1784818140000,0.25442,0.25442,0.25341,0.25341,290.0
1784818200000,0.25368,0.25532,0.25368,0.25532,5830.0
1784818260000,0.25539,0.25704,0.25539,0.2556,4186.0
1784818320000,0.25554,0.25569,0.25388,0.25392,4558.0
1784818380000,0.25457,0.25528,0.25344,0.2548,2712.0
1784818440000,0.25517,0.25517,0.25484,0.25493,52.0
1784818500000,0.255,0.25602,0.255,0.25582,367.0
1784818560000,0.25539,0.25583,0.25539,0.25573,105.0
1784818620000,0.25535,0.25584,0.25468,0.25572,2064.0
1784818680000,0.25588,0.25589,0.2555,0.25551,1226.0
1784818740000,0.25555,0.25567,0.25517,0.25563,663.0
1784818800000,0.25582,0.25616,0.25513,0.25592,2656.0
1784818860000,0.25607,0.25607,0.25498,0.25505,5675.0
1784818920000,0.25488,0.25526,0.2537,0.2537,3486.0
1784818980000,0.25378,0.25378,0.25219,0.25338,2879.0
1784819040000,0.25339,0.25339,0.25287,0.25327,622.0
1784819100000,0.25298,0.25442,0.2528,0.25428,1473.0
1784819160000,0.2543,0.25492,0.25413,0.25486,1253.0
1784819220000,0.2541,0.25486,0.25377,0.25467,272.0
1784819280000,0.2549,0.25696,0.2549,0.25664,2129.0
1784819340000,0.25667,0.25822,0.25667,0.25714,6623.0
1784819400000,0.2571,0.25716,0.25526,0.25611,3035.0
1784819460000,0.25608,0.25608,0.25464,0.25523,1658.0
1784819520000,0.2556,0.25649,0.2555,0.25638,805.0
1784819580000,0.25616,0.25616,0.25557,0.25591,1031.0
1784819640000,0.25545,0.25623,0.25545,0.25617,112.0
1784819700000,0.25667,0.25667,0.25566,0.25593,1152.0
1784819760000,0.2561,0.258,0.25601,0.25709,1479.0
1784819820000,0.25717,0.2576,0.25681,0.25711,1346.0
1784819880000,0.25719,0.25747,0.25629,0.25721,3464.0
1784819940000,0.25725,0.2579,0.25725,0.25761,2894.0
1784820000000,0.25758,0.25768,0.2558,0.2563,1746.0
1784820060000,0.25633,0.25635,0.25597,0.25623,32.0
1784820120000,0.25624,0.25636,0.25606,0.25633,752.0
1784820180000,0.25622,0.25622,0.25537,0.25617,261.0
1784820240000,0.25627,0.25627,0.25522,0.25522,1277.0
1784820300000,0.25526,0.256,0.25509,0.25531,407.0
1784820360000,0.25516,0.2564,0.25516,0.25556,1182.0
1784820420000,0.25496,0.25496,0.25402,0.25419,3098.0
1784820480000,0.25448,0.25505,0.25429,0.25473,1667.0
1784820540000,0.25421,0.25421,0.25214,0.25243,6384.0
1784820600000,0.25264,0.2531,0.25132,0.25302,5833.0
1784820660000,0.25324,0.25324,0.25,0.25223,2769.0
1784820720000,0.25133,0.25214,0.25095,0.25177,5462.0
1784820780000,0.25164,0.25325,0.25149,0.25234,1284.0
1784820840000,0.25232,0.25232,0.25147,0.25207,784.0
1784820900000,0.25231,0.25231,0.25079,0.25125,2199.0
1784820960000,0.25144,0.25226,0.25144,0.25179,1163.0
1784821020000,0.25217,0.25327,0.25217,0.25295,1010.0
1784821080000,0.25255,0.25265,0.25203,0.25213,266.0
1784821140000,0.2525,0.25342,0.25228,0.25308,46.0
1784821200000,0.25272,0.25272,0.25248,0.25248,140.0
1784821260000,0.25268,0.2532,0.25268,0.2532,41.0
1784821320000,0.25256,0.254,0.25248,0.25393,3652.0
1784821380000,0.25383,0.25611,0.2534,0.2534,4138.0
1784821440000,0.25338,0.25338,0.25209,0.25261,427.0
1784821500000,0.25255,0.25306,0.25236,0.25264,1571.0
1784821560000,0.25246,0.25505,0.25222,0.25481,1508.0
1784821620000,0.25496,0.25508,0.25373,0.25462,1462.0
1784821680000,0.25484,0.25547,0.25484,0.25537,110.0
1784821740000,0.25561,0.2559,0.25511,0.25525,703.0
1784821800000,0.25565,0.25795,0.25565,0.2575,4336.0
1784821860000,0.25753,0.25868,0.25728,0.25764,4258.0
1784821920000,0.25763,0.26057,0.25755,0.25867,3926.0
1784821980000,0.25864,0.25915,0.25725,0.2585,1079.0
1784822040000,0.25857,0.25862,0.2568,0.25706,361.0
1784822100000,0.25737,0.25791,0.25706,0.25706,2071.0
1784822160000,0.25717,0.25779,0.25717,0.25738,283.0
1784822220000,0.25727,0.25829,0.25727,0.25829,724.0
1784822280000,0.25808,0.2596,0.25801,0.25877,2798.0
1784822340000,0.25894,0.25894,0.2573,0.25741,1484.0
1784822400000,0.2574,0.25866,0.2574,0.25823,967.0
1784822460000,0.25831,0.25831,0.25712,0.25813,1389.0
1784822520000,0.2582,0.25831,0.25709,0.25709,1705.0
1784822580000,0.2571,0.25764,0.25641,0.25651,613.0
1784822640000,0.25665,0.25758,0.25664,0.25698,1232.0
1784822700000,0.25705,0.25963,0.25658,0.25848,5020.0
1784822760000,0.25824,0.25913,0.25752,0.25913,815.0
1784822820000,0.25885,0.25888,0.25796,0.25867,510.0
1784822880000,0.2584,0.25872,0.25735,0.25737,1499.0
1784822940000,0.25755,0.25794,0.25681,0.25721,2586.0
1784823000000,0.25714,0.25749,0.25646,0.25646,6262.0
1784823060000,0.25625,0.25796,0.2552,0.25794,6693.0
1784823120000,0.25794,0.25982,0.25794,0.25856,4035.0
1784823180000,0.25876,0.25898,0.25846,0.25887,51.0
1784823240000,0.25834,0.25871,0.25832,0.25871,38.0
1784823300000,0.25848,0.265,0.25848,0.26338,24040.0
1784823360000,0.26309,0.26309,0.26017,0.26028,12426.0
1784823420000,0.26086,0.26219,0.26086,0.26179,2650.0
1784823480000,0.26216,0.2638,0.26191,0.26201,4222.0
1784823540000,0.2621,0.26321,0.2621,0.26302,615.0
1784823600000,0.26265,0.26265,0.26077,0.26088,4492.0
1784823660000,0.26119,0.26232,0.26102,0.26201,3229.0
1784823720000,0.2625,0.26318,0.26133,0.26152,7905.0
1784823780000,0.26156,0.26326,0.26156,0.2627,12125.0
1784823840000,0.26264,0.26264,0.26176,0.26235,306.0
1784823900000,0.26229,0.26241,0.26176,0.2619,2329.0
1784823960000,0.26179,0.26282,0.26167,0.26273,647.0
1784824020000,0.26273,0.2647,0.2623,0.26354,14390.0
1784824080000,0.26362,0.26959,0.26274,0.26371,21640.0
1784824140000,0.26418,0.26472,0.26232,0.2626,4617.0
1784824200000,0.26248,0.2631,0.26125,0.26269,4332.0
1784824260000,0.26277,0.26346,0.26149,0.26216,3438.0
1784824320000,0.26195,0.26303,0.26172,0.26274,3617.0
1784824380000,0.26297,0.26344,0.26152,0.26152,5710.0
1784824440000,0.26179,0.26221,0.2611,0.26185,2366.0
1784824500000,0.2615,0.26189,0.26042,0.26064,5199.0
1784824560000,0.26061,0.26143,0.2589,0.26006,4859.0
1784824620000,0.26038,0.26147,0.26038,0.26081,3178.0
1784824680000,0.26075,0.26138,0.26012,0.26012,930.0
1784824740000,0.25965,0.25965,0.25789,0.25862,2882.0
1784824800000,0.25873,0.26141,0.25853,0.26084,1265.0
1784824860000,0.26078,0.2631,0.26078,0.26178,3241.0
1784824920000,0.26129,0.26416,0.26074,0.26344,5492.0
1784824980000,0.26373,0.26625,0.26325,0.26625,6463.0
1784825040000,0.26612,0.26612,0.26108,0.26137,9607.0
1784825100000,0.26115,0.26124,0.25976,0.26075,6773.0
1784825160000,0.26084,0.26216,0.26084,0.26182,6121.0
1784825220000,0.2617,0.26256,0.26163,0.26177,2346.0
1784825280000,0.26171,0.26174,0.26129,0.26149,146.0
1784825340000,0.26202,0.26212,0.26066,0.26066,196.0
1784825400000,0.2603,0.26044,0.259,0.26015,1533.0
1784825460000,0.25973,0.25973,0.25816,0.25894,2183.0
1784825520000,0.25925,0.26066,0.2592,0.26066,656.0
1784825580000,0.26066,0.26087,0.25951,0.25951,3859.0
1784825640000,0.25971,0.26,0.25955,0.25987,1644.0
1784825700000,0.25976,0.25988,0.25941,0.25954,1539.0
1784825760000,0.25934,0.2595,0.25716,0.25809,7259.0
1784825820000,0.25775,0.26057,0.2576,0.26057,1877.0
1784825880000,0.2609,0.2609,0.26004,0.26043,386.0
1784825940000,0.26104,0.26181,0.2609,0.26127,1462.0
1784826000000,0.26115,0.26396,0.26089,0.26374,25576.0
1784826060000,0.26369,0.26384,0.26248,0.26272,2707.0
1784826120000,0.26268,0.2644,0.26267,0.2644,1295.0
1784826180000,0.26411,0.26475,0.2626,0.26271,891.0
1784826240000,0.26326,0.26388,0.26293,0.26318,5043.0
1784826300000,0.26364,0.26364,0.26314,0.26325,654.0
1784826360000,0.26301,0.26333,0.26044,0.2605,5473.0
1784826420000,0.2605,0.26099,0.25974,0.26032,3191.0
1784826480000,0.26077,0.26165,0.26058,0.26081,602.0
1784826540000,0.26073,0.26133,0.26073,0.26133,87.0
1784826600000,0.26127,0.26165,0.2609,0.26124,4890.0
1784826660000,0.26159,0.26159,0.26059,0.26079,394.0
1784826720000,0.26078,0.26196,0.26078,0.26196,168.0
1784826780000,0.26186,0.26274,0.26186,0.26229,2121.0
1784826840000,0.26131,0.26131,0.25955,0.26002,2748.0
1784826900000,0.25997,0.25997,0.25823,0.25881,1042.0
1784826960000,0.25864,0.25879,0.25798,0.25879,1002.0
1784827020000,0.25852,0.25852,0.2566,0.25693,3174.0
1784827080000,0.25707,0.25707,0.25534,0.25639,6405.0
1784827140000,0.25658,0.25719,0.25511,0.25629,4835.0
1784827200000,0.25571,0.25594,0.25358,0.25399,5997.0
1784827260000,0.25405,0.25521,0.25232,0.25521,4291.0
1784827320000,0.25526,0.25533,0.25332,0.25332,4767.0
1784827380000,0.25279,0.25397,0.25246,0.25375,712.0
1784827440000,0.2536,0.25373,0.25261,0.25261,413.0
1784827500000,0.25309,0.25439,0.25309,0.25439,294.0
1784827560000,0.25393,0.25393,0.25231,0.25236,1182.0
1784833740000,0.2605,0.2607,0.25873,0.25935,2412.0,6253.73
1784833800000,0.25934,0.25934,0.25786,0.25843,2224.0,5753.2418
1784833860000,0.25789,0.25802,0.25703,0.2576,3038.0,7828.8737
1784833920000,0.25768,0.25774,0.25658,0.2569,1651.0,4243.5842
1784833980000,0.25684,0.25851,0.25617,0.2579,1454.0,3736.183
1784834040000,0.25753,0.25798,0.25735,0.25748,456.0,1174.0273
1784834100000,0.25737,0.25737,0.25538,0.25596,3701.0,9470.5838
1784834160000,0.25622,0.25627,0.2545,0.25473,8786.0,22440.5273
1784834220000,0.25433,0.25449,0.2536,0.25434,2860.0,7264.8577
1784834280000,0.25433,0.25465,0.2538,0.25391,597.0,1517.6698
1784834340000,0.25389,0.25475,0.25381,0.25437,774.0,1968.3278
1784834400000,0.25424,0.25424,0.25261,0.25286,1291.0,3266.3121
1784834460000,0.25291,0.25334,0.25257,0.25318,842.0,2130.3777
1784834520000,0.25345,0.25429,0.25319,0.25342,1225.0,3108.2902
1784834580000,0.25323,0.25401,0.25209,0.25273,1406.0,3556.2923
1784834640000,0.25265,0.25265,0.25037,0.25037,2237.0,5618.1869
1784834700000,0.25048,0.25125,0.24943,0.25096,3826.0,9586.8052
1784834760000,0.2512,0.2512,0.25024,0.2507,1782.0,4468.2046
1784834820000,0.25069,0.25133,0.24999,0.2503,690.0,1727.5366
1784834880000,0.25029,0.25125,0.25022,0.25108,481.0,1206.3198
1784834940000,0.251,0.251,0.24922,0.25007,824.0,2060.5074
1784835000000,0.24967,0.25003,0.2495,0.24962,171.0,427.1322
1784835060000,0.24966,0.25009,0.24904,0.24905,688.0,1716.539
1784835120000,0.24876,0.24931,0.24825,0.24846,3313.0,8230.6068
1784835180000,0.24822,0.24822,0.24737,0.24737,1195.0,2962.3284
1784835240000,0.2475,0.25176,0.2475,0.2505,2601.0,6515.3913
1784835300000,0.25016,0.25209,0.25013,0.25127,618.0,1548.0681
1784835360000,0.25055,0.25073,0.24925,0.25073,882.0,2205.061
1784835420000,0.25049,0.25049,0.24897,0.24897,391.0,976.3521
1784835480000,0.24935,0.25071,0.24935,0.25025,1017.0,2547.3277
1784835540000,0.25155,0.2516,0.25118,0.25149,229.0,575.8375
1784835600000,0.25136,0.25161,0.25074,0.25161,233.0,585.3114
1784835660000,0.25158,0.25164,0.25064,0.25064,943.0,2367.5183
1784835720000,0.25076,0.2525,0.25071,0.25071,1456.0,3663.5298
1784835780000,0.25122,0.25141,0.25094,0.25094,515.0,1294.3639
1784835840000,0.25085,0.25149,0.2506,0.25135,455.0,1142.2258
1784835900000,0.25132,0.25207,0.25132,0.25139,572.0,1439.2412
1784835960000,0.25128,0.25186,0.25128,0.25171,2504.0,6300.1016
1784836020000,0.25158,0.25243,0.25141,0.25171,2918.0,7356.9206
1784836080000,0.25156,0.25237,0.25156,0.25194,678.0,1708.7883
1784836140000,0.25182,0.25196,0.25121,0.25145,889.0,2235.9442
1784836200000,0.25136,0.25153,0.25118,0.25118,219.0,550.4911
1784836260000,0.25095,0.25123,0.2499,0.25117,3254.0,8145.8737
1784836320000,0.25136,0.25136,0.24947,0.25003,1097.0,2741.9949
1784836380000,0.24955,0.25094,0.24872,0.25049,3207.0,7989.9655
1784836440000,0.25007,0.25024,0.24926,0.25024,724.0,1808.948
1784836500000,0.25056,0.25115,0.24951,0.24953,249.0,622.1899
1784836560000,0.24982,0.24984,0.24623,0.24768,6083.0,15063.5349
1784836620000,0.24774,0.24789,0.24599,0.24677,800.0,1975.4888
1784836680000,0.24735,0.24985,0.24735,0.24969,635.0,1581.5877
1784836740000,0.24961,0.24961,0.24881,0.24926,171.0,426.2331
1784836800000,0.24921,0.24926,0.24828,0.24911,301.0,748.7194
1784836860000,0.24913,0.25019,0.24913,0.24983,310.0,774.7429
1784836920000,0.2495,0.25006,0.24937,0.24968,282.0,704.5863
1784836980000,0.24957,0.2496,0.24806,0.2489,1751.0,4355.3357
1784837040000,0.24916,0.24965,0.24904,0.24965,771.0,1921.5566
1784837100000,0.24951,0.24956,0.24951,0.24956,33.0,82.3461
1784837160000,0.249,0.24922,0.24809,0.24903,673.0,1672.892
1784837220000,0.24874,0.24896,0.24824,0.24873,294.0,731.1793
1784837280000,0.24954,0.25098,0.2495,0.25027,1688.0,4232.1094
1784837340000,0.25039,0.25225,0.25036,0.25091,2971.0,7475.6879
1784837400000,0.25094,0.25094,0.25002,0.25055,382.0,956.5429
1784837460000,0.24999,0.25181,0.24995,0.25152,1389.0,3488.0156
1784837520000,0.25146,0.25168,0.25105,0.25105,1416.0,3558.7251
1784837580000,0.25089,0.25143,0.25082,0.25143,340.0,854.3031
1784837640000,0.25124,0.25124,0.25055,0.25064,205.0,514.1102
1784837700000,0.25097,0.25097,0.24927,0.24927,998.0,2492.1688
1784837760000,0.24876,0.25146,0.24876,0.25116,305.0,762.7713
1784837820000,0.25106,0.25183,0.25106,0.25124,873.0,2194.9229
1784837880000,0.25086,0.25128,0.25082,0.25119,5493.0,13786.1524
1784837940000,0.25118,0.25139,0.25077,0.25077,1070.0,2687.8599
1784838000000,0.25119,0.25238,0.25093,0.25159,718.0,1806.953
1784838060000,0.25158,0.25211,0.25157,0.25211,633.0,1594.413
1784838120000,0.2519,0.2519,0.25098,0.25098,83.0,208.5399
1784838180000,0.25105,0.25138,0.25105,0.25138,128.0,321.4094
1784838240000,0.2517,0.2517,0.25137,0.25156,89.0,223.7887
1784838300000,0.25129,0.25153,0.25129,0.25153,25.0,62.8561
1784838360000,0.25106,0.25108,0.25016,0.25023,356.0,892.6833
1784838420000,0.25039,0.25054,0.25039,0.25045,284.0,711.2882
1784838480000,0.25045,0.25086,0.25031,0.25065,475.0,1189.9788
1784838540000,0.25079,0.25133,0.25032,0.25032,613.0,1536.5429
1784838600000,0.24979,0.24979,0.24708,0.24811,1907.0,4746.3808
1784838660000,0.24851,0.24861,0.2468,0.24687,1350.0,3339.9437
1784838720000,0.2467,0.24772,0.24629,0.2475,1880.0,4645.0738
1784838780000,0.24743,0.24743,0.24696,0.24696,892.0,2204.1237
1784838840000,0.24786,0.24919,0.24786,0.24871,1262.0,3137.3739
1784838900000,0.24861,0.24861,0.24787,0.24802,1947.0,4830.7107
1784838960000,0.24688,0.24712,0.24613,0.24656,400.0,986.5871
1784839020000,0.24683,0.24758,0.24683,0.24758,68.0,167.9399
1784839080000,0.24763,0.24763,0.24679,0.24709,1854.0,4578.8678
1784839140000,0.24706,0.24744,0.24706,0.24707,596.0,1473.9555
1784839200000,0.24715,0.24852,0.24715,0.24808,66.0,163.639
1784839260000,0.24859,0.24907,0.24859,0.24902,76.0,189.2347
1784839320000,0.24872,0.24916,0.24872,0.24899,73.0,181.7316
1784839380000,0.2495,0.24975,0.24911,0.24911,824.0,2056.9327
1784839440000,0.24875,0.24875,0.24825,0.24836,120.0,298.0863
1784839500000,0.24868,0.24909,0.24868,0.24887,127.0,316.0477
1784839560000,0.24911,0.24919,0.24894,0.24894,306.0,761.9222
1784839620000,0.24945,0.24945,0.24905,0.24905,50.0,124.655
1784839680000,0.2494,0.2494,0.24897,0.24897,128.0,318.8005
1784839740000,0.24911,0.2494,0.24875,0.24927,40.0,99.6707
1784839800000,0.24984,0.25059,0.24944,0.2504,1204.0,3009.6676
1784839860000,0.25058,0.25073,0.25046,0.25072,1864.0,4672.9171
1784839920000,0.25038,0.25038,0.24965,0.24965,155.0,387.5156
1784839980000,0.25047,0.25156,0.25013,0.25156,1825.0,4579.8582
1784840040000,0.25144,0.25176,0.25116,0.25116,558.0,1402.8563
1784840100000,0.25116,0.2516,0.25111,0.25132,236.0,593.1369
1784840160000,0.25163,0.25163,0.25052,0.25052,634.0,1592.4875
1784840220000,0.2499,0.24999,0.2499,0.24999,50.0,124.977
1784840280000,0.24993,0.25088,0.24993,0.25088,43.0,107.6248
1784840340000,0.25181,0.25275,0.25181,0.25228,1356.0,3423.1938
1784840400000,0.25301,0.25354,0.25238,0.25268,2179.0,5513.565
1784840460000,0.2525,0.25305,0.25209,0.25305,2526.0,6379.1791
1784840520000,0.25266,0.25288,0.25237,0.25288,263.0,664.1798
1784840580000,0.25228,0.25332,0.25225,0.25332,696.0,1760.4982
1784840640000,0.25341,0.25349,0.25306,0.25324,753.0,1907.2578
1784840700000,0.25323,0.25323,0.2524,0.2525,229.0,578.4105
1784840760000,0.252,0.2521,0.25012,0.25043,3226.0,8096.6767
1784840820000,0.25018,0.25093,0.25018,0.25068,107.0,268.1094
1784840880000,0.2513,0.25166,0.2513,0.25162,320.0,805.0218
1784840940000,0.25098,0.25104,0.2506,0.2506,1013.0,2540.1546
1784841000000,0.25073,0.25073,0.24941,0.24941,514.0,1286.6848
1784841060000,0.24958,0.24966,0.24957,0.24957,39.0,97.3388
1784841120000,0.24993,0.24993,0.24993,0.24993,14.0,34.9902
1784841180000,0.25002,0.25103,0.24945,0.25099,864.0,2161.5477
1784841240000,0.25099,0.25099,0.25022,0.25022,194.0,486.1477
1784841300000,0.25028,0.25085,0.25028,0.25085,17.0,42.6388
1784841360000,0.2521,0.25261,0.25018,0.25018,1946.0,4904.3772
1784841420000,0.25004,0.25022,0.24972,0.24972,155.0,387.6423
1784841480000,0.24972,0.25014,0.24972,0.25014,56.0,139.986
1784841540000,0.24972,0.24972,0.24879,0.24884,2166.0,5394.1304
1784841600000,0.24905,0.24971,0.24905,0.2495,5106.0,12740.1107
1784841660000,0.24951,0.2521,0.24949,0.2519,2034.0,5092.2459
1784841720000,0.25174,0.25233,0.25069,0.25095,5803.0,14599.2113
1784841780000,0.25108,0.25477,0.25108,0.25477,2209.0,5594.6796
1784841840000,0.255,0.25939,0.2547,0.2547,13734.0,35278.6895
1784841900000,0.25529,0.25836,0.25529,0.2583,2224.0,5718.2363
1784841960000,0.25754,0.25788,0.25671,0.25788,400.0,1028.847
1784842020000,0.25781,0.25781,0.25712,0.25738,377.0,970.1851
1784842080000,0.25755,0.25776,0.2564,0.25718,4193.0,10774.4732
1784842140000,0.25716,0.25773,0.25716,0.25739,325.0,836.9806
1784842200000,0.25658,0.25728,0.25604,0.25682,4894.0,12567.493
1784842260000,0.25679,0.2576,0.25642,0.2575,6530.0,16809.5051
1784842320000,0.25719,0.25871,0.25719,0.25832,6045.0,15572.972
1784842380000,0.25763,0.2598,0.25763,0.25848,2482.0,6431.2774
1784842440000,0.25849,0.25849,0.25714,0.25762,2368.0,6099.1327
1784842500000,0.25716,0.25716,0.25634,0.2566,543.0,1393.4651
1784842560000,0.25712,0.25803,0.25712,0.25797,3940.0,10159.6492
1784842620000,0.25693,0.25715,0.25693,0.25715,100.0,257.0232
1784842680000,0.25646,0.2565,0.25604,0.25622,2884.0,7390.7558
1784842740000,0.25632,0.25676,0.25619,0.25668,2040.0,5230.9506
1784842800000,0.25684,0.25698,0.2562,0.2562,210.0,538.3037
1784842860000,0.25692,0.25767,0.25651,0.25755,8471.0,21754.6926
1784842920000,0.25781,0.25781,0.25781,0.25781,38.0,97.9678
1784842980000,0.2578,0.2578,0.25692,0.25708,969.0,2492.3355
1784843040000,0.25715,0.25755,0.25711,0.25755,140.0,360.345
1784843100000,0.25817,0.25837,0.25817,0.2583,76.0,196.3274
1784843160000,0.25857,0.25916,0.25829,0.25897,4033.0,10435.9141
1784843220000,0.25861,0.25862,0.25861,0.25862,12.0,31.0333
1784843280000,0.25861,0.25884,0.25798,0.25884,1867.0,4827.5089
1784843340000,0.25884,0.25988,0.25867,0.25867,2737.0,7100.0089
1784843400000,0.25921,0.26,0.25921,0.25972,627.0,1628.1341
1784843460000,0.25914,0.25914,0.25789,0.25869,3974.0,10261.6811
1784843520000,0.2585,0.25889,0.25788,0.25803,2368.0,6115.0083
1784843580000,0.25853,0.25874,0.25827,0.25827,170.0,439.0933
1784843640000,0.25857,0.25918,0.25857,0.25908,2251.0,5826.5665
1784843700000,0.25899,0.26034,0.25899,0.25979,5276.0,13706.7424
1784843760000,0.25933,0.25954,0.259,0.25918,199.0,515.6195
1784843820000,0.25933,0.25933,0.25933,0.25933,3.0,7.7799
1784843880000,0.25885,0.25891,0.25832,0.25873,1250.0,3233.0098
1784843940000,0.25881,0.25926,0.25881,0.25926,60.0,155.423
1784844000000,0.25953,0.26036,0.25953,0.26036,143.0,372.0804
1784844060000,0.25928,0.2604,0.25928,0.26018,693.0,1801.6062
1784844120000,0.25998,0.26081,0.25968,0.2603,441.0,1147.0642
1784844180000,0.2601,0.26125,0.2601,0.26022,2804.0,7318.9683
1784844240000,0.26053,0.26053,0.25986,0.26032,215.0,559.8226
1784844300000,0.25954,0.25982,0.25868,0.2591,5346.0,13856.766
1784844360000,0.25969,0.26083,0.25969,0.26083,1537.0,3998.7478
1784844420000,0.26069,0.26162,0.26069,0.26125,1276.0,3334.5644
1784844480000,0.26101,0.26181,0.26091,0.26107,663.0,1733.2468
1784844540000,0.26122,0.26158,0.26122,0.26158,369.0,964.6042
1784844600000,0.26147,0.26147,0.26003,0.26044,148.0,385.5877
1784844660000,0.26086,0.26086,0.26,0.26071,206.0,535.9516
1784844720000,0.26086,0.26092,0.26069,0.26092,246.0,641.6961
1784844780000,0.26095,0.26095,0.26001,0.26007,202.0,525.4683
1784844840000,0.26,0.26033,0.25905,0.25969,1214.0,3154.9621
1784844900000,0.26,0.26038,0.26,0.26012,190.0,494.1354
1784844960000,0.26058,0.261,0.26004,0.26004,156.0,406.1202
1784845020000,0.25985,0.25985,0.25974,0.25974,93.0,241.5785
1784845080000,0.26045,0.2616,0.26043,0.2613,1046.0,2733.1597
1784845140000,0.2614,0.26188,0.26108,0.26188,583.0,1524.939
1784845200000,0.26175,0.2632,0.26175,0.26273,8135.0,21370.7471
1784845260000,0.26253,0.26253,0.26105,0.26153,834.0,2180.913
1784845320000,0.26193,0.26271,0.26193,0.2627,813.0,2130.1059
1784845380000,0.26258,0.26455,0.26208,0.26381,2965.0,7820.1947
1784845440000,0.26342,0.26378,0.2631,0.26356,695.0,1831.0878
1784845500000,0.26347,0.26347,0.26095,0.26098,70.0,182.9428
1784845560000,0.26206,0.26228,0.2601,0.26111,1517.0,3956.1417
1784845620000,0.26099,0.26256,0.26099,0.26256,97.0,253.6397
1784845680000,0.263,0.263,0.26157,0.26157,3433.0,9007.1347
1784845740000,0.26197,0.26224,0.26194,0.26224,79.0
1784845800000,0.2607,0.26153,0.26058,0.26153,143.0
1784845860000,0.26195,0.26216,0.26139,0.26139,145.0
1784845920000,0.26211,0.26224,0.26211,0.26224,23.0
1784845980000,0.2621,0.26252,0.26199,0.26252,758.0
1784846040000,0.26228,0.26255,0.26177,0.26209,411.0
1784846100000,0.26162,0.26185,0.26101,0.26185,125.0
1784846160000,0.26208,0.26232,0.26208,0.26232,22.0
1784846220000,0.26226,0.26232,0.26161,0.26167,1995.0
1784846280000,0.26178,0.2622,0.26178,0.26199,1989.0
1784846340000,0.26191,0.26206,0.26191,0.26206,43.0
1784846400000,0.26158,0.26166,0.26024,0.26071,2168.0
1784846460000,0.26044,0.26049,0.26004,0.26015,482.0
1784846520000,0.2601,0.26041,0.2596,0.25988,391.0
1784846580000,0.25972,0.25995,0.25768,0.258,7551.0
1784846640000,0.25843,0.25922,0.25658,0.25678,1212.0
1784846700000,0.25685,0.2598,0.25685,0.2598,324.0
1784846760000,0.25999,0.26098,0.25895,0.25895,903.0
1784846820000,0.25889,0.25906,0.25816,0.25816,1583.0
1784846880000,0.25823,0.25823,0.25699,0.25808,1173.0
1784846940000,0.25833,0.25851,0.25829,0.25841,75.0
1784847000000,0.25857,0.25885,0.25838,0.25845,418.0
1784847060000,0.25817,0.25819,0.2578,0.2578,705.0
1784847120000,0.25684,0.25684,0.25684,0.25684,19.0
1784847180000,0.25718,0.25843,0.25675,0.25822,6129.0
1784847240000,0.25856,0.26018,0.25856,0.26007,373.0
1784847300000,0.26013,0.26054,0.25998,0.26025,324.0
1784847360000,0.26005,0.26005,0.25933,0.25972,65.0
1784847420000,0.25961,0.25997,0.25961,0.25997,47.0
1784847480000,0.26001,0.26084,0.26001,0.26084,35.0
1784847540000,0.26043,0.26056,0.25999,0.26014,1244.0
1784847600000,0.26035,0.2605,0.25984,0.25985,1357.0
1784847660000,0.25983,0.26081,0.25926,0.26081,1364.0
1784847720000,0.2609,0.26092,0.25966,0.25966,379.0
1784847780000,0.25931,0.26067,0.25917,0.26067,107.0
1784847840000,0.26052,0.26174,0.26043,0.26119,1240.0
1784847900000,0.26095,0.26104,0.2608,0.26084,356.0
1784847960000,0.26043,0.26087,0.26042,0.26087,60.0
1784848020000,0.26095,0.2618,0.2609,0.2618,242.0
1784848080000,0.26174,0.26223,0.26172,0.26172,223.0
1784848140000,0.26193,0.2621,0.26169,0.26169,323.0
1784848260000,0.26134,0.26184,0.26069,0.26123,846.0
1784848320000,0.26152,0.2619,0.26049,0.26049,1671.0
1784848380000,0.26112,0.2613,0.26021,0.26095,1823.0
1784848440000,0.26109,0.26196,0.26109,0.26148,346.0
1784848500000,0.26146,0.26163,0.2609,0.26107,1055.0
1784848560000,0.26094,0.26107,0.26094,0.26107,45.0
1784848620000,0.26146,0.26245,0.26135,0.26195,1451.0
1784848680000,0.26169,0.26245,0.26164,0.26245,343.0
1784848740000,0.26216,0.26285,0.2615,0.26285,482.0
1784848800000,0.26253,0.2681,0.26253,0.26451,9041.0
1784848860000,0.26431,0.26431,0.26276,0.2635,2671.0
1784848920000,0.26268,0.26349,0.26221,0.26325,4832.0
1784848980000,0.26299,0.263,0.26103,0.26216,921.0
1784849040000,0.26193,0.26235,0.26096,0.26096,1527.0
1784849100000,0.26154,0.26459,0.26113,0.26385,7818.0
1784849160000,0.26371,0.26528,0.26371,0.26408,3263.0
1784849220000,0.26428,0.26597,0.26427,0.26537,487.0
1784849280000,0.26493,0.26586,0.26487,0.26563,1058.0
1784849340000,0.2662,0.2662,0.26516,0.26526,234.0
1784849400000,0.26545,0.28375,0.26545,0.27583,79788.0
1784849460000,0.27573,0.27768,0.27458,0.27485,23712.0
1784849520000,0.27523,0.27606,0.27424,0.27567,12612.0
1784849580000,0.27571,0.27584,0.27296,0.27335,10312.0
1784849640000,0.27322,0.27383,0.27274,0.27345,900.0
1784849700000,0.27383,0.27404,0.27084,0.27117,4286.0
1784849760000,0.27079,0.27227,0.27027,0.27164,3536.0
1784849820000,0.27178,0.27195,0.26755,0.26948,8313.0
1784849880000,0.26969,0.26979,0.26815,0.2688,5033.0
1784849940000,0.26883,0.27098,0.26883,0.26997,1213.0
1784850000000,0.27043,0.27054,0.26883,0.26941,1564.0
1784850060000,0.26981,0.26981,0.26869,0.26916,231.0
1784850120000,0.26904,0.26953,0.26898,0.26918,997.0
1784850180000,0.26927,0.26998,0.26908,0.26985,154.0
1784850240000,0.26953,0.26965,0.26908,0.26965,223.0
1784850300000,0.26961,0.27048,0.26929,0.26977,2225.0
1784850360000,0.26958,0.2696,0.26829,0.26829,2610.0
1784850420000,0.26874,0.26945,0.26857,0.26935,584.0
1784850480000,0.26913,0.27129,0.26908,0.27102,720.0
1784850540000,0.27081,0.27195,0.27031,0.27195,1627.0
1784850600000,0.27175,0.27206,0.27041,0.27078,2329.0
1784850660000,0.27048,0.27073,0.26892,0.269,164.0
1784850720000,0.26934,0.2701,0.2687,0.2701,793.0
1784850780000,0.27012,0.27185,0.27012,0.27131,299.0
1784850840000,0.27117,0.27134,0.27082,0.27134,119.0
1784850900000,0.2718,0.27302,0.27167,0.27268,234.0
1784850960000,0.27271,0.27526,0.27262,0.2747,3512.0
1784851020000,0.27467,0.2758,0.27437,0.27478,809.0
1784851080000,0.27514,0.2757,0.27486,0.27522,10386.0
1784851140000,0.27496,0.27522,0.27408,0.27496,257.0
1784851200000,0.27498,0.2766,0.27481,0.27586,2595.0
1784851260000,0.27564,0.27564,0.27319,0.27441,3373.0
1784851320000,0.27391,0.27554,0.27366,0.27483,1839.0
1784851380000,0.27481,0.27608,0.27463,0.27559,2072.0
1784851440000,0.27506,0.27532,0.27388,0.27443,2768.0
1784851500000,0.27425,0.27425,0.27201,0.27266,3236.0
1784851560000,0.27276,0.27593,0.27276,0.274,3623.0
1784851620000,0.27352,0.27421,0.27344,0.27344,874.0
1784851680000,0.27292,0.27368,0.27151,0.27211,2482.0
1784851740000,0.27242,0.27306,0.27238,0.27238,177.0
1784851800000,0.27244,0.27346,0.27232,0.27232,278.0
1784851860000,0.27292,0.27364,0.27282,0.27286,1830.0
1784851920000,0.27259,0.27293,0.27259,0.27293,101.0
1784851980000,0.27305,0.27317,0.27107,0.2724,4642.0
1784852040000,0.27232,0.27261,0.27182,0.27227,1042.0
1784852100000,0.27194,0.27411,0.27194,0.27374,341.0
1784852160000,0.2732,0.27384,0.27285,0.27384,3245.0
1784852220000,0.27401,0.27401,0.27214,0.27225,283.0
1784852280000,0.27251,0.27343,0.27238,0.27307,143.0
1784852340000,0.27311,0.27629,0.27282,0.27629,364.0
1784852400000,0.27574,0.28735,0.2754,0.28609,7037.0
1784852460000,0.2861,0.28769,0.2801,0.28024,26363.0
1784852520000,0.27998,0.28477,0.27974,0.28142,6083.0
1784852580000,0.28162,0.2831,0.28,0.2818,946.0
1784852640000,0.28145,0.28157,0.28033,0.28106,1662.0
1784852700000,0.28103,0.28269,0.28101,0.28206,3456.0
1784852760000,0.28188,0.28365,0.28182,0.283,1038.0
1784852820000,0.28294,0.28598,0.2829,0.28493,6636.0
1784852880000,0.28466,0.28466,0.28321,0.28335,1319.0
1784852940000,0.28318,0.28479,0.28297,0.28392,358.0
1784853000000,0.28331,0.289,0.28319,0.28614,5560.0
1784853060000,0.28666,0.28666,0.28482,0.28585,5186.0
1784853120000,0.28593,0.29058,0.28591,0.28718,8847.0
1784853180000,0.28676,0.28718,0.28557,0.28583,7506.0
1784853240000,0.28582,0.28651,0.28464,0.28517,3583.0
1784853300000,0.28531,0.28642,0.2824,0.28369,5900.0
1784853360000,0.28345,0.28421,0.28191,0.28224,1829.0
1784853420000,0.28187,0.28208,0.27993,0.28109,3851.0
1784853480000,0.2811,0.28139,0.27978,0.28045,519.0
1784853540000,0.2801,0.28301,0.27884,0.28261,1628.0
1784853600000,0.28234,0.28254,0.28038,0.28154,1164.0
1784853660000,0.28136,0.28401,0.28136,0.28335,2285.0
1784853720000,0.28336,0.2864,0.28314,0.28505,3003.0
1784853780000,0.2848,0.2848,0.28144,0.28317,5647.0
1784853840000,0.28315,0.28316,0.281,0.28153,998.0
1784853900000,0.28167,0.28213,0.27942,0.28076,2385.0
1784853960000,0.28073,0.28234,0.27959,0.28234,330.0
1784854020000,0.28249,0.28397,0.28249,0.28275,3241.0
1784854080000,0.28269,0.28466,0.28269,0.2846,811.0
1784854140000,0.2846,0.28686,0.2846,0.28533,16468.0
1784854200000,0.28533,0.29345,0.28533,0.28973,8115.0
1784854260000,0.2898,0.2918,0.28571,0.28571,4422.0
1784854320000,0.28594,0.28722,0.28395,0.2868,1763.0
1784854380000,0.28677,0.28677,0.28442,0.28452,695.0
1784854440000,0.28442,0.2868,0.28394,0.2868,1553.0
1784854500000,0.28668,0.28781,0.2861,0.28696,1616.0
1784854560000,0.28684,0.29072,0.28684,0.29039,6049.0
1784854620000,0.29009,0.296,0.29009,0.29212,19666.0
1784854680000,0.29177,0.29177,0.28887,0.29056,4238.0
1784854740000,0.28994,0.29318,0.28982,0.29313,5023.0
1784854800000,0.29263,0.29682,0.29178,0.2946,7963.0
1784854860000,0.2943,0.29644,0.29308,0.294,2178.0
1784854920000,0.29523,0.29523,0.29387,0.29437,737.0
1784854980000,0.29524,0.29728,0.29372,0.29557,4747.0
1784855040000,0.29502,0.29502,0.29259,0.29345,1324.0
1784855100000,0.29328,0.29348,0.29169,0.29254,4293.0
1784855160000,0.29181,0.2941,0.29168,0.29407,290.0
1784855220000,0.29383,0.29462,0.29308,0.29384,512.0
1784855280000,0.29308,0.29377,0.29221,0.29263,361.0
1784855340000,0.29278,0.29293,0.29136,0.29234,530.0
1784855400000,0.29292,0.29368,0.29232,0.2926,1764.0
1784855460000,0.29312,0.29366,0.29277,0.29294,4913.0
1784855520000,0.29319,0.29426,0.29319,0.29377,175.0
1784855580000,0.29338,0.29478,0.29323,0.29426,13669.0
1784855640000,0.29442,0.29442,0.29263,0.29315,1066.0
1784855700000,0.29314,0.29438,0.29287,0.29437,1033.0
1784855760000,0.29425,0.29425,0.29339,0.29406,767.0
1784855820000,0.29449,0.29454,0.29402,0.29451,560.0
1784855880000,0.29454,0.29628,0.29437,0.29437,1405.0
1784855940000,0.29394,0.29394,0.29199,0.29275,269.0
1784856000000,0.29233,0.29347,0.29127,0.29225,341.0
1784856060000,0.2927,0.29277,0.29043,0.29233,4117.0
1784856120000,0.29206,0.29515,0.29206,0.29483,2559.0
1784856180000,0.29469,0.29998,0.29469,0.29629,7428.0
1784856240000,0.29627,0.298,0.29603,0.29717,834.0
1784856300000,0.29724,0.30684,0.29695,0.30359,28755.0
1784856360000,0.30274,0.30659,0.30274,0.30439,3366.0
1784856420000,0.30457,0.30562,0.30293,0.30329,4667.0
1784856480000,0.3032,0.3033,0.29813,0.30085,36814.0
1784856540000,0.30039,0.3013,0.29816,0.29816,6390.0
1784856600000,0.29837,0.30125,0.29813,0.30052,829.0
1784856660000,0.30099,0.30123,0.29934,0.30018,1286.0
1784856720000,0.30033,0.30307,0.29944,0.30246,1898.0
1784856780000,0.3028,0.3028,0.30098,0.30125,983.0
1784856840000,0.30182,0.30277,0.30156,0.30183,3899.0
1784856900000,0.30152,0.3017,0.29684,0.29844,2082.0
1784856960000,0.29909,0.30095,0.29904,0.30095,1535.0
1784857020000,0.30051,0.30173,0.29833,0.29833,1314.0
1784857080000,0.29844,0.29858,0.29686,0.29825,1889.0
1784857140000,0.29817,0.30047,0.2945,0.2945,5209.0
1784857200000,0.29452,0.2949,0.29133,0.29145,3656.0
1784857260000,0.29147,0.29324,0.28772,0.29309,3175.0
1784857320000,0.29293,0.29727,0.29293,0.29674,2936.0
1784857380000,0.29644,0.29695,0.29,0.29,701.0
1784857440000,0.29005,0.29116,0.28635,0.28762,9897.0
1784857500000,0.28857,0.29055,0.28806,0.28856,4529.0
1784857560000,0.28942,0.2896,0.28628,0.28932,3641.0
1784857620000,0.28889,0.29351,0.28696,0.29273,1236.0
1784863740000,0.26752,0.26752,0.26491,0.2673,2387.0,6344.9231
1784863800000,0.26691,0.26735,0.26487,0.26547,1748.0,4641.9969
1784863860000,0.26583,0.26775,0.26583,0.26603,452.0,1206.7025
1784863920000,0.26583,0.26726,0.26536,0.26536,329.0,875.759
1784863980000,0.26502,0.26547,0.26299,0.26299,2530.0,6680.2499
1784864040000,0.26289,0.26289,0.26,0.26051,4137.0,10816.3959
1784864100000,0.26062,0.26393,0.26062,0.26245,4132.0,10834.7053
1784864160000,0.26262,0.26262,0.26078,0.26164,1313.0,3431.2352
1784864220000,0.26161,0.26166,0.25875,0.25892,1861.0,4825.4365
1784864280000,0.25904,0.25904,0.25749,0.2582,629.0,1624.4138
1784864340000,0.25772,0.25903,0.25769,0.25861,271.0,700.3253
1784864400000,0.25875,0.25875,0.25681,0.25682,896.0,2306.3936
1784864460000,0.25641,0.25718,0.25464,0.25464,4877.0,12459.6276
1784864520000,0.25417,0.26465,0.25346,0.26051,19363.0,50596.4836
1784864580000,0.26039,0.26039,0.25706,0.25745,5443.0,14036.3365
1784864640000,0.25753,0.25833,0.2551,0.25605,1729.0,4432.5703
1784864700000,0.25613,0.25613,0.25263,0.25361,2561.0,6517.2893
1784864760000,0.25385,0.25458,0.25183,0.25188,2153.0,5446.0892
1784864820000,0.25195,0.25249,0.25003,0.25162,3884.0,9745.9717
1784864880000,0.25137,0.25471,0.25117,0.25284,3929.0,9957.9086
1784864940000,0.25251,0.25952,0.25178,0.25178,7112.0,18221.3881
1784865000000,0.25171,0.25466,0.246,0.25315,19547.0,48857.8603
1784865060000,0.25374,0.25381,0.2484,0.24947,6019.0,15058.9199
1784865120000,0.24911,0.25621,0.24884,0.25111,7376.0,18632.9286
1784865180000,0.25091,0.25173,0.24856,0.24952,2656.0,6649.7337
1784865240000,0.2495,0.25057,0.24445,0.25042,13727.0,33967.7516
1784865300000,0.24994,0.25557,0.24958,0.25468,4520.0,11454.6529
1784865360000,0.25513,0.25836,0.255,0.25834,1821.0,4674.428
1784865420000,0.25922,0.25963,0.25727,0.25804,5273.0,13657.2381
1784865480000,0.25783,0.26039,0.25754,0.25961,1796.0,4661.3328
1784865540000,0.25892,0.2609,0.25778,0.26083,1697.0,4404.1583
1784865600000,0.26064,0.26425,0.25159,0.25159,12919.0,33404.6307
1784865660000,0.25162,0.25611,0.25026,0.25341,9008.0,22848.3349
1784865720000,0.25307,0.25333,0.24648,0.24797,19735.0,49094.7233
1784865780000,0.24798,0.25063,0.24691,0.25037,5299.0,13220.0103
1784865840000,0.25039,0.25129,0.2486,0.25021,893.0,2231.9498
1784865900000,0.25016,0.25394,0.25015,0.2517,2046.0,5171.8661
1784865960000,0.25017,0.25212,0.24894,0.25159,1563.0,3918.7108
1784866020000,0.25158,0.25163,0.24895,0.24989,4160.0,10400.9793
1784866080000,0.24938,0.24967,0.24744,0.2493,1897.0,4708.2579
1784866140000,0.24869,0.24987,0.24767,0.24982,443.0,1102.9268
1784866200000,0.24999,0.25191,0.24947,0.25148,580.0,1457.1346
1784866260000,0.2515,0.25202,0.25089,0.25097,612.0,1537.54
1784866320000,0.25016,0.25084,0.24998,0.24998,920.0,2303.9914
1784866380000,0.24885,0.24935,0.24843,0.24869,2208.0,5494.3946
1784866440000,0.24907,0.24978,0.24793,0.24978,212.0,526.9507
1784866500000,0.24862,0.24862,0.24581,0.24598,219.0,540.0587
1784866560000,0.24572,0.24761,0.24476,0.24476,4064.0,9986.9935
1784866620000,0.24514,0.24671,0.24508,0.24554,636.0,1565.4859
1784866680000,0.24515,0.24719,0.24515,0.24569,1692.0,4159.4046
1784866740000,0.24555,0.24657,0.24504,0.24532,6343.0,15579.8858
1784866800000,0.24513,0.25143,0.24513,0.25109,4305.0,10665.153
1784866860000,0.25104,0.25223,0.24882,0.25192,16252.0,40745.8141
1784866920000,0.25209,0.2527,0.24928,0.24993,1323.0,3329.4021
1784866980000,0.24921,0.24921,0.24708,0.24855,1155.0,2866.9663
1784867040000,0.24911,0.25011,0.2481,0.24833,5089.0,12696.7285
1784867100000,0.24798,0.25109,0.24798,0.25097,3268.0,8185.9528
1784867160000,0.25163,0.2541,0.25127,0.25127,1706.0,4323.8435
1784867220000,0.25128,0.2533,0.25023,0.2533,798.0,2011.298
1784867280000,0.25337,0.2534,0.25213,0.2532,2254.0,5699.2464
1784867340000,0.25311,0.25352,0.25266,0.25304,276.0,698.4875
1784867400000,0.25266,0.25285,0.24993,0.25256,1080.0,2719.4766
1784867460000,0.25238,0.25786,0.25192,0.25457,2018.0,5158.8447
1784867520000,0.2551,0.25681,0.25345,0.2539,521.0,1333.1105
1784867580000,0.25338,0.25397,0.25249,0.25316,1012.0,2566.1533
1784867640000,0.25296,0.25296,0.25113,0.25185,496.0,1246.9981
1784867700000,0.24937,0.25204,0.24868,0.25151,1473.0,3684.6225
1784867760000,0.25052,0.25136,0.24904,0.24908,578.0,1446.7081
1784867820000,0.24963,0.24975,0.24903,0.24928,73.0,181.9746
1784867880000,0.24923,0.24923,0.24906,0.24906,43.0,107.123
1784867940000,0.24606,0.24716,0.24565,0.24716,815.0,2004.9086
1784868000000,0.24709,0.24709,0.24588,0.24628,1181.0,2909.5085
1784868060000,0.24627,0.2474,0.24579,0.2474,104.0,256.4247
1784868120000,0.2476,0.24792,0.24681,0.2471,756.0,1869.2922
1784868180000,0.24679,0.24796,0.24679,0.2473,6775.0,16754.26
1784868240000,0.24769,0.24769,0.24679,0.24691,595.0,1471.1718
1784868300000,0.24665,0.24684,0.24591,0.24684,2818.0,6950.5499
1784868360000,0.24657,0.24657,0.24583,0.24636,755.0,1857.4287
1784868420000,0.24573,0.24606,0.245,0.24548,536.0,1315.8214
1784868480000,0.24711,0.24931,0.24644,0.24931,457.0,1135.0475
1784868540000,0.2486,0.25099,0.2484,0.25093,3984.0,9953.0619
1784868600000,0.25124,0.25206,0.25042,0.25145,845.0,2122.6877
1784868660000,0.25169,0.253,0.25137,0.25164,2399.0,6067.5703
1784868720000,0.25216,0.25224,0.25006,0.25055,2985.0,7489.8894
1784868780000,0.2504,0.2512,0.24945,0.2512,1470.0,3676.5848
1784868840000,0.25205,0.25357,0.25205,0.25298,1785.0,4515.3481
1784868900000,0.25274,0.25697,0.25274,0.25604,5137.0,13155.2408
1784868960000,0.25609,0.26144,0.25609,0.26022,7562.0,19641.1538
1784869020000,0.26028,0.26372,0.26028,0.26251,5415.0,14191.8616
1784869080000,0.262,0.26265,0.25747,0.25999,2746.0,7120.3117
1784869140000,0.25958,0.26002,0.25726,0.25863,1415.0,3653.1097
1784869200000,0.25835,0.2616,0.25835,0.25891,2266.0,5889.3215
1784869260000,0.25887,0.25887,0.25497,0.25571,860.0,2202.3164
1784869320000,0.25563,0.25563,0.25321,0.25362,4258.0,10798.1956
1784869380000,0.25349,0.25358,0.24892,0.24938,5846.0,14687.5502
1784869440000,0.24932,0.24994,0.24692,0.24797,3435.0,8528.9362
1784869500000,0.2476,0.24792,0.24617,0.24756,2869.0,7074.6175
1784869560000,0.24761,0.24865,0.24639,0.24681,2361.0,5847.8086
1784869620000,0.24668,0.25117,0.24648,0.25082,3056.0,7617.0258
1784869680000,0.2511,0.25124,0.24708,0.24774,2308.0,5742.6421
1784869740000,0.24801,0.25,0.248,0.24909,4679.0,11688.3073
1784869800000,0.24914,0.24929,0.24746,0.24794,1006.0,2494.8365
1784869860000,0.24867,0.24926,0.24798,0.24798,843.0,2094.8176
1784869920000,0.24799,0.24957,0.24799,0.24924,1521.0,3789.2605
1784869980000,0.24905,0.24923,0.24841,0.2487,240.0,596.6802
1784870040000,0.24843,0.24994,0.24804,0.24975,365.0,908.6328
1784870100000,0.24953,0.24999,0.24942,0.24949,597.0,1490.721
1784870160000,0.24967,0.24967,0.24847,0.2495,461.0,1149.0179
1784870220000,0.2495,0.25079,0.2495,0.24981,783.0,1959.1426
1784870280000,0.24952,0.25243,0.24952,0.25179,647.0,1629.3224
1784870340000,0.25193,0.25211,0.2493,0.25035,299.0,748.1859
1784870400000,0.25049,0.25049,0.24887,0.24977,86.0,214.6503
1784870460000,0.25017,0.25128,0.25017,0.25075,179.0,448.8402
1784870520000,0.25144,0.25249,0.25067,0.25067,221.0,556.3108
1784870580000,0.24974,0.2507,0.2497,0.25002,148.0,370.1932
1784870640000,0.25019,0.25019,0.24837,0.24877,2082.0,5178.5106
1784870700000,0.24857,0.24966,0.24857,0.24922,278.0,692.5151
1784870760000,0.24908,0.25061,0.24854,0.24854,125.0,311.9748
1784870820000,0.24863,0.24903,0.24863,0.24898,305.0,759.1825
1784870880000,0.24891,0.24891,0.24729,0.24781,641.0,1590.3485
1784870940000,0.24868,0.24868,0.24763,0.24763,376.0,934.4753
1784871000000,0.24762,0.24853,0.24762,0.2481,3290.0,8153.7389
1784871060000,0.2475,0.2483,0.24679,0.24797,9703.0,24006.3341
1784871120000,0.24773,0.2479,0.2469,0.24739,4172.0,10339.8986
1784871180000,0.24708,0.24784,0.2464,0.24668,2755.0,6793.472
1784871240000,0.24673,0.24673,0.24468,0.24615,3719.0,9140.2765
1784871300000,0.24647,0.24657,0.2409,0.24501,22745.0,55176.722
1784871360000,0.24478,0.24611,0.24307,0.24611,4496.0,10978.419
1784871420000,0.24625,0.24869,0.24514,0.24526,3745.0,9233.3303
1784871480000,0.24534,0.24795,0.24523,0.24755,508.0,1255.1765
1784871540000,0.24728,0.24738,0.24659,0.2468,530.0,1309.6433
1784871600000,0.24723,0.24976,0.24693,0.24839,4829.0,12003.3214
1784871660000,0.24843,0.25123,0.24843,0.25123,7465.0,18667.2161
1784871720000,0.25137,0.25138,0.24951,0.24986,1356.0,3395.6955
1784871780000,0.24993,0.25125,0.24993,0.25027,1758.0,4407.9885
1784871840000,0.25026,0.251,0.25026,0.25032,717.0,1799.0324
1784871900000,0.24994,0.24994,0.24693,0.24828,1673.0,4153.081
1784871960000,0.24826,0.24826,0.24674,0.24681,3825.0,9441.1369
1784872020000,0.24731,0.2503,0.24731,0.2503,4902.0,12247.3546
1784872080000,0.25,0.25119,0.25,0.25043,2525.0,6333.2244
1784872140000,0.2509,0.25262,0.2509,0.25216,1342.0,3374.2344
1784872200000,0.25248,0.25327,0.25216,0.25287,4386.0,11081.7285
1784872260000,0.25346,0.25491,0.25304,0.25453,2025.0,5142.7594
1784872320000,0.25476,0.25589,0.25235,0.25317,4011.0,10190.0699
1784872380000,0.25285,0.25306,0.25,0.25,1985.0,4976.7502
1784872440000,0.25026,0.25026,0.24822,0.24954,1341.0,3341.6287
1784872500000,0.24992,0.25069,0.24823,0.24828,4132.0,10319.8556
1784872560000,0.24826,0.25254,0.24826,0.25229,2040.0,5129.5759
1784872620000,0.25211,0.25211,0.25109,0.25183,700.0,1762.4653
1784872680000,0.25338,0.25481,0.25321,0.25414,2839.0,7206.7944
1784872740000,0.25422,0.25572,0.25391,0.25428,2495.0,6363.9193
1784872800000,0.2547,0.25548,0.25467,0.25523,922.0,2350.1591
1784872860000,0.25559,0.25675,0.25559,0.25573,912.0,2335.0825
1784872920000,0.2563,0.25692,0.25573,0.25663,979.0,2513.0865
1784872980000,0.25668,0.25941,0.25668,0.25941,2453.0,6331.8249
1784873040000,0.25919,0.25977,0.25778,0.25912,675.0,1748.0806
1784873100000,0.25903,0.25956,0.25797,0.25911,1049.0,2716.4142
1784873160000,0.25906,0.26,0.25906,0.25953,757.0,1964.0644
1784873220000,0.25931,0.26019,0.25826,0.25876,972.0,2516.6462
1784873280000,0.25873,0.2596,0.25776,0.25854,2640.0,6821.4737
1784873340000,0.25828,0.25948,0.25828,0.25856,635.0,1642.502
1784873400000,0.25852,0.25947,0.25814,0.25933,1342.0,3470.9879
1784873460000,0.25953,0.25981,0.25915,0.25963,310.0,804.5466
1784873520000,0.26066,0.26289,0.25994,0.26058,1013.0,2649.241
1784873580000,0.26054,0.26121,0.25868,0.25868,733.0,1903.3657
1784873640000,0.25855,0.25967,0.25855,0.25963,946.0,2452.3793
1784873700000,0.25919,0.25988,0.2582,0.25828,518.0,1343.1793
1784873760000,0.25792,0.25826,0.25478,0.25478,2536.0,6490.7183
1784873820000,0.25456,0.25456,0.24914,0.24951,13416.0,33793.7961
1784873880000,0.24976,0.25088,0.24825,0.24863,6005.0,14977.5791
1784873940000,0.2487,0.24997,0.24669,0.24798,2567.0,6369.8006
1784874000000,0.2485,0.2485,0.24679,0.24681,1791.0,4431.8839
1784874060000,0.2464,0.24749,0.24483,0.24749,1483.0,3641.1809
1784874120000,0.24716,0.24934,0.24697,0.24888,12280.0,30506.1607
1784874180000,0.24885,0.24982,0.24848,0.24887,1281.0,3192.8349
1784874240000,0.24813,0.24976,0.24813,0.24931,223.0,554.69
1784874300000,0.2488,0.2488,0.24783,0.24806,2560.0,6359.3613
1784874360000,0.24805,0.24833,0.24685,0.24699,835.0,2067.8785
1784874420000,0.24694,0.24849,0.24694,0.24834,1953.0,4844.6912
1784874480000,0.24765,0.24816,0.24665,0.24667,1073.0,2655.3031
1784874540000,0.2465,0.24695,0.24467,0.24539,6599.0,16211.1648
1784874600000,0.2448,0.24509,0.23089,0.2367,41270.0,97718.4627
1784874660000,0.23641,0.23928,0.2363,0.23928,13851.0,32951.1485
1784874720000,0.23908,0.24076,0.23862,0.23952,4213.0,10095.8517
1784874780000,0.23946,0.24233,0.23856,0.24191,11438.0,27613.3453
1784874840000,0.24182,0.24183,0.23915,0.24164,4260.0,10229.5735
1784874900000,0.24136,0.24239,0.241,0.24239,1568.0,3789.3255
1784874960000,0.24264,0.24414,0.24194,0.24364,4835.0,11751.6221
1784875020000,0.24391,0.24746,0.24317,0.24714,5502.0,13522.8399
1784875080000,0.24702,0.25275,0.24671,0.2522,22798.0,56899.0774
1784875140000,0.25234,0.25327,0.25033,0.25233,2230.0,5615.7483
1784875200000,0.2535,0.2565,0.25297,0.2565,8771.0,22313.9304
1784875260000,0.25669,0.25781,0.2558,0.25708,2418.0,6205.0854
1784875320000,0.25697,0.25815,0.25606,0.25643,2555.0,6570.3962
1784875380000,0.25669,0.26,0.25487,0.25907,5819.0,14944.7349
1784875440000,0.259,0.262,0.25875,0.262,762.0,1985.8558
1784875500000,0.26205,0.26711,0.25893,0.26711,14166.0,37432.1089
1784875560000,0.26734,0.27439,0.26656,0.27039,18489.0,49935.2693
1784875620000,0.27022,0.27331,0.2649,0.26678,7092.0,18973.4108
1784875680000,0.26669,0.27054,0.26492,0.26905,4090.0,10970.3096
1784875740000,0.26927,0.26987,0.26641,0.26812,3592.0
1784875800000,0.2677,0.26864,0.26472,0.26513,11498.0
1784875860000,0.26595,0.26936,0.26595,0.26814,4253.0
1784875920000,0.26868,0.27082,0.26754,0.26847,2149.0
1784875980000,0.2694,0.27012,0.26782,0.26841,764.0
1784876040000,0.26892,0.2711,0.26859,0.2711,4414.0
1784876100000,0.27132,0.2728,0.27132,0.27198,3095.0
1784876160000,0.27344,0.27352,0.27176,0.27226,2149.0
1784876220000,0.27338,0.27389,0.27232,0.27342,923.0
1784876280000,0.27368,0.27394,0.27006,0.27192,1616.0
1784876340000,0.27201,0.27228,0.26923,0.26934,1187.0
1784876400000,0.26983,0.2719,0.26916,0.27151,734.0
1784876460000,0.27158,0.27272,0.27145,0.27245,20926.0
1784876520000,0.27245,0.27272,0.27201,0.27262,100224.0
1784876580000,0.27263,0.27263,0.27052,0.27119,7298.0
1784876640000,0.27149,0.27191,0.27079,0.27142,328.0
1784876700000,0.27143,0.27188,0.27013,0.27041,431.0
1784876760000,0.26968,0.27101,0.26838,0.27002,1807.0
1784876820000,0.27094,0.27119,0.26482,0.26607,23026.0
1784876880000,0.26606,0.2712,0.2658,0.26884,7595.0
1784876940000,0.26922,0.27261,0.26922,0.27168,2734.0
1784877000000,0.27164,0.27217,0.27011,0.27032,1506.0
1784877060000,0.27017,0.27125,0.2697,0.26979,5297.0
1784877120000,0.26962,0.2714,0.26809,0.27129,10531.0
1784877180000,0.27175,0.27272,0.26972,0.27017,17715.0
1784877240000,0.27035,0.27145,0.26966,0.26966,1449.0
1784877300000,0.269,0.26927,0.26666,0.26694,5268.0
1784877360000,0.26664,0.26723,0.2646,0.2652,24233.0
1784877420000,0.26496,0.27246,0.26483,0.27211,6916.0
1784877480000,0.27232,0.27232,0.27015,0.27015,1550.0
1784877540000,0.2701,0.27018,0.26756,0.26794,1389.0
1784877600000,0.26769,0.27168,0.26769,0.27064,1850.0
1784877660000,0.27032,0.27165,0.27032,0.27119,2745.0
1784877720000,0.27077,0.27128,0.27072,0.27127,1695.0
1784877780000,0.27002,0.27002,0.2675,0.26799,1060.0
1784877840000,0.26923,0.26933,0.26672,0.2671,3984.0
1784877900000,0.26706,0.26953,0.26675,0.26953,6127.0
1784877960000,0.26965,0.27151,0.26965,0.27104,3195.0
1784878020000,0.27078,0.27272,0.27078,0.27227,4893.0
1784878080000,0.27235,0.2792,0.27221,0.27436,70001.0
1784878140000,0.27475,0.27498,0.27156,0.27228,3453.0
1784878200000,0.27245,0.27603,0.27245,0.27553,5190.0
1784878260000,0.27582,0.2796,0.27582,0.2783,3051.0
1784878320000,0.27859,0.27885,0.27637,0.27703,1422.0
1784878380000,0.27748,0.27965,0.27748,0.27759,5840.0
1784878440000,0.27763,0.27926,0.2747,0.27596,5709.0
1784878500000,0.27623,0.2784,0.2762,0.27787,371.0
1784878560000,0.27805,0.2792,0.27805,0.2788,584.0
1784878620000,0.27889,0.27954,0.27773,0.27821,1929.0
1784878680000,0.27812,0.2788,0.27801,0.27852,271.0
1784878740000,0.27836,0.2788,0.27744,0.27876,320.0
1784878800000,0.27895,0.27916,0.27789,0.27813,570.0
1784878860000,0.27833,0.27904,0.27719,0.27776,1132.0
1784878920000,0.278,0.2825,0.278,0.28006,9137.0
1784878980000,0.28003,0.28088,0.27861,0.27941,2224.0
1784879040000,0.27919,0.27937,0.27665,0.27804,10218.0
1784879100000,0.27825,0.28039,0.27799,0.27995,1270.0
1784879160000,0.27917,0.27967,0.27768,0.27904,3023.0
1784879220000,0.27861,0.27938,0.27857,0.27885,2210.0
1784879280000,0.27889,0.27929,0.27819,0.27834,1618.0
1784879340000,0.27834,0.27854,0.27676,0.27676,299.0
1784879400000,0.27667,0.27682,0.27566,0.27575,2209.0
1784879460000,0.27647,0.27659,0.273,0.27346,7180.0
1784879520000,0.27342,0.27364,0.27002,0.27072,20738.0
1784879580000,0.2702,0.27041,0.26753,0.26995,6374.0
1784879640000,0.27016,0.27016,0.26806,0.26852,6038.0
1784879700000,0.26829,0.27307,0.26806,0.27194,2559.0
1784879760000,0.27219,0.27219,0.26899,0.26996,1460.0
1784879820000,0.26903,0.27135,0.26883,0.27117,492.0
1784879880000,0.27075,0.27159,0.26776,0.26776,3449.0
1784879940000,0.26879,0.27046,0.2682,0.26965,440.0
1784880000000,0.26991,0.27114,0.26972,0.27037,768.0
1784880060000,0.26997,0.27052,0.26926,0.2701,323.0
1784880120000,0.27081,0.27183,0.27009,0.27183,142.0
1784880180000,0.27198,0.27198,0.27066,0.27066,135.0
1784880240000,0.27071,0.27227,0.27063,0.27152,673.0
1784880300000,0.27179,0.2745,0.27179,0.27353,11671.0
1784880360000,0.27409,0.27419,0.27352,0.27394,76.0
1784880420000,0.27265,0.27405,0.27265,0.27321,174.0
1784880480000,0.27381,0.27388,0.27286,0.27318,422.0
1784880540000,0.27314,0.27432,0.27314,0.27388,149.0
1784880600000,0.27398,0.27398,0.27146,0.27236,2255.0
1784880660000,0.27214,0.27251,0.27197,0.2721,146.0
1784880720000,0.27285,0.27373,0.27285,0.27342,2887.0
1784880780000,0.27326,0.27444,0.27326,0.27444,686.0
1784880840000,0.27445,0.27462,0.27278,0.27329,576.0
1784880900000,0.27326,0.2749,0.27326,0.27449,548.0
1784880960000,0.27414,0.27414,0.27216,0.27304,391.0
1784881020000,0.27307,0.27332,0.27276,0.27308,562.0
1784881080000,0.27275,0.27344,0.27275,0.27344,145.0
1784881140000,0.27338,0.27351,0.27205,0.27297,390.0
1784881200000,0.27295,0.2731,0.272,0.272,1383.0
1784881260000,0.27219,0.27316,0.2715,0.27316,4763.0
1784881320000,0.27333,0.27471,0.27333,0.27471,974.0
1784881380000,0.2745,0.277,0.27439,0.27627,4452.0
1784881440000,0.27611,0.27746,0.27591,0.27648,1996.0
1784881500000,0.27679,0.27778,0.27539,0.27683,456.0
1784881560000,0.27693,0.27693,0.27604,0.27604,121.0
1784881620000,0.27614,0.27789,0.27614,0.27772,261.0
1784881680000,0.27802,0.27813,0.27732,0.27808,5700.0
1784881740000,0.27826,0.27984,0.27826,0.27919,679.0
1784881800000,0.2788,0.27998,0.27812,0.27902,584.0
1784881860000,0.2791,0.27958,0.27888,0.27927,84.0
1784881920000,0.27888,0.28158,0.27888,0.28081,13318.0
1784881980000,0.28094,0.283,0.28094,0.283,8215.0
1784882040000,0.283,0.28591,0.28229,0.28539,109938.0
1784882100000,0.28571,0.28782,0.28468,0.28666,27427.0
1784882160000,0.28666,0.28877,0.28608,0.28649,16083.0
1784882220000,0.28623,0.28674,0.2835,0.28572,8177.0
1784882280000,0.28591,0.28671,0.28535,0.28535,2245.0
1784882340000,0.2854,0.28806,0.2854,0.2873,13958.0
1784882400000,0.28787,0.29061,0.28694,0.28825,49170.0
1784882460000,0.28838,0.28904,0.28646,0.28824,7048.0
1784882520000,0.28813,0.28993,0.28787,0.28809,9290.0
1784882580000,0.28806,0.29009,0.28805,0.2899,3869.0
1784882640000,0.29006,0.29024,0.28712,0.2872,2991.0
1784882700000,0.28723,0.28839,0.2847,0.28552,1771.0
1784882760000,0.28598,0.28772,0.28522,0.28542,1180.0
1784882820000,0.28558,0.28674,0.2855,0.28576,2686.0
1784882880000,0.28565,0.28825,0.28548,0.28825,1556.0
1784882940000,0.28876,0.2902,0.28658,0.288,3236.0
1784883000000,0.28834,0.28936,0.28711,0.28749,2281.0
1784883060000,0.28762,0.28895,0.28708,0.2889,1885.0
1784883120000,0.28914,0.28987,0.28818,0.28879,1214.0
1784883180000,0.28908,0.295,0.28908,0.29408,5974.0
1784883240000,0.29393,0.29393,0.2915,0.29151,3258.0
1784883300000,0.29154,0.29297,0.28958,0.29044,1831.0
1784883360000,0.29034,0.29123,0.28986,0.29003,758.0
1784883420000,0.28973,0.29255,0.28973,0.29172,3116.0
1784883480000,0.29174,0.29382,0.29174,0.29217,1043.0
1784883540000,0.29244,0.29481,0.29205,0.29473,777.0
1784883600000,0.295,0.29665,0.2944,0.29561,3414.0
1784883660000,0.29552,0.29686,0.29414,0.2946,608.0
1784883720000,0.29415,0.29454,0.29056,0.29332,11452.0
1784883780000,0.29343,0.29404,0.29106,0.29242,4585.0
1784883840000,0.29215,0.29354,0.29209,0.29209,2907.0
1784883900000,0.29231,0.29332,0.29195,0.29278,798.0
1784883960000,0.29329,0.29375,0.29165,0.29271,681.0
1784884020000,0.29305,0.29354,0.29136,0.29158,524.0
1784884080000,0.29158,0.2918,0.28787,0.28829,8161.0
1784884140000,0.28871,0.29061,0.28807,0.28854,3255.0
1784884200000,0.28884,0.29248,0.28884,0.29223,1121.0
1784884260000,0.29225,0.29255,0.29003,0.29046,940.0
1784884320000,0.29035,0.29059,0.2869,0.28981,6502.0
1784884380000,0.29002,0.29097,0.28967,0.28967,1871.0
1784884440000,0.28994,0.29133,0.28956,0.29106,2302.0
1784884500000,0.29118,0.29138,0.28952,0.29126,922.0
1784884560000,0.29166,0.29179,0.28952,0.29027,371.0
1784884620000,0.29102,0.29169,0.29063,0.29074,551.0
1784884680000,0.2908,0.29111,0.28843,0.28948,971.0
1784884740000,0.28946,0.29012,0.28789,0.28797,1117.0
1784884800000,0.28832,0.28921,0.28667,0.28668,2392.0
1784884860000,0.28646,0.28668,0.28263,0.28392,7380.0
1784884920000,0.28416,0.28502,0.28295,0.28478,7431.0
1784884980000,0.28488,0.28591,0.28405,0.28511,1272.0
1784885040000,0.28501,0.28581,0.28485,0.28543,586.0
1784885100000,0.28537,0.29052,0.28521,0.28979,1273.0
1784885160000,0.28874,0.28882,0.28738,0.28819,597.0
1784885220000,0.28843,0.28931,0.28797,0.289,2880.0
1784885280000,0.28907,0.29243,0.28876,0.29076,2042.0
1784885340000,0.29079,0.29087,0.28901,0.29021,1101.0
1784885400000,0.29007,0.29007,0.28717,0.28956,971.0
1784885460000,0.28979,0.29086,0.28939,0.29048,1377.0
1784885520000,0.29074,0.29393,0.29074,0.29214,3231.0
1784885580000,0.29197,0.29518,0.29194,0.29392,35704.0
1784885640000,0.29417,0.29488,0.29267,0.29317,8530.0
1784885700000,0.293,0.29322,0.28986,0.29036,5130.0
1784885760000,0.29019,0.29049,0.28821,0.29029,6211.0
1784885820000,0.29048,0.29049,0.2876,0.28785,1884.0
1784885880000,0.28762,0.28869,0.28632,0.28773,1532.0
1784885940000,0.28751,0.28894,0.28635,0.28894,7114.0
1784886000000,0.28917,0.29172,0.28917,0.29172,3477.0
1784886060000,0.29182,0.29404,0.29165,0.29398,4315.0
1784886120000,0.29368,0.29668,0.29368,0.29455,4962.0
1784886180000,0.29443,0.29443,0.29139,0.2928,1003.0
1784886240000,0.29272,0.29272,0.29104,0.29194,3564.0
1784886300000,0.29224,0.29585,0.29224,0.29412,4100.0
1784886360000,0.29399,0.29675,0.29346,0.29584,1649.0
1784886420000,0.29597,0.29691,0.29403,0.29451,1286.0
1784886480000,0.29484,0.29575,0.29484,0.29523,4029.0
1784886540000,0.29505,0.29531,0.29363,0.29518,399.0
1784886600000,0.29476,0.29484,0.2932,0.29484,456.0
1784886660000,0.29507,0.29681,0.29502,0.29549,4287.0
1784886720000,0.2956,0.29574,0.29457,0.29531,787.0
1784886780000,0.29499,0.29499,0.29341,0.29432,212.0
1784886840000,0.29444,0.29477,0.29392,0.29412,153.0
1784886900000,0.29347,0.29499,0.29347,0.29428,689.0
1784886960000,0.29437,0.29461,0.29409,0.29458,85.0
1784887020000,0.29425,0.29516,0.29405,0.29467,1083.0
1784887080000,0.29495,0.29577,0.2946,0.29496,594.0
1784887140000,0.29484,0.29484,0.29345,0.29378,377.0
1784887200000,0.29379,0.29417,0.29273,0.29403,333.0
1784887260000,0.29416,0.29591,0.29376,0.29477,1561.0
1784887320000,0.29479,0.295,0.29451,0.29463,292.0
1784887380000,0.29467,0.29612,0.29467,0.29528,1177.0
1784887440000,0.29495,0.29503,0.2946,0.2946,151.0
1784887500000,0.29455,0.29513,0.2934,0.29431,1984.0
1784887560000,0.29435,0.299,0.29425,0.29647,21058.0
1784893740000,0.29743,0.2976,0.29704,0.2976,129.0,383.4586
1784893800000,0.29765,0.29789,0.29765,0.29788,61.0,181.6532
1784893860000,0.29758,0.29814,0.29758,0.29797,290.0,864.176
1784893920000,0.29804,0.30178,0.29804,0.29993,7277.0,21830.3489
1784893980000,0.2998,0.30456,0.29962,0.3043,15476.0,46860.4229
1784894040000,0.30449,0.30463,0.3008,0.30136,3735.0,11293.2458
1784894100000,0.30152,0.30833,0.29774,0.29774,9579.0,28961.1591
1784894160000,0.29739,0.29739,0.285,0.28953,32026.0,92338.0798
1784894220000,0.28932,0.29051,0.27714,0.28715,27554.0,78020.2049
1784894280000,0.28722,0.28832,0.28082,0.28315,10661.0,30314.2761
1784894340000,0.28314,0.28717,0.28229,0.2864,4585.0,13071.2834
1784894400000,0.28607,0.29106,0.28555,0.2896,10884.0,31549.862
1784894460000,0.28905,0.2908,0.28532,0.28988,6786.0,19559.0965
1784894520000,0.29034,0.29039,0.28847,0.28994,1926.0,5579.2153
1784894580000,0.29036,0.29259,0.28732,0.28732,1502.0,4366.604
1784894640000,0.28773,0.29016,0.28636,0.29008,2417.0,6962.7803
1784894700000,0.2906,0.29066,0.28706,0.28908,1392.0,4018.4818
1784894760000,0.28933,0.29401,0.28867,0.29179,3032.0,8836.6304
1784894820000,0.29207,0.293,0.28994,0.29134,10344.0,30074.0536
1784894880000,0.29117,0.29131,0.28843,0.29058,8844.0,25650.7787
1784894940000,0.29073,0.29409,0.29073,0.29382,4355.0,12772.6141
1784895000000,0.29397,0.29427,0.29312,0.29312,2038.0,5986.2232
1784895060000,0.29286,0.29541,0.29248,0.29525,1215.0,3577.109
1784895120000,0.29476,0.29559,0.29376,0.29446,1244.0,3664.7466
1784895180000,0.29457,0.29897,0.29457,0.29841,2179.0,6484.3367
1784895240000,0.29862,0.299,0.29759,0.29809,1818.0,5419.6988
1784895300000,0.29758,0.29937,0.29698,0.2988,1309.0,3901.3511
1784895360000,0.29881,0.29899,0.29683,0.2973,3240.0,9642.5407
1784895420000,0.29741,0.30177,0.29684,0.30054,5179.0,15531.6869
1784895480000,0.30103,0.30406,0.29986,0.30268,5912.0,17849.7534
1784895540000,0.30231,0.30322,0.30151,0.30242,4567.0,13809.3916
1784895600000,0.30224,0.30251,0.30088,0.30172,6655.0,20083.0172
1784895660000,0.30178,0.30192,0.29849,0.30186,9406.0,28228.6267
1784895720000,0.30186,0.30343,0.301,0.30127,11500.0,34801.9953
1784895780000,0.3015,0.30347,0.30133,0.30279,3020.0,9134.91
1784895840000,0.30271,0.30442,0.30236,0.30352,4411.0,13388.2028
1784895900000,0.30276,0.30394,0.30226,0.30288,2948.0,8938.1228
1784895960000,0.30263,0.30525,0.30161,0.30495,14950.0,45420.7696
1784896020000,0.30461,0.30482,0.30251,0.30277,6003.0,18212.5591
1784896080000,0.30245,0.30502,0.29969,0.30432,7031.0,21242.386
1784896140000,0.30443,0.30542,0.30332,0.30459,7138.0,21742.1531
1784896200000,0.30453,0.30849,0.29667,0.29925,8569.0,25976.5668
1784896260000,0.29935,0.30007,0.29475,0.29923,3581.0,10652.8869
1784896320000,0.29918,0.30014,0.29725,0.29817,2242.0,6694.8149
1784896380000,0.29788,0.30003,0.29698,0.29989,1086.0,3243.7667
1784896440000,0.29977,0.30014,0.29775,0.29809,771.0,2299.1542
1784896500000,0.29771,0.29813,0.29666,0.29813,138.0,410.951
1784896560000,0.29787,0.29936,0.29787,0.29865,174.0,520.3852
1784896620000,0.29887,0.30174,0.29887,0.29972,2078.0,6252.0776
1784896680000,0.29955,0.30004,0.29886,0.29961,99.0,296.2488
1784896740000,0.29976,0.29976,0.29805,0.29878,1186.0,3547.4784
1784896800000,0.29854,0.30025,0.29842,0.29913,197.0,590.1203
1784896860000,0.29967,0.30041,0.29967,0.29983,116.0,347.9318
1784896920000,0.29887,0.29887,0.29791,0.29841,1860.0,5549.0612
1784896980000,0.29827,0.29839,0.29713,0.29753,453.0,1348.0674
1784897040000,0.2965,0.29792,0.29584,0.29743,484.0,1438.3086
1784897100000,0.29739,0.29739,0.29479,0.2964,881.0,2603.3053
1784897160000,0.29665,0.29673,0.29552,0.29585,192.0,568.4333
1784897220000,0.29595,0.29649,0.29585,0.29649,433.0,1281.749
1784897280000,0.29571,0.29716,0.29562,0.29646,6404.0,18946.7978
1784897340000,0.29661,0.29677,0.29498,0.29529,452.0,1335.8029
1784897400000,0.29549,0.29736,0.29549,0.29727,3665.0,10871.9839
1784897460000,0.29727,0.29837,0.29691,0.29707,317.0,944.3804
1784897520000,0.29662,0.2972,0.29457,0.29457,515.0,1521.4434
1784897580000,0.29463,0.29595,0.29266,0.29456,5473.0,16138.8383
1784897640000,0.29478,0.29778,0.29457,0.29729,3101.0,9168.1567
1784897700000,0.29751,0.30017,0.29724,0.29855,3462.0,10363.1146
1784897760000,0.2989,0.29988,0.2989,0.29927,351.0,1051.0155
1784897820000,0.29942,0.29955,0.29505,0.29632,7521.0,22259.8091
1784897880000,0.29642,0.29829,0.29554,0.29785,6678.0,19797.6873
1784897940000,0.29793,0.29972,0.2977,0.29972,597.0,1785.3771
1784898000000,0.29976,0.30236,0.29976,0.30147,6029.0,18207.4423
1784898060000,0.30142,0.30142,0.29873,0.30042,1077.0,3231.7081
1784898120000,0.30083,0.30195,0.30044,0.3009,1999.0,6021.7968
1784898180000,0.30098,0.30222,0.30045,0.30102,3379.0,10172.1203
1784898240000,0.30162,0.30479,0.30151,0.30435,10007.0,30357.2895
1784898300000,0.30396,0.30445,0.30218,0.30236,9291.0,28170.6492
1784898360000,0.30251,0.30305,0.29884,0.30012,5296.0,15917.6344
1784898420000,0.29997,0.30185,0.29997,0.30185,4171.0,12548.382
1784898480000,0.3015,0.30398,0.3015,0.30269,3817.0,11574.8835
1784898540000,0.3025,0.30373,0.30225,0.30373,4636.0,14055.6534
1784898600000,0.30336,0.30361,0.30274,0.30301,1667.0,5050.8885
1784898660000,0.30331,0.30519,0.30331,0.30426,6334.0,19267.8888
1784898720000,0.30445,0.30451,0.30232,0.30232,3458.0,10489.8658
1784898780000,0.30254,0.30292,0.3016,0.30253,2443.0,7381.3578
1784898840000,0.30217,0.30234,0.29902,0.3012,4339.0,13021.5602
1784898900000,0.30073,0.30208,0.29979,0.30208,4989.0,14991.6564
1784898960000,0.30192,0.30379,0.30192,0.30244,4682.0,14192.9087
1784899020000,0.30251,0.30316,0.30062,0.30292,1855.0,5601.214
1784899080000,0.30278,0.30363,0.30143,0.3032,3399.0,10293.9658
1784899140000,0.30321,0.30337,0.30159,0.30296,3869.0,11697.7671
1784899200000,0.30309,0.30485,0.30292,0.30396,2140.0,6499.3662
1784899260000,0.30393,0.30492,0.30307,0.3036,791.0,2402.4061
1784899320000,0.30293,0.30362,0.30214,0.30332,1832.0,5548.851
1784899380000,0.30384,0.30586,0.30384,0.30429,1945.0,5935.6399
1784899440000,0.3045,0.30453,0.30218,0.30218,570.0,1728.2717
1784899500000,0.3026,0.30261,0.30014,0.30156,3165.0,9514.0885
1784899560000,0.30195,0.30195,0.30095,0.30133,1683.0,5074.4475
1784899620000,0.30122,0.30143,0.29989,0.30017,1097.0,3298.0052
1784899680000,0.29984,0.30087,0.29918,0.30059,2849.0,8552.7131
1784899740000,0.30041,0.30041,0.29913,0.29992,709.0,2124.8333
1784899800000,0.2995,0.29992,0.29725,0.29845,3197.0,9550.1423
1784899860000,0.29807,0.29837,0.29691,0.29799,3014.0,8965.319
1784899920000,0.29961,0.30006,0.29903,0.30006,230.0,688.803
1784899980000,0.29984,0.3033,0.29966,0.30197,4571.0,13811.4823
1784900040000,0.30255,0.30314,0.30224,0.30236,1559.0,4718.2079
1784900100000,0.30208,0.30383,0.30199,0.30328,608.0,1843.6436
1784900160000,0.30344,0.30344,0.30069,0.30193,845.0,2549.818
1784900220000,0.3017,0.30253,0.30063,0.30253,1574.0,4743.4138
1784900280000,0.30284,0.303,0.3017,0.3017,205.0,620.6016
1784900340000,0.30212,0.3059,0.30202,0.30218,2309.0,7005.9125
1784900400000,0.30187,0.30195,0.2993,0.30011,5411.0,16269.7365
1784900460000,0.30029,0.30032,0.29657,0.29808,2572.0,7673.7438
1784900520000,0.29788,0.30256,0.2949,0.30032,15450.0,45902.3648
1784900580000,0.30015,0.30101,0.29987,0.29987,667.0,2004.8714
1784900640000,0.29958,0.30017,0.29818,0.29906,1296.0,3880.3612
1784900700000,0.29889,0.29992,0.29653,0.29653,2445.0,7281.9928
1784900760000,0.29635,0.29901,0.29519,0.29901,3154.0,9351.196
1784900820000,0.29821,0.29856,0.29647,0.29647,1315.0,3911.5921
1784900880000,0.29676,0.30052,0.29662,0.30016,3393.0,10157.696
1784900940000,0.30092,0.30092,0.29839,0.29839,2100.0,6296.412
1784901000000,0.29852,0.29852,0.2969,0.29759,644.0,1916.5717
1784901060000,0.29809,0.29998,0.29792,0.29985,1498.0,4477.6877
1784901120000,0.30059,0.3006,0.30016,0.30039,240.0,721.1937
1784901180000,0.30003,0.30039,0.29882,0.30007,620.0,1858.0033
1784901240000,0.30029,0.30046,0.29832,0.29959,964.0,2889.2318
1784901300000,0.29888,0.29908,0.29791,0.2985,1209.0,3609.2099
1784901360000,0.29906,0.29913,0.29737,0.29841,946.0,2821.5243
1784901420000,0.29777,0.29875,0.29713,0.29817,1123.0,3343.0745
1784901480000,0.29794,0.29806,0.29613,0.29734,1084.0,3217.3069
1784901540000,0.29688,0.29693,0.29519,0.29552,1691.0,5003.5274
1784901600000,0.29554,0.29758,0.29513,0.29702,7789.0,23065.94
1784901660000,0.29702,0.29702,0.295,0.295,1263.0,3736.6053
1784901720000,0.29543,0.29579,0.29351,0.29478,1489.0,4390.158
1784901780000,0.29524,0.29525,0.29274,0.29307,6889.0,20238.7209
1784901840000,0.29309,0.29542,0.29056,0.29542,4975.0,14577.6616
1784901900000,0.29525,0.29896,0.29414,0.29859,7431.0,22074.2485
1784901960000,0.29799,0.29944,0.29795,0.29795,2392.0,7149.0403
1784902020000,0.2979,0.29822,0.29032,0.29283,6370.0,18740.7431
1784902080000,0.29292,0.29338,0.28799,0.29146,7788.0,22512.0801
1784902140000,0.29091,0.29475,0.29067,0.29475,2848.0,8355.7278
1784902200000,0.29419,0.2942,0.29046,0.29379,1404.0,4093.9317
1784902260000,0.29363,0.29647,0.29319,0.29475,8661.0,25625.8407
1784902320000,0.29502,0.29584,0.29475,0.29506,787.0,2322.943
1784902380000,0.2951,0.29564,0.29448,0.29497,11414.0,33672.5129
1784902440000,0.29545,0.29545,0.2939,0.29493,768.0,2265.126
1784902500000,0.29515,0.29537,0.29373,0.29535,454.0,1336.796
1784902560000,0.29568,0.29728,0.29548,0.29728,989.0,2931.3754
1784902620000,0.29687,0.29687,0.29584,0.29642,2703.0,8002.9845
1784902680000,0.29647,0.29792,0.29647,0.29792,1466.0,4360.8315
1784902740000,0.29713,0.29827,0.29673,0.29807,861.0,2562.3784
1784902800000,0.29807,0.29923,0.29698,0.29898,7433.0,22148.1138
1784902860000,0.299,0.30156,0.29891,0.30156,1481.0,4446.7302
1784902920000,0.30214,0.30248,0.2978,0.29791,2612.0,7816.457
1784902980000,0.2978,0.29826,0.29623,0.29677,8733.0,25959.5717
1784903040000,0.29697,0.29775,0.29644,0.29747,2071.0,6151.0118
1784903100000,0.29778,0.29841,0.29729,0.29789,2459.0,7327.9249
1784903160000,0.29766,0.2995,0.29766,0.29926,1362.0,4074.4794
1784903220000,0.29877,0.30002,0.29834,0.29934,374.0,1118.9737
1784903280000,0.29963,0.29963,0.29897,0.29915,468.0,1400.641
1784903340000,0.29889,0.29991,0.29862,0.29926,1273.0,3807.3631
1784903400000,0.29915,0.29979,0.29915,0.29962,1726.0,5169.7437
1784903460000,0.29998,0.3003,0.29925,0.3003,3204.0,9611.2013
1784903520000,0.30022,0.30054,0.29961,0.2999,899.0,2698.264
1784903580000,0.3002,0.30032,0.29908,0.29908,312.0,934.7665
1784903640000,0.29988,0.30004,0.29818,0.29818,645.0,1927.2512
1784903700000,0.29822,0.29846,0.29661,0.29759,2011.0,5983.1289
1784903760000,0.29702,0.29884,0.29702,0.29884,252.0,752.6043
1784903820000,0.29832,0.29961,0.29832,0.2991,187.0,559.4441
1784903880000,0.2993,0.29986,0.29855,0.29913,975.0,2916.3403
1784903940000,0.29925,0.29985,0.29925,0.29926,685.0,2052.8228
1784904000000,0.2989,0.2989,0.29682,0.29791,1785.0,5315.9736
1784904060000,0.298,0.29869,0.29643,0.29688,5959.0,17701.1679
1784904120000,0.29693,0.29861,0.29672,0.29861,690.0,2053.031
1784904180000,0.29867,0.29867,0.29681,0.29717,320.0,952.1273
1784904240000,0.29805,0.29884,0.29776,0.29866,186.0,554.3851
1784904300000,0.29817,0.29908,0.29761,0.29761,752.0,2242.6281
1784904360000,0.29814,0.299,0.29814,0.29884,1189.0,3551.081
1784904420000,0.29869,0.299,0.29742,0.29797,1269.0,3788.777
1784904480000,0.29821,0.29821,0.2968,0.29753,2330.0,6930.6029
1784904540000,0.29756,0.29771,0.29656,0.29693,1629.0,4839.1729
1784904600000,0.29704,0.29704,0.29468,0.29511,1383.0,4084.9467
1784904660000,0.2955,0.29555,0.29377,0.29547,7477.0,22046.0544
1784904720000,0.29527,0.29527,0.2943,0.29508,833.0,2457.3689
1784904780000,0.29483,0.29544,0.29419,0.29467,716.0,2110.8407
1784904840000,0.2947,0.29673,0.29445,0.29673,424.0,1250.6727
1784904900000,0.29671,0.29671,0.29511,0.29511,362.0,1070.7316
1784904960000,0.29597,0.2969,0.29597,0.2969,1106.0,3278.6547
1784905020000,0.29769,0.29817,0.2969,0.29817,2054.0,6116.0625
1784905080000,0.29783,0.2997,0.29772,0.2997,790.0,2357.6614
1784905140000,0.29846,0.2989,0.29835,0.29882,184.0,549.5949
1784905200000,0.29931,0.3,0.29917,0.29943,274.0,820.6798
1784905260000,0.29906,0.29942,0.29906,0.29942,76.0,227.4947
1784905320000,0.29952,0.29953,0.29913,0.29913,126.0,377.178
1784905380000,0.29861,0.299,0.2986,0.29891,89.0,265.8888
1784905440000,0.29883,0.29897,0.29801,0.29885,101.0,301.511
1784905500000,0.29927,0.29948,0.29843,0.29935,593.0,1774.2143
1784905560000,0.29935,0.30024,0.29839,0.2984,995.0,2976.2954
1784905620000,0.29862,0.29862,0.29727,0.29771,1915.0,5703.6387
1784905680000,0.29783,0.29783,0.29706,0.29751,605.0,1798.5497
1784905740000,0.29716,0.29793,0.29677,0.29761,2153.0
1784905800000,0.29818,0.29829,0.29688,0.29701,1851.0
1784905860000,0.29673,0.29761,0.29597,0.29761,598.0
1784905920000,0.29743,0.29751,0.29634,0.29729,497.0
1784905980000,0.29712,0.29777,0.29712,0.29777,1419.0
1784906040000,0.29738,0.29793,0.29738,0.29762,217.0
1784906100000,0.29758,0.29786,0.29601,0.29706,966.0
1784906160000,0.29701,0.29736,0.29639,0.29736,235.0
1784906220000,0.29777,0.29792,0.29688,0.29688,77.0
1784906280000,0.29661,0.29685,0.29629,0.29646,181.0
1784906340000,0.29649,0.29655,0.29619,0.29619,179.0
1784906400000,0.29678,0.2977,0.29665,0.29667,417.0
1784906460000,0.29634,0.29714,0.29586,0.29694,1545.0
1784906520000,0.29743,0.29772,0.29694,0.29772,2429.0
1784906580000,0.29722,0.29766,0.29695,0.29748,376.0
1784906640000,0.29738,0.29761,0.2973,0.2973,967.0
1784906700000,0.29777,0.29779,0.29755,0.29779,116.0
1784906760000,0.2971,0.29863,0.29694,0.29812,575.0
1784906820000,0.2981,0.29887,0.2976,0.29841,171.0
1784906880000,0.29812,0.29827,0.29786,0.29827,101.0
1784906940000,0.29845,0.29845,0.29753,0.29769,215.0
1784907000000,0.2972,0.29962,0.2972,0.29897,1233.0
1784907060000,0.2991,0.3011,0.2991,0.30081,1540.0
1784907120000,0.30068,0.30132,0.29985,0.30084,1220.0
1784907180000,0.30063,0.30063,0.29858,0.29914,675.0
1784907240000,0.29939,0.30093,0.29939,0.3003,3495.0
1784907300000,0.30114,0.3017,0.30099,0.30099,2328.0
1784907360000,0.30105,0.3011,0.3001,0.3005,871.0
1784907420000,0.30023,0.30076,0.30008,0.30076,211.0
1784907480000,0.30056,0.30071,0.29956,0.29994,294.0
1784907540000,0.29939,0.29939,0.29913,0.2992,148.0
1784907600000,0.29922,0.2994,0.29902,0.29928,160.0
1784907660000,0.29899,0.29915,0.2989,0.29905,158.0
1784907720000,0.30011,0.30023,0.29911,0.29959,638.0
1784907780000,0.29947,0.29947,0.2985,0.2993,1145.0
1784907840000,0.29936,0.29974,0.29929,0.29929,172.0
1784907900000,0.29999,0.3009,0.29999,0.30043,608.0
1784907960000,0.30041,0.30041,0.29941,0.30016,917.0
1784908020000,0.29979,0.30035,0.29979,0.30011,321.0
1784908080000,0.30025,0.30077,0.30014,0.3007,189.0
1784908140000,0.30062,0.30208,0.30062,0.3015,8800.0
1784908200000,0.30098,0.30102,0.30025,0.30041,1301.0
1784908260000,0.30092,0.30112,0.30045,0.30078,2556.0
1784908320000,0.30064,0.30064,0.29897,0.29969,3850.0
1784908380000,0.29965,0.30026,0.29897,0.29999,583.0
1784908440000,0.30025,0.30025,0.29943,0.29961,900.0
1784908500000,0.29954,0.29954,0.29873,0.29904,869.0
1784908560000,0.29915,0.3001,0.29875,0.29978,1459.0
1784908620000,0.29996,0.30061,0.29996,0.30012,218.0
1784908680000,0.30063,0.30068,0.30028,0.30068,353.0
1784908740000,0.30035,0.30035,0.30035,0.30035,8.0
1784908800000,0.30006,0.30031,0.29934,0.29959,606.0
1784908860000,0.29961,0.30011,0.29895,0.30011,757.0
1784908920000,0.29994,0.30033,0.29907,0.30033,1065.0
1784908980000,0.30013,0.3002,0.29919,0.29944,507.0
1784909040000,0.2992,0.29959,0.29896,0.29913,885.0
1784909100000,0.29908,0.29968,0.29871,0.29942,544.0
1784909160000,0.29951,0.29951,0.2992,0.29936,67.0
1784909220000,0.29971,0.29976,0.29937,0.29976,305.0
1784909280000,0.2997,0.2997,0.29923,0.29923,185.0
1784909340000,0.29915,0.29942,0.29902,0.29925,2003.0
1784909400000,0.29895,0.29955,0.29889,0.29917,438.0
1784909460000,0.29916,0.29916,0.29673,0.298,2331.0
1784909520000,0.29799,0.30032,0.29798,0.3,1045.0
1784909580000,0.29953,0.29962,0.29905,0.29956,268.0
1784909640000,0.29915,0.29938,0.29897,0.29897,23.0
1784909700000,0.29903,0.2996,0.29776,0.29956,724.0
1784909760000,0.29946,0.29952,0.29921,0.29933,226.0
1784909820000,0.29904,0.29921,0.29841,0.29881,389.0
1784909880000,0.29862,0.30047,0.29798,0.29948,2748.0
1784909940000,0.29956,0.29979,0.29913,0.2992,435.0
1784910000000,0.29941,0.29946,0.29938,0.29941,104.0
1784910060000,0.29938,0.29938,0.29754,0.29754,137.0
1784910120000,0.29746,0.29746,0.29606,0.29681,1834.0
1784910180000,0.29671,0.29728,0.29418,0.29586,3522.0
1784910240000,0.29537,0.29573,0.2939,0.29533,1201.0
1784910300000,0.29518,0.29585,0.29418,0.29418,528.0
1784910360000,0.29393,0.29498,0.29133,0.29498,4414.0
1784910420000,0.29447,0.2956,0.29401,0.29401,1846.0
1784910480000,0.29423,0.29538,0.29397,0.29474,692.0
1784910540000,0.29458,0.29528,0.2944,0.29528,199.0
1784910600000,0.29503,0.29503,0.2931,0.29378,6711.0
1784910660000,0.293,0.29375,0.2918,0.29267,3137.0
1784910720000,0.29275,0.29375,0.29264,0.2927,971.0
1784910780000,0.29297,0.29306,0.29255,0.29255,313.0
1784910840000,0.29226,0.29226,0.29101,0.29124,1168.0
1784910900000,0.29139,0.29174,0.28867,0.28952,5519.0
1784910960000,0.28975,0.29402,0.28967,0.29351,5093.0
1784911020000,0.29334,0.29404,0.29266,0.29267,1532.0
1784911080000,0.29268,0.29587,0.29268,0.29342,2309.0
1784911140000,0.29353,0.29371,0.29261,0.2928,297.0
1784911200000,0.29296,0.29354,0.29173,0.29199,1094.0
1784911260000,0.29171,0.29246,0.29126,0.29152,222.0
1784911320000,0.29157,0.29174,0.28924,0.28954,2528.0
1784911380000,0.28931,0.29013,0.28852,0.28903,1388.0
1784911440000,0.28939,0.29084,0.28925,0.2898,4919.0
1784911500000,0.28972,0.28979,0.28787,0.28909,5209.0
1784911560000,0.28906,0.2916,0.28897,0.29159,2121.0
1784911620000,0.29157,0.29338,0.29129,0.29296,2515.0
1784911680000,0.29285,0.29285,0.29144,0.29189,585.0
1784911740000,0.29179,0.29297,0.29157,0.29184,924.0
1784911800000,0.29192,0.2941,0.29192,0.29284,930.0
1784911860000,0.29288,0.29288,0.29174,0.29218,381.0
1784911920000,0.29238,0.29246,0.28835,0.28912,523.0
1784911980000,0.28863,0.29177,0.2884,0.29152,5864.0
1784912040000,0.29143,0.2925,0.29113,0.29237,502.0
1784912100000,0.29186,0.29252,0.29108,0.2918,821.0
1784912160000,0.29145,0.29145,0.28968,0.28968,426.0
1784912220000,0.28956,0.29047,0.28893,0.29046,880.0
1784912280000,0.29064,0.29102,0.28991,0.29008,367.0
1784912340000,0.2902,0.29121,0.28996,0.29068,262.0
1784912400000,0.29146,0.29247,0.29081,0.29081,356.0
1784912460000,0.29158,0.29376,0.29137,0.29376,127.0
1784912520000,0.29275,0.29275,0.29258,0.29258,37.0
1784912580000,0.29206,0.2936,0.29202,0.2936,432.0
1784912640000,0.29351,0.29399,0.29328,0.29334,526.0
1784912700000,0.29367,0.29592,0.2934,0.29491,1350.0
1784912760000,0.29504,0.29579,0.29399,0.29399,760.0
1784912820000,0.29341,0.29341,0.29156,0.2923,2878.0
1784912880000,0.29213,0.29315,0.29156,0.29315,6296.0
1784912940000,0.2937,0.29433,0.29337,0.29372,1485.0
1784913000000,0.29474,0.2969,0.29474,0.29581,3049.0
1784913060000,0.29545,0.29941,0.29542,0.29848,5510.0
1784913120000,0.2973,0.29796,0.29642,0.29775,2780.0
1784913180000,0.298,0.29952,0.29787,0.29912,1368.0
1784913240000,0.29904,0.30333,0.29904,0.3005,23985.0
1784913300000,0.3002,0.30224,0.29815,0.29897,8280.0
1784913360000,0.29947,0.3,0.29784,0.29966,4554.0
1784913420000,0.29935,0.29935,0.29897,0.29906,301.0
1784913480000,0.29887,0.30043,0.29887,0.29947,1458.0
1784913540000,0.29978,0.29983,0.29902,0.29959,449.0
1784913600000,0.2991,0.29966,0.29884,0.29961,534.0
1784913660000,0.29947,0.29947,0.29825,0.29915,698.0
1784913720000,0.29878,0.29974,0.29878,0.29889,469.0
1784913780000,0.29912,0.2992,0.29849,0.29899,345.0
1784913840000,0.29884,0.29926,0.29857,0.29875,194.0
1784913900000,0.29844,0.29927,0.29755,0.29859,2434.0
1784913960000,0.29896,0.29926,0.2987,0.29903,557.0
1784914020000,0.29877,0.29877,0.29716,0.29823,7555.0
1784914080000,0.29824,0.29866,0.29754,0.29793,1386.0
1784914140000,0.29778,0.29908,0.29762,0.29778,1584.0
1784914200000,0.29785,0.2984,0.29722,0.29771,1332.0
1784914260000,0.29753,0.29753,0.29688,0.29724,682.0
1784914320000,0.29667,0.29667,0.29667,0.29667,25.0
1784914380000,0.29702,0.2972,0.29667,0.29716,952.0
1784914440000,0.29641,0.29659,0.29641,0.29654,211.0
1784914500000,0.29646,0.29646,0.29382,0.29437,8917.0
1784914560000,0.29356,0.29356,0.2916,0.29308,6881.0
1784914620000,0.29256,0.2943,0.29256,0.2943,327.0
1784914680000,0.2942,0.2955,0.29413,0.29445,5337.0
1784914740000,0.29445,0.29448,0.29371,0.29428,2391.0
1784914800000,0.29425,0.29425,0.29315,0.29344,289.0
1784914860000,0.29363,0.29364,0.29326,0.29345,421.0
1784914920000,0.29395,0.29397,0.29313,0.29325,230.0
1784914980000,0.2933,0.29365,0.29226,0.29285,1353.0
1784915040000,0.29284,0.29339,0.29236,0.29339,733.0
1784915100000,0.29308,0.29411,0.29292,0.29371,420.0
1784915160000,0.29443,0.29634,0.29443,0.2962,1209.0
1784915220000,0.29623,0.2963,0.29518,0.29537,253.0
1784915280000,0.29581,0.29671,0.29581,0.29671,3475.0
1784915340000,0.29645,0.29645,0.2961,0.29624,567.0
1784915400000,0.29672,0.2971,0.29657,0.29657,275.0
1784915460000,0.29706,0.29868,0.29706,0.29868,3918.0
1784915520000,0.29876,0.29907,0.29819,0.2983,959.0
1784915580000,0.29816,0.30172,0.29808,0.30065,11673.0
1784915640000,0.30067,0.30121,0.3002,0.30055,1928.0
1784915700000,0.30097,0.30333,0.30017,0.30079,43612.0
1784915760000,0.30059,0.30104,0.29976,0.2999,4071.0
1784915820000,0.30033,0.30033,0.29812,0.29812,6004.0
1784915880000,0.29832,0.29936,0.29808,0.29893,2155.0
1784915940000,0.29904,0.29916,0.29778,0.29916,1071.0
1784916000000,0.29788,0.29902,0.29788,0.29885,127.0
1784916060000,0.29889,0.299,0.29838,0.29838,611.0
1784916120000,0.29842,0.29883,0.29828,0.29861,78.0
1784916180000,0.29851,0.29851,0.29718,0.29743,1461.0
1784916240000,0.29734,0.29873,0.29707,0.29839,828.0
1784916300000,0.29825,0.29839,0.29778,0.2982,555.0
1784916360000,0.29802,0.29825,0.29793,0.29813,3455.0
1784916420000,0.29817,0.29856,0.29811,0.29856,252.0
1784916480000,0.29879,0.299,0.29771,0.29771,3764.0
1784916540000,0.29794,0.29795,0.297,0.297,201.0
1784916600000,0.29673,0.29679,0.29614,0.29676,5828.0
1784916660000,0.29688,0.29701,0.29622,0.29635,2036.0
1784916720000,0.29645,0.29675,0.29624,0.29675,609.0
1784916780000,0.29627,0.2965,0.29596,0.29596,333.0
1784916840000,0.29607,0.29607,0.29526,0.2958,579.0
1784916900000,0.29593,0.2963,0.29577,0.29625,1588.0
1784916960000,0.29609,0.29729,0.29592,0.29697,2291.0
1784917020000,0.29681,0.29775,0.29638,0.29775,1161.0
1784917080000,0.29743,0.29752,0.29487,0.29557,2196.0
1784917140000,0.29541,0.29733,0.29541,0.2972,239.0
1784917200000,0.29754,0.29772,0.29675,0.29716,3116.0
1784917260000,0.29717,0.29717,0.29543,0.29558,970.0
1784917320000,0.29492,0.29533,0.29473,0.29513,1351.0
1784917380000,0.29516,0.29666,0.29509,0.29509,4440.0
1784917440000,0.29539,0.29559,0.29478,0.29559,2365.0
1784917500000,0.29533,0.29554,0.29533,0.29541,110.0
1784917560000,0.2958,0.29597,0.2947,0.29533,4079.0
1784923740000,0.29933,0.29958,0.29836,0.29859,693.0,2072.7379
1784923800000,0.29904,0.29904,0.29835,0.29835,63.0,188.3098
1784923860000,0.29822,0.2987,0.29807,0.29855,4674.0,13944.4365
1784923920000,0.29833,0.29852,0.29833,0.29852,48.0,143.2623
1784923980000,0.29743,0.29798,0.29743,0.2979,85.0,252.9232
1784924040000,0.29769,0.29827,0.29769,0.29827,772.0,2301.478
1784924100000,0.29805,0.29841,0.29755,0.29841,1524.0,4540.0425
1784924160000,0.29852,0.29932,0.29827,0.29827,332.0,992.5928
1784924220000,0.29829,0.29861,0.29803,0.29803,31.0,92.5055
1784924280000,0.29755,0.29755,0.2971,0.29737,279.0,829.2479
1784924340000,0.29697,0.29812,0.29662,0.29674,1448.0,4301.8713
1784924400000,0.29688,0.29713,0.29538,0.29615,2733.0,8096.1162
1784924460000,0.29586,0.29632,0.2954,0.29592,683.0,2020.1839
1784924520000,0.29514,0.29514,0.29369,0.29401,4779.0,14066.2327
1784924580000,0.29409,0.29443,0.29378,0.29401,553.0,1626.6053
1784924640000,0.29387,0.29589,0.29315,0.2954,1917.0,5652.7491
1784924700000,0.2955,0.2955,0.29318,0.29318,1441.0,4237.8825
1784924760000,0.29387,0.29418,0.29329,0.29329,2610.0,7663.2799
1784924820000,0.29332,0.29381,0.29262,0.29376,3778.0,11075.2174
1784924880000,0.29363,0.29373,0.29285,0.29339,3144.0,9225.1419
1784924940000,0.29352,0.29414,0.29352,0.29386,328.0,963.787
1784925000000,0.29385,0.29385,0.29285,0.29307,3516.0,10312.6684
1784925060000,0.2931,0.294,0.29258,0.294,4198.0,12306.3399
1784925120000,0.29372,0.29504,0.29372,0.29491,870.0,2561.5858
1784925180000,0.29481,0.29507,0.29414,0.29414,929.0,2736.1269
1784925240000,0.29454,0.29475,0.29412,0.29455,1051.0,3093.7934
1784925300000,0.29419,0.29458,0.29419,0.29458,353.0,1039.4331
1784925360000,0.29463,0.29464,0.29432,0.29458,228.0,671.3641
1784925420000,0.29476,0.2956,0.29471,0.29524,1304.0,3849.945
1784925480000,0.29526,0.29532,0.29485,0.29492,1877.0,5539.4075
1784925540000,0.29469,0.29477,0.29434,0.29474,272.0,801.2164
1784925600000,0.29479,0.2963,0.29474,0.29474,3363.0,9924.1553
1784925660000,0.29475,0.29506,0.29475,0.295,207.0,610.2607
1784925720000,0.29507,0.29515,0.29487,0.29492,195.0,575.1985
1784925780000,0.2951,0.29668,0.295,0.296,570.0,1689.0446
1784925840000,0.29594,0.29627,0.29571,0.29587,419.0,1240.0544
1784925900000,0.29577,0.29579,0.29439,0.29475,1138.0,3353.0355
1784925960000,0.29501,0.29513,0.2949,0.29513,68.0,200.6512
1784926020000,0.29525,0.2963,0.29525,0.29618,431.0,1273.6308
1784926080000,0.29611,0.29657,0.29574,0.29609,802.0,2374.0449
1784926140000,0.2958,0.2958,0.29539,0.29562,349.0,1031.4459
1784926200000,0.29583,0.29672,0.29583,0.29672,477.0,1412.7939
1784926260000,0.29679,0.29679,0.29586,0.29633,564.0,1671.3867
1784926320000,0.29655,0.29655,0.29612,0.29635,56.0,166.0028
1784926380000,0.29634,0.29646,0.29619,0.29619,26.0,77.0567
1784926440000,0.29638,0.29641,0.29513,0.29513,541.0,1597.1538
1784926500000,0.29555,0.2966,0.29555,0.2966,861.0,2551.0819
1784926560000,0.29674,0.29675,0.29645,0.29645,523.0,1550.6174
1784926620000,0.29645,0.29646,0.29571,0.29583,2999.0,8880.3806
1784926680000,0.29559,0.29559,0.2936,0.29387,1663.0,4892.5983
1784926740000,0.29376,0.29408,0.2934,0.29385,1220.0,3584.7373
1784926800000,0.2949,0.29548,0.29488,0.29492,106.0,312.925
1784926860000,0.29484,0.29488,0.29414,0.29414,647.0,1904.4283
1784926920000,0.29398,0.29424,0.29364,0.29413,1433.0,4210.8303
1784926980000,0.29394,0.29446,0.29389,0.29389,590.0,1735.9565
1784927040000,0.29386,0.29515,0.29386,0.29456,194.0,570.6313
1784927100000,0.29474,0.2952,0.2946,0.29515,78.0,230.014
1784927160000,0.29483,0.29487,0.29379,0.29393,1233.0,3624.1527
1784927220000,0.2941,0.2948,0.29406,0.29448,2831.0,8336.3058
1784927280000,0.29425,0.2945,0.29422,0.2945,1107.0,3259.422
1784927340000,0.29431,0.29506,0.29431,0.29472,201.0,592.3292
1784927400000,0.29486,0.29486,0.29389,0.29389,140.0,411.978
1784927460000,0.29413,0.29413,0.29235,0.29336,3986.0,11674.7188
1784927520000,0.2931,0.29337,0.29241,0.29301,1866.0,5466.1955
1784927580000,0.29277,0.29408,0.2922,0.29408,2481.0,7268.998
1784927640000,0.29367,0.29639,0.29367,0.29569,6685.0,19782.8765
1784927700000,0.29534,0.29834,0.29534,0.29739,2389.0,7092.2822
1784927760000,0.29767,0.29771,0.29719,0.29757,849.0,2525.9501
1784927820000,0.29753,0.29753,0.29662,0.29662,227.0,674.4652
1784927880000,0.29625,0.29637,0.29616,0.29637,52.0,154.0428
1784927940000,0.29636,0.29636,0.29439,0.29446,210.0,618.8823
1784928000000,0.29476,0.29502,0.29476,0.2948,15.0,44.2378
1784928060000,0.29479,0.29608,0.29479,0.29608,51.0,150.4974
1784928120000,0.29605,0.29681,0.29605,0.29662,1068.0,3169.1003
1784928180000,0.29688,0.29722,0.2964,0.2964,2056.0,6108.4013
1784928240000,0.29612,0.2964,0.29557,0.2958,511.0,1512.6723
1784928300000,0.29609,0.29609,0.29609,0.29609,2.0,5.9218
1784928360000,0.29591,0.29643,0.29591,0.29643,3.0,8.8877
1784928420000,0.29639,0.29639,0.29615,0.29615,17.0,50.3719
1784928480000,0.2961,0.2961,0.2961,0.2961,170.0,503.37
1784928540000,0.29615,0.29615,0.2961,0.2961,1718.0,5087.01
1784928600000,0.29572,0.29572,0.29498,0.29498,563.0,1662.6946
1784928660000,0.29484,0.29555,0.29484,0.29555,54.0,159.2885
1784928720000,0.29555,0.29555,0.29485,0.29526,15.0,44.2632
1784928840000,0.29502,0.29505,0.29502,0.29505,24.0,70.8111
1784928900000,0.29529,0.29583,0.2941,0.2941,72.0,211.9164
1784928960000,0.29384,0.2939,0.29346,0.29367,593.0,1741.6321
1784929020000,0.29393,0.29402,0.29286,0.29294,303.0,888.1663
1784929080000,0.29305,0.29357,0.29288,0.29341,487.0,1428.7026
1784929140000,0.29313,0.29313,0.2914,0.29179,723.0,2111.9052
1784929200000,0.29201,0.29308,0.2914,0.29308,1493.0,4357.7528
1784929260000,0.29267,0.29286,0.29245,0.29286,208.0,609.0163
1784929320000,0.29262,0.29271,0.29217,0.29224,558.0,1632.4849
1784929380000,0.2918,0.2918,0.29155,0.29163,685.0,1997.3004
1784929440000,0.29173,0.29176,0.2914,0.29169,744.0,2169.9574
1784929500000,0.29205,0.29321,0.29205,0.29277,337.0,985.012
1784929560000,0.29199,0.29235,0.291,0.291,1704.0,4960.1116
1784929620000,0.29132,0.29151,0.29017,0.29132,722.0,2099.6823
1784929680000,0.29138,0.29138,0.29138,0.29138,18.0,52.4484
1784929740000,0.29257,0.29344,0.29257,0.29272,167.0,488.8435
1784929860000,0.293,0.293,0.293,0.293,9.0,26.37
1784929920000,0.29422,0.29607,0.29422,0.29607,118.0,348.2478
1784929980000,0.29536,0.29536,0.29404,0.29404,165.0,485.679
1784930040000,0.29389,0.29466,0.29382,0.29446,199.0,585.016
1784930100000,0.29429,0.29591,0.29429,0.29555,970.0,2865.9043
1784930160000,0.29559,0.29562,0.29512,0.29562,50.0,147.7616
1784930220000,0.2954,0.29562,0.2954,0.29562,24.0,70.94
1784930280000,0.29549,0.29558,0.29549,0.29558,80.0,236.454
1784930340000,0.29562,0.29562,0.29535,0.29535,81.0,239.4495
1784930400000,0.29621,0.29681,0.29601,0.29649,386.0,1145.3191
1784930460000,0.29647,0.2991,0.29603,0.29778,3203.0,9513.9961
1784930520000,0.29762,0.29809,0.29741,0.29809,1263.0,3759.2746
1784930580000,0.29815,0.2993,0.2979,0.2993,847.0,2531.1605
1784930640000,0.29919,0.29919,0.2981,0.29835,598.0,1783.5767
1784930700000,0.29866,0.30032,0.2986,0.2986,7127.0,21370.9693
1784930760000,0.29833,0.29911,0.29833,0.29911,1743.0,5212.85
1784930820000,0.29893,0.29893,0.29849,0.29849,203.0,606.4758
1784930880000,0.29834,0.29903,0.29807,0.29807,3628.0,10831.4884
1784930940000,0.29781,0.29846,0.29718,0.29846,13048.0,38842.7876
1784931000000,0.2985,0.2985,0.29768,0.2979,5178.0,15439.062
1784931060000,0.2979,0.2993,0.2979,0.2993,1746.0,5209.2426
1784931120000,0.2992,0.29983,0.29811,0.29811,2740.0,8199.1092
1784931180000,0.29811,0.29862,0.298,0.298,337.0,1005.3325
1784931240000,0.29803,0.29831,0.2977,0.29812,1051.0,3132.0331
1784931300000,0.2982,0.29849,0.29808,0.29808,256.0,763.7654
1784931360000,0.29831,0.29945,0.29831,0.29921,657.0,1964.1974
1784931420000,0.29894,0.29941,0.29894,0.29938,343.0,1026.5694
1784931480000,0.29928,0.29928,0.29903,0.29903,119.0,356.0629
1784931540000,0.2993,0.29981,0.2993,0.29966,1387.0,4153.9108
1784931600000,0.29981,0.3019,0.29882,0.29937,3715.0,11145.7103
1784931660000,0.29903,0.3217,0.29884,0.32024,54026.0,170276.2543
1784931720000,0.32085,0.3315,0.30277,0.3055,150071.0,472722.928
1784931780000,0.3055,0.30616,0.30293,0.30468,74266.0,226242.5714
1784931840000,0.30468,0.31048,0.3044,0.30762,105765.0,326017.7469
1784931900000,0.30763,0.30981,0.30443,0.30854,143315.0,441254.3544
1784931960000,0.30882,0.31457,0.30836,0.31271,159338.0,496212.867
1784932020000,0.31273,0.31874,0.31195,0.31606,107792.0,340436.992
1784932080000,0.31596,0.31596,0.31338,0.31457,29940.0,94273.855
1784932140000,0.31461,0.31645,0.31377,0.31424,12266.0,38654.3566
1784932200000,0.31436,0.31629,0.31246,0.31246,20862.0,65599.8876
1784932260000,0.31237,0.31336,0.31021,0.31184,25650.0,79979.6278
1784932320000,0.31173,0.31174,0.30916,0.31018,29465.0,91421.2598
1784932380000,0.31044,0.311,0.30887,0.30918,17063.0,52836.9564
1784932440000,0.30926,0.31025,0.30925,0.30993,9472.0,29340.9013
1784932500000,0.31001,0.31103,0.30978,0.30978,17327.0,53799.9291
1784932560000,0.30981,0.31118,0.30915,0.30956,10283.0,31923.7088
1784932620000,0.30923,0.30999,0.30866,0.30959,9177.0,28388.448
1784932680000,0.30951,0.31067,0.30877,0.31024,4057.0,12562.3379
1784932740000,0.31013,0.31132,0.30887,0.30929,10949.0,33938.8288
1784932800000,0.30908,0.30959,0.30851,0.30932,8628.0,26662.4339
1784932860000,0.30934,0.31095,0.30934,0.31089,4624.0,14339.0178
1784932920000,0.31077,0.31102,0.309,0.309,3477.0,10783.6992
1784932980000,0.30898,0.30921,0.30825,0.30862,4045.0,12490.785
1784933040000,0.30915,0.31013,0.30915,0.30957,2036.0,6305.5505
1784933100000,0.30926,0.31055,0.30923,0.31041,2072.0,6425.699
1784933160000,0.31057,0.31068,0.31017,0.3103,2289.0,7104.8433
1784933220000,0.31037,0.31128,0.31027,0.31075,2866.0,8907.8357
1784933280000,0.31075,0.3109,0.30798,0.30843,9431.0,29098.669
1784933340000,0.30868,0.30881,0.3078,0.30873,1109.0,3418.6896
1784933400000,0.3089,0.31133,0.30883,0.31133,1927.0,5973.4533
1784933460000,0.31133,0.31133,0.30975,0.31018,1614.0,5007.8956
1784933520000,0.31034,0.31065,0.30975,0.31047,950.0,2946.4771
1784933580000,0.31044,0.31297,0.30995,0.31105,2825.0,8812.1512
1784933640000,0.31142,0.31246,0.31142,0.31157,1785.0,5565.5277
1784933700000,0.31173,0.31257,0.31173,0.31199,6935.0,21652.6715
1784933760000,0.31176,0.31502,0.3116,0.31415,14608.0,45862.9164
1784933820000,0.31423,0.31547,0.31266,0.31314,6069.0,19064.66
1784933880000,0.31298,0.31361,0.31265,0.31316,2621.0,8199.2617
1784933940000,0.31303,0.31393,0.31283,0.31344,675.0,2115.527
1784934000000,0.31322,0.31322,0.31226,0.3123,2528.0,7905.2168
1784934060000,0.31218,0.31219,0.30911,0.30961,2974.0,9234.6272
1784934120000,0.30946,0.30952,0.30464,0.30759,8961.0,27500.7066
1784934180000,0.30725,0.30747,0.30576,0.30662,1906.0,5848.9058
1784934240000,0.3067,0.30752,0.30648,0.30662,1875.0,5757.4061
1784934300000,0.30677,0.30825,0.30638,0.30715,698.0,2145.0287
1784934360000,0.30697,0.30697,0.30594,0.30659,165.0,505.9153
1784934420000,0.30643,0.30674,0.30456,0.30587,5438.0,16612.6974
1784934480000,0.30632,0.30637,0.30442,0.30442,5742.0,17561.2146
1784934540000,0.3046,0.30551,0.3046,0.30504,4330.0,13211.6761
1784934600000,0.30513,0.30521,0.30309,0.30433,15097.0,45916.0298
1784934660000,0.30454,0.30481,0.30364,0.30452,3017.0,9180.0872
1784934720000,0.30444,0.30526,0.30438,0.30464,2793.0,8515.3931
1784934780000,0.30541,0.30695,0.30541,0.30656,1561.0,4782.1022
1784934840000,0.30664,0.30748,0.30593,0.30729,1584.0,4861.105
1784934900000,0.30747,0.30788,0.30573,0.30617,1444.0,4432.6375
1784934960000,0.30666,0.31022,0.30666,0.3089,5226.0,16156.7289
1784935020000,0.30905,0.31037,0.30905,0.31016,814.0,2519.0481
1784935080000,0.31007,0.31016,0.30902,0.30914,1304.0,4035.6408
1784935140000,0.30942,0.30942,0.30807,0.30807,1370.0,4229.9005
1784935200000,0.30852,0.3089,0.30741,0.30753,3524.0,10855.7017
1784935260000,0.30776,0.30791,0.30717,0.30745,1025.0,3152.5661
1784935320000,0.30774,0.30815,0.30759,0.30815,327.0,1006.6277
1784935380000,0.30836,0.30918,0.30836,0.30858,2076.0,6409.9466
1784935440000,0.30861,0.30957,0.30818,0.30957,737.0,2275.9301
1784935500000,0.30918,0.30924,0.30746,0.30746,584.0,1798.9307
1784935560000,0.30747,0.30759,0.30615,0.307,1712.0,5251.2914
1784935620000,0.30693,0.30709,0.30477,0.30553,7563.0,23103.7435
1784935680000,0.30546,0.3076,0.30546,0.3076,1401.0,4296.6353
1784935740000,0.30741,0.3076,0.30693,0.30738,207.0,635.8964
1784935800000,0.30748,0.30896,0.30748,0.3084,1610.0,4968.0898
1784935860000,0.30856,0.30917,0.30804,0.30836,1861.0
1784935920000,0.30905,0.30911,0.30818,0.30886,547.0
1784935980000,0.30899,0.30928,0.30837,0.30873,697.0
1784936040000,0.30887,0.30914,0.3083,0.3083,469.0
1784936100000,0.3085,0.30863,0.30778,0.30863,527.0
1784936160000,0.30835,0.30835,0.30819,0.30819,22.0
1784936220000,0.30858,0.30925,0.30858,0.30925,2093.0
1784936280000,0.30925,0.30925,0.30582,0.30602,2616.0
1784936340000,0.30595,0.30632,0.30442,0.30553,3120.0
1784936400000,0.30562,0.3061,0.30515,0.30537,541.0
1784936460000,0.30559,0.30573,0.30467,0.30468,1576.0
1784936520000,0.30528,0.30556,0.30474,0.30556,169.0
1784936580000,0.30616,0.30675,0.30581,0.30581,1618.0
1784936640000,0.30602,0.30653,0.30585,0.30599,569.0
1784936700000,0.30613,0.3062,0.3059,0.3059,55.0
1784936760000,0.30644,0.30686,0.305,0.305,847.0
1784936820000,0.3053,0.30551,0.30467,0.30467,683.0
1784936880000,0.30527,0.30532,0.30301,0.30401,2661.0
1784936940000,0.30413,0.30452,0.30276,0.30276,4625.0
1784937000000,0.30306,0.3043,0.30253,0.30253,2788.0
1784937060000,0.30335,0.30347,0.30249,0.30347,982.0
1784937120000,0.3036,0.3042,0.30319,0.30319,1084.0
1784937180000,0.30316,0.30335,0.30177,0.30177,3289.0
1784937240000,0.30187,0.30244,0.30172,0.3021,1854.0
1784937300000,0.30214,0.30246,0.30061,0.30246,4538.0
1784937360000,0.30241,0.30333,0.30223,0.30314,1657.0
1784937420000,0.3033,0.30464,0.3033,0.30417,1406.0
1784937480000,0.30446,0.30449,0.30366,0.30377,1804.0
1784937540000,0.30376,0.30376,0.30166,0.30248,1411.0
1784937600000,0.30228,0.30438,0.30228,0.30429,3375.0
1784937660000,0.30428,0.30629,0.30428,0.30629,8561.0
1784937720000,0.30587,0.30587,0.3044,0.30522,2371.0
1784937780000,0.30528,0.30577,0.30475,0.30513,2964.0
1784937840000,0.30546,0.30581,0.30466,0.30466,2225.0
1784937900000,0.30491,0.30562,0.30472,0.30489,991.0
1784937960000,0.3051,0.30545,0.30453,0.30495,1530.0
1784938020000,0.30505,0.306,0.30481,0.30512,1675.0
1784938080000,0.30528,0.30583,0.30525,0.30553,1421.0
1784938140000,0.30544,0.30576,0.30494,0.30494,2207.0
1784938200000,0.30518,0.30588,0.30451,0.30547,855.0
1784938260000,0.30555,0.30581,0.3046,0.30473,1420.0
1784938320000,0.30476,0.3057,0.30476,0.3055,1424.0
1784938380000,0.3055,0.30703,0.30542,0.30703,2625.0
1784938440000,0.30706,0.30779,0.30704,0.30758,1622.0
1784938500000,0.30734,0.30939,0.30681,0.30709,2929.0
1784938560000,0.30713,0.30717,0.30394,0.30546,3499.0
1784938620000,0.30497,0.30597,0.30441,0.30559,3947.0
1784938680000,0.30564,0.30643,0.30541,0.30541,1719.0
1784938740000,0.30554,0.3058,0.30532,0.30565,340.0
1784938800000,0.30553,0.30569,0.30521,0.30521,97.0
1784938860000,0.30554,0.30554,0.3036,0.30387,981.0
1784938920000,0.30413,0.30413,0.30188,0.30316,4255.0
1784938980000,0.3036,0.30445,0.3036,0.30398,863.0
1784939040000,0.30393,0.30446,0.30375,0.30446,92.0
1784939100000,0.30459,0.30507,0.30448,0.30448,1111.0
1784939160000,0.30471,0.30526,0.30359,0.30359,1087.0
1784939220000,0.3036,0.30412,0.30352,0.30358,467.0
1784939280000,0.30401,0.30426,0.30324,0.30361,2169.0
1784939340000,0.30356,0.30578,0.30345,0.30552,1105.0
1784939400000,0.30527,0.30543,0.30438,0.3047,151.0
1784939460000,0.30547,0.30547,0.30282,0.30285,351.0
1784939520000,0.30283,0.30336,0.3023,0.30279,237.0
1784939580000,0.30258,0.30258,0.30188,0.30198,134.0
1784939640000,0.30201,0.30269,0.30174,0.30174,850.0
1784939700000,0.30181,0.30204,0.30091,0.30204,1279.0
1784939760000,0.30254,0.30257,0.30133,0.30133,1170.0
1784939820000,0.30144,0.30166,0.30075,0.30121,522.0
1784939880000,0.30121,0.30155,0.29978,0.30054,3244.0
1784939940000,0.30077,0.30106,0.2999,0.30035,450.0
1784940000000,0.30053,0.30056,0.29849,0.29974,14709.0
1784940060000,0.29988,0.30009,0.29828,0.29925,2239.0
1784940120000,0.29925,0.30034,0.29887,0.29984,1760.0
1784940180000,0.30012,0.30064,0.29952,0.29969,1293.0
1784940240000,0.2998,0.30066,0.29976,0.29985,615.0
1784940300000,0.3001,0.30166,0.3001,0.30156,660.0
1784940360000,0.30178,0.30402,0.30131,0.30236,2342.0
1784940420000,0.30239,0.30251,0.30071,0.30071,604.0
1784940480000,0.30138,0.30241,0.30138,0.30241,38.0
1784940540000,0.30267,0.30312,0.30223,0.30249,950.0
1784940600000,0.30245,0.30308,0.30184,0.30215,212.0
1784940660000,0.30257,0.30621,0.30234,0.30584,3098.0
1784940720000,0.30563,0.30574,0.30437,0.30437,1013.0
1784940780000,0.3045,0.30577,0.30448,0.30545,1074.0
1784940840000,0.30539,0.30546,0.30483,0.30483,58.0
1784940900000,0.30531,0.30594,0.30497,0.30504,2146.0
1784940960000,0.30494,0.30545,0.30461,0.30509,2182.0
1784941020000,0.30495,0.30547,0.30438,0.30514,1342.0
1784941080000,0.30519,0.306,0.30514,0.306,877.0
1784941140000,0.30554,0.3069,0.30514,0.30688,635.0
1784941200000,0.30649,0.30714,0.306,0.30645,710.0
1784941260000,0.30694,0.30694,0.30492,0.30492,483.0
1784941320000,0.30505,0.30505,0.30435,0.30459,1487.0
1784941380000,0.30443,0.30483,0.30385,0.30445,2363.0
1784941440000,0.30458,0.30539,0.30412,0.30471,390.0
1784941500000,0.30523,0.30523,0.30263,0.30308,1205.0
1784941560000,0.30285,0.30352,0.30225,0.30225,1159.0
1784941620000,0.30214,0.30239,0.30164,0.30205,1304.0
1784941680000,0.30128,0.30177,0.30101,0.30177,227.0
1784941740000,0.3015,0.30219,0.30137,0.3017,104.0
1784941800000,0.30149,0.30149,0.30074,0.30087,649.0
1784941860000,0.30085,0.30512,0.30085,0.30313,3076.0
1784941920000,0.30283,0.30357,0.30256,0.30256,2091.0
1784941980000,0.30221,0.30234,0.30167,0.30222,760.0
1784942040000,0.30221,0.30252,0.30188,0.30205,691.0
1784942100000,0.30167,0.30168,0.29965,0.30058,6138.0
1784942160000,0.30076,0.30149,0.3003,0.30068,686.0
1784942220000,0.30082,0.30189,0.30082,0.30161,197.0
1784942280000,0.30143,0.30214,0.30113,0.30113,386.0
1784942340000,0.30082,0.30107,0.30072,0.30072,282.0
1784942400000,0.30104,0.30158,0.30104,0.30158,149.0
1784942460000,0.3017,0.30211,0.30163,0.30181,394.0
1784942520000,0.30142,0.30142,0.30077,0.30077,237.0
1784942580000,0.30109,0.30162,0.30095,0.30162,226.0
1784942640000,0.30187,0.30187,0.30097,0.30105,244.0
1784942700000,0.30113,0.30163,0.30098,0.30163,385.0
1784942760000,0.30102,0.30102,0.30098,0.30098,61.0
1784942820000,0.30096,0.30096,0.29983,0.29983,448.0
1784942880000,0.30012,0.30047,0.30012,0.30015,1101.0
1784942940000,0.29995,0.30011,0.29985,0.30011,131.0
1784943000000,0.30033,0.30099,0.30004,0.30073,654.0
1784943060000,0.30028,0.30042,0.29992,0.29992,181.0
1784943120000,0.3005,0.30061,0.30004,0.3004,252.0
1784943180000,0.30029,0.30056,0.30029,0.30056,56.0
1784943240000,0.30014,0.30044,0.29946,0.29946,604.0
1784943300000,0.29948,0.29984,0.29912,0.29976,218.0
1784943360000,0.29993,0.30255,0.29973,0.30128,1697.0
1784943420000,0.3013,0.3013,0.30016,0.30044,327.0
1784943480000,0.30043,0.30128,0.30018,0.30042,597.0
1784943540000,0.30053,0.30095,0.30022,0.30064,384.0
1784943600000,0.30105,0.30105,0.30017,0.30053,317.0
1784943660000,0.30055,0.30093,0.30029,0.30029,588.0
1784943720000,0.30055,0.30106,0.30039,0.30102,2125.0
1784943780000,0.30084,0.30084,0.2991,0.29956,5129.0
1784943840000,0.29965,0.29983,0.29957,0.29971,363.0
1784943900000,0.29991,0.30074,0.29991,0.30041,215.0
1784943960000,0.30039,0.30112,0.3003,0.30088,221.0
1784944020000,0.30084,0.30136,0.30084,0.3013,68.0
1784944080000,0.3014,0.3014,0.30071,0.30071,4715.0
1784944140000,0.301,0.301,0.3004,0.3004,45.0
1784944200000,0.30071,0.301,0.30071,0.301,121.0
1784944260000,0.301,0.301,0.30018,0.30018,1796.0
1784944320000,0.30016,0.30051,0.29955,0.3005,2277.0
1784944380000,0.30031,0.30031,0.29886,0.29894,1858.0
1784944440000,0.29911,0.29945,0.29911,0.29936,180.0
1784944500000,0.2994,0.29953,0.2985,0.29867,1511.0
1784944560000,0.29831,0.29884,0.298,0.29884,1535.0
1784944620000,0.29907,0.29914,0.29821,0.29847,644.0
1784944680000,0.29907,0.29934,0.29833,0.2987,171.0
1784944740000,0.29896,0.29911,0.29884,0.29911,82.0
1784944800000,0.2988,0.29897,0.29818,0.29818,218.0
1784944860000,0.29858,0.29864,0.298,0.298,2659.0
1784944920000,0.29765,0.29904,0.29716,0.29716,4786.0
1784944980000,0.29742,0.29761,0.29607,0.29676,9048.0
1784945040000,0.29679,0.29769,0.29592,0.2966,5095.0
1784945100000,0.29663,0.29731,0.2965,0.29731,133.0
1784945160000,0.29733,0.29884,0.29733,0.29866,901.0
1784945220000,0.29877,0.29987,0.29849,0.29963,709.0
1784945280000,0.29898,0.29921,0.29868,0.29909,75.0
1784945340000,0.29953,0.30021,0.29946,0.29987,756.0
1784945400000,0.29988,0.30002,0.29931,0.29931,282.0
1784945460000,0.29895,0.29895,0.29704,0.29704,469.0
1784945520000,0.29668,0.29749,0.29661,0.29749,332.0
1784945580000,0.29798,0.29802,0.29798,0.29802,68.0
1784945640000,0.2982,0.2982,0.29789,0.298,105.0
1784945760000,0.29768,0.29768,0.29687,0.29687,3080.0
1784945820000,0.29713,0.29869,0.29703,0.29868,2005.0
1784945880000,0.2986,0.29887,0.29852,0.29883,420.0
1784945940000,0.29886,0.29899,0.29886,0.29898,211.0
1784946000000,0.29917,0.29963,0.29917,0.29962,124.0
1784946060000,0.29968,0.30103,0.29968,0.30103,77.0
1784946120000,0.30058,0.30058,0.3001,0.3001,196.0
1784946180000,0.30018,0.30018,0.30017,0.30017,32.0
1784946240000,0.29996,0.30007,0.29979,0.30007,62.0
1784946300000,0.30071,0.30148,0.30056,0.30141,167.0
1784946360000,0.30147,0.30251,0.30098,0.30173,66.0
1784946420000,0.30143,0.30143,0.30115,0.30115,17.0
1784946480000,0.30083,0.30101,0.30046,0.30046,94.0
1784946540000,0.30072,0.30074,0.3002,0.3002,170.0
1784946600000,0.30062,0.30076,0.3,0.30043,560.0
1784946660000,0.30078,0.30185,0.30067,0.30128,537.0
1784946720000,0.30128,0.30166,0.30118,0.30138,163.0
1784946780000,0.30178,0.30347,0.30165,0.30298,3088.0
1784946840000,0.30315,0.3055,0.30308,0.30537,2034.0
1784946900000,0.30518,0.30701,0.30507,0.30658,4898.0
1784946960000,0.30659,0.31326,0.30659,0.30744,17135.0
1784947020000,0.30733,0.30827,0.30687,0.30774,2104.0
1784947080000,0.30823,0.30823,0.30659,0.30659,509.0
1784947140000,0.30675,0.30709,0.3063,0.30684,563.0
1784947200000,0.30687,0.30796,0.30608,0.30722,903.0
1784947260000,0.30726,0.30891,0.30699,0.30784,674.0
1784947320000,0.30799,0.3097,0.30729,0.30752,1530.0
1784947380000,0.30777,0.30777,0.30667,0.30667,485.0
1784947440000,0.30667,0.3067,0.30667,0.3067,63.0
1784947500000,0.30719,0.30757,0.30647,0.30647,762.0
1784947560000,0.30669,0.3082,0.30668,0.30778,123.0
1784947620000,0.30773,0.30789,0.3071,0.30717,195.0
1784953740000,0.31241,0.3167,0.31204,0.31545,10171.0,32085.4343
1784953800000,0.31534,0.31643,0.31476,0.31546,5704.0,18002.3217
1784953860000,0.31538,0.31835,0.31503,0.31725,11847.0,37583.9266
1784953920000,0.31714,0.318,0.31668,0.3177,1599.0,5074.5179
1784953980000,0.31676,0.31781,0.31592,0.31653,2208.0,6999.6736
1784954040000,0.31616,0.31641,0.3147,0.31499,1942.0,6126.4367
1784954100000,0.31512,0.31655,0.31512,0.31642,358.0,1130.7052
1784954160000,0.31648,0.31668,0.315,0.31561,23354.0,73716.907
1784954220000,0.31556,0.31605,0.31403,0.31429,7156.0,22564.2399
1784954280000,0.31417,0.31464,0.31199,0.31199,1022.0,3203.415
1784954340000,0.31252,0.31364,0.31099,0.31123,2795.0,8714.231
1784954400000,0.31123,0.31146,0.31052,0.31141,1023.0,3183.0792
1784954460000,0.31142,0.31229,0.31109,0.31186,1095.0,3412.4547
1784954520000,0.31153,0.3119,0.31118,0.3119,237.0,738.5643
1784954580000,0.31191,0.31199,0.3112,0.31139,458.0,1426.9846
1784954640000,0.31121,0.31176,0.31121,0.31157,626.0,1949.5353
1784954700000,0.31162,0.31208,0.31015,0.3103,943.0,2932.6516
1784954760000,0.31055,0.31093,0.30974,0.30994,1697.0,5264.9404
1784954820000,0.30993,0.311,0.30993,0.31035,2086.0,6479.3534
1784954880000,0.31025,0.31065,0.30939,0.30964,2700.0,8371.7738
1784954940000,0.3095,0.30964,0.30817,0.30877,1622.0,5010.9671
1784955000000,0.30868,0.30871,0.30738,0.30752,255.0,786.0566
1784955060000,0.30752,0.31002,0.30666,0.30886,4007.0,12314.5544
1784955120000,0.30905,0.30913,0.30836,0.30856,561.0,1731.3335
1784955180000,0.30859,0.30859,0.30839,0.30846,233.0,718.799
1784955240000,0.3079,0.30973,0.3079,0.30973,280.0,866.1444
1784955300000,0.30971,0.30971,0.30888,0.30888,98.0,303.0485
1784955360000,0.30874,0.30895,0.30851,0.30861,262.0,808.7547
1784955420000,0.3084,0.30871,0.30802,0.30869,1679.0,5176.589
1784955480000,0.30892,0.30908,0.30866,0.30898,1235.0,3815.9032
1784955540000,0.30918,0.3095,0.30912,0.30912,722.0,2233.2681
1784955600000,0.30873,0.30882,0.30778,0.30864,405.0,1249.1176
1784955660000,0.30899,0.30904,0.30854,0.30885,472.0,1457.6592
1784955720000,0.30827,0.30907,0.30821,0.30907,155.0,478.8845
1784955780000,0.30903,0.31169,0.30903,0.3114,475.0,1471.5941
1784955840000,0.31142,0.31271,0.31142,0.31271,185.0,578.2645
1784955900000,0.31249,0.31249,0.31047,0.31087,544.0,1690.4464
1784955960000,0.31135,0.31135,0.31006,0.31095,260.0,808.2806
1784956020000,0.31159,0.31299,0.31119,0.31299,4230.0,13194.8694
1784956080000,0.31319,0.31429,0.31284,0.31383,1612.0,5050.5677
1784956140000,0.31371,0.31383,0.31366,0.31366,225.0,705.9847
1784956200000,0.31405,0.31533,0.31368,0.31533,395.0,1242.9283
1784956260000,0.31455,0.31499,0.31429,0.31464,846.0,2663.0292
1784956320000,0.31491,0.31501,0.3145,0.31501,1071.0,3370.9082
1784956380000,0.31484,0.31683,0.31469,0.31676,7489.0,23673.2692
1784956440000,0.31668,0.31792,0.31668,0.31783,1847.0,5861.139
1784956500000,0.31788,0.32046,0.3172,0.31846,7016.0,22390.8336
1784956560000,0.3184,0.32566,0.3184,0.32176,16373.0,52666.0195
1784956620000,0.32158,0.32197,0.31915,0.31924,2292.0,7358.0614
1784956680000,0.31945,0.32114,0.31932,0.31932,806.0,2581.3126
1784956740000,0.31948,0.31972,0.31855,0.31879,757.0,2415.384
1784956800000,0.31813,0.31813,0.3165,0.31661,617.0,1958.4556
1784956860000,0.31693,0.31698,0.31503,0.316,2259.0,7135.3137
1784956920000,0.31613,0.31657,0.3158,0.3165,1579.0,4989.8486
1784956980000,0.31673,0.32033,0.31641,0.31995,1463.0,4651.4339
1784957040000,0.31974,0.31977,0.31893,0.31977,4863.0,15525.4418
1784957100000,0.31992,0.32196,0.31992,0.32169,1753.0,5628.5117
1784957160000,0.32182,0.3222,0.32146,0.32195,2241.0,7213.9297
1784957220000,0.32196,0.32239,0.32179,0.322,581.0,1870.5898
1784957280000,0.32068,0.3211,0.31865,0.31869,336.0,1075.2413
1784957340000,0.31903,0.32054,0.31903,0.32035,521.0,1668.3782
1784957400000,0.3204,0.32061,0.31976,0.32035,2044.0,6541.5219
1784957460000,0.32006,0.32234,0.32006,0.32182,1007.0,3237.0612
1784957520000,0.32178,0.32182,0.32046,0.32126,411.0,1321.7373
1784957580000,0.32128,0.32148,0.32048,0.32055,2381.0,7645.3315
1784957640000,0.3206,0.32129,0.31984,0.32129,2794.0,8952.8913
1784957700000,0.32141,0.32167,0.32105,0.32141,522.0,1677.8052
1784957760000,0.32115,0.32141,0.32064,0.32064,277.0,889.7038
1784957820000,0.32089,0.32119,0.3199,0.31998,1900.0,6095.7416
1784957880000,0.32033,0.32141,0.32033,0.321,1034.0,3320.8804
1784957940000,0.32093,0.32093,0.31975,0.31975,364.0,1166.6606
1784958000000,0.31965,0.3198,0.31828,0.31843,590.0,1880.2363
1784958060000,0.31852,0.31966,0.31823,0.31823,1158.0,3689.4806
1784958120000,0.31809,0.31992,0.31799,0.31992,124.0,395.2217
1784958180000,0.31974,0.31974,0.31762,0.31778,1044.0,3329.5843
1784958240000,0.318,0.31804,0.31704,0.31704,1426.0,4524.2355
1784958300000,0.31736,0.31819,0.31728,0.31761,389.0,1236.5265
1784958360000,0.3178,0.31973,0.3178,0.31942,2423.0,7730.0612
1784958420000,0.31863,0.31863,0.31762,0.31829,49.0,155.7859
1784958480000,0.31772,0.31814,0.31772,0.31814,99.0,314.8823
1784958540000,0.31903,0.31987,0.31903,0.31969,297.0,949.1778
1784958600000,0.31971,0.32019,0.31877,0.31877,589.0,1881.852
1784958660000,0.31874,0.31941,0.31874,0.31887,739.0,2357.1363
1784958720000,0.31923,0.31942,0.31748,0.31791,1811.0,5762.9156
1784958780000,0.31803,0.31871,0.31795,0.31861,1697.0,5400.6052
1784958840000,0.31933,0.31951,0.31911,0.31951,709.0,2263.4335
1784958900000,0.32054,0.32196,0.32054,0.3212,3382.0,10867.2149
1784958960000,0.32126,0.32132,0.32071,0.32103,259.0,831.6256
1784959020000,0.32108,0.32108,0.31907,0.31959,875.0,2795.4475
1784959080000,0.31966,0.31966,0.31947,0.31961,120.0,383.5154
1784959140000,0.31914,0.32056,0.319,0.32017,326.0,1043.9613
1784959200000,0.32072,0.32188,0.32068,0.32187,1499.0,4822.9871
1784959260000,0.32163,0.32163,0.32083,0.32083,435.0,1396.5665
1784959320000,0.32098,0.32098,0.31964,0.32065,2508.0,8026.9429
1784959380000,0.32107,0.3214,0.32082,0.3214,162.0,520.1319
1784959440000,0.32117,0.32432,0.32109,0.32376,5829.0,18810.4112
1784959500000,0.32366,0.32478,0.32263,0.32397,3245.0,10508.5141
1784959560000,0.32379,0.32379,0.32161,0.32226,2386.0,7698.7503
1784959620000,0.32163,0.32401,0.32163,0.32347,1170.0,3783.2758
1784959680000,0.32354,0.32903,0.32316,0.32749,15703.0,51252.7936
1784959740000,0.32732,0.32831,0.32625,0.32686,9306.0,30471.8704
1784959800000,0.32688,0.32834,0.3253,0.32545,2596.0,8499.3131
1784959860000,0.32561,0.32581,0.32436,0.32473,488.0,1586.2284
1784959920000,0.32459,0.32597,0.32272,0.32277,4105.0,13286.2912
1784959980000,0.32296,0.32635,0.32296,0.3256,3151.0,10247.1603
1784960040000,0.32563,0.32563,0.32352,0.32354,666.0,2158.3986
1784960100000,0.32413,0.32602,0.32402,0.32534,1170.0,3802.0448
1784960160000,0.32628,0.32944,0.32628,0.32723,5209.0,17093.1801
1784960220000,0.32724,0.32863,0.32677,0.32677,1647.0,5402.7442
1784960280000,0.32685,0.32759,0.32597,0.3269,867.0,2831.6839
1784960340000,0.32653,0.32711,0.32569,0.32648,1243.0,4057.2884
1784960400000,0.3268,0.3268,0.32586,0.32626,1045.0,3409.6195
1784960460000,0.3261,0.32755,0.3261,0.32747,2333.0,7633.9285
1784960520000,0.32735,0.32871,0.3271,0.3273,1856.0,6082.075
1784960580000,0.32738,0.33018,0.32647,0.3272,40885.0,134372.818
1784960640000,0.32703,0.32719,0.32576,0.32706,9478.0,30949.0811
1784960700000,0.3271,0.3292,0.3271,0.32745,3968.0,13019.6557
1784960760000,0.3276,0.32774,0.32638,0.32638,178.0,583.0747
1784960820000,0.32673,0.32718,0.32647,0.32656,2267.0,7409.2272
1784960880000,0.3264,0.3264,0.32523,0.32579,637.0,2074.4947
1784960940000,0.32581,0.32581,0.3237,0.3252,3950.0,12819.8253
1784961000000,0.32543,0.32695,0.3254,0.3254,4340.0,14169.058
1784961060000,0.32536,0.3272,0.32536,0.32682,732.0,2391.8034
1784961120000,0.32677,0.32787,0.32671,0.32721,1450.0,4751.0145
1784961180000,0.32742,0.3288,0.32742,0.32868,1548.0,5084.3699
1784961240000,0.32882,0.333,0.32859,0.32928,9176.0,30325.884
1784961300000,0.32963,0.33016,0.32801,0.32898,2990.0,9843.8116
1784961360000,0.329,0.33031,0.32783,0.32878,3412.0,11234.038
1784961420000,0.32906,0.32982,0.32861,0.32868,1089.0,3583.9746
1784961480000,0.32869,0.32965,0.32865,0.3293,1952.0,6429.5293
1784961540000,0.32993,0.33093,0.32915,0.32915,5053.0,16711.1456
1784961600000,0.32931,0.32966,0.32908,0.32916,564.0,1857.7278
1784961660000,0.32901,0.32901,0.32814,0.32824,2120.0,6959.7409
1784961720000,0.32825,0.32991,0.32825,0.32908,1148.0,3785.5711
1784961780000,0.32908,0.32913,0.32782,0.32827,1347.0,4421.4794
1784961840000,0.3282,0.32904,0.32772,0.32836,1143.0,3753.3536
1784961900000,0.32822,0.32875,0.32693,0.32705,1615.0,5302.9117
1784961960000,0.32685,0.32702,0.32582,0.32586,763.0,2490.8008
1784962020000,0.32609,0.3271,0.32578,0.3271,5540.0,18073.5121
1784962080000,0.32605,0.3271,0.32605,0.3268,1186.0,3875.4305
1784962140000,0.32708,0.3272,0.32446,0.32446,5651.0,18422.6122
1784962200000,0.32454,0.3246,0.32291,0.3237,2444.0,7909.6585
1784962260000,0.32388,0.32427,0.32159,0.32195,1048.0,3380.2756
1784962320000,0.3224,0.32438,0.32083,0.3243,8838.0,28455.5428
1784962380000,0.32424,0.3248,0.32336,0.32374,3481.0,11276.9549
1784962440000,0.32391,0.32507,0.3237,0.32491,283.0,918.0057
1784962500000,0.3249,0.3273,0.32411,0.32657,618.0,2014.0612
1784962560000,0.32616,0.32616,0.32311,0.32311,157.0,508.7117
1784962620000,0.32355,0.324,0.31931,0.32121,25585.0,82197.6169
1784962680000,0.32121,0.32124,0.312,0.31572,47613.0,150384.8673
1784962740000,0.31596,0.31739,0.31525,0.3165,12004.0,37990.0086
1784962800000,0.31651,0.31898,0.31634,0.31868,4697.0,14917.8169
1784962860000,0.3187,0.32038,0.31769,0.31999,5271.0,16849.2496
1784962920000,0.31995,0.32153,0.31874,0.3215,1420.0,4550.5564
1784962980000,0.32108,0.32109,0.31918,0.31929,750.0,2398.9342
1784963040000,0.31927,0.32024,0.31927,0.31965,2008.0,6422.1043
1784963100000,0.31965,0.32015,0.31644,0.31958,8957.0,28501.2463
1784963160000,0.31951,0.31982,0.31812,0.3186,2002.0,6393.4861
1784963220000,0.31869,0.31976,0.31748,0.31947,1718.0,5461.9096
1784963280000,0.31916,0.31916,0.31739,0.31753,169.0,537.139
1784963340000,0.31721,0.31774,0.31492,0.31504,16167.0,51071.336
1784963400000,0.31469,0.31691,0.3129,0.31691,13999.0,44026.7302
1784963460000,0.31687,0.31717,0.31557,0.31643,1645.0,5208.06
1784963520000,0.31618,0.31782,0.31618,0.31738,215.0,681.988
1784963580000,0.31738,0.31926,0.31705,0.31921,1060.0,3370.5356
1784963640000,0.31916,0.31931,0.31769,0.31803,1586.0,5048.3851
1784963700000,0.31808,0.32019,0.31806,0.31841,2950.0,9419.615
1784963760000,0.31834,0.31847,0.31714,0.31714,1442.0,4581.9357
1784963820000,0.31755,0.31997,0.31754,0.31969,2423.0,7724.8286
1784963880000,0.31983,0.32048,0.31902,0.31986,15163.0,48477.0624
1784963940000,0.3196,0.31966,0.31834,0.31834,1290.0,4112.9668
1784964000000,0.31859,0.31964,0.31817,0.31964,397.0,1264.8306
1784964060000,0.31982,0.32208,0.3197,0.3213,3308.0,10630.5678
1784964120000,0.32125,0.32125,0.31772,0.31773,1740.0,5544.7457
1784964180000,0.31763,0.31878,0.31667,0.31872,445.0,1414.3791
1784964240000,0.31851,0.32014,0.318,0.318,1999.0,6379.9996
1784964300000,0.31822,0.31928,0.31821,0.31855,874.0,2785.1462
1784964360000,0.31796,0.31802,0.31796,0.31802,161.0,511.9784
1784964420000,0.31766,0.31766,0.31714,0.31746,773.0,2453.9999
1784964480000,0.31736,0.31854,0.31736,0.31779,201.0,639.018
1784964540000,0.31969,0.31985,0.31913,0.31935,1175.0,3754.1416
1784964600000,0.31928,0.31928,0.3183,0.31906,204.0,650.1564
1784964660000,0.31941,0.31941,0.31823,0.31861,825.0,2628.4384
1784964720000,0.31842,0.31842,0.31725,0.318,2281.0,7244.186
1784964780000,0.31778,0.3205,0.31761,0.31972,1155.0,3688.7472
1784964840000,0.31999,0.32067,0.31983,0.3204,461.0,1476.3124
1784964900000,0.3203,0.3203,0.31901,0.31934,1539.0,4912.1723
1784964960000,0.31941,0.31948,0.31853,0.31858,1707.0,5447.8326
1784965020000,0.3184,0.31929,0.3183,0.31847,2525.0,8046.0053
1784965080000,0.31805,0.31939,0.31759,0.31922,1314.0,4189.5421
1784965140000,0.31898,0.31942,0.31827,0.31855,1827.0,5827.7388
1784965200000,0.31884,0.31927,0.31859,0.31884,920.0,2934.2113
1784965260000,0.31886,0.31886,0.31716,0.31746,1642.0,5211.1024
1784965320000,0.31758,0.31902,0.31758,0.31886,1761.0,5612.0535
1784965380000,0.319,0.3197,0.31845,0.31845,848.0,2706.1378
1784965440000,0.31916,0.31917,0.31852,0.31863,87.0,277.3708
1784965500000,0.31834,0.3223,0.31822,0.32001,33921.0,108541.8758
1784965560000,0.32015,0.32146,0.31903,0.31939,8503.0,27223.5454
1784965620000,0.31959,0.31962,0.31857,0.31883,2223.0,7093.8048
1784965680000,0.31874,0.31902,0.3179,0.31797,7617.0,24281.1451
1784965740000,0.31812,0.31814,0.31743,0.31767,809.0
1784965800000,0.31825,0.31862,0.31729,0.31759,847.0
1784965860000,0.31743,0.3177,0.31673,0.31685,1175.0
1784965920000,0.31646,0.31704,0.31614,0.31648,354.0
1784965980000,0.31613,0.31694,0.31539,0.31685,524.0
1784966040000,0.31669,0.31969,0.31653,0.31916,1932.0
1784966100000,0.31932,0.32027,0.3193,0.31963,629.0
1784966160000,0.31922,0.31967,0.3184,0.31967,476.0
1784966220000,0.31907,0.31907,0.31858,0.31858,28.0
1784966280000,0.31845,0.31907,0.31815,0.31815,141.0
1784966340000,0.31815,0.31815,0.31815,0.31815,166.0
1784966400000,0.31797,0.31932,0.31797,0.3187,495.0
1784966460000,0.31873,0.31873,0.31796,0.31796,177.0
1784966520000,0.31782,0.31814,0.3177,0.31781,2169.0
1784966580000,0.31839,0.31944,0.31839,0.31873,434.0
1784966640000,0.31873,0.32006,0.31873,0.31981,1738.0
1784966700000,0.31972,0.32592,0.31972,0.32366,8486.0
1784966760000,0.32378,0.32591,0.3227,0.32383,5467.0
1784966820000,0.32398,0.32398,0.32252,0.32289,2792.0
1784966880000,0.32289,0.32362,0.32167,0.32228,6872.0
1784966940000,0.32169,0.32323,0.32169,0.32244,511.0
1784967000000,0.32306,0.32306,0.32169,0.32188,11620.0
1784967060000,0.32149,0.32255,0.3214,0.32243,3197.0
1784967120000,0.32274,0.32274,0.32188,0.32188,1337.0
1784967180000,0.32243,0.3227,0.32243,0.3227,1588.0
1784967240000,0.3225,0.32495,0.32151,0.32427,2752.0
1784967300000,0.32422,0.32728,0.32414,0.32637,2687.0
1784967360000,0.32603,0.32657,0.32594,0.32605,268.0
1784967420000,0.32529,0.32583,0.3247,0.3247,989.0
1784967480000,0.32452,0.327,0.32452,0.327,1462.0
1784967540000,0.32679,0.327,0.326,0.32696,483.0
1784967600000,0.32693,0.328,0.326,0.326,1348.0
1784967660000,0.3257,0.32597,0.32475,0.32546,1480.0
1784967720000,0.32584,0.32659,0.32524,0.32549,685.0
1784967780000,0.32567,0.3265,0.3256,0.3265,445.0
1784967840000,0.3271,0.32728,0.32528,0.32549,1735.0
1784967900000,0.32528,0.3254,0.32306,0.32306,2533.0
1784967960000,0.32304,0.32346,0.31981,0.32048,5330.0
1784968020000,0.32063,0.32106,0.31956,0.31978,672.0
1784968080000,0.31984,0.32068,0.31974,0.31982,202.0
1784968140000,0.31946,0.32045,0.31915,0.32045,3696.0
1784968200000,0.31965,0.32001,0.31965,0.32001,32.0
1784968260000,0.31949,0.32131,0.31929,0.32088,1501.0
1784968320000,0.32116,0.3212,0.31981,0.32008,2520.0
1784968380000,0.31999,0.32044,0.31984,0.32029,1608.0
1784968440000,0.32024,0.32048,0.32008,0.32036,3132.0
1784968500000,0.32008,0.32195,0.32008,0.3215,3897.0
1784968560000,0.3214,0.32315,0.32088,0.32315,1070.0
1784968620000,0.32321,0.32321,0.32198,0.32199,735.0
1784968680000,0.32241,0.32386,0.32241,0.32373,2803.0
1784968740000,0.32413,0.32424,0.32338,0.32338,1170.0
1784968800000,0.32356,0.32657,0.32356,0.32582,1678.0
1784968860000,0.32618,0.32618,0.32474,0.32513,1903.0
1784968920000,0.3257,0.32604,0.32563,0.32563,760.0
1784968980000,0.32539,0.32539,0.32462,0.32462,178.0
1784969040000,0.3238,0.32429,0.3238,0.32394,289.0
1784969100000,0.32403,0.32495,0.32403,0.32495,146.0
1784969160000,0.32537,0.32718,0.32537,0.32702,1904.0
1784969220000,0.32708,0.32832,0.32688,0.32744,2401.0
1784969280000,0.3275,0.32842,0.32698,0.32718,3669.0
1784969340000,0.32699,0.32718,0.32649,0.32674,3183.0
1784969400000,0.32685,0.32887,0.32685,0.32798,2904.0
1784969460000,0.32808,0.32842,0.32761,0.3282,788.0
1784969520000,0.32818,0.32989,0.32818,0.32894,1561.0
1784969580000,0.32902,0.33093,0.32902,0.32987,3385.0
1784969640000,0.32951,0.32992,0.32855,0.32855,677.0
1784969700000,0.32868,0.32982,0.32851,0.32908,15795.0
1784969760000,0.32912,0.32966,0.32865,0.32929,6039.0
1784969820000,0.32933,0.32966,0.32869,0.32869,13773.0
1784969880000,0.32872,0.32966,0.32829,0.32949,4527.0
1784969940000,0.32949,0.33045,0.32889,0.3292,31345.0
1784970000000,0.32976,0.33561,0.32952,0.33234,23366.0
1784970060000,0.33172,0.33172,0.32871,0.33021,9512.0
1784970120000,0.33014,0.3318,0.32976,0.33085,6657.0
1784970180000,0.33108,0.3318,0.33009,0.33059,2732.0
1784970240000,0.33096,0.33096,0.32959,0.33017,1352.0
1784970300000,0.33096,0.33145,0.32913,0.32916,3422.0
1784970360000,0.32917,0.32956,0.32744,0.32879,1954.0
1784970420000,0.3294,0.3294,0.3286,0.32922,623.0
1784970480000,0.32976,0.33014,0.328,0.32872,654.0
1784970540000,0.32879,0.3288,0.32816,0.32848,1088.0
1784970600000,0.32846,0.32875,0.32836,0.32875,333.0
1784970660000,0.32912,0.32975,0.32813,0.32907,4050.0
1784970720000,0.32931,0.32971,0.32867,0.32906,7113.0
1784970780000,0.32923,0.32923,0.32788,0.32803,2373.0
1784970840000,0.32812,0.32816,0.32455,0.3275,7885.0
1784970900000,0.32762,0.32795,0.32634,0.32677,2345.0
1784970960000,0.32673,0.32751,0.3265,0.32728,5894.0
1784971020000,0.32708,0.32758,0.32702,0.32703,4399.0
1784971080000,0.32693,0.32747,0.32633,0.32637,8011.0
1784971140000,0.3265,0.32666,0.32585,0.32666,8035.0
1784971200000,0.32667,0.32706,0.32541,0.32589,8974.0
1784971260000,0.32595,0.32672,0.32559,0.32585,4484.0
1784971320000,0.32594,0.32645,0.32466,0.32612,5970.0
1784971380000,0.32618,0.32618,0.32465,0.32465,490.0
1784971440000,0.32469,0.32562,0.32385,0.32533,3149.0
1784971500000,0.32498,0.32536,0.32435,0.32502,2850.0
1784971560000,0.32465,0.3249,0.32337,0.32337,1184.0
1784971620000,0.323,0.32457,0.32222,0.32328,7804.0
1784971680000,0.32296,0.32312,0.32222,0.32289,5024.0
1784971740000,0.32291,0.32378,0.32291,0.32324,412.0
1784971800000,0.32327,0.32327,0.32279,0.32279,111.0
1784971860000,0.32275,0.32381,0.32254,0.32381,177.0
1784971920000,0.32395,0.32428,0.32306,0.32414,331.0
1784971980000,0.32428,0.32604,0.324,0.3257,1029.0
1784972040000,0.32536,0.32536,0.3247,0.32501,114.0
1784972100000,0.3249,0.3249,0.32303,0.32303,5278.0
1784972160000,0.32319,0.32403,0.3227,0.32385,1456.0
1784972220000,0.32385,0.32388,0.3209,0.3229,16829.0
1784972280000,0.32317,0.32589,0.32316,0.32586,5789.0
1784972340000,0.32588,0.32637,0.32495,0.32525,5084.0
1784972400000,0.3251,0.32649,0.32494,0.32626,1350.0
1784972460000,0.3258,0.3258,0.32474,0.32478,787.0
1784972520000,0.3249,0.3249,0.32399,0.32401,1082.0
1784972580000,0.32391,0.32398,0.32343,0.32364,840.0
1784972640000,0.3235,0.32413,0.32305,0.32376,270.0
1784972700000,0.32442,0.32469,0.32405,0.32405,261.0
1784972760000,0.32348,0.32389,0.32348,0.32375,6539.0
1784972820000,0.32428,0.32488,0.32428,0.32463,247.0
1784972880000,0.32591,0.32606,0.32541,0.32541,33.0
1784972940000,0.32589,0.32589,0.32519,0.32519,349.0
1784973000000,0.32564,0.32586,0.32531,0.32586,954.0
1784973060000,0.32561,0.32561,0.32449,0.32514,3539.0
1784973120000,0.32493,0.32493,0.32384,0.32384,262.0
1784973180000,0.32434,0.32438,0.32237,0.32246,1380.0
1784973240000,0.32246,0.32264,0.32158,0.32221,4297.0
1784973300000,0.32235,0.32344,0.32235,0.32331,1431.0
1784973360000,0.32323,0.32557,0.32272,0.32447,2872.0
1784973420000,0.32459,0.32479,0.32419,0.32419,1898.0
1784973480000,0.32445,0.32445,0.32371,0.32406,1015.0
1784973540000,0.32412,0.32478,0.32404,0.32428,897.0
1784973600000,0.32424,0.32677,0.32424,0.32677,4446.0
1784973660000,0.32675,0.32888,0.32653,0.32794,10269.0
1784973720000,0.32794,0.32815,0.32536,0.3259,2934.0
1784973780000,0.32585,0.3277,0.32585,0.32754,3129.0
1784973840000,0.32759,0.32955,0.32755,0.3284,13189.0
1784973900000,0.3283,0.32918,0.32822,0.32899,4917.0
1784973960000,0.32923,0.33169,0.32833,0.32844,17348.0
1784974020000,0.32837,0.3285,0.32777,0.32817,3541.0
1784974080000,0.32885,0.32911,0.32834,0.32878,1910.0
1784974140000,0.32879,0.32879,0.32699,0.32736,956.0
1784974200000,0.32742,0.32748,0.32664,0.32748,322.0
1784974260000,0.32744,0.32899,0.32744,0.32811,1157.0
1784974320000,0.32835,0.3294,0.32835,0.32932,470.0
1784974380000,0.3295,0.32955,0.32916,0.32946,147.0
1784974440000,0.32945,0.32945,0.3289,0.32899,179.0
1784974500000,0.32962,0.33042,0.32962,0.32991,2797.0
1784974560000,0.32993,0.33008,0.32964,0.32997,1208.0
1784974620000,0.3297,0.32991,0.329,0.329,160.0
1784974680000,0.32962,0.33061,0.3292,0.33014,7454.0
1784974740000,0.33023,0.33027,0.32887,0.32888,3798.0
1784974800000,0.32894,0.32894,0.32769,0.32776,3837.0
1784974860000,0.3279,0.32855,0.32742,0.32806,3290.0
1784974920000,0.32818,0.32871,0.32817,0.32817,846.0
1784974980000,0.3288,0.33101,0.3288,0.33053,4479.0
1784975040000,0.33091,0.33091,0.33038,0.33061,207.0
1784975100000,0.33037,0.33166,0.32952,0.3299,36817.0
1784975160000,0.32992,0.33051,0.32985,0.33004,5865.0
1784975220000,0.33004,0.33038,0.3298,0.33025,2055.0
1784975280000,0.33038,0.33044,0.32966,0.32966,479.0
1784975340000,0.32963,0.33026,0.32921,0.32984,2331.0
1784975400000,0.3299,0.3307,0.32941,0.3307,2492.0
1784975460000,0.33034,0.3305,0.32978,0.33031,794.0
1784975520000,0.33,0.33125,0.33,0.33088,655.0
1784975580000,0.33099,0.33218,0.33099,0.33194,13333.0
1784975640000,0.33203,0.3333,0.33184,0.3333,4465.0
1784975700000,0.3333,0.33437,0.33225,0.33312,45136.0
1784975760000,0.33309,0.33361,0.33216,0.3328,4376.0
1784975820000,0.33279,0.33305,0.33199,0.33211,3179.0
1784975880000,0.33206,0.33343,0.33206,0.3332,2879.0
1784975940000,0.33333,0.33334,0.33271,0.33282,906.0
1784976000000,0.3324,0.33294,0.3324,0.33269,424.0
1784976060000,0.33216,0.33236,0.33,0.33077,2450.0
1784976120000,0.33023,0.3304,0.32951,0.32951,6934.0
1784976180000,0.32959,0.32969,0.32799,0.32799,1927.0
1784976240000,0.32815,0.32859,0.32815,0.32841,488.0
1784976300000,0.32843,0.32926,0.32837,0.32909,1210.0
1784976360000,0.32922,0.3297,0.32859,0.32859,865.0
1784976420000,0.32835,0.32881,0.32787,0.32881,885.0
1784976480000,0.32873,0.32893,0.32794,0.32794,2622.0
1784976540000,0.32826,0.32849,0.32826,0.32849,182.0
1784976600000,0.32842,0.32843,0.32722,0.32748,27221.0
1784976660000,0.32759,0.32766,0.32632,0.32746,1145.0
1784976720000,0.32738,0.32738,0.32533,0.3257,3079.0
1784976780000,0.3257,0.3257,0.32472,0.32526,4294.0
1784976840000,0.32599,0.32651,0.32509,0.32629,12525.0
1784976900000,0.32615,0.32617,0.32548,0.32617,4648.0
1784976960000,0.32627,0.32659,0.32595,0.32659,2209.0
1784977020000,0.32673,0.32894,0.32661,0.32894,2967.0
1784977080000,0.32853,0.32853,0.32741,0.32759,829.0
1784977140000,0.32781,0.32787,0.32688,0.32714,199.0
1784977200000,0.32731,0.32925,0.32663,0.3279,2295.0
1784977260000,0.3279,0.32867,0.32788,0.32788,2026.0
1784977320000,0.32771,0.32909,0.32771,0.32909,791.0
1784977380000,0.32896,0.32899,0.32896,0.32899,61.0
1784977440000,0.32867,0.33,0.32865,0.32999,859.0
1784977500000,0.32998,0.33,0.32941,0.32941,313.0
1784977560000,0.32938,0.32938,0.327,0.32932,2113.0
1784983740000,0.32936,0.32998,0.32924,0.32986,5479.0,18061.3299
1784983800000,0.32996,0.3308,0.32984,0.3306,1495.0,4938.8446
1784983860000,0.33072,0.333,0.33072,0.33227,5397.0,17932.66
1784983920000,0.33207,0.33207,0.33125,0.33146,693.0,2298.3334
1784983980000,0.33176,0.333,0.33176,0.33232,720.0,2395.3749
1784984040000,0.333,0.335,0.33191,0.33261,25515.0,85022.7752
1784984100000,0.3327,0.33802,0.331,0.331,21182.0,71119.3225
1784984160000,0.33068,0.33119,0.32871,0.32978,14061.0,46389.6011
1784984220000,0.32972,0.32978,0.32419,0.32492,23269.0,75766.449
1784984280000,0.32497,0.32593,0.32386,0.32562,6989.0,22712.7655
1784984340000,0.32587,0.32587,0.32307,0.32524,21060.0,68396.3648
1784984400000,0.32509,0.33041,0.32477,0.32929,15022.0,49317.0549
1784984460000,0.3293,0.33113,0.32881,0.33011,11378.0,37523.2148
1784984520000,0.32988,0.33085,0.32951,0.32971,2598.0,8579.5745
1784984580000,0.32992,0.33044,0.32944,0.3303,2238.0,7389.6571
1784984640000,0.33042,0.3306,0.32993,0.33013,2613.0,8626.1973
1784984700000,0.3305,0.33172,0.32945,0.32997,397.0,1313.3974
1784984760000,0.32982,0.32986,0.32867,0.32942,2269.0,7466.0483
1784984820000,0.32932,0.32936,0.32804,0.32804,621.0,2042.5377
1784984880000,0.32795,0.32828,0.32704,0.32724,188.0,615.7764
1784984940000,0.32858,0.32899,0.32844,0.32889,561.0,1844.8466
1784985000000,0.32883,0.3292,0.32883,0.32907,451.0,1483.7744
1784985060000,0.32935,0.32935,0.32808,0.32824,119.0,390.8027
1784985120000,0.32854,0.32854,0.32789,0.32804,534.0,1752.7909
1784985180000,0.32795,0.32795,0.32683,0.32758,140.0,457.8466
1784985240000,0.32776,0.32776,0.3277,0.3277,44.0,144.2042
1784985300000,0.32828,0.32828,0.32758,0.32821,1254.0,4110.5365
1784985360000,0.32845,0.32993,0.32845,0.32991,4040.0,13306.7715
1784985420000,0.32973,0.33063,0.32915,0.32987,2244.0,7404.5643
1784985480000,0.3286,0.3286,0.32717,0.32758,2478.0,8120.3908
1784985540000,0.3277,0.32795,0.32711,0.32794,876.0,2869.758
1784985600000,0.32792,0.32959,0.32759,0.32893,999.0,3280.5167
1784985660000,0.3291,0.33011,0.3291,0.32945,2527.0,8337.7993
1784985720000,0.32949,0.3308,0.32925,0.33025,1204.0,3977.4311
1784985780000,0.33026,0.33047,0.32942,0.33047,1995.0,6587.3859
1784985840000,0.3305,0.3305,0.32896,0.32955,793.0,2615.4218
1784985900000,0.32963,0.3301,0.32963,0.32976,114.0,376.0925
1784985960000,0.33025,0.33025,0.33013,0.33013,50.0,165.1166
1784986020000,0.33035,0.33146,0.33035,0.33141,313.0,1036.6882
1784986080000,0.33136,0.33217,0.33129,0.3319,364.0,1207.8149
1784986140000,0.33172,0.3327,0.33172,0.332,79.0,262.484
1784986200000,0.33261,0.33481,0.33261,0.33301,5629.0,18779.4456
1784986260000,0.33306,0.33357,0.33306,0.33342,113.0,376.7718
1784986320000,0.33335,0.3335,0.33264,0.33266,464.0,1544.9217
1784986380000,0.33322,0.33343,0.33211,0.33211,139.0,462.5318
1784986440000,0.33262,0.33262,0.33193,0.33193,184.0,611.1592
1784986500000,0.3319,0.33248,0.3318,0.33248,174.0,577.46
1784986560000,0.33332,0.33423,0.33299,0.33304,314.0,1046.7267
1784986620000,0.33191,0.33274,0.33178,0.3325,784.0,2602.6743
1784986680000,0.33332,0.33375,0.33312,0.33348,880.0,2935.5186
1784986740000,0.33342,0.33373,0.33292,0.33292,69.0,229.9789
1784986800000,0.33379,0.33413,0.33376,0.33413,208.0,694.4865
1784986860000,0.33388,0.33429,0.33368,0.33386,242.0,808.0607
1784986920000,0.33405,0.33575,0.33399,0.335,2351.0,7883.2788
1784986980000,0.33496,0.33498,0.3339,0.33461,142.0,475.3264
1784987040000,0.33346,0.3337,0.33269,0.33342,3339.0,11122.1232
1784987100000,0.33342,0.33368,0.33306,0.33306,478.0,1593.3964
1784987160000,0.33284,0.33342,0.33263,0.33342,366.0,1219.2315
1784987220000,0.33346,0.33355,0.33237,0.33243,281.0,934.9363
1784987280000,0.33231,0.33372,0.33231,0.33368,76.0,253.2357
1784987340000,0.33317,0.33448,0.33314,0.33397,4816.0,16096.8414
1784987400000,0.33343,0.33529,0.33286,0.33459,10344.0,34610.61
1784987460000,0.33457,0.3355,0.33425,0.3355,7665.0,25649.9194
1784987520000,0.33566,0.33651,0.33547,0.33562,3394.0,11404.2813
1784987580000,0.33572,0.33647,0.33563,0.33647,776.0,2606.8841
1784987640000,0.33605,0.3376,0.33545,0.33705,2166.0,7288.7245
1784987700000,0.33691,0.33705,0.33503,0.33503,327.0,1097.2428
1784987760000,0.33541,0.33557,0.33476,0.33526,531.0,1780.1201
1784987820000,0.336,0.33635,0.33517,0.33517,240.0,804.6613
1784987880000,0.33556,0.33588,0.33529,0.33586,358.0,1201.4147
1784987940000,0.33531,0.33565,0.33527,0.33565,466.0,1563.0547
1784988000000,0.33536,0.33609,0.33469,0.33469,329.0,1103.2073
1784988060000,0.33459,0.33495,0.33347,0.33493,1653.0,5521.8691
1784988120000,0.3345,0.33454,0.33342,0.33377,991.0,3309.8321
1784988180000,0.33362,0.33454,0.33312,0.3335,4155.0,13878.3757
1784988240000,0.33358,0.33412,0.3328,0.333,5004.0,16694.8958
1784988300000,0.33311,0.33326,0.33226,0.33316,3465.0,11527.8301
1784988360000,0.333,0.33331,0.33282,0.33305,411.0,1368.9279
1784988420000,0.33333,0.33333,0.33279,0.33316,789.0,2628.4925
1784988480000,0.33303,0.33449,0.33294,0.33352,787.0,2625.8937
1784988540000,0.33335,0.3339,0.33335,0.3339,149.0,496.785
1784988600000,0.33422,0.335,0.33402,0.33415,1021.0,3416.7403
1784988660000,0.33372,0.33384,0.33289,0.333,142.0,473.2642
1784988720000,0.33289,0.33376,0.33289,0.33344,299.0,996.5408
1784988780000,0.33298,0.33317,0.33276,0.33312,150.0,499.5638
1784988840000,0.33308,0.33447,0.33268,0.33441,1317.0,4391.9462
1784988900000,0.33441,0.33502,0.33428,0.33429,1057.0,3537.784
1784988960000,0.33409,0.33501,0.334,0.3348,484.0,1618.8255
1784989020000,0.33365,0.33405,0.33359,0.33385,365.0,1218.2641
1784989080000,0.33318,0.3338,0.33282,0.3338,630.0,2097.5251
1784989140000,0.33378,0.33518,0.33371,0.33495,208.0,696.3634
1784989200000,0.33446,0.33466,0.33446,0.33466,24.0,80.2904
1784989260000,0.33446,0.33473,0.33441,0.33451,861.0,2881.0001
1784989320000,0.33351,0.33417,0.33351,0.33417,109.0,364.0686
1784989380000,0.33404,0.33443,0.33404,0.33423,77.0,257.3508
1784989440000,0.33469,0.33624,0.33469,0.3359,1371.0,4604.7063
1784989500000,0.33595,0.34685,0.33582,0.33765,70140.0,238953.2611
1784989560000,0.33739,0.3383,0.33507,0.33818,9515.0,32002.6349
1784989620000,0.33792,0.33932,0.33565,0.33566,11451.0,38681.2013
1784989680000,0.33555,0.33729,0.33551,0.3372,3142.0,10578.6929
1784989740000,0.33729,0.33865,0.33729,0.33859,4360.0,14748.0771
1784989800000,0.33845,0.34,0.33745,0.34,2040.0,6909.918
1784989860000,0.33978,0.34773,0.33969,0.34377,45027.0,155696.7046
1784989920000,0.34348,0.34595,0.34264,0.344,11544.0,39661.9419
1784989980000,0.34403,0.34593,0.34361,0.34533,6169.0,21258.4918
1784990040000,0.34551,0.34564,0.343,0.34364,7712.0,26568.1918
1784990100000,0.34367,0.34397,0.34231,0.34295,9345.0,32045.6416
1784990160000,0.34312,0.35,0.34312,0.34777,14771.0,51286.1148
1784990220000,0.34743,0.35,0.3467,0.3467,11590.0,40378.5575
1784990280000,0.34648,0.34655,0.34476,0.34512,7776.0,26877.6626
1784990340000,0.34529,0.34717,0.34448,0.34692,9610.0,33241.9309
1784990400000,0.347,0.34726,0.34573,0.34606,2158.0,7480.2457
1784990460000,0.34624,0.34691,0.34479,0.34517,1307.0,4516.3621
1784990520000,0.34501,0.34544,0.34392,0.34528,2159.0,7444.0103
1784990580000,0.3453,0.34674,0.3453,0.34557,1547.0,5353.0351
1784990640000,0.34548,0.34555,0.34445,0.34554,1269.0,4379.5838
1784990700000,0.3457,0.35035,0.3457,0.34816,10273.0,35873.7509
1784990760000,0.34837,0.34844,0.34686,0.34717,463.0,1609.7535
1784990820000,0.34661,0.347,0.34562,0.34602,3898.0,13503.6346
1784990880000,0.34687,0.34846,0.34564,0.34565,5119.0,17793.6013
1784990940000,0.34526,0.3473,0.34526,0.34706,2539.0,8797.7547
1784991000000,0.34674,0.34687,0.34489,0.34588,2746.0,9501.6884
1784991060000,0.34626,0.34706,0.34623,0.34698,1375.0,4766.0775
1784991120000,0.34705,0.34841,0.3465,0.348,2501.0,8700.5737
1784991180000,0.34746,0.3486,0.34708,0.34777,15477.0,53776.6488
1784991240000,0.3475,0.34799,0.34671,0.34763,4677.0,16251.6431
1784991300000,0.3477,0.34781,0.34628,0.34667,5965.0,20691.0802
1784991360000,0.34644,0.3483,0.34641,0.34756,6329.0,21997.8529
1784991420000,0.34764,0.354,0.34682,0.34883,13849.0,48373.1243
1784991480000,0.34721,0.35236,0.34721,0.34985,17010.0,59587.1737
1784991540000,0.34999,0.39999,0.34999,0.37128,167162.0,622538.6917
1784991600000,0.37081,0.37081,0.36233,0.36485,26491.0,96874.1911
1784991660000,0.36457,0.36515,0.35877,0.36331,17869.0,64497.2611
1784991720000,0.36443,0.36443,0.3578,0.35931,7711.0,27813.6581
1784991780000,0.35858,0.36242,0.35418,0.35914,11041.0,39652.5022
1784991840000,0.35877,0.36037,0.34886,0.35564,53310.0,190163.7004
1784991900000,0.35501,0.35559,0.34918,0.3502,8549.0,30050.9045
1784991960000,0.35012,0.35122,0.342,0.3431,24208.0,83575.9325
1784992020000,0.34407,0.35246,0.34407,0.34818,27025.0,94144.374
1784992080000,0.34877,0.3489,0.34378,0.346,14387.0,49727.0459
1784992140000,0.34578,0.346,0.34,0.34352,20796.0,71389.4759
1784992200000,0.34395,0.34565,0.33722,0.34054,38010.0,129371.5295
1784992260000,0.34037,0.3413,0.33205,0.33305,40481.0,136020.3973
1784992320000,0.33306,0.33614,0.327,0.32823,49724.0,164166.3874
1784992380000,0.32724,0.33279,0.31794,0.32977,65813.0,214711.7332
1784992440000,0.33036,0.33536,0.32497,0.33258,17476.0,57981.3954
1784992500000,0.33202,0.34507,0.33154,0.34006,26993.0,91334.5543
1784992560000,0.33922,0.34004,0.32686,0.32892,11102.0,37128.2552
1784992620000,0.3286,0.3372,0.32465,0.33512,11256.0,37433.2456
1784992680000,0.33513,0.34,0.33313,0.33972,11384.0,38373.0581
1784992740000,0.33932,0.34064,0.33459,0.3351,4100.0,13791.0385
1784992800000,0.33456,0.33935,0.33348,0.3386,2022.0,6787.9367
1784992860000,0.33929,0.34053,0.33713,0.34033,2826.0,9575.1282
1784992920000,0.34083,0.34303,0.3385,0.34039,7667.0,26186.3896
1784992980000,0.34006,0.34082,0.33701,0.33998,1117.0,3789.6201
1784993040000,0.33958,0.33975,0.33786,0.33901,576.0,1951.9674
1784993100000,0.3396,0.34183,0.33796,0.34067,903.0,3070.4855
1784993160000,0.34128,0.34142,0.33491,0.33625,1053.0,3551.8889
1784993220000,0.33606,0.34097,0.33506,0.34077,1549.0,5226.9723
1784993280000,0.34083,0.34107,0.33627,0.33643,1072.0,3626.0298
1784993340000,0.33685,0.33715,0.33337,0.33451,5001.0,16699.8735
1784993400000,0.33452,0.33688,0.333,0.33321,2824.0,9448.3958
1784993460000,0.33299,0.33851,0.33288,0.33724,3392.0,11411.2609
1784993520000,0.33739,0.33973,0.33645,0.33691,2195.0,7424.8879
1784993580000,0.33698,0.33935,0.33651,0.33855,1875.0,6338.2134
1784993640000,0.33778,0.33924,0.33732,0.33771,2808.0,9491.1632
1784993700000,0.33767,0.33826,0.333,0.33324,4293.0,14410.6226
1784993760000,0.33301,0.33316,0.32639,0.32737,4957.0,16330.8924
1784993820000,0.32702,0.32968,0.32618,0.32908,2821.0,9238.2617
1784993880000,0.32938,0.32938,0.32133,0.3221,8939.0,29008.0083
1784993940000,0.32232,0.32233,0.31252,0.31406,26293.0,82751.8877
1784994000000,0.31509,0.32679,0.31509,0.32525,26855.0,86556.7308
1784994060000,0.32547,0.32771,0.31668,0.31739,22090.0,71077.5662
1784994120000,0.31749,0.32131,0.31655,0.31847,5806.0,18524.1033
1784994180000,0.31775,0.32482,0.3174,0.32433,6087.0,19588.4167
1784994240000,0.32387,0.32403,0.31848,0.31848,6225.0,19975.1847
1784994300000,0.31872,0.32609,0.31786,0.32511,12641.0,40983.4731
1784994360000,0.32497,0.32613,0.32327,0.32534,4349.0,14106.6392
1784994420000,0.32359,0.32528,0.32227,0.32227,4330.0,14015.401
1784994480000,0.32212,0.32348,0.31541,0.31604,14190.0,45125.4185
1784994540000,0.31597,0.32096,0.31478,0.31933,11215.0,35458.3064
1784994600000,0.3194,0.31974,0.3142,0.3142,2313.0,7317.5927
1784994660000,0.31512,0.32022,0.31468,0.31976,15604.0,49601.2145
1784994720000,0.31987,0.32036,0.31529,0.31529,2773.0,8810.1074
1784994780000,0.31573,0.31994,0.31558,0.3191,2936.0,9339.3244
1784994840000,0.31905,0.32152,0.31899,0.31951,15331.0,49134.7549
1784994900000,0.31944,0.31989,0.31568,0.31743,28672.0,91167.4044
1784994960000,0.31785,0.31834,0.31603,0.31603,5692.0,18033.0707
1784995020000,0.31671,0.31675,0.304,0.30734,42370.0,130822.3442
1784995080000,0.307,0.30953,0.291,0.30692,71182.0,216010.5284
1784995140000,0.3071,0.30718,0.30087,0.30273,14070.0,42751.3426
1784995200000,0.30212,0.31161,0.30212,0.31059,19306.0,59582.7358
1784995260000,0.31036,0.31239,0.30825,0.30829,8574.0,26570.8561
1784995320000,0.30923,0.31124,0.3069,0.30861,10522.0,32463.1323
1784995380000,0.30831,0.30831,0.30442,0.30775,2732.0,8371.986
1784995440000,0.30779,0.30887,0.30513,0.30737,5594.0,17182.521
1784995500000,0.30688,0.30787,0.3032,0.30521,4967.0,15196.2691
1784995560000,0.30496,0.30656,0.30072,0.30588,7057.0,21384.055
1784995620000,0.306,0.30806,0.30262,0.30794,4159.0,12728.152
1784995680000,0.30837,0.30837,0.30563,0.30705,2394.0,7344.2485
1784995740000,0.3068,0.30766,0.30356,0.30744,1048.0
1784995800000,0.30729,0.30729,0.29696,0.30536,12758.0
1784995860000,0.30546,0.30589,0.30173,0.3057,7333.0
1784995920000,0.30568,0.31968,0.30564,0.31938,31379.0
1784995980000,0.31924,0.31924,0.31524,0.31581,6525.0
1784996040000,0.31607,0.32704,0.31607,0.32331,33236.0
1784996100000,0.32479,0.33686,0.32174,0.33224,27850.0
1784996160000,0.33142,0.34339,0.33019,0.33635,46487.0
1784996220000,0.33635,0.34084,0.33578,0.33944,11900.0
1784996280000,0.33927,0.34069,0.33513,0.33993,5658.0
1784996340000,0.34009,0.34142,0.33822,0.33976,3818.0
1784996400000,0.33993,0.34417,0.3385,0.34116,8312.0
1784996460000,0.34115,0.34861,0.34032,0.34392,13689.0
1784996520000,0.34359,0.345,0.3419,0.34329,5462.0
1784996580000,0.34262,0.3444,0.34088,0.34323,2119.0
1784996640000,0.34338,0.34617,0.34261,0.34559,5970.0
1784996700000,0.34591,0.34972,0.3451,0.34746,11616.0
1784996760000,0.34705,0.34861,0.3442,0.34861,2896.0
1784996820000,0.34889,0.34999,0.34234,0.34312,10282.0
1784996880000,0.34313,0.34397,0.33878,0.34072,7727.0
1784996940000,0.34091,0.34523,0.34091,0.3428,3350.0
1784997000000,0.343,0.34728,0.343,0.34636,4897.0
1784997060000,0.34623,0.34772,0.34391,0.34484,7672.0
1784997120000,0.34486,0.34517,0.34281,0.34348,782.0
1784997180000,0.34384,0.34509,0.34318,0.34443,710.0
1784997240000,0.34439,0.34712,0.34336,0.34697,1163.0
1784997300000,0.34705,0.34915,0.34596,0.34661,6682.0
1784997360000,0.34578,0.3478,0.34473,0.34751,6485.0
1784997420000,0.34771,0.34822,0.34671,0.34803,885.0
1784997480000,0.34818,0.34929,0.34674,0.34861,1314.0
1784997540000,0.34813,0.35,0.3474,0.3474,1610.0
1784997600000,0.34805,0.34907,0.34559,0.34843,4767.0
1784997660000,0.34856,0.34905,0.34766,0.34791,1887.0
1784997720000,0.34791,0.34891,0.34698,0.34815,3058.0
1784997780000,0.34811,0.34894,0.34735,0.34748,765.0
1784997840000,0.34727,0.34748,0.34347,0.34545,6032.0
1784997900000,0.34506,0.34915,0.34453,0.34823,2531.0
1784997960000,0.3482,0.34876,0.34715,0.34722,958.0
1784998020000,0.34748,0.35924,0.34735,0.35313,38639.0
1784998080000,0.35313,0.35702,0.3521,0.35464,4481.0
1784998140000,0.35458,0.35494,0.35076,0.35151,5634.0
1784998200000,0.3513,0.35473,0.3513,0.35436,5160.0
1784998260000,0.35484,0.35814,0.35473,0.35586,3814.0
1784998320000,0.35571,0.35571,0.35338,0.35465,959.0
1784998380000,0.35495,0.35625,0.3529,0.3556,26041.0
1784998440000,0.35585,0.35587,0.35473,0.35587,15190.0
1784998500000,0.35635,0.35691,0.35448,0.35494,2925.0
1784998560000,0.35466,0.359,0.35466,0.35897,7641.0
1784998620000,0.35838,0.35929,0.35793,0.35914,4761.0
1784998680000,0.35859,0.35862,0.3569,0.35732,2147.0
1784998740000,0.35762,0.35871,0.35709,0.35709,1968.0
1784998800000,0.35741,0.358,0.35383,0.35488,6571.0
1784998860000,0.35559,0.35698,0.352,0.35211,16038.0
1784998920000,0.35244,0.35244,0.34799,0.3502,10241.0
1784998980000,0.35007,0.35027,0.34655,0.34777,4232.0
1784999040000,0.3482,0.34876,0.34725,0.34876,1765.0
1784999100000,0.34982,0.35362,0.34982,0.35152,7358.0
1784999160000,0.3514,0.35421,0.3514,0.35372,1864.0
1784999220000,0.35387,0.35387,0.34862,0.35009,12092.0
1784999280000,0.35033,0.35151,0.34835,0.34837,5545.0
1784999340000,0.34812,0.34877,0.34515,0.34733,5186.0,18009.6095
1784999400000,0.34715,0.35394,0.34708,0.35267,7168.0,25137.0942
1784999460000,0.35294,0.35342,0.34996,0.34996,2225.0,7826.46
1784999520000,0.34961,0.35075,0.34657,0.35047,2485.0,8656.1257
1784999580000,0.35033,0.35051,0.34796,0.34797,1111.0,3877.2372
1784999640000,0.34845,0.3491,0.34845,0.34874,89.0,310.3598
1784999700000,0.34806,0.34806,0.34,0.34363,5345.0,18361.4477
1784999760000,0.34342,0.34626,0.34241,0.34607,1180.0,4051.557
1784999820000,0.34548,0.34548,0.34289,0.34475,1064.0,3658.3059
1784999880000,0.34515,0.34571,0.34381,0.34467,443.0,1528.1832
1784999940000,0.34514,0.3462,0.34428,0.3451,488.0,1685.0261
1785000000000,0.34505,0.34986,0.34467,0.345,895.0,3106.4637
1785000060000,0.346,0.34802,0.346,0.34625,2706.0,9399.7786
1785000120000,0.34626,0.34724,0.34612,0.34724,1772.0,6136.2992
1785000180000,0.34764,0.35175,0.34764,0.35116,2026.0,7095.7391
1785000240000,0.35126,0.35169,0.35043,0.35114,591.0,2075.5888
1785000300000,0.35133,0.35362,0.35109,0.35299,3075.0,10852.6911
1785000360000,0.35278,0.35278,0.35053,0.35212,2993.0,10535.5882
1785000420000,0.35173,0.35197,0.35,0.35084,585.0,2054.5226
1785000480000,0.35086,0.35121,0.35017,0.35017,335.0,1175.2987
1785000540000,0.34949,0.3506,0.34549,0.34711,10330.0,35782.9689
1785000600000,0.34711,0.34732,0.34336,0.34572,4248.0,14641.883
1785000660000,0.34566,0.34668,0.34388,0.34668,757.0,2612.8669
1785000720000,0.34724,0.34918,0.34696,0.34814,5280.0,18352.0336
1785000780000,0.34834,0.35027,0.34834,0.34964,891.0,3116.3824
1785000840000,0.35,0.35043,0.34781,0.34781,949.0,3307.2585
1785000900000,0.34828,0.34885,0.34482,0.34482,1346.0,4663.1144
1785000960000,0.3458,0.34811,0.3458,0.34794,336.0,1169.2955
1785001020000,0.34598,0.34598,0.34498,0.34506,258.0,890.7304
1785001080000,0.34484,0.3458,0.34389,0.34542,4252.0,14673.5774
1785001140000,0.34528,0.34554,0.34368,0.34554,1307.0,4503.2609
1785001200000,0.34515,0.34626,0.34474,0.34474,57.0,196.8202
1785001260000,0.34594,0.34613,0.34521,0.34521,132.0,456.2056
1785001320000,0.34552,0.34692,0.34468,0.34471,532.0,1839.8005
1785001380000,0.34417,0.34418,0.34194,0.34266,998.0,3421.3637
1785001440000,0.34248,0.34266,0.3415,0.34266,1195.0,4089.9077
1785001500000,0.34324,0.34549,0.34324,0.34548,2413.0,8317.8492
1785001560000,0.34573,0.34615,0.34469,0.34609,1235.0,4271.0333
1785001620000,0.34661,0.34697,0.34378,0.34422,413.0,1425.7452
1785001680000,0.34429,0.34429,0.34332,0.34392,9202.0,31647.7145
1785001740000,0.34495,0.34502,0.34418,0.34418,112.0,386.1056
1785001800000,0.34469,0.34527,0.34348,0.34348,489.0,1681.637
1785001860000,0.34363,0.34411,0.34243,0.3431,526.0,1803.7353
1785001920000,0.34259,0.34266,0.3405,0.34172,1011.0,3455.9446
1785001980000,0.34184,0.34317,0.34184,0.34317,566.0,1937.1213
1785002040000,0.34342,0.34414,0.34229,0.34414,373.0,1280.4835
1785002100000,0.34461,0.34597,0.34328,0.34382,2334.0,8056.0169
1785002160000,0.34442,0.34442,0.3438,0.34395,2149.0,7388.5221
1785002220000,0.34335,0.34652,0.34335,0.34602,6688.0,23116.3968
1785002280000,0.34588,0.34924,0.34583,0.34775,18969.0,65991.5308
1785002340000,0.34767,0.35112,0.3476,0.34984,6557.0,22915.0241
1785002400000,0.34959,0.35079,0.3479,0.34858,4692.0,16370.2083
1785002460000,0.34885,0.349,0.34706,0.34706,584.0,2033.0709
1785002520000,0.34707,0.34744,0.34587,0.34632,1329.0,4605.4253
1785002580000,0.34604,0.34604,0.34361,0.34459,4584.0,15796.4348
1785002640000,0.34454,0.34682,0.34454,0.34607,731.0,2530.3861
1785002700000,0.34621,0.34894,0.34608,0.34893,9985.0,34740.3138
1785002760000,0.34863,0.34863,0.3456,0.3464,3066.0,10648.1881
1785002820000,0.34653,0.34679,0.34503,0.34569,2067.0,7139.815
1785002880000,0.34571,0.34707,0.34571,0.34584,1240.0,4292.5697
1785002940000,0.34607,0.34683,0.34596,0.34596,240.0,831.1457
1785003000000,0.34605,0.34605,0.34501,0.34506,527.0,1819.0839
1785003060000,0.34498,0.3452,0.34358,0.34364,1758.0,6045.5315
1785003120000,0.34354,0.34496,0.34293,0.34358,9742.0,33477.0307
1785003180000,0.34351,0.34351,0.34161,0.34286,1138.0,3896.7386
1785003240000,0.34279,0.34317,0.34214,0.34263,1513.0,5186.3445
1785003300000,0.34212,0.34313,0.34152,0.34289,709.0,2422.633
1785003360000,0.34246,0.34437,0.34194,0.34437,3469.0,11881.672
1785003420000,0.34422,0.34478,0.34331,0.34411,3405.0,11722.4605
1785003480000,0.34415,0.34439,0.34365,0.34439,85.0,292.4884
1785003540000,0.34496,0.34723,0.34496,0.34645,425.0,1471.1324
1785003600000,0.34601,0.34601,0.34464,0.34504,71.0,244.8381
1785003660000,0.34587,0.34723,0.34461,0.34539,413.0,1427.151
1785003720000,0.34588,0.34588,0.34478,0.34507,225.0,776.7758
1785003780000,0.34565,0.34638,0.34477,0.34477,221.0,764.0287
1785003840000,0.34511,0.34622,0.34507,0.34606,1111.0,3842.9516
1785003900000,0.3462,0.34746,0.34598,0.3467,1018.0,3529.1078
1785003960000,0.34669,0.34684,0.34529,0.34529,222.0,767.7193
1785004020000,0.34567,0.34567,0.34498,0.34498,118.0,407.2181
1785004080000,0.34496,0.34496,0.3444,0.3444,327.0,1127.6124
1785004140000,0.34445,0.34689,0.34445,0.34674,239.0,826.7436
1785004200000,0.34655,0.34736,0.34632,0.34735,491.0,1704.1075
1785004260000,0.3474,0.34753,0.34565,0.34566,146.0,505.8844
1785004320000,0.34607,0.34648,0.34607,0.34621,89.0,308.1386
1785004380000,0.3473,0.34835,0.34689,0.34745,2967.0,10324.6541
1785004440000,0.34771,0.34781,0.34581,0.34608,1208.0,4189.3071
1785004500000,0.34555,0.34562,0.34404,0.34493,5279.0,18201.2642
1785004560000,0.34503,0.34626,0.345,0.34521,451.0,1558.841
1785004620000,0.34458,0.34473,0.34353,0.34452,3557.0,12236.0064
1785004680000,0.34352,0.34583,0.34339,0.34485,396.0,1365.7549
1785004740000,0.34484,0.34519,0.34458,0.34487,823.0,2838.5725
1785004800000,0.34492,0.34551,0.34431,0.34551,558.0,1923.5245
1785004860000,0.34534,0.34562,0.34534,0.34553,108.0,373.0979
1785004920000,0.34423,0.34506,0.34423,0.34464,317.0,1092.2729
1785004980000,0.34494,0.34594,0.34494,0.34556,466.0,1610.4276
1785005040000,0.34566,0.34656,0.34566,0.34613,952.0,3295.9882
1785005100000,0.34598,0.34659,0.34561,0.34659,409.0,1414.7674
1785005160000,0.34666,0.34761,0.34643,0.34753,5536.0,19203.367
1785005220000,0.34765,0.34783,0.34641,0.34665,356.0,1236.019
1785005280000,0.34669,0.34672,0.34582,0.34582,252.0,873.0788
1785005340000,0.3466,0.34665,0.34656,0.34665,30.0,103.9908
1785005400000,0.34664,0.34668,0.34571,0.34609,128.0,443.0012
1785005460000,0.34633,0.34653,0.34589,0.34589,208.0,720.05
1785005520000,0.34498,0.34672,0.34498,0.34672,69.0,238.6335
1785005580000,0.34582,0.34583,0.34564,0.34567,180.0,622.3442
1785005640000,0.34567,0.34604,0.34492,0.34576,7919.0,27372.1137
1785005700000,0.34578,0.34648,0.34555,0.34555,1121.0,3878.7369
1785005760000,0.34562,0.34689,0.34543,0.34635,3622.0,12549.7816
1785005820000,0.34646,0.35111,0.34629,0.34847,2570.0,8966.4176
1785005880000,0.34879,0.34879,0.34743,0.34783,216.0,752.0433
1785005940000,0.34702,0.34702,0.34527,0.3461,485.0,1679.4853
1785006000000,0.34608,0.34671,0.34586,0.34662,584.0,2022.3169
1785006060000,0.34633,0.34633,0.34393,0.34526,2555.0,8837.9014
1785006120000,0.34527,0.34569,0.34416,0.34531,2192.0,7562.9651
1785006180000,0.34493,0.34493,0.3446,0.34464,674.0,2323.8824
1785006240000,0.3445,0.34473,0.34397,0.34414,707.0,2433.8578
1785006300000,0.34413,0.34464,0.34201,0.34414,5602.0,19238.6624
1785006360000,0.34398,0.34495,0.34268,0.34308,1768.0,6079.3009
1785006420000,0.34314,0.34745,0.3389,0.34542,11460.0,39553.3785
1785006480000,0.34524,0.34532,0.34266,0.34335,5059.0,17429.1423
1785006540000,0.34327,0.34448,0.34313,0.3443,793.0,2727.1523
1785006600000,0.34413,0.34413,0.34121,0.34274,8415.0,28781.1351
1785006660000,0.34248,0.34257,0.34164,0.34197,944.0,3229.4085
1785006720000,0.34174,0.34306,0.34123,0.34303,3886.0,13292.7858
1785006780000,0.34294,0.34294,0.34168,0.34174,392.0,1340.7701
1785006840000,0.34185,0.34185,0.34078,0.34078,778.0,2653.6285
1785006900000,0.34104,0.34131,0.33433,0.3366,30967.0,104325.7582
1785006960000,0.33619,0.33624,0.33408,0.33544,11216.0,37604.414
1785007020000,0.33514,0.33782,0.33489,0.33753,1756.0,5905.6553
1785007080000,0.3379,0.3393,0.33685,0.33839,4143.0,14018.9716
1785007140000,0.3381,0.3402,0.3381,0.339,3900.0,13241.4132
1785007200000,0.33881,0.34437,0.33878,0.34252,9762.0,33469.3405
1785007260000,0.34252,0.3426,0.33997,0.34142,5047.0,17224.5909
1785007320000,0.34139,0.34383,0.34067,0.3408,6470.0,22198.6602
1785007380000,0.34113,0.34163,0.34014,0.34094,497.0,1693.6104
1785007440000,0.34074,0.34074,0.33957,0.33961,463.0,1572.6539
1785007500000,0.33952,0.33974,0.33824,0.33939,422.0,1431.1182
1785007560000,0.33938,0.33946,0.33852,0.33852,1622.0,5501.8974
1785007620000,0.33864,0.33992,0.33755,0.33992,607.0,2056.88
1785007680000,0.34023,0.34023,0.33926,0.33991,418.0,1419.9472
1785007740000,0.34021,0.34055,0.34007,0.3401,1582.0,5383.8002
1785007800000,0.34024,0.34024,0.33889,0.34018,458.0,1554.1926
1785007860000,0.33996,0.33996,0.33797,0.33861,199.0,673.2737
1785007920000,0.33802,0.33849,0.33802,0.33837,613.0,2074.0847
1785007980000,0.33758,0.33877,0.33758,0.33821,218.0,737.1533
1785008040000,0.33835,0.34018,0.33835,0.33835,191.0,647.734
1785008100000,0.33856,0.33885,0.33853,0.33853,1577.0,5339.8017
1785008160000,0.33886,0.33972,0.33817,0.33921,3089.0,10462.7228
1785008220000,0.33873,0.33873,0.33832,0.33872,343.0,1161.6295
1785008280000,0.33857,0.34026,0.33849,0.34026,176.0,597.4794
1785008340000,0.34049,0.34451,0.34049,0.34381,1507.0,5166.1651
1785008400000,0.34373,0.34499,0.34338,0.34403,3182.0,10949.9551
1785008460000,0.34449,0.3459,0.34413,0.34528,931.0,3214.2973
1785008520000,0.346,0.346,0.34418,0.3444,470.0,1621.9966
1785008580000,0.34483,0.34483,0.34384,0.34427,556.0,1913.2982
1785008640000,0.34424,0.34453,0.34333,0.34426,338.0,1162.2336
1785008700000,0.34404,0.34518,0.34404,0.34518,44.0,151.6566
1785008760000,0.34464,0.34508,0.34444,0.34486,1903.0,6558.6219
1785008820000,0.34376,0.34376,0.34279,0.34279,2523.0,8659.1081
1785008880000,0.343,0.34387,0.34263,0.34277,594.0,2038.2071
1785008940000,0.34293,0.34299,0.34201,0.34209,334.0,1143.978
1785009000000,0.34307,0.34374,0.34241,0.34315,744.0,2550.9503
1785009060000,0.34264,0.34502,0.34264,0.34432,529.0,1822.5029
1785009120000,0.34425,0.34425,0.34337,0.34357,258.0,886.4516
1785009180000,0.34354,0.34354,0.3431,0.34326,51.0,175.1018
1785009300000,0.34355,0.34355,0.34327,0.34327,4.0,13.7392
1785009360000,0.34307,0.34453,0.34307,0.34344,211.0,726.1323
1785009420000,0.34348,0.34394,0.34348,0.34394,52.0,178.7568
1785009480000,0.34402,0.34402,0.34332,0.34332,141.0,484.3987
1785009540000,0.34349,0.34464,0.34293,0.34464,342.0,1175.8335
1785009600000,0.34444,0.34493,0.34391,0.34467,1277.0,4395.5235
1785009660000,0.3455,0.3455,0.34431,0.34431,196.0,676.4502
1785009720000,0.34458,0.34558,0.34359,0.34359,648.0,2234.3728
1785009780000,0.34363,0.34363,0.34135,0.34179,782.0,2673.8474
1785009840000,0.34178,0.3441,0.34169,0.34313,914.0,3126.6994
1785009900000,0.34318,0.34318,0.34205,0.34288,310.0,1062.0493
1785009960000,0.34287,0.34287,0.3414,0.3414,586.0,2004.5786
1785010020000,0.34163,0.34238,0.34133,0.34194,416.0,1421.737
1785010080000,0.34204,0.34284,0.34193,0.34284,837.0,2864.2642
1785010140000,0.34279,0.34317,0.34279,0.34287,45.0,154.3465
1785010200000,0.34302,0.34362,0.34296,0.34336,103.0,353.5005
1785010260000,0.34366,0.34581,0.34366,0.34509,399.0,1374.1619
1785010320000,0.34492,0.34698,0.34492,0.34595,2794.0,9679.8702
1785010380000,0.34623,0.34653,0.34492,0.34567,1333.0,4611.4037
1785010440000,0.3459,0.3459,0.34495,0.34568,1361.0,4699.8721
1785010500000,0.3457,0.3457,0.34293,0.34293,1108.0,3804.559
1785010560000,0.34294,0.34429,0.34269,0.34409,1713.0,5886.6182
1785010620000,0.34442,0.34511,0.34321,0.34321,682.0,2347.2647
1785010680000,0.34331,0.34342,0.34233,0.34301,193.0,661.6265
1785010740000,0.34277,0.34277,0.34006,0.34006,4568.0,15587.0875
1785010800000,0.34,0.34017,0.33905,0.33939,1640.0,5571.7159
1785010860000,0.33931,0.33939,0.33827,0.33848,1360.0,4609.1121
1785010920000,0.33848,0.33848,0.33666,0.3368,2158.0,7279.4637
1785010980000,0.33675,0.33733,0.33568,0.33568,1666.0,5609.5445
1785011040000,0.3357,0.33782,0.33568,0.33671,3226.0,10864.7257
1785011100000,0.33671,0.33671,0.33546,0.33565,887.0,2980.2646
1785011160000,0.33586,0.33645,0.33541,0.33645,1262.0,4242.2073
1785011220000,0.33661,0.33777,0.33598,0.33736,1029.0,3467.5972
1785011280000,0.33755,0.33784,0.33619,0.33717,577.0,1944.2822
1785011340000,0.33713,0.33877,0.33672,0.3386,466.0,1573.5765
1785025620000,0.35596,0.35656,0.35596,0.35652,123.0
1785025680000,0.35767,0.35947,0.35731,0.35809,1358.0
1785025740000,0.3581,0.3581,0.35626,0.35663,153.0
1785025800000,0.35679,0.35696,0.35505,0.35505,200.0
1785025860000,0.35507,0.35823,0.35507,0.35728,2400.0
1785025920000,0.35711,0.35765,0.35681,0.3572,1518.0
1785025980000,0.35765,0.365,0.35474,0.35488,21124.0
1785026040000,0.35497,0.35611,0.35398,0.35398,3675.0
1785026100000,0.35418,0.35454,0.35313,0.35361,794.0
1785026160000,0.35361,0.35473,0.35282,0.35366,420.0
1785026220000,0.3537,0.35537,0.3537,0.35422,316.0
1785026280000,0.35466,0.3551,0.35425,0.35467,694.0
1785026340000,0.35457,0.35464,0.35242,0.35364,804.0
1785026400000,0.35357,0.35357,0.352,0.35226,1866.0
1785026460000,0.3528,0.35432,0.3528,0.35357,1011.0
1785026520000,0.35367,0.35416,0.35346,0.35408,171.0
1785026580000,0.35397,0.35481,0.3531,0.35323,649.0
1785026640000,0.35345,0.35434,0.35317,0.35366,3655.0
1785026700000,0.35365,0.35967,0.35365,0.35963,1281.0
1785026760000,0.35893,0.36063,0.35746,0.358,1205.0
1785026820000,0.35797,0.35977,0.35797,0.359,5730.0
1785026880000,0.35904,0.36227,0.35904,0.36203,992.0
1785026940000,0.36202,0.36357,0.36112,0.362,838.0
1785027000000,0.36223,0.36487,0.36189,0.36201,9550.0
1785027060000,0.36202,0.36371,0.36183,0.36322,1832.0
1785027120000,0.36309,0.36344,0.36077,0.36119,1529.0
1785027180000,0.36104,0.36318,0.36047,0.36241,1394.0
1785027240000,0.36275,0.36666,0.36275,0.36414,2306.0
1785027300000,0.36427,0.36521,0.36386,0.36432,863.0
1785027360000,0.36395,0.36997,0.36347,0.36417,28222.0
1785027420000,0.36412,0.36446,0.36236,0.36357,9458.0
1785027480000,0.36373,0.36636,0.36373,0.36514,5772.0
1785027540000,0.3648,0.3652,0.36364,0.36443,1730.0
1785027600000,0.36349,0.36366,0.36184,0.36211,2121.0
1785027660000,0.36192,0.36209,0.35917,0.35989,4103.0
1785027720000,0.36027,0.36464,0.36027,0.36464,1946.0
1785027780000,0.36427,0.36531,0.36319,0.36376,653.0
1785027840000,0.36398,0.36623,0.36398,0.36623,920.0
1785027900000,0.36649,0.36959,0.36617,0.36793,783.0
1785027960000,0.36827,0.37061,0.36778,0.36872,5522.0
1785028020000,0.36833,0.36962,0.36813,0.3685,2506.0
1785028080000,0.36821,0.37036,0.36821,0.36944,6125.0
1785028140000,0.36887,0.37038,0.3681,0.37037,468.0
1785028200000,0.37051,0.37052,0.36954,0.36987,1589.0
1785028260000,0.36988,0.37043,0.36913,0.37024,2392.0
1785028320000,0.3698,0.37096,0.36917,0.37041,776.0
1785028380000,0.37007,0.378,0.3692,0.37553,9386.0
1785028440000,0.37564,0.3779,0.37446,0.37544,7406.0
1785028500000,0.37535,0.37712,0.37235,0.3725,3826.0
1785028560000,0.37255,0.3744,0.3716,0.37422,3741.0
1785028620000,0.37375,0.37547,0.37,0.37091,27540.0
1785028680000,0.37063,0.37109,0.36868,0.36936,5227.0
1785028740000,0.36966,0.37033,0.36731,0.36809,3909.0
1785028800000,0.36856,0.37099,0.36817,0.36817,1714.0
1785028860000,0.36816,0.36858,0.36625,0.36653,3729.0
1785028920000,0.36719,0.36831,0.36673,0.36831,673.0
1785028980000,0.3686,0.37275,0.36839,0.37239,954.0
1785029040000,0.37214,0.37463,0.37214,0.37359,1156.0
1785029100000,0.37361,0.37422,0.37138,0.37227,1509.0
1785029160000,0.37238,0.37257,0.36902,0.36921,2324.0
1785029220000,0.36907,0.37087,0.36769,0.37027,1379.0
1785029280000,0.36995,0.37091,0.36935,0.37021,3743.0
1785029340000,0.37029,0.37268,0.36932,0.3712,721.0,2679.9959
1785029400000,0.36991,0.36991,0.366,0.36788,3370.0,12386.7288
1785029460000,0.36769,0.36884,0.36685,0.36844,1836.0,6760.123
1785029520000,0.36843,0.37335,0.36843,0.37019,28365.0,105372.3601
1785029580000,0.37012,0.37042,0.368,0.36958,6733.0,24875.0284
1785029640000,0.36961,0.37078,0.36936,0.36936,7649.0,28329.9836
1785029700000,0.36936,0.3706,0.36866,0.36991,1059.0,3911.8834
1785029760000,0.36946,0.36946,0.36721,0.36721,1180.0,4346.3522
1785029820000,0.36728,0.36763,0.36567,0.36567,2270.0,8317.6857
1785029880000,0.36554,0.36875,0.3655,0.36721,2335.0,8560.866
1785029940000,0.36798,0.36906,0.36798,0.36886,393.0,1449.0268
1785030000000,0.36924,0.36924,0.36707,0.36858,922.0,3395.9186
1785030060000,0.36869,0.36957,0.36849,0.36849,653.0,2409.9985
1785030120000,0.36926,0.37223,0.36926,0.37149,903.0,3353.7555
1785030180000,0.37156,0.37372,0.37153,0.37223,2238.0,8341.3069
1785030240000,0.37193,0.37199,0.3705,0.37199,1538.0,5712.0617
1785030300000,0.372,0.372,0.36849,0.37013,1609.0,5958.6393
1785030360000,0.37047,0.37075,0.36947,0.36976,1879.0,6953.1386
1785030420000,0.36947,0.37051,0.36947,0.37051,627.0,2319.7185
1785030480000,0.37055,0.37322,0.37055,0.37184,708.0,2634.2375
1785030540000,0.37129,0.37724,0.37129,0.37543,10728.0,40359.1144
1785030600000,0.3756,0.38017,0.37554,0.37894,14311.0,54138.816
1785030660000,0.37977,0.38385,0.37769,0.38064,16677.0,63604.6461
1785030720000,0.38085,0.38636,0.37934,0.38508,46897.0,180024.6719
1785030780000,0.38484,0.38619,0.38146,0.38168,5204.0,19968.4837
1785030840000,0.38146,0.38393,0.37968,0.3802,3324.0,12693.7281
1785030900000,0.381,0.38779,0.381,0.38489,11128.0,42879.9622
1785030960000,0.38475,0.38612,0.38419,0.38489,3124.0,12032.9797
1785031020000,0.3848,0.38516,0.38116,0.38198,739.0,2827.9962
1785031080000,0.38171,0.38422,0.38168,0.38353,674.0,2581.6865
1785031140000,0.38309,0.3862,0.38309,0.38515,1328.0,5116.2504
1785031200000,0.38605,0.38641,0.38416,0.3849,1297.0,4998.042
1785031260000,0.38483,0.38511,0.38143,0.38177,4333.0,16577.4611
1785031320000,0.38168,0.3831,0.38108,0.38176,2527.0,9649.529
1785031380000,0.38187,0.38187,0.37819,0.37948,2266.0,8606.6794
1785031440000,0.37928,0.38086,0.37778,0.38047,2260.0,8587.9814
1785031500000,0.38067,0.38067,0.37651,0.37883,3750.0,14204.6376
1785031560000,0.37936,0.37951,0.3751,0.3751,1889.0,7118.6202
1785031620000,0.3751,0.37621,0.3718,0.37586,4140.0,15476.2899
1785031680000,0.37547,0.37729,0.37533,0.37642,1819.0,6841.4105
1785031740000,0.37682,0.3785,0.37653,0.37739,4628.0,17490.7228
1785031800000,0.37757,0.37867,0.37401,0.37407,823.0,3091.16
1785031860000,0.37425,0.37553,0.37249,0.3743,2778.0,10404.3348
1785031920000,0.37456,0.37682,0.37418,0.37506,747.0,2803.1844
1785031980000,0.37502,0.37545,0.37351,0.37474,1508.0,5650.8807
1785032040000,0.37427,0.37443,0.37147,0.37178,1335.0,4976.544
1785032100000,0.37256,0.37317,0.36691,0.36747,1671.0,6172.7044
1785032160000,0.36758,0.36758,0.36217,0.36473,28232.0,102597.8473
1785032220000,0.36432,0.36602,0.36233,0.36233,5993.0,21857.1653
1785032280000,0.36212,0.3636,0.35941,0.36228,4052.0,14646.3271
1785032340000,0.36324,0.36407,0.36097,0.36147,5558.0,20119.6455
1785032400000,0.36063,0.36495,0.36058,0.36391,4588.0,16667.4633
1785032460000,0.36373,0.36394,0.36051,0.36304,411.0,1489.1993
1785032520000,0.36408,0.36672,0.36304,0.3658,2951.0,10804.643
1785032580000,0.3658,0.36817,0.36564,0.36752,982.0,3605.0784
1785032640000,0.36773,0.36773,0.36624,0.3666,1748.0,6409.4576
1785032700000,0.36616,0.36682,0.36391,0.36509,2832.0,10360.4001
1785032760000,0.36549,0.36566,0.36368,0.36444,741.0,2699.0473
1785032820000,0.36497,0.3671,0.36497,0.36651,693.0,2540.6593
1785032880000,0.3666,0.3666,0.36444,0.36485,260.0,949.3336
1785032940000,0.36439,0.36439,0.36262,0.36382,1979.0,7195.8403
1785033000000,0.36476,0.36604,0.36476,0.36588,413.0,1509.8778
1785033060000,0.36533,0.36578,0.36533,0.36578,51.0,186.4769
1785033120000,0.36547,0.36547,0.364,0.36539,97.0,353.5251
1785033180000,0.36562,0.36601,0.36477,0.36545,1325.0,4838.2624
1785033240000,0.36518,0.36672,0.3641,0.36512,786.0,2873.4461
1785033300000,0.36442,0.36442,0.36398,0.36417,106.0,386.1333
1785033360000,0.36428,0.36757,0.36428,0.36757,186.0,681.4752
1785033420000,0.36779,0.36819,0.3671,0.36734,4804.0,17677.3926
1785033480000,0.36735,0.37125,0.36735,0.37106,1928.0,7127.0837
1785033540000,0.37025,0.3722,0.37025,0.37103,1040.0,3866.0443
1785033600000,0.37004,0.3701,0.36794,0.36794,1865.0,6891.2843
1785033660000,0.36789,0.3688,0.36672,0.36782,1084.0,3982.3624
1785033720000,0.36782,0.36841,0.36579,0.3673,784.0,2877.9831
1785033780000,0.36761,0.36924,0.36741,0.36843,2673.0,9842.7755
1785033840000,0.3685,0.36926,0.36778,0.36778,715.0,2636.3292
1785033900000,0.36787,0.37028,0.36773,0.36948,243.0,897.8392
1785033960000,0.36845,0.36865,0.36768,0.36768,631.0,2321.9424
1785034020000,0.3677,0.3677,0.36559,0.36651,535.0,1958.6405
1785034080000,0.36656,0.3669,0.36417,0.36417,1243.0,4547.3986
1785034140000,0.36428,0.36612,0.36428,0.36495,484.0,1767.3228
1785034200000,0.36524,0.36524,0.35618,0.36056,6768.0,24334.5385
1785034260000,0.3604,0.36243,0.35864,0.36228,2630.0,9468.7737
1785034320000,0.36159,0.36519,0.36159,0.36483,1836.0,6682.5816
1785034380000,0.36463,0.36507,0.3638,0.36493,661.0,2410.0855
1785034440000,0.3663,0.36712,0.3663,0.3667,162.0,594.002
1785034500000,0.36736,0.3701,0.36736,0.36859,1159.0,4277.3707
1785034560000,0.36887,0.36887,0.36621,0.36703,1673.0,6147.8586
1785034620000,0.36711,0.36927,0.36687,0.36882,2745.0,10108.0156
1785034680000,0.36921,0.36921,0.36745,0.36752,656.0,2416.1098
1785034740000,0.36766,0.36766,0.36667,0.36667,39.0,143.1987
1785034800000,0.36811,0.36855,0.36765,0.36765,42.0,154.5842
1785034860000,0.36765,0.36813,0.36732,0.36813,147.0,540.416
1785034920000,0.36793,0.36855,0.36788,0.36855,1399.0,5149.9969
1785034980000,0.36817,0.36817,0.36517,0.36569,621.0,2272.0233
1785035040000,0.36484,0.36484,0.3638,0.36469,437.0,1592.1678
1785035100000,0.36451,0.36786,0.36438,0.36783,151.0,552.9071
1785035160000,0.36673,0.36673,0.36586,0.3661,142.0,520.0601
1785035220000,0.36574,0.3669,0.36548,0.36637,4095.0,14997.672
1785035280000,0.36592,0.36702,0.36536,0.3665,475.0,1741.1154
1785035340000,0.36576,0.36656,0.36504,0.36656,121.0,443.2803
1785035400000,0.36647,0.36647,0.36557,0.36557,50.0,183.1103
1785035460000,0.36595,0.36638,0.36595,0.36638,31.0,113.5176
1785035520000,0.36818,0.36968,0.36818,0.36968,1569.0,5782.1029
1785035580000,0.36967,0.37148,0.36928,0.37118,1153.0,4267.2472
1785035640000,0.37136,0.37487,0.37136,0.37348,373.0,1394.6961
1785035700000,0.3734,0.37634,0.37266,0.37589,212.0,793.6974
1785035760000,0.37577,0.37577,0.37347,0.37357,175.0,655.798
1785035820000,0.37282,0.37363,0.37282,0.37363,21.0,78.3003
1785035880000,0.37312,0.37312,0.36996,0.36996,461.0,1715.7155
1785035940000,0.37171,0.37305,0.37151,0.37206,312.0,1160.7832
1785036000000,0.37214,0.37363,0.37125,0.37363,616.0,2299.3607
1785036060000,0.37354,0.37354,0.37143,0.37166,996.0,3710.9235
1785036120000,0.37331,0.37401,0.37193,0.37193,402.0,1498.2722
1785036180000,0.37201,0.3721,0.37107,0.37154,688.0,2556.0378
1785036240000,0.37164,0.37267,0.3714,0.37214,1151.0,4283.63
1785036300000,0.3733,0.3751,0.37286,0.37424,542.0,2024.0925
1785036360000,0.3745,0.37535,0.37327,0.37327,257.0,962.2718
1785036420000,0.37347,0.37378,0.37334,0.37334,43.0,160.581
1785036480000,0.37204,0.37257,0.37204,0.37257,53.0,197.319
1785036540000,0.37264,0.37324,0.37261,0.37264,38.0,141.6038
1785036600000,0.37292,0.37395,0.37292,0.37343,79.0,295.0986
1785036660000,0.37299,0.37299,0.37239,0.37239,139.0,517.6521
1785036720000,0.37326,0.3738,0.37326,0.37357,30.0,112.1
1785036780000,0.37256,0.37385,0.3723,0.37385,144.0,537.5033
1785036840000,0.37385,0.37426,0.37385,0.37426,89.0,332.9719
1785036900000,0.37415,0.37563,0.37405,0.37473,1448.0,5426.6092
1785036960000,0.37432,0.37748,0.37432,0.37682,1188.0,4473.9982
1785037020000,0.37645,0.38028,0.37637,0.37738,4898.0,18551.9001
1785037080000,0.37738,0.38105,0.37738,0.38091,338.0,1280.125
1785037140000,0.37988,0.38166,0.37936,0.37936,8638.0,32877.0118
1785037200000,0.37972,0.38038,0.37972,0.38023,179.0,680.3908
1785037260000,0.38067,0.38207,0.38052,0.38189,833.0,3180.1594
1785037320000,0.3817,0.38207,0.37992,0.37992,1752.0,6672.1501
1785037380000,0.38124,0.38126,0.38065,0.38065,63.0,240.0672
1785037440000,0.38244,0.38555,0.38228,0.38515,1708.0,6541.1109
1785037500000,0.38492,0.38685,0.38406,0.38407,5711.0,22027.5794
1785037560000,0.38457,0.38457,0.38214,0.38276,2207.0,8457.3556
1785037620000,0.383,0.38555,0.383,0.38542,4483.0,17178.1817
1785037680000,0.3859,0.39,0.3859,0.38915,12596.0,49083.8471
1785037740000,0.38909,0.38909,0.38635,0.38671,1254.0,4859.0232
1785037800000,0.38697,0.393,0.38352,0.3837,19324.0,75093.8378
1785037860000,0.38395,0.38862,0.38395,0.38683,10668.0,41287.9339
1785037920000,0.38695,0.3885,0.38679,0.38848,2861.0,11087.9211
1785037980000,0.38878,0.39873,0.38878,0.39374,18840.0,74249.4899
1785038040000,0.39352,0.3941,0.38975,0.39339,9391.0,36879.7587
1785038100000,0.393,0.393,0.38906,0.39076,11700.0,45636.0732
1785038160000,0.39051,0.39379,0.38956,0.39348,2770.0,10843.8457
1785038220000,0.39343,0.39343,0.39096,0.3916,3599.0,14106.895
1785038280000,0.3916,0.3916,0.39006,0.39033,2317.0,9054.501
1785038340000,0.39075,0.39194,0.39034,0.39095,1589.0,6212.9576
1785038400000,0.39049,0.394,0.39013,0.39074,7658.0,30045.7689
1785038460000,0.39092,0.39206,0.39052,0.39119,1801.0,7043.6645
1785038520000,0.39117,0.39124,0.38964,0.38983,516.0,2013.7571
1785038580000,0.38996,0.39065,0.38852,0.38852,861.0,3353.5171
1785038640000,0.38871,0.39072,0.38784,0.38959,2050.0,7969.9895
1785038700000,0.39063,0.39189,0.38956,0.39105,761.0,2977.2044
1785038760000,0.39099,0.39105,0.38864,0.38996,581.0,2265.5582
1785038820000,0.38982,0.38996,0.38681,0.38734,1307.0,5074.6319
1785038880000,0.38723,0.38801,0.38346,0.38552,5044.0,19419.08
1785038940000,0.38573,0.38589,0.3827,0.38312,5592.0,21496.2389
1785039000000,0.38342,0.3847,0.38293,0.38339,2276.0,8733.392
1785039060000,0.38312,0.38511,0.37892,0.38453,3811.0,14575.7177
1785039120000,0.38364,0.38364,0.38156,0.38253,399.0,1527.3865
1785039180000,0.38183,0.38346,0.38183,0.38215,3087.0,11819.2074
1785039240000,0.38233,0.385,0.38233,0.3833,305.0,1170.7138
1785039300000,0.38371,0.38456,0.38169,0.38196,244.0,935.4828
1785039360000,0.38222,0.38228,0.38016,0.38035,1762.0,6714.043
1785039420000,0.38,0.38166,0.37924,0.38166,288.0,1094.5994
1785039480000,0.38189,0.38189,0.3807,0.38078,4780.0,18238.1262
1785039540000,0.38051,0.38286,0.38051,0.38246,881.0,3370.2634
1785039600000,0.38228,0.38228,0.37942,0.37964,1350.0,5150.3231
1785039660000,0.37952,0.38045,0.37898,0.38002,547.0,2077.2637
1785039720000,0.38013,0.38013,0.37816,0.37868,297.0,1124.7916
1785039780000,0.37838,0.37872,0.377,0.37867,671.0,2535.9488
1785039840000,0.37836,0.37956,0.37788,0.37923,1167.0,4425.5995
1785039900000,0.37892,0.38018,0.37823,0.37896,2793.0,10596.84
1785039960000,0.37866,0.37866,0.37785,0.37785,129.0,487.8784
1785040020000,0.37759,0.37836,0.37738,0.3783,563.0,2129.2629
1785040080000,0.3782,0.3785,0.37711,0.37813,1836.0,6939.1489
1785040140000,0.37818,0.37818,0.3753,0.37637,2252.0,8485.1056
1785040200000,0.37613,0.37651,0.37485,0.37563,424.0,1592.9329
1785040260000,0.37554,0.37554,0.37256,0.37256,2395.0,8956.0112
1785040320000,0.37252,0.37516,0.37192,0.37516,1002.0,3747.2562
1785040380000,0.37436,0.37501,0.37313,0.37358,836.0,3129.165
1785040440000,0.37341,0.37355,0.37221,0.3727,235.0,876.5123
1785040500000,0.37205,0.37494,0.37197,0.3735,99.0,370.0304
1785040560000,0.37297,0.37297,0.37,0.37201,5354.0,19895.3394
1785040620000,0.37202,0.37256,0.37122,0.37233,1089.0,4050.7762
1785040680000,0.37194,0.3726,0.37179,0.3722,360.0,1339.6601
1785040740000,0.37171,0.37505,0.37171,0.3749,12935.0,48420.2169
1785040800000,0.37494,0.37509,0.37198,0.3729,2580.0,9650.9677
1785040860000,0.373,0.37924,0.37291,0.3769,4791.0,18028.0185
1785040920000,0.37674,0.37955,0.37674,0.37726,1449.0,5488.079
1785040980000,0.37696,0.37725,0.37367,0.37384,2184.0,8201.5496
1785041040000,0.3735,0.37474,0.37152,0.37449,1324.0,4936.3695
1785041100000,0.37412,0.37559,0.37195,0.37298,1309.0,4888.3568
1785041160000,0.37246,0.37334,0.37092,0.37116,399.0,1485.6492
1785041220000,0.37076,0.37122,0.36379,0.36525,12581.0,46118.6637
1785041280000,0.36544,0.36843,0.364,0.36821,1986.0,7289.9722
1785055620000,0.37356,0.37696,0.37356,0.37656,1011.0
1785055680000,0.37664,0.3775,0.37508,0.37508,2911.0
1785055740000,0.37525,0.37561,0.37106,0.37266,3890.0
1785055800000,0.37232,0.37328,0.37232,0.37262,5542.0
1785055860000,0.37322,0.37373,0.37164,0.37331,2726.0
1785055920000,0.37341,0.37387,0.37264,0.37333,444.0
1785055980000,0.37358,0.3749,0.37348,0.37348,2112.0
1785056040000,0.37314,0.37728,0.37314,0.37458,4564.0
1785056100000,0.37465,0.37532,0.37439,0.375,1418.0
1785056160000,0.3751,0.37561,0.37443,0.37555,576.0
1785056220000,0.37565,0.37604,0.3735,0.3735,842.0
1785056280000,0.37362,0.3744,0.37248,0.37324,2068.0
1785056340000,0.37357,0.37366,0.37183,0.37339,384.0
1785056400000,0.37344,0.37521,0.3732,0.37484,1099.0
1785056460000,0.37507,0.37531,0.37422,0.37479,1696.0
1785056520000,0.37469,0.37652,0.37469,0.37612,431.0
1785056580000,0.37649,0.37854,0.37532,0.37532,3915.0
1785056640000,0.37484,0.37484,0.3704,0.37123,2499.0
1785056700000,0.3713,0.37182,0.36855,0.37018,2041.0
1785056760000,0.3701,0.37121,0.3686,0.36936,3033.0
1785056820000,0.36937,0.37404,0.36937,0.37312,1296.0
1785056880000,0.37349,0.3735,0.37131,0.3735,625.0
1785056940000,0.37318,0.37318,0.37129,0.37138,266.0
1785057000000,0.3738,0.37552,0.3738,0.37507,1825.0
1785057060000,0.37519,0.37553,0.37469,0.37489,176.0
1785057120000,0.3745,0.37537,0.37419,0.37537,117.0
1785057180000,0.37538,0.37576,0.37436,0.37436,1137.0
1785057240000,0.37469,0.37673,0.37467,0.37538,1608.0
1785057300000,0.37534,0.37541,0.37437,0.37472,128.0
1785057360000,0.37429,0.37444,0.37222,0.37358,1714.0
1785057420000,0.37335,0.37358,0.3731,0.37352,369.0
1785057480000,0.37343,0.37606,0.37327,0.37573,1101.0
1785057540000,0.37581,0.37597,0.37539,0.37564,61.0
1785057600000,0.37571,0.37857,0.37571,0.3776,25609.0
1785057660000,0.3769,0.37836,0.37639,0.37674,370.0
1785057720000,0.37598,0.37616,0.37458,0.37613,415.0
1785057780000,0.37678,0.37699,0.37457,0.37592,494.0
1785057840000,0.37628,0.37731,0.37628,0.37685,209.0
1785057900000,0.37679,0.37785,0.37679,0.37763,27.0
1785057960000,0.37735,0.37866,0.37735,0.37866,5167.0
1785058020000,0.37879,0.38762,0.37879,0.38353,26386.0
1785058080000,0.38312,0.38329,0.38059,0.38238,2472.0
1785058140000,0.38225,0.38426,0.38114,0.38183,1915.0
1785058200000,0.38232,0.38857,0.38232,0.38295,1834.0
1785058260000,0.38323,0.38472,0.38239,0.38371,1447.0
1785058320000,0.38384,0.385,0.38381,0.38443,285.0
1785058380000,0.38423,0.38439,0.38207,0.38273,1287.0
1785058440000,0.38321,0.38351,0.38237,0.38335,4192.0
1785058500000,0.38299,0.38469,0.38291,0.38376,2667.0
1785058560000,0.38398,0.38597,0.38374,0.38543,1017.0
1785058620000,0.38474,0.38474,0.38314,0.38362,783.0
1785058680000,0.38379,0.38593,0.38379,0.38579,1302.0
1785058740000,0.38605,0.38615,0.38396,0.38405,1053.0
1785058800000,0.38396,0.38396,0.38203,0.38233,2629.0
1785058860000,0.38266,0.38344,0.38239,0.38248,1496.0
1785058920000,0.38253,0.38394,0.38253,0.38271,387.0
1785058980000,0.38306,0.38311,0.38289,0.38311,20.0
1785059040000,0.38252,0.38284,0.38131,0.38218,412.0
1785059100000,0.38273,0.38368,0.38193,0.38282,685.0
1785059160000,0.38303,0.38372,0.38303,0.38315,421.0
1785059220000,0.38316,0.38319,0.38175,0.38213,1836.0
1785059280000,0.38203,0.3822,0.38127,0.38138,638.0
1785059340000,0.38157,0.38188,0.37886,0.38044,1526.0,5798.9369
1785059400000,0.38058,0.3811,0.3781,0.37814,811.0,3078.8666
1785059460000,0.37839,0.37891,0.37742,0.37854,3814.0,14410.1916
1785059520000,0.37856,0.3791,0.37721,0.3773,566.0,2140.6627
1785059580000,0.37759,0.37788,0.37661,0.37661,1250.0,4719.7318
1785059640000,0.37669,0.37711,0.376,0.37711,1643.0,6186.811
1785059700000,0.37733,0.37936,0.37708,0.37904,1475.0,5585.011
1785059760000,0.37928,0.38006,0.37894,0.37987,1443.0,5482.1212
1785059820000,0.37963,0.38039,0.37883,0.37986,1699.0,6453.9933
1785059880000,0.37949,0.38136,0.37949,0.38136,1425.0,5427.1886
1785059940000,0.38152,0.38537,0.38108,0.38404,1508.0,5796.0396
1785060000000,0.38459,0.38479,0.38051,0.381,1451.0,5537.3549
1785060060000,0.38118,0.38268,0.37951,0.38256,3051.0,11618.4697
1785060120000,0.38284,0.38597,0.38278,0.38551,2630.0,10112.1622
1785060180000,0.3851,0.38739,0.38496,0.3865,2723.0,10518.9872
1785060240000,0.38657,0.38709,0.38425,0.38488,5261.0,20329.0008
1785060300000,0.38498,0.38685,0.38464,0.38662,1076.0,4152.2262
1785060360000,0.38645,0.38645,0.38547,0.38591,762.0,2939.4211
1785060420000,0.38565,0.38709,0.38552,0.38552,3831.0,14817.1616
1785060480000,0.38624,0.38764,0.3858,0.3858,1388.0,5371.2806
1785060540000,0.38551,0.38578,0.38381,0.38401,588.0,2263.8324
1785060600000,0.38433,0.3845,0.38135,0.38188,742.0,2836.5507
1785060660000,0.38158,0.38237,0.38146,0.38218,242.0,924.1755
1785060720000,0.38375,0.38404,0.38357,0.38357,939.0,3604.5802
1785060780000,0.38385,0.38452,0.38261,0.38261,226.0,866.3889
1785060840000,0.38246,0.38291,0.38062,0.38182,1573.0,6015.3232
1785060900000,0.38194,0.3828,0.38194,0.38259,218.0,834.0249
1785060960000,0.38221,0.38541,0.38221,0.38531,1066.0,4102.2994
1785061020000,0.38542,0.38635,0.38446,0.38635,1457.0,5610.7663
1785061080000,0.38643,0.38665,0.38554,0.3862,368.0,1420.688
1785061140000,0.38621,0.38715,0.3857,0.3862,402.0,1551.8086
1785061200000,0.38554,0.38584,0.38475,0.38475,86.0,331.4558
1785061260000,0.38481,0.38504,0.38262,0.38278,879.0,3371.3217
1785061320000,0.38255,0.3842,0.38255,0.38372,785.0,3009.2775
1785061380000,0.38409,0.38717,0.38365,0.3868,601.0,2317.4296
1785061440000,0.38673,0.38763,0.3855,0.38625,1924.0,7445.3933
1785061500000,0.386,0.38612,0.38409,0.38499,251.0,967.2711
1785061560000,0.38463,0.38515,0.384,0.38411,900.0,3457.1041
1785061620000,0.38444,0.38483,0.38287,0.38287,958.0,3671.2854
1785061680000,0.38287,0.38519,0.38201,0.3844,746.0,2862.5442
1785061740000,0.38515,0.38527,0.38461,0.38476,263.0,1012.3397
1785061800000,0.38552,0.38611,0.38552,0.38608,360.0,1389.3583
1785061860000,0.38626,0.38888,0.38258,0.38275,5526.0,21423.6822
1785061920000,0.38267,0.38312,0.38088,0.38141,1519.0,5799.5153
1785061980000,0.38159,0.38196,0.37884,0.38032,1223.0,4661.7133
1785062040000,0.38029,0.38057,0.37861,0.37926,1243.0,4718.6478
1785062100000,0.37926,0.38271,0.37926,0.38119,2857.0,10899.313
1785062160000,0.38109,0.3827,0.38109,0.3827,402.0,1535.8475
1785062220000,0.38189,0.38223,0.38051,0.38188,306.0,1167.4509
1785062280000,0.38212,0.38232,0.38006,0.38049,2187.0,8331.3185
1785062340000,0.3805,0.38093,0.37969,0.38035,2331.0,8866.1177
1785062400000,0.38071,0.38204,0.37996,0.38148,1171.0,4457.681
1785062460000,0.38187,0.38466,0.38162,0.38413,708.0,2716.0397
1785062520000,0.3842,0.38647,0.38288,0.38288,2107.0,8105.172
1785062580000,0.3833,0.38349,0.38167,0.38167,1131.0,4325.094
1785062640000,0.382,0.38377,0.382,0.38377,1136.0,4349.3305
1785062700000,0.3841,0.38537,0.38292,0.38307,2134.0,8199.755
1785062760000,0.38307,0.3831,0.38256,0.38291,617.0,2362.9227
1785062820000,0.38291,0.38316,0.38237,0.38263,868.0,3321.5333
1785062880000,0.38258,0.38286,0.38161,0.38161,358.0,1368.0139
1785062940000,0.38153,0.3819,0.38077,0.38143,1121.0,4272.4263
1785063000000,0.38168,0.38214,0.38109,0.38109,587.0,2239.3746
1785063060000,0.38069,0.38124,0.37937,0.37943,818.0,3109.3017
1785063120000,0.3794,0.38053,0.37886,0.38047,1443.0,5478.4906
1785063180000,0.38024,0.38034,0.37942,0.37972,1601.0,6080.8121
1785063240000,0.37975,0.38025,0.37974,0.38006,129.0,490.136
1785063300000,0.38056,0.38062,0.38035,0.38052,96.0,365.2981
1785063360000,0.38049,0.38065,0.3795,0.38018,98.0,372.5423
1785063420000,0.38036,0.38045,0.37972,0.37972,362.0,1376.1753
1785063480000,0.37943,0.37989,0.37919,0.37989,154.0,584.5686
1785063540000,0.37996,0.38047,0.3798,0.38047,194.0,737.3642
1785063600000,0.38037,0.38071,0.38014,0.38014,36.0,136.9676
1785063660000,0.37959,0.38051,0.37954,0.38035,206.0,782.9482
1785063720000,0.38048,0.3823,0.38018,0.38173,670.0,2553.7947
1785063780000,0.38145,0.38334,0.3814,0.3825,3529.0,13494.2917
1785063840000,0.38257,0.38331,0.38143,0.38317,5345.0,20442.8056
1785063900000,0.3834,0.38346,0.38153,0.38191,431.0,1650.3151
1785063960000,0.3822,0.38396,0.38208,0.38352,4199.0,16076.5293
1785064020000,0.38376,0.38394,0.38248,0.38289,111.0,425.3322
1785064080000,0.38337,0.38383,0.3829,0.3829,301.0,1154.5068
1785064140000,0.38247,0.38297,0.38222,0.38282,713.0,2728.6402
1785064200000,0.38315,0.38323,0.38166,0.38166,141.0,539.3594
1785064260000,0.38174,0.38297,0.38154,0.38207,509.0,1943.736
1785064320000,0.38167,0.38192,0.38145,0.38172,123.0,469.5001
1785064380000,0.38155,0.38215,0.38113,0.38185,381.0,1453.653
1785064440000,0.38196,0.38219,0.37996,0.37996,186.0,708.9367
1785064500000,0.37991,0.38185,0.37976,0.38175,327.0,1246.8538
1785064560000,0.38187,0.38206,0.38026,0.38041,757.0,2880.8551
1785064620000,0.38048,0.38063,0.37742,0.37753,4470.0,16916.6588
1785064680000,0.3778,0.37815,0.3765,0.37678,3801.0,14350.9711
1785064740000,0.37659,0.37686,0.37437,0.37592,4474.0,16804.7297
1785064800000,0.37654,0.37996,0.37654,0.37975,1560.0,5908.6146
1785064860000,0.37985,0.37998,0.37877,0.37877,478.0,1813.038
1785064920000,0.3787,0.37878,0.37713,0.37752,4688.0,17698.8501
1785064980000,0.37781,0.37818,0.37702,0.37708,967.0,3649.1046
1785065040000,0.37725,0.37751,0.37695,0.37744,281.0,1060.0054
1785065100000,0.3776,0.37776,0.37497,0.37553,808.0,3034.3945
1785065160000,0.37588,0.376,0.37452,0.37528,532.0,1996.7755
1785065220000,0.37576,0.37616,0.37576,0.37598,153.0,575.4222
1785065280000,0.376,0.37648,0.37566,0.37622,377.0,1418.0271
1785065340000,0.37621,0.37634,0.37574,0.37618,548.0,2060.0322
1785065400000,0.37611,0.37649,0.37525,0.37547,286.0,1074.531
1785065460000,0.3756,0.3767,0.3756,0.37591,184.0,691.8024
1785065520000,0.37577,0.37736,0.37577,0.37686,1273.0,4798.7061
1785065580000,0.37674,0.37921,0.37674,0.3786,3000.0,11349.731
1785065640000,0.37873,0.38002,0.37872,0.38002,1475.0,5596.7802
1785065700000,0.3793,0.383,0.3793,0.38181,2317.0,8841.8632
1785065760000,0.3817,0.38302,0.38118,0.38173,2057.0,7868.2085
1785065820000,0.38136,0.38228,0.38131,0.38158,1166.0,4449.4953
1785065880000,0.38179,0.3821,0.38112,0.3813,1112.0,4241.1675
1785065940000,0.38175,0.38675,0.38175,0.38474,7665.0,29543.68
1785066000000,0.3851,0.3855,0.3834,0.38389,834.0,3208.2147
1785066060000,0.38391,0.38586,0.38338,0.38455,4218.0,16241.197
1785066120000,0.38468,0.38523,0.38443,0.38457,1753.0,6748.9373
1785066180000,0.38451,0.38457,0.3834,0.38342,1025.0,3932.4555
1785066240000,0.3835,0.3838,0.38322,0.3838,230.0,882.028
1785066300000,0.38396,0.38396,0.3834,0.3834,50.0,191.8686
1785066360000,0.38331,0.3834,0.38285,0.38316,117.0,448.2116
1785066420000,0.38293,0.38311,0.38085,0.38133,1086.0,4142.7119
1785066480000,0.38114,0.38114,0.38011,0.38062,4798.0,18260.3864
1785066540000,0.38071,0.38092,0.38065,0.38067,201.0,765.4262
1785066600000,0.38048,0.38061,0.37904,0.37939,1604.0,6100.4126
1785066660000,0.37903,0.38069,0.37903,0.38022,628.0,2386.6639
1785066720000,0.38005,0.38067,0.37919,0.38045,3912.0,14863.6227
1785066780000,0.3802,0.3802,0.37904,0.37933,38.0,144.1541
1785066840000,0.37902,0.37919,0.37779,0.37847,420.0,1589.2045
1785066900000,0.37898,0.37906,0.37787,0.37872,237.0,896.6813
1785066960000,0.37935,0.38049,0.37929,0.37929,567.0,2156.1564
1785067020000,0.37944,0.38125,0.37944,0.37986,4576.0,17418.6161
1785067080000,0.3799,0.38101,0.37979,0.38054,1905.0,7245.4543
1785067140000,0.38002,0.38002,0.3791,0.37927,419.0,1589.476
1785067200000,0.37938,0.38026,0.37938,0.37976,788.0,2993.3041
1785067260000,0.38023,0.38026,0.37818,0.37819,1663.0,6298.8648
1785067320000,0.3784,0.37857,0.37722,0.37722,4141.0,15652.0126
1785067380000,0.37717,0.37719,0.37643,0.37696,2210.0,8322.4271
1785067440000,0.37726,0.37787,0.37666,0.37702,1752.0,6607.3026
1785067500000,0.37702,0.37736,0.37626,0.37715,4045.0,15238.1864
1785067560000,0.37687,0.37702,0.37572,0.37572,799.0,3008.9181
1785067620000,0.37561,0.3782,0.37561,0.3782,964.0,3636.787
1785067680000,0.37761,0.37766,0.3766,0.37696,528.0,1991.4537
1785067740000,0.37674,0.37843,0.3767,0.37773,3684.0,13926.8041
1785067800000,0.37773,0.37812,0.37709,0.37801,4926.0,18605.6038
1785067860000,0.37802,0.37883,0.3778,0.37883,387.0,1462.5763
1785067920000,0.3788,0.37894,0.37797,0.37825,264.0,999.0549
1785067980000,0.37816,0.37852,0.37812,0.37812,747.0,2825.8566
1785068040000,0.3772,0.37823,0.37713,0.37822,516.0,1948.9958
1785068100000,0.3779,0.3779,0.37708,0.37737,200.0,754.3378
1785068160000,0.37677,0.37677,0.37591,0.37665,1045.0,3933.0361
1785068220000,0.37672,0.37721,0.37665,0.37721,153.0,576.596
1785068280000,0.37737,0.37843,0.37733,0.37795,115.0,434.5739
1785068340000,0.37797,0.37843,0.37796,0.37796,139.0,525.4985
1785068400000,0.37851,0.38009,0.37851,0.37988,4818.0,18307.2075
1785068460000,0.37972,0.38098,0.37972,0.38098,599.0,2279.7713
1785068520000,0.38083,0.38126,0.37925,0.37936,892.0,3393.1104
1785068580000,0.37926,0.37976,0.37911,0.37911,834.0,3165.4148
1785068640000,0.38023,0.3808,0.38016,0.38068,338.0,1286.147
1785068700000,0.38027,0.38036,0.37836,0.37906,314.0,1191.5504
1785068760000,0.37933,0.37933,0.37929,0.37929,48.0,182.0684
1785068820000,0.37897,0.38115,0.37897,0.38104,454.0,1726.3961
1785068880000,0.38116,0.38116,0.38007,0.38077,621.0,2363.8355
1785068940000,0.38077,0.38077,0.38022,0.38022,58.0,220.6694
1785069000000,0.38,0.38178,0.3787,0.3787,963.0,3667.6703
1785069060000,0.37896,0.37896,0.37753,0.37765,209.0,789.5135
1785069120000,0.37741,0.378,0.37662,0.37793,616.0,2323.9342
1785069180000,0.37802,0.37802,0.37719,0.37719,135.0,509.8538
1785069240000,0.3774,0.37903,0.3774,0.37903,15.0,56.8382
1785069300000,0.37806,0.38055,0.37806,0.38043,441.0,1676.6148
1785069360000,0.38067,0.38091,0.38017,0.38091,132.0,502.189
1785069420000,0.3802,0.38054,0.3802,0.38054,18.0,68.4462
1785069480000,0.37747,0.37772,0.37739,0.37739,826.0,3118.5243
1785069540000,0.37741,0.37741,0.37683,0.37683,47.0,177.2857
1785069600000,0.37656,0.37715,0.37568,0.37698,3777.0,14217.6092
1785069660000,0.37725,0.37758,0.37699,0.37758,995.0,3753.2875
1785069720000,0.37715,0.37781,0.37647,0.37781,895.0,3372.4151
1785069780000,0.37757,0.3777,0.37581,0.37623,545.0,2052.7289
1785069840000,0.37651,0.37651,0.37614,0.37614,115.0,432.7008
1785069900000,0.3761,0.3761,0.37489,0.3753,9834.0,36889.491
1785069960000,0.3752,0.37616,0.37465,0.3757,945.0,3549.8277
1785070020000,0.37559,0.37574,0.37505,0.37574,5135.0,19282.1962
1785070080000,0.37573,0.3766,0.37565,0.37645,305.0,1147.2111
1785070140000,0.37645,0.37734,0.37604,0.37655,1506.0,5668.254
1785070200000,0.37644,0.37914,0.37644,0.37803,701.0,2651.0105
1785070260000,0.37848,0.37874,0.37838,0.37838,152.0,575.4786
1785070320000,0.37819,0.37896,0.37805,0.37861,692.0,2617.9706
1785070380000,0.37877,0.37963,0.37866,0.37948,403.0,1529.0017
1785070440000,0.37976,0.38009,0.37924,0.37972,1068.0,4056.1164
1785070500000,0.37959,0.38096,0.37933,0.38068,609.0,2315.7132
1785070560000,0.3813,0.38523,0.38119,0.38232,15664.0,60115.8135
1785070620000,0.38239,0.38334,0.38155,0.38301,1630.0,6237.1124
1785070680000,0.38252,0.38252,0.38043,0.38065,1404.0,5348.9267
1785070740000,0.38085,0.38112,0.38082,0.38104,374.0,1424.8165
1785070800000,0.38124,0.38205,0.38124,0.38205,64.0,244.4349
1785070860000,0.38196,0.38205,0.38035,0.38051,1481.0,5638.9227
1785070920000,0.38089,0.38173,0.38089,0.38127,288.0,1098.7088
1785070980000,0.3807,0.38166,0.3807,0.38156,1609.0,6135.4439
1785071040000,0.38169,0.38172,0.3814,0.38172,1265.0,4828.4876
1785071100000,0.38236,0.38249,0.3821,0.38245,503.0,1923.2699
1785071160000,0.38258,0.38258,0.38126,0.38165,687.0,2622.5304
1785071220000,0.38173,0.38173,0.37983,0.37983,619.0,2355.1684
1785071280000,0.38013,0.38013,0.37779,0.37779,347.0,1313.4963
1785085620000,0.39465,0.39497,0.38997,0.39017,12714.0
1785085680000,0.3903,0.39153,0.38857,0.3895,10179.0
1785085740000,0.38952,0.39036,0.38952,0.39019,1022.0
1785085800000,0.39069,0.3911,0.38965,0.39005,2074.0
1785085860000,0.39016,0.39074,0.39001,0.39057,57.0
1785085920000,0.39027,0.39027,0.38936,0.38936,40.0
1785085980000,0.38968,0.38968,0.38857,0.38869,100.0
1785086040000,0.38896,0.38918,0.38656,0.38656,700.0
1785086100000,0.38671,0.38768,0.38411,0.38613,8775.0
1785086160000,0.38602,0.38812,0.385,0.38547,2577.0
1785086220000,0.38507,0.38526,0.38446,0.38526,924.0
1785086280000,0.38574,0.38694,0.38503,0.38576,1242.0
1785086340000,0.38644,0.38695,0.38627,0.38658,933.0
1785086400000,0.38655,0.39244,0.38617,0.3912,1311.0
1785086460000,0.39118,0.3923,0.39,0.39,8307.0
1785086520000,0.39,0.39252,0.39,0.39232,391.0
1785086580000,0.39209,0.3943,0.39209,0.3943,324.0
1785086640000,0.394,0.39422,0.3936,0.3936,8.0
1785086700000,0.3933,0.39559,0.3933,0.39445,2217.0
1785086760000,0.39422,0.39487,0.39392,0.39487,1505.0
1785086820000,0.39473,0.399,0.39445,0.39613,9558.0
1785086880000,0.3962,0.407,0.39498,0.39601,45418.0
1785086940000,0.39593,0.39593,0.39201,0.3949,21194.0
1785087000000,0.39497,0.39678,0.39354,0.39599,8417.0
1785087060000,0.39605,0.40216,0.39535,0.39761,11167.0
1785087120000,0.39822,0.39855,0.3942,0.39542,5962.0
1785087180000,0.39533,0.39598,0.3937,0.39598,2234.0
1785087240000,0.39538,0.39559,0.39408,0.39521,3166.0
1785087300000,0.39588,0.3984,0.39561,0.39611,2291.0
1785087360000,0.39551,0.39551,0.39226,0.39424,2399.0
1785087420000,0.39416,0.39468,0.39261,0.39464,317.0
1785087480000,0.3949,0.3984,0.3949,0.39691,4442.0
1785087540000,0.39685,0.39821,0.39666,0.39754,2226.0
1785087600000,0.39744,0.39752,0.396,0.397,2869.0
1785087660000,0.39704,0.39915,0.39704,0.39915,2911.0
1785087720000,0.39849,0.39953,0.39753,0.39887,3287.0
1785087780000,0.39911,0.39928,0.39806,0.39845,4008.0
1785087840000,0.39866,0.40025,0.39856,0.39966,1798.0
1785087900000,0.39968,0.40003,0.3982,0.39934,4089.0
1785087960000,0.39937,0.40363,0.39937,0.40159,7549.0
1785088020000,0.40171,0.40266,0.39991,0.40027,2869.0
1785088080000,0.40003,0.4012,0.39816,0.401,4371.0
1785088140000,0.40127,0.40127,0.40029,0.40064,741.0
1785088200000,0.40019,0.402,0.39991,0.402,755.0
1785088260000,0.40263,0.40293,0.40183,0.40183,887.0
1785088320000,0.40152,0.40285,0.40116,0.40265,1514.0
1785088380000,0.40239,0.40548,0.40138,0.40475,6510.0
1785088440000,0.40472,0.40508,0.40189,0.40226,1795.0
1785088500000,0.40232,0.40281,0.40139,0.40157,669.0
1785088560000,0.40168,0.40294,0.40161,0.40255,175.0
1785088620000,0.4022,0.4022,0.40034,0.40106,2886.0
1785088680000,0.4008,0.40097,0.3995,0.40014,1509.0
1785088740000,0.40002,0.40167,0.39981,0.40078,605.0
1785088800000,0.40083,0.40197,0.40053,0.40136,1007.0
1785088860000,0.40124,0.40127,0.40005,0.40095,1110.0
1785088920000,0.40082,0.40115,0.39971,0.39971,142.0
1785088980000,0.39955,0.39955,0.39724,0.39752,211.0
1785089040000,0.39869,0.3988,0.39687,0.39703,595.0
1785089100000,0.3973,0.3974,0.39553,0.3967,2558.0
1785089160000,0.39655,0.39727,0.39584,0.39725,653.0
1785089220000,0.39742,0.39768,0.39624,0.39681,529.0
1785089340000,0.39648,0.39648,0.39483,0.39522,1021.0,4038.0589
1785089400000,0.39501,0.39523,0.39428,0.39498,1210.0,4777.3808
1785089460000,0.39421,0.39621,0.39315,0.39621,3248.0,12818.7945
1785089520000,0.39573,0.39573,0.3934,0.39354,191.0,754.2726
1785089580000,0.39366,0.39406,0.39323,0.39331,1302.0,5122.5027
1785089640000,0.39339,0.39526,0.39307,0.39421,1232.0,4860.2975
1785089700000,0.395,0.39527,0.39394,0.39396,1113.0,4389.0121
1785089760000,0.39473,0.39728,0.39473,0.39634,2662.0,10561.9371
1785089820000,0.39624,0.39672,0.39323,0.39369,1784.0,7038.8288
1785089880000,0.3936,0.39528,0.393,0.39505,562.0,2214.2529
1785089940000,0.39522,0.39896,0.39522,0.39829,1183.0,4705.5457
1785090000000,0.39838,0.39918,0.39719,0.39719,1002.0,3986.2532
1785090060000,0.39716,0.39925,0.3968,0.39867,1050.0,4175.6954
1785090120000,0.39854,0.39867,0.39593,0.39665,616.0,2448.9299
1785090180000,0.39589,0.39752,0.39561,0.39662,219.0,868.3565
1785090240000,0.39709,0.39758,0.39709,0.39713,147.0,584.0621
1785090300000,0.39714,0.39738,0.39577,0.39577,102.0,404.8902
1785090360000,0.3959,0.39638,0.39495,0.39638,1143.0,4524.8008
1785090420000,0.39643,0.39643,0.39501,0.39544,143.0,565.9153
1785090480000,0.3955,0.39592,0.3955,0.3959,407.0,1611.2304
1785090540000,0.39639,0.39658,0.39519,0.39535,230.0,910.8097
1785090600000,0.39519,0.3962,0.39497,0.3962,70.0,276.9427
1785090660000,0.39503,0.39576,0.3947,0.39561,219.0,865.6204
1785090720000,0.39561,0.3959,0.39431,0.39431,292.0,1152.8279
1785090780000,0.39457,0.39482,0.39398,0.3945,563.0,2222.0984
1785090840000,0.39406,0.39408,0.39328,0.39346,101.0,397.6662
1785090900000,0.39328,0.39328,0.38832,0.3888,6483.0,25352.1004
1785090960000,0.38885,0.39044,0.38794,0.38987,7766.0,30198.7804
1785091020000,0.38967,0.391,0.3891,0.39054,1917.0,7467.9695
1785091080000,0.39033,0.39075,0.38896,0.38986,2076.0,8096.9388
1785091140000,0.38963,0.39032,0.38949,0.39007,233.0,908.2957
1785091200000,0.38995,0.38995,0.38891,0.38904,263.0,1023.793
1785091260000,0.38903,0.38905,0.38876,0.38896,1317.0,5121.3796
1785091320000,0.38807,0.3883,0.38691,0.38796,982.0,3809.4501
1785091380000,0.38816,0.38873,0.38791,0.38862,1484.0,5763.5093
1785091440000,0.38853,0.3887,0.38663,0.38747,3389.0,13140.6218
1785091500000,0.38741,0.38878,0.3873,0.38837,826.0,3204.1836
1785091560000,0.38849,0.38901,0.38796,0.38862,440.0,1709.3392
1785091620000,0.38851,0.39002,0.38822,0.38906,1956.0,7617.3809
1785091680000,0.38903,0.38929,0.38876,0.38923,361.0,1404.3157
1785091740000,0.38908,0.391,0.38908,0.39072,1431.0,5592.3406
1785091800000,0.39129,0.39277,0.39111,0.3924,1394.0,5467.5421
1785091860000,0.39276,0.39636,0.39276,0.39499,4332.0,17111.0211
1785091920000,0.39497,0.39497,0.39391,0.39418,2253.0,8890.4147
1785091980000,0.39383,0.39557,0.39383,0.39537,428.0,1690.8775
1785092040000,0.39549,0.39549,0.39468,0.3947,340.0,1342.7039
1785092100000,0.395,0.396,0.3948,0.39492,199.0,786.3766
1785092160000,0.39425,0.39425,0.39378,0.39415,1139.0,4489.1005
1785092220000,0.39352,0.39439,0.39352,0.39439,2094.0,8256.1286
1785092280000,0.39419,0.39493,0.39395,0.39426,2302.0,9079.3125
1785092340000,0.39425,0.39488,0.3941,0.39451,339.0,1336.9806
1785092400000,0.39449,0.39642,0.39447,0.39597,2185.0,8645.9024
1785092460000,0.39563,0.39865,0.39524,0.39772,6548.0,26051.1385
1785092520000,0.39821,0.39894,0.39738,0.39873,4425.0,17619.6992
1785092580000,0.39885,0.4,0.39833,0.39968,4878.0,19472.0175
1785092640000,0.39954,0.40096,0.39891,0.39946,9952.0,39783.6639
1785092700000,0.39954,0.40041,0.3987,0.39897,5440.0,21743.9956
1785092760000,0.39893,0.403,0.39893,0.39955,1706.0,6843.0561
1785092820000,0.39975,0.39988,0.39798,0.39851,1253.0,4996.3851
1785092880000,0.39851,0.40248,0.3985,0.39973,3080.0,12331.5308
1785092940000,0.3998,0.40116,0.39966,0.40002,1467.0,5872.7384
1785093000000,0.40035,0.40112,0.39997,0.40037,2094.0,8386.5172
1785093060000,0.40029,0.40206,0.40001,0.40191,2968.0,11920.1799
1785093120000,0.40184,0.40298,0.40178,0.40209,3890.0,15640.8424
1785093180000,0.40237,0.403,0.4022,0.40229,398.0,1602.3426
1785093240000,0.4025,0.40507,0.40241,0.40344,5109.0,20657.5836
1785093300000,0.40359,0.40381,0.40257,0.40259,1722.0,6940.3183
1785093360000,0.40278,0.40305,0.40127,0.40127,2381.0,9565.4439
1785093420000,0.40164,0.40191,0.39834,0.40039,6707.0,26832.0554
1785093480000,0.40028,0.40031,0.39863,0.39896,3794.0,15160.1396
1785093540000,0.3992,0.4018,0.3992,0.40117,2097.0,8387.8509
1785093600000,0.40106,0.40225,0.40106,0.40225,201.0,807.3939
1785093660000,0.40239,0.40239,0.40089,0.40089,297.0,1193.7785
1785093720000,0.40116,0.40282,0.39922,0.40282,2072.0,8305.1242
1785093780000,0.40251,0.40282,0.40191,0.4023,4957.0,19947.4795
1785093840000,0.40266,0.40322,0.40214,0.40222,1664.0,6702.0121
1785093900000,0.40195,0.4022,0.40106,0.40118,682.0,2740.3389
1785093960000,0.40122,0.4018,0.4009,0.4009,410.0,1645.764
1785094020000,0.40082,0.40156,0.40082,0.40156,926.0,3713.2565
1785094080000,0.40201,0.40228,0.4016,0.4016,605.0,2430.6102
1785094140000,0.40171,0.40302,0.40171,0.40234,1372.0,5518.4962
1785094200000,0.40298,0.40298,0.40038,0.40179,9462.0,37946.2702
1785094260000,0.40169,0.4024,0.40046,0.40075,4712.0,18905.3146
1785094320000,0.4008,0.40138,0.40004,0.40024,3327.0,13331.8733
1785094380000,0.40048,0.4012,0.40004,0.40004,1152.0,4613.8895
1785094440000,0.40036,0.40107,0.40013,0.40013,397.0,1590.4563
1785094500000,0.40075,0.40075,0.39798,0.39862,2960.0,11807.7298
1785094560000,0.39857,0.40027,0.39847,0.3999,2443.0,9756.7978
1785094620000,0.39998,0.40155,0.39958,0.40036,654.0,2619.4179
1785094680000,0.40054,0.40145,0.40003,0.40003,267.0,1070.2362
1785094740000,0.40005,0.40017,0.39989,0.40017,78.0,312.0278
1785094800000,0.4004,0.40059,0.40005,0.40005,129.0,516.309
1785094860000,0.39957,0.39995,0.39918,0.39934,284.0,1134.3473
1785094920000,0.39886,0.39909,0.39764,0.39776,498.0,1983.7168
1785095040000,0.39857,0.39857,0.39614,0.39679,3253.0,12923.9662
1785095100000,0.39682,0.39717,0.39537,0.39537,615.0,2433.2676
1785095160000,0.39528,0.39643,0.39527,0.39597,1403.0,5552.8473
1785095220000,0.39627,0.39684,0.39612,0.39647,3549.0,14064.4615
1785095280000,0.39647,0.40103,0.39631,0.40064,10941.0,43506.55
1785095340000,0.4003,0.40207,0.39969,0.40182,3823.0,15321.0858
1785095400000,0.40144,0.40228,0.40089,0.40167,4021.0,16150.1077
1785095460000,0.4016,0.40191,0.40088,0.4019,1350.0,5419.0754
1785095520000,0.40172,0.40175,0.40057,0.40114,1019.0,4092.0243
1785095580000,0.40086,0.40086,0.39959,0.40025,2039.0,8162.5293
1785095640000,0.39981,0.40098,0.39944,0.40072,577.0,2310.0006
1785095700000,0.40038,0.40054,0.4,0.40054,1928.0,7721.5475
1785095760000,0.40032,0.40032,0.39888,0.3992,428.0,1707.8373
1785095820000,0.39959,0.40009,0.39959,0.39973,1101.0,4400.6939
1785095880000,0.3992,0.39925,0.39888,0.39888,628.0,2505.1591
1785095940000,0.39884,0.3997,0.39884,0.39966,123.0,491.4052
1785096000000,0.39985,0.40029,0.39908,0.40018,273.0,1091.5119
1785096060000,0.39998,0.39998,0.39904,0.39964,787.0,3142.0237
1785096120000,0.39951,0.40083,0.39951,0.40071,48.0,192.1903
1785096180000,0.39991,0.40045,0.39991,0.40045,73.0,292.2059
1785096240000,0.40034,0.40121,0.40034,0.40085,757.0,3032.6712
1785096300000,0.40134,0.40154,0.40123,0.40137,212.0,850.9448
1785096360000,0.40017,0.40017,0.39909,0.39928,102.0,407.3847
1785096420000,0.39942,0.40081,0.39942,0.40041,655.0,2624.3836
1785096480000,0.40007,0.40017,0.39814,0.39862,195.0,777.3563
1785096540000,0.3984,0.39895,0.3984,0.39895,147.0,586.0538
1785096600000,0.39897,0.39897,0.39685,0.3971,530.0,2106.6731
1785096660000,0.39718,0.39758,0.39664,0.39664,2101.0,8344.9566
1785096720000,0.39698,0.39728,0.39609,0.39609,1476.0,5858.7717
1785096780000,0.39604,0.39692,0.39566,0.39658,3147.0,12457.7539
1785096840000,0.39667,0.39671,0.39599,0.39599,191.0,757.3243
1785096900000,0.39626,0.39721,0.39626,0.39693,2216.0,8796.2558
1785096960000,0.39721,0.39721,0.39662,0.39681,1410.0,5596.8648
1785097020000,0.39662,0.39716,0.39653,0.39697,695.0,2759.1232
1785097080000,0.39722,0.39722,0.39671,0.39671,276.0,1095.2843
1785097140000,0.39686,0.399,0.39679,0.39853,2593.0,10322.3633
1785097200000,0.39859,0.3987,0.39637,0.39662,752.0,2995.7392
1785097260000,0.39658,0.39658,0.39542,0.39576,1155.0,4571.4951
1785097320000,0.39576,0.39595,0.39567,0.39595,592.0,2342.8764
1785097380000,0.39705,0.39705,0.39705,0.39705,42.0,166.761
1785097440000,0.39697,0.39703,0.39662,0.39688,40.0,158.6761
1785097500000,0.39686,0.39712,0.39592,0.39606,2326.0,9220.018
1785097560000,0.39644,0.39658,0.39604,0.39652,179.0,709.3543
1785097620000,0.39703,0.39744,0.39703,0.39725,110.0,436.9741
1785097680000,0.39742,0.40072,0.39742,0.3999,11937.0,47730.3888
1785097740000,0.40009,0.40203,0.39986,0.40203,3153.0,12642.6538
1785097800000,0.40209,0.40322,0.40114,0.40167,6422.0,25817.8917
1785097860000,0.40195,0.40218,0.40042,0.40042,2548.0,10220.3148
1785097920000,0.40077,0.40122,0.39864,0.39874,19540.0,78165.9544
1785097980000,0.39873,0.39873,0.39673,0.39743,15780.0,62661.973
1785098040000,0.39744,0.39744,0.39577,0.39594,5581.0,22127.0992
1785098100000,0.39598,0.39709,0.39598,0.39685,4939.0,19583.7636
1785098160000,0.39681,0.39747,0.3968,0.39731,1295.0,5143.6278
1785098220000,0.39723,0.39798,0.39692,0.39797,1351.0,5369.3733
1785098280000,0.39756,0.39827,0.39756,0.39814,543.0,2160.5528
1785098340000,0.39804,0.39834,0.39774,0.39797,491.0,1953.2903
1785098400000,0.39776,0.39834,0.3976,0.39789,759.0,3020.2356
1785098460000,0.39773,0.39788,0.39672,0.39687,1557.0,6183.1763
1785098520000,0.39707,0.39707,0.39575,0.39673,1389.0,5504.5606
1785098580000,0.39684,0.39684,0.3959,0.39622,875.0,3468.5058
1785098640000,0.39619,0.3963,0.39604,0.39604,334.0,1323.2471
1785098700000,0.39613,0.39613,0.395,0.39521,2787.0,11015.9621
1785098760000,0.39531,0.39551,0.39468,0.3954,1362.0,5385.3801
1785098820000,0.39541,0.39541,0.39412,0.39462,958.0,3779.3388
1785098880000,0.39424,0.39443,0.39386,0.39386,394.0,1553.4879
1785098940000,0.39418,0.39439,0.39232,0.39361,1901.0,7478.1195
1785099000000,0.39402,0.39581,0.39402,0.3956,2699.0,10667.0303
1785099060000,0.39503,0.39599,0.39469,0.39566,1639.0,6481.0639
1785099120000,0.39558,0.39704,0.39541,0.39631,2353.0,9328.6293
1785099180000,0.39597,0.3961,0.39597,0.3961,111.0,439.6134
1785099240000,0.39621,0.39621,0.39524,0.39557,52.0,205.8161
1785099300000,0.39569,0.39569,0.39538,0.39538,167.0,660.5407
1785099360000,0.3947,0.39538,0.39455,0.39458,217.0,857.1462
1785099420000,0.39334,0.39402,0.39262,0.39359,2068.0,8124.9348
1785099480000,0.39339,0.3934,0.39253,0.39287,958.0,3764.7855
1785099540000,0.39315,0.3939,0.39315,0.39373,110.0,432.8806
1785099600000,0.39373,0.39436,0.39373,0.39422,854.0,3365.58
1785099660000,0.39423,0.39449,0.3942,0.3942,742.0,2925.2034
1785099720000,0.3943,0.39443,0.39388,0.39443,587.0,2312.5941
1785099780000,0.39456,0.3954,0.39438,0.3954,533.0,2103.8966
1785099840000,0.39387,0.39429,0.39387,0.39427,233.0,918.1621
1785099900000,0.39448,0.39448,0.39328,0.39354,304.0,1197.0647
1785099960000,0.39346,0.39441,0.39341,0.39441,156.0,614.3837
1785100020000,0.39446,0.39446,0.39336,0.39336,78.0,307.0332
1785100080000,0.39349,0.39366,0.3928,0.3928,633.0,2490.5671
1785100140000,0.39289,0.39313,0.39288,0.39301,619.0,2432.637
1785100200000,0.39403,0.39407,0.39339,0.39342,676.0,2661.9705
1785100260000,0.39391,0.39395,0.39321,0.39366,1337.0,5262.4344
1785100320000,0.39389,0.39427,0.39296,0.39427,1989.0,7828.1313
1785100380000,0.39469,0.39886,0.39469,0.39681,6814.0,27040.4152
1785100440000,0.39671,0.39671,0.39466,0.39568,3940.0,15587.8018
1785100500000,0.39568,0.39693,0.3955,0.39652,3240.0,12831.8732
1785100560000,0.39738,0.39738,0.39652,0.39717,1399.0,5552.4742
1785100620000,0.39706,0.39706,0.39533,0.39564,587.0,2324.589
1785100680000,0.39522,0.39624,0.39519,0.39593,605.0,2393.8316
1785100740000,0.39636,0.39691,0.39589,0.3961,595.0,2357.8885
1785100800000,0.39611,0.39702,0.39566,0.39646,1256.0,4977.353
1785100860000,0.39674,0.39674,0.39593,0.39609,491.0,1945.185
1785100920000,0.39614,0.3968,0.39399,0.39464,1175.0,4637.9818
1785100980000,0.39402,0.39402,0.39198,0.39198,3094.0,12162.8811
1785101040000,0.39208,0.3927,0.39136,0.39228,639.0,2505.5145
1785101100000,0.39222,0.39347,0.39201,0.39347,81.0,317.928
1785101160000,0.39326,0.39757,0.39293,0.39639,1103.0,4376.996
1785101220000,0.39616,0.39616,0.39551,0.39571,772.0,3055.3438
1785101280000,0.39538,0.39538,0.394,0.39511,324.0,1278.8104
1785101340000,0.39517,0.39535,0.39471,0.39535,200.0,790.0797
1785101400000,0.39568,0.39568,0.395,0.395,166.0
1785101460000,0.39499,0.39655,0.39467,0.3955,640.0
1785101520000,0.39545,0.39579,0.3936,0.39429,360.0
1785101580000,0.39435,0.39466,0.39321,0.39321,219.0
1785101640000,0.3936,0.39365,0.39265,0.39274,226.0
1785101760000,0.39343,0.39374,0.39191,0.39251,80.0
1785101820000,0.39205,0.39347,0.39182,0.39269,4453.0
1785101880000,0.39262,0.39266,0.39208,0.39227,2718.0
1785101940000,0.3923,0.3923,0.39214,0.39214,176.0
1785102000000,0.39214,0.3929,0.39214,0.39255,2077.0
1785102060000,0.39259,0.39259,0.39115,0.39135,329.0
1785102120000,0.39209,0.39259,0.39209,0.39254,912.0
1785102180000,0.39255,0.39403,0.39249,0.39339,696.0
1785102240000,0.39333,0.39339,0.39206,0.3923,1367.0
1785102300000,0.3924,0.39338,0.39225,0.39338,280.0
1785102360000,0.39316,0.39343,0.39265,0.39343,94.0
1785102420000,0.394,0.394,0.394,0.394,7.0
1785102480000,0.39441,0.39441,0.39441,0.39441,3.0
1785102540000,0.39439,0.39439,0.39353,0.39353,4.0
1785102600000,0.39401,0.39401,0.39398,0.39398,5.0
1785102660000,0.39405,0.39578,0.39405,0.39578,118.0
1785102720000,0.3951,0.39519,0.3951,0.39519,52.0
1785102780000,0.3947,0.39471,0.39446,0.39467,160.0
1785102840000,0.39499,0.39619,0.39499,0.39595,167.0
1785102900000,0.3959,0.39616,0.39564,0.39576,134.0
1785102960000,0.39662,0.39662,0.39609,0.39609,73.0
1785103020000,0.39554,0.3959,0.39385,0.3959,5607.0
1785103080000,0.39606,0.39606,0.39481,0.39481,127.0
1785103140000,0.39496,0.39513,0.39496,0.39504,407.0
1785103200000,0.39545,0.3986,0.39545,0.3986,4885.0
1785103260000,0.39854,0.39854,0.39668,0.39668,140.0
1785103320000,0.39626,0.39661,0.39464,0.395,724.0
1785103380000,0.395,0.395,0.39415,0.39422,78.0
1785103440000,0.39332,0.39332,0.39181,0.39181,1054.0
1785103500000,0.39189,0.39231,0.39153,0.39231,439.0
1785103560000,0.39216,0.39216,0.38979,0.38979,658.0
1785103620000,0.38982,0.39093,0.38982,0.39091,9056.0
1785103680000,0.39122,0.39236,0.39,0.39236,10310.0
1785103740000,0.39222,0.39236,0.39096,0.39096,92.0
1785103800000,0.39046,0.39082,0.39038,0.39082,502.0
1785103860000,0.38946,0.39192,0.38852,0.3913,9600.0
1785103920000,0.39056,0.39056,0.38952,0.38974,1831.0
1785103980000,0.38934,0.38955,0.38821,0.38821,500.0
1785104040000,0.38812,0.38844,0.38775,0.38775,817.0
1785104100000,0.38863,0.3894,0.38661,0.38796,944.0
1785104160000,0.38717,0.38762,0.38646,0.38712,395.0
1785104220000,0.38697,0.38805,0.3869,0.38699,127.0
1785119340000,0.38583,0.39198,0.3856,0.38919,4890.0,19089.3174
1785119400000,0.38949,0.39347,0.38762,0.39141,2810.0,11005.5748
1785119460000,0.39262,0.39289,0.38935,0.39115,3208.0,12557.9786
1785119520000,0.39106,0.39106,0.38642,0.38642,1164.0,4516.3092
1785119580000,0.38693,0.38931,0.38608,0.38931,773.0,2995.7986
1785119640000,0.38911,0.38923,0.3881,0.38867,124.0,481.8778
1785119700000,0.38883,0.38914,0.38699,0.38738,524.0,2031.5606
1785119760000,0.38738,0.39242,0.38701,0.3903,1260.0,4923.2871
1785119820000,0.38962,0.38962,0.3868,0.3868,1077.0,4184.6855
1785119880000,0.38659,0.38685,0.38469,0.38567,325.0,1253.2455
1785119940000,0.38578,0.38654,0.38356,0.38398,286.0,1100.0702
1785120000000,0.38428,0.38583,0.38348,0.38382,527.0,2025.5566
1785120060000,0.38415,0.38629,0.38415,0.38467,290.0,1118.1152
1785120120000,0.38509,0.38571,0.38433,0.38433,251.0,967.1042
1785120180000,0.38449,0.38609,0.38413,0.38593,636.0,2449.569
1785120240000,0.38615,0.38764,0.38596,0.38673,568.0,2195.6239
1785120300000,0.38512,0.38618,0.38471,0.38546,1131.0,4361.2868
1785120360000,0.3855,0.386,0.38467,0.38578,589.0,2270.4152
1785120420000,0.38575,0.38741,0.38562,0.38639,596.0,2302.8273
1785120480000,0.38668,0.38727,0.38604,0.38694,1546.0,5971.5585
1785120540000,0.38618,0.38694,0.38574,0.3866,167.0,645.3814
1785120600000,0.38602,0.38602,0.38364,0.38437,241.0,926.4224
1785120660000,0.38416,0.38515,0.38396,0.38513,467.0,1796.0514
1785120720000,0.38475,0.38525,0.3838,0.38525,510.0,1959.0216
1785120780000,0.38533,0.38637,0.38533,0.38599,106.0,409.1391
1785120840000,0.38644,0.38714,0.38642,0.38661,62.0,239.7099
1785120900000,0.38825,0.39032,0.38816,0.38996,390.0,1518.9607
1785120960000,0.39041,0.39086,0.38813,0.38813,236.0,919.0236
1785121020000,0.38835,0.39,0.38835,0.38977,37.0,144.1999
1785121080000,0.38857,0.38883,0.38719,0.38753,122.0,473.2028
1785121140000,0.38726,0.38726,0.38661,0.38661,1026.0,3966.6864
1785121200000,0.38558,0.38734,0.3841,0.38682,1855.0,7137.8805
1785121260000,0.38661,0.38748,0.38661,0.38748,91.0,352.0999
1785121320000,0.38865,0.39038,0.38852,0.38939,347.0,1351.789
1785121380000,0.38858,0.38898,0.38661,0.38752,79.0,306.0523
1785121440000,0.38672,0.38681,0.38537,0.38624,121.0,467.3363
1785121500000,0.38688,0.3897,0.38688,0.38921,230.0,892.5161
1785121560000,0.38838,0.38883,0.38838,0.38881,57.0,221.5829
1785121620000,0.38744,0.38921,0.38744,0.38921,155.0,601.3069
1785121680000,0.38835,0.38921,0.38835,0.38907,190.0,738.8197
1785121740000,0.3889,0.38993,0.3889,0.38991,197.0,767.7095
1785121800000,0.38946,0.39086,0.3894,0.38981,808.0,3153.9841
1785121860000,0.38977,0.39044,0.3895,0.38998,1509.0,5889.615
1785121920000,0.38947,0.38971,0.38843,0.38874,844.0,3281.4528
1785121980000,0.38874,0.38929,0.38818,0.38818,500.0,1943.7522
1785122040000,0.38863,0.38915,0.38863,0.38898,46.0,178.8515
1785122100000,0.38882,0.38979,0.38836,0.38913,544.0,2116.2838
1785122160000,0.38889,0.38929,0.38887,0.38918,423.0,1645.7687
1785122220000,0.38957,0.39297,0.38957,0.38986,1608.0,6287.1105
1785122280000,0.38964,0.39078,0.38912,0.3902,1092.0,4261.3274
1785122340000,0.38974,0.38994,0.38897,0.38978,464.0,1807.5335
1785122400000,0.38947,0.38998,0.38744,0.38803,1117.0,4342.3167
1785122460000,0.38789,0.38821,0.38637,0.38813,3844.0,14889.2841
1785122520000,0.38809,0.3882,0.38199,0.3822,2194.0,8418.6071
1785122580000,0.38228,0.3825,0.381,0.38109,331.0,1263.5564
1785122640000,0.38123,0.38123,0.37675,0.37921,4305.0,16311.8
1785122700000,0.37944,0.37944,0.375,0.37574,1935.0,7270.4232
1785122760000,0.3755,0.37677,0.37276,0.37351,3360.0,12595.5232
1785122820000,0.3739,0.3739,0.36745,0.37119,3968.0,14686.9415
1785122880000,0.37137,0.37224,0.3687,0.37111,4555.0,16878.4405
1785122940000,0.37112,0.37366,0.37094,0.37107,3119.0,11612.6941
1785123000000,0.36984,0.37085,0.368,0.36815,2490.0,9190.943
1785123060000,0.36778,0.36778,0.36302,0.36597,5423.0,19781.7349
1785123120000,0.36515,0.36865,0.36427,0.36865,1081.0,3949.9679
1785123180000,0.36938,0.37296,0.3685,0.37235,389.0,1444.9509
1785123240000,0.37139,0.37492,0.37123,0.37439,4416.0,16462.5616
1785123300000,0.37386,0.37428,0.37223,0.37414,5299.0,19795.9277
1785123360000,0.37594,0.37828,0.37534,0.37666,3928.0,14821.1923
1785123420000,0.37714,0.37974,0.37653,0.3789,3184.0,12053.2691
1785123480000,0.37948,0.38369,0.37948,0.38293,2794.0,10634.921
1785123540000,0.38302,0.38406,0.38162,0.38162,2507.0,9598.5611
1785123600000,0.38171,0.386,0.38131,0.38525,7532.0,28918.0351
1785123660000,0.3857,0.38779,0.38506,0.38624,2640.0,10180.6056
1785123720000,0.38667,0.38784,0.38547,0.38594,1770.0,6843.419
1785123780000,0.38627,0.38807,0.38599,0.38675,5275.0,20424.6885
1785123840000,0.38681,0.39015,0.38643,0.38864,3188.0,12362.228
1785123900000,0.3884,0.39035,0.3884,0.39027,1050.0,4092.5506
1785123960000,0.39048,0.392,0.38912,0.38936,916.0,3581.2925
1785124020000,0.38909,0.39026,0.38844,0.38914,1868.0,7268.0708
1785124080000,0.38918,0.38966,0.38721,0.38762,609.0,2360.6705
1785124140000,0.3877,0.38791,0.38376,0.38376,1179.0,4543.847
1785124200000,0.38404,0.38671,0.38404,0.38618,631.0,2435.4647
1785124260000,0.38634,0.38685,0.38199,0.38308,4387.0,16833.3373
1785124320000,0.38311,0.38595,0.38301,0.38543,837.0,3215.037
1785124380000,0.3859,0.38592,0.38364,0.38392,711.0,2737.4938
1785124440000,0.38454,0.38581,0.38453,0.38568,108.0,416.0407
1785124500000,0.38571,0.38655,0.38526,0.38592,1893.0,7300.9642
1785124560000,0.38695,0.3874,0.38582,0.38599,1005.0,3887.2436
1785124620000,0.3863,0.38648,0.38485,0.38586,2085.0,8042.6764
1785124680000,0.38582,0.38862,0.38425,0.38761,9860.0,38045.059
1785124740000,0.38783,0.38786,0.38698,0.38716,288.0,1116.0481
1785124800000,0.38718,0.39003,0.38616,0.38616,1599.0,6198.4659
1785124860000,0.38561,0.38561,0.38422,0.38455,1792.0,6893.5222
1785124920000,0.38418,0.38559,0.38254,0.38317,7640.0,29334.5584
1785124980000,0.38303,0.38356,0.38109,0.38166,3626.0,13874.385
1785125040000,0.38222,0.3838,0.38218,0.38318,1244.0,4771.568
1785125100000,0.38346,0.3838,0.38275,0.38275,812.0,3114.0916
1785125160000,0.38253,0.3838,0.38253,0.38338,3737.0,14341.548
1785125220000,0.38319,0.38319,0.38276,0.38292,156.0,597.4867
1785125280000,0.3815,0.3815,0.37937,0.37951,948.0,3603.543
1785125340000,0.37921,0.37921,0.37788,0.37815,8314.0,31491.7373
1785125400000,0.3781,0.37815,0.37587,0.37757,4436.0,16742.9806
1785125460000,0.37763,0.38026,0.37608,0.37929,23782.0,90170.6045
1785125520000,0.3792,0.3814,0.3788,0.38062,9451.0,35915.8114
1785125580000,0.38026,0.38264,0.37988,0.38182,7678.0,29258.8466
1785125640000,0.3816,0.38279,0.3816,0.38256,4677.0,17876.4933
1785125700000,0.38258,0.38395,0.3808,0.38395,12057.0,46125.3342
1785125760000,0.38361,0.38361,0.38094,0.38129,2767.0,10570.1068
1785125820000,0.38173,0.38561,0.38173,0.38429,10350.0,39753.0428
1785125880000,0.38416,0.38505,0.38115,0.38269,3539.0,13539.6309
1785125940000,0.38251,0.38312,0.38087,0.38107,805.0,3078.9513
1785126000000,0.38168,0.38338,0.38161,0.38288,2821.0,10784.4385
1785126060000,0.38272,0.38332,0.38237,0.38237,1237.0,4734.9333
1785126120000,0.38234,0.3847,0.38234,0.38409,16752.0,64255.2784
1785126180000,0.38425,0.38425,0.38283,0.38325,1961.0,7515.4038
1785126240000,0.38325,0.38369,0.38211,0.38269,2759.0,10567.9621
1785126300000,0.38267,0.38388,0.38243,0.38243,1606.0,6151.305
1785126360000,0.38308,0.38313,0.38024,0.38113,2034.0,7766.0846
1785126420000,0.38132,0.38173,0.38037,0.38069,1484.0,5655.232
1785126480000,0.3807,0.38144,0.37997,0.38004,758.0,2884.2019
1785126540000,0.38019,0.38067,0.38019,0.38067,404.0,1536.875
1785126600000,0.37994,0.38067,0.37993,0.38061,848.0,3224.6888
1785126660000,0.38074,0.38074,0.37864,0.37868,1194.0,4535.9477
1785126720000,0.37893,0.37912,0.37788,0.37825,2422.0,9163.6134
1785126780000,0.37818,0.37855,0.37755,0.3785,653.0,2469.525
1785126840000,0.37836,0.37861,0.37786,0.37801,611.0,2311.3134
1785126900000,0.37784,0.37849,0.37784,0.37845,344.0,1301.213
1785126960000,0.37744,0.37744,0.37423,0.37423,2082.0,7832.1253
1785127020000,0.37417,0.37883,0.37348,0.37832,2264.0,8513.2586
1785127080000,0.37816,0.37967,0.37715,0.37798,1268.0,4798.1657
1785127140000,0.37774,0.37975,0.37774,0.37902,474.0,1797.4585
1785127200000,0.37853,0.37853,0.37772,0.37843,339.0,1282.3245
1785127260000,0.37823,0.37835,0.37754,0.37775,980.0,3701.5406
1785127320000,0.37766,0.37916,0.37747,0.37911,1198.0,4528.8978
1785127380000,0.37907,0.38267,0.37815,0.38267,7671.0,29274.5714
1785127440000,0.38267,0.38629,0.38257,0.38583,27710.0,106521.2913
1785127500000,0.38587,0.38997,0.38587,0.38762,44332.0,171937.9548
1785127560000,0.38789,0.38899,0.38667,0.38691,3631.0,14078.361
1785127620000,0.38669,0.38932,0.38669,0.38821,16101.0,62366.2274
1785127680000,0.3881,0.38836,0.38584,0.38687,4711.0,18237.6379
1785127740000,0.38687,0.389,0.38687,0.389,11899.0,46176.2339
1785127800000,0.38957,0.38976,0.38881,0.38919,1836.0,7149.3619
1785127860000,0.38902,0.39126,0.38901,0.39126,7562.0,29486.0926
1785127920000,0.39105,0.39112,0.38921,0.39112,4752.0,18554.8321
1785127980000,0.39076,0.3921,0.39076,0.39128,2950.0,11554.6976
1785128040000,0.39122,0.39273,0.39115,0.39246,5925.0,23228.8637
1785128100000,0.39192,0.39476,0.38998,0.38998,22312.0,87639.8259
1785128160000,0.3903,0.39102,0.38912,0.39012,4059.0,15825.2093
1785128220000,0.38988,0.3908,0.3877,0.38836,1522.0,5926.8339
1785128280000,0.38831,0.38963,0.38831,0.38859,2041.0,7942.5548
1785128340000,0.3884,0.38927,0.38788,0.388,1433.0,5565.9887
1785128400000,0.38803,0.39051,0.38803,0.39041,1780.0,6939.307
1785128460000,0.39081,0.3932,0.39048,0.39097,2297.0,8992.9923
1785128520000,0.39113,0.39151,0.39004,0.39004,1132.0,4422.5905
1785128580000,0.3901,0.3932,0.3901,0.39235,2128.0,8342.9399
1785128640000,0.39256,0.39265,0.39232,0.39265,532.0,2088.2058
1785128700000,0.39288,0.39435,0.39269,0.39368,5412.0,21304.9472
1785128760000,0.39421,0.39617,0.39406,0.39611,14528.0,57407.2819
1785128820000,0.39723,0.39752,0.39482,0.39496,1609.0,6361.8916
1785128880000,0.39499,0.39551,0.39195,0.39327,2209.0,8691.8139
1785128940000,0.39395,0.39491,0.39158,0.39282,1247.0,4905.6542
1785129000000,0.39282,0.39352,0.39203,0.39337,5713.0,22465.7798
1785129060000,0.39318,0.39417,0.3929,0.39341,2550.0,10033.5573
1785129120000,0.39341,0.3949,0.39212,0.39464,2474.0,9741.3936
1785129180000,0.39462,0.39475,0.39154,0.39183,663.0,2604.847
1785129240000,0.39226,0.39258,0.39166,0.39178,983.0,3852.8924
1785129300000,0.39206,0.39515,0.39206,0.39431,1804.0,7116.035
1785129360000,0.3942,0.39473,0.39407,0.3945,1196.0,4717.5802
1785129420000,0.39458,0.39464,0.39337,0.39437,2130.0,8394.5009
1785129480000,0.39397,0.39466,0.39375,0.39457,499.0,1968.6068
1785129540000,0.3941,0.39469,0.39402,0.39469,704.0,2777.8706
1785129600000,0.39476,0.3956,0.39446,0.39512,6366.0,25155.7265
1785129660000,0.39516,0.39521,0.39452,0.3947,1007.0,3977.2064
1785129720000,0.39451,0.39463,0.39337,0.39422,1140.0,4496.68
1785129780000,0.39421,0.39467,0.39414,0.39414,1004.0,3958.1774
1785129840000,0.39368,0.39455,0.39368,0.39425,2328.0,9179.5
1785129900000,0.39433,0.39506,0.39348,0.39447,8301.0,32746.524
1785129960000,0.39482,0.3954,0.39471,0.39484,4566.0,18034.066
1785130020000,0.39486,0.3971,0.39486,0.39602,10391.0,41168.0915
1785130080000,0.39603,0.39619,0.39498,0.3959,2733.0,10810.7703
1785130140000,0.39569,0.39585,0.39431,0.39573,3295.0,13020.6741
1785130200000,0.39538,0.39582,0.39485,0.39527,1507.0,5958.2872
1785130260000,0.39516,0.39517,0.39453,0.39461,948.0,3741.8799
1785130320000,0.39473,0.39522,0.3947,0.39503,1599.0,6315.9233
1785130380000,0.39501,0.39514,0.39378,0.3949,921.0,3634.1409
1785130440000,0.39498,0.39511,0.39476,0.3949,1495.0,5904.1553
1785130500000,0.39456,0.398,0.39456,0.39644,18755.0,74384.5118
1785130560000,0.3963,0.3965,0.39408,0.39572,1864.0,7366.5801
1785130620000,0.39583,0.39689,0.39518,0.39612,2683.0,10624.9232
1785130680000,0.39614,0.39679,0.39583,0.39632,2820.0,11177.3056
1785130740000,0.39623,0.39659,0.39556,0.39597,1225.0,4851.5085
1785130800000,0.39589,0.39611,0.39485,0.39581,1568.0,6204.9629
1785130860000,0.39608,0.39654,0.39535,0.39572,2485.0,9834.5822
1785130920000,0.39582,0.39725,0.39566,0.39683,7621.0,30232.9518
1785130980000,0.39663,0.39865,0.39651,0.3969,10707.0,42595.7168
1785131040000,0.39675,0.39786,0.39625,0.39713,2679.0,10632.135
1785131100000,0.39699,0.39702,0.39599,0.39641,2184.0,8659.1483
1785131160000,0.3964,0.3964,0.39416,0.39484,3720.0,14691.7741
1785131220000,0.39478,0.39496,0.39322,0.39381,1728.0,6807.662
1785131280000,0.39377,0.39424,0.39305,0.39351,5122.0,20174.1015
1785131340000,0.3936,0.39443,0.39295,0.39388,967.0
1785131400000,0.39415,0.39597,0.39415,0.39452,1854.0
1785131460000,0.39479,0.39624,0.39479,0.39593,492.0
1785131520000,0.39578,0.39578,0.39481,0.39535,352.0
1785131580000,0.39538,0.39564,0.39361,0.39429,458.0
1785131640000,0.39407,0.39407,0.3933,0.39342,457.0
1785131700000,0.39303,0.39374,0.39273,0.39357,729.0
1785131760000,0.39429,0.39497,0.39378,0.39469,472.0
1785131820000,0.39437,0.3976,0.39437,0.39682,7446.0
1785131880000,0.39705,0.39735,0.39561,0.3961,854.0
1785131940000,0.3962,0.39623,0.39589,0.39623,282.0
1785132000000,0.39629,0.39629,0.39467,0.395,1836.0
1785132060000,0.3952,0.3952,0.39363,0.39432,2777.0
1785132120000,0.39443,0.39679,0.39422,0.39679,3155.0
1785132180000,0.39631,0.39777,0.39631,0.3972,825.0
1785132240000,0.3974,0.39799,0.39669,0.39685,2375.0
1785132300000,0.39655,0.39737,0.39594,0.39737,135.0
1785132360000,0.39745,0.40048,0.39745,0.40025,32371.0
1785132420000,0.40065,0.40222,0.39708,0.39769,6790.0
1785132480000,0.3976,0.39925,0.3976,0.39895,3147.0
1785132540000,0.39895,0.39982,0.39806,0.39982,1319.0
1785132600000,0.39856,0.41908,0.39856,0.4103,64808.0
1785132660000,0.40986,0.41339,0.40977,0.4122,10768.0
1785132720000,0.41234,0.41406,0.41058,0.41285,4146.0
1785132780000,0.41277,0.43565,0.41277,0.42444,74920.0
1785132840000,0.42399,0.42607,0.42124,0.42486,10192.0
1785132900000,0.42501,0.44,0.42452,0.43221,14202.0
1785132960000,0.43134,0.43385,0.42861,0.43271,12849.0
1785133020000,0.43481,0.66328,0.43481,0.66027,271912.0
1785133080000,0.65949,0.65949,0.44252,0.44252,248181.0
1785133140000,0.43976,0.50537,0.4377,0.47618,79146.0
1785133200000,0.47698,0.48166,0.39612,0.40678,57297.0
1785133260000,0.40433,0.45009,0.39087,0.44036,39839.0
1785133320000,0.44008,0.44086,0.41837,0.43574,18390.0
1785133380000,0.43724,0.46289,0.43531,0.45844,110970.0
1785133440000,0.45458,0.48151,0.45142,0.46989,106067.0
1785133500000,0.47073,0.48888,0.46562,0.4862,50048.0
1785133560000,0.48538,0.53959,0.48491,0.52883,83371.0
1785133620000,0.52987,0.55031,0.51606,0.52987,125373.0
1785133680000,0.5315,0.55404,0.52115,0.54624,51086.0
1785133740000,0.54625,0.55332,0.53306,0.54384,38833.0
1785133800000,0.54526,0.5744,0.54003,0.56175,38710.0
1785133860000,0.5601,0.58842,0.51825,0.52124,118018.0
1785133920000,0.52025,0.5502,0.5036,0.53989,39246.0
1785133980000,0.53919,0.54828,0.51644,0.52869,21234.0
1785134040000,0.52863,0.54309,0.51992,0.53528,24931.0
1785134100000,0.53702,0.55582,0.53619,0.54634,15010.0
1785134160000,0.54634,0.55701,0.54082,0.55701,39164.0
1785134220000,0.55293,0.55741,0.53757,0.53869,19337.0
1785134280000,0.53702,0.54093,0.51712,0.52445,11541.0
1785134340000,0.52535,0.5299,0.50706,0.52873,9171.0
1785134400000,0.5273,0.52765,0.47561,0.48889,29712.0
1785134460000,0.48939,0.5027,0.48364,0.49556,7770.0
1785134520000,0.49459,0.5013,0.48116,0.49673,21468.0
1785134580000,0.49679,0.50487,0.48215,0.48597,14646.0
1785134640000,0.48652,0.4932,0.4741,0.4932,16014.0
1785134700000,0.49333,0.49653,0.46085,0.46347,21241.0
1785134760000,0.46181,0.46544,0.4452,0.44747,26791.0
1785134820000,0.44747,0.46044,0.43688,0.44015,22089.0
1785134880000,0.44004,0.44444,0.4199,0.42125,27443.0
1785134940000,0.42331,0.43863,0.40903,0.43045,31511.0
1785135000000,0.43064,0.43879,0.41702,0.42039,21114.0
1785135060000,0.41983,0.42987,0.4046,0.4143,26761.0
1785135120000,0.41157,0.41821,0.4095,0.41618,22185.0
1785135180000,0.41447,0.42129,0.40975,0.41259,40107.0
1785135240000,0.41225,0.41685,0.39653,0.40316,45127.0
1785135300000,0.40274,0.4338,0.39129,0.43128,69727.0
1785135360000,0.43129,0.43466,0.40336,0.41136,50793.0
1785135420000,0.41079,0.42897,0.40807,0.42748,14448.0
1785135480000,0.4274,0.42853,0.41522,0.42425,10316.0
1785135540000,0.4233,0.42574,0.41426,0.42233,5044.0
1785135600000,0.42028,0.43313,0.41841,0.4296,11388.0
1785135660000,0.42967,0.43585,0.42651,0.42894,25130.0
1785135720000,0.42808,0.4354,0.42484,0.4354,4391.0
1785135780000,0.43488,0.45236,0.43381,0.437,126294.0
1785135840000,0.436,0.44593,0.43282,0.44573,14248.0
1785135900000,0.44574,0.45274,0.44257,0.44906,6703.0
1785135960000,0.44897,0.45939,0.44892,0.45089,8213.0
1785136020000,0.45067,0.45558,0.44503,0.4499,12111.0
1785136080000,0.44959,0.45387,0.43809,0.4407,14047.0
1785136140000,0.44012,0.44294,0.42818,0.43752,6359.0
1785136200000,0.43853,0.44096,0.43318,0.43762,1591.0
1785136260000,0.4389,0.44895,0.4389,0.44667,6413.0
1785136320000,0.44697,0.45312,0.44697,0.45012,4306.0
1785136380000,0.44982,0.45647,0.44982,0.452,4600.0
1785136440000,0.45153,0.45408,0.44829,0.44936,4686.0
1785136500000,0.44966,0.45314,0.44482,0.45231,1752.0
1785136560000,0.45287,0.45388,0.44874,0.44874,2486.0
1785136620000,0.44846,0.44897,0.43766,0.44089,5234.0
1785136680000,0.4408,0.44118,0.42,0.43179,16552.0
1785136740000,0.43162,0.43458,0.42062,0.42552,56218.0
1785136800000,0.42573,0.42843,0.4125,0.42178,15234.0
1785136860000,0.42058,0.43475,0.41842,0.43184,21459.0
1785136920000,0.43138,0.43953,0.43087,0.43611,18611.0
1785136980000,0.43609,0.43765,0.43404,0.43438,8819.0
1785137040000,0.43551,0.43551,0.42517,0.42621,6930.0
1785137100000,0.42679,0.4287,0.4243,0.42731,2795.0
1785137160000,0.42764,0.44134,0.42502,0.43679,11666.0
1785137220000,0.43727,0.44674,0.43595,0.43949,9562.0
1785137280000,0.43992,0.44467,0.43748,0.43772,29259.0
1785137340000,0.43769,0.43936,0.43629,0.4373,5605.0
1785137400000,0.43684,0.43684,0.42831,0.43033,9140.0
1785137460000,0.43082,0.43811,0.4269,0.43454,10624.0
1785137520000,0.43526,0.44263,0.43431,0.43933,8950.0
1785137580000,0.43921,0.43926,0.43286,0.43286,4292.0
1785137640000,0.43226,0.43443,0.43,0.43,8464.0
1785137700000,0.43008,0.43228,0.428,0.42933,12115.0
1785137760000,0.42985,0.43212,0.4283,0.42948,2483.0
1785137820000,0.42902,0.42902,0.42272,0.42406,18794.0
1785137880000,0.42439,0.42439,0.41845,0.42268,17520.0
1785137940000,0.42222,0.42296,0.41815,0.42134,9397.0
1785138000000,0.42024,0.425,0.42012,0.42115,4469.0
1785138060000,0.42162,0.42162,0.41466,0.42038,11921.0
1785138120000,0.42036,0.42473,0.41912,0.42281,1121.0
1785138180000,0.42304,0.42688,0.41978,0.42653,2365.0
1785138240000,0.42674,0.43329,0.42306,0.43264,9500.0
1785138300000,0.43326,0.43552,0.42553,0.42553,10240.0
1785138360000,0.42558,0.43023,0.4236,0.43,2428.0
1785138420000,0.43004,0.43109,0.42094,0.42351,1305.0
1785138480000,0.42338,0.42597,0.41957,0.4208,5419.0
1785138540000,0.42073,0.4237,0.41685,0.42091,2862.0
1785138600000,0.42108,0.42218,0.40292,0.41297,28405.0
1785138660000,0.41133,0.41992,0.41093,0.41992,3958.0
1785138720000,0.41936,0.42193,0.41623,0.4164,3487.0
1785138780000,0.41817,0.42007,0.41609,0.41913,2434.0
1785138840000,0.41934,0.42061,0.41753,0.41771,2486.0
1785138900000,0.41819,0.42001,0.41535,0.41625,2582.0
1785138960000,0.41626,0.41626,0.4122,0.41343,5745.0
1785139020000,0.41319,0.4171,0.41292,0.4171,3665.0
1785139080000,0.41682,0.41682,0.41314,0.4142,2366.0
1785139140000,0.41402,0.41603,0.41209,0.41365,2102.0
1785139200000,0.41432,0.41561,0.41268,0.41357,2025.0
1785139260000,0.41364,0.42291,0.4127,0.42212,918.0
1785139320000,0.42177,0.42194,0.41325,0.41471,1351.0
1785139380000,0.41426,0.41551,0.41051,0.4117,2627.0
1785139440000,0.41081,0.41322,0.40409,0.40552,8408.0
1785139500000,0.40644,0.40978,0.39775,0.40563,33748.0
1785139560000,0.40585,0.41121,0.40281,0.40711,11860.0
1785139620000,0.40678,0.40896,0.39616,0.39846,5679.0
1785139680000,0.39682,0.39779,0.384,0.3944,49770.0
1785139740000,0.39435,0.39435,0.38821,0.39429,9470.0
1785139800000,0.39372,0.39585,0.3882,0.3882,9039.0
1785139860000,0.38861,0.39274,0.3876,0.39274,5850.0
1785139920000,0.39225,0.39272,0.37078,0.37331,13728.0
1785139980000,0.37273,0.38955,0.36416,0.3866,66861.0
1785140040000,0.38657,0.38755,0.37941,0.38318,8074.0
1785140100000,0.38221,0.38488,0.37532,0.38391,5493.0
1785140160000,0.38225,0.39187,0.3804,0.39126,4188.0
1785140220000,0.39028,0.39038,0.37376,0.37711,3825.0
1785140280000,0.37729,0.38132,0.37188,0.37775,2539.0
1785140340000,0.37783,0.38249,0.375,0.38019,3919.0
1785140400000,0.3786,0.386,0.37726,0.38594,4272.0
1785140460000,0.38624,0.39039,0.38243,0.38422,5311.0
1785140520000,0.38478,0.38555,0.37927,0.38517,2104.0
1785140580000,0.38447,0.38739,0.38308,0.38308,3347.0
1785140640000,0.38362,0.39668,0.38296,0.3925,9756.0
1785140700000,0.39301,0.39489,0.38655,0.38755,3056.0
1785140760000,0.38674,0.40319,0.3867,0.39896,4713.0
1785140820000,0.39905,0.39971,0.39055,0.39222,5662.0
1785140880000,0.39137,0.39166,0.37809,0.38029,5320.0
1785140940000,0.3811,0.3842,0.3723,0.37479,9895.0
1785141000000,0.37393,0.3776,0.37078,0.37115,3630.0
1785141060000,0.37149,0.375,0.36266,0.37218,9321.0
1785141120000,0.37311,0.38579,0.37272,0.38116,9128.0
1785141180000,0.38045,0.38341,0.37916,0.38203,1542.0
1785141240000,0.38157,0.3882,0.38133,0.3882,2033.0
1785141300000,0.38851,0.39232,0.38342,0.38848,1912.0
1785141360000,0.38841,0.38892,0.38445,0.38574,1700.0
1785141420000,0.3851,0.3884,0.38072,0.38673,2655.0
1785141480000,0.38632,0.38839,0.385,0.38644,1553.0
1785141540000,0.38589,0.38691,0.37929,0.38356,1995.0
1785141600000,0.3833,0.38687,0.38275,0.38683,2121.0
1785141660000,0.38731,0.39469,0.38612,0.39355,4395.0
1785141720000,0.39305,0.39588,0.39202,0.3955,1996.0
1785141780000,0.39588,0.40454,0.39424,0.40066,5949.0
1785141840000,0.40083,0.40949,0.3987,0.40949,4049.0
1785141900000,0.40961,0.42155,0.40904,0.41696,11927.0
1785141960000,0.41636,0.4235,0.41636,0.41782,3795.0
1785142020000,0.41788,0.42362,0.41392,0.42122,4275.0
1785142080000,0.42158,0.42814,0.421,0.42232,10955.0
1785142140000,0.4225,0.42431,0.41376,0.41662,2747.0
1785142200000,0.41557,0.44059,0.41557,0.43074,14974.0
1785142260000,0.4304,0.43374,0.42201,0.42423,4063.0
1785142320000,0.42449,0.4296,0.42082,0.42082,5162.0
1785142380000,0.42128,0.42311,0.41953,0.42132,2740.0
1785142440000,0.42058,0.42447,0.41988,0.41988,3857.0
1785142500000,0.42024,0.42676,0.42019,0.42312,2486.0
1785142560000,0.42326,0.43614,0.42326,0.42945,5482.0
1785142620000,0.42896,0.43183,0.42566,0.4305,2372.0
1785142680000,0.43094,0.43187,0.42089,0.42526,6804.0
1785142740000,0.42479,0.42549,0.41539,0.42076,1885.0
1785142800000,0.42154,0.42376,0.41329,0.41543,2845.0
1785142860000,0.41631,0.41894,0.40501,0.40857,5019.0
1785142920000,0.40803,0.41093,0.39792,0.40002,6851.0
1785142980000,0.3998,0.40118,0.39,0.39,20721.0
1785143040000,0.3903,0.394,0.38565,0.39126,13944.0
1785143100000,0.39141,0.39586,0.3872,0.39047,4380.0
1785143160000,0.39104,0.39104,0.38123,0.38306,8620.0
1785143220000,0.38281,0.38697,0.3807,0.38291,8546.0
1785143280000,0.3803,0.38555,0.38,0.38387,4282.0
1785143340000,0.38379,0.3863,0.38,0.38498,4001.0
1785143400000,0.38458,0.38868,0.38082,0.38868,10535.0
1785143460000,0.38716,0.394,0.3846,0.38551,14414.0
1785143520000,0.38507,0.39025,0.3822,0.39025,2426.0
1785143580000,0.3901,0.39301,0.38763,0.38895,2536.0
1785143640000,0.38915,0.3894,0.38311,0.38714,7910.0
1785143700000,0.38673,0.38673,0.38073,0.38326,4316.0
1785143760000,0.38287,0.3858,0.38037,0.38411,7425.0
1785143820000,0.38356,0.3926,0.38241,0.38807,4720.0
1785143880000,0.38595,0.3889,0.38246,0.38368,3269.0
1785143940000,0.38353,0.39114,0.38344,0.3904,5180.0
1785144000000,0.3904,0.3904,0.38331,0.38565,8354.0
1785144060000,0.38631,0.3896,0.38514,0.38742,9733.0
1785144120000,0.38696,0.38781,0.38,0.38215,4796.0
1785144180000,0.3818,0.38784,0.38167,0.3861,1641.0
1785144240000,0.38579,0.38857,0.38387,0.38849,1105.0
1785144300000,0.38793,0.38913,0.3864,0.38776,937.0
1785144360000,0.38775,0.39159,0.38498,0.38645,1596.0
1785144420000,0.38603,0.38669,0.38439,0.38517,208.0
1785144480000,0.38477,0.38548,0.3819,0.38415,304.0
1785144540000,0.38517,0.38747,0.38354,0.38584,2516.0
1785144600000,0.3856,0.38568,0.38388,0.38415,5886.0
1785144660000,0.38335,0.38472,0.38068,0.38472,9794.0
1785144720000,0.3853,0.387,0.3832,0.38396,944.0
1785144780000,0.38296,0.38517,0.38263,0.38489,607.0
1785144840000,0.38443,0.38515,0.38321,0.38321,110.0
1785144900000,0.38265,0.38359,0.38017,0.38127,451.0
1785144960000,0.3803,0.3803,0.37257,0.37702,11135.0
1785145020000,0.37717,0.37958,0.36908,0.37791,4278.0
1785145080000,0.37712,0.38402,0.37693,0.38124,1723.0
1785145140000,0.38234,0.38264,0.37552,0.37816,1708.0
1785145200000,0.37639,0.38335,0.37576,0.38084,1058.0
1785145260000,0.37953,0.38187,0.37571,0.38187,726.0
1785145320000,0.3819,0.3819,0.37739,0.37976,1356.0
1785145380000,0.37976,0.38141,0.37974,0.3806,308.0
1785145440000,0.38077,0.38948,0.38076,0.38948,8385.0
1785145500000,0.38791,0.39029,0.38354,0.39029,3229.0
1785145560000,0.38911,0.3927,0.38296,0.38305,8204.0
1785145620000,0.38346,0.38696,0.38224,0.3834,11171.0
1785145680000,0.38422,0.38621,0.38275,0.38305,2173.0
1785145740000,0.38255,0.38316,0.382,0.38316,728.0
1785145800000,0.38401,0.38401,0.37613,0.37914,2064.0
1785145860000,0.37898,0.38239,0.37603,0.37821,5342.0
1785145920000,0.37819,0.38157,0.3771,0.38021,1292.0
1785145980000,0.37971,0.38111,0.37714,0.37882,835.0
1785146040000,0.37853,0.38023,0.37812,0.38023,303.0
1785146100000,0.37952,0.38014,0.37748,0.37788,898.0
1785146160000,0.37858,0.38063,0.37826,0.38042,443.0
1785146220000,0.3803,0.38257,0.37959,0.38179,1663.0
1785146280000,0.382,0.38573,0.382,0.3846,3519.0
1785146340000,0.38357,0.38357,0.37869,0.37931,1017.0
1785146400000,0.37995,0.38062,0.3752,0.37692,1458.0
1785146460000,0.37646,0.37723,0.37171,0.37363,3861.0
1785146520000,0.37216,0.37795,0.37117,0.37795,4871.0
1785146580000,0.37754,0.38245,0.37694,0.38245,2540.0
1785146640000,0.38202,0.38592,0.3781,0.3799,9856.0
1785146700000,0.3799,0.38209,0.37238,0.37256,5215.0
1785146760000,0.37274,0.37712,0.37082,0.37407,6023.0
1785146820000,0.3735,0.3768,0.37267,0.37641,809.0
1785146880000,0.37515,0.37855,0.37442,0.3773,716.0
1785146940000,0.37652,0.3773,0.37329,0.3773,833.0
1785147000000,0.37602,0.37638,0.37353,0.37364,501.0
1785147060000,0.37294,0.37495,0.3729,0.3748,661.0
1785147120000,0.37411,0.3762,0.37379,0.37477,2805.0
1785147180000,0.37486,0.3774,0.37481,0.37573,1682.0
1785147240000,0.3755,0.37738,0.37514,0.37628,649.0
1785147300000,0.37689,0.37689,0.37383,0.37607,5632.0
1785147360000,0.37592,0.37664,0.3735,0.3735,1413.0
1785147420000,0.37362,0.37531,0.37174,0.37451,9707.0
1785147480000,0.37289,0.3751,0.37289,0.37444,680.0
1785147540000,0.37439,0.37439,0.37255,0.37357,632.0
1785147600000,0.37339,0.37339,0.37113,0.37113,3727.0
1785147660000,0.37062,0.37321,0.37039,0.37276,1360.0
1785147720000,0.37233,0.37631,0.37224,0.37351,1195.0
1785147780000,0.37321,0.37555,0.37237,0.37315,447.0
1785147840000,0.37273,0.3737,0.37234,0.37236,85.0
1785147900000,0.37103,0.37103,0.3647,0.36834,9864.0
1785147960000,0.36946,0.374,0.36559,0.36832,3581.0
1785148020000,0.3667,0.3667,0.34909,0.35656,13990.0
1785148080000,0.35594,0.35616,0.34518,0.34897,14100.0
1785148140000,0.34855,0.35586,0.34373,0.35386,11015.0
1785148200000,0.35386,0.35568,0.34638,0.35069,5445.0
1785148260000,0.35007,0.36,0.3463,0.35546,12435.0
1785148320000,0.35595,0.36059,0.35381,0.35381,9151.0
1785148380000,0.35402,0.36352,0.35257,0.36127,2823.0
1785148440000,0.36052,0.3673,0.35946,0.36305,1259.0
1785148500000,0.36372,0.36597,0.36053,0.36107,4881.0
1785148560000,0.36144,0.36446,0.35975,0.36307,1230.0
1785148620000,0.36307,0.36307,0.35945,0.36048,1091.0
1785148680000,0.36047,0.36256,0.35992,0.36133,358.0
1785148740000,0.36048,0.36048,0.35629,0.36046,887.0
1785148800000,0.35997,0.36323,0.35924,0.36322,2991.0
1785148860000,0.36269,0.36707,0.36242,0.36411,3872.0
1785148920000,0.36374,0.36374,0.36081,0.36207,929.0
1785148980000,0.36236,0.36274,0.35647,0.35951,1114.0
1785149040000,0.35915,0.36181,0.35765,0.36121,1397.0
1785149100000,0.36106,0.36372,0.35718,0.35978,1281.0
1785149160000,0.36016,0.36061,0.35819,0.35954,554.0
1785149220000,0.35973,0.35973,0.35834,0.35917,2700.0
1785149280000,0.35858,0.35858,0.35475,0.35497,782.0
1785149340000,0.3546,0.35773,0.35436,0.3564,1653.0,5875.4344
1785149400000,0.35637,0.35922,0.35598,0.35819,224.0,800.9226
1785149460000,0.35802,0.38,0.35754,0.3737,29168.0,109372.989
1785149520000,0.37323,0.38188,0.37291,0.37723,7369.0,27871.5978
1785149580000,0.37807,0.38612,0.37674,0.38482,7610.0,29142.9217
1785149640000,0.38476,0.39043,0.3845,0.38559,4186.0,16197.824
1785149700000,0.38623,0.39067,0.3853,0.38848,3830.0,14869.4701
1785149760000,0.39008,0.39191,0.38204,0.38204,3422.0,13243.6798
1785149820000,0.38295,0.38363,0.3745,0.37772,5919.0,22429.4674
1785149880000,0.37808,0.37871,0.37568,0.37671,3182.0,12001.4706
1785149940000,0.37698,0.38166,0.3766,0.37684,1044.0,3956.8543
1785150000000,0.37688,0.38758,0.37654,0.3826,3433.0,13169.2223
1785150060000,0.38115,0.38684,0.38047,0.38684,3368.0,12918.3846
1785150120000,0.38718,0.38849,0.38418,0.38446,1167.0,4505.3022
1785150180000,0.38569,0.3875,0.38258,0.38406,2046.0,7877.4824
1785150240000,0.38427,0.3851,0.38258,0.38258,2508.0,9632.5985
1785150300000,0.38291,0.385,0.38142,0.38277,3719.0,14264.3663
1785150360000,0.3824,0.38448,0.3821,0.38448,128.0,490.1939
1785150420000,0.38385,0.3848,0.38286,0.38462,151.0,580.1706
1785150480000,0.38637,0.40397,0.38637,0.39506,15331.0,60695.4602
1785150540000,0.3959,0.40489,0.3959,0.39979,4932.0,19752.2186
1785150600000,0.39986,0.40461,0.39643,0.39643,7509.0,30141.459
1785150660000,0.39723,0.40195,0.39533,0.4014,3138.0,12507.482
1785150720000,0.40119,0.40188,0.39957,0.40054,872.0,3499.2004
1785150780000,0.40229,0.40265,0.40085,0.40199,256.0,1028.9521
1785150840000,0.39928,0.40023,0.39656,0.40023,2860.0,11387.0976
1785150900000,0.40107,0.40268,0.39482,0.39567,1232.0,4898.0508
1785150960000,0.39625,0.39625,0.39075,0.39581,3205.0,12599.9623
1785151020000,0.39615,0.3983,0.39231,0.39335,557.0,2203.8771
1785151080000,0.39355,0.39625,0.39121,0.39121,827.0,3254.3928
1785151140000,0.392,0.39506,0.38785,0.39471,3462.0,13511.3866
1785151200000,0.39591,0.39776,0.39073,0.39073,1013.0,3983.7577
1785151260000,0.39161,0.40045,0.39151,0.399,2950.0,11771.1821
1785151320000,0.39891,0.39932,0.39191,0.39356,5122.0,20195.6182
1785151380000,0.39336,0.39463,0.38885,0.39082,2643.0,10371.1864
1785151440000,0.39038,0.39317,0.38989,0.39117,206.0,806.737
1785151500000,0.3919,0.39335,0.39,0.39091,508.0,1990.1122
1785151560000,0.39017,0.39027,0.3852,0.3875,3610.0,13994.8972
1785151620000,0.38757,0.38912,0.38546,0.38698,1183.0,4572.7881
1785151680000,0.38772,0.39248,0.38772,0.38972,398.0,1553.8129
1785151740000,0.39114,0.39434,0.38903,0.39045,1060.0,4162.0541
1785151800000,0.3907,0.39484,0.38908,0.3934,524.0,2050.9307
1785151860000,0.39438,0.39438,0.39173,0.39302,479.0,1880.6715
1785151920000,0.39421,0.39699,0.39376,0.39549,512.0,2022.7777
1785151980000,0.39623,0.40005,0.395,0.39902,4775.0,18999.2052
1785152040000,0.39837,0.40116,0.39635,0.40028,459.0,1825.7794
1785152100000,0.4003,0.40224,0.39853,0.40059,2135.0,8546.9835
1785152160000,0.4008,0.40124,0.39743,0.39798,916.0,3658.0757
1785152220000,0.39862,0.39981,0.39703,0.39765,692.0,2757.9
1785152280000,0.39703,0.39981,0.39586,0.39981,585.0,2325.4428
1785152340000,0.40055,0.40059,0.39897,0.40013,1906.0,7622.7924
1785152400000,0.40088,0.40126,0.3996,0.39963,295.0,1182.4826
1785152460000,0.4004,0.40045,0.39859,0.39915,186.0,743.5601
1785152520000,0.40015,0.40204,0.39938,0.40152,822.0,3299.1424
1785152580000,0.40281,0.40483,0.39907,0.40232,1041.0,4196.1937
1785152640000,0.40415,0.41409,0.40346,0.408,10573.0,43249.3574
1785152700000,0.40805,0.40884,0.40293,0.40541,1500.0,6086.0086
1785152760000,0.40566,0.40606,0.39901,0.40058,1115.0,4479.938
1785152820000,0.39997,0.40174,0.39778,0.39897,732.0,2928.7837
1785152880000,0.39932,0.39949,0.39443,0.39543,836.0,3315.2424
1785152940000,0.39574,0.40114,0.39535,0.39917,300.0,1194.7557
1785153000000,0.39818,0.39818,0.39632,0.39632,69.0,274.0352
1785153060000,0.39694,0.39721,0.3938,0.39584,664.0,2618.0585
1785153120000,0.39555,0.39595,0.39256,0.39317,1134.0,4458.4216
1785153180000,0.39311,0.39383,0.39137,0.39271,2130.0,8361.4984
1785153240000,0.39296,0.39296,0.39039,0.39123,2376.0,9303.152
1785153300000,0.39128,0.39149,0.38409,0.38487,5469.0,21151.8016
1785153360000,0.3836,0.38609,0.37952,0.38585,5631.0,21560.7027
1785153420000,0.38596,0.38737,0.38433,0.38589,1979.0,7631.5606
1785153480000,0.3872,0.3877,0.37975,0.37975,1122.0,4320.0741
1785153540000,0.38016,0.38516,0.37999,0.38516,1134.0,4337.6173
1785153600000,0.38428,0.38584,0.38279,0.38346,1551.0,5971.9285
1785153660000,0.38245,0.38245,0.37745,0.37977,2702.0,10265.519
1785153720000,0.37843,0.38403,0.37755,0.38214,5463.0,20904.6512
1785153780000,0.38188,0.38426,0.38139,0.38191,536.0,2048.1291
1785153840000,0.38014,0.38254,0.38,0.38254,576.0,2193.8756
1785153900000,0.382,0.38282,0.38,0.38222,1759.0,6711.6595
1785153960000,0.38112,0.38377,0.38061,0.38288,12948.0,49539.6749
1785154020000,0.3826,0.3832,0.37305,0.37764,13169.0,49705.886
1785154080000,0.37755,0.37758,0.37179,0.37256,11253.0,42199.4432
1785154140000,0.37239,0.37384,0.36543,0.36988,6418.0,23682.8329
1785154200000,0.3694,0.37553,0.36769,0.37553,7715.0,28729.0686
1785154260000,0.37501,0.37527,0.37033,0.3717,3015.0,11223.0476
1785154320000,0.37097,0.37767,0.37036,0.37717,8805.0,33125.1312
1785154380000,0.37698,0.37954,0.37556,0.378,8636.0,32492.8559
1785154440000,0.37746,0.38431,0.37642,0.37788,8330.0,31773.9682
1785154500000,0.37572,0.37771,0.37282,0.37766,5389.0,20162.5353
1785154560000,0.37819,0.3795,0.37328,0.37446,1549.0,5822.0382
1785154620000,0.37344,0.37458,0.36611,0.36764,2300.0,8527.1591
1785154680000,0.36711,0.37012,0.36627,0.37012,961.0,3539.0619
1785154740000,0.3709,0.37212,0.36477,0.36488,7398.0,27227.1243
1785154800000,0.36475,0.36655,0.35895,0.36213,2995.0,10859.4926
1785154860000,0.36155,0.3634,0.3595,0.36216,4557.0,16484.3385
1785154920000,0.36115,0.36116,0.35961,0.35975,1977.0,7126.2424
1785154980000,0.35967,0.36197,0.35521,0.35575,2977.0,10663.5463
1785155040000,0.35498,0.3587,0.35355,0.35355,4243.0,15059.6441
1785155100000,0.35317,0.35615,0.35161,0.35489,4022.0,14219.4229
1785155160000,0.35427,0.35532,0.34908,0.35217,7859.0,27750.1701
1785155220000,0.35217,0.35373,0.34821,0.3496,11011.0,38582.3092
1785155280000,0.34883,0.35158,0.3477,0.34956,1827.0,6387.8625
1785155340000,0.34998,0.35898,0.34869,0.3554,9666.0,34418.9157
1785155400000,0.35454,0.35454,0.34875,0.35102,2848.0,9982.8585
1785155460000,0.35111,0.35353,0.34714,0.35122,4103.0,14398.8873
1785155520000,0.34978,0.35159,0.33788,0.3456,11609.0,39732.3201
1785155580000,0.34473,0.34712,0.33506,0.34548,8799.0,29925.2917
1785155640000,0.34542,0.34795,0.34085,0.34151,4170.0,14315.2024
1785155700000,0.34066,0.3557,0.33984,0.35569,9723.0,33973.412
1785155760000,0.35508,0.35555,0.34955,0.35047,4235.0,14930.8471
1785155820000,0.35,0.35899,0.34888,0.35152,4769.0,16940.6153
1785155880000,0.35098,0.35098,0.33962,0.34185,7437.0,25570.9575
1785155940000,0.3418,0.351,0.34023,0.34864,1925.0,6674.5664
1785156000000,0.34713,0.34852,0.34062,0.3436,3666.0,12595.1092
1785156060000,0.34296,0.34721,0.34148,0.34572,3297.0,11316.5248
1785156120000,0.34543,0.34543,0.34054,0.34476,603.0,2065.8644
1785156180000,0.34304,0.34304,0.33801,0.33963,2631.0,8949.4613
1785156240000,0.33815,0.34288,0.338,0.34204,6674.0,22717.8012
1785156300000,0.34204,0.34467,0.33844,0.33951,1393.0,4747.5035
1785156360000,0.33944,0.34312,0.33861,0.34133,5240.0,17879.2937
1785156420000,0.33979,0.34443,0.33941,0.34353,699.0,2387.4521
1785156480000,0.34304,0.34634,0.34271,0.34353,565.0,1942.3287
1785156540000,0.34319,0.34319,0.33921,0.33998,1075.0,3667.8501
1785156600000,0.33901,0.34296,0.33525,0.34177,9597.0,32527.8113
1785156660000,0.3414,0.34153,0.33741,0.33824,2395.0,8136.8673
1785156720000,0.33789,0.34198,0.33252,0.3403,5325.0,17980.5719
1785156780000,0.33931,0.34527,0.33817,0.34289,1005.0,3452.1335
1785156840000,0.34156,0.34295,0.34104,0.34156,396.0,1354.2373
1785156900000,0.34086,0.34876,0.34059,0.34172,1155.0,3991.9859
1785156960000,0.34151,0.34294,0.337,0.33973,555.0,1893.985
1785157020000,0.33827,0.3461,0.33794,0.34603,569.0,1951.3307
1785157080000,0.34669,0.34669,0.34206,0.34206,488.0,1674.5482
1785157140000,0.34194,0.34384,0.34171,0.34356,225.0,771.6366
1785157200000,0.34635,0.3515,0.34579,0.34726,2775.0,9675.6697
1785157260000,0.346,0.34892,0.34579,0.34664,2554.0,8858.2926
1785157320000,0.34609,0.34971,0.34028,0.34413,6649.0,22933.4105
1785157380000,0.34304,0.34335,0.33863,0.33973,1863.0,6342.6764
1785157440000,0.3389,0.34886,0.33878,0.34622,2974.0,10314.4497
1785157500000,0.34684,0.34687,0.3422,0.34322,1781.0,6123.5238
1785157560000,0.3436,0.3473,0.34347,0.34439,2676.0,9213.2309
1785157620000,0.34365,0.34554,0.34239,0.34467,391.0,1346.7423
1785157680000,0.34493,0.34683,0.34452,0.34474,2332.0,8057.9954
1785157740000,0.34491,0.34661,0.34413,0.34445,283.0,978.0944
1785157800000,0.34052,0.34453,0.33914,0.3441,758.0,2588.6318
1785157860000,0.34375,0.34572,0.34198,0.342,1175.0,4043.037
1785157920000,0.34517,0.34517,0.342,0.342,1244.0,4274.8242
1785157980000,0.34122,0.34122,0.3394,0.34015,1475.0,5021.9068
1785158040000,0.34012,0.34113,0.33769,0.34004,328.0,1112.2809
1785158100000,0.33886,0.33977,0.33472,0.33612,11791.0,39759.8659
1785158160000,0.33573,0.33712,0.3265,0.33285,12140.0,40395.8117
1785158220000,0.3326,0.34159,0.32709,0.34027,11085.0,37009.0072
1785158280000,0.34083,0.34263,0.33763,0.34066,1959.0,6672.0436
1785158340000,0.34297,0.343,0.33934,0.34038,924.0,3152.3257
1785158400000,0.3393,0.34152,0.33485,0.34061,2418.0,8207.1126
1785158460000,0.34051,0.34082,0.33635,0.33708,823.0,2786.4955
1785158520000,0.33706,0.338,0.33307,0.33641,11376.0,38216.4557
1785158580000,0.33643,0.3373,0.33585,0.33679,371.0,1249.1619
1785158640000,0.33695,0.33743,0.33499,0.33713,891.0,2996.5114
1785158700000,0.33701,0.338,0.33669,0.337,888.0,2998.1041
1785158760000,0.33844,0.33879,0.33649,0.33649,941.0,3175.2865
1785158820000,0.33649,0.342,0.33639,0.342,7393.0,25112.3932
1785158880000,0.34241,0.3475,0.34009,0.34459,3551.0,12224.0341
1785158940000,0.34452,0.3453,0.34203,0.34203,309.0,1062.733
1785159000000,0.34431,0.34754,0.34225,0.34225,9574.0,33162.0787
1785159060000,0.34195,0.34195,0.33785,0.33874,2028.0,6893.1495
1785159120000,0.33779,0.3392,0.33544,0.3392,1685.0,5665.7916
1785159180000,0.33927,0.33968,0.33712,0.33717,2427.0,8219.7836
1785159240000,0.33727,0.33855,0.33664,0.33758,7678.0,25932.9706
1785159300000,0.33799,0.33878,0.33743,0.33746,5477.0,18512.9517
1785159360000,0.33745,0.338,0.33664,0.33799,2236.0,7535.3723
1785159420000,0.33727,0.33774,0.33371,0.33647,6429.0,21591.3536
1785159480000,0.33559,0.33559,0.33411,0.33541,1367.0,4571.7938
1785159540000,0.33571,0.33709,0.33413,0.33413,5175.0,17413.1242
1785159600000,0.33391,0.33693,0.3329,0.33687,5913.0,19792.1767
1785159660000,0.33611,0.34,0.33595,0.33937,3957.0,13409.364
1785159720000,0.33982,0.33982,0.33673,0.33834,1316.0,4452.2437
1785159780000,0.33823,0.3399,0.33823,0.33861,1784.0,6054.3315
1785159840000,0.33972,0.34034,0.3367,0.3367,1253.0,4241.0628
1785159900000,0.33714,0.34064,0.3367,0.33937,1861.0,6317.8916
1785159960000,0.33999,0.33999,0.33482,0.33584,3423.0,11540.4898
1785160020000,0.33516,0.33646,0.33425,0.33524,1288.0,4313.2211
1785160080000,0.33454,0.33454,0.332,0.33245,2221.0,7401.2295
1785160140000,0.33229,0.3343,0.3318,0.33252,2383.0,7938.38
1785160200000,0.3327,0.33316,0.33115,0.33115,3456.0,11498.0036
1785160260000,0.33038,0.33051,0.32661,0.32718,6768.0,22252.0879
1785160320000,0.32718,0.32815,0.32638,0.32647,3350.0,10959.04
1785160380000,0.32539,0.32558,0.32084,0.3248,24847.0,80427.3169
