timestamp,open,high,low,close,volume,turnover
1784323680000,1.4864,1.4881,1.486,1.4879,1027.0,1527.0577
1784323740000,1.4877,1.4887,1.4876,1.4882,896.0,1333.2929
1784323800000,1.4884,1.49,1.4884,1.4898,1386.0,2064.1543
1784323860000,1.4894,1.4911,1.4893,1.4911,1145.0,1706.2072
1784323920000,1.4911,1.4933,1.4909,1.493,1755.0,2618.5929
1784323980000,1.4922,1.493,1.4915,1.4925,1480.0,2208.831
1784324040000,1.4923,1.4925,1.4919,1.4924,1090.0,1626.5938
1784324100000,1.4922,1.4927,1.4919,1.4923,1472.0,2196.6796
1784324160000,1.4922,1.4926,1.4921,1.4921,1217.0,1816.1305
1784324220000,1.4919,1.4919,1.4908,1.4908,1668.0,2487.137
1784324280000,1.4911,1.4929,1.491,1.4924,1208.0,1802.1613
1784324340000,1.4925,1.4925,1.4886,1.4889,195.0,290.6001
1784324400000,1.4893,1.4899,1.4892,1.4895,1186.0,1766.7241
1784324460000,1.4892,1.4897,1.4891,1.4897,1198.0,1784.2848
1784324520000,1.4896,1.4916,1.4891,1.491,921.0,1372.3944
1784324580000,1.491,1.4916,1.4908,1.4911,1159.0,1728.2801
1784324640000,1.4914,1.492,1.491,1.4914,1182.0,1762.7472
1784324700000,1.4912,1.4914,1.4901,1.491,1200.0,1789.1541
1784324760000,1.4911,1.4911,1.4905,1.4905,1202.0,1791.8717
1784324820000,1.4906,1.4911,1.4903,1.4906,1067.0,1590.6138
1784324880000,1.4905,1.4912,1.4902,1.4904,1462.0,2179.2079
1784324940000,1.4907,1.4913,1.4898,1.4903,1451.0,2162.7769
1784325000000,1.4903,1.4912,1.4903,1.4908,1388.0,2068.9785
1784325060000,1.4906,1.4913,1.4905,1.4905,1356.0,2021.5418
1784325120000,1.4904,1.4909,1.4902,1.4903,1200.0,1788.6476
1784325180000,1.4901,1.4906,1.4893,1.4896,1416.0,2109.5626
1784325240000,1.4892,1.4895,1.4885,1.4886,1369.0,2038.3281
1784325300000,1.4888,1.4889,1.4883,1.4883,1774.0,2640.9491
1784325360000,1.4883,1.4889,1.4879,1.4883,1384.0,2060.0336
1784325420000,1.4886,1.4887,1.4881,1.4886,1042.0,1550.9675
1784325480000,1.4883,1.4887,1.4865,1.4866,1392.0,2070.443
1784325540000,1.4865,1.487,1.4859,1.4868,1254.0,1864.0982
1784325600000,1.4868,1.4868,1.4862,1.4863,1264.0,1878.9939
1784325660000,1.4863,1.4869,1.4863,1.4864,1373.0,2040.9788
1784325720000,1.4863,1.487,1.4862,1.4865,1444.0,2146.53
1784325780000,1.4865,1.4881,1.4864,1.4877,1150.0,1710.5684
1784325840000,1.4877,1.4907,1.4877,1.4899,1476.0,2198.7314
1784325900000,1.4896,1.4906,1.4895,1.4901,1339.0,1995.2284
1784325960000,1.4899,1.4908,1.4898,1.4908,1174.0,1749.585
1784326020000,1.4903,1.4911,1.4903,1.4905,1157.0,1724.6553
1784326080000,1.4904,1.4918,1.4904,1.4918,1288.0,1920.8434
1784326140000,1.4918,1.492,1.4902,1.4919,1108.0,1652.8357
1784326200000,1.4919,1.4921,1.4916,1.4918,1288.0,1921.4472
1784326260000,1.4918,1.4922,1.4905,1.4916,1287.0,1919.7221
1784326320000,1.4915,1.4949,1.4913,1.4949,1108.0,1653.926
1784326380000,1.4949,1.496,1.4927,1.4959,1918.0,2865.861
1784326440000,1.496,1.4962,1.4943,1.4947,1284.0,1919.545
1784326500000,1.4945,1.4946,1.4915,1.4916,1550.0,2313.0273
1784326560000,1.4916,1.4917,1.4911,1.4914,1357.0,2023.8588
1784326620000,1.4912,1.4918,1.4912,1.4913,1316.0,1962.6093
1784326680000,1.4912,1.4915,1.4911,1.4913,1113.0,1659.8123
1784326740000,1.4913,1.4913,1.4908,1.4909,1359.0,2026.1811
1784326800000,1.4909,1.4931,1.4909,1.4931,1938.0,2891.8921
1784326860000,1.493,1.4942,1.4927,1.4941,1235.0,1844.6713
1784326920000,1.4941,1.4944,1.4939,1.4943,1184.0,1768.9729
1784326980000,1.4942,1.4943,1.4925,1.4928,1682.0,2512.0338
1784327040000,1.4923,1.4923,1.4915,1.4918,1119.0,1669.4655
1784327100000,1.4919,1.4922,1.4916,1.4921,1218.0,1817.2473
1784327160000,1.4919,1.4927,1.4919,1.4924,1476.0,2202.8394
1784327220000,1.4923,1.4936,1.492,1.4935,1343.0,2004.8884
1784327280000,1.4934,1.4936,1.493,1.4933,1464.0,2186.1573
1784327340000,1.493,1.4939,1.4929,1.4936,814.0,1215.6225
1784327400000,1.4933,1.4933,1.4928,1.4933,1116.0,1666.1372
1784327460000,1.4929,1.4933,1.4929,1.4932,1072.0,1600.6344
1784327520000,1.4931,1.4938,1.493,1.4937,1250.0,1866.7132
1784327580000,1.4935,1.4939,1.4923,1.4938,1171.0,1748.2692
1784327640000,1.4937,1.4944,1.4936,1.4944,1103.0,1647.8851
1784327700000,1.4938,1.4946,1.4932,1.4945,1138.0,1699.858
1784327760000,1.4943,1.4961,1.4941,1.4961,1175.0,1756.5916
1784327820000,1.4955,1.4957,1.4945,1.4949,1621.0,2423.0973
1784327880000,1.4948,1.4952,1.4945,1.4952,1120.0,1674.2439
1784327940000,1.4952,1.4952,1.4946,1.495,1303.0,1947.9634
1784328000000,1.4951,1.4954,1.4946,1.4952,1004.0,1501.033
1784328060000,1.4951,1.4954,1.495,1.4952,1089.0,1628.2417
1784328120000,1.4951,1.4955,1.4946,1.4951,852.0,1273.7715
1784328180000,1.495,1.4954,1.4946,1.4951,572.0,855.1383
1784328240000,1.495,1.4951,1.4913,1.4913,1593.0,2380.0402
1784328300000,1.4915,1.4915,1.4913,1.4913,813.0,1212.499
1784328360000,1.4913,1.4915,1.4913,1.4915,1027.0,1531.5985
1784328420000,1.4915,1.4915,1.4913,1.4914,775.0,1155.8193
1784328480000,1.4915,1.4932,1.4903,1.4906,2648.0,3949.039
1784328540000,1.4905,1.4922,1.4905,1.492,1525.0,2274.8531
1784328600000,1.4921,1.4936,1.4921,1.4934,998.0,1490.1932
1784328660000,1.4932,1.4948,1.4932,1.4944,1616.0,2414.4995
1784328720000,1.4942,1.4962,1.4937,1.496,2142.0,3202.5821
1784328780000,1.4957,1.4966,1.4952,1.4963,1327.0,1985.3839
1784328840000,1.4965,1.4969,1.4957,1.4968,1530.0,2289.3922
1784328900000,1.4965,1.4973,1.4959,1.496,1666.0,2493.2195
1784328960000,1.4957,1.497,1.4957,1.4963,1774.0,2654.1548
1784329020000,1.4961,1.4966,1.4959,1.4966,218.0,326.18
1784329080000,1.4965,1.4965,1.4949,1.4949,1965.0,2938.4574
1784329140000,1.4932,1.4935,1.4915,1.4916,423.0,631.2075
1784329200000,1.4916,1.4917,1.4904,1.4906,1137.0,1695.2744
1784329260000,1.4906,1.4937,1.4906,1.4934,1769.0,2640.1214
1784329320000,1.4933,1.4948,1.4924,1.4948,2265.0,3381.9805
1784329380000,1.495,1.4992,1.4949,1.4969,1808.0,2706.2647
1784329440000,1.4967,1.4967,1.4936,1.4936,1431.0,2138.8107
1784329500000,1.4936,1.495,1.4934,1.495,1941.0,2899.8632
1784329560000,1.4948,1.4959,1.4943,1.4958,1242.0,1857.3757
1784329620000,1.4956,1.4959,1.495,1.4954,1247.0,1864.8383
1784329680000,1.4953,1.4955,1.4947,1.4953,963.0,1439.8913
1784329740000,1.4952,1.4954,1.494,1.4941,959.0,1433.5703
1784329800000,1.494,1.4943,1.4911,1.4935,1419.0,2119.3583
1784329860000,1.4936,1.4965,1.4931,1.4962,1624.0,2428.5396
1784329920000,1.4949,1.4952,1.4939,1.4942,1882.0,2812.6333
1784329980000,1.4941,1.4941,1.4936,1.494,966.0,1442.9083
1784330040000,1.4941,1.4941,1.4936,1.4938,1002.0,1496.7713
1784330100000,1.4937,1.4938,1.4936,1.4937,1408.0,2103.1569
1784330160000,1.4937,1.4938,1.4936,1.4938,981.0,1465.3124
1784330220000,1.4942,1.4949,1.4942,1.4945,1281.0,1914.4099
1784330280000,1.4945,1.4946,1.4943,1.4944,992.0,1482.5027
1784330340000,1.4944,1.4945,1.4942,1.4942,1165.0,1740.9646
1784330400000,1.4944,1.4958,1.4943,1.4958,963.0,1439.3722
1784330460000,1.4958,1.4958,1.4938,1.495,1032.0,1543.2945
1784330520000,1.4961,1.4969,1.4948,1.4951,2328.0,3481.637
1784330580000,1.4949,1.4959,1.4948,1.4959,776.0,1160.352
1784330640000,1.4959,1.4964,1.4958,1.4963,910.0,1361.5262
1784330700000,1.4964,1.4965,1.4963,1.4964,1136.0,1699.9181
1784330760000,1.4963,1.4969,1.4963,1.4965,1179.0,1764.4026
1784330820000,1.4966,1.4973,1.4964,1.4972,965.0,1444.5611
1784330880000,1.4973,1.4973,1.4962,1.4962,1077.0,1611.8484
1784330940000,1.4962,1.4968,1.4961,1.4963,1090.0,1630.992
1784331000000,1.4963,1.4965,1.4962,1.4963,823.0,1231.4654
1784331060000,1.4964,1.4968,1.4964,1.4968,964.0,1442.661
1784331120000,1.4967,1.4969,1.4962,1.4968,367.0,549.2812
1784331180000,1.4968,1.498,1.4967,1.4978,1558.0,2333.1969
1784331240000,1.4978,1.498,1.4977,1.4978,1014.0,1518.7977
1784331300000,1.4981,1.4981,1.4978,1.4978,1236.0,1851.4149
1784331360000,1.4978,1.4981,1.4978,1.4978,1170.0,1752.5824
1784331420000,1.4978,1.4987,1.4978,1.4987,1024.0,1534.1133
1784331480000,1.4987,1.4993,1.4986,1.4988,1173.0,1758.1663
1784331540000,1.4988,1.499,1.4972,1.4973,1403.0,2101.9294
1784331600000,1.4973,1.4973,1.4967,1.4972,1304.0,1952.1502
1784331660000,1.4971,1.4972,1.497,1.497,1184.0,1772.6241
1784331720000,1.4971,1.4971,1.4961,1.4965,830.0,1242.0933
1784331780000,1.4961,1.497,1.4961,1.4968,1223.0,1830.4094
1784331840000,1.4969,1.4969,1.4963,1.4966,878.0,1314.0723
1784331900000,1.4966,1.4969,1.4944,1.495,2699.0,4037.5347
1784331960000,1.4948,1.4965,1.4945,1.4965,1830.0,2736.7412
1784332020000,1.4963,1.4966,1.4961,1.4963,1014.0,1517.2953
1784332080000,1.4963,1.4968,1.4963,1.4967,853.0,1276.5266
1784332140000,1.4968,1.497,1.4967,1.497,962.0,1439.9898
1784332200000,1.497,1.4971,1.4967,1.4967,1135.0,1698.9838
1784332260000,1.4969,1.4985,1.4967,1.4983,784.0,1174.3335
1784332320000,1.4981,1.4988,1.4981,1.4985,1189.0,1781.7364
1784332380000,1.4986,1.4989,1.4985,1.4988,1005.0,1506.1378
1784332440000,1.4985,1.4988,1.4958,1.4961,1923.0,2877.6173
1784332500000,1.496,1.496,1.4958,1.4959,903.0,1350.8424
1784332560000,1.4959,1.4961,1.4959,1.496,1106.0,1654.552
1784332620000,1.496,1.4961,1.4958,1.496,1184.0,1771.2353
1784332680000,1.4961,1.4961,1.4958,1.496,862.0,1289.5049
1784332740000,1.4961,1.4963,1.4958,1.496,1439.0,2152.73
1784332800000,1.496,1.4964,1.4953,1.4955,1678.0,2510.3129
1784332860000,1.496,1.496,1.4956,1.4959,615.0,919.8869
1784332920000,1.4952,1.4958,1.4947,1.4953,2532.0,3786.4481
1784332980000,1.4953,1.4953,1.4944,1.4951,9489.0,14183.518
1784333040000,1.4949,1.4964,1.4948,1.4964,3009.0,4500.1853
1784333100000,1.4969,1.4972,1.4969,1.4969,569.0,851.7667
1784333160000,1.4972,1.4972,1.497,1.4971,112.0,167.6753
1784333220000,1.497,1.4972,1.4954,1.4959,819.0,1225.3317
1784333280000,1.4957,1.4961,1.4954,1.4958,1369.0,2047.7099
1784333340000,1.4961,1.4961,1.4952,1.4952,616.0,921.2156
1784333400000,1.4951,1.4966,1.4951,1.4962,1018.0,1522.6114
1784333460000,1.4962,1.4964,1.4962,1.4963,876.0,1310.718
1784333520000,1.4962,1.4966,1.496,1.4963,1109.0,1659.3983
1784333580000,1.4961,1.4961,1.4958,1.4958,950.0,1421.2315
1784333640000,1.4958,1.4962,1.4958,1.4959,1215.0,1817.6826
1784333700000,1.496,1.4964,1.4959,1.496,891.0,1332.959
1784333760000,1.496,1.4962,1.496,1.4961,242.0,362.0546
1784333820000,1.4959,1.4961,1.4959,1.496,771.0,1153.4397
1784333880000,1.496,1.4977,1.4947,1.4977,999.0,1495.3782
1784333940000,1.4977,1.4977,1.4973,1.4975,1308.0,1958.8305
1784334000000,1.4965,1.4966,1.4955,1.4957,694.0,1038.2476
1784334060000,1.4956,1.4956,1.4952,1.4952,958.0,1432.6946
1784334120000,1.495,1.4952,1.4949,1.4949,802.0,1199.0342
1784334180000,1.4949,1.4952,1.4946,1.4949,1437.0,2148.2115
1784334240000,1.4947,1.4951,1.4946,1.4949,959.0,1433.5767
1784334300000,1.4947,1.4952,1.4947,1.4949,620.0,926.8663
1784334360000,1.4948,1.4954,1.4948,1.4949,866.0,1294.6354
1784334420000,1.4954,1.4954,1.4949,1.495,314.0,469.4561
1784334480000,1.495,1.4952,1.495,1.4952,51.0,76.2536
1784334540000,1.495,1.495,1.4945,1.4948,1405.0,2099.9527
1784334600000,1.4949,1.4949,1.4942,1.4946,569.0,850.4661
1784334660000,1.4946,1.4946,1.4944,1.4946,976.0,1458.6738
1784334720000,1.4946,1.4947,1.4946,1.4947,928.0,1387.0499
1784334780000,1.4945,1.4949,1.4945,1.4949,1039.0,1553.0245
1784334840000,1.4948,1.495,1.4941,1.4949,1058.0,1581.5518
1784334900000,1.4948,1.4948,1.4945,1.4946,725.0,1083.6414
1784334960000,1.4945,1.4948,1.4938,1.4947,1201.0,1794.9696
1784335020000,1.4946,1.4946,1.4944,1.4946,653.0,975.9614
1784335080000,1.4946,1.4952,1.4944,1.4947,1016.0,1518.5823
1784335140000,1.4947,1.4958,1.4939,1.4947,4383.0,6549.1914
1784335200000,1.4948,1.4949,1.4947,1.4948,811.0,1212.3042
1784335260000,1.4948,1.4951,1.4948,1.4948,899.0,1343.8885
1784335320000,1.495,1.495,1.4938,1.4945,1341.0,2004.2698
1784335380000,1.4945,1.4945,1.4938,1.4943,1568.0,2342.6014
1784335440000,1.4943,1.4943,1.4885,1.4886,8109.0,12106.3332
1784335500000,1.4887,1.493,1.4887,1.4894,3103.0,4623.2509
1784335560000,1.4892,1.4917,1.4892,1.4916,1494.0,2227.3737
1784335620000,1.4914,1.4916,1.4898,1.4904,1550.0,2310.7969
1784335680000,1.4904,1.4919,1.4904,1.4919,1673.0
1784335740000,1.492,1.4934,1.492,1.4934,1065.0
1784335800000,1.4934,1.4935,1.4924,1.4924,1011.0
1784335860000,1.4924,1.4927,1.492,1.4926,1327.0
1784335920000,1.4927,1.4927,1.4909,1.4911,1220.0
1784335980000,1.491,1.4912,1.4907,1.4909,1615.0
1784336040000,1.4909,1.4915,1.4908,1.4915,1400.0
1784336100000,1.4915,1.4916,1.4911,1.4914,1080.0
1784336160000,1.4913,1.4918,1.4913,1.4915,1418.0
1784336220000,1.4916,1.4919,1.4916,1.4919,1040.0
1784336280000,1.4919,1.4921,1.4919,1.4921,703.0
1784336340000,1.4921,1.4921,1.4905,1.4905,294.0
1784336400000,1.4909,1.4909,1.4902,1.4904,1332.0
1784336460000,1.4904,1.4905,1.4903,1.4905,1025.0
1784336520000,1.4906,1.4906,1.4898,1.4905,1267.0
1784336580000,1.4903,1.4905,1.4891,1.4892,831.0
1784336640000,1.4892,1.4902,1.4891,1.4902,1157.0
1784336700000,1.4902,1.4905,1.4901,1.4904,1159.0
1784336760000,1.4904,1.4905,1.4903,1.4904,1016.0
1784336820000,1.4903,1.4904,1.4885,1.4903,2076.0
1784336880000,1.4895,1.4895,1.4873,1.4877,627.0
1784336940000,1.4875,1.4875,1.4875,1.4875,443.0
1784337000000,1.4877,1.4877,1.4875,1.4877,222.0
1784337060000,1.4874,1.4877,1.4874,1.4877,90.0
1784337120000,1.4875,1.4877,1.4875,1.4877,80.0
1784337180000,1.4877,1.4877,1.4875,1.4876,226.0
1784337240000,1.4879,1.4892,1.4879,1.4889,1246.0
1784337300000,1.4889,1.4889,1.4888,1.4888,129.0
1784337360000,1.4889,1.4891,1.4887,1.4891,85.0
1784337420000,1.4894,1.4896,1.4881,1.4886,951.0
1784337480000,1.4893,1.4896,1.4892,1.4895,1083.0
1784337540000,1.4896,1.4912,1.4894,1.491,2332.0
1784337600000,1.4913,1.4916,1.4907,1.4916,1490.0
1784337660000,1.4914,1.4918,1.4914,1.4917,1308.0
1784337720000,1.4919,1.4929,1.4919,1.4927,1458.0
1784337780000,1.4929,1.4938,1.4929,1.4936,1154.0
1784337840000,1.4938,1.495,1.4937,1.4948,1670.0
1784337900000,1.4948,1.4983,1.4948,1.4982,1520.0
1784337960000,1.4981,1.4992,1.4954,1.4992,6092.0
1784338020000,1.4992,1.5004,1.4986,1.4999,2841.0
1784338080000,1.5,1.5003,1.4998,1.5,965.0
1784338140000,1.4999,1.5001,1.4982,1.4982,2183.0
1784338200000,1.4979,1.4984,1.4967,1.4969,1708.0
1784338260000,1.4969,1.497,1.4959,1.4967,1561.0
1784338320000,1.4965,1.4971,1.4965,1.4965,1205.0
1784338380000,1.4965,1.4967,1.4948,1.4955,1607.0
1784338440000,1.4955,1.4955,1.4947,1.495,1118.0
1784338500000,1.4948,1.495,1.4948,1.495,1337.0
1784338560000,1.4957,1.4957,1.4938,1.494,1142.0
1784338620000,1.4938,1.4949,1.4932,1.4947,1578.0
1784338680000,1.4948,1.495,1.4947,1.4949,1000.0
1784338740000,1.4956,1.4958,1.4935,1.4939,1351.0
1784338800000,1.494,1.4942,1.4939,1.4939,930.0
1784338860000,1.4939,1.4965,1.4939,1.4955,4775.0
1784338920000,1.4954,1.4961,1.4954,1.496,1583.0
1784338980000,1.4963,1.4966,1.4963,1.4964,607.0
1784339040000,1.4964,1.4967,1.4963,1.4966,959.0
1784339100000,1.4967,1.4967,1.4937,1.4944,2117.0
1784353680000,1.4843,1.4848,1.4842,1.4846,708.0,1050.9736
1784353740000,1.4844,1.4847,1.4837,1.4839,1299.0,1928.1903
1784353800000,1.4836,1.4845,1.4828,1.4833,2254.0,3343.1199
1784353860000,1.4831,1.4834,1.4828,1.4832,1141.0,1692.2581
1784353920000,1.4834,1.4834,1.481,1.4812,1521.0,2253.5005
1784353980000,1.4811,1.4812,1.4807,1.4808,1087.0,1609.7191
1784354040000,1.4808,1.4808,1.4797,1.4807,1116.0,1651.8146
1784354100000,1.4807,1.4807,1.4795,1.4802,1353.0,2002.5249
1784354160000,1.4809,1.4809,1.4805,1.4806,1266.0,1874.6526
1784354220000,1.4807,1.4809,1.4806,1.4806,1035.0,1532.5216
1784354280000,1.4807,1.4813,1.4805,1.4811,988.0,1463.0707
1784354340000,1.4813,1.4819,1.4811,1.4817,784.0,1161.5267
1784354400000,1.4818,1.4818,1.4818,1.4818,77.0,114.0986
1784354460000,1.4815,1.4818,1.4815,1.4818,106.0,157.0498
1784354520000,1.4818,1.4818,1.4813,1.4813,48.0,71.1254
1784354580000,1.4812,1.4812,1.4807,1.4809,461.0,682.6874
1784354640000,1.4809,1.481,1.4804,1.4805,975.0,1443.7613
1784354700000,1.4805,1.4806,1.4797,1.4797,1275.0,1887.3245
1784354760000,1.4798,1.48,1.4796,1.4797,1060.0,1568.5843
1784354820000,1.4797,1.48,1.4795,1.48,795.0,1176.3774
1784354880000,1.4799,1.48,1.4776,1.4789,789.0,1167.1758
1784354940000,1.4791,1.48,1.4791,1.4795,1582.0,2340.5632
1784355000000,1.4796,1.4796,1.4792,1.4793,1134.0,1677.6558
1784355060000,1.4795,1.4796,1.4793,1.4795,1062.0,1571.1569
1784355120000,1.4795,1.4798,1.4775,1.4776,857.0,1267.2087
1784355180000,1.4775,1.4776,1.4769,1.477,1283.0,1895.3683
1784355240000,1.4772,1.4773,1.4765,1.4768,1516.0,2239.0627
1784355300000,1.4769,1.4785,1.4768,1.4785,1845.0,2726.7151
1784355360000,1.4785,1.4788,1.4784,1.4788,1371.0,2027.0896
1784355420000,1.4787,1.4796,1.4787,1.4791,825.0,1220.3876
1784355480000,1.4791,1.4795,1.4791,1.4794,902.0,1334.3036
1784355540000,1.4796,1.4798,1.4793,1.4796,1043.0,1543.1042
1784355600000,1.4795,1.4802,1.479,1.4797,821.0,1214.7018
1784355660000,1.4795,1.4797,1.4795,1.4797,762.0,1127.5196
1784355720000,1.4798,1.4801,1.4797,1.48,965.0,1428.097
1784355780000,1.4801,1.4811,1.4798,1.4805,1235.0,1827.9623
1784355840000,1.4803,1.4817,1.4803,1.4817,1111.0,1645.4956
1784355900000,1.4818,1.4818,1.4795,1.48,1975.0,2923.9461
1784355960000,1.4802,1.4804,1.4801,1.4803,945.0,1398.799
1784356020000,1.4802,1.4814,1.48,1.4814,994.0,1471.6205
1784356080000,1.4812,1.4818,1.4812,1.4815,1243.0,1841.5579
1784356140000,1.4816,1.4819,1.4815,1.4817,1089.0,1613.7031
1784356200000,1.4819,1.4833,1.4811,1.4826,1098.0,1627.1194
1784356260000,1.4826,1.4828,1.4825,1.4826,1396.0,2069.7868
1784356320000,1.4825,1.4825,1.4822,1.4822,1170.0,1734.3677
1784356380000,1.4825,1.4827,1.4823,1.4825,1216.0,1802.6668
1784356440000,1.4826,1.4827,1.4819,1.4821,1054.0,1562.5113
1784356500000,1.4821,1.4823,1.4816,1.4818,358.0,530.5238
1784356560000,1.4818,1.4818,1.4815,1.4815,65.0,96.3081
1784356620000,1.4816,1.4816,1.4807,1.4807,237.0,351.0047
1784356680000,1.4806,1.4809,1.4805,1.4806,131.0,193.9704
1784356740000,1.4807,1.4807,1.4789,1.4789,207.0,306.2253
1784356800000,1.479,1.4792,1.4786,1.4787,1140.0,1685.8554
1784356860000,1.4787,1.4788,1.4781,1.4782,940.0,1389.8801
1784356920000,1.4781,1.4792,1.4778,1.4782,1085.0,1604.0982
1784356980000,1.4783,1.4787,1.4779,1.4779,1252.0,1850.6456
1784357040000,1.4778,1.4783,1.4778,1.4781,890.0,1315.3726
1784357100000,1.4779,1.4782,1.4777,1.4781,1153.0,1704.0687
1784357160000,1.4779,1.4783,1.4777,1.4782,1320.0,1950.8933
1784357220000,1.4778,1.4783,1.4772,1.4775,1130.0,1669.9466
1784357280000,1.4777,1.4777,1.4772,1.4773,963.0,1422.8047
1784357340000,1.4773,1.4776,1.4769,1.4771,1187.0,1753.4345
1784357400000,1.4773,1.4773,1.4757,1.4766,1253.0,1850.1154
1784357460000,1.4764,1.4769,1.4763,1.4769,997.0,1472.1237
1784357520000,1.4768,1.4768,1.4755,1.4759,1263.0,1864.2773
1784357580000,1.476,1.4767,1.4754,1.4764,1879.0,2773.4162
1784357640000,1.4763,1.4764,1.4752,1.4757,1288.0,1900.7049
1784357700000,1.4758,1.4761,1.4755,1.4758,570.0,841.2328
1784357760000,1.4761,1.4761,1.4756,1.4759,857.0,1264.7839
1784357820000,1.476,1.4781,1.4758,1.4778,1266.0,1870.4743
1784357880000,1.4775,1.4776,1.476,1.4761,1019.0,1504.5748
1784357940000,1.4763,1.4763,1.476,1.4762,929.0,1371.3966
1784358000000,1.4762,1.4777,1.4762,1.4776,933.0,1378.2261
1784358060000,1.4776,1.4788,1.4775,1.4786,1129.0,1668.8778
1784358120000,1.4794,1.4798,1.4793,1.4798,815.0,1205.8384
1784358180000,1.4796,1.4797,1.4791,1.4796,1303.0,1927.7593
1784358240000,1.4795,1.4797,1.4774,1.4775,1220.0,1803.176
1784358300000,1.4774,1.4777,1.4769,1.4772,1566.0,2313.2993
1784358360000,1.4772,1.4782,1.4772,1.4781,1171.0,1730.453
1784358420000,1.4781,1.4781,1.4765,1.4766,1851.0,2734.5856
1784358480000,1.4766,1.4766,1.4756,1.4757,1128.0,1664.9369
1784358540000,1.4758,1.4761,1.4757,1.4759,786.0,1159.9597
1784358600000,1.476,1.477,1.4759,1.4761,978.0,1443.7511
1784358660000,1.4762,1.4762,1.4757,1.4759,1058.0,1561.4804
1784358720000,1.4759,1.476,1.4733,1.4745,1313.0,1936.5753
1784358780000,1.4746,1.4748,1.4745,1.4747,890.0,1312.4531
1784358840000,1.4747,1.4748,1.4737,1.4739,1389.0,2047.6774
1784358900000,1.474,1.4744,1.4727,1.4727,1583.0,2332.9035
1784358960000,1.4732,1.4734,1.4727,1.473,1142.0,1682.2618
1784359020000,1.4733,1.4733,1.4703,1.4709,1162.0,1711.1333
1784359080000,1.4708,1.4717,1.4687,1.4716,1624.0,2388.4125
1784359140000,1.4717,1.4729,1.4717,1.4727,1322.0,1946.8068
1784359200000,1.4727,1.4746,1.4727,1.4731,1443.0,2126.3584
1784359260000,1.4737,1.4748,1.4737,1.4746,1076.0,1586.3935
1784359320000,1.4748,1.475,1.4747,1.4747,1206.0,1778.5795
1784359380000,1.4748,1.4759,1.4748,1.4756,1425.0,2102.6181
1784359440000,1.4756,1.4759,1.4752,1.4754,1160.0,1711.4855
1784359500000,1.4754,1.4764,1.4753,1.4764,1134.0,1673.2404
1784359560000,1.4765,1.477,1.4765,1.477,830.0,1225.7232
1784359620000,1.4767,1.477,1.4766,1.4766,721.0,1064.8061
1784359680000,1.4755,1.4765,1.4751,1.4761,796.0,1174.6569
1784359740000,1.4763,1.4766,1.4754,1.4754,1219.0,1799.5074
1784359800000,1.4755,1.4765,1.4755,1.4765,746.0,1101.232
1784359860000,1.4763,1.4763,1.4759,1.4761,1007.0,1486.4129
1784359920000,1.4761,1.4776,1.476,1.4774,1303.0,1924.3109
1784359980000,1.4777,1.4778,1.4775,1.4777,840.0,1241.1926
1784360040000,1.4776,1.4778,1.4755,1.4758,980.0,1446.9528
1784360100000,1.4758,1.4761,1.4756,1.4757,1155.0,1704.5819
1784360160000,1.4757,1.476,1.4756,1.4758,958.0,1413.8077
1784360220000,1.4758,1.4764,1.4756,1.4763,1092.0,1611.779
1784360280000,1.4764,1.4767,1.4762,1.4765,1111.0,1640.4067
1784360340000,1.4774,1.4776,1.4772,1.4774,1161.0,1715.1971
1784360400000,1.4773,1.478,1.4766,1.4778,959.0,1416.988
1784360460000,1.4778,1.4789,1.4778,1.4786,656.0,969.792
1784360520000,1.4785,1.4785,1.4772,1.4772,847.0,1251.2915
1784360580000,1.4773,1.4787,1.4771,1.4786,1142.0,1687.9258
1784360640000,1.4785,1.4803,1.4785,1.4801,962.0,1422.7613
1784360700000,1.4802,1.4806,1.48,1.4805,1558.0,2306.3987
1784360760000,1.4804,1.4809,1.4804,1.4805,1157.0,1713.1081
1784360820000,1.4805,1.4812,1.4805,1.4812,191.0,282.8285
1784360880000,1.4807,1.481,1.4807,1.4808,170.0,251.743
1784360940000,1.4809,1.4839,1.4809,1.4835,1008.0,1493.9051
1784361000000,1.4835,1.4842,1.4822,1.4822,1554.0,2305.3566
1784361060000,1.4823,1.4823,1.4819,1.482,1183.0,1753.3143
1784361120000,1.4821,1.4831,1.4817,1.4828,1256.0,1861.5886
1784361180000,1.483,1.4831,1.4817,1.4821,2118.0,3139.781
1784361240000,1.4819,1.4819,1.4806,1.4808,1263.0,1870.6212
1784361300000,1.4807,1.4815,1.4807,1.4814,1375.0,2036.2897
1784361360000,1.4812,1.4819,1.481,1.4817,1322.0,1958.2529
1784361420000,1.4817,1.4818,1.4814,1.4816,1022.0,1514.1604
1784361480000,1.4815,1.482,1.4812,1.4814,1060.0,1570.3304
1784361540000,1.4814,1.4817,1.4812,1.4815,812.0,1202.9342
1784361600000,1.4816,1.4817,1.4812,1.4815,1329.0,1968.9008
1784361660000,1.4805,1.4805,1.4791,1.48,1500.0,2220.043
1784361720000,1.4801,1.4821,1.4799,1.4818,1002.0,1484.0072
1784361780000,1.4818,1.4819,1.4815,1.4818,858.0,1271.3509
1784361840000,1.4819,1.4832,1.4818,1.4832,1113.0,1649.8085
1784361900000,1.4833,1.4833,1.4784,1.4803,3314.0,4906.4403
1784361960000,1.4805,1.481,1.4805,1.4807,618.0,915.0802
1784362020000,1.4807,1.4811,1.4806,1.4809,1087.0,1609.628
1784362080000,1.4809,1.4811,1.4801,1.4801,890.0,1317.8132
1784362140000,1.4802,1.4804,1.4785,1.4786,993.0,1469.4862
1784362200000,1.4787,1.4794,1.4787,1.4791,1449.0,2143.1609
1784362260000,1.4791,1.4792,1.4788,1.4792,1126.0,1665.3475
1784362320000,1.4792,1.4792,1.4789,1.4789,1337.0,1977.5411
1784362380000,1.4781,1.4791,1.4781,1.4785,1184.0,1750.4725
1784362440000,1.4785,1.4785,1.4781,1.4784,1074.0,1587.6906
1784362500000,1.4785,1.4785,1.4779,1.4783,1154.0,1705.9994
1784362560000,1.4783,1.4787,1.4771,1.4787,2819.0,4167.5904
1784362620000,1.4808,1.4812,1.4807,1.481,488.0,722.7377
1784362680000,1.4811,1.4811,1.4806,1.4811,360.0,533.1726
1784362740000,1.481,1.4812,1.481,1.4812,78.0,115.5262
1784362800000,1.4811,1.4816,1.4811,1.4816,155.0,229.5924
1784362860000,1.4817,1.4828,1.4813,1.4826,1602.0,2373.2151
1784362920000,1.4828,1.4828,1.4788,1.4813,5164.0,7646.0335
1784362980000,1.4812,1.4814,1.4799,1.4803,1666.0,2466.5016
1784363040000,1.4803,1.482,1.4803,1.4809,1315.0,1947.2613
1784363100000,1.481,1.4812,1.4809,1.481,974.0,1442.4581
1784363160000,1.4811,1.4814,1.4801,1.4808,1636.0,2422.6804
1784363220000,1.4811,1.4822,1.4811,1.4812,1402.0,2077.0459
1784363280000,1.4812,1.4812,1.48,1.48,1007.0,1491.0922
1784363340000,1.48,1.4807,1.4797,1.4798,952.0,1408.8585
1784363400000,1.4797,1.4798,1.4796,1.4798,818.0,1210.4083
1784363460000,1.4798,1.4807,1.4797,1.4799,685.0,1013.6865
1784363520000,1.4799,1.4801,1.4792,1.4792,986.0,1459.0964
1784363580000,1.4792,1.4792,1.4788,1.4789,913.0,1350.2643
1784363640000,1.4789,1.4792,1.4788,1.4789,1115.0,1648.9791
1784363700000,1.479,1.4791,1.4788,1.4789,1009.0,1492.2129
1784363760000,1.4789,1.4802,1.4789,1.4801,867.0,1283.1548
1784363820000,1.4803,1.4811,1.4802,1.4807,1209.0,1790.1556
1784363880000,1.4807,1.4807,1.48,1.4804,1082.0,1601.7315
1784363940000,1.4804,1.481,1.4803,1.481,1047.0,1550.1706
1784364000000,1.481,1.4815,1.4808,1.4809,1734.0,2568.226
1784364060000,1.4809,1.4821,1.4809,1.4816,1256.0,1860.8925
1784364120000,1.4816,1.4823,1.4809,1.4815,1158.0,1715.8144
1784364180000,1.4815,1.4821,1.4814,1.4821,1118.0,1656.662
1784364240000,1.4821,1.4822,1.4821,1.4822,85.0,125.9827
1784364300000,1.482,1.483,1.482,1.483,552.0,818.468
1784364360000,1.4829,1.4842,1.4828,1.4842,1148.0,1703.1211
1784364420000,1.4842,1.4859,1.4821,1.4857,3797.0,5632.3034
1784364480000,1.4846,1.4848,1.4841,1.4841,972.0,1443.0944
1784364540000,1.483,1.4831,1.4828,1.483,787.0,1167.114
1784364600000,1.483,1.4833,1.4828,1.4833,791.0,1173.0334
1784364660000,1.4831,1.4831,1.481,1.481,2067.0,3064.0773
1784364720000,1.481,1.481,1.4806,1.4807,900.0,1332.7224
1784364780000,1.4807,1.4808,1.4805,1.4808,1054.0,1560.6916
1784364840000,1.4808,1.4809,1.4805,1.4807,1189.0,1760.6296
1784364900000,1.4809,1.4809,1.4805,1.4808,1142.0,1690.988
1784364960000,1.4807,1.4809,1.4805,1.4808,1125.0,1665.8837
1784365020000,1.4808,1.4824,1.4805,1.4816,1332.0,1973.5466
1784365080000,1.4816,1.4819,1.4804,1.4805,1490.0,2207.1318
1784365140000,1.4805,1.4812,1.4804,1.4805,1185.0,1754.4699
1784365200000,1.4806,1.4808,1.4806,1.4807,857.0,1269.0278
1784365260000,1.4807,1.4808,1.4804,1.4805,829.0,1227.4143
1784365320000,1.4805,1.4823,1.4799,1.4799,2218.0,3285.237
1784365380000,1.4799,1.4819,1.4799,1.4809,1330.0,1970.009
1784365440000,1.4811,1.4812,1.4808,1.4812,973.0,1440.9896
1784365500000,1.4809,1.4812,1.4802,1.4802,967.0,1431.8718
1784365560000,1.4802,1.4805,1.4801,1.4804,1011.0,1496.5467
1784365620000,1.4802,1.4804,1.4801,1.4803,605.0,895.5315
1784365680000,1.4804,1.4804,1.4796,1.4799,884.0
1784365740000,1.4795,1.4795,1.479,1.479,881.0
1784365800000,1.4788,1.4788,1.4779,1.4781,1274.0
1784365860000,1.4782,1.4791,1.4782,1.4789,827.0
1784365920000,1.479,1.4791,1.4787,1.479,1124.0
1784365980000,1.4788,1.4788,1.4776,1.4779,692.0
1784366040000,1.4778,1.4779,1.4776,1.4776,379.0
1784366100000,1.4776,1.4777,1.476,1.4764,1013.0
1784366160000,1.4766,1.4769,1.4765,1.4765,997.0
1784366220000,1.4767,1.4771,1.4755,1.4768,1231.0
1784366280000,1.4768,1.4771,1.4763,1.4766,1146.0
1784366340000,1.4764,1.4768,1.4764,1.4766,1225.0
1784366400000,1.4769,1.4771,1.4766,1.4768,552.0
1784366460000,1.4765,1.4769,1.4764,1.4767,986.0
1784366520000,1.4766,1.4769,1.4765,1.4765,892.0
1784366580000,1.4766,1.4771,1.4761,1.4765,784.0
1784366640000,1.4765,1.4766,1.4764,1.4766,885.0
1784366700000,1.4766,1.4768,1.4754,1.4754,1031.0
1784366760000,1.4755,1.4755,1.4752,1.4752,691.0
1784366820000,1.4753,1.4754,1.475,1.4752,745.0
1784366880000,1.4752,1.4754,1.475,1.4751,894.0
1784366940000,1.4752,1.4775,1.4752,1.4761,2196.0
1784367000000,1.4762,1.4778,1.4761,1.4772,1363.0
1784367060000,1.4779,1.4784,1.4778,1.478,869.0
1784367120000,1.4773,1.4782,1.4771,1.478,1177.0
1784367180000,1.4781,1.4784,1.4781,1.4784,699.0
1784367240000,1.4781,1.4798,1.4781,1.4797,703.0
1784367300000,1.4797,1.4798,1.4791,1.4796,873.0
1784367360000,1.4796,1.4807,1.4796,1.4806,821.0
1784367420000,1.4805,1.4806,1.4795,1.4798,414.0
1784367480000,1.4801,1.4803,1.4782,1.4786,588.0
1784367540000,1.4787,1.4789,1.4786,1.4787,132.0
1784367600000,1.4787,1.4787,1.4787,1.4787,25.0
1784367660000,1.4793,1.48,1.4793,1.48,640.0
1784367720000,1.4798,1.48,1.4797,1.4799,693.0
1784367840000,1.4801,1.4802,1.4799,1.4799,244.0
1784367900000,1.4798,1.4807,1.4797,1.4806,1014.0
1784367960000,1.4808,1.4808,1.4807,1.4808,704.0
1784368020000,1.4808,1.4808,1.4806,1.4808,810.0
1784368080000,1.4808,1.4808,1.4806,1.4807,1229.0
1784368140000,1.4806,1.4807,1.4806,1.4807,557.0
1784368200000,1.4806,1.4807,1.4804,1.4805,1154.0
1784368260000,1.4807,1.4815,1.4805,1.4815,1039.0
1784368320000,1.4816,1.4817,1.4815,1.4817,598.0
1784368380000,1.4817,1.4824,1.4814,1.4814,779.0
1784368440000,1.4814,1.4818,1.4812,1.4817,718.0
1784368500000,1.4815,1.4818,1.4815,1.4818,831.0
1784368560000,1.4818,1.4829,1.4817,1.4826,1272.0
1784368620000,1.4826,1.4833,1.4825,1.4831,932.0
1784368680000,1.483,1.4832,1.4797,1.4809,3066.0
1784368740000,1.4813,1.4813,1.4806,1.4806,906.0
1784368800000,1.481,1.4814,1.4806,1.4809,1112.0
1784368860000,1.4808,1.4809,1.4798,1.4798,810.0
1784368920000,1.4766,1.4769,1.4746,1.4746,1367.0
1784368980000,1.4748,1.4782,1.4746,1.477,7945.0
1784369040000,1.477,1.4773,1.4768,1.4768,619.0
1784369100000,1.4775,1.4791,1.4775,1.479,1510.0
1784369160000,1.479,1.4792,1.4786,1.4792,1221.0
1784383680000,1.4736,1.4745,1.4736,1.4745,565.0,832.8059
1784383740000,1.4742,1.4745,1.4737,1.4744,899.0,1325.1762
1784383800000,1.4744,1.4745,1.4737,1.4737,1262.0,1860.1555
1784383860000,1.4742,1.4755,1.4737,1.4746,1247.0,1838.8452
1784383920000,1.4754,1.4754,1.4747,1.4754,1227.0,1809.8188
1784383980000,1.4748,1.4754,1.4746,1.4754,1788.0,2637.3007
1784384040000,1.4754,1.4754,1.4746,1.4748,1257.0,1854.0133
1784384100000,1.4744,1.4763,1.4743,1.4757,1307.0,1928.1316
1784384160000,1.4763,1.4763,1.4755,1.4755,1430.0,2110.5602
1784384220000,1.4757,1.4764,1.4747,1.4754,974.0,1436.9853
1784384280000,1.4756,1.4773,1.4754,1.4773,670.0,989.3507
1784384340000,1.4766,1.4774,1.4763,1.4766,632.0,933.3224
1784384400000,1.4769,1.4779,1.4769,1.4769,422.0,623.2951
1784384460000,1.4773,1.4773,1.4769,1.4769,214.0,316.095
1784384520000,1.4774,1.4779,1.4766,1.4779,712.0,1051.901
1784384580000,1.4779,1.4784,1.4769,1.4771,1369.0,2023.0106
1784384640000,1.4769,1.4776,1.4769,1.4774,772.0,1140.3749
1784384700000,1.4776,1.4776,1.4769,1.4769,828.0,1223.1378
1784384760000,1.4769,1.4776,1.4769,1.4776,631.0,932.1846
1784384820000,1.4769,1.4777,1.4769,1.4775,437.0,645.6307
1784384880000,1.4769,1.4777,1.4769,1.4771,763.0,1127.1861
1784384940000,1.4778,1.4778,1.4769,1.4776,640.0,945.4661
1784385000000,1.478,1.4789,1.478,1.4783,499.0,737.7434
1784385060000,1.4784,1.4785,1.4755,1.4771,2037.0,3009.2073
1784385120000,1.4767,1.4777,1.4767,1.4767,589.0,869.9888
1784385180000,1.4767,1.4774,1.4767,1.477,358.0,528.8024
1784385420000,1.4763,1.4769,1.4755,1.4764,740.0,1092.3249
1784385480000,1.4755,1.4764,1.4755,1.4764,639.0,943.1586
1784385540000,1.4755,1.4764,1.4752,1.4754,557.0,822.0318
1784385600000,1.4771,1.4771,1.4758,1.4758,723.0,1067.331
1784385660000,1.4767,1.4779,1.4758,1.4779,2884.0,4260.3973
1784385720000,1.4775,1.4789,1.4775,1.4782,1519.0,2245.3892
1784385780000,1.4772,1.4772,1.4764,1.4766,191.0,282.0762
1784385840000,1.4771,1.4772,1.4765,1.4771,206.0,304.2404
1784385900000,1.477,1.4772,1.4764,1.4767,121.0,178.6806
1784385960000,1.476,1.4789,1.476,1.4772,3393.0,5013.3626
1784386020000,1.4765,1.4772,1.4765,1.4765,455.0,671.9895
1784386080000,1.4765,1.4773,1.4762,1.4762,944.0,1394.1288
1784386140000,1.4769,1.4773,1.4763,1.4765,723.0,1067.5519
1784386200000,1.4763,1.477,1.4763,1.4763,632.0,933.2113
1784386260000,1.4763,1.477,1.4734,1.4741,1183.0,1745.1402
1784386320000,1.4742,1.4742,1.4732,1.4738,565.0,832.6505
1784386380000,1.4738,1.4743,1.4731,1.4734,606.0,893.0767
1784386440000,1.4742,1.4743,1.4732,1.4742,404.0,595.4497
1784386500000,1.473,1.4732,1.4722,1.4725,954.0,1405.0968
1784386560000,1.4731,1.4731,1.4719,1.4719,633.0,932.1827
1784386620000,1.472,1.4732,1.4715,1.4715,728.0,1071.9797
1784386680000,1.4717,1.4717,1.4706,1.4714,763.0,1122.4931
1784386740000,1.4714,1.4714,1.4703,1.471,781.0,1148.8278
1784386800000,1.4707,1.4722,1.4707,1.4722,653.0,961.0029
1784386860000,1.4717,1.4723,1.4715,1.4716,884.0,1301.1375
1784386920000,1.4724,1.4727,1.4706,1.4712,965.0,1420.2423
1784386980000,1.4712,1.4712,1.4706,1.471,598.0,879.6005
1784387040000,1.4712,1.4712,1.4706,1.4711,712.0,1047.3092
1784387100000,1.4709,1.472,1.4709,1.4718,696.0,1023.9586
1784387160000,1.472,1.4725,1.4715,1.4723,743.0,1093.5595
1784387220000,1.4721,1.4724,1.4713,1.4724,930.0,1368.6848
1784387280000,1.4717,1.4725,1.4715,1.4716,978.0,1439.5399
1784387340000,1.4712,1.4721,1.4712,1.4712,606.0,891.7476
1784387400000,1.4713,1.4723,1.4712,1.4712,1144.0,1683.4914
1784387460000,1.4712,1.4726,1.4705,1.4711,1104.0,1624.5399
1784387520000,1.4704,1.4713,1.4704,1.4704,680.0,1000.1543
1784387580000,1.4712,1.4721,1.4704,1.4721,2133.0,3139.1713
1784387640000,1.4722,1.4732,1.4716,1.4722,1074.0,1581.0627
1784387700000,1.4722,1.4733,1.4716,1.4732,1164.0,1713.3458
1784387760000,1.4716,1.473,1.471,1.4721,955.0,1405.8032
1784387820000,1.4712,1.472,1.471,1.471,663.0,975.6381
1784387880000,1.471,1.472,1.47,1.4705,655.0,963.647
1784387940000,1.4714,1.472,1.4709,1.4709,710.0,1044.7613
1784388000000,1.471,1.472,1.471,1.472,643.0,946.1364
1784388060000,1.4714,1.4725,1.4711,1.4719,674.0,992.0008
1784388120000,1.4724,1.4724,1.4711,1.472,754.0,1109.6246
1784388180000,1.4718,1.4724,1.4717,1.4723,577.0,849.365
1784388240000,1.4723,1.4723,1.4709,1.4723,774.0,1138.9674
1784388300000,1.4715,1.4722,1.4711,1.4711,645.0,949.2402
1784388360000,1.4713,1.4722,1.471,1.4722,1060.0,1559.922
1784388420000,1.472,1.472,1.4707,1.4715,805.0,1184.3805
1784388480000,1.4707,1.4715,1.4699,1.4699,465.0,684.0399
1784388540000,1.4707,1.4707,1.4699,1.4699,888.0,1305.6736
1784388600000,1.4707,1.4707,1.4699,1.4707,824.0,1211.481
1784388660000,1.4707,1.4707,1.4699,1.4699,771.0,1133.5585
1784388720000,1.4699,1.4707,1.4699,1.4699,612.0,899.8602
1784388780000,1.4707,1.4707,1.4699,1.4699,452.0,664.6183
1784388840000,1.4699,1.4714,1.4699,1.4714,600.0,882.4875
1784388900000,1.4707,1.4722,1.4707,1.4722,657.0,966.5915
1784388960000,1.4713,1.4718,1.471,1.4718,341.0,501.7527
1784389020000,1.4717,1.4717,1.471,1.4716,636.0,935.7944
1784389080000,1.4717,1.4718,1.471,1.4716,1153.0,1696.4402
1784389140000,1.4715,1.4722,1.471,1.4719,1351.0,1988.1705
1784389200000,1.4717,1.4734,1.4717,1.4733,1210.0,1780.9784
1784389260000,1.4732,1.4732,1.4719,1.4721,501.0,737.6547
1784389320000,1.4726,1.4732,1.4726,1.4732,716.0,1054.618
1784389380000,1.4732,1.4732,1.4633,1.4663,20427.0,30010.8685
1784389440000,1.4662,1.4676,1.4647,1.4669,1212.0,1777.0585
1784389500000,1.4675,1.4675,1.4636,1.4673,5773.0,8454.759
1784389560000,1.4673,1.4685,1.4665,1.4665,1294.0,1898.6991
1784389620000,1.4669,1.4681,1.4662,1.4673,2083.0,3056.2189
1784389680000,1.4674,1.4681,1.4662,1.4663,977.0,1433.5966
1784389740000,1.4669,1.4677,1.4665,1.4677,1588.0,2329.7274
1784389800000,1.468,1.4687,1.4677,1.4684,720.0,1057.0568
1784389860000,1.4684,1.4685,1.4678,1.4678,1048.0,1538.5623
1784389920000,1.4678,1.4684,1.4669,1.4678,678.0,995.1561
1784389980000,1.4671,1.4681,1.4667,1.468,843.0,1237.2882
1784390040000,1.4681,1.4689,1.468,1.4689,559.0,820.7432
1784390100000,1.4689,1.4689,1.4683,1.4689,612.0,898.7286
1784390160000,1.4687,1.4689,1.4683,1.4689,827.0,1214.5884
1784390220000,1.4683,1.4689,1.4677,1.4682,930.0,1365.4593
1784390280000,1.4677,1.4682,1.4671,1.4671,643.0,943.7761
1784390340000,1.4671,1.468,1.4671,1.4671,668.0,980.3344
1784390400000,1.4673,1.468,1.4672,1.4673,965.0,1416.2202
1784390460000,1.4673,1.4679,1.4661,1.467,1092.0,1601.8216
1784390520000,1.467,1.4672,1.4659,1.4663,1050.0,1539.9753
1784390580000,1.4663,1.4668,1.4651,1.466,1093.0,1602.4464
1784390640000,1.466,1.466,1.465,1.4655,881.0,1291.1589
1784390700000,1.4652,1.4656,1.4641,1.4641,676.0,990.3326
1784390760000,1.4639,1.4649,1.4639,1.4639,671.0,982.6161
1784390820000,1.4646,1.4659,1.4646,1.4659,852.0,1248.3447
1784390880000,1.4659,1.4659,1.4651,1.4658,321.0,470.4194
1784390940000,1.4651,1.4659,1.4651,1.4659,744.0,1090.3418
1784391000000,1.4652,1.4667,1.4652,1.4662,1020.0,1495.0133
1784391060000,1.4667,1.4669,1.4658,1.4669,1429.0,2095.3238
1784391120000,1.4669,1.4671,1.466,1.4661,850.0,1246.4822
1784391180000,1.4671,1.4671,1.4639,1.4646,1706.0,2500.4743
1784391240000,1.4645,1.4656,1.464,1.4651,1445.0,2116.6535
1784391300000,1.4655,1.4658,1.4643,1.4653,1127.0,1651.4414
1784391360000,1.4653,1.4656,1.4643,1.4656,1234.0,1808.0128
1784391420000,1.4662,1.4666,1.465,1.4665,775.0,1136.2532
1784391480000,1.4665,1.4675,1.466,1.466,2039.0,2990.6027
1784391540000,1.4667,1.4668,1.466,1.4668,749.0,1098.3268
1784391600000,1.4668,1.4668,1.4652,1.4654,1554.0,2278.094
1784391660000,1.4657,1.4668,1.4652,1.466,1025.0,1502.6496
1784391720000,1.4658,1.4668,1.4658,1.4658,750.0,1099.5702
1784391780000,1.4658,1.4668,1.4658,1.4665,863.0,1265.4957
1784391840000,1.467,1.467,1.4665,1.4669,588.0,862.4644
1784391900000,1.4665,1.4673,1.4664,1.4673,860.0,1261.374
1784391960000,1.4685,1.4685,1.4672,1.4672,775.0,1137.4371
1784392020000,1.4672,1.468,1.4662,1.4671,1097.0,1609.1717
1784392080000,1.4671,1.4672,1.4659,1.4666,754.0,1105.8068
1784392140000,1.4659,1.4666,1.4659,1.4663,630.0,923.8015
1784392200000,1.4672,1.4672,1.4663,1.467,615.0,902.0384
1784392260000,1.4663,1.4672,1.4659,1.4663,410.0,601.3561
1784392320000,1.4663,1.4672,1.4663,1.4663,394.0,577.8752
1784392380000,1.4672,1.4679,1.4663,1.4679,805.0,1181.2085
1784392440000,1.4679,1.4679,1.4659,1.4673,833.0,1222.2078
1784392500000,1.4672,1.4673,1.4659,1.4668,1017.0,1491.5377
1784392560000,1.4667,1.4679,1.4659,1.4675,1012.0,1484.6457
1784392620000,1.4672,1.468,1.4672,1.4679,551.0,808.6163
1784392680000,1.4679,1.4679,1.4669,1.4677,836.0,1226.8173
1784392740000,1.4669,1.4673,1.4664,1.4666,735.0,1078.0022
1784392800000,1.4672,1.4678,1.4663,1.4678,1746.0,2562.0697
1784392860000,1.4677,1.4688,1.4677,1.4677,700.0,1027.7287
1784392920000,1.468,1.4689,1.468,1.4687,774.0,1136.6644
1784392980000,1.4677,1.4687,1.4674,1.4674,594.0,871.9931
1784393040000,1.4675,1.4683,1.4675,1.4679,198.0,290.6482
1784393100000,1.468,1.4688,1.468,1.468,228.0,334.7376
1784393160000,1.4689,1.4689,1.468,1.4684,223.0,327.4322
1784393220000,1.4684,1.4688,1.4684,1.4688,204.0,299.5999
1784393280000,1.4691,1.4694,1.4689,1.4689,291.0,427.4906
1784393340000,1.4692,1.4692,1.4692,1.4692,163.0,239.4796
1784393400000,1.4692,1.4693,1.4686,1.4688,559.0,821.1808
1784393460000,1.4693,1.4693,1.4675,1.4676,203.0,298.0335
1784393520000,1.4679,1.4699,1.4667,1.469,3749.0,5506.5405
1784393580000,1.469,1.4697,1.4655,1.4655,1446.0,2123.2316
1784393640000,1.4664,1.4666,1.4631,1.4659,1939.0,2840.1304
1784393700000,1.4666,1.4667,1.4658,1.466,698.0,1023.387
1784393760000,1.4665,1.4665,1.4648,1.4648,713.0,1045.0849
1784393820000,1.4638,1.465,1.4637,1.4637,962.0,1408.6368
1784393880000,1.4637,1.465,1.4637,1.4649,868.0,1270.9281
1784393940000,1.4639,1.466,1.4637,1.4658,917.0,1343.6862
1784394000000,1.466,1.4669,1.4656,1.4661,1054.0,1545.4936
1784394060000,1.4651,1.4663,1.4651,1.466,829.0,1215.0052
1784394120000,1.4654,1.4663,1.4654,1.466,1034.0,1515.5516
1784394180000,1.466,1.466,1.4643,1.4643,749.0,1097.1039
1784394240000,1.4647,1.4649,1.4641,1.4649,666.0,975.4047
1784394300000,1.4648,1.4649,1.4639,1.4649,923.0,1351.5202
1784394360000,1.4649,1.4668,1.4639,1.4665,1309.0,1918.1602
1784394420000,1.4668,1.4668,1.4664,1.4664,634.0,929.8342
1784394480000,1.4664,1.4668,1.4659,1.4662,1701.0,2494.413
1784394540000,1.4665,1.4665,1.466,1.4664,964.0,1413.4392
1784394600000,1.4664,1.4664,1.4657,1.4657,638.0,935.2805
1784394660000,1.4663,1.4671,1.4659,1.4659,623.0,913.4413
1784394720000,1.4671,1.4672,1.4659,1.4671,639.0,937.3091
1784394780000,1.4671,1.4672,1.4664,1.4664,910.0,1334.6982
1784394840000,1.4664,1.4672,1.4664,1.4664,958.0,1405.204
1784394900000,1.4672,1.4672,1.4664,1.4672,862.0,1264.3918
1784394960000,1.4666,1.4677,1.4664,1.4668,930.0,1364.3352
1784395020000,1.4668,1.4685,1.4668,1.4678,791.0,1160.7417
1784395080000,1.4683,1.4684,1.4675,1.4678,707.0,1037.8453
1784395140000,1.4677,1.4684,1.4673,1.4678,903.0,1325.621
1784395200000,1.468,1.4685,1.4663,1.467,810.0,1188.9877
1784395260000,1.4669,1.4669,1.4657,1.4657,780.0,1143.8059
1784395320000,1.4658,1.4662,1.4652,1.4662,331.0,485.1938
1784395380000,1.4652,1.4662,1.4651,1.4653,609.0,892.5946
1784395440000,1.4662,1.467,1.4647,1.4659,971.0,1423.5083
1784395500000,1.4667,1.4669,1.4659,1.4669,796.0,1167.3392
1784395560000,1.4661,1.467,1.4659,1.4659,1031.0,1511.7602
1784395620000,1.4663,1.4666,1.4651,1.4658,655.0,960.1781
1784395680000,1.4656,1.4659,1.465,1.4652,912.0,1336.4394
1784395740000,1.4654,1.4662,1.4651,1.4651,751.0,1100.4454
1784395800000,1.4658,1.4659,1.465,1.465,727.0,1065.3475
1784395860000,1.465,1.466,1.465,1.465,1197.0
1784395920000,1.465,1.4659,1.465,1.465,904.0
1784395980000,1.4659,1.4659,1.465,1.4655,511.0
1784396040000,1.4657,1.4663,1.4654,1.4655,1181.0
1784396100000,1.4657,1.4661,1.4657,1.4657,591.0
1784396160000,1.4661,1.4662,1.4652,1.4652,728.0
1784396220000,1.466,1.466,1.4646,1.4649,7196.0
1784396280000,1.4649,1.4649,1.4631,1.4631,1203.0
1784396340000,1.4629,1.4638,1.4581,1.4595,1901.0
1784396400000,1.4595,1.4606,1.4569,1.4581,1963.0
1784396460000,1.4597,1.4608,1.4579,1.4602,2193.0
1784396520000,1.4601,1.4601,1.457,1.457,1568.0
1784396580000,1.4585,1.4585,1.4571,1.4574,989.0
1784396640000,1.4574,1.4619,1.4574,1.4594,8133.0
1784396700000,1.4593,1.4634,1.4586,1.4625,942.0
1784396760000,1.4631,1.4637,1.4625,1.4634,1600.0
1784396820000,1.4632,1.4648,1.4632,1.4648,710.0
1784396880000,1.4636,1.4674,1.4619,1.4662,3052.0
1784396940000,1.4662,1.4672,1.4659,1.467,885.0
1784397000000,1.467,1.467,1.4659,1.467,730.0
1784397060000,1.467,1.4675,1.4657,1.4675,613.0
1784397120000,1.4664,1.4687,1.4658,1.4678,1091.0
1784397180000,1.4684,1.4686,1.4671,1.4681,921.0
1784397240000,1.4671,1.4681,1.4671,1.4674,1173.0
1784397300000,1.4673,1.4682,1.4649,1.4659,3520.0
1784397360000,1.4659,1.4659,1.4645,1.4658,1177.0
1784397420000,1.4665,1.4677,1.4659,1.4664,1547.0
1784397480000,1.4664,1.4671,1.4659,1.4663,839.0
1784397540000,1.4665,1.4671,1.4643,1.4645,1511.0
1784397600000,1.4657,1.4658,1.4644,1.4651,678.0
1784397660000,1.465,1.4666,1.465,1.4666,453.0
1784397720000,1.4667,1.4668,1.4658,1.4668,740.0
1784397780000,1.4668,1.4668,1.4658,1.4666,466.0
1784397840000,1.4659,1.4666,1.4657,1.4657,495.0
1784397900000,1.4666,1.4666,1.4657,1.4657,755.0
1784397960000,1.4657,1.4659,1.4644,1.4644,688.0
1784398020000,1.4654,1.4655,1.4644,1.4644,850.0
1784398080000,1.4649,1.4654,1.4644,1.4644,1007.0
1784398140000,1.4644,1.4654,1.4644,1.4651,805.0
1784398200000,1.4654,1.4654,1.4645,1.4645,572.0
1784398260000,1.4655,1.4655,1.4645,1.4653,733.0
1784398320000,1.4655,1.4655,1.464,1.4645,468.0
1784398380000,1.4637,1.4645,1.4637,1.4643,830.0
1784398440000,1.4645,1.4649,1.4637,1.464,775.0
1784398500000,1.4642,1.4658,1.4637,1.4647,521.0
1784398560000,1.4645,1.4657,1.4643,1.4657,877.0
1784398620000,1.4657,1.4657,1.4645,1.4654,605.0
1784398680000,1.4645,1.4657,1.4645,1.4646,516.0
1784398740000,1.4646,1.4657,1.4646,1.4646,391.0
1784398800000,1.4649,1.4666,1.4649,1.4666,1079.0
1784398860000,1.4671,1.4671,1.4649,1.4651,1558.0
1784398920000,1.4651,1.4673,1.4651,1.467,597.0
1784398980000,1.4664,1.47,1.4664,1.4687,1213.0
1784399040000,1.469,1.4698,1.4684,1.4698,1649.0
1784399100000,1.4696,1.4719,1.4696,1.4701,1495.0
1784413680000,1.478,1.4787,1.4772,1.4772,671.0,991.7144
1784413740000,1.4774,1.4777,1.4758,1.4759,1029.0,1519.6798
1784413800000,1.4767,1.4771,1.4759,1.4764,652.0,962.668
1784413860000,1.4773,1.4773,1.476,1.4767,970.0,1432.4008
1784413920000,1.476,1.4771,1.4752,1.476,543.0,801.5719
1784413980000,1.4763,1.4781,1.4752,1.4781,959.0,1415.9705
1784414040000,1.4776,1.4799,1.4776,1.4792,554.0,819.3061
1784414100000,1.4791,1.4791,1.4775,1.4789,838.0,1238.6924
1784414160000,1.4789,1.4789,1.4775,1.4775,632.0,934.0374
1784414220000,1.4777,1.4785,1.4775,1.4777,641.0,947.4079
1784414280000,1.4785,1.4785,1.4775,1.4778,575.0,849.8217
1784414340000,1.4782,1.4785,1.4776,1.4785,637.0,941.4843
1784414400000,1.4791,1.4796,1.4781,1.4796,540.0,798.6099
1784414460000,1.4782,1.4796,1.4782,1.4787,734.0,1085.5719
1784414520000,1.4787,1.4796,1.4787,1.4787,703.0,1039.8262
1784414580000,1.4796,1.4796,1.4771,1.4778,1570.0,2320.7246
1784414640000,1.4768,1.4784,1.4761,1.4778,565.0,834.7776
1784414700000,1.4783,1.4783,1.4778,1.478,608.0,898.6565
1784414760000,1.4778,1.4784,1.4778,1.4783,662.0,978.4695
1784414820000,1.4778,1.4786,1.4778,1.4778,872.0,1288.8739
1784414880000,1.4783,1.4786,1.4778,1.4786,765.0,1130.8058
1784414940000,1.4778,1.4786,1.4773,1.4784,943.0,1393.7915
1784415000000,1.4773,1.4784,1.4773,1.4784,654.0,966.5471
1784415060000,1.4784,1.4796,1.4773,1.479,1985.0,2935.3128
1784415120000,1.4796,1.4805,1.478,1.4787,2350.0,3475.1062
1784415180000,1.4787,1.4796,1.4787,1.4787,700.0,1035.2826
1784415240000,1.4794,1.4796,1.4786,1.4786,474.0,701.1623
1784415300000,1.4786,1.4794,1.4776,1.4778,1978.0,2923.6194
1784415360000,1.4779,1.4792,1.4777,1.4789,747.0,1104.4061
1784415420000,1.4784,1.4786,1.4766,1.4778,1241.0,1833.9308
1784415480000,1.4767,1.4779,1.4767,1.4773,1125.0,1662.0844
1784415540000,1.4773,1.4776,1.4765,1.4767,1203.0,1776.9322
1784415600000,1.476,1.4771,1.473,1.4746,685.0,1010.6151
1784415660000,1.4746,1.4755,1.4741,1.4752,885.0,1305.3589
1784415720000,1.4746,1.4746,1.4725,1.4725,965.0,1422.0297
1784415780000,1.4724,1.4729,1.4717,1.4729,946.0,1392.9167
1784415840000,1.4725,1.4728,1.4704,1.4713,1137.0,1673.0977
1784415900000,1.4711,1.4724,1.4699,1.4724,1695.0,2493.0917
1784415960000,1.4714,1.474,1.4714,1.4732,1319.0,1942.843
1784416020000,1.4731,1.474,1.4724,1.4733,1075.0,1583.6855
1784416080000,1.4726,1.4733,1.4725,1.4726,734.0,1081.0755
1784416140000,1.4728,1.4728,1.4719,1.4728,1598.0,2353.0737
1784416200000,1.4721,1.4732,1.4719,1.4724,738.0,1086.6434
1784416260000,1.4722,1.4732,1.4722,1.4722,920.0,1354.998
1784416320000,1.4722,1.4733,1.4722,1.4722,866.0,1275.3806
1784416380000,1.4729,1.4732,1.4721,1.4722,558.0,821.6828
1784416440000,1.4732,1.4735,1.4722,1.4734,920.0,1355.0595
1784416500000,1.4728,1.4734,1.4722,1.473,801.0,1179.7427
1784416560000,1.4736,1.4743,1.4728,1.4742,681.0,1003.6148
1784416620000,1.4728,1.4742,1.4727,1.4737,481.0,708.6273
1784416680000,1.4728,1.4737,1.4728,1.4737,637.0,938.4892
1784416740000,1.4737,1.4737,1.4719,1.4719,1379.0,2031.518
1784416800000,1.4719,1.4727,1.4719,1.4724,990.0,1457.6708
1784416860000,1.4725,1.4751,1.4725,1.4738,3474.0,5119.8452
1784416920000,1.4744,1.4752,1.4738,1.4746,963.0,1419.7156
1784416980000,1.4738,1.475,1.4738,1.4738,629.0,927.3866
1784417040000,1.475,1.475,1.4724,1.4742,1021.0,1504.6439
1784417100000,1.4745,1.4746,1.4741,1.4743,264.0,389.2392
1784417160000,1.4743,1.4746,1.4743,1.4745,187.0,275.717
1784417220000,1.4745,1.475,1.4744,1.475,244.0,359.8403
1784417280000,1.4753,1.4769,1.4753,1.4767,308.0,454.6054
1784417340000,1.4774,1.4779,1.4766,1.4779,226.0,333.88
1784417400000,1.4779,1.4781,1.4767,1.4768,1508.0,2228.0307
1784417460000,1.4768,1.4768,1.4754,1.4767,1671.0,2466.8658
1784417520000,1.4754,1.477,1.4753,1.4755,1580.0,2332.5068
1784417580000,1.4755,1.4766,1.4755,1.4755,1283.0,1893.842
1784417640000,1.4766,1.4766,1.4755,1.4755,1319.0,1946.8137
1784417700000,1.4766,1.4766,1.4755,1.4755,704.0,1039.0985
1784417760000,1.4755,1.4766,1.4754,1.4754,844.0,1245.729
1784417820000,1.4759,1.4774,1.4759,1.4763,1266.0,1869.4512
1784417880000,1.477,1.477,1.4763,1.4763,1076.0,1588.8502
1784417940000,1.477,1.477,1.4763,1.477,873.0,1289.2109
1784418000000,1.4763,1.4767,1.4746,1.4751,1599.0,2359.5772
1784418060000,1.4756,1.4756,1.4748,1.4756,235.0,346.6932
1784418120000,1.4748,1.4756,1.4748,1.4749,309.0,455.7796
1784418180000,1.475,1.475,1.4745,1.4745,292.0,430.6233
1784418240000,1.4739,1.4758,1.4739,1.4752,1301.0,1918.6505
1784418300000,1.4746,1.4752,1.4744,1.4752,749.0,1104.6695
1784418360000,1.4752,1.4752,1.473,1.4737,1379.0,2032.4426
1784418420000,1.4726,1.4732,1.4721,1.4721,1104.0,1625.7747
1784418480000,1.4726,1.4732,1.4721,1.4728,937.0,1380.0319
1784418540000,1.4721,1.4727,1.4718,1.4721,941.0,1385.3087
1784418600000,1.473,1.4733,1.4725,1.4725,777.0,1144.4066
1784418660000,1.473,1.4732,1.4722,1.4729,743.0,1094.271
1784418720000,1.473,1.4733,1.4722,1.4725,727.0,1070.7651
1784418780000,1.4725,1.4732,1.4725,1.4725,686.0,1010.3527
1784418840000,1.4732,1.4732,1.4724,1.4732,738.0,1087.0568
1784418900000,1.4729,1.4733,1.4722,1.4732,1294.0,1906.0828
1784418960000,1.4732,1.4732,1.4722,1.4725,985.0,1450.77
1784419020000,1.473,1.4732,1.4725,1.4732,407.0,599.4944
1784419080000,1.4732,1.4732,1.4732,1.4732,465.0,685.038
1784419140000,1.4732,1.4733,1.4725,1.4732,757.0,1115.0915
1784419200000,1.4733,1.4734,1.4724,1.4726,1557.0,2293.636
1784419260000,1.4731,1.4754,1.4726,1.4754,1268.0,1868.2298
1784419320000,1.4757,1.4791,1.4756,1.4773,2075.0,3065.359
1784419380000,1.4765,1.478,1.4762,1.4767,1390.0,2052.9275
1784419440000,1.4757,1.4766,1.4738,1.4749,593.0,874.5453
1784419500000,1.4748,1.4749,1.4736,1.4749,820.0,1208.9044
1784419560000,1.4748,1.4748,1.4624,1.4646,11826.0,17334.0878
1784419620000,1.4658,1.4658,1.4625,1.4638,2012.0,2946.4828
1784419680000,1.4637,1.4667,1.4635,1.4639,2120.0,3105.4731
1784419740000,1.463,1.4644,1.4614,1.4633,1087.0,1590.548
1784419800000,1.4635,1.4653,1.4635,1.4643,1371.0,2007.9098
1784419860000,1.4646,1.4656,1.4646,1.4647,902.0,1321.5674
1784419920000,1.4653,1.4665,1.4647,1.4657,1204.0,1764.7596
1784419980000,1.4657,1.4666,1.4649,1.465,827.0,1212.3346
1784420040000,1.4656,1.468,1.4656,1.4669,1969.0,2887.8657
1784420100000,1.467,1.4672,1.4669,1.467,1870.0,2743.3089
1784420160000,1.4673,1.4677,1.4671,1.4674,689.0,1011.0088
1784420220000,1.4672,1.4672,1.4669,1.4669,91.0,133.5119
1784420280000,1.467,1.467,1.4644,1.4655,4733.0,6940.3601
1784420340000,1.4656,1.4663,1.4648,1.4648,991.0,1452.2988
1784420400000,1.4652,1.4654,1.4646,1.4652,1702.0,2493.4822
1784420460000,1.4652,1.4659,1.465,1.4655,1240.0,1816.8442
1784420520000,1.4654,1.4654,1.4633,1.4645,4235.0,6202.1163
1784420580000,1.4645,1.4645,1.4639,1.4641,862.0,1262.1261
1784420640000,1.464,1.4657,1.4639,1.4648,1904.0,2788.7875
1784420700000,1.4656,1.4656,1.4648,1.4648,1156.0,1693.6411
1784420760000,1.4656,1.4658,1.4647,1.4654,1076.0,1576.6533
1784420820000,1.4649,1.4649,1.4629,1.463,981.0,1436.0356
1784420880000,1.463,1.4634,1.4628,1.4631,1082.0,1583.1077
1784420940000,1.4633,1.4636,1.462,1.4622,1349.0,1973.4863
1784421000000,1.4628,1.4638,1.4621,1.4631,1616.0,2364.2758
1784421060000,1.4631,1.4636,1.4614,1.4631,1866.0,2728.9189
1784421120000,1.4634,1.4638,1.4627,1.4627,1081.0,1581.8351
1784421180000,1.4632,1.4634,1.4611,1.4615,1171.0,1712.7912
1784421240000,1.4606,1.4626,1.4606,1.4619,689.0,1006.6696
1784421300000,1.4625,1.4643,1.4619,1.4643,710.0,1038.673
1784421360000,1.4643,1.465,1.4636,1.4642,1709.0,2502.3144
1784421420000,1.4642,1.4642,1.4637,1.4638,877.0,1283.9001
1784421480000,1.4639,1.4643,1.4637,1.464,1146.0,1677.6769
1784421540000,1.464,1.4641,1.4636,1.4638,1606.0,2350.9358
1784421600000,1.4638,1.4639,1.4636,1.4636,609.0,891.434
1784421660000,1.4636,1.4642,1.4632,1.4633,1027.0,1503.4603
1784421720000,1.4637,1.4639,1.4633,1.4633,703.0,1028.9654
1784421780000,1.4633,1.4639,1.4633,1.4638,616.0,901.5335
1784421840000,1.4637,1.4638,1.4633,1.4633,790.0,1156.1262
1784421900000,1.4636,1.4642,1.4625,1.4627,560.0,819.4422
1784421960000,1.4631,1.4639,1.4626,1.4639,715.0,1046.2182
1784422020000,1.4638,1.4651,1.4638,1.4644,1091.0,1597.5957
1784422080000,1.4644,1.4664,1.4644,1.4663,962.0,1409.8679
1784422140000,1.4662,1.4667,1.4647,1.4647,1273.0,1865.9365
1784422200000,1.4646,1.4651,1.4646,1.4646,641.0,938.9426
1784422260000,1.4646,1.4651,1.4645,1.465,544.0,796.886
1784422320000,1.4651,1.4652,1.4637,1.4652,1192.0,1746.034
1784422380000,1.4648,1.4652,1.4644,1.4644,491.0,719.2436
1784422440000,1.4638,1.4665,1.4638,1.4665,1373.0,2011.7013
1784422500000,1.4665,1.4665,1.4657,1.4657,1058.0,1551.1066
1784422560000,1.4663,1.4665,1.4657,1.4665,795.0,1165.4565
1784422620000,1.4665,1.4665,1.4657,1.4665,482.0,706.7066
1784422680000,1.4657,1.4665,1.4657,1.4665,732.0,1073.1774
1784422740000,1.4665,1.4665,1.4657,1.4657,656.0,961.8312
1784422800000,1.467,1.4675,1.4659,1.4675,568.0,833.0612
1784422860000,1.4668,1.4675,1.4649,1.4656,1742.0,2553.6523
1784422920000,1.4656,1.4656,1.4649,1.4651,475.0,695.9446
1784422980000,1.4649,1.4654,1.4636,1.4643,540.0,790.5569
1784423040000,1.4638,1.4641,1.4632,1.4632,152.0,222.4985
1784423100000,1.4632,1.4645,1.4632,1.4645,260.0,380.5683
1784423160000,1.4655,1.4655,1.4634,1.4634,995.0,1456.8738
1784423220000,1.4639,1.464,1.4634,1.4634,222.0,324.9467
1784423280000,1.4636,1.464,1.4634,1.464,1012.0,1481.2504
1784423340000,1.4634,1.4642,1.4634,1.4634,668.0,977.7336
1784423400000,1.4633,1.4642,1.4631,1.4642,805.0,1178.2658
1784423460000,1.4642,1.4642,1.4632,1.4641,756.0,1106.7029
1784423520000,1.464,1.4642,1.4633,1.4642,762.0,1115.4389
1784423580000,1.4633,1.4645,1.4633,1.4645,299.0,437.6695
1784423640000,1.4645,1.4647,1.4633,1.4647,770.0,1127.2984
1784423700000,1.4633,1.4647,1.4628,1.4646,753.0,1102.2521
1784423760000,1.4628,1.4646,1.4628,1.4628,705.0,1031.9764
1784423820000,1.4631,1.465,1.4631,1.4631,703.0,1029.2385
1784423880000,1.4631,1.4649,1.4631,1.4647,630.0,922.2438
1784423940000,1.4636,1.4647,1.4636,1.4647,832.0,1218.2214
1784424000000,1.4641,1.4668,1.4641,1.4666,1481.0,2169.4351
1784424060000,1.4666,1.4677,1.4662,1.4671,692.0,1014.9881
1784424120000,1.4669,1.468,1.4668,1.4673,1066.0,1564.3211
1784424180000,1.4674,1.468,1.467,1.4674,1417.0,2079.5411
1784424240000,1.467,1.468,1.4669,1.4669,1313.0,1926.8149
1784424300000,1.4669,1.468,1.4668,1.4668,1440.0,2112.9148
1784424360000,1.4676,1.4679,1.4668,1.4668,1443.0,2117.2191
1784424420000,1.4668,1.4679,1.4668,1.4679,1399.0,2052.7562
1784424480000,1.4668,1.4679,1.4668,1.4679,1654.0,2427.044
1784424540000,1.4679,1.4679,1.466,1.4661,1294.0,1898.6137
1784424600000,1.467,1.467,1.4658,1.4668,1451.0,2127.9955
1784424660000,1.4662,1.4668,1.4662,1.4668,1359.0,1992.9722
1784424720000,1.4668,1.4668,1.4662,1.4668,1422.0,2085.3425
1784424780000,1.4667,1.4667,1.4647,1.4655,1075.0,1575.1939
1784424840000,1.4643,1.4655,1.4643,1.4655,1720.0,2519.4036
1784424900000,1.4647,1.4655,1.4647,1.4655,1269.0,1859.2357
1784424960000,1.4647,1.4656,1.4647,1.4648,1247.0,1826.8066
1784425020000,1.4653,1.4657,1.4642,1.4647,1507.0,2207.9902
1784425080000,1.4649,1.4671,1.4649,1.4662,1628.0,2387.1749
1784425140000,1.4662,1.4671,1.466,1.4671,1145.0,1679.0944
1784425200000,1.4671,1.4671,1.4659,1.4659,627.0,919.6223
1784425260000,1.4659,1.4671,1.4659,1.4659,671.0,984.0387
1784425320000,1.4671,1.4671,1.4659,1.4659,869.0,1274.4071
1784425380000,1.4669,1.4672,1.4659,1.4659,753.0,1104.2602
1784425440000,1.4659,1.4671,1.4634,1.4637,1759.0,2576.2589
1784425500000,1.4644,1.4645,1.4635,1.4645,526.0,770.0142
1784425560000,1.4637,1.4643,1.4627,1.464,650.0,951.2409
1784425620000,1.464,1.464,1.4627,1.4636,657.0,961.3356
1784425680000,1.4627,1.4636,1.4627,1.4634,644.0
1784425740000,1.4634,1.4634,1.4627,1.4634,535.0
1784425800000,1.4628,1.4634,1.4627,1.4634,635.0
1784425860000,1.4627,1.4634,1.4627,1.4627,551.0
1784425920000,1.4634,1.4634,1.4627,1.4627,620.0
1784425980000,1.4634,1.4648,1.4634,1.4639,1295.0
1784426040000,1.4648,1.4648,1.4639,1.4639,941.0
1784426100000,1.4639,1.4648,1.4625,1.4639,667.0
1784426160000,1.4629,1.4639,1.4627,1.4633,767.0
1784426220000,1.4633,1.4633,1.4627,1.4627,112.0
1784426280000,1.4617,1.4626,1.4617,1.4617,166.0
1784426340000,1.4619,1.4626,1.4617,1.462,158.0
1784426400000,1.4617,1.4626,1.4617,1.4617,157.0
1784426460000,1.4617,1.4642,1.4617,1.4638,1608.0
1784426520000,1.4638,1.4639,1.4631,1.4631,505.0
1784426580000,1.4638,1.4652,1.4638,1.4643,1271.0
1784426640000,1.4642,1.4643,1.4619,1.4619,1840.0
1784426700000,1.4628,1.4658,1.4628,1.4644,849.0
1784426760000,1.4635,1.4656,1.4635,1.4656,574.0
1784426820000,1.4657,1.4671,1.4646,1.4664,1767.0
1784426880000,1.4652,1.4687,1.4652,1.4672,5621.0
1784426940000,1.4675,1.4675,1.4671,1.4671,1705.0
1784427000000,1.4673,1.4675,1.4672,1.4674,816.0
1784427060000,1.4675,1.4675,1.4671,1.4672,1026.0
1784427120000,1.4673,1.4675,1.467,1.4674,1114.0
1784427180000,1.4673,1.4683,1.4672,1.4682,1004.0
1784427240000,1.4679,1.4684,1.4669,1.467,904.0
1784427300000,1.4674,1.4677,1.467,1.4676,1111.0
1784427360000,1.4672,1.4675,1.467,1.4673,632.0
1784427420000,1.4671,1.4674,1.4643,1.4643,2702.0
1784427480000,1.4652,1.4652,1.4648,1.4651,1233.0
1784427540000,1.4652,1.4652,1.4638,1.4639,1518.0
1784427600000,1.4641,1.4642,1.4639,1.464,1774.0
1784427660000,1.4641,1.4643,1.4639,1.4641,1147.0
1784427720000,1.4639,1.4643,1.4631,1.4633,1060.0
1784427780000,1.4634,1.4634,1.4621,1.4621,754.0
1784427840000,1.4622,1.4622,1.4607,1.4609,840.0
1784427900000,1.4607,1.4611,1.4588,1.461,2006.0
1784427960000,1.461,1.461,1.4599,1.4601,788.0
1784428020000,1.4605,1.4605,1.4601,1.4604,1068.0
1784428080000,1.4605,1.4605,1.4601,1.4604,1003.0
1784428140000,1.4604,1.4605,1.46,1.46,855.0
1784428200000,1.4601,1.463,1.46,1.463,4903.0
1784428260000,1.4625,1.4639,1.462,1.462,3441.0
1784428320000,1.4612,1.4629,1.4611,1.4625,3140.0
1784428380000,1.4625,1.4644,1.4625,1.4634,4312.0
1784428440000,1.4636,1.4638,1.4626,1.4626,1210.0
1784428500000,1.4627,1.4642,1.4627,1.4639,1329.0
1784428560000,1.4641,1.4646,1.464,1.464,1108.0
1784428620000,1.464,1.4658,1.464,1.4647,1346.0
1784428680000,1.4641,1.4654,1.464,1.4641,4023.0
1784428740000,1.4646,1.4648,1.4638,1.4646,1370.0
1784428800000,1.4646,1.4646,1.4639,1.464,962.0
1784428860000,1.464,1.4647,1.464,1.4646,613.0
1784428920000,1.464,1.4646,1.4633,1.4639,1013.0
1784428980000,1.4635,1.4639,1.4633,1.4636,841.0
1784429040000,1.4639,1.4639,1.4633,1.4633,790.0
1784429100000,1.4639,1.4639,1.4631,1.4631,912.0
1784443680000,1.4566,1.4566,1.4558,1.4566,515.0,749.9234
1784443740000,1.4566,1.4586,1.4564,1.4586,764.0,1113.6596
1784443800000,1.458,1.4586,1.4577,1.4577,1261.0,1838.6616
1784443860000,1.4586,1.4587,1.4575,1.4585,970.0,1414.5557
1784443920000,1.4587,1.4591,1.458,1.458,944.0,1376.7508
1784443980000,1.4591,1.4591,1.4582,1.4589,851.0,1241.501
1784444040000,1.4587,1.4589,1.4575,1.458,624.0,909.9492
1784444100000,1.459,1.459,1.458,1.458,892.0,1301.026
1784444160000,1.458,1.459,1.458,1.458,712.0,1038.359
1784444220000,1.459,1.459,1.458,1.458,662.0,965.5818
1784444280000,1.459,1.4599,1.458,1.4594,879.0,1282.3942
1784444340000,1.4595,1.4599,1.4587,1.4587,743.0,1084.3817
1784444400000,1.4587,1.4599,1.4587,1.4597,262.0,382.3636
1784444460000,1.4597,1.4598,1.4588,1.4589,416.0,606.9657
1784444520000,1.4597,1.4597,1.4589,1.4589,610.0,890.253
1784444580000,1.4597,1.4597,1.4581,1.459,483.0,704.5084
1784444640000,1.4581,1.459,1.458,1.4582,718.0,1047.3046
1784444700000,1.4582,1.459,1.4576,1.4584,510.0,743.6829
1784444760000,1.4585,1.4591,1.4584,1.459,1224.0,1785.5636
1784444820000,1.459,1.4597,1.4578,1.4592,1303.0,1900.8474
1784444880000,1.4593,1.4599,1.4593,1.4598,861.0,1256.7831
1784444940000,1.4598,1.4599,1.4578,1.4585,1225.0,1787.5673
1784445000000,1.4586,1.4725,1.4585,1.4658,15361.0,22552.8757
1784445060000,1.4665,1.4675,1.4629,1.4644,3257.0,4777.682
1784445120000,1.4639,1.4648,1.4638,1.4645,499.0,730.6589
1784445180000,1.4643,1.4652,1.4625,1.464,2097.0,3069.1925
1784445240000,1.4641,1.4641,1.4605,1.4608,2041.0,2983.275
1784445300000,1.461,1.461,1.4593,1.46,1560.0,2277.2247
1784445360000,1.4608,1.4613,1.46,1.4613,898.0,1311.6305
1784445420000,1.4613,1.4636,1.4598,1.4618,9912.0,14496.9763
1784445480000,1.4619,1.462,1.4604,1.4613,1287.0,1880.7508
1784445540000,1.4612,1.4613,1.4605,1.4611,1089.0,1591.0183
1784445600000,1.4607,1.4626,1.4607,1.4626,950.0,1388.3287
1784445660000,1.4622,1.4626,1.4587,1.4595,1990.0,2906.7675
1784445720000,1.459,1.4598,1.4579,1.4588,898.0,1309.9885
1784445780000,1.4582,1.4602,1.4582,1.4592,576.0,840.3842
1784445840000,1.4591,1.4599,1.4591,1.4598,797.0,1163.2809
1784445900000,1.4592,1.4599,1.4592,1.4595,788.0,1150.1577
1784445960000,1.4598,1.4599,1.4584,1.4589,922.0,1345.4826
1784446020000,1.4594,1.4595,1.4586,1.4588,978.0,1427.1257
1784446080000,1.4593,1.4597,1.4587,1.4588,771.0,1124.9425
1784446140000,1.4579,1.458,1.4574,1.4574,784.0,1142.9347
1784446200000,1.4578,1.4579,1.4563,1.4573,1244.0,1812.6033
1784446260000,1.4563,1.4573,1.4551,1.4551,791.0,1151.3881
1784446320000,1.456,1.4575,1.4545,1.4569,752.0,1094.707
1784446380000,1.4575,1.4577,1.4556,1.456,838.0,1221.1124
1784446440000,1.4556,1.4558,1.454,1.4552,1012.0,1472.3595
1784446500000,1.4552,1.4581,1.4552,1.4572,1155.0,1682.4215
1784446560000,1.4572,1.4582,1.4544,1.4544,3233.0,4708.176
1784446620000,1.4545,1.4569,1.4543,1.4549,2067.0,3008.0903
1784446680000,1.4548,1.4559,1.4543,1.4551,855.0,1243.8775
1784446740000,1.4551,1.4559,1.4541,1.4543,694.0,1009.7837
1784446800000,1.4544,1.4549,1.4536,1.4536,971.0,1412.0779
1784446860000,1.4541,1.4542,1.4536,1.4538,1015.0,1475.8005
1784446920000,1.4542,1.4559,1.4522,1.4554,1405.0,2043.0892
1784446980000,1.4541,1.4556,1.4537,1.4556,1301.0,1892.7405
1784447040000,1.4556,1.4556,1.4546,1.4556,534.0,777.0584
1784447100000,1.4548,1.4556,1.4548,1.4556,706.0,1027.4303
1784447160000,1.4551,1.456,1.4548,1.456,691.0,1005.6749
1784447220000,1.4554,1.4561,1.4543,1.4543,2380.0,3463.5219
1784447280000,1.4543,1.4554,1.454,1.4554,219.0,318.5872
1784447340000,1.4539,1.4545,1.4539,1.4545,53.0,77.0711
1784447400000,1.4541,1.4544,1.4541,1.4544,100.0,145.4175
1784447460000,1.454,1.4545,1.4538,1.4544,531.0,772.1221
1784447520000,1.4542,1.4549,1.4542,1.4545,478.0,695.2288
1784447580000,1.4547,1.4554,1.4547,1.4552,627.0,912.3465
1784447640000,1.4554,1.4578,1.4544,1.4545,8838.0,12872.0424
1784447700000,1.4547,1.4578,1.4547,1.4578,1047.0,1523.9403
1784447760000,1.4578,1.4578,1.457,1.4573,505.0,736.0197
1784447820000,1.457,1.4588,1.457,1.4586,1229.0,1791.7731
1784447880000,1.4586,1.4589,1.4579,1.4589,548.0,799.228
1784447940000,1.4577,1.4598,1.4577,1.4598,452.0,659.4094
1784448000000,1.459,1.4607,1.459,1.4592,508.0,741.3922
1784448060000,1.4583,1.4592,1.4583,1.4592,831.0,1212.0972
1784448120000,1.4592,1.4592,1.4583,1.4592,459.0,669.5406
1784448180000,1.4583,1.4611,1.4583,1.46,2021.0,2949.7616
1784448240000,1.46,1.4617,1.4587,1.4617,1282.0,1871.252
1784448300000,1.4617,1.4621,1.4609,1.4619,330.0,482.2555
1784448360000,1.4619,1.4619,1.461,1.4619,710.0,1037.6763
1784448420000,1.461,1.4637,1.461,1.463,766.0,1119.9048
1784448480000,1.4637,1.4638,1.463,1.4637,978.0,1431.2815
1784448540000,1.4637,1.4637,1.4627,1.4627,1690.0,2472.8421
1784448600000,1.4633,1.4633,1.4617,1.4623,1429.0,2089.6489
1784448660000,1.4617,1.4622,1.4614,1.4621,1084.0,1584.5469
1784448720000,1.4614,1.4623,1.4612,1.4621,754.0,1102.2383
1784448780000,1.4621,1.4627,1.4613,1.4627,774.0,1131.6091
1784448840000,1.4627,1.4637,1.4616,1.4633,506.0,740.1377
1784448900000,1.4626,1.4639,1.4626,1.4633,500.0,731.5847
1784448960000,1.4629,1.4632,1.4613,1.4619,575.0,840.93
1784449020000,1.462,1.462,1.461,1.4612,609.0,890.0572
1784449080000,1.4615,1.4618,1.4591,1.4591,780.0,1139.5404
1784449140000,1.4587,1.4587,1.458,1.4586,442.0,644.5936
1784449200000,1.458,1.4586,1.4576,1.4577,1249.0,1821.1942
1784449260000,1.4581,1.4587,1.4578,1.4587,724.0,1055.7613
1784449320000,1.4587,1.4592,1.4574,1.4576,1703.0,2483.3151
1784449380000,1.4577,1.4583,1.4574,1.4583,407.0,593.3302
1784449440000,1.4577,1.4583,1.4571,1.4571,653.0,951.9301
1784449500000,1.4578,1.4579,1.457,1.457,571.0,832.213
1784449560000,1.458,1.459,1.458,1.4587,1048.0,1528.4637
1784449620000,1.4582,1.4591,1.4545,1.4548,824.0,1200.3387
1784449680000,1.4551,1.4552,1.454,1.4546,1449.0,2107.918
1784449740000,1.4545,1.4556,1.4541,1.4556,1218.0,1772.0962
1784449800000,1.4562,1.4589,1.4562,1.4588,2603.0,3793.4532
1784449860000,1.4586,1.4589,1.458,1.4587,884.0,1289.2402
1784449920000,1.458,1.4592,1.458,1.4592,719.0,1048.608
1784449980000,1.4592,1.4601,1.4581,1.4581,1567.0,2286.0632
1784450040000,1.4572,1.4593,1.4572,1.4593,1278.0,1864.1922
1784450100000,1.4593,1.4595,1.4581,1.4581,888.0,1295.2801
1784450160000,1.4581,1.4595,1.4578,1.4582,863.0,1258.4996
1784450220000,1.4576,1.4582,1.457,1.4582,1078.0,1571.5509
1784450280000,1.4582,1.4582,1.4571,1.4573,655.0,954.7315
1784450340000,1.4573,1.4582,1.4542,1.4562,1255.0,1826.9363
1784450400000,1.4562,1.4577,1.4548,1.4568,909.0,1323.6737
1784450460000,1.4577,1.4577,1.4566,1.4566,444.0,646.9873
1784450520000,1.4577,1.4577,1.4569,1.4577,646.0,941.495
1784450580000,1.4574,1.4577,1.4573,1.4573,1962.0,2859.724
1784450640000,1.4577,1.4578,1.4571,1.4571,1061.0,1546.3722
1784450700000,1.4576,1.4589,1.4576,1.4589,771.0,1124.3288
1784450760000,1.4584,1.4595,1.4583,1.4589,635.0,926.2792
1784450820000,1.4585,1.4588,1.4575,1.458,683.0,995.8543
1784450880000,1.4575,1.4588,1.4568,1.4581,732.0,1067.1079
1784450940000,1.4588,1.4588,1.4565,1.4584,1154.0,1681.7594
1784451000000,1.4574,1.4586,1.4574,1.4584,683.0,995.7394
1784451060000,1.4586,1.4589,1.458,1.4587,1289.0,1880.0139
1784451120000,1.4585,1.4591,1.4581,1.4591,600.0,875.1229
1784451180000,1.4585,1.4595,1.4585,1.4587,501.0,730.9309
1784451240000,1.4588,1.4595,1.4587,1.4595,880.0,1283.9467
1784451300000,1.4588,1.4596,1.4587,1.4589,733.0,1069.5172
1784451360000,1.4587,1.4587,1.4575,1.4581,569.0,829.6083
1784451420000,1.4577,1.459,1.4575,1.458,957.0,1395.3708
1784451480000,1.4584,1.459,1.4584,1.4585,1120.0,1633.694
1784451540000,1.4591,1.4606,1.4586,1.4606,1063.0,1551.1152
1784451600000,1.4597,1.46,1.4593,1.4593,424.0,618.904
1784451660000,1.4588,1.46,1.4588,1.46,788.0,1149.7807
1784451720000,1.4594,1.4599,1.4593,1.4596,743.0,1084.4569
1784451780000,1.4596,1.4599,1.4595,1.4596,1028.0,1500.6297
1784451840000,1.4597,1.46,1.4595,1.46,817.0,1192.6346
1784451900000,1.46,1.4605,1.4575,1.4578,863.0,1259.4229
1784451960000,1.4578,1.459,1.4575,1.4583,816.0,1189.9582
1784452020000,1.4583,1.4589,1.4573,1.4589,503.0,733.5943
1784452080000,1.4577,1.4589,1.4577,1.458,910.0,1327.1269
1784452140000,1.458,1.4602,1.458,1.4597,1212.0,1768.7654
1784452200000,1.4601,1.4601,1.4589,1.4589,491.0,716.6776
1784452260000,1.4595,1.4603,1.4589,1.4603,636.0,928.2488
1784452320000,1.4603,1.4603,1.4592,1.4592,830.0,1211.5352
1784452380000,1.4599,1.4599,1.4592,1.4599,569.0,830.4894
1784452440000,1.4592,1.46,1.4556,1.4559,1418.0,2067.1925
1784452500000,1.4553,1.4562,1.4525,1.4528,1056.0,1534.8396
1784452560000,1.4528,1.4543,1.4528,1.4536,890.0,1293.4805
1784452620000,1.4538,1.4555,1.4538,1.4555,961.0,1397.9152
1784452680000,1.4545,1.4557,1.4545,1.4556,905.0,1316.8899
1784452740000,1.457,1.4578,1.456,1.4566,2317.0,3375.6108
1784452800000,1.456,1.4572,1.456,1.4563,708.0,1031.2904
1784452860000,1.4571,1.4576,1.4562,1.4568,1598.0,2327.7318
1784452920000,1.4576,1.4576,1.4562,1.4564,1261.0,1836.9201
1784452980000,1.4571,1.4572,1.4559,1.457,1417.0,2063.6996
1784453040000,1.4559,1.4568,1.4544,1.455,1600.0,2328.5116
1784453100000,1.4544,1.4565,1.4544,1.4556,1022.0,1487.3575
1784453160000,1.4565,1.4565,1.4556,1.4556,821.0,1195.4691
1784453220000,1.4565,1.4565,1.4547,1.4559,581.0,845.7582
1784453280000,1.4546,1.4559,1.4523,1.4542,1107.0,1610.0736
1784453340000,1.456,1.4571,1.4553,1.4562,610.0,888.1895
1784453400000,1.4562,1.4578,1.4562,1.4578,925.0,1347.5297
1784453460000,1.4577,1.4577,1.4554,1.4571,766.0,1115.8983
1784453520000,1.4581,1.4589,1.4575,1.4586,1044.0,1522.2477
1784453580000,1.4588,1.4588,1.4578,1.4587,1128.0,1644.9577
1784453640000,1.4587,1.4587,1.4576,1.4576,1284.0,1872.1747
1784453700000,1.4576,1.4592,1.4575,1.4585,1206.0,1759.136
1784453760000,1.4592,1.4592,1.4582,1.4591,564.0,822.7312
1784453820000,1.4582,1.4599,1.4582,1.4599,1947.0,2840.9535
1784453880000,1.4599,1.4599,1.459,1.459,381.0,556.0905
1784453940000,1.4599,1.4602,1.4589,1.4601,639.0,932.7132
1784454000000,1.4593,1.4601,1.4559,1.4563,1617.0,2358.5425
1784454060000,1.4567,1.4587,1.4564,1.4582,1598.0,2329.5356
1784454120000,1.4585,1.4587,1.457,1.4571,1304.0,1901.0882
1784454180000,1.4572,1.4572,1.456,1.456,584.0,850.6864
1784454240000,1.4567,1.4568,1.4556,1.4556,690.0,1004.7582
1784454300000,1.4561,1.4567,1.4556,1.4556,915.0,1332.2153
1784454360000,1.4567,1.4567,1.4556,1.4559,555.0,808.0251
1784454420000,1.4563,1.457,1.4556,1.4561,534.0,777.5657
1784454480000,1.4568,1.4568,1.4536,1.4537,1016.0,1478.1664
1784454540000,1.4538,1.4561,1.4538,1.4561,955.0,1389.9707
1784454600000,1.4552,1.4561,1.4548,1.4548,616.0,896.5506
1784454660000,1.4556,1.4561,1.4546,1.4557,810.0,1178.959
1784454720000,1.4547,1.4553,1.4545,1.4553,781.0,1136.3544
1784454780000,1.4553,1.4553,1.4538,1.4541,1231.0,1790.7106
1784454840000,1.4535,1.4542,1.4528,1.453,662.0,962.24
1784454900000,1.4537,1.4537,1.4525,1.453,635.0,922.6019
1784454960000,1.4525,1.4545,1.4525,1.4536,578.0,840.1314
1784455020000,1.4528,1.4535,1.4527,1.4534,530.0,770.1196
1784455080000,1.4533,1.4537,1.4524,1.4527,779.0,1131.8246
1784455140000,1.4527,1.455,1.4527,1.4548,895.0,1301.3549
1784455200000,1.4535,1.4542,1.453,1.4531,493.0,716.5511
1784455260000,1.4533,1.4533,1.4524,1.4533,278.0,403.9442
1784455320000,1.4533,1.4533,1.4525,1.4525,171.0,248.4455
1784455380000,1.4533,1.4547,1.4525,1.4547,2262.0,3287.7692
1784455440000,1.4547,1.4547,1.4539,1.4539,226.0,328.7178
1784455500000,1.4539,1.4547,1.4535,1.4547,1010.0,1468.8085
1784455560000,1.4547,1.4547,1.4538,1.4538,491.0,714.0532
1784455620000,1.4547,1.4547,1.4536,1.4536,925.0,1344.9621
1784455680000,1.4545,1.4545,1.4518,1.4525,2068.0
1784455740000,1.4531,1.4537,1.4525,1.4525,1132.0
1784455800000,1.4525,1.4536,1.4525,1.4525,584.0
1784455860000,1.4536,1.4539,1.4528,1.4538,512.0
1784455920000,1.4526,1.4533,1.4524,1.4524,773.0
1784455980000,1.4533,1.4534,1.4522,1.4522,717.0
1784456040000,1.452,1.4522,1.4507,1.4518,734.0
1784456100000,1.452,1.4527,1.4514,1.4514,1856.0
1784456160000,1.4514,1.4535,1.4514,1.4527,953.0
1784456220000,1.4531,1.4531,1.4525,1.4527,537.0
1784456280000,1.4514,1.4533,1.4514,1.4533,528.0
1784456340000,1.4524,1.4533,1.4524,1.453,796.0
1784456400000,1.4533,1.4534,1.4527,1.4527,1440.0
1784456460000,1.4527,1.4541,1.4526,1.454,683.0
1784456520000,1.4542,1.4542,1.4533,1.4542,724.0
1784456580000,1.4533,1.4533,1.4525,1.4525,146.0
1784456640000,1.4517,1.4522,1.4512,1.4512,172.0
1784456700000,1.4522,1.4522,1.4505,1.4514,504.0
1784456760000,1.451,1.4511,1.4505,1.4509,640.0
1784456820000,1.4506,1.4518,1.4506,1.4512,776.0
1784456880000,1.4512,1.4521,1.4506,1.4512,1039.0
1784456940000,1.4512,1.4522,1.4512,1.4512,723.0
1784457000000,1.4512,1.4527,1.4485,1.4517,5673.0
1784457060000,1.4517,1.4527,1.45,1.4506,2040.0
1784457120000,1.4512,1.4512,1.4497,1.4497,552.0
1784457180000,1.4498,1.4512,1.4496,1.4503,756.0
1784457240000,1.4503,1.4514,1.4498,1.4498,1406.0
1784457300000,1.4499,1.4508,1.4496,1.4507,686.0
1784457360000,1.4498,1.4507,1.4497,1.45,746.0
1784457420000,1.4498,1.4506,1.4498,1.4506,717.0
1784457480000,1.4506,1.4506,1.4488,1.4498,887.0
1784457540000,1.449,1.45,1.4488,1.4497,485.0
1784457600000,1.4498,1.45,1.4481,1.4484,2205.0
1784457660000,1.4485,1.4501,1.4485,1.4492,1148.0
1784457720000,1.4498,1.4498,1.4486,1.4493,1520.0
1784457780000,1.4495,1.4497,1.4484,1.4484,2198.0
1784457840000,1.4489,1.4502,1.4489,1.4502,490.0
1784457900000,1.4502,1.4513,1.4495,1.4506,1244.0
1784457960000,1.4513,1.4521,1.4506,1.4508,676.0
1784458020000,1.4506,1.451,1.4502,1.4509,534.0
1784458080000,1.4502,1.4537,1.4501,1.4537,2461.0
1784458140000,1.4535,1.4535,1.4513,1.4522,823.0
1784458200000,1.452,1.4522,1.4505,1.4505,739.0
1784458260000,1.4508,1.4517,1.4502,1.4517,1997.0
1784458320000,1.4509,1.4517,1.4508,1.4512,1057.0
1784458380000,1.4516,1.4517,1.4504,1.4504,810.0
1784458440000,1.4515,1.4515,1.4496,1.4514,774.0
1784458500000,1.4505,1.4514,1.4504,1.4514,819.0
1784458560000,1.4508,1.4514,1.4508,1.4508,589.0
1784458620000,1.4514,1.4514,1.4508,1.4508,541.0
1784458680000,1.4508,1.4508,1.4486,1.4492,1244.0
1784458740000,1.4492,1.4496,1.449,1.4496,744.0
1784458800000,1.449,1.4496,1.4486,1.4486,688.0
1784458860000,1.4486,1.45,1.4485,1.45,826.0
1784458920000,1.45,1.45,1.449,1.4497,880.0
1784458980000,1.45,1.4501,1.4488,1.4492,1084.0
1784459040000,1.4492,1.4514,1.4484,1.4514,874.0
1784459100000,1.4504,1.4514,1.4498,1.4498,253.0
1784473680000,1.4336,1.4353,1.4327,1.4337,1070.0,1534.2076
1784473740000,1.4338,1.4345,1.4334,1.4337,1540.0,2208.2098
1784473800000,1.4335,1.4343,1.4333,1.4343,853.0,1222.8427
1784473860000,1.4336,1.4337,1.4332,1.4335,1467.0,2102.9914
1784473920000,1.4334,1.4344,1.4333,1.4343,2070.0,2967.4299
1784473980000,1.4333,1.4343,1.4331,1.4334,1245.0,1784.7522
1784474040000,1.4335,1.4341,1.4326,1.4339,1470.0,2107.4505
1784474100000,1.4335,1.435,1.4335,1.434,1288.0,1847.5074
1784474160000,1.4344,1.435,1.4319,1.4319,1996.0,2862.2953
1784474220000,1.4321,1.4331,1.4315,1.432,871.0,1247.3654
1784474280000,1.433,1.4335,1.432,1.4325,713.0,1021.7241
1784474340000,1.4325,1.4342,1.4325,1.4342,435.0,623.6024
1784474400000,1.4343,1.4343,1.4325,1.4335,997.0,1429.2452
1784474460000,1.4334,1.4334,1.4317,1.4318,803.0,1150.0994
1784474520000,1.4318,1.4323,1.4305,1.4305,708.0,1013.7579
1784474580000,1.4313,1.4328,1.4305,1.4328,817.0,1169.2023
1784474640000,1.4327,1.4328,1.4316,1.4316,732.0,1048.306
1784474700000,1.4318,1.433,1.4318,1.4328,639.0,915.1886
1784474760000,1.4326,1.4328,1.4312,1.4312,555.0,794.7915
1784474820000,1.4312,1.432,1.4312,1.4312,988.0,1414.3297
1784474880000,1.432,1.432,1.4303,1.4303,1021.0,1461.0503
1784474940000,1.4292,1.4303,1.4292,1.4303,752.0,1075.3178
1784475000000,1.4292,1.433,1.4292,1.433,549.0,785.3542
1784475060000,1.4331,1.4344,1.4329,1.4344,1518.0,2176.5735
1784475120000,1.4344,1.435,1.4341,1.4344,880.0,1262.3806
1784475180000,1.4343,1.4379,1.4341,1.4375,1847.0,2653.5638
1784475240000,1.4375,1.4375,1.4342,1.4367,1621.0,2327.578
1784475300000,1.4373,1.4378,1.4367,1.4377,981.0,1409.9588
1784475360000,1.4376,1.438,1.4367,1.4376,1003.0,1441.8742
1784475420000,1.4371,1.4387,1.4371,1.4387,783.0,1125.831
1784475480000,1.438,1.4387,1.4369,1.4375,906.0,1302.8763
1784475540000,1.4374,1.4384,1.437,1.4378,715.0,1028.0952
1784475600000,1.437,1.4389,1.437,1.4389,1385.0,1991.6462
1784475660000,1.4389,1.4402,1.4383,1.4402,459.0,660.7786
1784475720000,1.4385,1.4395,1.4383,1.4387,1105.0,1589.9602
1784475780000,1.4384,1.4395,1.4382,1.4384,1605.0,2309.035
1784475840000,1.4395,1.4396,1.4379,1.4396,1119.0,1609.9107
1784475900000,1.4385,1.4396,1.438,1.438,1735.0,2496.0367
1784475960000,1.4379,1.4397,1.4379,1.4396,1185.0,1705.3
1784476020000,1.4384,1.4389,1.4371,1.4375,231.0,332.1963
1784476080000,1.4372,1.4376,1.4367,1.437,147.0,211.2574
1784476140000,1.4375,1.4375,1.4365,1.4371,70.0,100.5902
1784476200000,1.4367,1.4386,1.4367,1.4379,524.0,753.4984
1784476260000,1.438,1.4386,1.4373,1.4384,626.0,900.0718
1784476320000,1.4383,1.4383,1.4365,1.4365,745.0,1070.8289
1784476380000,1.4361,1.4363,1.435,1.4363,1214.0,1743.0734
1784476440000,1.4363,1.4363,1.4354,1.4356,1045.0,1500.4813
1784476500000,1.4359,1.4366,1.4353,1.4365,1452.0,2084.8274
1784476560000,1.4355,1.4366,1.4354,1.4365,1251.0,1796.386
1784476620000,1.4355,1.4366,1.4355,1.4355,1439.0,2066.2119
1784476680000,1.4366,1.4375,1.4355,1.4375,1204.0,1729.4334
1784476740000,1.4374,1.4374,1.4367,1.4367,1140.0,1638.1625
1784476800000,1.4368,1.4371,1.436,1.4361,916.0,1315.9006
1784476860000,1.4371,1.4376,1.4348,1.4357,823.0,1181.8528
1784476920000,1.4352,1.4372,1.4352,1.4372,1798.0,2582.0029
1784476980000,1.4371,1.4372,1.4361,1.4368,735.0,1055.8632
1784477040000,1.4371,1.4371,1.4361,1.4368,523.0,751.3449
1784477100000,1.4371,1.4376,1.4361,1.4368,752.0,1080.4824
1784477160000,1.4368,1.4378,1.4315,1.4315,3641.0,5228.5529
1784477220000,1.4315,1.4331,1.4296,1.4296,1608.0,2302.1901
1784477280000,1.4296,1.4321,1.4296,1.4316,749.0,1071.9727
1784477340000,1.431,1.4323,1.4306,1.4316,993.0,1421.4387
1784477400000,1.4306,1.4314,1.4298,1.4305,463.0,662.2459
1784477460000,1.4305,1.4316,1.4298,1.4315,1019.0,1457.8991
1784477520000,1.4316,1.4322,1.4304,1.431,1348.0,1929.2402
1784477580000,1.432,1.4322,1.4307,1.4315,536.0,767.2692
1784477640000,1.4315,1.4317,1.4306,1.4315,777.0,1112.0084
1784477700000,1.4315,1.4315,1.4292,1.4302,1350.0,1930.7183
1784477760000,1.4302,1.4302,1.4293,1.4302,641.0,916.5245
1784477820000,1.4295,1.4307,1.4295,1.4299,3057.0,4372.6159
1784477880000,1.4297,1.4331,1.4297,1.4324,591.0,846.2779
1784477940000,1.4324,1.4324,1.4305,1.4316,2387.0,3415.5103
1784478000000,1.4316,1.4337,1.4311,1.4322,837.0,1198.7128
1784478060000,1.4311,1.4322,1.4311,1.4311,575.0,823.2131
1784478120000,1.4311,1.4337,1.4311,1.4329,3968.0,5687.7227
1784478180000,1.4334,1.4334,1.4303,1.4303,925.0,1323.9081
1784478240000,1.4312,1.4314,1.4302,1.4314,746.0,1067.34
1784478300000,1.4303,1.4312,1.4284,1.4295,862.0,1231.9618
1784478360000,1.4295,1.4297,1.4272,1.4275,1287.0,1838.3751
1784478420000,1.4283,1.4283,1.4272,1.4275,739.0,1055.278
1784478480000,1.4284,1.4284,1.4263,1.4267,1028.0,1466.7549
1784478540000,1.4265,1.4271,1.4239,1.4271,1412.0,2013.3477
1784478600000,1.4262,1.4282,1.426,1.4282,1557.0,2222.1956
1784478660000,1.4281,1.4299,1.4276,1.4283,1642.0,2345.4334
1784478720000,1.4282,1.4284,1.4267,1.4274,1090.0,1556.2776
1784478780000,1.4277,1.428,1.4267,1.4276,1371.0,1957.0012
1784478840000,1.4275,1.4275,1.4249,1.4251,860.0,1226.5504
1784478900000,1.4249,1.4256,1.4249,1.4251,1278.0,1821.3973
1784478960000,1.4251,1.4269,1.4249,1.4262,1594.0,2272.8352
1784479020000,1.4267,1.4274,1.4257,1.4264,711.0,1014.0935
1784479080000,1.4257,1.428,1.4257,1.428,807.0,1151.6111
1784479140000,1.4269,1.4282,1.4269,1.4281,547.0,780.7743
1784479200000,1.4276,1.4291,1.4274,1.4281,566.0,808.4774
1784479260000,1.4281,1.4309,1.4281,1.4295,637.0,910.44
1784479320000,1.4287,1.4296,1.4287,1.4295,330.0,471.5932
1784479380000,1.4295,1.4307,1.4287,1.4306,366.0,523.2763
1784479440000,1.4302,1.4302,1.4302,1.4302,35.0,50.057
1784479500000,1.4313,1.4323,1.4306,1.4316,1198.0,1715.146
1784479560000,1.4295,1.431,1.4295,1.4305,701.0,1002.7722
1784479620000,1.431,1.4321,1.4304,1.4304,1056.0,1511.0948
1784479680000,1.4312,1.4334,1.4306,1.4334,12755.0,18263.1317
1784479740000,1.4337,1.4339,1.4318,1.4327,1689.0,2419.8955
1784479800000,1.4327,1.4334,1.4314,1.4314,4158.0,5953.0457
1784479860000,1.4314,1.4324,1.4314,1.4322,857.0,1227.1139
1784479920000,1.4315,1.4322,1.4313,1.4315,723.0,1035.1504
1784479980000,1.4315,1.4322,1.4314,1.4317,864.0,1237.1275
1784480040000,1.4317,1.4322,1.4274,1.4301,1573.0,2250.089
1784480100000,1.4293,1.4301,1.4284,1.4284,970.0,1386.4124
1784480160000,1.4297,1.4299,1.4285,1.4286,744.0,1063.2869
1784480220000,1.4288,1.4296,1.4279,1.4279,1320.0,1885.4231
1784480280000,1.4279,1.4287,1.4262,1.4276,1364.0,1947.192
1784480340000,1.4276,1.4277,1.4241,1.4241,1500.0,2138.57
1784480400000,1.4242,1.4281,1.423,1.4272,1327.0,1891.8568
1784480460000,1.4272,1.4277,1.4237,1.4237,8776.0,12515.79
1784480520000,1.4232,1.4259,1.4231,1.4255,3890.0,5539.546
1784480580000,1.425,1.4252,1.4227,1.4248,2127.0,3029.9686
1784480640000,1.4246,1.4278,1.4246,1.4277,518.0,738.6262
1784480700000,1.4284,1.4291,1.4276,1.4282,543.0,775.4991
1784480760000,1.4278,1.4284,1.4271,1.4282,738.0,1053.7023
1784480820000,1.4283,1.4288,1.4276,1.428,733.0,1046.9065
1784480880000,1.4284,1.4307,1.4269,1.4307,2661.0,3800.9646
1784480940000,1.4308,1.4327,1.4306,1.4326,1841.0,2635.1366
1784481000000,1.433,1.433,1.4291,1.4314,2248.0,3214.3864
1784481060000,1.4313,1.4348,1.4313,1.4339,1459.0,2090.2709
1784481120000,1.4339,1.4339,1.4308,1.4322,1040.0,1489.2068
1784481180000,1.4326,1.4326,1.4306,1.4307,1081.0,1547.2714
1784481240000,1.4309,1.4327,1.4306,1.4317,1308.0,1872.9339
1784481300000,1.4325,1.4352,1.432,1.4337,902.0,1292.9992
1784481360000,1.4334,1.4339,1.4323,1.4326,1071.0,1534.4339
1784481420000,1.4322,1.4324,1.4321,1.4322,764.0,1094.2046
1784481480000,1.4317,1.4339,1.4317,1.4338,918.0,1315.6727
1784481540000,1.4338,1.4348,1.4333,1.4348,1120.0,1606.2521
1784481600000,1.4351,1.4365,1.4351,1.4365,860.0,1234.6454
1784481660000,1.4353,1.4365,1.4353,1.4364,562.0,807.0279
1784481720000,1.4364,1.4364,1.4349,1.4351,1275.0,1830.1867
1784481780000,1.4349,1.4349,1.4329,1.4337,1864.0,2673.3531
1784481840000,1.4334,1.4351,1.4334,1.4351,387.0,555.1121
1784481900000,1.4344,1.4366,1.4344,1.4351,834.0,1197.0359
1784481960000,1.4351,1.4365,1.4351,1.4352,645.0,926.1239
1784482020000,1.4352,1.4365,1.4347,1.4348,908.0,1303.468
1784482080000,1.4354,1.4354,1.4339,1.4351,976.0,1400.1405
1784482140000,1.4351,1.4361,1.4342,1.4359,539.0,773.6637
1784482200000,1.4353,1.4359,1.4348,1.4354,1048.0,1504.2682
1784482260000,1.4362,1.4373,1.4357,1.4359,999.0,1434.7262
1784482320000,1.4365,1.4374,1.4357,1.4367,923.0,1326.0209
1784482380000,1.4368,1.4372,1.4344,1.4344,1552.0,2228.0389
1784482440000,1.4352,1.4365,1.4351,1.4357,1647.0,2364.2939
1784482500000,1.4361,1.4374,1.4356,1.4365,572.0,821.6718
1784482560000,1.4354,1.4366,1.4354,1.4354,515.0,739.3713
1784482620000,1.436,1.436,1.4354,1.4356,481.0,690.5685
1784482680000,1.4361,1.4361,1.4337,1.4338,715.0,1025.6239
1784482740000,1.4343,1.4343,1.4335,1.4338,1659.0,2378.6114
1784482800000,1.4333,1.4343,1.4326,1.4337,1394.0,1997.9355
1784482860000,1.4337,1.4337,1.4317,1.4325,1136.0,1627.8976
1784482920000,1.4324,1.4336,1.4316,1.4336,1271.0,1820.5065
1784482980000,1.4335,1.4335,1.4327,1.4334,744.0,1066.222
1784483040000,1.4334,1.4342,1.4328,1.4332,1018.0,1459.0573
1784483100000,1.4333,1.4343,1.4322,1.4333,1226.0,1756.8605
1784483160000,1.4345,1.4345,1.4333,1.4337,589.0,844.5874
1784483220000,1.4344,1.4359,1.4344,1.4359,826.0,1185.5916
1784483280000,1.4353,1.4353,1.4339,1.4345,333.0,477.7604
1784483340000,1.4349,1.4351,1.4335,1.4342,478.0,685.5632
1784483400000,1.4336,1.4344,1.4336,1.4337,579.0,830.2469
1784483460000,1.4341,1.4344,1.4327,1.4327,903.0,1294.6126
1784483520000,1.4327,1.4338,1.4327,1.4338,689.0,987.3465
1784483580000,1.4339,1.4345,1.4327,1.4327,900.0,1290.2497
1784483640000,1.4335,1.4335,1.4327,1.4327,754.0,1080.5436
1784483700000,1.4327,1.436,1.4327,1.4349,841.0,1206.3765
1784483760000,1.4358,1.4358,1.4341,1.4341,746.0,1070.4528
1784483820000,1.4349,1.4351,1.4341,1.4349,860.0,1233.6898
1784483880000,1.4341,1.4341,1.4326,1.4333,1156.0,1656.9417
1784483940000,1.434,1.434,1.4332,1.434,897.0,1286.124
1784484000000,1.434,1.4342,1.4332,1.434,765.0,1096.7298
1784484060000,1.4343,1.4343,1.4334,1.4337,861.0,1234.4294
1784484120000,1.4341,1.4341,1.4315,1.4317,1234.0,1767.956
1784484180000,1.4322,1.4322,1.4309,1.4319,777.0,1112.5278
1784484240000,1.4318,1.4333,1.431,1.4321,1162.0,1663.7258
1784484300000,1.4323,1.4347,1.4322,1.4347,699.0,1001.6968
1784484360000,1.4333,1.4358,1.4327,1.4334,2819.0,4042.5531
1784484420000,1.4335,1.4335,1.4315,1.4315,1105.0,1583.3992
1784484480000,1.4317,1.4323,1.4283,1.4311,1528.0,2185.7703
1784484540000,1.4311,1.4331,1.4311,1.4316,783.0,1121.2737
1784484600000,1.4316,1.4325,1.4316,1.4316,772.0,1105.4663
1784484660000,1.4316,1.4325,1.4313,1.4316,732.0,1048.2538
1784484720000,1.4316,1.4325,1.4307,1.432,870.0,1245.5062
1784484780000,1.432,1.4336,1.4307,1.4323,3335.0,4776.2675
1784484840000,1.4324,1.4328,1.432,1.4323,959.0,1373.6118
1784484900000,1.4317,1.4334,1.4317,1.4325,1167.0,1671.6116
1784484960000,1.4322,1.4327,1.4315,1.4324,792.0,1134.0832
1784485020000,1.4323,1.4327,1.4313,1.4318,930.0,1331.5785
1784485080000,1.4325,1.4327,1.4313,1.4317,475.0,680.2625
1784485140000,1.4317,1.4334,1.4317,1.4323,916.0,1312.1261
1784485200000,1.4325,1.4325,1.4317,1.4317,412.0,589.9836
1784485260000,1.4325,1.4325,1.4305,1.4305,655.0,937.4451
1784485320000,1.4308,1.4308,1.4294,1.4296,1042.0,1490.0415
1784485380000,1.4295,1.4295,1.4266,1.4266,1196.0,1707.3428
1784485440000,1.4267,1.4275,1.4264,1.4265,938.0,1338.3959
1784485500000,1.4274,1.4279,1.4265,1.4276,1661.0,2370.6015
1784485560000,1.4266,1.4275,1.4256,1.4268,834.0,1190.0078
1784485620000,1.4275,1.4276,1.4245,1.4259,2242.0,3198.2915
1784485680000,1.426,1.4269,1.4257,1.4263,1305.0
1784485740000,1.4262,1.4266,1.4256,1.4256,1582.0
1784485800000,1.4256,1.4256,1.4235,1.4238,1123.0
1784485860000,1.4235,1.4253,1.4235,1.4246,1218.0
1784485920000,1.4252,1.4255,1.4246,1.4252,785.0
1784485980000,1.4252,1.4252,1.4228,1.4238,2243.0
1784486040000,1.424,1.4256,1.424,1.4251,1308.0
1784486100000,1.426,1.4279,1.4251,1.4279,2917.0
1784486160000,1.4263,1.4275,1.4257,1.4271,1390.0
1784486220000,1.4265,1.4271,1.426,1.427,1349.0
1784486280000,1.4262,1.4271,1.4262,1.4271,1079.0
1784486340000,1.4271,1.4274,1.4263,1.4274,1035.0
1784486400000,1.4276,1.4276,1.4264,1.4264,1137.0
1784486460000,1.427,1.4272,1.4264,1.427,845.0
1784486520000,1.4267,1.4272,1.4228,1.424,3892.0
1784486580000,1.4245,1.4254,1.4245,1.4253,865.0
1784486640000,1.4247,1.4258,1.4247,1.4253,1264.0
1784486700000,1.4252,1.4264,1.4247,1.4256,975.0
1784486760000,1.4261,1.4264,1.4229,1.4243,4166.0
1784486820000,1.4237,1.4245,1.4217,1.4225,982.0
1784486880000,1.4217,1.4243,1.4217,1.4243,1651.0
1784486940000,1.4245,1.4256,1.4244,1.4255,942.0
1784487000000,1.4255,1.4256,1.4233,1.4242,1126.0
1784487060000,1.4244,1.4244,1.4235,1.4244,575.0
1784487120000,1.4244,1.4253,1.4236,1.4248,1543.0
1784487180000,1.4241,1.4259,1.4237,1.4237,3603.0
1784487240000,1.4243,1.4246,1.4225,1.4227,1019.0
1784487300000,1.4227,1.4242,1.4211,1.4211,8366.0
1784487360000,1.422,1.4229,1.4209,1.4229,995.0
1784487420000,1.4221,1.4236,1.4221,1.4236,1326.0
1784487480000,1.4234,1.4241,1.4233,1.4241,1321.0
1784487540000,1.4248,1.4253,1.4244,1.4253,593.0
1784487600000,1.4255,1.4262,1.4246,1.4251,1342.0
1784487660000,1.425,1.4259,1.4246,1.4253,1841.0
1784487720000,1.426,1.4279,1.4251,1.4273,865.0
1784487780000,1.4276,1.4323,1.4271,1.4318,1431.0
1784487840000,1.4317,1.4326,1.4302,1.4312,1887.0
1784487900000,1.4307,1.4319,1.4306,1.4317,901.0
1784487960000,1.4316,1.4336,1.4306,1.433,1270.0
1784488020000,1.4327,1.4336,1.432,1.4322,1231.0
1784488080000,1.4314,1.4327,1.4309,1.4321,1338.0
1784488140000,1.4321,1.4327,1.432,1.4327,782.0
1784488200000,1.4326,1.4328,1.4306,1.4319,1821.0
1784488260000,1.4314,1.4326,1.4314,1.4325,766.0
1784488320000,1.4324,1.4324,1.4299,1.431,1477.0
1784488380000,1.4301,1.4311,1.4298,1.43,838.0
1784488440000,1.4301,1.4322,1.4301,1.4322,642.0
1784488500000,1.4319,1.4323,1.4311,1.4323,837.0
1784488560000,1.4314,1.4323,1.4314,1.4316,724.0
1784488620000,1.4323,1.4323,1.432,1.4323,892.0
1784488680000,1.4323,1.4323,1.4291,1.4291,2378.0
1784488740000,1.43,1.4326,1.4298,1.4323,1206.0
1784488800000,1.4314,1.4325,1.4313,1.432,639.0
1784488860000,1.4314,1.4319,1.4303,1.4304,684.0
1784488920000,1.431,1.4319,1.431,1.4317,1246.0
1784488980000,1.4315,1.432,1.431,1.432,800.0
1784489040000,1.4318,1.4325,1.4318,1.4318,517.0
1784489100000,1.4318,1.4321,1.4309,1.4309,1005.0
1784503680000,1.4417,1.4418,1.4404,1.4407,1314.0,1893.6005
1784503740000,1.4405,1.441,1.4403,1.4406,1084.0,1561.6266
1784503800000,1.4408,1.441,1.4394,1.4402,1124.0,1619.0857
1784503860000,1.4401,1.4408,1.4401,1.4407,758.0,1091.872
1784503920000,1.4409,1.4416,1.4408,1.4409,754.0,1086.6035
1784503980000,1.4409,1.4415,1.4406,1.4415,752.0,1083.7471
1784504040000,1.4407,1.4415,1.4402,1.4405,924.0,1331.2723
1784504100000,1.4401,1.4419,1.4401,1.4414,1020.0,1470.1138
1784504160000,1.4411,1.4425,1.4409,1.4425,842.0,1214.0673
1784504220000,1.4425,1.4425,1.4407,1.441,613.0,883.6906
1784504280000,1.4412,1.4432,1.4412,1.4428,716.0,1032.6288
1784504340000,1.4428,1.4428,1.4417,1.4417,675.0,973.4872
1784504400000,1.4416,1.4432,1.4416,1.4431,632.0,911.6249
1784504460000,1.4416,1.4428,1.4416,1.4422,755.0,1089.0288
1784504520000,1.443,1.443,1.4416,1.4416,2366.0,3411.9359
1784504580000,1.4425,1.4432,1.4418,1.4432,600.0,865.3942
1784504640000,1.4429,1.4432,1.4417,1.4422,2184.0,3150.561
1784504700000,1.4417,1.4417,1.4391,1.44,1200.0,1728.4277
1784504760000,1.4399,1.4411,1.4396,1.4401,906.0,1304.7211
1784504820000,1.4401,1.4418,1.4401,1.4414,1131.0,1629.8638
1784504880000,1.4414,1.4417,1.4408,1.4408,1058.0,1524.7095
1784504940000,1.4411,1.4412,1.4406,1.4411,1694.0,2440.9154
1784505000000,1.4407,1.4412,1.4406,1.4409,1355.0,1952.5179
1784505060000,1.4407,1.4426,1.4407,1.442,1241.0,1789.7317
1784505120000,1.4419,1.4425,1.4419,1.4421,1256.0,1811.407
1784505180000,1.4424,1.4425,1.4421,1.4421,958.0,1381.708
1784505240000,1.4425,1.4425,1.4416,1.4416,688.0,992.1372
1784505300000,1.4417,1.4417,1.4415,1.4417,870.0,1254.2247
1784505360000,1.4417,1.4435,1.4417,1.4426,1651.0,2382.0483
1784505420000,1.4426,1.4438,1.4426,1.4438,753.0,1086.7821
1784505480000,1.4438,1.4446,1.4429,1.4446,1257.0,1814.6642
1784505540000,1.444,1.4446,1.4438,1.4439,1431.0,2066.5171
1784505600000,1.4444,1.4447,1.4426,1.4429,5382.0,7768.8276
1784505660000,1.4432,1.4432,1.4413,1.4419,1156.0,1667.2382
1784505720000,1.4419,1.4444,1.4413,1.4442,4862.0,7020.1422
1784505780000,1.4441,1.445,1.4439,1.444,1475.0,2130.3446
1784505840000,1.4448,1.4451,1.4441,1.4441,1393.0,2012.2852
1784505900000,1.4447,1.4461,1.4442,1.446,1276.0,1844.5796
1784505960000,1.4464,1.4489,1.4464,1.4482,2232.0,3230.4071
1784506020000,1.4488,1.4585,1.4485,1.4544,3153.0,4585.4839
1784506080000,1.4524,1.4556,1.4524,1.4547,786.0,1143.1789
1784506140000,1.4553,1.4588,1.4548,1.4588,1053.0,1533.8305
1784506200000,1.4589,1.4601,1.455,1.4585,6703.0,9775.5054
1784506260000,1.4576,1.4585,1.4572,1.4585,515.0,750.8376
1784506320000,1.4585,1.4595,1.4571,1.4583,3630.0,5292.9811
1784506380000,1.4585,1.4605,1.4582,1.46,6596.0,9623.6757
1784506440000,1.4596,1.4613,1.4591,1.4592,1217.0,1776.9203
1784506500000,1.4591,1.4607,1.4589,1.4602,1656.0,2417.3156
1784506560000,1.4602,1.4626,1.4591,1.4606,1288.0,1881.183
1784506620000,1.4604,1.4622,1.4593,1.4605,2421.0,3536.2764
1784506680000,1.4602,1.4614,1.4599,1.4607,1967.0,2872.2303
1784506740000,1.4607,1.4657,1.4599,1.4636,12420.0,18169.5405
1784506800000,1.4635,1.4638,1.4612,1.4616,3171.0,4637.0847
1784506860000,1.4617,1.4624,1.4611,1.4613,3989.0,5830.6041
1784506920000,1.4622,1.4624,1.4611,1.4613,1196.0,1748.1741
1784506980000,1.4615,1.4628,1.4605,1.4614,4535.0,6628.3199
1784507040000,1.4614,1.4626,1.4613,1.4626,762.0,1114.0368
1784507100000,1.462,1.462,1.4601,1.4612,1419.0,2073.2305
1784507160000,1.4616,1.4618,1.4609,1.4612,1183.0,1728.7137
1784507220000,1.4618,1.4627,1.461,1.4627,655.0,957.5496
1784507280000,1.4627,1.4642,1.4627,1.4628,841.0,1230.7288
1784507340000,1.4627,1.4629,1.4621,1.4626,1012.0,1480.0939
1784507400000,1.463,1.463,1.462,1.4629,742.0,1085.2182
1784507460000,1.4629,1.4629,1.4621,1.4629,765.0,1118.7561
1784507520000,1.462,1.4629,1.4611,1.4619,1429.0,2089.1668
1784507580000,1.4629,1.4629,1.4609,1.4615,2764.0,4040.6758
1784507640000,1.4611,1.4627,1.4609,1.462,1315.0,1922.5305
1784507700000,1.4627,1.4628,1.4611,1.4627,1098.0,1605.0533
1784507760000,1.4627,1.4628,1.462,1.4628,492.0,719.5297
1784507820000,1.462,1.4628,1.4618,1.4618,688.0,1006.0504
1784507880000,1.4618,1.4642,1.4618,1.4642,285.0,416.8442
1784507940000,1.4646,1.4646,1.462,1.4622,967.0,1414.9291
1784508000000,1.462,1.4628,1.4611,1.4628,554.0,810.1169
1784508060000,1.4618,1.4638,1.4611,1.4636,13611.0,19897.5862
1784508120000,1.4636,1.4637,1.4632,1.4636,1714.0,2508.4397
1784508180000,1.4636,1.4636,1.4608,1.4616,1020.0,1491.4582
1784508240000,1.4617,1.4626,1.4612,1.4616,614.0,897.6548
1784508300000,1.4616,1.4616,1.4546,1.4549,791.0,1153.8825
1784508360000,1.4553,1.4585,1.4538,1.4571,1636.0,2382.1726
1784508420000,1.4582,1.4584,1.457,1.457,658.0,959.1192
1784508480000,1.457,1.4578,1.4569,1.457,901.0,1313.0614
1784508540000,1.457,1.457,1.4547,1.4563,851.0,1238.9031
1784508600000,1.4562,1.4562,1.4543,1.4543,1262.0,1836.6124
1784508660000,1.4539,1.4565,1.4538,1.4543,1791.0,2606.4577
1784508720000,1.4548,1.4548,1.4498,1.4507,1255.0,1821.7096
1784508780000,1.4507,1.4528,1.4507,1.4526,692.0,1004.6042
1784508840000,1.4527,1.4535,1.4518,1.4535,939.0,1364.1466
1784508900000,1.4535,1.4537,1.4525,1.4532,1179.0,1713.4898
1784508960000,1.4523,1.4537,1.4523,1.453,1913.0,2779.5064
1784509020000,1.4527,1.4531,1.4516,1.4517,1338.0,1942.5668
1784509080000,1.4507,1.451,1.4506,1.451,293.0,425.0962
1784509140000,1.4515,1.4515,1.4506,1.4512,597.0,866.2563
1784509200000,1.4514,1.4526,1.4508,1.4524,1425.0,2068.6888
1784509260000,1.452,1.4536,1.4518,1.4526,1059.0,1538.3714
1784509320000,1.4518,1.4535,1.4518,1.4535,504.0,731.9623
1784509380000,1.4535,1.4556,1.4535,1.4548,1259.0,1830.5841
1784509440000,1.4541,1.4548,1.4541,1.4548,785.0,1141.7203
1784509500000,1.4574,1.4597,1.4573,1.4597,970.0,1414.3598
1784509560000,1.4594,1.4607,1.4594,1.4607,554.0,808.9878
1784509620000,1.4599,1.4611,1.4598,1.4608,920.0,1343.4791
1784509680000,1.4607,1.4615,1.4604,1.4612,628.0,917.4753
1784509740000,1.4613,1.4645,1.4612,1.4645,1136.0,1660.8519
1784509800000,1.4644,1.4649,1.4601,1.4601,2538.0,3712.6166
1784509860000,1.4603,1.4616,1.4602,1.4606,5082.0,7422.9736
1784509920000,1.4598,1.4616,1.4598,1.461,935.0,1365.4998
1784509980000,1.46,1.4611,1.4599,1.4603,1021.0,1490.9922
1784510040000,1.4603,1.4608,1.4593,1.4601,809.0,1181.113
1784510100000,1.4607,1.4607,1.4593,1.4607,1079.0,1575.6575
1784510160000,1.4607,1.4608,1.4604,1.4607,1098.0,1603.7472
1784510220000,1.4608,1.4615,1.4594,1.4605,1413.0,2063.7913
1784510280000,1.4598,1.4598,1.4573,1.4595,974.0,1420.675
1784510340000,1.4587,1.4587,1.453,1.4533,886.0,1290.5642
1784510400000,1.4546,1.456,1.4539,1.4557,1070.0,1557.1933
1784510460000,1.4549,1.4565,1.4549,1.4562,357.0,519.6823
1784510520000,1.4562,1.4576,1.4558,1.4563,1002.0,1459.5069
1784510580000,1.4566,1.4576,1.4562,1.4575,920.0,1340.1291
1784510640000,1.4575,1.4598,1.4571,1.4575,4803.0,7005.4804
1784510700000,1.4578,1.4588,1.4575,1.4587,673.0,981.4269
1784510760000,1.4587,1.4587,1.4564,1.4568,783.0,1141.3953
1784510820000,1.4575,1.4576,1.4567,1.4574,1318.0,1920.4959
1784510880000,1.4573,1.4573,1.4562,1.457,1130.0,1646.3371
1784510940000,1.4575,1.4575,1.4553,1.4553,1173.0,1708.0674
1784511000000,1.4553,1.4553,1.454,1.4547,623.0,906.3457
1784511060000,1.4545,1.4559,1.454,1.4548,743.0,1080.9606
1784511120000,1.4548,1.4554,1.4519,1.4523,1226.0,1781.6875
1784511180000,1.4523,1.4536,1.451,1.4521,1664.0,2416.4461
1784511240000,1.4513,1.4521,1.4509,1.4515,1115.0,1618.5914
1784511300000,1.4515,1.4515,1.4485,1.4489,1652.0,2396.3996
1784511360000,1.4501,1.4525,1.4501,1.4517,1665.0,2415.8968
1784511420000,1.4523,1.4525,1.4517,1.4525,1088.0,1579.891
1784511480000,1.4517,1.4533,1.4517,1.452,1832.0,2660.7651
1784511540000,1.4513,1.4518,1.4505,1.4511,740.0,1073.968
1784511600000,1.4515,1.4529,1.4515,1.4516,805.0,1168.6804
1784511660000,1.4517,1.4527,1.4515,1.4527,438.0,635.9408
1784511720000,1.4514,1.4527,1.4485,1.4486,1021.0,1480.3358
1784511780000,1.4486,1.4496,1.4466,1.4473,1004.0,1453.804
1784511840000,1.4467,1.4489,1.4466,1.4479,1288.0,1864.6728
1784511900000,1.4489,1.4489,1.4477,1.4477,1436.0,2079.8965
1784511960000,1.4477,1.4477,1.4464,1.4472,1053.0,1523.8316
1784512020000,1.4473,1.4486,1.4469,1.4475,1385.0,2005.4739
1784512080000,1.4475,1.4477,1.4466,1.4474,1050.0,1519.5405
1784512140000,1.4466,1.4486,1.4466,1.4477,786.0,1137.9784
1784512200000,1.4477,1.4486,1.4446,1.4451,810.0,1172.0235
1784512260000,1.4449,1.4454,1.4441,1.4449,1123.0,1622.6923
1784512320000,1.444,1.4447,1.4429,1.4429,1093.0,1577.8005
1784512380000,1.4436,1.4439,1.4429,1.4433,583.0,841.5938
1784512440000,1.4434,1.4438,1.4425,1.4431,514.0,741.7653
1784512500000,1.4434,1.4444,1.4431,1.4438,677.0,977.3242
1784512560000,1.4431,1.4447,1.4431,1.4442,2004.0,2893.927
1784512620000,1.4447,1.4456,1.4442,1.4456,973.0,1405.5374
1784512680000,1.4456,1.4464,1.4445,1.4447,724.0,1046.2924
1784512740000,1.4456,1.4464,1.4442,1.4442,695.0,1004.2425
1784512800000,1.4441,1.4459,1.443,1.4459,968.0,1398.0525
1784512860000,1.4459,1.4484,1.4459,1.4484,654.0,946.7658
1784512920000,1.4484,1.4504,1.4477,1.4499,1385.0,2006.8984
1784512980000,1.4509,1.4515,1.4495,1.4506,1135.0,1646.1849
1784513040000,1.4514,1.4525,1.4513,1.4525,690.0,1001.7855
1784513100000,1.4526,1.4541,1.4515,1.4529,971.0,1410.4233
1784513160000,1.4526,1.4534,1.452,1.4534,562.0,816.4136
1784513220000,1.4534,1.4534,1.4514,1.4518,732.0,1063.0218
1784513280000,1.4515,1.4516,1.4507,1.4516,487.0,706.7209
1784513340000,1.4507,1.4526,1.4507,1.4526,667.0,968.2218
1784513400000,1.4517,1.4526,1.451,1.4517,768.0,1115.0849
1784513460000,1.4525,1.4525,1.4517,1.4523,566.0,821.9188
1784513520000,1.4525,1.4526,1.4507,1.4514,3105.0,4507.3938
1784513580000,1.4508,1.4514,1.4508,1.4514,683.0,991.0543
1784513640000,1.4514,1.4514,1.4498,1.4498,674.0,977.825
1784513700000,1.4498,1.4501,1.4477,1.448,605.0,876.7506
1784513760000,1.4478,1.4495,1.4478,1.4495,407.0,589.5591
1784513820000,1.4487,1.4506,1.4487,1.4497,882.0,1278.5011
1784513880000,1.4497,1.4497,1.4479,1.4489,702.0,1017.0677
1784513940000,1.4482,1.4489,1.4476,1.4476,727.0,1052.8308
1784514000000,1.4484,1.4484,1.4459,1.4473,545.0,788.5875
1784514060000,1.4467,1.4484,1.4467,1.448,674.0,975.4501
1784514120000,1.4484,1.4496,1.4476,1.4495,1287.0,1864.4712
1784514180000,1.4488,1.4495,1.4478,1.4482,562.0,814.2114
1784514240000,1.4481,1.4488,1.4478,1.4485,663.0,960.2741
1784514300000,1.4486,1.4498,1.4479,1.448,2061.0,2986.3342
1784514360000,1.448,1.4481,1.4469,1.4477,1964.0,2843.2501
1784514420000,1.4477,1.4477,1.4469,1.4477,875.0,1266.432
1784514480000,1.4476,1.4485,1.447,1.4477,516.0,747.0497
1784514540000,1.4484,1.4485,1.4478,1.4484,970.0,1404.6972
1784514600000,1.4485,1.4498,1.4478,1.4491,262.0,379.5492
1784514660000,1.4494,1.4505,1.4487,1.4489,750.0,1086.9434
1784514720000,1.4495,1.4523,1.4487,1.4523,404.0,585.8363
1784514780000,1.4527,1.4537,1.4515,1.4523,912.0,1324.5559
1784514840000,1.4515,1.4527,1.4511,1.4514,1331.0,1932.5317
1784514900000,1.4514,1.453,1.4509,1.4522,1457.0,2115.2504
1784514960000,1.4515,1.4525,1.4515,1.4519,1728.0,2509.0516
1784515020000,1.4523,1.4533,1.451,1.451,1967.0,2855.7444
1784515080000,1.4512,1.4524,1.4512,1.4519,874.0,1268.9426
1784515140000,1.452,1.4526,1.4516,1.4526,550.0,798.6136
1784515200000,1.4526,1.4526,1.4516,1.4516,787.0,1142.7804
1784515260000,1.4529,1.4542,1.4529,1.4536,588.0,854.7808
1784515320000,1.4538,1.4574,1.4538,1.4566,1410.0,2052.913
1784515380000,1.4573,1.4573,1.4562,1.4568,920.0,1340.0258
1784515440000,1.4563,1.4582,1.456,1.4566,676.0,984.8657
1784515500000,1.4561,1.4566,1.4558,1.4565,667.0,971.4171
1784515560000,1.4566,1.4574,1.4561,1.4571,551.0,802.5558
1784515620000,1.4574,1.4575,1.4566,1.4575,878.0,1279.2238
1784515680000,1.4585,1.4594,1.4578,1.4594,434.0
1784515740000,1.4589,1.4594,1.4584,1.4594,512.0
1784515800000,1.4595,1.4596,1.4581,1.4582,1296.0
1784515860000,1.4585,1.4614,1.4578,1.4578,3942.0
1784515920000,1.4583,1.4603,1.4583,1.4595,2001.0
1784515980000,1.4595,1.4616,1.4586,1.4586,1423.0
1784516040000,1.4578,1.4592,1.4572,1.4587,894.0
1784516100000,1.4592,1.4592,1.457,1.457,1448.0
1784516160000,1.457,1.4586,1.457,1.4586,1007.0
1784516220000,1.4577,1.4586,1.4576,1.4586,1027.0
1784516280000,1.4577,1.4586,1.4577,1.4583,901.0
1784516340000,1.458,1.4586,1.4579,1.4586,527.0
1784516400000,1.4586,1.4587,1.4579,1.4583,644.0
1784516460000,1.4594,1.4595,1.4581,1.4585,584.0
1784516520000,1.459,1.4592,1.4578,1.4587,1509.0
1784516580000,1.4594,1.4603,1.4587,1.4596,520.0
1784516640000,1.4595,1.4603,1.4587,1.4591,421.0
1784516700000,1.4587,1.4593,1.4569,1.4572,2395.0
1784516760000,1.4567,1.4577,1.4564,1.4577,887.0
1784516820000,1.4577,1.4577,1.4567,1.4577,627.0
1784516880000,1.458,1.4583,1.4575,1.4575,710.0
1784516940000,1.4581,1.4583,1.4575,1.4583,678.0
1784517000000,1.4583,1.4593,1.4575,1.4593,863.0
1784517060000,1.4593,1.4593,1.4579,1.458,807.0
1784517120000,1.4578,1.4587,1.4571,1.4577,591.0
1784517180000,1.4579,1.4586,1.4577,1.4586,810.0
1784517240000,1.4586,1.4593,1.4577,1.4586,536.0
1784517300000,1.458,1.4588,1.4579,1.4588,1098.0
1784517360000,1.4595,1.4598,1.4591,1.4592,1658.0
1784517420000,1.4594,1.4603,1.4589,1.4601,4627.0
1784517480000,1.46,1.46,1.457,1.4585,6672.0
1784517540000,1.4588,1.4588,1.4582,1.4582,500.0
1784517600000,1.4581,1.4581,1.457,1.457,733.0
1784517660000,1.4581,1.4587,1.4577,1.4577,426.0
1784517720000,1.4587,1.4587,1.457,1.457,877.0
1784517780000,1.4577,1.4577,1.4547,1.4555,848.0
1784517840000,1.455,1.458,1.4547,1.4561,1565.0
1784517900000,1.4562,1.4562,1.4535,1.4557,798.0
1784517960000,1.4557,1.4557,1.453,1.4535,875.0
1784518020000,1.4529,1.4535,1.4523,1.4532,464.0
1784518080000,1.4534,1.4539,1.4528,1.4528,1023.0
1784518140000,1.4524,1.4537,1.4524,1.4533,552.0
1784518200000,1.4527,1.4546,1.4527,1.4545,708.0
1784518260000,1.4544,1.4549,1.4539,1.4547,1605.0
1784518320000,1.4542,1.4558,1.4539,1.4545,1146.0
1784518380000,1.454,1.455,1.454,1.4546,872.0
1784518440000,1.4547,1.4548,1.454,1.4542,727.0
1784518500000,1.4543,1.4546,1.4538,1.4538,1109.0
1784518560000,1.4536,1.4536,1.4526,1.4535,935.0
1784518620000,1.4537,1.4545,1.4528,1.4532,1153.0
1784518680000,1.4533,1.4533,1.4519,1.4519,871.0
1784518740000,1.4519,1.4519,1.4497,1.4507,850.0
1784518800000,1.4508,1.4515,1.4499,1.4499,1032.0
1784518860000,1.4497,1.4508,1.449,1.4498,1225.0
1784518920000,1.4498,1.4512,1.4498,1.4504,1127.0
1784518980000,1.4507,1.4508,1.4501,1.4504,276.0
1784519040000,1.4504,1.4513,1.4504,1.4508,933.0
1784519100000,1.4503,1.452,1.4503,1.4512,1210.0
1784533680000,1.4319,1.4323,1.4314,1.4323,523.0,748.9294
1784533740000,1.4322,1.4332,1.4312,1.4332,2840.0,4066.6574
1784533800000,1.4324,1.4343,1.4324,1.4332,981.0,1406.2359
1784533860000,1.4344,1.4352,1.4332,1.434,1552.0,2225.7959
1784533920000,1.4343,1.4356,1.4342,1.4355,723.0,1037.46
1784533980000,1.4342,1.4362,1.4342,1.436,718.0,1030.2887
1784534040000,1.4347,1.4365,1.4347,1.4349,1179.0,1692.4951
1784534100000,1.435,1.4382,1.4346,1.4347,1459.0,2094.9715
1784534160000,1.4347,1.4361,1.4337,1.4337,1322.0,1897.423
1784534220000,1.4352,1.4355,1.4336,1.4336,1576.0,2261.0814
1784534280000,1.4337,1.4354,1.4333,1.4334,1484.0,2128.5194
1784534340000,1.4346,1.4346,1.4333,1.434,1291.0,1851.4104
1784534400000,1.4342,1.4345,1.4337,1.4342,710.0,1018.3717
1784534460000,1.4341,1.4342,1.4336,1.4342,964.0,1382.3918
1784534520000,1.4335,1.4364,1.4335,1.4355,1348.0,1933.882
1784534580000,1.4361,1.4379,1.4356,1.4377,1295.0,1860.4274
1784534640000,1.4377,1.4377,1.4356,1.4366,1240.0,1781.1256
1784534700000,1.4363,1.4368,1.4348,1.4354,1104.0,1585.0919
1784534760000,1.4354,1.4362,1.4348,1.4359,1336.0,1917.8952
1784534820000,1.4357,1.4361,1.4354,1.4361,825.0,1184.4695
1784534880000,1.4356,1.4357,1.4349,1.4349,1429.0,2051.0394
1784534940000,1.4348,1.4356,1.4347,1.4355,1069.0,1534.15
1784535000000,1.4355,1.4356,1.4339,1.4345,911.0,1307.2158
1784535060000,1.4341,1.4344,1.4335,1.4336,820.0,1175.8442
1784535120000,1.434,1.4364,1.4336,1.4364,1326.0,1902.4229
1784535180000,1.436,1.4377,1.436,1.4369,1028.0,1477.0894
1784535240000,1.4369,1.4377,1.4369,1.4371,476.0,684.0761
1784535300000,1.4367,1.4367,1.4358,1.4365,1483.0,2130.322
1784535360000,1.4364,1.4376,1.4359,1.4373,1747.0,2510.5038
1784535420000,1.4368,1.438,1.4336,1.4336,1431.0,2055.9944
1784535480000,1.4332,1.4342,1.4324,1.4332,596.0,854.1472
1784535540000,1.433,1.4342,1.4325,1.4327,1135.0,1626.5783
1784535600000,1.4324,1.4336,1.432,1.4331,1348.0,1931.2087
1784535660000,1.433,1.4336,1.432,1.4324,1831.0,2622.7248
1784535720000,1.4325,1.4325,1.4321,1.4322,1064.0,1523.9329
1784535780000,1.432,1.4328,1.432,1.4325,2124.0,3041.9798
1784535840000,1.433,1.4341,1.4326,1.4334,905.0,1296.8885
1784535900000,1.4341,1.4344,1.4334,1.4342,814.0,1167.2121
1784535960000,1.4341,1.4343,1.4329,1.4335,1611.0,2309.1381
1784536020000,1.4335,1.4335,1.4308,1.431,3721.0,5328.6656
1784536080000,1.4308,1.4324,1.4308,1.4323,792.0,1133.7961
1784536140000,1.4324,1.4324,1.4316,1.4316,1054.0,1509.3931
1784536200000,1.4323,1.4332,1.4316,1.4329,1717.0,2459.7594
1784536260000,1.433,1.4344,1.4327,1.4342,717.0,1027.5864
1784536320000,1.4341,1.4345,1.4335,1.4345,945.0,1355.1826
1784536380000,1.4337,1.4348,1.4335,1.4335,493.0,707.0063
1784536440000,1.4335,1.4377,1.4316,1.436,11306.0,16220.2373
1784536500000,1.4359,1.4367,1.4327,1.4327,2029.0,2910.8097
1784536560000,1.433,1.433,1.4294,1.4304,2716.0,3888.0483
1784536620000,1.4297,1.4299,1.4218,1.4226,7982.0,11379.2277
1784536680000,1.4235,1.425,1.4229,1.4248,1089.0,1550.684
1784536740000,1.4244,1.4265,1.4244,1.4246,1001.0,1426.4337
1784536800000,1.4248,1.4264,1.4246,1.4256,729.0,1039.3701
1784536860000,1.4261,1.4271,1.4256,1.4271,1250.0,1783.4227
1784536920000,1.4256,1.4266,1.4252,1.4252,866.0,1234.8061
1784536980000,1.4249,1.4262,1.4247,1.426,1370.0,1952.5387
1784537040000,1.4253,1.4255,1.4235,1.4246,2332.0,3322.6556
1784537100000,1.4244,1.4246,1.423,1.4243,880.0,1253.0412
1784537160000,1.4248,1.4248,1.4222,1.4229,2089.0,2973.1129
1784537220000,1.4236,1.4238,1.4181,1.4219,1730.0,2458.7883
1784537280000,1.4217,1.4234,1.418,1.4206,1955.0,2777.3172
1784537340000,1.4207,1.4224,1.4207,1.4216,1102.0,1566.6888
1784537400000,1.4222,1.4233,1.4214,1.4214,3317.0,4718.9519
1784537460000,1.4215,1.4215,1.4203,1.4213,1361.0,1934.0024
1784537520000,1.4213,1.4218,1.4204,1.4213,1900.0,2700.816
1784537580000,1.4205,1.4213,1.4201,1.4211,914.0,1298.6438
1784537640000,1.4207,1.4218,1.4201,1.4201,970.0,1378.3754
1784537700000,1.4202,1.4212,1.4198,1.4203,981.0,1393.272
1784537760000,1.42,1.4214,1.4159,1.4213,19872.0,28177.4403
1784537820000,1.4213,1.4213,1.4189,1.4211,1981.0,2813.3337
1784537880000,1.4211,1.4211,1.4207,1.4211,1036.0,1472.1468
1784537940000,1.421,1.4268,1.421,1.425,19791.0,28169.2297
1784538000000,1.4248,1.426,1.4246,1.426,1257.0,1791.1416
1784538060000,1.4261,1.4269,1.4257,1.4269,1583.0,2257.2471
1784538120000,1.4265,1.427,1.4257,1.4262,4063.0,5796.4062
1784538180000,1.4263,1.4264,1.4256,1.4263,1576.0,2247.4851
1784538240000,1.4263,1.4263,1.4247,1.4247,607.0,865.0459
1784538300000,1.4251,1.4251,1.4237,1.4249,852.0,1213.8573
1784538360000,1.425,1.4261,1.4216,1.4259,9127.0,12996.9207
1784538420000,1.4256,1.426,1.4243,1.4244,3963.0,5645.3414
1784538480000,1.4241,1.4259,1.4232,1.4254,3000.0,4274.5397
1784538540000,1.4256,1.4259,1.4245,1.4251,765.0,1090.3553
1784538600000,1.4245,1.4265,1.4243,1.4263,1909.0,2721.4962
1784538660000,1.4262,1.4271,1.426,1.427,957.0,1365.0661
1784538720000,1.426,1.427,1.426,1.426,315.0,449.303
1784538780000,1.427,1.427,1.426,1.427,772.0,1101.2567
1784538840000,1.4262,1.427,1.4262,1.4263,798.0,1138.3931
1784538900000,1.4272,1.4288,1.4272,1.4282,2276.0,3250.03
1784538960000,1.4283,1.4288,1.4255,1.4272,4174.0,5955.9418
1784539020000,1.4263,1.4291,1.4256,1.4285,3599.0,5134.3842
1784539080000,1.4291,1.4291,1.427,1.4273,2024.0,2890.3597
1784539140000,1.4268,1.4283,1.4266,1.4282,655.0,934.9365
1784539200000,1.4282,1.4288,1.4274,1.428,689.0,984.0027
1784539260000,1.4282,1.43,1.428,1.4294,1442.0,2060.4969
1784539320000,1.4311,1.4316,1.4286,1.4301,2531.0,3621.4098
1784539380000,1.4301,1.4315,1.429,1.4314,624.0,892.4742
1784539440000,1.4306,1.4306,1.4286,1.4286,113.0,161.5433
1784539500000,1.4293,1.4294,1.4285,1.4292,97.0,138.6302
1784539560000,1.4294,1.4294,1.4292,1.4292,75.0,107.1952
1784539620000,1.4286,1.4295,1.4284,1.4294,715.0,1021.5609
1784539680000,1.4292,1.4293,1.4279,1.428,660.0,943.0044
1784539740000,1.4285,1.4285,1.4267,1.4277,1242.0,1773.1415
1784539800000,1.4279,1.4291,1.4277,1.4291,1466.0,2093.9511
1784539860000,1.4286,1.4291,1.4282,1.4282,666.0,951.4278
1784539920000,1.4291,1.4293,1.4284,1.429,854.0,1220.2644
1784539980000,1.4292,1.4301,1.4285,1.4296,1115.0,1594.0009
1784540040000,1.4297,1.4301,1.4281,1.429,1362.0,1946.9467
1784540100000,1.4291,1.4303,1.4284,1.4301,1814.0,2593.047
1784540160000,1.4295,1.4303,1.4294,1.4296,845.0,1208.2205
1784540220000,1.4296,1.4304,1.4294,1.4294,965.0,1379.8841
1784540280000,1.4294,1.4299,1.4288,1.4297,941.0,1344.9663
1784540340000,1.4292,1.4301,1.4292,1.43,865.0,1236.7724
1784540400000,1.4302,1.4305,1.4296,1.43,1797.0,2569.8797
1784540460000,1.4306,1.4313,1.4296,1.431,1106.0,1581.9964
1784540520000,1.4309,1.4312,1.4303,1.431,768.0,1098.6811
1784540580000,1.4303,1.4307,1.4303,1.4306,93.0,133.0348
1784540640000,1.4309,1.4309,1.4304,1.4304,143.0,204.5867
1784540700000,1.4313,1.4323,1.4309,1.431,2447.0,3502.5181
1784540760000,1.4308,1.4323,1.4308,1.432,605.0,866.181
1784540820000,1.4315,1.4323,1.4315,1.4315,1583.0,2266.9129
1784540880000,1.4322,1.4336,1.4315,1.4325,1491.0,2135.5857
1784540940000,1.4321,1.4327,1.4316,1.4321,1070.0,1532.3625
1784541000000,1.432,1.4326,1.4316,1.4322,897.0,1284.5249
1784541060000,1.4327,1.4338,1.4326,1.4326,738.0,1057.6724
1784541120000,1.4335,1.4336,1.4322,1.4322,1629.0,2333.9026
1784541180000,1.4319,1.4332,1.4319,1.4325,503.0,720.6441
1784541240000,1.4325,1.4344,1.432,1.4325,638.0,914.2598
1784541300000,1.4328,1.4328,1.4296,1.4298,1536.0,2198.3653
1784541360000,1.4304,1.4309,1.4296,1.4304,1197.0,1712.2889
1784541420000,1.4305,1.4308,1.4304,1.4304,847.0,1211.6999
1784541480000,1.4307,1.4309,1.4296,1.4298,669.0,956.9144
1784541540000,1.4305,1.4305,1.4295,1.4305,912.0,1304.2669
1784541600000,1.4311,1.4311,1.4283,1.4283,1981.0,2833.0433
1784541660000,1.4287,1.4287,1.4255,1.4267,957.0,1366.0615
1784541720000,1.4259,1.4287,1.4257,1.4284,631.0,900.7534
1784541780000,1.4284,1.4341,1.4274,1.432,9206.0,13163.2554
1784541840000,1.4323,1.4338,1.4318,1.4325,2134.0,3056.9359
1784541900000,1.4322,1.4332,1.4311,1.432,1222.0,1749.8819
1784541960000,1.4317,1.4322,1.4309,1.4314,1216.0,1740.8386
1784542020000,1.4312,1.4316,1.4309,1.4314,1384.0,1981.0674
1784542080000,1.4313,1.4321,1.4311,1.4321,1030.0,1474.5617
1784542140000,1.4325,1.4325,1.4321,1.4325,1028.0,1472.4673
1784542200000,1.4324,1.4334,1.4321,1.4333,1434.0,2054.5641
1784542260000,1.4332,1.4333,1.4324,1.4329,1050.0,1504.5837
1784542320000,1.4329,1.4332,1.4326,1.4326,449.0,643.3541
1784542380000,1.4332,1.4332,1.4325,1.4328,262.0,375.4277
1784542440000,1.4329,1.4339,1.4327,1.4336,151.0,216.3943
1784542500000,1.4333,1.4339,1.4333,1.4333,175.0,250.874
1784542560000,1.4334,1.4336,1.4328,1.4336,420.0,601.9552
1784542620000,1.4334,1.4352,1.4333,1.4343,1439.0,2063.3366
1784542680000,1.4352,1.4353,1.4348,1.4352,791.0,1135.1614
1784542740000,1.435,1.4421,1.4341,1.44,13714.0,19725.0646
1784542800000,1.4399,1.4408,1.4361,1.4364,2001.0,2876.5544
1784542860000,1.4366,1.437,1.4326,1.4348,11563.0,16599.513
1784542920000,1.4339,1.437,1.4339,1.437,1201.0,1724.1742
1784542980000,1.4362,1.4399,1.4351,1.436,10641.0,15299.2067
1784543040000,1.4359,1.4362,1.4337,1.4343,1754.0,2517.9407
1784543100000,1.4343,1.435,1.4322,1.4322,1215.0,1742.2105
1784543160000,1.433,1.4351,1.4323,1.4333,1882.0,2697.9686
1784543220000,1.4333,1.4344,1.4314,1.4339,1962.0,2811.8418
1784543280000,1.4339,1.4339,1.4317,1.4318,281.0,402.5896
1784543340000,1.4319,1.4323,1.4319,1.4322,69.0,98.8118
1784543400000,1.4327,1.4336,1.4315,1.4326,1731.0,2480.1376
1784543460000,1.4323,1.4331,1.4323,1.4325,1842.0,2638.6914
1784543520000,1.4322,1.4334,1.4322,1.4328,842.0,1206.4072
1784543580000,1.4329,1.4341,1.4327,1.434,809.0,1159.6728
1784543640000,1.4339,1.4339,1.4317,1.4335,6696.0,9591.2055
1784543700000,1.4334,1.4338,1.4332,1.4338,588.0,842.9265
1784543760000,1.4333,1.4349,1.4333,1.4341,1372.0,1967.4394
1784543820000,1.435,1.435,1.4341,1.435,645.0,925.275
1784543880000,1.4339,1.4339,1.4313,1.4322,1185.0,1698.428
1784543940000,1.4321,1.4338,1.4321,1.4338,933.0,1336.8339
1784544000000,1.4335,1.434,1.4333,1.434,802.0,1149.8502
1784544060000,1.4341,1.4352,1.4338,1.4346,1341.0,1923.83
1784544120000,1.4346,1.4351,1.4344,1.4344,1289.0,1849.4408
1784544180000,1.4351,1.4368,1.4344,1.435,1473.0,2114.5955
1784544240000,1.4351,1.4351,1.4344,1.4344,123.0,176.4762
1784544300000,1.4351,1.4352,1.4344,1.4352,235.0,337.2234
1784544360000,1.4349,1.4359,1.4341,1.4353,1893.0,2716.6504
1784544420000,1.4356,1.4359,1.4351,1.4351,683.0,980.4376
1784544480000,1.4355,1.4358,1.4351,1.4358,694.0,996.1934
1784544540000,1.4358,1.4358,1.4347,1.4347,621.0,891.2279
1784544600000,1.4352,1.4352,1.4348,1.4351,1914.0,2746.7267
1784544660000,1.4352,1.4352,1.434,1.434,649.0,931.113
1784544720000,1.4338,1.4346,1.4336,1.4344,1182.0,1695.1232
1784544780000,1.4345,1.4345,1.4336,1.4341,836.0,1198.8034
1784544840000,1.4336,1.435,1.4336,1.4344,828.0,1187.401
1784544900000,1.4342,1.4349,1.4336,1.434,1190.0,1706.7013
1784544960000,1.4336,1.434,1.4334,1.4338,923.0,1323.3431
1784545020000,1.4334,1.434,1.4332,1.4332,510.0,731.1072
1784545080000,1.4332,1.4339,1.4324,1.4324,925.0,1325.5714
1784545140000,1.4324,1.4342,1.4324,1.434,975.0,1397.455
1784545200000,1.4334,1.4351,1.4334,1.4351,1492.0,2139.4956
1784545260000,1.435,1.4351,1.4341,1.4345,1292.0,1853.3279
1784545320000,1.4342,1.435,1.4336,1.4338,1701.0,2439.3342
1784545380000,1.4336,1.4349,1.4336,1.434,1058.0,1517.3518
1784545440000,1.4341,1.435,1.4338,1.435,639.0,916.3554
1784545500000,1.435,1.4361,1.435,1.4354,471.0,676.1686
1784545560000,1.436,1.4371,1.4354,1.4367,3708.0,5326.6138
1784545620000,1.4367,1.4377,1.4367,1.4369,1611.0,2315.1454
1784545680000,1.4377,1.4393,1.4369,1.4393,739.0
1784545740000,1.4378,1.4378,1.4362,1.4371,1608.0
1784545800000,1.437,1.4372,1.4363,1.4367,1222.0
1784545860000,1.4371,1.4378,1.4362,1.4378,1280.0
1784545920000,1.4372,1.439,1.4371,1.4382,1173.0
1784545980000,1.4379,1.4393,1.4379,1.4393,832.0
1784546040000,1.4391,1.4391,1.4379,1.4383,1002.0
1784546100000,1.4382,1.4389,1.4379,1.4379,1320.0
1784546160000,1.4384,1.4384,1.4376,1.4383,702.0
1784546220000,1.4389,1.4389,1.4363,1.4369,2280.0
1784546280000,1.4373,1.4373,1.4353,1.4354,988.0
1784546340000,1.4361,1.4372,1.4354,1.4371,2964.0
1784546400000,1.4371,1.4371,1.4364,1.4364,186.0
1784546460000,1.4372,1.4372,1.4341,1.4341,1255.0
1784546520000,1.4341,1.4354,1.4338,1.4344,778.0
1784546580000,1.4352,1.4352,1.4344,1.4344,826.0
1784546640000,1.4354,1.436,1.4344,1.4353,987.0
1784546700000,1.4352,1.4372,1.435,1.437,1957.0
1784546760000,1.4365,1.4372,1.4363,1.437,1111.0
1784546820000,1.4371,1.4373,1.4371,1.4371,1340.0
1784546880000,1.4372,1.4373,1.4371,1.4371,1095.0
1784546940000,1.4372,1.4374,1.4371,1.4371,1193.0
1784547000000,1.4371,1.4382,1.4366,1.4373,3245.0
1784547060000,1.4373,1.4391,1.4366,1.4391,1080.0
1784547120000,1.438,1.4397,1.4378,1.4395,891.0
1784547180000,1.4388,1.4403,1.4337,1.4357,11995.0
1784547240000,1.4368,1.4385,1.4367,1.4385,1154.0
1784547300000,1.4388,1.4403,1.4386,1.4396,1868.0
1784547360000,1.44,1.4412,1.4395,1.4402,1404.0
1784547420000,1.4412,1.4426,1.4404,1.4409,4680.0
1784547480000,1.4414,1.4422,1.4412,1.4417,943.0
1784547540000,1.4414,1.4415,1.4405,1.4414,907.0
1784547600000,1.4414,1.4414,1.4401,1.4404,1355.0
1784547660000,1.4402,1.4405,1.4396,1.4405,1860.0
1784547720000,1.4403,1.4411,1.4401,1.4411,965.0
1784547780000,1.4413,1.4423,1.4412,1.4416,1065.0
1784547840000,1.4414,1.4419,1.4397,1.4403,1990.0
1784547900000,1.4399,1.4405,1.4397,1.4403,1240.0
1784547960000,1.4404,1.4404,1.4375,1.4402,917.0
1784548020000,1.439,1.4402,1.4384,1.4387,2706.0
1784548080000,1.4396,1.4397,1.4376,1.438,1023.0
1784548140000,1.4375,1.4375,1.4267,1.4297,18681.0
1784548200000,1.4288,1.4337,1.4288,1.4331,1286.0
1784548260000,1.433,1.4341,1.433,1.4341,981.0
1784548320000,1.4342,1.4347,1.434,1.4347,2655.0
1784548380000,1.4342,1.4347,1.434,1.4341,1091.0
1784548440000,1.4341,1.4341,1.4332,1.4332,1496.0
1784548500000,1.4334,1.4335,1.4303,1.4315,2413.0
1784548560000,1.4322,1.4323,1.4316,1.432,1158.0
1784548620000,1.4321,1.4331,1.4316,1.4329,999.0
1784548680000,1.4332,1.4333,1.4321,1.4329,2015.0
1784548740000,1.4331,1.4333,1.4327,1.4332,1329.0
1784548800000,1.4332,1.4341,1.4315,1.4341,2414.0
1784548860000,1.4342,1.4347,1.4299,1.4299,2189.0
1784548920000,1.4305,1.4313,1.428,1.4297,2999.0
1784548980000,1.429,1.4304,1.4285,1.4304,701.0
1784549040000,1.4293,1.4314,1.4292,1.4307,4506.0
1784549100000,1.4308,1.4313,1.43,1.431,1166.0
1784563680000,1.4323,1.4327,1.4317,1.4327,1101.0,1576.7963
1784563740000,1.4318,1.4334,1.4318,1.4334,445.0,637.679
1784563800000,1.4334,1.4334,1.431,1.432,542.0,776.1625
1784563860000,1.4329,1.4329,1.4316,1.4318,874.0,1251.6497
1784563920000,1.4327,1.4345,1.4325,1.4334,497.0,712.219
1784563980000,1.4335,1.4356,1.4335,1.4356,625.0,896.7848
1784564040000,1.4364,1.4364,1.4347,1.4348,1898.0,2724.7406
1784564100000,1.4347,1.4358,1.4347,1.4354,737.0,1057.6679
1784564160000,1.4356,1.4359,1.4352,1.4359,1022.0,1467.1077
1784564220000,1.436,1.4365,1.4355,1.4365,987.0,1417.487
1784564280000,1.4373,1.4373,1.436,1.436,1144.0,1643.3615
1784564340000,1.436,1.4364,1.4347,1.4347,1362.0,1955.7352
1784564400000,1.4355,1.4355,1.4337,1.4347,1095.0,1570.8363
1784564460000,1.4347,1.4359,1.4341,1.435,707.0,1014.5178
1784564520000,1.4337,1.4346,1.4328,1.4328,884.0,1267.4952
1784564580000,1.4331,1.4347,1.4331,1.4343,1118.0,1603.2313
1784564640000,1.4347,1.4349,1.4341,1.4347,925.0,1326.8573
1784564700000,1.4346,1.4346,1.4326,1.4335,1959.0,2808.7928
1784564760000,1.4328,1.433,1.4327,1.4328,383.0,548.7553
1784564820000,1.4328,1.433,1.4322,1.4328,578.0,828.114
1784564880000,1.4327,1.4333,1.4326,1.4328,908.0,1301.0965
1784564940000,1.4336,1.4336,1.4324,1.4326,499.0,715.0114
1784565000000,1.4324,1.4345,1.4324,1.433,291.0,417.1014
1784565060000,1.4335,1.4337,1.4321,1.4324,758.0,1085.9242
1784565120000,1.4325,1.4325,1.4319,1.4319,633.0,906.6642
1784565180000,1.4325,1.4326,1.4311,1.4311,993.0,1421.8129
1784565240000,1.4311,1.4328,1.4311,1.4323,602.0,862.1739
1784565300000,1.4328,1.4328,1.4319,1.4328,1021.0,1462.5778
1784565360000,1.4322,1.4328,1.4311,1.4311,2970.0,4252.9716
1784565420000,1.4317,1.4319,1.4308,1.4318,966.0,1382.797
1784565480000,1.4318,1.4319,1.431,1.431,494.0,707.2597
1784565540000,1.4318,1.4327,1.4318,1.4327,575.0,823.5447
1784565600000,1.4339,1.4346,1.4328,1.4342,3269.0,4687.2486
1784565660000,1.4341,1.4354,1.429,1.4307,9870.0,14132.3731
1784565720000,1.4317,1.4318,1.4298,1.4306,496.0,709.5564
1784565780000,1.4313,1.4314,1.4307,1.4314,459.0,656.8029
1784565840000,1.4326,1.4326,1.4318,1.4319,757.0,1084.2105
1784565900000,1.4325,1.4326,1.432,1.4326,410.0,587.281
1784565960000,1.4327,1.4341,1.4327,1.434,786.0,1126.5971
1784566020000,1.4341,1.4356,1.4341,1.4343,639.0,916.7112
1784566080000,1.4343,1.4346,1.434,1.4342,1113.0,1596.406
1784566140000,1.4341,1.4358,1.4339,1.4352,2096.0,3007.4514
1784566200000,1.435,1.4353,1.4349,1.4353,1154.0,1656.0859
1784566260000,1.4356,1.4374,1.4346,1.4346,441.0,633.3055
1784566320000,1.4353,1.4353,1.4344,1.4346,2710.0,3887.9654
1784566380000,1.4349,1.4349,1.432,1.4336,1542.0,2211.4828
1784566440000,1.4337,1.4345,1.4328,1.4328,914.0,1310.6491
1784566500000,1.4328,1.4337,1.4328,1.4333,768.0,1100.6487
1784566560000,1.4338,1.4338,1.4326,1.4329,937.0,1342.7911
1784566620000,1.4336,1.4344,1.433,1.4342,1000.0,1433.8394
1784566680000,1.4343,1.4345,1.4337,1.4341,1493.0,2141.1905
1784566740000,1.4342,1.4368,1.4337,1.4355,2667.0,3826.4251
1784566800000,1.4355,1.4355,1.4338,1.4341,1021.0,1464.465
1784566860000,1.4347,1.4351,1.4341,1.4346,769.0,1103.105
1784566920000,1.4339,1.4358,1.4338,1.4354,519.0,744.562
1784566980000,1.4356,1.4368,1.4356,1.4365,1462.0,2099.9557
1784567040000,1.4361,1.4366,1.436,1.436,921.0,1322.7783
1784567100000,1.4352,1.4362,1.4352,1.436,900.0,1292.362
1784567160000,1.4361,1.4374,1.4354,1.4361,1268.0,1821.245
1784567220000,1.4367,1.4373,1.4365,1.4373,830.0,1192.5556
1784567280000,1.4378,1.4387,1.4369,1.4373,1174.0,1687.496
1784567340000,1.437,1.4394,1.4369,1.439,647.0,930.5572
1784567400000,1.439,1.4391,1.4383,1.4387,754.0,1084.7472
1784567460000,1.4389,1.4389,1.4369,1.4373,2597.0,3734.2878
1784567520000,1.4372,1.4372,1.4366,1.4367,1650.0,2371.0653
1784567580000,1.4368,1.4382,1.4361,1.4369,3694.0,5308.8061
1784567640000,1.4369,1.4383,1.4369,1.4383,1912.0,2748.752
1784567700000,1.4375,1.4377,1.4361,1.4361,758.0,1089.3433
1784567760000,1.4362,1.4364,1.4358,1.4363,1090.0,1565.4954
1784567820000,1.4357,1.4362,1.4354,1.4355,383.0,549.8977
1784567880000,1.4356,1.4356,1.4349,1.4355,762.0,1093.7177
1784567940000,1.4354,1.4361,1.4351,1.4351,1311.0,1882.3171
1784568000000,1.4352,1.4352,1.4337,1.4345,1729.0,2480.6987
1784568060000,1.4348,1.435,1.4332,1.4343,1051.0,1507.357
1784568120000,1.4344,1.4345,1.4338,1.4342,1340.0,1922.0342
1784568180000,1.4331,1.436,1.4331,1.436,373.0,534.769
1784568240000,1.437,1.4371,1.4359,1.4367,1089.0,1564.5233
1784568300000,1.4366,1.4376,1.436,1.4362,863.0,1240.0326
1784568360000,1.4362,1.4362,1.4359,1.4362,378.0,542.851
1784568420000,1.4364,1.4372,1.4363,1.4368,516.0,741.4128
1784568480000,1.4369,1.4395,1.4368,1.4383,584.0,839.7347
1784568540000,1.4383,1.4395,1.4383,1.439,674.0,969.7392
1784568600000,1.4383,1.4391,1.4383,1.439,383.0,550.9984
1784568660000,1.439,1.4391,1.4378,1.4378,1046.0,1504.5556
1784568720000,1.4382,1.4386,1.4382,1.4386,953.0,1370.8283
1784568780000,1.4383,1.4383,1.438,1.4382,1015.0,1459.7371
1784568840000,1.4381,1.4391,1.4377,1.4391,619.0,890.3651
1784568900000,1.4384,1.4396,1.4383,1.4391,1110.0,1597.0716
1784568960000,1.4385,1.4393,1.4383,1.4391,1104.0,1588.4413
1784569020000,1.4384,1.4394,1.4383,1.4387,925.0,1330.8712
1784569080000,1.4386,1.4386,1.4377,1.4382,605.0,870.0399
1784569140000,1.4375,1.439,1.4375,1.439,401.0,576.6918
1784569200000,1.4382,1.4383,1.4376,1.4378,1689.0,2428.92
1784569260000,1.4376,1.4398,1.4374,1.4394,426.0,612.6146
1784569320000,1.4394,1.4397,1.4391,1.4394,1344.0,1934.5649
1784569380000,1.4391,1.4402,1.4391,1.4395,1065.0,1533.2726
1784569440000,1.4391,1.4402,1.439,1.4402,1115.0,1604.9556
1784569500000,1.4393,1.4402,1.4392,1.44,730.0,1051.0353
1784569560000,1.4402,1.4402,1.4395,1.4402,134.0,192.9616
1784569620000,1.4398,1.44,1.4398,1.44,137.0,197.2691
1784569680000,1.44,1.44,1.44,1.44,41.0,59.04
1784569740000,1.4398,1.4398,1.4394,1.4394,9820.0,14135.2649
1784569800000,1.4401,1.4407,1.4401,1.4407,26.0,37.4462
1784569860000,1.4421,1.4437,1.4416,1.4422,1704.0,2459.232
1784569920000,1.4416,1.4453,1.4416,1.4453,502.0,724.784
1784569980000,1.4449,1.4453,1.4445,1.4446,974.0,1407.3238
1784570040000,1.4446,1.4477,1.4446,1.4465,3175.0,4593.0885
1784570100000,1.4465,1.4473,1.4457,1.4466,428.0,619.1515
1784570160000,1.4467,1.4473,1.4458,1.4459,611.0,883.9106
1784570220000,1.4457,1.4461,1.4434,1.4456,1727.0,2494.8011
1784570280000,1.4437,1.4443,1.4435,1.4435,635.0,916.8289
1784570340000,1.4443,1.4443,1.4428,1.4436,711.0,1026.1679
1784570400000,1.4443,1.4457,1.4443,1.4446,2800.0,4045.1209
1784570460000,1.4443,1.4467,1.444,1.4456,440.0,635.7037
1784570520000,1.4467,1.4467,1.4456,1.4462,567.0,819.8604
1784570580000,1.4455,1.4462,1.4448,1.4452,540.0,780.4963
1784570640000,1.4447,1.4456,1.444,1.444,852.0,1231.089
1784570700000,1.444,1.4446,1.444,1.4446,129.0,186.3024
1784570760000,1.4438,1.4462,1.4437,1.4454,1002.0,1448.1155
1784570820000,1.4457,1.4457,1.4445,1.445,1352.0,1953.438
1784570880000,1.445,1.4454,1.445,1.4453,122.0,176.3083
1784570940000,1.4451,1.446,1.4447,1.446,213.0,307.8281
1784571000000,1.4457,1.4462,1.4457,1.4462,275.0,397.6132
1784571060000,1.4459,1.4459,1.444,1.4448,414.0,598.1078
1784571120000,1.4447,1.4462,1.4445,1.4458,268.0,387.3621
1784571180000,1.4458,1.4464,1.4458,1.4464,622.0,899.4011
1784571240000,1.4464,1.4473,1.4457,1.4466,1090.0,1576.9826
1784571300000,1.4464,1.4472,1.4464,1.4472,307.0,444.2209
1784571360000,1.4472,1.4484,1.4472,1.4482,342.0,495.1119
1784571420000,1.4486,1.4486,1.4471,1.4481,2396.0,3469.4364
1784571480000,1.4481,1.4488,1.4466,1.4472,4225.0,6118.8141
1784571540000,1.4463,1.4466,1.4458,1.4459,1058.0,1530.0988
1784571600000,1.4459,1.4467,1.4459,1.4465,417.0,603.0977
1784571660000,1.4465,1.4488,1.4457,1.4488,696.0,1006.6173
1784571720000,1.4488,1.4488,1.4473,1.4474,588.0,851.4101
1784571780000,1.4472,1.4472,1.446,1.4466,1209.0,1748.9013
1784571840000,1.4462,1.4468,1.4451,1.446,1385.0,2002.6656
1784571900000,1.4453,1.4455,1.4451,1.4455,229.0,330.9965
1784571960000,1.4455,1.4465,1.4455,1.4465,573.0,828.4469
1784572020000,1.4461,1.4467,1.4458,1.4465,636.0,919.8356
1784572080000,1.4464,1.4466,1.4458,1.4466,318.0,459.9419
1784572140000,1.4458,1.4473,1.4458,1.4466,119.0,172.1191
1784572200000,1.446,1.4464,1.4449,1.4449,392.0,566.7599
1784572260000,1.4448,1.4456,1.4448,1.4456,798.0,1153.5346
1784572320000,1.4467,1.4467,1.4458,1.4459,835.0,1207.4979
1784572380000,1.4466,1.4467,1.4449,1.4455,811.0,1172.4402
1784572440000,1.4452,1.4456,1.4438,1.4438,293.0,423.2729
1784572500000,1.4438,1.4448,1.4438,1.4438,692.0,999.412
1784572560000,1.4438,1.4444,1.4434,1.4434,705.0,1017.8562
1784572620000,1.4443,1.4446,1.444,1.4442,1022.0,1476.0205
1784572680000,1.4446,1.4446,1.4404,1.4404,1227.0,1771.4495
1784572740000,1.4412,1.4415,1.4392,1.4414,597.0,859.9107
1784572800000,1.4413,1.4413,1.4377,1.4384,553.0,795.4696
1784572860000,1.4367,1.4374,1.4367,1.4374,241.0,346.3606
1784572920000,1.4366,1.4383,1.4355,1.438,1243.0,1784.9086
1784572980000,1.4365,1.4377,1.4365,1.437,1282.0,1842.1898
1784573040000,1.4371,1.4376,1.4359,1.4359,839.0,1205.3422
1784573100000,1.4368,1.4368,1.435,1.4362,717.0,1029.6113
1784573160000,1.4363,1.4364,1.435,1.4359,571.0,819.7627
1784573220000,1.4371,1.4385,1.437,1.4377,1893.0,2721.3048
1784573280000,1.4371,1.4378,1.4371,1.4376,1006.0,1446.0377
1784573340000,1.4372,1.4384,1.4372,1.4383,1429.0,2054.657
1784573400000,1.4383,1.4405,1.4377,1.4396,2284.0,3287.2899
1784573460000,1.4396,1.4407,1.439,1.4395,871.0,1254.193
1784573520000,1.4393,1.4398,1.4392,1.4395,1623.0,2336.2992
1784573580000,1.4392,1.4399,1.4383,1.4385,1392.0,2003.0568
1784573640000,1.4387,1.4396,1.4378,1.4378,1972.0,2837.7502
1784573700000,1.4369,1.4369,1.4362,1.4362,551.0,791.5658
1784573760000,1.4365,1.4369,1.4361,1.4369,1116.0,1603.153
1784573820000,1.4364,1.4364,1.4348,1.4359,1358.0,1949.0017
1784573880000,1.4358,1.4364,1.4358,1.4364,183.0,262.7956
1784573940000,1.4365,1.4376,1.4365,1.4376,1773.0,2547.868
1784574000000,1.4374,1.4381,1.4371,1.4381,187.0,268.8393
1784574060000,1.438,1.438,1.4368,1.4368,122.0,175.3632
1784574120000,1.4376,1.4376,1.4366,1.4366,135.0,193.9846
1784574180000,1.4365,1.4366,1.4358,1.4362,1237.0,1776.5947
1784574240000,1.4361,1.4377,1.4361,1.4377,728.0,1046.0058
1784574300000,1.4369,1.4383,1.4341,1.4344,528.0,758.243
1784574360000,1.4347,1.4392,1.4317,1.4384,11777.0,16909.0158
1784574420000,1.4384,1.4384,1.4354,1.4373,7456.0,10707.0836
1784574480000,1.4373,1.4379,1.4358,1.4367,3195.0,4591.9239
1784574540000,1.4372,1.4373,1.4366,1.4369,2058.0,2957.2447
1784574600000,1.4366,1.4382,1.4366,1.4373,850.0,1221.6462
1784574660000,1.4373,1.4375,1.4366,1.4374,3554.0,5107.4176
1784574720000,1.4371,1.4384,1.4369,1.4384,1029.0,1479.3917
1784574780000,1.4384,1.4385,1.4382,1.4382,902.0,1297.4217
1784574840000,1.4382,1.4397,1.4382,1.439,812.0,1168.3674
1784574900000,1.4392,1.4392,1.4356,1.4359,5681.0,8170.731
1784574960000,1.436,1.4382,1.43,1.4316,5171.0,7410.4334
1784575020000,1.4305,1.4336,1.4305,1.4336,458.0,656.1785
1784575080000,1.4327,1.4336,1.4327,1.4327,231.0,330.9933
1784575140000,1.434,1.4356,1.434,1.4342,261.0,374.5334
1784575200000,1.4345,1.4347,1.4327,1.4333,479.0,686.9037
1784575260000,1.4329,1.4335,1.4326,1.4329,469.0,672.1179
1784575320000,1.4329,1.4343,1.4329,1.4343,120.0,171.9949
1784575380000,1.4342,1.4363,1.4342,1.4363,1615.0,2317.6716
1784575440000,1.4363,1.4375,1.4363,1.4371,627.0,901.1223
1784575500000,1.4375,1.4375,1.436,1.4365,631.0,906.5872
1784575560000,1.4361,1.4367,1.4361,1.4366,869.0,1248.2821
1784575620000,1.4375,1.4375,1.4368,1.4369,863.0,1240.1878
1784575680000,1.4375,1.4378,1.437,1.4377,493.0
1784575740000,1.4376,1.441,1.4376,1.4401,3229.0
1784575800000,1.4401,1.4414,1.4389,1.4397,468.0
1784575860000,1.4397,1.4397,1.4367,1.4367,667.0
1784575920000,1.4371,1.4383,1.4369,1.4383,741.0
1784575980000,1.4383,1.4386,1.4376,1.4385,402.0
1784576040000,1.4377,1.4386,1.4377,1.4386,340.0
1784576100000,1.4384,1.4389,1.4377,1.4379,764.0
1784576160000,1.438,1.4386,1.4377,1.4385,924.0
1784576220000,1.4377,1.4387,1.4365,1.4366,1619.0
1784576280000,1.4365,1.4392,1.4365,1.4384,1117.0
1784576340000,1.4392,1.4392,1.4385,1.439,313.0
1784576400000,1.4392,1.441,1.4392,1.441,428.0
1784576460000,1.4413,1.4413,1.4405,1.4405,177.0
1784576520000,1.4412,1.4433,1.441,1.441,2244.0
1784576580000,1.441,1.4415,1.4408,1.4415,624.0
1784576640000,1.4408,1.4415,1.4404,1.4405,656.0
1784576700000,1.4422,1.4432,1.4416,1.4432,856.0
1784576760000,1.4426,1.443,1.4418,1.443,861.0
1784576820000,1.4424,1.4434,1.4424,1.4433,831.0
1784576880000,1.4423,1.4454,1.4414,1.4443,1127.0
1784576940000,1.4446,1.4454,1.4443,1.4446,1115.0
1784577000000,1.4444,1.4456,1.4431,1.4456,1943.0
1784577060000,1.4446,1.4455,1.4445,1.4453,787.0
1784577120000,1.4446,1.4457,1.4435,1.4456,2220.0
1784577180000,1.4454,1.4459,1.4453,1.4453,824.0
1784577240000,1.4454,1.4473,1.4454,1.4463,893.0
1784577300000,1.447,1.4472,1.4457,1.4463,1218.0
1784577360000,1.4462,1.4462,1.4444,1.4453,1544.0
1784577420000,1.4458,1.4462,1.4453,1.4462,1096.0
1784577480000,1.4457,1.4468,1.4453,1.4468,828.0
1784577540000,1.4461,1.4464,1.4458,1.4464,888.0
1784577600000,1.4472,1.4472,1.4461,1.4465,860.0
1784577660000,1.4464,1.4469,1.4458,1.4464,1100.0
1784577720000,1.446,1.4464,1.4449,1.4449,1103.0
1784577780000,1.4455,1.4495,1.4452,1.4492,3098.0
1784577840000,1.4491,1.4491,1.4463,1.4473,608.0
1784577900000,1.4472,1.448,1.4466,1.448,901.0
1784577960000,1.4477,1.4482,1.4465,1.4475,1409.0
1784578020000,1.4468,1.4471,1.4457,1.4457,2388.0
1784578080000,1.4449,1.4465,1.4449,1.4455,1062.0
1784578140000,1.4461,1.4465,1.4455,1.4457,1099.0
1784578200000,1.4463,1.447,1.4455,1.447,584.0
1784578260000,1.4459,1.448,1.4459,1.448,540.0
1784578320000,1.448,1.4491,1.448,1.4483,159.0
1784578380000,1.4488,1.4491,1.4482,1.4483,178.0
1784578440000,1.449,1.4504,1.4487,1.449,745.0
1784578500000,1.4491,1.4491,1.4475,1.4485,908.0
1784578560000,1.4485,1.4492,1.4456,1.4486,13269.0
1784578620000,1.4492,1.4492,1.4468,1.448,3120.0
1784578680000,1.4479,1.4488,1.4473,1.4484,503.0
1784578740000,1.4488,1.4491,1.448,1.449,1295.0
1784578800000,1.4499,1.4504,1.4499,1.4499,685.0
1784578860000,1.4499,1.4502,1.4485,1.4485,1701.0
1784578920000,1.4485,1.4488,1.447,1.4471,1162.0
1784578980000,1.4469,1.4471,1.4469,1.4469,339.0
1784579040000,1.4459,1.4461,1.4448,1.4453,1060.0
1784579100000,1.4446,1.4446,1.4434,1.444,1265.0
1784597160000,1.4338,1.434,1.4338,1.434,84.0
1784597220000,1.4339,1.4341,1.4339,1.4341,88.0
1784597280000,1.4342,1.4344,1.434,1.434,70.0
1784597340000,1.4339,1.434,1.4329,1.4329,539.0
1784597400000,1.4329,1.4331,1.4327,1.4327,538.0
1784597460000,1.4318,1.4324,1.4311,1.4311,247.0
1784597520000,1.4316,1.4325,1.4316,1.4325,213.0
1784597640000,1.433,1.433,1.4322,1.4325,735.0
1784597700000,1.4326,1.4326,1.4323,1.4323,259.0
1784597760000,1.4322,1.4324,1.4322,1.4322,725.0
1784597820000,1.434,1.434,1.4329,1.4329,160.0
1784597880000,1.4334,1.434,1.4334,1.4334,163.0
1784597940000,1.4334,1.4353,1.4318,1.4318,3291.0
1784598000000,1.4317,1.4451,1.4311,1.4433,12159.0
1784598060000,1.4425,1.4486,1.4369,1.4369,6709.0
1784598120000,1.4366,1.4377,1.4359,1.4359,2943.0
1784598180000,1.4355,1.4356,1.4328,1.4328,548.0
1784598240000,1.4327,1.4344,1.4326,1.4339,1028.0
1784598300000,1.434,1.4347,1.4336,1.4343,586.0
1784598360000,1.4336,1.4353,1.4336,1.4343,2164.0
1784598420000,1.4334,1.4346,1.4328,1.4342,1276.0
1784598480000,1.4333,1.4342,1.4333,1.4333,455.0
1784598540000,1.4332,1.4345,1.433,1.4331,242.0
1784598600000,1.4333,1.4343,1.4331,1.4343,425.0
1784598660000,1.4343,1.4343,1.4331,1.4332,619.0
1784598720000,1.4332,1.4332,1.433,1.433,233.0
1784598780000,1.4331,1.4333,1.4331,1.4333,144.0
1784598840000,1.4331,1.4331,1.4329,1.4329,111.0
1784598900000,1.4325,1.4327,1.4323,1.4327,315.0
1784598960000,1.4327,1.4338,1.4323,1.4338,272.0
1784599020000,1.4334,1.4343,1.4332,1.4338,621.0
1784599080000,1.4338,1.434,1.4335,1.4335,367.0
1784599140000,1.4336,1.4338,1.4335,1.4335,511.0
1784599200000,1.4335,1.4347,1.4335,1.434,674.0
1784599260000,1.4342,1.4358,1.4342,1.4352,997.0
1784599320000,1.4345,1.4349,1.4343,1.4345,603.0
1784599380000,1.4341,1.4344,1.4341,1.4343,817.0
1784599440000,1.4344,1.4355,1.4342,1.4353,373.0
1784599500000,1.435,1.435,1.4346,1.4346,109.0
1784599560000,1.4346,1.4358,1.4346,1.4352,519.0
1784599620000,1.4349,1.4349,1.434,1.4342,443.0
1784599680000,1.4341,1.4343,1.434,1.434,686.0
1784599740000,1.434,1.434,1.434,1.434,189.0
1784599800000,1.4335,1.4335,1.4331,1.4333,632.0
1784599860000,1.4326,1.4338,1.4323,1.4338,170.0
1784599920000,1.4333,1.4333,1.4329,1.433,181.0
1784599980000,1.4329,1.4332,1.4329,1.4332,344.0
1784600040000,1.4331,1.4331,1.4323,1.4325,885.0
1784600100000,1.4323,1.4324,1.4321,1.4322,803.0
1784600160000,1.4321,1.4324,1.4321,1.4323,394.0
1784600220000,1.4323,1.4323,1.4318,1.432,733.0
1784600280000,1.4321,1.4323,1.4311,1.4315,528.0
1784600340000,1.4313,1.4313,1.431,1.4311,659.0
1784600400000,1.4311,1.4311,1.4298,1.43,645.0
1784600460000,1.4304,1.4317,1.4304,1.4314,553.0
1784600520000,1.4315,1.4315,1.4313,1.4315,351.0
1784600580000,1.432,1.4324,1.432,1.4324,305.0
1784600640000,1.4322,1.4335,1.432,1.4335,233.0
1784600700000,1.4337,1.4337,1.4328,1.4328,483.0
1784600760000,1.4328,1.4333,1.4324,1.4325,766.0
1784600820000,1.4329,1.4331,1.4326,1.4326,214.0
1784600880000,1.4331,1.4332,1.4328,1.4328,269.0
1784600940000,1.4327,1.4327,1.4321,1.4324,358.0
1784601000000,1.4324,1.4324,1.4319,1.4323,605.0
1784601060000,1.4324,1.4333,1.4323,1.4333,532.0
1784601120000,1.4338,1.4338,1.4334,1.4337,220.0
1784601180000,1.4336,1.4336,1.4335,1.4335,120.0
1784601240000,1.4335,1.4341,1.4333,1.4336,654.0
1784601300000,1.4334,1.4368,1.4334,1.4354,1935.0
1784601360000,1.4353,1.437,1.4352,1.437,527.0
1784601420000,1.4365,1.4374,1.4365,1.4368,353.0
1784601480000,1.4368,1.437,1.4368,1.437,493.0
1784601540000,1.4368,1.4375,1.4368,1.4373,174.0
1784601600000,1.437,1.4372,1.437,1.437,98.0
1784601660000,1.437,1.4393,1.4368,1.4368,1234.0
1784601720000,1.4373,1.4373,1.4368,1.437,189.0
1784601780000,1.4373,1.4373,1.4373,1.4373,34.0
1784601840000,1.4377,1.4377,1.437,1.4374,383.0
1784601900000,1.4373,1.4373,1.4367,1.4372,385.0
1784601960000,1.4372,1.4372,1.4369,1.4369,337.0
1784602020000,1.4367,1.4371,1.4367,1.4369,158.0
1784602080000,1.4371,1.4383,1.4371,1.4383,680.0
1784602140000,1.4382,1.4384,1.4376,1.4379,406.0
1784602200000,1.4379,1.4392,1.4378,1.4392,522.0
1784602260000,1.4388,1.4395,1.4388,1.439,141.0
1784602320000,1.4397,1.4398,1.439,1.439,153.0
1784602380000,1.4394,1.4395,1.4394,1.4395,50.0
1784602440000,1.4402,1.4402,1.4402,1.4402,8.0
1784602500000,1.4405,1.4433,1.4405,1.4419,710.0
1784602560000,1.4413,1.442,1.4413,1.4418,690.0
1784602620000,1.4416,1.4419,1.4416,1.4419,1226.0
1784602680000,1.4419,1.442,1.4416,1.4418,842.0
1784602740000,1.4418,1.4419,1.4416,1.4419,483.0
1784602800000,1.4415,1.4438,1.4406,1.443,938.0
1784602860000,1.4434,1.4444,1.4434,1.444,397.0
1784602920000,1.4444,1.4445,1.4442,1.4442,166.0
1784602980000,1.4446,1.4453,1.4446,1.4453,460.0
1784603040000,1.4454,1.4454,1.4447,1.4447,826.0
1784603100000,1.4449,1.4449,1.4447,1.4448,153.0
1784603220000,1.4464,1.4493,1.4464,1.4493,263.0
1784603280000,1.4476,1.4476,1.4476,1.4476,51.0
1784603340000,1.4475,1.4475,1.4463,1.4463,192.0
1784603400000,1.4466,1.4474,1.4466,1.4474,161.0
1784603460000,1.4471,1.4481,1.4461,1.4461,734.0
1784603520000,1.4467,1.4467,1.4467,1.4467,53.0
1784603640000,1.4481,1.4481,1.4481,1.4481,88.0
1784603700000,1.4475,1.4485,1.4475,1.448,601.0
1784603760000,1.4479,1.4479,1.4469,1.447,470.0
1784603820000,1.447,1.447,1.4467,1.4467,125.0
1784603880000,1.4469,1.447,1.4466,1.4466,807.0
1784603940000,1.4467,1.4467,1.4465,1.4466,1099.0
1784604000000,1.4467,1.4486,1.4466,1.4484,1180.0
1784604060000,1.4484,1.4485,1.4475,1.4485,626.0
1784604120000,1.4484,1.4484,1.447,1.4477,493.0
1784604180000,1.4481,1.4481,1.4466,1.4466,483.0
1784604240000,1.4448,1.4464,1.4445,1.4464,1329.0
1784604300000,1.4458,1.4498,1.4458,1.4473,7331.0
1784604360000,1.4472,1.4473,1.4463,1.4463,424.0
1784604420000,1.4463,1.4467,1.4463,1.4467,144.0
1784604480000,1.4468,1.4468,1.4463,1.4465,154.0
1784604540000,1.4465,1.4465,1.4458,1.4461,328.0
1784604600000,1.4468,1.4468,1.4468,1.4468,13.0
1784604660000,1.4466,1.4482,1.4452,1.4466,2077.0
1784604720000,1.4467,1.4467,1.4463,1.4465,1025.0
1784604780000,1.4466,1.4475,1.446,1.446,1023.0
1784604840000,1.4456,1.4468,1.4452,1.4466,430.0
1784604900000,1.4466,1.4466,1.4466,1.4466,13.0
1784604960000,1.4469,1.4469,1.4469,1.4469,19.0
1784605020000,1.4472,1.4472,1.4472,1.4472,11.0
1784605080000,1.4474,1.4476,1.4466,1.4466,183.0
1784605140000,1.4468,1.4473,1.4458,1.4458,686.0
1784605200000,1.4451,1.4461,1.4451,1.4455,661.0
1784605260000,1.4456,1.4457,1.4452,1.4452,195.0
1784605320000,1.4455,1.4455,1.4452,1.4453,228.0
1784605380000,1.4452,1.4454,1.4451,1.4452,349.0
1784605440000,1.4452,1.4456,1.4451,1.4453,589.0
1784605500000,1.4452,1.4455,1.445,1.4452,738.0
1784605560000,1.445,1.4454,1.445,1.445,593.0
1784605620000,1.4454,1.4455,1.4447,1.4447,935.0
1784605680000,1.4439,1.4446,1.4439,1.4443,535.0
1784605740000,1.4444,1.4445,1.4439,1.4442,507.0
1784605800000,1.4442,1.4444,1.4438,1.444,342.0
1784605860000,1.4442,1.4442,1.4442,1.4442,58.0
1784605920000,1.4441,1.4441,1.444,1.444,81.0
1784605980000,1.4436,1.4436,1.4431,1.4434,263.0
1784606040000,1.4435,1.4435,1.4424,1.4425,344.0
1784606100000,1.4419,1.4423,1.4415,1.4415,240.0
1784606160000,1.4419,1.4419,1.4415,1.4417,127.0
1784606220000,1.442,1.442,1.4414,1.4414,851.0
1784606280000,1.4414,1.4416,1.4414,1.4416,669.0
1784606340000,1.4416,1.4426,1.4416,1.4426,175.0
1784606400000,1.4426,1.4432,1.4426,1.443,307.0
1784606460000,1.4421,1.4426,1.4421,1.4422,282.0
1784606520000,1.4424,1.4426,1.442,1.442,304.0
1784606580000,1.442,1.4422,1.442,1.4422,149.0
1784606640000,1.4425,1.4536,1.4425,1.453,9301.0
1784606700000,1.4527,1.4533,1.4503,1.4533,2813.0
1784606760000,1.4529,1.454,1.4528,1.4539,1301.0
1784606820000,1.4537,1.4538,1.4517,1.4517,1359.0
1784606880000,1.4518,1.4525,1.4517,1.4523,272.0
1784606940000,1.4525,1.453,1.4496,1.4515,2848.0
1784607000000,1.4515,1.4515,1.4504,1.4504,155.0
1784607060000,1.4502,1.4508,1.4497,1.4499,780.0
1784607120000,1.4494,1.4494,1.448,1.4488,234.0
1784607180000,1.4488,1.4488,1.4471,1.4482,1122.0
1784607240000,1.4478,1.4478,1.4472,1.4472,294.0
1784607360000,1.4472,1.4472,1.4458,1.4458,737.0
1784607420000,1.4455,1.4458,1.4455,1.4456,512.0
1784607480000,1.4452,1.4452,1.4452,1.4452,15.0
1784607540000,1.4454,1.4458,1.4446,1.4446,267.0
1784607600000,1.4451,1.4458,1.4451,1.4458,104.0
1784607660000,1.4457,1.4457,1.4457,1.4457,3.0
1784607720000,1.4456,1.4457,1.4439,1.4439,430.0
1784607780000,1.4437,1.4444,1.4437,1.4443,444.0
1784607840000,1.444,1.444,1.4432,1.4432,145.0
1784607900000,1.4432,1.4433,1.4431,1.4433,297.0
1784607960000,1.4432,1.4433,1.4431,1.4431,492.0
1784608020000,1.444,1.444,1.4432,1.4435,367.0
1784608080000,1.4432,1.4439,1.4432,1.4439,430.0
1784608140000,1.4434,1.4434,1.4424,1.4424,309.0
1784608200000,1.4418,1.4424,1.4418,1.4423,316.0
1784608260000,1.4423,1.4423,1.4422,1.4422,136.0
1784608320000,1.4421,1.4426,1.4421,1.4426,147.0
1784608380000,1.4426,1.4426,1.4422,1.4422,41.0
1784608440000,1.4426,1.4426,1.4426,1.4426,72.0
1784608500000,1.4412,1.4417,1.4412,1.4414,411.0
1784608560000,1.4416,1.4424,1.4414,1.4424,124.0
1784608620000,1.4424,1.4425,1.442,1.4423,166.0
1784608680000,1.4425,1.4426,1.4422,1.4426,84.0
1784608740000,1.4423,1.4423,1.4421,1.4423,157.0
1784608860000,1.4413,1.4413,1.4413,1.4413,506.0
1784608920000,1.4415,1.4416,1.4413,1.4413,412.0
1784608980000,1.4414,1.4414,1.4414,1.4414,30.0
1784609040000,1.4413,1.4415,1.4412,1.4412,116.0
1784609100000,1.4414,1.4414,1.4409,1.4414,172.0
1784609160000,1.4414,1.4416,1.441,1.4416,86.0
1784609220000,1.4414,1.4414,1.441,1.441,58.0
1784609280000,1.4416,1.4425,1.4416,1.4425,39.0
1784609340000,1.4426,1.4427,1.4426,1.4427,83.0
1784609400000,1.4425,1.4425,1.4425,1.4425,31.0
1784627160000,1.4632,1.4636,1.4632,1.4632,198.0
1784627220000,1.4632,1.4643,1.4632,1.4637,215.0
1784627280000,1.4636,1.4646,1.4636,1.4645,200.0
1784627340000,1.4635,1.4638,1.4632,1.4637,749.0
1784627400000,1.4635,1.4636,1.4632,1.4632,706.0
1784627460000,1.4631,1.4631,1.4631,1.4631,2.0
1784627520000,1.4636,1.4639,1.463,1.463,1348.0
1784627580000,1.4627,1.4627,1.4622,1.4622,474.0
1784627640000,1.4629,1.4629,1.4613,1.4621,208.0
1784627760000,1.4617,1.4618,1.459,1.459,820.0
1784627820000,1.4592,1.4603,1.4585,1.4585,398.0
1784627880000,1.4591,1.4597,1.4583,1.4583,837.0
1784627940000,1.4584,1.4585,1.4584,1.4584,493.0
1784628000000,1.4586,1.4586,1.4586,1.4586,2.0
1784628060000,1.4589,1.4589,1.4573,1.4575,1858.0
1784628120000,1.4573,1.4586,1.4568,1.4577,396.0
1784628180000,1.4586,1.4586,1.4586,1.4586,107.0
1784628240000,1.4575,1.4575,1.4557,1.4561,1135.0
1784628300000,1.456,1.4567,1.4553,1.4555,537.0
1784628360000,1.4555,1.4558,1.4539,1.4555,916.0
1784628420000,1.4557,1.4557,1.4552,1.4552,665.0
1784628480000,1.4558,1.4558,1.4553,1.4553,434.0
1784628540000,1.4557,1.4559,1.4553,1.4559,127.0
1784628600000,1.4556,1.4566,1.4556,1.4564,526.0
1784628660000,1.4565,1.4569,1.4554,1.4569,144.0
1784628720000,1.4554,1.4558,1.4553,1.4558,385.0
1784628780000,1.4557,1.4558,1.4555,1.4558,440.0
1784628840000,1.4554,1.4554,1.4546,1.4546,240.0
1784628900000,1.4542,1.4543,1.4542,1.4543,51.0
1784628960000,1.4547,1.4547,1.4543,1.4543,52.0
1784629080000,1.4553,1.4553,1.4553,1.4553,27.0
1784629140000,1.4553,1.4556,1.4553,1.4556,201.0
1784629200000,1.4554,1.4556,1.4554,1.4556,254.0
1784629260000,1.4556,1.4556,1.4556,1.4556,27.0
1784629320000,1.4544,1.4578,1.4544,1.4578,470.0
1784629380000,1.4579,1.4579,1.4564,1.4564,467.0
1784629440000,1.4567,1.4567,1.4564,1.4564,261.0
1784629560000,1.4565,1.4566,1.4564,1.4564,329.0
1784629620000,1.4562,1.4566,1.4562,1.4566,61.0
1784629680000,1.4562,1.4566,1.4562,1.4566,50.0
1784629740000,1.4576,1.4576,1.4574,1.4576,280.0
1784629800000,1.4581,1.4592,1.457,1.4572,1274.0
1784629860000,1.4575,1.4575,1.4561,1.4574,159.0
1784629920000,1.4573,1.4581,1.4573,1.4581,650.0
1784629980000,1.4588,1.4589,1.4588,1.4589,404.0
1784630100000,1.459,1.459,1.4582,1.4582,895.0
1784630160000,1.458,1.4608,1.458,1.4607,2142.0
1784630220000,1.4607,1.461,1.4604,1.4604,6805.0
1784630280000,1.4605,1.4605,1.4605,1.4605,77.0
1784630400000,1.4611,1.4611,1.4597,1.4597,1124.0
1784630460000,1.4606,1.4608,1.4606,1.4607,469.0
1784630520000,1.4606,1.4607,1.4605,1.4606,1184.0
1784630580000,1.4606,1.4607,1.4596,1.4606,742.0
1784630640000,1.4603,1.4611,1.4602,1.4603,181.0
1784630700000,1.4606,1.4606,1.4605,1.4605,1486.0
1784630760000,1.4606,1.4606,1.4606,1.4606,26.0
1784630820000,1.4599,1.4599,1.4593,1.4597,367.0
1784630880000,1.4594,1.4597,1.4593,1.4595,317.0
1784630940000,1.4597,1.4597,1.4593,1.4597,596.0
1784631000000,1.4593,1.4593,1.4573,1.4573,281.0
1784631060000,1.4583,1.4583,1.4551,1.4555,321.0
1784631120000,1.4551,1.4566,1.4551,1.4564,566.0
1784631180000,1.4567,1.4567,1.4541,1.455,921.0
1784631240000,1.4553,1.4553,1.4553,1.4553,66.0
1784631300000,1.4542,1.4557,1.4542,1.4552,271.0
1784631420000,1.4548,1.4548,1.452,1.4547,2340.0
1784631480000,1.4545,1.4546,1.4538,1.4546,146.0
1784631540000,1.4547,1.4549,1.4544,1.4544,163.0
1784631600000,1.4543,1.4554,1.4542,1.4545,516.0
1784631660000,1.4548,1.4548,1.4544,1.4546,726.0
1784631720000,1.4544,1.4547,1.4543,1.4543,223.0
1784631780000,1.4543,1.4543,1.4543,1.4543,31.0
1784631840000,1.4551,1.4551,1.4541,1.455,166.0
1784631900000,1.4547,1.4547,1.4547,1.4547,99.0
1784631960000,1.455,1.455,1.4543,1.4547,76.0
1784632020000,1.4546,1.4546,1.4542,1.4542,116.0
1784632080000,1.454,1.454,1.4532,1.4532,689.0
1784632140000,1.4518,1.4518,1.4491,1.4494,595.0
1784632200000,1.4495,1.4495,1.4486,1.4495,1354.0
1784632260000,1.4494,1.4504,1.4494,1.4504,1396.0
1784632320000,1.4506,1.451,1.4505,1.4506,877.0
1784632500000,1.45,1.45,1.4499,1.4499,649.0
1784632560000,1.4501,1.4501,1.4501,1.4501,1.0
1784632620000,1.4517,1.452,1.4512,1.452,235.0
1784632680000,1.452,1.4521,1.4516,1.4517,262.0
1784632740000,1.4508,1.451,1.4492,1.4499,406.0
1784632800000,1.449,1.4498,1.4488,1.4496,1510.0
1784632860000,1.4497,1.4498,1.4493,1.4496,633.0
1784632920000,1.45,1.4512,1.4484,1.4484,2251.0
1784632980000,1.449,1.4494,1.449,1.4492,208.0
1784633040000,1.4494,1.4497,1.4494,1.4497,72.0
1784633100000,1.4492,1.4492,1.4491,1.4491,3500.0
1784633160000,1.4493,1.4493,1.4486,1.4486,327.0
1784633220000,1.4483,1.4498,1.4483,1.4495,692.0
1784633280000,1.4496,1.45,1.4492,1.45,499.0
1784633340000,1.4492,1.45,1.4492,1.4497,376.0
1784633400000,1.4495,1.4496,1.4487,1.4495,412.0
1784633460000,1.4489,1.4496,1.448,1.448,43.0
1784633520000,1.4482,1.449,1.4482,1.449,36.0
1784633580000,1.4487,1.4487,1.4482,1.4482,173.0
1784633640000,1.4486,1.4487,1.4472,1.4473,379.0
1784633700000,1.4479,1.4479,1.4472,1.4472,386.0
1784633760000,1.4491,1.4491,1.4471,1.4473,471.0
1784633820000,1.4471,1.4476,1.4471,1.4474,659.0
1784633880000,1.4476,1.4476,1.4464,1.4475,361.0
1784633940000,1.4476,1.4484,1.4475,1.4484,233.0
1784634000000,1.4486,1.4487,1.4478,1.4478,275.0
1784634060000,1.4482,1.4486,1.4482,1.4482,209.0
1784634120000,1.4486,1.4487,1.4473,1.4487,290.0
1784634180000,1.4497,1.4497,1.4495,1.4495,72.0
1784634240000,1.4496,1.4496,1.4491,1.4494,633.0
1784634300000,1.4491,1.4492,1.4488,1.4489,374.0
1784634360000,1.449,1.4496,1.449,1.4494,707.0
1784634420000,1.4496,1.4496,1.4487,1.4494,252.0
1784634480000,1.4495,1.4505,1.4495,1.4505,253.0
1784634540000,1.4505,1.4505,1.4491,1.45,972.0
1784634600000,1.4498,1.4498,1.4489,1.4489,670.0
1784634660000,1.4496,1.4505,1.4489,1.4505,609.0
1784634720000,1.45,1.4505,1.4496,1.4496,432.0
1784634780000,1.4496,1.4505,1.4494,1.4494,422.0
1784634840000,1.4491,1.4504,1.4491,1.4504,153.0
1784634900000,1.4506,1.4506,1.4495,1.4497,464.0
1784634960000,1.4495,1.4506,1.4495,1.4502,480.0
1784635020000,1.4504,1.4506,1.4493,1.4493,333.0
1784635080000,1.4497,1.4497,1.4493,1.4493,174.0
1784635140000,1.45,1.45,1.45,1.45,9.0
1784635200000,1.4496,1.4496,1.4491,1.4491,527.0
1784635260000,1.4488,1.4488,1.4479,1.4486,623.0
1784635320000,1.4485,1.449,1.4482,1.449,264.0
1784635380000,1.4484,1.4496,1.4483,1.4493,497.0
1784635440000,1.4492,1.4496,1.4491,1.4494,801.0
1784635500000,1.4493,1.4496,1.4465,1.4492,4053.0
1784635560000,1.4484,1.4494,1.4482,1.4482,821.0
1784635620000,1.4485,1.4496,1.4482,1.4492,609.0
1784635680000,1.4496,1.4496,1.4482,1.4486,514.0
1784635740000,1.4485,1.4485,1.4481,1.4481,84.0
1784635800000,1.4485,1.4485,1.4481,1.4482,192.0
1784635860000,1.4485,1.4495,1.4485,1.4495,195.0
1784635920000,1.4494,1.4495,1.4494,1.4495,64.0
1784635980000,1.4495,1.4495,1.4483,1.449,513.0
1784636040000,1.449,1.4496,1.4489,1.4496,788.0
1784636100000,1.4497,1.4515,1.4485,1.4485,1848.0
1784636160000,1.4494,1.451,1.4494,1.451,172.0
1784636220000,1.4515,1.4519,1.4515,1.4517,38.0
1784636280000,1.4519,1.4519,1.4517,1.4519,111.0
1784636340000,1.4518,1.4518,1.4503,1.4516,646.0
1784636400000,1.4512,1.4525,1.4511,1.4516,408.0
1784636460000,1.4512,1.4515,1.4503,1.4513,679.0
1784636520000,1.4515,1.4518,1.4506,1.451,1145.0
1784636580000,1.4517,1.4517,1.4495,1.4501,1103.0
1784636640000,1.4501,1.451,1.4501,1.4508,535.0
1784636700000,1.451,1.451,1.4497,1.4507,944.0
1784636760000,1.4508,1.4512,1.4498,1.4512,921.0
1784636820000,1.4504,1.4512,1.4495,1.4496,608.0
1784636880000,1.4495,1.4506,1.4495,1.4503,605.0
1784636940000,1.4504,1.4507,1.4504,1.4507,68.0
1784637000000,1.4507,1.4507,1.4502,1.4502,79.0
1784637060000,1.4496,1.45,1.4492,1.45,598.0
1784637180000,1.4503,1.4503,1.4495,1.4495,498.0
1784637240000,1.4496,1.4499,1.4492,1.4499,343.0
1784637300000,1.4505,1.4505,1.4481,1.4484,743.0
1784637360000,1.4485,1.4499,1.4473,1.4477,486.0
1784637420000,1.4475,1.4503,1.4473,1.449,7738.0
1784637480000,1.4493,1.4495,1.4485,1.4494,697.0
1784637540000,1.4503,1.451,1.4477,1.4483,1681.0
1784637600000,1.4491,1.4494,1.4482,1.4485,907.0
1784637660000,1.4483,1.4486,1.448,1.4482,386.0
1784637720000,1.4479,1.4481,1.4466,1.4469,980.0
1784637780000,1.4469,1.4475,1.4462,1.4469,1213.0
1784637840000,1.4468,1.447,1.4468,1.4469,76.0
1784637900000,1.4475,1.4475,1.4463,1.4463,454.0
1784637960000,1.4463,1.4469,1.4463,1.4468,743.0
1784638020000,1.4466,1.4475,1.4464,1.4475,288.0
1784638080000,1.4471,1.4475,1.4471,1.4471,526.0
1784638140000,1.4475,1.4475,1.4471,1.4471,411.0
1784638200000,1.4478,1.4478,1.4471,1.4471,302.0
1784638260000,1.4476,1.4485,1.4471,1.4485,477.0
1784638320000,1.4485,1.4508,1.4481,1.4495,2198.0
1784638380000,1.4494,1.4494,1.4481,1.4486,981.0
1784638440000,1.4485,1.4486,1.4481,1.4481,1148.0
1784638500000,1.4481,1.4486,1.4481,1.4485,1365.0
1784638560000,1.4495,1.4505,1.4495,1.4495,350.0
1784638620000,1.4497,1.4498,1.4493,1.4493,855.0
1784638680000,1.4494,1.4499,1.4493,1.4494,893.0
1784638740000,1.4494,1.4496,1.4494,1.4495,682.0
1784638800000,1.4495,1.4495,1.4482,1.4482,928.0
1784638860000,1.4488,1.4488,1.4482,1.4484,412.0
1784638920000,1.4486,1.4486,1.4482,1.4483,190.0
1784638980000,1.4482,1.4488,1.4481,1.4488,76.0
1784639040000,1.4498,1.4498,1.4495,1.4495,76.0
1784639100000,1.4489,1.4498,1.4489,1.4498,315.0
1784639160000,1.4499,1.4506,1.4495,1.4504,924.0
1784639220000,1.4516,1.4516,1.4501,1.4501,144.0
1784639400000,1.4516,1.4516,1.4508,1.4513,175.0
1784639460000,1.4514,1.4516,1.4501,1.4501,740.0
1784639520000,1.4501,1.452,1.4501,1.452,200.0
1784639580000,1.4518,1.4518,1.4512,1.4512,714.0
1784639640000,1.4512,1.4516,1.4512,1.4512,804.0
1784639700000,1.4506,1.4515,1.4506,1.4515,59.0
1784639820000,1.4503,1.4503,1.4503,1.4503,31.0
1784657160000,1.5346,1.5346,1.5317,1.5325,978.0
1784657220000,1.5321,1.5321,1.5293,1.5302,1082.0
1784657280000,1.5294,1.5295,1.5268,1.527,1118.0
1784657340000,1.5269,1.5287,1.5269,1.5277,1013.0
1784657400000,1.5278,1.5294,1.5278,1.5283,1053.0
1784657460000,1.5289,1.5307,1.5284,1.5307,1294.0
1784657520000,1.5308,1.531,1.53,1.5309,514.0
1784657580000,1.5309,1.5339,1.5303,1.5334,1016.0
1784657640000,1.5324,1.5359,1.5324,1.5358,1145.0
1784657700000,1.5373,1.5373,1.5345,1.5346,1183.0
1784657760000,1.5341,1.5368,1.5332,1.5368,3476.0
1784657820000,1.5382,1.539,1.5339,1.5339,1461.0
1784657880000,1.5321,1.5327,1.5295,1.5312,873.0
1784657940000,1.5303,1.5317,1.5242,1.5247,3423.0
1784658000000,1.5248,1.5298,1.5247,1.5298,1554.0
1784658060000,1.5286,1.5291,1.5268,1.5276,991.0
1784658120000,1.5276,1.5332,1.5276,1.5332,779.0
1784658180000,1.5329,1.5344,1.5329,1.5341,2136.0
1784658240000,1.5331,1.5332,1.5261,1.5264,3799.0
1784658300000,1.5257,1.5278,1.5245,1.5253,2620.0
1784658360000,1.5248,1.5295,1.5248,1.5293,2318.0
1784658420000,1.5292,1.5316,1.5285,1.5291,453.0
1784658480000,1.5301,1.5302,1.5282,1.5294,558.0
1784658540000,1.5294,1.5309,1.5282,1.5298,828.0
1784658600000,1.5298,1.5363,1.5298,1.5363,1611.0
1784658660000,1.5362,1.5423,1.5335,1.5423,5296.0
1784658720000,1.5406,1.5406,1.5378,1.5381,1863.0
1784658780000,1.5389,1.5408,1.5385,1.5395,4528.0
1784658840000,1.5395,1.5396,1.5376,1.538,2167.0
1784658900000,1.5374,1.5394,1.5351,1.536,5521.0
1784658960000,1.5352,1.5369,1.5344,1.536,1184.0
1784659020000,1.5377,1.539,1.5377,1.5384,329.0
1784659080000,1.5393,1.5394,1.5385,1.5386,408.0
1784659140000,1.5398,1.54,1.5374,1.5376,224.0
1784659200000,1.5373,1.5373,1.5372,1.5372,110.0
1784659260000,1.5375,1.5375,1.537,1.537,77.0
1784659320000,1.5365,1.5374,1.5365,1.5374,194.0
1784659380000,1.5371,1.5378,1.5371,1.5378,613.0
1784659440000,1.5378,1.5396,1.5378,1.5395,1069.0
1784659500000,1.5381,1.5391,1.5381,1.5381,807.0
1784659560000,1.5377,1.539,1.5376,1.5389,3193.0
1784659620000,1.5397,1.5422,1.5397,1.5417,833.0
1784659680000,1.5408,1.5414,1.5382,1.5382,286.0
1784659740000,1.5364,1.5376,1.5355,1.5366,1542.0
1784659800000,1.5368,1.5368,1.535,1.5358,266.0
1784659860000,1.5354,1.5357,1.5354,1.5356,147.0
1784659920000,1.5351,1.5351,1.5314,1.5341,2388.0
1784659980000,1.5341,1.5357,1.532,1.5346,6321.0
1784660040000,1.5345,1.5377,1.5345,1.5376,330.0
1784660100000,1.5359,1.5384,1.5351,1.5382,1526.0
1784660160000,1.5399,1.5399,1.5385,1.5389,727.0
1784660220000,1.5396,1.5398,1.5379,1.5379,246.0
1784660280000,1.5375,1.5397,1.5375,1.5397,239.0
1784660340000,1.5392,1.5392,1.5385,1.5385,141.0
1784660400000,1.5381,1.5388,1.5378,1.5387,1439.0
1784660460000,1.5388,1.5388,1.5363,1.5383,3206.0
1784660520000,1.5383,1.5388,1.5373,1.5387,499.0
1784660580000,1.5391,1.54,1.5391,1.54,1414.0
1784660640000,1.5407,1.5407,1.5366,1.5366,2571.0
1784660700000,1.5372,1.5373,1.5344,1.5365,6799.0
1784660760000,1.5371,1.5387,1.5365,1.5387,930.0
1784660820000,1.5386,1.5386,1.538,1.538,193.0
1784660880000,1.5375,1.5375,1.5352,1.5368,1361.0
1784660940000,1.5365,1.538,1.5365,1.5371,719.0
1784661000000,1.5361,1.5361,1.5355,1.5358,180.0
1784661060000,1.5352,1.5373,1.535,1.5369,4428.0
1784661120000,1.5385,1.54,1.5385,1.5394,634.0
1784661180000,1.5395,1.54,1.5379,1.5389,660.0
1784661300000,1.5392,1.5392,1.5378,1.5378,189.0
1784661360000,1.5375,1.5375,1.5375,1.5375,258.0
1784661420000,1.5376,1.5385,1.5376,1.5385,234.0
1784661480000,1.538,1.539,1.5369,1.5379,267.0
1784661540000,1.5389,1.5405,1.5387,1.5387,160.0
1784661600000,1.5389,1.5389,1.5364,1.5387,997.0
1784661660000,1.5387,1.5393,1.5387,1.5393,976.0
1784661720000,1.5401,1.5419,1.5398,1.5419,338.0
1784661780000,1.5422,1.5422,1.5387,1.5387,254.0
1784661840000,1.5363,1.537,1.5359,1.537,872.0
1784661900000,1.5371,1.5371,1.5355,1.5364,406.0
1784661960000,1.5364,1.5364,1.5345,1.5358,2064.0
1784662020000,1.5358,1.5358,1.5268,1.5284,6439.0
1784662080000,1.5285,1.5286,1.5285,1.5286,3305.0
1784662140000,1.5286,1.5299,1.5265,1.5289,1528.0
1784662200000,1.5282,1.5293,1.5282,1.5293,1132.0
1784662260000,1.5319,1.533,1.5315,1.5322,1435.0
1784662320000,1.5321,1.5329,1.5319,1.5319,526.0
1784662380000,1.5309,1.5309,1.5284,1.53,1659.0
1784662440000,1.5306,1.5306,1.5305,1.5306,154.0
1784662500000,1.5298,1.5298,1.5277,1.5277,654.0
1784662560000,1.5269,1.5269,1.5255,1.5256,282.0
1784662620000,1.5261,1.5262,1.5225,1.5234,2293.0
1784662680000,1.5234,1.5279,1.5225,1.5252,8137.0
1784662740000,1.5245,1.526,1.5244,1.5245,690.0
1784662800000,1.5245,1.526,1.5245,1.526,296.0
1784662860000,1.5265,1.5278,1.5265,1.5278,267.0
1784662920000,1.5278,1.5289,1.5275,1.5285,888.0
1784662980000,1.5307,1.5307,1.5289,1.5294,394.0
1784663040000,1.5294,1.5296,1.5264,1.5267,714.0
1784663100000,1.5268,1.5281,1.5265,1.5276,1400.0
1784663160000,1.5276,1.5311,1.5275,1.531,569.0
1784663220000,1.5295,1.5339,1.5295,1.5321,1092.0
1784663280000,1.531,1.5323,1.5304,1.5304,482.0
1784663340000,1.531,1.531,1.5278,1.5284,692.0
1784663400000,1.5281,1.5313,1.5281,1.5311,1656.0
1784663460000,1.5311,1.5315,1.5303,1.5315,927.0
1784663520000,1.5316,1.5337,1.5316,1.5326,1452.0
1784663580000,1.5334,1.5335,1.5303,1.5303,152.0
1784663640000,1.532,1.5339,1.532,1.5335,369.0
1784663700000,1.5336,1.5341,1.5329,1.534,209.0
1784663760000,1.5326,1.5334,1.5326,1.5334,87.0
1784663820000,1.5328,1.536,1.5328,1.536,187.0
1784663880000,1.5363,1.5369,1.5359,1.5359,289.0
1784663940000,1.5352,1.5359,1.5345,1.5345,331.0
1784664000000,1.5358,1.538,1.5355,1.538,368.0
1784664060000,1.538,1.538,1.5365,1.5367,406.0
1784664120000,1.5369,1.5376,1.5365,1.5368,380.0
1784664180000,1.5362,1.5362,1.5357,1.5357,51.0
1784664240000,1.5349,1.5369,1.5336,1.5357,649.0
1784664300000,1.5352,1.5355,1.5335,1.5335,519.0
1784664360000,1.5341,1.5359,1.534,1.5359,1339.0
1784664420000,1.5352,1.5356,1.5351,1.5355,75.0
1784664480000,1.5355,1.5362,1.5355,1.5356,24.0
1784664540000,1.5364,1.5385,1.5364,1.5375,106.0
1784664600000,1.5375,1.5386,1.5375,1.5386,199.0
1784664660000,1.5383,1.5386,1.5381,1.5381,278.0
1784664720000,1.5385,1.5386,1.5373,1.5373,154.0
1784664780000,1.5385,1.5385,1.5375,1.5375,82.0
1784664840000,1.5383,1.5401,1.538,1.54,264.0
1784664900000,1.5395,1.5406,1.5382,1.5388,2057.0
1784664960000,1.5388,1.5406,1.5383,1.5397,239.0
1784665020000,1.5393,1.5394,1.5386,1.5386,1163.0
1784665080000,1.5399,1.5399,1.5399,1.5399,585.0
1784665140000,1.5383,1.5389,1.5375,1.5379,347.0
1784665200000,1.5381,1.5398,1.5367,1.5391,636.0
1784665260000,1.5399,1.5399,1.5385,1.5385,632.0
1784665320000,1.5385,1.541,1.5383,1.5392,2768.0
1784665380000,1.5368,1.5368,1.5366,1.5366,51.0
1784665440000,1.5355,1.5355,1.534,1.5341,85.0
1784665500000,1.5346,1.5346,1.5324,1.5324,1461.0
1784665560000,1.5336,1.5373,1.5336,1.5365,409.0
1784665620000,1.5366,1.5378,1.5365,1.5375,1308.0
1784665680000,1.5376,1.5381,1.5368,1.5375,340.0
1784665740000,1.5384,1.5404,1.5306,1.5404,36553.0
1784665800000,1.5401,1.5414,1.5395,1.5395,1210.0
1784665860000,1.5402,1.5402,1.5387,1.5395,411.0
1784665920000,1.5398,1.5425,1.5385,1.5414,4224.0
1784665980000,1.5409,1.5409,1.5395,1.5403,307.0
1784666040000,1.5402,1.5407,1.5394,1.5403,231.0
1784666100000,1.5402,1.5408,1.5402,1.5408,52.0
1784666160000,1.5408,1.5411,1.54,1.5411,54.0
1784666220000,1.54,1.54,1.5387,1.5387,61.0
1784666280000,1.538,1.5388,1.538,1.5388,33.0
1784666340000,1.5385,1.5385,1.5369,1.5369,261.0
1784666400000,1.5375,1.5376,1.5375,1.5376,25.0
1784666460000,1.5369,1.5369,1.5369,1.5369,62.0
1784666520000,1.5369,1.5376,1.5369,1.5374,279.0
1784666640000,1.5365,1.5368,1.5357,1.5357,1130.0
1784666700000,1.5356,1.5356,1.5356,1.5356,14.0
1784666760000,1.5344,1.5349,1.5343,1.5345,833.0
1784666820000,1.5344,1.5371,1.5344,1.5365,5297.0
1784666880000,1.5363,1.5366,1.5341,1.5366,530.0
1784666940000,1.5374,1.5376,1.5371,1.5371,64.0
1784667000000,1.5376,1.539,1.5374,1.539,298.0
1784667060000,1.5394,1.5394,1.5385,1.5392,519.0
1784667120000,1.5383,1.539,1.5376,1.5386,318.0
1784667180000,1.538,1.5395,1.5375,1.538,309.0
1784667240000,1.539,1.539,1.5374,1.5374,239.0
1784667300000,1.538,1.538,1.5364,1.5368,642.0
1784667360000,1.5364,1.5364,1.5343,1.5351,1372.0
1784667420000,1.5344,1.5351,1.5342,1.5344,538.0
1784667480000,1.5349,1.5349,1.5347,1.5349,1744.0
1784667540000,1.5341,1.5341,1.5305,1.5316,6426.0
1784667600000,1.5322,1.5322,1.5314,1.5314,437.0
1784667660000,1.5302,1.5332,1.5302,1.5332,2099.0
1784667720000,1.5329,1.5337,1.5313,1.5332,696.0
1784667780000,1.5313,1.5321,1.5313,1.5317,186.0
1784667840000,1.5325,1.5338,1.5324,1.5336,411.0
1784667900000,1.5349,1.537,1.5349,1.5362,436.0
1784667960000,1.5372,1.5381,1.537,1.5374,2846.0
1784668020000,1.5369,1.5374,1.5366,1.5371,452.0
1784668080000,1.5372,1.5384,1.5372,1.5382,385.0
1784668140000,1.5381,1.5382,1.5381,1.5381,609.0
1784668200000,1.5385,1.5397,1.5371,1.5392,797.0
1784668260000,1.5395,1.5397,1.5386,1.5386,628.0
1784668320000,1.5386,1.5404,1.5386,1.5396,732.0
1784668380000,1.5413,1.5413,1.5386,1.5387,1261.0
1784668440000,1.5389,1.5392,1.5384,1.5388,977.0
1784668500000,1.5378,1.5388,1.5378,1.5388,351.0
1784668560000,1.5379,1.5388,1.5379,1.5379,230.0
1784668620000,1.5388,1.5388,1.5379,1.5388,328.0
1784668680000,1.5379,1.5388,1.5367,1.5378,335.0
1784668740000,1.5369,1.5371,1.5364,1.5367,388.0
1784668800000,1.5361,1.5361,1.5361,1.5361,39.0
1784668860000,1.5365,1.5366,1.5365,1.5366,20.0
1784668920000,1.5367,1.5409,1.5367,1.5399,4989.0
1784668980000,1.5411,1.5411,1.5394,1.5394,659.0
1784669040000,1.5394,1.5394,1.5388,1.5389,233.0
1784669100000,1.537,1.537,1.537,1.537,2.0
1784669220000,1.5391,1.5391,1.5391,1.5391,21.0
1784669280000,1.5395,1.5395,1.5395,1.5395,1.0
1784687160000,1.5773,1.58,1.577,1.5794,563.0
1784687220000,1.5793,1.5793,1.5769,1.5786,998.0
1784687280000,1.579,1.5809,1.5771,1.5809,1182.0
1784687340000,1.5806,1.5812,1.5802,1.5812,1229.0
1784687400000,1.5805,1.583,1.5802,1.5825,1542.0
1784687460000,1.5822,1.583,1.58,1.581,448.0
1784687520000,1.5813,1.583,1.5803,1.5825,452.0
1784687580000,1.5824,1.584,1.5824,1.584,473.0
1784687640000,1.5838,1.5855,1.5831,1.5841,677.0
1784687700000,1.5839,1.5866,1.5821,1.5866,771.0
1784687760000,1.5854,1.5864,1.5818,1.5864,2459.0
1784687820000,1.5863,1.5897,1.5863,1.5888,1178.0
1784687880000,1.5887,1.5899,1.5878,1.5888,2401.0
1784687940000,1.5885,1.5886,1.5835,1.5835,1196.0
1784688000000,1.5827,1.5853,1.5824,1.5841,1512.0
1784688060000,1.5841,1.5867,1.5822,1.5855,712.0
1784688120000,1.5856,1.5869,1.5849,1.5852,325.0
1784688180000,1.5847,1.5847,1.5817,1.5817,314.0
1784688240000,1.5813,1.5836,1.5789,1.5789,1139.0
1784688300000,1.5792,1.5807,1.5739,1.5739,1608.0
1784688360000,1.5793,1.5801,1.5777,1.5783,396.0
1784688420000,1.5772,1.581,1.5755,1.581,12691.0
1784688480000,1.5795,1.5837,1.5793,1.5837,3913.0
1784688540000,1.5834,1.5862,1.5834,1.5862,504.0
1784688600000,1.5851,1.5875,1.5841,1.5875,730.0
1784688660000,1.5849,1.5864,1.5838,1.5864,604.0
1784688720000,1.5854,1.5864,1.5851,1.5855,445.0
1784688780000,1.5852,1.5852,1.5825,1.5832,475.0
1784688840000,1.5842,1.588,1.5842,1.5855,3480.0
1784688900000,1.5861,1.5896,1.5861,1.5888,1568.0
1784688960000,1.5876,1.588,1.5867,1.5872,1301.0
1784689020000,1.5872,1.59,1.5856,1.5856,54947.0
1784689080000,1.5846,1.5852,1.5784,1.5816,2093.0
1784689140000,1.5828,1.5833,1.5808,1.5816,1486.0
1784689200000,1.5817,1.5817,1.5776,1.5776,1318.0
1784689260000,1.5775,1.5817,1.5775,1.5817,1689.0
1784689320000,1.5817,1.5843,1.5811,1.5843,1305.0
1784689380000,1.5838,1.5882,1.5838,1.5882,650.0
1784689440000,1.5883,1.5898,1.5875,1.5883,828.0
1784689500000,1.5893,1.5893,1.5857,1.586,1727.0
1784689560000,1.5856,1.5873,1.5836,1.5842,1076.0
1784689620000,1.5846,1.5849,1.582,1.5849,1861.0
1784689680000,1.5841,1.5845,1.5829,1.5845,2871.0
1784689740000,1.5851,1.587,1.5851,1.5861,817.0
1784689800000,1.5862,1.588,1.5862,1.5865,551.0
1784689860000,1.5856,1.5856,1.584,1.584,149.0
1784689920000,1.5857,1.5857,1.5838,1.5839,103.0
1784689980000,1.5842,1.5843,1.5842,1.5843,125.0
1784690040000,1.5857,1.5858,1.5845,1.5845,3263.0
1784690100000,1.5845,1.5874,1.5845,1.5857,287.0
1784690160000,1.5879,1.5897,1.5861,1.5861,1760.0
1784690220000,1.5855,1.5855,1.5845,1.5845,60.0
1784690280000,1.5851,1.5876,1.5851,1.586,181.0
1784690340000,1.5873,1.5883,1.5873,1.5883,126.0
1784690400000,1.59,1.59,1.5852,1.5865,2763.0
1784690460000,1.5855,1.586,1.585,1.5852,479.0
1784690520000,1.5852,1.586,1.5821,1.585,2905.0
1784690580000,1.5856,1.5856,1.5831,1.5834,559.0
1784690640000,1.5832,1.5865,1.582,1.5863,3005.0
1784690700000,1.5868,1.5868,1.583,1.583,1201.0
1784690760000,1.5824,1.5825,1.5737,1.5754,2297.0
1784690820000,1.5754,1.5756,1.5725,1.5727,1624.0
1784690880000,1.571,1.5772,1.571,1.5761,1712.0
1784690940000,1.5761,1.5789,1.576,1.5789,590.0
1784691000000,1.5793,1.582,1.5768,1.5768,956.0
1784691060000,1.576,1.576,1.5679,1.5728,2050.0
1784691120000,1.5718,1.572,1.5682,1.5692,410.0
1784691180000,1.5683,1.5694,1.5673,1.5694,887.0
1784691240000,1.5708,1.5748,1.5701,1.5734,1052.0
1784691300000,1.5736,1.5754,1.5711,1.5713,1687.0
1784691360000,1.5709,1.573,1.5702,1.573,2231.0
1784691420000,1.5723,1.5726,1.5715,1.5718,250.0
1784691480000,1.5719,1.5736,1.5713,1.5713,813.0
1784691540000,1.5718,1.5724,1.5691,1.5694,830.0
1784691600000,1.5685,1.5698,1.5675,1.5698,501.0
1784691660000,1.5676,1.5687,1.5612,1.5615,6422.0
1784691720000,1.5616,1.5628,1.5604,1.5605,988.0
1784691780000,1.5602,1.5606,1.5592,1.5595,1050.0
1784691840000,1.5597,1.5627,1.5597,1.5614,4156.0
1784691900000,1.5627,1.5632,1.5598,1.5608,5097.0
1784691960000,1.5602,1.5623,1.5601,1.5601,1135.0
1784692020000,1.5607,1.5622,1.5598,1.5612,439.0
1784692080000,1.5612,1.5617,1.5612,1.5617,658.0
1784692140000,1.5599,1.5606,1.5599,1.5605,743.0
1784692200000,1.5602,1.5602,1.5602,1.5602,356.0
1784692260000,1.5602,1.5607,1.5602,1.5603,1021.0
1784692320000,1.56,1.5607,1.5592,1.5592,1164.0
1784692380000,1.5596,1.5616,1.5586,1.5608,1713.0
1784692440000,1.5598,1.5606,1.5598,1.5606,549.0
1784692500000,1.5603,1.5603,1.5574,1.5577,898.0
1784692560000,1.5572,1.5584,1.557,1.5573,359.0
1784692620000,1.5551,1.5566,1.5548,1.5561,3843.0
1784692680000,1.556,1.5562,1.5544,1.5544,1473.0
1784692740000,1.5542,1.5566,1.5542,1.5562,1418.0
1784692800000,1.556,1.5564,1.5543,1.5543,503.0
1784692860000,1.5544,1.5565,1.5543,1.5558,621.0
1784692920000,1.5557,1.5566,1.5553,1.5566,733.0
1784692980000,1.5567,1.5579,1.556,1.5579,605.0
1784693040000,1.5577,1.5577,1.5577,1.5577,2.0
1784693100000,1.5591,1.5604,1.5591,1.5594,2701.0
1784693160000,1.5594,1.5604,1.5589,1.5604,1257.0
1784693220000,1.561,1.5614,1.559,1.5595,458.0
1784693280000,1.5579,1.558,1.5566,1.5573,789.0
1784693340000,1.557,1.5609,1.557,1.5601,210.0
1784693400000,1.56,1.5616,1.5583,1.5592,6703.0
1784693460000,1.5595,1.5595,1.559,1.5595,243.0
1784693520000,1.5593,1.5593,1.557,1.5587,1328.0
1784693580000,1.5575,1.5576,1.555,1.5553,2139.0
1784693640000,1.5558,1.556,1.555,1.5556,1482.0
1784693700000,1.556,1.556,1.5536,1.5554,655.0
1784693760000,1.556,1.5585,1.5552,1.5575,915.0
1784693820000,1.557,1.5572,1.5559,1.5559,1043.0
1784693880000,1.5563,1.5564,1.5556,1.5564,805.0
1784693940000,1.5559,1.5568,1.5559,1.5568,370.0
1784694000000,1.5555,1.5555,1.5545,1.5549,464.0
1784694060000,1.5549,1.5576,1.5549,1.5576,520.0
1784694120000,1.5582,1.5582,1.557,1.557,613.0
1784694180000,1.557,1.557,1.5568,1.5569,358.0
1784694240000,1.5569,1.5572,1.5551,1.5552,451.0
1784694300000,1.5547,1.5584,1.5547,1.5572,5182.0
1784694360000,1.5571,1.5606,1.5563,1.5606,1640.0
1784694420000,1.5603,1.5603,1.5592,1.5592,208.0
1784694480000,1.5591,1.5596,1.5562,1.5562,2948.0
1784694540000,1.5554,1.5559,1.5553,1.5559,208.0
1784694600000,1.556,1.5567,1.556,1.5565,375.0
1784694660000,1.5565,1.5582,1.5554,1.5582,693.0
1784694720000,1.5579,1.5592,1.5579,1.5592,292.0
1784694780000,1.5591,1.5595,1.558,1.559,322.0
1784694840000,1.5592,1.5597,1.5591,1.5597,89.0
1784694900000,1.5602,1.5602,1.5516,1.5546,5114.0
1784694960000,1.5541,1.5555,1.553,1.5543,1000.0
1784695020000,1.5541,1.5564,1.554,1.5551,1009.0
1784695080000,1.5552,1.5566,1.5551,1.5565,561.0
1784695140000,1.5564,1.5564,1.5533,1.5533,591.0
1784695200000,1.5539,1.5539,1.5537,1.5538,612.0
1784695320000,1.5551,1.5554,1.5551,1.5554,237.0
1784695380000,1.5554,1.5554,1.5542,1.5547,3092.0
1784695440000,1.5545,1.5545,1.5543,1.5543,253.0
1784695620000,1.5549,1.5574,1.5549,1.5561,1623.0
1784695680000,1.5567,1.5576,1.5567,1.5576,1282.0
1784695740000,1.5567,1.5567,1.5562,1.5566,645.0
1784695800000,1.5561,1.5574,1.5561,1.5574,280.0
1784695860000,1.5573,1.5591,1.5573,1.5591,277.0
1784695920000,1.5584,1.5604,1.5583,1.5592,1431.0
1784695980000,1.5596,1.5604,1.5593,1.5595,2019.0
1784696040000,1.5584,1.5591,1.5573,1.5591,657.0
1784696100000,1.5585,1.5585,1.5562,1.5562,401.0
1784696160000,1.5567,1.5585,1.5567,1.5585,91.0
1784696280000,1.5575,1.5575,1.5567,1.5567,648.0
1784696340000,1.5564,1.5572,1.5564,1.5572,334.0
1784696400000,1.5573,1.5579,1.5572,1.5572,192.0
1784696460000,1.5574,1.5582,1.5562,1.5562,207.0
1784696520000,1.5563,1.5584,1.5562,1.5582,1093.0
1784696580000,1.5588,1.5588,1.5588,1.5588,34.0
1784696640000,1.5585,1.5597,1.5581,1.5592,580.0
1784696700000,1.5592,1.5592,1.556,1.5562,376.0
1784696760000,1.5573,1.5573,1.5566,1.5566,1498.0
1784696820000,1.5549,1.5566,1.5541,1.5551,542.0
1784696880000,1.5559,1.5566,1.555,1.5552,508.0
1784696940000,1.5552,1.5552,1.5541,1.5548,277.0
1784697000000,1.5548,1.5548,1.5541,1.5548,150.0
1784697060000,1.5548,1.5551,1.5548,1.5551,1396.0
1784697120000,1.555,1.555,1.5541,1.5542,96.0
1784697180000,1.5541,1.5541,1.5526,1.5529,186.0
1784697240000,1.5528,1.5543,1.5526,1.5543,493.0
1784697300000,1.5534,1.5578,1.5534,1.5563,1329.0
1784697360000,1.5565,1.5607,1.5563,1.5592,1109.0
1784697420000,1.558,1.5584,1.558,1.5582,287.0
1784697480000,1.5589,1.5606,1.5589,1.5597,284.0
1784697540000,1.5604,1.5648,1.5597,1.5643,2459.0
1784697600000,1.5641,1.5641,1.5595,1.5595,1299.0
1784697660000,1.5587,1.5595,1.5587,1.5589,435.0
1784697720000,1.5583,1.5595,1.5578,1.5578,337.0
1784697780000,1.5592,1.5592,1.5578,1.5582,213.0
1784697840000,1.5576,1.5592,1.5576,1.5582,2409.0
1784697900000,1.5589,1.5616,1.5589,1.5616,227.0
1784697960000,1.5608,1.5608,1.5593,1.5594,134.0
1784698020000,1.5594,1.5602,1.558,1.5589,708.0
1784698080000,1.5588,1.5588,1.5582,1.5582,261.0
1784698140000,1.5578,1.5578,1.5561,1.5564,276.0
1784698200000,1.5565,1.5569,1.5548,1.5551,1407.0
1784698260000,1.5551,1.5559,1.5551,1.5551,198.0
1784698320000,1.5556,1.5556,1.5551,1.5554,395.0
1784698380000,1.5546,1.5547,1.551,1.5546,1680.0
1784698440000,1.5539,1.5556,1.5539,1.5556,338.0
1784698500000,1.5547,1.5547,1.553,1.5534,522.0
1784698560000,1.5525,1.5525,1.5482,1.5491,705.0
1784698620000,1.5515,1.5515,1.5494,1.5503,2551.0
1784698680000,1.5514,1.5514,1.5491,1.5499,617.0
1784698740000,1.5498,1.5499,1.5423,1.5463,15127.0
1784698800000,1.5463,1.5473,1.5393,1.5396,9625.0
1784698860000,1.5394,1.5396,1.5385,1.5388,2407.0
1784698920000,1.5389,1.5406,1.5384,1.5406,6349.0
1784698980000,1.5395,1.5411,1.5395,1.5408,480.0
1784699040000,1.5406,1.5406,1.5387,1.5391,380.0
1784699100000,1.5398,1.5406,1.539,1.539,495.0
1784699160000,1.5408,1.5408,1.539,1.5406,96.0
1784699220000,1.5399,1.5406,1.5392,1.5393,1778.0
1784699280000,1.539,1.5396,1.5374,1.538,2655.0
1784699340000,1.5379,1.5379,1.5359,1.5363,873.0
