timestamp,open,high,low,close,volume,turnover
1783862280000,528.41,528.41,528.01,528.2,2562.0,13533.2086
1783862340000,528.39,532.65,528.27,530.66,18139.0,96142.4233
1783862400000,530.75,531.41,530.28,530.28,1161.0,6162.3717
1783862460000,530.38,530.85,530.08,530.36,1339.0,7103.1018
1783862520000,530.24,530.24,528.84,528.84,11983.0,63394.1446
1783862580000,529.0,529.43,528.73,529.25,10455.0,55297.2025
1783862640000,529.11,529.44,529.1,529.32,618.0,3271.4249
1783862700000,529.45,530.0,529.44,530.0,6400.0,33906.0807
1783862760000,529.98,530.58,529.55,529.58,1161.0,6155.2948
1783862820000,529.46,530.34,529.43,529.89,774.0,4101.7512
1783862880000,529.97,530.26,529.52,529.77,3509.0,18587.0372
1783862940000,530.06,530.58,530.06,530.33,709.0,3760.3908
1783863000000,530.37,530.43,529.39,529.39,613.0,3249.0515
1783863060000,529.35,530.36,529.35,529.66,763.0,4041.8076
1783863120000,529.59,529.86,528.7,529.22,835.0,4419.5526
1783863180000,529.16,529.38,528.94,529.28,1218.0,6445.3722
1783863240000,529.37,529.79,529.29,529.29,627.0,3320.2984
1783863300000,529.71,529.78,529.1,529.1,732.0,3876.4989
1783863360000,529.1,529.59,528.67,528.76,3268.0,17287.1488
1783863420000,528.78,529.64,528.4,528.99,3933.0,20804.7799
1783863480000,529.06,529.22,528.6,529.08,3844.0,20327.1393
1783863540000,529.16,529.71,528.63,528.71,937.0,4960.8882
1783863600000,528.74,528.99,528.35,528.99,789.0,4171.4866
1783863660000,529.29,529.29,528.69,529.03,503.0,2660.5859
1783863720000,529.03,529.04,528.28,528.28,826.0,4367.3878
1783863780000,528.34,528.39,528.09,528.13,926.0,4891.3192
1783863840000,528.23,528.45,528.13,528.18,1059.0,5594.3886
1783863900000,528.32,528.58,528.32,528.48,1670.0,8825.0796
1783863960000,528.51,528.58,527.7,528.36,681.0,3597.1735
1783864020000,528.38,528.64,527.91,528.02,498.0,2630.4189
1783864080000,528.23,528.45,528.21,528.33,613.0,3238.6705
1783864140000,528.33,528.35,528.21,528.31,217.0,1146.4363
1783864200000,528.46,528.8,528.14,528.51,978.0,5169.9373
1783864260000,528.58,528.58,527.85,528.06,939.0,4960.2499
1783864320000,528.24,528.28,527.62,527.7,829.0,4376.5877
1783864380000,527.77,527.86,527.63,527.67,372.0,1963.3032
1783864440000,527.7,527.7,525.74,526.07,7539.0,39681.0518
1783864500000,525.98,526.44,525.61,525.61,5247.0,27605.207
1783864560000,525.63,525.87,524.63,525.59,7428.0,39003.8537
1783864620000,525.74,526.54,525.73,526.29,520.0,2736.4867
1783864680000,526.29,526.49,525.42,526.16,5553.0,29193.107
1783864740000,526.19,526.32,525.74,525.82,1004.0,5281.0374
1783864800000,525.88,527.29,525.88,527.15,3211.0,16917.4521
1783864860000,527.25,527.38,525.87,525.93,1599.0,8427.4966
1783864920000,525.89,527.27,525.81,527.19,3008.0,15848.013
1783864980000,527.18,527.22,526.9,527.03,119.0,627.2234
1783865040000,527.33,527.4,526.77,526.97,842.0,4437.6307
1783865100000,527.04,527.74,527.04,527.41,531.0,2800.2297
1783865160000,527.53,528.0,527.45,527.78,2113.0,11154.3469
1783865220000,527.72,527.76,526.59,526.9,590.0,3110.0092
1783865280000,526.81,527.46,526.81,527.41,486.0,2562.1316
1783865340000,527.3,527.71,526.94,526.94,3165.0,16681.0888
1783865400000,526.94,527.03,526.23,526.23,841.0,4429.6835
1783865460000,526.31,526.34,525.73,525.79,682.0,3588.5185
1783865520000,525.76,526.48,525.57,526.4,1310.0,6890.607
1783865580000,526.49,526.96,526.37,526.38,474.0,2496.2984
1783865640000,526.7,527.09,526.31,526.6,536.0,2823.0988
1783865700000,526.65,526.65,526.21,526.4,335.0,1763.6564
1783865760000,526.67,526.72,525.87,526.37,3179.0,16723.6263
1783865820000,526.49,526.58,526.17,526.58,321.0,1689.6959
1783865880000,526.58,527.23,526.58,527.23,4956.0,26109.1536
1783865940000,527.22,527.24,526.6,526.79,622.0,3276.1568
1783866000000,526.74,527.78,526.68,527.64,1848.0,9746.3041
1783866060000,527.68,527.82,527.4,527.49,1970.0,10393.6695
1783866120000,527.68,528.54,527.53,528.51,1184.0,6255.9877
1783866180000,528.32,529.16,528.04,528.97,4108.0,21713.8434
1783866240000,528.89,529.68,528.83,529.39,1328.0,7032.0352
1783866300000,529.37,529.61,528.75,529.1,1021.0,5404.2266
1783866360000,529.0,529.47,528.47,528.89,1066.0,5640.8344
1783866420000,528.7,529.07,528.55,528.65,1076.0,5689.4973
1783866480000,528.6,528.69,528.4,528.58,300.0,1585.6345
1783866540000,528.27,528.57,528.07,528.49,558.0,2948.2345
1783866600000,528.56,528.58,528.31,528.31,783.0,4138.477
1783866660000,528.41,528.51,528.01,528.21,20839.0,110065.5503
1783866720000,528.16,529.63,527.94,529.02,7966.0,42104.4715
1783866780000,528.99,529.7,528.95,529.63,1383.0,7322.8239
1783866840000,529.78,530.07,529.56,529.6,1230.0,6517.2576
1783866900000,529.54,529.76,529.23,529.61,2652.0,14047.3264
1783866960000,529.52,529.58,529.3,529.55,902.0,4775.2396
1783867020000,529.46,529.82,529.46,529.76,898.0,4756.2645
1783867080000,529.64,529.9,529.41,529.54,691.0,3659.4391
1783867140000,529.61,529.91,529.29,529.29,622.0,3293.899
1783867200000,529.43,529.6,529.23,529.6,426.0,2255.3336
1783867260000,529.59,529.59,529.16,529.28,182.0,963.3973
1783867320000,529.5,531.44,529.46,530.83,1537.0,8157.6141
1783867380000,531.02,531.09,530.3,530.6,2360.0,12527.9467
1783867440000,530.79,530.84,530.06,530.06,390.0,2068.7599
1783867500000,530.03,530.16,529.44,529.66,1086.0,5752.2307
1783867560000,529.71,531.39,529.47,530.47,2524.0,13383.0146
1783867620000,530.51,530.64,529.93,529.95,784.0,4156.1423
1783867680000,529.99,530.37,529.82,529.82,618.0,3276.3368
1783867740000,529.95,530.78,529.95,530.76,571.0,3029.4946
1783867800000,530.69,530.75,529.85,529.9,380.0,2014.9522
1783867860000,529.96,530.04,529.41,529.44,346.0,1832.7126
1783867920000,529.53,529.71,529.45,529.59,448.0,2372.4524
1783867980000,529.83,530.96,529.7,530.59,4192.0,22239.8466
1783868040000,530.7,536.72,530.7,533.79,44846.0,239817.7368
1783868100000,533.39,535.95,533.33,533.79,8267.0,44204.5892
1783868160000,533.86,534.31,533.24,533.7,3663.0,19552.0729
1783868220000,533.59,534.59,533.59,534.06,397.0,2120.3742
1783868280000,534.08,535.29,534.06,534.23,858.0,4585.5502
1783868340000,534.32,534.72,533.4,533.4,207.0,1106.2205
1783868400000,533.67,534.53,533.4,533.4,3750.0,20013.3298
1783868460000,533.4,533.4,532.0,532.16,5441.0,28971.9378
1783868520000,532.2,533.28,532.01,533.28,417.0,2220.4055
1783868580000,533.09,533.63,532.62,532.83,272.0,1450.3093
1783868640000,532.64,532.94,532.25,532.46,282.0,1501.8436
1783868700000,532.52,532.98,532.52,532.86,651.0,3468.6983
1783868760000,532.99,533.18,532.05,532.39,11168.0,59506.8879
1783868820000,532.1,532.32,532.07,532.29,269.0,1431.5506
1783868880000,532.28,532.28,531.58,531.58,2620.0,13934.0231
1783868940000,531.57,531.69,531.21,531.26,673.0,3576.4235
1783869000000,531.36,532.07,531.36,532.07,544.0,2892.8352
1783869060000,532.19,532.56,532.15,532.56,608.0,3236.8634
1783869120000,532.5,532.5,531.47,531.52,549.0,2920.3221
1783869180000,531.54,532.16,531.54,532.02,516.0,2744.7377
1783869240000,532.06,532.44,532.0,532.12,292.0,1554.1495
1783869300000,532.11,532.99,532.11,532.5,764.0,4068.0883
1783869360000,532.56,532.56,531.6,531.63,555.0,2952.3844
1783869420000,531.61,531.78,531.39,531.77,626.0,3327.4478
1783869480000,531.76,531.84,531.41,531.53,460.0,2445.447
1783869540000,531.48,531.59,531.09,531.2,625.0,3320.8895
1783869600000,531.22,531.22,530.55,530.57,472.0,2505.825
1783869660000,530.82,531.11,530.67,530.7,1162.0,6169.7232
1783869720000,530.76,531.0,530.75,530.93,1151.0,6111.2518
1783869780000,530.92,531.64,530.9,531.49,4636.0,24623.1758
1783869840000,531.39,532.19,531.38,531.61,540.0,2872.213
1783869900000,531.48,531.69,530.54,530.62,283.0,1503.107
1783869960000,530.54,531.21,530.54,531.21,1137.0,6035.9063
1783870020000,531.26,531.39,531.02,531.07,428.0,2273.782
1783870080000,531.04,531.47,531.0,531.39,483.0,2565.9307
1783870140000,531.38,531.67,531.0,531.09,880.0,4675.8417
1783870200000,531.0,531.79,530.94,530.94,597.0,3172.3232
1783870260000,530.79,531.63,530.56,531.19,568.0,3016.4099
1783870320000,531.3,531.49,530.84,530.91,507.0,2693.4531
1783870380000,530.92,531.01,530.49,530.86,550.0,2919.3331
1783870440000,530.68,530.68,529.2,529.44,1047.0,5550.8536
1783870500000,529.68,530.27,529.47,530.24,699.0,3703.6178
1783870560000,530.21,530.21,529.62,529.9,303.0,1605.4369
1783870620000,529.91,530.09,529.74,529.91,407.0,2156.7159
1783870680000,529.94,530.55,529.89,530.1,340.0,1802.8055
1783870740000,530.19,530.41,529.86,530.28,545.0,2889.6881
1783870800000,530.34,530.43,529.8,529.99,1015.0,5379.3406
1783870860000,529.8,529.93,529.64,529.89,509.0,2696.364
1783870920000,529.83,529.93,529.61,529.78,853.0,4518.9237
1783870980000,529.76,530.48,529.75,530.48,1009.0,5347.7813
1783871040000,530.5,530.52,529.88,529.88,756.0,4009.8917
1783871100000,529.89,530.59,529.73,530.59,1030.0,5461.3905
1783871160000,530.67,531.83,530.66,531.68,2747.0,14602.3093
1783871220000,531.72,532.07,531.66,532.04,461.0,2451.8238
1783871280000,532.19,532.91,532.08,532.76,1403.0,7471.4934
1783871340000,532.89,533.15,532.62,532.84,1161.0,6185.143
1783871400000,532.81,533.15,531.64,531.85,1221.0,6499.1651
1783871460000,531.96,532.53,531.78,532.4,692.0,3682.9786
1783871520000,532.31,532.9,531.64,531.81,474.0,2522.5371
1783871580000,531.89,531.89,531.4,531.62,610.0,3242.7886
1783871640000,531.72,531.75,531.19,531.37,913.0,4851.2822
1783871700000,531.35,531.36,530.99,530.99,1203.0,6390.7903
1783871760000,530.89,531.22,530.29,530.36,2350.0,12476.6208
1783871820000,530.39,531.06,530.36,530.6,505.0,2680.6935
1783871880000,530.66,530.87,530.4,530.87,355.0,1883.8003
1783871940000,530.76,531.34,530.76,531.13,336.0,1784.5726
1783872000000,531.08,531.66,531.08,531.48,300.0,1594.3361
1783872060000,531.4,531.59,530.91,531.48,868.0,4611.8446
1783872120000,531.42,531.46,530.74,530.74,432.0,2294.4229
1783872180000,530.73,531.92,530.73,531.85,513.0,2726.4082
1783872240000,531.89,532.04,531.65,532.01,579.0,3079.3763
1783872300000,532.03,533.25,532.03,533.25,3283.0,17480.9836
1783872360000,533.39,535.24,533.31,534.7,4232.0,22614.7785
1783872420000,534.74,534.91,534.04,534.48,533.0,2848.877
1783872480000,534.48,539.95,534.27,539.3,56397.0,302900.225
1783872540000,539.36,539.53,537.29,537.51,8433.0,45437.0113
1783872600000,537.47,545.9,537.0,542.04,68731.0,372021.7673
1783872660000,542.03,543.61,541.82,542.23,9586.0,52032.0427
1783872720000,542.24,542.45,540.11,540.12,4244.0,22963.6762
1783872780000,540.21,541.05,539.99,540.04,11361.0,61403.8068
1783872840000,540.09,541.06,539.74,540.84,12867.0,69499.2163
1783872900000,540.89,543.31,540.89,542.5,14882.0,80692.7219
1783872960000,542.3,544.43,542.3,543.97,4055.0,22047.7992
1783873020000,544.11,544.67,543.72,543.76,3425.0,18630.976
1783873080000,543.79,546.61,543.79,545.47,12424.0,67697.0967
1783873140000,545.59,547.6,544.94,545.7,9157.0,49992.4885
1783873200000,545.67,548.81,545.67,547.59,18931.0,103696.2931
1783873260000,547.59,547.97,546.81,546.91,1522.0,8332.5443
1783873320000,547.14,548.51,547.02,547.55,451.0,2470.1334
1783873380000,547.5,547.5,544.59,544.94,13111.0,71569.7127
1783873440000,544.94,546.33,543.96,546.19,14043.0,76503.7692
1783873500000,546.36,546.53,545.55,546.04,1624.0,8868.5711
1783873560000,546.05,546.39,545.15,545.58,3929.0,21434.3832
1783873620000,545.62,546.17,545.08,545.38,3624.0,19773.9363
1783873680000,545.43,546.04,544.62,546.01,5341.0,29112.8615
1783873740000,546.09,546.1,544.7,545.61,871.0,4751.516
1783873800000,545.56,546.19,544.59,544.68,1963.0,10707.7729
1783873860000,544.7,545.32,544.22,544.56,5622.0,30614.0986
1783873920000,544.56,545.36,544.29,544.91,1374.0,7485.3448
1783873980000,544.88,544.89,542.57,543.11,5186.0,28179.1985
1783874040000,543.09,543.11,542.45,543.11,1084.0,5883.6872
1783874100000,542.94,543.35,542.76,542.84,717.0,3893.2662
1783874160000,542.74,542.97,541.9,542.04,5503.0,29835.9833
1783874220000,542.12,543.0,542.06,542.25,7572.0,41085.2186
1783874280000,542.23,542.44,541.5,542.15,9311.0
1783874340000,542.17,542.47,542.02,542.25,1212.0
1783874400000,542.25,542.98,542.05,542.89,3822.0
1783874460000,542.99,543.28,541.97,542.36,2539.0
1783874520000,542.46,543.75,542.4,543.75,4888.0
1783874580000,543.65,544.29,543.63,543.89,1486.0
1783874640000,544.08,545.2,543.9,544.87,7996.0
1783874700000,544.97,544.97,543.0,543.0,650.0
1783874760000,543.03,543.39,542.39,542.63,1794.0
1783874820000,542.71,543.87,542.71,543.74,2384.0
1783874880000,543.87,544.3,542.99,543.32,1004.0
1783874940000,543.15,543.2,542.59,542.71,727.0
1783875000000,542.74,543.04,542.71,542.74,3447.0
1783875060000,542.73,542.93,542.0,542.12,6919.0
1783875120000,542.11,542.33,541.14,541.57,6636.0
1783875180000,541.59,541.77,541.11,541.19,1598.0
1783875240000,541.19,542.06,541.19,541.61,1038.0
1783875300000,541.82,542.37,541.82,542.26,180.0
1783875360000,542.52,542.69,542.01,542.01,547.0
1783875420000,542.08,542.15,541.77,541.98,585.0
1783875480000,542.02,542.8,542.02,542.38,4175.0
1783875540000,542.42,542.76,541.82,541.82,1178.0
1783875600000,541.99,543.82,541.99,543.27,5898.0
1783875660000,543.34,543.37,542.76,543.02,603.0
1783875720000,543.05,543.52,542.6,542.69,351.0
1783875780000,542.66,543.25,542.66,543.04,3014.0
1783875840000,542.98,543.34,542.86,542.93,1325.0
1783875900000,542.62,542.91,542.6,542.66,299.0
1783875960000,542.65,542.65,541.81,542.01,1486.0
1783876020000,542.01,542.29,541.44,542.15,1416.0
1783876080000,542.19,543.47,542.19,543.47,1485.0
1783876140000,543.79,544.25,543.48,543.98,4438.0
1783876200000,544.0,544.22,543.84,544.22,1384.0
1783876260000,544.12,546.8,544.08,546.1,7391.0
1783876320000,545.71,546.09,545.58,545.75,1298.0
1783876380000,545.63,545.63,544.38,544.45,3297.0
1783876440000,544.31,544.32,543.63,543.82,1009.0
1783876500000,543.78,543.9,543.26,543.9,5184.0
1783876560000,544.11,544.66,543.7,544.59,1183.0
1783876620000,544.61,544.63,543.27,543.45,1150.0
1783876680000,543.79,543.9,543.21,543.7,400.0
1783876740000,543.69,545.3,543.68,544.79,955.0
1783876800000,544.7,544.72,544.27,544.4,1014.0
1783876860000,544.54,544.92,544.04,544.04,474.0
1783876920000,544.03,544.24,543.6,543.7,690.0
1783876980000,543.82,544.26,543.21,543.34,909.0
1783877040000,543.5,543.96,543.39,543.47,267.0
1783877100000,543.59,543.86,543.5,543.76,830.0
1783877160000,543.76,544.19,543.58,543.74,4164.0
1783877220000,543.71,544.18,543.54,543.66,630.0
1783877280000,543.83,543.83,543.17,543.79,585.0
1783877340000,543.87,544.14,543.56,543.56,3784.0
1783877400000,543.69,543.8,543.24,543.57,732.0
1783877460000,543.59,544.26,543.57,544.01,19978.0
1783877520000,544.01,544.55,543.71,544.52,33457.0
1783877580000,544.58,544.88,543.95,544.8,555.0
1783877640000,544.85,546.18,544.77,545.88,7161.0
1783877700000,545.9,546.08,545.57,546.02,882.0
1783892280000,539.4,540.1,539.23,540.08,972.0,5246.5399
1783892340000,539.96,539.98,538.67,538.67,563.0,3036.4441
1783892400000,538.98,539.31,538.6,538.6,3291.0,17743.1556
1783892460000,538.64,539.34,538.12,539.34,1398.0,7529.3609
1783892520000,539.39,539.42,539.28,539.4,761.0,4104.1264
1783892580000,539.46,539.46,539.28,539.37,1628.0,8780.8716
1783892640000,539.32,539.32,538.79,538.97,683.0,3682.2283
1783892700000,539.03,539.03,538.77,538.93,179.0,964.527
1783892760000,538.83,538.84,538.59,538.59,63.0,339.3975
1783892820000,538.35,538.4,537.88,538.0,1082.0,5821.8143
1783892880000,538.01,538.08,537.94,538.03,479.0,2577.3715
1783892940000,537.93,538.01,536.99,536.99,918.0,4932.4899
1783893000000,536.93,537.31,536.84,537.19,247.0,1326.9005
1783893060000,537.1,537.29,536.89,537.23,831.0,4462.707
1783893120000,537.14,537.71,536.97,537.38,137.0,736.0338
1783893180000,537.07,537.07,536.58,536.6,1003.0,5385.1347
1783893240000,536.68,537.87,536.61,537.83,1171.0,6290.1667
1783893300000,537.79,538.98,537.65,538.81,1074.0,5785.0387
1783893360000,538.89,539.86,538.83,539.86,382.0,2060.331
1783893420000,539.56,539.67,538.56,538.95,769.0,4146.0013
1783893480000,538.91,538.91,538.26,538.4,399.0,2148.5585
1783893540000,538.61,538.8,538.56,538.56,368.0,1982.2869
1783893600000,538.43,538.43,536.85,537.45,2796.0,15034.5979
1783893660000,537.49,537.91,537.24,537.54,4123.0,22158.3493
1783893720000,537.49,537.49,536.74,536.92,6506.0,34941.9923
1783893780000,536.85,537.15,536.53,536.7,3718.0,19957.8923
1783893840000,536.76,536.84,533.74,534.51,5639.0,30200.023
1783893900000,534.43,535.25,534.11,534.48,1190.0,6362.4843
1783893960000,534.49,534.94,533.69,534.61,6950.0,37150.0134
1783894020000,534.58,535.14,534.4,535.01,1491.0,7973.5287
1783894080000,535.06,535.27,534.09,535.27,1040.0,5561.4146
1783894140000,535.12,535.16,534.68,534.71,868.0,4643.5491
1783894200000,534.68,535.18,534.27,535.06,938.0,5016.2157
1783894260000,535.08,535.17,534.46,534.76,759.0,4058.7592
1783894320000,534.71,534.72,533.98,534.31,808.0,4317.2349
1783894380000,534.35,534.84,534.0,534.84,1134.0,6060.1002
1783894440000,534.86,534.96,534.13,534.13,589.0,3148.07
1783894500000,534.06,534.79,533.95,534.57,4482.0,23953.8529
1783894560000,534.57,534.66,533.67,534.15,1483.0,7920.3775
1783894620000,534.09,534.27,533.77,533.77,494.0,2638.474
1783894680000,533.8,533.88,532.69,533.05,2467.0,13150.2902
1783894740000,532.97,533.07,532.68,532.81,659.0,3511.8011
1783894800000,532.68,533.11,532.55,533.09,4498.0,23960.4018
1783894860000,533.04,533.85,532.68,533.36,2291.0,12213.6769
1783894920000,533.45,533.83,533.02,533.75,665.0,3547.3196
1783894980000,533.74,534.91,533.52,534.47,31428.0,168000.5829
1783895040000,534.56,536.04,533.87,535.9,6000.0,32056.9449
1783895100000,535.74,536.04,535.31,535.85,1718.0,9203.6376
1783895160000,535.76,535.78,535.31,535.59,2809.0,15045.3782
1783895220000,535.5,535.7,535.28,535.6,2788.0,14933.1972
1783895280000,535.57,535.87,535.28,535.75,1473.0,7890.7998
1783895340000,535.76,535.82,535.38,535.49,689.0,3690.557
1783895400000,535.45,536.52,535.0,536.52,1037.0,5554.2587
1783895460000,536.61,536.61,535.88,536.14,751.0,4026.6371
1783895520000,536.12,536.12,535.37,535.67,1607.0,8606.9889
1783895580000,535.73,536.13,535.58,535.75,559.0,2995.36
1783895640000,535.68,536.14,535.65,536.05,697.0,3734.8969
1783895700000,536.03,536.27,535.94,536.03,594.0,3183.6619
1783895760000,535.96,536.33,535.59,535.76,5305.0,28428.9286
1783895820000,535.76,535.79,534.55,534.97,3203.0,17147.8935
1783895880000,534.93,534.93,534.29,534.41,626.0,3347.3409
1783895940000,534.48,535.41,534.48,535.41,1516.0,8107.6124
1783896000000,535.18,535.18,533.88,534.36,2276.0,12169.6701
1783896060000,534.32,534.36,533.72,533.77,491.0,2621.9152
1783896120000,533.74,533.75,533.47,533.66,473.0,2523.8621
1783896180000,533.56,533.78,533.45,533.59,1129.0,6024.3232
1783896240000,533.63,533.63,533.21,533.43,400.0,2133.7595
1783896300000,533.32,533.32,532.92,532.92,518.0,2761.9358
1783896360000,532.82,533.29,532.48,533.29,640.0,3410.6681
1783896420000,533.21,533.62,533.14,533.19,1210.0,6454.2522
1783896480000,533.15,533.39,533.06,533.12,993.0,5294.7738
1783896540000,533.12,533.56,532.69,533.54,2755.0,14685.3214
1783896600000,533.49,533.66,533.18,533.46,1470.0,7841.246
1783896660000,533.35,533.48,533.08,533.48,863.0,4601.5812
1783896720000,533.66,534.67,533.57,534.67,661.0,3531.2514
1783896780000,534.61,534.74,534.5,534.7,1200.0,6415.5185
1783896840000,534.63,534.95,534.62,534.65,805.0,4304.6113
1783896900000,534.74,535.31,534.73,534.96,1942.0,10389.1453
1783896960000,535.07,535.45,534.86,535.07,2136.0,11430.2044
1783897020000,535.14,536.02,535.04,535.99,3412.0,18274.9005
1783897080000,536.06,536.07,535.38,535.65,781.0,4183.0858
1783897140000,535.6,535.6,534.86,535.37,3002.0,16070.6392
1783897200000,535.34,535.35,534.56,534.91,469.0,2509.3342
1783897260000,534.71,535.35,534.63,534.75,661.0,3536.0804
1783897320000,534.73,534.98,534.49,534.95,741.0,3961.9858
1783897380000,534.78,534.78,534.08,534.09,1199.0,6406.3595
1783897440000,534.06,534.44,533.74,533.94,2937.0,15685.9345
1783897500000,534.08,534.4,534.07,534.29,1178.0,6293.9469
1783897560000,534.28,534.66,534.09,534.52,1369.0,7317.1963
1783897620000,534.59,535.33,534.2,534.24,1425.0,7619.0722
1783897680000,534.33,534.33,533.49,533.58,683.0,3644.4007
1783897740000,533.54,533.71,533.24,533.24,451.0,2405.9344
1783897800000,533.24,533.89,533.24,533.32,1481.0,7902.1475
1783897860000,533.43,533.75,533.36,533.6,532.0,2838.6785
1783897920000,533.56,534.01,533.45,533.77,399.0,2129.3714
1783897980000,533.62,534.54,533.59,534.47,338.0,1805.478
1783898040000,534.47,534.47,534.26,534.42,502.0,2682.8513
1783898100000,534.5,534.84,534.09,534.2,682.0,3645.8773
1783898160000,534.19,534.19,533.68,533.68,528.0,2819.0599
1783898220000,533.71,534.11,533.54,533.9,511.0,2727.7403
1783898280000,533.91,534.64,533.74,534.42,477.0,2548.4385
1783898340000,534.43,534.45,533.6,533.87,1311.0,6999.9578
1783898400000,533.89,534.27,533.87,534.27,1690.0,9028.388
1783898460000,534.28,534.65,534.0,534.65,701.0,3746.1014
1783898520000,534.55,534.6,534.1,534.29,382.0,2041.2998
1783898580000,534.31,534.58,534.31,534.58,343.0,1833.1965
1783898640000,534.35,534.45,533.98,534.28,755.0,4032.8823
1783898700000,534.31,534.31,533.95,534.04,709.0,3787.6656
1783898760000,533.99,534.34,533.9,534.14,513.0,2739.7145
1783898820000,534.14,534.14,533.9,533.95,146.0,779.7099
1783898880000,533.94,534.26,533.81,534.25,1137.0,6072.892
1783898940000,534.13,534.32,533.89,534.2,524.0,2798.9078
1783899000000,534.16,534.36,533.93,533.93,369.0,1971.0145
1783899060000,533.96,534.18,533.79,533.79,3974.0,21219.0912
1783899120000,533.52,533.96,533.24,533.79,11519.0,61454.7409
1783899180000,533.79,533.79,533.39,533.39,466.0,2486.5627
1783899240000,533.22,533.92,533.16,533.79,534.0,2849.115
1783899300000,533.83,533.89,532.47,533.07,1759.0,9381.9419
1783899360000,532.92,533.33,532.91,533.03,796.0,4243.579
1783899420000,533.13,533.18,532.68,532.75,1949.0,10387.6236
1783899480000,532.69,532.93,532.58,532.73,2021.0,10766.1338
1783899540000,532.74,533.06,532.67,533.01,727.0,3873.6393
1783899600000,533.01,533.41,532.77,533.21,1530.0,8156.8845
1783899660000,533.08,533.1,532.68,532.68,304.0,1619.8173
1783899720000,532.82,533.02,532.55,532.66,755.0,4022.5534
1783899780000,532.59,532.71,532.37,532.37,615.0,3275.0444
1783899840000,532.46,532.77,531.46,532.67,1713.0,9111.021
1783899900000,533.05,533.07,532.41,532.76,958.0,5102.6513
1783899960000,532.81,532.81,531.89,532.07,3578.0,19041.6751
1783900020000,532.09,532.09,531.61,531.78,1640.0,8721.8533
1783900080000,531.78,532.79,531.68,532.75,522.0,2778.3447
1783900140000,532.63,532.68,532.41,532.41,825.0,4393.933
1783900200000,532.37,533.41,532.29,532.95,1268.0,6756.1906
1783900260000,533.18,533.24,532.68,533.24,1210.0,6447.656
1783900320000,533.25,533.71,532.9,533.13,1619.0,8634.424
1783900380000,533.12,533.31,532.76,533.09,530.0,2825.4433
1783900440000,532.99,533.86,532.92,533.65,516.0,2752.2798
1783900500000,533.75,533.76,533.38,533.6,422.0,2251.852
1783900560000,533.51,533.62,532.89,533.16,716.0,3818.8085
1783900620000,533.07,533.46,532.91,533.21,4306.0,22966.1165
1783900680000,533.04,533.14,532.68,532.73,899.0,4791.3209
1783900740000,532.67,533.07,532.05,533.04,3611.0,19219.952
1783900800000,533.01,533.16,527.3,531.06,14321.0,75729.3554
1783900860000,531.07,531.97,531.07,531.9,3487.0,18535.1191
1783900920000,531.82,534.41,531.77,533.7,5116.0,27277.3828
1783900980000,533.79,534.73,533.79,534.0,580.0,3097.8227
1783901040000,534.04,534.97,534.04,534.68,763.0,4079.121
1783901100000,534.68,536.1,534.55,535.0,5222.0,27954.3556
1783901160000,535.11,536.13,534.31,536.09,3713.0,19896.236
1783901220000,535.98,536.12,535.33,535.44,2100.0,11255.6136
1783901280000,535.36,535.66,534.86,535.54,967.0,5176.4175
1783901340000,535.93,537.08,535.77,536.68,1463.0,7852.9421
1783901400000,536.69,540.1,536.45,539.99,22438.0,120784.4751
1783901460000,540.0,540.0,537.58,538.19,3809.0,20535.8456
1783901520000,538.39,540.55,538.39,539.9,7383.0,39874.8109
1783901580000,539.79,540.38,538.71,540.09,8487.0,45799.6176
1783901640000,540.09,540.4,539.64,540.14,4369.0,23591.9588
1783901700000,540.15,541.42,539.52,539.62,10904.0,58907.7423
1783901760000,539.71,540.85,539.05,539.81,3570.0,19282.4744
1783901820000,539.72,539.81,538.19,538.19,1859.0,10009.987
1783901880000,537.91,538.98,537.63,538.41,2835.0,15266.1208
1783901940000,538.45,538.79,538.04,538.78,300.0,1615.2114
1783902000000,538.91,539.24,538.6,539.12,449.0,2419.8772
1783902060000,539.07,539.2,538.32,539.07,5106.0,27501.7025
1783902120000,539.08,539.79,539.08,539.79,1624.0,8762.9538
1783902180000,539.88,540.2,539.1,539.34,4108.0,22176.4304
1783902240000,539.38,539.38,537.55,537.55,659.0,3548.3001
1783902300000,537.51,537.74,536.7,537.61,753.0,4045.1211
1783902360000,537.65,539.02,537.65,538.72,1769.0,9523.7386
1783902420000,538.75,539.14,538.59,538.59,372.0,2004.5098
1783902480000,538.41,538.51,537.83,538.01,773.0,4159.6049
1783902540000,538.09,538.27,537.11,537.25,426.0,2290.2636
1783902600000,537.34,537.88,536.25,537.66,11758.0,63082.2841
1783902660000,537.7,537.73,536.91,537.29,2239.0,12031.1384
1783902720000,537.19,537.48,536.67,537.48,801.0,4301.5206
1783902780000,537.51,537.82,537.08,537.77,590.0,3171.6825
1783902840000,537.74,537.83,536.96,536.98,1147.0,6164.3941
1783902900000,536.82,537.52,536.76,536.82,2253.0,12100.5521
1783902960000,536.88,537.43,536.65,537.04,1849.0,9926.9516
1783903020000,537.02,537.17,536.19,536.19,1043.0,5599.4331
1783903080000,535.99,536.08,534.4,534.83,1621.0,8670.9182
1783903140000,534.96,535.04,532.33,533.07,10135.0,54088.5333
1783903200000,533.22,533.47,531.69,531.93,4016.0,21384.9539
1783903260000,531.93,531.93,530.61,531.36,6393.0,33950.1455
1783903320000,531.28,531.28,530.68,530.89,1280.0,6796.591
1783903380000,530.95,531.85,530.0,531.7,10154.0,53902.3319
1783903440000,531.51,532.23,531.45,532.19,1137.0,6048.301
1783903500000,532.19,534.58,531.99,534.58,1551.0,8268.3471
1783903560000,534.52,536.47,534.07,535.64,6715.0,35920.5796
1783903620000,535.58,535.61,534.72,534.96,1890.0,10114.4442
1783903680000,534.9,535.25,534.66,534.9,2231.0,11936.6553
1783903740000,535.07,535.15,533.8,533.84,409.0,2185.8269
1783903800000,533.91,534.87,533.53,534.77,686.0,3667.349
1783903860000,534.94,534.94,534.09,534.54,347.0,1854.6534
1783903920000,534.66,534.91,533.01,533.41,1302.0,6949.5447
1783903980000,533.41,533.85,532.84,533.77,343.0,1829.8835
1783904040000,533.84,535.32,533.79,535.12,1498.0,8013.4992
1783904100000,534.99,536.05,534.99,535.65,914.0,4895.4113
1783904160000,535.7,535.7,534.54,534.61,385.0,2060.3732
1783904220000,534.27,534.36,533.38,534.31,2492.0,13302.7666
1783904280000,534.33,534.61,534.29,534.4,275.0
1783904340000,534.14,534.32,534.02,534.27,2935.0
1783904400000,534.45,534.45,533.12,533.33,1417.0
1783904460000,533.35,533.86,532.68,532.88,963.0
1783904520000,532.89,534.88,532.7,534.88,571.0
1783904580000,534.81,535.22,534.53,534.68,598.0
1783904640000,534.67,534.67,532.79,533.21,520.0
1783904700000,533.22,533.22,532.27,532.4,900.0
1783904760000,532.41,532.43,531.87,531.97,460.0
1783904820000,531.93,532.09,531.39,531.71,960.0
1783904880000,531.98,532.33,531.1,531.7,1515.0
1783904940000,531.52,531.53,529.96,529.96,3734.0
1783905000000,530.0,530.94,529.62,530.78,664.0
1783905060000,530.27,530.64,529.85,530.41,978.0
1783905120000,530.34,532.24,530.22,531.91,4502.0
1783905180000,531.6,531.86,531.43,531.86,340.0
1783905240000,531.87,532.18,531.55,532.0,422.0
1783905300000,532.04,534.04,531.93,534.04,3289.0
1783905360000,534.11,534.11,532.88,532.88,1351.0
1783905420000,532.67,532.67,530.49,530.49,1357.0
1783905480000,530.47,531.17,530.28,530.63,501.0
1783905540000,530.72,531.29,530.58,530.67,98.0
1783905600000,530.66,531.46,530.47,530.98,3819.0
1783905660000,530.87,532.22,530.8,531.79,482.0
1783905720000,531.66,533.36,531.49,532.93,2313.0
1783905780000,532.97,533.36,532.75,533.09,347.0
1783905840000,532.99,533.03,532.49,532.85,450.0
1783905900000,532.93,533.07,531.87,532.27,323.0
1783905960000,532.26,532.35,531.66,531.82,275.0
1783906020000,531.88,531.94,530.32,530.32,6450.0
1783906080000,530.3,531.32,530.09,530.93,2025.0
1783906140000,530.69,531.13,530.61,531.12,478.0
1783906200000,530.79,531.32,530.41,531.09,529.0
1783906260000,531.09,531.97,530.98,531.28,678.0
1783906320000,531.32,532.49,530.93,532.1,1967.0
1783906380000,531.99,531.99,530.64,530.7,1008.0
1783906440000,530.75,531.31,530.71,530.81,418.0
1783906500000,530.72,531.62,530.36,531.62,1186.0
1783906560000,531.46,531.99,531.17,531.73,443.0
1783906620000,531.65,532.19,531.25,531.44,728.0
1783906680000,531.33,532.57,531.31,532.43,577.0
1783906740000,532.57,533.15,532.42,532.64,1043.0
1783906800000,532.82,532.97,532.34,532.71,314.0
1783906860000,532.72,533.63,532.72,533.49,1398.0
1783906920000,533.57,533.77,532.31,532.68,415.0
1783906980000,532.79,532.84,531.98,532.28,248.0
1783907040000,532.17,532.17,531.77,532.13,720.0
1783907100000,532.09,532.09,531.57,531.95,425.0
1783907160000,531.94,531.94,530.54,531.02,1041.0
1783907220000,531.0,531.39,530.59,530.87,507.0
1783907280000,530.73,531.46,530.0,530.0,3511.0
1783907340000,529.91,531.07,529.76,529.88,1066.0
1783907400000,529.98,530.1,529.56,529.78,896.0
1783907460000,529.73,529.95,528.83,529.45,16182.0
1783907520000,529.47,529.6,528.54,529.2,2663.0
1783907580000,528.95,528.95,527.31,527.82,26512.0
1783907640000,527.87,528.64,525.79,526.71,27953.0
1783907700000,526.72,526.87,525.01,525.01,2405.0
1783925760000,517.58,518.31,517.52,518.0,8208.0
1783925820000,517.94,518.16,517.53,517.53,816.0
1783925880000,517.6,517.79,517.39,517.71,3203.0
1783925940000,517.66,517.81,517.52,517.81,3420.0
1783926000000,517.75,518.25,517.0,517.04,3287.0
1783926060000,517.1,517.23,516.06,516.35,5163.0
1783926120000,516.3,516.75,516.16,516.48,893.0
1783926180000,516.48,517.36,516.28,517.36,4036.0
1783926240000,517.31,517.37,517.02,517.2,947.0
1783926300000,517.25,517.95,517.15,517.95,3660.0
1783926360000,517.94,518.03,517.44,517.54,2084.0
1783926420000,517.67,517.9,517.48,517.9,3326.0
1783926480000,517.89,518.44,517.8,518.44,2627.0
1783926540000,518.49,519.75,518.45,518.91,4545.0
1783926600000,518.83,518.92,518.39,518.5,799.0
1783926660000,518.46,518.91,518.37,518.73,1663.0
1783926720000,518.63,519.7,518.61,518.81,12390.0
1783926780000,518.81,518.92,518.43,518.52,6093.0
1783926840000,518.48,518.91,517.82,517.99,2800.0
1783926900000,518.17,518.55,517.94,518.54,1932.0
1783926960000,518.49,519.18,518.28,518.58,4350.0
1783927020000,518.56,518.62,517.74,517.99,6240.0
1783927080000,517.97,518.25,517.65,517.75,2297.0
1783927140000,517.71,518.28,517.35,517.35,2086.0
1783927200000,517.39,517.54,516.94,517.26,3273.0
1783927260000,517.39,518.02,517.34,518.02,1377.0
1783927320000,518.04,518.26,517.58,518.16,3273.0
1783927380000,518.1,519.28,517.84,519.04,3906.0
1783927440000,519.03,520.79,518.99,520.35,7647.0
1783927500000,520.42,521.62,520.1,521.08,3084.0
1783927560000,521.14,522.78,521.05,521.2,7768.0
1783927620000,521.27,521.81,521.27,521.51,661.0
1783927680000,521.46,522.39,521.3,521.89,2062.0
1783927740000,521.92,522.04,521.49,522.0,2838.0
1783927800000,521.8,521.88,520.99,521.65,1706.0
1783927860000,521.5,521.88,521.12,521.27,3691.0
1783927920000,521.32,521.95,521.14,521.7,357.0
1783927980000,521.73,522.15,521.3,522.06,626.0
1783928040000,522.03,522.05,521.39,521.82,919.0
1783928100000,521.7,523.36,521.7,523.2,995.0
1783928160000,523.04,523.1,522.84,522.84,1009.0
1783928220000,522.78,522.78,522.32,522.48,2344.0
1783928280000,522.38,522.72,521.84,522.72,1706.0
1783928340000,522.52,522.75,522.03,522.1,1717.0
1783928400000,522.2,522.32,521.57,521.8,4658.0
1783928460000,521.79,521.79,520.78,520.96,790.0
1783928520000,520.91,521.32,520.82,521.01,788.0
1783928580000,521.22,521.52,521.03,521.52,305.0
1783928640000,521.46,521.46,520.74,521.01,1140.0
1783928700000,521.0,521.27,520.92,521.21,527.0
1783928760000,521.14,521.18,520.39,520.5,628.0
1783928820000,520.42,520.57,520.2,520.52,457.0
1783928880000,520.45,521.18,520.29,520.87,1496.0
1783928940000,520.98,520.99,519.86,519.93,1090.0
1783929000000,519.84,520.14,519.82,520.02,3610.0
1783929060000,520.1,520.95,519.68,520.95,656.0
1783929120000,520.94,520.94,520.01,520.13,323.0
1783929180000,520.02,520.33,519.95,520.1,360.0
1783929240000,520.13,520.75,520.05,520.56,1688.0
1783929300000,520.54,520.9,520.43,520.77,328.0
1783929360000,520.64,521.5,520.64,521.36,569.0
1783929420000,521.25,521.55,521.13,521.52,543.0
1783929480000,521.53,521.72,520.78,521.62,4553.0
1783929540000,521.78,521.91,521.45,521.78,6579.0
1783929600000,521.81,521.81,521.31,521.54,771.0
1783929660000,521.46,522.26,521.46,522.24,586.0
1783929720000,522.15,522.19,521.09,521.09,2105.0
1783929780000,521.29,521.3,520.19,520.37,2840.0
1783929840000,520.37,520.95,520.14,520.82,318.0
1783929900000,520.92,521.57,520.65,521.57,281.0
1783929960000,521.4,522.28,521.37,522.21,4248.0
1783930020000,522.23,522.23,522.05,522.08,453.0
1783930080000,522.09,522.32,521.58,521.66,738.0
1783930140000,521.44,521.44,520.24,520.24,1233.0
1783930200000,520.19,520.2,519.96,520.19,711.0
1783930260000,520.0,520.01,519.81,519.9,888.0
1783930320000,519.97,520.79,519.92,520.5,521.0
1783930380000,520.44,520.44,520.2,520.28,185.0
1783930440000,520.25,520.66,520.17,520.17,2056.0
1783930500000,520.24,521.09,520.24,520.81,6595.0
1783930560000,520.96,521.35,520.87,521.14,584.0
1783930620000,521.16,521.64,521.16,521.47,535.0
1783930680000,521.31,521.34,520.71,521.01,996.0
1783930740000,520.99,520.99,520.45,520.95,459.0
1783930800000,520.65,520.87,520.65,520.75,1770.0
1783930860000,520.79,520.79,520.28,520.37,217.0
1783930920000,520.3,520.61,520.28,520.56,644.0
1783930980000,520.43,521.43,520.43,521.08,2022.0
1783931040000,521.07,521.94,521.03,521.79,1521.0
1783931100000,521.77,521.9,521.57,521.9,2456.0
1783931160000,522.02,522.28,521.73,521.73,6676.0
1783931220000,521.58,522.18,521.58,522.04,3637.0
1783931280000,521.97,522.11,521.81,521.92,526.0
1783931340000,521.93,522.16,521.91,522.14,528.0
1783931400000,522.08,522.18,521.77,521.77,357.0
1783931460000,521.76,521.9,521.66,521.71,346.0
1783931520000,521.74,522.47,521.72,522.25,1532.0
1783931580000,522.35,522.71,522.21,522.68,613.0
1783931640000,522.71,522.75,522.34,522.49,3071.0
1783931700000,522.28,522.36,522.01,522.36,1000.0
1783931760000,522.24,522.66,522.1,522.33,738.0
1783931820000,522.22,522.22,521.48,521.54,663.0
1783931880000,521.47,521.72,521.27,521.35,387.0
1783931940000,521.53,522.66,521.53,522.56,588.0
1783932000000,522.48,522.48,522.19,522.46,96.0
1783932060000,522.48,522.53,521.71,521.71,673.0
1783932120000,521.67,522.36,521.21,521.46,4152.0
1783932180000,521.34,521.69,521.34,521.65,426.0
1783932240000,521.46,521.78,521.46,521.66,560.0
1783932300000,521.52,521.73,521.22,521.73,2212.0
1783932360000,521.78,522.52,521.78,522.06,2108.0
1783932420000,521.95,522.39,521.66,521.66,2212.0
1783932480000,521.78,522.16,521.78,522.16,359.0
1783932540000,522.13,522.54,521.89,522.4,1234.0
1783932600000,522.35,522.51,522.15,522.16,498.0
1783932660000,522.16,522.26,521.65,521.74,288.0
1783932720000,521.65,521.93,521.61,521.86,229.0
1783932780000,521.73,521.89,521.43,521.43,181.0
1783932840000,521.4,521.46,520.74,521.14,1841.0
1783932900000,521.14,521.39,520.81,521.32,600.0
1783932960000,521.13,521.33,520.81,520.93,727.0
1783933020000,520.84,521.22,520.84,521.08,468.0
1783933080000,521.09,521.58,521.09,521.58,5151.0
1783933140000,521.54,522.16,521.54,522.06,6425.0
1783933200000,522.16,522.18,521.67,522.01,16575.0
1783933260000,521.94,521.96,521.38,521.38,394.0
1783933320000,521.48,521.61,521.31,521.47,303.0
1783933380000,521.3,521.3,521.08,521.09,161.0
1783933440000,521.07,521.25,520.99,521.25,494.0
1783933500000,521.18,521.22,520.83,521.0,191.0
1783933560000,520.88,521.35,520.81,521.16,650.0
1783933620000,521.19,521.19,520.59,520.81,362.0
1783933680000,520.82,520.98,520.45,520.45,214.0
1783933740000,520.4,520.65,520.4,520.45,350.0
1783933800000,520.49,520.63,519.87,520.08,3411.0
1783933860000,520.15,520.5,519.84,519.89,860.0
1783933920000,519.94,519.94,518.27,519.04,6423.0
1783933980000,519.22,519.22,518.72,518.97,619.0
1783934040000,518.9,519.18,518.87,519.16,484.0
1783934100000,519.16,519.16,517.61,517.85,13807.0
1783934160000,517.81,517.81,517.57,517.57,132.0
1783934220000,517.53,517.62,517.32,517.43,247.0
1783934280000,517.46,517.55,516.19,516.35,8444.0
1783934340000,516.07,516.24,515.79,515.81,312.0
1783934400000,515.6,515.65,515.03,515.24,2253.0
1783934460000,515.42,515.87,515.32,515.87,4132.0
1783934520000,515.9,516.97,515.9,516.76,4089.0
1783934580000,516.68,517.26,516.62,516.98,2352.0
1783934640000,517.02,517.22,516.67,516.79,689.0
1783934700000,516.71,516.88,516.25,516.25,3805.0
1783934760000,516.28,516.29,515.84,516.28,819.0
1783934820000,516.38,516.83,516.2,516.2,654.0
1783934880000,516.15,516.29,515.93,516.25,687.0
1783934940000,516.26,516.66,516.03,516.55,1263.0
1783935000000,516.28,516.49,515.91,516.18,942.0
1783935060000,516.21,516.27,515.85,515.85,194.0
1783935120000,515.69,515.82,515.38,515.39,2032.0
1783935180000,515.32,515.67,515.32,515.49,1208.0
1783935240000,515.5,516.19,515.38,516.19,1366.0
1783935300000,516.16,516.16,515.35,515.35,3433.0
1783935360000,515.38,515.98,515.38,515.98,2703.0
1783935420000,516.09,517.04,516.08,516.52,1133.0
1783935480000,516.63,517.33,516.61,517.21,382.0
1783935540000,517.05,517.05,516.32,516.32,744.0
1783935600000,516.27,516.27,515.7,515.77,819.0
1783935660000,515.87,515.87,515.48,515.5,3252.0
1783935720000,515.5,515.69,515.21,515.25,544.0
1783935780000,515.39,515.69,515.31,515.69,760.0
1783935840000,515.72,516.23,515.49,516.21,1004.0
1783935900000,516.17,516.17,514.3,515.06,1464.0
1783935960000,515.07,515.19,514.8,514.92,1140.0
1783936020000,514.87,515.28,514.71,514.98,4582.0
1783936080000,515.05,515.51,515.04,515.51,425.0
1783936140000,515.55,516.12,515.48,515.9,606.0
1783936200000,516.01,516.01,514.74,515.02,308.0
1783936260000,515.18,515.23,514.96,515.13,312.0
1783936320000,515.2,515.38,515.04,515.1,275.0
1783936380000,515.03,515.42,514.76,515.41,721.0
1783936440000,515.36,515.36,515.13,515.2,2659.0
1783936500000,515.2,515.2,514.7,514.95,12597.0
1783936560000,515.16,515.17,514.28,514.41,3168.0
1783936620000,514.37,514.77,514.34,514.59,10868.0
1783936680000,514.56,515.01,514.45,515.01,682.0
1783936740000,515.07,515.07,514.89,514.98,1561.0
1783936800000,515.0,515.0,514.67,514.67,686.0
1783936860000,514.64,514.86,514.52,514.57,609.0
1783936920000,514.5,514.79,514.19,514.3,499.0
1783936980000,514.4,515.15,514.34,514.91,4963.0
1783937040000,514.74,515.46,514.74,515.46,453.0
1783937100000,515.3,515.41,514.92,515.28,1190.0
1783937160000,515.2,515.2,515.04,515.09,201.0
1783937220000,515.19,515.19,514.58,514.67,326.0
1783937280000,514.51,514.7,512.33,513.99,8664.0
1783937340000,514.0,514.07,513.68,513.96,1428.0
1783937400000,513.93,514.38,513.93,514.23,653.0
1783937460000,514.24,514.34,514.05,514.09,603.0
1783937520000,514.1,514.11,513.93,514.1,454.0
1783937580000,514.1,514.1,513.27,513.27,3339.0
1783937640000,513.26,513.66,513.18,513.54,1643.0
1783937700000,513.68,514.17,513.68,514.11,623.0
1783955760000,512.21,512.48,512.09,512.4,1080.0
1783955820000,512.4,512.79,511.71,512.79,1925.0
1783955880000,512.83,514.17,512.83,512.84,31164.0
1783955940000,512.84,512.84,512.09,512.22,2171.0
1783956000000,512.04,512.46,511.8,512.11,5472.0
1783956060000,512.03,512.12,511.16,511.23,2636.0
1783956120000,511.11,511.45,510.73,511.41,909.0
1783956180000,511.34,511.65,511.04,511.45,291.0
1783956240000,511.52,512.1,511.52,512.1,1734.0
1783956300000,512.01,512.02,510.9,510.9,1120.0
1783956360000,510.78,510.9,510.54,510.85,733.0
1783956420000,510.85,510.87,510.62,510.76,8804.0
1783956480000,510.87,511.93,510.87,511.75,1426.0
1783956540000,511.73,512.1,511.63,511.69,1757.0
1783956600000,511.76,512.22,511.3,511.37,6069.0
1783956660000,511.31,511.42,510.36,511.17,7601.0
1783956720000,511.2,511.38,510.58,510.98,9869.0
1783956780000,510.87,510.87,510.06,510.1,2486.0
1783956840000,510.07,510.5,509.7,509.7,14182.0
1783956900000,509.9,510.1,508.71,508.99,15953.0
1783956960000,509.22,509.55,509.04,509.1,6296.0
1783957020000,509.06,510.36,509.06,510.17,1186.0
1783957080000,509.98,510.35,509.89,510.29,407.0
1783957140000,510.39,511.06,510.39,510.94,1196.0
1783957200000,511.02,511.03,510.3,510.3,273.0
1783957260000,510.47,510.47,509.62,509.83,776.0
1783957320000,509.56,509.92,509.56,509.77,787.0
1783957380000,509.87,510.18,509.61,509.92,563.0
1783957440000,509.92,510.41,509.92,510.34,2980.0
1783957500000,510.4,510.4,509.27,509.49,1375.0
1783957560000,509.39,509.44,508.61,509.1,1946.0
1783957620000,508.96,509.08,508.2,508.4,2410.0
1783957680000,508.45,508.77,508.45,508.58,2187.0
1783957740000,508.59,509.35,508.55,509.25,3204.0
1783957800000,509.39,509.55,508.9,509.3,1999.0
1783957860000,509.02,509.1,508.44,508.46,432.0
1783957920000,508.28,508.5,508.09,508.14,6601.0
1783957980000,508.17,508.81,507.69,508.81,2407.0
1783958040000,508.84,509.06,508.55,508.83,838.0
1783958100000,508.82,508.99,508.56,508.88,701.0
1783958160000,508.89,508.89,508.57,508.83,3120.0
1783958220000,508.83,508.99,508.57,508.97,817.0
1783958280000,508.98,509.64,508.72,509.45,1558.0
1783958340000,509.38,509.38,508.83,508.83,3566.0
1783958400000,508.87,509.45,508.87,509.44,1131.0
1783958460000,509.45,509.86,509.22,509.84,1314.0
1783958520000,509.78,510.91,509.72,510.6,3123.0
1783958580000,510.59,513.74,510.42,513.12,6415.0
1783958640000,513.05,513.22,511.94,512.1,4606.0
1783958700000,512.04,512.88,511.79,511.79,29919.0
1783958760000,511.52,512.02,510.96,512.02,1714.0
1783958820000,511.91,512.06,511.79,512.0,690.0
1783958880000,511.89,512.09,511.84,512.09,340.0
1783958940000,512.12,512.63,512.09,512.16,2259.0
1783959000000,512.14,512.59,512.05,512.59,4411.0
1783959060000,512.72,512.83,512.29,512.53,238.0
1783959120000,512.5,513.31,512.31,512.76,1141.0
1783959180000,512.76,513.43,512.06,512.97,1931.0
1783959240000,512.85,513.02,512.52,512.63,1386.0
1783959300000,512.51,512.54,511.96,511.96,454.0
1783959360000,512.01,512.2,511.97,512.11,402.0
1783959420000,512.13,512.13,510.0,510.07,1915.0
1783959480000,509.89,509.95,508.99,509.45,779.0
1783959540000,509.37,509.41,508.27,509.0,8691.0
1783959600000,509.04,509.04,508.1,508.55,2928.0
1783959660000,508.37,508.38,506.9,507.22,1290.0
1783959720000,507.11,507.34,506.04,506.14,5568.0
1783959780000,506.15,506.45,505.15,505.69,29921.0
1783959840000,505.67,506.15,505.27,505.7,11532.0
1783959900000,505.87,506.44,505.55,505.96,997.0
1783959960000,505.98,506.41,505.41,506.36,713.0
1783960020000,506.28,506.92,506.1,506.92,1756.0
1783960080000,506.88,507.34,506.79,507.1,1316.0
1783960140000,507.05,507.07,506.62,507.0,446.0
1783960200000,506.93,507.13,505.86,505.86,1348.0
1783960260000,505.73,506.58,505.73,506.33,3729.0
1783960320000,506.31,507.13,506.28,506.99,1417.0
1783960380000,507.05,507.48,507.05,507.36,546.0
1783960440000,507.21,507.28,507.08,507.28,302.0
1783960500000,507.07,507.14,505.64,505.8,1387.0
1783960560000,505.72,506.52,505.69,506.25,402.0
1783960620000,506.31,506.47,505.63,505.87,2792.0
1783960680000,505.73,506.51,505.68,506.46,3426.0
1783960740000,506.38,508.58,506.38,508.32,3340.0
1783960800000,508.36,509.68,508.25,508.3,5337.0
1783960860000,508.34,508.99,508.24,508.66,1952.0
1783960920000,508.59,508.79,508.28,508.53,427.0
1783960980000,508.48,509.41,508.38,509.41,1064.0
1783961040000,509.12,509.27,509.05,509.17,383.0
1783961100000,509.37,510.59,509.25,510.42,2657.0
1783961160000,510.31,511.21,510.22,511.2,11110.0
1783961220000,511.16,511.31,510.46,510.46,34883.0
1783961280000,510.34,510.86,509.79,509.9,1219.0
1783961340000,509.81,509.96,509.27,509.27,343.0
1783961400000,509.53,509.64,508.63,509.29,1210.0
1783961460000,509.24,509.38,508.86,508.98,13750.0
1783961520000,509.01,509.21,508.62,509.17,3448.0
1783961580000,508.93,509.91,508.9,509.83,376.0
1783961640000,509.79,509.79,509.22,509.57,419.0
1783961700000,509.45,510.53,509.39,510.4,631.0
1783961760000,510.26,510.58,509.31,509.31,898.0
1783961820000,509.46,509.61,509.07,509.07,519.0
1783961880000,509.1,509.85,509.05,509.49,658.0
1783961940000,509.48,509.48,509.07,509.29,444.0
1783962000000,509.46,510.6,509.46,510.47,1762.0
1783962060000,510.54,511.82,510.41,511.5,3883.0
1783962120000,511.19,511.2,510.2,510.22,1060.0
1783962180000,510.32,510.69,510.2,510.28,1060.0
1783962240000,510.27,510.27,509.7,509.7,573.0
1783962300000,509.54,509.62,509.17,509.32,853.0
1783962360000,509.07,510.01,509.04,509.67,325.0
1783962420000,509.75,510.74,509.75,510.34,1573.0
1783962480000,510.33,510.55,509.88,510.43,594.0
1783962540000,509.97,510.66,509.96,510.42,721.0
1783962600000,510.66,511.07,510.44,510.44,701.0
1783962660000,510.28,510.67,510.11,510.67,375.0
1783962720000,510.76,511.16,510.63,511.15,257.0
1783962780000,511.15,511.15,510.68,510.95,881.0
1783962840000,510.91,510.91,510.41,510.87,339.0
1783962900000,510.57,510.93,510.04,510.04,228.0
1783962960000,509.97,510.1,509.88,510.1,2856.0
1783963020000,510.06,510.06,509.0,509.47,610.0
1783963080000,509.34,509.34,509.0,509.28,319.0
1783963140000,509.4,509.4,508.79,509.05,4673.0
1783963200000,509.18,509.38,508.97,509.34,760.0
1783963260000,509.39,509.72,509.15,509.41,836.0
1783963320000,509.34,509.97,509.34,509.48,356.0
1783963380000,509.48,509.48,508.91,509.12,1673.0
1783963440000,509.15,509.16,507.87,508.12,1861.0
1783963500000,508.22,508.93,508.22,508.78,221.0
1783963560000,508.91,509.22,508.87,508.99,468.0
1783963620000,508.98,509.34,508.98,509.01,1347.0
1783963680000,509.2,509.44,509.01,509.42,451.0
1783963740000,509.43,509.46,509.02,509.13,904.0
1783963800000,509.16,509.94,508.74,509.73,1348.0
1783963860000,509.76,509.85,509.34,509.49,693.0
1783963920000,509.39,509.78,509.22,509.5,620.0
1783963980000,509.49,510.25,509.49,509.68,1820.0
1783964040000,509.64,510.67,509.5,510.52,2552.0
1783964100000,510.39,510.39,509.89,510.25,6666.0
1783964160000,510.34,510.36,507.96,508.51,2070.0
1783964220000,508.43,509.76,508.4,509.76,18290.0
1783964280000,509.64,509.86,509.26,509.84,1037.0
1783964340000,509.87,511.46,509.87,511.18,4212.0
1783964400000,510.96,511.03,509.93,510.08,1380.0
1783964460000,510.15,510.15,509.52,510.01,599.0
1783964520000,509.87,510.09,509.83,509.87,603.0
1783964580000,509.96,510.98,509.96,510.8,2667.0
1783964640000,510.74,511.3,510.74,510.91,1292.0
1783964700000,510.91,511.74,510.68,511.74,1105.0
1783964760000,511.5,511.71,510.33,510.62,931.0
1783964820000,510.56,510.92,510.53,510.63,406.0
1783964880000,510.39,511.31,510.39,510.75,2991.0
1783964940000,510.67,511.26,510.54,511.26,533.0
1783965000000,511.19,511.19,510.41,510.7,1088.0
1783965060000,510.71,510.97,509.91,510.58,652.0
1783965120000,510.27,510.27,509.52,509.78,5903.0
1783965180000,509.83,510.34,509.64,510.34,936.0
1783965240000,510.41,510.46,509.8,509.92,1347.0
1783965300000,509.92,510.16,509.61,509.61,592.0
1783965360000,509.73,510.7,509.73,510.5,1131.0
1783965420000,510.46,510.5,509.59,510.03,616.0
1783965480000,510.04,510.99,510.02,510.21,4265.0
1783965540000,510.24,510.59,509.36,509.4,1108.0
1783965600000,509.56,510.59,509.39,510.59,483.0
1783965660000,510.61,511.09,510.59,510.83,608.0
1783965720000,510.9,510.93,509.97,510.79,22913.0
1783965780000,510.72,510.87,510.24,510.68,605.0
1783965840000,510.63,510.81,510.12,510.31,1001.0
1783965900000,510.19,511.31,510.19,511.31,2329.0
1783965960000,511.37,511.85,511.35,511.4,2694.0
1783966020000,511.55,511.72,511.01,511.49,13305.0
1783966080000,511.51,511.51,511.05,511.26,582.0
1783966140000,511.22,511.42,510.54,510.61,335.0
1783966200000,510.58,510.58,509.54,509.54,874.0
1783966260000,509.48,510.32,509.17,510.32,452.0
1783966320000,510.13,510.26,508.8,508.8,616.0
1783966380000,508.9,510.12,508.9,510.12,1002.0
1783966440000,510.19,510.42,509.53,509.99,640.0
1783966500000,510.03,511.06,510.0,511.06,986.0
1783966560000,510.96,511.58,510.96,511.0,1280.0
1783966620000,511.01,511.22,510.67,511.22,451.0
1783966680000,511.12,511.35,510.71,510.77,3317.0
1783966740000,510.67,510.73,510.09,510.73,1978.0
1783966800000,510.58,511.39,510.35,511.39,726.0
1783966860000,511.12,511.68,511.11,511.26,1454.0
1783966920000,511.19,511.28,510.48,510.69,3557.0
1783966980000,510.49,512.54,510.29,512.51,1794.0
1783967040000,512.65,513.85,512.65,513.47,3505.0
1783967100000,513.37,513.65,513.17,513.54,3795.0
1783967160000,513.57,514.18,513.35,513.35,2512.0
1783967220000,513.41,513.86,513.13,513.29,182.0
1783967280000,513.22,513.79,513.11,513.51,567.0
1783967340000,513.41,513.5,513.15,513.28,662.0
1783967400000,513.15,513.51,513.08,513.19,367.0
1783967460000,513.1,513.26,512.44,513.26,709.0
1783967520000,513.26,513.34,512.37,512.54,330.0
1783967580000,512.34,513.06,512.33,512.82,391.0
1783967640000,512.59,512.64,511.48,511.48,512.0
1783967700000,511.51,512.29,511.28,512.29,648.0
1783985760000,494.41,494.52,493.74,493.74,2801.0
1783985820000,493.57,494.13,493.57,494.09,3351.0
1783985880000,494.02,494.09,493.66,493.66,1133.0
1783985940000,493.82,493.82,493.59,493.77,291.0
1783986000000,493.91,493.91,493.18,493.25,645.0
1783986060000,493.35,493.59,493.24,493.59,1317.0
1783986120000,493.41,493.95,493.41,493.8,984.0
1783986180000,493.85,493.89,493.66,493.66,904.0
1783986240000,493.85,493.95,493.08,493.09,615.0
1783986300000,493.07,493.89,493.0,493.72,1073.0
1783986360000,493.89,494.98,493.89,494.9,3405.0
1783986420000,494.89,495.5,494.8,494.85,5385.0
1783986480000,494.61,495.21,494.61,495.09,1627.0
1783986540000,495.22,495.37,495.09,495.27,726.0
1783986600000,495.28,495.61,495.06,495.44,4721.0
1783986660000,495.38,495.68,494.6,495.07,456.0
1783986720000,495.03,495.31,494.98,495.3,290.0
1783986780000,495.24,495.24,494.65,494.83,230.0
1783986840000,494.63,496.44,494.45,495.91,8061.0
1783986900000,495.75,495.87,495.25,495.27,5137.0
1783986960000,495.22,495.32,495.0,495.28,686.0
1783987020000,495.31,495.44,495.02,495.35,777.0
1783987080000,495.32,495.38,495.08,495.32,418.0
1783987140000,495.02,495.44,495.02,495.28,2412.0
1783987200000,495.43,496.09,495.29,496.05,1387.0
1783987260000,496.04,496.68,495.97,496.52,14442.0
1783987320000,496.47,496.68,496.16,496.39,7151.0
1783987380000,496.39,497.17,496.32,496.71,1276.0
1783987440000,496.7,497.05,496.25,497.05,729.0
1783987500000,496.98,500.34,496.92,498.89,32678.0
1783987560000,498.95,499.16,497.82,498.07,10579.0
1783987620000,498.13,498.18,497.44,498.11,1253.0
1783987680000,498.04,498.04,497.54,497.7,5587.0
1783987740000,497.93,498.59,497.72,498.59,971.0
1783987800000,498.7,498.99,498.3,498.85,885.0
1783987860000,498.75,500.45,498.44,499.85,5908.0
1783987920000,500.0,500.01,499.68,499.74,808.0
1783987980000,499.67,499.68,498.5,499.14,1555.0
1783988040000,499.1,499.11,498.44,498.77,1081.0
1783988100000,498.65,498.71,498.13,498.21,698.0
1783988160000,498.07,498.46,498.0,498.28,400.0
1783988220000,498.3,499.34,498.17,499.34,544.0
1783988280000,499.29,500.06,499.15,500.06,980.0
1783988340000,499.88,499.88,498.9,499.23,716.0
1783988400000,499.19,499.19,498.41,498.83,1605.0
1783988460000,498.92,500.32,498.92,500.32,2197.0
1783988520000,500.2,500.2,499.39,499.4,1068.0
1783988580000,498.99,498.99,498.48,498.64,436.0
1783988640000,498.56,499.7,498.56,499.7,477.0
1783988700000,499.63,499.63,498.78,499.16,522.0
1783988760000,499.03,499.07,498.59,498.73,414.0
1783988820000,498.61,498.62,498.29,498.44,301.0
1783988880000,498.44,498.44,497.86,498.18,344.0
1783988940000,498.19,499.08,498.11,498.8,590.0
1783989000000,498.69,499.32,498.69,499.19,796.0
1783989060000,499.01,499.34,498.74,499.08,1071.0
1783989120000,498.59,498.82,498.01,498.61,951.0
1783989180000,498.75,499.87,498.48,499.71,780.0
1783989240000,499.39,499.68,499.11,499.11,485.0
1783989300000,499.05,499.14,498.61,499.14,491.0
1783989360000,499.13,499.13,497.91,497.91,542.0
1783989420000,497.93,498.51,497.87,498.17,771.0
1783989480000,498.25,498.52,497.94,498.45,719.0
1783989540000,498.38,498.38,497.98,498.0,498.0
1783989600000,497.89,498.5,497.8,497.8,441.0
1783989660000,497.84,497.94,497.69,497.94,396.0
1783989720000,497.9,498.33,497.8,498.33,397.0
1783989780000,498.23,498.38,497.85,497.85,516.0
1783989840000,497.82,497.98,497.48,497.98,270.0
1783989900000,497.95,498.36,497.79,498.09,17320.0
1783989960000,498.1,498.1,497.64,497.93,732.0
1783990020000,497.66,498.7,497.66,498.47,344.0
1783990080000,498.53,498.63,497.89,498.02,358.0
1783990140000,498.11,498.24,497.87,498.23,353.0
1783990200000,498.14,498.35,498.05,498.08,356.0
1783990260000,498.06,499.24,497.87,499.24,775.0
1783990320000,499.23,500.18,498.84,499.41,30715.0
1783990380000,499.39,499.65,499.26,499.59,703.0
1783990440000,499.65,500.89,499.65,500.82,807.0
1783990500000,500.72,502.53,500.6,501.27,24802.0
1783990560000,501.23,501.35,500.77,500.89,2536.0
1783990620000,500.74,501.61,500.74,501.13,2834.0
1783990680000,501.13,501.16,500.87,501.07,967.0
1783990740000,500.96,501.07,500.6,500.63,301.0
1783990800000,500.59,500.77,499.66,499.76,457.0
1783990860000,499.83,499.99,499.16,499.26,3512.0
1783990920000,499.31,500.26,499.24,500.24,526.0
1783990980000,500.23,500.23,499.71,500.12,513.0
1783991040000,499.79,500.31,499.75,500.09,449.0
1783991100000,499.82,499.84,499.16,499.66,384.0
1783991160000,499.63,499.68,498.99,499.23,917.0
1783991220000,499.25,499.6,499.17,499.22,712.0
1783991280000,499.22,499.87,499.22,499.46,534.0
1783991340000,499.43,499.78,499.43,499.78,357.0
1783991400000,499.79,500.0,499.45,499.59,752.0
1783991460000,499.49,500.13,499.49,500.08,550.0
1783991520000,500.01,500.16,499.54,499.68,2594.0
1783991580000,499.77,499.88,499.49,499.57,589.0
1783991640000,499.51,499.51,498.97,498.97,704.0
1783991700000,498.99,500.15,498.74,499.9,465.0
1783991760000,499.98,500.0,499.71,500.0,365.0
1783991820000,500.04,500.23,499.73,500.23,351.0
1783991880000,500.26,500.26,499.27,499.65,3642.0
1783991940000,499.47,500.11,499.36,500.11,230.0
1783992000000,499.81,499.82,499.08,499.1,203.0
1783992060000,499.07,499.39,498.89,499.06,368.0
1783992120000,499.07,499.6,499.05,499.4,306.0
1783992180000,499.42,499.79,499.35,499.67,402.0
1783992240000,499.54,499.87,499.32,499.61,282.0
1783992300000,499.52,507.11,499.39,503.55,27906.0
1783992360000,503.6,503.6,502.45,502.63,10373.0
1783992420000,502.44,503.81,502.41,502.72,6719.0
1783992480000,502.63,502.63,501.53,502.2,7961.0
1783992540000,502.17,502.37,501.94,502.28,15244.0
1783992600000,502.28,502.28,501.26,501.47,1004.0
1783992660000,501.48,501.49,500.73,501.12,3316.0
1783992720000,501.11,501.16,500.11,500.54,2871.0
1783992780000,500.44,500.58,500.23,500.56,827.0
1783992840000,500.58,502.27,500.16,501.85,6191.0
1783992900000,501.75,502.63,501.67,502.16,1122.0
1783992960000,502.06,502.15,501.6,501.9,1284.0
1783993020000,501.86,502.19,501.77,502.14,933.0
1783993080000,502.13,502.13,501.6,501.61,706.0
1783993140000,501.55,502.05,501.55,502.04,1186.0
1783993200000,502.09,502.33,501.82,502.02,1358.0
1783993260000,502.0,502.0,500.58,500.64,859.0
1783993320000,500.62,500.98,500.51,500.89,957.0
1783993380000,500.85,500.91,500.1,500.23,809.0
1783993440000,500.13,500.46,500.0,500.05,815.0
1783993500000,500.04,500.45,500.04,500.15,962.0
1783993560000,500.08,500.08,499.59,499.79,1196.0
1783993620000,499.77,500.22,499.66,500.22,9997.0
1783993680000,500.26,500.67,500.22,500.67,2556.0
1783993740000,500.72,500.94,500.59,500.72,828.0
1783993800000,500.5,500.78,500.11,500.11,593.0
1783993860000,500.05,500.95,500.05,500.94,773.0
1783993920000,500.93,501.64,500.93,501.64,1750.0
1783993980000,501.61,501.61,500.72,500.78,456.0
1783994040000,500.77,500.89,500.65,500.76,732.0
1783994100000,500.77,500.82,500.62,500.76,452.0
1783994160000,500.74,500.86,500.6,500.8,2009.0
1783994220000,500.8,501.46,500.8,501.45,305.0
1783994280000,501.42,501.71,501.29,501.34,275.0
1783994340000,501.33,501.33,500.81,500.88,414.0
1783994400000,500.9,501.0,500.14,500.34,943.0
1783994460000,500.14,500.34,499.96,500.2,1514.0
1783994520000,499.92,501.29,499.65,500.43,18309.0
1783994580000,500.38,500.38,499.87,499.87,193.0
1783994640000,499.72,499.81,499.45,499.47,379.0
1783994700000,499.49,499.94,499.49,499.74,610.0
1783994760000,499.66,499.92,499.65,499.65,311.0
1783994820000,499.85,500.64,499.8,500.42,563.0
1783994880000,500.44,501.54,500.44,501.41,535.0
1783994940000,501.31,501.35,500.88,500.88,493.0
1783995000000,500.87,500.99,500.43,500.43,691.0
1783995060000,500.39,500.65,500.28,500.28,367.0
1783995120000,500.27,500.34,500.04,500.15,231.0
1783995180000,500.1,500.84,500.05,500.84,383.0
1783995240000,500.67,500.67,500.51,500.66,65.0
1783995300000,500.67,500.74,500.27,500.27,603.0
1783995360000,500.5,500.59,500.24,500.54,10203.0
1783995420000,500.54,500.74,499.81,499.81,8211.0
1783995480000,499.72,500.06,499.71,499.93,120.0
1783995540000,499.85,499.85,499.34,499.47,11741.0
1783995600000,499.3,499.87,499.3,499.87,849.0
1783995660000,500.25,500.25,499.08,499.08,1504.0
1783995720000,499.23,499.62,499.23,499.44,1064.0
1783995780000,499.36,499.47,497.89,498.06,2371.0
1783995840000,498.01,498.09,497.73,497.93,850.0
1783995900000,498.12,498.23,497.53,497.59,10491.0
1783995960000,497.56,497.82,497.11,497.34,2420.0
1783996020000,497.23,497.31,496.55,496.62,894.0
1783996080000,496.59,497.09,496.45,497.09,688.0
1783996140000,497.11,497.65,497.08,497.65,986.0
1783996200000,497.55,497.78,497.36,497.78,585.0
1783996260000,497.87,498.01,497.51,497.95,628.0
1783996320000,497.81,497.81,497.26,497.26,546.0
1783996380000,497.07,497.07,496.79,496.98,307.0
1783996440000,496.99,497.15,496.67,496.71,529.0
1783996500000,496.83,497.05,496.53,496.96,2698.0
1783996560000,496.95,496.95,496.52,496.52,157.0
1783996620000,496.52,497.06,496.27,497.03,423.0
1783996680000,497.07,498.4,497.07,497.96,1464.0
1783996740000,497.97,498.98,497.75,498.67,3565.0
1783996800000,498.7,498.94,498.49,498.94,637.0
1783996860000,498.9,499.17,498.86,498.96,805.0
1783996920000,499.01,499.09,498.68,498.91,449.0
1783996980000,498.98,499.18,498.88,498.98,183.0
1783997040000,498.89,499.18,498.78,498.89,644.0
1783997100000,498.88,499.25,498.73,499.15,215.0
1783997160000,499.11,499.57,499.11,499.57,417.0
1783997220000,499.58,499.95,499.58,499.68,948.0
1783997280000,499.74,499.74,499.15,499.18,406.0
1783997340000,499.08,499.35,499.0,499.35,224.0
1783997400000,499.47,499.79,499.08,499.1,583.0
1783997460000,499.08,499.18,498.74,498.93,357.0
1783997520000,498.88,498.99,498.67,498.99,233.0
1783997580000,498.96,498.96,498.27,498.27,379.0
1783997640000,498.22,498.32,498.07,498.07,387.0
1783997700000,498.05,498.66,498.05,498.6,478.0
1784015760000,505.87,505.96,505.7,505.75,259.0
1784015820000,505.66,505.72,505.47,505.47,143.0
1784015880000,505.47,505.71,505.39,505.62,2247.0
1784015940000,505.59,505.7,505.15,505.31,448.0
1784016000000,505.29,505.58,505.0,505.58,371.0
1784016060000,505.74,505.8,505.35,505.79,456.0
1784016120000,505.7,505.98,505.64,505.85,293.0
1784016180000,505.79,505.83,505.0,505.68,301.0
1784016240000,505.63,506.51,505.63,506.48,187.0
1784016300000,506.59,506.81,506.59,506.62,700.0
1784016360000,506.71,506.71,506.41,506.64,510.0
1784016420000,506.59,506.87,506.59,506.73,962.0
1784016480000,506.76,506.87,506.46,506.87,394.0
1784016540000,506.85,507.0,506.58,506.58,1936.0
1784016600000,506.74,506.77,505.48,505.82,4093.0
1784016660000,505.82,505.82,505.48,505.48,2164.0
1784016720000,505.74,505.74,505.43,505.43,165.0
1784016780000,505.64,505.67,505.31,505.44,171.0
1784016840000,505.44,505.5,505.28,505.36,2393.0
1784016900000,505.57,505.57,505.48,505.57,138.0
1784016960000,505.46,505.85,505.3,505.85,384.0
1784017020000,505.86,506.14,505.86,506.1,407.0
1784017080000,505.72,507.49,504.78,505.23,138542.0
1784017140000,505.21,505.66,505.12,505.56,564.0
1784017200000,505.54,505.86,505.49,505.8,2181.0
1784017260000,505.85,506.16,505.85,506.16,219.0
1784017320000,506.18,506.49,506.18,506.46,1289.0
1784017380000,506.45,506.48,505.96,505.96,845.0
1784017440000,506.05,506.05,505.64,505.75,1407.0
1784017500000,505.86,506.48,505.86,506.48,646.0
1784017560000,506.52,506.81,506.46,506.7,894.0
1784017620000,506.77,506.98,506.66,506.85,244.0
1784017680000,506.81,507.0,506.8,506.98,1060.0
1784017740000,506.93,506.93,506.28,506.28,676.0
1784017800000,506.27,506.78,505.72,506.78,2485.0
1784017860000,506.79,507.16,506.7,507.01,395.0
1784017920000,506.83,507.25,506.73,507.0,614.0
1784017980000,507.03,507.14,506.96,507.09,1204.0
1784018040000,507.01,507.19,506.92,506.93,1333.0
1784018100000,506.91,507.22,506.87,506.99,625.0
1784018160000,507.05,507.3,506.87,506.95,312.0
1784018220000,507.03,507.27,507.01,507.22,298.0
1784018280000,507.2,508.39,507.03,508.32,3294.0
1784018340000,508.32,508.41,507.79,508.41,3252.0
1784018400000,508.35,508.35,507.54,507.75,400.0
1784018460000,507.79,507.79,507.2,507.2,2783.0
1784018520000,507.26,508.27,507.26,507.79,5235.0
1784018580000,507.64,507.64,507.22,507.22,562.0
1784018640000,507.24,507.47,507.19,507.27,257.0
1784018700000,507.18,507.22,506.93,507.09,127.0
1784018760000,507.1,507.39,506.84,506.84,826.0
1784018820000,506.67,506.76,506.45,506.58,2734.0
1784018880000,506.59,506.59,505.68,506.09,526.0
1784018940000,505.89,505.96,505.71,505.85,295.0
1784019000000,505.84,505.87,505.51,505.61,295.0
1784019060000,505.5,505.5,504.75,505.47,5308.0
1784019120000,505.5,506.26,505.47,506.02,681.0
1784019180000,506.01,506.16,505.8,505.82,709.0
1784019240000,505.81,506.26,505.79,506.01,2415.0
1784019300000,506.1,506.25,506.05,506.1,1083.0
1784019360000,506.17,506.19,505.65,505.7,1620.0
1784019420000,505.64,505.87,505.48,505.49,680.0
1784019480000,505.47,505.47,505.15,505.21,383.0
1784019540000,505.22,505.7,505.22,505.6,344.0
1784019600000,505.6,505.64,505.34,505.64,425.0
1784019660000,505.62,505.62,504.92,504.97,1378.0
1784019720000,504.93,505.47,504.89,504.99,791.0
1784019780000,504.85,505.38,504.85,505.31,357.0
1784019840000,505.3,505.78,505.3,505.78,269.0
1784019900000,505.78,505.97,505.6,505.66,690.0
1784019960000,505.72,505.72,505.15,505.18,1034.0
1784020020000,505.07,505.36,505.02,505.36,1024.0
1784020080000,505.34,505.65,505.34,505.5,286.0
1784020140000,505.46,505.46,504.87,505.14,262.0
1784020200000,505.18,505.27,505.03,505.17,246.0
1784020260000,505.15,505.79,505.15,505.48,499.0
1784020320000,505.45,505.64,505.43,505.49,228.0
1784020380000,505.51,505.69,505.47,505.61,1092.0
1784020440000,505.74,506.03,505.74,506.03,408.0
1784020500000,506.04,506.17,505.83,506.17,311.0
1784020560000,506.18,506.19,505.52,506.19,3878.0
1784020620000,506.15,506.17,505.87,506.12,401.0
1784020680000,505.85,505.94,505.5,505.86,502.0
1784020740000,505.61,505.63,505.32,505.41,773.0
1784020800000,505.4,505.74,505.4,505.57,522.0
1784020860000,505.55,505.79,505.39,505.79,229.0
1784020920000,505.6,505.86,505.49,505.49,1362.0
1784020980000,505.39,505.39,504.91,504.96,333.0
1784021040000,504.76,504.88,504.37,504.75,343.0
1784021100000,504.83,504.85,504.54,504.54,2008.0
1784021160000,504.58,504.58,504.11,504.13,3330.0
1784021220000,504.12,504.12,503.26,503.35,4755.0
1784021280000,503.32,503.72,502.91,503.13,2426.0
1784021340000,503.15,503.64,502.5,502.78,1928.0
1784021400000,502.76,503.11,502.18,502.24,2709.0
1784021460000,502.23,502.43,501.38,501.38,3870.0
1784021520000,501.47,502.38,501.47,502.37,1185.0
1784021580000,502.36,502.37,501.97,501.99,1130.0
1784021640000,502.08,502.35,501.74,502.21,878.0
1784021700000,502.67,503.17,502.62,503.06,2221.0
1784021760000,503.15,503.15,502.6,503.0,858.0
1784021820000,502.95,503.01,502.29,502.29,819.0
1784021880000,502.38,502.59,502.12,502.47,564.0
1784021940000,502.66,503.64,502.63,503.55,431.0
1784022000000,503.6,503.61,503.17,503.39,323.0
1784022060000,503.5,503.86,503.48,503.48,1974.0
1784022120000,503.45,503.52,503.06,503.18,1414.0
1784022180000,503.25,503.47,503.17,503.42,643.0
1784022240000,503.41,503.42,502.93,502.93,488.0
1784022300000,502.87,503.27,502.87,503.2,338.0
1784022360000,503.21,503.34,502.29,502.67,1934.0
1784022420000,502.73,503.05,502.5,503.05,1365.0
1784022480000,503.07,503.72,503.07,503.44,387.0
1784022540000,503.38,503.84,503.33,503.83,1410.0
1784022600000,503.79,504.2,503.61,504.11,675.0
1784022660000,504.11,504.68,504.02,504.05,639.0
1784022720000,504.17,504.28,503.79,503.85,270.0
1784022780000,504.01,504.25,503.97,504.25,397.0
1784022840000,504.18,504.26,504.03,504.19,251.0
1784022900000,504.19,504.26,503.79,504.2,356.0
1784022960000,504.27,504.48,504.21,504.21,250.0
1784023020000,504.08,504.18,504.01,504.17,640.0
1784023080000,504.18,504.21,503.73,503.98,742.0
1784023140000,503.92,504.3,503.92,504.3,1317.0
1784023200000,504.33,504.68,504.21,504.61,299.0
1784023260000,504.74,506.74,504.74,506.59,1174.0
1784023320000,506.81,507.38,506.63,507.0,1036.0
1784023380000,507.11,507.25,506.51,506.76,19727.0
1784023440000,506.66,507.14,506.58,506.83,734.0
1784023500000,506.86,507.0,506.71,506.71,835.0
1784023560000,506.76,507.37,506.73,507.37,749.0
1784023620000,507.38,507.7,507.33,507.33,1111.0
1784023680000,507.39,507.49,507.0,507.06,996.0
1784023740000,507.04,507.61,506.97,507.32,1098.0
1784023800000,507.32,507.52,507.25,507.25,540.0
1784023860000,507.35,507.37,506.56,506.58,595.0
1784023920000,506.54,506.67,506.49,506.51,306.0
1784023980000,506.52,506.56,506.2,506.34,221.0
1784024040000,506.43,506.61,505.72,506.61,2987.0
1784024100000,506.76,507.21,506.74,506.98,348.0
1784024160000,506.89,506.93,506.73,506.73,86.0
1784024220000,506.66,506.66,505.99,506.53,456.0
1784024280000,506.59,506.64,506.35,506.49,249.0
1784024340000,506.5,506.5,505.85,506.13,173.0
1784024400000,505.98,506.04,505.64,505.88,357.0
1784024460000,505.93,506.18,505.66,506.16,224.0
1784024520000,505.96,506.09,505.65,506.09,619.0
1784024580000,505.91,506.04,505.69,505.93,396.0
1784024640000,505.96,506.28,505.68,506.08,619.0
1784024700000,506.04,506.11,505.71,505.71,443.0
1784024760000,505.83,505.83,505.37,505.63,574.0
1784024820000,505.58,505.97,505.53,505.77,217.0
1784024880000,505.67,505.92,505.46,505.58,348.0
1784024940000,505.59,506.41,505.54,506.41,1109.0
1784025000000,506.42,506.89,506.42,506.89,306.0
1784025060000,506.93,507.23,505.84,505.84,453.0
1784025120000,505.8,505.85,505.45,505.7,405.0
1784025180000,505.61,505.81,505.48,505.81,384.0
1784025240000,505.71,505.88,505.68,505.71,152.0
1784025300000,505.69,506.02,505.46,505.96,343.0
1784025360000,505.95,506.33,505.87,506.08,337.0
1784025420000,506.1,507.38,506.1,507.35,264.0
1784025480000,507.39,508.18,507.39,507.78,1347.0
1784025540000,507.87,508.2,507.87,507.95,503.0
1784025600000,507.83,508.37,507.54,508.32,2479.0
1784025660000,508.11,508.21,507.83,507.83,432.0
1784025720000,507.8,507.8,507.21,507.45,1905.0
1784025780000,507.49,507.58,507.13,507.15,399.0
1784025840000,507.01,507.29,507.0,507.26,666.0
1784025900000,507.19,507.72,507.06,507.35,957.0
1784025960000,507.48,508.06,507.42,507.87,614.0
1784026020000,507.82,508.05,507.69,508.05,534.0
1784026080000,507.98,508.04,507.69,508.04,1649.0
1784026140000,508.06,508.33,507.82,508.27,651.0
1784026200000,508.15,508.5,508.15,508.38,1230.0
1784026260000,508.37,508.56,508.0,508.46,1337.0
1784026320000,508.53,509.42,508.34,508.49,1622.0
1784026380000,508.35,508.53,508.02,508.31,594.0
1784026440000,508.36,508.89,508.3,508.59,630.0
1784026500000,508.43,508.58,507.99,508.15,874.0
1784026560000,508.17,508.17,507.49,507.99,1096.0
1784026620000,507.92,508.86,507.91,508.72,1474.0
1784026680000,508.67,509.05,508.67,508.8,1107.0
1784026740000,508.71,509.48,508.65,509.25,684.0
1784026800000,509.22,509.51,508.03,508.06,738.0
1784026860000,508.04,508.83,507.99,508.69,654.0
1784026920000,508.49,509.16,508.26,509.02,524.0
1784026980000,508.95,508.95,507.88,508.23,1444.0
1784027040000,508.05,508.12,507.93,507.99,337.0
1784027100000,508.0,508.87,507.93,508.65,751.0
1784027160000,508.57,508.92,508.44,508.74,600.0
1784027220000,508.75,508.98,508.55,508.87,582.0
1784027280000,508.91,508.98,508.78,508.78,363.0
1784027340000,508.7,510.58,508.7,510.51,9044.0
1784027400000,510.47,510.62,509.96,510.16,2005.0
1784027460000,510.22,510.26,509.8,509.98,446.0
1784027520000,510.08,510.58,509.96,510.56,521.0
1784027580000,510.45,510.58,509.93,510.54,2011.0
1784027640000,510.5,510.53,510.02,510.31,678.0
1784027700000,510.28,510.51,510.06,510.24,803.0
1784034900000,524.6,524.98,524.44,524.64,2891.0,15170.7507
1784034960000,524.67,524.74,523.84,524.37,1125.0,5898.7045
1784035020000,524.42,524.73,524.08,524.43,18625.0,97667.4097
1784035080000,524.48,526.18,524.19,525.52,7006.0,36788.0904
1784035140000,525.51,525.54,524.72,524.91,1868.0,9806.7131
1784035200000,524.88,527.96,524.82,527.96,7935.0,41847.0906
1784035260000,528.08,529.15,527.24,529.11,7542.0,39826.1261
1784035320000,529.42,536.11,529.21,530.89,225373.0,1202375.9882
1784035380000,530.72,532.55,530.49,530.73,6655.0,35343.0452
1784035440000,530.59,530.86,529.53,529.72,5012.0,26578.6147
1784035500000,529.61,530.68,528.73,529.17,7323.0,38758.7545
1784035560000,529.01,530.72,528.69,530.32,13370.0,70813.1038
1784035620000,530.2,532.13,529.74,530.22,6236.0,33096.4232
1784035680000,530.19,530.42,527.29,527.79,3384.0,17871.0615
1784035740000,527.47,527.47,526.01,526.41,4537.0,23900.8876
1784035800000,526.34,526.96,525.35,525.61,13421.0,70594.3244
1784035860000,525.57,525.84,524.13,524.94,7521.0,39490.5245
1784035920000,524.95,525.79,523.03,523.49,2958.0,15509.243
1784035980000,523.63,524.83,523.63,524.83,1305.0,6842.43
1784036040000,524.73,525.41,524.2,524.2,9571.0,50206.8182
1784036100000,524.19,524.38,523.28,523.31,29136.0,152635.7573
1784036160000,523.38,523.44,521.59,521.69,2897.0,15145.1376
1784036220000,521.86,522.8,521.15,522.32,4298.0,22439.7875
1784036280000,522.57,523.19,522.3,522.68,6448.0,33722.147
1784036340000,522.68,523.19,522.28,522.28,6392.0,33411.7792
1784036400000,522.36,523.67,521.87,523.67,1875.0,9808.77
1784036460000,523.4,523.46,521.91,522.14,9230.0,48209.5787
1784036520000,521.99,522.57,521.59,521.65,14168.0,73936.4911
1784036580000,521.53,521.87,521.15,521.72,2835.0,14790.4074
1784036640000,521.61,522.13,521.61,522.08,492.0,2567.2744
1784036700000,522.04,522.55,521.78,522.51,2001.0,10444.5708
1784036760000,522.51,524.09,522.23,522.23,3869.0,20243.8692
1784036820000,522.23,522.37,520.11,520.59,4654.0,24255.1991
1784036880000,520.67,521.82,520.35,521.23,4341.0,22605.6555
1784036940000,521.77,522.98,521.61,522.98,556.0,2904.8709
1784037000000,522.95,523.04,521.52,521.63,845.0,4411.2371
1784037060000,521.74,521.99,521.54,521.99,320.0,1669.6803
1784037120000,521.49,521.92,521.18,521.48,1123.0,5858.5292
1784037180000,521.57,524.45,521.56,524.26,2670.0,13981.206
1784037240000,524.25,524.6,523.69,523.71,3191.0,16728.293
1784037300000,523.98,524.43,523.69,524.4,2944.0,15432.0387
1784037360000,524.2,524.64,524.17,524.32,792.0,4153.2763
1784037420000,524.33,525.44,524.17,524.4,3747.0,19674.3224
1784037480000,524.31,524.91,524.3,524.68,2079.0,10906.3107
1784037540000,524.72,524.99,524.36,524.37,521.0,2733.7757
1784037600000,524.88,525.15,524.33,524.7,323.0,1695.2755
1784037660000,524.6,524.68,523.22,523.77,1348.0,7060.5918
1784037720000,523.87,523.93,522.5,523.0,1595.0,8340.4918
1784037780000,523.02,524.66,522.87,524.51,825.0,4319.6291
1784037840000,524.29,524.56,522.09,522.31,3398.0,17767.5526
1784037900000,522.33,524.15,522.3,523.98,1509.0,7887.9173
1784037960000,524.07,524.07,523.21,524.0,2396.0,12548.5162
1784038020000,524.02,524.22,523.23,523.35,1268.0,6640.9167
1784038080000,523.33,523.89,523.23,523.59,882.0,4617.4275
1784038140000,523.68,523.87,523.52,523.85,404.0,2116.0424
1784038200000,524.01,524.43,523.68,524.15,4355.0,22820.8579
1784038260000,524.26,526.87,524.0,526.71,6826.0,35932.018
1784038320000,526.86,528.48,526.73,527.96,33247.0,175480.8742
1784038380000,528.06,529.26,527.75,528.18,6605.0,34915.4155
1784038440000,528.19,529.7,528.19,529.4,710.0,3754.3574
1784038500000,529.43,529.62,528.66,529.16,970.0,5132.1381
1784038560000,529.05,529.79,527.33,529.06,17701.0,93663.0066
1784038620000,529.0,529.05,527.27,527.34,1973.0,10421.0311
1784038680000,527.26,530.48,527.26,530.44,3597.0,19032.395
1784038740000,530.48,531.97,530.48,531.63,13268.0,70516.1479
1784038800000,531.59,532.79,531.4,531.52,5914.0,31464.9857
1784038860000,531.62,531.7,530.74,531.54,3282.0,17435.1396
1784038920000,531.57,532.48,531.39,532.48,5757.0,30613.6607
1784038980000,532.42,532.58,531.51,532.3,4312.0,22943.4886
1784039040000,532.39,533.39,531.96,532.13,7583.0,40415.5933
1784039100000,532.12,532.45,531.39,532.45,6241.0,33212.9169
1784039160000,532.47,532.75,531.0,532.31,4939.0,26291.6895
1784039220000,532.32,532.48,530.59,530.59,603.0,3206.0512
1784039280000,530.37,531.52,530.36,530.99,644.0,3418.6648
1784039340000,531.0,531.65,530.59,531.37,1796.0,9537.9604
1784039400000,531.58,531.78,529.5,529.66,878.0,4660.2109
1784039460000,529.84,530.18,529.29,529.85,2750.0,14565.221
1784039520000,529.9,530.89,529.75,530.88,676.0,3586.0103
1784039580000,530.8,531.16,530.38,530.51,1308.0,6941.4411
1784039640000,530.76,534.17,530.7,533.72,9546.0,50855.1382
1784039700000,533.51,534.53,533.16,533.54,2618.0,13977.6393
1784039760000,533.4,533.53,532.74,533.19,1836.0,9787.7976
1784039820000,533.07,533.33,531.57,531.79,3150.0,16758.8147
1784039880000,531.94,533.2,531.77,533.08,4788.0,25472.5877
1784039940000,533.09,533.14,531.2,531.2,688.0,3662.1984
1784040000000,531.02,531.79,531.02,531.63,590.0,3135.597
1784040060000,531.72,531.79,530.24,531.0,1783.0,9468.521
1784040120000,530.97,531.24,530.09,530.12,2449.0,12995.0007
1784040180000,530.23,531.46,530.14,531.34,9102.0,48289.6031
1784040240000,531.32,532.21,530.86,531.71,4959.0,26358.6587
1784040300000,531.74,531.91,530.96,531.24,835.0,4437.24
1784040360000,531.35,531.79,530.28,530.65,558.0,2964.235
1784040420000,530.65,531.38,530.57,531.32,438.0,2326.5058
1784040480000,531.36,531.44,530.53,531.27,991.0,5261.9953
1784040540000,531.3,531.3,530.25,530.34,2565.0,13617.6508
1784040600000,530.39,530.5,529.31,529.31,1943.0,10287.8602
1784040660000,529.43,529.63,528.48,529.39,2641.0,13966.8708
1784040720000,529.1,529.93,528.76,529.79,913.0,4830.5305
1784040780000,529.63,530.16,529.6,530.16,433.0,2294.1194
1784040840000,530.19,530.95,530.13,530.95,547.0,2901.7
1784040900000,530.99,531.2,530.64,530.99,1380.0,7327.3577
1784040960000,530.9,530.9,529.39,529.66,209.0,1107.6097
1784041020000,529.79,530.15,529.23,529.56,403.0,2134.6194
1784041080000,529.54,530.7,529.44,530.7,1851.0,9810.8243
1784041140000,530.72,532.53,530.56,531.69,4020.0,21391.1858
1784041200000,531.61,532.69,530.88,530.88,2234.0,11880.4688
1784041260000,530.6,530.99,530.19,530.45,7461.0,39608.2451
1784041320000,530.56,531.24,530.04,530.2,3476.0,18430.5725
1784041380000,530.31,531.39,530.28,531.33,448.0,2378.2277
1784041440000,531.37,531.91,530.73,531.36,2520.0,13382.7475
1784041500000,531.33,531.34,530.23,530.32,1131.0,6004.0223
1784041560000,530.38,531.15,530.37,531.13,3173.0,16850.2321
1784041620000,531.08,532.11,531.08,531.63,732.0,3891.2674
1784041680000,531.46,532.87,531.19,532.86,685.0,3645.1025
1784041740000,532.94,533.24,532.19,532.38,1913.0,10194.7655
1784041800000,532.4,532.4,530.78,530.85,1979.0,10511.5957
1784041860000,530.89,531.15,530.43,530.64,387.0,2054.0449
1784041920000,530.72,531.31,530.29,531.28,591.0,3136.3692
1784041980000,531.35,531.38,530.43,530.65,869.0,4613.6578
1784042040000,530.59,532.28,530.59,532.08,623.0,3313.1755
1784042100000,532.19,533.66,532.19,533.66,656.0,3495.0222
1784042160000,533.79,534.54,533.4,534.19,25325.0,135283.4629
1784042220000,534.21,537.62,534.12,536.92,10928.0,58625.6266
1784042280000,537.31,537.32,536.27,536.27,1459.0,7832.0812
1784042340000,536.32,536.66,535.88,536.29,2080.0,11155.7378
1784042400000,536.25,536.26,535.01,535.11,2337.0,12522.8412
1784042460000,535.24,535.52,534.93,535.38,1864.0,9977.6119
1784042520000,535.17,535.86,534.8,535.86,5514.0,29536.9651
1784042580000,535.69,535.77,533.62,534.29,682.0,3643.5658
1784042640000,534.36,535.12,534.16,535.12,763.0,4079.7647
1784042700000,535.26,535.9,534.6,535.69,933.0,4992.0765
1784042760000,535.45,535.66,535.14,535.33,521.0,2788.9987
1784042820000,535.36,535.49,534.31,534.72,860.0,4600.5178
1784042880000,534.92,535.79,534.92,535.48,6159.0,32967.955
1784042940000,535.49,536.83,535.48,536.2,658.0,3528.6449
1784043000000,536.08,536.84,535.32,535.39,1322.0,7090.1616
1784043060000,535.39,537.53,535.33,537.31,4348.0,23340.6413
1784043120000,537.28,537.28,535.68,536.37,3993.0,21424.383
1784043180000,536.16,538.81,535.85,536.48,11787.0,63376.2017
1784043240000,536.38,537.94,536.21,537.79,2465.0,13245.526
1784043300000,537.96,538.08,536.97,537.56,2898.0,15579.0151
1784043360000,537.5,538.0,536.05,536.05,1145.0,6152.892
1784043420000,536.08,536.47,535.38,536.43,5556.0,29768.6324
1784043480000,536.43,537.59,536.4,536.99,404.0,2170.0184
1784043540000,536.73,537.41,536.5,537.41,985.0,5287.6799
1784043600000,537.29,537.3,536.66,537.0,2345.0,12596.6124
1784043660000,537.12,537.12,535.64,535.76,1497.0,8025.5952
1784043720000,535.84,536.9,535.76,536.9,382.0,2047.897
1784043780000,536.89,537.74,536.8,537.66,1461.0,7851.6783
1784043840000,537.79,539.19,537.46,538.4,4452.0,23954.9817
1784043900000,538.52,539.37,538.23,538.62,3912.0,21086.6999
1784043960000,538.64,538.94,537.94,538.03,2268.0,12215.9857
1784044020000,538.12,538.32,537.26,537.36,3064.0,16477.9824
1784044080000,537.45,538.59,537.41,538.49,893.0,4803.5521
1784044140000,538.4,541.6,538.2,539.13,29688.0,160351.4455
1784044200000,538.99,539.27,538.49,538.49,12360.0,66623.9843
1784044260000,538.19,538.19,536.54,536.77,3542.0,19010.8273
1784044320000,536.76,537.34,536.71,536.92,909.0,4881.1802
1784044380000,536.9,537.29,536.64,536.77,1727.0,9272.4484
1784044440000,537.07,537.87,536.99,537.24,1315.0,7063.1066
1784044500000,537.09,537.78,537.0,537.1,974.0,5236.0156
1784044560000,537.13,538.79,536.99,538.67,2824.0,15191.3817
1784044620000,538.73,539.19,538.57,539.06,544.0,2931.6019
1784044680000,539.02,539.61,538.71,539.59,764.0,4119.7175
1784044740000,539.49,539.76,539.16,539.66,2596.0,14005.2437
1784044800000,539.46,539.96,538.58,538.9,3997.0,21556.6408
1784044860000,538.96,538.96,535.91,536.36,5886.0,31617.2296
1784044920000,536.59,537.83,536.28,537.72,839.0,4506.2071
1784044980000,537.72,538.0,537.0,537.38,6475.0,34825.2022
1784045040000,537.34,537.59,536.78,537.4,1354.0,7275.7731
1784045100000,537.44,537.47,536.57,537.02,623.0,3345.5245
1784045160000,537.18,538.13,536.54,537.9,869.0,4668.2174
1784045220000,537.95,539.21,537.54,539.06,833.0,4483.1324
1784045280000,539.13,539.61,538.89,539.52,3032.0,16352.2703
1784045340000,539.43,540.23,539.11,539.14,31192.0,168441.9381
1784045400000,539.36,540.62,539.19,539.19,518.0,2796.8074
1784045460000,538.99,538.99,537.88,538.56,719.0,3870.1607
1784045520000,538.48,538.56,538.06,538.1,5908.0,31814.5717
1784045580000,537.79,537.79,537.12,537.19,8937.0,48017.2753
1784045640000,537.17,537.89,537.17,537.79,1323.0,7113.857
1784045700000,537.75,537.97,536.97,537.77,1686.0,9064.6089
1784045760000,537.71,538.86,537.71,538.17,731.0,3935.551
1784045820000,538.18,538.22,537.72,537.95,1202.0,6466.2457
1784045880000,537.95,538.14,537.39,537.39,1396.0,7507.2312
1784045940000,537.3,538.54,537.26,538.54,697.0,3749.8406
1784046000000,538.59,539.86,538.59,539.86,722.0,3895.0394
1784046060000,540.19,543.55,540.04,543.23,4741.0,25688.9456
1784046120000,543.23,543.23,541.61,542.29,10362.0,56195.9614
1784046180000,542.28,542.81,541.68,541.83,12194.0,66068.3946
1784046240000,541.97,544.61,541.97,543.55,8997.0,48870.6196
1784046300000,543.59,545.61,543.19,544.97,17466.0,95208.6917
1784046360000,544.71,545.59,544.68,545.01,1109.0,6044.5125
1784046420000,544.99,545.03,543.44,543.73,4184.0,22777.9635
1784046480000,543.46,543.7,543.15,543.15,216.0,1173.9016
1784046540000,543.16,543.73,542.81,543.41,1615.0,8776.3581
1784046600000,543.37,543.84,542.16,543.55,11364.0,61663.1044
1784046660000,543.76,544.54,543.59,544.43,3898.0,21214.762
1784046720000,544.34,544.41,543.39,543.39,8356.0,45468.1162
1784046780000,543.09,544.34,543.0,544.26,1065.0,5787.1908
1784046840000,544.23,545.51,544.22,545.16,8539.0,46538.0801
1784046900000,545.17,545.66,545.0,545.47,1877.0
1784046960000,545.36,545.36,544.42,544.68,2697.0
1784047020000,544.77,545.35,543.1,543.91,4169.0
1784047080000,543.79,545.04,543.79,544.73,3322.0
1784047140000,544.65,544.8,543.78,543.78,422.0
1784047200000,544.05,544.09,543.0,543.33,2966.0
1784047260000,543.23,545.06,543.23,544.83,1902.0
1784047320000,544.88,545.16,543.85,545.1,303.0
1784047380000,545.14,545.31,544.11,544.27,2992.0
1784047440000,544.04,544.84,543.81,543.96,514.0
1784047500000,544.01,545.16,543.86,545.16,836.0
1784047560000,545.26,545.73,544.31,545.59,1626.0
1784047620000,545.59,546.55,545.09,546.21,26195.0
1784047680000,546.19,548.21,546.11,547.45,11706.0
1784047740000,547.26,548.0,547.03,547.38,16825.0
1784047800000,547.78,549.14,547.78,548.58,15781.0
1784047860000,548.45,553.36,548.44,552.8,29009.0
1784047920000,552.83,556.23,552.12,552.99,50224.0
1784047980000,552.84,553.85,551.7,552.85,6642.0
1784048040000,552.74,553.27,552.06,552.66,22142.0
1784048100000,552.76,554.25,552.75,553.58,15277.0
1784048160000,553.7,553.84,552.09,552.09,1971.0
1784048220000,552.18,553.06,551.98,552.03,5400.0
1784048280000,551.99,552.22,550.01,550.54,15562.0
1784048340000,550.58,550.64,549.23,549.52,2302.0
1784048400000,549.76,550.15,548.05,548.55,6259.0
1784048460000,548.75,549.78,548.59,548.59,2086.0
1784048520000,548.45,549.08,548.07,548.81,3462.0
1784048580000,548.82,549.1,548.08,548.31,2979.0
1784048640000,548.27,548.55,546.36,546.39,8477.0
1784048700000,546.61,548.48,546.61,547.46,4692.0
1784048760000,547.56,547.99,546.48,547.26,4233.0
1784048820000,547.28,547.65,545.63,546.19,3498.0
1784048880000,546.12,546.3,545.32,545.51,1019.0
1784048940000,545.57,546.18,545.0,545.46,3808.0
1784049000000,545.34,546.86,545.0,546.83,9506.0
1784049060000,546.87,546.92,542.64,543.3,16866.0
1784049120000,543.35,546.54,543.12,546.18,55185.0
1784049180000,546.52,548.0,546.07,548.0,8891.0
1784049240000,548.0,548.7,547.91,547.98,9816.0
1784049300000,547.97,549.61,547.36,549.43,15794.0
1784049360000,549.61,551.31,549.49,551.23,28189.0
1784049420000,551.36,551.45,548.27,548.33,4091.0
1784049480000,548.25,550.93,548.25,549.79,9932.0
1784049540000,549.76,551.06,549.72,550.78,9279.0
1784049600000,550.79,551.69,550.09,550.83,8806.0
1784049660000,550.96,551.0,550.09,550.68,10262.0
1784049720000,550.61,551.0,547.48,547.68,6322.0
1784049780000,547.5,549.08,547.44,548.76,4139.0
1784049840000,548.79,548.94,547.88,548.7,4779.0
1784049900000,548.8,549.2,547.91,548.01,1653.0
1784049960000,548.17,548.84,547.48,548.84,1270.0
1784050020000,548.95,549.89,548.33,548.33,1817.0
1784050080000,548.62,548.86,547.69,547.7,1018.0
1784050140000,547.79,548.02,547.35,547.93,2865.0
1784050200000,547.85,547.9,546.11,546.11,1135.0
1784050260000,546.14,546.77,545.69,546.7,1907.0
1784050320000,546.84,546.88,544.92,545.46,2015.0
1784050380000,545.35,546.95,544.65,546.03,50338.0
1784050440000,545.93,546.51,545.81,545.87,4254.0
1784050500000,545.83,546.22,545.44,545.7,1179.0
1784050560000,545.64,545.78,543.53,544.79,9149.0
1784050620000,544.58,545.08,544.34,544.62,2586.0
1784050680000,544.7,544.89,544.09,544.09,715.0
1784050740000,544.11,544.53,544.11,544.28,949.0
1784050800000,544.36,544.47,544.1,544.35,6367.0
1784050860000,544.35,545.84,544.35,545.27,1921.0
1784050920000,545.36,545.38,544.43,544.95,617.0
1784050980000,544.61,545.23,544.51,545.04,6303.0
1784051040000,545.1,545.88,545.1,545.18,1760.0
1784051100000,545.08,545.19,544.14,544.34,665.0
1784051160000,544.5,544.59,544.17,544.38,557.0
1784051220000,544.27,544.47,543.0,543.07,1355.0
1784051280000,543.18,545.46,543.18,545.46,6567.0
1784051340000,545.43,545.56,544.87,545.28,751.0
1784051400000,545.25,547.68,545.24,547.23,1631.0
1784051460000,547.23,547.77,546.91,547.64,9772.0
1784051520000,547.64,547.78,547.0,547.57,1126.0
1784051580000,547.6,547.67,547.07,547.12,1434.0
1784051640000,547.0,547.0,546.28,546.7,4430.0
1784051700000,546.76,546.76,545.11,545.11,626.0
1784051760000,545.14,546.3,545.14,546.08,860.0
1784051820000,546.05,546.43,545.57,546.43,809.0
1784051880000,546.5,546.73,545.52,546.12,1488.0
1784051940000,546.06,546.26,545.65,546.04,492.0
1784052000000,546.05,546.13,544.61,544.71,2496.0
1784052060000,544.7,544.82,543.29,543.38,2712.0
1784052120000,543.45,543.7,542.18,542.76,19166.0
1784052180000,542.76,543.29,541.54,542.27,7135.0
1784052240000,542.55,543.5,542.36,543.46,5043.0
1784052300000,543.36,543.6,542.69,542.69,1639.0
1784052360000,542.78,543.26,542.56,543.02,1163.0
1784052420000,543.02,543.05,542.05,542.32,10928.0
1784052480000,542.4,542.43,541.11,541.49,2674.0
1784052540000,541.48,541.58,540.5,540.51,1355.0
1784052600000,540.64,541.13,540.59,541.04,689.0
1784052660000,541.06,542.02,541.0,541.94,2636.0
1784052720000,541.69,541.71,541.0,541.08,1409.0
1784052780000,541.15,541.38,540.74,541.37,2158.0
1784052840000,541.31,541.5,540.66,540.66,729.0
1784052900000,540.68,541.51,540.68,541.23,665.0
1784052960000,541.2,542.01,541.11,541.99,1281.0
1784053020000,542.0,543.04,542.0,542.72,1752.0
1784053080000,542.7,542.85,541.81,541.81,5440.0
1784053140000,541.7,542.91,541.7,542.59,1375.0
1784053200000,542.5,542.52,541.47,542.43,1139.0
1784053260000,542.25,542.4,541.7,541.83,1165.0
1784053320000,541.96,542.08,541.57,541.88,3588.0
1784053380000,541.95,542.76,541.95,542.33,2128.0
1784053440000,542.32,542.46,541.61,541.73,884.0
1784053500000,541.87,542.26,541.41,542.19,1176.0
1784053560000,542.23,542.57,542.13,542.39,1082.0
1784053620000,542.53,542.82,542.22,542.82,479.0
1784053680000,542.94,543.16,542.43,542.99,3892.0
1784053740000,542.89,542.93,541.76,542.13,886.0
1784053800000,542.21,542.31,541.8,542.23,1974.0
1784053860000,542.23,542.43,541.76,542.18,3671.0
1784053920000,542.27,543.41,541.94,543.41,1176.0
1784053980000,543.43,544.56,543.32,544.25,3312.0
1784054040000,544.09,544.15,543.25,543.25,709.0
1784054100000,543.2,544.39,543.2,544.26,1926.0
1784054160000,544.34,544.67,544.08,544.61,6437.0
1784054220000,544.79,545.04,543.57,544.83,3910.0
1784054280000,544.69,545.0,544.44,544.96,1565.0
1784054340000,544.92,545.16,544.45,544.81,3863.0
1784054400000,544.76,544.93,544.4,544.4,110.0
1784054460000,544.64,544.64,543.95,544.23,684.0
1784054520000,544.16,544.4,543.62,544.07,833.0
1784054580000,544.18,544.18,543.59,543.59,1079.0
1784054640000,543.52,544.08,543.39,544.07,1390.0
1784054700000,543.97,544.77,543.97,544.73,903.0
1784054760000,544.77,544.81,544.18,544.48,394.0
1784054820000,544.44,544.67,544.08,544.08,412.0
1784054880000,544.01,544.01,542.48,542.86,1072.0
1784054940000,542.77,542.99,541.61,542.11,2650.0
1784055000000,542.11,542.57,542.02,542.57,1779.0
1784055060000,542.6,542.91,542.35,542.39,5653.0
1784055120000,542.35,542.63,542.16,542.26,392.0
1784055180000,542.3,542.38,541.98,542.14,391.0
1784055240000,542.11,542.45,542.0,542.1,2335.0
1784055300000,542.09,542.33,541.02,541.66,5947.0
1784055360000,541.65,542.27,541.39,542.27,548.0
1784055420000,542.43,542.48,541.95,542.1,435.0
1784055480000,542.16,542.51,542.16,542.21,1088.0
1784055540000,542.16,542.64,542.05,542.44,1466.0
1784055600000,542.39,542.86,541.87,541.98,666.0
1784055660000,542.12,543.04,542.12,542.99,3205.0
1784055720000,542.98,543.35,542.91,543.08,1822.0
1784055780000,543.06,543.57,543.06,543.35,667.0
1784055840000,543.29,544.16,543.19,543.96,443.0
1784055900000,543.84,543.84,542.43,543.28,431.0
1784055960000,543.42,543.42,542.99,543.34,482.0
1784056020000,543.18,543.27,542.29,542.46,408.0
1784056080000,542.64,543.27,542.37,542.94,1520.0
1784056140000,542.76,542.88,542.04,542.37,520.0
1784056200000,542.3,543.23,541.8,543.13,1882.0
1784056260000,543.09,543.37,542.1,542.27,2979.0
1784056320000,542.45,543.36,542.45,543.36,552.0
1784056380000,543.27,543.69,542.87,543.62,2302.0
1784056440000,543.59,543.59,543.07,543.09,1120.0
1784056500000,543.19,543.37,542.13,542.29,1248.0
1784056560000,542.29,542.68,541.54,541.78,605.0
1784056620000,541.98,542.32,541.92,542.05,1101.0
1784056680000,542.22,542.23,537.02,539.79,29997.0
1784056740000,539.49,539.76,539.07,539.53,773.0
1784056800000,539.64,540.16,539.6,539.97,521.0
1784056860000,539.98,540.27,539.8,540.27,403.0
1784056920000,540.4,540.99,540.27,540.62,2708.0
1784056980000,540.67,540.79,540.45,540.53,414.0
1784057040000,540.59,540.61,540.15,540.15,194.0
1784057100000,540.2,540.3,539.65,539.65,1978.0
1784057160000,539.73,540.21,539.55,539.9,1833.0
1784057220000,540.02,540.16,539.51,539.63,111.0
1784057280000,539.76,539.85,539.47,539.59,386.0
1784057340000,539.48,539.48,538.82,538.95,884.0
1784057400000,539.14,539.14,537.47,538.21,3320.0
1784057460000,538.1,538.28,537.57,538.12,1923.0
1784057520000,538.11,538.24,537.71,538.17,1076.0
1784057580000,538.23,538.67,537.48,538.67,2408.0
1784057640000,538.76,538.97,538.15,538.96,1027.0
1784057700000,538.89,539.46,538.83,538.91,3905.0
1784064900000,541.65,541.99,541.12,541.52,607.0,3287.4482
1784064960000,541.69,541.87,541.63,541.86,537.0,2909.4419
1784065020000,541.86,541.94,541.66,541.92,1437.0,7786.4126
1784065080000,541.88,542.26,541.87,542.03,1641.0,8896.5268
1784065140000,541.91,542.74,541.91,542.7,3053.0,16565.0297
1784065200000,542.42,542.66,541.64,542.6,3780.0,20487.2362
1784065260000,542.47,543.4,542.38,543.35,779.0,4227.6072
1784065320000,543.19,543.76,543.04,543.62,3111.0,16906.0873
1784065380000,543.56,543.57,542.69,542.69,3020.0,16410.3938
1784065440000,542.56,542.68,540.96,542.19,5391.0,29214.789
1784065500000,542.31,542.31,540.86,540.86,604.0,3270.4914
1784065560000,540.93,541.38,540.93,541.05,457.0,2473.2581
1784065620000,541.13,544.56,541.06,544.45,3638.0,19751.6807
1784065680000,544.36,544.5,543.47,543.47,2405.0,13089.1043
1784065740000,543.51,543.71,543.35,543.44,892.0,4848.2987
1784065800000,543.44,543.54,543.29,543.34,3704.0,20127.3809
1784065860000,543.37,543.54,542.95,543.1,7982.0,43375.2458
1784065920000,542.98,543.08,542.85,542.99,587.0,3187.2955
1784065980000,543.05,543.41,542.99,543.33,356.0,1933.703
1784066040000,543.39,543.56,543.36,543.53,307.0,1668.5368
1784066100000,543.52,543.52,543.01,543.08,328.0,1781.5335
1784066160000,543.03,543.29,543.01,543.22,323.0,1754.3717
1784066220000,543.21,544.16,543.1,544.16,1949.0,10596.8018
1784066280000,544.13,544.19,543.57,543.66,522.0,2839.8002
1784066340000,543.42,543.62,543.4,543.43,346.0,1880.437
1784066400000,543.48,543.54,542.78,542.81,1765.0,9588.3985
1784066460000,542.75,543.03,542.75,542.78,244.0,1324.6023
1784066520000,542.85,544.49,542.76,544.21,913.0,4968.0976
1784066580000,544.04,544.23,543.58,544.18,475.0,2583.7712
1784066640000,544.02,544.21,543.9,543.9,1747.0,9502.4776
1784066700000,543.79,543.98,543.44,543.72,611.0,3321.9177
1784066760000,543.79,543.81,543.35,543.35,169.0,918.6861
1784066820000,543.73,543.73,542.59,542.62,483.0,2623.3883
1784066880000,542.57,542.9,542.28,542.67,3296.0,17882.5042
1784066940000,542.65,543.52,542.28,543.4,1509.0,8192.1163
1784067000000,543.29,543.29,542.19,542.6,330.0,1791.3019
1784067060000,542.93,542.93,542.2,542.54,388.0,2104.7812
1784067120000,542.54,542.54,542.16,542.24,214.0,1160.6641
1784067180000,542.08,542.33,541.95,541.95,364.0,1973.1017
1784067240000,542.28,542.58,542.12,542.35,1128.0,6117.9414
1784067300000,542.79,543.79,542.6,543.79,637.0,3457.8751
1784067360000,543.89,544.28,543.49,544.18,833.0,4530.7952
1784067420000,544.21,544.5,544.09,544.5,2412.0,13128.4624
1784067480000,544.47,546.94,544.37,546.73,5871.0,32036.0752
1784067540000,546.65,547.11,546.36,546.61,1720.0,9404.0037
1784067600000,546.64,548.52,546.64,547.95,8147.0,44613.8103
1784067660000,547.89,548.99,547.4,548.93,4684.0,25657.703
1784067720000,548.74,548.86,547.48,547.48,1119.0,6135.4112
1784067780000,547.4,547.95,547.21,547.79,682.0,3733.8935
1784067840000,547.91,550.9,547.91,550.61,14260.0,78482.2194
1784067900000,550.66,550.75,549.47,549.5,2724.0,14990.1388
1784067960000,549.47,549.92,549.34,549.35,1368.0,7519.2826
1784068020000,549.38,550.18,549.3,549.96,2395.0,13164.9731
1784068080000,549.96,550.4,549.71,550.13,863.0,4746.509
1784068140000,550.13,550.94,549.95,550.42,2062.0,11351.4962
1784068200000,550.44,553.39,550.44,553.37,11440.0,63188.5782
1784068260000,553.41,554.59,553.15,553.26,40666.0,225295.1988
1784068320000,553.12,555.26,553.12,553.75,11523.0,63898.1799
1784068380000,553.79,560.07,553.56,560.07,50754.0,283084.533
1784068440000,560.12,565.56,559.96,561.14,100460.0,565765.0265
1784068500000,560.98,562.91,558.35,558.94,28013.0,157161.0671
1784068560000,558.69,561.09,558.64,560.58,9950.0,55720.3849
1784068620000,560.36,562.07,560.3,562.07,5132.0,28785.2254
1784068680000,561.64,561.64,560.11,560.24,1434.0,8039.8523
1784068740000,560.44,560.44,559.5,560.03,32047.0,179503.5663
1784068800000,560.02,561.02,560.02,560.6,11411.0,63945.2828
1784068860000,560.66,560.68,560.18,560.58,2310.0,12944.15
1784068920000,560.65,562.0,560.62,561.83,12590.0,70742.8659
1784068980000,562.0,562.28,561.6,561.85,11831.0,66487.813
1784069040000,561.99,562.04,561.0,561.46,8058.0,45214.0093
1784069100000,561.71,561.76,559.91,560.3,1082.0,6067.2798
1784069160000,560.25,561.38,560.25,561.05,933.0,5232.7165
1784069220000,561.15,561.2,559.33,559.79,1421.0,7954.7212
1784069280000,559.89,560.02,558.9,559.0,2088.0,11679.1518
1784069340000,559.22,559.38,558.03,558.14,2631.0,14706.3704
1784069400000,558.28,558.28,557.24,557.56,4665.0,26004.5475
1784069460000,557.47,558.19,557.04,558.19,1071.0,5969.1637
1784069520000,558.45,558.48,556.15,556.52,11628.0,64761.8432
1784069580000,556.58,556.8,555.89,556.75,1522.0,8468.3429
1784069640000,556.94,557.16,555.35,555.72,907.0,5043.9776
1784069700000,555.76,556.39,555.72,556.33,7412.0,41235.2558
1784069760000,556.32,556.32,555.0,555.59,5124.0,28445.712
1784069820000,555.64,556.19,555.59,555.93,2078.0,11551.8005
1784069880000,556.01,556.28,555.83,556.18,694.0,3859.2462
1784069940000,556.19,556.53,555.99,556.39,3716.0,20669.0932
1784070000000,556.38,557.26,556.01,556.45,5308.0,29552.2591
1784070060000,556.41,556.56,554.74,554.94,4012.0,22277.1723
1784070120000,555.15,555.57,554.82,555.47,1431.0,7947.6591
1784070180000,555.65,555.65,554.26,554.99,5371.0,29799.7405
1784070240000,555.15,555.53,554.09,554.25,2571.0,14257.1687
1784070300000,554.36,554.98,554.21,554.26,725.0,4019.8062
1784070360000,554.24,554.53,553.11,553.48,3718.0,20589.7937
1784070420000,553.62,554.07,553.01,554.07,1728.0,9563.2189
1784070480000,553.92,554.87,553.6,554.66,972.0,5385.3016
1784070540000,554.89,555.0,554.19,554.25,1162.0,6446.2516
1784070600000,554.19,555.39,553.97,555.27,1983.0,11003.5745
1784070660000,554.99,555.5,554.64,554.91,6615.0,36727.2526
1784070720000,554.92,555.81,554.92,555.33,3049.0,16930.1948
1784070780000,555.32,555.49,554.81,555.43,10601.0,58873.8065
1784070840000,555.43,556.85,555.34,556.16,5660.0,31450.0596
1784070900000,556.1,556.1,554.72,554.76,477.0,2648.7788
1784070960000,554.77,554.83,554.08,554.08,1150.0,6373.6168
1784071020000,554.05,554.12,551.5,552.27,11581.0,64079.7598
1784071080000,552.27,552.98,552.27,552.96,600.0,3316.6224
1784071140000,552.98,554.82,552.98,554.48,2222.0,12313.838
1784071200000,554.42,555.06,554.08,554.8,1929.0,10697.1059
1784071260000,554.76,554.91,554.6,554.77,305.0,1692.0606
1784071320000,554.69,554.77,554.04,554.61,1300.0,7207.6304
1784071380000,554.61,554.82,554.5,554.8,460.0,2551.4845
1784071440000,554.68,554.76,554.27,554.27,475.0,2634.4321
1784071500000,554.28,555.79,554.19,555.69,1070.0,5940.2634
1784071560000,555.65,555.65,554.91,555.22,7213.0,40049.8461
1784071620000,555.44,555.48,555.0,555.22,396.0,2198.6543
1784071680000,555.3,557.75,555.3,557.59,13074.0,72721.4317
1784071740000,557.36,560.03,557.33,559.06,11068.0,61875.5513
1784071800000,559.21,559.21,557.55,558.22,1553.0,8664.6207
1784071860000,558.09,559.03,557.91,558.86,1745.0,9742.7221
1784071920000,559.03,559.08,558.27,558.53,4155.0,23204.7237
1784071980000,558.59,558.84,558.47,558.67,2479.0,13848.9225
1784072040000,558.77,559.35,558.56,558.65,1168.0,6527.5971
1784072100000,558.76,558.9,557.47,557.89,2014.0,11234.1644
1784072160000,557.96,559.07,557.96,558.94,2979.0,16638.7722
1784072220000,559.28,559.28,558.28,558.28,526.0,2938.4864
1784072280000,558.27,558.27,557.52,557.97,6047.0,33725.9763
1784072340000,558.14,558.26,558.0,558.26,324.0,1808.3854
1784072400000,558.27,558.78,558.18,558.18,378.0,2111.1737
1784072460000,558.14,558.19,557.79,558.04,468.0,2611.3853
1784072520000,558.26,558.29,557.66,557.85,766.0,4274.0481
1784072580000,557.97,559.56,557.47,559.25,2237.0,12501.3485
1784072640000,559.08,562.88,558.86,562.45,7278.0,40814.9087
1784072700000,562.48,570.0,562.27,566.89,58393.0,331428.248
1784072760000,566.8,567.72,565.68,566.99,16610.0,94112.8922
1784072820000,566.78,568.59,566.78,568.16,4090.0,23231.6381
1784072880000,567.94,568.98,567.74,568.93,5940.0,33740.0101
1784072940000,568.19,569.3,566.62,567.59,3707.0,21056.6622
1784073000000,567.55,567.55,566.05,566.23,4343.0,24603.496
1784073060000,566.19,567.61,565.7,565.97,3783.0,21428.6333
1784073120000,566.02,566.99,566.01,566.34,1608.0,9109.1407
1784073180000,566.28,566.29,564.8,565.0,1157.0,6541.2397
1784073240000,564.96,565.03,564.39,564.52,5238.0,29578.6229
1784073300000,564.44,565.04,563.87,564.59,2090.0,11792.9541
1784073360000,564.58,564.66,562.83,562.98,2408.0,13571.6987
1784073420000,563.24,564.01,563.01,563.3,2145.0,12088.5331
1784073480000,563.37,563.39,562.4,563.39,50454.0,284056.3507
1784073540000,563.25,564.26,563.25,563.79,620.0,3495.8554
1784073600000,563.99,564.56,563.68,564.06,1074.0,6058.7959
1784073660000,564.01,564.01,562.4,563.56,1774.0,9987.0327
1784073720000,563.69,564.86,563.44,564.02,738.0,4162.7947
1784073780000,564.11,564.77,563.34,564.46,1925.0,10855.9287
1784073840000,564.57,564.57,559.64,560.51,6243.0,35090.7517
1784073900000,560.55,561.64,560.55,561.51,1364.0,7654.3886
1784073960000,561.61,561.93,561.37,561.82,6062.0,34046.082
1784074020000,561.78,562.34,561.14,561.5,3672.0,20634.8449
1784074080000,561.45,561.45,560.19,560.19,5449.0,30577.872
1784074140000,560.12,560.79,559.89,560.78,1184.0,6632.8962
1784074200000,560.71,560.72,559.96,560.18,709.0,3971.7284
1784074260000,560.32,560.32,559.6,559.7,566.0,3168.526
1784074320000,559.63,561.09,559.0,561.09,1966.0,11002.4081
1784074380000,561.23,561.36,559.7,559.84,493.0,2761.3774
1784074440000,559.81,559.81,558.11,558.27,5570.0,31127.9006
1784074500000,558.46,559.6,558.38,559.37,797.0,4455.4687
1784074560000,559.47,560.07,559.39,559.65,2498.0,13976.992
1784074620000,559.73,559.75,558.99,559.43,512.0,2864.1414
1784074680000,559.45,559.59,558.76,558.78,379.0,2119.0333
1784074740000,558.81,559.16,558.58,558.64,540.0,3017.9389
1784074800000,558.6,560.16,558.6,559.94,2745.0,15354.3512
1784074860000,559.91,560.64,559.42,560.21,1225.0,6861.7793
1784074920000,560.52,561.87,560.19,560.19,8484.0,47648.5049
1784074980000,560.08,561.14,559.98,560.84,552.0,3094.7306
1784075040000,560.83,562.67,560.83,561.74,522.0,2932.9306
1784075100000,561.55,561.66,560.67,560.67,656.0,3679.6423
1784075160000,560.6,560.79,559.08,559.42,579.0,3242.8813
1784075220000,559.52,559.73,558.96,559.25,647.0,3618.9296
1784075280000,558.82,558.86,557.24,558.0,3474.0,19385.975
1784075340000,557.99,558.88,557.53,558.71,993.0,5541.6277
1784075400000,558.66,558.66,558.02,558.2,339.0,1892.9543
1784075460000,558.2,559.46,557.88,558.71,2544.0,14217.8987
1784075520000,558.69,559.32,558.62,559.32,797.0,4454.6663
1784075580000,559.19,560.53,559.08,560.3,2330.0,13046.6467
1784075640000,560.53,560.55,560.03,560.15,738.0,4134.9339
1784075700000,560.11,560.36,558.68,558.72,346.0,1935.8883
1784075760000,558.78,558.91,557.75,558.19,550.0,3071.461
1784075820000,558.27,558.82,557.91,558.63,558.0,3115.5974
1784075880000,558.83,559.36,558.43,558.46,495.0,2766.3295
1784075940000,558.61,559.1,557.83,558.1,1232.0,6881.625
1784076000000,558.19,558.74,558.19,558.32,1159.0,6474.1576
1784076060000,558.33,558.39,556.97,557.02,1386.0,7728.2587
1784076120000,557.2,557.64,556.49,556.62,1032.0,5750.4501
1784076180000,556.71,557.13,556.6,556.69,614.0,3419.0073
1784076240000,556.78,556.91,556.1,556.21,3086.0,17165.6351
1784076300000,556.31,557.07,556.27,556.27,1557.0,8670.4037
1784076360000,556.37,557.47,556.37,557.42,1102.0,6139.5662
1784076420000,557.48,557.52,555.97,556.53,708.0,3939.7259
1784076480000,556.54,557.79,556.54,557.5,498.0,2775.3315
1784076540000,557.55,557.55,555.57,555.61,1338.0,7445.3242
1784076600000,555.67,556.95,555.67,556.83,5568.0,30963.2221
1784076660000,556.82,557.39,556.75,557.2,467.0,2601.5784
1784076720000,557.26,557.26,556.76,556.99,256.0,1425.996
1784076780000,557.03,557.22,556.68,556.82,403.0,2244.6174
1784076840000,556.86,557.46,556.86,557.27,656.0,3654.7943
1784076900000,557.34,557.76,557.29,557.43,11521.0
1784076960000,557.45,557.51,555.87,555.87,642.0
1784077020000,555.63,555.79,554.79,555.12,1240.0
1784077080000,555.08,555.41,554.75,555.13,497.0
1784077140000,555.08,555.6,554.96,554.96,295.0
1784077200000,554.94,555.23,554.22,554.34,815.0
1784077260000,554.43,555.06,554.01,554.7,855.0
1784077320000,554.71,554.76,554.0,554.14,706.0
1784077380000,554.03,554.96,554.03,554.24,1221.0
1784077440000,554.49,554.49,554.03,554.27,550.0
1784077500000,554.45,554.99,552.77,552.83,1285.0
1784077560000,552.96,553.45,552.34,552.53,1807.0
1784077620000,552.62,552.95,551.75,552.93,3625.0
1784077680000,552.89,553.25,552.78,553.24,1226.0
1784077740000,553.28,553.45,552.78,553.05,1034.0
1784077800000,553.06,553.16,552.54,552.54,439.0
1784077860000,552.6,553.07,551.88,553.04,1106.0
1784077920000,553.01,554.36,552.89,554.04,1195.0
1784077980000,554.19,555.29,553.87,555.29,1608.0
1784078040000,555.3,555.79,554.68,554.71,5766.0
1784078100000,554.86,554.86,553.97,554.05,603.0
1784078160000,554.14,554.44,553.83,553.83,532.0
1784078220000,553.48,554.27,553.48,553.61,1033.0
1784078280000,553.74,554.08,553.43,553.71,742.0
1784078340000,553.76,555.13,553.76,555.13,630.0
1784078400000,555.15,555.25,554.69,554.88,443.0
1784078460000,554.68,555.27,554.62,555.06,384.0
1784078520000,554.95,557.22,554.95,556.37,10212.0
1784078580000,556.4,556.4,555.19,555.65,3734.0
1784078640000,555.63,555.76,555.08,555.23,815.0
1784078700000,555.25,555.33,554.73,554.93,1174.0
1784078760000,555.0,556.2,554.93,555.33,1091.0
1784078820000,555.59,556.09,554.8,555.85,3692.0
1784078880000,555.95,556.16,555.81,555.81,269.0
1784078940000,555.78,555.82,554.87,555.3,1178.0
1784079000000,555.19,555.78,554.95,555.75,392.0
1784079060000,555.79,556.85,555.79,556.6,1001.0
1784079120000,556.63,556.66,555.87,555.87,514.0
1784079180000,555.83,556.27,555.65,555.65,1482.0
1784079240000,555.7,556.18,555.67,555.87,312.0
1784079300000,555.85,556.07,555.3,555.43,1928.0
1784079360000,555.54,555.66,555.29,555.4,265.0
1784079420000,555.5,555.53,554.99,555.46,1200.0
1784079480000,555.47,555.88,555.11,555.15,618.0
1784079540000,555.21,556.53,555.21,556.09,1226.0
1784079600000,556.28,556.28,555.52,555.53,300.0
1784079660000,555.48,555.53,555.0,555.0,503.0
1784079720000,555.03,555.45,554.61,554.7,1205.0
1784079780000,554.78,554.89,554.36,554.39,310.0
1784079840000,554.67,554.99,554.35,554.99,725.0
1784079900000,555.07,555.25,554.68,554.72,602.0
1784079960000,554.75,555.38,554.7,555.01,640.0
1784080020000,555.12,555.46,554.94,555.26,469.0
1784080080000,555.11,555.32,554.29,554.46,955.0
1784080140000,554.69,555.07,554.55,554.76,559.0
1784080200000,554.84,556.37,554.82,555.41,1609.0
1784080260000,555.41,555.78,555.15,555.78,205.0
1784080320000,555.79,557.23,555.77,555.95,1764.0
1784080380000,556.25,556.44,555.03,555.26,1192.0
1784080440000,555.3,555.51,555.11,555.37,332.0
1784080500000,555.4,555.4,555.08,555.11,479.0
1784080560000,555.18,555.32,555.0,555.01,470.0
1784080620000,555.26,555.26,554.83,555.1,608.0
1784080680000,555.18,555.19,554.13,554.91,359.0
1784080740000,555.22,555.79,555.1,555.72,265.0
1784080800000,555.41,555.41,554.35,554.59,924.0
1784080860000,554.51,555.02,554.28,554.7,527.0
1784080920000,554.61,556.02,554.57,555.99,804.0
1784080980000,555.89,556.06,555.26,555.26,195.0
1784081040000,555.32,555.32,554.53,554.56,310.0
1784081100000,554.85,554.91,554.28,554.63,246.0
1784081160000,554.6,554.67,552.5,553.14,2824.0
1784081220000,552.9,553.16,552.42,553.16,24699.0
1784081280000,553.33,553.78,552.89,553.78,3228.0
1784081340000,553.74,553.74,553.36,553.5,335.0
1784081400000,553.53,553.96,553.16,553.54,719.0
1784081460000,553.65,553.97,553.34,553.46,247.0
1784081520000,553.35,554.1,553.35,553.94,410.0
1784081580000,553.84,553.91,553.12,553.77,509.0
1784081640000,553.67,554.93,553.67,554.79,295.0
1784081700000,554.89,554.91,554.54,554.72,2079.0
1784081760000,554.63,554.63,554.09,554.13,209.0
1784081820000,554.05,554.1,553.65,553.65,766.0
1784081880000,553.57,553.61,551.63,551.85,765.0
1784081940000,551.85,552.53,551.85,552.22,468.0
1784082000000,552.33,553.29,552.28,552.3,2179.0
1784082060000,552.32,552.54,552.14,552.29,633.0
1784082120000,552.29,552.75,552.11,552.69,1015.0
1784082180000,552.67,552.67,551.7,551.91,594.0
1784082240000,551.93,552.26,551.81,552.14,580.0
1784082300000,552.13,552.56,551.97,552.54,321.0
1784082360000,552.49,553.03,552.27,552.27,683.0
1784082420000,552.09,552.87,552.07,552.82,487.0
1784082480000,552.57,553.9,552.55,553.14,616.0
1784082540000,553.07,553.07,552.29,552.29,758.0
1784082600000,552.54,553.06,552.49,552.5,388.0
1784082660000,552.61,552.61,552.01,552.16,1482.0
1784082720000,552.36,552.48,551.87,551.87,3032.0
1784082780000,551.96,552.38,551.95,552.2,264.0
1784082840000,552.43,552.94,552.33,552.67,360.0
1784082900000,552.77,552.95,552.52,552.71,247.0
1784082960000,552.74,553.68,552.71,553.09,1795.0
1784083020000,553.25,553.56,553.16,553.48,223.0
1784083080000,553.65,553.83,553.09,553.09,355.0
1784083140000,553.13,553.79,553.08,553.51,566.0
1784083200000,553.44,553.69,553.39,553.65,141.0
1784083260000,553.77,553.77,553.33,553.47,448.0
1784083320000,553.32,553.63,552.99,553.63,144.0
1784083380000,553.77,556.46,553.76,555.75,9747.0
1784083440000,555.65,555.91,555.34,555.54,1156.0
1784083500000,555.66,555.77,554.28,554.76,1905.0
1784083560000,554.62,554.65,554.12,554.12,444.0
1784083620000,554.04,554.38,553.68,553.88,313.0
1784083680000,553.81,554.16,553.7,554.16,208.0
1784083740000,554.11,554.47,553.63,553.75,217.0
1784083800000,553.81,554.65,553.81,554.41,451.0
1784083860000,554.33,554.91,554.12,554.27,496.0
1784083920000,554.38,554.97,554.38,554.97,426.0
1784083980000,554.99,555.31,554.25,554.29,219.0
1784084040000,554.49,554.51,553.88,553.91,312.0
1784084100000,554.05,554.98,554.01,554.82,5344.0
1784084160000,554.93,555.44,554.46,555.16,1115.0
1784084220000,555.21,555.49,554.83,555.16,2596.0
1784084280000,555.22,555.3,554.89,555.15,298.0
1784084340000,555.16,555.38,554.88,555.37,1590.0
1784084400000,555.21,555.25,554.61,554.87,211.0
1784084460000,554.82,554.98,554.62,554.63,652.0
1784084520000,554.59,555.7,554.54,555.62,1039.0
1784084580000,555.38,555.69,555.24,555.52,1930.0
1784084640000,555.63,556.74,554.76,556.49,6466.0
1784084700000,556.45,556.82,556.07,556.8,1364.0
1784084760000,556.77,557.61,556.76,557.04,1859.0
1784084820000,557.0,557.0,556.35,556.83,888.0
1784084880000,556.72,556.81,556.26,556.77,301.0
1784084940000,556.69,559.37,556.69,558.24,6648.0
1784085000000,558.18,558.52,557.82,558.06,398.0
1784085060000,558.04,558.46,557.49,557.53,156.0
1784085120000,557.7,557.81,557.48,557.8,274.0
1784085180000,557.78,557.81,557.27,557.54,279.0
1784085240000,557.32,557.34,556.48,556.6,427.0
1784085300000,556.47,556.47,556.19,556.2,194.0
1784085360000,556.2,556.43,555.94,556.29,224.0
1784085420000,556.29,556.29,555.86,555.9,321.0
1784085480000,555.89,556.19,555.82,556.16,313.0
1784085540000,556.39,556.39,555.54,555.65,338.0
1784085600000,555.74,555.96,555.62,555.63,227.0
1784085660000,555.62,555.66,555.4,555.66,1537.0
1784085720000,555.46,555.47,555.21,555.47,3603.0
1784085780000,555.51,555.73,555.28,555.7,231.0
1784085840000,555.48,555.63,555.28,555.51,304.0
1784085900000,555.43,556.18,555.43,555.85,1263.0
1784085960000,555.94,555.97,555.56,555.59,218.0
1784086020000,555.45,555.83,555.45,555.64,389.0
1784086080000,555.77,555.91,555.72,555.91,538.0
1784086140000,556.02,556.54,555.77,556.54,1420.0
1784086200000,556.54,556.7,556.2,556.36,595.0
1784086260000,556.2,556.26,555.85,556.15,382.0
1784086320000,556.04,556.3,555.9,556.11,475.0
1784086380000,555.95,557.37,555.95,557.16,473.0
1784086440000,557.14,557.63,556.95,557.47,234.0
1784086500000,557.22,557.22,556.41,556.48,365.0
1784086560000,556.56,556.9,556.29,556.66,488.0
1784086620000,556.64,557.31,556.45,557.07,494.0
1784086680000,557.06,557.63,557.06,557.45,277.0
1784086740000,557.39,557.63,556.73,556.91,441.0
1784086800000,556.88,556.97,556.47,556.78,357.0
1784086860000,556.75,557.11,556.63,556.81,263.0
1784086920000,556.72,556.72,556.08,556.15,456.0
1784086980000,556.02,556.55,556.02,556.32,337.0
1784087040000,556.25,556.29,555.89,556.01,402.0
1784087100000,555.88,556.38,555.82,556.29,320.0
1784087160000,556.1,556.75,556.07,556.71,347.0
1784087220000,556.62,556.84,556.43,556.62,510.0
1784087280000,556.7,557.51,556.63,557.51,446.0
1784087340000,557.43,557.43,557.14,557.4,322.0
1784087400000,557.45,557.48,556.63,556.76,281.0
1784087460000,556.9,557.37,556.68,557.29,1488.0
1784087520000,557.29,557.86,557.29,557.34,2436.0
1784087580000,557.28,557.83,557.28,557.51,1669.0
1784087640000,557.51,558.33,557.49,558.33,4498.0
1784087700000,558.05,558.18,557.76,557.84,412.0
1784094900000,555.49,555.58,554.99,554.99,563.0,3126.3421
1784094960000,554.83,555.5,554.81,555.33,216.0,1199.5248
1784095020000,555.33,555.74,555.25,555.7,738.0,4099.2031
1784095080000,555.68,556.3,555.6,556.17,1045.0,5811.3201
1784095140000,556.21,556.38,555.84,555.84,426.0,2369.2516
1784095200000,555.85,556.3,555.4,555.46,742.0,4125.3962
1784095260000,555.51,555.96,555.4,555.53,358.0,1989.4801
1784095320000,555.52,556.44,555.49,556.18,1628.0,9055.4628
1784095380000,556.27,556.27,555.65,555.68,489.0,2718.1389
1784095440000,555.58,556.07,555.39,555.88,426.0,2367.4713
1784095500000,555.78,556.38,555.4,556.06,742.0,4124.1444
1784095560000,556.08,556.99,555.97,556.5,1742.0,9694.7005
1784095620000,556.68,557.26,556.38,557.25,2499.0,13916.9148
1784095680000,557.25,558.28,556.87,557.49,14339.0,79921.4252
1784095740000,557.39,557.83,557.28,557.55,487.0,2715.1753
1784095800000,557.56,558.02,557.37,557.83,1605.0,8950.4751
1784095860000,557.84,558.85,557.83,558.55,3138.0,17528.7089
1784095920000,558.35,559.38,558.26,559.37,4493.0,25112.8414
1784095980000,559.03,559.25,558.41,558.92,1697.0,9483.2707
1784096040000,558.78,559.02,557.95,558.93,1575.0,8797.2569
1784096100000,558.95,558.95,558.41,558.5,263.0,1469.1612
1784096160000,558.57,559.19,558.48,558.96,548.0,3062.5392
1784096220000,559.04,559.04,557.39,557.49,1653.0,9226.2733
1784096280000,557.73,558.25,557.62,558.25,1381.0,7707.1542
1784096340000,558.19,558.26,557.77,557.77,2015.0,11244.4013
1784096400000,557.85,558.54,557.76,558.22,2044.0,11411.6921
1784096460000,558.26,558.27,557.9,558.2,5082.0,28362.6777
1784096520000,558.22,559.16,558.09,558.78,703.0,3928.0152
1784096580000,558.93,559.24,558.67,558.99,747.0,4175.9592
1784096640000,558.77,558.91,558.53,558.77,428.0,2391.7293
1784096700000,558.9,558.9,557.97,557.97,414.0,2311.5819
1784096760000,557.87,558.15,557.77,558.15,244.0,1361.4265
1784096820000,557.92,558.08,557.75,557.98,546.0,3046.3876
1784096880000,557.98,557.98,557.73,557.73,298.0,1662.4352
1784096940000,557.72,558.04,557.68,557.98,514.0,2867.7244
1784097000000,558.07,558.1,557.74,557.76,411.0,2293.082
1784097060000,557.79,558.03,557.69,557.81,5489.0,30613.806
1784097120000,557.69,558.91,557.64,558.91,497.0,2774.5537
1784097180000,558.82,559.7,558.52,559.01,1013.0,5663.4769
1784097240000,559.03,559.28,558.19,558.54,2480.0,13859.848
1784097300000,558.5,558.78,557.82,558.22,1503.0,8389.265
1784097360000,558.05,558.41,557.8,557.88,463.0,2584.4288
1784097420000,557.81,557.81,556.0,556.0,950.0,5293.6787
1784097480000,555.92,556.79,555.9,556.34,1216.0,6767.1412
1784097540000,556.27,556.35,555.99,556.08,410.0,2280.3439
1784097600000,555.87,556.08,555.49,555.75,1168.0,6491.0891
1784097660000,555.69,555.69,554.5,554.91,1276.0,7082.5113
1784097720000,554.9,554.9,554.13,554.14,429.0,2378.81
1784097780000,554.24,554.56,554.18,554.52,680.0,3769.9931
1784097840000,554.47,554.78,554.2,554.66,1838.0,10187.702
1784097900000,554.8,555.39,554.61,555.38,748.0,4152.189
1784097960000,555.46,555.86,555.46,555.59,1141.0,6339.521
1784098020000,555.5,556.01,555.42,555.99,49913.0,277486.6851
1784098080000,555.83,556.59,555.76,556.14,2080.0,11570.7979
1784098140000,556.21,556.4,555.76,556.4,1385.0,7703.5299
1784098200000,556.27,556.27,555.38,555.4,637.0,3540.5946
1784098260000,555.3,556.0,555.26,555.47,12899.0,71688.3136
1784098320000,555.32,555.41,555.0,555.17,1975.0,10964.716
1784098380000,555.07,555.46,555.07,555.16,1347.0,7478.2093
1784098440000,555.12,555.46,555.09,555.43,423.0,2348.6195
1784098500000,555.43,557.64,555.32,557.08,3530.0,19653.5455
1784098560000,557.07,557.57,556.41,556.5,2233.0,12440.7915
1784098620000,556.6,556.6,555.38,555.71,2016.0,11203.4193
1784098680000,555.56,555.95,555.52,555.72,359.0,1995.0001
1784098740000,555.71,555.81,555.02,555.02,753.0,4182.5694
1784098800000,555.11,555.26,554.01,554.01,15307.0,84952.4005
1784098860000,554.07,554.83,553.79,554.75,2233.0,12371.3489
1784098920000,554.79,554.85,554.16,554.17,404.0,2240.0744
1784098980000,554.19,554.19,553.04,553.31,6337.0,35070.9339
1784099040000,553.41,554.38,553.41,554.01,1427.0,7906.5251
1784099100000,553.87,554.66,553.79,554.32,1557.0,8629.5959
1784099160000,554.07,554.08,553.47,553.47,1513.0,8379.4294
1784099220000,553.28,554.2,553.28,554.04,707.0,3915.799
1784099280000,554.08,554.21,553.59,553.59,1238.0,6858.4487
1784099340000,553.57,553.79,553.33,553.74,708.0,3918.9649
1784099400000,553.72,553.76,553.23,553.38,1703.0,9425.7574
1784099460000,553.32,553.74,553.23,553.64,734.0,4063.1453
1784099520000,553.38,553.99,553.36,553.99,778.0,4306.2455
1784099580000,553.99,554.28,553.87,554.07,518.0,2870.0348
1784099640000,553.91,554.38,553.91,554.36,1893.0,10489.2922
1784099700000,554.36,554.55,554.06,554.09,2177.0,12068.3966
1784099760000,554.11,554.21,553.47,553.47,138.0,764.3671
1784099820000,553.25,553.73,553.25,553.73,749.0,4145.3915
1784099880000,553.73,553.73,552.78,552.78,2354.0,13016.771
1784099940000,552.81,553.38,552.8,552.96,512.0,2831.5979
1784100000000,552.95,553.02,551.41,551.46,1825.0,10072.2302
1784100060000,551.78,552.03,550.0,550.8,16256.0,89448.6172
1784100120000,550.73,551.23,550.4,551.12,1264.0,6961.6561
1784100180000,551.11,551.5,550.86,551.31,441.0,2430.0616
1784100240000,551.38,551.99,551.35,551.71,748.0,4125.6644
1784100300000,551.63,551.99,551.1,551.38,528.0,2912.3467
1784100360000,551.52,551.7,551.16,551.16,1998.0,11017.0066
1784100420000,551.07,551.31,550.72,550.94,2695.0,14847.3407
1784100480000,551.13,551.93,551.0,551.06,3307.0,18245.9465
1784100540000,551.09,551.6,551.04,551.46,970.0,5348.5661
1784100600000,551.41,551.84,551.08,551.84,580.0,3198.633
1784100660000,551.83,551.84,551.28,551.45,947.0,5222.4064
1784100720000,551.43,551.86,551.42,551.85,700.0,3862.3206
1784100780000,551.86,552.39,551.86,552.37,847.0,4676.6513
1784100840000,552.37,552.43,551.98,552.06,1438.0,7940.7452
1784100900000,551.98,552.32,551.93,551.99,1857.0,10253.4825
1784100960000,552.15,552.33,552.07,552.14,184.0,1015.9248
1784101020000,552.25,552.8,552.18,552.63,3702.0,20454.5246
1784101080000,552.34,552.4,551.78,551.78,1843.0,10175.5633
1784101140000,551.87,551.97,550.96,550.96,3998.0,22047.9463
1784101200000,551.02,551.13,550.69,551.05,3574.0,19683.7462
1784101260000,550.92,551.22,550.85,551.04,183.0,1008.3468
1784101320000,550.81,550.96,550.81,550.89,193.0,1063.1628
1784101380000,550.67,550.91,550.64,550.78,4067.0,22401.7744
1784101440000,550.68,551.93,550.66,551.93,854.0,4703.3376
1784101500000,551.96,551.96,551.26,551.83,654.0,3607.3675
1784101560000,551.8,551.8,551.03,551.27,730.0,4026.8445
1784101620000,551.19,551.46,551.19,551.27,262.0,1444.4814
1784101680000,551.25,552.73,551.19,552.73,363.0,2003.3599
1784101740000,552.97,553.9,552.77,553.21,1144.0,6333.3489
1784101800000,553.14,553.29,552.74,552.74,1670.0,9233.7894
1784101860000,552.7,552.7,552.19,552.4,503.0,2779.7831
1784101920000,552.35,552.49,552.24,552.48,6895.0,38088.9198
1784101980000,552.45,552.52,552.25,552.5,1245.0,6878.1887
1784102040000,552.16,552.4,552.0,552.4,253.0,1396.8952
1784102100000,552.4,552.4,552.09,552.13,1906.0,10526.5069
1784102160000,552.12,552.12,551.73,551.76,1021.0,5634.2977
1784102220000,551.83,552.25,551.69,552.24,641.0,3537.4406
1784102280000,552.23,552.43,552.1,552.1,599.0,3307.721
1784102340000,552.05,552.2,551.94,551.95,1322.0,7297.4709
1784102400000,552.25,552.35,551.95,552.1,494.0,2727.381
1784102460000,552.04,552.47,552.04,552.39,416.0,2297.3449
1784102520000,552.29,552.79,551.74,551.74,2108.0,11647.4475
1784102580000,551.47,552.19,551.34,552.04,539.0,2973.4979
1784102640000,551.86,552.63,551.8,552.45,284.0,1568.273
1784102700000,552.45,552.5,551.64,551.69,540.0,2980.4552
1784102760000,551.7,552.44,551.65,552.02,399.0,2202.736
1784102820000,551.97,552.04,551.45,551.77,7728.0,42627.718
1784102880000,551.87,552.71,551.84,552.62,264.0,1457.9482
1784102940000,552.53,552.54,552.22,552.3,336.0,1855.8551
1784103000000,552.3,552.3,551.79,551.82,314.0,1733.171
1784103060000,551.93,552.18,551.86,551.87,255.0,1407.6095
1784103120000,551.71,552.16,551.71,552.13,567.0,3129.818
1784103180000,552.06,552.58,552.06,552.57,237.0,1309.172
1784103240000,552.48,552.88,552.46,552.68,266.0,1469.9255
1784103300000,552.66,552.9,552.53,552.76,369.0,2039.5316
1784103360000,552.64,553.87,552.61,553.62,737.0,4075.9948
1784103420000,553.7,553.7,552.93,553.14,408.0,2256.8103
1784103480000,553.33,553.39,553.09,553.09,115.0,636.1701
1784103540000,553.03,553.16,552.59,552.87,2204.0,12182.9087
1784103600000,552.95,552.96,552.49,552.5,397.0,2193.9765
1784103660000,552.4,552.6,551.98,551.98,308.0,1701.1138
1784103720000,551.98,552.2,551.89,552.2,304.0,1678.1207
1784103780000,552.54,552.54,551.64,551.76,310.0,1711.2604
1784103840000,551.86,552.58,551.62,552.54,236.0,1303.1403
1784103900000,552.4,552.4,552.16,552.16,270.0,1491.2075
1784103960000,552.17,552.58,552.11,552.4,424.0,2342.23
1784104020000,552.4,552.57,552.32,552.52,319.0,1762.2961
1784104080000,552.57,553.07,552.34,553.07,252.0,1392.9466
1784104140000,553.21,553.23,552.99,553.17,141.0,779.8535
1784104200000,553.32,553.56,553.08,553.19,508.0,2810.7367
1784104260000,553.16,553.38,552.87,553.36,338.0,1869.826
1784104320000,553.25,553.29,552.91,552.96,401.0,2218.0821
1784104380000,552.96,553.21,552.75,553.14,211.0,1166.962
1784104440000,553.38,553.38,552.67,552.67,228.0,1261.2397
1784104500000,552.59,552.84,552.28,552.84,275.0,1519.6806
1784104560000,552.76,553.07,552.61,553.07,186.0,1028.2375
1784104620000,553.22,553.38,553.06,553.38,239.0,1322.2164
1784104680000,553.22,553.38,553.21,553.24,287.0,1587.8998
1784104740000,553.23,554.88,553.23,554.72,894.0,4953.8457
1784104800000,554.89,554.94,554.27,554.31,1553.0,8615.0188
1784104860000,554.39,554.59,554.31,554.38,185.0,1025.7362
1784104920000,554.53,554.53,553.72,553.72,293.0,1623.4194
1784104980000,554.1,555.0,554.02,554.82,1317.0,7305.2139
1784105040000,554.7,555.78,554.52,555.78,807.0,4481.1544
1784105100000,555.79,556.21,555.43,556.19,3281.0,18235.673
1784105160000,556.09,556.13,555.47,555.47,428.0,2378.6576
1784105220000,555.39,555.74,554.84,555.22,2740.0,15210.4091
1784105280000,555.38,555.76,555.08,555.47,4104.0,22793.2278
1784105340000,555.45,555.45,554.94,554.96,1377.0,7646.0405
1784105400000,555.0,555.11,554.67,555.11,347.0,1925.7685
1784105460000,555.11,555.38,555.08,555.33,621.0,3448.3939
1784105520000,555.31,555.94,555.23,555.94,194.0,1077.7668
1784105580000,555.91,556.03,555.71,555.89,471.0,2618.3693
1784105640000,555.85,556.05,555.7,555.76,1183.0,6575.7424
1784105700000,555.76,555.76,555.12,555.23,913.0,5072.4409
1784105760000,555.24,555.78,555.04,555.57,289.0,1604.8832
1784105820000,555.64,555.93,555.57,555.78,261.0,1450.2904
1784105880000,555.72,556.24,555.72,555.96,637.0,3541.6682
1784105940000,555.86,555.97,555.79,555.81,339.0,1884.3468
1784106000000,555.78,556.5,555.7,556.37,441.0,2452.4065
1784106060000,556.39,556.83,556.35,556.73,1625.0,9044.7215
1784106120000,556.73,556.87,556.05,556.07,464.0,2582.2151
1784106180000,556.04,556.88,555.99,556.83,4447.0,24729.9718
1784106240000,556.85,556.85,556.44,556.79,359.0,1997.9047
1784106300000,556.72,556.78,556.29,556.38,274.0,1524.6681
1784106360000,556.41,556.96,556.36,556.63,406.0,2260.1866
1784106420000,556.54,556.88,556.54,556.74,618.0,3440.8991
1784106480000,556.77,558.2,556.53,556.83,761.0,4242.533
1784106540000,556.85,557.13,556.43,556.81,1804.0,10044.887
1784106600000,556.82,557.29,556.77,556.77,604.0,3364.1158
1784106660000,556.82,556.85,556.33,556.43,428.0,2381.9622
1784106720000,556.51,556.8,556.26,556.49,402.0,2237.2162
1784106780000,556.59,557.22,556.51,556.61,1120.0,6237.3145
1784106840000,556.66,556.75,556.24,556.25,323.0,1797.2307
1784106900000,556.25,556.49,556.11,556.38,589.0
1784106960000,556.38,556.97,556.38,556.56,496.0
1784107020000,556.62,556.62,556.14,556.41,2208.0
1784107080000,556.58,556.6,555.79,556.2,1727.0
1784107140000,556.22,556.72,556.21,556.66,1306.0
1784107200000,556.71,557.93,556.7,557.78,613.0
1784107260000,557.8,558.35,557.45,558.15,522.0
1784107320000,558.2,558.4,557.94,558.16,812.0
1784107380000,558.15,558.15,557.8,558.08,517.0
1784107440000,558.16,560.24,558.14,559.59,20104.0
1784107500000,559.49,559.96,559.49,559.96,13254.0
1784107560000,559.83,560.03,559.58,559.83,1747.0
1784107620000,559.87,561.48,558.56,558.78,13840.0
1784107680000,558.76,559.79,558.76,559.79,6469.0
1784107740000,559.79,560.58,559.72,560.35,2663.0
1784107800000,560.31,560.43,559.4,559.55,1365.0
1784107860000,559.57,559.66,558.86,559.41,944.0
1784107920000,559.42,559.57,558.86,558.96,7496.0
1784107980000,559.0,559.11,558.89,558.95,1088.0
1784108040000,558.98,559.71,558.98,559.11,9037.0
1784108100000,559.26,559.29,558.14,558.55,994.0
1784108160000,558.54,558.6,558.03,558.16,3503.0
1784108220000,558.07,558.26,557.79,558.14,778.0
1784108280000,558.08,559.48,558.06,558.39,1830.0
1784108340000,558.43,558.95,558.27,558.47,2188.0
1784108400000,558.34,558.39,558.07,558.23,1050.0
1784108460000,558.14,558.32,557.9,558.08,895.0
1784108520000,558.1,558.18,557.69,557.91,2851.0
1784108580000,557.87,558.04,557.73,557.73,449.0
1784108640000,557.73,558.05,557.53,557.86,420.0
1784108700000,557.82,558.16,557.64,558.16,357.0
1784108760000,558.16,558.45,558.03,558.2,2429.0
1784108820000,557.96,558.96,557.85,558.96,496.0
1784108880000,558.99,558.99,558.59,558.61,246.0
1784108940000,558.73,559.29,558.69,558.91,565.0
1784109000000,559.05,559.57,558.98,559.55,426.0
1784109060000,559.51,559.51,558.62,558.62,827.0
1784109120000,558.62,558.66,558.03,558.11,544.0
1784109180000,558.03,558.33,557.85,558.3,479.0
1784109240000,558.28,558.98,558.28,558.53,1604.0
1784109300000,558.37,558.69,558.0,558.47,882.0
1784109360000,558.48,558.48,557.69,557.78,736.0
1784109420000,557.69,558.12,557.69,558.06,253.0
1784109480000,558.09,558.18,557.75,558.18,502.0
1784109540000,558.16,558.26,557.81,558.13,454.0
1784109600000,558.14,558.24,557.65,558.24,413.0
1784109660000,558.06,559.34,557.9,558.89,462.0
1784109720000,558.9,559.59,558.9,559.5,346.0
1784109780000,559.39,561.23,559.39,560.35,3996.0
1784109840000,560.35,561.71,560.12,561.71,1234.0
1784109900000,561.76,563.56,560.9,560.9,11026.0
1784109960000,561.02,561.94,560.73,561.9,2275.0
1784110020000,561.88,561.88,561.25,561.27,241.0
1784110080000,561.22,562.21,560.91,561.06,10037.0
1784110140000,561.21,562.03,561.21,561.48,3210.0
1784110200000,561.45,561.91,560.76,561.07,1964.0
1784110260000,560.93,561.09,560.86,560.91,654.0
1784110320000,560.95,561.96,560.72,561.88,878.0
1784110380000,561.91,562.16,561.87,562.03,327.0
1784110440000,562.01,562.48,561.49,561.49,726.0
1784110500000,561.66,562.11,561.48,562.11,501.0
1784110560000,562.03,562.77,561.88,562.77,741.0
1784110620000,562.86,563.34,562.75,563.06,2526.0
1784110680000,563.21,563.46,563.11,563.33,1046.0
1784110740000,563.53,563.69,562.89,563.09,6564.0
1784110800000,563.16,565.89,563.1,565.22,8328.0
1784110860000,564.87,565.33,564.61,564.75,3264.0
1784110920000,564.79,565.38,564.5,565.03,4775.0
1784110980000,565.13,565.27,563.08,563.41,3018.0
1784111040000,563.48,564.19,563.48,563.96,2949.0
1784111100000,564.02,564.94,563.91,564.25,759.0
1784111160000,564.34,564.59,564.03,564.55,1455.0
1784111220000,564.47,565.67,564.46,565.03,12868.0
1784111280000,565.2,565.22,563.57,564.27,7946.0
1784111340000,564.36,564.46,564.03,564.45,1314.0
1784111400000,564.5,564.52,563.49,563.71,963.0
1784111460000,563.66,563.67,563.17,563.2,430.0
1784111520000,563.24,563.7,562.75,562.85,2324.0
1784111580000,562.83,562.89,561.96,562.25,6167.0
1784111640000,562.34,563.58,562.34,563.05,3155.0
1784111700000,563.09,563.19,562.3,563.19,422.0
1784111760000,563.16,564.74,563.12,564.7,1124.0
1784111820000,564.73,564.78,564.31,564.6,850.0
1784111880000,564.67,568.27,564.5,567.29,26175.0
1784111940000,567.08,567.87,566.45,567.7,2379.0
1784112000000,567.69,568.81,567.31,567.31,12960.0
1784112060000,567.62,568.19,567.44,568.19,8215.0
1784112120000,568.11,568.93,567.26,568.92,6623.0
1784112180000,568.66,568.66,567.89,567.91,2065.0
1784112240000,567.93,568.14,567.55,567.8,9924.0
1784112300000,567.72,568.82,567.72,568.77,1080.0
1784112360000,568.68,569.0,568.51,568.95,785.0
1784112420000,568.82,569.75,568.82,569.52,22740.0
1784112480000,569.56,572.59,569.43,570.59,19958.0
1784112540000,570.81,571.02,570.15,570.3,10197.0
1784112600000,570.42,570.99,569.14,569.44,3417.0
1784112660000,569.4,569.45,568.76,569.16,2762.0
1784112720000,569.09,569.95,568.75,569.43,4005.0
1784112780000,569.53,570.03,569.05,569.39,4758.0
1784112840000,569.3,569.5,568.84,568.95,1038.0
1784112900000,568.91,569.26,568.39,568.49,2303.0
1784112960000,568.53,569.69,568.5,569.03,12381.0
1784113020000,569.09,569.64,568.91,569.02,1031.0
1784113080000,569.07,569.89,568.99,569.25,1949.0
1784113140000,569.24,569.4,568.53,568.53,4058.0
1784113200000,568.7,569.76,568.1,569.47,4447.0
1784113260000,569.33,570.55,569.33,570.2,3419.0
1784113320000,570.54,571.0,570.4,571.0,3600.0
1784113380000,570.96,570.96,570.2,570.37,1483.0
1784113440000,570.2,570.44,569.55,570.44,2638.0
1784113500000,570.49,572.24,570.49,572.24,13731.0
1784113560000,572.28,576.66,572.04,572.71,55096.0
1784113620000,572.72,573.23,572.2,572.31,11884.0
1784113680000,572.25,572.25,570.76,570.76,2367.0
1784113740000,570.96,571.39,570.14,571.12,2143.0
1784113800000,571.04,571.21,570.2,570.4,2444.0
1784113860000,570.39,571.69,570.19,571.5,563.0
1784113920000,571.62,573.16,571.62,572.94,2245.0
1784113980000,572.94,573.09,571.96,572.37,489.0
1784114040000,572.39,572.88,572.33,572.7,271.0
1784114100000,572.69,572.78,572.01,572.18,364.0
1784114160000,572.0,572.0,570.94,571.21,1305.0
1784114220000,571.07,571.07,570.26,570.91,802.0
1784114280000,570.85,571.5,570.79,570.79,6140.0
1784114340000,570.72,570.72,570.23,570.37,898.0
1784114400000,570.22,572.71,570.22,572.67,5187.0
1784114460000,572.64,573.99,572.64,573.79,4664.0
1784114520000,573.84,573.84,572.74,572.94,9214.0
1784114580000,572.77,572.81,571.01,571.2,4003.0
1784114640000,571.09,571.09,569.18,569.57,3701.0
1784114700000,569.52,571.24,569.52,570.93,4607.0
1784114760000,571.2,572.1,570.93,572.04,4313.0
1784114820000,571.8,571.93,571.43,571.9,2126.0
1784114880000,571.86,572.79,571.86,572.57,4656.0
1784114940000,572.41,572.46,571.66,571.98,1746.0
1784115000000,571.94,572.14,570.59,570.59,920.0
1784115060000,570.45,570.56,570.1,570.25,2566.0
1784115120000,570.36,570.68,570.09,570.16,9436.0
1784115180000,570.13,571.34,570.04,571.16,950.0
1784115240000,571.22,572.43,570.9,571.98,2947.0
1784115300000,572.04,572.88,571.87,572.59,1946.0
1784115360000,572.66,573.37,572.61,572.68,4384.0
1784115420000,572.64,572.64,571.7,572.0,12340.0
1784115480000,572.19,572.57,571.85,572.36,635.0
1784115540000,572.42,572.51,571.84,571.94,724.0
1784115600000,572.02,572.18,571.0,571.09,1049.0
1784115660000,570.99,571.34,570.86,571.34,2292.0
1784115720000,571.34,573.58,571.34,573.58,1392.0
1784115780000,573.33,573.77,573.08,573.39,753.0
1784115840000,573.25,574.8,573.25,573.29,3836.0
1784115900000,573.58,573.73,572.61,573.23,1558.0
1784115960000,573.29,573.34,572.75,572.75,1610.0
1784116020000,572.67,572.72,571.89,572.44,1204.0
1784116080000,572.34,572.88,572.25,572.31,638.0
1784116140000,572.25,572.92,571.98,572.28,794.0
1784116200000,572.27,573.0,571.97,572.66,1356.0
1784116260000,572.59,572.59,571.02,571.21,940.0
1784116320000,571.45,571.83,570.92,571.46,2168.0
1784116380000,571.39,572.31,571.26,572.21,5649.0
1784116440000,572.26,572.48,571.93,572.03,290.0
1784116500000,572.06,572.54,571.35,571.65,1461.0
1784116560000,571.68,573.16,571.68,573.16,1969.0
1784116620000,573.06,574.71,573.0,574.29,4048.0
1784116680000,574.29,579.32,574.08,577.04,56227.0
1784116740000,577.05,577.12,575.39,575.61,2909.0
1784116800000,575.46,576.84,575.46,575.57,2384.0
1784116860000,575.53,575.64,574.6,574.74,826.0
1784116920000,574.61,575.09,574.35,574.88,1866.0
1784116980000,574.93,574.94,574.49,574.91,266.0
1784117040000,574.86,574.99,574.64,574.87,1707.0
1784117100000,574.69,574.69,572.79,573.65,1375.0
1784117160000,573.52,573.65,572.0,572.37,60546.0
1784117220000,572.24,573.29,571.99,573.06,2302.0
1784117280000,573.09,573.19,572.48,572.57,2875.0
1784117340000,572.57,572.66,572.2,572.24,1192.0
1784117400000,572.4,572.4,571.4,571.41,1634.0
1784117460000,571.4,571.87,571.32,571.86,1820.0
1784117520000,571.94,572.51,571.83,572.41,6069.0
1784117580000,572.58,572.58,571.67,571.85,1102.0
1784117640000,571.74,572.19,571.74,571.96,912.0
1784117700000,571.96,574.3,571.9,574.15,3969.0
1784124900000,579.95,580.29,579.35,579.74,2724.0,15792.6014
1784124960000,579.82,580.82,579.56,580.57,474.0,2750.9191
1784125020000,580.59,581.58,580.56,581.48,929.0,5397.1836
1784125080000,581.43,581.47,580.59,580.59,535.0,3109.2375
1784125140000,580.58,581.3,580.43,581.0,721.0,4188.5538
1784125200000,580.98,581.15,579.48,579.82,2540.0,14737.2856
1784125260000,579.84,581.78,579.82,581.74,1414.0,8215.2305
1784125320000,581.61,581.61,580.04,580.56,406.0,2358.0434
1784125380000,580.24,580.29,579.08,579.78,1266.0,7338.2173
1784125440000,579.79,579.95,577.87,579.56,9311.0,53878.1786
1784125500000,579.65,579.65,577.8,578.34,23253.0,134459.6672
1784125560000,578.22,579.5,577.52,579.34,9338.0,53995.8912
1784125620000,579.27,579.7,579.09,579.3,319.0,1848.1108
1784125680000,579.41,580.58,579.41,580.58,12149.0,70497.5425
1784125740000,580.59,581.66,580.59,581.33,3157.0,18350.775
1784125800000,581.43,581.44,580.59,580.6,1740.0,10109.8048
1784125860000,580.47,580.76,580.38,580.46,12863.0,74683.7471
1784125920000,580.37,581.29,580.04,580.86,1707.0,9914.535
1784125980000,580.87,581.1,580.32,580.97,2071.0,12026.1409
1784126040000,580.95,581.04,580.29,580.74,6945.0,40335.7449
1784126100000,580.74,581.2,580.59,581.2,700.0,4066.0932
1784126160000,581.25,581.25,579.88,580.06,858.0,4979.2397
1784126220000,579.9,580.08,578.5,579.14,3343.0,19380.6428
1784126280000,578.63,578.87,578.19,578.49,614.0,3551.851
1784126340000,578.12,578.51,577.39,578.18,103470.0,598223.4206
1784126400000,578.18,578.98,577.51,578.62,40622.0,234863.6389
1784126460000,578.41,578.46,577.73,577.86,3657.0,21144.0898
1784126520000,577.77,578.04,576.93,577.29,3183.0,18382.4547
1784126580000,577.27,577.5,576.94,577.02,946.0,5460.7179
1784126640000,576.99,577.78,576.98,577.37,624.0,3603.3304
1784126700000,577.38,577.38,575.46,575.5,3585.0,20664.3679
1784126760000,575.51,576.24,575.46,575.96,878.0,5055.1539
1784126820000,575.92,576.26,575.44,575.44,1161.0,6684.4868
1784126880000,575.41,576.21,575.25,575.78,9660.0,55641.4052
1784126940000,575.7,575.97,575.27,575.52,619.0,3563.0753
1784127000000,575.48,575.61,574.61,574.83,1295.0,7449.198
1784127060000,574.67,574.84,573.74,574.32,6231.0,35790.4916
1784127120000,574.44,575.75,574.09,575.5,1077.0,6189.7936
1784127180000,575.42,576.33,575.25,576.14,1221.0,7030.2424
1784127240000,575.87,578.64,575.66,577.79,112123.0,647119.7378
1784127300000,577.79,578.37,577.42,577.84,13603.0,78623.2359
1784127360000,577.82,577.82,577.28,577.64,3429.0,19804.328
1784127420000,577.59,578.2,577.46,578.04,2287.0,13214.045
1784127480000,577.55,578.66,577.44,577.74,101548.0,586842.043
1784127540000,577.7,578.61,577.48,578.23,1146.0,6622.9661
1784127600000,578.27,578.31,577.07,577.07,11353.0,65580.555
1784127660000,576.67,576.99,575.79,575.99,12106.0,69822.7123
1784127720000,575.99,576.16,575.22,575.44,3886.0,22373.4621
1784127780000,575.45,575.56,574.55,574.55,14226.0,81816.2125
1784127840000,574.47,574.98,574.29,574.5,2877.0,16534.8453
1784127900000,574.69,576.05,574.69,575.74,1948.0,11207.0503
1784127960000,576.15,576.15,574.97,575.16,5232.0,30102.5464
1784128020000,575.46,575.46,574.44,575.14,3330.0,19151.9827
1784128080000,575.27,575.79,575.18,575.66,885.0,5093.8813
1784128140000,575.52,575.62,574.93,575.2,937.0,5390.3214
1784128200000,575.27,576.46,575.18,575.71,874.0,5032.2217
1784128260000,575.69,576.07,575.08,575.19,605.0,3483.094
1784128320000,575.12,575.51,575.03,575.03,863.0,4964.5969
1784128380000,575.14,575.14,574.67,574.96,795.0,4570.7803
1784128440000,574.91,575.29,573.66,574.14,1435.0,8242.8118
1784128500000,574.13,574.33,573.15,573.47,2150.0,12339.791
1784128560000,573.33,573.64,572.79,573.43,2142.0,12279.468
1784128620000,573.28,573.86,572.91,573.2,791.0,4536.5663
1784128680000,573.23,573.5,572.64,572.64,1259.0,7214.8072
1784128740000,572.56,573.29,572.48,572.96,33249.0,190442.2666
1784128800000,572.97,572.97,571.5,572.4,4276.0,24462.9826
1784128860000,572.44,572.47,570.01,571.69,7334.0,41903.699
1784128920000,571.76,575.87,571.6,571.71,229616.0,1317066.3926
1784128980000,571.78,572.43,571.74,572.35,3463.0,19814.7492
1784129040000,572.36,572.6,571.93,572.6,2883.0,16496.168
1784129100000,572.56,573.02,572.04,572.49,3402.0,19479.802
1784129160000,572.5,572.97,572.4,572.85,1320.0,7560.8912
1784129220000,572.85,573.46,572.82,572.86,4630.0,26538.7624
1784129280000,572.74,573.28,572.74,572.92,3701.0,21206.3155
1784129340000,572.92,574.09,572.54,573.57,5209.0,29853.1476
1784129400000,573.6,573.6,571.64,571.81,4059.0,23254.4341
1784129460000,571.67,571.98,570.43,571.33,14277.0,81570.4621
1784129520000,571.51,572.5,571.44,572.5,7047.0,40301.6276
1784129580000,572.62,573.34,572.6,573.21,3147.0,18033.1493
1784129640000,573.06,573.33,572.37,572.9,1735.0,9939.7116
1784129700000,573.18,573.38,572.73,572.89,2038.0,11679.2899
1784129760000,573.03,573.16,572.67,573.0,996.0,5706.4038
1784129820000,573.06,573.26,572.7,573.18,1577.0,9034.9994
1784129880000,573.18,573.58,572.97,573.38,957.0,5485.358
1784129940000,573.46,573.46,572.57,572.87,1947.0,11156.7089
1784130000000,572.99,572.99,572.21,572.7,1948.0,11153.9176
1784130060000,572.7,572.7,571.93,572.2,1135.0,6495.0728
1784130120000,572.2,572.89,571.96,572.84,610.0,3491.5461
1784130180000,572.82,573.27,572.58,573.06,689.0,3946.6204
1784130240000,573.07,573.99,572.95,573.97,774.0,4438.4866
1784130300000,573.93,574.49,573.68,574.49,2585.0,14836.5478
1784130360000,574.53,575.36,574.32,574.5,94393.0,542588.5768
1784130420000,574.5,574.5,573.71,573.99,61088.0,350688.122
1784130480000,574.0,574.66,573.77,574.66,8665.0,49745.8468
1784130540000,574.57,575.92,574.46,575.41,117514.0,675884.8844
1784130600000,575.27,575.84,574.91,575.13,6992.0,40240.043
1784130660000,575.01,575.15,574.59,574.96,1798.0,10335.755
1784130720000,575.05,575.72,574.89,575.29,1506.0,8663.9896
1784130780000,575.26,575.26,573.97,574.66,8633.0,49613.8669
1784130840000,574.58,574.85,574.05,574.05,2877.0,16529.4254
1784130900000,574.08,575.58,574.08,575.16,1115.0,6411.1275
1784130960000,575.0,575.0,574.59,574.72,985.0,5661.5106
1784131020000,574.73,575.39,574.7,574.71,2662.0,15304.0797
1784131080000,574.76,575.13,574.58,574.91,1105.0,6352.4941
1784131140000,574.88,575.53,574.64,575.48,1804.0,10374.8484
1784131200000,575.6,575.6,574.54,574.54,3184.0,18307.6627
1784131260000,574.53,574.53,573.8,573.91,1084.0,6222.8256
1784131320000,573.82,574.04,573.23,573.79,3102.0,17797.0965
1784131380000,573.85,574.26,573.31,573.6,1131.0,6490.5097
1784131440000,573.74,573.78,572.77,573.52,1520.0,8714.5977
1784131500000,573.49,573.86,572.62,572.62,3510.0,20115.8185
1784131560000,572.6,572.68,571.65,571.96,1990.0,11385.4751
1784131620000,571.96,572.36,571.7,572.13,2068.0,11830.9477
1784131680000,572.19,572.4,572.05,572.4,582.0,3330.3099
1784131740000,572.41,572.94,572.36,572.74,308.0,1763.7189
1784131800000,572.71,573.47,572.39,573.47,549.0,3144.6772
1784131860000,573.66,573.76,572.91,573.3,2238.0,12831.9032
1784131920000,573.17,573.17,572.22,572.66,589.0,3371.8396
1784131980000,572.67,572.85,572.08,572.27,732.0,4189.0864
1784132040000,572.15,572.31,571.53,571.76,1522.0,8704.441
1784132100000,571.9,572.97,571.84,572.97,689.0,3944.2775
1784132160000,572.66,573.77,572.52,573.61,1045.0,5990.7291
1784132220000,573.75,575.47,573.71,574.59,3262.0,18751.1942
1784132280000,574.45,574.46,573.89,574.03,1403.0,8056.9143
1784132340000,574.04,574.44,574.0,574.28,3256.0,18691.836
1784132400000,574.33,574.4,572.85,572.85,412.0,2362.7019
1784132460000,572.96,573.78,572.33,573.43,2784.0,15948.9
1784132520000,573.43,574.57,573.43,574.46,829.0,4757.7691
1784132580000,574.32,574.55,574.03,574.03,1252.0,7190.5465
1784132640000,574.14,574.32,573.48,574.08,886.0,5086.6205
1784132700000,574.13,575.58,573.91,575.25,1075.0,6176.5806
1784132760000,575.16,576.15,575.16,575.96,494.0,2844.0208
1784132820000,575.98,576.8,575.7,575.7,50500.0,290922.8192
1784132880000,576.14,577.2,576.11,577.19,8930.0,51460.1789
1784132940000,577.07,577.53,577.02,577.2,3456.0,19953.4741
1784133000000,577.34,577.52,576.69,576.73,1054.0,6084.1114
1784133060000,576.59,576.59,575.43,575.66,1867.0,10754.4805
1784133120000,575.51,575.74,575.3,575.31,414.0,2382.1567
1784133180000,575.37,575.57,574.95,575.55,283.0,1628.3038
1784133240000,575.52,575.52,574.27,574.27,865.0,4972.4703
1784133300000,574.19,574.19,572.34,573.5,3195.0,18311.1878
1784133360000,573.44,573.44,570.44,571.03,2157.0,12328.7578
1784133420000,570.89,570.89,568.26,568.7,9762.0,55582.5627
1784133480000,568.59,568.75,567.22,568.61,14970.0,84978.1374
1784133540000,568.7,569.9,568.7,569.7,30873.0,175787.3823
1784133600000,569.81,570.73,569.6,570.53,946.0,5392.7644
1784133660000,570.4,571.0,569.87,570.24,2616.0,14926.8093
1784133720000,570.66,571.85,570.52,571.69,5726.0,32700.4055
1784133780000,571.83,572.66,571.83,572.58,1362.0,7794.5376
1784133840000,572.41,573.42,572.04,573.15,2375.0,13599.9831
1784133900000,573.06,573.1,572.37,572.85,1062.0,6082.4807
1784133960000,572.91,574.78,572.39,574.03,10430.0,59834.9153
1784134020000,573.82,574.9,572.89,573.07,12165.0,69733.8544
1784134080000,573.26,573.26,572.18,572.44,1194.0,6832.9077
1784134140000,572.61,573.07,572.52,572.72,1676.0,9602.1058
1784134200000,572.64,573.62,572.59,573.51,1146.0,6571.0941
1784134260000,573.53,573.53,572.0,572.0,2979.0,17075.605
1784134320000,571.96,571.98,571.57,571.98,755.0,4316.895
1784134380000,572.0,572.94,571.92,572.88,597.0,3416.5217
1784134440000,572.94,572.94,571.96,571.98,571.0,3269.174
1784134500000,572.1,572.35,571.67,571.67,455.0,2602.27
1784134560000,571.6,571.65,571.29,571.57,1134.0,6480.8634
1784134620000,571.53,571.54,570.27,571.22,1809.0,10323.6929
1784134680000,571.45,571.84,571.3,571.72,497.0,2840.4402
1784134740000,571.87,571.99,571.29,571.41,621.0,3549.3116
1784134800000,571.74,572.01,571.38,571.81,958.0,5476.6421
1784134860000,571.84,572.2,571.54,571.81,1230.0,7033.8639
1784134920000,571.89,572.83,571.74,572.34,511.0,2923.8893
1784134980000,572.41,572.56,572.14,572.14,253.0,1448.0868
1784135040000,572.15,572.26,571.75,571.88,256.0,1464.4129
1784135100000,571.93,572.45,571.88,572.45,1538.0,8800.4601
1784135160000,572.27,573.66,572.27,573.02,714.0,4091.326
1784135220000,573.03,574.6,573.01,574.45,1386.0,7955.4148
1784135280000,574.52,574.89,573.92,573.92,20408.0,117174.0083
1784135340000,574.31,574.42,573.67,573.97,2139.0,12273.6287
1784135400000,573.98,574.48,573.8,574.16,3883.0,22287.1483
1784135460000,574.32,575.19,574.25,574.58,1770.0,10175.3316
1784135520000,574.74,574.99,574.73,574.84,321.0,1845.215
1784135580000,575.05,575.05,574.16,574.16,10492.0,60265.5331
1784135640000,574.13,574.32,573.15,573.61,1461.0,8383.906
1784135700000,573.59,573.94,573.58,573.88,520.0,2983.4247
1784135760000,573.97,574.43,573.62,573.66,696.0,3994.7849
1784135820000,573.66,574.19,573.6,574.03,1234.0,7080.6732
1784135880000,573.82,573.89,572.31,572.51,8363.0,47910.2362
1784135940000,572.51,572.98,572.35,572.89,605.0,3464.5071
1784136000000,572.79,573.34,572.78,573.04,1715.0,9829.8091
1784136060000,572.95,573.55,572.95,573.35,429.0,2459.5313
1784136120000,573.41,574.59,573.33,574.45,1548.0,8888.7535
1784136180000,574.34,574.78,574.34,574.46,239.0,1373.3567
1784136240000,574.27,574.99,574.08,574.91,636.0,3654.8194
1784136300000,574.93,575.45,574.85,574.9,7141.0,41071.9573
1784136360000,574.95,574.95,574.14,574.2,361.0,2074.0604
1784136420000,574.32,574.58,573.18,573.53,665.0,3817.161
1784136480000,573.54,573.54,573.01,573.01,837.0,4798.3837
1784136540000,573.2,573.91,573.11,573.33,893.0,5121.1648
1784136600000,573.43,573.94,573.38,573.94,346.0,1985.1594
1784136660000,573.94,574.01,572.72,572.9,894.0,5126.7267
1784136720000,572.77,573.02,572.69,572.79,1110.0,6358.4263
1784136780000,572.88,572.93,572.34,572.76,2656.0,15206.2294
1784136840000,572.72,572.98,572.28,572.32,3172.0,18164.5132
1784136900000,572.47,572.47,571.11,571.28,3909.0
1784136960000,571.14,571.65,570.68,571.56,1835.0
1784137020000,571.64,571.78,571.21,571.39,1252.0
1784137080000,571.51,571.51,571.0,571.23,341.0
1784137140000,571.21,571.74,570.91,571.74,539.0
1784137200000,571.78,572.4,571.24,572.33,905.0
1784137260000,572.33,574.58,572.31,573.89,6631.0
1784137320000,573.96,573.98,572.83,573.08,1236.0
1784137380000,573.11,573.11,572.29,572.72,662.0
1784137440000,572.63,573.37,572.32,573.05,1774.0
1784137500000,573.06,574.26,572.51,573.94,1615.0
1784137560000,574.06,575.88,573.98,575.39,1489.0
1784137620000,575.27,575.27,574.27,574.27,508.0
1784137680000,574.24,574.29,572.85,572.9,1288.0
1784137740000,572.97,573.02,571.95,571.95,1100.0
1784137800000,571.97,572.34,571.97,572.31,261.0
1784137860000,572.23,572.89,572.2,572.51,604.0
1784137920000,572.46,573.89,572.46,572.83,1084.0
1784137980000,573.04,573.22,572.68,572.95,3721.0
1784138040000,572.99,574.0,572.93,573.79,1791.0
1784138100000,573.81,574.16,573.76,573.78,462.0
1784138160000,573.61,573.61,572.82,573.35,239.0
1784138220000,573.35,575.1,573.31,574.66,9527.0
1784138280000,574.74,575.2,574.34,574.44,2947.0
1784138340000,574.55,574.58,574.12,574.29,777.0
1784138400000,574.08,574.54,573.59,574.45,452.0
1784138460000,574.45,574.49,573.56,574.0,1881.0
1784138520000,573.98,573.98,573.49,573.49,327.0
1784138580000,573.48,574.18,573.48,574.06,520.0
1784138640000,574.1,574.18,573.29,573.73,263.0
1784138700000,573.77,573.78,573.33,573.68,576.0
1784138760000,573.69,574.41,573.59,574.19,1013.0
1784138820000,574.18,574.44,573.8,573.82,1766.0
1784138880000,573.84,573.84,573.08,573.1,472.0
1784138940000,573.11,574.02,572.9,573.87,328.0
1784139000000,573.83,574.41,573.71,574.16,602.0
1784139060000,574.42,575.12,574.37,574.74,944.0
1784139120000,574.73,575.23,574.73,574.84,524.0
1784139180000,574.97,575.14,574.19,574.19,315.0
1784139240000,574.09,574.16,573.55,573.79,601.0
1784139300000,573.86,573.86,572.5,572.95,1097.0
1784139360000,572.94,573.07,572.31,572.38,3000.0
1784139420000,572.33,573.32,572.2,573.26,559.0
1784139480000,573.31,573.45,573.0,573.05,699.0
1784139540000,573.19,573.34,572.56,572.65,3423.0
1784139600000,572.61,573.6,572.61,572.82,23514.0
1784139660000,572.85,572.91,572.3,572.73,6368.0
1784139720000,572.98,573.37,572.67,572.67,450.0
1784139780000,572.63,572.83,571.47,571.65,973.0
1784139840000,571.75,571.91,571.26,571.79,1895.0
1784139900000,571.89,571.94,571.28,571.31,339.0
1784139960000,571.37,571.45,570.72,571.4,752.0
1784140020000,571.44,571.9,571.34,571.9,3775.0
1784140080000,571.77,572.22,571.74,572.22,1434.0
1784140140000,572.27,572.54,571.89,572.53,387.0
1784140200000,572.57,573.55,572.57,573.55,610.0
1784140260000,573.42,573.42,572.8,573.1,364.0
1784140320000,573.11,573.13,572.2,572.24,452.0
1784140380000,572.24,572.3,571.72,571.8,816.0
1784140440000,571.84,572.02,571.49,571.53,1052.0
1784140500000,571.48,572.0,571.2,571.91,1149.0
1784140560000,571.99,572.18,571.77,572.18,462.0
1784140620000,572.18,572.58,572.18,572.44,1489.0
1784140680000,572.58,572.65,572.4,572.58,409.0
1784140740000,572.59,572.96,572.12,572.12,431.0
1784140800000,572.03,572.28,571.97,572.05,594.0
1784140860000,572.06,572.83,572.06,572.81,2262.0
1784140920000,572.82,572.97,572.64,572.89,1529.0
1784140980000,572.9,573.26,572.89,573.2,279.0
1784141040000,573.12,573.19,572.71,572.84,527.0
1784141100000,573.03,573.36,572.68,573.29,366.0
1784141160000,573.36,573.38,572.15,572.15,1869.0
1784141220000,572.15,573.28,572.15,573.28,739.0
1784141280000,573.33,574.0,573.24,573.74,2003.0
1784141340000,573.78,573.84,572.37,572.75,3199.0
1784141400000,572.68,572.72,572.42,572.42,661.0
1784141460000,572.49,572.73,570.99,570.99,695.0
1784141520000,570.72,570.99,570.11,570.86,3367.0
1784141580000,570.83,570.83,569.67,569.67,1125.0
1784141640000,569.61,569.74,568.48,569.47,6662.0
1784141700000,569.47,570.14,569.47,570.14,14720.0
1784141760000,570.19,570.75,570.1,570.66,1153.0
1784141820000,570.61,570.98,569.88,570.37,437.0
1784141880000,570.36,570.98,569.71,570.22,3579.0
1784141940000,570.27,570.8,570.27,570.8,500.0
1784142000000,570.93,571.01,570.48,570.68,451.0
1784142060000,570.62,571.07,570.28,571.07,378.0
1784142120000,571.24,572.23,571.23,572.23,360.0
1784142180000,572.27,572.65,572.26,572.28,297.0
1784142240000,572.45,572.47,571.93,572.01,578.0
1784142300000,571.93,571.93,571.16,571.51,709.0
1784142360000,571.47,572.14,571.47,572.08,425.0
1784142420000,572.03,572.11,571.47,571.58,287.0
1784142480000,571.56,571.56,570.99,571.15,345.0
1784142540000,571.08,571.2,570.27,570.32,415.0
1784142600000,570.35,570.44,570.08,570.25,643.0
1784142660000,570.27,570.27,569.21,569.26,1514.0
1784142720000,569.39,569.75,569.26,569.52,3479.0
1784142780000,569.46,570.13,569.46,570.11,422.0
1784142840000,570.14,570.46,569.93,570.45,253.0
1784142900000,570.58,570.66,569.48,569.53,242.0
1784142960000,569.55,569.55,568.91,568.91,264.0
1784143020000,569.28,569.46,565.99,566.23,17577.0
1784143080000,566.45,566.53,565.3,566.03,10483.0
1784143140000,566.22,566.7,565.78,566.27,2338.0
1784143200000,566.47,566.5,565.66,565.66,4651.0
1784143260000,565.68,566.75,565.56,566.21,1105.0
1784143320000,566.31,566.91,566.06,566.22,1088.0
1784143380000,566.25,566.36,565.42,566.19,1434.0
1784143440000,566.24,567.25,566.24,567.19,1455.0
1784143500000,567.16,567.16,566.1,566.41,1853.0
1784143560000,566.26,566.4,565.69,565.69,992.0
1784143620000,565.74,566.63,565.72,566.02,2059.0
1784143680000,566.02,566.52,565.79,565.79,632.0
1784143740000,565.79,566.2,565.24,565.41,707.0
1784143800000,565.49,566.23,565.25,566.03,1681.0
1784143860000,565.85,566.24,565.69,566.03,561.0
1784143920000,566.16,566.51,565.47,565.62,593.0
1784143980000,565.57,566.66,565.57,566.27,1456.0
1784144040000,566.33,566.35,565.84,566.0,2006.0
1784144100000,566.07,566.13,565.47,565.77,2264.0
1784144160000,565.87,566.54,565.87,566.44,707.0
1784144220000,566.5,566.58,565.9,566.07,908.0
1784144280000,566.14,566.36,565.95,566.11,465.0
1784144340000,566.14,566.14,565.51,565.57,589.0
1784144400000,565.58,565.84,565.14,565.53,1410.0
1784144460000,565.54,565.57,565.12,565.27,2006.0
1784144520000,565.28,565.65,565.23,565.6,465.0
1784144580000,565.65,565.91,565.5,565.56,1219.0
1784144640000,565.62,565.88,565.58,565.88,684.0
1784144700000,565.7,566.11,565.68,565.68,479.0
1784144760000,565.67,565.94,565.53,565.6,469.0
1784144820000,565.62,565.9,565.35,565.35,2100.0
1784144880000,565.45,565.77,565.25,565.43,4615.0
1784144940000,565.46,565.46,564.06,564.23,8901.0
1784145000000,564.26,566.08,563.65,566.02,34112.0
1784145060000,566.09,566.13,565.68,565.79,510.0
1784145120000,565.6,566.18,565.58,565.85,1178.0
1784145180000,565.89,566.17,565.67,566.03,380.0
1784145240000,566.0,566.21,565.71,566.06,373.0
1784145300000,566.19,566.96,565.95,566.77,2689.0
1784145360000,566.72,567.26,566.33,566.52,6018.0
1784145420000,566.71,567.35,566.47,567.1,22500.0
1784145480000,567.13,567.7,567.06,567.63,3033.0
1784145540000,567.71,567.73,567.08,567.21,844.0
1784145600000,567.23,567.25,566.46,566.96,1243.0
1784145660000,566.85,566.95,566.41,566.95,556.0
1784145720000,566.99,567.04,566.43,566.56,524.0
1784145780000,566.38,566.52,565.97,566.51,541.0
1784145840000,566.59,566.98,566.59,566.9,1481.0
1784145900000,566.96,567.35,566.7,567.34,366.0
1784145960000,567.38,567.38,567.0,567.38,261.0
1784146020000,567.39,569.83,567.39,569.52,5335.0
1784146080000,569.51,569.62,569.27,569.37,2860.0
1784146140000,569.39,571.38,568.53,569.06,8792.0
1784146200000,568.97,569.5,568.9,569.36,2359.0
1784146260000,569.33,569.48,569.13,569.32,838.0
1784146320000,569.37,569.71,569.16,569.7,408.0
1784146380000,568.99,569.52,568.85,569.33,486.0
1784146440000,569.19,569.48,569.18,569.48,4277.0
1784146500000,569.44,569.59,569.4,569.56,1031.0
1784146560000,569.79,571.65,569.79,571.61,2056.0
1784146620000,571.79,572.35,571.79,572.14,1628.0
1784146680000,572.2,572.44,571.98,572.32,1055.0
1784146740000,572.43,572.68,572.2,572.41,3314.0
1784146800000,572.27,572.44,571.92,572.37,429.0
1784146860000,572.4,573.57,572.4,573.28,1202.0
1784146920000,573.35,573.43,572.83,573.07,1484.0
1784146980000,573.16,573.34,572.46,572.62,467.0
1784147040000,572.59,573.15,572.48,573.15,419.0
1784147100000,573.15,573.38,572.95,572.95,627.0
1784147160000,573.01,573.07,572.62,573.07,378.0
1784147220000,573.12,573.41,573.11,573.27,933.0
1784147280000,573.29,573.29,572.82,573.09,550.0
1784147340000,573.07,573.22,572.78,573.22,20402.0
1784147400000,573.2,573.32,572.75,572.75,754.0
1784147460000,572.76,574.19,572.76,574.16,3177.0
1784147520000,574.18,575.31,574.12,575.08,1818.0
1784147580000,575.29,575.29,574.2,574.2,543.0
1784147640000,574.32,574.99,574.14,574.94,708.0
1784147700000,574.68,574.87,573.89,573.99,2818.0
1784154900000,577.61,578.39,577.61,578.32,460.0,2659.3477
1784154960000,578.35,578.4,577.29,578.34,2986.0,17247.0612
1784155020000,578.3,578.41,578.04,578.2,414.0,2393.8843
1784155080000,578.06,578.16,577.8,577.82,299.0,1727.9859
1784155140000,577.79,577.96,576.9,577.31,1007.0,5814.0368
1784155200000,577.3,577.41,576.88,577.01,636.0,3670.3149
1784155260000,577.04,577.12,576.67,576.8,458.0,2642.1683
1784155320000,576.75,576.87,576.65,576.82,235.0,1355.3998
1784155380000,576.86,576.86,576.36,576.62,904.0,5212.4043
1784155440000,576.7,576.93,576.61,576.66,229.0,1320.8405
1784155500000,576.56,577.3,576.5,577.29,4442.0,25621.6847
1784155560000,577.25,577.29,576.27,576.28,3237.0,18657.7639
1784155620000,576.18,576.55,575.94,576.32,904.0,5208.8655
1784155680000,576.26,576.96,576.26,576.91,705.0,4065.87
1784155740000,576.95,577.03,576.17,576.51,1583.0,9123.3857
1784155800000,576.29,576.39,576.12,576.29,512.0,2950.6962
1784155860000,576.58,576.81,576.43,576.69,310.0,1787.4051
1784155920000,576.65,576.77,576.21,576.56,365.0,2104.1478
1784155980000,576.54,576.78,576.53,576.78,347.0,2000.768
1784156040000,576.61,577.87,575.74,575.99,5688.0,32831.2821
1784156100000,576.11,576.18,575.36,575.36,1072.0,6171.9418
1784156160000,575.34,576.35,575.11,576.35,849.0,4885.8719
1784156220000,576.37,576.67,575.92,575.99,373.0,2149.3268
1784156280000,576.02,576.12,575.34,575.58,426.0,2452.9669
1784156340000,575.56,575.86,575.56,575.6,450.0,2590.9728
1784156400000,575.65,576.26,575.62,576.13,1041.0,5994.7298
1784156460000,576.12,576.65,575.66,576.65,479.0,2760.0224
1784156520000,576.51,576.93,576.19,576.93,781.0,4502.8543
1784156580000,576.95,576.95,576.19,576.31,319.0,1839.5636
1784156640000,576.21,576.6,576.2,576.56,326.0,1879.2587
1784156700000,576.67,576.89,576.12,576.4,645.0,3718.1954
1784156760000,576.39,576.4,576.0,576.34,456.0,2627.8798
1784156820000,576.34,576.61,576.12,576.42,381.0,2196.0942
1784156880000,576.33,576.44,576.16,576.27,563.0,3244.7034
1784156940000,576.26,576.34,576.08,576.25,352.0,2028.2986
1784157000000,576.19,576.49,576.16,576.39,560.0,3227.4126
1784157060000,576.46,577.06,576.42,577.02,386.0,2226.545
1784157120000,577.06,577.45,576.85,576.89,504.0,2908.3553
1784157180000,576.88,576.95,576.35,576.58,227.0,1308.5608
1784157240000,576.47,576.5,575.81,575.95,1407.0,8102.3381
1784157300000,575.71,575.94,575.63,575.9,393.0,2262.966
1784157360000,575.84,575.91,575.32,575.52,561.0,3228.3573
1784157420000,575.51,576.09,575.51,575.82,807.0,4647.7411
1784157480000,575.76,576.09,575.76,575.83,431.0,2482.3733
1784157540000,575.94,576.88,575.94,576.58,1438.0,8291.6108
1784157600000,576.56,576.87,576.34,576.87,508.0,2929.5113
1784157660000,576.92,577.25,576.57,576.57,192.0,1107.7735
1784157720000,576.47,576.85,576.27,576.61,1295.0,7464.7596
1784157780000,576.66,576.66,575.82,575.82,219.0,1261.9452
1784157840000,575.72,575.86,575.34,575.83,429.0,2469.5649
1784157900000,575.75,575.82,575.39,575.64,421.0,2423.2802
1784157960000,575.63,575.69,575.19,575.36,763.0,4390.8456
1784158020000,575.57,575.74,575.48,575.64,271.0,1559.8924
1784158080000,575.53,575.57,575.36,575.36,66.0,379.8578
1784158140000,575.31,575.8,575.31,575.57,829.0,4770.9058
1784158200000,575.72,575.75,575.21,575.41,710.0,4085.4534
1784158260000,575.41,575.43,575.03,575.03,150.0,862.9606
1784158320000,575.21,575.34,575.0,575.21,482.0,2771.8477
1784158380000,575.26,575.62,575.19,575.22,531.0,3054.8725
1784158440000,575.14,575.22,572.77,573.08,6231.0,35736.0258
1784158500000,573.13,573.66,572.42,572.47,1661.0,9513.8568
1784158560000,572.46,572.7,572.27,572.6,10670.0,61076.9835
1784158620000,572.5,572.56,571.91,572.14,782.0,4472.9693
1784158680000,572.25,572.25,571.91,572.07,650.0,3717.9565
1784158740000,572.25,572.26,571.91,571.91,756.0,4324.1429
1784158800000,571.91,572.27,571.74,572.16,1505.0,8607.4597
1784158860000,571.98,572.1,571.14,571.14,554.0,3166.6893
1784158920000,571.09,572.01,570.72,571.97,6029.0,34421.5678
1784158980000,571.87,571.87,571.58,571.59,363.0,2075.2763
1784159040000,571.77,571.81,571.47,571.47,237.0,1354.9428
1784159100000,571.3,571.87,571.3,571.87,437.0,2497.3291
1784159160000,571.98,572.58,571.93,572.57,474.0,2712.8828
1784159220000,572.55,572.67,572.04,572.67,12892.0,73782.2592
1784159280000,572.65,572.65,572.18,572.2,850.0,4864.3767
1784159340000,572.12,572.29,571.68,572.04,1584.0,9058.6668
1784159400000,572.01,572.11,571.83,571.97,420.0,2402.2481
1784159460000,571.97,571.97,571.07,571.21,581.0,3319.014
1784159520000,571.25,571.66,571.17,571.57,818.0,4673.8408
1784159580000,571.56,571.97,571.35,571.82,404.0,2309.444
1784159640000,571.47,571.86,571.35,571.86,367.0,2097.6069
1784159700000,571.84,571.86,570.76,571.19,2477.0,14147.7462
1784159760000,571.3,571.3,570.32,570.52,678.0,3869.225
1784159820000,570.45,570.45,569.72,570.04,1045.0,5956.1466
1784159880000,570.0,570.25,569.86,570.02,487.0,2775.9426
1784159940000,570.07,570.34,569.93,570.33,430.0,2451.7014
1784160000000,570.2,570.91,570.07,570.91,420.0,2396.3024
1784160060000,570.8,571.7,570.79,571.7,1030.0,5884.0479
1784160120000,571.59,572.24,571.53,572.19,391.0,2236.3614
1784160180000,572.18,572.18,571.49,571.59,5777.0,33052.4913
1784160240000,571.52,571.82,571.3,571.8,7012.0,40071.7879
1784160300000,571.75,571.75,571.21,571.21,389.0,2223.2098
1784160360000,571.25,571.25,570.31,570.85,1605.0,9157.7967
1784160420000,570.73,570.85,569.89,569.89,466.0,2658.9598
1784160480000,569.87,570.27,569.66,569.83,2031.0,11576.0135
1784160540000,569.87,570.13,569.48,569.98,1171.0,6674.0749
1784160600000,570.09,570.52,569.59,570.32,615.0,3506.5998
1784160660000,570.2,570.74,570.19,570.38,702.0,4004.1182
1784160720000,570.37,572.51,569.75,572.51,21923.0,125041.7363
1784160780000,572.58,572.66,572.0,572.11,3816.0,21847.3076
1784160840000,571.91,572.09,571.31,571.77,1703.0,9739.7591
1784160900000,571.73,571.73,570.35,570.35,507.0,2895.2576
1784160960000,570.28,570.28,569.6,569.6,541.0,3083.3856
1784161020000,569.59,569.92,569.48,569.86,868.0,4945.734
1784161080000,569.87,569.87,569.1,569.31,4406.0,25095.9546
1784161140000,569.38,569.63,568.53,568.97,1608.0,9146.3691
1784161200000,569.01,569.22,568.65,569.16,1047.0,5956.5022
1784161260000,569.12,569.12,568.41,568.66,2046.0,11640.413
1784161320000,568.7,569.48,568.53,569.19,1074.0,6110.6373
1784161380000,569.25,569.52,569.08,569.35,4202.0,23922.7994
1784161440000,569.36,569.98,568.59,569.98,802.0,4564.6814
1784161500000,569.96,570.91,569.6,570.91,562.0,3205.6229
1784161560000,570.77,570.77,569.33,569.33,1002.0,5712.5667
1784161620000,569.28,569.58,568.65,569.04,1700.0,9669.5148
1784161680000,569.05,570.06,568.96,569.47,903.0,5142.7716
1784161740000,569.59,570.48,567.83,568.24,5305.0,30187.7502
1784161800000,568.27,569.13,567.74,568.77,12505.0,71129.9237
1784161860000,568.83,569.15,568.81,568.94,2680.0,15250.2443
1784161920000,568.86,568.89,568.15,568.41,790.0,4489.5747
1784161980000,568.45,568.98,568.43,568.78,641.0,3645.186
1784162040000,568.79,569.44,568.72,569.44,1145.0,6516.2956
1784162100000,569.44,569.44,568.07,568.31,2259.0,12853.2087
1784162160000,568.33,568.34,567.96,567.98,342.0,1942.7887
1784162220000,567.97,568.09,567.87,567.87,349.0,1982.2945
1784162280000,567.81,568.12,566.7,566.83,953.0,5410.1478
1784162340000,566.46,566.46,563.86,564.45,10189.0,57612.6239
1784162400000,564.4,565.07,564.35,565.06,4108.0,23204.4764
1784162460000,564.72,565.52,564.68,565.52,1093.0,6175.1304
1784162520000,565.45,565.87,565.14,565.71,2028.0,11465.7312
1784162580000,565.7,565.8,565.31,565.71,317.0,1792.9356
1784162640000,565.72,565.73,565.41,565.53,302.0,1708.1051
1784162700000,565.57,565.66,565.28,565.54,809.0,4574.0662
1784162760000,565.65,565.86,565.53,565.73,864.0,4887.6177
1784162820000,565.75,565.95,565.53,565.64,489.0,2766.2264
1784162880000,565.66,565.95,565.64,565.84,599.0,3389.029
1784162940000,565.87,566.26,565.87,566.01,1161.0,6571.7873
1784163000000,566.09,566.09,565.33,565.33,1168.0,6608.0879
1784163060000,565.08,565.97,565.08,565.97,216.0,1221.9465
1784163120000,566.27,567.07,566.09,566.76,626.0,3544.9425
1784163180000,566.88,567.06,566.61,566.87,887.0,5027.8842
1784163240000,566.58,567.07,566.52,566.97,405.0,2295.4269
1784163300000,566.79,567.21,566.06,566.07,4115.0,23318.0915
1784163360000,565.94,566.5,565.72,566.5,2496.0,14131.5573
1784163420000,566.65,567.06,566.49,567.03,2019.0,11444.5598
1784163480000,567.07,567.19,566.84,567.19,360.0,2041.3984
1784163540000,567.04,567.27,567.04,567.27,575.0,3261.0964
1784163600000,567.18,567.18,566.79,566.91,364.0,2063.7337
1784163660000,566.91,566.91,566.08,566.49,670.0,3796.2015
1784163720000,566.66,566.66,565.9,565.9,1149.0,6508.066
1784163780000,565.9,566.04,565.5,565.96,318.0,1799.3345
1784163840000,565.86,565.96,565.59,565.83,599.0,3389.3609
1784163900000,565.77,566.66,565.77,566.34,979.0,5544.26
1784163960000,566.39,566.39,565.75,565.83,4475.0,25327.9377
1784164020000,565.83,566.09,565.55,565.73,3258.0,18435.9782
1784164080000,565.65,566.85,565.47,566.59,4385.0,24827.7697
1784164140000,566.48,566.56,565.53,565.77,321.0,1817.1638
1784164200000,565.47,565.62,564.93,564.95,533.0,3013.0048
1784164260000,565.15,565.46,564.83,565.44,1134.0,6408.6902
1784164320000,565.16,565.47,564.7,564.74,1758.0,9935.8542
1784164380000,564.69,564.82,564.49,564.59,776.0,4381.2779
1784164440000,564.68,565.34,564.62,564.62,30506.0,172402.697
1784164500000,564.81,564.81,564.45,564.45,761.0,4296.9755
1784164560000,564.38,564.68,564.38,564.46,483.0,2726.65
1784164620000,564.5,564.52,563.47,563.66,1500.0,8459.6614
1784164680000,563.77,563.77,561.38,562.0,8010.0,45014.4806
1784164740000,562.14,562.14,561.09,561.25,3955.0,22197.6153
1784164800000,561.25,563.28,561.25,562.98,5034.0,28307.3389
1784164860000,562.95,563.58,562.95,563.07,950.0,5351.2051
1784164920000,562.85,563.23,562.8,563.01,699.0,3935.5006
1784164980000,563.09,563.73,562.98,563.73,457.0,2574.1642
1784165040000,563.7,563.7,563.1,563.46,2498.0,14075.8928
1784165100000,563.49,563.6,563.1,563.12,1001.0,5640.874
1784165160000,563.24,564.26,563.24,563.83,593.0,3343.0404
1784165220000,563.91,565.07,563.91,564.71,549.0,3099.7486
1784165280000,564.71,564.78,564.15,564.32,379.0,2139.5236
1784165340000,564.33,564.46,564.26,564.26,528.0,2979.824
1784165400000,564.21,565.02,564.21,564.91,690.0,3895.6683
1784165460000,564.94,565.07,564.57,564.97,699.0,3948.0913
1784165520000,564.96,565.21,564.7,564.7,473.0,2672.9441
1784165580000,564.67,564.85,563.96,564.3,507.0,2861.2769
1784165640000,564.27,564.3,563.55,564.22,755.0,4257.6662
1784165700000,564.22,564.5,563.71,563.82,596.0,3362.2264
1784165760000,564.02,564.64,563.83,564.25,575.0,3244.6013
1784165820000,564.24,564.66,563.89,564.55,403.0,2273.6561
1784165880000,564.52,564.65,564.37,564.59,467.0,2636.2651
1784165940000,564.54,565.92,564.52,565.92,1242.0,7021.0201
1784166000000,565.65,565.96,565.03,565.38,7965.0,45029.3461
1784166060000,565.3,566.65,565.29,565.79,1911.0,10819.6768
1784166120000,565.66,566.08,565.54,565.71,527.0,2981.6872
1784166180000,565.54,565.64,565.3,565.59,602.0,3404.35
1784166240000,565.54,565.54,565.25,565.46,620.0,3505.1838
1784166300000,565.57,566.21,565.54,566.15,387.0,2190.2014
1784166360000,566.11,566.38,565.8,566.38,1045.0,5917.0356
1784166420000,566.25,566.86,566.19,566.86,1227.0,6952.7379
1784166480000,566.98,567.83,566.98,567.47,8000.0,45403.1707
1784166540000,567.43,568.54,567.27,568.49,5602.0,31833.0491
1784166600000,568.19,568.58,567.84,568.52,14021.0,79666.0881
1784166660000,568.53,568.77,567.28,567.29,6311.0,35864.5914
1784166720000,567.51,567.61,567.19,567.42,991.0,5623.9891
1784166780000,567.32,567.32,566.73,566.97,541.0,3067.3437
1784166840000,566.93,568.08,566.9,567.89,468.0,2656.5171
1784166900000,568.15,568.51,568.08,568.16,316.0
1784166960000,568.34,568.64,567.91,567.91,3404.0
1784167020000,568.23,568.36,568.12,568.28,262.0
1784167080000,568.23,568.23,567.49,567.74,416.0
1784167140000,567.48,567.97,567.33,567.97,229.0
1784167200000,567.57,568.14,567.57,568.14,286.0
1784167260000,568.07,568.86,567.81,567.87,349.0
1784167320000,567.81,568.18,567.58,568.18,296.0
1784167380000,568.06,568.44,567.9,568.44,249.0
1784167440000,568.47,568.94,568.36,568.66,1214.0
1784167500000,568.69,568.69,568.05,568.55,470.0
1784167560000,568.54,568.55,567.99,568.55,357.0
1784167620000,568.59,568.74,568.3,568.31,472.0
1784167680000,568.36,568.5,568.21,568.43,490.0
1784167740000,568.42,568.45,567.45,567.87,10790.0
1784167800000,567.93,568.04,567.54,567.61,625.0
1784167860000,567.61,567.9,567.06,567.3,532.0
1784167920000,567.24,567.52,565.76,566.04,725.0
1784167980000,565.96,565.96,565.39,565.65,2205.0
1784168040000,565.57,565.93,565.5,565.82,405.0
1784168100000,565.88,566.3,565.56,566.01,551.0
1784168160000,565.96,565.96,565.29,565.45,570.0
1784168220000,565.18,565.56,565.01,565.41,403.0
1784168280000,565.78,566.02,565.56,565.96,461.0
1784168340000,566.12,566.18,565.78,565.8,434.0
1784168400000,565.72,565.72,565.43,565.49,913.0
1784168460000,565.45,566.81,565.37,566.06,2836.0
1784168520000,565.88,566.39,565.49,565.49,3410.0
1784168580000,565.56,566.59,565.55,566.59,229.0
1784168640000,566.6,566.6,566.33,566.45,403.0
1784168700000,566.41,566.67,566.21,566.53,1021.0
1784168760000,566.64,566.71,566.32,566.46,573.0
1784168820000,566.6,567.54,566.52,567.06,1570.0
1784168880000,567.15,567.52,567.15,567.37,451.0
1784168940000,567.44,567.73,567.41,567.52,579.0
1784169000000,567.53,567.87,567.21,567.86,584.0
1784169060000,567.76,567.76,567.4,567.4,591.0
1784169120000,567.45,567.59,566.77,566.77,10454.0
1784169180000,566.83,567.01,566.63,566.75,270.0
1784169240000,566.7,567.11,566.59,566.94,221.0
1784169300000,566.9,567.64,566.9,567.54,625.0
1784169360000,567.49,567.55,567.0,567.04,693.0
1784169420000,567.2,567.2,566.4,566.86,10187.0
1784169480000,566.78,566.78,566.16,566.16,299.0
1784169540000,566.27,566.32,565.88,565.9,282.0
1784169600000,565.92,566.36,565.82,566.29,314.0
1784169660000,566.43,566.43,565.68,565.68,267.0
1784169720000,565.74,565.75,565.54,565.65,290.0
1784169780000,565.73,566.07,565.7,566.07,271.0
1784169840000,566.11,566.11,565.59,565.68,256.0
1784169900000,565.77,566.62,565.77,566.55,665.0
1784169960000,566.67,566.83,566.52,566.59,644.0
1784170020000,566.63,566.63,566.03,566.26,141.0
1784170080000,566.27,566.34,566.04,566.04,972.0
1784170140000,566.1,566.89,566.09,566.33,403.0
1784170200000,566.32,566.66,566.27,566.66,240.0
1784170260000,566.67,566.76,566.38,566.38,324.0
1784170320000,566.41,566.58,566.41,566.56,209.0
1784170380000,566.83,567.38,566.75,567.14,428.0
1784170440000,567.23,567.38,567.12,567.2,275.0
1784170500000,567.38,574.87,567.38,572.18,82917.0
1784170560000,572.21,572.29,571.35,571.75,2071.0
1784170620000,571.82,571.85,571.36,571.45,477.0
1784170680000,571.46,572.04,571.38,571.83,1386.0
1784170740000,572.0,572.23,571.85,571.85,542.0
1784170800000,571.81,571.81,571.15,571.25,693.0
1784170860000,571.11,571.78,570.81,571.58,4255.0
1784170920000,571.73,572.95,571.73,572.61,17307.0
1784170980000,572.64,573.61,572.55,572.91,928.0
1784171040000,572.91,572.91,572.19,572.29,311.0
1784171100000,572.19,572.43,571.71,572.43,495.0
1784171160000,572.49,572.9,572.38,572.89,533.0
1784171220000,572.87,573.01,572.37,572.37,479.0
1784171280000,572.25,572.53,572.19,572.23,315.0
1784171340000,572.14,572.52,572.14,572.24,439.0
1784171400000,572.22,572.52,571.98,571.98,478.0
1784171460000,572.04,572.4,571.9,572.34,315.0
1784171520000,572.24,572.97,572.24,572.89,549.0
1784171580000,572.85,572.98,572.85,572.95,268.0
1784171640000,572.99,573.13,572.59,572.59,3397.0
1784171700000,572.39,572.68,572.06,572.39,411.0
1784171760000,572.34,572.52,571.8,571.81,479.0
1784171820000,571.79,571.79,570.21,570.21,872.0
1784171880000,570.19,570.34,569.65,569.97,806.0
1784171940000,569.91,570.59,569.87,570.59,401.0
1784172000000,570.73,571.62,570.64,571.32,598.0
1784172060000,571.13,571.26,570.79,570.97,249.0
1784172120000,570.78,571.1,570.78,570.95,353.0
1784172180000,570.97,570.97,570.38,570.41,386.0
1784172240000,570.19,570.19,569.62,569.72,2981.0
1784172300000,569.9,569.9,569.66,569.66,204.0
1784172360000,569.81,570.41,569.81,570.41,755.0
1784172420000,570.22,570.37,569.98,570.29,631.0
1784172480000,570.28,570.53,569.91,570.53,373.0
1784172540000,570.55,570.55,569.91,570.16,438.0
1784172600000,569.79,570.4,569.63,570.39,664.0
1784172660000,570.43,571.19,570.43,570.84,1698.0
1784172720000,571.03,571.33,570.7,570.83,350.0
1784172780000,570.92,571.98,570.61,571.98,386.0
1784172840000,571.77,571.95,571.29,571.71,6282.0
1784172900000,571.39,571.83,571.28,571.78,276.0
1784172960000,571.81,572.02,571.69,571.96,671.0
1784173020000,571.88,571.88,571.07,571.19,415.0
1784173080000,571.35,571.35,570.75,571.01,171.0
1784173140000,570.81,570.91,570.4,570.71,155.0
1784173200000,570.66,571.89,570.66,571.66,219.0
1784173260000,571.6,571.69,571.14,571.14,400.0
1784173320000,571.11,571.47,571.11,571.23,404.0
1784173380000,571.2,571.22,570.86,570.93,383.0
1784173440000,570.82,571.97,570.6,571.85,507.0
1784173500000,571.85,571.85,570.94,570.94,201.0
1784173560000,571.07,571.07,570.51,570.76,329.0
1784173620000,570.69,570.69,570.27,570.37,209.0
1784173680000,570.34,570.36,569.92,570.12,310.0
1784173740000,570.12,570.16,569.81,569.85,270.0
1784173800000,569.85,570.05,569.62,569.83,353.0
1784173860000,569.83,570.01,569.79,569.97,536.0
1784173920000,570.09,570.36,570.09,570.22,339.0
1784173980000,570.26,570.26,569.99,570.07,367.0
1784174040000,570.14,570.35,570.11,570.22,113.0
1784174100000,570.21,570.35,570.02,570.02,3313.0
1784174160000,570.02,570.41,569.5,569.66,1670.0
1784174220000,569.85,570.02,567.88,568.05,16778.0
1784174280000,568.04,568.15,567.61,567.99,1374.0
1784174340000,567.91,567.94,567.53,567.94,1340.0
1784174400000,567.99,567.99,567.0,567.72,7906.0
1784174460000,567.7,567.7,567.0,567.11,1865.0
1784174520000,567.28,567.59,567.0,567.0,5324.0
1784174580000,567.0,567.72,566.0,566.22,15234.0
1784174640000,566.35,566.35,565.65,565.89,12446.0
1784174700000,565.63,566.05,564.11,564.43,12706.0
1784174760000,564.32,564.77,564.0,564.73,1999.0
1784174820000,564.74,564.77,564.0,564.05,1633.0
1784174880000,564.18,564.46,564.13,564.13,476.0
1784174940000,564.14,564.3,563.52,563.74,7897.0
1784175000000,563.72,566.11,563.66,564.71,2856.0
1784175060000,564.66,565.86,564.6,565.81,1238.0
1784175120000,565.71,566.32,565.61,566.11,4394.0
1784175180000,565.91,565.94,565.38,565.57,684.0
1784175240000,565.57,565.62,564.93,564.99,4500.0
1784175300000,564.95,564.95,564.04,564.04,485.0
1784175360000,564.01,564.02,563.33,563.84,11098.0
1784175420000,563.93,564.34,563.79,564.19,763.0
1784175480000,564.04,564.29,563.89,564.13,845.0
1784175540000,564.11,564.29,563.53,563.95,592.0
1784175600000,563.77,564.08,563.77,563.93,300.0
1784175660000,564.18,564.25,563.27,563.47,1518.0
1784175720000,563.47,563.62,563.3,563.62,920.0
1784175780000,563.59,563.72,563.46,563.72,284.0
1784175840000,563.66,564.13,563.47,564.13,506.0
1784175900000,564.15,564.57,563.82,564.57,786.0
1784175960000,564.66,565.5,564.22,565.5,1312.0
1784176020000,565.39,566.04,565.34,565.81,547.0
1784176080000,565.81,566.11,565.59,566.03,933.0
1784176140000,566.08,566.32,565.95,566.28,627.0
1784176200000,566.26,566.26,565.54,565.65,489.0
1784176260000,565.56,565.64,564.99,565.64,694.0
1784176320000,565.56,565.76,565.41,565.66,354.0
1784176380000,565.51,565.58,564.68,565.22,277.0
1784176440000,565.38,565.55,565.3,565.49,318.0
1784176500000,565.47,565.5,565.22,565.35,472.0
1784176560000,565.39,565.62,565.37,565.46,331.0
1784176620000,565.58,566.13,565.56,565.82,298.0
1784176680000,565.7,565.74,565.35,565.58,517.0
1784176740000,565.56,566.08,565.53,566.03,292.0
1784176800000,565.94,565.98,565.58,565.67,717.0
1784176860000,565.61,566.16,565.61,566.05,356.0
1784176920000,566.04,566.28,565.88,566.14,10376.0
1784176980000,566.13,566.21,566.12,566.16,239.0
1784177040000,566.25,567.59,566.25,567.54,1653.0
1784177100000,567.47,567.77,567.41,567.66,1408.0
1784177160000,567.79,567.9,567.61,567.61,553.0
1784177220000,567.61,567.78,567.55,567.55,1321.0
1784177280000,567.59,567.68,566.79,567.21,2161.0
1784177340000,567.22,567.77,566.93,567.68,508.0
1784177400000,567.51,567.65,567.08,567.11,347.0
1784177460000,567.12,567.19,566.67,566.84,874.0
1784177520000,566.81,567.32,566.81,567.14,240.0
1784177580000,567.02,567.32,566.94,567.32,940.0
1784177640000,567.31,567.73,567.25,567.43,515.0
1784177700000,567.48,567.72,567.42,567.7,215.0
1784184900000,568.33,568.39,567.79,568.03,2463.0,13991.6118
1784184960000,567.99,568.12,567.33,568.03,2481.0,14087.7104
1784185020000,567.79,567.81,567.22,567.47,1448.0,8217.4252
1784185080000,567.47,567.66,566.71,566.9,1368.0,7758.3586
1784185140000,566.81,566.98,566.61,566.62,390.0,2210.369
1784185200000,566.6,566.73,566.37,566.57,940.0,5325.156
1784185260000,566.51,566.83,566.39,566.8,1260.0,7138.887
1784185320000,566.79,566.96,566.71,566.96,578.0,3275.966
1784185380000,566.98,567.06,566.38,566.6,13598.0,77069.7333
1784185440000,566.54,567.0,566.37,567.0,2605.0,14757.8723
1784185500000,566.9,566.9,566.18,566.31,420.0,2378.9209
1784185560000,566.42,566.62,566.35,566.39,317.0,1795.7588
1784185620000,566.36,566.66,566.22,566.5,320.0,1812.8188
1784185680000,566.49,567.31,566.49,567.31,388.0,2199.6556
1784185740000,567.26,567.64,567.22,567.57,548.0,3109.7176
1784185800000,567.56,568.03,567.31,567.98,456.0,2588.5311
1784185860000,567.91,568.43,567.91,568.33,4134.0,23487.8666
1784185920000,568.32,568.96,568.21,568.7,571.0,3247.0628
1784185980000,568.71,568.74,567.88,567.89,2643.0,15020.0856
1784186040000,567.87,568.12,567.61,567.79,709.0,4025.7397
1784186100000,567.82,567.87,567.15,567.36,437.0,2479.4769
1784186160000,567.32,567.87,567.1,567.87,427.0,2422.0822
1784186220000,567.86,569.15,567.66,569.08,1051.0,5974.0661
1784186280000,569.39,569.97,569.18,569.65,690.0,3930.1894
1784186340000,569.53,569.82,569.26,569.26,532.0,3029.795
1784186400000,569.35,570.29,569.3,570.29,1599.0,9110.3132
1784186460000,570.16,570.16,569.42,569.61,1624.0,9254.4134
1784186520000,569.57,569.57,569.1,569.15,971.0,5528.7697
1784186580000,569.13,569.13,568.69,568.73,403.0,2292.3814
1784186640000,568.67,568.67,568.15,568.67,687.0,3904.6657
1784186700000,568.81,568.96,568.72,568.91,470.0,2673.5761
1784186760000,568.88,568.88,568.5,568.53,739.0,4202.155
1784186820000,568.63,568.98,568.57,568.76,706.0,4015.1697
1784186880000,568.66,568.66,567.73,568.25,1043.0,5924.903
1784186940000,568.27,568.5,568.11,568.41,291.0,1653.8434
1784187000000,568.37,568.44,568.16,568.29,426.0,2421.0856
1784187060000,568.28,568.48,568.02,568.22,406.0,2307.0718
1784187120000,568.16,568.38,567.79,567.99,762.0,4328.8157
1784187180000,567.94,567.96,567.3,567.5,758.0,4303.1728
1784187240000,567.44,567.68,567.14,567.62,418.0,2371.7187
1784187300000,567.58,568.32,566.79,566.85,3022.0,17162.4716
1784187360000,566.79,566.8,565.32,565.8,2591.0,14663.3481
1784187420000,565.68,566.41,565.5,566.13,2909.0,16462.6377
1784187480000,566.03,566.33,565.56,566.24,3507.0,19843.6624
1784187540000,566.08,566.36,565.91,566.16,939.0,5315.8482
1784187600000,566.01,566.12,565.41,565.54,1399.0,7915.4264
1784187660000,565.42,565.78,565.27,565.68,644.0,3642.0219
1784187720000,565.67,565.79,565.25,565.79,650.0,3675.8493
1784187780000,565.86,565.86,564.6,564.67,1834.0,10363.6877
1784187840000,564.69,565.78,564.6,565.63,1210.0,6838.2578
1784187900000,565.68,566.53,565.43,566.36,1982.0,11215.8797
1784187960000,566.29,567.11,566.15,566.94,1031.0,5840.6621
1784188020000,566.97,567.09,566.65,566.7,1415.0,8020.9231
1784188080000,566.68,567.25,566.65,567.1,2348.0,13311.9712
1784188140000,567.08,567.36,566.88,567.27,975.0,5530.1315
1784188200000,567.13,567.13,565.68,566.29,1829.0,10358.9219
1784188260000,566.17,566.61,566.16,566.53,597.0,3381.3348
1784188320000,566.39,566.39,566.05,566.13,509.0,2882.0321
1784188380000,566.24,566.57,566.03,566.57,359.0,2032.8818
1784188440000,566.5,566.74,566.34,566.7,3651.0,20683.1778
1784188500000,566.6,566.97,565.98,566.87,1164.0,6593.2437
1784188560000,566.89,567.07,566.58,567.07,1669.0,9460.9481
1784188620000,567.2,567.35,566.73,567.35,397.0,2251.0439
1784188680000,567.33,568.18,567.33,568.16,485.0,2754.4467
1784188740000,568.19,568.58,568.15,568.43,811.0,4610.3634
1784188800000,568.51,569.73,568.42,569.64,1100.0,6258.3102
1784188860000,569.66,569.73,568.2,568.22,1101.0,6264.8322
1784188920000,568.36,568.4,567.81,568.11,533.0,3027.4789
1784188980000,568.12,568.12,566.78,567.18,788.0,4473.1439
1784189040000,566.89,567.62,566.78,567.5,836.0,4741.0183
1784189100000,567.69,567.93,567.17,567.5,1181.0,6704.357
1784189160000,567.69,567.75,567.28,567.36,375.0,2128.2593
1784189220000,567.55,567.63,566.26,566.33,1019.0,5773.6411
1784189280000,566.2,566.66,566.19,566.39,842.0,4769.6227
1784189340000,566.38,566.91,566.36,566.72,527.0,2986.2527
1784189400000,566.72,566.72,562.94,564.72,12628.0,71174.2932
1784189460000,564.58,565.68,564.31,565.37,2230.0,12594.4264
1784189520000,565.57,565.72,564.56,564.81,1793.0,10134.6848
1784189580000,564.79,565.46,564.55,564.76,1289.0,7282.6298
1784189640000,564.71,564.71,560.73,561.81,21258.0,119418.8052
1784189700000,561.85,562.49,561.8,561.88,1569.0,8820.4055
1784189760000,561.87,562.74,561.47,562.25,1593.0,8959.0515
1784189820000,562.22,562.88,560.7,561.29,4627.0,25968.3877
1784189880000,561.36,561.36,558.5,559.87,19239.0,107644.4974
1784189940000,560.04,560.09,556.64,556.64,16373.0,91357.0204
1784190000000,556.76,557.27,553.41,554.74,66192.0,367397.4025
1784190060000,554.75,556.67,554.6,556.46,9100.0,50608.4725
1784190120000,556.52,557.28,556.44,557.02,4231.0,23558.8897
1784190180000,556.97,558.27,556.9,557.93,5033.0,28064.3213
1784190240000,557.87,557.9,556.85,557.01,3445.0,19193.3541
1784190300000,556.96,557.51,556.38,557.51,7531.0,41934.9468
1784190360000,557.62,558.27,557.39,557.89,5053.0,28191.7792
1784190420000,557.93,558.26,557.65,558.26,1915.0,10683.2348
1784190480000,558.21,558.78,557.94,558.78,363.0,2027.4787
1784190540000,558.57,560.24,558.57,559.78,2171.0,12145.6607
1784190600000,559.8,560.22,559.34,559.77,4887.0,27364.5746
1784190660000,559.81,560.25,559.52,560.07,893.0,5000.5566
1784190720000,559.88,560.22,558.98,558.98,3732.0,20891.0334
1784190780000,558.97,559.81,558.97,559.74,690.0,3861.3858
1784190840000,559.87,560.67,559.87,560.46,2976.0,16673.0562
1784190900000,560.36,561.58,560.27,561.42,9055.0,50815.229
1784190960000,561.41,562.27,561.22,562.27,4336.0,24368.2752
1784191020000,562.29,562.82,561.77,562.25,1731.0,9732.2653
1784191080000,562.24,563.81,562.24,562.89,1789.0,10079.1279
1784191140000,562.95,563.21,562.67,562.69,4419.0,24877.9376
1784191200000,562.7,562.73,561.75,561.78,763.0,4290.944
1784191260000,561.65,562.2,561.36,561.38,4600.0,25842.2553
1784191320000,561.36,561.76,561.36,561.46,716.0,4020.281
1784191380000,561.43,561.43,560.44,560.55,970.0,5441.3965
1784191440000,560.81,560.81,559.93,560.4,942.0,5277.3229
1784191500000,560.33,560.84,560.19,560.84,531.0,2975.6814
1784191560000,560.96,562.27,560.93,562.21,579.0,3251.2202
1784191620000,562.24,562.65,561.5,561.5,268.0,1507.0447
1784191680000,561.68,561.84,560.87,560.87,311.0,1746.127
1784191740000,561.0,561.0,560.68,560.68,1126.0,6315.0081
1784191800000,560.68,560.7,559.73,560.1,206.0,1154.0183
1784191860000,559.98,559.99,555.09,555.25,74901.0,417816.0385
1784191920000,555.34,555.62,555.3,555.59,1927.0,10702.8472
1784191980000,555.5,555.51,555.0,555.07,1434.0,7961.1327
1784192040000,555.39,555.8,554.64,555.08,9162.0,50864.9234
1784192100000,555.11,555.39,553.81,553.84,2381.0,13196.3917
1784192160000,553.92,554.1,545.21,548.28,85725.0,471229.3028
1784192220000,548.28,549.99,548.19,549.15,12895.0,70769.9879
1784192280000,549.14,550.51,549.14,550.48,9772.0,53751.3926
1784192340000,550.42,550.59,549.64,549.88,6678.0,36761.8963
1784192400000,549.66,550.81,548.93,550.81,5124.0,28199.108
1784192460000,550.47,550.51,548.91,549.57,14311.0,78675.9846
1784192520000,549.4,550.43,549.4,550.32,1696.0,9324.2502
1784192580000,550.27,550.8,550.07,550.4,14914.0,82078.9578
1784192640000,550.39,550.71,550.28,550.28,1314.0,7233.3007
1784192700000,550.31,550.64,549.69,549.69,2333.0,12836.9554
1784192760000,549.8,550.0,548.58,548.9,7665.0,42076.446
1784192820000,548.86,549.24,543.85,547.86,36877.0,201329.4276
1784192880000,547.81,548.72,547.64,548.23,2951.0,16176.8932
1784192940000,548.06,548.29,547.03,547.03,1983.0,10864.8785
1784193000000,547.36,547.66,546.59,546.97,7308.0,39984.2045
1784193060000,547.06,547.26,545.88,546.4,4428.0,24212.3834
1784193120000,546.51,547.09,546.23,546.97,5013.0,27406.0046
1784193180000,547.06,547.12,545.87,546.08,1011.0,5528.0606
1784193240000,546.31,547.23,545.91,546.61,1135.0,6202.56
1784193300000,546.39,547.2,546.38,546.93,1173.0,6415.5859
1784193360000,546.97,547.28,546.45,546.47,9954.0,54442.0502
1784193420000,546.52,547.03,545.95,546.3,4949.0,27044.2118
1784193480000,546.49,546.66,542.89,544.28,31775.0,172747.1541
1784193540000,544.26,545.45,544.26,545.42,5391.0,29380.1647
1784193600000,545.47,546.27,545.47,546.12,1778.0,9706.7804
1784193660000,546.18,546.44,545.22,545.4,1235.0,6743.1264
1784193720000,545.45,545.65,543.93,543.93,11398.0,62018.9151
1784193780000,544.11,544.72,544.04,544.65,6813.0,37091.1015
1784193840000,544.7,545.06,543.87,544.25,1857.0,10110.8528
1784193900000,544.3,545.33,544.3,545.19,1120.0,6101.5933
1784193960000,545.4,546.51,545.12,545.88,1840.0,10044.1402
1784194020000,545.87,545.87,544.48,544.83,3947.0,21502.1983
1784194080000,544.65,544.81,544.28,544.63,5762.0,31373.1487
1784194140000,544.92,545.28,544.63,544.92,600.0,3270.2513
1784194200000,544.88,545.85,544.63,545.83,727.0,3965.2438
1784194260000,545.74,546.41,545.58,545.96,577.0,3150.0755
1784194320000,545.88,546.38,545.88,545.91,3658.0,19981.3014
1784194380000,545.93,546.45,545.36,546.15,496.0,2708.0225
1784194440000,546.14,546.88,545.67,545.77,817.0,4464.0189
1784194500000,545.99,546.1,545.7,545.72,459.0,2505.7511
1784194560000,545.71,546.12,545.27,545.51,2848.0,15546.834
1784194620000,545.48,545.81,544.42,544.43,3067.0,16714.3735
1784194680000,544.5,545.47,544.27,545.47,5492.0,29931.238
1784194740000,545.56,546.17,545.47,545.72,838.0,4574.33
1784194800000,545.84,546.47,545.83,546.19,2895.0,15815.4774
1784194860000,546.21,546.67,546.01,546.38,4232.0,23122.654
1784194920000,546.29,547.27,546.29,546.86,12522.0,68484.0516
1784194980000,546.81,547.04,546.38,546.76,563.0,3077.912
1784195040000,546.79,547.44,546.79,547.03,542.0,2965.3389
1784195100000,546.86,547.27,546.79,547.21,663.0,3626.8333
1784195160000,547.13,547.21,546.34,546.79,979.0,5354.4009
1784195220000,546.81,547.14,546.8,547.13,874.0,4780.387
1784195280000,547.11,547.32,546.41,546.41,358.0,1958.3528
1784195340000,546.33,547.02,546.33,546.73,761.0,4160.2178
1784195400000,546.75,546.76,546.29,546.65,1790.0,9781.3521
1784195460000,546.76,547.45,546.76,547.21,681.0,3726.0696
1784195520000,546.99,547.58,546.85,547.49,5600.0,30658.0325
1784195580000,547.41,547.54,546.01,546.19,24218.0,132333.538
1784195640000,546.19,547.06,546.03,546.94,2713.0,14827.233
1784195700000,546.97,547.44,546.47,546.53,4329.0,23689.6567
1784195760000,546.53,546.95,546.41,546.95,2117.0,11571.8815
1784195820000,547.07,547.16,546.89,546.95,474.0,2592.7672
1784195880000,546.94,547.28,546.92,546.98,256.0,1400.5454
1784195940000,547.15,547.46,547.12,547.35,1549.0,8478.5427
1784196000000,547.2,547.58,547.2,547.31,1181.0,6463.8033
1784196060000,547.19,547.33,546.37,546.66,1070.0,5854.2138
1784196120000,546.87,546.91,546.37,546.53,458.0,2504.0672
1784196180000,546.54,546.54,542.11,544.5,18292.0,99414.4341
1784196240000,544.53,545.45,544.35,545.42,7297.0,39778.6972
1784196300000,545.46,545.61,544.38,544.49,3003.0,16375.4275
1784196360000,544.62,545.8,544.62,545.8,1230.0,6703.8819
1784196420000,545.76,546.39,545.74,546.18,1611.0,8801.2656
1784196480000,546.21,546.49,546.07,546.33,1234.0,6740.1089
1784196540000,546.37,546.51,546.25,546.47,10602.0,57929.3898
1784196600000,546.42,546.42,545.65,545.65,983.0,5366.333
1784196660000,545.7,545.78,545.59,545.59,299.0,1631.5453
1784196720000,545.73,545.79,545.48,545.72,540.0,2946.4905
1784196780000,545.69,545.88,545.48,545.81,693.0,3781.7261
1784196840000,545.81,546.19,545.76,546.0,1712.0,9347.7992
1784196900000,545.94,546.25,545.24,545.47,1640.0
1784196960000,545.49,546.01,545.46,545.63,409.0
1784197020000,545.65,546.11,545.14,546.11,4537.0
1784197080000,546.11,546.9,545.84,546.87,598.0
1784197140000,546.8,547.2,546.72,547.2,273.0
1784197200000,547.21,547.54,546.73,547.07,12709.0
1784197260000,547.11,547.11,546.23,546.31,1932.0
1784197320000,546.24,546.26,545.88,545.95,550.0
1784197380000,545.93,546.16,545.92,546.16,431.0
1784197440000,546.23,546.24,545.48,546.08,269.0
1784197500000,546.11,546.14,545.56,545.64,719.0
1784197560000,545.61,545.9,544.99,545.62,1661.0
1784197620000,545.69,545.78,545.19,545.22,1437.0
1784197680000,545.25,546.39,545.25,546.39,671.0
1784197740000,546.32,546.86,546.1,546.86,1142.0
1784197800000,546.82,547.38,546.82,547.38,963.0
1784197860000,547.3,547.36,546.79,547.22,1060.0
1784197920000,547.15,548.62,547.14,548.35,8901.0
1784197980000,548.39,548.43,547.88,548.2,599.0
1784198040000,548.39,548.65,548.2,548.44,2533.0
1784198100000,548.52,548.52,547.38,547.98,5965.0
1784198160000,548.14,548.18,547.93,548.18,946.0
1784198220000,548.14,548.17,547.81,548.05,736.0
1784198280000,548.05,548.21,547.71,548.12,1258.0
1784198340000,547.88,548.03,547.4,547.91,528.0
1784198400000,547.65,548.07,547.65,548.05,462.0
1784198460000,548.09,548.32,547.71,547.71,384.0
1784198520000,547.65,547.65,547.14,547.14,433.0
1784198580000,547.24,547.53,547.03,547.09,136.0
1784198640000,547.03,547.2,546.59,546.64,295.0
1784198700000,546.62,547.06,546.28,546.29,423.0
1784198760000,546.27,546.32,545.59,545.59,860.0
1784198820000,545.57,546.07,545.57,545.78,582.0
1784198880000,545.94,545.98,545.62,545.85,593.0
1784198940000,545.88,546.18,545.68,546.02,275.0
1784199000000,546.02,546.57,546.02,546.07,1404.0
1784199060000,546.13,546.88,546.08,546.8,363.0
1784199120000,546.75,547.38,546.71,547.35,1114.0
1784199180000,547.18,548.15,547.17,547.88,1083.0
1784199240000,547.84,548.04,547.65,547.69,636.0
1784199300000,547.64,548.18,547.51,547.74,1296.0
1784199360000,547.69,548.19,547.57,548.09,629.0
1784199420000,548.1,548.58,547.31,548.09,9436.0
1784199480000,548.02,548.53,547.97,548.49,441.0
1784199540000,548.4,548.5,548.14,548.21,291.0
1784199600000,548.19,548.19,547.39,547.39,287.0
1784199660000,547.15,547.61,546.88,547.19,244.0
1784199720000,547.1,547.66,547.1,547.37,561.0
1784199780000,547.61,547.74,547.33,547.74,386.0
1784199840000,547.66,548.11,547.66,547.85,426.0
1784199900000,547.66,547.66,546.45,546.9,576.0
1784199960000,546.98,547.2,546.88,547.04,591.0
1784200020000,547.0,547.06,546.37,546.54,807.0
1784200080000,546.53,547.21,546.53,547.18,461.0
1784200140000,547.16,547.35,546.92,547.33,519.0
1784200200000,547.2,547.31,546.89,547.13,394.0
1784200260000,547.14,548.03,547.06,547.75,282.0
1784200320000,547.83,548.26,547.78,548.26,578.0
1784200380000,548.26,548.37,547.28,547.43,3922.0
1784200440000,547.28,547.31,546.95,547.25,212.0
1784200500000,547.16,547.38,546.59,546.59,197.0
1784200560000,546.43,546.43,545.88,546.08,509.0
1784200620000,546.26,546.33,545.89,546.15,283.0
1784200680000,546.1,546.18,545.55,546.09,3221.0
1784200740000,546.08,546.39,546.08,546.23,479.0
1784200800000,546.41,546.95,546.41,546.95,261.0
1784200860000,546.9,547.34,546.86,547.34,353.0
1784200920000,547.29,547.47,547.28,547.28,577.0
1784200980000,547.34,548.11,547.03,547.94,1042.0
1784201040000,548.03,548.19,547.85,548.15,352.0
1784201100000,548.07,548.18,547.48,547.66,2600.0
1784201160000,547.73,547.73,547.48,547.71,261.0
1784201220000,547.91,548.34,547.91,548.18,1489.0
1784201280000,548.15,548.39,547.86,547.86,645.0
1784201340000,547.79,547.79,547.19,547.19,435.0
1784201400000,547.2,547.42,547.12,547.21,480.0
1784201460000,547.23,547.78,547.12,547.39,493.0
1784201520000,547.39,547.82,547.39,547.82,364.0
1784201580000,547.87,548.14,547.72,547.84,517.0
1784201640000,547.79,547.79,547.4,547.71,262.0
1784201700000,547.45,547.45,547.12,547.28,625.0
1784201760000,547.27,547.46,547.03,547.22,496.0
1784201820000,547.17,547.26,546.83,546.93,418.0
1784201880000,546.78,547.09,546.09,546.09,1283.0
1784201940000,546.08,546.91,546.02,546.91,952.0
1784202000000,546.74,546.75,546.31,546.5,481.0
1784202060000,546.53,547.39,546.49,547.01,627.0
1784202120000,547.08,547.74,547.08,547.64,526.0
1784202180000,547.57,547.7,547.4,547.59,317.0
1784202240000,547.56,547.77,547.4,547.77,213.0
1784202300000,547.55,547.67,547.45,547.67,176.0
1784202360000,547.65,547.66,547.26,547.37,125.0
1784202420000,547.26,547.26,547.01,547.06,376.0
1784202480000,547.01,547.54,547.0,547.47,388.0
1784202540000,547.42,547.63,546.03,546.07,14934.0
1784202600000,546.03,546.6,545.85,546.14,774.0
1784202660000,546.35,546.93,546.23,546.78,311.0
1784202720000,546.77,546.77,546.4,546.4,45.0
1784202780000,546.5,546.59,546.41,546.41,132.0
1784202840000,546.41,546.84,546.38,546.72,3703.0
1784202900000,546.65,547.15,546.57,546.9,538.0
1784202960000,546.79,547.25,546.49,547.23,3296.0
1784203020000,547.36,547.56,547.08,547.34,566.0
1784203080000,547.25,547.75,547.25,547.59,539.0
1784203140000,547.55,547.63,547.41,547.45,176.0
1784203200000,547.46,547.56,546.83,546.95,554.0
1784203260000,547.01,547.34,546.89,547.2,550.0
1784203320000,547.16,547.23,546.95,546.96,453.0
1784203380000,546.98,547.36,546.82,547.17,193.0
1784203440000,547.19,547.38,546.74,546.84,974.0
1784203500000,546.75,547.55,546.69,547.07,1234.0
1784203560000,546.99,547.09,546.71,546.78,700.0
1784203620000,546.71,546.85,546.35,546.59,295.0
1784203680000,546.61,547.32,546.58,547.2,426.0
1784203740000,547.25,547.32,546.8,547.31,1108.0
1784203800000,547.33,547.33,546.78,546.86,2206.0
1784203860000,546.8,546.91,546.5,546.69,634.0
1784203920000,546.57,546.72,545.96,546.04,889.0
1784203980000,546.04,546.79,546.04,546.49,265.0
1784204040000,546.66,546.98,546.61,546.98,421.0
1784204100000,546.85,546.92,546.43,546.92,257.0
1784204160000,546.83,546.91,546.74,546.82,284.0
1784204220000,546.86,547.51,546.73,547.51,838.0
1784204280000,547.54,547.67,547.54,547.62,908.0
1784204340000,547.79,547.87,547.79,547.87,2.0
1784204400000,547.97,548.26,547.7,548.26,558.0
1784204460000,548.26,549.44,547.39,549.07,3897.0
1784204520000,549.2,549.61,548.61,549.27,791.0
1784204580000,549.13,552.03,549.05,550.8,4324.0
1784204640000,550.8,550.8,549.96,550.28,1060.0
1784204700000,550.25,550.59,549.87,550.31,1062.0
1784204760000,550.3,550.98,550.25,550.6,2317.0
1784204820000,550.36,550.81,550.24,550.35,1793.0
1784204880000,550.44,553.08,550.35,552.1,2495.0
1784204940000,551.87,552.04,551.27,551.61,1698.0
1784205000000,551.78,553.69,551.77,553.18,7793.0
1784205060000,553.11,553.11,552.4,552.72,4902.0
1784205120000,552.55,553.08,552.33,552.72,1190.0
1784205180000,552.59,552.98,552.47,552.55,768.0
1784205240000,552.57,552.98,552.52,552.79,5843.0
1784205300000,552.88,553.47,552.38,552.9,2270.0
1784205360000,552.82,553.76,552.69,553.28,1473.0
1784205420000,552.99,552.99,549.87,550.05,6770.0
1784205480000,549.89,550.44,548.7,549.05,1829.0
1784205540000,549.28,550.33,549.1,550.33,880.0
1784205600000,550.14,551.13,549.2,549.66,2914.0
1784205660000,549.61,549.74,548.76,548.99,714.0
1784205720000,549.16,551.39,548.67,550.61,2276.0
1784205780000,550.61,550.61,550.2,550.41,1128.0
1784205840000,550.42,550.87,550.2,550.44,750.0
1784205900000,550.47,550.59,549.59,549.99,594.0
1784205960000,549.83,551.16,549.56,551.1,447.0
1784206020000,550.77,551.3,550.63,550.9,515.0
1784206080000,550.83,551.15,550.46,551.09,3577.0
1784206140000,551.38,551.77,550.99,551.36,975.0
1784206200000,551.27,551.31,550.81,550.87,296.0
1784206260000,550.88,551.07,550.77,550.99,2730.0
1784206320000,550.98,551.59,550.97,551.47,559.0
1784206380000,551.47,551.76,551.42,551.6,546.0
1784206440000,551.6,552.14,551.59,551.75,2119.0
1784206500000,551.83,553.85,551.68,553.44,95979.0
1784206560000,553.44,553.44,552.73,552.86,775.0
1784206620000,552.74,552.98,552.03,552.4,34378.0
1784206680000,552.36,552.37,551.65,551.75,57205.0
1784206740000,551.69,551.75,551.16,551.28,1733.0
1784206800000,551.18,551.74,551.18,551.74,499.0
1784206860000,551.69,551.83,551.28,551.83,1597.0
1784206920000,551.61,551.95,550.99,550.99,355.0
1784206980000,550.89,551.56,550.79,551.16,542.0
1784207040000,551.24,551.44,550.8,551.1,1331.0
1784207100000,551.06,551.18,550.79,550.79,4231.0
1784207160000,550.91,551.12,550.64,550.87,306.0
1784207220000,550.84,552.63,550.82,552.2,680.0
1784207280000,552.67,552.91,552.43,552.77,630.0
1784207340000,552.71,553.29,552.71,553.29,530.0
1784207400000,553.17,553.51,552.53,553.51,984.0
1784207460000,553.46,553.99,553.28,553.43,3092.0
1784207520000,553.26,553.86,553.04,553.13,1005.0
1784207580000,553.31,553.98,553.13,553.8,5033.0
1784207640000,553.79,555.78,553.77,554.95,32996.0
1784207700000,554.8,555.72,554.49,555.6,2431.0
1784225760000,543.6,545.04,543.6,544.69,2321.0
1784225820000,544.91,544.96,543.88,543.92,10975.0
1784225880000,543.92,544.44,543.88,543.88,561.0
1784225940000,543.88,544.35,543.51,544.35,952.0
1784226000000,544.32,544.52,543.55,544.29,817.0
1784226060000,544.53,545.17,544.11,544.4,4592.0
1784226120000,544.42,544.65,544.13,544.65,1005.0
1784226180000,544.61,544.88,544.48,544.54,373.0
1784226240000,544.42,545.02,544.28,544.91,360.0
1784226300000,545.04,545.51,544.11,544.11,1987.0
1784226360000,544.22,544.67,544.04,544.12,1021.0
1784226420000,543.96,544.41,543.76,544.37,1289.0
1784226480000,544.3,544.34,543.69,543.74,1319.0
1784226540000,543.71,543.83,543.17,543.63,2173.0
1784226600000,543.79,543.95,543.44,543.59,695.0
1784226660000,543.71,544.54,542.95,543.23,700.0
1784226720000,542.86,542.87,541.77,541.78,17798.0
1784226780000,541.58,542.33,540.25,541.25,10871.0
1784226840000,541.38,541.57,540.81,540.83,651.0
1784226900000,540.78,541.03,540.65,540.84,1205.0
1784226960000,540.66,540.99,539.97,540.42,3626.0
1784227020000,540.29,540.5,538.35,538.35,6027.0
1784227080000,538.41,540.55,538.31,540.54,18195.0
1784227140000,540.35,540.81,539.9,540.01,3798.0
1784227200000,540.04,540.22,538.93,540.0,12712.0
1784227260000,540.09,540.98,539.86,540.43,3505.0
1784227320000,540.46,540.53,539.44,539.87,2750.0
1784227380000,540.06,540.86,540.06,540.82,1957.0
1784227440000,540.93,541.67,540.93,541.58,2413.0
1784227500000,541.56,541.56,540.57,540.65,387.0
1784227560000,540.63,540.66,540.23,540.61,300.0
1784227620000,540.62,541.06,540.6,541.01,895.0
1784227680000,541.04,542.64,541.02,542.64,921.0
1784227740000,542.31,542.66,542.17,542.59,553.0
1784227800000,542.67,542.96,542.43,542.96,1163.0
1784227860000,543.06,543.85,542.93,543.59,535.0
1784227920000,543.57,543.62,542.39,542.58,755.0
1784227980000,542.58,542.95,542.44,542.95,1025.0
1784228040000,542.91,543.39,542.51,543.05,1794.0
1784228100000,542.99,543.1,542.4,542.51,1111.0
1784228160000,542.55,543.38,542.55,542.84,1188.0
1784228220000,543.07,543.47,542.91,543.44,1175.0
1784228280000,543.63,543.64,542.95,543.38,630.0
1784228340000,543.19,543.56,543.15,543.56,194.0
1784228400000,543.07,544.12,542.67,544.12,305.0
1784228460000,544.17,544.35,543.72,543.89,410.0
1784228520000,544.08,544.71,544.08,544.59,1411.0
1784228580000,544.33,544.85,544.2,544.85,450.0
1784228640000,544.7,545.04,544.7,545.01,1102.0
1784228700000,544.96,546.15,544.79,545.37,4192.0
1784228760000,545.41,545.75,544.27,544.27,1691.0
1784228820000,544.21,544.3,543.72,544.29,639.0
1784228880000,544.3,544.94,544.3,544.91,11497.0
1784228940000,544.71,545.08,544.71,544.97,387.0
1784229000000,544.87,544.87,544.19,544.25,669.0
1784229060000,544.08,544.59,544.03,544.59,350.0
1784229120000,544.97,544.97,544.29,544.36,557.0
1784229180000,544.44,544.44,543.91,543.96,82.0
1784229240000,543.96,544.28,543.93,544.26,10091.0
1784229300000,544.2,544.49,543.87,543.87,1437.0
1784229360000,543.96,544.9,543.96,544.2,1154.0
1784229420000,544.22,544.22,543.56,543.67,407.0
1784229480000,543.49,544.33,543.49,544.33,204.0
1784229540000,544.58,545.28,544.35,545.23,470.0
1784229600000,545.16,545.65,545.01,545.1,739.0
1784229660000,545.02,545.79,545.02,545.79,1010.0
1784229720000,545.78,545.85,544.45,544.62,1468.0
1784229780000,544.83,544.83,544.03,544.03,279.0
1784229840000,544.02,544.1,543.84,543.91,170.0
1784229900000,543.97,544.14,543.5,543.59,901.0
1784229960000,543.64,543.82,543.47,543.66,193.0
1784230020000,543.52,544.69,543.49,544.69,196.0
1784230080000,544.59,545.53,544.59,545.51,3941.0
1784230140000,545.33,545.64,544.59,544.7,195.0
1784230200000,544.86,545.56,544.86,545.56,1326.0
1784230260000,545.23,545.46,544.54,544.54,667.0
1784230320000,544.51,544.55,544.39,544.43,303.0
1784230380000,544.25,544.26,543.94,544.03,860.0
1784230440000,544.06,544.66,543.97,544.66,217.0
1784230500000,544.74,545.15,544.37,544.97,237.0
1784230560000,544.98,545.17,544.28,544.33,1402.0
1784230620000,544.35,544.58,544.16,544.58,201.0
1784230680000,544.49,545.13,544.49,544.64,478.0
1784230740000,544.62,544.84,544.31,544.41,714.0
1784230800000,544.26,544.26,543.79,544.22,64.0
1784230860000,544.59,545.1,544.44,544.54,805.0
1784230920000,544.41,544.52,544.27,544.35,1139.0
1784230980000,544.39,544.39,543.84,543.91,337.0
1784231040000,543.88,544.54,543.79,544.44,1506.0
1784231100000,544.41,544.41,543.82,543.85,372.0
1784231160000,543.88,543.99,543.7,543.72,365.0
1784231220000,543.64,543.92,543.51,543.87,498.0
1784231280000,543.86,543.86,543.48,543.86,313.0
1784231340000,543.85,544.56,543.62,544.56,838.0
1784231400000,544.59,545.96,544.59,545.96,2963.0
1784231460000,546.05,546.9,545.95,546.17,2053.0
1784231520000,546.21,546.23,545.64,545.64,559.0
1784231580000,545.72,546.64,545.65,546.59,300.0
1784231640000,546.6,546.6,546.2,546.5,727.0
1784231700000,546.48,547.52,546.35,546.86,2095.0
1784231760000,546.67,546.87,546.31,546.53,1013.0
1784231820000,546.52,547.03,546.27,547.01,4356.0
1784231880000,546.96,546.98,546.6,546.97,779.0
1784231940000,546.95,547.15,546.4,546.89,587.0
1784232000000,546.87,547.03,546.23,546.57,6920.0
1784232060000,546.22,546.43,545.62,545.76,1247.0
1784232120000,545.62,546.56,545.4,546.35,680.0
1784232180000,546.16,546.34,546.02,546.07,336.0
1784232240000,546.1,546.1,545.27,545.45,491.0
1784232300000,545.59,545.59,545.15,545.21,5809.0
1784232360000,545.43,545.71,545.32,545.53,763.0
1784232420000,545.51,546.47,545.49,545.91,516.0
1784232480000,546.08,546.25,545.97,546.12,238.0
1784232540000,546.09,546.96,545.98,546.85,779.0
1784232600000,546.8,546.8,546.2,546.61,602.0
1784232660000,546.36,546.37,546.02,546.09,192.0
1784232720000,545.97,546.29,545.86,546.29,662.0
1784232780000,546.39,546.39,544.7,544.99,2434.0
1784232840000,544.75,545.08,544.39,544.93,1922.0
1784232900000,544.99,545.03,543.98,544.38,389.0
1784232960000,544.06,544.79,544.06,544.53,462.0
1784233020000,544.52,544.7,544.4,544.64,459.0
1784233080000,544.59,545.41,544.59,545.32,607.0
1784233140000,545.46,545.78,545.16,545.78,227.0
1784233200000,545.74,546.59,545.72,546.59,645.0
1784233260000,546.63,546.63,545.81,545.84,1933.0
1784233320000,545.79,545.79,545.3,545.58,391.0
1784233380000,545.5,545.78,545.5,545.74,391.0
1784233440000,545.76,545.86,544.64,544.68,2226.0
1784233500000,544.75,544.75,544.35,544.69,624.0
1784233560000,544.95,545.15,544.95,545.03,36.0
1784233620000,544.97,545.29,544.82,545.13,983.0
1784233680000,545.14,545.14,544.72,544.84,142.0
1784233740000,544.92,545.0,544.68,544.78,1558.0
1784233800000,544.86,544.86,544.04,544.25,250.0
1784233860000,544.24,544.86,544.24,544.74,404.0
1784233920000,544.83,545.23,544.78,545.16,1470.0
1784233980000,545.18,545.52,545.18,545.52,357.0
1784234040000,545.5,545.5,545.15,545.47,1015.0
1784234100000,545.47,545.96,545.4,545.63,345.0
1784234160000,545.63,545.63,544.95,544.95,385.0
1784234220000,545.0,545.44,544.81,544.82,1297.0
1784234280000,544.93,545.21,544.85,544.94,587.0
1784234340000,545.04,545.15,544.81,545.15,142.0
1784234400000,545.34,545.34,544.84,544.98,8171.0
1784234460000,544.87,544.95,542.64,542.71,24635.0
1784234520000,542.76,543.74,542.5,543.65,4488.0
1784234580000,543.69,543.7,543.41,543.5,1425.0
1784234640000,543.51,543.91,543.51,543.82,648.0
1784234700000,543.78,544.07,543.3,543.35,2836.0
1784234760000,543.39,543.44,540.5,540.95,8066.0
1784234820000,540.96,541.76,540.89,540.91,790.0
1784234880000,540.89,541.08,540.59,541.08,1327.0
1784234940000,541.09,541.9,541.09,541.87,812.0
1784235000000,541.8,541.8,540.75,540.88,1574.0
1784235060000,540.85,541.1,540.66,540.97,9937.0
1784235120000,540.96,541.02,540.66,540.84,613.0
1784235180000,540.81,540.9,540.63,540.82,643.0
1784235240000,540.79,540.95,540.66,540.72,3704.0
1784235300000,540.78,541.0,539.52,540.1,865.0
1784235360000,540.12,541.06,540.12,541.06,18828.0
1784235420000,541.07,541.27,540.21,540.21,5881.0
1784235480000,540.17,540.29,539.43,540.03,10238.0
1784235540000,540.24,540.6,540.2,540.28,1283.0
1784235600000,540.22,540.69,540.22,540.56,1693.0
1784235660000,540.41,540.58,539.87,540.14,1629.0
1784235720000,540.15,540.15,539.05,539.43,3828.0
1784235780000,539.46,539.49,538.33,538.74,7931.0
1784235840000,538.83,540.01,538.83,539.59,11429.0
1784235900000,539.69,540.09,539.48,539.74,846.0
1784235960000,539.73,540.0,539.52,539.77,6168.0
1784236020000,539.81,539.98,539.3,539.46,23002.0
1784236080000,539.44,539.69,538.9,539.02,1893.0
1784236140000,539.03,539.45,538.87,539.23,538.0
1784236200000,539.25,539.34,539.08,539.18,335.0
1784236260000,539.18,539.25,538.67,538.92,1395.0
1784236320000,539.29,540.35,539.12,540.15,2395.0
1784236380000,540.08,540.34,539.38,539.73,509.0
1784236440000,539.66,540.67,539.47,539.87,1475.0
1784236500000,540.04,541.71,540.04,540.06,3056.0
1784236560000,540.13,540.58,540.06,540.58,249.0
1784236620000,540.67,540.9,540.49,540.49,180.0
1784236680000,540.46,540.68,540.45,540.6,147.0
1784236740000,540.61,540.67,540.14,540.52,1007.0
1784236800000,540.53,540.7,540.28,540.45,850.0
1784236860000,540.52,540.72,540.04,540.11,315.0
1784236920000,540.52,540.93,540.52,540.7,482.0
1784236980000,540.83,540.98,540.65,540.66,296.0
1784237040000,540.54,541.2,540.49,540.53,441.0
1784237100000,540.41,540.66,540.24,540.24,327.0
1784237160000,540.22,541.22,540.16,541.22,2611.0
1784237220000,541.13,541.22,538.88,539.2,24591.0
1784237280000,539.14,539.46,538.79,539.18,4848.0
1784237340000,539.11,539.63,539.11,539.34,641.0
1784237400000,539.29,539.94,538.67,538.77,2132.0
1784237460000,538.85,539.34,538.85,539.19,349.0
1784237520000,539.27,539.57,539.14,539.5,290.0
1784237580000,539.87,539.97,539.53,539.97,478.0
1784237640000,539.98,540.25,539.87,540.16,389.0
1784237700000,540.25,540.69,540.19,540.69,685.0
1784255760000,527.03,527.04,526.43,526.65,575.0
1784255820000,526.61,526.61,524.96,525.47,5717.0
1784255880000,525.68,525.97,525.29,525.34,6007.0
1784255940000,525.38,525.56,524.85,525.1,923.0
1784256000000,525.07,525.81,524.95,525.68,529.0
1784256060000,525.82,526.11,525.62,525.88,709.0
1784256120000,525.97,526.26,525.83,525.89,431.0
1784256180000,525.76,526.91,525.38,526.62,1310.0
1784256240000,526.64,527.0,526.59,527.0,542.0
1784256300000,527.07,527.19,526.82,526.83,3448.0
1784256360000,526.67,526.71,525.91,525.96,673.0
1784256420000,526.29,526.41,525.94,526.08,2597.0
1784256480000,525.99,526.46,525.99,526.07,592.0
1784256540000,526.05,527.33,526.05,527.18,461.0
1784256600000,527.22,527.54,527.0,527.0,575.0
1784256660000,527.04,527.1,526.51,526.59,10297.0
1784256720000,526.68,526.89,526.27,526.89,699.0
1784256780000,526.99,527.35,526.92,527.33,322.0
1784256840000,527.37,527.53,527.01,527.23,272.0
1784256900000,527.27,527.78,527.27,527.7,614.0
1784256960000,527.87,529.21,527.87,529.14,511.0
1784257020000,529.06,529.86,528.99,529.8,681.0
1784257080000,529.83,529.86,529.73,529.76,448.0
1784257140000,529.87,530.37,529.87,529.97,959.0
1784257200000,530.03,530.54,529.79,530.07,880.0
1784257260000,529.96,530.04,528.68,528.77,1865.0
1784257320000,528.73,529.87,528.73,529.87,660.0
1784257380000,530.08,531.99,529.79,531.89,15200.0
1784257440000,531.7,532.59,531.5,531.83,1122.0
1784257500000,531.91,533.99,531.91,533.61,1512.0
1784257560000,533.78,537.77,533.68,535.29,20642.0
1784257620000,535.34,535.45,534.85,535.07,6235.0
1784257680000,535.28,535.43,534.59,534.88,1541.0
1784257740000,534.81,535.04,534.23,534.24,489.0
1784257800000,534.2,534.2,533.59,534.19,11603.0
1784257860000,534.12,534.34,533.66,534.22,578.0
1784257920000,533.8,534.16,533.7,533.75,444.0
1784257980000,533.74,534.24,533.61,533.63,1383.0
1784258040000,533.68,534.24,533.59,533.96,889.0
1784258100000,533.96,534.19,533.5,534.19,858.0
1784258160000,534.24,539.58,534.24,539.15,21319.0
1784258220000,538.84,539.09,537.1,537.88,3251.0
1784258280000,537.72,538.16,537.39,537.79,1169.0
1784258340000,537.66,538.23,537.39,537.39,1032.0
1784258400000,537.2,537.39,536.35,536.65,2034.0
1784258460000,536.73,537.21,536.63,536.98,769.0
1784258520000,537.13,539.18,537.09,538.43,8447.0
1784258580000,538.35,538.59,537.5,537.6,846.0
1784258640000,537.55,543.85,537.5,543.71,11803.0
1784258700000,543.01,544.2,540.48,542.66,39436.0
1784258760000,542.48,542.48,541.48,541.91,4704.0
1784258820000,541.99,541.99,541.0,541.77,1729.0
1784258880000,541.77,542.07,539.9,540.16,15036.0
1784258940000,540.17,540.54,539.79,539.93,592.0
1784259000000,539.91,539.91,538.49,538.7,2323.0
1784259060000,538.7,539.03,538.25,538.26,2755.0
1784259120000,538.25,538.43,537.64,537.73,1352.0
1784259180000,537.76,540.69,537.72,539.97,16091.0
1784259240000,539.97,542.29,539.72,542.14,5392.0
1784259300000,542.1,542.1,539.64,540.18,5662.0
1784259360000,540.14,540.29,539.4,539.46,1504.0
1784259420000,539.44,541.77,538.79,541.25,6382.0
1784259480000,541.09,541.09,540.36,540.78,374.0
1784259540000,540.57,541.56,539.85,541.48,4747.0
1784259600000,541.37,541.68,539.63,539.63,4566.0
1784259660000,539.7,539.95,539.39,539.39,1314.0
1784259720000,539.2,540.07,539.2,540.07,485.0
1784259780000,540.03,540.47,539.58,539.94,1885.0
1784259840000,539.96,540.73,539.77,540.41,880.0
1784259900000,540.47,540.47,539.4,539.49,539.0
1784259960000,539.4,542.54,539.31,540.99,1505.0
1784260020000,540.7,540.91,540.28,540.61,877.0
1784260080000,540.55,540.67,540.32,540.5,789.0
1784260140000,540.63,540.79,539.89,540.67,2750.0
1784260200000,540.49,540.49,537.64,537.64,6784.0
1784260260000,537.85,538.36,537.73,538.18,412.0
1784260320000,538.3,538.39,537.85,538.1,514.0
1784260380000,538.3,538.57,537.96,538.1,9689.0
1784260440000,538.08,538.65,537.66,538.14,649.0
1784260500000,538.22,538.6,537.82,537.82,2237.0
1784260560000,537.87,537.93,537.6,537.9,1011.0
1784260620000,537.84,538.0,537.48,537.48,606.0
1784260680000,537.58,537.83,537.4,537.69,1226.0
1784260740000,537.5,538.25,537.43,537.95,198.0
1784260800000,537.92,537.92,536.97,537.36,584.0
1784260860000,537.48,538.15,537.48,537.97,612.0
1784260920000,537.97,538.0,536.93,537.37,751.0
1784260980000,537.31,537.67,536.93,537.66,605.0
1784261040000,537.74,538.13,537.71,537.8,707.0
1784261100000,537.91,537.94,537.4,537.66,1033.0
1784261160000,537.65,537.95,537.11,537.68,3237.0
1784261220000,537.87,538.44,537.8,538.33,575.0
1784261280000,538.36,539.46,538.31,539.25,1472.0
1784261340000,539.28,539.28,537.95,537.95,622.0
1784261400000,537.88,538.34,537.81,537.93,455.0
1784261460000,537.94,538.48,537.48,537.89,1314.0
1784261520000,537.87,538.16,537.54,537.54,515.0
1784261580000,537.71,537.79,536.57,536.87,1495.0
1784261640000,536.85,537.23,536.7,537.18,595.0
1784261700000,537.17,537.17,536.54,536.91,587.0
1784261760000,536.98,537.64,536.98,537.24,638.0
1784261820000,537.29,537.75,536.68,536.68,456.0
1784261880000,536.77,536.77,536.37,536.54,392.0
1784261940000,536.58,536.62,534.16,535.23,5382.0
1784262000000,535.29,535.38,534.67,535.26,413.0
1784262060000,535.34,535.64,535.16,535.49,612.0
1784262120000,535.56,536.08,535.56,535.79,1742.0
1784262180000,535.99,536.51,535.88,536.49,928.0
1784262240000,536.47,536.68,536.22,536.27,579.0
1784262300000,536.16,536.76,535.76,536.54,712.0
1784262360000,536.5,536.82,536.43,536.82,717.0
1784262420000,536.52,536.52,535.76,536.23,724.0
1784262480000,536.18,536.96,536.18,536.93,671.0
1784262540000,536.98,537.47,536.57,537.07,1356.0
1784262600000,536.99,537.23,536.96,537.02,520.0
1784262660000,537.27,538.43,537.12,538.21,716.0
1784262720000,538.29,538.29,537.34,538.27,723.0
1784262780000,538.34,538.4,537.87,537.9,354.0
1784262840000,537.91,537.91,536.86,537.2,465.0
1784262900000,537.38,537.69,537.2,537.49,2097.0
1784262960000,537.2,537.32,536.79,537.32,516.0
1784263020000,537.17,537.17,536.72,536.84,126.0
1784263080000,537.23,537.23,536.33,537.18,410.0
1784263140000,537.01,537.67,536.99,537.67,564.0
1784263200000,537.57,537.57,536.93,537.07,215.0
1784263260000,536.86,537.33,536.67,537.29,548.0
1784263320000,537.27,537.58,537.01,537.35,3858.0
1784263380000,537.41,537.78,537.29,537.62,1050.0
1784263440000,537.39,537.39,537.0,537.0,2101.0
1784263500000,537.0,538.93,536.7,538.71,2240.0
1784263560000,538.61,538.97,538.28,538.53,2374.0
1784263620000,538.65,539.9,538.65,539.29,1671.0
1784263680000,539.09,539.9,539.0,539.53,384.0
1784263740000,539.53,539.53,538.72,538.79,366.0
1784263800000,538.72,539.26,538.51,538.76,6869.0
1784263860000,538.75,538.97,538.6,538.73,931.0
1784263920000,538.81,539.37,538.79,539.19,2550.0
1784263980000,539.08,539.15,538.6,539.1,457.0
1784264040000,539.16,539.25,538.77,539.03,800.0
1784264100000,539.19,539.19,538.89,539.03,226.0
1784264160000,539.12,539.43,538.93,539.33,286.0
1784264220000,539.2,539.28,538.48,538.6,449.0
1784264280000,538.56,539.9,538.56,539.83,382.0
1784264340000,539.69,539.88,539.63,539.75,224.0
1784264400000,539.59,539.59,538.48,538.51,973.0
1784264460000,538.47,538.47,537.62,537.62,436.0
1784264520000,537.57,537.57,537.17,537.45,510.0
1784264580000,537.54,538.49,537.38,538.41,327.0
1784264640000,538.4,539.47,538.3,539.44,767.0
1784264700000,539.41,539.41,538.3,538.35,465.0
1784264760000,538.39,538.48,537.78,538.14,388.0
1784264820000,538.09,538.11,537.78,537.8,472.0
1784264880000,537.72,537.83,537.46,537.83,670.0
1784264940000,537.86,538.66,537.73,538.54,279.0
1784265000000,538.37,539.53,538.35,538.78,619.0
1784265060000,538.97,539.01,538.59,538.59,211.0
1784265120000,538.61,539.21,538.6,539.21,156.0
1784265180000,539.01,539.04,538.78,538.87,66.0
1784265240000,539.15,539.15,538.46,538.46,275.0
1784265300000,538.56,538.56,537.47,537.47,288.0
1784265360000,537.4,537.56,537.05,537.56,743.0
1784265420000,537.57,537.77,536.99,537.03,1293.0
1784265480000,537.03,537.04,536.27,536.27,1763.0
1784265540000,536.39,536.49,535.93,536.07,2401.0
1784265600000,535.88,536.0,535.62,535.95,318.0
1784265660000,535.62,535.77,534.75,535.07,11082.0
1784265720000,535.12,535.29,534.43,534.43,4095.0
1784265780000,534.43,534.67,533.98,534.66,874.0
1784265840000,534.67,534.73,532.38,533.1,11968.0
1784265900000,532.99,533.08,532.33,532.7,2061.0
1784265960000,532.76,532.77,531.71,531.87,2494.0
1784266020000,532.11,532.2,531.77,532.02,21833.0
1784266080000,532.27,532.67,532.1,532.43,2483.0
1784266140000,532.52,532.59,531.07,531.15,997.0
1784266200000,531.03,532.38,531.0,531.88,1003.0
1784266260000,531.93,531.93,530.71,531.81,4772.0
1784266320000,531.85,535.59,531.85,534.87,10416.0
1784266380000,534.67,536.67,534.67,535.13,9425.0
1784266440000,535.15,536.94,535.15,536.75,5331.0
1784266500000,536.85,537.75,536.27,536.76,1769.0
1784266560000,536.72,537.48,536.28,537.38,4021.0
1784266620000,537.53,539.12,537.53,538.87,3280.0
1784266680000,538.83,541.39,538.82,540.62,9722.0
1784266740000,540.46,540.49,538.54,538.54,2137.0
1784266800000,538.5,538.79,537.65,538.62,5471.0
1784266860000,538.66,539.23,538.29,538.99,503.0
1784266920000,538.95,538.97,537.94,538.59,433.0
1784266980000,538.74,539.49,538.57,539.1,620.0
1784267040000,539.17,539.85,538.75,539.23,20377.0
1784267100000,539.05,539.16,538.19,538.57,572.0
1784267160000,538.48,538.48,536.26,536.26,5489.0
1784267220000,536.35,537.07,536.24,536.97,1794.0
1784267280000,536.95,536.95,535.99,536.32,1165.0
1784267340000,536.31,537.47,536.14,537.47,571.0
1784267400000,537.38,537.38,536.47,537.15,3123.0
1784267460000,537.24,538.05,536.28,536.32,3237.0
1784267520000,536.75,537.08,529.23,530.87,25967.0
1784267580000,530.91,533.04,530.78,532.77,4398.0
1784267640000,532.72,532.83,530.22,532.16,9951.0
1784267700000,532.22,533.0,531.87,531.97,4763.0
1784285760000,535.0,535.69,534.88,535.62,1684.0
1784285820000,535.61,535.61,534.66,534.66,435.0
1784285880000,534.68,534.73,534.56,534.59,275.0
1784285940000,534.58,535.21,534.43,535.0,1512.0
1784286000000,535.01,535.59,534.78,535.59,2883.0
1784286060000,535.3,535.8,535.16,535.33,682.0
1784286120000,535.39,535.53,534.85,534.86,442.0
1784286180000,534.82,534.82,533.66,533.66,2499.0
1784286240000,533.69,533.77,533.5,533.5,717.0
1784286300000,533.5,533.99,532.59,533.99,7274.0
1784286360000,534.05,534.2,533.48,533.48,1093.0
1784286420000,533.47,534.27,533.35,533.87,1107.0
1784286480000,533.85,533.99,533.53,533.57,404.0
1784286540000,533.64,533.66,533.27,533.58,2895.0
1784286600000,533.51,534.16,533.49,534.16,856.0
1784286660000,534.19,535.43,534.1,535.14,1285.0
1784286720000,535.13,535.18,534.68,534.87,233.0
1784286780000,534.87,535.02,534.54,534.78,506.0
1784286840000,534.78,534.83,533.98,533.98,98.0
1784286900000,534.03,534.03,533.48,533.48,1721.0
1784286960000,533.59,533.82,533.4,533.82,380.0
1784287020000,533.86,533.93,533.49,533.78,619.0
1784287080000,533.78,534.04,533.54,534.02,509.0
1784287140000,533.96,534.43,533.81,533.91,1145.0
1784287200000,534.33,536.27,534.31,535.29,1255.0
1784287260000,535.08,535.5,534.77,535.32,1207.0
1784287320000,535.41,535.41,534.68,534.9,2146.0
1784287380000,534.93,535.16,534.45,534.73,325.0
1784287440000,534.66,534.73,533.96,534.25,2986.0
1784287500000,534.31,534.77,534.28,534.76,515.0
1784287560000,534.91,535.32,534.83,535.32,353.0
1784287620000,535.35,535.42,534.88,535.1,264.0
1784287680000,535.0,535.12,534.86,535.08,512.0
1784287740000,535.1,535.1,534.69,534.74,318.0
1784287800000,534.82,534.82,534.08,534.09,4604.0
1784287860000,534.18,534.19,533.98,534.04,437.0
1784287920000,534.19,534.19,533.8,533.8,285.0
1784287980000,533.88,534.04,533.08,533.48,505.0
1784288040000,533.46,533.46,533.1,533.2,307.0
1784288100000,533.21,533.44,532.85,533.07,400.0
1784288160000,533.14,533.18,532.69,532.98,857.0
1784288220000,532.99,533.68,532.77,533.43,892.0
1784288280000,533.54,534.36,533.51,533.88,1547.0
1784288340000,533.89,534.44,533.48,534.44,522.0
1784288400000,534.25,534.6,534.16,534.57,430.0
1784288460000,534.47,534.64,534.26,534.61,149.0
1784288520000,534.62,534.85,534.56,534.61,1571.0
1784288580000,534.57,534.57,533.44,533.71,1389.0
1784288640000,533.66,534.58,533.62,534.43,364.0
1784288700000,534.39,535.21,534.24,534.96,552.0
1784288760000,534.91,535.45,534.74,535.26,914.0
1784288820000,535.19,535.29,534.68,534.81,660.0
1784288880000,534.81,535.29,534.81,535.04,1160.0
1784288940000,535.05,536.03,535.02,535.11,3019.0
1784289000000,535.22,535.22,534.45,535.03,1200.0
1784289060000,534.98,535.09,534.85,534.96,225.0
1784289120000,534.94,535.28,534.94,535.28,309.0
1784289180000,535.14,535.14,534.45,534.81,335.0
1784289240000,534.67,535.09,534.67,535.09,235.0
1784289300000,535.26,535.26,534.82,535.16,513.0
1784289360000,535.25,535.63,534.94,535.61,383.0
1784289420000,535.49,537.24,535.49,537.11,10382.0
1784289480000,537.01,537.01,536.25,536.25,373.0
1784289540000,536.25,536.45,536.05,536.34,617.0
1784289600000,536.38,536.59,536.22,536.48,529.0
1784289660000,536.51,536.95,536.19,536.19,275.0
1784289720000,535.87,536.31,535.67,536.31,2309.0
1784289780000,536.34,536.34,535.91,536.24,1071.0
1784289840000,535.9,536.57,535.88,536.26,933.0
1784289900000,535.97,536.65,535.9,536.58,384.0
1784289960000,536.67,536.74,536.19,536.52,576.0
1784290020000,536.37,536.37,535.48,535.48,3576.0
1784290080000,535.47,535.65,535.29,535.47,325.0
1784290140000,535.56,535.56,534.9,535.07,4001.0
1784290200000,535.1,535.19,534.81,534.81,1253.0
1784290260000,534.72,534.74,534.28,534.29,249.0
1784290320000,534.27,534.54,534.11,534.36,220.0
1784290380000,534.36,534.43,533.39,533.86,7166.0
1784290440000,533.87,534.26,533.83,534.13,181.0
1784290500000,534.27,534.43,533.93,533.93,223.0
1784290560000,534.15,534.24,533.88,534.24,554.0
1784290620000,534.29,534.59,534.29,534.41,522.0
1784290680000,534.39,534.39,533.47,533.47,459.0
1784290740000,533.4,533.56,533.15,533.15,198.0
1784290800000,533.07,533.1,532.49,532.52,165.0
1784290860000,532.36,532.57,531.74,532.36,1539.0
1784290920000,532.08,532.32,532.03,532.32,2996.0
1784290980000,532.38,533.07,532.37,533.07,626.0
1784291040000,533.3,533.31,532.85,532.86,308.0
1784291100000,532.88,533.04,532.84,533.04,387.0
1784291160000,532.72,532.91,532.4,532.79,254.0
1784291220000,532.4,532.52,532.25,532.25,441.0
1784291280000,532.41,532.63,532.21,532.61,2831.0
1784291340000,532.5,533.94,532.5,533.94,894.0
1784291400000,533.7,533.7,533.09,533.24,552.0
1784291460000,533.29,533.41,532.78,532.95,870.0
1784291520000,532.97,533.4,532.33,533.38,1051.0
1784291580000,533.16,533.16,532.63,532.78,415.0
1784291640000,533.06,533.23,532.59,532.84,426.0
1784291700000,532.73,532.73,531.29,531.56,497.0
1784291760000,531.55,532.12,531.55,531.79,1129.0
1784291820000,531.73,532.27,531.61,531.83,982.0
1784291880000,531.89,532.45,530.88,531.14,1350.0
1784291940000,531.16,531.28,530.82,530.98,739.0
1784292000000,530.88,530.88,530.35,530.6,4199.0
1784292060000,530.6,530.9,529.98,530.32,2075.0
1784292120000,530.27,530.42,530.05,530.2,3266.0
1784292180000,530.41,530.88,529.98,530.88,557.0
1784292240000,530.9,531.74,530.73,531.61,3448.0
1784292300000,531.56,531.56,530.82,530.93,2979.0
1784292360000,530.96,531.0,530.18,530.84,952.0
1784292420000,530.83,530.97,530.28,530.6,420.0
1784292480000,530.51,530.51,530.16,530.33,228.0
1784292540000,530.24,530.33,529.92,530.01,820.0
1784292600000,530.0,530.33,530.0,530.2,7359.0
1784292660000,530.21,530.65,530.16,530.65,1199.0
1784292720000,530.66,531.05,530.51,531.05,1916.0
1784292780000,530.97,532.05,530.97,531.75,7533.0
1784292840000,531.77,532.5,531.57,532.46,1306.0
1784292900000,532.48,532.48,531.68,531.88,30667.0
1784292960000,531.8,532.34,531.8,532.33,2891.0
1784293020000,532.4,532.45,532.11,532.11,430.0
1784293080000,532.1,532.1,531.08,531.08,4246.0
1784293140000,531.09,531.19,530.73,530.97,356.0
1784293200000,531.1,531.1,529.98,530.26,3769.0
1784293260000,530.29,530.39,530.07,530.34,617.0
1784293320000,530.3,530.36,529.99,530.01,1134.0
1784293380000,530.02,530.02,528.68,528.73,13185.0
1784293440000,528.67,528.79,527.91,527.91,3783.0
1784293500000,528.0,528.06,525.93,526.54,13221.0
1784293560000,526.54,526.54,524.8,524.82,3064.0
1784293620000,524.81,525.57,524.27,525.57,3015.0
1784293680000,525.6,528.5,525.57,527.29,20543.0
1784293740000,527.17,527.47,527.07,527.07,4731.0
1784293800000,526.95,527.81,526.78,527.77,2505.0
1784293860000,527.78,527.78,525.27,525.75,2960.0
1784293920000,525.6,526.67,525.58,526.67,947.0
1784293980000,526.6,527.29,526.6,527.23,277.0
1784294040000,527.34,527.47,526.86,527.2,2185.0
1784294100000,527.41,528.75,527.05,528.64,1899.0
1784294160000,528.64,528.84,527.62,527.84,6869.0
1784294220000,527.85,527.95,527.44,527.58,376.0
1784294280000,527.69,527.85,527.58,527.74,284.0
1784294340000,527.37,527.37,526.46,526.46,478.0
1784294400000,526.3,527.01,525.7,527.01,1582.0
1784294460000,527.0,527.7,526.89,527.22,1342.0
1784294520000,527.35,527.35,526.28,526.85,351.0
1784294580000,526.85,526.85,526.24,526.24,335.0
1784294640000,526.25,526.47,525.34,525.47,438.0
1784294700000,525.53,526.59,525.08,526.13,4549.0
1784294760000,526.1,526.75,526.09,526.29,937.0
1784294820000,526.23,526.83,525.42,526.24,2444.0
1784294880000,526.0,526.62,525.93,526.31,1079.0
1784294940000,526.26,526.43,525.67,525.86,437.0
1784295000000,526.27,527.47,526.18,526.7,16055.0
1784295060000,526.79,528.09,526.04,528.09,409.0
1784295120000,528.11,528.39,527.25,527.69,501.0
1784295180000,527.7,527.73,525.79,525.79,1613.0
1784295240000,525.84,526.22,525.45,525.54,2513.0
1784295300000,525.55,525.82,524.99,524.99,5284.0
1784295360000,525.07,525.39,523.82,524.77,1924.0
1784295420000,524.37,525.23,524.1,525.0,10397.0
1784295480000,525.07,526.18,524.7,525.65,1224.0
1784295540000,525.82,526.49,525.21,525.21,2155.0
1784295600000,525.19,529.65,525.19,529.18,9176.0
1784295660000,529.07,533.87,528.54,531.76,7892.0
1784295720000,531.76,531.82,530.33,530.85,871.0
1784295780000,530.61,530.7,529.69,529.95,8568.0
1784295840000,529.9,530.19,529.27,530.0,2484.0
1784295900000,529.98,530.78,529.56,530.35,15200.0
1784295960000,530.5,532.58,530.5,530.99,1328.0
1784296020000,530.79,532.36,530.06,532.01,2086.0
1784296080000,531.96,532.15,531.56,531.82,507.0
1784296140000,532.06,533.69,532.06,533.24,3729.0
1784296200000,533.36,534.79,533.0,534.28,23698.0
1784296260000,534.37,534.51,533.45,533.6,4218.0
1784296320000,533.91,535.81,533.91,535.36,6545.0
1784296380000,535.59,536.05,534.83,535.04,2685.0
1784296440000,534.91,535.61,534.42,534.83,9589.0
1784296500000,534.94,535.25,534.23,534.38,20203.0
1784296560000,534.37,537.97,534.19,536.84,14151.0
1784296620000,536.16,541.54,536.16,540.43,9883.0
1784296680000,540.32,542.61,539.46,541.24,15628.0
1784296740000,541.26,542.37,539.39,540.03,8034.0
1784296800000,540.17,540.73,538.71,540.59,9794.0
1784296860000,540.78,543.97,540.55,541.38,8490.0
1784296920000,541.38,542.31,540.81,540.89,11358.0
1784296980000,540.81,541.53,540.25,541.24,5433.0
1784297040000,541.28,543.55,541.17,543.52,8812.0
1784297100000,543.74,545.91,543.39,543.68,8171.0
1784297160000,543.49,545.18,543.49,544.54,9007.0
1784297220000,544.41,547.79,544.25,547.43,8064.0
1784297280000,547.53,548.68,546.39,547.25,31084.0
1784297340000,547.17,548.14,546.1,546.59,6101.0
1784297400000,546.19,547.17,545.26,546.5,13824.0
1784297460000,546.41,547.1,546.0,546.08,1907.0
1784297520000,545.96,546.75,545.37,545.41,6983.0
1784297580000,545.54,546.19,545.07,545.29,649.0
1784297640000,545.18,545.18,542.53,543.15,5943.0
1784297700000,543.33,544.59,542.36,544.06,811.0
1784306580000,544.99,545.98,544.9,545.19,4163.0,22703.7456
1784306640000,545.11,547.4,544.89,547.2,11222.0,61347.7935
1784306700000,547.42,547.76,546.21,546.24,13353.0,73049.4963
1784306760000,546.19,546.65,545.7,545.8,959.0,5237.4726
1784306820000,545.73,547.28,545.63,547.06,889.0,4854.2066
1784306880000,546.82,547.39,546.65,547.39,2079.0,11374.311
1784306940000,547.53,547.59,546.05,546.17,592.0,3237.1074
1784307000000,546.27,547.51,546.18,547.2,2887.0,15784.6634
1784307060000,547.12,548.33,547.03,547.6,3496.0,19148.368
1784307120000,547.59,551.9,547.1,549.3,11219.0,61633.8248
1784307180000,549.19,549.69,548.63,549.27,19173.0,105318.0605
1784307240000,549.32,550.82,549.06,549.52,4495.0,24707.8357
1784307300000,549.49,550.45,549.32,549.32,1792.0,9851.6586
1784307360000,549.28,549.31,547.75,548.59,1405.0,7706.8871
1784307420000,548.8,548.8,547.79,548.2,2620.0,14361.9958
1784307480000,547.9,548.65,547.35,548.65,2169.0,11880.2904
1784307540000,548.25,548.98,548.23,548.72,702.0,3851.4525
1784307600000,548.8,551.49,548.75,551.48,2574.0,14154.3178
1784307660000,551.59,553.6,551.32,552.19,7530.0,41582.4603
1784307720000,552.2,554.08,552.03,553.37,4569.0,25287.5716
1784307780000,553.27,554.09,552.87,553.34,2091.0,11574.1069
1784307840000,553.43,554.89,553.25,554.62,3893.0,21562.753
1784307900000,554.84,555.03,553.94,554.45,7444.0,41298.7953
1784307960000,554.48,555.26,553.8,554.25,15061.0,83471.3554
1784308020000,554.19,554.47,553.48,553.62,2962.0,16410.2749
1784308080000,553.88,556.58,553.88,555.53,1141.0,6332.7844
1784308140000,555.89,556.24,554.18,554.29,8629.0,47850.7654
1784308200000,554.32,555.0,553.87,554.12,3808.0,21112.444
1784308260000,553.84,555.27,553.66,553.78,3064.0,16982.7057
1784308320000,553.62,553.64,552.5,552.5,558.0,3085.3425
1784308380000,552.62,554.77,552.48,554.76,4805.0,26602.9276
1784308440000,554.76,554.76,553.58,553.69,2146.0,11888.7748
1784308500000,553.46,553.46,552.38,552.99,930.0,5140.2174
1784308560000,552.91,553.39,552.44,553.09,3233.0,17877.8863
1784308620000,553.0,553.19,551.63,551.8,927.0,5117.7031
1784308680000,551.9,552.35,551.05,551.16,800.0,4414.2102
1784308740000,551.06,551.29,549.79,549.85,2618.0,14413.1579
1784308800000,549.87,550.68,549.56,550.52,698.0,3840.3865
1784308860000,550.45,550.63,549.69,550.19,2701.0,14851.5774
1784308920000,550.25,551.1,550.13,551.0,399.0,2196.3939
1784308980000,550.95,550.95,550.05,550.77,834.0,4590.5166
1784309040000,550.63,550.67,550.25,550.25,2706.0,14900.6008
1784309100000,550.46,551.67,550.46,551.48,8058.0,44394.3388
1784309160000,551.69,552.37,551.69,552.33,2142.0,11822.4476
1784309220000,552.33,554.31,552.33,553.7,4478.0,24764.3717
1784309280000,553.59,554.58,553.55,554.13,3199.0,17731.4298
1784309340000,554.02,554.12,552.79,552.83,1840.0,10184.5475
1784309400000,552.64,553.15,551.87,552.09,247.0,1364.7962
1784309460000,552.2,552.2,551.44,552.18,1462.0,8070.2515
1784309520000,552.19,553.01,551.72,551.8,1031.0,5692.1998
1784309580000,551.97,552.86,551.93,552.45,618.0,3413.8522
1784309640000,552.34,552.55,551.83,552.29,2969.0,16385.8943
1784309700000,552.35,552.61,551.0,551.03,1110.0,6129.0899
1784309760000,551.18,551.91,551.18,551.29,1267.0,6987.2449
1784309820000,551.72,551.75,551.33,551.45,299.0,1649.3499
1784309880000,551.59,551.59,550.85,551.14,328.0,1807.5585
1784309940000,551.18,551.59,550.94,551.17,1058.0,5832.2009
1784310000000,551.16,551.49,550.66,550.71,1103.0,6075.3
1784310060000,550.7,550.95,550.16,550.58,1078.0,5935.6006
1784310120000,550.58,550.78,549.98,550.12,1833.0,10089.274
1784310180000,550.15,550.18,549.23,549.97,2457.0,13508.8633
1784310240000,549.98,550.19,549.59,549.7,2091.0,11500.5732
1784310300000,549.47,550.43,549.39,550.07,7660.0,42145.8588
1784310360000,549.99,550.39,549.65,549.91,399.0,2194.4351
1784310420000,549.9,550.96,549.59,550.39,2374.0,13060.8678
1784310480000,550.45,550.55,550.2,550.25,179.0,985.2641
1784310540000,550.34,550.34,549.19,549.44,1596.0,8779.0066
1784310600000,549.37,549.39,548.81,549.23,457.0,2509.2566
1784310660000,549.08,549.36,548.64,549.33,744.0,4085.8464
1784310720000,549.29,549.58,548.89,549.58,3290.0,18060.173
1784310780000,549.25,549.51,549.08,549.2,770.0,4229.1272
1784310840000,549.28,549.93,549.26,549.34,426.0,2341.5778
1784310900000,549.1,549.29,548.77,549.02,1753.0,9624.1125
1784310960000,549.09,549.79,549.09,549.14,300.0,1648.2356
1784311020000,549.08,549.66,548.99,549.48,1063.0,5841.8132
1784311080000,549.51,549.51,548.67,548.88,2170.0,11910.1878
1784311140000,548.89,548.91,548.16,548.85,187.0,1025.894
1784311200000,548.87,549.29,548.53,548.54,451.0,2475.594
1784311260000,548.97,549.24,548.63,548.63,1778.0,9761.297
1784311320000,548.77,549.46,548.71,549.46,462.0,2536.2611
1784311380000,549.06,549.92,549.03,549.57,217.0,1192.5551
1784311440000,549.48,549.56,548.41,548.41,441.0,2420.7047
1784311500000,548.27,548.66,547.85,547.87,411.0,2253.3973
1784311560000,548.17,548.17,546.83,547.29,1985.0,10866.5593
1784311620000,547.4,547.49,546.31,546.67,12948.0,70752.6696
1784311680000,546.78,547.41,545.65,546.33,24646.0,134590.7268
1784311740000,546.45,546.77,546.36,546.75,675.0,3689.5721
1784311800000,546.7,547.3,546.7,547.0,2824.0,15446.7021
1784311860000,546.86,547.05,546.19,546.93,1736.0,9488.4294
1784311920000,546.91,547.6,546.82,547.47,492.0,2692.0857
1784311980000,547.28,548.83,547.19,548.63,1426.0,7818.4268
1784312040000,548.74,548.74,547.86,547.86,2181.0,11961.0908
1784312100000,547.96,548.02,547.25,547.69,304.0,1665.0433
1784312160000,547.58,547.66,547.08,547.08,338.0,1850.0267
1784312220000,547.16,547.16,546.02,546.02,459.0,2509.2609
1784312280000,546.07,547.06,546.07,546.97,1434.0,7841.9919
1784312340000,546.88,546.88,546.32,546.39,5540.0,30287.3834
1784312400000,546.5,546.55,546.04,546.07,475.0,2594.6687
1784312460000,546.27,546.27,545.68,545.87,894.0,4881.8302
1784312520000,546.09,546.78,546.09,546.75,845.0,4616.9816
1784312580000,546.73,547.71,546.58,547.14,779.0,4260.8705
1784312640000,547.07,547.07,545.91,546.32,574.0,3135.5522
1784312700000,546.2,546.62,545.96,546.16,1109.0,6060.9567
1784312760000,546.02,546.1,545.59,545.98,1205.0,6576.1739
1784312820000,545.93,546.48,545.34,545.45,429.0,2342.3823
1784312880000,545.46,545.86,545.04,545.84,2528.0,13785.602
1784312940000,545.87,546.58,545.87,546.37,1226.0,6699.6614
1784313000000,546.24,546.82,546.24,546.36,136.0,743.2958
1784313060000,546.4,546.55,545.87,545.87,257.0,1404.1318
1784313120000,545.5,546.04,545.38,545.49,478.0,2608.4004
1784313180000,545.64,545.83,545.54,545.61,211.0,1151.3677
1784313240000,545.61,546.46,545.24,546.25,2767.0,15103.1782
1784313300000,546.06,546.4,545.48,546.4,964.0,5260.5995
1784313360000,546.13,546.45,545.69,545.69,417.0,2277.5718
1784313420000,545.76,545.78,544.79,545.04,16896.0,92076.6689
1784313480000,545.04,546.11,545.04,545.66,2923.0,15946.9882
1784313540000,545.69,546.11,545.61,546.04,1404.0,7665.5368
1784313600000,545.88,545.91,545.48,545.79,255.0,1391.6807
1784313660000,545.81,547.28,545.79,547.18,1302.0,7121.029
1784313720000,547.33,547.54,547.09,547.16,1031.0,5643.143
1784313780000,547.39,548.27,547.39,548.27,740.0,4055.2303
1784313840000,548.34,549.07,548.22,548.92,1973.0,10823.9377
1784313900000,548.67,549.22,548.19,549.22,681.0,3738.436
1784313960000,549.13,549.15,548.6,549.06,1470.0,8067.8686
1784314020000,549.06,549.56,548.94,549.35,804.0,4416.2249
1784314080000,549.4,550.29,549.4,549.96,241.0,1324.9486
1784314140000,549.6,550.27,549.39,549.46,792.0,4353.9981
1784314200000,549.45,550.41,549.08,549.97,31893.0,175431.3639
1784314260000,549.98,550.74,549.7,549.7,4508.0,24807.0243
1784314320000,549.71,549.79,549.15,549.72,205.0,1126.274
1784314380000,549.72,550.16,549.27,549.77,2775.0,15256.6106
1784314440000,549.76,550.4,549.46,550.4,1387.0,7628.577
1784314500000,550.34,550.41,549.48,549.54,1534.0,8436.227
1784314560000,549.57,549.6,548.88,548.88,1578.0,8664.0728
1784314620000,548.97,549.07,548.52,548.99,164.0,900.1606
1784314680000,549.04,549.39,548.82,549.39,1010.0,5545.6043
1784314740000,549.47,549.52,548.72,548.79,307.0,1685.577
1784314800000,548.71,548.75,548.12,548.48,266.0,1459.0929
1784314860000,548.59,548.79,548.28,548.28,221.0,1212.28
1784314920000,548.32,548.54,548.0,548.29,3934.0,21562.5382
1784314980000,548.22,548.51,548.18,548.51,1052.0,5770.0371
1784315040000,548.59,549.54,548.59,548.93,1262.0,6927.3168
1784315100000,548.72,548.79,548.19,548.23,2567.0,14086.1926
1784315160000,548.22,548.5,548.0,548.08,517.0,2833.7336
1784315220000,548.0,548.0,547.43,547.43,242.0,1325.2504
1784315280000,547.4,547.43,546.14,546.37,7540.0,41222.7609
1784315340000,546.53,546.54,544.46,544.46,3110.0,16973.4087
1784315400000,544.5,545.4,544.5,545.4,871.0,4747.2721
1784315460000,545.29,545.29,544.29,544.29,694.0,3779.5744
1784315520000,544.27,544.27,542.0,542.84,21100.0,114634.8213
1784315580000,542.75,543.67,542.09,543.58,1918.0,10411.6698
1784315640000,543.68,543.97,543.64,543.64,12295.0,66861.1703
1784315700000,543.71,544.23,543.57,543.89,1309.0,7122.6662
1784315760000,544.27,544.65,544.25,544.4,484.0,2635.0368
1784315820000,544.65,544.67,544.22,544.67,392.0,2134.419
1784315880000,544.78,545.47,544.66,544.66,1114.0,6072.0424
1784315940000,544.66,545.49,544.42,544.63,17799.0,96988.2172
1784316000000,544.61,544.61,544.08,544.32,778.0,4235.8284
1784316060000,544.24,544.79,544.24,544.39,378.0,2057.8011
1784316120000,544.41,544.43,543.95,544.2,925.0,5033.3137
1784316180000,544.2,545.35,544.2,545.18,358.0,1950.6465
1784316240000,544.94,545.06,544.29,544.43,238.0,1296.4834
1784316300000,544.44,545.06,544.36,544.94,471.0,2564.8848
1784316360000,545.07,545.56,545.07,545.56,298.0,1625.1268
1784316420000,545.38,545.9,545.38,545.73,3142.0,17150.8677
1784316480000,545.88,546.87,545.88,546.66,1005.0,5489.6679
1784316540000,546.52,546.93,546.06,546.76,698.0,3813.5538
1784316600000,546.99,547.37,546.79,547.27,5856.0,32043.7582
1784316660000,547.1,547.57,547.04,547.56,1397.0,7644.4814
1784316720000,547.32,547.85,546.81,546.83,1217.0,6663.6823
1784316780000,546.98,546.99,546.2,546.53,613.0,3350.5363
1784316840000,546.6,546.85,545.95,546.36,8902.0,48659.6295
1784316900000,546.44,547.21,546.44,546.69,337.0,1842.7064
1784316960000,546.71,546.71,546.26,546.44,2955.0,16144.4369
1784317020000,546.39,546.79,546.31,546.31,276.0,1508.3378
1784317080000,546.39,546.88,546.17,546.59,173.0,945.3599
1784317140000,546.57,546.57,545.75,545.75,120.0,655.241
1784317200000,545.72,547.07,545.66,547.07,1321.0,7219.0934
1784317260000,547.09,547.38,547.06,547.3,329.0,1800.3575
1784317320000,547.21,547.87,546.67,547.87,538.0,2944.346
1784317380000,547.73,547.73,547.29,547.41,286.0,1566.2329
1784317440000,547.28,547.7,547.28,547.7,36.0,197.0801
1784317500000,547.19,547.65,547.19,547.61,276.0,1510.7518
1784317560000,547.07,547.51,546.59,546.59,287.0,1570.2231
1784317620000,546.58,546.93,546.51,546.59,226.0,1235.4002
1784317680000,546.59,547.15,546.59,546.85,218.0,1192.1423
1784317740000,546.68,546.95,546.4,546.8,170.0,929.4118
1784317800000,546.8,546.8,546.04,546.53,535.0,2922.5033
1784317860000,546.48,547.39,546.48,547.31,710.0,3884.0722
1784317920000,547.24,547.24,546.7,546.71,94.0,514.1129
1784317980000,547.01,547.01,546.46,546.79,303.0,1656.4953
1784318040000,546.77,546.77,546.18,546.48,339.0,1852.1721
1784318100000,546.53,546.53,546.25,546.41,237.0,1294.9293
1784318160000,546.38,546.66,546.33,546.4,580.0,3169.054
1784318220000,546.45,546.55,545.93,546.22,348.0,1900.8214
1784318280000,546.48,546.77,546.42,546.49,459.0,2508.8697
1784318340000,546.48,546.57,546.02,546.16,294.0,1606.3768
1784318400000,545.98,546.03,544.59,544.68,1719.0,9380.6659
1784318460000,544.72,544.81,544.24,544.24,568.0,3093.4601
1784318520000,544.2,544.33,543.66,543.84,11351.0,61732.8498
1784318580000,543.84,543.91,543.29,543.77,7352.0
1784318640000,543.7,544.12,543.65,543.91,256.0
1784318700000,543.93,544.18,543.51,543.86,325.0
1784318760000,543.93,544.32,543.93,544.32,295.0
1784318820000,544.25,544.25,543.61,544.22,273.0
1784318880000,544.24,544.66,544.24,544.57,456.0
1784318940000,544.42,544.57,544.19,544.32,174.0
1784319000000,544.32,544.32,543.84,544.11,459.0
1784319060000,544.02,544.47,544.02,544.47,119.0
1784319120000,544.06,544.26,544.06,544.19,262.0
1784319180000,544.28,544.38,544.18,544.18,450.0
1784319240000,544.37,544.59,544.36,544.56,133.0
1784319300000,544.5,544.66,544.47,544.57,340.0
1784319360000,544.64,544.98,544.6,544.98,356.0
1784319420000,544.98,544.98,544.32,544.49,270.0
1784319480000,544.57,545.38,544.57,545.35,1092.0
1784319540000,545.16,545.36,544.83,545.18,381.0
1784319600000,545.24,545.86,545.24,545.59,329.0
1784319660000,545.38,545.57,545.08,545.08,220.0
1784319720000,545.08,545.08,544.8,544.8,113.0
1784319780000,544.85,545.46,544.85,545.43,509.0
1784319840000,545.46,545.47,545.4,545.47,245.0
1784319900000,545.87,546.01,545.82,545.95,3134.0
1784319960000,545.94,545.94,545.26,545.26,637.0
1784320020000,545.29,545.29,545.08,545.08,235.0
1784320080000,545.09,545.52,545.09,545.51,601.0
1784320140000,545.47,545.47,544.9,544.9,197.0
1784320200000,544.68,544.91,544.48,544.53,922.0
1784320260000,544.53,544.66,544.29,544.61,787.0
1784320320000,544.36,544.4,544.21,544.34,1602.0
1784320380000,544.41,544.94,544.27,544.94,362.0
1784320440000,544.81,544.81,544.19,544.19,277.0
1784320500000,543.99,543.99,543.19,543.29,517.0
1784320560000,543.36,543.36,542.69,542.84,201.0
1784320620000,542.92,543.02,542.68,542.68,223.0
1784320680000,542.67,542.71,542.15,542.5,759.0
1784320740000,542.5,542.88,542.29,542.29,329.0
1784320800000,542.27,542.27,541.46,541.68,8572.0
1784320860000,541.65,541.79,541.48,541.5,351.0
1784320920000,541.47,541.81,540.92,541.36,1834.0
1784320980000,541.47,541.84,541.08,541.72,2077.0
1784321040000,541.72,542.45,541.71,542.25,836.0
1784321100000,542.46,542.62,542.32,542.32,438.0
1784321160000,542.11,542.11,540.94,540.94,2983.0
1784321220000,540.93,541.58,540.93,541.11,616.0
1784321280000,541.08,541.24,541.03,541.08,2609.0
1784321340000,541.03,541.16,541.03,541.12,84.0
1784321400000,541.18,541.7,541.01,541.29,3001.0
1784321460000,541.28,541.58,541.25,541.49,827.0
1784321520000,541.41,542.14,541.4,542.14,401.0
1784321580000,542.13,542.16,541.73,541.9,702.0
1784321640000,541.81,542.55,541.81,542.41,1180.0
1784321700000,542.56,543.39,542.56,543.24,3226.0
1784321760000,543.11,543.11,542.81,542.83,493.0
1784321820000,542.97,543.06,542.81,543.03,455.0
1784321880000,543.04,543.08,542.73,542.74,911.0
1784321940000,542.73,543.03,542.54,542.54,797.0
1784322000000,542.78,543.78,542.78,543.63,820.0
1784322060000,543.59,543.97,543.59,543.68,549.0
1784322120000,543.7,544.26,543.56,544.26,146.0
1784322180000,544.24,544.57,543.98,544.41,2182.0
1784322240000,544.41,544.54,544.22,544.24,801.0
1784322300000,544.15,544.15,543.72,543.74,6358.0
1784322360000,543.94,544.18,543.94,544.13,814.0
1784322420000,544.07,544.1,543.94,544.08,214.0
1784322480000,544.1,544.59,544.08,544.59,7549.0
1784322540000,544.66,544.85,544.46,544.85,366.0
1784322600000,544.86,544.88,544.53,544.53,753.0
1784322660000,544.52,544.66,544.44,544.65,412.0
1784322720000,544.82,545.28,544.82,545.04,236.0
1784322780000,545.02,545.98,544.86,545.18,1011.0
1784322840000,545.04,545.2,544.85,544.85,315.0
1784322900000,544.77,544.94,544.44,544.94,294.0
1784322960000,544.99,545.09,544.33,544.42,288.0
1784323020000,544.28,544.37,543.84,544.29,584.0
1784323080000,544.35,544.4,543.89,543.89,138.0
1784323140000,543.79,544.02,543.74,543.8,206.0
1784323200000,543.82,544.04,543.64,543.78,317.0
1784323260000,543.82,543.97,543.81,543.94,125.0
1784323320000,544.0,544.4,544.0,544.37,355.0
1784323380000,544.58,545.29,544.58,545.16,516.0
1784323440000,545.05,545.57,544.88,545.09,4899.0
1784323500000,544.99,545.03,544.75,544.96,169.0
1784323560000,545.03,545.08,544.41,544.5,224.0
1784323620000,544.8,544.81,544.56,544.66,339.0
1784323680000,544.59,544.87,544.59,544.61,427.0
1784323740000,544.6,544.63,544.54,544.54,162.0
1784323800000,544.3,544.31,543.8,544.04,1709.0
1784323860000,544.27,544.34,543.71,543.72,247.0
1784323920000,543.75,543.89,543.08,543.08,256.0
1784323980000,543.08,543.08,542.68,542.68,512.0
1784324040000,542.67,543.38,542.53,542.99,1049.0
1784324100000,542.92,543.41,542.89,543.41,235.0
1784324160000,543.47,543.56,543.4,543.43,455.0
1784324220000,543.49,543.79,543.48,543.56,308.0
1784324280000,543.53,543.87,543.41,543.41,10317.0
1784324340000,543.69,543.69,543.41,543.41,188.0
1784324400000,543.39,543.39,542.85,542.85,801.0
1784324460000,542.88,543.66,542.82,543.66,1542.0
1784324520000,543.78,543.79,543.5,543.5,312.0
1784324580000,543.47,543.75,543.27,543.32,299.0
1784324640000,543.19,543.36,543.11,543.24,246.0
1784324760000,543.52,544.1,543.48,543.53,2783.0
1784324820000,543.6,543.62,543.56,543.6,170.0
1784324880000,543.59,543.59,543.51,543.51,70.0
1784324940000,543.47,543.47,543.23,543.35,267.0
1784325000000,543.4,543.47,543.4,543.47,228.0
1784325060000,543.43,543.49,543.38,543.41,284.0
1784325120000,543.41,543.49,543.37,543.37,236.0
1784325180000,543.35,543.35,543.35,543.35,1.0
1784325240000,543.12,543.12,542.83,542.86,408.0
1784325300000,542.79,542.79,542.68,542.78,157.0
1784325360000,542.79,543.07,542.79,543.07,66.0
1784325420000,543.09,543.56,543.05,543.56,138.0
1784325480000,543.79,544.19,543.4,543.57,254.0
1784325540000,543.57,543.78,543.09,543.18,279.0
1784325600000,543.19,543.87,543.19,543.87,126.0
1784325660000,544.02,544.02,543.5,543.53,298.0
1784325720000,543.47,543.47,543.08,543.16,1926.0
1784325780000,543.08,543.1,542.0,542.11,22256.0
1784325840000,542.41,542.82,542.41,542.64,1097.0
1784325900000,542.69,542.69,542.33,542.52,304.0
1784325960000,542.48,542.48,542.11,542.11,117.0
1784326020000,542.29,542.67,542.29,542.67,12.0
1784326080000,543.0,543.19,542.82,543.12,2308.0
1784326140000,543.18,543.32,543.09,543.32,377.0
1784326200000,543.43,544.19,543.43,543.89,2644.0
1784326260000,543.91,544.71,543.91,544.71,1585.0
1784326320000,544.73,544.9,544.73,544.78,71.0
1784326380000,544.98,544.98,544.94,544.95,78.0
1784326440000,544.98,544.98,544.54,544.54,235.0
1784326500000,544.5,544.56,544.29,544.5,7911.0
1784326560000,544.52,544.52,544.03,544.31,2931.0
1784326620000,544.25,544.25,543.86,543.95,209.0
1784326680000,544.11,544.11,543.91,543.91,121.0
1784326740000,543.79,543.84,543.64,543.83,190.0
1784326800000,543.82,543.84,543.52,543.53,308.0
1784326860000,543.5,543.5,543.15,543.15,155.0
1784326920000,543.2,543.66,543.18,543.66,322.0
1784326980000,543.54,543.66,543.37,543.41,498.0
1784327040000,543.58,543.61,543.39,543.54,234.0
1784327100000,543.67,544.81,543.67,544.57,2101.0
1784327160000,544.57,544.57,543.23,543.26,563.0
1784327220000,543.15,543.15,542.7,542.91,344.0
1784327280000,542.71,542.97,542.41,542.41,1006.0
1784327340000,542.28,542.66,542.07,542.35,833.0
1784327400000,542.41,542.91,542.41,542.6,379.0
1784327460000,542.49,542.49,542.05,542.3,370.0
1784327520000,542.33,542.63,542.07,542.51,282.0
1784327580000,542.45,543.63,542.45,543.49,536.0
1784327640000,543.59,543.59,542.87,542.87,372.0
1784327700000,542.7,543.31,542.68,543.27,433.0
1784327760000,543.37,543.37,542.92,542.92,240.0
1784336580000,546.89,546.89,546.27,546.4,327.0,1786.7022
1784336640000,546.31,546.96,546.31,546.96,303.0,1655.7037
1784336700000,546.99,547.03,546.62,546.69,618.0,3378.5764
1784336760000,546.68,546.68,545.83,545.91,505.0,2757.8243
1784336820000,545.91,545.91,545.52,545.54,873.0,4764.6221
1784336880000,545.6,546.04,545.55,546.04,164.0,895.0098
1784336940000,546.13,546.54,546.04,546.12,453.0,2474.6227
1784337000000,546.06,546.06,545.81,545.94,1128.0,6157.7066
1784337060000,546.04,546.14,545.56,545.7,395.0,2156.2141
1784337120000,545.78,545.89,545.74,545.74,357.0,1948.5461
1784337180000,545.52,545.74,545.52,545.74,254.0,1385.6719
1784337240000,545.81,546.14,545.57,545.57,173.0,944.2826
1784337300000,545.64,545.66,545.5,545.65,248.0,1352.9525
1784337360000,545.73,546.18,545.54,546.18,1840.0,10041.4244
1784337420000,546.19,546.34,545.51,545.74,295.0,1609.9967
1784337480000,545.73,545.86,545.52,545.79,162.0,884.122
1784337540000,545.78,545.87,545.52,545.54,445.0,2428.3664
1784337600000,545.56,545.74,545.54,545.65,336.0,1833.3462
1784337660000,545.63,545.63,545.51,545.52,180.0,981.9832
1784337720000,545.51,546.27,545.51,546.27,231.0,1260.6481
1784337780000,546.46,546.66,546.33,546.47,457.0,2497.5383
1784337840000,546.64,546.64,546.41,546.41,175.0,956.4505
1784337900000,546.5,546.78,546.5,546.77,147.0,803.5768
1784337960000,546.8,547.12,546.66,547.06,241.0,1318.2106
1784338020000,546.99,547.76,546.99,547.55,486.0,2660.529
1784338080000,547.57,547.87,547.5,547.87,342.0,1872.9911
1784338140000,547.58,547.78,547.47,547.55,901.0,4933.5004
1784338200000,547.71,549.48,547.68,548.54,3240.0,17771.9466
1784338260000,548.54,548.58,548.11,548.11,678.0,3718.9843
1784338320000,548.06,548.06,547.4,547.4,588.0,3220.4898
1784338380000,547.45,547.45,546.48,546.88,602.0,3291.585
1784338440000,546.78,546.98,546.64,546.74,510.0,2788.8921
1784338500000,546.54,546.58,546.35,546.51,2209.0,12071.6704
1784338560000,546.59,546.65,546.46,546.46,477.0,2606.9007
1784338620000,546.56,547.04,546.48,546.81,2053.0,11225.7172
1784338680000,546.84,546.84,546.45,546.45,590.0,3224.6439
1784338740000,546.47,546.97,546.38,546.68,495.0,2705.9871
1784338800000,546.72,546.78,546.07,546.35,1988.0,10860.1271
1784338860000,546.33,546.42,546.23,546.24,475.0,2595.1348
1784338920000,546.23,546.76,546.2,546.76,1354.0,7397.6695
1784338980000,546.81,546.99,546.77,546.97,246.0,1345.403
1784339040000,547.0,547.13,546.85,546.94,345.0,1886.9882
1784339100000,546.99,547.04,546.81,546.89,488.0,2668.8955
1784339160000,546.87,547.36,546.85,547.36,1508.0,8247.6777
1784339220000,547.06,547.57,547.06,547.21,101.0,552.8133
1784339280000,547.64,547.82,547.4,547.45,100.0,547.5621
1784339340000,547.97,548.34,547.97,548.33,3404.0,18662.3156
1784339400000,548.22,548.22,547.46,547.46,194.0,1063.1658
1784339460000,547.73,548.91,547.73,548.68,1634.0,8959.6695
1784339520000,548.51,548.89,548.46,548.66,615.0,3373.7147
1784339580000,548.78,548.93,548.56,548.77,571.0,3133.9953
1784339640000,548.69,548.79,548.31,548.33,770.0,4224.3206
1784339700000,548.45,548.81,548.41,548.68,421.0,2309.4711
1784339760000,548.54,548.54,547.85,547.87,324.0,1775.5577
1784339820000,547.89,547.96,547.71,547.79,339.0,1857.2044
1784339880000,547.58,548.1,547.58,548.05,272.0,1490.308
1784339940000,547.76,547.85,547.44,547.82,562.0,3077.452
1784340000000,547.88,548.42,547.42,548.31,409.0,2241.2422
1784340060000,548.22,548.25,547.88,547.96,10495.0,57535.3663
1784340120000,547.9,548.32,547.69,548.3,145.0,794.8468
1784340180000,548.05,548.11,547.57,547.57,258.0,1413.4549
1784340240000,547.59,547.66,547.54,547.66,91.0,498.3124
1784340300000,547.66,547.66,546.91,547.27,170.0,930.1879
1784340360000,547.24,547.24,546.72,546.8,420.0,2297.0875
1784340420000,546.6,546.9,546.6,546.9,657.0,3592.7598
1784340480000,546.9,547.32,546.9,547.32,6661.0,36429.5134
1784340540000,547.38,548.08,547.38,547.83,1369.0,7496.7104
1784340600000,547.65,547.65,547.11,547.18,1272.0,6961.0964
1784340660000,547.19,547.51,547.15,547.22,513.0,2807.4589
1784340720000,547.22,547.34,547.09,547.13,229.0,1253.032
1784340780000,547.26,547.26,546.85,546.85,226.0,1236.4635
1784340840000,546.69,547.27,546.69,547.08,349.0,1909.3111
1784340900000,547.13,547.81,547.13,547.81,571.0,3126.6746
1784340960000,547.81,548.25,547.73,548.2,245.0,1342.6518
1784341020000,548.2,548.58,548.1,548.48,330.0,1809.6624
1784341080000,548.59,548.78,548.31,548.32,276.0,1514.1044
1784341140000,548.33,548.61,548.13,548.58,693.0,3800.5923
1784341200000,548.65,549.62,548.65,549.41,26444.0,145180.9029
1784341260000,549.47,549.48,548.73,548.73,866.0,4753.4786
1784341320000,548.87,549.42,548.87,549.4,2956.0,16230.497
1784341380000,549.04,549.41,549.04,549.16,408.0,2241.1099
1784341440000,549.25,549.79,549.25,549.79,444.0,2440.2407
1784341500000,549.79,549.79,549.69,549.79,295.0,1621.7976
1784341560000,549.71,549.79,549.45,549.52,360.0,1978.8787
1784341620000,549.59,549.59,549.05,549.19,3078.0,16910.1124
1784341680000,549.06,549.35,548.87,549.21,916.0,5029.3099
1784341740000,549.22,549.57,549.16,549.57,249.0,1367.6308
1784341800000,549.66,550.65,549.66,550.59,2225.0,12244.7673
1784341860000,550.33,550.39,549.89,550.38,437.0,2404.2313
1784341920000,550.21,550.86,550.16,550.71,829.0,4562.3027
1784341980000,550.47,550.77,549.85,550.04,8250.0,45389.7579
1784342040000,549.93,549.93,548.99,548.99,815.0,4475.4767
1784342100000,548.65,548.75,548.53,548.75,202.0,1108.2731
1784342160000,548.89,549.33,548.89,549.02,586.0,3217.9746
1784342220000,548.87,549.04,548.47,548.53,2516.0,13809.0589
1784342280000,548.63,548.98,548.43,548.96,372.0,2041.0342
1784342340000,548.98,549.24,548.81,548.88,721.0,3958.2354
1784342400000,548.88,548.88,548.2,548.37,373.0,2045.108
1784342460000,548.37,548.49,548.2,548.3,298.0,1633.9612
1784342520000,548.26,548.37,548.21,548.3,319.0,1749.0858
1784342580000,548.33,548.95,548.28,548.82,330.0,1810.7534
1784342640000,548.75,548.81,548.53,548.59,314.0,1722.8432
1784342700000,548.56,548.79,548.39,548.52,906.0,4969.8619
1784342760000,548.65,548.65,547.51,547.51,1983.0,10868.0526
1784342820000,547.55,547.91,547.5,547.8,199.0,1090.0097
1784342880000,547.71,547.75,547.46,547.75,657.0,3597.2109
1784342940000,547.61,547.61,547.2,547.32,344.0,1882.9126
1784343000000,547.29,547.29,547.0,547.19,469.0,2565.8847
1784343060000,547.15,547.19,546.89,546.92,20296.0,111019.3071
1784343120000,546.89,546.99,546.31,546.45,1212.0,6625.7428
1784343180000,546.48,546.48,546.21,546.43,336.0,1835.5789
1784343240000,546.36,546.48,545.84,545.97,358.0,1954.9578
1784343300000,545.98,546.32,545.85,546.32,855.0,4669.979
1784343360000,546.35,546.74,546.28,546.51,1578.0,8623.2295
1784343420000,546.45,546.54,546.02,546.26,499.0,2725.7479
1784343480000,546.29,546.33,546.12,546.22,868.0,4741.3734
1784343540000,546.18,546.67,545.88,545.88,532.0,2906.5265
1784343600000,545.88,546.55,545.88,546.55,751.0,4103.5634
1784343660000,546.64,546.65,545.94,545.96,228.0,1245.576
1784343720000,545.96,546.33,545.93,546.25,415.0,2266.1036
1784343780000,546.1,546.18,545.65,545.73,370.0,2019.7869
1784343840000,545.49,546.7,545.49,546.7,1361.0,7435.1008
1784343900000,546.7,546.93,546.53,546.71,789.0,4314.2148
1784343960000,546.69,547.38,546.59,547.31,1705.0,9325.2488
1784344020000,547.31,547.39,546.97,547.34,365.0,1997.2675
1784344080000,547.39,547.78,547.38,547.5,278.0,1522.2272
1784344140000,547.54,547.95,547.48,547.95,110.0,602.5241
1784344200000,547.99,547.99,547.97,547.97,44.0,241.1138
1784344260000,547.75,548.26,547.35,547.41,296.0,1621.4379
1784344320000,547.41,547.72,547.22,547.72,480.0,2627.9879
1784344380000,547.31,547.53,547.27,547.32,286.0,1565.5726
1784344440000,547.51,547.78,547.51,547.62,86.0,471.0143
1784344500000,547.46,547.52,547.26,547.52,104.0,569.3727
1784344560000,547.47,547.99,547.44,547.99,218.0,1193.8704
1784344620000,547.89,547.99,547.14,547.22,544.0,2979.6419
1784344680000,547.59,547.68,547.34,547.58,174.0,952.633
1784344740000,547.49,547.64,547.39,547.39,179.0,980.0518
1784344800000,547.07,547.26,547.02,547.18,288.0,1575.7019
1784344860000,547.09,547.09,546.35,546.35,309.0,1689.8268
1784344920000,546.5,546.85,546.36,546.36,328.0,1793.2757
1784344980000,546.27,546.53,546.19,546.51,338.0,1846.7366
1784345040000,546.54,546.54,545.74,545.77,1676.0,9152.4078
1784345100000,545.94,546.11,545.75,546.09,312.0,1703.2864
1784345160000,546.09,546.39,546.08,546.27,349.0,1906.5036
1784345220000,546.22,546.25,545.91,546.09,801.0,4373.8644
1784345280000,546.04,546.36,545.95,546.36,246.0,1343.608
1784345340000,546.36,546.36,545.92,546.26,616.0,3364.1314
1784345400000,545.96,546.06,545.93,546.0,436.0,2380.5268
1784345460000,546.0,546.67,545.98,546.67,1012.0,5529.005
1784345520000,546.56,546.79,546.27,546.27,1750.0,9561.1059
1784345580000,546.19,546.19,545.84,545.88,437.0,2386.1545
1784345640000,545.91,546.25,545.81,545.91,271.0,1479.8088
1784345700000,545.9,546.08,545.84,545.84,377.0,2058.2379
1784345760000,545.83,546.44,545.83,546.44,243.0,1326.8741
1784345820000,546.44,546.79,546.38,546.76,1022.0,5584.5429
1784345880000,546.79,546.79,546.59,546.63,117.0,639.5875
1784345940000,546.3,546.59,546.29,546.59,315.0,1721.2515
1784346000000,546.39,546.46,546.18,546.26,715.0,3905.6593
1784346060000,546.45,547.22,546.41,546.98,593.0,3242.282
1784346120000,546.94,547.23,546.68,546.83,350.0,1914.3318
1784346180000,546.86,546.86,546.0,546.01,1443.0,7885.5257
1784346240000,546.01,546.13,545.89,546.08,394.0,2151.3239
1784346300000,546.09,546.12,546.03,546.07,308.0,1681.9408
1784346360000,545.91,546.14,545.83,546.1,266.0,1452.2497
1784346420000,546.06,546.21,545.87,545.87,143.0,780.8863
1784346480000,545.95,545.95,545.48,545.7,864.0,4713.6739
1784346540000,545.78,545.81,545.6,545.81,85.0,463.8698
1784346600000,545.72,545.72,544.14,544.96,2821.0,15363.8814
1784346660000,544.94,544.94,544.36,544.89,1582.0,8618.304
1784346720000,544.93,545.27,544.76,544.91,2173.0,11841.7034
1784346780000,544.99,545.04,544.68,544.81,452.0,2462.606
1784346840000,544.82,545.26,544.82,545.23,419.0,2283.8588
1784346900000,545.23,545.3,545.14,545.23,339.0,1848.2971
1784346960000,545.32,545.92,545.14,545.83,780.0,4255.3078
1784347020000,545.82,546.18,545.74,546.18,426.0,2325.8179
1784347080000,546.19,546.67,545.73,546.5,3567.0,19473.3612
1784347140000,546.45,546.63,546.38,546.41,234.0,1278.7296
1784347200000,546.85,546.93,546.42,546.48,339.0,1853.0956
1784347260000,546.5,546.56,546.1,546.16,630.0,3442.4075
1784347320000,546.21,546.28,545.95,546.12,174.0,950.1537
1784347380000,546.03,546.19,545.96,546.19,293.0,1600.016
1784347440000,546.19,546.19,545.69,545.69,185.0,1010.0716
1784347500000,545.72,545.72,545.08,545.08,264.0,1439.8012
1784347560000,545.4,545.66,545.4,545.51,123.0,670.9994
1784347620000,545.54,545.55,545.16,545.31,317.0,1728.683
1784347680000,545.15,545.25,544.82,545.22,212.0,1155.5756
1784347740000,545.39,545.46,545.06,545.06,286.0,1559.6845
1784347800000,545.11,545.62,545.11,545.61,275.0,1499.8678
1784347860000,545.7,546.12,545.68,546.06,2046.0,11170.2108
1784347920000,546.18,546.25,545.81,545.81,317.0,1731.1452
1784347980000,545.82,545.91,545.35,545.7,791.0,4315.4028
1784348040000,545.63,546.06,545.63,546.02,318.0,1735.9053
1784348100000,545.98,545.98,545.49,545.51,253.0,1380.5132
1784348160000,545.5,545.63,545.24,545.24,224.0,1221.7924
1784348220000,545.15,545.18,543.4,543.71,1905.0,10366.4943
1784348280000,543.83,544.26,543.83,544.26,203.0,1104.5091
1784348340000,544.17,544.22,543.71,544.0,390.0,2121.1217
1784348400000,543.91,543.91,542.96,543.56,2883.0,15669.132
1784348460000,543.41,543.9,543.41,543.65,451.0,2452.2299
1784348520000,543.66,544.39,543.66,544.07,3315.0,18035.669
1784348580000,543.66,543.84,543.59,543.84,204.0
1784348640000,543.62,543.66,543.07,543.28,912.0
1784348700000,543.41,543.78,543.37,543.62,257.0
1784348760000,543.53,543.94,543.36,543.94,251.0
1784348820000,543.75,544.17,543.64,544.16,281.0
1784348880000,544.23,544.39,543.74,544.27,448.0
1784348940000,544.29,544.49,544.19,544.23,230.0
1784349000000,544.1,544.1,543.65,543.88,1430.0
1784349060000,544.04,544.26,543.24,543.4,340.0
1784349120000,543.4,543.68,543.07,543.27,390.0
1784349180000,543.28,544.14,543.28,544.12,416.0
1784349240000,544.18,544.76,544.18,544.66,287.0
1784349300000,544.65,544.74,544.28,544.38,800.0
1784349360000,544.46,544.82,544.46,544.72,906.0
1784349420000,544.73,545.09,544.68,544.85,374.0
1784349480000,544.72,544.72,544.28,544.46,322.0
1784349540000,544.41,544.49,544.14,544.48,330.0
1784349600000,544.43,544.43,544.02,544.08,236.0
1784349660000,544.07,544.12,543.79,543.96,608.0
1784349720000,543.99,544.27,543.87,543.87,272.0
1784349780000,543.61,543.78,543.45,543.45,273.0
1784349840000,543.49,543.73,543.33,543.7,294.0
1784349900000,543.83,544.1,543.63,543.96,329.0
1784349960000,543.84,543.86,543.77,543.81,282.0
1784350020000,543.91,544.0,543.57,543.95,1371.0
1784350080000,543.96,543.98,543.75,543.96,4273.0
1784350140000,543.99,544.15,543.88,544.15,199.0
1784350200000,544.15,544.67,544.15,544.65,475.0
1784350260000,544.37,544.47,544.27,544.34,187.0
1784350320000,544.26,544.81,543.92,544.34,3404.0
1784350380000,544.26,545.01,544.26,545.01,520.0
1784350440000,545.04,545.8,545.04,545.23,528.0
1784350500000,545.34,545.6,544.9,545.14,1718.0
1784350560000,545.33,545.66,544.97,545.26,234.0
1784350620000,545.29,545.38,544.2,544.25,1571.0
1784350680000,544.31,544.33,543.79,543.87,398.0
1784350740000,543.91,544.18,543.81,544.14,317.0
1784350800000,544.19,544.26,543.24,543.38,836.0
1784350860000,543.54,543.7,543.29,543.29,201.0
1784350920000,543.07,543.22,542.62,543.0,735.0
1784350980000,543.0,543.6,543.0,543.56,321.0
1784351040000,543.56,543.66,543.5,543.51,265.0
1784351100000,543.56,543.56,543.16,543.16,398.0
1784351160000,543.22,543.45,543.07,543.38,143.0
1784351220000,543.38,543.43,542.97,543.08,326.0
1784351280000,543.18,543.18,542.22,542.64,1885.0
1784351340000,542.66,542.66,541.7,541.76,705.0
1784351400000,541.75,542.57,541.75,542.2,874.0
1784351460000,542.06,542.2,541.88,542.07,474.0
1784351520000,542.07,542.43,542.07,542.16,354.0
1784351580000,542.32,542.32,542.23,542.31,2399.0
1784351640000,542.31,542.31,542.1,542.16,2191.0
1784351700000,542.15,542.19,542.0,542.19,538.0
1784351760000,542.19,542.84,542.19,542.56,1409.0
1784351820000,542.56,542.56,542.1,542.36,564.0
1784351880000,542.34,542.99,542.34,542.68,1227.0
1784351940000,542.64,542.69,541.88,541.88,921.0
1784352000000,541.87,542.17,541.82,541.97,441.0
1784352060000,542.01,542.36,542.0,542.04,378.0
1784352120000,541.94,542.21,541.85,542.0,2151.0
1784352180000,542.03,542.11,541.47,541.47,329.0
1784352240000,541.4,542.53,541.39,542.51,464.0
1784352300000,542.66,543.18,542.66,543.18,1165.0
1784352360000,543.16,543.33,542.79,542.99,403.0
1784352420000,542.94,542.94,542.39,542.4,1962.0
1784352480000,542.46,542.75,542.28,542.38,650.0
1784352540000,542.35,543.04,542.34,542.93,599.0
1784352600000,542.94,543.01,542.68,542.96,242.0
1784352660000,543.07,543.2,542.73,542.79,195.0
1784352720000,542.91,543.04,542.82,543.04,121.0
1784352780000,542.98,542.98,542.59,542.75,353.0
1784352840000,542.78,543.02,542.78,543.02,195.0
1784352900000,543.0,543.25,542.95,543.25,968.0
1784352960000,542.95,542.98,542.62,542.7,285.0
1784353020000,542.74,542.78,542.45,542.62,358.0
1784353080000,542.66,542.7,542.22,542.45,443.0
1784353140000,542.35,542.57,541.69,541.87,972.0
1784353200000,541.87,541.91,541.54,541.54,1431.0
1784353260000,541.65,541.81,541.57,541.59,314.0
1784353320000,541.55,541.55,541.45,541.45,222.0
1784353380000,541.52,541.69,541.52,541.69,288.0
1784353440000,541.76,541.9,541.75,541.9,1012.0
1784353500000,541.94,542.26,541.82,542.26,513.0
1784353560000,542.26,542.87,542.26,542.47,1438.0
1784353620000,542.37,542.37,541.75,541.78,921.0
1784353680000,541.82,541.93,541.7,541.76,880.0
1784353740000,541.71,541.71,540.57,540.87,4746.0
1784353800000,540.77,541.25,540.77,541.19,439.0
1784353860000,541.13,541.16,540.91,540.91,451.0
1784353920000,540.89,540.89,540.24,540.36,1721.0
1784353980000,540.38,540.61,539.81,540.12,2567.0
1784354040000,539.96,540.27,539.9,540.27,1308.0
1784354100000,540.11,540.11,539.07,539.63,2759.0
1784354160000,539.64,539.77,539.61,539.61,153.0
1784354220000,539.7,540.08,539.7,540.02,303.0
1784354280000,540.0,540.27,540.0,540.27,267.0
1784354340000,540.34,540.6,540.04,540.6,233.0
1784354400000,540.5,540.5,540.22,540.4,740.0
1784354460000,540.4,540.4,539.87,539.87,4475.0
1784354520000,539.88,539.94,539.51,539.85,302.0
1784354580000,539.83,539.89,539.54,539.89,330.0
1784354640000,539.87,540.01,539.68,539.76,255.0
1784354700000,539.68,539.7,539.07,539.08,668.0
1784354760000,539.16,539.62,539.16,539.62,336.0
1784354820000,539.59,539.7,539.43,539.58,316.0
1784354880000,539.64,539.66,539.12,539.22,376.0
1784354940000,539.21,539.59,539.01,539.4,2657.0
1784355000000,539.43,539.49,539.23,539.23,146.0
1784355060000,539.23,539.29,538.78,539.04,6828.0
1784355120000,539.02,539.49,539.02,539.38,1020.0
1784355180000,539.37,539.63,539.08,539.26,1879.0
1784355240000,539.24,539.26,538.95,539.04,827.0
1784355300000,538.98,539.17,538.67,539.17,311.0
1784355360000,539.26,539.26,539.06,539.26,487.0
1784355420000,539.26,540.01,539.26,539.97,2149.0
1784355480000,539.95,540.66,539.95,540.66,404.0
1784355540000,540.66,541.13,540.56,541.03,4095.0
1784355600000,541.16,541.2,540.51,540.92,918.0
1784355660000,540.72,540.95,540.6,540.93,536.0
1784355720000,541.07,541.78,540.99,541.75,497.0
1784355780000,541.62,541.78,541.49,541.49,1138.0
1784355840000,541.4,541.83,541.39,541.83,7654.0
1784355900000,541.9,542.08,541.43,541.43,3964.0
1784355960000,541.39,541.39,541.07,541.07,1787.0
1784356020000,541.02,541.51,540.99,541.2,381.0
1784356080000,541.2,541.43,541.16,541.43,274.0
1784356140000,541.38,541.57,541.23,541.57,293.0
1784356200000,541.64,541.66,540.68,540.68,717.0
1784356260000,540.67,540.67,539.98,540.04,3274.0
1784356320000,540.11,540.22,539.96,540.08,1186.0
1784356380000,540.09,540.38,539.9,540.31,999.0
1784356440000,540.38,540.38,539.93,539.97,708.0
1784356500000,539.88,540.4,539.88,540.39,1518.0
1784356560000,540.41,540.58,540.16,540.54,454.0
1784356620000,540.57,540.57,539.92,539.92,202.0
1784356680000,539.94,540.13,539.88,539.89,342.0
1784356740000,539.88,540.13,539.8,540.03,1022.0
1784356800000,540.01,540.01,539.81,539.95,260.0
1784356860000,539.89,539.95,539.8,539.8,320.0
1784356920000,539.87,540.74,539.87,540.38,1872.0
1784356980000,540.28,540.31,539.93,540.02,186.0
1784357040000,539.9,540.04,539.8,539.85,485.0
1784357100000,539.86,540.09,539.82,539.95,497.0
1784357160000,539.96,540.44,539.96,540.19,348.0
1784357220000,540.14,540.94,540.14,540.89,582.0
1784357280000,540.84,541.59,540.7,540.75,5082.0
1784357340000,540.69,541.43,540.69,541.31,388.0
1784357400000,541.11,541.29,540.99,541.08,1804.0
1784357460000,540.9,541.01,540.49,540.5,347.0
1784357520000,540.51,540.57,540.2,540.21,542.0
1784357580000,540.19,540.26,539.97,540.17,985.0
1784357640000,540.13,540.16,539.73,539.74,495.0
1784357700000,539.73,540.02,539.51,539.76,4272.0
1784375760000,541.28,541.55,541.22,541.36,844.0
1784375820000,541.38,542.35,541.38,541.88,6095.0
1784375880000,541.78,542.58,541.62,542.02,813.0
1784375940000,542.04,542.63,541.66,542.57,1142.0
1784376000000,542.56,543.97,542.56,543.91,5498.0
1784376060000,543.9,546.51,543.9,545.57,4872.0
1784376120000,545.57,545.57,544.85,544.98,595.0
1784376180000,544.97,545.09,544.22,544.99,3928.0
1784376240000,544.95,545.53,544.93,544.99,426.0
1784376300000,544.95,546.44,544.95,546.32,395.0
1784376360000,546.4,547.59,546.36,546.45,1714.0
1784376420000,546.44,546.44,545.1,545.2,1538.0
1784376480000,545.12,545.16,544.93,544.93,2075.0
1784376540000,545.09,545.15,544.56,544.75,7527.0
1784376600000,544.82,545.56,544.51,545.56,1199.0
1784376660000,545.56,546.33,545.43,545.74,872.0
1784376720000,545.62,546.16,545.62,546.02,391.0
1784376780000,545.64,545.64,545.0,545.01,1365.0
1784376840000,545.01,545.01,544.73,544.73,509.0
1784376900000,544.7,544.72,544.25,544.33,1744.0
1784376960000,544.39,544.81,544.39,544.81,1135.0
1784377020000,544.81,544.81,543.33,543.68,1846.0
1784377080000,543.78,543.91,543.32,543.86,569.0
1784377140000,543.84,543.91,543.61,543.85,828.0
1784377200000,543.74,544.83,543.74,544.63,2288.0
1784377260000,544.59,545.26,544.55,545.08,482.0
1784377320000,544.59,544.59,543.79,543.79,250.0
1784377380000,543.71,543.76,543.32,543.32,1267.0
1784377440000,543.52,544.04,543.52,544.04,473.0
1784377500000,543.94,544.43,543.69,544.35,14108.0
1784377560000,544.21,544.6,544.04,544.28,272.0
1784377620000,544.21,544.93,544.21,544.83,419.0
1784377680000,544.84,545.18,544.84,544.96,547.0
1784377740000,544.81,544.81,543.89,543.91,227.0
1784377800000,543.91,544.97,543.91,544.77,305.0
1784377860000,544.66,546.44,544.66,545.96,807.0
1784377920000,545.79,545.98,544.99,544.99,423.0
1784377980000,544.83,545.58,544.58,545.58,1112.0
1784378040000,545.39,546.09,545.39,545.91,5347.0
1784378100000,545.88,546.26,545.83,545.83,318.0
1784378160000,545.86,545.86,545.07,545.07,263.0
1784378220000,545.0,545.18,544.83,545.18,222.0
1784378280000,545.13,546.08,544.98,546.08,262.0
1784378340000,546.06,546.44,545.64,546.44,241.0
1784378400000,546.39,546.39,545.82,545.94,502.0
1784378460000,546.03,546.39,545.84,546.21,1094.0
1784378520000,546.19,546.43,546.14,546.32,552.0
1784378580000,546.33,547.57,546.33,547.28,795.0
1784378640000,547.18,547.2,546.65,546.81,502.0
1784378700000,546.68,547.18,546.5,547.0,258.0
1784378760000,546.97,548.59,546.97,547.8,4010.0
1784378820000,547.86,548.5,547.57,548.21,6339.0
1784378880000,548.28,548.35,547.96,548.14,507.0
1784378940000,548.06,549.45,548.06,549.19,19362.0
1784379000000,549.04,549.18,548.74,548.74,1262.0
1784379060000,548.87,548.87,547.74,547.74,270.0
1784379120000,547.54,547.79,547.08,547.73,2415.0
1784379180000,547.64,547.94,547.54,547.94,251.0
1784379240000,547.93,548.19,547.89,548.0,103.0
1784379300000,547.95,547.98,547.85,547.97,141.0
1784379360000,547.81,547.85,546.63,546.9,906.0
1784379420000,546.98,546.98,546.52,546.7,1340.0
1784379480000,546.92,546.98,546.51,546.55,195.0
1784379540000,546.42,546.72,546.39,546.59,270.0
1784379600000,546.53,546.53,545.66,545.66,297.0
1784379660000,545.68,545.77,545.23,545.25,4807.0
1784379720000,545.57,545.72,545.37,545.46,242.0
1784379780000,545.44,545.91,545.34,545.87,1241.0
1784379840000,545.75,545.99,545.49,545.54,23791.0
1784379900000,545.63,545.95,545.4,545.95,1474.0
1784379960000,545.81,545.81,544.99,544.99,228.0
1784380020000,545.04,545.04,544.74,544.74,12.0
1784380080000,544.67,545.12,544.6,545.08,194.0
1784380140000,545.12,545.16,544.58,544.75,210.0
1784380200000,544.5,544.66,543.99,544.41,261.0
1784380260000,544.28,544.39,544.1,544.29,286.0
1784380320000,543.98,543.99,542.16,542.34,3885.0
1784380380000,542.45,542.53,541.4,542.34,1539.0
1784380440000,542.31,542.53,541.98,542.12,1167.0
1784380500000,542.18,542.55,541.88,542.55,231.0
1784380560000,542.51,542.84,542.44,542.84,778.0
1784380620000,542.82,542.82,541.91,542.31,487.0
1784380680000,542.23,542.28,541.72,541.95,407.0
1784380740000,541.88,541.96,539.9,540.41,2956.0
1784380800000,540.59,541.12,540.27,540.46,763.0
1784380860000,540.48,541.33,540.48,541.0,2488.0
1784380920000,540.67,541.8,540.42,541.7,2106.0
1784380980000,541.6,541.66,540.87,541.13,5382.0
1784381040000,541.02,541.11,540.68,540.68,1998.0
1784381100000,540.87,541.25,540.71,541.12,3899.0
1784381160000,541.11,542.12,541.07,542.11,381.0
1784381220000,542.14,542.43,542.05,542.36,990.0
1784381280000,542.27,542.61,542.27,542.49,643.0
1784381340000,542.33,542.67,542.33,542.67,306.0
1784381400000,542.58,543.35,542.56,543.35,694.0
1784381460000,543.47,543.91,543.16,543.23,6967.0
1784381520000,543.18,543.66,543.18,543.33,435.0
1784381580000,543.27,543.84,542.9,543.84,7096.0
1784381640000,543.8,544.36,543.42,544.1,1019.0
1784381700000,544.05,544.1,543.02,543.07,7213.0
1784381760000,543.16,543.25,542.33,542.7,1741.0
1784381820000,542.82,543.58,542.76,543.56,2244.0
1784381880000,543.65,544.18,543.27,544.1,1263.0
1784381940000,544.2,544.46,543.63,543.63,1789.0
1784382000000,543.85,544.4,543.77,544.16,289.0
1784382060000,544.33,544.53,544.18,544.2,1087.0
1784382120000,544.24,544.24,543.94,543.94,481.0
1784382180000,543.87,543.87,543.06,543.28,1309.0
1784382240000,542.89,543.44,542.89,543.34,1004.0
1784382300000,543.45,543.96,543.45,543.94,645.0
1784382360000,543.95,544.47,543.92,544.01,3422.0
1784382420000,544.04,544.14,543.81,544.03,1094.0
1784382480000,544.04,544.04,543.71,543.87,1194.0
1784382540000,543.93,544.23,543.49,544.2,3134.0
1784382600000,544.27,544.49,544.06,544.21,1448.0
1784382660000,544.23,544.39,544.09,544.36,291.0
1784382720000,544.29,544.33,543.98,544.23,521.0
1784382780000,543.96,544.07,543.74,543.77,274.0
1784382840000,543.89,544.22,543.7,544.15,831.0
1784382900000,544.27,544.82,544.03,544.66,1451.0
1784382960000,544.46,544.81,544.35,544.48,325.0
1784383020000,544.5,544.58,543.89,544.11,317.0
1784383080000,544.11,544.2,543.89,544.12,659.0
1784383140000,544.1,544.32,543.95,544.32,387.0
1784383200000,544.47,544.66,544.28,544.46,384.0
1784383260000,544.45,544.81,544.19,544.2,348.0
1784383320000,544.02,544.02,543.47,543.7,445.0
1784383380000,543.73,544.51,543.73,544.34,410.0
1784383440000,544.38,545.03,544.38,545.03,829.0
1784383500000,545.07,545.16,544.4,544.61,709.0
1784383560000,544.56,547.83,544.56,547.21,8375.0
1784383620000,547.19,547.43,546.02,546.48,678.0
1784383680000,546.21,546.49,545.69,546.49,1195.0
1784383740000,546.43,547.19,546.43,546.88,120.0,656.3816
1784383800000,546.77,546.82,546.4,546.47,411.0,2246.2934
1784383860000,546.72,546.87,546.26,546.45,307.0,1677.6923
1784383920000,546.47,546.66,546.02,546.07,837.0,4574.485
1784383980000,546.2,547.07,546.1,547.02,211.0,1153.4213
1784384040000,546.83,547.49,546.83,547.24,3238.0,17719.9412
1784384100000,547.12,547.5,547.0,547.34,6476.0,35435.5398
1784384160000,547.35,547.43,546.28,546.28,889.0,4862.3587
1784384220000,546.29,546.34,545.63,545.67,17272.0,94281.282
1784384280000,545.56,545.73,545.4,545.46,287.0,1565.8958
1784384340000,545.52,545.69,545.51,545.62,2648.0,14449.3473
1784384400000,545.63,546.0,545.63,546.0,675.0,3684.6574
1784384460000,546.19,546.5,546.0,546.01,418.0,2283.3815
1784384520000,546.21,546.36,546.1,546.35,1234.0,6739.7391
1784384580000,546.35,546.67,546.28,546.32,1854.0,10132.6387
1784384640000,546.24,546.58,546.1,546.58,320.0,1748.0967
1784384700000,546.59,546.85,546.4,546.44,2928.0,16001.2792
1784384760000,546.33,546.9,546.33,546.89,273.0,1492.2335
1784384820000,546.72,546.72,546.57,546.57,280.0,1530.613
1784384880000,546.64,546.89,546.61,546.71,279.0,1525.3966
1784384940000,546.71,547.19,546.71,547.02,1374.0,7514.6268
1784385000000,547.03,547.86,547.02,547.45,770.0,4214.995
1784385060000,547.4,547.48,546.68,547.24,2525.0,13819.3707
1784385120000,547.25,547.75,547.23,547.66,714.0,3909.364
1784385180000,547.66,547.66,546.87,546.87,907.0,4966.1443
1784385240000,546.67,547.59,546.67,546.89,902.0,4934.256
1784385300000,546.95,547.93,546.95,547.93,559.0,3059.5813
1784385360000,547.88,548.63,547.88,547.9,2150.0,11788.2643
1784385420000,547.98,548.04,547.48,547.48,1935.0,10596.9065
1784385480000,547.49,548.84,547.49,548.77,843.0,4619.6249
1784385540000,548.74,549.08,548.72,548.79,1732.0,9507.0319
1784385600000,548.78,548.87,548.01,548.41,1501.0,8228.9572
1784385660000,548.29,548.65,547.94,548.16,1283.0,7035.2879
1784385720000,548.24,548.49,548.14,548.25,543.0,2977.5804
1784385780000,548.34,548.81,548.34,548.43,1912.0,10489.7033
1784385840000,548.53,549.21,548.53,549.02,4098.0,22482.8993
1784385900000,549.05,549.15,548.11,548.56,841.0,4613.6613
1784385960000,548.59,549.28,548.59,548.75,22867.0,125526.3034
1784386020000,548.75,548.98,548.32,548.65,593.0,3253.7877
1784386080000,548.67,548.81,548.46,548.46,881.0,4833.7362
1784386140000,548.57,553.65,548.57,552.92,43671.0,240259.3508
1784386200000,552.83,557.45,551.58,555.39,29617.0,164336.1969
1784386260000,555.63,557.88,555.29,556.21,12631.0,70296.8436
1784386320000,556.35,560.99,555.45,560.59,95060.0,531202.4741
1784386380000,560.58,563.47,558.68,562.61,45496.0,254681.5914
1784386440000,562.37,562.6,559.13,559.13,18088.0,101308.8689
1784386500000,559.2,559.87,558.54,558.77,6797.0,38011.9639
1784386560000,558.9,559.52,557.62,557.62,20646.0,115316.2273
1784386620000,557.62,559.56,557.62,558.19,22935.0,128064.229
1784386680000,558.09,558.31,556.91,556.91,2875.0,16017.854
1784386740000,556.91,557.94,556.9,557.94,8263.0,46056.5694
1784386800000,557.94,558.6,557.18,557.18,5946.0,33182.3012
1784386860000,557.09,557.46,557.0,557.02,1045.0,5822.3277
1784386920000,557.0,557.12,555.94,556.16,2074.0,11535.7089
1784386980000,556.34,556.99,555.91,556.29,6725.0,37424.711
1784387040000,556.29,556.96,556.19,556.19,5913.0,32906.0284
1784387100000,556.42,556.54,556.06,556.54,856.0,4761.4654
1784387160000,556.59,557.49,556.22,556.22,7106.0,39584.3886
1784387220000,556.52,556.74,555.88,555.93,2330.0,12955.64
1784387280000,555.9,556.42,555.33,555.74,2336.0,12980.3753
1784387340000,555.75,555.93,555.05,555.05,1710.0,9498.0985
1784387400000,555.0,555.23,554.41,554.41,6646.0,36890.4663
1784387460000,554.48,554.97,553.87,554.19,6609.0,36627.7143
1784387520000,554.04,554.92,554.01,554.49,1226.0,6800.9433
1784387580000,554.93,555.75,554.93,555.27,4972.0,27601.5599
1784387640000,555.29,555.32,554.92,555.16,1140.0,6329.1144
1784387700000,555.15,555.39,554.97,555.39,309.0,1715.7017
1784387760000,555.57,557.08,555.57,556.99,12046.0,67083.6019
1784387820000,556.89,557.59,556.45,557.39,7955.0,44314.2676
1784387880000,557.38,558.49,557.24,558.0,4956.0,27645.0519
1784387940000,558.18,558.69,557.25,557.25,2624.0,14645.1265
1784388000000,557.45,558.41,557.05,557.14,16142.0,89947.9838
1784388060000,557.28,557.28,556.42,556.42,874.0,4864.1469
1784388120000,556.24,557.22,556.09,557.02,2279.0,12688.8401
1784388180000,556.73,557.07,556.4,556.96,538.0,2994.7521
1784388240000,557.0,557.01,556.45,556.82,10871.0,60528.9774
1784388300000,556.81,557.13,556.65,557.04,622.0,3463.7214
1784388360000,557.11,557.18,555.26,555.26,12582.0,69888.297
1784388420000,555.46,555.74,555.04,555.48,6056.0,33628.9317
1784388480000,555.41,555.55,555.1,555.41,1684.0,9351.2618
1784388540000,555.46,556.15,555.22,555.59,1917.0,10648.0033
1784388600000,555.75,557.1,555.72,557.1,6626.0,36845.8145
1784388660000,556.81,556.91,556.49,556.72,1932.0,10757.4052
1784388720000,556.55,556.55,555.81,555.81,5095.0,28335.8628
1784388780000,555.82,557.23,555.71,557.21,1081.0,6012.4742
1784388840000,557.34,558.11,557.34,557.79,10148.0,56587.7488
1784388900000,557.93,558.07,557.44,557.63,2729.0,15219.3284
1784388960000,557.52,557.52,556.47,556.52,3562.0,19840.4723
1784389020000,556.41,556.98,556.35,556.5,535.0,2978.1445
1784389080000,556.37,556.61,556.02,556.43,297.0,1652.3825
1784389140000,556.28,556.47,555.79,556.11,1146.0,6372.3365
1784389200000,556.19,556.45,556.07,556.39,2523.0,14033.3232
1784389260000,556.39,556.59,554.41,554.41,2836.0,15746.4008
1784389320000,554.31,554.64,553.37,553.41,5230.0,28950.691
1784389380000,553.43,555.07,552.41,554.53,30754.0,170299.0932
1784389440000,554.6,554.6,554.13,554.17,595.0,3298.9097
1784389500000,554.15,554.33,553.59,554.03,1857.0,10287.3485
1784389560000,553.88,554.54,553.88,554.24,1411.0,7818.4764
1784389620000,554.46,555.59,554.46,555.4,718.0,3986.7671
1784389680000,555.36,555.74,555.35,555.57,1897.0,10538.5875
1784389740000,555.74,556.78,555.74,556.1,9887.0,55004.277
1784389800000,556.35,556.9,556.35,556.66,365.0,2031.6692
1784389860000,556.86,556.86,556.19,556.21,2565.0,14276.1943
1784389920000,556.06,556.16,555.23,555.23,1163.0,6463.0737
1784389980000,555.21,556.77,555.12,556.2,21031.0,116880.9428
1784390040000,556.19,557.75,555.79,556.91,19794.0,110178.3465
1784390100000,556.9,557.81,556.74,557.68,2444.0,13621.5875
1784390160000,557.57,559.72,557.54,559.41,2679.0,14974.0273
1784390220000,559.08,559.23,557.83,557.85,13305.0,74313.0036
1784390280000,557.79,557.79,556.59,556.68,1358.0,7562.6212
1784390340000,556.62,557.33,556.62,557.05,3820.0,21278.9803
1784390400000,556.96,557.78,556.6,557.77,1273.0,7092.906
1784390460000,557.7,557.7,556.72,557.08,986.0,5493.98
1784390520000,557.21,557.32,556.56,556.57,1815.0,10109.1866
1784390580000,556.52,556.54,556.2,556.2,834.0,4640.0048
1784390640000,556.21,556.63,556.15,556.25,801.0,4455.908
1784390700000,556.19,556.51,555.88,556.28,376.0,2091.5189
1784390760000,556.29,556.3,555.52,555.55,3397.0,18890.0962
1784390820000,555.52,556.13,555.31,556.13,379.0,2106.2943
1784390880000,555.9,555.96,555.47,555.87,566.0,3145.3628
1784390940000,555.95,556.09,555.79,555.94,521.0,2896.5351
1784391000000,555.99,555.99,555.66,555.93,875.0,4863.6733
1784391060000,555.89,556.01,555.83,555.94,1453.0,8077.9162
1784391120000,555.94,557.07,555.8,555.8,1523.0,8469.9354
1784391180000,555.83,555.91,555.31,555.31,230.0,1278.0687
1784391240000,555.29,556.26,555.29,556.22,439.0,2440.4399
1784391300000,556.06,556.06,554.82,555.13,2249.0,12491.5237
1784391360000,555.09,555.13,554.87,555.13,595.0,3302.1363
1784391420000,555.35,555.35,554.79,555.04,412.0,2286.6058
1784391480000,554.98,555.26,554.8,555.18,843.0,4678.1168
1784391540000,555.19,555.33,554.51,554.51,1431.0,7938.3672
1784391600000,554.5,554.57,553.62,554.1,4148.0,22978.1435
1784391660000,554.05,554.66,554.05,554.66,977.0,5416.9739
1784391720000,554.62,554.93,554.29,554.69,774.0,4291.9222
1784391780000,554.77,554.98,554.77,554.87,588.0,3262.5983
1784391840000,554.81,554.87,553.95,554.08,685.0,3797.3096
1784391900000,554.25,554.25,553.75,554.1,1675.0,9276.6473
1784391960000,554.03,554.4,554.03,554.36,502.0,2782.0168
1784392020000,554.32,554.4,554.0,554.4,353.0,1956.2686
1784392080000,554.39,554.66,554.39,554.64,240.0,1330.8511
1784392140000,554.41,554.77,554.39,554.56,238.0,1319.8611
1784392200000,554.57,555.32,554.34,554.79,715.0,3968.3608
1784392260000,554.73,555.46,554.68,555.45,610.0,3386.6411
1784392320000,555.44,555.79,555.12,555.13,723.0,4015.7388
1784392380000,555.11,555.55,554.77,555.55,581.0,3225.256
1784392440000,555.24,555.71,555.04,555.18,758.0,4209.3548
1784392500000,555.0,556.32,555.0,556.25,969.0,5386.8004
1784392560000,556.11,556.15,555.18,555.22,657.0,3650.9729
1784392620000,555.3,555.61,555.3,555.33,178.0,988.596
1784392680000,555.14,555.14,554.59,554.59,214.0,1187.4164
1784392740000,554.53,554.65,553.89,553.96,260.0,1441.0811
1784392800000,554.08,554.32,553.93,554.1,1361.0,7540.3874
1784392860000,553.93,554.31,553.91,554.28,777.0,4304.5879
1784392920000,554.19,554.58,554.18,554.56,591.0,3276.8045
1784392980000,554.58,554.66,554.41,554.46,690.0,3826.1986
1784393040000,554.64,555.73,554.64,555.73,587.0,3259.3648
1784393100000,555.79,556.43,555.79,556.2,1144.0,6361.4471
1784393160000,556.21,557.16,556.21,556.83,1965.0,10941.8124
1784393220000,557.04,557.04,556.6,556.6,7747.0,43149.2531
1784393280000,556.73,557.2,556.6,556.6,6667.0,37135.0276
1784393340000,556.68,556.68,555.91,556.04,413.0,2297.1377
1784393400000,556.04,556.07,555.62,555.94,219.0,1217.3954
1784393460000,556.05,556.26,555.48,555.48,401.0,2229.1011
1784393520000,555.47,556.98,554.99,556.98,9448.0,52496.0538
1784393580000,556.99,557.32,556.81,556.81,1671.0,9308.5468
1784393640000,556.68,558.15,556.68,557.14,6886.0,38373.434
1784393700000,557.11,557.56,556.81,557.13,3575.0,19912.2928
1784393760000,557.05,557.54,556.86,557.21,3173.0,17676.1546
1784393820000,557.14,557.17,556.84,556.89,726.0,4044.2691
1784393880000,556.85,557.06,556.65,556.88,2654.0,14778.5636
1784393940000,556.63,556.63,556.2,556.42,2067.0,11498.9574
1784394000000,556.39,556.41,555.61,556.06,1304.0,7248.9283
1784394060000,555.93,556.18,555.6,556.18,487.0,2707.1811
1784394120000,556.18,556.56,556.14,556.3,292.0,1624.636
1784394180000,556.3,556.3,555.42,555.62,1010.0,5615.3875
1784394240000,555.54,555.81,555.39,555.5,251.0,1394.5388
1784394300000,555.44,556.07,555.23,556.07,317.0,1761.5722
1784394360000,556.18,556.44,555.62,555.94,410.0,2279.6256
1784394420000,555.94,555.94,555.4,555.58,2751.0,15289.1161
1784394480000,555.46,555.59,555.39,555.39,175.0,972.0408
1784394540000,555.26,555.26,555.03,555.18,622.0,3453.1099
1784394600000,555.16,555.74,555.16,555.74,318.0,1766.0777
1784394660000,555.65,555.78,555.45,555.6,534.0,2966.8806
1784394720000,555.41,555.51,555.08,555.09,293.0,1627.0751
1784394780000,555.1,555.41,555.1,555.41,353.0,1960.1275
1784394840000,555.37,555.55,555.28,555.36,363.0,2016.0819
1784394900000,555.2,555.44,555.12,555.44,703.0,3903.1599
1784394960000,555.47,555.86,555.4,555.66,431.0,2395.0325
1784395020000,555.39,555.39,554.22,554.49,1736.0,9629.473
1784395080000,554.54,554.89,554.46,554.85,2387.0,13239.7865
1784395140000,554.78,554.78,553.86,554.44,841.0,4660.2124
1784395200000,554.58,554.75,554.06,554.06,1076.0,5967.0786
1784395260000,554.21,554.21,552.4,553.06,5060.0,27986.0075
1784395320000,553.07,553.23,552.79,553.23,3740.0,20684.7332
1784395380000,553.21,553.21,552.51,552.52,1006.0,5561.1815
1784395440000,552.51,552.73,551.0,551.67,14159.0,78117.3808
1784395500000,551.63,552.05,551.45,551.85,2106.0,11619.5338
1784395560000,551.57,551.87,551.24,551.87,1436.0,7918.4599
1784395620000,551.86,552.28,551.82,551.95,3102.0,17127.0302
1784395680000,551.87,552.2,551.76,552.13,263.0,1451.9732
1784405760000,555.41,555.46,554.96,555.18,391.0
1784405820000,555.18,555.18,554.75,554.84,613.0
1784405880000,555.36,555.44,554.93,554.93,382.0
1784405940000,554.97,555.82,554.97,555.68,773.0
1784406000000,555.81,556.67,555.81,556.46,470.0
1784406060000,556.27,556.42,556.0,556.29,299.0
1784406120000,556.44,557.06,556.44,556.98,997.0
1784406180000,556.78,556.78,556.41,556.41,818.0
1784406240000,556.48,556.48,556.25,556.44,263.0
1784406300000,556.65,556.71,556.08,556.08,280.0
1784406360000,556.16,556.16,555.54,555.57,1278.0
1784406420000,555.58,555.62,554.44,554.5,5598.0
1784406480000,554.33,554.41,554.06,554.41,1851.0
1784406540000,554.29,554.54,554.17,554.51,581.0
1784406600000,554.62,554.77,554.03,554.42,892.0
1784406660000,554.66,555.07,554.66,554.91,1572.0
1784406720000,554.94,555.34,554.68,554.85,4655.0
1784406780000,554.87,555.23,554.87,555.12,1479.0
1784406840000,555.02,556.19,554.98,556.12,2720.0
1784406900000,555.96,555.96,555.53,555.59,473.0
1784406960000,555.52,555.52,554.82,554.82,5718.0
1784407020000,554.84,555.04,554.76,554.89,285.0
1784407080000,554.86,555.79,554.86,555.59,1091.0
1784407140000,555.57,556.07,555.49,556.03,453.0
1784407200000,556.0,556.13,555.88,556.13,156.0
1784407260000,556.2,556.31,556.18,556.31,414.0
1784407320000,556.44,557.39,556.35,557.29,3127.0
1784407380000,557.25,557.81,557.0,557.76,757.0
1784407440000,557.79,557.79,557.14,557.25,717.0
1784407500000,557.34,557.41,556.99,557.02,301.0
1784407560000,557.07,557.29,557.05,557.09,23087.0
1784407620000,557.11,557.16,556.78,557.07,931.0
1784407680000,556.91,557.01,556.5,556.5,346.0
1784407740000,556.48,556.63,556.33,556.33,385.0
1784407800000,556.36,556.7,556.36,556.51,448.0
1784407860000,556.41,556.5,556.0,556.37,495.0
1784407920000,556.01,556.24,555.99,556.14,283.0
1784407980000,556.3,556.92,556.26,556.92,312.0
1784408040000,556.98,557.43,556.98,557.43,2551.0
1784408100000,557.43,557.51,557.13,557.15,413.0
1784408160000,557.29,557.41,557.29,557.39,128.0
1784408220000,557.4,557.4,557.0,557.35,216.0
1784408280000,557.18,557.84,557.15,557.84,275.0
1784408340000,557.84,559.09,557.84,558.56,5611.0
1784408400000,558.55,558.58,557.81,558.09,395.0
1784408460000,558.09,558.42,557.96,558.36,313.0
1784408520000,558.48,558.78,558.48,558.53,2037.0
1784408580000,558.61,558.85,558.48,558.77,1116.0
1784408640000,558.78,558.84,557.9,558.34,1327.0
1784408700000,558.3,558.3,557.19,557.19,1374.0
1784408760000,557.12,557.37,557.12,557.25,182.0
1784408820000,557.18,557.41,556.9,557.21,1490.0
1784408880000,557.22,557.25,556.99,557.02,289.0
1784408940000,557.15,557.63,556.94,557.62,361.0
1784409000000,557.55,558.26,557.55,558.01,319.0
1784409060000,558.02,558.24,558.01,558.11,201.0
1784409120000,558.09,558.39,557.84,558.29,165.0
1784409180000,558.38,559.0,558.37,559.0,1225.0
1784409240000,559.0,559.0,558.36,558.88,1514.0
1784409300000,558.98,559.0,558.21,558.21,785.0
1784409360000,558.35,558.91,558.35,558.8,1419.0
1784409420000,558.39,558.43,557.8,558.01,1722.0
1784409480000,558.3,558.54,558.05,558.54,136.0
1784409540000,558.23,558.51,558.14,558.43,197.0
1784409600000,558.28,558.79,558.18,558.73,322.0
1784409660000,558.71,558.93,558.41,558.41,235.0
1784409720000,558.6,558.84,558.6,558.6,284.0
1784409780000,558.6,558.66,557.85,557.91,709.0
1784409840000,557.82,557.84,556.9,556.9,746.0
1784409900000,556.93,557.66,556.93,557.31,1478.0
1784409960000,557.34,557.34,556.72,557.23,389.0
1784410020000,556.97,557.06,556.64,557.04,135.0
1784410080000,556.96,557.21,556.64,556.91,139.0
1784410140000,556.72,556.82,556.67,556.67,202.0
1784410200000,556.64,556.64,556.08,556.1,92.0
1784410260000,556.59,556.98,556.59,556.95,114.0
1784410320000,556.89,556.97,556.36,556.36,336.0
1784410380000,556.29,556.51,556.28,556.36,277.0
1784410440000,556.45,556.95,556.45,556.87,230.0
1784410500000,556.87,556.91,556.83,556.87,244.0
1784410560000,556.87,557.27,556.75,556.75,841.0
1784410620000,556.78,557.07,556.78,557.07,206.0
1784410680000,557.13,557.46,557.08,557.08,356.0
1784410740000,557.08,557.1,556.68,556.68,1199.0
1784410800000,556.67,556.67,555.95,555.95,221.0
1784410860000,555.99,556.01,555.8,556.01,230.0
1784410920000,556.02,556.23,555.99,555.99,332.0
1784410980000,555.89,555.93,555.69,555.78,972.0
1784411040000,555.77,555.77,555.55,555.56,254.0
1784411100000,555.59,555.59,555.48,555.49,100.0
1784411160000,555.51,555.55,555.3,555.41,790.0
1784411220000,555.45,556.12,555.45,555.93,564.0
1784411280000,555.89,555.89,555.79,555.83,119.0
1784411340000,555.88,556.99,555.83,556.96,379.0
1784411400000,556.95,557.78,556.92,557.68,1098.0
1784411460000,557.69,557.69,557.38,557.69,354.0
1784411520000,557.67,557.96,557.61,557.96,782.0
1784411580000,558.05,558.9,558.05,558.87,309.0
1784411640000,558.91,559.15,558.71,558.71,551.0
1784411700000,558.72,558.74,558.47,558.52,863.0
1784411760000,558.53,558.84,558.53,558.8,331.0
1784411820000,558.82,558.86,558.69,558.69,887.0
1784411880000,558.7,558.8,558.56,558.63,508.0
1784411940000,558.68,558.85,558.4,558.4,5988.0
1784412000000,558.58,559.49,558.58,559.38,1657.0
1784412060000,559.48,559.57,558.77,559.1,1352.0
1784412120000,559.06,561.39,559.06,560.48,52503.0
1784412180000,560.59,560.79,560.19,560.19,655.0
1784412240000,560.06,560.2,559.69,559.71,225.0
1784412300000,559.79,560.4,559.68,559.89,1010.0
1784412360000,559.85,560.0,559.6,559.6,217.0
1784412420000,559.55,559.57,558.73,558.73,713.0
1784412480000,558.74,558.94,558.32,558.88,2564.0
1784412540000,558.85,558.85,558.43,558.65,92.0
1784412600000,558.61,558.98,558.61,558.7,289.0
1784412660000,558.81,559.16,558.68,559.15,1072.0
1784412720000,559.18,559.54,559.18,559.46,1091.0
1784412780000,559.55,559.93,558.88,558.95,22980.0
1784412840000,558.99,559.01,558.07,558.16,645.0
1784412900000,558.1,558.16,557.71,557.81,742.0
1784412960000,557.87,558.33,557.79,558.27,40740.0
1784413020000,558.24,558.32,557.86,557.86,749.0
1784413080000,558.03,558.05,557.8,557.8,376.0
1784413140000,557.8,557.98,557.8,557.87,794.0
1784413200000,557.88,558.95,557.88,558.95,1263.0
1784413260000,558.92,559.06,558.09,558.44,1991.0
1784413320000,558.14,558.19,557.79,557.79,2191.0
1784413380000,557.79,557.79,557.33,557.5,9462.0
1784413440000,557.5,557.5,557.23,557.23,273.0
1784413500000,557.38,557.43,556.67,557.39,1276.0
1784413560000,557.39,557.94,557.38,557.89,496.0
1784413620000,557.82,557.82,557.51,557.64,393.0
1784413680000,557.58,557.58,557.12,557.2,458.0
1784413740000,557.15,557.35,557.15,557.24,201.0,1120.076
1784413800000,557.13,557.59,557.02,557.07,170.0,947.2679
1784413860000,557.08,557.39,556.98,557.04,384.0,2139.5186
1784413920000,557.01,557.09,556.68,556.68,341.0,1899.0569
1784413980000,556.68,556.8,556.59,556.59,315.0,1753.6797
1784414040000,556.52,557.22,556.4,557.12,149.0,829.6874
1784414100000,556.92,557.33,556.91,557.05,442.0,2462.8307
1784414160000,557.13,557.13,556.69,556.72,249.0,1386.7028
1784414220000,556.71,557.02,556.68,557.02,661.0,3680.6387
1784414280000,557.01,557.3,556.95,557.3,787.0,4384.5075
1784414340000,557.39,557.64,557.38,557.64,191.0,1064.8049
1784414400000,557.63,558.51,557.6,558.11,810.0,4519.5936
1784414460000,558.06,558.48,557.96,558.41,350.0,1953.965
1784414520000,558.37,558.87,558.35,558.87,513.0,2865.84
1784414580000,558.86,558.86,558.19,558.61,405.0,2261.8574
1784414640000,558.67,559.18,558.3,558.41,1191.0,6656.2518
1784414700000,558.34,558.75,558.33,558.71,375.0,2094.5654
1784414760000,558.68,559.32,558.68,559.11,716.0,4003.0486
1784414820000,558.94,559.52,558.89,559.11,740.0,4138.6507
1784414880000,559.09,559.37,558.84,559.36,385.0,2152.4057
1784414940000,559.35,560.0,559.35,559.47,47053.0,263494.2227
1784415000000,559.4,560.0,559.4,560.0,6191.0,34668.3302
1784415060000,560.0,561.02,559.91,561.02,926.0,5186.7131
1784415120000,561.2,561.37,560.46,560.46,1371.0,7690.7251
1784415180000,560.42,560.99,560.42,560.99,199.0,1115.989
1784415240000,561.07,561.15,560.06,560.11,2136.0,11975.3242
1784415300000,560.2,560.78,559.97,560.5,4269.0,23918.1802
1784415360000,560.81,561.38,560.81,561.29,121.0,679.0081
1784415420000,561.19,561.29,560.66,561.06,22530.0,126442.2604
1784415480000,561.04,561.26,561.04,561.04,722.0,4052.0375
1784415540000,560.98,561.14,560.72,560.76,7549.0,42342.1345
1784415600000,560.71,561.28,560.68,561.18,6460.0,36234.2648
1784415660000,561.19,562.59,561.19,562.41,41774.0,234537.9192
1784415720000,562.46,562.61,561.22,561.22,908.0,5103.7876
1784415780000,561.51,562.51,561.37,562.24,3122.0,17548.4786
1784415840000,562.25,562.32,561.53,562.05,744.0,4179.4537
1784415900000,562.16,562.53,562.03,562.27,309.0,1737.3398
1784415960000,562.34,562.46,561.5,561.74,1011.0,5681.9987
1784416020000,561.54,561.56,560.06,560.25,855.0,4793.4445
1784416080000,560.26,560.56,560.08,560.32,4576.0,25645.2791
1784416140000,560.39,560.59,560.05,560.08,881.0,4937.2266
1784416200000,560.13,560.9,560.13,560.53,427.0,2393.453
1784416260000,560.72,560.89,560.2,560.53,208.0,1165.968
1784416320000,560.54,560.77,560.33,560.43,525.0,2942.2917
1784416380000,560.44,560.71,559.71,559.85,1786.0,10004.7835
1784416440000,559.91,560.05,559.45,559.58,382.0,2138.507
1784416500000,559.67,559.79,559.13,559.43,534.0,2987.6314
1784416560000,559.48,560.45,559.43,559.75,1803.0,10095.3275
1784416620000,559.79,559.88,559.62,559.77,175.0,979.5775
1784416680000,559.7,560.49,559.57,560.49,289.0,1617.8248
1784416740000,560.58,560.88,560.26,560.73,396.0,2219.6556
1784416800000,560.74,561.57,560.74,561.45,482.0,2705.0668
1784416860000,561.44,561.65,561.35,561.65,227.0,1274.6638
1784416920000,561.35,561.48,560.85,560.91,462.0,2592.6565
1784416980000,560.88,560.93,560.37,560.37,328.0,1838.9832
1784417040000,560.48,560.54,560.16,560.49,279.0,1563.5365
1784417100000,560.5,560.58,560.39,560.39,406.0,2275.5699
1784417160000,560.58,560.87,560.52,560.87,336.0,1883.9823
1784417220000,560.88,560.92,560.27,560.31,271.0,1518.672
1784417280000,560.29,560.74,560.01,560.65,386.0,2162.8852
1784417340000,560.64,560.67,560.26,560.32,168.0,941.5607
1784417400000,560.31,560.36,559.73,559.73,311.0,1741.5481
1784417460000,559.82,560.1,559.65,560.1,260.0,1455.5032
1784417520000,560.12,560.12,559.18,559.18,308.0,1723.1241
1784417580000,559.24,559.62,559.24,559.62,221.0,1236.3453
1784417640000,559.77,559.78,559.36,559.51,5795.0,32427.1552
1784417700000,559.6,559.6,559.08,559.12,382.0,2136.4377
1784417760000,559.11,559.24,559.08,559.14,1214.0,6788.7168
1784417820000,559.12,559.45,559.08,559.44,239.0,1336.5188
1784417880000,559.51,559.87,559.44,559.8,422.0,2361.5946
1784417940000,559.89,559.94,559.48,559.52,512.0,2866.1624
1784418000000,559.48,559.48,558.94,558.94,197.0,1101.2257
1784418060000,558.95,559.05,558.66,558.71,595.0,3324.751
1784418120000,558.66,558.73,558.6,558.63,175.0,977.6299
1784418180000,558.63,558.89,558.56,558.88,262.0,1464.0894
1784418240000,558.95,558.98,558.48,558.7,341.0,1905.3207
1784418300000,558.68,559.46,558.67,559.25,1158.0,6473.8318
1784418360000,559.24,559.24,558.78,558.78,143.0,799.2619
1784418420000,558.76,558.9,558.71,558.88,131.0,731.9831
1784418480000,558.84,559.11,558.84,559.11,211.0,1179.5463
1784418540000,559.19,559.19,558.67,558.71,181.0,1011.5173
1784418600000,558.81,558.81,558.6,558.62,168.0,938.4934
1784418660000,558.63,558.88,558.61,558.88,350.0,1955.4819
1784418720000,558.87,558.87,558.33,558.33,251.0,1402.0803
1784418780000,558.28,558.56,558.27,558.41,416.0,2323.1188
1784418840000,558.47,558.65,558.2,558.65,294.0,1641.7729
1784418900000,558.67,558.84,558.57,558.73,137.0,765.4657
1784418960000,558.6,558.6,558.28,558.29,133.0,742.6718
1784419020000,558.31,558.72,558.25,558.41,377.0,2105.3352
1784419080000,558.36,558.44,558.24,558.39,488.0,2724.5948
1784419140000,558.41,558.41,558.32,558.35,173.0,966.0181
1784419200000,558.24,558.4,558.2,558.28,299.0,1669.2757
1784419260000,558.26,558.51,557.98,558.09,490.0,2734.9931
1784419320000,558.27,559.07,558.25,558.38,739.0,4128.4358
1784419380000,558.34,558.34,557.92,557.93,561.0,3130.6784
1784419440000,557.87,557.87,557.0,557.28,1199.0,6681.1233
1784419500000,557.23,557.31,557.14,557.14,662.0,3688.5166
1784419560000,557.18,557.39,557.16,557.3,591.0,3293.4105
1784419620000,557.33,557.33,556.99,556.99,721.0,4016.6307
1784419680000,557.04,557.32,557.04,557.19,316.0,1760.7096
1784419740000,557.37,557.64,557.37,557.64,1025.0,5715.0363
1784419800000,557.71,557.71,557.28,557.43,536.0,2987.7162
1784419860000,557.43,557.62,557.4,557.59,491.0,2737.1848
1784419920000,557.59,557.65,557.49,557.56,271.0,1510.9851
1784419980000,557.66,557.66,557.09,557.23,206.0,1148.0451
1784420040000,557.27,557.43,557.12,557.43,280.0,1560.1642
1784420100000,557.32,557.38,557.21,557.37,341.0,1900.4335
1784420160000,557.37,557.49,557.37,557.49,311.0,1733.6317
1784420220000,557.67,557.87,557.67,557.83,2941.0,16405.9594
1784420280000,557.76,557.91,557.76,557.86,185.0,1032.0528
1784420340000,557.68,557.86,557.48,557.86,247.0,1377.414
1784420400000,557.63,557.69,557.33,557.56,149.0,830.6632
1784420460000,557.53,557.53,557.33,557.53,205.0,1142.7478
1784420520000,557.41,557.51,557.18,557.18,198.0,1103.661
1784420580000,557.22,557.47,557.22,557.41,339.0,1889.35
1784420640000,557.45,557.47,556.76,557.24,504.0,2807.4421
1784420700000,557.42,557.81,557.4,557.51,532.0,2966.1121
1784420760000,557.52,557.67,557.24,557.24,450.0,2508.5759
1784420820000,557.13,557.13,556.32,556.48,296.0,1648.0006
1784420880000,556.54,556.57,556.27,556.56,386.0,2147.7754
1784420940000,556.53,556.67,556.18,556.2,263.0,1463.1834
1784421000000,556.29,556.49,556.18,556.18,293.0,1629.9189
1784421060000,556.2,557.24,556.2,556.98,1007.0,5604.3354
1784421120000,557.14,557.16,556.79,556.79,242.0,1348.0557
1784421180000,556.76,556.89,556.5,556.5,262.0,1458.5127
1784421240000,556.59,556.62,556.43,556.47,346.0,1925.6689
1784421300000,556.4,556.44,555.93,555.97,347.0,1930.0914
1784421360000,555.97,556.15,555.97,555.99,278.0,1545.911
1784421420000,555.97,556.17,555.71,556.17,503.0,2796.2888
1784421480000,555.91,556.31,555.75,556.31,6142.0,34144.2397
1784421540000,556.25,556.28,555.96,556.28,297.0,1651.5921
1784421600000,556.27,556.41,556.25,556.39,541.0,3009.5383
1784421660000,556.35,556.78,556.35,556.46,784.0,4363.6161
1784421720000,556.34,556.72,556.34,556.72,347.0,1931.3667
1784421780000,556.68,556.78,556.47,556.52,510.0,2838.8167
1784421840000,556.56,556.68,556.51,556.68,417.0,2320.9077
1784421900000,556.48,556.48,556.44,556.44,138.0,767.9056
1784421960000,556.45,556.5,556.19,556.39,479.0,2664.8555
1784422020000,556.39,556.88,556.28,556.88,1615.0,8989.2822
1784422080000,556.86,556.86,556.44,556.59,530.0,2950.1046
1784422140000,556.41,556.41,555.48,555.59,1109.0,6164.9641
1784422200000,555.54,555.97,555.5,555.82,335.0,1861.6995
1784422260000,555.86,556.2,555.86,556.2,473.0,2630.2555
1784422320000,556.18,556.24,555.83,556.23,459.0,2552.0684
1784422380000,556.27,556.38,555.53,555.86,4411.0,24509.0204
1784422440000,555.97,555.97,555.56,555.67,294.0,1633.8728
1784422500000,555.74,555.77,555.47,555.47,494.0,2744.3997
1784422560000,555.53,555.53,555.33,555.38,364.0,2021.7699
1784422620000,555.47,555.75,555.35,555.75,381.0,2116.4002
1784422680000,555.58,555.66,555.38,555.51,236.0,1310.9174
1784422740000,555.56,555.6,555.35,555.48,543.0,3016.215
1784422800000,555.41,555.43,555.23,555.29,314.0,1743.7183
1784422860000,555.39,555.68,555.22,555.65,447.0,2482.9077
1784422920000,555.63,555.99,555.63,555.93,287.0,1595.0642
1784422980000,555.84,555.94,555.8,555.94,307.0,1706.5089
1784423040000,555.95,556.26,555.9,556.23,347.0,1929.5292
1784423100000,556.26,556.81,556.25,556.53,544.0,3027.5925
1784423160000,556.67,556.71,556.33,556.57,261.0,1452.7146
1784423220000,556.56,556.62,556.41,556.62,218.0,1213.3428
1784423280000,556.45,556.46,556.16,556.16,254.0,1413.1295
1784423340000,555.99,556.58,555.94,556.58,1038.0,5772.9278
1784423400000,556.54,556.66,556.07,556.08,587.0,3265.7475
1784423460000,556.08,556.08,555.8,555.93,537.0,2985.3554
1784423520000,555.99,556.39,555.98,556.14,333.0,1852.4805
1784423580000,556.26,556.26,555.98,556.16,414.0,2302.3518
1784423640000,556.02,556.22,555.83,556.16,404.0,2246.4189
1784423700000,556.1,556.67,556.07,556.62,255.0,1418.5478
1784423760000,556.68,556.72,556.51,556.51,264.0,1469.5567
1784423820000,556.35,556.47,556.29,556.33,207.0,1151.646
1784423880000,556.34,556.65,556.34,556.63,242.0,1346.7002
1784423940000,556.64,557.19,556.64,557.19,411.0,2288.7083
1784424000000,557.13,557.37,557.09,557.27,287.0,1599.1994
1784424060000,557.2,557.34,557.12,557.18,289.0,1610.4094
1784424120000,557.19,557.19,556.74,556.91,685.0,3814.8723
1784424180000,556.69,556.73,556.44,556.44,257.0,1430.6668
1784424240000,556.43,556.46,556.28,556.46,217.0,1207.2637
1784424300000,556.51,556.54,556.32,556.37,394.0,2192.2815
1784424360000,556.4,556.59,556.4,556.44,445.0,2476.6385
1784424420000,556.43,556.58,556.43,556.51,408.0,2270.573
1784424480000,556.58,556.93,556.58,556.93,258.0,1436.3747
1784424540000,556.94,556.94,556.35,556.35,325.0,1809.3485
1784424600000,556.35,556.68,556.35,556.5,253.0,1407.951
1784424660000,556.47,556.5,556.2,556.27,912.0,5073.3062
1784424720000,556.19,556.19,555.67,555.67,835.0,4642.0623
1784424780000,555.56,555.88,555.56,555.78,474.0,2634.3946
1784424840000,555.76,555.95,555.64,555.89,389.0,2162.2897
1784424900000,556.16,556.36,556.15,556.16,222.0,1234.8095
1784424960000,555.93,556.12,555.83,556.12,419.0,2329.4494
1784425020000,556.25,556.34,556.09,556.26,156.0,867.7066
1784425080000,556.37,556.4,556.28,556.29,266.0,1479.8681
1784425140000,556.36,556.36,556.0,556.23,746.0,4149.0993
1784425200000,556.13,556.34,555.8,555.8,657.0,3653.9095
1784425260000,555.79,556.31,555.79,555.88,703.0,3909.6163
1784425320000,555.91,555.92,555.85,555.85,127.0,705.9847
1784425380000,555.79,555.79,554.29,554.29,3739.0,20761.9196
1784425440000,554.4,554.55,554.27,554.48,441.0,2444.8499
1784425500000,554.45,554.75,550.79,552.68,17054.0,94170.0936
1784425560000,552.68,553.07,552.66,553.0,2729.0,15087.5703
1784425620000,552.99,553.46,552.91,552.95,633.0,3501.7978
1784425680000,553.4,553.4,552.55,552.55,248.0,1371.3606
1784435760000,556.77,557.33,556.77,557.29,1014.0
1784435820000,557.21,557.92,557.16,557.65,699.0
1784435880000,557.83,558.5,557.83,558.3,1709.0
1784435940000,558.21,558.99,558.01,558.99,630.0
1784436000000,559.0,559.38,558.94,559.09,291.0
1784436060000,559.15,559.38,558.86,558.86,17530.0
1784436120000,558.98,559.06,558.4,558.56,571.0
1784436180000,558.54,558.54,558.21,558.21,404.0
1784436240000,558.23,558.28,557.7,557.74,326.0
1784436300000,557.76,558.04,557.75,557.96,244.0
1784436360000,557.93,558.98,557.93,558.89,643.0
1784436420000,558.99,559.04,558.08,558.08,106.0
1784436480000,558.08,558.55,557.94,558.37,538.0
1784436540000,558.28,558.54,558.28,558.48,251.0
1784436600000,558.55,559.1,558.55,558.88,340.0
1784436660000,558.88,558.94,558.6,558.62,274.0
1784436720000,558.69,558.76,557.92,557.93,251.0
1784436780000,557.99,557.99,557.73,557.73,112.0
1784436840000,557.74,557.74,557.54,557.6,326.0
1784436900000,557.77,557.89,557.77,557.89,200.0
1784436960000,557.94,557.94,557.69,557.7,193.0
1784437020000,557.71,558.41,557.71,558.4,184.0
1784437080000,558.59,558.59,558.34,558.38,256.0
1784437140000,558.53,558.56,558.4,558.41,185.0
1784437200000,558.35,558.86,558.35,558.86,312.0
1784437260000,558.91,558.98,558.66,558.76,409.0
1784437320000,558.96,559.16,558.82,559.15,171.0
1784437380000,559.36,559.52,558.86,558.86,441.0
1784437440000,558.75,558.98,558.5,558.97,424.0
1784437500000,558.99,559.07,558.19,558.31,297.0
1784437560000,558.43,558.58,558.43,558.52,258.0
1784437620000,558.44,559.09,558.31,558.86,607.0
1784437680000,558.76,558.85,558.52,558.74,416.0
1784437740000,558.83,559.23,558.76,559.23,271.0
1784437800000,558.98,559.23,558.82,558.82,172.0
1784437860000,558.8,558.91,558.6,558.64,97.0
1784437920000,559.07,559.38,559.07,559.38,209.0
1784437980000,559.39,559.47,559.08,559.08,294.0
1784438040000,559.04,559.1,558.76,558.76,110.0
1784438100000,558.93,558.97,558.62,558.62,288.0
1784438160000,558.6,558.63,558.2,558.31,244.0
1784438220000,558.41,558.71,558.19,558.19,642.0
1784438280000,558.11,558.29,558.11,558.23,224.0
1784438340000,558.24,558.5,558.11,558.34,312.0
1784438400000,558.35,558.66,558.3,558.35,207.0
1784438460000,558.41,558.49,558.3,558.49,171.0
1784438520000,558.28,558.33,557.96,557.96,394.0
1784438580000,557.84,557.91,557.8,557.91,798.0
1784438640000,557.86,557.93,557.8,557.9,261.0
1784438700000,557.92,558.58,557.92,558.41,887.0
1784438760000,558.46,558.46,558.08,558.08,259.0
1784438820000,558.1,558.1,557.8,557.82,333.0
1784438880000,557.85,558.02,557.85,557.96,248.0
1784438940000,557.91,557.91,556.77,556.9,589.0
1784439000000,556.9,556.9,556.71,556.81,202.0
1784439060000,556.97,557.28,556.97,557.2,151.0
1784439120000,557.29,557.32,556.99,556.99,237.0
1784439180000,556.94,557.1,556.77,557.1,311.0
1784439240000,557.37,557.47,557.29,557.29,246.0
1784439300000,557.27,557.85,557.16,557.59,702.0
1784439360000,557.63,557.91,557.3,557.91,790.0
1784439420000,557.86,558.15,557.76,558.15,1886.0
1784439480000,558.19,558.98,558.19,558.83,366.0
1784439540000,558.78,558.99,558.68,558.88,345.0
1784439600000,558.85,558.85,558.27,558.27,318.0
1784439660000,558.2,558.44,558.2,558.44,202.0
1784439720000,558.3,558.41,558.2,558.2,471.0
1784439780000,558.21,558.9,558.13,558.66,3278.0
1784439840000,558.66,558.7,558.39,558.41,274.0
1784439900000,558.41,558.84,558.32,558.84,282.0
1784439960000,558.72,559.01,558.46,558.77,660.0
1784440020000,558.82,559.33,558.8,559.33,280.0
1784440080000,559.29,559.42,559.08,559.16,5743.0
1784440140000,559.19,559.38,558.95,559.29,715.0
1784440200000,559.3,560.41,559.3,559.69,738.0
1784440260000,559.97,560.41,559.97,560.4,1138.0
1784440320000,560.37,560.49,560.36,560.47,261.0
1784440380000,560.53,560.57,560.21,560.3,437.0
1784440440000,560.31,560.42,560.0,560.0,757.0
1784440500000,559.95,560.54,559.95,560.09,903.0
1784440560000,560.01,560.24,559.91,560.19,426.0
1784440620000,560.21,560.44,560.1,560.33,628.0
1784440680000,560.39,560.41,560.14,560.14,495.0
1784440740000,560.12,560.12,559.91,559.91,198.0
1784440800000,560.04,560.07,559.39,559.54,1028.0
1784440860000,559.59,559.91,559.58,559.58,284.0
1784440920000,559.59,559.59,559.04,559.26,301.0
1784440980000,559.32,559.32,558.88,559.06,390.0
1784441040000,559.39,559.52,558.9,559.29,606.0
1784441100000,559.2,559.2,558.91,558.91,151.0
1784441160000,558.74,558.75,558.58,558.59,93.0
1784441220000,558.48,558.62,558.48,558.52,68.0
1784441280000,558.62,558.8,557.83,558.36,1410.0
1784441340000,558.36,558.37,557.88,557.91,168.0
1784441400000,557.87,558.5,557.7,558.06,1458.0
1784441460000,558.09,558.5,557.8,558.18,825.0
1784441520000,558.15,558.22,557.88,557.91,1226.0
1784441580000,557.87,558.65,557.87,558.61,207.0
1784441640000,558.51,558.52,558.21,558.45,209.0
1784441700000,558.3,558.45,558.26,558.43,223.0
1784441760000,558.47,558.63,558.23,558.63,213.0
1784441820000,558.63,558.66,558.22,558.37,5290.0
1784441880000,558.33,558.33,557.91,557.91,203.0
1784441940000,558.02,558.02,557.53,557.93,5220.0
1784442000000,557.87,557.98,557.77,557.8,325.0
1784442060000,557.8,557.89,557.72,557.77,269.0
1784442120000,557.76,558.63,557.68,558.63,339.0
1784442180000,558.65,558.95,558.48,558.53,656.0
1784442240000,558.53,558.98,558.38,558.98,212.0
1784442300000,558.88,558.88,558.2,558.2,683.0
1784442360000,558.23,558.23,557.88,558.0,301.0
1784442420000,557.88,558.48,557.88,558.32,576.0
1784442480000,558.24,558.32,557.94,558.0,309.0
1784442540000,558.01,558.37,558.01,558.34,253.0
1784442600000,558.23,558.46,558.13,558.34,399.0
1784442660000,558.33,558.78,558.33,558.78,230.0
1784442720000,558.61,558.72,558.49,558.72,233.0
1784442780000,558.86,559.73,558.82,559.7,792.0
1784442840000,559.78,560.18,559.48,559.49,724.0
1784442900000,559.62,559.78,559.39,559.78,126.0
1784442960000,559.78,559.78,559.4,559.54,548.0
1784443020000,559.55,559.69,559.33,559.33,667.0
1784443080000,559.28,559.47,559.23,559.25,258.0
1784443140000,559.29,559.35,559.21,559.35,317.0
1784443200000,559.32,559.41,559.24,559.38,200.0
1784443260000,559.39,559.42,559.36,559.36,172.0
1784443320000,559.33,559.43,559.25,559.43,300.0
1784443380000,559.46,559.58,559.4,559.43,375.0
1784443440000,559.45,559.58,559.13,559.58,362.0
1784443500000,559.48,559.9,559.19,559.57,442.0
1784443560000,559.66,559.99,559.44,559.44,210.0
1784443620000,559.39,559.41,558.89,558.89,2787.0
1784443680000,558.83,558.83,558.0,558.16,1469.0
1784443740000,558.11,558.58,558.1,558.46,276.0,1541.1579
1784443800000,558.43,558.52,558.12,558.46,128.0,714.7108
1784443860000,558.44,558.93,558.44,558.87,5117.0,28596.164
1784443920000,558.83,558.85,558.54,558.82,109.0,609.0552
1784443980000,558.76,558.76,558.52,558.54,281.0,1569.7563
1784444040000,558.52,558.71,558.52,558.52,151.0,843.4338
1784444100000,558.51,558.68,558.33,558.58,263.0,1468.6951
1784444160000,558.61,558.71,558.56,558.64,257.0,1435.7215
1784444220000,558.7,558.97,558.69,558.97,129.0,720.8877
1784444280000,558.98,559.06,558.89,558.89,242.0,1352.7718
1784444340000,558.89,559.15,558.79,558.85,279.0,1559.4626
1784444400000,558.82,558.86,558.72,558.75,216.0,1207.0085
1784444460000,558.75,558.76,558.59,558.64,311.0,1737.5563
1784444520000,558.65,558.91,558.53,558.91,265.0,1480.6554
1784444580000,558.96,558.96,558.69,558.79,116.0,648.264
1784444640000,558.86,559.08,558.68,559.08,234.0,1307.5202
1784444700000,559.19,559.72,559.19,559.47,453.0,2533.9024
1784444760000,559.54,559.62,559.12,559.61,583.0,3260.6048
1784444820000,559.44,559.59,559.44,559.46,238.0,1331.6524
1784444880000,559.44,559.44,559.39,559.39,73.0,408.3656
1784444940000,559.22,559.22,558.91,558.95,215.0,1201.9793
1784445000000,558.91,559.23,558.91,559.23,117.0,654.0278
1784445060000,558.99,558.99,558.8,558.81,240.0,1341.2621
1784445120000,558.98,558.98,558.79,558.86,105.0,586.8516
1784445180000,558.94,559.37,558.77,559.37,417.0,2330.9331
1784445240000,559.36,559.46,559.17,559.17,291.0,1627.6611
1784445300000,559.23,559.46,559.18,559.28,315.0,1761.7505
1784445360000,559.26,559.34,559.25,559.32,309.0,1728.2181
1784445420000,559.32,559.32,559.06,559.24,259.0,1448.3829
1784445480000,559.29,559.37,559.21,559.21,297.0,1661.1136
1784445540000,559.18,559.3,559.12,559.17,589.0,3293.5132
1784445600000,559.19,559.47,559.14,559.47,574.0,3210.2502
1784445660000,559.64,559.66,559.29,559.46,5295.0,29617.2485
1784445720000,559.47,559.78,559.45,559.56,310.0,1734.8426
1784445780000,559.52,560.0,559.39,559.68,350.0,1958.5097
1784445840000,559.72,559.88,559.65,559.85,346.0,1936.8326
1784445900000,559.89,560.87,559.87,560.46,3458.0,19384.4816
1784445960000,560.48,560.7,560.08,560.08,1264.0,7082.7299
1784446020000,560.3,560.52,560.3,560.5,261.0,1462.7675
1784446080000,560.52,560.77,560.52,560.74,563.0,3156.5127
1784446140000,560.69,560.69,560.2,560.2,799.0,4477.7996
1784446200000,560.2,560.34,560.02,560.25,152.0,851.5849
1784446260000,560.27,560.27,559.71,559.71,353.0,1976.9727
1784446320000,559.71,559.71,559.14,559.14,1898.0,10618.32
1784446380000,559.16,559.32,559.12,559.25,148.0,827.6946
1784446440000,559.31,559.49,559.31,559.49,563.0,3149.7808
1784446500000,559.54,560.26,559.51,560.26,651.0,3644.3677
1784446560000,560.18,560.19,559.81,559.86,295.0,1651.8255
1784446620000,560.1,560.21,559.95,560.05,317.0,1775.4488
1784446680000,559.98,560.16,559.95,560.04,364.0,2038.6376
1784446740000,560.05,560.48,560.03,560.32,262.0,1468.0461
1784446800000,560.46,560.5,560.21,560.29,412.0,2308.6581
1784446860000,560.41,560.76,560.14,560.75,6373.0,35735.223
1784446920000,560.69,560.69,560.17,560.35,519.0,2908.3113
1784446980000,560.3,560.41,560.05,560.06,504.0,2824.1145
1784447040000,559.99,560.13,559.59,559.61,827.0,4631.0979
1784447100000,559.61,559.61,558.81,559.01,342.0,1913.32
1784447160000,558.95,559.03,558.46,558.81,1422.0,7943.5295
1784447220000,558.71,558.76,558.11,558.58,481.0,2685.2792
1784447280000,558.33,559.15,558.33,559.15,200.0,1117.0991
1784447340000,559.14,559.3,558.5,558.57,259.0,1447.7851
1784447400000,558.48,558.58,558.28,558.48,240.0,1340.2099
1784447460000,558.35,558.66,558.24,558.51,430.0,2401.3885
1784447520000,558.5,558.51,558.04,558.04,1046.0,5841.8417
1784447580000,558.0,558.53,558.0,558.25,3885.0,21689.1716
1784447640000,558.36,559.26,558.32,558.89,300.0,1676.8636
1784447700000,558.83,559.22,558.82,559.21,890.0,4976.3937
1784447760000,559.12,559.87,558.69,559.59,1858.0,10393.2484
1784447820000,559.57,559.89,559.28,559.55,1374.0,7688.6165
1784447880000,559.47,559.47,558.63,558.78,360.0,2013.0961
1784447940000,558.59,559.39,558.49,559.39,411.0,2297.6971
1784448000000,559.46,559.78,559.46,559.78,211.0,1180.9376
1784448060000,559.72,559.75,559.08,559.11,252.0,1409.5388
1784448120000,559.19,559.93,559.18,559.93,328.0,1835.9364
1784448180000,559.87,560.67,559.87,560.51,421.0,2359.3027
1784448240000,560.4,560.6,560.28,560.56,2631.0,14747.7516
1784448300000,560.66,560.67,560.27,560.37,224.0,1255.322
1784448360000,560.36,560.9,560.36,560.43,811.0,4546.9865
1784448420000,560.54,561.2,560.01,560.04,2889.0,16191.452
1784448480000,560.12,560.12,559.22,559.22,446.0,2496.221
1784448540000,559.25,559.39,558.74,559.39,5026.0,28090.096
1784448600000,559.47,559.84,559.47,559.65,414.0,2317.1112
1784448660000,559.73,559.79,559.58,559.6,220.0,1231.2669
1784448720000,559.56,560.11,559.56,559.94,565.0,3162.9813
1784448780000,560.01,560.05,559.54,559.54,496.0,2776.6709
1784448840000,559.6,559.78,559.15,559.2,704.0,3939.1495
1784448900000,559.08,559.19,559.0,559.05,433.0,2420.7494
1784448960000,559.01,559.11,558.89,559.1,359.0,2006.7771
1784449020000,559.18,559.22,558.88,558.95,210.0,1174.0015
1784449080000,558.94,558.96,558.62,558.64,260.0,1452.691
1784449140000,558.64,558.88,558.6,558.61,545.0,3044.9343
1784449200000,558.59,558.59,558.01,558.01,475.0,2652.1941
1784449260000,558.04,558.44,557.57,557.75,2187.0,12204.2739
1784449320000,557.75,557.94,557.56,557.94,299.0,1667.5617
1784449380000,557.97,558.45,557.97,558.34,1002.0,5593.0572
1784449440000,558.36,558.78,558.23,558.78,957.0,5344.5309
1784449500000,558.76,559.01,558.72,558.96,601.0,3358.6843
1784449560000,559.06,559.47,558.98,559.47,256.0,1431.3068
1784449620000,559.59,560.01,559.59,559.66,359.0,2009.582
1784449680000,559.78,560.06,559.78,560.02,221.0,1237.4134
1784449740000,560.07,560.07,559.82,559.94,2127.0,11908.5685
1784449800000,560.07,560.07,559.64,559.72,221.0,1237.1726
1784449860000,559.67,559.75,559.53,559.53,237.0,1326.3196
1784449920000,559.5,559.5,558.82,559.15,353.0,1973.6204
1784449980000,559.28,559.48,559.28,559.33,293.0,1638.8749
1784450040000,559.29,559.5,559.26,559.38,148.0,827.8581
1784450100000,559.42,559.68,559.41,559.48,205.0,1147.0654
1784450160000,559.51,559.57,559.43,559.52,2230.0,12475.85
1784450220000,559.3,559.63,559.3,559.47,197.0,1102.1909
1784450280000,559.69,560.09,559.66,559.66,148.0,828.4862
1784450340000,559.88,567.92,559.88,564.04,36472.0,206082.1525
1784450400000,564.17,565.16,563.19,564.49,4341.0,24495.5894
1784450460000,564.57,564.99,563.28,564.29,13233.0,74605.7803
1784450520000,564.2,564.23,563.23,563.23,4693.0,26463.6198
1784450580000,563.36,563.97,563.2,563.86,2613.0,14730.7671
1784450640000,564.08,564.19,563.35,563.91,1556.0,8773.3982
1784450700000,563.99,564.1,563.54,564.0,1298.0,7318.1987
1784450760000,563.97,564.02,563.28,563.64,1275.0,7186.4151
1784450820000,563.66,563.66,563.12,563.16,706.0,3977.0091
1784450880000,563.26,563.76,563.18,563.76,1005.0,5662.8704
1784450940000,563.79,563.85,563.41,563.66,535.0,3015.594
1784451000000,563.77,564.35,563.55,563.97,420.0,2368.7253
1784451060000,564.05,564.8,563.8,564.54,2527.0,14264.2042
1784451120000,564.2,564.2,563.43,563.64,346.0,1950.4691
1784451180000,563.63,564.49,563.63,564.16,2904.0,16385.5699
1784451240000,564.05,564.2,563.44,563.44,444.0,2503.3976
1784451300000,563.4,563.73,563.18,563.29,487.0,2744.3808
1784451360000,563.43,563.72,563.39,563.6,1214.0,6841.3938
1784451420000,563.68,563.93,563.61,563.91,528.0,2976.4637
1784451480000,563.81,563.81,563.38,563.58,508.0,2862.9618
1784451540000,563.6,563.85,563.47,563.85,841.0,4740.2718
1784451600000,563.91,563.98,563.4,563.4,2762.0,15574.199
1784451660000,563.46,563.47,563.24,563.27,244.0,1374.4899
1784451720000,563.35,563.49,563.35,563.49,346.0,1949.5472
1784451780000,563.36,563.42,563.12,563.26,364.0,2050.3715
1784451840000,563.2,563.58,563.14,563.19,471.0,2653.4388
1784451900000,563.3,563.3,562.69,562.72,1141.0,6426.1846
1784451960000,562.74,562.96,562.24,562.38,4255.0,23931.1893
1784452020000,562.34,562.77,562.34,562.75,594.0,3341.6963
1784452080000,562.81,562.97,562.35,562.48,547.0,3077.8349
1784452140000,562.55,562.66,562.31,562.34,463.0,2604.2741
1784452200000,562.46,562.46,562.07,562.09,884.0,4970.354
1784452260000,561.96,562.78,561.9,562.71,2191.0,12317.4785
1784452320000,562.71,562.85,562.52,562.52,969.0,5451.1556
1784452380000,562.48,562.48,561.66,561.87,2775.0,15589.5534
1784452440000,561.69,561.86,561.48,561.74,3111.0,17474.061
1784452500000,561.57,561.77,561.57,561.63,418.0,2347.6792
1784452560000,561.68,561.75,561.38,561.5,937.0,5261.4656
1784452620000,561.52,561.52,561.02,561.02,278.0,1560.2968
1784452680000,561.01,561.01,560.39,560.46,1317.0,7385.0328
1784452740000,560.47,560.53,559.18,559.55,10515.0,58844.5868
1784452800000,559.47,559.58,559.04,559.2,2830.0,15831.1267
1784452860000,559.15,559.22,558.69,558.7,651.0,3639.1272
1784452920000,558.68,558.95,558.52,558.85,634.0,3542.5003
1784452980000,558.91,559.03,558.03,558.09,548.0,3061.8636
1784453040000,558.05,558.4,557.75,558.16,3673.0,20498.2771
1784453100000,558.09,558.75,557.79,558.67,916.0,5113.3035
1784453160000,558.66,558.88,558.6,558.67,3426.0,19139.6051
1784453220000,558.74,558.74,558.28,558.58,4102.0,22912.8039
1784453280000,558.38,558.57,558.11,558.48,1213.0,6773.0961
1784453340000,558.36,559.14,558.13,558.71,3095.0,17297.3263
1784453400000,558.82,559.16,558.56,559.16,1696.0,9475.649
1784453460000,559.16,561.88,558.78,560.43,9350.0,52372.7168
1784453520000,560.41,561.47,560.41,561.36,1982.0,11113.7942
1784453580000,561.45,561.45,560.98,561.19,1481.0,8310.0341
1784453640000,561.3,561.47,561.03,561.14,2954.0,16580.7039
1784453700000,561.19,561.66,561.13,561.49,870.0,4884.1342
1784453760000,561.46,561.48,561.08,561.11,579.0,3249.2508
1784453820000,561.07,561.07,560.56,560.69,7349.0,41207.3848
1784453880000,560.7,560.83,560.2,560.39,1963.0,11002.545
1784453940000,560.51,560.68,560.14,560.33,1430.0,8011.8769
1784454000000,560.35,560.55,559.6,559.61,5617.0,31444.339
1784454060000,559.64,560.59,559.64,560.43,351.0,1966.1868
1784454120000,560.27,560.27,559.88,559.97,220.0,1232.139
1784454180000,559.95,560.37,559.77,560.37,418.0,2341.1802
1784454240000,560.33,560.51,559.76,559.88,1216.0,6810.1691
1784454300000,559.73,559.86,559.6,559.71,2019.0,11300.0184
1784454360000,559.81,559.81,559.48,559.48,806.0,4510.5438
1784454420000,559.48,560.01,559.48,560.01,681.0,3812.0057
1784454480000,559.93,559.93,559.48,559.6,467.0,2613.9515
1784454540000,559.74,559.94,559.69,559.91,452.0,2530.2219
1784454600000,559.7,559.89,559.6,559.85,423.0,2367.7785
1784454660000,559.96,559.96,559.7,559.82,224.0,1253.9638
1784454720000,559.74,559.74,559.18,559.39,264.0,1476.9722
1784454780000,559.39,559.39,558.33,559.1,7087.0,39600.9841
1784454840000,559.06,559.18,559.03,559.09,864.0,4830.6157
1784454900000,559.22,559.41,559.04,559.3,629.0,3517.0185
1784454960000,559.25,559.82,559.2,559.81,2548.0,14257.9628
1784455020000,559.8,560.04,559.55,559.98,519.0,2904.8065
1784455080000,560.02,560.27,559.95,560.27,1057.0,5920.8476
1784455140000,560.39,560.39,559.75,560.03,725.0,4060.7665
1784455200000,559.69,560.07,558.91,558.91,464.0,2596.7934
1784455260000,558.85,558.93,558.36,558.88,1575.0,8796.8111
1784455320000,558.94,559.87,558.94,559.87,2521.0,14099.8175
1784455380000,560.06,560.41,559.94,560.31,1024.0,5736.6295
1784455440000,560.29,560.31,560.07,560.25,771.0,4319.2811
1784455500000,560.26,560.3,559.73,559.8,2357.0,13202.157
1784455560000,559.79,559.98,559.65,559.97,408.0,2284.2392
1784455620000,559.85,559.85,559.5,559.57,239.0,1337.5171
1784455680000,559.47,559.47,558.93,559.36,456.0,2550.0464
1784465760000,556.25,556.47,556.19,556.19,504.0
1784465820000,556.23,556.48,556.22,556.26,430.0
1784465880000,556.33,556.33,556.01,556.01,350.0
1784465940000,556.04,556.07,555.8,555.99,258.0
1784466000000,556.11,556.27,554.43,554.43,6623.0
1784466060000,554.39,554.79,552.91,554.78,8447.0
1784466120000,554.75,554.77,554.27,554.41,1033.0
1784466180000,554.48,554.48,554.16,554.41,1586.0
1784466240000,554.41,555.13,554.41,554.83,693.0
1784466300000,554.86,555.38,554.86,555.38,188.0
1784466360000,555.36,555.36,554.63,554.79,301.0
1784466420000,554.86,555.28,554.86,555.28,111.0
1784466480000,555.27,555.29,554.68,555.05,3128.0
1784466540000,555.05,555.21,554.98,555.18,432.0
1784466600000,555.18,555.21,554.86,555.02,447.0
1784466660000,555.05,555.16,554.82,554.86,1471.0
1784466720000,554.85,555.18,554.85,555.04,1410.0
1784466780000,555.21,555.41,554.58,554.58,302.0
1784466840000,554.47,554.88,554.45,554.8,6553.0
1784466900000,554.82,555.16,554.82,554.96,232.0
1784466960000,554.74,555.76,554.74,555.64,287.0
1784467020000,555.67,555.67,554.94,555.0,229.0
1784467080000,555.19,555.19,554.41,554.74,320.0
1784467140000,554.77,555.68,554.51,555.44,1500.0
1784467200000,555.6,555.97,555.36,555.47,399.0
1784467260000,555.48,555.65,555.35,555.65,400.0
1784467320000,555.39,555.62,555.23,555.62,217.0
1784467380000,555.6,555.6,555.38,555.49,170.0
1784467440000,555.54,555.54,555.54,555.54,64.0
1784467500000,555.6,555.6,555.43,555.5,263.0
1784467560000,555.59,555.69,555.58,555.6,112.0
1784467620000,555.62,555.62,555.41,555.45,3173.0
1784467680000,555.63,555.63,555.26,555.26,407.0
1784467740000,555.29,555.66,555.29,555.35,212.0
1784467800000,555.5,555.69,555.36,555.67,370.0
1784467860000,555.79,556.25,555.79,556.2,284.0
1784467920000,556.26,556.93,556.26,556.93,210.0
1784467980000,556.99,557.34,556.4,556.42,266.0
1784468040000,556.59,556.89,556.31,556.76,640.0
1784468100000,556.77,556.88,556.73,556.77,482.0
1784468160000,556.76,557.06,556.76,557.03,395.0
1784468220000,557.04,557.2,556.15,556.31,1696.0
1784468280000,556.27,556.99,555.95,556.64,653.0
1784468340000,556.65,557.58,556.39,557.12,3097.0
1784468400000,557.14,557.14,556.25,556.25,292.0
1784468460000,556.27,556.35,556.09,556.09,308.0
1784468520000,555.89,556.18,555.89,556.13,234.0
1784468580000,556.13,556.45,555.99,555.99,284.0
1784468640000,556.07,556.14,555.89,555.89,156.0
1784468700000,555.87,555.87,555.71,555.73,956.0
1784468760000,555.87,556.69,555.84,556.65,240.0
1784468820000,556.22,556.59,556.12,556.59,192.0
1784468880000,556.63,556.96,556.6,556.96,178.0
1784468940000,556.99,557.06,556.77,557.02,286.0
1784469000000,556.96,557.49,556.96,557.49,191.0
1784469060000,557.48,557.48,557.0,557.01,143.0
1784469120000,557.16,557.16,556.8,556.81,210.0
1784469180000,556.69,556.69,556.51,556.55,37.0
1784469240000,556.48,556.98,556.46,556.51,267.0
1784469300000,556.51,556.9,556.51,556.51,156.0
1784469360000,556.81,557.16,556.81,557.03,265.0
1784469420000,556.9,556.9,556.12,556.77,584.0
1784469480000,556.75,557.08,556.65,557.08,524.0
1784469540000,557.0,557.27,556.96,557.27,510.0
1784469600000,557.21,557.26,556.88,556.88,325.0
1784469660000,556.89,556.94,556.59,556.78,703.0
1784469720000,556.85,557.9,556.85,557.89,514.0
1784469780000,557.99,558.51,557.99,558.37,483.0
1784469840000,558.44,559.6,558.44,559.13,6877.0
1784469900000,559.11,559.68,559.0,559.56,1102.0
1784469960000,559.59,560.0,559.48,559.87,1289.0
1784470020000,559.91,559.95,559.51,559.82,7013.0
1784470080000,559.81,559.94,559.5,559.53,2074.0
1784470140000,559.51,559.89,559.51,559.85,682.0
1784470200000,559.99,560.0,559.5,559.52,39006.0
1784470260000,559.5,559.85,559.5,559.62,2847.0
1784470320000,559.66,560.35,559.66,560.31,13217.0
1784470380000,560.39,560.39,559.29,559.3,5826.0
1784470440000,559.3,559.81,558.4,558.4,734.0
1784470500000,558.41,558.54,557.2,557.62,22213.0
1784470560000,557.48,557.83,556.73,556.73,33248.0
1784470620000,556.79,556.82,555.33,555.33,1633.0
1784470680000,555.79,556.16,555.49,556.13,974.0
1784470740000,556.19,556.19,555.18,555.18,2937.0
1784470800000,555.36,555.36,554.15,554.64,1453.0
1784470860000,554.78,554.97,554.66,554.9,2923.0
1784470920000,554.98,555.01,554.19,554.19,341.0
1784470980000,554.08,554.4,553.97,554.1,401.0
1784471040000,554.03,554.28,553.73,553.74,8733.0
1784471100000,553.75,554.0,553.69,553.83,1051.0
1784471160000,553.84,553.93,553.55,553.93,1753.0
1784471220000,553.93,554.58,553.85,554.41,3037.0
1784471280000,554.27,554.91,554.18,554.91,443.0
1784471340000,554.9,554.9,554.34,554.49,434.0
1784471400000,554.58,554.73,554.46,554.66,221.0
1784471460000,554.67,555.47,554.63,555.47,331.0
1784471520000,555.59,555.93,555.49,555.78,1371.0
1784471580000,555.59,555.7,555.14,555.16,358.0
1784471640000,555.27,556.38,555.27,556.29,514.0
1784471700000,556.34,556.6,555.46,555.46,589.0
1784471760000,555.18,556.27,555.18,556.27,503.0
1784471820000,556.3,556.34,555.87,555.87,146.0
1784471880000,555.91,556.37,555.91,556.04,344.0
1784471940000,556.04,556.25,555.51,556.03,398.0
1784472000000,555.68,555.68,555.2,555.44,303.0
1784472060000,555.44,555.55,554.79,554.87,322.0
1784472120000,555.01,555.11,554.95,555.05,138.0
1784472180000,555.1,555.21,555.1,555.19,121.0
1784472240000,555.19,555.29,555.15,555.29,157.0
1784472300000,555.47,556.16,555.47,556.16,242.0
1784472360000,556.23,556.26,556.12,556.26,157.0
1784472420000,556.26,556.68,556.26,556.51,459.0
1784472480000,556.52,556.52,556.22,556.36,175.0
1784472540000,556.39,556.86,556.23,556.86,163.0
1784472600000,556.93,557.25,556.61,557.17,329.0
1784472660000,557.28,557.45,556.86,556.88,663.0
1784472720000,556.74,556.74,555.79,555.79,605.0
1784472780000,556.0,556.08,555.55,555.76,255.0
1784472840000,555.82,556.58,555.82,555.83,330.0
1784472900000,556.16,556.29,556.01,556.27,684.0
1784472960000,556.25,556.25,555.87,555.87,364.0
1784473020000,555.79,555.79,555.25,555.25,372.0
1784473080000,555.45,555.79,555.34,555.66,150.0
1784473140000,555.73,555.85,555.61,555.7,118.0
1784473200000,555.79,556.19,555.7,556.19,336.0
1784473260000,556.15,556.15,555.81,555.91,355.0
1784473320000,555.92,555.95,555.47,555.61,229.0
1784473380000,555.72,555.72,555.47,555.51,142.0
1784473440000,555.77,555.78,555.46,555.6,362.0
1784473500000,555.6,555.61,554.73,554.88,257.0
1784473560000,554.9,555.39,554.9,555.31,288.0
1784473620000,555.47,555.59,555.09,555.19,222.0
1784473680000,555.18,555.29,554.88,555.29,257.0
1784473740000,555.16,555.27,555.05,555.19,520.0,2886.8655
1784473800000,554.98,555.46,554.81,555.13,509.0,2825.6211
1784473860000,555.01,555.25,555.0,555.09,369.0,2048.2923
1784473920000,555.12,555.18,555.09,555.09,330.0,1831.9901
1784473980000,555.09,555.17,554.72,554.78,245.0,1359.4105
1784474040000,554.72,555.06,553.91,554.1,5166.0,28641.3908
1784474100000,554.15,554.59,554.15,554.59,327.0,1813.1227
1784474160000,554.46,554.54,553.72,553.72,223.0,1235.7437
1784474220000,553.79,554.55,553.79,554.09,3302.0,18299.536
1784474280000,554.06,554.35,553.89,553.99,253.0,1401.873
1784474340000,554.09,554.22,553.96,554.22,337.0,1867.222
1784474400000,554.21,554.38,553.89,554.33,315.0,1745.7238
1784474460000,554.32,554.39,553.9,553.9,526.0,2914.412
1784474520000,553.87,554.03,553.7,553.81,380.0,2104.5983
1784474580000,553.76,554.12,553.76,554.02,546.0,3024.295
1784474640000,554.0,554.05,553.7,553.79,410.0,2270.7412
1784474700000,553.77,553.89,553.73,553.74,534.0,2957.322
1784474760000,553.72,553.95,553.36,553.69,562.0,3112.0147
1784474820000,553.64,553.66,552.92,552.93,848.0,4692.1126
1784474880000,552.8,553.26,552.7,552.86,459.0,2537.9739
1784474940000,553.02,553.16,552.68,552.68,851.0,4706.8428
1784475000000,552.72,554.27,552.44,554.27,4407.0,24369.8182
1784475060000,554.34,554.34,553.77,553.91,922.0,5108.8914
1784475120000,553.9,553.9,552.94,553.01,22530.0,124627.7578
1784475180000,552.97,553.14,552.68,553.08,2353.0,13008.7568
1784475240000,552.94,553.43,552.77,553.43,376.0,2078.9673
1784475300000,553.44,554.14,553.26,553.8,2652.0,14679.0454
1784475360000,553.8,554.12,553.73,553.73,525.0,2907.6098
1784475420000,553.7,555.21,553.68,554.61,59768.0,331505.5396
1784475480000,554.39,554.39,553.9,554.24,598.0,3314.5616
1784475540000,554.23,554.23,553.95,554.0,422.0,2338.0176
1784475600000,554.01,554.41,553.96,554.4,186.0,1030.7844
1784475660000,554.5,554.65,554.35,554.35,3306.0,18334.7322
1784475720000,554.41,554.69,554.39,554.51,459.0,2545.483
1784475780000,554.47,554.64,554.4,554.58,92.0,510.1365
1784475840000,554.56,555.0,554.53,554.53,2049.0,11367.4128
1784475900000,554.46,554.55,554.11,554.55,584.0,3237.7787
1784475960000,554.49,554.49,553.93,553.93,1260.0,6981.4258
1784476020000,553.88,554.12,553.61,553.91,242.0,1340.4393
1784476080000,553.71,554.06,553.71,554.02,244.0,1351.5478
1784476140000,554.08,554.11,553.86,553.86,147.0,814.3411
1784476200000,553.6,553.6,553.09,553.23,845.0,4675.4063
1784476260000,553.09,553.09,552.68,552.72,246.0,1359.99
1784476320000,552.7,552.91,552.7,552.8,231.0,1276.9923
1784476380000,553.01,553.81,553.0,553.46,748.0,4139.9457
1784476440000,553.48,553.62,553.36,553.52,252.0,1394.9677
1784476500000,553.28,553.58,553.27,553.48,486.0,2689.6295
1784476560000,553.45,553.45,552.79,552.79,1382.0,7643.8634
1784476620000,552.79,552.96,552.67,552.67,520.0,2874.3004
1784476680000,552.5,553.18,552.5,552.92,809.0,4472.4443
1784476740000,552.89,552.94,552.7,552.93,289.0,1597.7831
1784476800000,552.81,552.81,552.4,552.55,1070.0,5911.7403
1784476860000,552.88,552.88,552.2,552.55,558.0,3082.3011
1784476920000,552.39,553.27,552.39,553.27,2317.0,12801.4217
1784476980000,553.29,553.95,553.29,553.95,780.0,4318.2761
1784477040000,553.9,553.93,553.51,553.88,314.0,1738.8074
1784477100000,553.89,553.93,553.49,553.84,4072.0,22547.3777
1784477160000,553.84,553.85,548.98,549.64,23064.0,126955.4422
1784477220000,549.65,550.15,548.54,548.81,3698.0,20312.0482
1784477280000,548.77,549.56,548.7,549.1,9089.0,49894.0702
1784477340000,549.17,549.46,549.14,549.16,4692.0,25774.3503
1784477400000,549.2,549.46,548.9,549.39,2272.0,12475.2463
1784477460000,549.38,549.46,548.83,549.14,638.0,3503.6534
1784477520000,549.14,549.14,548.64,548.69,2258.0,12392.7318
1784477580000,549.07,549.7,549.04,549.69,1391.0,7642.8306
1784477640000,549.7,549.76,549.49,549.56,723.0,3973.9617
1784477700000,549.52,549.52,549.0,549.0,590.0,3240.3494
1784477760000,549.15,549.44,548.85,549.12,15863.0,87095.236
1784477820000,549.11,549.47,548.82,549.45,4574.0,25111.2545
1784477880000,549.46,549.71,549.27,549.27,2962.0,16272.465
1784477940000,549.11,549.36,548.88,549.31,2591.0,14227.4852
1784478000000,549.32,550.43,549.25,550.28,4648.0,25559.978
1784478060000,550.22,550.65,550.22,550.65,692.0,3808.5863
1784478120000,550.67,551.89,550.67,551.43,5833.0,32170.8623
1784478180000,551.48,551.48,551.0,551.17,601.0,3312.6205
1784478240000,551.09,551.69,551.09,551.18,818.0,4511.8293
1784478300000,551.21,551.34,551.08,551.08,5528.0,30475.4817
1784478360000,551.16,551.16,550.7,550.7,395.0,2176.2579
1784478420000,550.68,550.73,550.59,550.69,231.0,1271.9978
1784478480000,550.63,551.43,550.63,550.89,1319.0,7268.7231
1784478540000,550.83,551.31,550.73,551.05,455.0,2507.1089
1784478600000,551.07,551.09,550.79,550.83,382.0,2104.7737
1784478660000,550.87,551.06,550.37,550.37,5468.0,30113.9506
1784478720000,550.64,550.76,550.21,550.21,279.0,1536.0161
1784478780000,550.59,551.07,550.59,551.07,248.0,1366.3717
1784478840000,551.05,551.05,550.45,550.69,239.0,1316.0622
1784478900000,550.77,550.77,550.31,550.47,244.0,1343.5307
1784478960000,550.89,551.67,550.89,551.09,800.0,4409.794
1784479020000,551.08,551.68,551.08,551.68,403.0,2222.0049
1784479080000,551.56,551.66,551.44,551.56,4204.0,23184.6059
1784479140000,551.52,551.81,551.45,551.78,547.0,3017.2114
1784479200000,551.87,552.0,551.65,551.65,404.0,2229.4331
1784479260000,551.99,551.99,551.77,551.79,469.0,2588.4791
1784479320000,551.83,552.47,551.8,551.84,938.0,5179.9657
1784479380000,551.91,551.98,551.58,551.98,374.0,2063.8106
1784479440000,551.77,552.05,551.48,551.99,1771.0,9770.3393
1784479500000,551.96,552.31,551.92,551.96,465.0,2566.9869
1784479560000,551.87,551.95,551.51,551.58,494.0,2725.204
1784479620000,551.82,552.14,551.82,552.13,161.0,888.7969
1784479680000,552.08,552.39,551.84,552.25,464.0,2562.2103
1784479740000,552.25,552.34,551.9,552.15,261.0,1441.1171
1784479800000,552.16,552.32,551.88,552.03,568.0,3135.6089
1784479860000,552.13,552.25,551.93,552.01,466.0,2572.9587
1784479920000,552.04,552.05,551.47,551.53,2215.0,12217.5636
1784479980000,551.72,551.98,551.72,551.96,298.0,1644.5391
1784480040000,551.83,551.84,550.94,551.0,401.0,2211.0394
1784480100000,551.03,551.32,551.03,551.18,522.0,2876.9391
1784480160000,551.2,551.3,551.06,551.09,452.0,2491.4084
1784480220000,550.96,551.39,550.83,551.39,381.0,2099.8298
1784480280000,551.45,551.74,551.3,551.38,638.0,3518.5217
1784480340000,551.44,551.47,550.86,551.16,5978.0,32936.3753
1784480400000,551.24,551.29,550.86,550.89,463.0,2551.2829
1784480460000,551.0,551.25,548.69,548.69,8197.0,45047.3977
1784480520000,548.86,551.33,548.79,550.78,1500.0,8255.1681
1784480580000,550.81,551.47,550.47,551.47,500.0,2754.459
1784480640000,551.52,552.06,551.33,552.06,1011.0,5577.4005
1784480700000,551.87,553.16,551.83,552.98,3226.0,17818.1671
1784480760000,552.93,553.33,552.89,553.23,190.0,1050.8984
1784480820000,553.11,553.52,552.98,553.33,725.0,4011.3348
1784480880000,553.21,553.21,552.81,552.9,284.0,1570.5584
1784480940000,552.91,553.12,552.89,553.0,291.0,1609.2662
1784481000000,552.95,554.0,552.85,553.71,309.0,1710.2109
1784481060000,553.67,554.12,553.58,554.12,2685.0,14874.1342
1784481120000,554.03,554.09,553.66,554.03,344.0,1905.3353
1784481180000,553.99,554.18,553.74,553.95,1209.0,6697.538
1784481240000,553.93,554.24,553.93,554.01,303.0,1678.9721
1784481300000,554.1,554.44,553.8,553.8,588.0,3258.2446
1784481360000,553.81,554.38,553.25,553.25,218.0,1207.9094
1784481420000,553.32,553.74,553.12,553.57,653.0,3614.0173
1784481480000,553.54,553.89,553.53,553.81,216.0,1196.0794
1784481540000,553.9,553.9,553.4,553.47,208.0,1151.3265
1784481600000,553.49,553.49,552.84,552.84,441.0,2438.8878
1784481660000,552.94,553.13,552.83,553.13,152.0,840.5775
1784481720000,553.06,553.14,552.91,552.97,287.0,1587.2089
1784481780000,552.83,552.93,552.68,552.85,321.0,1774.4795
1784481840000,552.8,553.37,552.8,553.18,506.0,2798.1605
1784481900000,553.13,553.35,552.89,552.97,340.0,1880.38
1784481960000,552.93,553.61,552.86,553.58,760.0,4204.3878
1784482020000,553.61,553.64,553.35,553.4,407.0,2252.7433
1784482080000,553.56,553.62,553.28,553.62,374.0,2069.8085
1784482140000,553.62,553.86,553.53,553.86,250.0,1384.1317
1784482200000,553.59,554.16,553.59,554.15,212.0,1174.1039
1784482260000,554.18,554.43,553.97,554.24,260.0,1440.99
1784482320000,554.2,554.46,554.15,554.32,255.0,1413.5763
1784482380000,554.29,554.5,554.2,554.38,90.0,498.9174
1784482440000,554.48,555.19,554.09,554.13,572.0,3173.0949
1784482500000,553.94,554.05,553.21,553.44,318.0,1760.5367
1784482560000,553.45,553.58,553.29,553.54,471.0,2606.6726
1784482620000,553.49,553.59,553.07,553.07,286.0,1582.1857
1784482680000,553.0,553.86,553.0,553.61,607.0,3359.9953
1784482740000,553.61,553.89,553.6,553.84,2701.0,14956.1799
1784482800000,553.86,553.93,553.16,553.16,368.0,2037.3192
1784482860000,553.21,553.47,553.11,553.41,316.0,1748.5963
1784482920000,553.29,553.44,553.0,553.44,4549.0,25158.8267
1784482980000,553.32,553.32,553.11,553.27,1260.0,6970.6357
1784483040000,553.25,553.52,553.05,553.34,1342.0,7424.517
1784483100000,553.16,553.16,552.52,552.77,3015.0,16662.246
1784483160000,552.76,552.91,552.53,552.57,444.0,2453.918
1784483220000,552.6,552.6,551.75,551.75,524.0,2893.8033
1784483280000,551.89,552.16,551.89,552.13,492.0,2715.9144
1784483340000,552.06,552.14,551.63,552.05,242.0,1335.6655
1784483400000,552.02,552.45,551.87,552.41,637.0,3516.6201
1784483460000,552.5,552.5,552.15,552.27,141.0,778.8518
1784483520000,552.36,553.06,552.36,552.79,413.0,2283.451
1784483580000,552.81,553.04,552.36,552.46,408.0,2255.1332
1784483640000,552.44,552.91,552.42,552.91,202.0,1116.4995
1784483700000,552.89,552.89,552.49,552.57,287.0,1586.3263
1784483760000,552.47,552.49,552.04,552.14,233.0,1286.7612
1784483820000,552.13,552.13,551.65,551.65,273.0,1506.7614
1784483880000,551.66,551.74,551.08,551.3,676.0,3726.3933
1784483940000,551.24,551.4,551.08,551.15,388.0,2138.9109
1784484000000,551.07,551.22,550.82,551.22,234.0,1289.2164
1784484060000,551.14,552.06,551.09,551.55,3968.0,21895.2532
1784484120000,551.56,551.56,550.68,550.86,1472.0,8108.2382
1784484180000,550.86,550.95,549.79,549.99,3662.0,20139.2408
1784484240000,549.99,550.54,549.27,550.54,11644.0,64028.5582
1784484300000,550.34,550.38,549.9,549.94,1806.0,9935.7078
1784484360000,549.9,550.26,549.62,550.01,264.0,1451.6314
1784484420000,549.84,549.96,549.19,549.19,2270.0,12473.7256
1784484480000,549.15,549.26,546.9,549.12,22228.0,121736.7212
1784484540000,549.05,549.41,548.89,549.41,4428.0,24319.0411
1784484600000,549.35,549.93,549.35,549.88,296.0,1627.0864
1784484660000,549.94,550.32,549.65,550.32,5922.0,32571.7767
1784484720000,550.26,550.57,549.94,550.21,2539.0,13975.7773
1784484780000,550.11,551.07,550.11,550.96,494.0,2720.4122
1784484840000,550.95,550.95,550.27,550.27,237.0,1304.8832
1784484900000,550.16,550.58,550.07,550.26,150.0,825.5535
1784484960000,550.02,550.55,550.02,550.55,116.0,638.4289
1784485020000,550.47,550.67,550.07,550.29,342.0,1881.6792
1784485080000,550.35,550.61,550.12,550.31,247.0,1359.2065
1784485140000,550.4,550.92,550.4,550.92,123.0,677.2812
1784485200000,550.95,550.95,550.01,550.01,283.0,1557.1454
1784485260000,549.96,549.96,549.52,549.62,279.0,1533.521
1784485320000,549.69,550.05,549.57,549.61,363.0,1995.7621
1784485380000,549.78,549.78,549.3,549.34,186.0,1022.0505
1784485440000,549.73,549.86,549.35,549.66,2255.0,12391.5298
1784485500000,549.39,549.61,549.26,549.61,198.0,1087.7838
1784485560000,549.41,549.69,549.16,549.19,212.0,1164.8321
1784485620000,549.39,549.39,547.99,548.08,1033.0,5665.7189
1784485680000,548.24,548.36,547.94,548.36,801.0,4390.8871
1784495760000,550.99,551.06,550.9,550.9,356.0
1784495820000,550.91,551.05,550.68,550.68,348.0
1784495880000,550.69,551.04,550.6,551.0,331.0
1784495940000,550.9,550.9,550.21,550.21,161.0
1784496000000,550.19,550.45,549.93,550.38,685.0
1784496060000,550.4,550.91,550.4,550.8,564.0
1784496120000,550.77,550.77,550.55,550.55,127.0
1784496180000,550.65,550.71,550.64,550.71,143.0
1784496240000,550.72,550.92,550.71,550.92,164.0
1784496300000,550.66,550.98,550.66,550.98,116.0
1784496360000,550.98,551.28,550.98,550.98,462.0
1784496420000,550.88,551.03,550.68,551.03,184.0
1784496480000,550.93,550.93,550.68,550.74,159.0
1784496540000,550.97,550.97,550.78,550.78,88.0
1784496600000,550.78,550.78,550.59,550.61,301.0
1784496660000,550.48,550.48,550.15,550.15,173.0
1784496720000,550.53,550.53,550.14,550.17,314.0
1784496780000,550.18,550.2,549.79,549.9,601.0
1784496840000,549.87,549.87,549.61,549.61,307.0
1784496900000,549.64,549.74,549.61,549.73,255.0
1784496960000,549.6,549.69,549.4,549.69,205.0
1784497020000,549.7,549.7,549.4,549.51,254.0
1784497080000,549.4,549.43,548.87,549.11,482.0
1784497140000,548.99,549.11,548.96,549.07,200.0
1784497200000,549.19,549.38,548.75,548.75,1200.0
1784497260000,548.8,548.99,548.72,548.99,188.0
1784497320000,548.85,549.19,548.54,548.73,1771.0
1784497380000,548.91,548.98,548.53,548.98,275.0
1784497440000,548.93,548.93,548.83,548.88,83.0
1784497500000,548.76,548.9,548.76,548.9,55.0
1784497560000,548.83,549.02,548.66,548.96,97.0
1784497620000,548.86,548.88,548.8,548.8,103.0
1784497680000,548.63,548.84,548.63,548.84,103.0
1784497740000,548.71,548.86,548.7,548.83,981.0
1784497800000,548.71,548.8,548.71,548.8,87.0
1784497860000,548.72,548.78,548.71,548.78,48.0
1784497920000,548.66,548.7,548.63,548.64,61.0
1784497980000,548.66,548.85,548.66,548.85,79.0
1784498040000,548.87,549.06,548.87,548.99,144.0
1784498100000,548.96,549.01,546.47,546.52,8921.0
1784498160000,546.45,546.45,545.1,545.24,4638.0
1784498220000,545.24,546.86,545.24,546.75,1357.0
1784498280000,546.8,547.6,546.71,547.6,788.0
1784498340000,547.46,547.78,547.37,547.68,498.0
1784498400000,547.53,548.85,547.47,548.56,818.0
1784498460000,548.8,550.99,548.8,549.96,467.0
1784498520000,550.01,551.11,549.47,549.51,613.0
1784498580000,549.67,549.87,549.05,549.09,4148.0
1784498640000,548.93,549.2,548.69,548.91,2833.0
1784498700000,548.67,548.78,548.39,548.39,418.0
1784498760000,548.45,548.45,547.15,547.5,549.0
1784498820000,547.53,548.18,547.21,547.68,2919.0
1784498880000,547.69,548.1,547.48,548.1,808.0
1784498940000,548.16,548.37,547.48,548.37,834.0
1784499000000,548.15,549.05,548.15,548.33,461.0
1784499060000,548.27,548.89,548.16,548.89,1092.0
1784499120000,548.93,549.76,548.53,549.59,6809.0
1784499180000,549.58,550.27,549.58,550.27,553.0
1784499240000,550.15,550.26,549.75,549.93,571.0
1784499300000,550.19,552.38,550.0,551.79,8319.0
1784499360000,551.76,552.05,551.16,551.41,1562.0
1784499420000,551.33,552.34,551.1,551.88,5007.0
1784499480000,551.79,552.18,551.62,552.14,276.0
1784499540000,552.18,552.31,551.85,552.05,232.0
1784499600000,552.26,552.91,552.16,552.66,2734.0
1784499660000,552.66,552.94,552.3,552.32,3431.0
1784499720000,552.27,552.27,551.44,551.44,498.0
1784499780000,551.39,551.52,550.73,550.73,366.0
1784499840000,550.72,550.72,549.73,549.95,896.0
1784499900000,549.98,550.02,548.63,548.71,521.0
1784499960000,548.96,548.99,548.6,548.61,523.0
1784500020000,548.69,548.77,548.38,548.38,307.0
1784500080000,548.27,548.66,547.89,548.2,524.0
1784500140000,548.34,548.34,547.56,547.59,955.0
1784500200000,547.49,548.46,547.49,548.14,391.0
1784500260000,548.02,548.15,547.44,547.44,1191.0
1784500320000,547.47,547.81,547.47,547.7,816.0
1784500380000,547.87,548.75,547.7,547.7,13071.0
1784500440000,547.95,548.38,547.91,548.03,307.0
1784500500000,548.0,548.15,546.71,546.76,2255.0
1784500560000,546.82,546.82,545.91,545.92,4022.0
1784500620000,546.11,546.54,545.13,545.45,8383.0
1784500680000,545.65,545.8,545.39,545.58,47426.0
1784500740000,545.61,546.22,545.61,546.13,356.0
1784500800000,546.13,546.26,545.58,546.26,4995.0
1784500860000,546.25,546.34,545.74,545.87,774.0
1784500920000,545.93,546.51,545.73,546.37,1127.0
1784500980000,546.34,546.59,545.93,546.59,537.0
1784501040000,546.57,547.44,546.57,547.23,541.0
1784501100000,547.19,547.19,545.95,546.3,617.0
1784501160000,546.47,546.47,545.64,545.84,818.0
1784501220000,545.73,545.74,545.36,545.5,2166.0
1784501280000,545.74,546.06,545.74,546.01,191.0
1784501340000,546.0,546.12,545.95,546.06,174.0
1784501400000,545.9,546.1,545.9,545.99,103.0
1784501460000,545.66,546.04,545.24,545.24,408.0
1784501520000,545.31,545.85,545.12,545.79,371.0
1784501580000,545.86,546.3,545.39,545.52,1000.0
1784501640000,545.59,545.72,545.01,545.07,594.0
1784501700000,545.32,545.32,543.23,544.53,13940.0
1784501760000,544.64,544.97,544.38,544.65,766.0
1784501820000,544.77,545.46,544.77,545.33,710.0
1784501880000,545.33,545.84,545.12,545.25,666.0
1784501940000,545.12,545.3,544.82,545.26,1225.0
1784502000000,545.26,545.28,542.45,543.36,15392.0
1784502060000,543.41,543.65,542.44,542.94,1932.0
1784502120000,542.88,543.43,542.87,543.04,1080.0
1784502180000,543.34,543.63,542.75,542.97,521.0
1784502240000,543.04,543.62,542.57,543.62,4517.0
1784502300000,543.76,543.91,543.62,543.91,436.0
1784502360000,544.13,544.27,543.68,543.68,675.0
1784502420000,543.49,543.49,541.78,542.0,1097.0
1784502480000,542.08,543.69,542.08,543.47,729.0
1784502540000,543.61,544.23,543.6,544.06,2338.0
1784502600000,544.07,544.42,543.91,544.39,604.0
1784502660000,544.63,545.87,544.63,545.66,216.0
1784502720000,545.86,545.86,545.18,545.61,379.0
1784502780000,545.68,546.16,545.58,545.91,326.0
1784502840000,545.91,546.16,545.69,546.16,414.0
1784502900000,545.88,545.91,544.74,545.08,189.0
1784502960000,545.01,545.04,544.49,544.79,1043.0
1784503020000,545.01,545.26,544.91,545.01,376.0
1784503080000,545.21,545.69,545.01,545.55,402.0
1784503140000,545.23,545.71,545.12,545.7,311.0
1784503200000,545.6,545.6,545.04,545.11,275.0
1784503260000,545.18,545.26,545.01,545.19,334.0
1784503320000,545.12,545.41,545.0,545.15,336.0
1784503380000,544.67,546.71,544.56,546.65,4385.0
1784503440000,546.49,548.27,546.39,548.19,3256.0
1784503500000,548.19,548.22,547.8,547.97,382.0
1784503560000,547.92,547.94,547.16,547.23,184.0
1784503620000,547.07,547.37,546.75,547.32,390.0
1784503680000,547.3,547.3,546.56,547.06,324.0
1784503740000,546.89,547.21,546.79,546.88,566.0,3095.8548
1784503800000,546.74,547.04,546.59,546.64,432.0,2362.2263
1784503860000,546.94,548.0,546.79,547.78,379.0,2075.2905
1784503920000,548.03,548.08,547.32,548.0,1341.0,7344.9049
1784503980000,547.99,548.02,547.05,547.78,17255.0,94476.734
1784504040000,547.79,547.79,547.23,547.63,307.0,1681.1011
1784504100000,547.79,548.55,547.75,548.37,347.0,1902.0912
1784504160000,548.18,548.36,547.39,547.39,1070.0,5860.7259
1784504220000,547.35,547.35,546.44,546.99,538.0,2941.4818
1784504280000,547.25,547.69,547.14,547.69,3050.0,16698.7868
1784504340000,547.7,547.78,547.32,547.32,384.0,2102.962
1784504400000,547.05,547.05,546.39,546.96,486.0,2657.1869
1784504460000,546.98,547.28,546.78,546.78,313.0,1712.3526
1784504520000,546.66,546.96,546.08,546.83,584.0,3191.4858
1784504580000,546.89,547.33,546.89,547.26,669.0,3660.2093
1784504640000,547.32,547.61,547.09,547.53,279.0,1527.0824
1784504700000,547.76,547.76,546.34,546.96,5312.0,29056.4209
1784504760000,546.97,546.97,546.22,546.31,439.0,2398.9477
1784504820000,546.51,547.33,546.45,547.16,147.0,803.9617
1784504880000,547.01,547.66,546.64,547.66,321.0,1756.0496
1784504940000,547.33,547.33,546.99,546.99,124.0,678.4404
1784505000000,546.6,546.8,546.45,546.8,164.0,896.5451
1784505060000,546.81,547.52,546.81,547.06,76.0,415.8194
1784505120000,546.99,547.47,546.62,546.62,68.0,372.0183
1784505180000,546.66,546.98,546.34,546.97,242.0,1323.1321
1784505240000,546.53,546.78,546.53,546.58,186.0,1016.8334
1784505300000,546.62,546.99,546.21,546.99,374.0,2044.256
1784505360000,547.09,547.61,547.0,547.22,280.0,1532.2667
1784505420000,547.2,547.87,547.2,547.87,227.0,1242.8805
1784505480000,547.66,548.19,547.66,548.08,192.0,1051.8697
1784505540000,547.84,548.16,547.54,547.86,124.0,679.2745
1784505600000,547.98,547.98,544.7,546.2,6122.0,33443.3137
1784505660000,546.2,546.2,544.4,544.53,2531.0,13803.647
1784505720000,544.79,545.87,544.74,545.84,687.0,3745.6522
1784505780000,545.81,545.87,545.38,545.7,142.0,774.7757
1784505840000,545.71,546.54,545.56,546.54,10920.0,59601.1406
1784505900000,546.38,546.43,545.87,546.26,459.0,2507.0512
1784505960000,546.4,548.05,546.4,547.89,1481.0,8107.3054
1784506020000,547.86,548.44,547.86,548.15,533.0,2921.3784
1784506080000,548.22,549.73,547.9,549.67,12118.0,66552.956
1784506140000,549.66,549.66,549.16,549.35,1023.0
1784506200000,549.32,551.58,549.23,551.47,5047.0
1784506260000,551.23,552.76,550.76,552.45,2285.0
1784506320000,552.32,552.33,551.03,551.37,527.0
1784506380000,551.46,553.81,551.32,553.29,2655.0
1784506440000,553.22,554.26,553.05,553.71,867.0
1784506500000,553.39,554.01,553.22,553.39,8854.0
1784506560000,553.25,553.93,553.17,553.59,2934.0
1784506620000,553.53,554.85,553.13,553.83,8921.0
1784506680000,553.75,553.75,552.78,552.96,802.0
1784506740000,553.02,553.6,552.63,553.6,907.0
1784506800000,553.27,553.38,552.19,552.19,687.0
1784506860000,552.01,552.67,551.05,551.05,332.0
1784506920000,550.99,550.99,550.11,550.12,491.0
1784506980000,550.11,551.39,550.11,551.21,634.0
1784507040000,551.28,551.36,550.89,551.22,468.0
1784507100000,551.07,551.08,550.27,550.27,642.0
1784507160000,550.3,550.65,550.27,550.46,341.0
1784507220000,550.44,551.05,550.44,550.86,163.0
1784507280000,550.89,551.87,550.88,551.78,11271.0
1784507340000,551.74,551.74,550.75,550.75,559.0
1784507400000,550.81,551.26,550.55,551.02,3050.0
1784507460000,551.05,551.37,550.36,550.36,550.0
1784507520000,550.41,550.58,549.87,550.46,1000.0
1784507580000,550.5,550.66,549.84,550.31,3556.0
1784507640000,550.16,550.76,550.02,550.02,263.0
1784507700000,549.79,550.27,549.79,550.27,619.0
1784513340000,542.09,542.5,541.51,542.06,397.0,2151.5088
1784513400000,542.26,542.75,541.29,541.89,301.0,1631.4336
1784513460000,541.47,541.82,541.03,541.76,320.0,1732.8143
1784513520000,541.87,542.39,541.87,542.23,110.0,596.4778
1784513580000,541.87,541.87,541.5,541.8,345.0,1868.85
1784513640000,541.71,541.86,541.16,541.44,271.0,1467.565
1784513700000,541.65,541.73,540.13,540.36,1734.0,9376.7312
1784513760000,540.38,541.07,539.9,541.07,1102.0,5953.3883
1784513820000,541.08,541.13,540.23,540.44,372.0,2011.7232
1784513880000,540.29,540.52,539.75,540.2,418.0,2258.0185
1784513940000,539.98,539.98,538.66,538.77,625.0,3370.4697
1784514000000,538.81,539.27,538.45,539.1,228.0,1229.0326
1784514060000,539.14,540.13,539.14,539.79,265.0,1430.2615
1784514120000,539.57,540.52,539.47,540.47,331.0,1788.2751
1784514180000,540.62,540.66,539.9,539.9,725.0,3918.3079
1784514240000,539.97,540.18,539.55,540.18,337.0,1819.5491
1784514300000,540.13,540.27,539.0,539.51,6033.0,32538.2329
1784514360000,539.29,539.29,538.29,538.72,1579.0,8505.8186
1784514420000,538.88,538.88,536.65,538.2,3319.0,17841.5124
1784514480000,538.19,538.47,537.08,537.43,3572.0,19211.0921
1784514540000,537.44,537.5,537.11,537.16,259.0,1391.8514
1784514600000,537.09,538.56,537.08,538.56,554.0,2981.0457
1784514660000,538.41,538.79,537.48,537.91,5862.0,31538.3726
1784514720000,537.95,539.47,537.72,539.47,922.0,4964.2184
1784514780000,539.58,540.04,538.03,538.06,313.0,1686.7552
1784514840000,537.98,537.98,537.3,537.59,601.0,3231.2744
1784514900000,537.64,538.26,537.08,537.47,1861.0,10005.3389
1784514960000,537.68,538.33,537.4,538.09,1948.0,10477.2239
1784515020000,538.25,538.49,536.31,536.95,1225.0,6580.8074
1784515080000,536.82,537.31,536.02,536.13,2687.0,14418.7536
1784515140000,536.03,537.32,536.03,536.36,27887.0,149765.733
1784515200000,536.29,536.48,535.79,536.24,1177.0,6308.7956
1784515260000,536.39,537.41,536.39,537.34,492.0,2642.1972
1784515320000,537.39,539.24,537.39,539.24,349.0,1877.3439
1784515380000,539.09,539.16,537.81,538.29,4782.0,25749.8145
1784515440000,538.27,538.47,537.88,537.88,449.0,2416.4892
1784515500000,537.98,538.58,537.59,538.58,285.0,1533.4146
1784515560000,538.45,538.99,538.39,538.39,366.0,1971.8172
1784515620000,538.49,538.69,537.74,538.69,572.0,3079.1772
1784515680000,538.77,540.46,538.64,539.98,1319.0,7121.824
1784515740000,540.02,540.24,538.66,538.99,975.0,5258.0733
1784515800000,538.99,539.17,537.72,537.72,267.0,1437.4704
1784515860000,537.68,538.23,537.41,538.23,184.0,989.7776
1784515920000,538.25,538.83,538.23,538.64,348.0,1874.1378
1784515980000,538.81,538.83,538.13,538.41,341.0,1836.3201
1784516040000,538.51,538.51,537.19,537.97,2062.0,11091.8373
1784516100000,538.03,538.59,537.73,537.73,460.0,2475.7665
1784516160000,537.74,538.56,537.74,538.45,211.0,1135.5452
1784516220000,538.59,538.59,537.51,537.63,573.0,3082.957
1784516280000,537.6,537.76,537.41,537.48,3762.0,20223.6334
1784516340000,537.47,537.86,537.32,537.75,648.0,3484.1275
1784516400000,537.87,538.35,537.82,538.27,497.0,2674.3726
1784516460000,538.23,538.88,538.22,538.22,3794.0,20430.6795
1784516520000,538.25,538.27,537.07,537.86,4479.0,24086.2006
1784516580000,537.74,538.66,537.4,538.66,5206.0,28020.8569
1784516640000,538.61,538.65,538.07,538.63,299.0,1609.5176
1784516700000,538.67,538.81,537.25,537.32,192.0,1033.0019
1784516760000,537.41,537.45,536.66,536.69,192.0,1031.0909
1784516820000,536.69,537.58,536.39,537.13,1257.0,6749.0818
1784516880000,537.43,537.78,537.23,537.57,3752.0,20165.638
1784516940000,537.79,538.96,537.79,538.96,4215.0,22678.5005
1784517000000,539.0,539.03,538.68,538.9,411.0,2214.702
1784517060000,538.85,539.03,537.57,537.93,1242.0,6681.0388
1784517120000,537.93,538.36,537.81,538.35,555.0,2985.8318
1784517180000,538.46,539.32,538.43,539.17,7865.0,42381.7129
1784517240000,539.08,539.78,539.08,539.52,5914.0,31908.6471
1784517300000,539.55,539.63,538.68,539.57,824.0,4443.4897
1784517360000,539.4,539.98,539.38,539.88,993.0,5358.1915
1784517420000,539.93,539.93,539.02,539.37,519.0,2799.8099
1784517480000,539.41,539.46,538.14,538.82,1714.0,9231.2707
1784517540000,538.8,538.8,537.88,538.09,1088.0,5858.326
1784517600000,537.88,538.49,537.79,537.99,3498.0,18826.2012
1784517660000,537.91,538.1,537.62,537.62,1070.0,5755.0518
1784517720000,537.68,537.76,537.4,537.46,1243.0,6682.7107
1784517780000,537.39,537.39,535.87,535.87,510.0,2735.5496
1784517840000,535.72,536.67,535.61,536.24,741.0,3971.5263
1784517900000,536.25,536.25,535.3,535.3,3177.0,17011.551
1784517960000,535.31,535.53,533.43,533.79,5257.0,28121.2556
1784518020000,533.79,533.79,532.5,533.04,9286.0,49484.1279
1784518080000,533.03,533.91,533.03,533.5,1901.0,10142.7703
1784518140000,533.4,534.25,533.27,533.38,4646.0,24807.8837
1784518200000,533.21,534.46,533.07,534.41,2568.0,13711.0945
1784518260000,534.08,534.59,534.06,534.56,1261.0,6738.0149
1784518320000,534.65,535.79,534.61,535.61,3522.0,18849.6837
1784518380000,535.74,535.86,535.2,535.56,2899.0,15522.9866
1784518440000,535.29,535.6,535.08,535.29,4173.0,22336.1714
1784518500000,535.11,535.11,534.36,534.85,4553.0,24344.8314
1784518560000,534.89,535.47,534.46,535.47,3052.0,16325.0123
1784518620000,535.57,536.96,535.57,536.76,3888.0,20873.2331
1784518680000,536.77,536.77,536.08,536.14,670.0,3593.8113
1784518740000,536.15,536.57,536.0,536.0,474.0,2542.2808
1784518800000,535.88,536.45,535.66,535.66,3439.0,18441.5599
1784518860000,535.85,536.18,535.49,536.16,1134.0,6075.701
1784518920000,536.16,536.93,536.16,536.77,382.0,2050.0489
1784518980000,537.0,537.11,536.87,536.98,1862.0,9998.5459
1784519040000,537.02,537.23,536.87,537.21,300.0,1611.2331
1784519100000,537.25,537.33,536.9,537.04,516.0,2771.5631
1784519160000,536.99,537.29,536.44,536.75,9136.0,49040.5735
1784519220000,536.68,536.82,535.93,536.62,3444.0,18483.199
1784519280000,536.66,537.37,536.62,537.2,938.0,5037.8285
1784519340000,537.13,537.29,536.41,536.58,380.0,2039.6567
1784519400000,536.59,536.87,536.29,536.64,623.0,3343.0768
1784519460000,536.61,537.07,536.58,537.07,453.0,2432.1666
1784519520000,537.08,537.32,536.63,537.11,609.0,3269.9486
1784519580000,537.08,537.2,536.81,537.12,429.0,2303.6143
1784519640000,537.0,537.04,536.46,536.62,499.0,2678.7787
1784519700000,536.84,536.84,536.39,536.54,760.0,4077.9174
1784519760000,536.56,536.56,535.48,535.5,2265.0,12142.9628
1784519820000,535.49,536.27,535.48,536.16,382.0,2047.3904
1784519880000,535.89,536.54,535.88,536.36,628.0,3366.3853
1784519940000,536.43,536.94,536.32,536.84,438.0,2350.1994
1784520000000,537.0,537.02,536.12,536.56,4836.0,25959.474
1784520060000,536.53,536.79,536.34,536.71,234.0,1255.7164
1784520120000,536.74,536.8,536.14,536.47,308.0,1652.3849
1784520180000,536.63,536.82,536.48,536.57,348.0,1867.4579
1784520240000,536.67,536.81,536.44,536.56,465.0,2495.1539
1784520300000,536.28,536.28,535.48,535.48,109.0,583.8609
1784520360000,535.53,535.53,534.93,535.29,4703.0,25167.2904
1784520420000,535.27,535.33,534.7,534.7,606.0,3242.6717
1784520480000,534.7,534.99,534.39,534.89,774.0,4138.9908
1784520540000,534.91,534.97,534.3,534.3,656.0,3506.426
1784520600000,534.33,534.78,534.33,534.54,1448.0,7740.5386
1784520660000,534.38,534.74,534.35,534.74,250.0,1336.1828
1784520720000,534.66,534.66,534.29,534.39,327.0,1747.5762
1784520780000,534.33,534.65,534.22,534.65,337.0,1800.6918
1784520840000,534.58,534.65,534.23,534.23,270.0,1442.8481
1784520900000,534.63,534.63,534.35,534.51,132.0,705.5125
1784520960000,534.53,534.53,533.99,534.04,278.0,1485.2719
1784521020000,534.15,534.15,533.44,533.57,375.0,2001.8679
1784521080000,533.71,535.35,533.64,534.56,808.0,4319.1596
1784521140000,534.66,534.66,534.05,534.52,430.0,2297.1623
1784521200000,534.21,534.52,533.94,534.48,275.0,1468.9702
1784521260000,534.52,534.52,533.0,533.59,250.0,1335.1224
1784521320000,533.58,533.61,532.82,533.09,237.0,1263.6766
1784521380000,532.97,533.78,532.97,533.49,449.0,2395.0816
1784521440000,533.41,534.48,533.41,534.37,957.0,5113.2602
1784521500000,534.33,535.77,534.31,534.74,8220.0,44010.1849
1784521560000,534.67,535.54,534.61,535.51,227.0,1214.7572
1784521620000,535.43,536.66,535.43,536.16,1495.0,8015.6054
1784521680000,536.13,536.41,536.03,536.22,303.0,1624.5775
1784521740000,536.15,536.63,536.15,536.22,909.0,4876.0743
1784521800000,536.27,536.27,535.23,535.48,850.0,4555.0017
1784521860000,535.33,535.7,535.24,535.7,639.0,3422.709
1784521920000,535.7,536.47,535.7,536.27,720.0,3858.2352
1784521980000,536.66,537.33,536.64,536.79,668.0,3586.8449
1784522040000,536.78,536.88,536.23,536.39,2426.0,13023.3284
1784522100000,536.54,537.51,536.54,537.38,6420.0,34472.3061
1784522160000,537.5,538.19,537.44,537.59,529.0,2845.0467
1784522220000,537.56,537.87,537.16,537.32,238.0,1279.2601
1784522280000,537.34,537.45,537.15,537.27,132.0,709.2604
1784522340000,537.56,538.04,537.45,537.56,568.0,3054.2276
1784522400000,537.39,537.75,536.27,536.27,526.0,2826.7282
1784522460000,536.49,536.96,536.11,536.11,335.0,1797.7837
1784522520000,536.41,537.04,536.11,536.97,329.0,1765.7863
1784522580000,537.09,537.18,536.41,536.99,274.0,1470.9291
1784522640000,537.12,537.19,536.26,536.26,216.0,1159.7198
1784522700000,536.28,536.29,535.12,535.66,626.0,3353.0882
1784522760000,535.6,535.93,535.28,535.93,178.0,953.4186
1784522820000,535.93,535.93,535.62,535.91,144.0,771.5772
1784522880000,535.83,536.27,535.64,535.68,224.0,1200.2517
1784522940000,535.66,535.88,534.79,534.91,353.0,1890.1242
1784523000000,534.82,534.82,534.28,534.29,752.0,4019.4771
1784523060000,534.27,534.54,533.54,533.87,462.0,2467.6803
1784523120000,533.83,533.88,533.47,533.47,241.0,1286.3622
1784523180000,533.43,534.14,533.1,533.1,397.0,2118.7651
1784523240000,533.09,533.09,532.21,532.47,1810.0,9638.9953
1784523300000,532.47,533.18,532.31,532.41,4164.0,22187.8021
1784523360000,532.4,532.69,531.9,532.34,926.0,4930.1011
1784523420000,532.54,533.03,532.34,532.77,135.0,719.1046
1784523480000,532.4,532.4,531.65,532.12,2767.0,14716.6687
1784523540000,532.06,532.16,531.12,531.97,6425.0,34157.3475
1784523600000,532.13,532.66,531.88,531.99,1627.0,8659.2655
1784523660000,532.1,532.1,531.43,531.46,438.0,2328.7225
1784523720000,531.35,531.86,531.35,531.42,1438.0,7645.5939
1784523780000,531.41,531.41,528.77,529.81,14726.0,78057.1594
1784523840000,530.11,530.31,529.78,529.87,875.0,4639.2877
1784523900000,530.01,530.01,529.37,529.99,2977.0,15768.9568
1784523960000,529.99,530.98,529.99,530.98,333.0,1766.6997
1784524020000,530.99,530.99,530.38,530.73,341.0,1809.6584
1784524080000,530.39,530.67,530.27,530.53,850.0,4508.207
1784524140000,530.52,530.52,529.61,529.87,1899.0,10063.2803
1784524200000,529.85,529.94,529.47,529.47,20309.0,107568.5946
1784524260000,529.32,529.32,528.25,528.91,1190.0,6289.4067
1784524320000,528.95,528.98,527.56,528.75,1129.0,5963.9826
1784524380000,528.86,530.06,528.3,530.06,6596.0,34902.5959
1784524440000,529.97,530.15,529.58,530.08,5415.0,28694.8905
1784524500000,530.14,530.22,528.47,530.22,4145.0,21932.7404
1784524560000,530.27,530.58,529.79,530.03,456.0,2418.487
1784524620000,530.04,530.79,530.03,530.56,311.0,1649.7133
1784524680000,530.63,531.46,530.56,531.46,349.0,1852.3451
1784524740000,531.46,533.39,531.31,533.2,20667.0,109949.6572
1784524800000,533.13,533.19,532.67,532.67,1024.0,5457.1058
1784524860000,532.61,532.93,531.89,531.97,922.0,4907.1382
1784524920000,532.09,532.37,531.47,531.5,1124.0,5980.4361
1784524980000,531.07,531.37,530.79,531.16,213.0,1131.1227
1784525040000,531.01,531.35,530.99,531.07,719.0,3818.6939
1784525100000,531.06,531.87,530.95,531.87,189.0,1004.2555
1784525160000,532.16,532.16,531.2,531.65,1311.0,6969.2567
1784525220000,531.82,532.07,531.44,531.87,329.0,1749.6072
1784525280000,531.77,531.89,531.25,531.25,374.0,1988.6221
1784525760000,530.94,531.81,530.87,531.51,364.0
1784525820000,531.59,531.85,531.41,531.84,214.0
1784525880000,531.84,531.84,531.41,531.81,289.0
1784525940000,531.87,532.06,531.47,531.73,1052.0
1784526000000,531.55,532.29,531.55,532.29,733.0
1784526060000,532.14,532.56,531.47,531.53,563.0
1784526120000,531.27,531.99,531.26,531.99,265.0
1784526180000,531.91,532.15,531.79,531.97,299.0
1784526240000,531.74,531.78,531.38,531.4,1150.0
1784526300000,531.31,531.31,530.6,531.26,1200.0
1784526360000,530.78,531.38,530.44,531.38,352.0
1784526420000,531.39,532.16,531.32,532.16,9396.0
1784526480000,532.14,532.14,531.48,531.68,609.0
1784526540000,531.47,531.76,531.39,531.76,199.0
1784526600000,531.79,531.91,531.3,531.3,143.0
1784526660000,531.28,531.66,531.28,531.46,2191.0
1784526720000,531.39,531.57,531.23,531.33,1940.0
1784526780000,531.32,532.52,531.32,531.97,7226.0
1784526840000,531.97,532.04,531.64,531.84,3382.0
1784526900000,531.81,532.15,531.81,531.98,196.0
1784526960000,531.9,532.67,531.9,532.26,266.0
1784527020000,532.24,532.82,532.22,532.46,909.0
1784527080000,532.41,532.68,532.38,532.4,340.0
1784527140000,532.19,532.19,531.57,532.15,5385.0
1784527200000,532.19,532.79,531.83,532.79,377.0
1784527260000,532.75,532.79,532.03,532.03,535.0
1784527320000,531.98,531.98,531.41,531.5,125.0
1784527380000,531.95,532.79,531.71,532.69,267.0
1784527440000,532.69,532.93,532.52,532.87,178.0
1784527500000,532.95,533.04,532.16,532.2,432.0
1784527560000,532.29,532.82,532.24,532.82,1100.0
1784527620000,532.74,533.67,532.63,533.61,6515.0
1784527680000,533.43,533.92,533.21,533.92,3740.0
1784527740000,533.74,533.74,533.08,533.38,1064.0
1784527800000,533.18,533.39,532.81,533.09,1335.0
1784527860000,532.95,533.52,532.95,533.4,580.0
1784527920000,533.49,533.81,533.49,533.81,424.0
1784527980000,533.75,533.91,533.52,533.52,3795.0
1784528040000,533.5,533.54,533.08,533.08,1058.0
1784528100000,532.99,533.59,532.73,533.44,269.0
1784528160000,533.52,533.62,532.59,532.59,381.0
1784528220000,532.41,532.98,532.41,532.83,331.0
1784528280000,532.79,532.81,532.24,532.34,380.0
1784528340000,532.43,532.78,532.2,532.78,4192.0
1784528400000,532.52,533.02,532.52,532.65,92.0
1784528460000,532.59,532.75,531.8,531.83,144.0
1784528520000,531.79,531.79,531.02,531.25,263.0
1784528580000,531.37,531.37,531.03,531.1,242.0
1784528640000,531.1,531.1,530.27,530.27,453.0
1784528700000,530.19,530.67,530.15,530.41,479.0
1784528760000,530.27,530.87,530.27,530.66,533.0
1784528820000,530.6,530.75,530.57,530.75,337.0
1784528880000,530.77,531.26,530.77,531.26,283.0
1784528940000,531.28,531.28,531.18,531.18,197.0
1784529000000,530.68,531.14,530.68,531.14,657.0
1784529060000,531.24,531.24,530.91,530.91,1400.0
1784529120000,530.81,530.81,530.22,530.67,815.0
1784529180000,530.64,530.64,528.95,529.79,2397.0
1784529240000,529.78,530.11,529.58,529.62,2128.0
1784529300000,529.86,529.91,528.97,528.97,660.0
1784529360000,528.87,528.87,527.76,527.91,2277.0
1784529420000,527.88,528.41,527.25,528.4,7539.0
1784529480000,528.41,529.09,528.27,528.94,1585.0
1784529540000,528.96,529.52,528.96,529.49,554.0
1784529600000,529.44,529.92,529.28,529.64,302.0
1784529660000,529.9,530.13,529.57,529.89,1198.0
1784529720000,529.99,530.27,529.32,529.65,613.0
1784529780000,529.58,529.73,529.08,529.69,159.0
1784529840000,529.57,530.23,529.52,530.23,1108.0
1784529900000,530.26,530.31,529.47,529.73,4834.0
1784529960000,529.68,530.16,529.68,529.72,1133.0
1784530020000,529.7,530.19,529.59,530.05,467.0
1784530080000,529.98,529.99,529.35,529.77,1086.0
1784530140000,529.65,530.22,529.45,530.22,1249.0
1784530200000,530.15,530.23,529.54,529.68,461.0
1784530260000,529.47,529.76,529.28,529.76,365.0
1784530320000,529.76,529.86,529.55,529.63,270.0
1784530380000,529.59,530.06,529.45,529.69,2493.0
1784530440000,529.81,530.09,529.64,530.08,313.0
1784530500000,530.02,530.2,529.81,529.87,388.0
1784530560000,529.86,530.04,529.74,530.0,411.0
1784530620000,529.97,529.97,529.52,529.52,562.0
1784530680000,529.49,529.72,529.22,529.4,419.0
1784530740000,529.44,529.86,529.14,529.79,564.0
1784530800000,529.87,530.59,529.87,530.59,215.0
1784530860000,530.66,531.2,530.44,530.87,628.0
1784530920000,530.91,531.04,529.9,530.25,753.0
1784530980000,530.18,530.29,529.96,529.99,365.0
1784531040000,529.9,530.59,529.9,530.25,537.0
1784531100000,530.24,530.38,529.88,529.94,315.0
1784531160000,529.99,530.24,529.88,529.94,823.0
1784531220000,529.92,530.15,529.75,529.91,298.0
1784531280000,530.27,530.66,530.27,530.4,196.0
1784531340000,530.4,530.44,530.16,530.37,205.0
1784531400000,530.39,530.66,530.39,530.43,387.0
1784531460000,530.34,530.4,530.21,530.4,238.0
1784531520000,530.34,530.86,530.31,530.82,126.0
1784531580000,530.6,531.09,530.6,530.91,241.0
1784531640000,530.67,530.67,530.6,530.6,12.0
1784531700000,530.61,530.61,530.51,530.54,106.0
1784531760000,530.59,530.63,530.2,530.37,10398.0
1784531820000,530.33,530.35,529.44,529.44,1609.0
1784531880000,529.69,530.0,529.6,529.85,371.0
1784531940000,529.82,530.67,529.58,530.67,614.0
1784532000000,530.85,530.94,530.54,530.92,362.0
1784532060000,530.93,530.93,529.77,529.95,2866.0
1784532120000,529.81,531.14,529.79,531.14,547.0
1784532180000,531.13,531.28,530.88,531.24,409.0
1784532240000,531.29,531.77,531.18,531.74,484.0
1784532300000,531.78,532.39,531.78,532.26,605.0
1784532360000,532.23,532.24,531.4,531.54,1217.0
1784532420000,531.49,533.05,531.49,532.35,4928.0
1784532480000,532.27,532.99,532.24,532.52,1098.0
1784532540000,532.52,532.9,532.34,532.87,782.0
1784532600000,532.61,533.64,532.61,532.81,2324.0
1784532660000,532.81,533.25,532.19,532.24,3687.0
1784532720000,532.07,532.45,532.07,532.2,2604.0
1784532780000,532.17,532.27,531.79,532.24,3319.0
1784532840000,532.17,532.49,531.97,532.4,2505.0
1784532900000,532.34,532.37,531.72,531.75,299.0
1784532960000,531.85,532.55,531.83,532.02,3792.0
1784533020000,531.98,532.5,531.66,532.4,11126.0
1784533080000,532.06,532.3,531.8,531.8,10039.0
1784533140000,531.93,531.93,530.88,531.59,7928.0
1784533200000,531.46,532.41,531.37,532.41,350.0
1784533260000,532.59,532.78,532.4,532.52,1044.0
1784533320000,532.55,533.05,532.21,532.84,462.0
1784533380000,532.95,532.95,532.44,532.58,362.0
1784533440000,532.53,532.81,532.44,532.81,119.0
1784533500000,532.65,533.22,532.65,533.16,168.0
1784533560000,532.97,532.97,531.88,531.88,136.0
1784533620000,531.95,532.16,531.8,531.94,435.0
1784533680000,531.85,531.98,531.74,531.75,264.0
1784533740000,531.77,532.4,531.74,532.4,1052.0
1784533800000,532.37,532.37,532.03,532.29,230.0
1784533860000,532.35,532.44,531.82,532.03,228.0
1784533920000,532.03,532.06,531.76,531.81,446.0
1784533980000,531.81,532.38,531.54,532.38,197.0
1784534040000,532.25,532.25,531.75,531.89,292.0
1784534100000,531.78,531.82,531.21,531.4,798.0
1784534160000,531.28,531.93,531.28,531.93,178.0
1784534220000,531.81,531.81,531.39,531.55,61.0
1784534280000,531.67,531.78,531.36,531.36,214.0
1784534340000,531.44,531.99,531.44,531.99,1052.0
1784534400000,531.41,531.63,531.34,531.6,687.0
1784534460000,531.51,531.56,531.22,531.31,1272.0
1784534520000,531.38,531.78,531.38,531.7,293.0
1784534580000,531.7,532.06,531.56,531.89,647.0
1784534640000,531.98,531.98,531.07,531.28,404.0
1784534700000,531.07,531.34,530.52,530.53,923.0
1784534760000,530.54,530.58,529.88,529.97,431.0
1784534820000,529.97,530.0,529.43,529.53,323.0
1784534880000,529.56,529.65,529.56,529.65,48.0
1784534940000,529.4,529.49,529.23,529.49,209.0
1784535000000,529.47,529.47,529.11,529.16,237.0
1784535060000,529.19,529.24,528.59,528.77,1658.0
1784535120000,528.76,529.19,528.69,529.15,196.0
1784535180000,529.2,529.56,528.43,528.56,1871.0
1784535240000,528.43,528.89,528.43,528.89,113.0
1784535300000,528.79,529.07,528.66,529.07,113.0
1784535360000,529.35,530.1,529.35,530.09,302.0
1784535420000,530.19,530.22,528.85,528.97,558.0
1784535480000,528.67,529.0,528.47,528.89,766.0
1784535540000,528.69,529.22,528.61,529.07,5236.0
1784535600000,528.79,529.03,528.61,528.73,232.0
1784535660000,528.83,529.13,528.8,529.09,240.0
1784535720000,529.18,529.38,529.17,529.28,327.0
1784535780000,529.31,529.37,529.16,529.37,214.0
1784535840000,529.39,529.74,529.39,529.74,101.0
1784535900000,529.51,529.86,529.14,529.14,377.0
1784535960000,529.29,529.34,528.76,528.83,1419.0
1784536020000,528.78,528.78,528.54,528.72,741.0
1784536080000,528.79,529.18,528.79,529.06,254.0
1784536140000,528.88,529.0,528.49,528.66,300.0
1784536200000,528.63,528.99,528.62,528.64,467.0
1784536260000,528.67,528.85,528.61,528.85,214.0
1784536320000,528.84,528.88,528.44,528.49,488.0
1784536380000,528.28,528.43,528.22,528.22,91.0
1784536440000,528.24,528.79,528.24,528.79,544.0
1784536500000,528.91,529.52,528.76,528.76,367.0
1784536560000,528.9,528.9,527.67,527.73,2056.0
1784536620000,527.68,527.68,525.83,526.0,5564.0
1784536680000,525.82,526.67,525.46,526.67,1176.0
1784536740000,526.6,528.12,526.53,527.43,6133.0
1784536800000,527.42,527.68,527.25,527.68,589.0
1784536860000,527.85,527.86,527.55,527.86,471.0
1784536920000,527.86,527.88,527.54,527.88,342.0
1784536980000,527.86,527.87,527.32,527.73,437.0
1784537040000,527.59,527.76,527.07,527.07,316.0
1784537100000,527.07,527.71,526.97,527.43,10510.0
1784537160000,527.61,528.04,527.61,528.04,724.0
1784537220000,527.89,528.18,527.73,528.16,361.0
1784537280000,528.06,528.1,527.85,528.1,219.0
1784537340000,528.1,528.37,528.1,528.29,240.0
1784537400000,528.33,528.67,528.33,528.54,263.0
1784537460000,528.29,528.32,527.57,527.7,229.0
1784537520000,527.67,527.81,527.6,527.79,511.0
1784537580000,527.69,527.99,527.59,527.91,682.0
1784537640000,527.83,528.18,527.83,527.83,204.0
1784537700000,527.83,527.83,527.66,527.82,650.0
1784543340000,533.52,533.6,533.04,533.26,5904.0,31481.0497
1784543400000,533.29,533.67,532.83,532.83,937.0,4995.1021
1784543460000,532.83,532.93,532.2,532.21,4664.0,24850.3133
1784543520000,532.21,532.37,531.85,531.85,675.0,3591.5294
1784543580000,531.84,532.11,531.64,531.73,373.0,1983.7187
1784543640000,531.73,532.13,531.64,532.06,502.0,2669.8313
1784543700000,532.02,532.02,531.41,531.44,548.0,2913.2094
1784543760000,531.54,532.07,531.53,531.95,653.0,3473.1223
1784543820000,532.05,532.06,531.51,531.78,574.0,3052.5959
1784543880000,531.94,531.98,531.19,531.38,346.0,1838.8901
1784543940000,531.39,531.45,531.19,531.19,202.0,1073.3021
1784544000000,531.27,531.27,529.97,530.56,39686.0,210465.7647
1784544060000,530.52,530.82,530.51,530.76,422.0,2239.4036
1784544120000,530.88,530.92,530.85,530.85,123.0,653.0023
1784544180000,530.91,531.16,530.7,530.72,1960.0,10408.267
1784544240000,530.75,531.38,530.75,531.22,506.0,2687.8656
1784544300000,531.31,531.37,531.06,531.12,3550.0,18855.4904
1784544360000,531.12,531.22,530.78,530.82,278.0,1476.0009
1784544420000,530.84,531.05,530.81,530.99,275.0,1460.1095
1784544480000,530.98,530.98,530.63,530.63,163.0,865.1974
1784544540000,530.6,530.67,530.43,530.49,252.0,1336.9481
1784544600000,530.87,531.51,530.78,531.51,302.0,1603.9594
1784544660000,531.61,531.84,531.21,531.21,324.0,1722.6035
1784544720000,531.34,532.7,531.34,532.41,519.0,2760.051
1784544780000,532.4,532.81,532.4,532.73,1844.0,9821.9591
1784544840000,532.71,532.76,532.66,532.66,67.0,356.9319
1784544900000,532.65,532.65,531.9,531.9,465.0,2474.9299
1784544960000,532.1,532.54,532.1,532.24,545.0,2901.4893
1784545020000,532.25,532.37,532.02,532.16,338.0,1798.7912
1784545080000,532.09,532.09,531.48,531.51,682.0,3625.0623
1784545140000,531.51,531.99,531.5,531.5,805.0,4279.2449
1784545200000,531.5,532.28,531.5,532.28,1658.0,8815.7668
1784545260000,532.27,532.58,532.27,532.37,1184.0,6304.0306
1784545320000,532.31,532.79,532.01,532.01,303.0,1613.3973
1784545380000,532.01,532.27,532.0,532.0,2116.0,11257.2899
1784545440000,532.0,532.59,532.0,532.5,11652.0,61992.3903
1784545500000,532.91,534.38,532.91,534.19,1222.0,6519.1368
1784545560000,534.15,534.15,533.58,534.03,337.0,1799.1326
1784545620000,534.08,534.14,532.88,533.07,894.0,4769.2544
1784545680000,532.77,533.55,532.77,533.54,271.0,1444.4639
1784545740000,533.39,533.64,533.16,533.25,238.0,1269.4115
1784545800000,533.28,534.0,533.28,533.41,607.0,3239.3736
1784545860000,533.45,534.1,533.45,534.0,534.0,2850.4482
1784545920000,533.89,534.05,533.07,533.21,15103.0,80545.1842
1784545980000,533.2,533.2,532.49,532.49,1509.0,8040.869
1784546040000,532.5,532.5,532.22,532.29,510.0,2715.0974
1784546100000,532.49,532.83,531.62,531.78,671.0,3570.8227
1784546160000,531.69,531.75,531.36,531.36,2831.0,15049.8594
1784546220000,531.46,531.46,531.07,531.15,241.0,1280.4138
1784546280000,531.11,531.26,530.86,530.86,318.0,1688.7621
1784546340000,530.81,530.91,530.61,530.72,165.0,875.7031
1784546400000,530.7,531.04,530.65,531.04,847.0,4495.665
1784546460000,531.06,531.38,530.97,531.27,1299.0,6900.4486
1784546520000,531.26,531.33,530.68,530.9,733.0,3893.2995
1784546580000,531.0,531.31,530.87,531.09,999.0,5307.302
1784546640000,531.09,531.77,531.06,531.19,226.0,1200.7217
1784546700000,531.15,531.56,531.13,531.22,281.0,1492.9804
1784546760000,531.16,531.33,531.08,531.22,288.0,1529.8223
1784546820000,531.26,531.27,530.98,531.23,463.0,2459.1439
1784546880000,531.19,531.68,531.18,531.51,418.0,2221.2224
1784546940000,531.44,531.52,531.26,531.26,269.0,1429.6071
1784547000000,531.2,534.06,531.2,533.86,4283.0,22819.0614
1784547060000,533.64,534.43,533.19,534.43,1011.0,5400.2698
1784547120000,534.49,536.79,534.27,536.03,22363.0,119782.8273
1784547180000,536.12,536.91,535.38,535.38,7427.0,39795.6131
1784547240000,535.46,536.93,535.46,536.9,1113.0,5969.0571
1784547300000,536.93,537.57,536.42,537.21,5572.0,29909.4538
1784547360000,537.16,538.88,537.16,538.88,4038.0,21743.8256
1784547420000,538.75,539.32,538.28,539.15,1102.0,5938.7265
1784547480000,539.23,539.74,537.79,538.06,1865.0,10048.8236
1784555760000,530.66,530.66,528.69,529.05,6002.0
1784555820000,528.89,528.89,527.19,527.84,9378.0
1784555880000,527.78,529.16,527.7,528.34,4929.0
1784555940000,528.43,529.43,528.26,529.43,664.0
1784556000000,529.21,529.36,528.71,529.1,890.0
1784556060000,529.29,529.87,528.26,529.87,920.0
1784556120000,529.92,530.78,529.59,530.37,5023.0
1784556180000,530.66,531.06,530.27,531.04,1338.0
1784556240000,531.05,531.15,530.16,530.16,1079.0
1784556300000,529.99,529.99,527.98,529.58,7555.0
1784556360000,529.37,529.71,529.21,529.59,2938.0
1784556420000,529.74,529.87,528.68,529.18,1099.0
1784556480000,529.23,529.43,528.57,528.73,511.0
1784556540000,528.72,529.39,528.11,529.12,872.0
1784556600000,529.37,529.41,528.12,528.21,1254.0
1784556660000,528.28,529.47,528.26,529.04,3666.0
1784556720000,529.03,529.04,528.35,528.4,690.0
1784556780000,528.71,528.95,527.73,528.95,1755.0
1784556840000,529.07,529.24,527.87,527.87,2033.0
1784556900000,527.97,527.97,526.42,527.47,3022.0
1784556960000,527.39,528.13,526.27,526.34,2221.0
1784557020000,526.43,527.07,525.95,526.18,714.0
1784557080000,526.09,527.05,526.08,526.84,462.0
1784557140000,526.94,527.83,526.43,527.63,450.0
1784557200000,527.56,528.27,527.48,527.64,360.0
1784557260000,527.57,527.75,526.38,527.25,618.0
1784557320000,527.35,528.1,526.67,528.1,959.0
1784557380000,528.18,529.87,527.76,529.47,1166.0
1784557440000,529.29,529.97,529.17,529.58,1169.0
1784557500000,529.54,530.05,529.47,529.66,3261.0
1784557560000,529.49,530.13,529.15,530.1,1325.0
1784557620000,530.09,530.09,529.52,529.81,951.0
1784557680000,530.15,530.26,529.58,530.08,1359.0
1784557740000,530.06,530.99,529.99,530.94,702.0
1784557800000,530.78,531.51,530.12,531.51,2862.0
1784557860000,531.38,531.55,530.86,531.55,475.0
1784557920000,531.6,531.6,531.0,531.48,586.0
1784557980000,531.43,531.65,531.03,531.03,896.0
1784558040000,531.13,531.85,531.08,531.52,846.0
1784558100000,531.44,532.12,530.84,531.29,4905.0
1784558160000,531.24,531.31,529.79,529.79,523.0
1784558220000,529.77,529.77,528.98,528.98,540.0
1784558280000,528.98,529.03,528.26,528.31,444.0
1784558340000,528.28,528.96,528.28,528.94,370.0
1784558400000,528.88,529.47,528.53,529.47,430.0
1784558460000,529.66,530.06,529.25,529.25,399.0
1784558520000,529.43,530.41,529.4,530.17,599.0
1784558580000,530.2,530.28,529.47,529.73,2313.0
1784558640000,529.72,530.57,529.46,530.15,328.0
1784558700000,530.01,530.53,529.39,530.45,575.0
1784558760000,530.59,531.46,530.47,530.6,568.0
1784558820000,530.73,530.89,529.68,529.68,418.0
1784558880000,529.56,529.56,528.86,528.86,861.0
1784558940000,528.96,529.32,528.38,528.53,474.0
1784559000000,528.42,529.27,528.42,528.91,404.0
1784559060000,528.75,529.18,528.32,528.51,1331.0
1784559120000,528.38,528.8,528.19,528.2,167.0
1784559180000,528.18,528.34,527.66,527.69,351.0
1784559240000,528.19,528.87,528.07,528.59,244.0
1784559300000,528.8,529.47,528.79,529.47,354.0
1784559360000,529.59,529.59,528.86,529.13,5414.0
1784559420000,529.17,529.17,528.76,529.05,719.0
1784559480000,529.04,529.39,528.63,528.63,565.0
1784559540000,528.66,529.28,528.66,529.28,192.0
1784559600000,529.33,529.87,528.83,529.5,2642.0
1784559660000,529.74,530.67,529.74,530.53,254.0
1784559720000,530.68,531.28,530.59,531.07,336.0
1784559780000,531.39,532.5,531.07,531.08,555.0
1784559840000,531.24,531.57,530.79,531.5,802.0
1784559900000,531.37,531.63,529.4,530.39,4657.0
1784559960000,530.83,531.78,530.83,531.78,388.0
1784560020000,531.79,533.0,531.79,533.0,679.0
1784560080000,533.0,534.28,532.36,533.45,3131.0
1784560140000,533.43,534.59,533.43,533.83,760.0
1784560200000,533.95,534.19,533.45,533.52,1370.0
1784560260000,533.78,534.67,533.78,534.67,1025.0
1784560320000,534.78,539.52,534.66,537.8,13060.0
1784560380000,537.81,538.59,537.51,537.87,6848.0
1784560440000,537.94,538.12,536.84,537.49,649.0
1784560500000,537.79,538.0,537.16,537.55,809.0
1784560560000,537.5,538.58,536.84,537.53,9322.0
1784560620000,537.62,538.59,537.38,538.41,1038.0
1784560680000,538.69,538.78,537.7,537.84,1815.0
1784560740000,538.07,538.08,537.06,537.78,452.0
1784560800000,537.83,537.93,536.44,536.44,466.0
1784560860000,536.44,537.1,536.14,536.75,5509.0
1784560920000,536.55,536.94,536.24,536.88,1539.0
1784560980000,536.89,537.36,535.76,535.9,1232.0
1784561040000,535.69,536.15,535.36,536.15,791.0
1784561100000,536.06,536.2,535.62,535.87,544.0
1784561160000,535.94,537.25,535.9,536.94,1980.0
1784561220000,537.08,537.32,536.47,536.54,560.0
1784561280000,536.63,536.63,535.76,536.28,708.0
1784561340000,536.22,536.75,535.81,536.62,1336.0
1784561400000,536.82,537.15,536.16,536.4,1113.0
1784561460000,536.37,536.82,535.61,536.0,1156.0
1784561520000,535.98,535.98,535.19,535.32,411.0
1784561580000,535.35,535.49,533.91,534.22,1299.0
1784561640000,534.19,535.08,534.19,535.08,268.0
1784561700000,535.07,535.54,534.41,535.2,1917.0
1784561760000,535.08,535.28,535.08,535.14,266.0
1784561820000,535.16,535.16,534.4,534.4,300.0
1784561880000,534.36,535.26,534.36,535.26,334.0
1784561940000,535.47,535.68,535.16,535.56,265.0
1784562000000,535.44,536.18,535.35,536.16,492.0
1784562060000,536.15,536.54,536.0,536.34,968.0
1784562120000,536.31,537.64,536.31,537.64,924.0
1784562180000,537.68,542.14,537.43,540.86,38154.0
1784562240000,540.59,541.0,540.02,541.0,708.0
1784562300000,541.0,541.78,540.53,541.02,12429.0
1784562360000,541.02,545.59,541.0,545.24,24375.0
1784562420000,545.45,545.45,543.59,544.01,6368.0
1784562480000,543.65,543.65,542.12,542.47,858.0
1784562540000,542.42,543.09,542.04,542.04,2093.0
1784562600000,542.09,542.65,541.82,542.01,6781.0
1784562660000,542.12,542.73,542.11,542.41,3034.0
1784562720000,542.48,544.48,542.44,544.48,1626.0
1784562780000,544.24,544.71,543.79,544.19,16775.0
1784562840000,544.22,545.29,542.85,543.07,11392.0
1784562900000,543.07,544.59,543.07,544.59,1404.0
1784562960000,544.47,544.47,543.85,544.36,937.0
1784563020000,544.45,546.3,543.89,546.3,1867.0
1784563080000,546.19,548.8,545.76,545.76,4809.0
1784563140000,545.94,547.19,545.77,547.09,1848.0
1784563200000,546.98,547.46,546.59,546.59,6686.0
1784563260000,546.19,546.2,544.89,545.0,1027.0
1784563320000,544.84,545.65,544.84,545.09,1572.0
1784563380000,545.09,546.43,544.86,546.41,6427.0
1784563440000,546.48,546.58,545.28,545.45,3532.0
1784563500000,545.35,546.76,545.0,546.36,3699.0
1784563560000,546.1,546.87,545.5,546.08,28545.0
1784563620000,546.08,547.6,546.03,547.56,3052.0
1784563680000,547.57,549.29,547.39,549.25,3869.0
1784563740000,548.99,549.63,548.48,549.55,1525.0
1784563800000,549.49,549.79,548.01,548.59,106105.0
1784563860000,548.77,550.78,548.57,549.99,17010.0
1784563920000,550.28,550.5,549.39,549.97,1615.0
1784563980000,550.0,552.42,549.96,550.19,7330.0
1784564040000,550.22,551.46,549.7,551.02,5237.0
1784564100000,550.95,550.99,548.82,548.94,27619.0
1784564160000,549.13,550.94,548.87,550.82,3987.0
1784564220000,550.86,550.88,550.0,550.12,6714.0
1784564280000,550.08,550.16,548.78,548.84,26200.0
1784564340000,548.93,550.35,548.93,550.23,873.0
1784564400000,550.32,550.58,549.53,550.06,4699.0
1784564460000,550.32,551.07,550.19,550.2,21645.0
1784564520000,550.29,550.57,550.19,550.57,34051.0
1784564580000,550.5,552.23,550.5,551.96,4661.0
1784564640000,551.92,553.04,551.74,551.97,9076.0
1784564700000,551.94,552.41,550.23,550.23,4874.0
1784564760000,550.21,550.3,549.33,549.5,12113.0
1784564820000,549.49,549.72,548.65,548.9,5876.0
1784564880000,548.85,549.14,548.6,549.13,3524.0
1784564940000,549.32,550.08,549.32,549.46,855.0
1784565000000,549.48,550.08,548.63,549.1,2546.0
1784565060000,549.13,549.54,548.73,549.22,2419.0
1784565120000,549.34,549.76,549.05,549.37,6472.0
1784565180000,549.26,549.26,548.64,548.82,1438.0
1784565240000,548.9,550.2,548.9,550.2,2956.0
1784565300000,550.2,551.51,550.2,550.45,3374.0
1784565360000,550.37,550.66,549.94,550.45,8297.0
1784565420000,550.52,551.13,550.22,551.11,7826.0
1784565480000,551.2,551.75,551.0,551.53,1613.0
1784565540000,551.56,551.78,550.2,551.39,4108.0
1784565600000,551.45,552.19,550.71,551.79,665.0
1784565660000,551.95,553.14,549.1,550.31,5204.0
1784565720000,550.41,551.39,550.2,551.19,1992.0
1784565780000,551.11,551.51,550.99,551.51,332.0
1784565840000,551.67,551.72,550.51,550.86,1324.0
1784565900000,550.89,552.3,550.81,552.19,731.0
1784565960000,552.15,554.22,552.06,553.39,1270.0
1784566020000,553.24,553.76,552.58,553.68,918.0
1784566080000,553.49,553.82,553.09,553.82,423.0
1784566140000,553.8,554.0,553.12,553.77,625.0
1784566200000,553.68,555.3,553.18,555.02,4241.0
1784566260000,554.8,556.58,554.4,555.72,17823.0
1784566320000,555.5,556.59,555.43,556.32,1492.0
1784566380000,556.04,556.53,555.89,556.35,3274.0
1784566440000,556.31,556.4,554.85,554.85,10065.0
1784566500000,554.92,555.59,553.99,555.34,11535.0
1784566560000,555.27,555.27,553.91,554.21,4063.0
1784566620000,554.12,555.36,554.04,555.36,1702.0
1784566680000,555.39,556.32,555.39,556.32,3109.0
1784566740000,556.31,556.31,555.91,556.16,5001.0
1784566800000,556.12,557.58,555.87,556.01,13834.0
1784566860000,556.2,557.18,555.4,555.88,4219.0
1784566920000,555.87,555.87,554.41,554.78,2105.0
1784566980000,554.68,555.41,554.28,554.6,1513.0
1784567040000,554.59,554.93,554.33,554.63,1262.0
1784567100000,554.41,555.76,554.39,555.69,4203.0
1784567160000,555.78,556.2,555.54,555.62,1217.0
1784567220000,555.67,555.67,554.08,554.75,497.0
1784567280000,554.8,554.8,553.91,554.16,5586.0
1784567340000,554.23,555.48,554.21,555.24,891.0
1784567400000,555.47,555.79,553.97,554.16,1062.0
1784567460000,553.96,554.33,553.82,554.28,1602.0
1784567520000,554.28,554.47,553.89,554.01,477.0
1784567580000,554.1,554.45,553.82,553.89,1009.0
1784567640000,554.07,554.58,553.8,554.05,459.0
1784567700000,554.0,554.0,552.0,553.04,13624.0
1784585760000,548.83,549.1,548.63,548.93,365.0
1784585820000,548.68,548.7,547.57,547.65,622.0
1784585880000,547.74,547.87,547.41,547.41,144.0
1784585940000,547.4,548.01,547.4,547.89,177.0
1784586000000,547.95,548.33,547.95,548.33,235.0
1784586060000,548.11,548.37,548.11,548.16,169.0
1784586120000,548.01,548.01,547.87,547.94,128.0
1784586180000,548.26,548.48,547.66,548.18,794.0
1784586240000,548.16,548.58,548.12,548.58,303.0
1784586300000,548.57,548.71,548.43,548.71,285.0
1784586360000,548.83,549.06,548.73,548.9,351.0
1784586420000,548.73,549.06,548.71,548.71,311.0
1784586480000,548.9,548.9,548.78,548.85,84.0
1784586540000,548.86,549.07,548.86,549.07,245.0
1784586600000,548.7,549.2,548.7,549.04,225.0
1784586660000,548.99,549.23,548.77,549.15,229.0
1784586720000,549.22,549.28,548.74,549.19,201.0
1784586780000,549.22,549.24,549.03,549.03,237.0
1784586840000,548.97,548.99,548.4,548.4,3827.0
1784586900000,548.46,548.46,547.88,548.29,524.0
1784586960000,548.19,548.4,548.06,548.07,505.0
1784587020000,548.03,548.33,547.86,548.24,1957.0
1784587080000,548.21,548.29,548.02,548.13,392.0
1784587140000,548.13,548.13,547.3,547.3,1254.0
1784587200000,547.31,547.42,546.78,546.82,370.0
1784587260000,546.82,546.94,546.56,546.89,176.0
1784587320000,546.91,547.8,546.8,547.75,33125.0
1784587380000,547.79,548.45,547.6,548.44,4844.0
1784587440000,548.41,548.47,548.15,548.32,556.0
1784587500000,548.55,548.76,547.88,548.25,994.0
1784587560000,548.21,548.3,547.8,547.8,1855.0
1784587620000,547.8,547.96,547.75,547.76,422.0
1784587680000,547.77,548.18,547.77,548.16,497.0
1784587740000,548.15,548.38,548.09,548.2,857.0
1784587800000,548.12,548.41,547.98,548.2,417.0
1784587860000,548.16,548.42,547.78,547.98,1547.0
1784587920000,547.95,548.02,547.84,547.84,4351.0
1784587980000,547.6,547.7,547.48,547.48,889.0
1784588040000,547.57,547.57,547.0,547.0,1204.0
1784588100000,546.99,546.99,546.46,546.59,801.0
1784588160000,546.53,546.62,546.51,546.6,404.0
1784588220000,546.55,546.55,546.3,546.3,109.0
1784588280000,546.81,546.81,546.28,546.41,453.0
1784588340000,546.41,546.58,545.98,546.58,719.0
1784588400000,546.54,546.55,545.96,545.96,2553.0
1784588460000,545.91,546.65,545.79,546.62,246.0
1784588520000,546.44,547.52,546.24,547.52,1435.0
1784588580000,547.52,547.56,547.3,547.37,417.0
1784588640000,547.31,547.49,547.31,547.49,1276.0
1784588700000,547.48,548.55,547.48,548.34,2245.0
1784588760000,548.19,548.33,547.81,547.98,582.0
1784588820000,547.99,548.57,547.99,548.16,2763.0
1784588880000,548.27,548.56,548.22,548.34,1154.0
1784588940000,548.36,548.48,548.24,548.38,497.0
1784589000000,548.29,548.37,547.8,547.8,213.0
1784589060000,547.84,548.08,547.69,547.72,381.0
1784589120000,547.68,547.68,547.28,547.3,606.0
1784589180000,547.31,547.31,546.48,547.07,695.0
1784589240000,547.11,547.3,547.06,547.06,313.0
1784589300000,547.06,547.43,547.06,547.27,434.0
1784589360000,547.29,547.29,546.81,547.12,179.0
1784589420000,547.07,547.18,546.79,547.18,639.0
1784589480000,547.28,547.55,547.25,547.55,166.0
1784589540000,547.41,547.61,547.41,547.54,891.0
1784589600000,547.44,547.66,547.4,547.58,926.0
1784589660000,547.58,547.7,547.15,547.15,283.0
1784589720000,547.17,547.69,547.15,547.33,561.0
1784589780000,547.36,547.59,547.21,547.21,439.0
1784589840000,547.07,547.07,546.78,546.78,165.0
1784589900000,546.79,546.95,546.68,546.79,2588.0
1784589960000,546.68,546.86,546.57,546.75,453.0
1784590020000,546.74,546.83,546.7,546.7,229.0
1784590080000,546.95,547.04,546.86,546.86,141.0
1784590140000,546.95,546.95,546.8,546.8,188.0
1784590200000,546.64,546.82,546.46,546.46,557.0
1784590260000,546.43,546.43,546.23,546.39,183.0
1784590320000,546.34,547.07,546.34,547.07,399.0
1784590380000,547.24,547.24,546.97,547.0,191.0
1784590440000,546.91,546.91,543.39,543.78,2077.0
1784590500000,543.79,544.48,543.58,544.39,3198.0
1784590560000,544.38,544.38,542.81,542.81,2813.0
1784590620000,542.72,543.07,541.74,542.5,1309.0
1784590680000,542.45,543.28,542.42,543.09,760.0
1784590740000,543.15,543.73,542.63,542.78,6530.0
1784590800000,542.71,542.78,542.38,542.39,1068.0
1784590860000,542.41,543.27,542.35,543.11,936.0
1784590920000,543.37,543.7,543.37,543.48,676.0
1784590980000,543.47,543.71,543.45,543.49,689.0
1784591040000,543.59,543.61,543.25,543.32,485.0
1784591100000,543.33,543.51,543.02,543.46,1292.0
1784591160000,543.46,543.54,543.37,543.47,476.0
1784591220000,543.5,543.59,543.15,543.52,79.0
1784591280000,543.65,543.76,543.36,543.45,166.0
1784591340000,543.28,543.34,543.16,543.16,135.0
1784591400000,543.09,543.09,542.56,542.69,558.0
1784591460000,542.8,542.8,542.27,542.34,848.0
1784591520000,542.4,543.22,542.32,543.16,906.0
1784591580000,543.28,543.29,542.48,542.58,204.0
1784591640000,542.58,543.43,542.58,543.43,1032.0
1784591700000,543.43,543.59,542.87,543.59,289.0
1784591760000,543.58,544.02,543.53,543.53,2123.0
1784591820000,543.47,543.64,543.27,543.59,305.0
1784591880000,543.75,544.17,543.66,544.09,590.0
1784591940000,543.9,544.07,543.48,543.91,641.0
1784592000000,543.83,543.83,541.98,542.48,2227.0
1784592060000,542.43,543.52,542.34,542.88,313.0
1784592120000,542.83,542.83,541.76,542.18,510.0
1784592180000,542.09,542.26,541.52,541.78,339.0
1784592240000,542.27,542.68,542.25,542.66,177.0
1784592300000,542.59,542.59,542.01,542.24,263.0
1784592360000,542.24,542.54,541.74,542.14,262.0
1784592420000,542.08,542.08,541.39,541.6,485.0
1784592480000,541.61,542.21,541.61,541.91,2123.0
1784592540000,541.99,542.21,541.99,542.19,184.0
1784592600000,542.11,542.16,540.97,541.25,2202.0
1784592660000,541.25,541.85,541.07,541.7,535.0
1784592720000,541.75,542.24,541.19,542.03,1806.0
1784592780000,541.88,542.32,541.82,542.24,107.0
1784592840000,542.12,542.17,540.91,540.91,518.0
1784592900000,541.22,541.26,540.78,540.78,332.0
1784592960000,540.75,541.41,540.49,541.37,1164.0
1784593020000,541.27,542.0,541.09,542.0,315.0
1784593080000,541.96,542.49,541.96,542.26,574.0
1784593140000,542.33,543.68,542.32,543.68,458.0
1784593200000,543.73,544.02,543.19,543.19,261.0
1784593260000,543.07,543.64,542.86,543.59,237.0
1784593320000,543.07,543.36,542.91,542.91,265.0
1784593380000,542.79,542.79,542.07,542.54,5394.0
1784593440000,542.36,543.93,542.31,543.93,6163.0
1784593500000,543.59,544.88,543.59,544.31,811.0
1784593560000,544.26,544.29,543.98,544.28,116.0
1784593620000,544.25,545.19,544.25,545.1,1313.0
1784593680000,545.06,545.07,544.41,544.66,347.0
1784593740000,544.58,544.78,544.44,544.66,482.0
1784593800000,544.66,545.04,544.6,545.04,273.0
1784593860000,545.07,546.18,544.79,546.18,10393.0
1784593920000,546.19,546.58,545.72,545.94,426.0
1784593980000,545.97,546.45,545.95,546.05,400.0
1784594040000,546.2,546.4,545.6,546.4,255.0
1784594100000,546.58,546.76,545.9,545.9,515.0
1784594160000,545.84,546.4,545.84,546.19,328.0
1784594220000,545.98,547.01,545.98,547.01,205.0
1784594280000,547.08,547.33,546.75,546.93,566.0
1784594340000,547.05,549.32,547.05,549.32,876.0
1784594400000,549.17,549.43,548.64,549.0,522.0
1784594460000,548.98,549.12,548.4,548.46,2937.0
1784594520000,548.36,549.94,548.36,549.89,3780.0
1784594580000,549.85,550.15,549.22,549.52,532.0
1784594640000,549.51,549.75,548.86,548.92,320.0
1784594700000,549.05,549.94,549.05,549.58,493.0
1784594760000,549.52,549.91,549.35,549.81,191.0
1784594820000,549.86,550.45,549.53,550.27,6124.0
1784594880000,550.19,550.51,549.98,549.98,345.0
1784594940000,549.91,550.79,549.91,550.31,1366.0
1784595000000,550.24,550.24,549.51,549.66,366.0
1784595060000,549.49,549.5,549.09,549.43,392.0
1784595120000,549.12,549.47,548.76,548.83,284.0
1784595180000,548.77,548.8,548.16,548.56,875.0
1784595240000,548.59,549.37,548.59,549.35,333.0
1784595300000,549.26,549.52,549.11,549.24,393.0
1784595360000,549.32,549.7,549.18,549.7,233.0
1784595420000,549.74,549.81,549.54,549.81,232.0
1784595480000,549.59,549.59,548.37,548.37,252.0
1784595540000,548.47,548.93,548.41,548.78,491.0
1784595600000,548.71,548.71,547.88,548.59,879.0
1784595660000,548.56,548.58,547.98,548.18,355.0
1784595720000,548.0,548.07,547.15,547.28,215.0
1784595780000,547.48,547.7,546.91,547.66,438.0
1784595840000,547.64,548.4,547.44,548.34,354.0
1784595900000,548.55,548.85,548.4,548.85,393.0
1784595960000,548.91,549.84,548.91,549.43,485.0
1784596020000,548.99,549.0,548.2,548.31,304.0
1784596080000,548.2,548.2,547.44,547.71,588.0
1784596140000,547.72,548.25,547.72,548.01,524.0
1784596200000,548.02,548.53,548.02,548.19,169.0
1784596260000,548.33,548.68,547.88,547.94,183.0
1784596320000,547.81,548.19,547.65,548.19,158.0
1784596380000,547.8,548.2,547.8,548.2,283.0
1784596440000,548.16,548.53,548.16,548.44,150.0
1784596500000,548.33,548.48,548.15,548.19,235.0
1784596560000,548.1,548.1,547.62,547.62,61.0
1784596620000,547.85,547.87,547.1,547.1,190.0
1784596680000,547.07,547.07,546.53,546.56,647.0
1784596740000,546.75,547.15,546.28,546.56,1292.0
1784596800000,546.57,546.84,546.44,546.44,307.0
1784596860000,546.59,546.73,546.56,546.64,117.0
1784596920000,546.27,546.35,545.97,546.3,132.0
1784596980000,546.36,546.43,546.22,546.22,92.0
1784597040000,546.28,546.41,546.02,546.04,184.0
1784597100000,546.01,546.84,545.93,546.84,185.0
1784597160000,546.78,546.78,546.3,546.62,158.0
1784597220000,546.76,546.8,546.66,546.77,193.0
1784597280000,546.83,546.99,546.67,546.99,95.0
1784597340000,546.87,547.02,546.57,546.61,290.0
1784597400000,546.63,546.99,546.19,546.19,422.0
1784597460000,546.04,546.04,545.0,545.65,6498.0
1784597520000,545.79,546.18,545.79,546.16,411.0
1784597580000,546.18,546.7,545.85,546.64,2282.0
1784597640000,546.64,546.77,546.56,546.71,255.0
1784597700000,546.91,547.02,546.28,546.33,224.0
1784615760000,555.7,555.94,554.63,554.63,1651.0
1784615820000,554.62,554.98,554.44,554.74,557.0
1784615880000,554.73,554.77,553.84,554.16,2269.0
1784615940000,554.03,554.29,553.98,554.29,102.0
1784616000000,554.28,554.32,553.92,554.12,447.0
1784616060000,553.96,554.02,553.39,553.39,378.0
1784616120000,553.79,553.91,553.12,553.14,494.0
1784616180000,553.23,553.82,552.96,552.96,669.0
1784616240000,552.94,553.49,552.94,553.49,650.0
1784616300000,553.43,553.46,552.06,552.14,1985.0
1784616360000,552.14,552.14,551.39,551.65,1196.0
1784616420000,551.55,551.59,550.87,551.37,1263.0
1784616480000,551.36,552.34,551.12,552.22,3152.0
1784616540000,552.0,552.11,551.39,551.39,1109.0
1784616600000,551.38,552.03,551.28,551.96,385.0
1784616660000,551.76,551.81,550.67,551.02,975.0
1784616720000,550.97,551.46,550.84,550.94,579.0
1784616780000,550.91,551.06,550.6,550.99,1085.0
1784616840000,550.89,551.46,550.83,550.99,378.0
1784616900000,550.72,551.06,550.62,551.06,182.0
1784616960000,550.97,551.47,550.94,551.36,435.0
1784617020000,551.35,551.6,551.1,551.1,476.0
1784617080000,551.13,551.59,551.1,551.49,433.0
1784617140000,551.34,551.36,549.73,549.73,8105.0
1784617200000,549.68,550.18,549.6,549.63,690.0
1784617260000,549.47,549.99,549.47,549.9,1196.0
1784617320000,549.84,550.68,549.7,550.55,1923.0
1784617380000,550.44,550.97,550.36,550.82,392.0
1784617440000,550.66,550.71,550.41,550.54,972.0
1784617500000,550.5,550.5,549.91,550.17,429.0
1784617560000,550.06,550.06,549.14,549.14,898.0
1784617620000,549.15,549.31,548.11,548.11,8076.0
1784617680000,548.14,549.16,548.14,548.5,1519.0
1784617740000,548.7,548.82,548.23,548.7,870.0
1784617800000,548.59,548.94,548.27,548.27,1137.0
1784617860000,548.3,548.88,548.3,548.54,207.0
1784617920000,548.71,548.98,548.52,548.72,442.0
1784617980000,548.7,548.7,548.07,548.12,767.0
1784618040000,548.17,548.64,548.17,548.6,239.0
1784618100000,548.62,548.68,548.21,548.26,563.0
1784618160000,548.21,548.4,547.3,547.49,497.0
1784618220000,547.59,548.28,547.52,547.64,886.0
1784618280000,547.81,548.4,547.81,548.3,308.0
1784618340000,548.08,548.51,548.08,548.44,1732.0
1784618400000,548.55,548.77,547.34,547.41,1322.0
1784618460000,547.56,547.75,547.08,547.75,2576.0
1784618520000,547.77,548.86,547.72,548.86,456.0
1784618580000,548.95,548.97,547.88,548.04,1041.0
1784618640000,547.96,547.99,547.62,547.88,320.0
1784618700000,547.52,547.99,547.48,547.8,292.0
1784618760000,547.8,548.02,547.57,547.69,693.0
1784618820000,547.61,547.9,547.6,547.8,1411.0
1784618880000,547.81,548.73,547.8,548.44,1646.0
1784618940000,548.44,548.47,547.92,548.0,2202.0
1784619000000,547.94,548.48,547.64,547.95,2929.0
1784619060000,547.87,547.87,547.66,547.77,501.0
1784619120000,547.76,548.18,547.62,548.07,491.0
1784619180000,547.98,548.25,547.36,547.38,604.0
1784619240000,547.28,548.42,547.14,548.41,2586.0
1784619300000,548.38,549.39,548.15,548.86,6592.0
1784619360000,548.76,549.08,548.61,548.88,2385.0
1784619420000,548.8,549.32,548.79,548.91,741.0
1784619480000,548.79,548.79,548.29,548.52,997.0
1784619540000,548.48,549.56,548.41,549.56,777.0
1784619600000,549.59,549.88,549.27,549.27,550.0
1784619660000,549.19,549.68,548.77,548.77,2129.0
1784619720000,548.87,549.3,548.87,549.0,283.0
1784619780000,549.0,549.19,547.75,547.79,1255.0
1784619840000,547.79,548.63,547.58,548.38,565.0
1784619900000,548.31,548.67,547.88,548.49,737.0
1784619960000,548.61,549.95,548.56,549.59,680.0
1784620020000,549.5,550.14,549.37,549.98,5530.0
1784620080000,549.79,550.63,549.73,550.63,2333.0
1784620140000,550.64,551.18,550.59,550.99,1246.0
1784620200000,550.78,551.01,550.14,550.18,1083.0
1784620260000,550.1,551.13,550.04,550.16,3537.0
1784620320000,550.03,550.16,549.96,550.11,414.0
1784620380000,550.17,550.69,550.12,550.38,366.0
1784620440000,550.27,550.95,550.21,550.65,1528.0
1784620500000,550.59,550.84,550.37,550.46,1212.0
1784620560000,550.47,550.47,548.99,549.54,1527.0
1784620620000,549.58,550.31,549.37,550.27,310.0
1784620680000,550.26,550.29,550.06,550.2,144.0
1784620740000,550.46,550.64,550.31,550.61,262.0
1784620800000,550.59,550.85,549.79,549.87,3011.0
1784620860000,549.73,550.13,549.04,549.21,327.0
1784620920000,549.27,549.58,549.21,549.52,458.0
1784620980000,549.38,550.81,549.38,549.87,5169.0
1784621040000,549.8,550.4,549.8,549.95,329.0
1784621100000,550.05,550.54,549.25,549.25,401.0
1784621160000,549.38,549.38,548.55,548.7,269.0
1784621220000,548.94,548.94,548.6,548.84,301.0
1784621280000,548.79,549.11,548.4,548.73,914.0
1784621340000,548.69,548.85,548.35,548.49,168.0
1784621400000,548.33,548.34,547.79,547.92,651.0
1784621460000,548.0,548.04,546.37,546.88,8305.0
1784621520000,546.86,547.86,546.78,547.07,3838.0
1784621580000,547.08,547.57,547.01,547.54,920.0
1784621640000,547.68,547.93,547.19,547.75,1512.0
1784621700000,547.47,547.86,547.34,547.61,572.0
1784621760000,547.63,548.51,547.63,548.2,405.0
1784621820000,548.13,548.18,547.24,547.5,1023.0
1784621880000,547.27,547.78,547.27,547.78,354.0
1784621940000,547.87,548.42,547.87,548.39,661.0
1784622000000,548.24,549.56,548.03,549.56,756.0
1784622060000,549.46,550.1,549.38,549.84,2106.0
1784622120000,549.67,549.87,548.45,548.58,237.0
1784622180000,548.72,549.87,548.72,549.59,481.0
1784622240000,549.39,549.51,547.73,548.11,2899.0
1784622300000,547.97,547.98,547.48,547.79,358.0
1784622360000,547.63,548.27,547.63,547.96,1746.0
1784622420000,547.87,547.9,545.34,545.71,2257.0
1784622480000,545.77,546.38,545.7,546.08,1803.0
1784622540000,545.94,546.11,545.28,546.11,2236.0
1784622600000,546.0,546.03,545.4,545.84,1650.0
1784622660000,545.81,545.87,545.81,545.87,75.0
1784622720000,545.93,546.56,545.83,546.51,370.0
1784622780000,546.57,546.94,546.56,546.7,338.0
1784622840000,546.45,547.28,546.45,546.98,208.0
1784622900000,546.86,546.98,546.76,546.87,192.0
1784622960000,546.95,547.28,546.87,547.02,333.0
1784623020000,546.96,547.08,546.54,546.69,254.0
1784623080000,546.66,546.99,546.27,546.86,747.0
1784623140000,547.06,547.06,546.8,547.02,306.0
1784623200000,547.04,547.04,546.11,546.11,491.0
1784623260000,546.19,546.19,545.48,545.48,1679.0
1784623320000,545.75,545.9,545.48,545.79,574.0
1784623380000,545.69,546.11,545.49,546.11,151.0
1784623440000,546.11,546.11,545.62,545.68,286.0
1784623500000,545.64,545.66,544.07,544.3,4742.0
1784623560000,544.16,545.37,544.1,545.24,2385.0
1784623620000,545.29,545.74,545.27,545.5,593.0
1784623680000,545.47,545.67,544.44,544.49,433.0
1784623740000,544.27,544.65,544.04,544.65,552.0
1784623800000,544.54,544.54,542.84,543.51,3199.0
1784623860000,543.37,544.19,542.55,543.31,39933.0
1784623920000,543.23,543.32,542.78,542.87,832.0
1784623980000,542.83,543.0,542.4,542.69,770.0
1784624040000,542.62,542.83,542.52,542.64,191.0
1784624100000,542.66,542.88,542.54,542.87,186.0
1784624160000,542.78,542.95,542.09,542.9,7877.0
1784624220000,542.92,542.92,541.9,541.9,487.0
1784624280000,541.95,542.61,541.89,542.18,439.0
1784624340000,541.93,542.15,541.7,541.88,402.0
1784624400000,541.79,541.86,541.24,541.24,1462.0
1784624460000,541.21,541.21,540.29,540.67,836.0
1784624520000,540.69,540.88,539.77,540.51,13527.0
1784624580000,540.39,540.46,539.44,539.65,3575.0
1784624640000,539.87,540.45,539.54,539.64,838.0
1784624700000,539.69,540.31,539.28,540.31,2996.0
1784624760000,540.48,541.12,540.48,541.04,875.0
1784624820000,541.04,541.04,540.23,540.6,9900.0
1784624880000,540.59,540.98,540.02,540.02,3089.0
1784624940000,540.17,540.8,540.15,540.39,637.0
1784625000000,540.46,540.6,539.97,540.08,404.0
1784625060000,539.99,540.47,539.31,540.27,1951.0
1784625120000,540.38,540.38,539.48,540.12,1014.0
1784625180000,540.16,540.21,539.54,540.21,422.0
1784625240000,540.21,540.42,540.04,540.23,5042.0
1784625300000,540.25,540.66,540.22,540.64,413.0
1784625360000,540.66,540.77,540.38,540.57,1794.0
1784625420000,540.44,540.57,537.78,537.81,8523.0
1784625480000,537.88,538.04,536.47,537.09,3313.0
1784625540000,537.16,537.56,535.95,537.56,2589.0
1784625600000,537.55,537.95,537.36,537.94,279.0
1784625660000,537.64,538.91,537.34,538.72,3955.0
1784625720000,538.83,539.99,538.58,539.56,2532.0
1784625780000,539.46,539.54,538.9,538.94,1616.0
1784625840000,539.02,539.41,538.52,539.07,2800.0
1784625900000,538.85,538.85,537.6,537.86,1444.0
1784625960000,537.79,537.79,536.33,536.5,17945.0
1784626020000,536.33,536.87,536.07,536.69,9719.0
1784626080000,536.78,537.85,536.78,537.23,1431.0
1784626140000,537.31,537.68,537.31,537.37,309.0
1784626200000,537.45,537.95,537.45,537.66,884.0
1784626260000,537.61,538.26,537.44,538.26,393.0
1784626320000,538.26,538.72,538.26,538.32,2200.0
1784626380000,538.28,538.37,537.72,538.24,1491.0
1784626440000,538.23,538.59,537.87,537.87,1110.0
1784626500000,538.25,538.43,538.11,538.22,502.0
1784626560000,538.26,538.48,537.95,538.22,535.0
1784626620000,538.28,538.86,538.28,538.56,334.0
1784626680000,538.72,538.93,538.43,538.66,523.0
1784626740000,538.45,538.45,537.96,538.34,1785.0
1784626800000,538.4,538.6,538.32,538.37,336.0
1784626860000,538.27,538.49,538.05,538.29,654.0
1784626920000,538.29,538.64,538.08,538.45,894.0
1784626980000,538.66,539.06,538.63,539.06,1478.0
1784627040000,539.06,540.85,539.01,540.21,9869.0
1784627100000,540.15,542.67,540.03,541.66,2397.0
1784627160000,541.69,542.57,541.61,541.73,1719.0
1784627220000,541.61,542.13,541.41,541.78,6937.0
1784627280000,541.77,541.95,541.77,541.77,36705.0
1784627340000,541.47,541.47,540.99,540.99,1266.0
1784627400000,540.67,540.67,540.35,540.39,264.0
1784627460000,540.37,540.38,539.87,540.15,273.0
1784627520000,540.23,540.53,540.12,540.29,1396.0
1784627580000,540.21,541.2,540.14,541.2,427.0
1784627640000,540.89,541.39,540.88,541.39,320.0
1784627700000,541.56,541.99,541.56,541.99,2326.0
1784645760000,542.58,542.78,542.4,542.54,1037.0
1784645820000,542.57,542.78,542.11,542.4,235.0
1784645880000,542.08,542.19,541.49,542.1,12632.0
1784645940000,542.09,542.93,541.95,542.46,4428.0
1784646000000,542.35,542.74,541.87,541.93,427.0
1784646060000,541.93,542.48,541.83,541.87,434.0
1784646120000,541.47,541.47,540.0,540.15,9702.0
1784646180000,540.0,540.97,539.84,540.9,13771.0
1784646240000,540.78,540.78,539.86,540.41,7028.0
1784646300000,540.66,541.06,540.48,540.85,1720.0
1784646360000,541.07,541.99,541.07,541.99,2456.0
1784646420000,542.08,542.29,541.17,541.17,2909.0
1784646480000,541.31,541.36,540.83,541.04,301.0
1784646540000,541.13,542.13,541.11,542.02,443.0
1784646600000,541.96,542.3,541.82,541.87,466.0
1784646660000,541.79,541.79,541.11,541.16,352.0
1784646720000,541.4,541.59,541.12,541.38,822.0
1784646780000,541.47,542.22,541.47,542.22,536.0
1784646840000,542.1,542.26,541.61,541.61,583.0
1784646900000,541.65,541.9,541.37,541.65,643.0
1784646960000,541.61,542.38,541.61,542.32,657.0
1784647020000,542.39,543.06,542.39,543.05,6402.0
1784647080000,543.07,543.54,543.07,543.49,1455.0
1784647140000,543.5,543.78,543.29,543.59,225.0
1784647200000,543.23,543.23,542.36,542.71,6011.0
1784647260000,542.88,543.21,542.6,543.21,219.0
1784647320000,543.46,543.62,543.26,543.56,457.0
1784647380000,543.64,543.77,541.96,541.96,1105.0
1784647440000,541.98,541.98,541.48,541.54,195.0
1784647500000,541.59,541.82,541.27,541.27,315.0
1784647560000,541.24,541.35,541.02,541.02,245.0
1784647620000,541.11,541.11,539.5,540.56,2307.0
1784647680000,540.5,540.58,539.57,539.96,1234.0
1784647740000,539.77,539.83,538.0,538.22,19597.0
1784647800000,538.16,538.8,537.63,538.66,7817.0
1784647860000,538.78,539.37,538.78,539.27,4610.0
1784647920000,539.28,539.78,539.13,539.31,540.0
1784647980000,539.32,539.64,538.75,539.14,9282.0
1784648040000,539.24,540.2,539.14,539.87,788.0
1784648100000,539.77,539.93,539.39,539.69,2720.0
1784648160000,539.64,540.45,539.58,540.38,762.0
1784648220000,540.46,541.2,540.37,541.2,1246.0
1784648280000,541.22,541.3,540.5,540.51,581.0
1784648340000,540.74,541.23,540.51,541.07,496.0
1784648400000,540.87,540.87,539.73,540.15,10073.0
1784648460000,540.12,540.63,540.07,540.07,486.0
1784648520000,540.26,540.56,540.09,540.43,704.0
1784648580000,540.47,540.49,540.12,540.32,1064.0
1784648640000,540.24,540.36,539.62,540.36,2739.0
1784648700000,540.4,540.41,538.85,538.93,2097.0
1784648760000,538.98,539.7,538.88,539.7,1571.0
1784648820000,539.7,540.81,539.67,540.81,1437.0
1784648880000,540.89,541.61,540.49,541.55,629.0
1784648940000,541.58,542.22,541.47,541.97,1298.0
1784649000000,542.01,542.01,541.13,541.26,4518.0
1784649060000,541.08,541.33,540.96,541.03,1192.0
1784649120000,541.04,541.75,541.02,541.17,1634.0
1784649180000,541.07,541.46,541.07,541.35,884.0
1784649240000,541.34,541.78,541.29,541.29,537.0
1784649300000,541.29,541.33,541.0,541.0,562.0
1784649360000,541.0,542.19,541.0,542.19,760.0
1784649420000,542.24,542.24,541.85,541.9,370.0
1784649480000,541.91,542.1,541.77,541.77,215.0
1784649540000,541.72,542.06,541.39,542.06,269.0
1784649600000,541.86,542.04,541.74,541.91,9073.0
1784649660000,542.07,542.27,541.94,542.25,478.0
1784649720000,542.16,542.61,542.16,542.61,7107.0
1784649780000,542.48,542.95,542.48,542.85,238.0
1784649840000,542.79,543.16,542.79,542.91,629.0
1784649900000,542.88,542.97,542.51,542.87,259.0
1784649960000,543.01,543.36,542.52,542.68,996.0
1784650020000,542.78,542.78,542.0,542.0,206.0
1784650080000,542.12,542.23,541.5,541.5,1551.0
1784650140000,541.66,542.24,541.66,541.75,224.0
1784650200000,541.71,543.01,541.71,542.81,71.0
1784650260000,542.79,543.45,542.79,542.95,711.0
1784650320000,542.97,543.02,542.31,542.44,460.0
1784650380000,542.7,542.7,541.99,542.16,526.0
1784650440000,542.41,542.41,541.94,542.06,1256.0
1784650500000,542.18,542.42,542.05,542.16,426.0
1784650560000,542.27,542.65,541.93,542.04,8330.0
1784650620000,541.9,541.9,541.03,541.06,592.0
1784650680000,541.06,541.24,539.22,539.22,3726.0
1784650740000,539.12,539.62,539.09,539.62,2409.0
1784650800000,539.54,539.87,539.22,539.87,1713.0
1784650860000,539.63,539.63,538.6,538.67,2134.0
1784650920000,538.62,539.03,538.2,538.91,2775.0
1784650980000,538.91,538.91,538.59,538.62,382.0
1784651040000,538.27,538.39,537.9,538.18,822.0
1784651100000,538.08,538.79,538.03,538.61,672.0
1784651160000,538.41,538.62,537.11,537.63,1510.0
1784651220000,537.79,538.02,537.59,537.71,1061.0
1784651280000,537.73,538.36,537.73,537.93,328.0
1784651340000,538.01,538.04,537.25,537.48,1304.0
1784651400000,537.49,537.79,537.06,537.76,818.0
1784651460000,537.71,537.88,537.21,537.44,4335.0
1784651520000,537.41,537.56,536.54,537.2,2876.0
1784651580000,537.12,537.82,536.99,537.26,4640.0
1784651640000,537.18,538.28,537.18,538.03,497.0
1784651700000,537.93,538.83,537.93,538.54,3193.0
1784651760000,538.59,538.67,538.35,538.35,632.0
1784651820000,538.45,538.67,538.27,538.67,416.0
1784651880000,538.78,538.9,538.48,538.9,339.0
1784651940000,538.86,538.9,538.48,538.89,1144.0
1784652000000,538.96,539.78,538.95,539.35,2561.0
1784652060000,539.33,539.71,539.25,539.71,298.0
1784652120000,539.68,539.74,538.99,538.99,401.0
1784652180000,538.89,539.01,538.46,538.46,538.0
1784652240000,538.39,538.39,537.83,537.91,2602.0
1784652300000,538.11,538.26,537.6,537.6,7773.0
1784652360000,537.52,538.05,537.5,537.95,4330.0
1784652420000,538.07,538.78,538.05,538.76,4464.0
1784652480000,538.74,538.93,538.0,538.93,363.0
1784652540000,538.96,539.64,538.68,539.34,508.0
1784652600000,539.44,539.69,539.29,539.4,1445.0
1784652660000,539.47,539.53,538.92,539.13,304.0
1784652720000,539.2,539.49,539.2,539.36,422.0
1784652780000,539.41,540.08,539.41,539.94,622.0
1784652840000,539.95,540.72,539.95,540.57,2934.0
1784652900000,540.68,540.94,540.03,540.19,3133.0
1784652960000,540.2,540.32,539.63,539.74,643.0
1784653020000,539.75,539.89,539.59,539.75,1968.0
1784653080000,539.8,540.1,539.75,540.0,251.0
1784653140000,539.91,539.96,539.62,539.79,1134.0
1784653200000,539.62,539.91,539.49,539.8,283.0
1784653260000,539.6,539.64,538.99,539.14,737.0
1784653320000,539.15,539.39,539.03,539.03,5019.0
1784653380000,539.33,539.43,538.63,538.63,1195.0
1784653440000,538.91,538.98,538.32,538.32,412.0
1784653500000,538.29,538.41,537.6,537.94,385.0
1784653560000,537.92,538.66,537.92,538.28,774.0
1784653620000,538.18,538.18,537.6,537.88,489.0
1784653680000,537.84,537.91,537.48,537.6,805.0
1784653740000,537.61,538.23,537.61,537.93,1065.0
1784653800000,538.06,538.14,537.48,537.95,384.0
1784653860000,537.82,538.0,537.16,538.0,839.0
1784653920000,537.97,538.06,537.51,537.51,273.0
1784653980000,537.57,537.59,536.05,536.05,2716.0
1784654040000,536.07,536.13,534.96,536.06,23285.0
1784654100000,536.27,536.54,536.23,536.31,3497.0
1784654160000,536.24,536.24,534.1,535.07,8433.0
1784654220000,534.9,534.9,534.17,534.44,669.0
1784654280000,534.28,534.38,530.48,531.87,19849.0
1784654340000,531.86,532.15,530.6,530.66,24270.0
1784654400000,530.76,532.45,530.76,532.36,2706.0
1784654460000,532.4,532.97,531.92,532.9,1487.0
1784654520000,532.94,533.07,532.68,532.84,491.0
1784654580000,532.88,533.47,532.86,533.47,825.0
1784654640000,533.65,533.65,533.01,533.15,723.0
1784654700000,532.99,533.41,532.87,532.87,4073.0
1784654760000,532.76,532.85,531.84,532.45,2773.0
1784654820000,532.46,532.73,532.29,532.65,619.0
1784654880000,532.74,532.76,532.13,532.59,817.0
1784654940000,532.38,532.58,531.8,532.35,1443.0
1784655000000,532.4,532.83,532.4,532.47,1256.0
1784655060000,532.27,533.32,531.91,533.32,1273.0
1784655120000,533.29,533.53,532.86,533.46,546.0
1784655180000,533.37,533.53,532.88,532.95,1044.0
1784655240000,532.97,533.06,532.56,533.06,527.0
1784655300000,532.95,533.04,532.51,532.9,403.0
1784655360000,532.83,533.41,532.61,533.01,878.0
1784655420000,532.97,533.43,532.93,533.03,757.0
1784655480000,532.94,533.85,532.94,533.66,587.0
1784655540000,533.68,533.84,533.23,533.77,458.0
1784655600000,533.5,533.76,533.07,533.69,693.0
1784655660000,533.59,534.39,533.45,533.89,2090.0
1784655720000,533.96,534.39,533.8,534.24,7419.0
1784655780000,534.23,534.87,534.11,534.87,1824.0
1784655840000,534.9,535.06,534.32,534.54,780.0
1784655900000,534.56,534.64,534.2,534.2,349.0
1784655960000,534.28,534.5,532.65,532.9,4994.0
1784656020000,533.11,536.26,533.11,535.84,3607.0
1784656080000,535.66,536.89,535.27,536.7,16643.0
1784656140000,536.78,537.28,536.56,537.28,625.0
1784656200000,537.35,537.5,537.04,537.04,1574.0
1784656260000,537.0,537.05,536.33,536.62,521.0
1784656320000,536.65,536.65,535.69,535.75,1332.0
1784656380000,535.9,536.04,535.15,535.15,406.0
1784656440000,535.37,535.59,535.13,535.23,1530.0
1784656500000,535.42,535.46,535.11,535.39,176.0
1784656560000,535.41,536.0,535.41,535.87,730.0
1784656620000,535.84,535.96,535.31,535.4,211.0
1784656680000,535.48,536.16,535.26,536.16,429.0
1784656740000,536.18,537.2,536.15,537.13,1670.0
1784656800000,537.18,537.66,536.74,536.81,1231.0
1784656860000,536.86,536.92,536.08,536.08,345.0
1784656920000,536.29,536.29,535.49,535.72,211.0
1784656980000,535.73,536.66,535.66,536.66,2205.0
1784657040000,536.67,536.86,536.37,536.86,591.0
1784657100000,536.83,537.92,536.83,537.86,884.0
1784657160000,537.91,538.12,537.56,537.56,419.0
1784657220000,537.65,537.74,537.38,537.46,135.0
1784657280000,537.35,537.59,537.2,537.2,321.0
1784657340000,537.19,537.49,537.11,537.49,295.0,1584.9703
1784657400000,537.54,537.54,536.75,536.96,384.0,2062.2842
1784657460000,536.85,537.04,536.54,536.54,247.0,1325.8064
1784657520000,536.93,536.93,536.36,536.47,260.0,1395.1842
1784657580000,536.43,536.46,535.5,535.5,696.0,3729.6531
1784657640000,535.48,535.52,535.13,535.13,457.0,2446.5073
1784657700000,535.17,535.47,535.11,535.47,567.0,3035.4172
1784657760000,535.48,535.72,535.26,535.53,547.0,2929.6167
1784657820000,535.52,535.74,535.51,535.63,242.0,1296.1946
1784657880000,535.62,535.73,535.46,535.73,72.0,385.651
1784657940000,535.57,535.67,535.31,535.44,5475.0,29325.3943
1784658000000,535.77,535.85,535.54,535.63,187.0,1001.6176
1784658060000,535.74,535.76,535.47,535.47,295.0,1579.9692
1784658120000,535.5,535.56,535.26,535.51,249.0,1333.3631
1784658180000,535.57,536.44,535.57,536.44,451.0,2418.2134
1784658240000,536.48,536.48,535.64,535.66,404.0,2165.5945
1784658300000,535.58,535.61,535.12,535.34,396.0,2119.66
1784658360000,535.46,535.66,535.31,535.4,355.0,1900.9458
1784658420000,535.3,535.54,535.21,535.51,716.0,3832.8185
1784658480000,535.52,535.86,535.52,535.85,135.0,723.3379
1784658540000,536.03,536.03,535.62,535.63,394.0,2110.749
1784658600000,535.71,535.93,535.52,535.57,493.0,2641.1077
1784658660000,535.63,535.68,535.19,535.26,589.0,3153.3769
1784658720000,535.22,535.33,534.6,534.6,1151.0,6157.2237
1784658780000,534.61,535.45,534.61,535.36,1440.0,7702.1544
1784658840000,535.4,535.63,535.33,535.63,411.0,2200.6308
1784658900000,535.8,535.8,535.35,535.45,1644.0,8803.5933
1784658960000,535.58,535.86,535.27,535.37,4133.0,22133.0914
1784659020000,535.41,535.71,535.41,535.62,460.0,2463.2807
1784659080000,535.5,535.86,535.31,535.86,1248.0,6681.2148
1784659140000,535.79,535.86,535.36,535.36,297.0,1590.7858
1784659200000,535.34,535.41,534.88,535.18,435.0,2327.45
1784659260000,535.2,535.23,534.73,535.14,484.0,2589.3671
1784659320000,535.17,535.29,535.09,535.27,261.0,1396.8724
1784659380000,535.16,535.41,535.11,535.32,203.0,1086.6192
1784659440000,535.44,535.49,534.85,535.1,459.0,2455.9655
1784659500000,535.11,535.45,534.93,535.45,925.0,4950.1023
1784659560000,535.43,535.58,535.35,535.35,4225.0,22618.9773
1784659620000,535.35,535.39,534.69,534.95,3832.0,20508.2463
1784659680000,534.95,534.97,534.6,534.97,7402.0,39584.2872
1784659740000,535.07,535.07,534.67,534.67,349.0,1866.6122
1784659800000,534.61,534.87,534.51,534.51,842.0,4501.5305
1784659860000,534.53,534.59,534.14,534.26,622.0,3324.2405
1784659920000,534.26,534.32,533.89,534.09,893.0,4769.1008
1784659980000,534.2,534.36,533.88,533.9,412.0,2200.6302
1784660040000,533.89,534.32,533.73,534.07,4316.0,23054.9582
1784660100000,534.03,534.48,533.87,534.41,586.0,3130.1436
1784660160000,534.34,534.35,533.96,534.03,610.0,3258.3148
1784660220000,534.21,534.39,533.91,534.34,1511.0,8071.9206
1784660280000,534.35,534.38,533.93,534.12,304.0,1623.9358
1784660340000,534.18,534.22,533.98,534.22,411.0,2195.1694
1784660400000,534.21,534.32,533.59,533.85,730.0,3897.8575
1784660460000,533.66,533.88,533.47,533.47,301.0,1606.2652
1784660520000,533.31,533.31,532.64,532.65,8731.0,46527.6864
1784660580000,532.7,532.74,532.46,532.66,1130.0,6018.5454
1784660640000,532.89,534.08,532.84,533.85,5438.0,29021.7219
1784660700000,533.9,534.41,533.74,534.32,719.0,3840.4645
1784660760000,534.33,534.33,533.71,533.74,6133.0,32767.9345
1784660820000,533.7,533.87,533.24,533.24,595.0,3175.0908
1784660880000,533.27,533.63,533.24,533.63,807.0,4304.2458
1784660940000,533.62,534.13,533.58,533.62,12991.0,69359.1917
1784661000000,533.6,533.6,532.75,533.02,8896.0,47428.3893
1784661060000,533.0,533.25,532.82,532.99,3432.0,18295.1977
1784661120000,533.0,533.18,532.52,533.18,275.0,1465.3518
1784661180000,532.84,533.02,530.84,531.58,7970.0,42361.2527
1784661240000,531.36,531.49,531.2,531.35,432.0,2295.4533
1784661300000,531.35,531.64,531.26,531.58,429.0,2279.8664
1784661360000,531.86,532.63,531.86,532.46,3930.0,20914.8821
1784661420000,532.57,532.61,532.2,532.29,708.0,3768.9971
1784661480000,532.3,532.93,532.3,532.48,464.0,2471.5518
1784661540000,532.5,532.79,531.99,532.52,1468.0,7814.6701
1784661600000,532.53,532.88,532.44,532.81,551.0,2934.5679
1784661660000,532.79,533.24,532.63,532.91,2992.0,15946.2347
1784661720000,532.88,533.24,532.82,533.15,648.0,3453.9465
1784661780000,532.98,533.62,532.91,533.34,444.0,2367.6391
1784661840000,533.34,533.34,532.68,532.83,496.0,2643.8441
1784661900000,532.89,533.1,532.79,532.86,554.0,2952.5013
1784661960000,532.86,532.86,532.57,532.78,395.0,2104.4479
1784662020000,532.99,533.22,532.91,532.91,429.0,2286.6203
1784662080000,532.68,532.96,532.13,532.23,601.0,3202.0154
1784662140000,532.13,532.13,531.47,531.72,619.0,3291.817
1784662200000,531.84,532.03,531.77,531.82,416.0,2212.6344
1784662260000,531.98,532.39,531.91,532.2,4807.0,25590.9991
1784662320000,532.21,532.67,532.21,532.45,457.0,2433.1146
1784662380000,532.39,533.26,532.15,533.19,1864.0,9923.4832
1784662440000,533.08,533.16,532.28,532.35,981.0,5226.2962
1784662500000,532.27,532.27,531.82,531.82,328.0,1744.8869
1784662560000,531.7,531.7,527.37,530.75,31601.0,167253.2928
1784662620000,530.68,531.04,530.27,530.84,6553.0,34770.5875
1784662680000,531.02,532.27,531.02,532.17,7361.0,39140.9335
1784662740000,532.16,532.7,531.99,532.15,4764.0,25369.1874
1784662800000,532.0,532.26,531.66,532.24,945.0,5027.4207
1784662860000,532.06,533.21,532.01,533.08,1274.0,6787.2926
1784662920000,533.15,533.16,532.59,532.74,675.0,3596.6572
1784662980000,532.54,533.34,532.54,532.74,2973.0,15850.0881
1784663040000,532.68,532.96,532.62,532.65,821.0,4374.0655
1784663100000,532.7,533.07,532.55,532.79,666.0,3548.4254
1784663160000,532.83,533.89,532.73,533.86,1128.0,6013.9986
1784663220000,533.83,534.23,533.4,533.9,2025.0,10806.894
1784663280000,533.89,535.13,533.81,535.08,2488.0,13302.6035
1784663340000,535.03,535.1,534.49,534.54,1040.0,5560.8457
1784663400000,534.32,534.81,533.9,534.78,607.0,3243.5165
1784663460000,534.67,534.67,534.29,534.32,211.0,1127.7285
1784663520000,534.29,534.35,533.87,534.35,437.0,2334.011
1784663580000,534.01,534.01,533.51,533.74,338.0,1804.2502
1784663640000,533.71,533.89,533.39,533.39,283.0,1509.9597
1784663700000,533.2,533.86,533.2,533.82,251.0,1339.0654
1784663760000,533.69,533.69,533.08,533.09,448.0,2388.9378
1784663820000,533.08,533.2,533.05,533.05,4711.0,25113.757
1784663880000,533.02,533.09,532.31,532.36,2132.0,11358.0915
1784663940000,532.37,532.77,532.22,532.57,7082.0,37708.8754
1784664000000,532.58,532.96,532.22,532.28,684.0,3641.7418
1784664060000,532.23,532.66,532.18,532.66,420.0,2235.5842
1784664120000,532.44,532.67,532.28,532.67,539.0,2870.0766
1784664180000,532.53,532.75,532.07,532.07,283.0,1506.8535
1784664240000,532.07,532.09,531.59,531.82,309.0,1643.3381
1784664300000,531.79,532.1,531.66,531.94,215.0,1143.7016
1784664360000,532.01,532.38,531.87,531.88,1331.0,7082.2658
1784664420000,531.88,532.07,531.77,532.06,395.0,2101.4401
1784664480000,532.19,532.56,532.11,532.16,457.0,2432.9082
1784664540000,532.08,532.55,531.9,532.55,734.0,3907.1923
1784664600000,532.44,533.76,532.28,533.62,1441.0,7677.8017
1784664660000,533.76,533.86,533.26,533.28,818.0,4364.0632
1784664720000,533.25,533.43,533.0,533.0,2474.0,13195.6601
1784664780000,533.01,533.1,532.84,532.84,422.0,2249.3146
1784664840000,532.74,533.12,532.69,533.12,170.0,906.0244
1784664900000,532.84,532.95,532.22,532.32,665.0,3541.5823
1784664960000,532.6,532.68,532.27,532.27,593.0,3158.076
1784665020000,532.19,532.67,532.07,532.67,453.0,2411.3854
1784665080000,532.7,532.73,532.39,532.61,735.0,3914.8558
1784665140000,532.56,532.56,532.27,532.27,557.0,2965.0281
1784665200000,532.19,532.46,532.04,532.08,720.0,3832.2191
1784665260000,531.91,532.16,531.61,531.61,543.0,2888.256
1784665320000,531.5,531.61,531.22,531.38,688.0,3656.6342
1784665380000,531.21,531.56,531.21,531.45,2771.0,14725.7611
1784665440000,531.56,531.72,531.34,531.72,575.0,3055.9472
1784665500000,531.79,531.86,531.66,531.86,458.0,2435.6646
1784665560000,531.84,531.84,531.44,531.54,967.0,5141.5412
1784665620000,531.73,531.94,531.7,531.86,292.0,1552.8142
1784665680000,531.74,532.04,531.71,531.71,232.0,1233.9491
1784665740000,531.73,532.14,531.72,531.9,352.0,1872.3974
1784665800000,531.9,532.1,531.72,532.1,574.0,3052.9823
1784665860000,531.99,532.34,531.84,532.34,891.0,4742.5194
1784665920000,532.29,532.29,531.95,531.95,95.0,505.4423
1784665980000,532.0,532.29,532.0,532.19,437.0,2325.5879
1784666040000,532.14,532.98,532.1,532.98,478.0,2545.8026
1784666100000,532.99,533.6,532.69,533.6,891.0,4749.5488
1784666160000,533.57,533.57,532.49,532.7,4005.0,21342.7944
1784666220000,532.76,532.98,532.72,532.83,292.0,1555.823
1784666280000,532.82,533.06,532.74,532.74,2694.0,14356.1634
1784666340000,532.6,532.75,532.28,532.28,394.0,2098.1826
1784666400000,532.27,532.27,531.91,531.93,629.0,3346.9679
1784666460000,532.04,532.25,531.65,532.15,649.0,3452.3744
1784666520000,532.22,532.23,531.97,532.01,466.0,2479.5703
1784666580000,532.01,532.01,531.51,531.64,481.0,2557.5375
1784666640000,531.65,531.66,531.65,531.66,79.0,420.0082
1784666700000,531.48,531.54,531.3,531.52,170.0,903.4314
1784666760000,531.51,531.52,530.59,530.59,2160.0,11466.1806
1784666820000,530.49,530.52,530.19,530.48,256.0,1357.8397
1784666880000,530.45,530.45,530.14,530.4,252.0,1336.4722
1784666940000,530.36,530.48,530.07,530.41,343.0,1818.6667
1784667000000,530.3,530.75,530.24,530.33,790.0,4192.2453
1784667060000,530.27,530.27,529.76,530.23,591.0,3132.6262
1784667120000,530.23,530.4,530.12,530.4,393.0,2083.7883
1784667180000,530.46,530.5,530.31,530.33,825.0,4375.7745
1784667240000,530.26,530.26,530.02,530.18,139.0,736.8836
1784667300000,530.2,530.56,530.15,530.26,530.0,2810.7787
1784667360000,530.25,530.47,530.13,530.38,531.0,2815.9019
1784667420000,530.4,530.73,530.4,530.47,576.0,3055.9938
1784667480000,530.41,530.44,530.01,530.01,171.0,906.7733
1784667540000,530.06,530.11,529.9,530.01,317.0,1680.161
1784667600000,530.07,530.44,529.74,530.41,536.0,2841.6589
1784667660000,530.06,530.17,529.8,530.14,161.0,853.2158
1784667720000,530.09,530.09,529.75,529.81,6512.0,34503.842
1784667780000,529.84,530.06,529.39,529.39,470.0,2490.3564
1784667840000,529.54,529.97,529.31,529.79,454.0,2404.6921
1784667900000,529.82,530.14,529.59,529.72,416.0,2203.9415
1784667960000,529.68,530.27,529.65,530.27,369.0,1955.794
1784668020000,530.4,530.67,530.27,530.67,308.0,1633.7521
1784668080000,530.87,531.5,530.87,531.5,698.0,3708.3234
1784668140000,531.37,531.52,531.16,531.52,290.0,1540.8331
1784668200000,531.53,531.53,531.11,531.11,830.0,4409.8693
1784668260000,531.37,531.87,531.12,531.25,5212.0,27712.8867
1784668320000,531.27,531.52,531.25,531.33,567.0,3013.3129
1784668380000,531.46,532.19,531.25,532.18,1335.0,7099.9556
1784668440000,532.23,533.82,532.14,533.53,3908.0,20834.6202
1784668500000,533.47,533.47,532.67,532.67,707.0,3768.9699
1784668560000,532.61,532.61,532.31,532.52,405.0,2156.2711
1784668620000,532.57,532.6,532.28,532.32,156.0,830.5965
1784668680000,532.36,532.41,532.27,532.41,307.0,1634.2336
1784668740000,532.39,532.47,532.06,532.29,1519.0,8086.6273
1784668800000,532.31,532.71,532.31,532.68,395.0,2103.3638
1784668860000,532.89,533.16,532.79,533.13,305.0,1625.5317
1784668920000,533.19,533.96,533.19,533.96,661.0,3526.7229
1784668980000,533.85,534.31,533.85,534.18,987.0,5271.3964
1784669040000,534.14,534.93,534.0,534.58,1754.0,9377.6518
1784669100000,534.57,536.01,534.48,535.69,1162.0,6217.3934
1784669160000,535.54,535.54,535.08,535.29,1042.0,5577.0668
1784669220000,535.18,535.48,534.88,534.88,375.0,2007.4678
1784669280000,534.74,534.74,534.25,534.25,285.0,1522.8705
1784675760000,533.0,533.07,533.0,533.07,2023.0
1784675820000,533.21,533.22,532.89,532.9,509.0
1784675880000,532.8,533.04,532.69,532.83,329.0
1784675940000,533.04,533.04,532.67,532.67,402.0
1784676000000,532.59,532.59,531.84,531.88,896.0
1784676060000,531.85,531.86,531.48,531.61,307.0
1784676120000,531.54,531.65,531.48,531.48,358.0
1784676180000,531.48,531.58,531.19,531.19,301.0
1784676240000,531.18,531.73,531.18,531.54,234.0
1784676300000,531.69,531.78,531.56,531.71,249.0
1784676360000,531.77,531.86,531.77,531.78,478.0
1784676420000,531.75,532.0,531.75,531.97,708.0
1784676480000,531.94,532.04,531.82,532.04,6442.0
1784676540000,531.98,532.43,531.77,532.43,1356.0
1784676600000,532.24,532.3,532.06,532.06,460.0
1784676660000,532.04,532.25,532.04,532.25,551.0
1784676720000,532.41,532.91,532.39,532.46,465.0
1784676780000,532.61,533.1,532.61,533.1,366.0
1784676840000,532.78,533.12,532.78,532.91,375.0
1784676900000,533.01,533.1,532.98,533.1,265.0
1784676960000,533.17,533.34,533.14,533.2,348.0
1784677020000,533.23,533.23,532.97,533.08,283.0
1784677080000,533.15,533.15,532.68,533.03,476.0
1784677140000,532.94,533.46,532.85,533.39,514.0
1784677200000,533.35,533.54,532.99,532.99,293.0
1784677260000,532.95,533.08,532.01,532.31,10219.0
1784677320000,532.39,532.51,532.2,532.29,301.0
1784677380000,532.32,532.51,532.12,532.12,6629.0
1784677440000,532.07,532.28,532.07,532.2,259.0
1784677500000,532.14,532.54,532.12,532.33,467.0
1784677560000,532.31,532.33,531.88,531.88,1990.0
1784677620000,531.87,531.95,531.7,531.84,802.0
1784677680000,531.77,532.09,531.7,531.7,750.0
1784677740000,531.73,532.37,531.73,532.37,711.0
1784677800000,532.37,532.62,532.17,532.62,459.0
1784677860000,532.62,532.64,532.04,532.04,574.0
1784677920000,532.15,532.15,531.21,531.57,1243.0
1784677980000,531.47,532.11,531.44,531.87,611.0
1784678040000,531.84,532.1,531.72,532.08,301.0
1784678100000,532.04,532.66,532.02,532.66,372.0
1784678160000,532.63,533.21,532.63,532.82,297.0
1784678220000,532.76,533.04,532.6,532.68,411.0
1784678280000,532.64,532.86,532.59,532.84,278.0
1784678340000,532.77,532.92,532.5,532.87,1054.0
1784678400000,532.82,532.83,532.28,532.64,322.0
1784678460000,532.8,533.29,532.8,532.91,217.0
1784678520000,533.22,533.53,533.11,533.48,384.0
1784678580000,533.54,534.27,533.39,533.65,512.0
1784678640000,533.85,534.19,533.85,533.94,264.0
1784678700000,533.97,533.97,533.39,533.59,253.0
1784678760000,533.52,533.87,533.51,533.7,224.0
1784678820000,533.78,534.7,533.67,534.7,232.0
1784678880000,534.7,535.6,534.53,535.6,719.0
1784678940000,535.56,535.56,534.71,534.71,472.0
1784679000000,534.67,534.95,534.06,534.95,425.0
1784679060000,534.92,535.36,534.84,535.21,325.0
1784679120000,535.08,535.48,535.08,535.25,228.0
1784679180000,535.1,535.33,534.8,535.33,2435.0
1784679240000,535.28,535.69,535.21,535.53,410.0
1784679300000,535.58,536.1,535.49,535.78,2696.0
1784679360000,535.74,537.23,535.5,536.1,6930.0
1784679420000,536.14,536.79,536.06,536.74,1455.0
1784679480000,536.73,537.1,536.66,536.97,2666.0
1784679540000,536.96,537.11,536.76,537.11,1509.0
1784679600000,537.04,537.22,536.75,537.0,2348.0
1784679660000,536.9,538.11,536.76,537.71,4849.0
1784679720000,537.7,538.09,537.59,537.77,1388.0
1784679780000,537.72,538.04,537.55,537.57,944.0
1784679840000,537.54,538.03,537.23,537.36,1728.0
1784679900000,537.52,537.57,537.04,537.37,3490.0
1784679960000,537.33,537.33,536.16,536.29,436.0
1784680020000,536.24,536.58,536.04,536.52,1167.0
1784680080000,536.54,536.58,536.04,536.37,364.0
1784680140000,536.18,536.58,536.13,536.47,104.0
1784680200000,536.53,536.53,536.01,536.02,256.0
1784680260000,535.9,536.73,535.82,536.42,1622.0
1784680320000,536.33,536.33,535.59,535.88,516.0
1784680380000,535.89,536.52,535.77,536.38,168.0
1784680440000,536.38,536.61,536.37,536.58,649.0
1784680500000,537.04,537.1,536.06,536.06,303.0
1784680560000,536.26,536.29,535.77,535.83,271.0
1784680620000,535.85,535.97,535.66,535.97,202.0
1784680680000,535.93,536.33,535.93,536.26,184.0
1784680740000,535.99,536.45,535.96,536.37,540.0
1784680800000,536.25,536.43,536.13,536.23,365.0
1784680860000,536.17,536.81,536.17,536.79,372.0
1784680920000,536.86,537.65,536.84,537.65,331.0
1784680980000,537.56,537.56,536.48,536.71,4708.0
1784681040000,536.84,536.84,536.5,536.53,262.0
1784681100000,536.45,536.85,536.21,536.33,2268.0
1784681160000,536.3,536.49,535.59,535.61,12014.0
1784681220000,535.62,535.62,534.56,535.04,4352.0
1784681280000,535.05,535.34,534.74,535.18,692.0
1784681340000,535.21,536.37,535.11,536.37,2638.0
1784681400000,536.03,536.03,535.3,535.36,567.0
1784681460000,535.44,535.44,534.68,534.68,653.0
1784681520000,534.74,534.99,534.74,534.93,202.0
1784681580000,534.87,534.96,534.7,534.7,314.0
1784681640000,534.72,535.14,534.68,535.08,701.0
1784681700000,534.99,534.99,534.47,534.64,393.0
1784681760000,534.77,535.14,534.7,535.14,3481.0
1784681820000,535.14,535.14,534.84,534.84,122.0
1784681880000,534.92,534.95,534.8,534.8,2610.0
1784681940000,534.83,534.89,534.59,534.59,2407.0
1784682000000,534.43,534.95,534.43,534.54,484.0
1784682060000,534.42,534.72,534.32,534.32,378.0
1784682120000,534.29,534.41,533.76,533.78,703.0
1784682180000,533.98,534.18,533.78,533.84,701.0
1784682240000,533.85,534.16,533.79,534.16,1356.0
1784682300000,534.09,534.1,533.85,533.93,264.0
1784682360000,533.96,534.58,533.93,534.48,320.0
1784682420000,534.5,535.29,534.5,535.29,227.0
1784682480000,535.29,535.46,534.93,534.93,210.0
1784682540000,534.87,535.09,534.72,535.08,490.0
1784682600000,535.09,535.09,534.19,534.19,157.0
1784682660000,534.04,534.27,534.04,534.07,107.0
1784682720000,533.94,534.1,533.5,533.59,426.0
1784682780000,533.54,533.6,533.15,533.15,544.0
1784682840000,533.1,533.13,532.75,532.91,445.0
1784682900000,532.93,533.24,532.47,533.24,263.0
1784682960000,533.35,533.54,533.23,533.54,247.0
1784683020000,533.75,533.76,533.19,533.5,204.0
1784683080000,533.53,533.56,533.28,533.37,303.0
1784683140000,533.36,533.51,533.26,533.34,415.0
1784683200000,533.44,533.5,533.43,533.43,2422.0
1784683260000,533.35,533.35,532.68,532.72,305.0
1784683320000,532.7,532.74,532.41,532.56,441.0
1784683380000,532.54,532.54,531.87,531.93,2862.0
1784683440000,531.97,532.11,531.74,532.06,603.0
1784683500000,532.1,532.41,531.98,532.41,856.0
1784683560000,532.43,532.91,532.43,532.78,557.0
1784683620000,532.71,532.91,532.68,532.68,807.0
1784683680000,532.64,532.64,532.27,532.27,282.0
1784683740000,532.27,532.47,531.89,531.89,753.0
1784683800000,531.87,532.13,531.68,532.0,348.0
1784683860000,531.99,532.16,531.44,531.47,693.0
1784683920000,531.51,531.72,531.31,531.69,567.0
1784683980000,531.65,532.14,531.55,531.81,600.0
1784684040000,531.77,531.89,531.64,531.69,893.0
1784684100000,531.71,531.76,531.3,531.51,728.0
1784684160000,531.17,531.32,531.16,531.16,183.0
1784684220000,531.1,531.25,530.58,531.16,1369.0
1784684280000,531.15,532.5,531.1,532.49,1302.0
1784684340000,532.46,532.58,532.21,532.4,1773.0
1784684400000,532.38,532.83,532.21,532.6,389.0
1784684460000,532.61,532.61,532.19,532.19,548.0
1784684520000,532.08,532.3,531.48,531.52,444.0
1784684580000,531.51,532.16,531.49,532.16,266.0
1784684640000,532.16,532.16,531.83,531.83,243.0
1784684700000,531.74,531.93,531.66,531.93,355.0
1784684760000,531.77,532.26,531.72,532.12,421.0
1784684820000,532.07,532.59,532.03,532.59,1293.0
1784684880000,532.6,533.21,532.6,533.08,385.0
1784684940000,533.15,533.57,533.15,533.56,751.0
1784685000000,533.57,533.57,532.91,533.06,1551.0
1784685060000,533.1,533.38,532.79,533.36,1518.0
1784685120000,533.35,533.35,532.72,532.72,2439.0
1784685180000,532.71,532.72,532.37,532.49,345.0
1784685240000,532.49,532.49,532.11,532.18,667.0
1784685300000,532.08,532.54,532.0,532.52,559.0
1784685360000,532.4,532.66,531.53,531.58,1339.0
1784685420000,531.52,531.54,531.15,531.22,1189.0
1784685480000,531.2,531.44,531.08,531.08,299.0
1784685540000,531.07,531.39,530.92,531.2,414.0
1784685600000,531.21,531.29,530.71,530.74,253.0
1784685660000,530.67,530.69,530.45,530.5,599.0
1784685720000,530.44,530.61,530.11,530.11,445.0
1784685780000,530.07,530.82,530.06,530.71,422.0
1784685840000,530.7,531.04,530.56,530.56,341.0
1784685900000,530.57,531.07,530.53,530.69,396.0
1784685960000,530.82,531.07,530.63,530.68,319.0
1784686020000,530.67,530.7,530.0,530.1,8538.0
1784686080000,530.11,530.16,529.65,529.65,225.0
1784686140000,529.7,530.38,529.66,530.38,5308.0
1784686200000,530.59,531.07,530.49,530.49,281.0
1784686260000,530.74,531.25,530.74,531.18,216.0
1784686320000,531.28,531.73,531.28,531.73,236.0
1784686380000,531.82,532.26,531.82,532.26,251.0
1784686440000,532.27,532.69,532.27,532.69,402.0
1784686500000,532.7,532.98,532.55,532.78,494.0
1784686560000,532.81,532.98,532.81,532.88,453.0
1784686620000,532.99,533.34,532.99,533.27,328.0
1784686680000,533.26,533.63,533.26,533.43,379.0
1784686740000,533.52,533.62,533.18,533.2,291.0
1784686800000,533.28,533.31,532.19,532.19,362.0
1784686860000,532.04,532.36,531.81,532.36,201.0
1784686920000,532.14,532.95,532.14,532.95,250.0
1784686980000,532.93,533.19,532.92,533.19,173.0
1784687040000,533.03,533.07,532.72,532.72,200.0
1784687100000,532.72,533.23,532.09,532.09,4668.0
1784687160000,532.21,532.39,532.18,532.39,328.0
1784687220000,532.52,532.82,532.38,532.38,966.0
1784687280000,532.63,532.96,532.53,532.88,304.0
1784687340000,532.87,532.97,532.45,532.73,187.0,996.1325
1784687400000,532.48,532.48,531.73,531.73,397.0,2112.5176
1784687460000,531.73,531.83,531.53,531.54,271.0,1440.8152
1784687520000,531.51,531.96,531.49,531.49,285.0,1515.5773
1784687580000,531.47,531.87,531.33,531.59,2577.0,13693.8069
1784687640000,531.79,532.0,531.48,531.48,314.0,1669.4535
1784687700000,531.48,531.6,531.34,531.34,189.0,1004.6212
1784687760000,531.37,532.0,531.37,531.73,166.0,882.5868
1784687820000,531.83,532.13,531.66,531.73,171.0,909.4764
1784687880000,531.71,531.78,531.34,531.51,255.0,1355.515
1784687940000,531.44,531.86,531.24,531.24,374.0,1987.9016
1784688000000,531.15,531.78,531.08,531.78,382.0,2029.9624
1784688060000,531.83,532.02,531.7,531.89,270.0,1435.8771
1784688120000,531.9,531.98,531.48,531.48,384.0,2041.7893
1784688180000,531.49,531.51,531.47,531.48,233.0,1238.3667
1784688240000,531.45,531.58,531.21,531.58,167.0,887.5742
1784688300000,531.79,532.06,531.57,531.6,224.0,1191.2618
1784688360000,531.71,532.91,531.71,532.9,603.0,3210.8297
1784688420000,532.78,532.82,532.59,532.75,410.0,2184.1654
1784688480000,532.69,532.8,532.19,532.19,248.0,1320.7365
1784688540000,532.06,532.1,531.39,531.82,398.0,2116.6202
1784688600000,531.68,531.68,531.31,531.38,207.0,1100.1207
1784688660000,531.35,531.38,530.69,531.04,412.0,2187.6651
1784688720000,530.97,531.16,530.61,530.72,320.0,1698.4886
1784688780000,530.65,531.21,530.49,531.08,257.0,1364.4798
1784688840000,531.05,531.52,530.96,531.51,257.0,1365.1005
1784688900000,531.5,531.58,530.62,530.62,596.0,3165.8191
1784688960000,530.59,530.87,530.56,530.87,757.0,4016.9244
1784689020000,530.82,530.95,530.48,530.48,249.0,1321.5857
1784689080000,530.44,530.76,530.37,530.56,525.0,2785.4287
1784689140000,530.72,530.76,530.58,530.62,150.0,796.013
1784689200000,530.49,530.95,530.41,530.51,321.0,1703.7534
1784689260000,530.49,531.38,530.49,531.38,478.0,2538.4927
1784689320000,531.33,531.84,531.33,531.64,773.0,4110.1165
1784689380000,531.65,531.67,531.25,531.25,458.0,2434.3772
1784689440000,531.25,531.25,531.06,531.06,320.0,1699.6934
1784689500000,531.01,531.07,530.69,530.94,506.0,2686.451
1784689560000,530.99,531.91,530.98,531.91,365.0,1938.945
1784689620000,531.47,531.47,530.32,530.38,150.0,796.5447
1784689680000,530.4,530.4,528.4,528.72,6584.0,34846.6105
1784689740000,528.94,529.93,528.94,529.48,621.0,3287.7202
1784689800000,529.61,529.69,529.41,529.41,402.0,2128.9963
1784689860000,529.52,529.73,529.14,529.42,558.0,2954.1801
1784689920000,529.69,529.79,527.73,528.67,16014.0,84572.1028
1784689980000,528.78,528.91,528.49,528.83,1875.0,9913.1582
1784690040000,528.95,529.31,528.33,528.63,1762.0,9318.2154
1784690100000,528.74,530.08,528.44,529.76,1951.0,10328.0
1784690160000,529.74,530.67,529.72,530.37,1657.0,8782.1197
1784690220000,530.33,530.47,530.02,530.31,624.0,3308.3359
1784690280000,530.38,530.79,530.3,530.76,461.0,2446.1433
1784690340000,530.78,530.78,530.39,530.59,561.0,2976.4163
1784690400000,530.7,530.7,529.89,530.14,494.0,2619.1378
1784690460000,530.21,530.28,529.68,530.18,1561.0,8272.3942
1784690520000,530.27,530.56,530.24,530.32,495.0,2625.6991
1784690580000,530.29,530.92,530.29,530.92,280.0,1485.65
1784690640000,530.93,531.07,530.71,530.94,250.0,1327.2365
1784690700000,530.97,531.21,530.9,530.95,300.0,1593.1261
1784690760000,530.7,530.82,530.45,530.51,282.0,1496.4792
1784690820000,530.43,530.68,530.38,530.38,159.0,843.7005
1784690880000,530.65,531.06,530.65,530.73,290.0,1539.4721
1784690940000,530.66,530.71,530.33,530.41,253.0,1342.245
1784691000000,530.65,530.65,529.96,530.1,320.0,1696.5689
1784691060000,530.06,530.37,529.88,530.37,1096.0,5810.5073
1784691120000,530.4,530.4,529.3,529.43,5703.0,30208.2801
1784691180000,529.48,529.83,529.42,529.7,483.0,2558.1161
1784691240000,529.7,529.74,529.1,529.58,348.0,1842.3722
1784691300000,529.51,529.51,528.88,529.11,1518.0,8034.7517
1784691360000,528.87,529.1,528.54,529.02,1092.0,5774.6467
1784691420000,528.96,529.72,528.79,529.72,385.0,2036.941
1784691480000,529.72,529.79,529.34,529.64,318.0,1684.2643
1784691540000,529.69,529.77,529.6,529.75,226.0,1197.1133
1784691600000,529.66,529.66,529.11,529.23,325.0,1720.0836
1784691660000,529.22,530.34,529.21,530.07,830.0,4399.4646
1784691720000,530.28,530.83,530.28,530.69,1346.0,7141.721
1784691780000,530.78,530.85,530.57,530.57,374.0,1984.9506
1784691840000,530.56,530.89,530.39,530.77,409.0,2170.3979
1784691900000,530.79,531.15,530.74,531.08,620.0,3291.9047
1784691960000,531.21,531.25,531.07,531.16,343.0,1821.7142
1784692020000,531.15,531.36,531.08,531.31,691.0,3670.9649
1784692080000,531.28,531.78,531.28,531.71,525.0,2790.4719
1784692140000,531.66,531.73,531.23,531.36,2574.0,13683.3885
1784692200000,531.36,531.36,530.69,530.76,656.0,3483.3565
1784692260000,530.89,531.16,530.67,530.67,402.0,2134.4026
1784692320000,530.59,530.87,530.41,530.43,480.0,2547.2514
1784692380000,530.4,530.64,530.01,530.01,539.0,2858.9398
1784692440000,530.03,530.08,529.44,529.96,2417.0,12798.2222
1784692500000,529.89,529.89,529.09,529.09,275.0,1455.7485
1784692560000,529.1,529.18,528.92,528.92,1386.0,7332.425
1784692620000,528.91,529.23,528.91,528.92,281.0,1486.7967
1784692680000,528.91,528.98,515.83,521.05,231408.0,1202206.9189
1784692740000,521.04,521.7,519.24,520.64,14333.0,74598.1011
1784692800000,520.61,520.71,519.77,520.08,4122.0,21447.1622
1784692860000,519.74,520.07,518.64,519.96,10327.0,53608.7319
1784692920000,519.91,519.98,519.36,519.87,1215.0,6312.6028
1784692980000,519.85,521.37,519.72,521.32,7424.0,38625.3022
1784693040000,521.29,522.0,521.07,522.0,12858.0,67083.5656
1784693100000,521.78,521.99,521.51,521.66,521.0,2718.5196
1784693160000,521.64,522.16,521.56,522.11,1314.0,6859.0577
1784693220000,522.1,522.14,521.72,521.79,2216.0,11567.0309
1784693280000,521.7,521.97,521.65,521.97,43067.0,224796.0542
1784693340000,521.96,522.17,521.5,522.17,21763.0,113594.7695
1784693400000,522.12,522.23,521.82,522.22,1984.0,10356.7857
1784693460000,522.2,522.23,521.97,522.18,2026.0,10578.2468
1784693520000,522.17,522.2,521.54,522.01,1921.0,10026.9657
1784693580000,521.99,522.23,521.67,522.17,1534.0,8006.9454
1784693640000,522.16,522.2,521.95,522.13,921.0,4808.6932
1784693700000,522.0,522.13,522.0,522.03,12201.0,63704.6734
1784693760000,521.94,522.13,521.77,522.03,3356.0,17518.4618
1784693820000,522.03,522.13,521.98,522.12,3821.0,19950.1924
1784693880000,522.12,522.13,521.83,522.11,2357.0,12304.8256
1784693940000,522.1,522.13,521.5,521.5,15269.0,79720.5354
1784694000000,521.47,522.13,521.39,522.13,1538.0,8028.3264
1784694060000,522.12,522.39,521.58,522.1,13047.0,68117.4251
1784694120000,522.21,522.21,521.61,522.15,644.0,3361.7602
1784694180000,522.09,522.32,522.09,522.23,836.0,4365.8275
1784694240000,522.16,522.35,522.01,522.19,3469.0,18116.5679
1784694300000,522.18,522.27,521.93,521.93,322.0,1681.3453
1784694360000,521.87,521.9,521.68,521.76,1827.0,9532.028
1784694420000,521.76,521.98,521.46,521.76,587.0,3063.0096
1784694480000,521.79,522.12,521.79,522.07,866.0,4520.6757
1784694540000,522.05,522.26,521.73,521.74,891.0,4652.0574
1784694600000,521.76,521.76,521.39,521.62,8867.0,46252.4942
1784694660000,521.61,522.18,521.61,522.08,908.0,4740.228
1784694720000,522.07,522.41,521.84,521.84,1653.0,8631.2295
1784694780000,521.74,521.77,521.33,521.74,865.0,4511.4438
1784694840000,521.72,522.09,521.21,522.07,4919.0,25647.6281
1784694900000,521.93,522.17,521.59,521.66,826.0,4310.8344
1784694960000,521.65,521.71,521.56,521.66,690.0,3599.2261
1784695020000,521.79,522.0,521.45,521.95,839.0,4377.6902
1784695080000,521.96,522.83,521.96,522.67,10920.0,57014.8076
1784695140000,522.59,522.59,521.07,521.95,7551.0,39400.4532
1784695200000,521.96,522.01,521.66,521.99,376.0,1962.264
1784695260000,522.01,523.5,522.01,523.37,5642.0,29503.6898
1784695320000,523.3,523.54,523.07,523.24,1391.0,7279.2528
1784695380000,523.25,523.27,522.9,523.09,1166.0,6099.2224
1784695440000,523.25,523.35,523.15,523.33,794.0,4154.6845
1784695500000,523.33,523.33,522.74,522.79,809.0,4231.2789
1784695560000,522.79,522.83,522.35,522.52,2642.0,13808.4209
1784695620000,522.66,522.72,522.41,522.48,1754.0,9165.478
1784695680000,522.4,523.03,522.4,522.65,653.0,3414.006
1784695740000,522.62,522.91,522.53,522.91,3146.0,16444.6026
1784695800000,522.96,522.98,522.36,522.5,1267.0,6621.0617
1784695860000,522.52,523.04,522.52,523.04,733.0,3832.5046
1784695920000,523.07,523.27,522.93,523.13,963.0,5037.4597
1784695980000,523.15,523.47,523.15,523.38,585.0,3061.8905
1784696040000,523.27,523.45,523.18,523.25,749.0,3919.9374
1784696100000,523.13,523.42,523.13,523.34,228.0,1193.2106
1784696160000,523.46,523.46,523.09,523.09,499.0,2611.4268
1784696220000,523.17,523.51,523.09,523.4,287.0,1501.8581
1784696280000,523.39,523.47,523.19,523.47,420.0,2198.1818
1784696340000,523.47,523.54,523.37,523.38,270.0,1413.2588
1784696400000,523.44,523.44,523.1,523.1,254.0,1329.1179
1784696460000,523.07,523.44,523.02,523.26,549.0,2872.6408
1784696520000,523.26,523.34,523.12,523.34,250.0,1308.1542
1784696580000,523.24,523.46,523.23,523.28,202.0,1057.0904
1784696640000,523.19,523.2,522.6,522.6,632.0,3305.1114
1784696700000,522.6,522.87,522.02,522.87,606.0,3165.6408
1784696760000,522.97,523.07,522.88,523.04,613.0,3205.9125
1784696820000,522.95,523.04,522.62,523.04,573.0,2995.8668
1784696880000,522.99,522.99,522.75,522.76,372.0,1945.047
1784696940000,522.76,522.79,522.11,522.11,501.0,2617.9457
1784697000000,522.13,522.21,521.67,521.67,244.0,1273.6357
1784697060000,521.73,522.19,521.63,521.71,1872.0,9770.1264
1784697120000,521.57,521.59,521.25,521.33,258.0,1345.2243
1784697180000,521.57,521.57,521.03,521.46,305.0,1589.9843
1784697240000,521.43,521.62,521.15,521.52,402.0,2096.0628
1784697300000,521.68,521.86,521.46,521.53,505.0,2634.2195
1784697360000,521.57,521.57,521.08,521.13,15912.0,82957.5971
1784697420000,521.14,521.24,520.55,520.65,4590.0,23912.4523
1784697480000,520.63,521.01,520.41,520.84,1023.0,5326.8423
1784697540000,520.81,521.06,520.63,520.88,716.0,3729.3991
1784697600000,520.86,520.86,520.1,520.39,1286.0,6691.3784
1784697660000,520.18,520.66,520.0,520.04,2389.0,12429.9164
1784697720000,520.0,520.63,519.99,520.6,2945.0,15319.112
1784697780000,520.61,520.61,519.73,519.82,2265.0,11781.4773
1784697840000,519.82,520.31,519.73,520.14,5475.0,28465.2378
1784697900000,520.2,520.81,520.07,520.79,537.0,2794.7674
1784697960000,520.81,521.16,520.77,520.98,1130.0,5887.0066
1784698020000,521.1,521.25,521.01,521.11,453.0,2360.7606
1784698080000,521.04,521.2,520.74,520.74,454.0,2365.0545
1784698140000,520.69,520.95,520.41,520.85,508.0,2645.1879
1784698200000,520.79,521.76,520.79,521.73,11294.0,58855.2328
1784698260000,521.76,521.76,520.59,520.94,686.0,3576.3247
1784698320000,521.07,521.24,520.97,521.16,423.0,2204.2631
1784698380000,521.06,521.58,521.06,521.41,1597.0,8328.36
1784698440000,521.51,521.77,521.51,521.61,298.0,1554.4997
1784698500000,521.62,521.62,521.16,521.24,435.0,2267.7791
1784698560000,521.14,521.14,519.87,519.93,617.0,3211.1101
1784698620000,520.03,520.86,520.03,520.43,5213.0,27141.2874
1784698680000,520.4,520.73,520.16,520.33,1067.0,5554.1607
1784698740000,520.35,520.66,520.15,520.57,892.0,4641.7497
1784698800000,520.59,520.74,519.73,519.73,409.0,2127.6878
1784698860000,519.62,519.73,519.14,519.57,1599.0,8307.0609
1784698920000,519.56,519.82,519.4,519.82,1123.0,5834.2985
1784698980000,519.83,520.33,519.72,520.23,1938.0,10080.94
1784699040000,520.41,520.61,520.24,520.56,1308.0,6807.1502
1784699100000,520.64,520.74,520.36,520.36,576.0,2998.2664
1784699160000,520.28,520.7,520.18,520.66,946.0,4923.5999
1784699220000,520.66,520.66,519.57,519.85,2876.0,14960.1611
1784699280000,519.73,519.73,518.63,518.82,1801.0,9343.7299
1784705760000,511.14,511.92,511.14,511.92,338.0
1784705820000,511.6,511.98,511.48,511.98,944.0
1784705880000,511.97,512.86,511.68,512.86,3751.0
1784705940000,512.86,513.46,512.57,513.31,510.0
1784706000000,513.12,514.16,513.12,513.91,1687.0
1784706060000,514.13,514.99,514.02,514.61,3467.0
1784706120000,514.57,514.73,513.98,513.98,633.0
1784706180000,514.0,514.38,513.66,514.19,1809.0
1784706240000,514.16,515.13,513.97,515.06,6838.0
1784706300000,514.92,514.99,514.2,514.33,829.0
1784706360000,514.2,514.53,513.88,514.18,1953.0
1784706420000,514.01,514.58,514.01,514.58,372.0
1784706480000,514.59,515.03,514.25,514.82,1364.0
1784706540000,514.27,514.36,513.58,513.83,657.0
1784706600000,513.75,513.84,513.07,513.3,3445.0
1784706660000,513.25,513.87,513.22,513.59,1965.0
1784706720000,513.52,513.68,513.39,513.44,625.0
1784706780000,513.53,513.66,513.4,513.57,264.0
1784706840000,513.74,513.82,513.66,513.76,206.0
1784706900000,513.77,513.89,513.69,513.71,495.0
1784706960000,513.67,514.06,513.66,513.98,319.0
1784707020000,514.02,514.39,514.01,514.24,359.0
1784707080000,514.22,514.27,514.11,514.23,142.0
1784707140000,514.29,514.49,514.11,514.42,354.0
1784707200000,514.4,515.96,514.4,515.96,1887.0
1784707260000,515.82,515.95,514.95,515.08,270.0
1784707320000,514.98,515.19,514.97,515.19,270.0
1784707380000,515.2,515.81,515.13,515.63,372.0
1784707440000,515.42,515.64,515.31,515.64,318.0
1784707500000,515.5,515.75,515.37,515.71,606.0
1784707560000,515.58,515.95,515.45,515.67,1175.0
1784707620000,515.59,516.08,515.58,516.02,694.0
1784707680000,515.93,517.04,515.93,516.83,2755.0
1784707740000,516.79,516.94,516.57,516.87,2282.0
1784707800000,516.82,516.82,516.54,516.59,538.0
1784707860000,516.4,516.7,516.2,516.2,2884.0
1784707920000,516.19,516.19,516.04,516.18,841.0
1784707980000,516.12,516.22,515.94,516.04,512.0
1784708040000,515.89,515.89,515.38,515.58,362.0
1784708100000,515.5,516.15,515.5,516.15,716.0
1784708160000,516.12,516.2,515.51,515.57,1287.0
1784708220000,515.56,515.59,515.21,515.22,387.0
1784708280000,515.22,515.46,515.2,515.39,762.0
1784708340000,515.39,516.18,515.38,516.18,886.0
1784708400000,515.9,516.46,515.82,516.13,475.0
1784708460000,516.17,516.66,516.17,516.35,471.0
1784708520000,516.3,516.95,516.3,516.93,885.0
1784708580000,516.97,519.04,516.94,517.83,7505.0
1784708640000,517.79,517.79,517.2,517.24,903.0
1784708700000,517.1,517.29,516.9,517.13,943.0
1784708760000,517.16,517.59,517.06,517.27,2267.0
1784708820000,517.0,517.02,516.72,516.76,182.0
1784708880000,516.89,517.31,516.89,517.31,2681.0
1784708940000,516.91,517.02,516.69,517.02,242.0
1784709000000,516.99,517.33,516.96,517.21,1014.0
1784709060000,517.03,518.05,517.03,517.6,2703.0
1784709120000,517.65,518.07,517.62,517.76,5532.0
1784709180000,517.74,518.04,517.66,517.94,364.0
1784709240000,517.83,517.83,517.03,517.35,310.0
1784709300000,517.06,517.91,517.06,517.82,156.0
1784709360000,517.76,517.76,517.14,517.29,351.0
1784709420000,517.12,517.23,516.59,516.59,927.0
1784709480000,516.63,516.63,516.34,516.45,289.0
1784709540000,516.28,517.35,516.28,517.01,542.0
1784709600000,516.88,517.39,516.87,517.33,343.0
1784709660000,517.24,517.24,516.75,516.91,575.0
1784709720000,516.76,516.9,516.5,516.61,591.0
1784709780000,516.49,516.86,515.98,516.74,1375.0
1784709840000,516.71,516.71,516.23,516.5,361.0
1784709900000,516.76,517.77,516.74,517.74,5369.0
1784709960000,517.79,519.36,517.75,518.2,11088.0
1784710020000,518.09,518.22,517.63,517.63,728.0
1784710080000,517.45,517.57,517.19,517.2,564.0
1784710140000,517.19,517.21,517.01,517.2,537.0
1784710200000,517.21,517.41,516.99,516.99,694.0
1784710260000,516.87,516.87,516.08,516.18,1209.0
1784710320000,516.25,516.35,516.14,516.24,604.0
1784710380000,516.27,516.81,516.24,516.81,308.0
1784710440000,516.94,517.23,516.94,517.04,464.0
1784710500000,516.98,517.29,516.98,517.04,430.0
1784710560000,516.79,517.0,516.76,516.98,191.0
1784710620000,516.93,516.94,516.82,516.83,186.0
1784710680000,516.65,516.87,516.62,516.75,469.0
1784710740000,516.72,516.88,516.66,516.66,270.0
1784710800000,516.59,516.96,516.48,516.76,147.0
1784710860000,516.75,516.76,516.46,516.46,296.0
1784710920000,516.55,516.63,516.37,516.4,3222.0
1784710980000,516.45,516.89,516.45,516.89,219.0
1784711040000,516.82,516.96,516.79,516.94,757.0
1784711100000,516.96,516.96,516.14,516.18,707.0
1784711160000,515.95,516.02,515.77,515.8,248.0
1784711220000,515.65,515.95,515.47,515.61,2242.0
1784711280000,515.76,516.0,515.43,516.0,958.0
1784711340000,515.96,515.96,515.31,515.68,524.0
1784711400000,515.57,515.64,515.06,515.36,555.0
1784711460000,515.44,516.39,515.44,516.09,1175.0
1784711520000,516.1,516.16,515.79,515.79,325.0
1784711580000,515.66,515.88,515.47,515.48,287.0
1784711640000,515.46,515.61,515.12,515.43,207.0
1784711700000,515.59,515.59,515.16,515.23,401.0
1784711760000,515.35,515.35,515.08,515.14,261.0
1784711820000,515.13,515.2,514.71,514.97,401.0
1784711880000,514.73,514.98,514.73,514.95,303.0
1784711940000,514.92,514.92,514.75,514.75,290.0
1784712000000,514.75,514.75,514.34,514.38,4409.0
1784712060000,514.53,515.15,514.53,515.14,487.0
1784712120000,515.14,515.45,515.09,515.27,382.0
1784712180000,515.13,515.13,514.67,514.78,375.0
1784712240000,514.64,514.71,514.29,514.56,1565.0
1784712300000,514.59,514.75,513.24,513.86,12174.0
1784712360000,513.87,514.65,513.87,514.63,782.0
1784712420000,514.52,514.61,514.52,514.54,144.0
1784712480000,514.58,514.61,514.54,514.56,92.0
1784712540000,514.6,514.62,513.63,513.9,33824.0
1784712600000,513.91,514.2,513.85,514.11,964.0
1784712660000,514.13,514.52,513.98,514.07,450.0
1784712720000,514.09,514.2,513.92,514.13,362.0
1784712780000,514.01,514.09,513.77,513.79,225.0
1784712840000,513.72,514.44,513.66,514.44,514.0
1784712900000,514.56,515.05,514.56,514.75,652.0
1784712960000,514.78,514.81,514.38,514.38,163.0
1784713020000,514.67,514.73,514.28,514.29,179.0
1784713080000,514.28,514.28,514.0,514.21,523.0
1784713140000,514.29,514.61,513.92,514.29,480.0
1784713200000,514.39,514.44,514.32,514.32,243.0
1784713260000,514.0,514.29,513.89,514.29,231.0
1784713320000,514.31,514.54,514.31,514.45,663.0
1784713380000,514.31,514.58,514.31,514.35,2091.0
1784713440000,514.28,515.04,514.28,515.04,2883.0
1784713500000,515.02,515.51,515.02,515.45,545.0
1784713560000,515.48,515.63,515.28,515.36,900.0
1784713620000,515.57,515.86,515.57,515.76,409.0
1784713680000,515.63,515.73,515.21,515.21,273.0
1784713740000,515.2,515.27,515.14,515.27,480.0
1784713800000,515.19,515.31,515.14,515.25,238.0
1784713860000,515.29,515.29,514.59,514.65,267.0
1784713920000,514.77,514.77,514.45,514.62,114.0
1784713980000,514.64,515.07,514.43,514.97,5045.0
1784714040000,514.99,514.99,514.56,514.8,7989.0
1784714100000,514.88,515.02,514.76,514.99,466.0
1784714160000,515.07,515.36,515.07,515.31,324.0
1784714220000,515.38,515.72,515.27,515.68,623.0
1784714280000,515.65,516.01,515.6,516.01,599.0
1784714340000,516.03,516.07,515.83,515.87,308.0
1784714400000,515.74,515.89,515.22,515.87,2918.0
1784714460000,515.91,516.06,515.71,515.71,463.0
1784714520000,515.71,516.38,515.71,516.35,227.0
1784714580000,516.41,516.66,516.41,516.64,1515.0
1784714640000,516.66,516.76,516.53,516.7,1701.0
1784714700000,516.71,516.87,516.49,516.86,4679.0
1784714760000,516.66,516.68,516.04,516.04,302.0
1784714820000,516.39,516.57,516.39,516.57,299.0
1784714880000,516.5,516.56,515.68,515.68,376.0
1784714940000,515.67,515.75,515.59,515.75,435.0
1784715000000,515.85,515.93,515.53,515.87,1990.0
1784715060000,515.76,516.03,515.6,515.81,603.0
1784715120000,515.85,516.11,515.85,516.07,388.0
1784715180000,516.11,516.11,515.57,515.61,379.0
1784715240000,515.63,515.63,515.48,515.52,452.0
1784715300000,515.57,516.19,515.54,516.19,2213.0
1784715360000,516.15,516.22,515.91,515.98,278.0
1784715420000,515.96,516.03,515.91,516.0,234.0
1784715480000,515.99,516.54,515.99,516.54,345.0
1784715540000,516.59,517.32,516.59,517.16,3443.0
1784715600000,517.05,517.66,516.96,517.47,587.0
1784715660000,517.36,517.6,517.35,517.35,1396.0
1784715720000,517.38,517.55,517.14,517.52,447.0
1784715780000,517.26,517.38,517.05,517.22,1613.0
1784715840000,517.24,518.02,517.24,517.9,16628.0
1784715900000,517.9,517.9,517.11,517.13,1088.0
1784715960000,517.07,517.88,517.0,517.76,2008.0
1784716020000,517.84,517.98,517.69,517.94,677.0
1784716080000,517.95,518.13,517.89,517.95,435.0
1784716140000,517.89,517.9,517.57,517.57,1435.0
1784716200000,517.58,518.45,517.56,518.43,1849.0
1784716260000,518.14,518.41,517.9,517.9,1737.0
1784716320000,517.87,517.93,517.72,517.72,768.0
1784716380000,517.89,517.97,517.52,517.59,1377.0
1784716440000,517.57,517.59,516.99,516.99,364.0
1784716500000,516.89,517.22,516.89,516.98,500.0
1784716560000,516.97,517.35,516.97,517.04,330.0
1784716620000,517.02,517.2,516.93,517.2,1533.0
1784716680000,517.38,517.38,517.01,517.18,431.0
1784716740000,517.14,517.19,517.08,517.17,2000.0
1784716800000,517.22,517.33,516.96,517.33,1129.0
1784716860000,517.26,517.28,516.96,517.07,1000.0
1784716920000,516.96,517.29,516.95,517.15,551.0
1784716980000,517.23,517.28,516.92,516.94,457.0
1784717040000,516.94,517.38,516.93,517.28,921.0
1784717100000,517.34,517.88,517.32,517.66,1833.0
1784717160000,517.78,517.97,517.45,517.45,1723.0
1784717220000,517.4,517.78,517.24,517.78,823.0
1784717280000,517.78,517.94,517.35,517.62,443.0
1784717340000,517.69,518.13,517.69,518.13,347.0,1797.0289
1784717400000,518.02,518.02,517.72,517.79,302.0,1563.8924
1784717460000,518.0,518.12,517.66,517.66,335.0,1734.6853
1784717520000,517.77,517.91,517.76,517.82,298.0,1543.1487
1784717580000,517.84,518.03,517.53,517.53,1032.0,5344.1437
1784717640000,517.56,517.56,516.46,516.68,1004.0,5189.3916
1784717700000,516.4,517.07,516.4,516.58,4761.0,24614.4575
1784717760000,516.87,516.91,516.77,516.91,157.0,811.4328
1784717820000,516.89,516.89,516.38,516.38,133.0,686.953
1784717880000,516.29,516.29,516.09,516.18,259.0,1336.7614
1784717940000,516.24,516.47,516.24,516.41,998.0,5153.1331
1784718000000,516.15,516.33,515.7,515.96,1081.0,5579.7889
1784718060000,516.06,516.26,515.79,515.79,268.0,1382.9673
1784718120000,515.75,516.27,515.63,516.27,255.0,1315.1533
1784718180000,516.31,516.66,516.21,516.21,712.0,3677.2084
1784718240000,516.2,516.2,515.82,515.82,380.0,1960.7623
1784718300000,515.97,516.13,515.87,516.01,409.0,2110.315
1784718360000,516.1,516.15,515.83,516.15,463.0,2389.0052
1784718420000,516.25,516.78,516.25,516.7,442.0,2283.0659
1784718480000,516.66,516.7,516.38,516.38,708.0,3657.1848
1784718540000,516.38,516.54,516.19,516.46,546.0,2819.5667
1784718600000,516.47,516.47,516.11,516.31,728.0,3759.141
1784718660000,516.19,516.37,516.01,516.16,172.0,887.9091
1784718720000,516.09,516.95,515.87,516.91,611.0,3154.8308
1784718780000,516.99,516.99,516.29,516.29,659.0,3404.4556
1784718840000,516.41,516.41,516.21,516.33,217.0,1120.3634
1784718900000,516.26,516.61,516.24,516.24,615.0,3175.6683
1784718960000,516.35,516.36,515.88,515.9,391.0,2017.9531
1784719020000,515.88,515.96,515.88,515.9,222.0,1145.3623
1784719080000,515.87,515.87,515.72,515.72,141.0,727.2542
1784719140000,515.84,515.84,515.6,515.68,409.0,2109.2195
1784719200000,515.68,516.05,515.68,515.93,449.0,2316.4135
1784719260000,516.04,516.27,516.0,516.27,168.0,867.2681
1784719320000,516.31,516.46,516.29,516.29,172.0,888.1227
1784719380000,516.15,516.33,516.11,516.33,91.0,469.7147
1784719440000,516.19,516.66,516.19,516.63,625.0,3227.5739
1784719500000,516.66,516.72,516.36,516.4,900.0,4649.4315
1784719560000,516.44,516.45,515.7,515.79,523.0,2698.9564
1784719620000,515.83,515.93,515.31,515.4,1144.0,5897.8153
1784719680000,515.5,515.7,515.5,515.7,54.0,278.442
1784719740000,515.66,515.69,515.54,515.64,148.0,763.1588
1784719800000,515.63,515.64,514.85,514.85,407.0,2096.6083
1784719860000,514.9,515.37,514.9,515.32,339.0,1746.678
1784719920000,515.38,515.38,514.66,514.66,222.0,1143.5487
1784719980000,514.61,514.84,514.6,514.84,227.0,1168.4687
1784720040000,514.86,514.99,514.79,514.89,180.0,926.7361
1784720100000,514.86,514.86,514.44,514.44,263.0,1353.5164
1784720160000,514.46,514.74,514.37,514.74,916.0,4712.8341
1784720220000,514.28,514.32,513.6,513.66,3179.0,16339.2195
1784720280000,513.78,514.09,513.75,513.75,394.0,2024.6948
1784720340000,513.79,513.84,513.62,513.66,2945.0,15131.2217
1784720400000,513.63,513.63,512.63,512.91,4648.0,23865.7146
1784720460000,512.98,513.97,512.6,513.63,3664.0,18821.7532
1784720520000,513.62,513.62,512.43,512.73,482.0,2472.2848
1784720580000,512.62,512.69,512.38,512.43,701.0,3592.9414
1784720640000,512.39,512.63,511.69,512.3,4336.0,22198.8108
1784720700000,512.51,512.69,512.43,512.49,308.0,1578.605
1784720760000,512.54,513.06,512.52,512.83,1537.0,7879.0141
1784720820000,512.6,513.04,512.58,512.71,1278.0,6555.4106
1784720880000,512.67,513.64,512.66,513.51,1509.0,7740.7606
1784720940000,513.41,513.66,513.24,513.27,782.0,4014.6747
1784721000000,513.38,513.61,513.38,513.61,610.0,3132.6069
1784721060000,513.4,513.74,513.4,513.41,381.0,1956.6251
1784721120000,513.38,513.47,512.91,512.96,4911.0,25199.1003
1784721180000,512.87,513.02,512.57,512.75,803.0,4117.7852
1784721240000,512.84,513.3,512.84,513.25,223.0,1144.434
1784721300000,513.08,513.08,512.76,512.88,344.0,1764.123
1784721360000,512.87,512.9,512.68,512.9,146.0,748.6612
1784721420000,512.92,513.41,512.91,513.41,1904.0,9769.2032
1784721480000,513.35,513.41,513.14,513.21,575.0,2951.1719
1784721540000,513.17,513.28,513.16,513.27,96.0,492.6981
1784721600000,513.44,513.66,513.32,513.66,994.0,5104.3188
1784721660000,513.56,513.56,512.87,513.08,1092.0,5602.052
1784721720000,513.04,513.04,512.69,512.76,152.0,779.4067
1784721780000,512.77,512.99,512.77,512.83,206.0,1056.5247
1784721840000,512.89,513.08,512.68,513.08,258.0,1322.9861
1784721900000,513.06,513.24,512.91,513.04,689.0,3535.4358
1784721960000,513.17,513.21,512.67,512.68,450.0,2308.2661
1784722020000,512.63,512.68,512.13,512.24,471.0,2413.1425
1784722080000,512.08,512.24,511.72,511.78,12352.0,63213.5564
1784722140000,511.74,511.91,511.71,511.9,181.0,926.4358
1784722200000,511.86,512.67,511.86,512.67,250.0,1281.3755
1784722260000,512.91,513.46,512.84,513.46,369.0,1893.4852
1784722320000,513.45,513.46,513.07,513.07,302.0,1550.1272
1784722380000,513.21,513.63,513.21,513.59,3709.0,19048.3798
1784722440000,513.66,514.0,513.66,513.98,18582.0,95511.0793
1784722500000,513.92,514.79,513.91,514.68,13270.0,68232.0852
1784722560000,514.68,514.68,514.1,514.13,1859.0,9563.53
1784722620000,514.08,514.08,513.31,513.46,934.0,4796.3266
1784722680000,513.31,513.39,513.31,513.39,4569.0,23455.5316
1784722740000,513.46,513.54,513.31,513.31,1137.0,5836.5217
1784722800000,513.31,513.35,512.76,513.21,1019.0,5229.2482
1784722860000,513.29,513.29,512.86,512.9,574.0,2945.1179
1784722920000,513.04,513.07,512.9,512.9,573.0,2939.4973
1784722980000,512.93,513.15,512.72,512.72,282.0,1446.5637
1784723040000,512.69,513.23,512.69,512.95,418.0,2144.5137
1784723100000,513.2,513.6,513.12,513.6,297.0,1524.6727
1784723160000,513.69,513.96,513.69,513.82,133.0,683.3794
1784723220000,513.75,513.81,513.52,513.81,788.0,4048.3138
1784723280000,513.94,514.08,513.47,513.47,288.0,1479.5947
1784723340000,513.39,513.78,513.31,513.69,391.0,2008.482
1784723400000,513.78,513.95,513.33,513.37,284.0,1458.5595
1784723460000,513.33,513.63,513.0,513.21,2173.0,11151.4394
1784723520000,513.2,513.69,513.16,513.35,221.0,1134.5897
1784723580000,513.21,513.24,512.84,513.2,525.0,2693.7433
1784723640000,513.23,513.33,512.84,512.84,398.0,2042.0427
1784723700000,513.07,513.37,512.69,512.96,562.0,2882.8971
1784723760000,513.01,513.24,512.75,513.16,8139.0,41749.5779
1784723820000,513.09,513.5,513.02,513.48,546.0,2803.0994
1784723880000,513.31,513.31,512.68,513.07,380.0,1949.3995
1784723940000,513.05,513.5,513.05,513.44,1457.0,7481.1818
1784724000000,513.34,513.66,513.28,513.28,7275.0,37356.3386
1784724060000,513.51,513.66,513.31,513.61,397.0,2038.5819
1784724120000,513.58,513.96,513.52,513.86,407.0,2090.7121
1784724180000,513.83,513.83,513.48,513.48,255.0,1309.9567
1784724240000,513.48,513.78,513.48,513.78,337.0,1730.8615
1784724300000,513.56,513.66,513.19,513.19,301.0,1545.5991
1784724360000,513.16,514.1,513.16,514.09,335.0,1721.3693
1784724420000,514.08,514.69,514.0,514.62,664.0,3416.3987
1784724480000,514.61,514.89,514.28,514.39,961.0,4945.3083
1784724540000,514.25,514.65,513.07,513.48,1317.0,6767.5088
1784724600000,513.73,513.73,513.06,513.06,321.0,1647.8396
1784724660000,513.03,513.21,512.89,513.11,312.0,1600.7039
1784724720000,513.04,513.29,512.89,513.28,365.0,1872.8574
1784724780000,513.26,513.62,513.26,513.46,587.0,3014.0361
1784724840000,513.46,513.86,513.46,513.81,280.0,1438.4084
1784724900000,513.86,513.86,512.99,512.99,412.0,2115.2257
1784724960000,513.04,513.07,511.25,511.78,4182.0,21404.3802
1784725020000,511.79,512.9,511.79,512.9,3704.0,18985.8422
1784725080000,512.83,513.22,512.75,513.04,3108.0,15943.1255
1784725140000,513.04,513.79,513.04,513.37,789.0,4049.3173
1784725200000,513.46,513.68,513.27,513.43,475.0,2438.7158
1784725260000,513.44,513.46,512.73,512.85,423.0,2170.0116
1784725320000,512.85,513.12,512.68,513.04,495.0,2538.6134
1784725380000,513.0,513.5,512.91,513.5,439.0,2253.1158
1784725440000,513.49,514.14,513.49,514.07,732.0,3761.0073
1784725500000,514.18,514.18,513.63,513.79,1656.0,8508.6009
1784725560000,513.93,514.08,513.86,513.98,264.0,1356.9124
1784725620000,513.91,514.15,513.72,514.04,342.0,1757.7476
1784725680000,514.13,514.89,514.13,514.8,470.0,2418.6058
1784725740000,514.99,515.37,514.99,515.19,658.0,3390.4568
1784725800000,514.86,515.19,514.76,515.01,3055.0,15732.21
1784725860000,515.03,515.03,514.35,514.37,610.0,3139.8704
1784725920000,514.38,514.38,513.91,513.95,638.0,3280.3044
1784725980000,514.07,514.33,514.02,514.26,1729.0,8891.0779
1784726040000,514.15,514.51,514.05,514.05,539.0,2772.2309
1784726100000,514.14,514.77,513.88,514.74,602.0,3096.3976
1784726160000,514.8,514.86,514.46,514.46,229.0,1178.5781
1784726220000,514.66,514.98,514.45,514.8,419.0,2156.5474
1784726280000,514.59,514.94,514.39,514.82,568.0,2923.3538
1784726340000,514.76,515.3,514.63,515.3,1969.0,10143.8117
1784726400000,515.32,515.32,514.28,514.28,398.0,2047.877
1784726460000,514.31,514.74,514.28,514.72,1580.0,8130.5892
1784726520000,514.74,515.02,514.55,514.99,360.0,1853.0137
1784726580000,514.76,514.91,514.42,514.54,435.0,2238.7523
1784726640000,514.5,514.75,514.4,514.66,248.0,1275.9856
1784726700000,514.84,515.03,514.61,514.82,453.0,2331.9935
1784726760000,514.82,515.12,514.81,515.12,457.0,2353.4863
1784726820000,515.15,515.37,514.83,514.83,654.0,3369.104
1784726880000,514.89,515.24,514.81,515.12,744.0,3832.194
1784726940000,515.06,515.11,514.73,514.9,541.0,2785.8606
1784727000000,514.99,516.15,514.99,516.07,4972.0,25638.0363
1784727060000,516.11,516.13,515.27,515.62,2187.0,11274.5399
1784727120000,515.34,515.7,514.46,515.57,1328.0,6841.6871
1784727180000,515.59,516.0,515.44,515.84,1845.0,9514.4043
1784727240000,515.82,517.14,515.75,516.98,4998.0,25816.0949
1784727300000,517.02,517.02,516.46,516.7,1361.0,7032.4007
1784727360000,516.53,516.77,516.06,516.64,457.0,2360.0593
1784727420000,516.65,517.51,516.46,516.46,2238.0,11567.1819
1784727480000,516.6,516.76,515.79,515.79,835.0,4309.5012
1784727540000,515.63,516.53,515.29,516.46,2630.0,13572.8216
1784727600000,516.44,517.16,515.7,517.16,3160.0,16311.6502
1784727660000,517.03,517.24,516.87,517.15,1621.0,8380.1604
1784727720000,516.95,517.01,516.66,516.86,1201.0,6206.9908
1784727780000,516.74,517.38,516.52,516.97,2542.0,13133.2868
1784727840000,516.99,517.38,516.99,517.31,902.0,4665.5745
1784727900000,517.23,517.63,517.14,517.38,2308.0,11942.6937
1784727960000,517.39,518.09,517.39,517.88,817.0,4229.1265
1784728020000,517.76,518.73,517.39,518.0,15424.0,79858.4235
1784728080000,517.97,517.97,517.08,517.45,818.0,4234.4592
1784728140000,517.19,517.34,516.78,517.16,6559.0,33906.6029
1784728200000,517.1,518.02,515.74,515.74,1575.0,8146.5441
1784728260000,515.7,516.7,515.58,516.05,368.0,1899.1936
1784728320000,516.16,516.78,516.03,516.27,1759.0,9086.0059
1784728380000,516.19,516.87,516.12,516.75,341.0,1761.2331
1784728440000,516.7,516.85,516.27,516.27,763.0,3940.6377
1784728500000,516.6,516.96,516.54,516.55,193.0,997.1962
1784728560000,516.71,516.78,515.91,516.0,424.0,2189.0622
1784728620000,516.03,516.29,515.86,516.26,458.0,2363.793
1784728680000,516.34,516.76,516.18,516.52,1086.0,5610.4527
1784728740000,516.45,517.16,516.45,516.86,356.0,1840.1241
1784728800000,516.85,516.86,515.95,516.01,532.0,2746.5649
1784728860000,515.89,516.09,515.66,515.66,429.0,2213.1882
1784728920000,515.67,516.0,515.26,515.43,547.0,2820.2329
1784728980000,515.5,516.19,515.37,515.87,567.0,2923.9324
1784729040000,515.89,517.32,515.88,516.96,384.0,1984.1899
1784729100000,517.12,519.34,517.03,518.68,8939.0,46390.6786
1784729160000,518.64,519.08,518.1,518.28,5184.0,26887.0607
1784729220000,518.2,518.54,517.39,517.39,3403.0,17622.5512
1784729280000,517.29,517.75,517.16,517.37,529.0,2736.7751
1784735760000,511.38,511.64,506.43,508.27,19181.0
1784735820000,508.26,508.44,507.5,508.35,6469.0
1784735880000,508.47,508.59,506.59,507.17,3044.0
1784735940000,507.14,508.24,506.27,508.09,3253.0
1784736000000,508.06,508.27,506.61,507.45,7750.0
1784736060000,507.64,508.5,507.05,507.61,3725.0
1784736120000,507.84,509.11,505.79,508.87,13228.0
1784736180000,508.7,509.48,508.31,509.47,8471.0
1784736240000,509.4,510.51,509.24,510.51,1190.0
1784736300000,510.61,510.61,509.61,510.21,2061.0
1784736360000,510.16,510.62,510.05,510.25,878.0
1784736420000,510.31,511.1,510.22,511.03,924.0
1784736480000,510.89,511.87,510.73,511.87,724.0
1784736540000,511.79,512.38,511.49,511.65,3367.0
1784736600000,511.66,511.66,510.53,510.68,349.0
1784736660000,510.69,511.3,510.51,511.01,1686.0
1784736720000,510.8,511.4,510.8,511.33,502.0
1784736780000,511.3,511.36,510.99,511.05,569.0
1784736840000,511.31,512.31,511.11,512.26,6683.0
1784736900000,512.27,513.0,511.91,512.08,9459.0
1784736960000,512.01,512.33,511.34,511.4,934.0
1784737020000,511.38,511.5,510.59,510.73,5370.0
1784737080000,510.61,512.1,510.56,512.07,992.0
1784737140000,512.23,512.57,511.81,511.87,414.0
1784737200000,511.76,511.76,511.2,511.47,626.0
1784737260000,511.07,511.33,510.87,511.09,552.0
1784737320000,511.3,511.46,510.66,510.66,1359.0
1784737380000,510.93,511.03,510.34,510.34,1565.0
1784737440000,510.34,510.44,509.97,510.02,2615.0
1784737500000,510.04,510.24,509.54,509.8,1032.0
1784737560000,509.77,510.79,509.63,510.49,2601.0
1784737620000,510.44,511.07,510.34,511.05,279.0
1784737680000,510.87,511.0,510.6,510.71,561.0
1784737740000,510.97,511.31,510.97,511.19,245.0
1784737800000,511.01,511.75,511.01,511.71,1708.0
1784737860000,511.87,513.5,511.82,512.78,557.0
1784737920000,512.97,513.09,512.72,513.0,309.0
1784737980000,513.0,514.49,512.94,514.49,1840.0
1784738040000,514.56,515.15,513.71,515.15,700.0
1784738100000,515.09,515.09,514.49,514.81,335.0
1784738160000,514.91,515.09,514.58,515.02,11235.0
1784738220000,514.99,515.8,514.94,515.25,4827.0
1784738280000,515.38,516.04,514.91,515.91,1281.0
1784738340000,516.04,516.16,515.41,515.5,1520.0
1784738400000,515.91,515.99,514.59,514.81,766.0
1784738460000,514.81,514.98,514.44,514.74,163.0
1784738520000,514.78,515.31,514.73,514.81,551.0
1784738580000,514.72,514.94,514.45,514.48,437.0
1784738640000,514.5,514.55,513.68,513.86,574.0
1784738700000,513.84,514.3,513.78,513.81,4289.0
1784738760000,513.8,514.26,513.61,513.61,369.0
1784738820000,513.54,513.69,513.23,513.34,10728.0
1784738880000,513.39,513.93,513.32,513.54,1433.0
1784738940000,513.51,513.75,513.09,513.13,1325.0
1784739000000,513.15,513.45,512.61,513.45,1329.0
1784739060000,513.61,513.89,513.21,513.26,548.0
1784739120000,513.26,513.78,513.21,513.72,443.0
1784739180000,513.73,513.77,512.55,512.55,285.0
1784739240000,512.47,512.87,512.43,512.43,1093.0
1784739300000,512.32,513.27,512.17,513.27,1182.0
1784739360000,513.12,513.52,512.97,513.41,387.0
1784739420000,513.39,513.43,513.06,513.23,648.0
1784739480000,512.99,513.22,512.9,513.2,478.0
1784739540000,513.21,513.29,512.84,513.27,443.0
1784739600000,513.19,513.19,512.82,512.91,227.0
1784739660000,512.79,512.9,512.21,512.21,1254.0
1784739720000,512.2,512.83,511.88,512.83,692.0
1784739780000,512.76,514.1,512.76,513.89,439.0
1784739840000,513.85,514.67,513.08,514.58,8862.0
1784739900000,514.37,517.26,514.37,515.86,3464.0
1784739960000,515.9,515.99,514.84,514.96,925.0
1784740020000,515.04,515.35,514.95,515.01,140.0
1784740080000,515.16,515.85,515.12,515.53,714.0
1784740140000,515.48,515.48,514.64,514.72,1668.0
1784740200000,514.97,514.97,514.56,514.61,323.0
1784740260000,514.64,514.64,514.25,514.37,514.0
1784740320000,514.44,515.03,514.27,514.34,902.0
1784740380000,514.34,514.95,514.34,514.46,491.0
1784740440000,514.46,514.85,514.46,514.58,348.0
1784740500000,514.48,514.68,514.41,514.68,2527.0
1784740560000,514.81,514.82,514.3,514.38,333.0
1784740620000,514.29,514.38,514.08,514.08,771.0
1784740680000,514.04,514.59,513.94,514.38,1573.0
1784740740000,514.23,514.33,513.69,513.69,535.0
1784740800000,513.73,513.73,513.04,513.33,499.0
1784740860000,513.43,513.89,513.01,513.04,695.0
1784740920000,513.02,513.02,512.42,512.85,1266.0
1784740980000,512.79,512.79,512.11,512.11,266.0
1784741040000,512.49,512.57,512.4,512.57,229.0
1784741100000,512.41,512.44,512.01,512.04,387.0
1784741160000,512.0,512.0,511.1,511.15,1502.0
1784741220000,511.16,511.31,510.66,511.25,7998.0
1784741280000,510.79,511.11,510.7,511.11,223.0
1784741340000,511.07,511.62,511.02,511.02,407.0
1784741400000,511.08,511.47,510.87,511.47,347.0
1784741460000,511.5,511.73,511.22,511.67,674.0
1784741520000,511.67,512.15,511.67,511.99,248.0
1784741580000,511.92,512.39,511.55,511.72,408.0
1784741640000,511.64,511.73,510.89,510.89,445.0
1784741700000,510.91,511.71,510.64,511.54,4101.0
1784741760000,511.5,512.27,511.41,512.27,2384.0
1784741820000,512.12,512.79,511.69,512.79,766.0
1784741880000,512.74,513.08,512.46,513.0,9072.0
1784741940000,513.26,513.78,513.22,513.69,2521.0
1784742000000,513.72,515.05,513.69,515.02,7583.0
1784742060000,515.19,516.04,514.65,515.29,3594.0
1784742120000,515.08,515.21,514.48,514.96,11945.0
1784742180000,514.92,516.02,514.92,515.88,2510.0
1784742240000,515.77,516.19,514.91,515.09,5583.0
1784742300000,515.13,515.39,514.55,515.24,2245.0
1784742360000,515.26,516.49,515.04,516.23,399.0
1784742420000,516.02,516.09,515.48,515.61,3818.0
1784742480000,515.63,515.63,514.6,515.13,700.0
1784742540000,515.14,515.15,514.6,514.9,366.0
1784742600000,514.86,515.26,514.36,515.24,2339.0
1784742660000,515.19,516.11,515.19,515.65,894.0
1784742720000,515.58,515.67,514.58,514.58,442.0
1784742780000,514.64,514.73,514.13,514.13,660.0
1784742840000,513.87,515.44,513.87,515.22,10941.0
1784742900000,515.03,515.27,514.36,515.2,532.0
1784742960000,514.98,515.0,514.9,515.0,280.0
1784743020000,515.31,515.31,514.47,514.47,336.0
1784743080000,514.25,516.1,514.08,515.52,3497.0
1784743140000,515.57,515.84,515.35,515.84,588.0
1784743200000,516.01,516.79,515.68,516.77,590.0
1784743260000,516.78,517.43,515.36,515.58,11177.0
1784743320000,515.75,515.75,514.98,515.03,2005.0
1784743380000,514.92,515.46,514.85,515.08,3606.0
1784743440000,515.79,516.99,515.79,516.73,8148.0
1784743500000,516.48,516.56,515.87,516.43,928.0
1784743560000,516.49,516.95,516.19,516.19,220.0
1784743620000,516.09,516.09,515.64,515.79,756.0
1784743680000,515.65,516.78,515.09,516.27,15925.0
1784743740000,516.26,516.26,514.31,514.31,2604.0
1784743800000,514.24,514.54,513.91,514.29,1840.0
1784743860000,514.48,514.57,513.94,513.94,1653.0
1784743920000,514.03,514.37,513.96,514.07,1283.0
1784743980000,514.08,514.33,514.02,514.02,937.0
1784744040000,514.09,514.36,514.09,514.27,278.0
1784744100000,514.19,514.23,513.91,513.93,727.0
1784744160000,514.47,514.61,514.12,514.29,1176.0
1784744220000,514.23,514.38,514.03,514.27,150.0
1784744280000,514.27,516.3,514.06,516.2,13839.0
1784744340000,516.28,516.65,516.14,516.47,641.0
1784744400000,516.65,517.39,516.44,517.03,3088.0
1784744460000,517.1,517.12,515.66,515.66,573.0
1784744520000,515.47,515.51,514.36,514.36,634.0
1784744580000,514.62,514.72,514.0,514.7,2461.0
1784744640000,514.63,514.94,514.24,514.28,415.0
1784744700000,514.36,514.53,514.24,514.48,303.0
1784744760000,514.53,514.65,514.38,514.44,2059.0
1784744820000,514.35,514.68,514.19,514.25,734.0
1784744880000,514.12,514.32,513.82,514.01,628.0
1784744940000,513.91,514.04,513.79,514.04,263.0
1784745000000,513.78,513.78,512.58,513.52,1162.0
1784745060000,513.08,513.08,512.21,512.45,5615.0
1784745120000,512.38,512.69,511.53,511.58,1562.0
1784745180000,511.5,513.3,511.4,512.77,2731.0
1784745240000,512.67,512.67,511.03,511.1,3772.0
1784745300000,511.12,511.72,511.03,511.62,12036.0
1784745360000,511.7,511.78,511.15,511.17,4474.0
1784745420000,511.21,511.26,510.67,510.81,1032.0
1784745480000,510.71,511.03,510.47,510.7,1471.0
1784745540000,510.64,510.95,510.53,510.74,1102.0
1784745600000,510.74,510.87,510.36,510.5,6051.0
1784745660000,510.4,510.44,510.0,510.14,419.0
1784745720000,510.05,510.46,509.47,510.18,656.0
1784745780000,510.24,510.58,509.76,510.5,6913.0
1784745840000,510.25,510.59,509.82,510.47,1936.0
1784745900000,510.44,510.82,510.08,510.59,2310.0
1784745960000,510.47,511.88,510.46,511.88,625.0
1784746020000,512.01,512.39,511.51,512.39,364.0
1784746080000,512.23,512.4,511.88,512.13,3802.0
1784746140000,512.21,512.35,511.56,511.56,520.0
1784746200000,511.6,512.38,511.55,512.38,403.0
1784746260000,512.39,512.77,512.29,512.46,417.0
1784746320000,512.39,512.77,512.35,512.46,18598.0
1784746380000,512.46,512.98,512.46,512.98,314.0
1784746440000,512.99,513.06,512.76,512.99,445.0
1784746500000,513.04,513.22,513.02,513.07,351.0
1784746560000,513.08,513.39,512.44,512.71,895.0
1784746620000,512.71,512.92,512.71,512.89,504.0
1784746680000,512.85,512.88,512.46,512.51,651.0
1784746740000,512.36,512.84,512.28,512.66,2861.0
1784746800000,512.49,512.99,512.29,512.66,351.0
1784746860000,512.5,512.53,511.72,511.87,231.0
1784746920000,512.0,512.5,511.94,512.5,296.0
1784746980000,512.41,512.73,512.41,512.69,213.0
1784747040000,512.79,512.82,512.52,512.52,293.0
1784747100000,512.44,512.56,512.19,512.19,493.0
1784747160000,512.1,512.23,512.08,512.1,143.0
1784747220000,512.32,512.32,511.41,511.55,726.0
1784747280000,511.5,511.6,511.39,511.39,137.0
1784747340000,511.4,511.58,511.36,511.36,241.0,1232.6314
1784747400000,511.27,511.32,510.7,510.96,1015.0,5185.4102
1784747460000,510.99,511.43,510.51,511.43,504.0,2575.6509
1784747520000,511.41,511.46,510.38,510.47,581.0,2968.7742
1784747580000,510.39,511.05,510.39,510.94,407.0,2078.51
1784747640000,510.97,511.35,510.75,511.35,360.0,1839.7174
1784747700000,511.32,511.86,511.03,511.62,321.0,1641.6022
1784747760000,511.71,512.07,511.65,511.91,252.0,1289.9209
1784747820000,511.62,511.94,511.62,511.94,438.0,2241.8057
1784747880000,511.91,512.22,511.3,511.91,551.0,2819.4901
1784747940000,512.01,512.14,511.92,512.12,355.0,1817.6871
1784748000000,512.08,512.08,511.75,511.8,199.0,1018.6286
1784748060000,511.77,513.33,511.77,513.18,587.0,3008.0738
1784748120000,513.26,513.47,513.24,513.47,355.0,1822.4496
1784748180000,513.5,514.06,513.5,514.01,867.0,4455.682
1784748240000,513.92,513.92,513.15,513.15,94.0,482.6981
1784748300000,513.21,513.29,512.98,513.07,197.0,1010.951
1784748360000,513.07,513.2,512.97,513.14,368.0,1888.0798
1784748420000,512.78,513.35,512.78,512.99,283.0,1452.1537
1784748480000,513.01,513.34,512.8,512.89,358.0,1836.6453
1784748540000,512.9,512.9,512.37,512.43,209.0,1071.0809
1784748600000,512.27,512.99,512.18,512.99,386.0,1978.6245
1784748660000,513.03,513.13,512.77,512.81,686.0,3518.2966
1784748720000,512.67,512.7,512.59,512.59,205.0,1050.903
1784748780000,512.28,512.67,512.27,512.61,353.0,1809.1567
1784748840000,512.54,512.75,512.28,512.28,282.0,1445.3316
1784748900000,512.51,512.68,511.39,511.52,6462.0,33095.8995
1784748960000,511.52,511.52,510.89,511.28,447.0,2284.5522
1784749020000,511.22,511.27,510.81,510.99,303.0,1548.5287
1784749080000,511.02,511.02,510.35,510.6,1830.0,9344.5473
1784749140000,510.51,510.53,509.91,510.04,9741.0,49700.0863
1784749200000,510.19,510.33,510.01,510.09,657.0,3351.7384
1784749260000,510.07,510.3,509.74,510.16,571.0,2912.7065
1784749320000,510.09,510.87,510.0,510.87,1299.0,6631.0483
1784749380000,510.76,510.96,510.74,510.8,557.0,2845.3233
1784749440000,510.53,510.58,510.28,510.28,409.0,2087.6057
1784749500000,510.3,510.8,510.3,510.58,1373.0,7008.215
1784749560000,510.54,510.83,510.06,510.16,12813.0,65426.8464
1784749620000,510.09,510.43,510.06,510.2,1202.0,6133.7377
1784749680000,510.17,510.3,510.0,510.0,563.0,2872.2387
1784749740000,509.99,510.12,509.66,509.82,22721.0,115886.4545
1784749800000,509.59,510.06,508.78,509.28,2938.0,14958.2909
1784749860000,509.21,509.99,509.21,509.44,10497.0,53489.6852
1784749920000,509.4,510.11,509.36,509.94,507.0,2584.4106
1784749980000,509.97,510.11,509.9,509.91,1036.0,5284.0715
1784750040000,509.63,509.93,509.41,509.86,617.0,3144.7821
1784750100000,509.73,509.73,509.48,509.51,403.0,2053.6841
1784750160000,509.53,509.84,509.53,509.7,595.0,3032.5275
1784750220000,509.6,509.62,509.42,509.52,579.0,2950.0288
1784750280000,509.51,509.67,509.42,509.54,577.0,2939.8513
1784750340000,509.6,509.98,509.53,509.6,504.0,2569.4728
1784750400000,509.62,510.27,509.28,510.16,2175.0,11090.9085
1784750460000,510.21,510.66,509.14,510.19,3796.0,19359.682
1784750520000,509.94,509.94,508.67,509.47,3231.0,16460.017
1784750580000,509.87,510.14,509.02,509.29,531.0,2705.4588
1784750640000,509.19,509.37,508.63,508.63,470.0,2392.7069
1784750700000,508.66,508.94,508.18,508.3,699.0,3555.4007
1784750760000,508.17,508.78,508.14,508.78,322.0,1637.0112
1784750820000,508.64,509.42,508.64,509.09,1226.0,6240.7136
1784750880000,509.09,509.27,508.8,509.27,1245.0,6338.2074
1784750940000,509.41,509.54,509.03,509.12,310.0,1578.595
1784751000000,508.86,509.4,508.85,509.4,474.0,2412.8573
1784751060000,509.45,509.85,509.39,509.74,498.0,2538.2537
1784751120000,509.76,510.35,509.64,510.2,10421.0,53172.1311
1784751180000,510.18,510.44,510.07,510.13,5462.0,27872.1639
1784751240000,510.25,510.65,510.18,510.59,1130.0,5768.9155
1784751300000,510.66,511.38,510.66,510.73,438.0,2238.1494
1784751360000,510.72,510.72,510.23,510.45,536.0,2735.4813
1784751420000,510.49,510.84,510.49,510.84,183.0,934.484
1784751480000,510.85,511.03,510.77,510.85,329.0,1680.7515
1784751540000,510.81,511.57,510.77,511.34,473.0,2418.3259
1784751600000,511.41,511.86,511.34,511.78,915.0,4681.3581
1784751660000,511.82,511.86,511.49,511.57,1384.0,7082.2416
1784751720000,511.57,511.59,511.23,511.37,669.0,3421.764
1784751780000,511.37,511.53,511.09,511.09,361.0,1845.8504
1784751840000,511.33,511.61,511.32,511.4,375.0,1917.9532
1784751900000,511.47,512.31,511.47,511.91,14551.0,74505.1826
1784751960000,511.92,511.92,511.4,511.45,823.0,4211.0194
1784752020000,511.46,511.47,511.42,511.47,4094.0,20939.5714
1784752080000,511.47,512.04,511.47,512.01,5106.0,26116.317
1784752140000,511.94,512.06,511.93,512.06,3124.0,15993.0534
1784752200000,512.01,512.01,511.78,512.0,3504.0,17939.452
1784752260000,512.1,512.18,511.96,512.16,476.0,2437.5636
1784752320000,512.15,512.65,512.08,512.62,135.0,691.6479
1784752380000,512.6,513.08,512.6,512.96,226.0,1159.1747
1784752440000,512.76,512.78,512.23,512.23,3118.0,15985.1223
1784752500000,512.33,512.5,512.23,512.41,1875.0,9607.4812
1784752560000,512.44,512.5,512.2,512.42,601.0,3079.3765
1784752620000,512.4,512.7,512.4,512.66,888.0,4551.9962
1784752680000,512.77,513.23,512.77,513.15,277.0,1421.1612
1784752740000,513.13,513.38,513.13,513.33,354.0,1816.9774
1784752800000,513.32,513.33,512.99,513.15,1086.0,5572.4048
1784752860000,512.97,513.2,512.97,513.2,2774.0,14235.6753
1784752920000,513.2,513.2,513.19,513.19,2638.0,13538.2109
1784752980000,513.33,513.45,513.02,513.15,586.0,3007.0697
1784753040000,513.15,513.15,512.88,512.88,1184.0,6074.7217
1784753100000,512.88,512.88,512.37,512.72,3222.0,16517.111
1784753160000,512.77,512.78,512.56,512.56,209.0,1071.4157
1784753220000,512.66,513.17,512.6,512.78,2823.0,14478.4247
1784753280000,512.86,512.93,512.86,512.88,391.0,2005.3795
1784753340000,512.84,512.9,512.81,512.85,2622.0,13447.3162
1784753400000,512.85,513.37,512.85,513.37,163.0,836.3133
1784753460000,513.35,513.66,513.35,513.66,283.0,1453.2323
1784753520000,513.59,513.65,513.47,513.59,414.0,2126.1366
1784753580000,513.56,513.73,513.48,513.48,401.0,2059.4164
1784753640000,513.34,513.51,513.2,513.2,422.0,2166.4432
1784753700000,513.11,513.16,513.02,513.02,1070.0,5489.7386
1784753760000,513.06,513.22,512.85,513.22,952.0,4883.1328
1784753820000,513.18,513.25,513.04,513.16,403.0,2068.0907
1784753880000,513.14,513.3,513.07,513.12,617.0,3166.3978
1784753940000,512.96,513.55,512.78,513.45,289.0,1482.9646
1784754000000,513.7,513.91,513.69,513.91,288.0,1479.6422
1784754060000,514.0,514.0,513.62,513.62,553.0,2841.3261
1784754120000,513.7,513.9,513.63,513.84,271.0,1392.1848
1784754180000,513.78,513.86,513.68,513.73,435.0,2234.8408
1784754240000,513.71,513.88,513.68,513.88,456.0,2342.8625
1784754300000,513.93,514.05,513.91,513.98,232.0,1192.4473
1784754360000,513.89,513.92,513.43,513.45,424.0,2177.497
1784754420000,513.44,513.51,512.91,512.91,660.0,3386.8292
1784754480000,512.9,513.22,512.83,513.12,11249.0,57721.5791
1784754540000,513.07,513.29,512.62,512.72,2888.0,14817.0404
1784754600000,512.84,512.88,512.6,512.67,483.0,2476.6615
1784754660000,512.68,512.84,512.25,512.32,7678.0,39341.9124
1784754720000,512.13,512.13,511.81,511.83,1470.0,7525.5731
1784754780000,511.58,512.02,511.11,511.66,8882.0,45443.0582
1784754840000,511.54,511.65,511.54,511.56,50.0,255.7952
1784754900000,511.54,511.69,511.44,511.47,704.0,3601.2017
1784754960000,511.55,511.55,511.07,511.07,2572.0,13155.8508
1784755020000,510.92,511.07,510.9,511.04,620.0,3167.8995
1784755080000,510.97,511.03,510.55,511.03,2408.0,12297.2649
1784755140000,511.07,511.44,511.07,511.32,303.0,1549.3448
1784755200000,511.33,511.7,511.02,511.7,274.0,1401.2129
1784755260000,511.7,512.09,511.69,512.09,319.0,1632.552
1784755320000,512.05,512.14,511.45,511.45,1262.0,6460.1293
1784755380000,511.4,511.4,510.22,510.66,1266.0,6468.8292
1784755440000,510.7,510.78,510.42,510.65,329.0,1680.0227
1784755500000,510.72,510.72,510.0,510.55,2956.0,15087.255
1784755560000,510.62,511.38,510.62,511.27,378.0,1932.278
1784755620000,511.09,511.09,511.02,511.02,57.0,291.2849
1784755680000,510.86,510.86,510.69,510.75,159.0,812.0282
1784755740000,510.83,510.92,510.75,510.92,175.0,893.9937
1784755800000,510.84,511.19,510.83,511.19,634.0,3239.5381
1784755860000,511.17,511.17,510.54,510.62,4423.0,22585.5896
1784755920000,510.77,511.0,510.75,511.0,86.0,439.2929
1784755980000,510.97,511.61,510.97,511.45,508.0,2597.526
1784756040000,511.46,512.03,511.44,511.97,974.0,4984.6087
1784756100000,511.98,513.04,511.93,513.04,5797.0,29718.3709
1784756160000,513.0,513.05,512.59,512.63,2725.0,13970.8081
1784756220000,512.63,512.78,512.55,512.67,749.0,3839.7322
1784756280000,512.63,512.83,512.29,512.34,1553.0,7962.912
1784756340000,512.33,512.34,512.04,512.22,1195.0,6120.7763
1784756400000,512.36,512.88,512.36,512.88,545.0,2794.4397
1784756460000,512.89,513.18,512.77,513.07,530.0,2718.8291
1784756520000,513.24,513.38,513.2,513.23,475.0,2438.0167
1784756580000,513.32,513.32,512.69,512.82,1172.0,6010.219
1784756640000,512.75,513.13,512.75,513.1,280.0,1436.5467
1784756700000,513.25,514.35,513.25,513.9,4673.0,23998.9693
1784756760000,513.74,513.74,512.78,512.85,3507.0,17999.3427
1784756820000,512.91,513.59,512.91,513.59,384.0,1971.1823
1784756880000,513.6,513.75,513.48,513.75,505.0,2593.6726
1784756940000,513.78,513.78,513.56,513.68,391.0,2008.4921
1784757000000,513.61,513.63,513.54,513.63,363.0,1864.3356
1784757060000,513.44,513.64,513.29,513.59,448.0,2300.4985
1784757120000,513.79,514.18,513.79,514.18,403.0,2071.7985
1784757180000,514.1,514.43,514.03,514.29,357.0,1835.6283
1784757240000,514.14,514.14,513.79,513.79,289.0,1485.5871
1784757300000,513.5,514.04,513.5,514.04,168.0,863.0478
1784757360000,514.04,514.07,513.89,513.89,305.0,1567.6262
1784757420000,513.93,514.32,513.93,514.32,151.0,776.3028
1784757480000,514.19,514.19,513.69,513.82,405.0,2081.126
1784757540000,513.68,513.75,513.68,513.75,42.0,215.7638
1784757600000,513.82,513.82,512.92,513.52,1326.0,6812.039
1784757660000,513.44,513.66,512.93,513.43,183.0,939.5081
1784757720000,513.4,513.82,513.3,513.82,867.0,4453.3033
1784757780000,513.82,513.99,513.57,513.69,1499.0,7701.823
1784757840000,513.82,514.06,513.65,514.06,355.0,1824.2741
1784757900000,513.61,514.18,513.61,514.18,253.0,1300.2457
1784757960000,514.15,514.38,514.15,514.19,332.0,1707.1811
1784758020000,514.2,514.24,513.91,514.07,247.0,1269.7299
1784758080000,514.04,514.04,513.79,513.79,28.0,143.9088
1784758140000,513.55,513.59,513.31,513.59,2986.0,15330.4206
1784758200000,513.45,513.91,513.23,513.63,234.0,1201.9113
1784758260000,513.68,514.18,513.68,514.16,182.0,935.4338
1784758320000,514.17,514.42,514.06,514.31,5868.0,30172.7539
1784758380000,514.36,514.36,513.65,513.65,6868.0,35291.4457
1784758440000,513.76,513.77,513.51,513.7,214.0,1099.2402
1784758500000,513.73,513.73,513.45,513.6,302.0,1551.2611
1784758560000,513.58,513.58,513.31,513.5,393.0,2017.8225
1784758620000,513.29,513.5,513.2,513.5,354.0,1817.1836
1784758680000,513.54,513.58,513.28,513.4,276.0,1417.0671
1784758740000,513.4,513.45,513.04,513.16,1740.0,8933.2477
1784758800000,513.16,513.26,512.59,512.59,2231.0,11447.3047
1784758860000,512.52,513.03,512.43,513.03,560.0,2870.8641
1784758920000,513.03,513.07,512.66,512.99,214.0,1097.7916
1784758980000,512.89,513.02,512.66,512.93,244.0,1251.4126
1784759040000,512.96,512.96,512.63,512.9,176.0,902.5935
1784759100000,512.86,512.97,512.76,512.97,197.0,1010.3652
1784759160000,512.93,513.01,512.77,513.01,386.0,1979.8024
1784759220000,512.96,512.96,512.84,512.85,264.0,1353.9831
1784759280000,512.84,512.89,512.68,512.89,280.0,1435.901
1784765760000,516.01,516.98,515.93,516.98,256.0
1784765820000,516.93,518.17,516.93,517.22,2300.0
1784765880000,517.1,517.1,516.06,516.33,276.0
1784765940000,516.35,516.98,516.35,516.98,3055.0
1784766000000,516.85,517.41,516.85,517.19,151.0
1784766060000,517.07,517.43,517.07,517.29,375.0
1784766120000,517.35,518.04,517.35,518.02,4817.0
1784766180000,517.97,520.43,517.84,518.82,13265.0
1784766240000,518.82,518.82,518.19,518.19,150.0
1784766300000,518.14,518.51,517.79,518.29,7901.0
1784766360000,518.52,518.98,518.52,518.78,1177.0
1784766420000,518.79,521.06,518.79,519.98,16641.0
1784766480000,519.79,519.98,519.27,519.34,13176.0
1784766540000,519.27,519.35,518.68,518.78,700.0
1784766600000,518.81,519.22,518.41,518.76,6058.0
1784766660000,518.66,518.66,518.19,518.26,625.0
1784766720000,518.39,518.96,518.31,518.96,266.0
1784766780000,518.84,519.79,518.61,519.52,2990.0
1784766840000,519.44,519.78,519.35,519.54,857.0
1784766900000,519.79,520.06,519.75,519.79,468.0
1784766960000,519.75,520.19,519.52,519.64,667.0
1784767020000,519.6,519.6,519.25,519.55,487.0
1784767080000,519.66,519.66,519.43,519.49,2285.0
1784767140000,519.49,519.49,518.81,519.01,3152.0
1784767200000,518.95,519.06,518.32,518.4,4319.0
1784767260000,518.35,518.55,518.26,518.37,395.0
1784767320000,518.49,518.65,518.26,518.26,2814.0
1784767380000,518.26,518.95,518.0,518.6,2734.0
1784767440000,518.59,518.93,518.03,518.13,1168.0
1784767500000,518.14,518.78,518.1,518.73,664.0
1784767560000,518.86,518.87,518.66,518.87,681.0
1784767620000,518.8,518.94,518.74,518.9,461.0
1784767680000,518.87,519.21,518.59,518.63,1131.0
1784767740000,518.55,518.72,518.19,518.19,1166.0
1784767800000,517.98,518.15,517.35,517.35,447.0
1784767860000,517.43,518.26,517.38,518.07,710.0
1784767920000,517.88,517.94,516.99,516.99,860.0
1784767980000,517.04,517.04,516.49,516.66,789.0
1784768040000,516.74,516.83,516.49,516.59,508.0
1784768100000,516.5,516.51,516.06,516.13,1934.0
1784768160000,516.04,516.16,515.87,515.87,450.0
1784768220000,515.79,516.05,515.66,516.05,353.0
1784768280000,516.1,516.37,515.9,516.08,931.0
1784768340000,515.99,515.99,515.7,515.7,332.0
1784768400000,515.69,516.01,515.44,515.59,287.0
1784768460000,515.62,515.62,514.99,514.99,1133.0
1784768520000,514.95,515.12,514.44,515.11,3479.0
1784768580000,515.04,515.15,514.66,514.66,294.0
1784768640000,514.62,515.04,514.62,515.03,401.0
1784768700000,515.07,515.52,514.95,515.52,389.0
1784768760000,515.52,515.59,514.79,514.9,432.0
1784768820000,514.91,515.26,514.91,515.08,430.0
1784768880000,515.23,515.23,514.16,514.21,1012.0
1784768940000,514.09,514.09,513.48,513.48,1542.0
1784769000000,513.48,514.18,513.48,514.03,642.0
1784769060000,514.19,514.49,514.14,514.47,391.0
1784769120000,514.53,514.56,513.75,514.14,408.0
1784769180000,514.09,514.58,514.01,514.44,412.0
1784769240000,514.43,515.02,514.43,514.88,424.0
1784769300000,514.86,514.86,514.57,514.57,11174.0
1784769360000,514.56,514.56,514.0,514.01,1736.0
1784769420000,514.02,514.07,513.2,513.4,1327.0
1784769480000,513.45,513.52,513.21,513.52,239.0
1784769540000,513.41,513.53,513.25,513.53,283.0
1784769600000,513.66,514.49,513.66,514.41,320.0
1784769660000,514.67,515.79,514.67,515.79,6246.0
1784769720000,515.85,516.16,515.31,515.32,3421.0
1784769780000,515.48,515.91,515.42,515.91,646.0
1784769840000,515.9,516.67,515.68,516.33,19217.0
1784769900000,516.31,516.61,516.26,516.36,4227.0
1784769960000,516.37,516.37,515.69,516.07,3612.0
1784770020000,516.1,516.16,515.79,515.79,4674.0
1784770080000,515.85,516.27,515.79,516.27,2515.0
1784770140000,516.4,516.41,515.72,515.72,328.0
1784770200000,515.82,516.02,514.94,514.94,2433.0
1784770260000,514.93,515.32,514.18,514.18,719.0
1784770320000,514.17,515.06,514.14,514.88,532.0
1784770380000,514.91,514.91,514.55,514.78,360.0
1784770440000,514.8,515.2,514.78,514.84,299.0
1784770500000,514.88,514.88,513.87,513.87,230.0
1784770560000,513.76,513.91,513.64,513.87,360.0
1784770620000,513.74,514.11,513.73,514.05,291.0
1784770680000,514.21,514.48,513.81,514.02,793.0
1784770740000,514.27,514.54,514.06,514.06,310.0
1784770800000,514.19,514.54,514.19,514.41,174.0
1784770860000,514.16,514.54,514.15,514.34,248.0
1784770920000,514.37,515.47,514.37,515.47,466.0
1784770980000,515.49,515.71,515.49,515.6,195.0
1784771040000,515.71,515.71,515.31,515.68,493.0
1784771100000,515.57,516.34,515.48,516.34,459.0
1784771160000,516.32,516.32,515.6,515.68,363.0
1784771220000,515.65,515.94,515.24,515.88,467.0
1784771280000,515.89,516.98,515.84,516.26,1826.0
1784771340000,516.25,516.52,515.61,515.76,601.0
1784771400000,515.66,515.93,515.57,515.88,363.0
1784771460000,516.06,516.54,516.06,516.24,235.0
1784771520000,516.36,516.58,516.28,516.43,395.0
1784771580000,516.38,517.4,516.03,517.4,508.0
1784771640000,517.41,517.64,517.25,517.61,1263.0
1784771700000,517.51,517.54,517.1,517.13,67.0
1784771760000,517.12,517.12,516.75,516.97,215.0
1784771820000,516.76,516.76,516.44,516.45,968.0
1784771880000,516.44,516.58,516.19,516.19,155.0
1784771940000,516.15,516.68,516.15,516.61,299.0
1784772000000,516.58,516.72,516.44,516.46,332.0
1784772060000,516.27,517.33,516.2,517.2,228.0
1784772120000,517.32,517.54,516.91,517.0,290.0
1784772180000,516.89,516.89,515.79,515.88,451.0
1784772240000,515.77,516.98,515.63,516.98,1317.0
1784772300000,516.93,517.06,516.38,516.72,535.0
1784772360000,516.78,516.78,516.36,516.36,70.0
1784772420000,516.27,516.42,516.03,516.11,2869.0
1784772480000,516.1,516.43,516.1,516.19,228.0
1784772540000,516.16,516.17,515.87,516.17,145.0
1784772600000,516.12,516.99,516.12,516.97,507.0
1784772660000,517.0,517.22,516.94,517.07,1206.0
1784772720000,517.0,517.0,516.53,516.55,241.0
1784772780000,516.69,516.69,516.3,516.41,197.0
1784772840000,516.28,516.49,516.21,516.4,272.0
1784772900000,516.36,516.98,516.11,516.97,219.0
1784772960000,516.95,517.34,516.95,517.25,347.0
1784773020000,517.1,517.12,516.77,516.78,107.0
1784773080000,516.67,517.25,516.48,517.25,141.0
1784773140000,517.16,517.33,517.14,517.29,954.0
1784773200000,517.22,517.64,517.13,517.23,998.0
1784773260000,517.17,517.27,516.71,516.78,472.0
1784773320000,516.73,516.82,516.59,516.59,1433.0
1784773380000,516.4,516.41,515.83,515.94,1129.0
1784773440000,515.97,516.66,515.93,516.44,681.0
1784773500000,516.41,516.52,515.93,516.02,1182.0
1784773560000,516.02,516.16,515.79,515.85,928.0
1784773620000,516.04,517.54,516.04,517.54,679.0
1784773680000,517.43,517.62,517.32,517.34,389.0
1784773740000,517.45,517.55,517.37,517.37,301.0
1784773800000,517.43,517.56,516.59,516.59,283.0
1784773860000,516.53,517.29,516.4,517.29,427.0
1784773920000,517.29,518.04,517.29,518.04,411.0
1784773980000,517.99,518.81,517.99,518.27,2062.0
1784774040000,518.25,518.42,517.95,518.27,567.0
1784774100000,518.3,518.3,517.83,517.83,801.0
1784774160000,517.84,518.39,517.54,518.21,1425.0
1784774220000,518.12,518.12,517.03,517.3,464.0
1784774280000,517.36,517.36,517.0,517.0,892.0
1784774340000,517.06,517.26,516.91,516.98,375.0
1784774400000,516.93,516.93,516.43,516.45,465.0
1784774460000,516.56,516.72,516.32,516.6,358.0
1784774520000,516.58,516.8,516.3,516.3,251.0
1784774580000,516.33,516.33,515.91,515.93,503.0
1784774640000,515.91,516.32,515.91,516.19,1126.0
1784774700000,516.24,517.3,516.11,517.19,1206.0
1784774760000,517.16,517.16,516.91,516.91,978.0
1784774820000,517.06,517.11,516.78,516.91,383.0
1784774880000,516.82,517.02,516.71,516.97,360.0
1784774940000,517.04,517.24,516.27,516.27,775.0
1784775000000,516.19,516.43,515.93,516.12,1338.0
1784775060000,516.08,516.59,515.94,516.59,517.0
1784775120000,516.58,516.59,515.97,516.18,264.0
1784775180000,516.19,516.58,516.16,516.58,278.0
1784775240000,516.55,516.55,516.26,516.26,220.0
1784775300000,516.19,516.58,516.19,516.56,244.0
1784775360000,516.54,516.93,516.5,516.9,231.0
1784775420000,516.99,517.19,516.79,516.88,310.0
1784775480000,516.91,517.07,516.88,516.91,199.0
1784775540000,516.99,516.99,516.38,516.69,479.0
1784775600000,516.76,516.85,516.49,516.51,262.0
1784775660000,516.58,516.67,516.09,516.67,233.0
1784775720000,516.99,517.16,516.61,516.63,297.0
1784775780000,516.59,516.59,515.87,515.87,492.0
1784775840000,515.93,515.93,515.18,515.36,3064.0
1784775900000,515.23,515.44,514.76,514.76,239.0
1784775960000,514.76,515.27,514.6,514.98,28786.0
1784776020000,515.0,515.21,514.74,514.74,638.0
1784776080000,514.68,515.02,514.48,514.48,251.0
1784776140000,514.5,514.88,514.35,514.88,3802.0
1784776200000,514.88,515.09,514.67,514.67,319.0
1784776260000,514.51,514.51,513.92,513.93,592.0
1784776320000,513.88,514.36,513.88,513.99,749.0
1784776380000,513.98,514.44,513.98,514.37,1034.0
1784776440000,514.5,514.72,514.48,514.72,150.0
1784776500000,514.79,514.91,514.64,514.74,636.0
1784776560000,514.81,514.88,514.49,514.49,578.0
1784776620000,514.66,514.75,514.64,514.64,413.0
1784776680000,514.65,515.04,514.3,514.3,332.0
1784776740000,514.27,514.34,513.99,514.08,4035.0
1784776800000,514.08,514.37,514.0,514.0,831.0
1784776860000,513.87,513.87,512.88,513.12,5793.0
1784776920000,513.22,513.42,512.95,513.42,423.0
1784776980000,513.4,513.85,513.4,513.65,285.0
1784777040000,513.56,513.56,513.26,513.26,58.0
1784777100000,513.39,513.39,513.14,513.16,176.0
1784777160000,513.26,513.26,512.4,512.89,2835.0
1784777220000,512.87,512.9,512.58,512.71,97.0
1784777280000,512.66,513.4,512.66,513.4,412.0
1784777340000,513.46,514.72,513.46,514.53,6137.0,31583.9423
1784777400000,514.65,514.86,514.56,514.56,359.0,1847.6519
1784777460000,514.5,514.71,514.28,514.35,9509.0,48924.4736
1784777520000,514.27,514.64,514.04,514.63,2296.0,11807.9877
1784777580000,514.62,515.56,514.57,515.43,1943.0,10010.9992
1784777640000,515.58,515.69,515.45,515.63,254.0,1309.5049
1784777700000,515.5,515.5,514.85,515.45,297.0,1530.2151
1784777760000,515.44,516.17,515.4,515.76,794.0,4095.0894
1784777820000,515.82,515.87,515.37,515.37,204.0,1051.7848
1784777880000,515.32,515.57,515.09,515.2,379.0,1952.9953
1784777940000,515.28,515.56,515.25,515.31,156.0,804.0697
1784778000000,515.39,515.41,515.01,515.02,290.0,1494.4685
1784778060000,515.0,515.0,514.2,514.25,832.0,4280.7954
1784778120000,514.28,514.56,514.19,514.47,690.0,3549.1018
1784778180000,514.43,514.67,514.27,514.67,231.0,1188.5209
1784778240000,514.99,515.29,514.95,514.95,217.0,1117.8677
1784778300000,515.07,515.08,515.0,515.06,283.0,1457.618
1784778360000,515.18,515.18,514.46,514.57,138.0,710.4464
1784778420000,514.49,515.07,514.49,515.07,263.0,1353.7949
1784778480000,515.08,515.6,514.95,515.1,722.0,3718.9893
1784778540000,515.22,515.22,513.87,513.91,808.0,4157.7717
1784778600000,513.9,514.09,513.7,514.09,455.0,2338.2115
1784778660000,514.01,515.05,514.01,515.05,537.0,2763.9104
1784778720000,515.07,515.31,514.68,515.2,255.0,1313.0836
1784778780000,515.24,515.5,514.79,514.89,1088.0,5604.0594
1784778840000,515.09,515.36,515.03,515.14,299.0,1540.2553
1784778900000,514.82,514.82,514.44,514.71,361.0,1857.6667
1784778960000,514.53,514.53,513.72,513.99,4039.0,20759.498
1784779020000,514.08,514.08,513.31,513.48,2197.0,11284.4291
1784779080000,513.51,513.69,513.51,513.68,219.0,1124.7475
1784779140000,513.66,513.93,513.47,513.93,219.0,1125.1433
1784779200000,514.04,514.04,513.08,513.08,163.0,836.8252
1784779260000,513.15,513.16,512.71,512.89,4575.0,23465.5216
1784779320000,512.78,513.39,512.67,513.27,395.0,2026.7391
1784779380000,513.29,513.86,513.25,513.86,3068.0,15753.001
1784779440000,513.87,514.27,513.87,514.27,259.0,1331.4642
1784779500000,514.51,514.87,514.51,514.66,521.0,2681.7469
1784779560000,514.74,514.75,514.39,514.62,215.0,1106.4223
1784779620000,514.55,514.55,513.48,513.49,330.0,1694.921
1784779680000,513.53,514.27,513.53,514.27,255.0,1310.3926
1784779740000,514.18,514.18,513.9,514.09,239.0,1228.5974
1784779800000,514.17,514.33,514.05,514.05,121.0,622.1015
1784779860000,513.88,513.88,513.22,513.29,246.0,1263.1908
1784779920000,513.64,513.87,513.26,513.82,1431.0,7351.07
1784779980000,514.02,514.12,513.86,514.1,226.0,1161.7051
1784780040000,514.19,514.33,514.19,514.32,2190.0,11262.3512
1784780100000,514.45,515.12,514.45,515.01,1402.0,7215.2958
1784780160000,515.0,515.21,514.86,514.89,675.0,3476.0728
1784780220000,514.94,515.13,514.69,514.69,374.0,1925.7072
1784780280000,514.73,515.04,514.45,514.6,747.0,3845.0543
1784780340000,514.48,514.6,513.58,513.58,487.0,2504.8143
1784780400000,513.72,514.93,513.72,514.63,151.0,776.8638
1784780460000,514.57,515.06,514.57,515.04,286.0,1472.4761
1784780520000,515.04,515.05,514.6,514.66,177.0,911.2688
1784780580000,514.79,514.79,514.61,514.77,180.0,926.4568
1784780640000,514.78,515.34,514.56,514.87,714.0,3675.7091
1784780700000,514.93,515.6,514.89,515.58,707.0,3641.7897
1784780760000,515.61,515.62,515.13,515.24,401.0,2066.1319
1784780820000,515.21,515.21,514.55,514.55,345.0,1776.0288
1784780880000,514.54,514.74,514.32,514.58,334.0,1718.5249
1784780940000,514.66,514.78,514.51,514.52,1380.0,7101.069
1784781000000,514.42,514.58,513.6,514.58,1499.0,7704.539
1784781060000,514.56,514.58,513.91,513.91,405.0,2082.9203
1784781120000,513.95,514.28,513.57,513.62,1277.0,6562.1309
1784781180000,513.57,513.9,513.53,513.69,619.0,3179.9891
1784781240000,513.67,513.77,513.29,513.3,168.0,862.8485
1784781300000,513.31,513.37,513.08,513.16,202.0,1036.6558
1784781360000,513.19,513.28,513.1,513.26,216.0,1108.5926
1784781420000,513.13,513.15,512.81,512.98,534.0,2739.4233
1784781480000,512.9,512.91,512.6,512.66,1238.0,6347.9996
1784781540000,512.76,512.95,512.43,512.43,427.0,2189.3642
1784781600000,512.47,512.67,512.02,512.67,623.0,3192.0466
1784781660000,512.64,512.85,512.48,512.55,1619.0,8302.1698
1784781720000,512.51,512.66,512.37,512.66,953.0,4884.4346
1784781780000,512.59,513.27,512.59,512.67,888.0,4554.2182
1784781840000,512.61,512.74,512.61,512.65,415.0,2127.5914
1784781900000,512.66,513.07,512.66,513.07,390.0,2000.5477
1784781960000,513.19,513.68,513.19,513.65,260.0,1335.1727
1784782020000,513.51,513.62,513.36,513.5,318.0,1632.9693
1784782080000,513.53,513.53,512.79,512.88,213.0,1093.4521
1784782140000,512.77,512.77,512.02,512.07,492.0,2520.4756
1784782200000,512.07,512.12,511.79,511.81,606.0,3102.7625
1784782260000,511.76,512.12,511.6,511.61,4024.0,20597.796
1784782320000,511.63,511.86,511.49,511.85,401.0,2051.7967
1784782380000,511.84,512.04,511.46,511.46,808.0,4134.8386
1784782440000,511.45,511.67,511.45,511.66,8337.0,42657.6291
1784782500000,511.66,511.67,511.47,511.66,21926.0,112188.2364
1784782560000,511.66,512.01,511.49,512.01,3053.0,15620.5195
1784782620000,512.01,512.14,511.84,512.14,539.0,2759.7512
1784782680000,512.11,512.25,511.79,511.87,322.0,1648.7538
1784782740000,512.01,512.14,511.88,512.14,332.0,1699.7433
1784782800000,512.27,512.33,512.09,512.29,468.0,2397.2306
1784782860000,512.27,512.57,512.13,512.41,352.0,1803.563
1784782920000,512.4,512.58,512.27,512.37,208.0,1065.7541
1784782980000,512.25,513.23,512.16,513.23,222.0,1137.9039
1784783040000,513.07,513.37,512.67,512.93,1627.0,8347.1942
1784783100000,513.04,513.04,512.43,512.79,1814.0,9301.0023
1784783160000,512.89,513.52,512.89,513.41,355.0,1822.1559
1784783220000,513.29,513.4,513.07,513.31,244.0,1252.4554
1784783280000,513.28,513.46,513.04,513.09,945.0,4850.2666
1784783340000,513.26,513.29,513.2,513.23,204.0,1047.0335
1784783400000,513.11,513.19,512.78,512.8,390.0,2000.4372
1784783460000,512.87,513.01,512.5,512.95,368.0,1887.2587
1784783520000,512.99,513.16,512.67,512.68,317.0,1626.2063
1784783580000,513.07,513.37,513.07,513.08,263.0,1349.7703
1784783640000,513.13,513.38,512.94,512.95,196.0,1005.8771
1784783700000,512.92,512.97,512.61,512.82,208.0,1066.6486
1784783760000,512.81,512.82,512.08,512.17,233.0,1193.8764
1784783820000,512.33,512.97,512.33,512.97,226.0,1158.6677
1784783880000,512.98,513.26,512.98,513.21,171.0,877.5569
1784783940000,513.24,513.24,512.71,512.71,232.0,1189.9453
1784784000000,512.72,512.73,512.61,512.73,151.0,774.1378
1784784060000,512.63,513.26,512.63,512.96,334.0,1713.614
1784784120000,512.97,513.21,512.88,513.14,224.0,1149.2468
1784784180000,512.98,513.08,512.67,512.67,185.0,948.9175
1784784240000,512.79,513.14,512.77,513.11,376.0,1928.7308
1784784300000,513.16,513.73,513.15,513.73,414.0,2125.4125
1784784360000,513.75,514.58,513.75,514.58,624.0,3208.4795
1784784420000,514.59,515.73,514.59,515.38,498.0,2566.0989
1784784480000,515.57,515.85,515.53,515.76,984.0,5075.0669
1784784540000,515.72,516.34,515.72,516.34,2402.0,12393.7455
1784784600000,516.51,517.62,516.51,517.31,1924.0,9948.7775
1784784660000,517.24,517.67,517.04,517.04,1021.0,5281.9135
1784784720000,517.04,517.21,516.87,516.99,753.0,3893.7568
1784784780000,517.0,517.16,516.99,517.13,701.0,3624.672
1784784840000,517.11,517.28,516.51,516.79,774.0,4000.5684
1784784900000,516.75,516.98,516.38,516.38,786.0,4061.0164
1784784960000,516.48,516.66,516.3,516.3,630.0,3254.1278
1784785020000,516.34,516.73,516.32,516.62,377.0,1947.5488
1784785080000,516.59,516.68,516.25,516.25,689.0,3558.5435
1784785140000,516.29,516.4,516.22,516.37,190.0,980.9595
1784785200000,516.27,516.32,516.01,516.08,1619.0,8354.7292
1784785260000,516.29,516.33,516.04,516.13,561.0,2895.7308
1784785320000,516.15,516.32,515.91,516.12,390.0,2013.1035
1784785380000,516.09,516.2,515.88,515.91,606.0,3126.5956
1784785440000,515.88,515.89,515.81,515.84,357.0,1841.573
1784785500000,515.85,515.86,515.6,515.6,202.0,1041.8364
1784785560000,515.58,515.62,515.31,515.32,712.0,3670.8058
1784785620000,515.35,515.36,514.66,514.79,2835.0,14595.8671
1784785680000,515.06,515.38,514.93,515.36,1102.0,5676.5944
1784785740000,515.38,515.38,514.59,514.59,614.0,3162.5719
1784785800000,514.54,514.54,514.14,514.25,661.0,3399.9752
1784785860000,514.33,514.37,513.89,514.06,522.0,2683.8666
1784785920000,514.22,514.23,513.95,514.0,404.0,2077.0023
1784785980000,514.05,514.2,513.8,513.89,298.0,1531.666
1784786040000,513.88,514.07,513.8,514.07,326.0,1675.5379
1784786100000,513.91,514.66,513.91,514.54,347.0,1784.9498
1784786160000,514.66,515.27,514.66,515.26,372.0,1915.8762
1784786220000,515.21,515.21,514.7,515.03,544.0,2801.1218
1784786280000,514.97,515.03,514.72,514.75,531.0,2734.1235
1784786340000,514.71,514.76,514.58,514.69,375.0,1930.0327
1784786400000,514.71,515.47,514.54,515.41,1564.0,8056.4969
1784786460000,515.43,515.43,514.84,515.29,3430.0,17667.6152
1784786520000,514.72,514.72,514.39,514.39,197.0,1013.6202
1784786580000,514.39,514.42,513.99,514.05,471.0,2421.7795
1784786640000,514.04,514.58,513.98,514.58,2663.0,13689.7187
1784786700000,514.55,515.06,514.55,514.98,492.0,2533.4555
1784786760000,515.04,515.06,514.5,514.52,2473.0,12736.4528
1784786820000,514.49,514.64,513.86,513.96,777.0,3995.4866
1784786880000,513.98,514.07,513.91,513.97,2224.0,11429.7593
1784786940000,514.18,514.18,513.84,513.96,1019.0,5237.2926
1784787000000,513.96,514.79,513.95,514.65,1326.0,6815.4948
1784787060000,514.76,514.78,514.27,514.27,387.0,1991.1397
1784787120000,514.32,514.82,514.11,514.66,280.0,1440.4876
1784787180000,514.68,514.79,514.47,514.79,385.0,1981.313
1784787240000,514.84,515.26,514.84,514.97,2239.0,11534.2419
1784787300000,515.19,515.28,515.0,515.02,570.0,2936.1618
1784787360000,515.03,515.44,514.99,515.31,466.0,2400.9738
1784787420000,515.41,515.49,515.13,515.25,1221.0,6290.8805
1784787480000,515.12,515.29,514.34,514.4,3018.0,15531.8613
1784787540000,514.33,514.58,514.28,514.38,338.0,1738.6421
1784787600000,514.47,515.2,514.47,514.96,425.0,2188.1621
1784787660000,514.94,515.13,514.79,514.98,854.0,4397.9475
1784787720000,515.01,515.03,514.45,514.45,672.0,3460.0417
1784787780000,514.48,514.49,514.28,514.29,354.0,1820.8122
1784787840000,514.33,514.56,513.9,514.46,2154.0,11071.821
1784787900000,514.45,515.06,514.41,514.88,490.0,2522.3302
1784787960000,514.86,514.88,514.57,514.74,308.0,1585.3271
1784788020000,514.77,514.78,514.59,514.66,342.0,1760.1326
1784788080000,514.66,515.29,514.66,515.14,2209.0,11376.8583
1784788140000,515.13,515.56,515.13,515.56,1136.0,5853.6001
1784788200000,515.62,515.62,515.0,515.0,1158.0,5968.7796
1784788260000,515.0,515.62,514.82,515.29,492.0,2535.1023
1784788320000,515.31,515.47,515.16,515.47,265.0,1365.6196
1784788380000,515.6,516.12,515.58,515.99,310.0,1599.2623
1784788440000,516.16,516.36,515.97,516.35,6754.0,34870.8271
1784788500000,516.46,516.99,516.46,516.96,919.0,4747.5636
1784788560000,516.99,518.4,516.98,518.26,2406.0,12457.8477
1784788620000,518.33,518.36,517.68,518.04,3158.0,16352.086
1784788680000,518.03,518.08,516.73,516.73,993.0,5138.8954
1784788740000,516.91,516.91,516.43,516.43,188.0,971.1089
1784788800000,516.51,516.65,516.39,516.39,356.0,1838.7992
1784788860000,516.35,516.44,516.21,516.34,256.0,1321.7579
1784788920000,516.33,516.68,516.33,516.64,126.0,650.8667
1784788980000,516.61,516.65,516.27,516.33,230.0,1187.8983
1784789040000,516.19,516.21,516.01,516.01,306.0,1579.2269
1784789100000,516.0,516.19,515.9,516.19,3346.0,17263.1197
1784789160000,516.18,516.18,515.64,515.68,943.0,4864.0649
1784789220000,515.86,516.04,515.84,516.04,355.0,1831.6184
1784789280000,516.19,516.72,515.87,515.97,236.0,1218.4607
1784795760000,514.84,515.12,514.84,515.09,626.0
1784795820000,515.26,515.29,514.95,515.08,307.0
1784795880000,515.13,515.6,515.13,515.6,334.0
1784795940000,515.62,515.62,515.48,515.48,190.0
1784796000000,515.41,515.63,515.36,515.63,350.0
1784796060000,515.61,516.15,515.61,515.9,392.0
1784796120000,515.71,516.35,515.71,516.31,205.0
1784796180000,516.34,516.54,516.09,516.09,234.0
1784796240000,516.16,516.16,515.84,515.84,324.0
1784796300000,516.04,516.21,516.04,516.04,153.0
1784796360000,516.13,516.25,516.1,516.25,168.0
1784796420000,516.25,516.31,516.03,516.03,178.0
1784796480000,516.02,516.12,515.74,515.74,131.0
1784796540000,515.81,515.89,515.42,515.42,116.0
1784796600000,515.42,515.71,515.14,515.59,196.0
1784796660000,515.57,515.86,515.47,515.86,351.0
1784796720000,515.86,515.86,515.39,515.39,252.0
1784796780000,515.12,515.55,514.91,514.93,2560.0
1784796840000,514.78,515.04,514.35,514.35,563.0
1784796900000,514.46,514.57,514.23,514.57,1150.0
1784796960000,514.57,515.21,514.57,515.21,342.0
1784797020000,515.17,515.46,515.07,515.46,198.0
1784797080000,515.24,515.59,515.24,515.59,114.0
1784797140000,515.33,515.75,515.33,515.71,154.0
1784797200000,515.58,515.66,515.38,515.66,940.0
1784797260000,515.61,515.7,515.53,515.7,212.0
1784797320000,515.79,516.58,515.79,516.46,400.0
1784797380000,516.5,517.29,516.48,517.19,474.0
1784797440000,517.07,517.29,516.71,517.15,325.0
1784797500000,517.16,517.28,516.95,517.23,531.0
1784797560000,517.39,517.79,516.99,517.79,1634.0
1784797620000,517.82,518.44,517.7,517.7,819.0
1784797680000,517.86,518.03,517.77,517.87,647.0
1784797740000,517.93,518.05,515.56,517.19,4041.0
1784797800000,517.09,517.12,516.6,516.66,473.0
1784797860000,516.72,516.72,515.97,516.07,388.0
1784797920000,516.1,516.1,515.71,515.96,572.0
1784797980000,516.01,516.46,516.01,516.46,1226.0
1784798040000,516.53,517.06,516.51,517.06,273.0
1784798100000,517.07,517.38,516.82,517.29,441.0
1784798160000,517.28,517.45,517.26,517.39,384.0
1784798220000,517.46,517.5,516.89,517.15,336.0
1784798280000,517.23,517.82,517.22,517.48,680.0
1784798340000,517.66,517.78,517.52,517.74,262.0
1784798400000,517.81,517.96,517.69,517.96,246.0
1784798460000,517.69,517.81,517.24,517.24,321.0
1784798520000,517.31,517.65,516.9,517.3,1236.0
1784798580000,517.39,517.51,517.08,517.34,447.0
1784798640000,517.35,517.41,516.95,517.37,716.0
1784798700000,517.39,517.58,517.39,517.58,311.0
1784798760000,517.71,517.8,517.44,517.54,349.0
1784798820000,517.59,517.87,517.58,517.87,175.0
1784798880000,517.97,518.12,517.83,517.98,344.0
1784798940000,518.08,518.12,517.58,517.58,592.0
1784799000000,517.67,518.15,517.39,517.88,1680.0
1784799060000,517.81,517.86,517.44,517.6,1466.0
1784799120000,517.67,518.02,517.1,517.24,669.0
1784799180000,517.28,517.33,516.84,516.87,245.0
1784799240000,516.92,517.07,516.59,517.07,177.0
1784799300000,517.15,517.25,516.7,517.25,4342.0
1784799360000,517.12,517.23,516.99,516.99,371.0
1784799420000,516.84,517.0,516.78,517.0,162.0
1784799480000,516.82,516.89,516.72,516.89,87.0
1784799540000,516.77,516.79,516.59,516.59,75.0
1784799600000,516.38,516.49,516.28,516.36,348.0
1784799660000,516.28,516.43,516.16,516.43,251.0
1784799720000,516.47,516.95,516.47,516.78,335.0
1784799780000,516.81,516.82,516.29,516.48,432.0
1784799840000,516.43,516.43,515.88,516.01,1792.0
1784799900000,516.1,516.54,516.1,516.27,793.0
1784799960000,516.21,516.36,515.97,516.04,391.0
1784800020000,516.06,516.06,515.61,515.61,196.0
1784800080000,515.63,516.05,515.6,515.72,6154.0
1784800140000,515.7,515.86,515.47,515.47,311.0
1784800200000,515.39,515.69,515.38,515.53,329.0
1784800260000,515.52,515.64,515.03,515.58,2525.0
1784800320000,515.56,515.94,515.47,515.78,534.0
1784800380000,515.75,516.35,515.65,516.24,358.0
1784800440000,516.18,516.39,516.17,516.21,470.0
1784800500000,516.4,516.4,516.02,516.35,265.0
1784800560000,516.32,516.67,516.27,516.67,228.0
1784800620000,516.66,516.66,516.57,516.61,182.0
1784800680000,516.48,516.54,516.2,516.33,759.0
1784800740000,516.29,516.35,515.98,516.18,393.0
1784800800000,516.19,516.46,515.35,515.35,478.0
1784800860000,515.44,515.79,515.3,515.79,264.0
1784800920000,515.67,516.29,515.67,516.29,5298.0
1784800980000,516.23,516.56,515.99,516.56,430.0
1784801040000,516.58,516.66,516.41,516.53,231.0
1784801100000,516.66,516.97,516.66,516.69,209.0
1784801160000,516.68,516.84,516.68,516.79,173.0
1784801220000,516.82,516.82,516.45,516.49,498.0
1784801280000,516.54,516.54,515.79,515.79,212.0
1784801340000,515.66,515.74,515.5,515.61,337.0
1784801400000,515.53,516.14,515.39,516.14,440.0
1784801460000,516.06,516.06,515.47,515.47,190.0
1784801520000,515.39,515.69,515.31,515.67,635.0
1784801580000,515.61,515.82,515.44,515.79,329.0
1784801640000,515.79,516.19,515.72,516.19,270.0
1784801700000,516.18,516.56,516.17,516.31,476.0
1784801760000,516.39,516.66,516.2,516.57,345.0
1784801820000,516.35,516.35,515.97,516.23,346.0
1784801880000,516.1,516.21,515.68,515.68,301.0
1784801940000,515.59,515.64,515.41,515.41,393.0
1784802000000,515.39,515.43,515.27,515.32,177.0
1784802060000,515.22,515.43,515.17,515.2,180.0
1784802120000,515.19,515.19,514.91,514.91,2739.0
1784802180000,514.93,514.97,514.78,514.88,202.0
1784802240000,514.87,515.03,514.82,514.82,4638.0
1784802300000,514.82,515.16,514.78,515.08,566.0
1784802360000,515.02,515.13,515.0,515.1,1687.0
1784802420000,515.07,515.29,514.82,514.97,951.0
1784802480000,514.93,515.08,514.89,515.06,256.0
1784802540000,514.98,515.2,514.96,515.13,396.0
1784802600000,515.1,515.63,514.79,515.07,696.0
1784802660000,514.99,515.62,514.96,515.52,220.0
1784802720000,515.41,515.45,515.27,515.45,315.0
1784802780000,515.54,515.66,515.33,515.41,219.0
1784802840000,515.32,515.32,515.07,515.07,31.0
1784802900000,515.03,515.78,515.03,515.71,358.0
1784802960000,515.76,515.77,515.43,515.45,140.0
1784803020000,515.42,515.42,515.14,515.14,290.0
1784803080000,515.11,515.35,515.07,515.31,245.0
1784803140000,515.31,515.31,514.89,514.94,1569.0
1784803200000,514.89,515.33,514.75,515.15,486.0
1784803260000,515.11,515.28,515.07,515.07,565.0
1784803320000,515.17,515.17,514.96,514.96,144.0
1784803380000,514.92,515.07,514.81,515.07,461.0
1784803440000,515.06,515.11,514.96,514.96,135.0
1784803500000,514.91,515.27,514.82,515.19,454.0
1784803560000,515.16,515.44,514.89,514.9,395.0
1784803620000,514.84,514.97,514.67,514.88,455.0
1784803680000,514.81,514.81,514.78,514.78,41.0
1784803740000,514.89,514.95,514.86,514.91,265.0
1784803800000,514.78,514.78,514.65,514.77,81.0
1784803860000,514.71,514.73,514.61,514.61,367.0
1784803920000,514.6,514.78,514.57,514.63,154.0
1784803980000,514.6,514.88,514.59,514.83,349.0
1784804040000,514.77,514.81,514.68,514.77,248.0
1784804100000,514.65,515.01,514.6,514.83,236.0
1784804160000,514.77,515.19,514.76,515.02,319.0
1784804220000,514.99,515.04,514.73,514.81,210.0
1784804280000,514.69,514.69,514.68,514.68,189.0
1784804340000,514.67,514.85,514.55,514.72,310.0
1784804400000,514.75,514.76,514.57,514.61,435.0
1784804460000,514.57,514.82,514.57,514.63,358.0
1784804520000,514.63,514.89,514.62,514.76,235.0
1784804580000,514.72,515.01,514.66,515.01,252.0
1784804640000,515.02,515.31,515.01,515.23,318.0
1784804700000,515.32,515.32,514.74,514.76,113.0
1784804760000,514.78,514.92,514.78,514.92,249.0
1784804820000,514.81,514.85,514.79,514.85,86.0
1784804880000,514.84,514.95,514.82,514.87,1475.0
1784804940000,514.81,514.86,514.78,514.78,174.0
1784805000000,514.93,515.05,514.85,514.94,331.0
1784805060000,514.86,515.13,514.84,515.11,281.0
1784805120000,515.1,515.75,515.06,515.68,561.0
1784805180000,515.69,516.26,515.66,516.25,221.0
1784805240000,516.26,516.26,515.93,516.09,527.0
1784805300000,516.14,516.28,515.82,515.92,541.0
1784805360000,516.16,516.34,516.15,516.24,325.0
1784805420000,516.29,516.36,515.47,515.47,767.0
1784805480000,515.39,515.39,514.76,514.83,999.0
1784805540000,514.79,515.16,514.79,515.16,149.0
1784805600000,515.13,515.47,515.08,515.47,115.0
1784805660000,515.71,515.77,515.6,515.68,346.0
1784805720000,515.64,515.82,515.41,515.66,712.0
1784805780000,515.57,515.83,515.4,515.4,576.0
1784805840000,515.4,515.75,515.23,515.63,551.0
1784805900000,515.66,516.15,515.65,516.15,412.0
1784805960000,516.16,516.26,516.06,516.06,606.0
1784806020000,516.14,516.26,516.11,516.26,245.0
1784806080000,516.27,516.38,516.15,516.21,302.0
1784806140000,516.26,516.37,515.84,515.97,484.0
1784806200000,516.05,516.25,515.95,516.11,313.0
1784806260000,515.94,516.15,515.88,516.09,5097.0
1784806320000,516.21,516.54,515.79,515.79,259.0
1784806380000,515.66,516.15,515.52,515.56,250.0
1784806440000,515.95,516.7,515.95,516.7,236.0
1784806500000,516.73,516.78,516.21,516.21,395.0
1784806560000,516.25,516.57,516.09,516.22,410.0
1784806620000,516.25,516.25,515.85,515.98,375.0
1784806680000,515.96,516.34,515.84,516.13,351.0
1784806740000,516.35,516.95,516.22,516.87,6122.0
1784806800000,516.9,516.96,516.56,516.7,387.0
1784806860000,516.73,516.87,516.31,516.6,399.0
1784806920000,516.65,516.66,516.27,516.47,203.0
1784806980000,516.36,516.61,516.23,516.54,353.0
1784807040000,516.58,516.82,516.47,516.54,626.0
1784807100000,516.59,516.8,516.56,516.56,458.0
1784807160000,516.58,516.72,516.58,516.72,213.0
1784807220000,516.71,517.54,516.63,516.73,1331.0
1784807280000,516.88,517.11,516.75,517.11,417.0
1784807340000,517.08,517.18,516.85,517.1,474.0,2450.8503
1784807400000,517.13,517.33,516.73,516.73,366.0,1892.4637
1784807460000,516.63,517.07,516.63,517.07,437.0,2258.6468
1784807520000,517.12,517.79,516.64,516.64,745.0,3852.6197
1784807580000,516.65,517.03,516.65,516.66,250.0,1291.8919
1784807640000,516.71,516.83,516.44,516.45,487.0,2515.9285
1784807700000,516.54,516.58,516.35,516.45,208.0,1074.3352
1784807760000,516.64,516.88,516.51,516.88,313.0,1617.009
1784807820000,516.92,517.28,516.92,517.16,336.0,1737.6853
1784807880000,517.23,517.38,517.18,517.2,269.0,1391.4635
1784807940000,517.28,517.98,517.28,517.7,1179.0,6104.035
1784808000000,517.93,518.01,517.38,517.62,926.0,4792.7076
1784808060000,517.58,517.67,517.2,517.2,696.0,3601.4874
1784808120000,517.21,517.34,516.86,517.26,397.0,2053.1064
1784808180000,517.37,518.0,517.36,517.74,302.0,1563.4892
1784808240000,517.87,518.04,517.66,517.79,973.0,5038.536
1784808300000,517.94,517.98,516.91,517.04,575.0,2975.9186
1784808360000,517.05,517.14,516.78,516.96,262.0,1354.3737
1784808420000,516.86,516.86,516.38,516.73,408.0,2108.0892
1784808480000,516.7,516.91,516.64,516.78,349.0,1803.3868
1784808540000,516.74,516.97,516.74,516.82,396.0,2046.8331
1784808600000,516.99,517.26,516.99,517.25,336.0,1737.7402
1784808660000,517.28,517.61,517.26,517.41,365.0,1888.4207
1784808720000,517.45,517.45,517.12,517.12,430.0,2224.2604
1784808780000,517.18,517.5,517.12,517.49,323.0,1671.1175
1784808840000,517.5,518.09,517.5,517.85,637.0,3298.8307
1784808900000,517.88,518.13,517.71,518.0,500.0,2589.5231
1784808960000,518.04,518.04,516.54,516.57,4200.0,21718.6254
1784809020000,516.68,516.75,515.64,516.24,800.0,4130.3577
1784809080000,516.16,516.16,515.57,515.58,1107.0,5710.1891
1784809140000,515.47,515.6,515.01,515.01,1080.0,5566.4968
1784809200000,514.99,515.87,514.75,515.87,856.0,4411.8019
1784809260000,515.91,516.39,515.91,516.39,255.0,1316.0668
1784809320000,516.39,516.89,516.39,516.79,305.0,1575.794
1784809380000,516.57,516.57,515.97,515.98,714.0,3686.5825
1784809440000,515.89,515.89,515.08,515.27,555.0,2860.8183
1784809500000,515.36,515.51,514.81,514.92,5798.0,29872.248
1784809560000,514.86,515.36,514.73,515.07,589.0,3033.7105
1784809620000,515.07,515.25,514.86,514.97,905.0,4660.7193
1784809680000,514.98,515.06,514.69,514.72,1465.0,7541.9258
1784809740000,514.68,515.06,514.54,514.99,623.0,3206.5616
1784809800000,514.93,515.02,514.61,514.81,1393.0,7170.8575
1784809860000,514.69,514.71,514.07,514.11,2893.0,14883.8236
1784809920000,514.07,514.15,513.71,513.86,2267.0,11650.9934
1784809980000,513.81,513.95,513.24,513.64,1265.0,6497.1954
1784810040000,513.6,513.6,512.75,513.07,3692.0,18936.81
1784810100000,512.93,513.21,512.81,512.94,2808.0,14405.1916
1784810160000,512.93,512.94,511.86,511.86,6225.0,31903.9581
1784810220000,511.67,512.38,510.81,511.92,13344.0,68333.2659
1784810280000,511.86,513.3,511.82,512.9,12712.0,65121.317
1784810340000,512.95,512.98,512.43,512.53,4467.0,22906.7252
1784810400000,512.63,512.63,511.99,512.39,2088.0,10695.0504
1784810460000,512.36,512.37,511.87,511.92,650.0,3328.2151
1784810520000,511.86,511.9,511.27,511.27,439.0,2246.1024
1784810580000,511.25,512.33,511.09,511.87,735.0,3761.0937
1784810640000,511.83,511.95,511.37,511.74,1173.0,6000.6614
1784810700000,511.48,512.27,511.26,511.52,520.0,2660.2747
1784810760000,511.52,511.53,510.65,510.92,4803.0,24552.0069
1784810820000,510.88,510.99,509.38,509.48,11050.0,56392.6321
1784810880000,509.52,511.78,509.44,511.52,3520.0,17978.8384
1784810940000,511.7,513.46,511.68,513.43,1027.0,5262.0059
1784811000000,513.33,513.37,512.95,513.36,2745.0,14087.6697
1784811060000,513.34,514.1,513.34,513.74,451.0,2316.927
1784811120000,513.7,513.7,512.43,512.98,795.0,4079.8416
1784811180000,512.97,513.86,512.97,513.46,1077.0,5530.899
1784811240000,513.46,513.67,513.18,513.67,389.0,1997.2301
1784811300000,513.71,513.82,513.44,513.54,330.0,1695.0523
1784811360000,513.53,513.93,513.53,513.83,414.0,2126.6724
1784811420000,513.6,513.91,513.6,513.89,192.0,986.51
1784811480000,513.97,514.21,513.5,513.5,749.0,3848.3723
1784811540000,513.5,513.73,513.45,513.7,765.0,3929.3732
1784811600000,513.64,514.21,512.82,514.21,1805.0,9264.171
1784811660000,513.86,514.05,513.49,513.94,1089.0,5592.8531
1784811720000,514.07,514.13,513.08,513.29,573.0,2942.5243
1784811780000,513.2,513.31,512.67,513.07,754.0,3868.3016
1784811840000,513.14,513.29,512.57,512.78,1691.0,8670.9885
1784811900000,512.85,512.99,512.47,512.89,1507.0,7725.7112
1784811960000,512.83,513.01,512.39,512.5,621.0,3183.7475
1784812020000,512.61,513.65,512.61,513.59,922.0,4730.0637
1784812080000,513.75,513.87,512.68,512.83,659.0,3382.9604
1784812140000,512.87,513.66,512.87,513.39,655.0,3362.1925
1784812200000,513.38,513.44,512.79,513.29,434.0,2226.9266
1784812260000,513.32,513.79,513.18,513.5,561.0,2880.5791
1784812320000,513.35,513.78,513.05,513.75,833.0,4276.8195
1784812380000,513.49,513.76,512.47,512.91,764.0,3920.7883
1784812440000,512.87,512.96,511.08,512.27,4587.0,23477.4256
1784812500000,512.67,513.03,512.51,512.51,2800.0,14363.827
1784812560000,512.43,513.07,512.35,513.07,229.0,1173.5326
1784812620000,513.36,513.53,513.1,513.53,289.0,1483.21
1784812680000,513.19,513.19,512.67,512.81,106.0,543.7011
1784812740000,512.97,512.97,512.41,512.44,181.0,928.0332
1784812800000,512.99,513.6,512.72,513.6,1066.0,5471.7806
1784812860000,513.66,513.76,513.59,513.61,348.0,1787.6093
1784812920000,513.7,513.75,512.72,512.83,348.0,1785.0011
1784812980000,512.68,512.68,512.38,512.5,288.0,1476.0074
1784813040000,512.58,512.64,512.36,512.37,98.0,502.2491
1784813100000,512.55,512.71,511.41,511.97,5082.0,26002.7321
1784813160000,511.93,512.24,511.29,511.8,1642.0,8401.9148
1784813220000,511.8,513.34,511.62,512.87,4343.0,22262.8859
1784813280000,512.99,513.63,512.99,513.15,2326.0,11938.5041
1784813340000,513.16,513.16,512.62,512.91,566.0,2903.5168
1784813400000,512.82,514.48,512.82,513.87,1884.0,9677.3047
1784813460000,514.1,514.91,513.91,514.91,420.0,2160.9405
1784813520000,514.95,517.07,514.51,517.06,14852.0,76625.0664
1784813580000,516.99,518.5,516.99,517.98,1484.0,7681.5085
1784813640000,518.15,518.19,517.29,518.18,952.0,4927.329
1784813700000,517.96,519.99,517.8,519.1,5604.0,29106.3379
1784813760000,518.94,519.53,518.19,519.4,1296.0,6722.0257
1784813820000,519.69,520.0,518.47,519.03,16564.0,86055.441
1784813880000,518.95,518.99,517.26,517.43,13741.0,71158.7514
1784813940000,517.53,517.78,516.87,517.12,8823.0,45653.4873
1784814000000,517.12,517.63,516.82,517.54,25323.0,130976.9857
1784814060000,517.46,518.77,517.46,518.77,3219.0,16676.9258
1784814120000,518.62,519.12,518.46,518.63,4957.0,25710.7048
1784814180000,518.82,519.14,517.39,517.4,1800.0,9328.3974
1784814240000,517.52,517.91,516.99,517.89,382.0,1976.6614
1784814300000,517.82,518.11,516.99,517.35,3931.0,20344.2232
1784814360000,517.11,517.93,516.62,517.93,3466.0,17920.0389
1784814420000,517.47,517.53,516.04,516.59,925.0,4781.6478
1784814480000,516.97,517.4,515.52,515.64,2788.0,14402.6744
1784814540000,515.61,516.33,515.3,516.12,1192.0,6146.5663
1784814600000,516.08,516.58,515.39,516.58,2083.0,10750.7874
1784814660000,516.57,516.61,515.39,515.56,263.0,1356.8392
1784814720000,515.62,515.88,515.16,515.39,808.0,4163.6759
1784814780000,515.56,515.93,515.1,515.93,305.0,1571.8365
1784814840000,515.9,517.02,515.86,516.4,1129.0,5832.6474
1784814900000,516.36,517.1,516.21,516.32,10530.0,54417.9121
1784814960000,516.3,516.35,515.79,515.79,368.0,1899.3747
1784815020000,515.45,516.06,515.41,515.71,266.0,1371.7478
1784815080000,515.88,515.88,515.19,515.69,1326.0,6837.0865
1784815140000,515.71,515.98,514.93,514.94,986.0,5083.6418
1784815200000,515.18,515.31,514.78,514.81,517.0,2662.7391
1784815260000,514.77,515.2,514.54,514.75,550.0,2831.2212
1784815320000,514.75,515.18,512.32,514.15,1926.0,9891.3219
1784815380000,513.94,513.94,512.88,512.88,1023.0,5252.2252
1784815440000,512.84,514.01,512.8,513.81,709.0,3639.9067
1784815500000,513.9,514.21,513.49,514.21,547.0,2810.4169
1784815560000,514.26,514.66,514.08,514.66,625.0,3214.7393
1784815620000,514.45,514.98,514.35,514.69,276.0,1420.3404
1784815680000,514.52,514.93,513.52,513.52,1935.0,9948.6957
1784815740000,513.62,514.67,513.52,514.38,938.0,4820.8026
1784815800000,514.5,516.82,514.5,516.77,5613.0,28979.433
1784815860000,516.81,516.91,516.28,516.5,8539.0,44115.5533
1784815920000,516.65,517.53,516.44,517.33,544.0,2812.4062
1784815980000,517.62,517.65,516.99,517.08,344.0,1779.7285
1784816040000,517.13,517.39,516.61,517.06,4657.0,24084.0612
1784816100000,517.03,517.72,516.99,517.41,598.0,3093.9559
1784816160000,517.33,517.98,517.33,517.98,154.0,797.3317
1784816220000,518.01,518.01,517.71,517.98,166.0,859.5659
1784816280000,517.97,518.01,517.37,517.37,541.0,2800.7831
1784816340000,517.66,518.53,517.52,518.53,1522.0,7886.0798
1784816400000,518.58,518.84,518.19,518.19,629.0,3261.421
1784816460000,518.27,518.67,517.87,518.62,281.0,1456.259
1784816520000,518.67,519.7,518.67,518.99,458.0,2378.2543
1784816580000,518.83,518.83,518.1,518.61,3474.0,18009.9256
1784816640000,518.27,518.46,517.3,517.66,1353.0,7009.7001
1784816700000,517.69,518.65,517.69,518.54,1114.0,5774.864
1784816760000,518.59,519.06,518.27,518.51,400.0,2074.7472
1784816820000,518.66,518.66,518.2,518.59,450.0,2332.7408
1784816880000,518.56,518.56,518.03,518.03,373.0,1933.3107
1784816940000,517.98,518.35,517.96,518.14,374.0,1937.7372
1784817000000,518.14,518.46,517.9,518.07,476.0,2466.5669
1784817060000,518.03,518.58,517.34,517.36,232.0,1201.2506
1784817120000,517.26,517.74,516.99,517.15,467.0,2416.254
1784817180000,517.26,517.54,516.91,517.48,391.0,2022.6654
1784817240000,517.79,518.37,517.79,518.19,90.0,466.4348
1784817300000,518.37,518.38,517.92,517.98,869.0,4501.3457
1784817360000,518.13,518.49,518.06,518.4,281.0,1456.3453
1784817420000,518.39,519.16,518.1,518.99,1281.0,6642.4269
1784817480000,518.78,518.87,518.27,518.27,810.0,4200.3148
1784817540000,518.2,518.27,517.88,517.98,447.0,2315.5216
1784817600000,518.17,522.93,518.17,521.06,26243.0,136730.2519
1784817660000,520.72,520.96,519.79,520.01,11722.0,60959.3071
1784817720000,520.13,520.18,519.0,519.07,2434.0,12651.052
1784817780000,519.1,519.1,518.59,518.59,379.0,1966.3995
1784817840000,518.39,518.49,516.81,516.95,1544.0,7988.8312
1784817900000,516.94,517.08,516.54,516.54,549.0,2836.8895
1784817960000,516.3,516.3,515.48,516.02,577.0,2976.8075
1784818020000,516.07,516.07,515.12,515.32,692.0,3567.0254
1784818080000,515.15,515.47,514.73,515.29,1176.0,6057.4604
1784818140000,515.27,515.4,515.03,515.13,425.0,2189.1782
1784818200000,515.41,515.46,514.06,514.66,976.0,5023.4901
1784818260000,514.35,514.59,513.53,513.55,8488.0,43656.3037
1784818320000,513.52,514.44,513.43,514.21,2431.0,12489.6324
1784818380000,514.2,514.2,513.56,513.79,2571.0,13210.3498
1784818440000,513.88,514.01,513.47,513.72,604.0,3103.1982
1784818500000,513.71,514.02,513.34,513.85,949.0,4873.2246
1784818560000,513.83,514.25,513.66,513.91,1741.0,8948.3697
1784818620000,513.91,514.24,513.74,514.24,239.0,1228.21
1784818680000,514.01,514.01,513.47,513.9,685.0,3519.6724
1784818740000,513.71,514.77,513.64,514.37,966.0,4967.1156
1784818800000,514.28,514.45,513.79,514.02,670.0,3444.9691
1784818860000,514.06,514.06,513.29,513.78,681.0,3498.1705
1784818920000,513.64,514.75,513.62,513.97,2376.0,12214.475
1784818980000,513.87,515.06,513.64,514.34,3362.0,17306.6615
1784819040000,514.27,514.27,513.78,513.98,1226.0,6301.2384
1784819100000,513.95,513.97,513.19,513.29,706.0,3624.7551
1784819160000,513.26,513.41,512.75,513.21,1444.0,7408.222
1784819220000,513.23,513.98,512.86,513.75,2057.0,10564.8149
1784819280000,513.61,513.66,512.69,513.03,8247.0,42307.8244
1784825760000,515.19,515.29,514.98,515.25,339.0
1784825820000,515.25,515.46,515.11,515.36,444.0
1784825880000,515.46,515.6,515.12,515.12,131.0
1784825940000,515.07,515.07,514.03,514.03,199.0
1784826000000,513.97,514.79,513.65,514.47,401.0
1784826060000,514.35,514.39,514.19,514.39,158.0
1784826120000,514.47,514.47,513.59,514.05,486.0
1784826180000,514.01,514.18,513.7,513.85,432.0
1784826240000,513.74,514.03,513.62,513.79,260.0
1784826300000,513.74,513.74,513.52,513.69,286.0
1784826360000,513.94,514.68,513.9,513.9,205.0
1784826420000,513.99,514.16,513.87,513.9,97.0
1784826480000,513.79,514.52,513.77,514.01,163.0
1784826540000,513.97,514.34,513.9,513.96,208.0
1784826600000,514.0,514.44,514.0,514.34,237.0
1784826660000,514.29,514.45,514.02,514.02,205.0
1784826720000,514.0,514.24,513.83,514.11,203.0
1784826780000,514.08,514.15,513.54,513.54,170.0
1784826840000,513.6,513.6,513.35,513.48,297.0
1784826900000,513.4,513.65,513.27,513.29,252.0
1784826960000,513.56,513.83,513.0,513.0,1069.0
1784827020000,513.0,513.09,512.81,512.87,210.0
1784827080000,512.91,513.47,512.78,513.26,492.0
1784827140000,513.39,513.45,513.07,513.07,1010.0
1784827200000,513.04,513.42,512.91,513.35,707.0
1784827260000,513.39,513.54,512.99,512.99,1716.0
1784827320000,512.82,513.2,512.82,513.19,257.0
1784827380000,513.1,513.48,512.94,513.34,1412.0
1784827440000,513.31,513.51,513.15,513.31,338.0
1784827500000,513.16,513.31,512.9,512.93,162.0
1784827560000,512.95,513.18,512.95,513.09,233.0
1784827620000,513.09,513.15,512.94,512.94,51.0
1784827680000,512.91,513.04,512.91,512.94,323.0
1784827740000,512.94,513.17,512.89,512.95,204.0
1784827800000,512.97,512.97,512.78,512.83,348.0
1784827860000,512.78,512.79,512.55,512.74,2768.0
1784827920000,512.53,512.72,512.29,512.6,228.0
1784827980000,512.57,513.37,512.57,513.15,1489.0
1784828040000,512.97,513.13,512.7,512.7,292.0
1784828100000,512.67,512.97,512.35,512.37,188.0
1784828160000,512.27,512.44,512.24,512.24,2383.0
1784828220000,512.21,512.27,511.48,511.56,292.0
1784828280000,511.52,511.72,511.45,511.72,381.0
1784828340000,511.74,511.74,511.13,511.25,1520.0
1784828400000,511.13,511.28,511.0,511.01,2674.0
1784828460000,511.0,511.01,510.75,511.0,8716.0
1784828520000,510.95,510.95,510.2,510.37,884.0
1784828580000,510.35,510.45,510.11,510.19,5184.0
1784828640000,510.18,510.21,509.52,509.78,2189.0
1784828700000,509.52,510.11,508.32,510.0,3596.0
1784828760000,509.92,510.36,509.86,510.04,865.0
1784828820000,509.9,510.41,508.55,508.55,2123.0
1784828880000,508.53,509.25,507.67,509.16,4101.0
1784828940000,509.08,509.08,508.68,508.69,484.0
1784829000000,508.67,508.67,507.88,508.2,566.0
1784829060000,508.11,508.11,506.19,506.8,2403.0
1784829120000,506.92,507.46,506.68,506.68,941.0
1784829180000,506.71,507.06,506.34,506.86,667.0
1784829240000,506.87,506.87,506.34,506.48,518.0
1784829300000,506.47,506.76,506.36,506.36,444.0
1784829360000,506.32,506.32,503.39,505.41,21882.0
1784829420000,505.47,505.8,504.97,505.35,1968.0
1784829480000,505.28,505.73,504.26,505.39,5060.0
1784829540000,505.51,505.51,504.76,504.88,929.0
1784829600000,505.0,506.1,504.6,506.04,4947.0
1784829660000,506.16,507.47,506.11,507.47,4239.0
1784829720000,507.25,507.54,507.08,507.46,3141.0
1784829780000,507.48,507.75,507.3,507.44,6248.0
1784829840000,507.14,507.31,506.28,506.57,665.0
1784829900000,506.51,506.87,506.09,506.87,679.0
1784829960000,507.07,507.91,507.07,507.91,201.0
1784830020000,507.77,507.77,507.0,507.0,491.0
1784830080000,507.0,507.86,507.0,507.7,7372.0
1784830140000,507.69,507.69,507.2,507.48,400.0
1784830200000,507.37,507.47,507.0,507.36,437.0
1784830260000,507.06,507.63,506.7,507.42,387.0
1784830320000,507.25,507.32,506.83,507.19,707.0
1784830380000,507.13,507.17,506.51,506.51,461.0
1784830440000,506.71,506.83,506.54,506.76,284.0
1784830500000,506.69,507.2,506.58,507.13,4634.0
1784830560000,507.26,507.4,506.7,506.7,364.0
1784830620000,506.69,507.06,506.38,506.41,404.0
1784830680000,506.29,506.82,502.77,503.26,17702.0
1784830740000,503.54,504.08,502.8,503.62,18463.0
1784830800000,503.65,504.65,503.5,504.65,2548.0
1784830860000,504.66,506.48,504.32,506.48,1233.0
1784830920000,506.35,508.0,506.17,507.75,21140.0
1784830980000,507.8,507.95,507.54,507.92,6768.0
1784831040000,507.93,509.04,507.89,508.83,11871.0
1784831100000,508.96,509.45,508.59,508.59,3153.0
1784831160000,508.77,510.02,508.77,509.95,10922.0
1784831220000,509.99,510.44,509.99,510.32,957.0
1784831280000,510.25,510.4,510.06,510.28,785.0
1784831340000,510.4,511.09,510.4,510.47,2593.0
1784831400000,510.67,510.67,510.16,510.16,551.0
1784831460000,510.34,510.67,510.34,510.43,297.0
1784831520000,510.77,510.87,510.56,510.67,97.0
1784831580000,510.35,510.74,510.26,510.74,1903.0
1784831640000,510.69,510.75,510.42,510.55,431.0
1784831700000,510.64,510.64,510.01,510.01,312.0
1784831760000,509.85,510.69,509.81,510.53,705.0
1784831820000,510.53,510.63,509.87,510.25,861.0
1784831880000,509.87,509.93,509.21,509.24,356.0
1784831940000,509.45,509.49,508.98,509.23,661.0
1784832000000,509.18,509.25,508.17,508.26,603.0
1784832060000,508.4,508.66,506.68,507.24,6800.0
1784832120000,507.27,507.72,506.94,507.23,731.0
1784832180000,507.3,508.37,507.3,508.33,896.0
1784832240000,508.24,508.24,507.7,507.97,342.0
1784832300000,507.97,508.65,507.74,508.65,732.0
1784832360000,508.77,509.88,508.77,509.88,567.0
1784832420000,510.09,510.99,509.96,510.36,7412.0
1784832480000,510.74,511.1,510.55,510.6,428.0
1784832540000,510.64,510.64,509.94,510.44,5872.0
1784832600000,510.5,510.5,510.05,510.15,815.0
1784832660000,510.3,510.69,510.14,510.42,398.0
1784832720000,510.5,511.03,510.45,510.89,836.0
1784832780000,510.83,511.46,510.69,510.9,3552.0
1784832840000,510.9,511.03,510.41,510.41,1646.0
1784832900000,510.42,510.42,508.78,509.56,3689.0
1784832960000,509.65,509.67,509.04,509.11,1398.0
1784833020000,509.15,509.23,508.7,509.23,611.0
1784833080000,509.39,509.63,509.39,509.58,327.0
1784833140000,509.55,509.79,509.35,509.78,1380.0
1784833200000,509.7,509.7,508.79,509.22,1461.0
1784833260000,509.18,509.8,509.03,509.67,1066.0
1784833320000,509.68,509.74,509.46,509.46,380.0
1784833380000,509.28,509.34,509.0,509.23,379.0
1784833440000,509.28,509.43,509.28,509.36,243.0
1784833500000,509.38,509.38,509.06,509.18,435.0
1784833560000,509.3,509.3,508.96,509.18,387.0
1784833620000,509.2,509.23,508.85,508.93,942.0
1784833680000,508.8,508.96,508.51,508.52,204.0
1784833740000,508.51,508.54,508.0,508.18,991.0
1784833800000,508.12,508.33,507.63,507.63,734.0
1784833860000,507.52,507.52,506.78,506.91,4838.0
1784833920000,506.98,507.47,506.06,506.55,3479.0
1784833980000,506.42,507.22,506.28,506.99,3040.0
1784834040000,507.08,507.34,507.08,507.15,473.0
1784834100000,507.18,508.04,507.13,507.77,1845.0
1784834160000,507.94,508.3,507.94,508.26,296.0
1784834220000,508.31,508.59,508.17,508.48,4761.0
1784834280000,508.45,508.45,507.51,507.51,4191.0
1784834340000,507.47,507.69,507.34,507.59,1197.0
1784834400000,507.65,507.95,507.5,507.77,5418.0
1784834460000,507.77,507.97,507.72,507.72,1336.0
1784834520000,507.79,507.79,507.41,507.59,334.0
1784834580000,507.59,508.58,507.5,508.58,290.0
1784834640000,508.59,508.95,508.55,508.95,544.0
1784834700000,508.94,509.19,508.87,508.94,893.0
1784834760000,508.98,509.39,508.93,509.0,1103.0
1784834820000,509.01,509.08,508.78,508.83,2026.0
1784834880000,508.77,509.03,508.61,508.61,1500.0
1784834940000,508.61,509.03,508.61,508.73,494.0
1784835000000,508.74,509.14,508.74,508.94,332.0
1784835060000,508.96,509.0,508.73,508.81,414.0
1784835120000,508.8,509.04,508.56,508.8,703.0
1784835180000,508.84,508.98,508.47,508.98,219.0
1784835240000,508.86,508.91,508.55,508.61,1854.0
1784835300000,508.54,508.56,508.19,508.19,349.0
1784835360000,508.06,508.46,507.95,508.46,792.0
1784835420000,508.58,508.58,507.75,507.81,2226.0
1784835480000,507.67,507.73,507.42,507.47,406.0
1784835540000,507.47,507.54,507.08,507.32,1025.0
1784835600000,507.07,507.28,506.92,507.28,908.0
1784835660000,507.32,507.32,506.84,506.99,571.0
1784835720000,506.92,507.14,506.67,506.85,2016.0
1784835780000,506.84,507.06,506.75,506.8,1280.0
1784835840000,506.59,506.8,506.3,506.8,839.0
1784835900000,506.66,506.66,501.72,502.67,55780.0
1784835960000,502.6,502.96,502.29,502.93,2973.0
1784836020000,502.84,503.27,502.84,503.18,1042.0
1784836080000,503.2,503.2,497.67,498.87,61381.0
1784836140000,498.7,499.71,496.24,497.34,70185.0
1784836200000,497.35,498.68,497.33,497.81,5185.0
1784836260000,497.72,498.67,497.13,498.67,2444.0
1784836320000,498.57,498.75,497.08,497.47,3176.0
1784836380000,497.87,499.15,497.87,499.06,7122.0
1784836440000,499.0,499.0,498.43,498.8,2572.0
1784836500000,498.92,499.23,498.39,498.88,2013.0
1784836560000,498.72,499.85,498.72,499.65,361.0
1784836620000,499.65,499.78,499.1,499.12,1415.0
1784836680000,499.13,500.02,499.13,500.02,503.0
1784836740000,500.09,500.42,499.47,500.08,7646.0
1784836800000,500.01,500.64,499.67,500.47,2887.0
1784836860000,500.47,501.62,500.44,501.62,4220.0
1784836920000,501.45,501.53,500.44,501.21,1783.0
1784836980000,501.28,502.16,501.28,502.13,6641.0
1784837040000,502.17,502.69,502.14,502.69,19276.0
1784837100000,502.74,502.74,502.27,502.65,3163.0
1784837160000,502.64,503.87,502.64,503.58,3781.0
1784837220000,503.63,504.14,503.63,503.75,1575.0
1784837280000,503.83,504.14,503.7,503.74,1373.0
1784837340000,503.77,503.98,503.41,503.73,2381.0,11992.2774
1784837400000,503.79,504.24,503.76,503.76,3894.0,19623.1724
1784837460000,503.77,504.25,503.77,504.02,3716.0,18728.5772
1784837520000,503.97,504.07,503.57,503.95,1731.0,8723.3343
1784837580000,503.74,504.11,503.74,503.92,500.0,2519.5687
1784837640000,504.19,505.08,503.97,504.67,1546.0,7801.1578
1784837700000,504.46,504.66,504.16,504.43,2996.0,15110.469
1784837760000,504.42,505.22,504.39,504.93,491.0,2478.667
1784837820000,504.94,505.24,504.77,504.81,10187.0,51425.5967
1784837880000,504.81,505.25,504.67,504.7,2081.0,10505.1864
1784837940000,504.71,504.84,504.45,504.46,325.0,1639.8726
1784838000000,504.43,504.81,503.99,504.08,625.0,3152.6563
1784838060000,504.15,504.57,504.0,504.33,433.0,2183.7026
1784838120000,504.55,504.94,504.55,504.76,988.0,4986.915
1784838180000,504.75,504.8,504.29,504.44,1746.0,8807.7139
1784838240000,504.46,504.46,503.9,503.9,423.0,2132.8578
1784838300000,503.87,504.26,503.8,503.95,1068.0,5383.3847
1784838360000,503.95,504.35,503.93,504.08,254.0,1280.2647
1784838420000,504.07,504.38,504.0,504.35,716.0,3609.6139
1784838480000,504.51,504.66,504.24,504.28,496.0,2502.016
1784838540000,504.28,504.28,503.16,503.33,757.0,3811.2835
1784838600000,503.27,503.27,502.89,502.89,665.0,3344.8718
1784838660000,502.82,503.17,502.68,502.69,1073.0,5397.0639
1784838720000,502.74,503.22,502.52,502.61,3456.0,17379.1957
1784838780000,502.61,502.87,502.33,502.62,3445.0,17318.0306
1784838840000,502.67,502.84,502.64,502.65,418.0,2101.2478
1784838900000,502.51,502.98,502.37,502.98,958.0,4814.2704
1784838960000,502.99,503.4,502.87,503.01,7584.0,38173.7483
1784839020000,503.01,503.1,502.99,503.03,2132.0,10725.0907
1784839080000,502.96,503.35,502.27,502.47,3754.0,18884.1006
1784839140000,502.49,502.77,502.28,502.28,2247.0,11289.5249
1784839200000,502.36,502.36,502.13,502.16,471.0,2365.3895
1784839260000,502.19,502.93,502.17,502.93,1376.0,6915.0173
1784839320000,502.98,502.98,502.28,502.32,698.0,3507.7551
1784839380000,502.32,502.68,502.32,502.68,573.0,2879.6601
1784839440000,502.8,502.9,502.79,502.8,381.0,1915.8241
1784839500000,502.82,502.82,502.21,502.35,392.0,1969.3647
1784839560000,502.56,502.72,502.41,502.66,891.0,4477.8726
1784839620000,502.65,502.92,502.38,502.92,397.0,1995.7763
1784839680000,502.99,503.06,502.81,502.91,557.0,2801.3826
1784839740000,502.79,502.85,502.42,502.43,3094.0,15553.4834
1784839800000,502.39,502.81,502.33,502.81,408.0,2050.7305
1784839860000,502.78,502.98,502.76,502.76,2524.0,12694.6415
1784839920000,502.75,502.75,502.13,502.3,381.0,1914.1951
1784839980000,502.3,502.58,502.3,502.58,722.0,3627.0792
1784840040000,502.58,502.81,502.58,502.73,313.0,1573.5071
1784840100000,502.72,502.89,502.42,502.89,776.0,3899.9673
1784840160000,502.88,503.3,502.88,503.17,1488.0,7487.5661
1784840220000,503.17,503.86,503.17,503.55,828.0,4168.7379
1784840280000,503.4,504.12,503.24,504.09,1123.0,5655.8347
1784840340000,504.03,504.11,503.89,503.97,418.0,2106.7019
1784840400000,503.94,504.36,503.67,504.36,452.0,2278.4326
1784840460000,504.32,505.87,504.32,505.8,2858.0,14438.5443
1784840520000,505.84,507.07,505.84,506.33,3668.0,18578.8628
1784840580000,506.44,506.54,506.05,506.05,722.0,3656.0068
1784840640000,506.28,506.37,505.82,505.91,507.0,2566.0926
1784840700000,505.93,506.02,505.8,505.85,305.0,1543.1562
1784840760000,505.88,505.88,505.51,505.51,364.0,1840.7177
1784840820000,505.59,505.85,505.52,505.85,270.0,1365.3953
1784840880000,505.86,505.99,505.6,505.6,261.0,1320.296
1784840940000,505.61,505.66,504.98,504.98,915.0,4623.519
1784841000000,504.9,504.96,504.62,504.96,280.0,1413.5803
1784841060000,504.76,505.16,504.67,504.67,324.0,1635.7805
1784841120000,504.77,504.77,504.59,504.59,149.0,751.9372
1784841180000,504.36,504.36,503.94,504.27,487.0,2455.8553
1784841240000,504.28,504.28,503.81,503.84,125.0,629.9719
1784841300000,504.02,504.05,503.85,503.99,145.0,730.7626
1784841360000,504.2,504.58,504.2,504.58,1999.0,10083.7072
1784841420000,504.44,504.44,503.15,503.15,1035.0,5213.2454
1784841480000,503.3,503.72,503.3,503.67,289.0,1455.1106
1784841540000,503.39,503.39,502.99,503.17,409.0,2058.0162
1784841600000,503.07,503.1,502.86,502.86,487.0,2449.9486
1784841660000,502.83,503.08,502.83,502.9,523.0,2630.0284
1784841720000,502.94,503.09,502.91,502.95,125.0,628.7119
1784841780000,503.09,504.03,503.09,504.03,2000.0,10068.157
1784841840000,504.13,504.41,504.05,504.05,579.0,2920.066
1784841900000,503.9,504.24,503.9,504.01,779.0,3927.1062
1784841960000,504.02,504.24,503.58,504.12,446.0,2246.7015
1784842020000,504.25,504.25,503.48,503.48,227.0,1143.8784
1784842080000,503.73,503.8,503.67,503.8,165.0,831.1568
1784842140000,503.51,503.75,503.51,503.75,537.0,2704.2722
1784842200000,503.74,504.19,503.51,504.19,466.0,2348.512
1784842260000,504.27,504.4,504.25,504.25,299.0,1507.9404
1784842320000,504.14,504.14,503.79,503.79,498.0,2509.4055
1784842380000,503.64,504.09,503.64,503.78,128.0,644.8687
1784842440000,503.75,504.08,503.75,504.06,396.0,1995.468
1784842500000,504.05,504.48,504.05,504.48,646.0,3257.3834
1784842560000,504.49,504.49,503.94,504.08,299.0,1507.2537
1784842620000,504.01,504.01,503.0,503.02,1774.0,8925.2606
1784842680000,503.0,503.08,502.55,502.63,1058.0,5320.2762
1784842740000,502.59,503.04,502.5,502.72,2973.0,14949.5163
1784842800000,502.46,502.56,502.09,502.16,1343.0,6746.539
1784842860000,502.43,502.43,502.43,502.43,53.0,266.2879
1784842920000,502.43,502.72,502.43,502.72,604.0,3035.7175
1784842980000,502.45,502.45,502.18,502.25,138.0,693.1754
1784843040000,502.16,502.31,502.16,502.27,137.0,688.088
1784843100000,502.26,502.67,502.26,502.67,128.0,643.0317
1784843160000,503.01,503.22,503.01,503.08,399.0,2007.5613
1784843220000,503.0,503.16,503.0,503.16,204.0,1026.3057
1784843280000,503.17,503.28,503.17,503.22,224.0,1127.1901
1784843340000,503.22,503.26,503.19,503.23,306.0,1539.9058
1784843400000,503.23,503.23,503.17,503.17,308.0,1549.8782
1784843460000,503.19,503.32,503.17,503.3,162.0,815.3145
1784843520000,503.36,503.53,503.21,503.32,743.0,3739.9111
1784843580000,503.29,503.29,503.08,503.1,283.0,1423.8921
1784843640000,503.08,503.08,502.5,502.55,250.0,1256.5663
1784843700000,502.49,503.05,502.42,503.0,794.0,3992.2189
1784843760000,503.02,503.17,502.92,503.17,812.0,4084.4462
1784843820000,502.89,502.92,502.55,502.58,497.0,2498.5432
1784843880000,502.56,502.56,501.98,502.19,680.0,3414.5137
1784843940000,502.24,502.96,502.23,502.96,487.0,2447.2028
1784844000000,503.06,503.22,502.23,502.3,1445.0,7259.8697
1784844060000,502.09,502.09,501.55,501.55,655.0,3286.5241
1784844120000,501.54,502.16,500.96,502.16,1170.0,5867.7368
1784844180000,502.07,502.85,502.07,502.11,337.0,1693.9322
1784844240000,502.07,502.07,501.48,501.91,3889.0,19519.9129
1784844300000,501.8,502.25,501.8,502.22,296.0,1486.1509
1784844360000,502.26,502.83,502.26,502.76,314.0,1578.085
1784844420000,502.73,503.02,502.73,502.92,498.0,2504.1812
1784844480000,503.06,503.15,502.75,502.89,974.0,4897.8931
1784844540000,502.9,503.02,502.8,502.8,355.0,1785.273
1784844600000,502.67,502.67,501.55,501.63,859.0,4312.6455
1784844660000,501.48,501.98,501.29,501.98,516.0,2588.8087
1784844720000,501.77,501.77,501.11,501.29,141.0,706.7555
1784844780000,501.25,501.25,500.46,500.5,1482.0,7423.6953
1784844840000,500.63,500.93,500.63,500.69,929.0,4652.2199
1784844900000,500.69,500.69,500.45,500.51,52.0,260.261
1784844960000,500.47,500.47,500.18,500.18,1964.0,9828.4279
1784845020000,500.08,500.19,498.75,498.97,12498.0,62419.6904
1784845080000,499.02,499.71,498.93,499.71,8566.0,42762.7277
1784845140000,499.64,500.63,499.63,500.63,2638.0,13195.1747
1784845200000,500.66,501.03,500.59,501.02,327.0,1637.6429
1784845260000,501.07,501.74,501.07,501.35,454.0,2276.9111
1784845320000,501.26,501.8,501.17,501.52,387.0,1940.878
1784845380000,501.59,502.16,501.47,501.79,570.0,2860.2734
1784845440000,501.71,502.26,501.53,501.63,1150.0,5773.4008
1784845500000,501.66,502.02,501.51,501.72,395.0,1982.1234
1784845560000,501.72,501.72,501.18,501.47,499.0,2502.0647
1784845620000,501.8,502.32,501.43,501.73,5702.0,28631.1765
1784845680000,501.79,501.79,501.37,501.37,3705.0,18584.8819
1784845740000,501.31,501.31,500.73,500.96,947.0,4743.6171
1784845800000,501.29,501.68,501.11,501.65,810.0,4060.4952
1784845860000,501.61,501.65,501.11,501.11,492.0,2467.1197
1784845920000,501.08,501.49,501.08,501.49,237.0,1188.0577
1784845980000,501.47,501.71,501.47,501.63,316.0,1585.0905
1784846040000,501.81,501.84,501.66,501.8,249.0,1249.4826
1784846100000,501.82,501.84,501.37,501.84,3466.0,17392.3146
1784846160000,501.85,502.22,501.85,502.13,535.0,2686.1616
1784846220000,502.2,502.2,501.49,501.54,691.0,3467.689
1784846280000,501.69,502.26,501.69,502.18,516.0,2590.7317
1784846340000,502.03,502.03,501.81,501.86,191.0,958.6536
1784846400000,501.86,501.86,500.99,501.18,1013.0,5078.9386
1784846460000,501.14,501.14,501.04,501.11,120.0,601.2929
1784846520000,501.15,501.39,501.0,501.0,102.0,511.1512
1784846580000,501.04,501.47,501.04,501.47,456.0,2285.8717
1784846640000,501.64,501.87,501.57,501.72,208.0,1043.5267
1784846700000,501.76,501.96,501.47,501.47,290.0,1455.0786
1784846760000,501.47,501.77,501.47,501.77,551.0,2763.6113
1784846820000,501.77,501.77,501.04,501.05,250.0,1253.3255
1784846880000,500.99,501.14,500.81,501.14,71.0,355.6858
1784846940000,500.97,500.97,500.35,500.35,57.0,285.3669
1784847000000,500.27,500.66,500.03,500.66,270.0,1350.7383
1784847060000,500.53,500.66,500.44,500.6,330.0,1651.6898
1784847120000,500.45,500.52,500.37,500.38,113.0,565.4848
1784847180000,500.22,501.07,500.22,501.07,1137.0,5691.9017
1784847240000,501.17,501.35,501.17,501.28,36.0,180.4629
1784847300000,501.38,501.78,501.28,501.67,173.0,867.7034
1784847360000,501.65,502.06,501.65,502.06,387.0,1942.2117
1784847420000,502.02,502.18,502.02,502.18,204.0,1024.311
1784847480000,502.18,502.7,502.18,502.7,148.0,743.5702
1784847540000,502.64,502.76,502.4,502.51,180.0,904.617
1784847600000,502.52,503.3,502.35,503.12,1516.0,7626.2758
1784847660000,503.22,503.22,502.3,502.3,813.0,4087.3538
1784847720000,502.42,502.99,502.42,502.99,522.0,2624.6052
1784847780000,503.07,503.82,503.07,503.48,338.0,1702.0774
1784847840000,503.5,503.73,502.87,502.93,325.0,1635.7491
1784847900000,503.19,503.23,502.94,502.97,257.0,1292.7575
1784847960000,503.05,503.14,502.6,502.6,666.0,3348.7738
1784848020000,502.63,503.01,502.6,502.74,509.0,2559.3351
1784848080000,502.62,502.62,502.28,502.56,271.0,1361.7282
1784848140000,502.44,502.98,502.44,502.82,712.0,3579.8961
1784848200000,502.81,503.15,502.81,503.08,204.0,1026.0079
1784848260000,503.11,503.11,502.61,503.04,660.0,3318.5823
1784848320000,502.97,502.97,502.7,502.72,436.0,2192.2729
1784848380000,503.04,503.04,503.04,503.04,9.0,45.2736
1784848440000,503.04,503.62,503.04,503.59,1317.0,6630.4277
1784848500000,503.53,503.9,503.43,503.9,503.0,2532.9739
1784848560000,503.92,504.59,503.92,504.01,2066.0,10422.4917
1784848620000,504.1,504.37,503.87,504.06,277.0,1396.4357
1784848680000,504.16,504.42,503.89,503.89,443.0,2233.482
1784848740000,503.95,504.42,503.9,504.42,552.0,2782.2622
1784848800000,504.38,504.42,504.21,504.41,175.0,882.5326
1784848860000,504.47,504.64,504.47,504.48,250.0,1261.3164
1784848920000,504.47,504.67,504.42,504.67,509.0,2568.5706
1784848980000,504.69,504.99,504.69,504.86,1030.0,5199.9006
1784849040000,504.87,505.79,504.86,505.44,992.0,5012.0211
1784849100000,505.67,506.19,505.56,505.85,1655.0,8372.4326
1784849160000,505.83,505.88,505.4,505.56,340.0,1719.2299
1784849220000,505.5,505.74,505.24,505.46,277.0,1400.2356
1784849280000,505.63,505.96,505.59,505.96,375.0,1896.5249
1784855760000,507.95,508.29,507.85,508.0,232.0
1784855820000,507.91,507.91,506.88,507.16,4945.0
1784855880000,507.11,507.29,506.7,506.7,662.0
1784855940000,506.79,507.65,506.79,507.41,220.0
1784856000000,507.14,507.32,507.14,507.32,346.0
1784856060000,507.1,507.1,506.39,506.39,1348.0
1784856120000,506.34,506.41,506.19,506.19,268.0
1784856180000,506.39,506.84,506.39,506.8,234.0
1784856240000,506.89,507.05,506.85,506.87,118.0
1784856300000,507.37,508.12,507.37,508.08,181.0
1784856360000,508.01,508.39,507.98,508.35,450.0
1784856420000,508.45,508.66,508.31,508.49,516.0
1784856480000,508.39,508.41,508.11,508.41,372.0
1784856540000,508.39,508.55,507.86,507.86,433.0
1784856600000,507.79,508.06,507.44,507.88,376.0
1784856660000,507.82,508.22,507.38,507.38,643.0
1784856720000,507.42,507.56,507.15,507.5,450.0
1784856780000,507.43,508.61,507.43,508.57,804.0
1784856840000,508.54,508.56,508.15,508.54,542.0
1784856900000,508.45,508.45,507.88,507.95,188.0
1784856960000,508.21,508.21,507.85,507.94,637.0
1784857020000,507.94,508.41,507.94,508.2,342.0
1784857080000,508.26,508.4,507.84,508.4,492.0
1784857140000,508.4,508.56,507.95,508.0,436.0
1784857200000,507.98,508.02,507.63,507.87,324.0
1784857260000,507.94,508.26,507.91,508.26,292.0
1784857320000,508.34,509.34,508.13,509.2,2272.0
1784857380000,509.23,509.49,509.14,509.48,344.0
1784857440000,509.26,509.48,508.62,508.62,509.0
1784857500000,508.64,508.66,508.28,508.37,335.0
1784857560000,508.71,508.99,508.71,508.87,244.0
1784857620000,508.74,509.27,508.74,509.27,355.0
1784857680000,509.13,509.27,508.79,508.79,477.0
1784857740000,508.64,509.23,508.64,508.84,601.0
1784857800000,508.92,509.01,508.66,508.67,425.0
1784857860000,508.78,508.92,508.36,508.46,240.0
1784857920000,508.46,508.6,508.2,508.45,367.0
1784857980000,508.25,508.41,508.04,508.41,154.0
1784858040000,508.49,508.72,508.26,508.44,475.0
1784858100000,508.21,508.21,507.9,507.9,212.0
1784858160000,507.95,507.98,507.55,507.59,379.0
1784858220000,507.57,507.67,507.45,507.48,378.0
1784858280000,507.47,507.62,507.32,507.59,564.0
1784858340000,507.76,507.76,507.21,507.34,239.0
1784858400000,507.5,507.5,507.23,507.38,285.0
1784858460000,507.36,507.66,507.25,507.48,292.0
1784858520000,507.29,507.29,507.0,507.05,126.0
1784858580000,507.16,507.45,507.1,507.39,324.0
1784858640000,507.4,507.44,506.41,506.41,326.0
1784858700000,506.41,506.42,505.97,506.16,1341.0
1784858760000,506.06,506.66,506.04,506.65,431.0
1784858820000,506.64,506.78,506.2,506.77,943.0
1784858880000,506.77,507.19,506.77,507.18,520.0
1784858940000,506.96,507.19,506.92,507.03,513.0
1784859000000,507.03,507.36,506.85,507.09,341.0
1784859060000,506.93,507.66,506.93,507.62,352.0
1784859120000,507.55,507.74,507.37,507.46,435.0
1784859180000,507.64,507.72,507.41,507.6,1046.0
1784859240000,507.59,507.71,507.51,507.53,368.0
1784859300000,507.51,507.51,506.83,507.05,267.0
1784859360000,507.13,507.13,506.52,506.53,176.0
1784859420000,506.61,506.89,506.53,506.66,477.0
1784859480000,506.63,506.67,505.96,505.96,371.0
1784859540000,506.02,506.42,505.64,506.17,2228.0
1784859600000,506.04,506.05,505.61,505.8,1311.0
1784859660000,505.91,506.04,505.49,505.74,536.0
1784859720000,505.74,505.74,505.43,505.67,550.0
1784859780000,505.75,506.12,505.71,506.0,396.0
1784859840000,506.09,506.99,506.0,506.68,1167.0
1784859900000,506.66,507.15,506.65,507.15,1297.0
1784859960000,507.23,507.24,506.82,507.08,561.0
1784860020000,507.15,507.15,506.55,506.85,469.0
1784860080000,506.86,506.86,506.42,506.42,622.0
1784860140000,506.5,506.58,506.05,506.55,550.0
1784860200000,506.6,506.6,505.94,506.21,306.0
1784860260000,506.26,506.28,505.85,506.12,1327.0
1784860320000,506.12,506.12,505.63,505.71,976.0
1784860380000,505.59,505.64,505.22,505.23,294.0
1784860440000,505.21,505.29,504.68,504.7,462.0
1784860500000,504.76,504.81,504.51,504.81,279.0
1784860560000,504.7,504.7,503.99,503.99,506.0
1784860620000,503.98,504.59,503.76,504.59,1331.0
1784860680000,504.56,504.8,504.47,504.64,749.0
1784860740000,504.64,504.66,504.36,504.45,627.0
1784860800000,504.39,505.46,504.39,505.27,584.0
1784860860000,505.25,505.28,504.99,505.26,342.0
1784860920000,505.15,505.53,505.08,505.13,1882.0
1784860980000,505.15,505.29,505.0,505.29,446.0
1784861040000,505.45,505.72,505.21,505.33,462.0
1784861100000,505.23,505.26,504.9,504.96,345.0
1784861160000,505.0,505.21,504.82,504.88,476.0
1784861220000,504.86,505.16,504.31,504.31,323.0
1784861280000,504.41,504.73,503.85,504.09,697.0
1784861340000,504.09,504.89,504.09,504.75,393.0
1784861400000,504.64,504.74,504.09,504.64,722.0
1784861460000,504.67,505.07,504.54,505.07,333.0
1784861520000,505.12,505.13,504.47,504.59,479.0
1784861580000,504.39,504.52,504.24,504.26,231.0
1784861640000,504.31,504.47,504.14,504.32,374.0
1784861700000,504.37,504.66,504.22,504.62,358.0
1784861760000,504.67,505.21,504.67,504.94,318.0
1784861820000,504.9,505.15,504.86,505.14,352.0
1784861880000,505.04,505.47,505.04,505.46,749.0
1784861940000,505.55,505.86,505.55,505.7,243.0
1784862000000,505.82,505.93,505.47,505.59,346.0
1784862060000,505.63,506.66,505.62,506.66,311.0
1784862120000,506.65,506.65,506.29,506.38,267.0
1784862180000,506.47,507.07,506.35,507.07,555.0
1784862240000,507.17,507.32,507.1,507.29,348.0
1784862300000,507.31,507.81,507.31,507.73,1835.0
1784862360000,507.64,507.64,507.31,507.44,576.0
1784862420000,507.31,507.58,506.61,507.58,1056.0
1784862480000,507.59,508.14,507.5,508.06,384.0
1784862540000,508.02,508.31,508.0,508.22,582.0
1784862600000,508.23,508.48,508.16,508.48,509.0
1784862660000,508.37,508.98,508.2,508.98,994.0
1784862720000,508.99,509.1,508.73,508.82,521.0
1784862780000,508.97,509.01,508.74,508.86,538.0
1784862840000,508.87,509.1,508.82,509.0,518.0
1784862900000,509.0,510.48,509.0,510.16,1406.0
1784862960000,510.28,510.48,509.99,510.13,1463.0
1784863020000,510.2,510.34,509.71,510.33,1083.0
1784863080000,510.3,510.85,510.17,510.6,1098.0
1784863140000,510.63,510.78,510.25,510.6,430.0
1784863200000,510.5,510.64,510.28,510.4,522.0
1784863260000,510.36,510.6,510.25,510.54,1362.0
1784863320000,510.59,510.89,510.32,510.76,519.0
1784863380000,510.56,510.75,510.12,510.21,651.0
1784863440000,510.18,510.25,509.76,509.76,814.0
1784863500000,509.79,510.07,509.56,510.03,895.0
1784863560000,510.07,510.51,509.9,510.32,246.0
1784863620000,510.37,511.53,510.35,511.0,1384.0
1784863680000,511.24,511.24,510.92,510.92,269.0
1784863740000,511.02,511.02,510.43,510.43,894.0
1784863800000,510.37,510.68,510.07,510.11,312.0
1784863860000,510.11,510.35,509.95,510.35,186.0
1784863920000,510.01,510.07,509.65,509.65,248.0
1784863980000,509.79,510.04,509.42,509.58,520.0
1784864040000,509.56,509.67,509.16,509.61,393.0
1784864100000,509.75,510.04,509.7,509.96,433.0
1784864160000,509.85,509.97,509.72,509.95,287.0
1784864220000,509.8,509.85,509.65,509.85,752.0
1784864280000,509.83,509.87,509.59,509.61,254.0
1784864340000,509.81,509.83,509.4,509.47,299.0
1784864400000,509.65,509.89,509.18,509.52,240.0
1784864460000,509.57,509.62,509.41,509.51,232.0
1784864520000,509.31,509.42,509.19,509.42,358.0
1784864580000,509.27,509.33,509.17,509.22,270.0
1784864640000,509.31,509.82,509.29,509.75,369.0
1784864700000,509.62,509.88,509.5,509.53,316.0
1784864760000,509.61,509.61,509.12,509.24,237.0
1784864820000,509.26,509.3,509.04,509.04,442.0
1784864880000,509.04,509.71,509.04,509.68,862.0
1784864940000,509.68,509.88,509.52,509.52,400.0
1784865000000,509.46,509.46,509.16,509.38,276.0
1784865060000,509.33,509.38,509.18,509.38,156.0
1784865120000,509.41,509.49,509.24,509.37,373.0
1784865180000,509.49,509.53,509.21,509.44,267.0
1784865240000,509.55,509.6,509.55,509.6,237.0
1784865300000,509.59,509.65,509.43,509.65,428.0
1784865360000,509.79,510.46,509.79,510.46,2337.0
1784865420000,510.59,510.63,510.35,510.36,294.0
1784865480000,510.32,510.32,509.92,509.92,370.0
1784865540000,509.91,509.93,509.63,509.67,134.0
1784865600000,509.8,510.06,509.54,509.7,179.0
1784865660000,509.65,509.66,509.56,509.63,169.0
1784865720000,509.63,509.77,509.63,509.69,233.0
1784865780000,509.7,509.72,509.62,509.62,186.0
1784865840000,509.65,510.18,509.65,510.15,313.0
1784865900000,510.05,510.23,510.05,510.23,127.0
1784865960000,509.91,510.1,509.91,510.08,131.0
1784866020000,510.08,510.58,510.08,510.46,221.0
1784866080000,510.44,510.44,510.04,510.22,203.0
1784866140000,510.28,510.28,510.24,510.24,87.0
1784866200000,510.26,510.26,509.49,509.55,278.0
1784866260000,509.53,509.62,509.08,509.24,232.0
1784866320000,509.13,509.13,508.6,508.63,337.0
1784866380000,508.61,508.96,508.61,508.81,237.0
1784866440000,508.87,509.17,508.8,508.84,647.0
1784866500000,508.99,509.12,508.8,508.96,574.0
1784866560000,509.12,509.18,508.95,509.06,250.0
1784866620000,509.22,509.55,509.22,509.43,179.0
1784866680000,509.55,509.78,509.55,509.78,120.0
1784866740000,509.46,509.81,509.42,509.81,255.0
1784866800000,509.9,509.9,509.41,509.41,137.0
1784866860000,509.5,509.62,509.47,509.58,316.0
1784866920000,509.76,510.02,509.53,509.92,736.0
1784866980000,510.07,510.12,509.14,509.68,3260.0
1784867040000,509.81,510.07,509.55,509.58,422.0
1784867100000,509.68,509.72,509.54,509.67,274.0
1784867160000,509.68,509.68,509.01,509.15,171.0
1784867220000,509.42,509.55,509.28,509.36,154.0
1784867280000,509.29,509.48,509.29,509.33,257.0
1784867340000,509.39,509.39,508.84,508.94,1347.0,6860.0938
1784867400000,508.95,508.96,508.83,508.83,181.0,921.1369
1784867460000,508.84,509.12,508.84,508.96,378.0,1924.1627
1784867520000,509.3,509.3,508.21,508.46,1425.0,7246.0537
1784867580000,508.57,508.82,508.54,508.72,207.0,1052.9592
1784867640000,508.59,508.59,508.38,508.45,115.0,584.7336
1784867700000,508.83,508.83,508.54,508.56,129.0,656.1691
1784867760000,508.51,508.75,508.49,508.52,160.0,813.6452
1784867820000,508.66,508.71,508.5,508.5,145.0,737.4771
1784867880000,508.57,508.58,508.53,508.53,159.0,808.6097
1784867940000,508.74,508.75,508.52,508.52,134.0,681.575
1784868000000,508.55,508.55,508.31,508.35,218.0,1108.3165
1784868060000,508.57,508.59,508.36,508.39,115.0,584.7618
1784868120000,508.46,508.58,508.46,508.51,189.0,961.092
1784868180000,508.57,508.75,508.56,508.66,305.0,1551.3436
1784868240000,508.68,508.73,508.39,508.73,248.0,1261.2958
1784868300000,508.36,508.67,508.31,508.67,161.0,818.5045
1784868360000,508.88,508.89,508.55,508.55,369.0,1877.1725
1784868420000,508.65,508.7,508.56,508.6,129.0,656.1663
1784868480000,508.78,508.79,508.68,508.79,145.0,737.6681
1784868540000,508.78,509.15,508.78,509.15,123.0,626.0514
1784868600000,509.2,510.19,509.2,509.51,5865.0,29886.4957
1784868660000,509.59,509.59,509.29,509.4,239.0,1217.5724
1784868720000,509.4,509.77,509.4,509.56,216.0,1100.7838
1784868780000,509.55,509.55,509.01,509.13,516.0,2627.9097
1784868840000,509.2,509.3,509.19,509.22,151.0,768.9565
1784868900000,509.06,509.4,509.06,509.31,54.0,274.9994
1784868960000,509.07,509.42,509.05,509.25,211.0,1074.5336
1784869020000,509.28,509.28,508.84,509.0,475.0,2417.6901
1784869080000,508.96,508.98,508.79,508.84,372.0,1893.0839
1784869140000,508.83,509.23,508.83,509.22,262.0,1333.8016
1784869200000,509.25,509.36,508.86,509.11,334.0,1700.5449
1784869260000,509.11,509.11,508.16,508.32,5645.0,28708.8837
1784869320000,508.07,508.09,507.65,508.09,368.0,1869.0427
1784869380000,508.32,508.42,507.98,508.13,340.0,1727.7919
1784869440000,508.26,508.64,508.26,508.49,283.0,1439.0031
1784869500000,508.44,509.26,508.44,509.26,301.0,1531.5468
1784869560000,509.34,509.81,509.34,509.63,374.0,1905.8856
1784869620000,509.63,510.27,509.63,510.21,970.0,4949.2134
1784869680000,510.33,510.48,510.22,510.48,683.0,3485.7738
1784869740000,510.59,510.81,510.47,510.47,237.0,1210.0811
1784869800000,510.54,510.66,510.49,510.51,211.0,1077.293
1784869860000,510.31,510.32,509.97,510.12,966.0,4928.4064
1784869920000,510.3,510.3,509.98,510.03,265.0,1351.7825
1784869980000,509.87,509.87,509.53,509.53,238.0,1213.2171
1784870040000,509.64,509.75,509.6,509.65,599.0,3052.9078
1784870100000,509.68,509.69,509.43,509.43,510.0,2598.5644
1784870160000,509.44,509.69,509.42,509.69,503.0,2562.8467
1784870220000,509.61,509.71,509.43,509.63,1275.0,6498.5113
1784870280000,509.66,509.86,509.25,509.51,314.0,1599.9836
1784870340000,509.61,509.66,509.35,509.35,1241.0,6321.6312
1784870400000,509.35,509.41,509.29,509.31,306.0,1558.5794
1784870460000,509.23,509.26,508.88,508.88,262.0,1333.9541
1784870520000,509.0,509.0,508.73,508.89,131.0,666.6068
1784870580000,509.08,509.08,508.75,508.78,284.0,1445.3329
1784870640000,508.79,509.16,508.76,509.15,261.0,1328.1599
1784870700000,509.02,509.02,509.02,509.02,55.0,279.961
1784870760000,509.0,509.14,508.9,508.9,133.0,676.9479
1784870820000,508.98,509.31,508.98,509.31,317.0,1614.0502
1784870880000,509.27,509.76,509.18,509.76,540.0,2751.0344
1784870940000,509.78,509.79,509.69,509.79,394.0,2008.2967
1784871000000,509.76,509.85,509.47,509.72,294.0,1498.5727
1784871060000,509.64,509.8,509.64,509.77,237.0,1208.0525
1784871120000,509.75,509.93,509.6,509.9,1389.0,7078.9753
1784871180000,509.95,509.95,509.28,509.28,212.0,1080.5167
1784871240000,509.41,509.45,509.13,509.22,445.0,2266.3982
1784871300000,509.16,509.16,508.74,508.76,457.0,2325.633
1784871360000,508.84,508.94,508.69,508.91,303.0,1541.7513
1784871420000,508.91,509.05,508.91,508.98,247.0,1257.1618
1784871480000,508.63,508.87,508.63,508.87,338.0,1719.5082
1784871540000,508.81,508.81,508.46,508.52,2187.0,11121.3553
1784871600000,508.44,508.55,508.4,508.55,2687.0,13661.478
1784871660000,508.53,508.58,508.31,508.5,528.0,2684.9433
1784871720000,508.51,508.98,508.45,508.97,1878.0,9550.1786
1784871780000,508.95,509.19,508.84,508.84,175.0,890.8262
1784871840000,508.94,509.07,508.83,508.87,297.0,1511.6684
1784871900000,508.83,509.51,508.83,509.29,307.0,1563.5652
1784871960000,509.07,509.07,508.37,508.39,273.0,1388.8292
1784872020000,508.36,508.39,508.26,508.36,1100.0,5591.4956
1784872080000,508.47,508.72,508.47,508.47,257.0,1307.0424
1784872140000,508.46,508.46,508.12,508.32,413.0,2099.2482
1784872200000,508.32,508.32,508.08,508.19,208.0,1057.006
1784872260000,508.19,508.48,508.1,508.28,178.0,904.6412
1784872320000,508.23,508.45,508.2,508.45,242.0,1230.0989
1784872380000,508.45,508.52,508.4,508.5,274.0,1393.233
1784872440000,508.6,508.82,508.23,508.81,388.0,1972.7927
1784872500000,508.85,508.96,508.7,508.7,224.0,1139.8015
1784872560000,508.67,508.7,508.56,508.7,226.0,1149.5338
1784872620000,508.54,508.54,508.08,508.17,306.0,1555.3259
1784872680000,508.17,508.38,507.46,508.2,20827.0,105738.0452
1784872740000,508.22,508.66,508.12,508.44,136.0,691.4587
1784872800000,508.39,508.53,508.23,508.42,268.0,1362.431
1784872860000,508.57,508.57,508.32,508.32,126.0,640.556
1784872920000,508.34,508.63,508.32,508.38,203.0,1031.9863
1784872980000,508.57,508.71,508.41,508.71,110.0,559.4922
1784873040000,508.72,509.17,508.72,509.05,321.0,1633.7392
1784873100000,509.08,509.08,508.46,508.53,131.0,666.4734
1784873160000,508.57,508.57,508.57,508.57,18.0,91.5426
1784873220000,508.58,508.7,508.58,508.7,123.0,625.673
1784873280000,508.6,509.48,508.57,509.48,1226.0,6239.6691
1784873340000,509.45,509.56,509.11,509.11,346.0,1762.4608
1784873400000,509.16,509.31,509.03,509.31,347.0,1766.8959
1784873460000,509.29,509.62,509.24,509.5,165.0,840.5979
1784873520000,509.68,509.77,509.56,509.77,324.0,1651.404
1784873580000,509.77,509.85,509.28,509.6,255.0,1299.5709
1784873640000,509.64,509.65,509.52,509.65,519.0,2644.9345
1784873700000,509.75,509.9,509.4,509.64,369.0,1880.6943
1784873760000,509.43,509.67,509.43,509.54,172.0,876.4543
1784873820000,509.57,509.58,509.39,509.39,132.0,672.4508
1784873880000,509.37,509.37,509.15,509.25,198.0,1008.2907
1784873940000,509.61,510.18,509.61,509.92,358.0,1825.2984
1784874000000,510.19,510.66,510.19,510.41,1141.0,5824.7771
1784874060000,510.43,510.57,509.97,510.55,3846.0,19621.308
1784874120000,510.58,510.58,509.81,509.81,3563.0,18185.4652
1784874180000,509.81,509.81,509.4,509.59,145.0,738.9126
1784874240000,509.59,509.59,509.4,509.4,972.0,4952.2541
1784874300000,509.4,509.61,509.38,509.52,234.0,1192.2054
1784874360000,509.55,509.55,508.88,508.98,511.0,2601.6726
1784874420000,508.85,509.09,508.77,508.77,602.0,3063.92
1784874480000,508.71,508.75,508.5,508.5,464.0,2359.9714
1784874540000,508.56,509.0,508.32,508.96,2646.0,13456.3392
1784874600000,508.94,508.94,508.15,508.48,456.0,2318.4109
1784874660000,508.59,508.95,508.59,508.95,2090.0,10634.9011
1784874720000,508.85,508.85,508.63,508.63,191.0,971.5438
1784874780000,508.8,509.08,508.74,509.08,260.0,1323.2046
1784874840000,509.0,509.38,509.0,509.38,242.0,1232.2127
1784874900000,509.22,510.3,509.21,509.89,1053.0,5369.4271
1784874960000,509.79,510.02,509.66,509.66,345.0,1759.0347
1784875020000,509.7,509.7,509.08,509.3,435.0,2215.5346
1784875080000,509.48,509.63,509.2,509.34,9385.0,47825.0504
1784875140000,509.34,509.59,509.17,509.21,639.0,3254.4916
1784875200000,509.18,509.18,508.75,508.77,732.0,3725.174
1784875260000,508.86,508.86,508.53,508.64,328.0,1668.5651
1784875320000,508.63,509.03,508.49,508.71,1753.0,8914.9961
1784875380000,508.68,508.84,508.62,508.67,547.0,2782.7085
1784875440000,508.7,508.9,508.69,508.75,1258.0,6400.3856
1784875500000,508.81,508.87,508.61,508.71,3902.0,19849.2449
1784875560000,508.76,508.92,508.76,508.9,295.0,1501.1833
1784875620000,508.94,509.02,508.08,508.25,866.0,4402.7637
1784875680000,508.15,508.15,507.9,507.91,217.0,1102.4265
1784875740000,507.9,507.98,507.07,507.13,633.0,3212.0249
1784875800000,507.02,507.47,507.0,507.43,499.0,2530.4993
1784875860000,507.24,507.31,506.86,506.86,345.0,1749.1252
1784875920000,506.71,507.07,506.67,506.88,274.0,1388.9116
1784875980000,506.85,506.85,506.61,506.63,1119.0,5670.2661
1784876040000,506.62,507.05,506.59,507.04,7494.0,37980.4541
1784876100000,506.98,507.04,506.19,506.46,612.0,3100.3985
1784876160000,506.48,506.71,506.36,506.69,536.0,2714.6956
1784876220000,506.66,506.77,506.55,506.77,411.0,2082.3933
1784876280000,506.77,507.03,506.73,506.79,698.0,3538.0115
1784876340000,506.84,506.96,506.37,506.4,3276.0,16594.8242
1784876400000,506.33,506.66,506.17,506.47,400.0,2025.5703
1784876460000,506.37,506.51,506.21,506.24,757.0,3833.3619
1784876520000,506.14,507.42,506.09,507.42,429.0,2174.2181
1784876580000,507.36,507.41,506.91,507.32,1749.0,8872.2089
1784876640000,507.31,507.44,507.04,507.08,304.0,1542.0163
1784876700000,507.02,507.08,506.89,507.08,81.0,410.6862
1784876760000,507.13,507.13,506.69,506.95,498.0,2524.8194
1784876820000,506.96,507.05,506.73,506.84,847.0,4293.7256
1784876880000,506.85,507.33,506.83,507.32,1490.0,7555.4807
1784876940000,507.3,508.35,507.3,508.33,1807.0,9179.3883
1784877000000,508.38,510.6,508.38,509.79,2587.0,13188.8445
1784877060000,509.91,510.77,509.91,510.64,16258.0,83015.2399
1784877120000,510.57,510.85,510.38,510.56,578.0,2951.3517
1784877180000,510.52,511.1,510.46,511.09,1138.0,5814.5256
1784877240000,511.16,511.23,510.8,510.8,1978.0,10105.7677
1784877300000,510.75,510.82,509.81,510.24,714.0,3644.42
1784877360000,510.23,511.05,510.23,511.02,523.0,2670.8493
1784877420000,511.06,511.2,509.94,510.23,1980.0,10113.1409
1784877480000,510.27,510.47,509.93,509.93,455.0,2321.5714
1784877540000,510.02,510.16,509.79,510.04,821.0,4186.7772
1784877600000,510.19,510.52,510.19,510.5,448.0,2286.1783
1784877660000,510.56,510.67,510.22,510.23,361.0,1842.4235
1784877720000,510.2,510.62,510.2,510.45,2465.0,12582.996
1784877780000,510.41,510.44,509.44,509.55,1331.0,6783.7105
1784877840000,509.63,509.79,508.69,509.18,1741.0,8863.4854
1784877900000,509.1,509.46,508.89,509.05,1507.0,7673.5471
1784877960000,509.36,509.93,509.12,509.61,1089.0,5550.6478
1784878020000,509.7,509.72,509.48,509.7,311.0,1584.7961
1784878080000,509.68,509.86,509.68,509.7,177.0,902.2408
1784878140000,509.82,510.12,509.82,509.99,706.0,3600.4842
1784878200000,510.03,510.06,509.45,509.54,680.0,3466.6134
1784878260000,509.73,510.28,509.73,509.99,267.0,1361.7468
1784878320000,509.85,510.18,509.69,510.17,1147.0,5848.319
1784878380000,510.19,510.35,509.64,509.64,611.0,3117.4667
1784878440000,509.66,509.66,509.0,509.16,1345.0,6852.339
1784878500000,509.17,509.29,508.9,509.01,459.0,2336.6389
1784878560000,509.03,509.03,508.63,508.84,296.0,1506.0218
1784878620000,508.86,509.04,508.82,508.98,261.0,1328.2392
1784878680000,508.98,509.1,508.51,508.66,794.0,4039.45
1784878740000,508.81,508.83,508.53,508.83,788.0,4008.2928
1784878800000,508.65,508.96,508.61,508.71,364.0,1852.0209
1784878860000,508.62,508.67,508.29,508.29,106.0,538.9555
1784878920000,508.28,508.28,507.47,508.02,300.0,1523.3457
1784878980000,507.99,508.09,507.71,507.82,216.0,1097.2411
1784879040000,508.01,508.43,508.01,508.43,112.0,569.2877
1784879100000,508.45,508.88,508.39,508.75,372.0,1891.8891
1784879160000,508.7,508.95,508.62,508.79,479.0,2437.0166
1784879220000,508.67,508.67,508.5,508.65,1799.0,9149.4777
1784879280000,508.86,508.86,508.44,508.81,461.0,2344.9147
1784885760000,507.06,507.63,507.04,507.58,1523.0
1784885820000,507.57,507.6,507.17,507.42,1026.0
1784885880000,507.41,507.49,507.26,507.41,430.0
1784885940000,507.44,508.12,507.26,508.12,1605.0
1784886000000,508.05,508.6,507.99,508.21,5919.0
1784886060000,508.19,508.22,507.57,507.57,365.0
1784886120000,507.82,508.1,507.67,508.1,109.0
1784886180000,508.11,508.11,507.83,507.83,121.0
1784886240000,507.71,507.72,507.51,507.56,573.0
1784886300000,507.47,507.54,507.28,507.42,216.0
1784886360000,507.37,507.87,507.36,507.87,357.0
1784886420000,507.74,507.98,507.32,507.32,290.0
1784886480000,507.43,507.43,507.05,507.05,180.0
1784886540000,507.17,507.46,507.0,507.0,350.0
1784886600000,507.01,507.1,506.86,506.96,425.0
1784886660000,506.97,507.15,506.23,506.51,13479.0
1784886720000,506.6,507.0,506.49,506.93,196.0
1784886780000,507.01,507.1,506.51,506.71,290.0
1784886840000,506.69,506.75,506.6,506.65,200.0
1784886900000,506.65,506.74,506.59,506.59,207.0
1784886960000,506.7,506.73,506.54,506.7,325.0
1784887020000,506.4,506.4,506.08,506.15,201.0
1784887080000,506.36,506.36,506.24,506.35,229.0
1784887140000,506.38,506.38,506.08,506.23,237.0
1784887200000,506.31,506.34,506.01,506.29,619.0
1784887260000,506.21,506.21,505.36,505.37,3193.0
1784887320000,505.36,505.36,504.98,505.16,865.0
1784887380000,505.33,505.37,505.06,505.19,1315.0
1784887440000,505.22,505.36,505.19,505.3,827.0
1784887500000,505.19,505.25,504.85,504.85,602.0
1784887560000,504.99,504.99,504.62,504.71,200.0
1784887620000,504.77,505.0,504.76,504.83,381.0
1784887680000,504.7,504.8,504.44,504.76,359.0
1784887740000,504.74,504.84,504.5,504.8,254.0
1784887800000,504.73,504.81,504.43,504.65,341.0
1784887860000,504.62,504.67,504.5,504.59,380.0
1784887920000,504.5,504.6,503.51,503.99,3404.0
1784887980000,503.95,504.34,503.65,503.83,6476.0
1784888040000,503.83,503.97,503.72,503.77,3576.0
1784888100000,503.76,503.96,503.47,503.96,1130.0
1784888160000,503.88,503.94,502.62,502.65,1184.0
1784888220000,502.62,503.01,501.72,502.37,11496.0
1784888280000,502.38,502.99,502.2,502.79,3333.0
1784888340000,502.74,502.75,501.66,501.81,2620.0
1784888400000,501.83,502.57,501.76,502.45,358.0
1784888460000,502.42,502.78,502.32,502.46,10455.0
1784888520000,502.44,502.85,502.4,502.85,1440.0
1784888580000,502.75,502.75,502.46,502.67,301.0
1784888640000,502.43,502.86,502.27,502.62,1579.0
1784888700000,502.39,502.61,502.34,502.44,110.0
1784888760000,502.44,502.65,502.35,502.65,96.0
1784888820000,502.62,502.62,502.47,502.47,381.0
1784888880000,502.5,502.5,502.07,502.18,326.0
1784888940000,502.25,502.57,502.23,502.49,247.0
1784889000000,502.42,502.8,502.42,502.71,483.0
1784889060000,502.73,502.87,502.4,502.4,248.0
1784889120000,502.47,502.63,502.16,502.48,394.0
1784889180000,502.32,503.12,502.17,502.2,3150.0
1784889240000,502.16,502.59,501.88,501.97,2810.0
1784889300000,501.91,502.11,501.59,501.6,11896.0
1784889360000,501.66,501.81,501.51,501.55,492.0
1784889420000,501.55,501.72,501.32,501.32,797.0
1784889480000,501.32,501.32,500.97,501.15,3262.0
1784889540000,501.0,501.1,499.35,499.65,18140.0
1784889600000,499.62,499.79,499.3,499.76,2835.0
1784889660000,499.81,500.57,499.7,500.09,3696.0
1784889720000,499.94,500.11,499.58,500.02,1236.0
1784889780000,500.03,500.26,499.66,499.87,535.0
1784889840000,499.89,500.1,499.53,499.67,447.0
1784889900000,499.62,500.42,499.23,500.36,540.0
1784889960000,500.43,501.04,500.32,500.96,887.0
1784890020000,500.76,501.06,500.76,501.01,1143.0
1784890080000,501.0,501.0,500.77,500.95,953.0
1784890140000,500.85,501.06,500.81,501.05,458.0
1784890200000,500.91,501.06,500.69,500.73,409.0
1784890260000,500.81,501.06,500.58,500.58,262.0
1784890320000,500.61,500.81,500.33,500.74,2013.0
1784890380000,500.7,500.7,499.44,499.44,311.0
1784890440000,499.55,499.9,498.96,499.9,1198.0
1784890500000,499.87,500.02,499.76,499.76,512.0
1784890560000,499.89,500.09,499.65,500.01,255.0
1784890620000,499.87,499.9,499.74,499.85,221.0
1784890680000,499.98,500.46,499.96,500.28,378.0
1784890740000,500.12,500.28,500.03,500.22,5290.0
1784890800000,500.16,500.17,499.51,499.59,622.0
1784890860000,499.62,499.85,499.28,499.6,1045.0
1784890920000,499.59,500.11,499.13,499.47,3728.0
1784890980000,499.47,500.14,499.44,500.09,672.0
1784891040000,499.93,500.27,499.81,500.15,1818.0
1784891100000,500.14,500.51,499.88,499.88,683.0
1784891160000,499.87,500.04,499.48,499.93,1619.0
1784891220000,500.04,500.42,499.86,500.04,2902.0
1784891280000,499.87,500.26,499.81,500.25,547.0
1784891340000,500.26,500.26,499.67,500.01,548.0
1784891400000,500.04,500.13,499.32,499.69,1497.0
1784891460000,499.71,500.0,499.64,499.86,380.0
1784891520000,499.87,500.25,499.87,500.25,748.0
1784891580000,500.23,501.13,500.19,501.05,2825.0
1784891640000,501.0,501.21,500.77,500.99,951.0
1784891700000,500.99,502.94,500.97,502.94,32769.0
1784891760000,502.74,503.07,502.16,502.99,8750.0
1784891820000,502.78,502.86,502.05,502.46,2751.0
1784891880000,502.52,502.98,502.36,502.98,364.0
1784891940000,502.97,503.22,502.72,503.06,448.0
1784892000000,503.02,503.3,503.02,503.13,478.0
1784892060000,503.34,503.34,502.89,503.04,3310.0
1784892120000,503.24,503.41,502.71,502.71,3695.0
1784892180000,502.7,503.21,502.53,503.21,4521.0
1784892240000,503.23,503.37,502.97,502.97,2965.0
1784892300000,502.91,502.91,502.24,502.24,423.0
1784892360000,502.24,502.47,502.23,502.35,391.0
1784892420000,502.39,502.63,502.13,502.13,154.0
1784892480000,502.23,502.41,502.23,502.36,891.0
1784892540000,502.38,502.43,502.28,502.43,1691.0
1784892600000,502.4,502.47,502.03,502.03,1904.0
1784892660000,502.0,502.23,501.08,501.08,4093.0
1784892720000,501.23,501.79,501.12,501.79,444.0
1784892780000,501.66,501.87,501.15,501.39,1301.0
1784892840000,501.28,501.46,501.09,501.09,238.0
1784892900000,501.14,501.36,501.02,501.09,604.0
1784892960000,501.07,501.14,500.65,500.92,5253.0
1784893020000,501.2,501.2,500.3,500.36,532.0
1784893080000,500.55,500.73,500.43,500.54,400.0
1784893140000,500.45,500.5,499.52,500.32,14203.0
1784893200000,500.25,500.25,499.71,499.89,959.0
1784893260000,499.79,500.37,499.79,500.33,499.0
1784893320000,500.09,500.26,499.87,499.87,344.0
1784893380000,500.13,500.41,500.01,500.39,331.0
1784893440000,500.34,500.46,500.1,500.1,482.0
1784893500000,500.14,500.66,500.0,500.21,609.0
1784893560000,500.17,500.44,499.96,499.96,10114.0
1784893620000,499.96,500.28,499.91,500.25,457.0
1784893680000,500.26,500.42,499.49,500.16,969.0
1784893740000,500.07,500.96,500.03,500.96,1011.0
1784893800000,501.05,501.76,500.82,501.47,7856.0
1784893860000,501.26,501.97,501.26,501.97,556.0
1784893920000,501.93,502.1,501.85,501.85,245.0
1784893980000,501.82,502.27,501.65,502.27,339.0
1784894040000,502.35,502.96,502.13,502.74,10990.0
1784894100000,502.68,502.68,501.71,501.95,3208.0
1784894160000,501.72,502.05,501.63,501.75,6519.0
1784894220000,501.82,502.17,501.63,501.63,2341.0
1784894280000,501.64,502.66,501.42,502.59,14040.0
1784894340000,502.5,502.81,502.29,502.29,1112.0
1784894400000,502.19,502.45,501.84,501.98,261.0
1784894460000,501.8,502.21,501.79,502.01,328.0
1784894520000,502.0,502.17,501.8,501.8,385.0
1784894580000,501.8,502.34,501.8,502.23,907.0
1784894640000,502.13,502.19,502.04,502.19,100.0
1784894700000,502.08,502.12,501.39,501.39,377.0
1784894760000,501.17,502.24,501.13,502.24,277.0
1784894820000,502.48,502.86,502.48,502.86,1009.0
1784894880000,502.69,502.9,502.46,502.86,344.0
1784894940000,502.86,502.9,502.41,502.59,1158.0
1784895000000,502.61,502.74,502.27,502.33,1225.0
1784895060000,502.19,502.22,502.04,502.2,258.0
1784895120000,501.99,501.99,501.52,501.56,260.0
1784895180000,501.55,501.7,501.51,501.53,580.0
1784895240000,501.52,502.11,501.52,502.07,716.0
1784895300000,502.11,502.19,501.94,502.07,368.0
1784895360000,501.95,502.02,501.74,501.77,1170.0
1784895420000,501.77,502.01,501.56,501.65,676.0
1784895480000,501.49,501.79,501.48,501.79,207.0
1784895540000,501.77,501.81,501.27,501.45,245.0
1784895600000,501.32,501.35,501.16,501.24,131.0
1784895660000,501.21,501.62,501.16,501.6,5222.0
1784895720000,501.63,502.25,501.6,502.25,5141.0
1784895780000,502.25,502.68,502.2,502.68,2304.0
1784895840000,502.63,503.57,502.63,503.52,6060.0
1784895900000,503.5,503.93,502.78,503.04,4946.0
1784895960000,503.17,503.38,503.12,503.13,1009.0
1784896020000,503.13,503.24,502.93,502.93,1002.0
1784896080000,502.89,503.06,502.63,502.79,968.0
1784896140000,502.82,502.88,502.6,502.61,242.0
1784896200000,502.67,502.67,502.22,502.25,358.0
1784896260000,502.2,502.9,501.97,502.89,4291.0
1784896320000,502.93,502.93,502.63,502.63,314.0
1784896380000,502.68,502.74,502.27,502.27,316.0
1784896440000,502.19,502.19,501.47,501.74,167.0
1784896500000,501.74,501.74,501.42,501.63,200.0
1784896560000,501.63,501.63,501.16,501.16,867.0
1784896620000,501.07,501.38,500.81,501.3,15451.0
1784896680000,501.1,501.36,500.96,501.05,279.0
1784896740000,501.17,501.6,501.17,501.47,1940.0
1784896800000,501.45,501.45,500.81,500.87,223.0
1784896860000,500.77,500.79,500.38,500.38,6056.0
1784896920000,500.36,500.38,499.69,499.87,1434.0
1784896980000,499.84,499.86,499.42,499.74,2435.0
1784897040000,499.69,499.79,499.49,499.78,1479.0
1784897100000,499.76,500.1,499.69,499.7,1829.0
1784897160000,499.7,499.7,499.12,499.14,724.0
1784897220000,499.1,499.1,498.57,498.96,3223.0
1784897280000,499.03,499.03,498.1,498.33,3263.0
1784897340000,498.13,498.47,497.31,497.71,130950.0,651974.4368
1784897400000,497.72,499.32,497.61,499.32,5374.0,26778.3429
1784897460000,499.43,499.73,499.21,499.58,333.0,1663.2862
1784897520000,499.46,500.02,499.09,500.02,1494.0,7462.1989
1784897580000,499.91,499.94,499.79,499.82,559.0,2794.2479
1784897640000,499.76,500.36,499.73,500.02,1011.0,5055.7355
1784897700000,499.87,499.87,499.26,499.26,224.0,1119.0393
1784897760000,499.41,499.42,498.26,498.26,1893.0,9445.1461
1784897820000,498.11,498.72,498.11,498.31,9602.0,47854.413
1784897880000,498.28,498.92,498.28,498.85,884.0,4407.2692
1784897940000,498.92,499.0,498.49,498.49,530.0,2643.5833
1784898000000,498.56,498.92,498.17,498.35,858.0,4277.5524
1784898060000,498.54,498.54,498.13,498.18,1374.0,6846.343
1784898120000,498.39,498.67,497.84,498.67,3579.0,17831.3525
1784898180000,498.89,498.96,498.5,498.93,3696.0,18435.6232
1784898240000,498.96,499.07,498.8,499.05,8106.0,40442.5577
1784898300000,499.06,499.17,496.89,498.09,11232.0,55899.3799
1784898360000,497.94,498.38,497.37,498.25,3989.0,19857.2988
1784898420000,498.04,498.04,496.02,497.2,7666.0,38064.9232
1784898480000,497.46,497.47,496.61,496.9,1753.0,8711.0006
1784898540000,496.54,497.28,496.53,497.25,1321.0,6561.5367
1784898600000,497.02,497.02,492.37,494.53,27639.0,136763.5649
1784898660000,494.55,495.62,494.54,495.62,10847.0,53700.0801
1784898720000,495.81,496.21,495.3,495.72,8074.0,40014.8648
1784898780000,495.87,496.11,495.36,495.69,362.0,1794.3978
1784898840000,495.73,495.98,495.62,495.91,1451.0,7193.6421
1784898900000,496.03,496.23,495.55,495.55,2362.0,11714.1383
1784898960000,495.48,495.83,495.19,495.83,6392.0,31654.2015
1784899020000,495.6,496.63,495.37,496.5,5308.0,26349.4818
1784899080000,496.54,497.46,496.51,496.9,2566.0,12750.352
1784899140000,497.03,497.55,497.03,497.51,1230.0,6117.2105
1784899200000,497.48,498.3,497.18,498.21,658.0,3274.5153
1784899260000,498.05,498.54,498.01,498.06,493.0,2456.4317
1784899320000,498.07,498.19,497.63,497.82,478.0,2379.6682
1784899380000,497.83,499.33,497.83,499.09,42027.0,209698.864
1784899440000,499.12,499.41,498.38,498.47,43230.0,215699.9272
1784899500000,498.34,498.6,497.69,498.21,5160.0,25689.4703
1784899560000,498.14,498.21,497.7,498.13,10446.0,52031.8956
1784899620000,498.14,498.43,497.66,497.81,4656.0,23192.7153
1784899680000,497.63,498.43,497.61,497.87,2365.0,11780.0011
1784899740000,497.71,498.27,497.6,498.27,5377.0,26770.5415
1784899800000,498.38,498.59,497.75,497.75,5081.0,25313.5773
1784899860000,497.94,498.67,497.71,498.67,484.0,2411.0114
1784899920000,499.07,499.65,498.38,498.38,18208.0,90911.5343
1784899980000,498.56,499.71,498.56,499.42,1475.0,7363.4671
1784900040000,499.31,499.66,498.84,499.17,2635.0,13158.923
1784900100000,499.09,499.35,498.31,498.64,1405.0,7006.8116
1784900160000,498.67,498.67,498.19,498.19,828.0,4126.6643
1784900220000,498.17,498.44,497.7,498.44,828.0,4124.9636
1784900280000,498.45,498.67,497.02,497.2,1355.0,6744.134
1784900340000,497.15,498.27,497.15,497.97,1052.0,5236.9967
1784900400000,497.97,497.97,496.99,497.35,3102.0,15431.3691
1784900460000,497.5,498.31,497.4,498.31,1176.0,5857.0127
1784900520000,498.32,498.97,498.01,498.85,909.0,4531.4163
1784900580000,498.86,499.83,498.81,499.59,4663.0,23297.4684
1784900640000,499.62,500.62,499.62,500.37,2556.0,12784.7711
1784900700000,500.39,501.66,500.34,500.42,1091.0,5464.1775
1784900760000,500.47,500.47,499.8,500.23,663.0,3315.4938
1784900820000,500.22,500.53,499.79,499.82,499.0,2496.4343
1784900880000,499.81,500.12,499.52,500.03,389.0,1944.2571
1784900940000,499.89,500.51,499.89,499.98,1032.0,5160.2655
1784901000000,500.16,500.21,498.83,499.42,4690.0,23425.9061
1784901060000,499.39,499.4,498.96,498.99,627.0,3130.3097
1784901120000,498.98,499.1,498.05,498.53,1063.0,5298.4256
1784901180000,498.5,498.73,497.71,497.9,611.0,3043.5775
1784901240000,497.85,498.19,497.48,498.04,1007.0,5013.1914
1784901300000,498.1,498.11,497.32,497.71,338.0,1682.4578
1784901360000,497.85,498.46,497.75,498.33,401.0,1997.8687
1784901420000,498.0,498.83,498.0,498.76,961.0,4788.1575
1784901480000,498.69,499.36,498.6,499.31,4358.0,21746.6039
1784901540000,499.28,500.08,499.23,500.08,1032.0,5157.1316
1784901600000,500.05,500.24,498.6,498.75,9918.0,49557.545
1784901660000,498.83,499.25,498.39,498.39,1264.0,6307.0499
1784901720000,498.38,498.39,497.77,497.85,2717.0,13532.3937
1784901780000,497.68,497.68,496.99,497.34,1708.0,8497.0452
1784901840000,497.3,497.33,496.97,497.18,548.0,2724.0932
1784901900000,497.17,497.93,497.17,497.8,1319.0,6561.1177
1784901960000,497.8,497.89,496.41,496.52,1396.0,6939.5364
1784902020000,496.53,497.19,496.23,497.11,12557.0,62402.3656
1784902080000,497.16,498.45,497.16,497.62,5027.0,25024.7038
1784902140000,497.76,498.55,497.67,498.31,3147.0,15679.2532
1784902200000,498.21,498.58,497.97,498.22,336.0,1674.4839
1784902260000,497.99,498.25,497.8,498.22,361.0,1797.9183
1784902320000,498.17,498.39,496.83,496.83,3574.0,17794.9793
1784902380000,497.03,497.03,496.28,496.41,1966.0,9764.9078
1784902440000,496.27,496.73,496.19,496.64,5142.0,25520.6188
1784902500000,496.54,496.82,496.51,496.74,385.0,1912.2074
1784902560000,496.83,496.83,495.88,496.37,437.0,2168.6701
1784902620000,496.36,496.36,494.49,495.43,78596.0,389152.2364
1784902680000,495.46,495.63,494.73,495.28,31253.0,154738.6563
1784902740000,495.41,496.58,495.11,496.18,1429.0,7084.18
1784902800000,496.11,496.28,495.47,496.04,344.0,1705.6571
1784902860000,496.06,496.06,495.55,496.02,1843.0,9136.2895
1784902920000,496.07,496.11,495.07,495.66,1564.0,7749.1134
1784902980000,495.85,496.17,495.58,495.88,661.0,3277.8489
1784903040000,495.79,496.35,495.72,495.92,280.0,1388.501
1784903100000,496.02,496.38,495.71,496.24,486.0,2410.7719
1784903160000,496.28,496.87,496.27,496.87,571.0,2835.3664
1784903220000,496.81,497.79,496.81,497.64,6440.0,32041.9003
1784903280000,497.71,498.75,497.5,498.74,1284.0,6399.5284
1784903340000,498.86,499.09,498.68,498.73,5298.0,26429.0236
1784903400000,498.83,498.86,497.89,498.0,1592.0,7930.6922
1784903460000,498.05,498.34,497.87,498.28,1285.0,6400.7847
1784903520000,498.2,498.37,497.49,497.58,611.0,3041.7239
1784903580000,497.48,497.86,497.4,497.56,599.0,2980.8615
1784903640000,497.53,497.54,497.08,497.17,906.0,4506.7256
1784903700000,497.08,497.62,496.89,497.62,5800.0,28821.2355
1784903760000,497.74,497.74,496.88,497.08,1506.0,7492.1382
1784903820000,497.11,497.16,496.83,496.83,775.0,3851.6943
1784903880000,496.84,497.21,496.72,497.04,522.0,2594.2246
1784903940000,497.04,497.04,496.19,496.33,2069.0,10275.7767
1784904000000,496.36,496.63,496.25,496.58,791.0,3926.0484
1784904060000,496.32,496.48,496.16,496.32,1227.0,6089.8776
1784904120000,496.24,496.24,495.17,495.37,965.0,4784.1184
1784904180000,495.37,495.37,494.39,494.4,4008.0,19823.8179
1784904240000,494.38,494.91,494.34,494.51,3066.0,15169.23
1784904300000,494.51,494.51,493.95,494.1,902.0,4458.9874
1784904360000,494.16,494.99,493.75,494.99,2101.0,10390.8858
1784904420000,494.93,495.03,494.33,494.33,400.0,1979.2256
1784904480000,494.29,495.22,494.28,494.92,465.0,2301.6834
1784904540000,494.86,496.18,494.73,495.6,261.0,1293.4064
1784904600000,495.48,497.1,495.48,497.1,454.0,2254.718
1784904660000,496.9,496.9,496.41,496.73,320.0,1589.4722
1784904720000,496.55,497.26,496.48,496.72,410.0,2037.1299
1784904780000,496.71,497.88,496.7,497.88,610.0,3034.3551
1784904840000,498.11,498.71,497.84,497.94,775.0,3861.6855
1784904900000,498.04,498.58,497.98,498.46,389.0,1938.6882
1784904960000,498.45,498.51,497.95,498.23,3791.0,18887.464
1784905020000,498.24,499.47,498.24,499.11,87851.0,438415.4233
1784905080000,499.27,499.66,498.8,499.41,6044.0,30178.8532
1784905140000,499.56,499.85,499.23,499.26,3424.0,17106.919
1784905200000,499.17,499.25,498.17,498.33,5702.0,28412.1117
1784905260000,498.44,498.44,497.68,497.68,367.0,1827.8287
1784905320000,497.63,497.67,496.77,497.28,2680.0,13327.1199
1784905380000,497.09,497.16,496.67,496.67,2411.0,11982.794
1784905440000,496.6,496.9,496.29,496.63,2221.0,11030.0245
1784905500000,496.66,496.66,495.67,495.74,6114.0,30328.0972
1784905560000,495.62,495.73,494.74,494.74,977.0,4839.2028
1784905620000,494.67,495.61,494.17,495.61,2389.0,11815.5793
1784905680000,495.6,495.96,495.25,495.27,508.0,2517.8558
1784905740000,495.31,495.52,495.09,495.22,361.0,1787.7647
1784905800000,495.07,496.78,495.0,496.57,1058.0,5247.0912
1784905860000,496.7,497.19,495.48,495.85,2162.0,10725.1374
1784905920000,495.84,496.68,495.83,496.27,2706.0,13434.8074
1784905980000,496.19,496.37,496.06,496.22,430.0,2133.725
1784906040000,496.24,497.57,496.23,497.54,397.0,1972.7051
1784906100000,497.51,498.35,497.46,498.04,3034.0,15110.5518
1784906160000,498.07,498.55,497.96,498.15,901.0,4488.2225
1784906220000,497.97,497.97,496.73,496.73,238.0,1184.1339
1784906280000,496.79,496.94,496.36,496.43,381.0,1892.4045
1784906340000,496.28,496.31,496.04,496.1,1120.0,5557.4016
1784906400000,496.15,496.98,496.04,496.86,745.0,3701.3551
1784906460000,496.88,496.88,496.4,496.5,290.0,1440.4413
1784906520000,496.41,496.63,496.27,496.35,259.0,1285.8542
1784906580000,496.29,496.67,496.26,496.58,1016.0,5044.2153
1784906640000,496.32,496.75,496.32,496.63,328.0,1628.9484
1784906700000,496.47,496.9,496.41,496.41,233.0,1157.3639
1784906760000,496.35,496.52,496.3,496.31,596.0,2958.9215
1784906820000,496.27,496.88,496.16,496.23,262.0,1300.8468
1784906880000,496.2,496.76,496.16,496.16,10500.0,52126.3919
1784906940000,496.13,496.26,495.79,495.79,514.0,2549.7694
1784907000000,495.79,495.92,495.15,495.52,1382.0,6848.91
1784907060000,495.52,496.57,495.52,496.57,10714.0,53183.9071
1784907120000,496.47,496.58,495.88,496.45,3267.0,16213.8716
1784907180000,496.31,496.67,496.11,496.65,1991.0,9884.0058
1784907240000,496.49,496.69,496.27,496.61,413.0,2050.4249
1784907300000,496.55,497.27,496.04,496.31,2424.0,12037.8276
1784907360000,496.13,496.13,495.66,495.92,1275.0,6322.5553
1784907420000,495.53,496.06,495.03,495.82,16033.0,79413.0712
1784907480000,495.73,496.85,495.73,496.84,1354.0,6723.0032
1784907540000,496.69,497.18,496.09,497.09,2004.0,9948.4976
1784907600000,497.0,497.86,496.85,497.57,931.0,4630.9241
1784907660000,497.78,498.03,497.03,497.13,12487.0,62177.1168
1784907720000,497.1,497.7,496.59,496.59,384.0,1909.4682
1784907780000,496.52,496.98,496.52,496.85,193.0,958.895
1784907840000,496.82,496.98,496.34,496.34,2440.0,12122.6508
1784907900000,496.32,497.09,496.31,496.63,712.0,3536.4482
1784907960000,496.62,496.86,496.38,496.38,498.0,2473.1998
1784908020000,496.34,496.62,496.3,496.53,576.0,2859.9484
1784908080000,496.47,497.27,496.3,496.94,1517.0,7537.1077
1784908140000,496.62,496.62,495.94,495.97,331.0,1642.6192
1784908200000,495.9,496.43,495.9,496.41,784.0,3889.8896
1784908260000,496.38,496.49,496.05,496.05,278.0,1379.6955
1784908320000,496.1,496.3,495.67,495.79,1471.0,7293.8193
1784908380000,495.71,495.79,495.35,495.75,127.0,629.4116
1784908440000,495.69,495.77,495.26,495.77,834.0,4131.9271
1784908500000,495.78,496.0,495.72,495.81,306.0,1517.278
1784908560000,495.67,496.02,495.58,495.98,792.0,3927.3842
1784908620000,496.0,496.0,495.68,495.75,762.0,3778.2989
1784908680000,495.68,495.72,495.32,495.32,1554.0,7699.2863
1784908740000,495.29,495.32,495.04,495.31,1542.0,7636.3449
1784908800000,495.25,495.44,494.65,494.86,1203.0,5955.2132
1784908860000,494.76,494.87,493.46,493.75,102000.0,503919.5495
1784908920000,493.8,494.67,493.66,494.51,3382.0,16722.4242
1784908980000,494.47,494.84,494.35,494.81,470.0,2324.3673
1784909040000,494.82,495.46,494.71,495.19,673.0,3331.9504
1784909100000,495.17,495.37,495.09,495.21,507.0,2510.6402
1784909160000,495.39,495.55,494.23,494.23,980.0,4850.0166
1784909220000,494.17,494.77,494.17,494.72,441.0,2180.8571
1784909280000,494.81,494.83,494.53,494.71,339.0,1677.0272
1784915760000,494.59,494.94,494.21,494.74,1443.0
1784915820000,494.68,494.75,494.28,494.28,1967.0
1784915880000,494.22,494.64,494.2,494.52,2089.0
1784915940000,494.52,494.68,494.28,494.35,365.0
1784916000000,494.22,494.57,494.19,494.37,434.0
1784916060000,494.4,494.4,493.8,493.83,331.0
1784916120000,493.84,494.43,493.8,494.43,20294.0
1784916180000,494.47,494.49,494.43,494.46,781.0
1784916240000,494.5,494.79,494.5,494.73,264.0
1784916300000,494.68,494.85,494.5,494.85,802.0
1784916360000,494.71,494.89,494.2,494.2,889.0
1784916420000,494.3,495.84,494.3,495.84,1385.0
1784916480000,495.79,495.79,495.4,495.4,1029.0
1784916540000,495.39,495.47,494.83,494.86,464.0
1784916600000,494.94,497.12,494.92,496.76,13752.0
1784916660000,496.76,496.8,496.25,496.25,328.0
1784916720000,496.19,496.71,496.16,496.45,11912.0
1784916780000,496.43,496.78,496.25,496.44,1135.0
1784916840000,496.27,496.64,496.05,496.19,25840.0
1784916900000,496.19,496.39,496.11,496.11,454.0
1784916960000,496.1,496.12,495.59,495.65,3334.0
1784917020000,495.62,495.65,495.3,495.37,1976.0
1784917080000,495.35,495.49,495.06,495.07,450.0
1784917140000,495.1,495.21,494.91,495.21,589.0
1784917200000,495.08,495.22,494.88,495.22,421.0
1784917260000,495.29,495.29,494.32,494.32,1276.0
1784917320000,494.32,494.33,493.8,493.8,396.0
1784917380000,493.79,494.06,493.68,493.95,1025.0
1784917440000,493.95,494.13,493.53,493.54,2722.0
1784917500000,493.69,493.69,493.5,493.5,712.0
1784917560000,493.6,493.83,493.42,493.81,1540.0
1784917620000,493.8,493.95,493.64,493.91,370.0
1784917680000,493.9,494.02,493.63,494.02,635.0
1784917740000,494.03,494.58,494.0,494.56,1021.0
1784917800000,494.59,495.06,494.59,494.73,318.0
1784917860000,494.69,494.84,494.19,494.19,517.0
1784917920000,494.17,495.39,494.17,495.05,609.0
1784917980000,495.04,495.27,494.88,494.88,446.0
1784918040000,494.71,494.71,494.28,494.69,1054.0
1784918100000,494.53,494.82,494.44,494.8,3299.0
1784918160000,494.78,495.35,494.63,494.64,869.0
1784918220000,494.77,494.9,494.72,494.73,378.0
1784918280000,494.72,495.24,494.68,495.12,691.0
1784918340000,494.99,495.07,494.6,494.8,1364.0
1784918400000,494.7,494.73,494.52,494.62,455.0
1784918460000,494.66,494.77,494.57,494.67,269.0
1784918520000,494.67,494.83,494.59,494.73,414.0
1784918580000,494.72,494.72,494.6,494.69,306.0
1784918640000,494.73,494.98,494.7,494.93,267.0
1784918700000,494.95,495.34,494.91,494.99,288.0
1784918760000,495.18,495.29,494.88,494.88,286.0
1784918820000,494.88,495.23,494.88,495.05,302.0
1784918880000,495.1,495.89,495.1,495.45,2913.0
1784918940000,495.47,495.47,495.08,495.25,430.0
1784919000000,495.3,495.72,495.28,495.53,582.0
1784919060000,495.59,496.35,495.59,496.32,568.0
1784919120000,496.37,496.75,496.34,496.63,10483.0
1784919180000,496.74,497.15,496.41,496.72,1199.0
1784919240000,496.8,496.84,496.33,496.6,614.0
1784919300000,496.19,496.26,495.97,496.26,797.0
1784919360000,496.39,496.43,496.09,496.09,404.0
1784919420000,496.3,496.3,496.3,496.3,20.0
1784919480000,496.32,496.34,495.4,495.42,405.0
1784919540000,495.4,495.61,495.4,495.55,1357.0
1784919600000,495.51,495.75,495.4,495.46,328.0
1784919660000,495.45,496.08,495.45,495.57,579.0
1784919720000,495.44,495.67,495.16,495.16,775.0
1784919780000,495.09,495.15,494.99,494.99,274.0
1784919840000,494.94,494.94,494.51,494.51,490.0
1784919900000,494.71,495.17,494.68,495.14,855.0
1784919960000,495.29,495.66,495.17,495.39,11097.0
1784920020000,495.38,495.38,494.55,494.64,2237.0
1784920080000,494.94,494.98,494.89,494.98,147.0
1784920140000,494.99,495.06,494.5,494.52,229.0
1784920200000,494.37,494.38,494.14,494.38,814.0
1784920260000,494.47,494.58,494.41,494.47,355.0
1784920320000,494.59,494.98,494.59,494.84,43.0
1784920380000,494.82,495.1,494.68,495.1,374.0
1784920440000,494.98,495.21,494.81,494.81,1252.0
1784920500000,494.84,495.36,494.84,495.32,296.0
1784920560000,495.35,495.69,495.22,495.69,721.0
1784920620000,495.71,495.85,495.6,495.83,357.0
1784920680000,495.84,495.84,495.23,495.23,397.0
1784920740000,495.12,495.35,495.09,495.3,414.0
1784920800000,495.33,495.55,495.1,495.51,316.0
1784920860000,495.56,495.88,495.55,495.74,416.0
1784920920000,495.71,495.99,495.69,495.93,764.0
1784920980000,495.85,496.02,495.64,496.02,625.0
1784921040000,496.02,496.04,495.59,495.82,1492.0
1784921100000,495.8,495.87,495.4,495.43,1101.0
1784921160000,495.43,495.57,495.36,495.57,3846.0
1784921220000,495.71,495.95,495.67,495.84,1436.0
1784921280000,495.8,495.96,495.61,495.96,1183.0
1784921340000,495.99,496.07,495.8,496.07,1222.0
1784921400000,495.94,496.27,495.71,495.8,1366.0
1784921460000,495.85,496.66,495.85,496.65,1270.0
1784921520000,496.62,496.88,496.6,496.62,384.0
1784921580000,496.61,496.61,496.06,496.12,686.0
1784921640000,496.19,496.33,496.01,496.33,253.0
1784921700000,496.38,496.64,496.2,496.34,395.0
1784921760000,496.34,496.41,495.87,495.87,482.0
1784921820000,495.8,496.47,495.79,496.15,633.0
1784921880000,496.24,496.47,496.2,496.44,2831.0
1784921940000,496.33,496.75,496.21,496.21,175.0
1784922000000,496.24,496.86,496.02,496.75,1234.0
1784922060000,496.76,496.78,496.24,496.27,2133.0
1784922120000,496.19,496.19,495.91,496.15,458.0
1784922180000,496.1,496.1,495.95,496.0,1899.0
1784922240000,496.17,496.39,496.07,496.12,203.0
1784922300000,496.19,496.19,495.47,495.47,1047.0
1784922360000,495.53,495.58,495.08,495.18,392.0
1784922420000,495.19,495.7,495.19,495.64,793.0
1784922480000,495.62,495.62,495.48,495.56,625.0
1784922540000,495.64,495.77,495.48,495.64,1695.0
1784922600000,495.79,496.08,495.48,495.48,2613.0
1784922660000,495.51,495.51,495.0,495.0,1104.0
1784922720000,495.01,495.07,494.68,494.69,450.0
1784922780000,494.68,495.34,494.68,495.28,1042.0
1784922840000,495.29,495.77,495.29,495.55,544.0
1784922900000,495.26,495.28,495.08,495.18,211.0
1784922960000,495.14,495.37,494.83,494.83,447.0
1784923020000,494.82,495.08,494.79,495.08,419.0
1784923080000,495.09,495.26,495.09,495.11,1240.0
1784923140000,495.17,496.03,495.03,495.68,1609.0
1784923200000,495.75,495.87,495.49,495.75,518.0
1784923260000,495.93,496.38,495.93,496.32,1828.0
1784923320000,496.15,496.38,496.05,496.05,272.0
1784923380000,495.94,496.49,495.74,496.43,453.0
1784923440000,496.49,496.51,495.89,495.89,382.0
1784923500000,495.87,495.87,495.47,495.47,52.0
1784923560000,495.42,495.42,495.39,495.39,2.0
1784923620000,495.3,495.33,494.68,494.72,1017.0
1784923680000,494.72,494.88,494.43,494.53,1628.0
1784923740000,494.52,494.54,494.18,494.26,2534.0
1784923800000,494.49,494.49,494.14,494.26,842.0
1784923860000,494.28,494.75,494.28,494.75,787.0
1784923920000,494.64,494.67,494.54,494.66,297.0
1784923980000,494.71,494.71,494.6,494.61,314.0
1784924040000,494.62,495.03,494.6,495.03,1416.0
1784924100000,494.98,495.29,494.95,495.14,466.0
1784924160000,495.17,495.27,495.14,495.15,775.0
1784924220000,495.16,495.22,495.04,495.04,329.0
1784924280000,494.97,495.46,494.97,495.44,679.0
1784924340000,495.47,495.53,495.08,495.09,449.0
1784924400000,495.08,495.14,494.87,494.9,4549.0
1784924460000,494.87,495.0,494.85,494.86,471.0
1784924520000,494.88,495.45,494.88,495.44,1370.0
1784924580000,495.47,495.86,495.35,495.57,6893.0
1784924640000,495.48,495.55,495.34,495.54,1007.0
1784924700000,495.53,496.11,495.53,496.09,1493.0
1784924760000,496.06,496.09,495.73,495.78,671.0
1784924820000,495.54,495.54,495.27,495.37,248.0
1784924880000,495.44,495.65,495.36,495.38,399.0
1784924940000,495.33,495.34,495.04,495.06,463.0
1784925000000,495.05,495.15,494.72,494.8,551.0
1784925060000,494.82,494.83,494.48,494.48,882.0
1784925120000,494.72,494.95,494.69,494.82,376.0
1784925180000,494.85,495.17,494.85,495.01,2421.0
1784925240000,495.02,495.04,494.8,494.92,784.0
1784925300000,495.08,495.39,494.93,495.29,738.0
1784925360000,495.28,495.41,495.16,495.37,524.0
1784925420000,495.36,495.44,495.09,495.09,852.0
1784925480000,495.11,495.11,494.3,494.31,784.0
1784925540000,494.28,495.1,494.28,495.1,810.0
1784925600000,494.99,495.21,494.93,495.03,355.0
1784925660000,495.04,495.04,494.81,494.82,519.0
1784925720000,494.74,494.74,494.21,494.54,3629.0
1784925780000,494.67,494.69,494.67,494.67,131.0
1784925840000,494.71,494.95,494.63,494.72,308.0
1784925900000,494.76,495.29,494.76,495.11,475.0
1784925960000,495.13,495.2,495.02,495.02,618.0
1784926020000,495.0,495.01,494.43,494.46,581.0
1784926080000,494.58,494.7,494.45,494.7,278.0
1784926140000,494.74,494.74,494.56,494.68,289.0
1784926200000,494.67,494.78,494.67,494.78,343.0
1784926260000,494.79,495.16,494.79,495.14,355.0
1784926320000,495.06,495.45,495.06,495.35,528.0
1784926380000,495.38,495.45,495.27,495.37,400.0
1784926440000,495.41,495.6,495.34,495.59,887.0
1784926500000,495.62,495.62,495.46,495.47,308.0
1784926560000,495.54,495.6,495.45,495.45,374.0
1784926620000,495.52,495.58,495.29,495.35,510.0
1784926680000,495.38,495.56,495.38,495.54,924.0
1784926740000,495.41,496.07,495.31,495.91,1359.0
1784926800000,495.87,496.04,495.63,495.65,366.0
1784926860000,495.48,495.5,495.26,495.27,277.0
1784926920000,495.26,495.91,495.26,495.73,1045.0
1784926980000,495.58,495.73,495.01,495.31,2782.0
1784927040000,495.34,495.74,495.34,495.59,532.0
1784927100000,495.56,495.77,495.3,495.77,321.0
1784927160000,495.72,495.79,495.58,495.63,399.0
1784927220000,495.7,495.7,495.43,495.52,418.0
1784927280000,495.48,495.53,495.47,495.53,1086.0
1784927340000,495.63,495.87,495.3,495.3,774.0,3836.9346
1784927400000,495.33,495.4,494.74,494.93,840.0,4156.9256
1784927460000,494.88,494.88,494.45,494.73,1406.0,6953.6793
1784927520000,494.72,494.83,494.48,494.48,233.0,1152.4896
1784927580000,494.31,494.97,493.99,494.96,2086.0,10313.3196
1784927640000,494.94,495.04,494.76,494.77,535.0,2647.6471
1784927700000,494.67,494.9,494.46,494.48,705.0,3487.955
1784927760000,494.52,494.83,494.51,494.53,277.0,1370.1647
1784927820000,494.53,494.68,494.33,494.49,997.0,4930.4324
1784927880000,494.43,494.43,492.59,492.91,14040.0,69222.164
1784927940000,492.84,493.0,492.48,492.5,3230.0,15914.7149
1784928000000,492.52,492.72,492.01,492.52,1417.0,6975.8262
1784928060000,492.37,492.57,492.35,492.41,192.0,945.5332
1784928120000,492.52,492.76,492.35,492.37,266.0,1310.0266
1784928180000,492.41,492.57,492.33,492.57,227.0,1117.9472
1784928240000,492.55,493.07,492.47,493.07,986.0,4859.7693
1784928300000,493.05,493.39,493.04,493.39,300.0,1479.6276
1784928360000,493.28,493.31,493.05,493.07,331.0,1632.305
1784928420000,492.97,492.97,492.57,492.59,546.0,2690.076
1784928480000,492.61,492.67,492.37,492.37,140.0,689.5782
1784928540000,492.39,492.87,492.31,492.8,124.0,610.6808
1784928600000,492.72,492.72,492.47,492.69,103.0,507.3826
1784928660000,492.69,493.42,492.69,493.41,535.0,2638.9265
1784928720000,493.38,493.38,492.8,492.8,275.0,1355.3819
1784928780000,492.84,493.08,492.84,493.01,319.0,1572.5745
1784928840000,492.96,492.96,492.59,492.67,211.0,1039.6986
1784928900000,492.63,492.63,492.51,492.57,270.0,1329.9761
1784928960000,492.44,492.8,492.44,492.71,169.0,832.516
1784929020000,492.62,492.71,492.51,492.51,282.0,1389.1797
1784929080000,492.57,492.57,491.87,491.87,626.0,3081.4994
1784929140000,492.02,492.02,491.4,491.4,365.0,1795.1895
1784929200000,491.4,491.44,490.62,491.05,841.0,4129.99
1784929260000,491.15,491.35,491.06,491.3,5228.0,25679.596
1784929320000,491.26,491.41,491.11,491.25,300.0,1473.694
1784929380000,491.19,491.4,491.12,491.4,235.0,1154.3833
1784929440000,491.36,491.47,491.25,491.36,481.0,2363.5923
1784929500000,491.3,491.35,490.67,490.72,317.0,1556.461
1784929560000,490.66,490.67,489.61,489.68,1773.0,8693.1368
1784929620000,489.71,490.69,489.48,490.38,123735.0,606918.2473
1784929680000,490.35,490.6,489.77,490.29,3073.0,15061.6808
1784929740000,490.26,490.29,490.1,490.28,693.0,3397.2729
1784929800000,490.26,490.41,490.26,490.41,1647.0,8075.885
1784929860000,490.51,490.51,488.46,488.92,58990.0,288462.4349
1784929920000,489.0,489.24,488.92,489.11,6393.0,31269.0195
1784929980000,489.08,489.21,488.3,489.16,10667.0,52149.045
1784930040000,489.14,489.39,488.91,488.91,1742.0,8522.8647
1784930100000,488.7,488.71,487.77,487.91,14301.0,69764.5053
1784930160000,487.91,487.94,487.57,487.57,4590.0,22384.3936
1784930220000,487.63,488.0,487.51,487.83,1804.0,8798.2031
1784930280000,487.83,488.16,487.1,488.16,6108.0,29784.8939
1784930340000,487.97,488.08,487.64,487.85,738.0,3601.121
1784930400000,487.93,488.44,487.93,488.44,48778.0,238114.7605
1784930460000,488.62,488.76,488.27,488.27,5307.0,25924.482
1784930520000,488.12,488.76,488.09,488.76,631.0,3081.492
1784930580000,489.07,489.5,489.07,489.11,6039.0,29546.7393
1784930640000,489.1,489.45,488.93,488.93,470.0,2299.0066
1784930700000,488.95,489.45,488.95,489.35,1318.0,6448.8642
1784930760000,489.4,489.4,488.97,489.1,1199.0,5865.1742
1784930820000,488.97,489.13,488.68,488.69,511.0,2498.5146
1784930880000,488.68,488.69,483.69,484.72,21875.0,106184.5641
1784930940000,484.67,485.28,484.29,485.28,7681.0,37258.4324
1784931000000,485.26,485.84,485.26,485.82,2611.0,12680.2661
1784931060000,485.81,486.05,485.5,485.62,1341.0,6513.4371
1784931120000,485.72,485.74,485.22,485.22,441.0,2141.8647
1784931180000,485.2,485.33,485.14,485.18,647.0,3139.5293
1784931240000,485.19,485.87,485.13,485.87,853.0,4140.7114
1784931300000,485.98,486.18,485.92,485.95,1869.0,9084.6338
1784931360000,485.93,486.59,485.93,486.59,1317.0,6406.0419
1784931420000,486.59,486.63,486.26,486.63,889.0,4325.202
1784931480000,486.62,486.62,485.28,485.34,1724.0,8373.3514
1784931540000,485.33,485.45,485.26,485.27,1010.0,4902.2481
1784931600000,485.21,485.63,485.08,485.63,2120.0,10288.4781
1784931660000,485.64,486.0,485.25,485.25,1507.0,7319.4847
1784931720000,485.18,485.2,483.84,484.48,4166.0,20181.6376
1784931780000,484.49,484.66,484.32,484.34,1783.0,8639.1917
1784931840000,484.33,485.04,484.28,485.04,4795.0,23238.3913
1784931900000,485.07,485.64,485.07,485.23,1460.0,7085.1471
1784931960000,485.22,485.43,485.21,485.23,715.0,3470.0802
1784932020000,485.3,485.48,484.18,484.53,1962.0,9510.1162
1784932080000,484.54,484.54,484.2,484.54,3333.0,16142.9584
1784932140000,484.66,485.69,484.66,485.69,641.0,3109.6413
1784932200000,485.7,485.76,485.14,485.25,869.0,4218.6702
1784932260000,485.25,485.61,485.16,485.16,518.0,2514.3566
1784932320000,485.15,486.54,484.76,486.2,2457.0,11938.1108
1784932380000,486.3,487.16,485.77,486.84,7650.0,37232.5934
1784932440000,486.7,486.77,486.59,486.63,991.0,4822.5298
1784932500000,486.62,486.95,486.52,486.61,20466.0,99593.478
1784932560000,486.61,486.95,486.6,486.79,394.0,1917.8794
1784932620000,486.91,486.92,486.58,486.72,326.0,1586.6703
1784932680000,486.78,487.37,486.64,487.32,1977.0,9627.1584
1784932740000,487.23,487.6,487.23,487.42,955.0,4655.4609
1784932800000,487.42,488.31,487.36,488.25,1561.0,7614.0183
1784932860000,488.24,488.45,488.16,488.45,1418.0,6925.5965
1784932920000,488.35,488.57,488.25,488.44,221.0,1079.252
1784932980000,488.47,488.69,488.08,488.08,697.0,3403.7035
1784933040000,488.0,488.22,487.83,487.84,382.0,1864.4026
1784933100000,488.06,488.84,488.06,488.77,518.0,2530.3221
1784933160000,488.86,489.07,488.86,489.04,538.0,2630.6424
1784933220000,489.03,489.03,488.42,488.43,554.0,2706.8311
1784933280000,488.56,488.71,488.44,488.52,520.0,2540.4741
1784933340000,488.54,489.07,488.49,488.98,221.0,1080.6135
1784933400000,489.16,489.22,488.94,488.96,257.0,1256.9773
1784933460000,488.99,489.37,488.99,489.33,1515.0,7410.1639
1784933520000,489.31,489.4,489.12,489.3,3212.0,15718.013
1784933580000,489.15,489.4,489.15,489.4,507.0,2480.6722
1784933640000,489.41,489.41,488.77,488.79,1345.0,6576.6536
1784933700000,488.8,488.9,488.69,488.8,375.0,1832.9873
1784933760000,488.82,488.82,487.39,487.43,5332.0,26039.7619
1784933820000,487.79,487.86,486.9,487.34,5860.0,28573.8779
1784933880000,487.41,487.54,486.81,486.87,669.0,3259.1927
1784933940000,486.78,486.88,486.19,486.54,2326.0,11314.5757
1784934000000,486.55,486.94,486.55,486.78,661.0,3217.534
1784934060000,486.76,487.06,486.73,486.75,1097.0,5341.1953
1784934120000,486.94,487.78,486.94,487.78,478.0,2329.3027
1784934180000,487.78,488.16,487.78,488.11,591.0,2884.0118
1784934240000,488.19,488.57,488.19,488.35,410.0,2002.392
1784934300000,488.23,488.23,487.24,487.3,847.0,4131.6385
1784934360000,487.31,487.37,487.09,487.36,649.0,3162.3194
1784934420000,487.38,487.45,487.2,487.43,293.0,1427.9836
1784934480000,487.41,487.53,487.41,487.49,324.0,1579.4572
1784934540000,487.38,487.38,487.18,487.33,267.0,1301.0211
1784934600000,487.31,487.31,486.87,486.88,383.0,1865.3708
1784934660000,486.92,486.93,486.68,486.88,532.0,2589.7629
1784934720000,486.86,486.99,486.48,486.62,1595.0,7761.8909
1784934780000,486.74,487.18,486.73,487.05,800.0,3895.308
1784934840000,487.04,487.15,486.6,486.64,836.0,4070.6095
1784934900000,486.59,486.81,486.06,486.27,3006.0,14616.8688
1784934960000,486.25,486.66,486.25,486.46,680.0,3308.1304
1784935020000,486.43,486.52,486.37,486.46,829.0,4032.5811
1784935080000,486.43,487.19,486.43,487.06,2582.0,12567.6048
1784935140000,486.97,487.09,486.81,487.08,312.0,1519.3426
1784935200000,487.07,487.37,487.06,487.35,271.0,1320.1793
1784935260000,487.35,487.74,487.29,487.61,587.0,2861.8581
1784935320000,487.66,487.66,487.24,487.25,371.0,1808.4258
1784935380000,487.26,487.34,487.08,487.24,382.0,1861.1755
1784935440000,487.22,487.74,487.0,487.74,8973.0,43703.6672
1784935500000,487.78,487.78,487.62,487.62,442.0,2155.9161
1784935560000,487.69,487.78,487.65,487.71,648.0,3160.3163
1784935620000,487.7,487.77,487.62,487.62,409.0,1994.6732
1784935680000,487.63,487.63,487.5,487.54,377.0,1838.1633
1784935740000,487.79,487.94,487.69,487.94,261.0,1273.0465
1784935800000,487.88,487.9,487.43,487.43,404.0,1970.326
1784935860000,487.43,487.88,487.43,487.87,273.0,1331.4935
1784935920000,487.88,488.18,487.88,488.08,704.0,3436.2582
1784935980000,488.12,488.47,488.12,488.24,1119.0,5464.7465
1784936040000,488.37,488.37,488.03,488.13,422.0,2060.2062
1784936100000,488.26,488.58,487.84,488.58,1148.0,5604.6206
1784936160000,488.36,488.49,488.22,488.23,213.0,1040.2351
1784936220000,488.22,488.22,488.01,488.15,401.0,1957.4331
1784936280000,488.07,488.11,487.66,487.74,352.0,1717.4796
1784936340000,487.72,488.55,487.65,488.55,357.0,1741.6948
1784936400000,488.58,488.58,488.28,488.4,404.0,1973.269
1784936460000,488.44,488.52,488.18,488.51,334.0,1631.0514
1784936520000,488.47,488.69,488.43,488.69,157.0,767.0262
1784936580000,488.69,488.98,488.64,488.64,240.0,1173.154
1784936640000,488.39,488.48,487.93,487.95,144.0,703.0249
1784936700000,487.92,488.06,487.51,487.79,471.0,2297.5441
1784936760000,487.79,488.1,487.67,488.05,246.0,1200.3998
1784936820000,488.04,488.08,487.7,487.78,566.0,2761.4594
1784936880000,487.84,488.18,487.84,488.04,497.0,2425.5328
1784936940000,488.01,488.13,487.95,488.1,403.0,1966.7096
1784937000000,488.19,488.44,488.19,488.33,121.0,590.86
1784937060000,488.29,488.86,488.28,488.8,501.0,2447.9461
1784937120000,488.89,489.24,488.81,488.83,14852.0,72654.1132
1784937180000,488.71,488.71,488.45,488.45,5342.0,26096.0289
1784937240000,488.43,488.65,488.43,488.6,1570.0,7670.796
1784937300000,488.87,488.9,488.54,488.56,225.0,1099.6191
1784937360000,488.51,488.75,488.51,488.65,151.0,737.8156
1784937420000,488.61,488.69,488.52,488.55,196.0,957.6705
1784937480000,488.51,488.72,488.46,488.72,223.0,1089.5684
1784937540000,488.47,488.47,488.12,488.14,315.0,1538.2702
1784937600000,488.26,488.38,487.8,487.8,487.0,2377.4124
1784937660000,487.79,488.34,487.49,488.25,2853.0,13909.1038
1784937720000,488.47,488.85,488.33,488.81,7288.0,35621.4967
1784937780000,488.71,488.98,488.68,488.69,750.0,3666.0731
1784937840000,488.68,488.68,488.37,488.62,169.0,825.5093
1784937900000,488.55,488.81,488.5,488.79,213.0,1040.789
1784937960000,488.59,488.74,488.33,488.33,401.0,1959.1108
1784938020000,488.47,488.51,488.1,488.13,569.0,2778.6311
1784938080000,488.12,488.28,487.76,488.13,1213.0,5918.6312
1784938140000,488.08,488.24,487.93,488.11,467.0,2279.4454
1784938200000,488.13,488.46,488.12,488.4,353.0,1723.9541
1784938260000,488.53,489.19,488.49,489.16,436.0,2130.9837
1784938320000,489.13,489.33,488.79,489.33,6316.0,30896.9078
1784938380000,489.29,489.35,489.08,489.11,563.0,2754.5576
1784938440000,489.1,489.1,488.61,488.91,1022.0,4995.4866
1784938500000,488.89,488.95,488.62,488.73,624.0,3050.2454
1784938560000,488.72,488.76,488.61,488.76,412.0,2013.348
1784938620000,488.76,488.76,488.28,488.28,506.0,2471.7308
1784938680000,488.23,488.23,488.0,488.21,417.0,2035.7206
1784938740000,488.07,488.07,487.82,488.03,1068.0,5210.7514
1784938800000,488.08,488.08,487.34,487.62,34843.0,169948.8889
1784938860000,487.62,487.69,487.25,487.3,19872.0,96856.538
1784938920000,487.3,487.45,487.12,487.25,1716.0,8362.1314
1784938980000,487.24,487.55,487.24,487.5,821.0,4001.6186
1784939040000,487.38,487.74,487.28,487.66,629.0,3066.2855
1784939100000,487.57,487.74,487.1,487.15,926.0,4512.852
1784939160000,487.15,487.32,486.96,487.3,957.0,4661.5803
1784939220000,487.26,487.38,487.15,487.37,347.0,1690.8989
1784939280000,487.37,487.37,486.97,487.09,414.0,2016.8023
1784945760000,485.91,486.07,484.19,484.59,2606.0
1784945820000,484.52,485.05,484.51,484.99,632.0
1784945880000,485.06,485.15,484.84,485.08,647.0
1784945940000,484.99,485.34,484.75,485.34,893.0
1784946000000,485.38,486.34,485.38,486.34,320.0
1784946060000,486.28,486.76,486.28,486.33,220.0
1784946120000,486.28,486.59,486.24,486.58,131.0
1784946180000,486.63,486.87,486.55,486.78,629.0
1784946240000,486.8,486.87,486.28,486.32,910.0
1784946300000,486.27,486.51,486.08,486.29,381.0
1784946360000,486.32,487.06,486.25,487.06,572.0
1784946420000,487.06,487.71,486.97,487.6,1359.0
1784946480000,487.69,487.71,487.55,487.68,1614.0
1784946540000,487.72,487.96,487.7,487.91,2359.0
1784946600000,487.91,487.93,487.62,487.82,3883.0
1784946660000,487.83,487.88,487.38,487.38,547.0
1784946720000,487.35,487.54,487.26,487.52,2164.0
1784946780000,487.55,487.66,487.49,487.63,533.0
1784946840000,487.63,487.87,487.57,487.87,586.0
1784946900000,487.93,487.94,487.4,487.43,588.0
1784946960000,487.43,487.72,487.4,487.68,334.0
1784947020000,487.72,487.79,487.51,487.62,522.0
1784947080000,487.62,488.08,487.61,488.08,753.0
1784947140000,487.88,488.44,487.85,488.31,1370.0
1784947200000,488.47,488.84,488.2,488.2,11348.0
1784947260000,488.2,488.47,488.2,488.43,402.0
1784947320000,488.52,488.54,488.11,488.18,382.0
1784947380000,488.19,488.2,487.79,487.79,520.0
1784947440000,487.79,487.79,487.31,487.39,833.0
1784947500000,487.37,487.41,487.14,487.17,961.0
1784947560000,487.14,487.2,487.08,487.08,446.0
1784947620000,487.1,487.1,486.81,487.04,1599.0
1784947680000,487.09,487.41,487.05,487.37,664.0
1784947740000,487.38,487.38,486.78,486.93,3565.0
1784947800000,486.92,487.05,486.67,487.05,599.0
1784947860000,487.06,487.06,486.81,486.81,5514.0
1784947920000,486.72,486.83,486.59,486.83,153.0
1784947980000,486.79,487.29,486.58,487.29,1234.0
1784948040000,487.21,487.24,486.9,487.03,741.0
1784948100000,487.27,487.28,486.93,486.93,431.0
1784948160000,486.92,487.02,486.68,486.93,489.0
1784948220000,486.99,487.3,486.93,487.3,389.0
1784948280000,487.33,487.38,487.26,487.36,484.0
1784948340000,487.34,487.99,487.34,487.98,447.0
1784948400000,488.09,488.46,488.07,488.43,219.0
1784948460000,488.49,488.66,488.32,488.32,6842.0
1784948520000,488.28,488.28,488.2,488.2,114.0
1784948580000,488.21,488.4,488.2,488.4,507.0
1784948640000,488.47,489.46,488.36,489.3,9284.0
1784948700000,489.21,489.23,488.67,488.67,1632.0
1784948760000,488.68,488.68,488.29,488.63,443.0
1784948820000,488.64,488.99,488.6,488.6,2931.0
1784948880000,488.64,489.02,488.6,488.82,401.0
1784948940000,488.67,488.74,488.31,488.52,3347.0
1784949000000,488.58,488.58,488.22,488.22,154.0
1784949060000,488.2,488.22,487.88,488.18,432.0
1784949120000,488.36,488.46,488.14,488.46,495.0
1784949180000,488.48,488.67,488.45,488.57,376.0
1784949240000,488.58,488.74,488.3,488.3,480.0
1784949300000,488.23,488.86,488.23,488.8,1003.0
1784949360000,488.57,488.98,488.57,488.96,469.0
1784949420000,488.99,489.05,488.04,488.13,612.0
1784949480000,488.05,488.37,487.95,488.37,276.0
1784949540000,488.38,488.41,488.11,488.18,421.0
1784949600000,488.37,488.37,488.0,488.24,477.0
1784949660000,488.32,488.35,488.25,488.25,212.0
1784949720000,488.34,488.43,488.04,488.24,872.0
1784949780000,488.2,488.36,488.06,488.1,239.0
1784949840000,488.16,488.4,488.06,488.4,407.0
1784949900000,488.45,488.96,488.43,488.85,462.0
1784949960000,488.98,489.04,488.6,488.6,531.0
1784950020000,488.7,488.93,488.67,488.86,301.0
1784950080000,488.81,488.82,488.42,488.43,103.0
1784950140000,488.49,488.71,488.49,488.64,628.0
1784950200000,488.62,488.67,488.49,488.65,244.0
1784950260000,488.63,488.63,488.21,488.21,273.0
1784950320000,488.2,490.31,488.08,489.59,5635.0
1784950380000,489.4,489.55,489.14,489.52,996.0
1784950440000,489.34,489.41,489.25,489.38,233.0
1784950500000,489.36,489.67,489.24,489.66,326.0
1784950560000,489.67,489.71,489.31,489.39,440.0
1784950620000,489.42,489.44,489.2,489.25,143.0
1784950680000,489.36,489.37,489.0,489.01,1560.0
1784950740000,489.05,489.06,488.89,488.91,276.0
1784950800000,488.96,489.06,488.34,488.44,1008.0
1784950860000,488.35,488.5,488.23,488.47,211.0
1784950920000,488.56,488.61,488.2,488.41,463.0
1784950980000,488.43,488.59,488.43,488.55,158.0
1784951040000,488.55,488.62,488.39,488.62,693.0
1784951100000,488.53,488.95,488.53,488.95,327.0
1784951160000,488.92,488.95,488.02,488.02,352.0
1784951220000,488.01,488.15,487.99,488.02,386.0
1784951280000,488.07,488.16,488.07,488.15,95.0
1784951340000,488.14,488.32,487.86,487.86,366.0
1784951400000,487.79,488.11,487.58,487.8,387.0
1784951460000,487.86,487.86,487.33,487.52,1554.0
1784951520000,487.6,487.86,487.6,487.85,352.0
1784951580000,487.76,487.97,487.67,487.97,455.0
1784951640000,487.98,488.12,487.71,487.79,224.0
1784951700000,487.65,487.71,487.63,487.66,99.0
1784951760000,487.7,487.77,487.62,487.66,260.0
1784951820000,487.76,487.92,487.76,487.91,173.0
1784951880000,487.96,488.1,487.96,488.06,313.0
1784951940000,488.04,488.05,487.79,487.81,272.0
1784952000000,487.81,488.0,487.69,487.69,161.0
1784952060000,487.85,487.93,487.79,487.84,242.0
1784952120000,487.94,487.96,487.75,487.83,126.0
1784952180000,487.8,487.9,487.76,487.81,271.0
1784952240000,487.9,488.08,487.64,487.76,281.0
1784952300000,487.85,487.89,487.58,487.72,184.0
1784952360000,487.73,487.76,487.64,487.7,388.0
1784952420000,487.67,487.74,487.65,487.7,526.0
1784952480000,487.72,487.74,487.64,487.71,146.0
1784952540000,487.74,487.88,487.69,487.88,368.0
1784952600000,487.89,487.93,487.23,487.28,673.0
1784952660000,487.28,487.28,486.93,487.01,666.0
1784952720000,487.0,487.16,486.93,487.16,283.0
1784952780000,487.39,487.82,487.39,487.82,210.0
1784952840000,487.79,488.03,487.79,488.03,428.0
1784952900000,487.97,487.98,487.8,487.8,178.0
1784952960000,487.79,487.96,487.65,487.96,461.0
1784953020000,488.0,488.25,488.0,488.25,419.0
1784953080000,488.26,488.26,488.16,488.22,325.0
1784953140000,488.23,488.26,487.79,487.79,93.0
1784953200000,487.49,487.49,487.29,487.31,471.0
1784953260000,487.31,487.59,487.3,487.55,183.0
1784953320000,487.54,487.65,487.42,487.64,364.0
1784953380000,487.61,487.61,487.54,487.58,130.0
1784953440000,487.53,487.53,487.19,487.19,56.0
1784953500000,487.23,487.68,487.19,487.58,391.0
1784953560000,487.53,487.53,487.22,487.43,138.0
1784953620000,487.51,487.54,487.23,487.23,159.0
1784953680000,487.33,487.59,487.26,487.54,412.0
1784953740000,487.58,487.58,487.26,487.57,420.0
1784953800000,487.55,487.58,487.38,487.39,431.0
1784953860000,487.38,487.65,487.32,487.55,472.0
1784953920000,487.57,487.99,487.57,487.72,407.0
1784953980000,487.69,487.76,487.3,487.31,275.0
1784954040000,487.31,487.31,486.89,486.93,511.0
1784954100000,486.88,487.28,486.73,487.28,282.0
1784954160000,487.23,487.56,487.23,487.56,228.0
1784954220000,487.72,487.87,487.72,487.87,49.0
1784954280000,487.98,488.18,487.86,488.06,979.0
1784954340000,487.94,488.27,487.94,488.27,360.0
1784954400000,488.42,488.49,488.28,488.28,1542.0
1784954460000,488.13,488.47,488.11,488.45,445.0
1784954520000,488.38,488.52,488.3,488.51,3290.0
1784954580000,488.45,488.45,487.93,488.1,2701.0
1784954640000,488.03,488.03,487.6,487.7,455.0
1784954700000,487.63,487.97,487.54,487.63,548.0
1784954760000,487.65,487.79,487.48,487.58,411.0
1784954820000,487.55,487.74,487.54,487.54,440.0
1784954880000,487.54,487.75,487.48,487.72,1277.0
1784954940000,487.71,487.85,487.69,487.81,200.0
1784955000000,487.76,488.17,487.71,488.17,496.0
1784955060000,488.16,488.25,487.89,488.01,891.0
1784955120000,487.79,487.79,487.26,487.31,436.0
1784955180000,487.36,487.61,487.35,487.47,495.0
1784955240000,487.45,487.47,487.08,487.1,1062.0
1784955300000,487.31,487.34,487.18,487.19,347.0
1784955360000,487.17,487.4,487.02,487.27,1187.0
1784955420000,487.21,487.44,487.12,487.35,2000.0
1784955480000,487.42,487.42,487.36,487.37,65.0
1784955540000,487.35,487.35,487.03,487.25,1003.0
1784955600000,487.23,487.79,487.2,487.79,118.0
1784955660000,487.87,488.0,487.35,487.4,740.0
1784955720000,487.36,487.36,487.15,487.18,268.0
1784955780000,487.2,487.22,487.12,487.21,165.0
1784955840000,487.29,487.36,487.14,487.19,352.0
1784955900000,487.26,487.26,486.9,486.96,783.0
1784955960000,486.85,486.85,486.15,486.36,1715.0
1784956020000,486.28,486.45,486.25,486.42,270.0
1784956080000,486.29,486.29,485.97,485.98,1984.0
1784956140000,485.97,486.27,485.67,486.2,1684.0
1784956200000,486.13,486.2,485.98,485.98,4000.0
1784956260000,485.79,485.79,485.11,485.22,4224.0
1784956320000,485.15,485.45,485.07,485.15,1875.0
1784956380000,485.16,485.16,484.28,484.64,1211.0
1784956440000,484.6,484.85,484.51,484.54,624.0
1784956500000,484.62,484.78,484.46,484.78,3028.0
1784956560000,484.53,484.59,484.37,484.54,557.0
1784956620000,484.63,484.91,484.46,484.63,2046.0
1784956680000,484.77,485.38,484.63,485.18,440.0
1784956740000,485.19,485.21,484.86,485.0,790.0
1784956800000,485.0,485.35,484.88,485.16,362.0
1784956860000,485.03,485.34,484.97,485.28,491.0
1784956920000,485.21,485.42,485.17,485.24,648.0
1784956980000,485.38,485.38,485.0,485.01,331.0
1784957040000,484.96,485.04,484.87,484.9,423.0
1784957100000,484.87,484.98,484.87,484.96,713.0
1784957160000,484.95,485.1,484.87,484.9,315.0
1784957220000,484.88,485.06,484.69,485.06,469.0
1784957280000,485.12,485.23,485.08,485.08,756.0
1784957340000,484.95,485.5,484.91,485.5,376.0,1824.3333
1784957400000,485.49,485.49,485.24,485.38,246.0,1194.1234
1784957460000,485.22,485.3,485.09,485.16,338.0,1639.8436
1784957520000,485.15,485.16,484.68,484.75,241.0,1168.5067
1784957580000,484.77,484.91,484.68,484.91,393.0,1905.0175
1784957640000,484.8,484.89,482.0,482.48,15509.0,74881.8502
1784957700000,482.51,482.66,478.76,480.57,34940.0,167840.8639
1784957760000,480.58,480.58,479.9,480.1,5540.0,26606.2539
1784957820000,480.02,480.52,479.4,480.31,2455.0,11782.9666
1784957880000,480.53,480.53,479.87,480.24,1951.0,9367.7185
1784957940000,480.26,480.51,479.99,480.4,1010.0,4850.3872
1784958000000,480.43,480.6,479.63,480.32,2153.0,10335.3117
1784958060000,480.25,480.83,480.25,480.72,1414.0,6794.2634
1784958120000,480.72,480.9,480.72,480.88,811.0,3899.4964
1784958180000,480.9,481.22,480.9,481.15,210.0,1010.1796
1784958240000,481.09,481.09,480.64,480.67,534.0,2568.2629
1784958300000,480.67,480.84,480.37,480.73,1080.0,5190.4159
1784958360000,480.84,481.12,480.75,480.75,898.0,4319.4931
1784958420000,480.67,480.78,480.39,480.54,744.0,3574.9337
1784958480000,480.46,480.71,480.09,480.62,2016.0,9683.6341
1784958540000,480.58,480.58,480.01,480.25,3643.0,17496.1106
1784958600000,480.24,480.27,478.51,478.85,4002.0,19185.687
1784958660000,478.99,479.21,478.22,478.46,6954.0,33273.8629
1784958720000,478.47,478.47,477.6,477.74,10064.0,48104.743
1784958780000,477.87,478.05,477.24,477.8,7685.0,36711.3531
1784958840000,477.87,478.09,477.86,477.98,885.0,4230.2434
1784958900000,477.92,478.08,477.52,477.66,1110.0,5303.5165
1784958960000,477.67,477.68,477.15,477.36,1217.0,5810.0632
1784959020000,477.34,477.79,476.36,476.76,2332.0,11121.2598
1784959080000,476.79,477.47,476.78,476.96,1634.0,7796.0011
1784959140000,476.97,477.0,476.48,476.48,774.0,3690.5396
1784959200000,476.47,477.03,475.03,477.03,54439.0,258771.2949
1784959260000,477.02,477.36,477.01,477.24,2488.0,11871.0827
1784959320000,477.27,477.77,477.25,477.44,2896.0,13828.6589
1784959380000,477.59,478.18,477.59,478.15,4467.0,21351.7545
1784959440000,478.17,478.61,478.09,478.09,1352.0,6467.7779
1784959500000,478.08,478.08,477.41,477.41,4489.0,21446.2746
1784959560000,477.35,477.88,477.35,477.47,1278.0,6105.7297
1784959620000,477.46,477.94,477.46,477.83,355.0,1695.9436
1784959680000,477.92,478.05,477.85,477.91,338.0,1615.511
1784959740000,477.94,478.24,477.94,478.09,237.0,1133.077
1784959800000,477.95,477.96,477.74,477.84,256.0,1223.2587
1784959860000,477.84,478.48,477.75,478.48,1397.0,6679.4235
1784959920000,478.46,478.6,478.34,478.34,734.0,3511.5518
1784959980000,478.36,478.47,478.13,478.21,343.0,1640.3218
1784960040000,478.17,478.17,477.8,477.96,1907.0,9113.9465
1784960100000,478.0,478.07,477.85,477.93,2375.0,11350.3107
1784960160000,477.8,477.81,475.92,475.95,16656.0,79390.6696
1784960220000,475.91,476.79,475.91,476.65,2499.0,11903.1682
1784960280000,476.69,476.73,476.42,476.55,6564.0,31288.0229
1784960340000,476.5,476.7,476.43,476.68,2039.0,9716.2902
1784960400000,476.64,477.16,476.64,477.12,319.0,1521.6905
1784960460000,477.22,477.23,476.52,476.52,718.0,3423.4762
1784960520000,476.57,476.81,476.57,476.58,341.0,1625.4847
1784960580000,476.65,476.65,475.89,476.19,2159.0,10283.0291
1784960640000,476.18,476.21,475.96,476.21,102.0,485.6102
1784960700000,476.46,476.52,476.16,476.27,1040.0,4954.224
1784960760000,476.2,476.6,476.2,476.38,405.0,1929.3171
1784960820000,476.28,476.64,476.17,476.64,1266.0,6031.06
1784960880000,476.62,477.06,476.62,476.98,1400.0,6676.2502
1784960940000,476.83,476.83,476.53,476.65,269.0,1282.48
1784961000000,476.58,476.58,476.06,476.13,1250.0,5952.9363
1784961060000,476.12,476.53,476.03,476.5,1912.0,9106.8237
1784961120000,476.53,476.55,476.13,476.55,2188.0,10420.9955
1784961180000,476.56,476.67,476.45,476.65,2209.0,10526.8242
1784961240000,476.66,477.17,476.66,477.17,233.0,1111.0914
1784961300000,477.11,477.17,476.74,477.17,685.0,3267.6334
1784961360000,477.16,477.56,477.16,477.46,1188.0,5672.1423
1784961420000,477.45,477.45,477.23,477.36,1275.0,6085.8468
1784961480000,477.37,477.6,477.07,477.07,1190.0,5679.8175
1784961540000,477.07,477.89,477.01,477.57,4869.0,23257.7778
1784961600000,477.48,477.48,477.08,477.25,1233.0,5884.2057
1784961660000,477.33,477.37,477.15,477.19,687.0,3278.629
1784961720000,477.17,477.17,476.92,476.98,552.0,2633.2741
1784961780000,477.07,477.26,477.07,477.26,681.0,3249.2393
1784961840000,477.47,477.87,477.47,477.65,710.0,3391.3131
1784961900000,477.66,477.78,477.64,477.73,219.0,1046.1739
1784961960000,477.63,477.63,477.15,477.17,844.0,4028.2928
1784962020000,477.31,477.36,477.15,477.15,372.0,1775.4263
1784962080000,477.13,477.13,475.86,476.4,4988.0,23762.942
1784962140000,476.36,476.48,476.22,476.22,499.0,2377.2376
1784962200000,476.37,476.5,476.35,476.5,256.0,1219.5014
1784962260000,476.58,476.65,476.58,476.65,120.0,571.9395
1784962320000,476.67,476.99,476.67,476.99,78.0,371.9404
1784962380000,477.07,477.26,477.07,477.18,441.0,2104.4876
1784962440000,477.21,477.21,476.94,476.97,388.0,1851.2088
1784962500000,476.99,477.16,476.96,477.16,300.0,1431.1608
1784962560000,477.14,477.42,477.12,477.25,10553.0,50359.0555
1784962620000,477.28,477.28,476.86,476.99,385.0,1836.2863
1784962680000,476.95,476.97,476.72,476.97,1157.0,5516.4371
1784962740000,477.01,477.47,477.01,477.43,432.0,2061.5907
1784962800000,477.17,477.2,477.1,477.18,268.0,1278.7581
1784962860000,477.15,477.46,477.15,477.37,378.0,1804.1184
1784962920000,477.3,477.3,477.14,477.18,813.0,3879.5829
1784962980000,477.3,477.71,477.3,477.68,462.0,2206.1169
1784963040000,477.79,477.89,477.67,477.67,313.0,1495.618
1784963100000,477.69,477.7,477.45,477.69,1093.0,5219.9772
1784963160000,477.68,477.78,477.48,477.48,329.0,1571.6045
1784963220000,477.48,477.69,477.48,477.67,422.0,2015.2586
1784963280000,477.67,477.87,477.61,477.72,896.0,4280.7489
1784963340000,477.71,477.89,477.58,477.59,1818.0,8686.1573
1784963400000,477.61,477.78,477.5,477.78,402.0,1920.0434
1784963460000,477.72,477.78,477.64,477.78,361.0,1724.5773
1784963520000,477.78,477.82,477.69,477.71,491.0,2345.6766
1784963580000,477.61,477.71,477.49,477.49,430.0,2053.6088
1784963640000,477.51,477.51,477.28,477.31,205.0,978.6306
1784963700000,477.22,478.0,477.22,477.81,3335.0,15932.8687
1784963760000,477.87,477.87,477.54,477.65,68.0,324.8867
1784963820000,477.66,477.66,477.21,477.39,641.0,3060.7034
1784963880000,477.4,477.47,476.77,476.77,503.0,2399.1623
1784963940000,476.75,477.09,476.68,477.05,1114.0,5313.7966
1784964000000,477.06,477.38,477.0,477.38,815.0,3889.5847
1784964060000,477.37,477.58,477.33,477.58,446.0,2129.1907
1784964120000,477.58,477.92,477.57,477.89,444.0,2121.2326
1784964180000,477.85,477.95,477.81,477.94,310.0,1481.5045
1784964240000,478.0,478.09,477.62,477.88,10988.0,52493.6369
1784964300000,477.84,477.97,477.7,477.97,1355.0,6474.4292
1784964360000,477.87,477.89,477.56,477.56,250.0,1194.6274
1784964420000,477.52,477.58,477.48,477.52,336.0,1604.5146
1784964480000,477.55,477.63,477.35,477.56,2483.0,11854.8821
1784964540000,477.55,477.67,477.31,477.31,451.0,2153.6349
1784964600000,477.27,477.46,477.08,477.08,942.0,4495.0005
1784964660000,477.17,477.44,477.17,477.44,369.0,1761.11
1784964720000,477.44,477.62,477.44,477.62,540.0,2578.681
1784964780000,477.53,477.58,477.49,477.57,361.0,1723.8998
1784964840000,477.51,477.82,477.51,477.82,1317.0,6290.8435
1784964900000,477.82,477.82,477.44,477.44,1299.0,6203.201
1784964960000,477.54,477.68,477.52,477.52,301.0,1437.6258
1784965020000,477.55,477.6,477.55,477.57,925.0,4417.4565
1784965080000,477.57,477.79,477.56,477.79,797.0,3807.1026
1784965140000,477.85,478.23,477.85,478.23,1025.0,4899.9139
1784965200000,478.23,478.24,478.0,478.05,696.0,3327.8991
1784965260000,478.06,478.06,477.67,477.73,833.0,3980.6558
1784965320000,477.75,477.94,477.62,477.73,2051.0,9801.5057
1784965380000,477.64,477.7,477.56,477.61,631.0,3013.8768
1784965440000,477.66,477.8,477.13,477.33,5403.0,25798.59
1784965500000,477.32,477.7,476.94,477.05,1059.0,5055.7107
1784965560000,477.13,477.2,476.63,476.63,533.0,2542.4724
1784965620000,476.5,476.63,476.3,476.32,453.0,2158.5961
1784965680000,476.41,476.63,475.84,475.84,1116.0,5315.0096
1784965740000,475.85,476.17,475.64,476.17,3896.0,18536.4759
1784965800000,476.19,476.46,475.95,476.15,1305.0,6215.1257
1784965860000,476.2,476.23,474.48,474.98,9106.0,43259.0083
1784965920000,475.05,475.05,473.7,474.6,6429.0,30486.6681
1784965980000,474.62,474.66,474.05,474.3,2438.0,11568.616
1784966040000,474.26,474.36,473.72,474.26,1082.0,5128.7544
1784966100000,474.27,475.33,474.27,475.18,885.0,4203.5038
1784966160000,475.27,475.4,475.12,475.25,686.0,3260.5062
1784966220000,475.28,475.33,475.0,475.12,1297.0,6162.1977
1784966280000,475.39,475.4,475.07,475.25,371.0,1763.5016
1784966340000,475.01,475.39,474.82,475.04,889.0,4224.1853
1784966400000,475.3,475.3,474.86,475.03,872.0,4141.6451
1784966460000,475.08,475.36,474.84,475.35,579.0,2751.3419
1784966520000,475.21,475.21,474.78,474.84,876.0,4161.2018
1784966580000,474.67,474.86,474.19,474.19,816.0,3872.4137
1784966640000,474.45,474.63,473.2,473.27,1715.0,8128.405
1784966700000,473.47,473.74,473.47,473.63,2062.0,9766.1103
1784966760000,473.67,473.72,473.07,473.68,2256.0,10677.1793
1784966820000,473.86,473.88,473.47,473.81,830.0,3931.3266
1784966880000,473.83,474.02,473.21,474.02,6000.0,28400.3939
1784966940000,474.1,474.93,474.04,474.93,1936.0,9181.7907
1784967000000,474.71,474.92,474.23,474.89,1788.0,8484.3506
1784967060000,474.89,474.96,474.59,474.96,521.0,2473.5026
1784967120000,474.77,474.86,474.5,474.5,5650.0,26822.788
1784967180000,474.56,474.93,474.52,474.88,368.0,1747.1229
1784967240000,474.9,474.91,474.83,474.83,86.0,408.3982
1784967300000,474.49,475.15,474.49,475.15,524.0,2488.1694
1784967360000,475.1,475.23,475.1,475.23,361.0,1715.3823
1784967420000,475.2,475.25,475.06,475.25,2401.0,11409.5493
1784967480000,475.25,475.77,475.25,475.71,612.0,2910.3923
1784967540000,475.76,475.84,475.59,475.78,1414.0,6725.7211
1784967600000,475.8,475.82,475.61,475.77,3308.0,15739.249
1784967660000,475.81,475.83,475.58,475.62,363.0,1726.9126
1784967720000,475.57,475.66,475.33,475.33,375.0,1783.2073
1784967780000,475.41,475.82,475.41,475.57,566.0,2691.9651
1784967840000,475.59,475.69,475.32,475.37,496.0,2358.5249
1784967900000,475.39,475.43,475.24,475.36,491.0,2333.8296
1784967960000,475.37,475.6,475.33,475.4,6522.0,31009.5412
1784968020000,475.32,475.58,475.32,475.52,6381.0,30341.2102
1784968080000,475.49,475.7,475.41,475.48,440.0,2092.2899
1784968140000,475.5,475.72,475.5,475.72,324.0,1540.9964
1784968200000,475.6,475.74,475.38,475.38,1211.0,5758.6365
1784968260000,475.39,475.7,475.38,475.65,317.0,1507.3725
1784968320000,475.63,475.66,475.59,475.63,428.0,2035.6806
1784968380000,475.48,475.93,475.37,475.93,554.0,2634.8263
1784968440000,475.93,476.0,475.55,475.59,236.0,1122.5993
1784968500000,475.47,475.59,475.28,475.59,267.0,1269.3498
1784968560000,475.7,475.7,475.58,475.58,254.0,1208.1497
1784968620000,475.63,475.74,475.59,475.72,309.0,1469.8565
1784968680000,475.79,475.86,475.48,475.66,688.0,3272.3909
1784968740000,475.7,475.7,475.45,475.64,101.0,480.33
1784968800000,475.64,475.64,475.25,475.48,249.0,1183.8187
1784968860000,475.49,475.57,475.44,475.44,307.0,1459.8582
1784968920000,475.52,475.52,475.24,475.45,3846.0,18278.8203
1784968980000,475.27,475.34,475.19,475.19,311.0,1478.1226
1784969040000,475.23,475.34,475.09,475.29,478.0,2271.5019
1784969100000,475.3,475.32,474.83,474.85,2030.0,9643.1406
1784969160000,474.86,475.09,474.86,475.06,1158.0,5500.8401
1784969220000,475.05,475.13,474.87,474.98,380.0,1805.0932
1784969280000,474.99,475.06,474.53,474.55,10323.0,49004.0821
1784975760000,477.86,477.9,477.84,477.87,355.0
1784975820000,477.89,477.89,477.73,477.8,589.0
1784975880000,477.81,477.86,477.76,477.76,456.0
1784975940000,477.73,477.89,477.73,477.89,352.0
1784976000000,477.91,478.01,477.55,477.6,633.0
1784976060000,477.55,477.63,477.19,477.38,2537.0
1784976120000,477.4,477.43,477.33,477.35,304.0
1784976180000,477.33,477.33,477.33,477.33,8.0
1784976240000,477.32,477.4,477.18,477.36,323.0
1784976300000,477.32,477.52,477.3,477.52,1229.0
1784976360000,477.5,477.76,477.5,477.55,578.0
1784976420000,477.55,477.7,477.47,477.49,457.0
1784976480000,477.5,477.53,477.42,477.42,770.0
1784976540000,477.42,477.94,477.42,477.92,521.0
1784976600000,477.99,477.99,477.64,477.65,465.0
1784976660000,477.58,477.7,477.48,477.48,370.0
1784976720000,477.48,477.48,477.09,477.13,121.0
1784976780000,477.16,477.36,477.16,477.27,634.0
1784976840000,477.34,477.62,477.28,477.61,538.0
1784976900000,477.61,477.61,477.33,477.44,631.0
1784976960000,477.42,477.42,477.3,477.38,2420.0
1784977020000,477.35,477.57,477.3,477.57,1142.0
1784977080000,477.47,477.47,477.35,477.39,621.0
1784977140000,477.36,477.64,477.34,477.64,692.0
1784977200000,477.55,477.73,476.84,476.91,1040.0
1784977260000,477.16,477.22,477.08,477.14,1426.0
1784977320000,477.14,477.14,477.1,477.13,450.0
1784977380000,477.13,477.98,477.11,477.84,1576.0
1784977440000,477.88,478.16,477.81,478.15,3190.0
1784977500000,478.19,478.72,478.17,478.72,643.0
1784977560000,478.67,479.44,478.56,479.26,2717.0
1784977620000,479.15,479.21,478.81,478.97,533.0
1784977680000,479.02,479.06,478.73,478.78,2208.0
1784977740000,478.76,478.92,478.73,478.79,2117.0
1784977800000,478.95,479.05,478.93,478.93,174.0
1784977860000,478.67,478.67,478.54,478.58,181.0
1784977920000,478.64,478.75,478.63,478.75,117.0
1784977980000,478.69,478.78,478.68,478.68,342.0
1784978040000,478.67,478.87,478.58,478.7,823.0
1784978100000,478.58,478.71,478.58,478.63,218.0
1784978160000,478.64,478.92,478.64,478.9,225.0
1784978220000,478.94,478.97,478.44,478.47,520.0
1784978280000,478.5,478.84,478.5,478.64,357.0
1784978340000,478.65,478.67,478.41,478.56,364.0
1784978400000,478.58,478.58,478.4,478.4,220.0
1784978460000,478.41,478.42,477.95,477.95,1521.0
1784978520000,477.91,478.16,477.91,478.12,469.0
1784978580000,478.13,478.13,477.89,478.05,322.0
1784978640000,477.9,477.91,477.88,477.89,140.0
1784978700000,477.92,477.94,477.69,477.89,442.0
1784978760000,477.86,477.96,477.83,477.83,3422.0
1784978820000,477.99,478.07,477.99,478.05,365.0
1784978880000,477.87,477.98,477.84,477.98,172.0
1784978940000,478.0,478.0,477.47,477.47,500.0
1784979000000,477.47,477.86,477.47,477.85,311.0
1784979060000,477.85,478.03,477.56,477.65,409.0
1784979120000,477.65,477.66,477.14,477.28,408.0
1784979180000,477.31,477.31,476.87,476.87,602.0
1784979240000,476.85,476.95,476.68,476.71,285.0
1784979300000,476.68,477.12,476.68,477.03,380.0
1784979360000,477.06,477.09,477.06,477.08,42.0
1784979420000,476.69,476.71,476.59,476.71,460.0
1784979480000,476.6,476.98,476.6,476.97,168.0
1784979540000,476.99,477.26,476.99,477.16,344.0
1784979600000,477.04,477.36,477.04,477.34,359.0
1784979660000,477.31,477.55,477.3,477.51,506.0
1784979720000,477.3,477.31,477.3,477.3,12058.0
1784979780000,477.3,477.3,477.3,477.3,8110.0
1784979840000,477.26,477.31,477.25,477.25,435.0
1784979900000,477.07,477.07,477.07,477.07,1.0
1784979960000,476.92,477.01,476.85,476.99,355.0
1784980020000,477.0,477.14,476.95,477.11,448.0
1784980080000,477.12,477.14,476.86,476.86,378.0
1784980140000,476.81,477.27,476.81,477.1,663.0
1784980200000,477.04,477.46,477.04,477.46,349.0
1784980260000,477.45,477.99,477.45,477.87,603.0
1784980320000,477.89,477.97,477.64,477.65,417.0
1784980380000,477.68,477.71,477.49,477.49,353.0
1784980440000,477.66,477.87,477.66,477.85,730.0
1784980500000,477.83,477.83,477.68,477.68,155.0
1784980560000,477.67,477.81,477.67,477.79,362.0
1784980620000,477.79,478.13,477.78,478.13,276.0
1784980680000,478.06,478.06,477.76,477.91,399.0
1784980740000,477.95,478.2,477.89,478.14,904.0
1784980800000,478.25,478.26,477.97,477.99,276.0
1784980860000,477.99,478.15,477.99,478.03,221.0
1784980920000,478.07,478.26,478.06,478.26,154.0
1784980980000,478.26,478.26,478.11,478.25,325.0
1784981040000,478.25,478.37,478.25,478.3,179.0
1784981100000,478.36,478.38,477.97,477.97,295.0
1784981160000,478.02,478.19,478.02,478.19,692.0
1784981220000,478.28,478.32,478.18,478.18,270.0
1784981280000,478.21,478.6,478.2,478.6,542.0
1784981340000,478.58,478.65,478.26,478.26,793.0
1784981400000,478.25,478.37,478.25,478.33,577.0
1784981460000,478.34,478.38,478.23,478.23,192.0
1784981520000,478.2,478.2,477.6,477.6,92.0
1784981580000,477.61,477.71,477.48,477.62,187.0
1784981640000,477.91,478.19,477.85,478.19,1556.0
1784981700000,478.27,478.38,478.13,478.2,437.0
1784981760000,478.25,478.25,477.97,477.97,528.0
1784981820000,477.99,478.18,477.99,478.1,823.0
1784981880000,478.17,478.17,478.11,478.12,329.0
1784981940000,478.14,478.29,478.1,478.29,430.0
1784982000000,478.26,478.31,478.25,478.31,174.0
1784982060000,478.31,478.41,478.03,478.03,2923.0
1784982120000,478.01,478.15,477.93,478.15,263.0
1784982180000,478.11,478.18,478.06,478.18,418.0
1784982240000,478.12,478.19,477.98,478.19,239.0
1784982300000,478.18,478.79,478.17,478.73,5071.0
1784982360000,478.61,478.77,478.61,478.69,196.0
1784982420000,478.5,478.65,478.38,478.65,585.0
1784982480000,478.49,478.63,478.44,478.59,473.0
1784982540000,478.54,478.55,478.47,478.47,170.0
1784982600000,478.46,478.49,478.34,478.4,351.0
1784982660000,478.28,478.28,477.88,477.88,171.0
1784982720000,477.89,477.92,477.87,477.87,176.0
1784982780000,477.79,477.79,477.31,477.53,387.0
1784982840000,477.52,477.59,477.44,477.56,275.0
1784982900000,477.5,477.51,477.37,477.4,295.0
1784982960000,477.35,477.35,476.91,477.02,474.0
1784983020000,477.01,477.65,477.01,477.55,1010.0
1784983080000,477.6,477.78,477.55,477.61,288.0
1784983140000,477.55,477.63,477.38,477.56,853.0
1784983200000,477.65,477.78,477.35,477.78,504.0
1784983260000,477.58,477.75,477.5,477.5,208.0
1784983320000,477.48,477.52,477.34,477.48,714.0
1784983380000,477.51,477.73,477.38,477.67,325.0
1784983440000,477.67,477.67,477.51,477.56,418.0
1784983500000,477.56,477.56,477.33,477.39,233.0
1784983560000,477.38,477.59,477.38,477.46,327.0
1784983620000,477.49,477.76,477.46,477.74,346.0
1784983680000,477.7,477.7,477.3,477.32,145.0
1784983740000,477.42,477.46,477.3,477.41,353.0
1784983800000,477.34,477.46,477.32,477.4,152.0
1784983860000,477.46,477.54,477.41,477.46,319.0
1784983920000,477.4,477.6,477.37,477.55,235.0
1784983980000,477.43,477.51,477.08,477.1,417.0
1784984040000,477.1,477.37,477.0,477.22,603.0
1784984100000,477.38,477.38,477.12,477.12,384.0
1784984160000,477.15,477.37,477.15,477.32,572.0
1784984220000,477.34,477.39,477.18,477.25,254.0
1784984280000,477.35,477.4,477.3,477.39,273.0
1784984340000,477.42,478.42,477.42,478.21,1029.0
1784984400000,478.08,478.14,477.89,478.03,320.0
1784984460000,478.1,478.18,477.99,478.02,1405.0
1784984520000,478.04,478.65,478.02,478.65,3736.0
1784984580000,478.68,478.97,478.67,478.94,8882.0
1784984640000,478.84,478.92,478.83,478.92,473.0
1784984700000,478.93,479.04,478.88,478.9,979.0
1784984760000,478.9,478.91,478.9,478.9,157.0
1784984820000,478.94,479.05,478.86,478.87,398.0
1784984880000,478.95,479.03,478.84,478.92,2934.0
1784984940000,478.77,478.98,478.77,478.9,253.0
1784985000000,478.97,479.0,478.95,478.99,246.0
1784985060000,478.94,479.03,478.7,478.79,522.0
1784985120000,478.82,479.09,478.77,478.84,965.0
1784985180000,478.83,478.84,478.59,478.59,282.0
1784985240000,478.25,478.64,478.25,478.48,775.0
1784985300000,478.63,478.72,478.55,478.64,1743.0
1784985360000,478.56,478.64,478.53,478.53,245.0
1784985420000,478.57,478.61,478.28,478.38,187.0
1784985480000,478.32,478.35,477.58,477.67,3736.0
1784985540000,477.71,477.78,477.58,477.73,1352.0
1784985600000,477.79,478.13,477.79,478.01,2324.0
1784985660000,478.01,478.34,478.01,478.04,1880.0
1784985720000,478.05,478.35,478.05,478.27,809.0
1784985780000,478.22,478.41,478.16,478.32,606.0
1784985840000,478.31,478.32,477.88,477.91,1022.0
1784985900000,477.96,478.04,477.9,478.03,314.0
1784985960000,478.03,478.03,477.88,477.88,51.0
1784986020000,477.96,478.03,477.82,477.87,500.0
1784986080000,477.86,477.9,477.82,477.86,993.0
1784986140000,477.85,477.89,477.83,477.83,900.0
1784986200000,477.84,478.03,477.84,477.97,397.0
1784986260000,478.04,478.46,478.04,478.45,478.0
1784986320000,478.35,478.56,478.24,478.56,223.0
1784986380000,478.44,478.48,477.67,477.75,465.0
1784986440000,477.82,478.03,477.82,477.99,398.0
1784986500000,478.0,478.0,477.56,477.78,752.0
1784986560000,477.69,477.71,477.55,477.65,338.0
1784986620000,477.6,477.6,477.4,477.4,220.0
1784986680000,477.44,477.47,477.15,477.32,482.0
1784986740000,477.31,477.6,477.25,477.53,5141.0
1784986800000,477.61,477.9,477.49,477.9,874.0
1784986860000,477.76,477.87,477.48,477.66,404.0
1784986920000,477.77,478.19,477.7,478.19,530.0
1784986980000,478.27,478.49,478.11,478.38,1397.0
1784987040000,478.34,478.5,478.24,478.49,446.0
1784987100000,478.5,478.8,478.46,478.73,2538.0
1784987160000,478.71,478.71,478.2,478.36,6931.0
1784987220000,478.47,478.57,477.95,478.05,633.0
1784987280000,478.07,478.26,478.04,478.15,714.0
1784987340000,478.18,478.44,478.01,478.01,794.0,3797.5581
1784987400000,477.95,477.96,477.48,477.49,315.0,1504.6728
1784987460000,477.47,477.77,477.26,477.33,331.0,1580.7103
1784987520000,477.44,477.44,477.0,477.01,514.0,2452.8659
1784987580000,477.07,477.12,476.64,477.04,256.0,1220.662
1784987640000,477.0,477.22,476.83,476.93,407.0,1941.2635
1784987700000,476.92,477.25,476.92,476.98,503.0,2399.6375
1784987760000,476.97,476.97,476.62,476.62,470.0,2241.1391
1784987820000,476.65,476.74,476.57,476.58,3879.0,18491.9113
1784987880000,476.61,476.61,476.28,476.37,2681.0,12770.0958
1784987940000,476.41,476.62,476.33,476.49,543.0,2587.4775
1784988000000,476.51,476.59,476.15,476.15,901.0,4291.1545
1784988060000,476.2,476.22,475.66,475.66,1893.0,9006.4115
1784988120000,475.61,476.13,475.61,475.93,388.0,1846.4617
1784988180000,475.68,475.68,475.6,475.6,346.0,1645.7189
1784988240000,475.47,475.47,474.81,474.85,1799.0,8545.2963
1784988300000,474.85,475.3,474.85,475.13,1422.0,6754.8934
1784988360000,475.2,475.22,475.06,475.1,503.0,2390.0855
1784988420000,475.1,475.21,475.0,475.12,521.0,2475.3339
1784988480000,475.12,475.12,474.96,475.04,295.0,1401.331
1784988540000,475.08,475.18,474.97,475.16,2770.0,13158.8219
1784988600000,475.23,475.38,475.12,475.15,791.0,3758.9987
1784988660000,475.09,475.09,474.67,474.9,306.0,1453.0669
1784988720000,474.88,475.01,474.75,474.99,576.0,2735.1684
1784988780000,474.93,475.32,474.9,475.26,672.0,3192.5255
1784988840000,475.28,476.27,475.28,476.0,2761.0,13140.4696
1784988900000,475.98,476.02,475.41,475.54,3387.0,16114.8019
1784988960000,475.38,475.81,475.38,475.73,440.0,2092.9957
1784989020000,475.73,475.86,475.49,475.63,479.0,2278.4746
1784989080000,475.61,475.76,475.51,475.54,323.0,1536.1711
1784989140000,475.63,475.81,475.35,475.41,490.0,2330.2136
1784989200000,475.42,475.62,475.25,475.62,704.0,3347.0559
1784989260000,475.63,475.84,475.63,475.82,350.0,1665.0235
1784989320000,475.79,475.79,475.09,475.16,976.0,4639.9188
1784989380000,475.15,475.19,474.89,475.19,325.0,1543.8684
1784989440000,475.18,475.55,475.18,475.37,185.0,879.495
1784989500000,475.4,475.41,475.13,475.39,288.0,1368.8672
1784989560000,475.32,475.39,475.29,475.34,191.0,907.8918
1784989620000,475.3,475.46,475.3,475.46,370.0,1758.8988
1784989680000,475.45,475.54,475.45,475.46,185.0,879.6936
1784989740000,475.32,475.32,474.87,475.01,805.0,3823.651
1784989800000,474.96,475.42,474.96,475.29,448.0,2128.9743
1784989860000,475.32,475.46,475.28,475.42,720.0,3423.0588
1784989920000,475.47,475.57,475.38,475.38,397.0,1887.6284
1784989980000,475.4,475.51,475.4,475.51,187.0,889.0685
1784990040000,475.4,475.51,474.81,474.81,475.0,2257.5173
1784990100000,474.82,475.1,474.68,475.1,628.0,2981.9163
1784990160000,475.11,475.46,475.07,475.46,616.0,2927.2378
1784990220000,475.44,475.59,475.18,475.25,422.0,2005.8173
1784990280000,475.08,475.41,475.08,475.32,399.0,1896.1048
1784990340000,475.31,475.65,475.31,475.4,891.0,4236.4227
1784990400000,475.52,476.09,475.52,476.09,305.0,1451.0669
1784990460000,475.92,475.93,475.57,475.57,187.0,889.6922
1784990520000,475.47,475.47,475.2,475.38,221.0,1050.4786
1784990580000,475.4,475.59,475.37,475.55,299.0,1421.5802
1784990640000,475.55,475.82,475.52,475.79,2320.0,11035.166
1784990700000,475.81,475.85,475.35,475.51,4623.0,21982.5105
1784990760000,475.45,475.52,474.85,475.03,3270.0,15530.813
1784990820000,475.03,475.11,474.81,474.81,265.0,1258.5953
1784990880000,474.72,475.1,474.72,475.0,457.0,2170.6379
1784990940000,474.82,475.07,474.2,474.57,2400.0,11392.996
1784991000000,474.52,474.74,474.4,474.74,1035.0,4912.3254
1784991060000,474.8,475.17,474.68,475.13,461.0,2189.5257
1784991120000,475.22,475.45,475.16,475.42,486.0,2310.1224
1784991180000,475.39,475.84,475.33,475.64,2044.0,9724.084
1784991240000,475.67,475.82,475.54,475.54,2099.0,9984.1514
1784991300000,475.62,475.83,475.59,475.83,146.0,694.4435
1784991360000,475.74,475.84,475.74,475.8,270.0,1284.6189
1784991420000,475.8,476.09,475.8,476.06,834.0,3969.7567
1784991480000,476.17,476.18,476.04,476.13,4175.0,19880.4264
1784991540000,476.09,476.17,476.07,476.15,870.0,4142.2014
1784991600000,476.06,476.11,475.96,475.97,821.0,3908.2972
1784991660000,475.96,477.14,475.96,477.14,1569.0,7478.2633
1784991720000,477.17,477.21,476.5,476.67,511.0,2436.7478
1784991780000,476.71,476.8,476.65,476.74,253.0,1206.1688
1784991840000,476.74,476.74,476.38,476.38,449.0,2140.0236
1784991900000,476.46,476.56,476.4,476.56,333.0,1586.6264
1784991960000,476.54,476.88,476.53,476.88,230.0,1096.5282
1784992020000,476.81,477.09,476.62,477.07,603.0,2875.5803
1784992080000,477.17,477.17,476.7,476.95,355.0,1693.0471
1784992140000,477.0,477.48,477.0,477.48,4731.0,22584.238
1784992200000,477.48,477.54,477.03,477.26,805.0,3842.3201
1784992260000,477.32,477.42,477.28,477.38,184.0,878.3083
1784992320000,477.39,477.89,477.39,477.58,1839.0,8784.9285
1784992380000,477.66,478.11,477.51,477.95,508.0,2427.921
1784992440000,478.0,478.01,477.56,477.63,324.0,1548.4515
1784992500000,477.69,478.17,477.57,477.98,731.0,3493.583
1784992560000,478.05,478.46,478.02,478.46,3351.0,16030.6154
1784992620000,478.47,478.53,478.09,478.45,14644.0,70062.4455
1784992680000,478.44,478.48,478.2,478.34,557.0,2664.4367
1784992740000,478.45,478.9,478.38,478.88,461.0,2206.2478
1784992800000,478.94,483.76,478.94,482.35,44724.0,214998.5898
1784992860000,482.38,482.38,480.75,481.05,1021.0,4915.5203
1784992920000,481.14,481.97,480.84,480.85,2463.0,11853.654
1784992980000,480.84,481.03,480.63,480.71,344.0,1654.1354
1784993040000,480.74,481.12,480.6,480.9,481.0,2312.9122
1784993100000,480.89,480.98,480.28,480.62,2967.0,14254.9686
1784993160000,480.66,480.67,480.04,480.13,1055.0,5067.8965
1784993220000,480.16,480.2,479.8,479.9,2183.0,10475.9968
1784993280000,479.9,479.9,479.8,479.83,1636.0,7849.9215
1784993340000,479.84,479.9,479.61,479.63,701.0,3363.0283
1784993400000,479.69,479.69,479.28,479.28,2648.0,12700.6061
1784993460000,479.32,480.04,479.13,479.68,489.0,2345.0606
1784993520000,479.69,480.19,479.69,480.19,308.0,1478.4208
1784993580000,480.45,480.95,480.28,480.28,1966.0,9447.2256
1784993640000,480.4,481.17,480.32,480.96,2117.0,10179.7471
1784993700000,481.08,482.41,481.06,482.36,1793.0,8633.9476
1784993760000,481.94,482.24,481.66,481.71,1058.0,5098.7776
1784993820000,481.77,482.02,481.62,481.89,3214.0,15487.4525
1784993880000,481.85,482.18,481.77,482.03,5228.0,25201.7942
1784993940000,482.02,482.26,481.68,482.24,1563.0,7532.8935
1784994000000,482.04,482.04,481.51,481.57,1474.0,7102.4856
1784994060000,481.6,481.74,481.05,481.37,1595.0,7675.4905
1784994120000,481.39,481.5,481.08,481.45,674.0,3244.1655
1784994180000,481.28,481.47,481.09,481.45,1226.0,5900.4143
1784994240000,481.44,481.7,481.14,481.47,536.0,2580.5895
1784994300000,481.32,482.69,481.32,482.69,1896.0,9135.7705
1784994360000,482.59,482.71,481.79,482.02,2871.0,13847.2478
1784994420000,481.94,482.07,481.69,481.92,333.0,1604.6141
1784994480000,481.97,482.0,481.21,481.21,3274.0,15765.9791
1784994540000,481.13,481.13,480.19,480.32,5242.0,25196.5832
1784994600000,480.4,480.76,480.28,480.32,1661.0,7980.6058
1784994660000,480.36,480.36,480.13,480.36,1188.0,5705.2491
1784994720000,480.58,480.78,480.57,480.78,1361.0,6542.1446
1784994780000,480.7,480.9,480.5,480.67,1123.0,5398.0532
1784994840000,480.7,481.16,480.7,481.01,17624.0,84780.4727
1784994900000,481.04,481.55,480.91,481.47,30100.0,144845.7591
1784994960000,481.42,481.6,481.27,481.33,485.0,2334.7924
1784995020000,481.25,481.25,478.87,480.52,7978.0,38294.4143
1784995080000,480.48,480.5,479.63,479.91,2690.0,12913.0889
1784995140000,480.01,480.06,479.6,479.98,411.0,1972.3889
1784995200000,480.07,480.27,479.87,480.19,517.0,2482.1185
1784995260000,480.34,480.89,480.34,480.76,362.0,1739.4822
1784995320000,480.76,481.07,480.76,480.77,414.0,1990.8863
1784995380000,480.98,480.98,480.2,480.2,380.0,1826.1001
1784995440000,480.27,480.73,480.17,480.68,1502.0,7218.6412
1784995500000,480.67,480.77,480.62,480.71,3236.0,15556.3281
1784995560000,480.73,480.83,480.59,480.82,334.0,1605.6516
1784995620000,480.79,480.79,479.52,479.52,481.0,2310.3446
1784995680000,479.72,480.08,479.0,479.21,4934.0,23664.7726
1784995740000,479.31,479.37,479.07,479.15,754.0,3613.4457
1784995800000,479.2,479.32,479.0,479.28,321.0,1538.1979
1784995860000,479.31,479.71,478.98,479.66,501.0,2401.0947
1784995920000,479.79,479.8,479.27,479.31,338.0,1620.8842
1784995980000,479.34,479.7,479.32,479.7,1472.0,7056.3452
1784996040000,479.65,479.86,479.45,479.78,746.0,3578.5312
1784996100000,479.58,479.59,479.28,479.29,315.0,1510.1552
1784996160000,479.28,479.34,478.74,478.76,709.0,3396.0399
1784996220000,478.74,478.74,477.52,477.75,12849.0,61440.1031
1784996280000,477.75,478.22,477.73,478.08,711.0,3398.1405
1784996340000,478.2,478.2,477.51,477.54,6446.0,30811.883
1784996400000,477.56,478.67,477.56,478.67,1767.0,8447.509
1784996460000,478.66,478.82,478.14,478.33,431.0,2061.6994
1784996520000,478.33,478.57,478.29,478.38,338.0,1616.9437
1784996580000,478.41,478.65,478.28,478.65,681.0,3258.4065
1784996640000,478.6,478.84,478.38,478.67,664.0,3178.0739
1784996700000,478.54,478.54,478.05,478.36,1489.0,7121.2239
1784996760000,478.31,478.62,478.31,478.46,1210.0,5789.0256
1784996820000,478.49,478.89,478.37,478.66,4958.0,23723.9369
1784996880000,478.59,478.6,477.44,477.56,40719.0,194559.1143
1784996940000,477.59,477.76,477.36,477.68,5419.0,25876.608
1784997000000,477.69,478.12,477.66,478.12,365.0,1744.2566
1784997060000,478.18,478.19,477.54,477.74,595.0,2843.8301
1784997120000,477.74,477.97,477.59,477.93,502.0,2398.6016
1784997180000,477.93,478.01,477.79,477.79,462.0,2207.9158
1784997240000,477.69,478.09,477.69,478.0,432.0,2064.8012
1784997300000,478.15,478.84,477.87,478.75,14138.0,67625.6642
1784997360000,478.56,479.63,478.56,479.53,625.0,2993.0057
1784997420000,479.56,480.63,479.56,480.59,5191.0,24932.5802
1784997480000,480.46,480.46,479.95,480.16,166.0,797.1196
1784997540000,480.22,480.44,479.4,479.46,1569.0,7530.0099
1784997600000,479.5,479.59,479.21,479.47,436.0,2090.2843
1784997660000,479.43,479.49,479.0,479.24,394.0,1888.0113
1784997720000,479.36,479.44,479.13,479.17,436.0,2089.3803
1784997780000,479.18,479.77,479.02,479.72,341.0,1634.9677
1784997840000,479.66,479.84,479.64,479.67,623.0,2988.8989
1784997900000,479.63,479.68,479.58,479.64,222.0,1064.7826
1784997960000,479.62,479.62,479.22,479.47,241.0,1155.1728
1784998020000,479.45,479.5,479.1,479.1,2746.0,13156.4442
1784998080000,479.26,479.5,479.12,479.41,398.0,1907.7914
1784998140000,479.49,479.5,479.47,479.5,356.0,1707.0164
1784998200000,479.5,479.5,479.21,479.3,266.0,1274.9097
1784998260000,479.28,479.95,479.28,479.51,41992.0,201404.852
1784998320000,479.52,479.81,479.5,479.81,1475.0,7073.6195
1784998380000,479.77,479.77,479.43,479.63,1388.0,6657.3489
1784998440000,479.63,479.7,479.57,479.64,504.0,2417.285
1784998500000,479.82,479.82,479.13,479.44,2202.0,10558.6729
1784998560000,479.41,479.41,479.18,479.27,176.0,843.52
1784998620000,479.35,479.52,479.35,479.51,418.0,2003.9402
1784998680000,479.5,479.77,479.3,479.66,1277.0,6123.3402
1784998740000,479.61,479.63,479.6,479.61,230.0,1103.1089
1784998800000,479.6,479.6,479.2,479.27,1208.0,5791.1324
1784998860000,479.22,479.28,479.22,479.28,255.0,1222.1021
1784998920000,479.27,480.38,479.2,480.22,847.0,4065.0057
1784998980000,480.16,480.16,479.8,479.9,1086.0,5212.7069
1784999040000,479.8,479.97,479.4,479.4,194.0,930.9922
1784999100000,479.4,479.96,479.4,479.96,398.0,1909.1436
1784999160000,479.89,480.16,479.89,480.09,495.0,2375.9817
1784999220000,480.07,480.07,479.66,479.87,176.0,844.5228
1784999280000,479.83,480.06,479.8,479.96,239.0,1147.0353
1784999340000,480.15,480.18,480.1,480.18,204.0
1784999400000,480.13,481.26,480.01,480.32,2068.0
1784999460000,480.31,480.31,479.73,479.73,293.0
1784999520000,479.72,479.76,479.56,479.76,150.0
1784999580000,479.84,480.1,479.79,479.83,414.0
1784999640000,479.95,480.31,479.95,480.29,350.0
1784999700000,480.31,480.32,480.1,480.32,368.0
1784999760000,480.37,480.81,480.37,480.76,10377.0
1784999820000,480.86,481.25,480.78,481.22,770.0
1784999880000,481.17,481.17,480.74,481.07,3751.0
1784999940000,481.14,481.31,480.88,480.91,1332.0
1785000000000,480.96,481.12,480.78,480.95,416.0
1785000060000,480.91,481.47,480.91,481.47,486.0
1785000120000,481.53,481.99,481.42,481.91,516.0
1785000180000,481.87,482.17,481.87,482.16,756.0
1785000240000,482.19,482.37,482.0,482.06,557.0
1785000300000,482.18,482.45,481.93,482.42,363.0
1785000360000,482.51,483.29,482.48,483.29,3958.0
1785000420000,483.33,483.33,482.37,482.46,4356.0
1785000480000,482.4,482.48,482.06,482.06,2436.0
1785000540000,482.04,482.26,481.91,481.98,1217.0
1785000600000,481.94,482.06,481.9,481.96,345.0
1785000660000,482.0,482.16,481.75,481.92,400.0
1785000720000,481.99,482.24,481.99,482.24,378.0
1785000780000,482.27,482.89,482.26,482.89,508.0
1785000840000,482.57,483.31,482.57,483.31,538.0
1785000900000,483.31,483.38,482.96,482.96,298.0
1785000960000,483.14,484.0,483.14,483.33,4545.0
1785001020000,483.26,483.49,483.01,483.08,447.0
1785001080000,483.18,483.23,483.0,483.21,248.0
1785001140000,483.22,483.46,483.1,483.24,686.0
1785001200000,483.26,484.39,483.26,484.24,1270.0
1785001260000,484.37,484.78,484.2,484.5,2880.0
1785001320000,484.55,484.75,484.49,484.65,11971.0
1785001380000,484.7,484.7,484.26,484.28,3503.0
1785001440000,484.26,485.56,484.25,484.72,1925.0
1785001500000,484.63,485.18,484.48,484.7,1646.0
1785001560000,484.84,485.11,484.83,484.85,547.0
1785001620000,484.87,485.24,484.84,485.16,4875.0
1785001680000,485.27,485.66,484.31,484.33,4098.0
1785001740000,484.37,484.88,484.34,484.72,320.0
1785001800000,484.72,485.26,484.5,484.68,590.0
1785001860000,484.65,484.65,484.19,484.47,420.0
1785001920000,484.57,484.57,484.0,484.0,451.0
1785001980000,484.28,484.8,484.07,484.52,1324.0
1785002040000,484.49,484.67,484.1,484.2,312.0
1785002100000,484.19,484.71,484.1,484.66,738.0
1785002160000,484.61,484.94,484.47,484.81,346.0
1785002220000,484.8,484.8,484.19,484.19,271.0
1785002280000,484.47,484.53,484.12,484.36,481.0
1785002340000,484.32,484.42,484.05,484.25,329.0
1785002400000,484.49,485.07,484.38,484.61,269.0
1785002460000,484.59,484.8,484.22,484.74,189.0
1785002520000,484.88,487.1,484.88,486.79,4145.0
1785002580000,486.72,486.76,485.47,485.58,780.0
1785002640000,485.52,485.52,485.21,485.5,334.0
1785002700000,485.52,485.63,485.07,485.09,712.0
1785002760000,485.06,485.74,485.0,485.55,688.0
1785002820000,485.64,487.5,485.64,486.89,8585.0
1785002880000,486.94,487.39,486.7,487.17,759.0
1785002940000,487.2,488.48,486.89,487.9,4386.0
1785003000000,487.87,488.7,487.87,488.43,841.0
1785003060000,488.19,488.3,488.09,488.18,182.0
1785003120000,488.2,488.75,488.15,488.42,389.0
1785003180000,488.44,488.44,488.05,488.07,909.0
1785003240000,488.21,488.38,486.56,487.92,40653.0
1785003300000,487.65,488.41,487.38,488.39,7749.0
1785003360000,488.39,488.39,487.17,487.29,7647.0
1785003420000,487.3,487.65,487.24,487.49,1889.0
1785003480000,487.49,487.75,487.37,487.37,418.0
1785003540000,487.37,487.82,487.37,487.44,912.0
1785003600000,487.39,487.39,485.77,485.86,8520.0
1785003660000,485.73,486.02,485.64,485.92,2131.0
1785003720000,485.94,486.26,485.94,486.26,587.0
1785003780000,486.43,486.55,485.98,486.16,68877.0
1785003840000,486.1,486.13,485.71,485.76,1354.0
1785003900000,485.77,486.17,485.76,485.76,1647.0
