generated_utc,system,profile,paper_portfolio,classification,event_key,experiment_group_id,trade_id,asset,side,timeframe_minutes,opened_at,closed_at,entry_regime,entry_volatility_state,score,confidence,close_reason,net_pnl,normalized_result,metric_unit
2026-07-20T00:30:21+00:00,MAIN_PAPER_RESEARCH,MAIN,MAIN,PRESO_DAL_PAPER,9d0c447b8cdc5bb08b2f|EVAA|SHORT|240,9d0c447b8cdc5bb08b2f,MAIN|EVAA|240|2026-07-13T04:00:00+00:00|SHORT,EVAA,SHORT,240,2026-07-13T08:02:22+00:00,2026-07-13T12:00:00+00:00,RANGE,NORMAL,-6.25,BUONA,TARGET,19.866666666666667,1.9866666666666668,R
2026-07-20T00:30:21+00:00,MAIN_PAPER_RESEARCH,MAIN,MAIN,PRESO_DAL_PAPER,e3121fc97cc5dc48a5d6|LAB|SHORT|240,e3121fc97cc5dc48a5d6,MAIN|LAB|240|2026-07-13T04:00:00+00:00|SHORT,LAB,SHORT,240,2026-07-13T08:02:22+00:00,2026-07-13T16:00:00+00:00,RANGE,NORMAL,-7.75,ALTA,TARGET,19.866666666666667,1.9866666666666668,R
2026-07-20T00:30:21+00:00,MAIN_PAPER_RESEARCH,MAIN,MAIN,PRESO_DAL_PAPER,ca07ad5d1b076bf1b3a4|ZEC|LONG|240,ca07ad5d1b076bf1b3a4,MAIN|ZEC|240|2026-07-13T04:00:00+00:00|LONG,ZEC,LONG,240,2026-07-13T08:02:22+00:00,2026-07-13T20:00:00+00:00,RANGE,NORMAL,7.75,ALTA,STOP,-10.276706979414731,-1.0276706979414731,R
2026-07-20T00:30:21+00:00,MAIN_PAPER_RESEARCH,MAIN,MAIN,SALTATO_DAL_PAPER,ac68b39fcd5fef8c0172|EVAA|SHORT|240,ac68b39fcd5fef8c0172,MAIN|EVAA|240|2026-07-13T12:00:00+00:00|SHORT,EVAA,SHORT,240,2026-07-13T16:08:38+00:00,2026-07-13T20:00:00+00:00,RANGE,NORMAL,-6.25,BUONA,STOP,-10.133333333333344,-1.0133333333333343,R
2026-07-20T00:30:21+00:00,MAIN_PAPER_RESEARCH,MAIN,MAIN,SALTATO_DAL_PAPER,2ee817498f35a1d77334|LAB|SHORT|240,2ee817498f35a1d77334,MAIN|LAB|240|2026-07-13T20:00:00+00:00|SHORT,LAB,SHORT,240,2026-07-14T00:01:37+00:00,2026-07-14T04:00:00+00:00,RANGE,NORMAL,-6.25,BUONA,STOP,-10.133333333333344,-1.0133333333333343,R
2026-07-20T00:30:21+00:00,MAIN_PAPER_RESEARCH,MAIN,MAIN,PRESO_DAL_PAPER,9fc9a1ad67ae0d722f56|ALLO|LONG|240,9fc9a1ad67ae0d722f56,MAIN|ALLO|240|2026-07-13T20:00:00+00:00|LONG,ALLO,LONG,240,2026-07-14T00:01:37+00:00,2026-07-14T04:00:00+00:00,RANGE,NORMAL,7.5,ALTA,STOP,-10.133333333333333,-1.0133333333333332,R
2026-07-20T00:30:21+00:00,MAIN_PAPER_RESEARCH,MAIN,MAIN,PRESO_DAL_PAPER,93c9e7ab6a6ff1d19348|EVAA|SHORT|240,93c9e7ab6a6ff1d19348,MAIN|EVAA|240|2026-07-13T20:00:00+00:00|SHORT,EVAA,SHORT,240,2026-07-14T00:01:37+00:00,2026-07-14T08:00:00+00:00,RANGE,NORMAL,-6.75,BUONA,STOP,-10.133333333333344,-1.0133333333333343,R
2026-07-20T00:30:21+00:00,MAIN_PAPER_RESEARCH,MAIN,MAIN,PRESO_DAL_PAPER,6e228ea732f52a9ef82d|DOGE|SHORT|240,6e228ea732f52a9ef82d,MAIN|DOGE|240|2026-07-13T04:00:00+00:00|SHORT,DOGE,SHORT,240,2026-07-13T08:02:22+00:00,2026-07-14T12:00:00+00:00,RANGE,NORMAL,-7.9926,ALTA,STOP,-10.540372404397162,-1.0540372404397162,R
2026-07-20T00:30:21+00:00,MAIN_PAPER_RESEARCH,MAIN,MAIN,SALTATO_DAL_PAPER,df23d1bb6c18abc6a79e|XRP|SHORT|240,df23d1bb6c18abc6a79e,MAIN|XRP|240|2026-07-13T20:00:00+00:00|SHORT,XRP,SHORT,240,2026-07-14T00:01:37+00:00,2026-07-14T12:00:00+00:00,RANGE,NORMAL,-6.5534,BUONA,STOP,-10.613168013017518,-1.0613168013017518,R
2026-07-20T00:30:21+00:00,MAIN_PAPER_RESEARCH,MAIN,MAIN,PRESO_DAL_PAPER,ecbc880a8fb6fc23f282|HYPE|SHORT|240,ecbc880a8fb6fc23f282,MAIN|HYPE|240|2026-07-13T12:00:00+00:00|SHORT,HYPE,SHORT,240,2026-07-13T16:08:38+00:00,2026-07-15T00:00:00+00:00,RANGE,NORMAL,-6.5043,BUONA,STOP,-10.394108569521366,-1.0394108569521365,R
2026-07-20T00:30:21+00:00,MAIN_PAPER_RESEARCH,MAIN,MAIN,PRESO_DAL_PAPER,07e39165effe57d08550|PEPE|LONG|240,07e39165effe57d08550,MAIN|PEPE|240|2026-07-14T12:00:00+00:00|LONG,PEPE,LONG,240,2026-07-14T16:00:54+00:00,2026-07-16T08:00:00+00:00,TREND_UP,NORMAL,8.1218,ALTA,STOP,-10.326805729312975,-1.0326805729312976,R
2026-07-20T00:30:21+00:00,MAIN_PAPER_RESEARCH,MAIN,MAIN,SALTATO_DAL_PAPER,b5e7da4b4575a2ef3641|LAB|SHORT|240,b5e7da4b4575a2ef3641,MAIN|LAB|240|2026-07-14T20:00:00+00:00|SHORT,LAB,SHORT,240,2026-07-15T00:07:49+00:00,2026-07-16T08:00:00+00:00,TREND_UP,NORMAL,-6.75,BUONA,TARGET,19.866666666666667,1.9866666666666668,R
2026-07-20T00:30:21+00:00,MAIN_PAPER_RESEARCH,MAIN,MAIN,SALTATO_DAL_PAPER,c3c3f64bd661bdddee1a|AKE|LONG|240,c3c3f64bd661bdddee1a,MAIN|AKE|240|2026-07-16T08:00:00+00:00|LONG,AKE,LONG,240,2026-07-16T12:54:01+00:00,2026-07-16T16:00:00+00:00,TRANSITION,NORMAL,6.25,BUONA,STOP,-10.133333333333333,-1.0133333333333332,R
2026-07-20T00:30:21+00:00,MAIN_PAPER_RESEARCH,MAIN,MAIN,PRESO_DAL_PAPER,a6700aad86e25d26b389|BTC|LONG|240,a6700aad86e25d26b389,MAIN|BTC|240|2026-07-14T12:00:00+00:00|LONG,BTC,LONG,240,2026-07-14T16:00:54+00:00,2026-07-17T04:00:00+00:00,TREND_UP,NORMAL,8.75,ALTA,STOP,-10.72762231672216,-1.072762231672216,R
2026-07-20T00:30:21+00:00,MAIN_PAPER_RESEARCH,MAIN,MAIN,SALTATO_DAL_PAPER,93e19c142ddf79112b4b|ONDO|LONG|240,93e19c142ddf79112b4b,MAIN|ONDO|240|2026-07-16T12:00:00+00:00|LONG,ONDO,LONG,240,2026-07-16T16:44:13+00:00,2026-07-16T20:00:00+00:00,TRANSITION,NORMAL,6.25,BUONA,STOP,-10.275213088033606,-1.0275213088033606,R
2026-07-20T00:30:21+00:00,MAIN_PAPER_RESEARCH,MAIN,MAIN,SALTATO_DAL_PAPER,47815030f450cb79abe8|AKE|LONG|240,47815030f450cb79abe8,MAIN|AKE|240|2026-07-16T16:00:00+00:00|LONG,AKE,LONG,240,2026-07-16T20:29:44+00:00,2026-07-17T08:00:00+00:00,TRANSITION,NORMAL,6.25,BUONA,TARGET,19.866666666666667,1.9866666666666668,R
2026-07-20T00:30:21+00:00,MAIN_PAPER_RESEARCH,MAIN,MAIN,SALTATO_DAL_PAPER,475e96c21d44812160bd|ETH|LONG|240,475e96c21d44812160bd,MAIN|ETH|240|2026-07-14T12:00:00+00:00|LONG,ETH,LONG,240,2026-07-14T16:00:54+00:00,2026-07-17T12:00:00+00:00,TREND_UP,NORMAL,7.8514,ALTA,STOP,-10.50751019936905,-1.050751019936905,R
2026-07-20T00:30:21+00:00,MAIN_PAPER_RESEARCH,MAIN,MAIN,SALTATO_DAL_PAPER,215788c72e0334279798|ADA|SHORT|240,215788c72e0334279798,MAIN|ADA|240|2026-07-16T20:00:00+00:00|SHORT,ADA,SHORT,240,2026-07-17T00:21:57+00:00,2026-07-17T20:00:00+00:00,RANGE,NORMAL,-6.3253,BUONA,STOP,-10.398311656466126,-1.0398311656466126,R
2026-07-20T00:30:21+00:00,MAIN_PAPER_RESEARCH,MAIN,MAIN,PRESO_DAL_PAPER,b5a8dea46ce7a8afcac7|AKE|LONG|240,b5a8dea46ce7a8afcac7,MAIN|AKE|240|2026-07-17T12:00:00+00:00|LONG,AKE,LONG,240,2026-07-17T16:37:02+00:00,2026-07-17T20:00:00+00:00,RANGE,NORMAL,7.75,ALTA,TARGET,19.866666666666667,1.9866666666666668,R
2026-07-20T00:30:21+00:00,MAIN_PAPER_RESEARCH,MAIN,MAIN,PRESO_DAL_PAPER,a6c8a3a3d4e5702a6cdb|AKE|LONG|240,a6c8a3a3d4e5702a6cdb,MAIN|AKE|240|2026-07-17T20:00:00+00:00|LONG,AKE,LONG,240,2026-07-18T00:59:00+00:00,2026-07-18T04:00:00+00:00,RANGE,NORMAL,6.25,BUONA,TARGET,19.866666666666667,1.9866666666666668,R
2026-07-20T00:30:21+00:00,MAIN_PAPER_RESEARCH,MAIN,MAIN,SALTATO_DAL_PAPER,de01040497c226fe86f2|ESPORTS|LONG|240,de01040497c226fe86f2,MAIN|ESPORTS|240|2026-07-18T16:00:00+00:00|LONG,ESPORTS,LONG,240,2026-07-18T20:08:29+00:00,2026-07-19T00:00:00+00:00,TREND_UP,NORMAL,6.75,BUONA,TARGET,19.866666666666667,1.9866666666666668,R
2026-07-20T00:30:21+00:00,MAIN_PAPER_RESEARCH,MAIN,MAIN,SALTATO_DAL_PAPER,ce30111a5bc378c1b81c|ESPORTS|LONG|240,ce30111a5bc378c1b81c,MAIN|ESPORTS|240|2026-07-19T00:00:00+00:00|LONG,ESPORTS,LONG,240,2026-07-19T04:08:30+00:00,2026-07-19T08:00:00+00:00,TREND_UP,NORMAL,8.25,ALTA,STOP,-10.133333333333324,-1.0133333333333323,R
2026-07-20T00:30:21+00:00,MAIN_PAPER_RESEARCH,MAIN,MAIN,SALTATO_DAL_PAPER,bd69d9c9eb1d6a7a27f0|BANK|LONG|240,bd69d9c9eb1d6a7a27f0,MAIN|BANK|240|2026-07-19T00:00:00+00:00|LONG,BANK,LONG,240,2026-07-19T04:08:30+00:00,2026-07-19T08:00:00+00:00,TREND_UP,NORMAL,6.25,BUONA,TARGET,19.866666666666667,1.9866666666666668,R
2026-07-20T00:30:21+00:00,MAIN_PAPER_RESEARCH,MAIN,MAIN,SALTATO_DAL_PAPER,df1456a03cef01921e0a|BANK|LONG|240,df1456a03cef01921e0a,MAIN|BANK|240|2026-07-19T08:00:00+00:00|LONG,BANK,LONG,240,2026-07-19T12:08:29+00:00,2026-07-19T16:00:00+00:00,ALT_ROTATION_UP,LOW,7.75,ALTA,STOP_SAME_CANDLE_CONSERVATIVE,-10.133333333333344,-1.0133333333333343,R
2026-07-20T00:30:21+00:00,MAIN_PAPER_RESEARCH,MAIN,MAIN,SALTATO_DAL_PAPER,df321a97b12db2720522|ESPORTS|LONG|240,df321a97b12db2720522,MAIN|ESPORTS|240|2026-07-19T08:00:00+00:00|LONG,ESPORTS,LONG,240,2026-07-19T12:08:29+00:00,2026-07-19T16:00:00+00:00,ALT_ROTATION_UP,LOW,6.75,BUONA,STOP,-10.133333333333333,-1.0133333333333332,R
2026-07-20T00:30:21+00:00,MAIN_PAPER_RESEARCH,RSI_EXTREME_SHORT_15M,SHADOW_RSI_SHORT_5X_RSI75,PRESO_DAL_PAPER,b233e6cc9ce928dbb3d9|ZEC|SHORT|15,b233e6cc9ce928dbb3d9,RSI_EXTREME_SHORT_15M|ZEC|15|2026-07-14T22:45:00+00:00|SHORT,ZEC,SHORT,15,2026-07-14T23:13:20+00:00,2026-07-14T23:45:00+00:00,ALT_ROTATION_UP,NORMAL,10.0,ALTA,STOP,-10.896827807939877,-1.0896827807939877,R
2026-07-20T00:30:21+00:00,MAIN_PAPER_RESEARCH,RSI_EXTREME_SHORT_15M,SHADOW_RSI_SHORT_5X_RSI75,PRESO_DAL_PAPER,01df7703167249640ad5|XRP|SHORT|15,01df7703167249640ad5,RSI_EXTREME_SHORT_15M|XRP|15|2026-07-15T13:45:00+00:00|SHORT,XRP,SHORT,15,2026-07-15T14:02:36+00:00,2026-07-15T16:30:00+00:00,TREND_UP,NORMAL,10.0,ALTA,TARGET,12.858576841383897,1.2858576841383897,R
2026-07-20T00:30:21+00:00,MAIN_PAPER_RESEARCH,RSI_EXTREME_SHORT_15M,SHADOW_RSI_SHORT_5X_RSI75,PRESO_DAL_PAPER,801e6f989dd7ca42a3a0|ZEC|SHORT|15,801e6f989dd7ca42a3a0,RSI_EXTREME_SHORT_15M|ZEC|15|2026-07-18T15:00:00+00:00|SHORT,ZEC,SHORT,15,2026-07-18T15:23:29+00:00,2026-07-18T19:23:29+00:00,TRANSITION,NORMAL,10.0,ALTA,TIME_EXIT,-4.134043180614174,-0.4134043180614174,R
2026-07-20T00:30:21+00:00,MAIN_PAPER_RESEARCH,RSI_EXTREME_SHORT_15M,SHADOW_RSI_SHORT_5X_RSI75,SALTATO_DAL_PAPER,991872fc5a146fef5e6f|BTC|SHORT|15,991872fc5a146fef5e6f,RSI_EXTREME_SHORT_15M|BTC|15|2026-07-18T18:30:00+00:00|SHORT,BTC,SHORT,15,2026-07-18T18:53:29+00:00,2026-07-18T21:15:00+00:00,TREND_UP,NORMAL,10.0,ALTA,STOP,-14.000000000000009,-1.4000000000000008,R
2026-07-20T00:30:21+00:00,MAIN_PAPER_RESEARCH,RSI_EXTREME_SHORT_15M,SHADOW_RSI_SHORT_5X_RSI75,PRESO_DAL_PAPER,d1a98b7a889a4767ce4d|PEPE|SHORT|15,d1a98b7a889a4767ce4d,RSI_EXTREME_SHORT_15M|PEPE|15|2026-07-19T07:45:00+00:00|SHORT,PEPE,SHORT,15,2026-07-19T08:08:29+00:00,2026-07-19T09:00:00+00:00,TREND_UP,LOW,10.0,ALTA,STOP,-11.46818489219384,-1.146818489219384,R
2026-07-20T00:30:21+00:00,MAIN_PAPER_RESEARCH,Bilanciata 1H V1,SHADOW_1H_BALANCED,SALTATO_DAL_PAPER,3318b687aa41d1cf124d|ETH|LONG|60,3318b687aa41d1cf124d,SHADOW_1H_BALANCED|ETH|60|2026-07-13T00:00:00+00:00|LONG,ETH,LONG,60,2026-07-13T01:07:33+00:00,2026-07-13T03:00:00+00:00,ALT_ROTATION_UP,NORMAL,5.9502,MEDIA,STOP,-11.11111111111109,-1.111111111111109,R
2026-07-20T00:30:21+00:00,MAIN_PAPER_RESEARCH,Bilanciata 1H V1,SHADOW_1H_BALANCED,SALTATO_DAL_PAPER,bbdc3c282207bdf0fb4a|ZEC|LONG|60,bbdc3c282207bdf0fb4a,SHADOW_1H_BALANCED|ZEC|60|2026-07-13T00:00:00+00:00|LONG,ZEC,LONG,60,2026-07-13T01:07:33+00:00,2026-07-13T03:00:00+00:00,ALT_ROTATION_UP,NORMAL,5.605,MEDIA,STOP,-10.60491859308036,-1.060491859308036,R
2026-07-20T00:30:21+00:00,MAIN_PAPER_RESEARCH,Bilanciata 1H V1,SHADOW_1H_BALANCED,SALTATO_DAL_PAPER,6e684b7bbe54a9b5da0b|PEPE|LONG|60,6e684b7bbe54a9b5da0b,SHADOW_1H_BALANCED|PEPE|60|2026-07-13T00:00:00+00:00|LONG,PEPE,LONG,60,2026-07-13T01:07:33+00:00,2026-07-13T03:00:00+00:00,ALT_ROTATION_UP,NORMAL,5.2781,MEDIA,STOP,-10.80495530485669,-1.0804955304856692,R
2026-07-20T00:30:21+00:00,MAIN_PAPER_RESEARCH,Bilanciata 1H V1,SHADOW_1H_BALANCED,SALTATO_DAL_PAPER,48afad9bc3a9d65feb29|T|LONG|60,48afad9bc3a9d65feb29,SHADOW_1H_BALANCED|T|60|2026-07-13T00:00:00+00:00|LONG,T,LONG,60,2026-07-13T01:07:33+00:00,2026-07-13T06:00:00+00:00,ALT_ROTATION_UP,NORMAL,6.25,BUONA,STOP,-10.162714451290773,-1.0162714451290773,R
2026-07-20T00:30:21+00:00,MAIN_PAPER_RESEARCH,Bilanciata 1H V1,SHADOW_1H_BALANCED,PRESO_DAL_PAPER,b70b260e5d673e8663c2|EVAA|SHORT|60,b70b260e5d673e8663c2,SHADOW_1H_BALANCED|EVAA|60|2026-07-13T07:00:00+00:00|SHORT,EVAA,SHORT,60,2026-07-13T08:02:22+00:00,2026-07-13T09:00:00+00:00,RANGE,NORMAL,-7.75,ALTA,STOP,-10.133333333333344,-1.0133333333333343,R
2026-07-20T00:30:21+00:00,MAIN_PAPER_RESEARCH,Bilanciata 1H V1,SHADOW_1H_BALANCED,SALTATO_DAL_PAPER,2c50851666eba7a09625|LAB|SHORT|60,2c50851666eba7a09625,SHADOW_1H_BALANCED|LAB|60|2026-07-13T00:00:00+00:00|SHORT,LAB,SHORT,60,2026-07-13T01:07:33+00:00,2026-07-13T12:00:00+00:00,ALT_ROTATION_UP,NORMAL,-7.75,ALTA,TARGET,19.866666666666667,1.9866666666666668,R
2026-07-20T00:30:21+00:00,MAIN_PAPER_RESEARCH,Bilanciata 1H V1,SHADOW_1H_BALANCED,SALTATO_DAL_PAPER,40ff0427d48373107e54|VELVET|LONG|60,40ff0427d48373107e54,SHADOW_1H_BALANCED|VELVET|60|2026-07-13T09:00:00+00:00|LONG,VELVET,LONG,60,2026-07-13T10:15:54+00:00,2026-07-13T14:00:00+00:00,RANGE,NORMAL,6.75,BUONA,STOP,-10.175363643916226,-1.0175363643916226,R
2026-07-20T00:30:21+00:00,MAIN_PAPER_RESEARCH,Bilanciata 1H V1,SHADOW_1H_BALANCED,SALTATO_DAL_PAPER,45428268a0d945b123f8|XRP|SHORT|60,45428268a0d945b123f8,SHADOW_1H_BALANCED|XRP|60|2026-07-13T00:00:00+00:00|SHORT,XRP,SHORT,60,2026-07-13T01:07:33+00:00,2026-07-13T17:00:00+00:00,ALT_ROTATION_UP,NORMAL,-6.398,BUONA,TARGET,18.88888888888892,1.8888888888888922,R
2026-07-20T00:30:21+00:00,MAIN_PAPER_RESEARCH,Bilanciata 1H V1,SHADOW_1H_BALANCED,SALTATO_DAL_PAPER,7a7376cef34692335c18|ADA|SHORT|60,7a7376cef34692335c18,SHADOW_1H_BALANCED|ADA|60|2026-07-13T00:00:00+00:00|SHORT,ADA,SHORT,60,2026-07-13T01:07:33+00:00,2026-07-13T17:00:00+00:00,ALT_ROTATION_UP,NORMAL,-6.6456,BUONA,TARGET,19.007529747745096,1.9007529747745096,R
2026-07-20T00:30:21+00:00,MAIN_PAPER_RESEARCH,Bilanciata 1H V1,SHADOW_1H_BALANCED,SALTATO_DAL_PAPER,4c13db0c678c8a0b40af|HYPE|SHORT|60,4c13db0c678c8a0b40af,SHADOW_1H_BALANCED|HYPE|60|2026-07-13T07:00:00+00:00|SHORT,HYPE,SHORT,60,2026-07-13T08:02:22+00:00,2026-07-13T16:00:00+00:00,RANGE,NORMAL,-5.2683,MEDIA,TARGET,19.08389044245799,1.908389044245799,R
2026-07-20T00:30:21+00:00,MAIN_PAPER_RESEARCH,Bilanciata 1H V1,SHADOW_1H_BALANCED,SALTATO_DAL_PAPER,940228fe2828e4e9c599|LAB|SHORT|60,940228fe2828e4e9c599,SHADOW_1H_BALANCED|LAB|60|2026-07-13T15:00:00+00:00|SHORT,LAB,SHORT,60,2026-07-13T16:08:38+00:00,2026-07-13T17:00:00+00:00,RANGE,NORMAL,-6.75,BUONA,TARGET,19.866666666666667,1.9866666666666668,R
2026-07-20T00:30:21+00:00,MAIN_PAPER_RESEARCH,Bilanciata 1H V1,SHADOW_1H_BALANCED,SALTATO_DAL_PAPER,c8d521b2daf2c5a86c8b|SOL|SHORT|60,c8d521b2daf2c5a86c8b,SHADOW_1H_BALANCED|SOL|60|2026-07-13T07:00:00+00:00|SHORT,SOL,SHORT,60,2026-07-13T08:02:22+00:00,2026-07-13T21:00:00+00:00,RANGE,NORMAL,-6.6027,BUONA,TARGET,18.88888888888892,1.8888888888888922,R
2026-07-20T00:30:21+00:00,MAIN_PAPER_RESEARCH,Bilanciata 1H V1,SHADOW_1H_BALANCED,SALTATO_DAL_PAPER,ec02eef60bb4ecbab31d|LAB|SHORT|60,ec02eef60bb4ecbab31d,SHADOW_1H_BALANCED|LAB|60|2026-07-13T17:00:00+00:00|SHORT,LAB,SHORT,60,2026-07-13T18:11:31+00:00,2026-07-13T23:00:00+00:00,RANGE_HIGH_VOL,HIGH,-7.75,ALTA,STOP,-10.133333333333344,-1.0133333333333343,R
2026-07-20T00:30:21+00:00,MAIN_PAPER_RESEARCH,Bilanciata 1H V1,SHADOW_1H_BALANCED,SALTATO_DAL_PAPER,fe9f5c2e77715e3f92e7|ETH|SHORT|60,fe9f5c2e77715e3f92e7,SHADOW_1H_BALANCED|ETH|60|2026-07-13T17:00:00+00:00|SHORT,ETH,SHORT,60,2026-07-13T18:11:31+00:00,2026-07-14T00:00:00+00:00,RANGE_HIGH_VOL,HIGH,-5.4489,MEDIA,STOP,-11.11111111111109,-1.111111111111109,R
2026-07-20T00:30:21+00:00,MAIN_PAPER_RESEARCH,Bilanciata 1H V1,SHADOW_1H_BALANCED,SALTATO_DAL_PAPER,01837abd47e68f599bc5|PEPE|SHORT|60,01837abd47e68f599bc5,SHADOW_1H_BALANCED|PEPE|60|2026-07-13T17:00:00+00:00|SHORT,PEPE,SHORT,60,2026-07-13T18:11:31+00:00,2026-07-14T00:00:00+00:00,RANGE_HIGH_VOL,HIGH,-5.1273,MEDIA,STOP,-10.71492371987323,-1.071492371987323,R
2026-07-20T00:30:21+00:00,MAIN_PAPER_RESEARCH,Bilanciata 1H V1,SHADOW_1H_BALANCED,SALTATO_DAL_PAPER,374280603a6bd622f1e5|ALLO|LONG|60,374280603a6bd622f1e5,SHADOW_1H_BALANCED|ALLO|60|2026-07-13T21:00:00+00:00|LONG,ALLO,LONG,60,2026-07-13T22:05:04+00:00,2026-07-14T01:00:00+00:00,RANGE_HIGH_VOL,HIGH,8.25,ALTA,STOP,-10.195956918871389,-1.019595691887139,R
2026-07-20T00:30:21+00:00,MAIN_PAPER_RESEARCH,Bilanciata 1H V1,SHADOW_1H_BALANCED,SALTATO_DAL_PAPER,d72bb1c8133a7f1e3805|LAB|SHORT|60,d72bb1c8133a7f1e3805,SHADOW_1H_BALANCED|LAB|60|2026-07-13T23:00:00+00:00|SHORT,LAB,SHORT,60,2026-07-14T00:01:37+00:00,2026-07-14T03:00:00+00:00,RANGE,NORMAL,-5.75,MEDIA,STOP,-10.133333333333344,-1.0133333333333343,R
2026-07-20T00:30:21+00:00,MAIN_PAPER_RESEARCH,Bilanciata 1H V1,SHADOW_1H_BALANCED,SALTATO_DAL_PAPER,6bb28057bb00b9482d73|BTC|SHORT|60,6bb28057bb00b9482d73,SHADOW_1H_BALANCED|BTC|60|2026-07-13T17:00:00+00:00|SHORT,BTC,SHORT,60,2026-07-13T18:11:31+00:00,2026-07-14T05:00:00+00:00,RANGE_HIGH_VOL,HIGH,-5.5833,MEDIA,STOP,-11.11111111111109,-1.111111111111109,R
2026-07-20T00:30:21+00:00,MAIN_PAPER_RESEARCH,Bilanciata 1H V1,SHADOW_1H_BALANCED,SALTATO_DAL_PAPER,706178d3c1c0187c0898|XRP|SHORT|60,706178d3c1c0187c0898,SHADOW_1H_BALANCED|XRP|60|2026-07-13T17:00:00+00:00|SHORT,XRP,SHORT,60,2026-07-13T18:11:31+00:00,2026-07-14T05:00:00+00:00,RANGE_HIGH_VOL,HIGH,-7.8369,ALTA,STOP,-11.11111111111109,-1.111111111111109,R
2026-07-20T00:30:21+00:00,MAIN_PAPER_RESEARCH,Bilanciata 1H V1,SHADOW_1H_BALANCED,SALTATO_DAL_PAPER,2c9efd4e80699c121480|ZEC|SHORT|60,2c9efd4e80699c121480,SHADOW_1H_BALANCED|ZEC|60|2026-07-13T20:00:00+00:00|SHORT,ZEC,SHORT,60,2026-07-13T21:06:38+00:00,2026-07-14T05:00:00+00:00,RANGE,NORMAL,-5.3773,MEDIA,STOP,-10.565111432910687,-1.0565111432910688,R
2026-07-20T00:30:21+00:00,MAIN_PAPER_RESEARCH,Bilanciata 1H V1,SHADOW_1H_BALANCED,SALTATO_DAL_PAPER,a0d10c4443345c3aaf98|EVAA|SHORT|60,a0d10c4443345c3aaf98,SHADOW_1H_BALANCED|EVAA|60|2026-07-13T09:00:00+00:00|SHORT,EVAA,SHORT,60,2026-07-13T10:15:54+00:00,2026-07-14T10:00:00+00:00,RANGE,NORMAL,-8.25,ALTA,STOP,-10.133333333333344,-1.0133333333333343,R
2026-07-20T00:30:21+00:00,MAIN_PAPER_RESEARCH,Bilanciata 1H V1,SHADOW_1H_BALANCED,SALTATO_DAL_PAPER,a9bdbe88703e85a39d7f|VELVET|LONG|60,a9bdbe88703e85a39d7f,SHADOW_1H_BALANCED|VELVET|60|2026-07-13T15:00:00+00:00|LONG,VELVET,LONG,60,2026-07-13T16:08:38+00:00,2026-07-14T09:00:00+00:00,RANGE,NORMAL,5.318,MEDIA,STOP,-10.15098534451318,-1.015098534451318,R
2026-07-20T00:30:21+00:00,MAIN_PAPER_RESEARCH,Bilanciata 1H V1,SHADOW_1H_BALANCED,SALTATO_DAL_PAPER,b27ebb1985b5c0a6127f|DOGE|SHORT|60,b27ebb1985b5c0a6127f,SHADOW_1H_BALANCED|DOGE|60|2026-07-13T07:00:00+00:00|SHORT,DOGE,SHORT,60,2026-07-13T08:02:22+00:00,2026-07-14T13:00:00+00:00,RANGE,NORMAL,-6.9441,BUONA,STOP,-11.11111111111109,-1.111111111111109,R
2026-07-20T00:30:21+00:00,MAIN_PAPER_RESEARCH,Bilanciata 1H V1,SHADOW_1H_BALANCED,SALTATO_DAL_PAPER,3e82b45e064675753cc3|HYPE|SHORT|60,3e82b45e064675753cc3,SHADOW_1H_BALANCED|HYPE|60|2026-07-13T17:00:00+00:00|SHORT,HYPE,SHORT,60,2026-07-13T18:11:31+00:00,2026-07-14T12:00:00+00:00,RANGE_HIGH_VOL,HIGH,-5.3932,MEDIA,STOP,-10.838892305627322,-1.0838892305627321,R
2026-07-20T00:30:21+00:00,MAIN_PAPER_RESEARCH,Bilanciata 1H V1,SHADOW_1H_BALANCED,SALTATO_DAL_PAPER,fa68001581821ad731bc|SOL|SHORT|60,fa68001581821ad731bc,SHADOW_1H_BALANCED|SOL|60|2026-07-13T21:00:00+00:00|SHORT,SOL,SHORT,60,2026-07-13T22:05:04+00:00,2026-07-14T12:00:00+00:00,RANGE_HIGH_VOL,HIGH,-9.6013,ALTA,STOP,-11.071667782987348,-1.1071667782987347,R
2026-07-20T00:30:21+00:00,MAIN_PAPER_RESEARCH,Bilanciata 1H V1,SHADOW_1H_BALANCED,SALTATO_DAL_PAPER,b46f43feca2852ed6bbb|ETH|LONG|60,b46f43feca2852ed6bbb,SHADOW_1H_BALANCED|ETH|60|2026-07-14T10:00:00+00:00|LONG,ETH,LONG,60,2026-07-14T11:10:11+00:00,2026-07-14T12:00:00+00:00,RANGE,NORMAL,5.3208,MEDIA,TARGET,18.888888888888847,1.8888888888888846,R
2026-07-20T00:30:21+00:00,MAIN_PAPER_RESEARCH,Bilanciata 1H V1,SHADOW_1H_BALANCED,SALTATO_DAL_PAPER,01ae4869a6167f022163|LAB|SHORT|60,01ae4869a6167f022163,SHADOW_1H_BALANCED|LAB|60|2026-07-14T10:00:00+00:00|SHORT,LAB,SHORT,60,2026-07-14T11:10:11+00:00,2026-07-14T12:00:00+00:00,RANGE,NORMAL,-7.75,ALTA,STOP,-10.133333333333344,-1.0133333333333343,R
2026-07-20T00:30:21+00:00,MAIN_PAPER_RESEARCH,Bilanciata 1H V1,SHADOW_1H_BALANCED,SALTATO_DAL_PAPER,3b50842f8cf58558bb1f|ZEC|LONG|60,3b50842f8cf58558bb1f,SHADOW_1H_BALANCED|ZEC|60|2026-07-14T13:00:00+00:00|LONG,ZEC,LONG,60,2026-07-14T14:14:00+00:00,2026-07-14T16:00:00+00:00,RANGE,NORMAL,5.5367,MEDIA,TARGET,19.388070045000067,1.9388070045000068,R
2026-07-20T00:30:21+00:00,MAIN_PAPER_RESEARCH,Bilanciata 1H V1,SHADOW_1H_BALANCED,SALTATO_DAL_PAPER,bcfd3b1fbd29a93157ba|PEPE|LONG|60,bcfd3b1fbd29a93157ba,SHADOW_1H_BALANCED|PEPE|60|2026-07-14T13:00:00+00:00|LONG,PEPE,LONG,60,2026-07-14T14:14:00+00:00,2026-07-14T18:00:00+00:00,RANGE,NORMAL,6.0398,BUONA,STOP,-10.724165399377249,-1.0724165399377248,R
2026-07-20T00:30:21+00:00,MAIN_PAPER_RESEARCH,Bilanciata 1H V1,SHADOW_1H_BALANCED,SALTATO_DAL_PAPER,8cd78a1c2beea5648040|ADA|SHORT|60,8cd78a1c2beea5648040,SHADOW_1H_BALANCED|ADA|60|2026-07-13T17:00:00+00:00|SHORT,ADA,SHORT,60,2026-07-13T18:11:31+00:00,2026-07-14T05:00:00+00:00,RANGE_HIGH_VOL,HIGH,-8.0926,ALTA,STOP,-10.960764768755954,-1.0960764768755955,R
2026-07-20T00:30:21+00:00,MAIN_PAPER_RESEARCH,Bilanciata 1H V1,SHADOW_1H_BALANCED,SALTATO_DAL_PAPER,5bfca43c41dc9b585a2a|ETH|LONG|60,5bfca43c41dc9b585a2a,SHADOW_1H_BALANCED|ETH|60|2026-07-14T13:00:00+00:00|LONG,ETH,LONG,60,2026-07-14T14:14:00+00:00,2026-07-15T12:00:00+00:00,RANGE,NORMAL,5.7251,MEDIA,TARGET,19.029349028857595,1.9029349028857596,R
2026-07-20T00:30:21+00:00,MAIN_PAPER_RESEARCH,Bilanciata 1H V1,SHADOW_1H_BALANCED,SALTATO_DAL_PAPER,3123dc40b235b27faeaf|ZEC|LONG|60,3123dc40b235b27faeaf,SHADOW_1H_BALANCED|ZEC|60|2026-07-14T16:00:00+00:00|LONG,ZEC,LONG,60,2026-07-14T17:23:04+00:00,2026-07-15T12:00:00+00:00,TREND_UP,NORMAL,6.8339,BUONA,TARGET,19.462216869786207,1.9462216869786206,R
2026-07-20T00:30:21+00:00,MAIN_PAPER_RESEARCH,Bilanciata 1H V1,SHADOW_1H_BALANCED,SALTATO_DAL_PAPER,b1d45cf97b24596a5a99|PEPE|LONG|60,b1d45cf97b24596a5a99,SHADOW_1H_BALANCED|PEPE|60|2026-07-14T20:00:00+00:00|LONG,PEPE,LONG,60,2026-07-14T21:07:42+00:00,2026-07-15T13:00:00+00:00,ALT_ROTATION_UP,NORMAL,5.1467,MEDIA,TARGET,19.251674495242757,1.9251674495242757,R
2026-07-20T00:30:21+00:00,MAIN_PAPER_RESEARCH,Bilanciata 1H V1,SHADOW_1H_BALANCED,SALTATO_DAL_PAPER,f473cc6b4d3e3a0e41e7|LAB|SHORT|60,f473cc6b4d3e3a0e41e7,SHADOW_1H_BALANCED|LAB|60|2026-07-14T20:00:00+00:00|SHORT,LAB,SHORT,60,2026-07-14T21:07:42+00:00,2026-07-15T15:00:00+00:00,ALT_ROTATION_UP,NORMAL,-7.04,BUONA,TARGET,19.866666666666667,1.9866666666666668,R
2026-07-20T00:30:21+00:00,MAIN_PAPER_RESEARCH,Bilanciata 1H V1,SHADOW_1H_BALANCED,SALTATO_DAL_PAPER,2315badea36fa083a73b|SOL|LONG|60,2315badea36fa083a73b,SHADOW_1H_BALANCED|SOL|60|2026-07-15T13:00:00+00:00|LONG,SOL,LONG,60,2026-07-15T14:02:36+00:00,2026-07-15T16:00:00+00:00,TREND_UP,NORMAL,5.3158,MEDIA,STOP,-11.104320308105475,-1.1104320308105475,R
2026-07-20T00:30:21+00:00,MAIN_PAPER_RESEARCH,Bilanciata 1H V1,SHADOW_1H_BALANCED,SALTATO_DAL_PAPER,dea87fdd4363e444a94a|PEPE|LONG|60,dea87fdd4363e444a94a,SHADOW_1H_BALANCED|PEPE|60|2026-07-15T13:00:00+00:00|LONG,PEPE,LONG,60,2026-07-15T14:02:36+00:00,2026-07-15T16:00:00+00:00,TREND_UP,NORMAL,6.992,BUONA,STOP,-10.687225592968312,-1.0687225592968312,R
2026-07-20T00:30:21+00:00,MAIN_PAPER_RESEARCH,Bilanciata 1H V1,SHADOW_1H_BALANCED,SALTATO_DAL_PAPER,385b82606e3437b1d325|AKE|LONG|60,385b82606e3437b1d325,SHADOW_1H_BALANCED|AKE|60|2026-07-15T16:00:00+00:00|LONG,AKE,LONG,60,2026-07-15T17:23:15+00:00,2026-07-15T18:00:00+00:00,TREND_UP,NORMAL,6.75,BUONA,STOP,-10.133333333333344,-1.0133333333333343,R
2026-07-20T00:30:21+00:00,MAIN_PAPER_RESEARCH,Bilanciata 1H V1,SHADOW_1H_BALANCED,SALTATO_DAL_PAPER,afe8082a2029c138020c|ZEC|LONG|60,afe8082a2029c138020c,SHADOW_1H_BALANCED|ZEC|60|2026-07-15T13:00:00+00:00|LONG,ZEC,LONG,60,2026-07-15T14:02:36+00:00,2026-07-15T19:00:00+00:00,TREND_UP,NORMAL,6.4636,BUONA,STOP,-10.547246903437614,-1.0547246903437615,R
2026-07-20T00:30:21+00:00,MAIN_PAPER_RESEARCH,Bilanciata 1H V1,SHADOW_1H_BALANCED,SALTATO_DAL_PAPER,e89bd862e66a3e668752|LAB|SHORT|60,e89bd862e66a3e668752,SHADOW_1H_BALANCED|LAB|60|2026-07-15T16:00:00+00:00|SHORT,LAB,SHORT,60,2026-07-15T17:23:15+00:00,2026-07-15T20:00:00+00:00,TREND_UP,NORMAL,-7.0,BUONA,STOP,-10.133333333333344,-1.0133333333333343,R
2026-07-20T00:30:21+00:00,MAIN_PAPER_RESEARCH,Bilanciata 1H V1,SHADOW_1H_BALANCED,SALTATO_DAL_PAPER,7fa09ae13c8fd206c465|HYPE|LONG|60,7fa09ae13c8fd206c465,SHADOW_1H_BALANCED|HYPE|60|2026-07-15T09:00:00+00:00|LONG,HYPE,LONG,60,2026-07-15T10:23:23+00:00,2026-07-16T00:00:00+00:00,TREND_UP,NORMAL,6.7698,BUONA,STOP,-10.837216360254178,-1.0837216360254178,R
2026-07-20T00:30:21+00:00,MAIN_PAPER_RESEARCH,Bilanciata 1H V1,SHADOW_1H_BALANCED,SALTATO_DAL_PAPER,a4eb3b7c9f33fcc4a131|ETH|LONG|60,a4eb3b7c9f33fcc4a131,SHADOW_1H_BALANCED|ETH|60|2026-07-15T13:00:00+00:00|LONG,ETH,LONG,60,2026-07-15T14:02:36+00:00,2026-07-16T08:00:00+00:00,TREND_UP,NORMAL,5.2254,MEDIA,STOP,-11.042619006814194,-1.1042619006814194,R
2026-07-20T00:30:21+00:00,MAIN_PAPER_RESEARCH,Bilanciata 1H V1,SHADOW_1H_BALANCED,SALTATO_DAL_PAPER,4a5b74a6fa8305ab5934|AKE|LONG|60,4a5b74a6fa8305ab5934,SHADOW_1H_BALANCED|AKE|60|2026-07-16T00:00:00+00:00|LONG,AKE,LONG,60,2026-07-16T01:10:09+00:00,2026-07-16T07:00:00+00:00,TREND_UP,NORMAL,6.75,BUONA,TARGET,19.866666666666667,1.9866666666666668,R
2026-07-20T00:30:21+00:00,MAIN_PAPER_RESEARCH,Bilanciata 1H V1,SHADOW_1H_BALANCED,SALTATO_DAL_PAPER,ea262009c5d6353c9fb1|SUI|LONG|60,ea262009c5d6353c9fb1,SHADOW_1H_BALANCED|SUI|60|2026-07-14T15:00:00+00:00|LONG,SUI,LONG,60,2026-07-14T16:00:54+00:00,2026-07-15T16:00:00+00:00,TREND_UP,NORMAL,6.4627,BUONA,STOP,-10.878857704698293,-1.0878857704698293,R
2026-07-20T00:30:21+00:00,MAIN_PAPER_RESEARCH,Bilanciata 1H V1,SHADOW_1H_BALANCED,SALTATO_DAL_PAPER,c59c46e016e9a2a6eecd|BTC|LONG|60,c59c46e016e9a2a6eecd,SHADOW_1H_BALANCED|BTC|60|2026-07-14T15:00:00+00:00|LONG,BTC,LONG,60,2026-07-14T16:00:54+00:00,2026-07-16T12:00:00+00:00,TREND_UP,NORMAL,5.75,MEDIA,STOP,-11.11111111111109,-1.111111111111109,R
2026-07-20T00:30:21+00:00,MAIN_PAPER_RESEARCH,Bilanciata 1H V1,SHADOW_1H_BALANCED,SALTATO_DAL_PAPER,ae3137963bd37f4678d0|ADA|SHORT|60,ae3137963bd37f4678d0,SHADOW_1H_BALANCED|ADA|60|2026-07-16T08:00:00+00:00|SHORT,ADA,SHORT,60,2026-07-16T09:22:54+00:00,2026-07-16T14:00:00+00:00,TRANSITION,NORMAL,-5.0336,MEDIA,STOP,-10.9094283276693,-1.09094283276693,R
2026-07-20T00:30:21+00:00,MAIN_PAPER_RESEARCH,Bilanciata 1H V1,SHADOW_1H_BALANCED,SALTATO_DAL_PAPER,f5af20a4c613e0f3c161|XRP|LONG|60,f5af20a4c613e0f3c161,SHADOW_1H_BALANCED|XRP|60|2026-07-15T16:00:00+00:00|LONG,XRP,LONG,60,2026-07-15T17:23:15+00:00,2026-07-16T17:00:00+00:00,TREND_UP,NORMAL,6.2562,BUONA,STOP,-11.111111111111011,-1.1111111111111012,R
2026-07-20T00:30:21+00:00,MAIN_PAPER_RESEARCH,Bilanciata 1H V1,SHADOW_1H_BALANCED,SALTATO_DAL_PAPER,b7549bd1de97a5ddf95d|AKE|LONG|60,b7549bd1de97a5ddf95d,SHADOW_1H_BALANCED|AKE|60|2026-07-16T08:00:00+00:00|LONG,AKE,LONG,60,2026-07-16T09:22:54+00:00,2026-07-16T17:00:00+00:00,TRANSITION,NORMAL,6.25,BUONA,TARGET,19.866666666666667,1.9866666666666668,R
2026-07-20T00:30:21+00:00,MAIN_PAPER_RESEARCH,Bilanciata 1H V1,SHADOW_1H_BALANCED,SALTATO_DAL_PAPER,25bc6b6607fac73ec0c5|HYPE|SHORT|60,25bc6b6607fac73ec0c5,SHADOW_1H_BALANCED|HYPE|60|2026-07-16T12:00:00+00:00|SHORT,HYPE,SHORT,60,2026-07-16T13:07:43+00:00,2026-07-16T17:00:00+00:00,TRANSITION,NORMAL,-5.715,MEDIA,TARGET,19.043284527197155,1.9043284527197155,R
2026-07-20T00:30:21+00:00,MAIN_PAPER_RESEARCH,Bilanciata 1H V1,SHADOW_1H_BALANCED,SALTATO_DAL_PAPER,620f7e280cfd0208ddd2|XLM|LONG|60,620f7e280cfd0208ddd2,SHADOW_1H_BALANCED|XLM|60|2026-07-16T12:00:00+00:00|LONG,XLM,LONG,60,2026-07-16T13:07:43+00:00,2026-07-16T23:00:00+00:00,TRANSITION,NORMAL,6.6298,BUONA,STOP,-10.720052239789986,-1.0720052239789986,R
2026-07-20T00:30:21+00:00,MAIN_PAPER_RESEARCH,Bilanciata 1H V1,SHADOW_1H_BALANCED,SALTATO_DAL_PAPER,abbb953f2f88585c090e|HYPE|SHORT|60,abbb953f2f88585c090e,SHADOW_1H_BALANCED|HYPE|60|2026-07-16T18:00:00+00:00|SHORT,HYPE,SHORT,60,2026-07-16T19:24:41+00:00,2026-07-17T05:00:00+00:00,TRANSITION,NORMAL,-5.3376,MEDIA,TARGET,19.27247363057939,1.9272473630579392,R
2026-07-20T00:30:21+00:00,MAIN_PAPER_RESEARCH,Bilanciata 1H V1,SHADOW_1H_BALANCED,SALTATO_DAL_PAPER,8ad8cb3320aa3e8c6431|LAB|SHORT|60,8ad8cb3320aa3e8c6431,SHADOW_1H_BALANCED|LAB|60|2026-07-16T00:00:00+00:00|SHORT,LAB,SHORT,60,2026-07-16T01:10:09+00:00,2026-07-17T07:00:00+00:00,TREND_UP,NORMAL,-6.5,BUONA,TARGET,19.866666666666667,1.9866666666666668,R
2026-07-20T00:30:21+00:00,MAIN_PAPER_RESEARCH,Bilanciata 1H V1,SHADOW_1H_BALANCED,SALTATO_DAL_PAPER,8153c951ad51557f395c|ONDO|LONG|60,8153c951ad51557f395c,SHADOW_1H_BALANCED|ONDO|60|2026-07-16T14:00:00+00:00|LONG,ONDO,LONG,60,2026-07-16T15:09:34+00:00,2026-07-16T21:00:00+00:00,TRANSITION,NORMAL,6.75,BUONA,STOP,-10.425362109434507,-1.0425362109434508,R
2026-07-20T00:30:21+00:00,MAIN_PAPER_RESEARCH,Bilanciata 1H V1,SHADOW_1H_BALANCED,SALTATO_DAL_PAPER,d44ae15eca69c42da6c3|HYPE|SHORT|60,d44ae15eca69c42da6c3,SHADOW_1H_BALANCED|HYPE|60|2026-07-17T05:00:00+00:00|SHORT,HYPE,SHORT,60,2026-07-17T06:30:10+00:00,2026-07-17T09:00:00+00:00,RANGE,NORMAL,-7.3458,BUONA,STOP,-10.605988759666014,-1.0605988759666014,R
2026-07-20T00:30:21+00:00,MAIN_PAPER_RESEARCH,Bilanciata 1H V1,SHADOW_1H_BALANCED,SALTATO_DAL_PAPER,7540aa67bc230435d426|DOGE|SHORT|60,7540aa67bc230435d426,SHADOW_1H_BALANCED|DOGE|60|2026-07-16T08:00:00+00:00|SHORT,DOGE,SHORT,60,2026-07-16T09:22:54+00:00,2026-07-17T13:00:00+00:00,TRANSITION,NORMAL,-5.2739,MEDIA,TARGET,18.888888888888847,1.8888888888888846,R
2026-07-20T00:30:21+00:00,MAIN_PAPER_RESEARCH,Bilanciata 1H V1,SHADOW_1H_BALANCED,SALTATO_DAL_PAPER,15af08d549ce3a8b3c9c|SOL|SHORT|60,15af08d549ce3a8b3c9c,SHADOW_1H_BALANCED|SOL|60|2026-07-16T10:00:00+00:00|SHORT,SOL,SHORT,60,2026-07-16T11:18:06+00:00,2026-07-17T13:00:00+00:00,TRANSITION,NORMAL,-7.2655,BUONA,TARGET,18.888888888888847,1.8888888888888846,R
2026-07-20T00:30:21+00:00,MAIN_PAPER_RESEARCH,Bilanciata 1H V1,SHADOW_1H_BALANCED,SALTATO_DAL_PAPER,431d43928b029c2374e7|AKE|LONG|60,431d43928b029c2374e7,SHADOW_1H_BALANCED|AKE|60|2026-07-17T07:00:00+00:00|LONG,AKE,LONG,60,2026-07-17T08:37:40+00:00,2026-07-17T14:00:00+00:00,RANGE,NORMAL,6.25,BUONA,TARGET,19.866666666666667,1.9866666666666668,R
2026-07-20T00:30:21+00:00,MAIN_PAPER_RESEARCH,Bilanciata 1H V1,SHADOW_1H_BALANCED,SALTATO_DAL_PAPER,36738bb712f610937931|LAB|SHORT|60,36738bb712f610937931,SHADOW_1H_BALANCED|LAB|60|2026-07-17T07:00:00+00:00|SHORT,LAB,SHORT,60,2026-07-17T08:37:40+00:00,2026-07-17T13:00:00+00:00,RANGE,NORMAL,-7.5,ALTA,STOP,-10.134862528303213,-1.0134862528303212,R
2026-07-20T00:30:21+00:00,MAIN_PAPER_RESEARCH,Bilanciata 1H V1,SHADOW_1H_BALANCED,SALTATO_DAL_PAPER,67950173166badff4f08|ADA|SHORT|60,67950173166badff4f08,SHADOW_1H_BALANCED|ADA|60|2026-07-16T18:00:00+00:00|SHORT,ADA,SHORT,60,2026-07-16T19:24:41+00:00,2026-07-17T16:00:00+00:00,TRANSITION,NORMAL,-5.0181,MEDIA,STOP,-10.946079947303373,-1.0946079947303373,R
2026-07-20T00:30:21+00:00,MAIN_PAPER_RESEARCH,Bilanciata 1H V1,SHADOW_1H_BALANCED,SALTATO_DAL_PAPER,7523d5d104d5fd3acd49|SOL|SHORT|60,7523d5d104d5fd3acd49,SHADOW_1H_BALANCED|SOL|60|2026-07-17T14:00:00+00:00|SHORT,SOL,SHORT,60,2026-07-17T15:20:34+00:00,2026-07-17T16:00:00+00:00,RANGE,NORMAL,-7.5051,ALTA,STOP,-11.11111111111109,-1.111111111111109,R
2026-07-20T00:30:21+00:00,MAIN_PAPER_RESEARCH,Bilanciata 1H V1,SHADOW_1H_BALANCED,SALTATO_DAL_PAPER,d55301341f7eb4451ec4|ETH|SHORT|60,d55301341f7eb4451ec4,SHADOW_1H_BALANCED|ETH|60|2026-07-17T14:00:00+00:00|SHORT,ETH,SHORT,60,2026-07-17T15:20:34+00:00,2026-07-17T16:00:00+00:00,RANGE,NORMAL,-5.0054,MEDIA,STOP,-11.11111111111109,-1.111111111111109,R
2026-07-20T00:30:21+00:00,MAIN_PAPER_RESEARCH,Bilanciata 1H V1,SHADOW_1H_BALANCED,SALTATO_DAL_PAPER,7d0868092c47cfc37e45|BTC|SHORT|60,7d0868092c47cfc37e45,SHADOW_1H_BALANCED|BTC|60|2026-07-17T05:00:00+00:00|SHORT,BTC,SHORT,60,2026-07-17T06:30:10+00:00,2026-07-17T17:00:00+00:00,RANGE,NORMAL,-5.0833,MEDIA,STOP,-11.11111111111109,-1.111111111111109,R
2026-07-20T00:30:21+00:00,MAIN_PAPER_RESEARCH,Bilanciata 1H V1,SHADOW_1H_BALANCED,SALTATO_DAL_PAPER,ad2a548a007fd66feb40|DOGE|SHORT|60,ad2a548a007fd66feb40,SHADOW_1H_BALANCED|DOGE|60|2026-07-17T14:00:00+00:00|SHORT,DOGE,SHORT,60,2026-07-17T15:20:34+00:00,2026-07-17T17:00:00+00:00,RANGE,NORMAL,-6.4001,BUONA,STOP,-11.11111111111109,-1.111111111111109,R
2026-07-20T00:30:21+00:00,MAIN_PAPER_RESEARCH,Bilanciata 1H V1,SHADOW_1H_BALANCED,SALTATO_DAL_PAPER,308385fb91c8984c0f09|AKE|LONG|60,308385fb91c8984c0f09,SHADOW_1H_BALANCED|AKE|60|2026-07-17T14:00:00+00:00|LONG,AKE,LONG,60,2026-07-17T15:20:34+00:00,2026-07-17T19:00:00+00:00,RANGE,NORMAL,6.25,BUONA,TARGET,19.866666666666667,1.9866666666666668,R
2026-07-20T00:30:21+00:00,MAIN_PAPER_RESEARCH,Bilanciata 1H V1,SHADOW_1H_BALANCED,SALTATO_DAL_PAPER,62063b43e31c19d9e817|AKE|LONG|60,62063b43e31c19d9e817,SHADOW_1H_BALANCED|AKE|60|2026-07-17T19:00:00+00:00|LONG,AKE,LONG,60,2026-07-17T20:38:43+00:00,2026-07-17T22:00:00+00:00,TRANSITION,NORMAL,6.25,BUONA,STOP,-10.133333333333333,-1.0133333333333332,R
2026-07-20T00:30:21+00:00,MAIN_PAPER_RESEARCH,Bilanciata 1H V1,SHADOW_1H_BALANCED,SALTATO_DAL_PAPER,fb8781ca9f9cd979fbc9|AKE|LONG|60,fb8781ca9f9cd979fbc9,SHADOW_1H_BALANCED|AKE|60|2026-07-17T22:00:00+00:00|LONG,AKE,LONG,60,2026-07-17T23:28:49+00:00,2026-07-18T04:00:00+00:00,TRANSITION,NORMAL,6.75,BUONA,TARGET,19.866666666666667,1.9866666666666668,R
2026-07-20T00:30:21+00:00,MAIN_PAPER_RESEARCH,Bilanciata 1H V1,SHADOW_1H_BALANCED,SALTATO_DAL_PAPER,39d82184e96456d15316|ESPORTS|LONG|60,39d82184e96456d15316,SHADOW_1H_BALANCED|ESPORTS|60|2026-07-18T04:00:00+00:00|LONG,ESPORTS,LONG,60,2026-07-18T05:38:29+00:00,2026-07-18T06:00:00+00:00,TRANSITION,NORMAL,7.75,ALTA,STOP,-10.133333333333333,-1.0133333333333332,R
2026-07-20T00:30:21+00:00,MAIN_PAPER_RESEARCH,Bilanciata 1H V1,SHADOW_1H_BALANCED,SALTATO_DAL_PAPER,400a7a9774e3b4349f53|ADA|LONG|60,400a7a9774e3b4349f53,SHADOW_1H_BALANCED|ADA|60|2026-07-18T03:00:00+00:00|LONG,ADA,LONG,60,2026-07-18T04:07:13+00:00,2026-07-18T13:00:00+00:00,TRANSITION,NORMAL,5.0118,MEDIA,STOP,-10.894275907592217,-1.0894275907592217,R
2026-07-20T00:30:21+00:00,MAIN_PAPER_RESEARCH,Bilanciata 1H V1,SHADOW_1H_BALANCED,SALTATO_DAL_PAPER,34563d6aec6898d78ab2|AKE|LONG|60,34563d6aec6898d78ab2,SHADOW_1H_BALANCED|AKE|60|2026-07-18T10:00:00+00:00|LONG,AKE,LONG,60,2026-07-18T11:08:29+00:00,2026-07-18T14:00:00+00:00,TRANSITION,NORMAL,6.75,BUONA,STOP,-10.133333333333333,-1.0133333333333332,R
2026-07-20T00:30:21+00:00,MAIN_PAPER_RESEARCH,Bilanciata 1H V1,SHADOW_1H_BALANCED,SALTATO_DAL_PAPER,a5e82fe17abcac1007c8|PEPE|SHORT|60,a5e82fe17abcac1007c8,SHADOW_1H_BALANCED|PEPE|60|2026-07-18T09:00:00+00:00|SHORT,PEPE,SHORT,60,2026-07-18T10:08:29+00:00,2026-07-18T17:00:00+00:00,TRANSITION,NORMAL,-5.3727,MEDIA,STOP,-11.11111111111109,-1.111111111111109,R
2026-07-20T00:30:21+00:00,MAIN_PAPER_RESEARCH,Bilanciata 1H V1,SHADOW_1H_BALANCED,SALTATO_DAL_PAPER,422ea7b57350c37232e8|ESPORTS|LONG|60,422ea7b57350c37232e8,SHADOW_1H_BALANCED|ESPORTS|60|2026-07-18T16:00:00+00:00|LONG,ESPORTS,LONG,60,2026-07-18T17:08:29+00:00,2026-07-18T18:00:00+00:00,TRANSITION,NORMAL,6.0,BUONA,TARGET,19.86666666666669,1.9866666666666688,R
2026-07-20T00:30:21+00:00,MAIN_PAPER_RESEARCH,Bilanciata 1H V1,SHADOW_1H_BALANCED,SALTATO_DAL_PAPER,3ae2dd863a21912c44c5|ESPORTS|LONG|60,3ae2dd863a21912c44c5,SHADOW_1H_BALANCED|ESPORTS|60|2026-07-18T18:00:00+00:00|LONG,ESPORTS,LONG,60,2026-07-18T19:08:29+00:00,2026-07-18T20:00:00+00:00,TREND_UP,NORMAL,7.0,BUONA,STOP,-10.133333333333333,-1.0133333333333332,R
2026-07-20T00:30:21+00:00,MAIN_PAPER_RESEARCH,Bilanciata 1H V1,SHADOW_1H_BALANCED,SALTATO_DAL_PAPER,a6f6c1f3b28ae6db01f1|ESPORTS|LONG|60,a6f6c1f3b28ae6db01f1,SHADOW_1H_BALANCED|ESPORTS|60|2026-07-18T20:00:00+00:00|LONG,ESPORTS,LONG,60,2026-07-18T21:08:30+00:00,2026-07-18T22:00:00+00:00,TREND_UP,NORMAL,5.5,MEDIA,TARGET,19.866666666666667,1.9866666666666668,R
2026-07-20T00:30:21+00:00,MAIN_PAPER_RESEARCH,Bilanciata 1H V1,SHADOW_1H_BALANCED,SALTATO_DAL_PAPER,24867d36c522446da70c|AKE|LONG|60,24867d36c522446da70c,SHADOW_1H_BALANCED|AKE|60|2026-07-18T15:00:00+00:00|LONG,AKE,LONG,60,2026-07-18T16:08:30+00:00,2026-07-19T00:00:00+00:00,TRANSITION,NORMAL,6.75,BUONA,TARGET,19.866666666666667,1.9866666666666668,R
2026-07-20T00:30:21+00:00,MAIN_PAPER_RESEARCH,Bilanciata 1H V1,SHADOW_1H_BALANCED,SALTATO_DAL_PAPER,0d0cd7222513342f3c85|ESPORTS|LONG|60,0d0cd7222513342f3c85,SHADOW_1H_BALANCED|ESPORTS|60|2026-07-18T22:00:00+00:00|LONG,ESPORTS,LONG,60,2026-07-18T23:08:29+00:00,2026-07-19T01:00:00+00:00,TREND_UP,NORMAL,7.0,BUONA,TARGET,19.866666666666667,1.9866666666666668,R
2026-07-20T00:30:21+00:00,MAIN_PAPER_RESEARCH,Bilanciata 1H V1,SHADOW_1H_BALANCED,SALTATO_DAL_PAPER,efe002c8772de4a92004|SOL|SHORT|60,efe002c8772de4a92004,SHADOW_1H_BALANCED|SOL|60|2026-07-18T05:00:00+00:00|SHORT,SOL,SHORT,60,2026-07-18T06:08:29+00:00,2026-07-19T02:00:00+00:00,TRANSITION,NORMAL,-6.3291,BUONA,STOP,-11.11111111111109,-1.111111111111109,R
2026-07-20T00:30:21+00:00,MAIN_PAPER_RESEARCH,Bilanciata 1H V1,SHADOW_1H_BALANCED,SALTATO_DAL_PAPER,38c8767a679835620398|ESPORTS|LONG|60,38c8767a679835620398,SHADOW_1H_BALANCED|ESPORTS|60|2026-07-19T01:00:00+00:00|LONG,ESPORTS,LONG,60,2026-07-19T02:08:29+00:00,2026-07-19T03:00:00+00:00,TREND_UP,NORMAL,9.0,ALTA,TARGET,19.866666666666667,1.9866666666666668,R
2026-07-20T00:30:21+00:00,MAIN_PAPER_RESEARCH,Bilanciata 1H V1,SHADOW_1H_BALANCED,SALTATO_DAL_PAPER,3b9526e08fba8d143ad0|ESPORTS|LONG|60,3b9526e08fba8d143ad0,SHADOW_1H_BALANCED|ESPORTS|60|2026-07-19T03:00:00+00:00|LONG,ESPORTS,LONG,60,2026-07-19T04:08:30+00:00,2026-07-19T07:00:00+00:00,TREND_UP,NORMAL,7.0,BUONA,TARGET,19.866666666666667,1.9866666666666668,R
2026-07-20T00:30:21+00:00,MAIN_PAPER_RESEARCH,Bilanciata 1H V1,SHADOW_1H_BALANCED,SALTATO_DAL_PAPER,9afe668fa5f282488d75|BANK|LONG|60,9afe668fa5f282488d75,SHADOW_1H_BALANCED|BANK|60|2026-07-19T03:00:00+00:00|LONG,BANK,LONG,60,2026-07-19T04:08:30+00:00,2026-07-19T08:00:00+00:00,TREND_UP,NORMAL,6.25,BUONA,TARGET,19.866666666666667,1.9866666666666668,R
2026-07-20T00:30:21+00:00,MAIN_PAPER_RESEARCH,Bilanciata 1H V1,SHADOW_1H_BALANCED,SALTATO_DAL_PAPER,e9c0a928a710fe16c88d|ESPORTS|LONG|60,e9c0a928a710fe16c88d,SHADOW_1H_BALANCED|ESPORTS|60|2026-07-19T07:00:00+00:00|LONG,ESPORTS,LONG,60,2026-07-19T08:08:29+00:00,2026-07-19T09:00:00+00:00,TREND_UP,LOW,7.5,ALTA,STOP,-10.133333333333333,-1.0133333333333332,R
2026-07-20T00:30:21+00:00,MAIN_PAPER_RESEARCH,Bilanciata 1H V1,SHADOW_1H_BALANCED,SALTATO_DAL_PAPER,5c294ccd55e1e1d0e6e0|BANK|LONG|60,5c294ccd55e1e1d0e6e0,SHADOW_1H_BALANCED|BANK|60|2026-07-19T08:00:00+00:00|LONG,BANK,LONG,60,2026-07-19T09:08:30+00:00,2026-07-19T11:00:00+00:00,TREND_UP,LOW,6.75,BUONA,TARGET,19.866666666666667,1.9866666666666668,R
2026-07-20T00:30:21+00:00,MAIN_PAPER_RESEARCH,Bilanciata 1H V1,SHADOW_1H_BALANCED,SALTATO_DAL_PAPER,b7cb3e3ed710402b929a|ESPORTS|LONG|60,b7cb3e3ed710402b929a,SHADOW_1H_BALANCED|ESPORTS|60|2026-07-19T09:00:00+00:00|LONG,ESPORTS,LONG,60,2026-07-19T10:08:30+00:00,2026-07-19T11:00:00+00:00,ALT_ROTATION_UP,LOW,5.5,MEDIA,STOP,-10.133333333333333,-1.0133333333333332,R
2026-07-20T00:30:21+00:00,MAIN_PAPER_RESEARCH,Bilanciata 1H V1,SHADOW_1H_BALANCED,SALTATO_DAL_PAPER,9b558887c6d0b0ea66e2|AKE|LONG|60,9b558887c6d0b0ea66e2,SHADOW_1H_BALANCED|AKE|60|2026-07-19T00:00:00+00:00|LONG,AKE,LONG,60,2026-07-19T01:08:29+00:00,2026-07-19T12:00:00+00:00,TREND_UP,NORMAL,6.25,BUONA,STOP,-10.133333333333333,-1.0133333333333332,R
2026-07-20T00:30:21+00:00,MAIN_PAPER_RESEARCH,Bilanciata 1H V1,SHADOW_1H_BALANCED,SALTATO_DAL_PAPER,014687b65c35e7781f6d|PEPE|LONG|60,014687b65c35e7781f6d,SHADOW_1H_BALANCED|PEPE|60|2026-07-19T06:00:00+00:00|LONG,PEPE,LONG,60,2026-07-19T07:08:29+00:00,2026-07-19T12:00:00+00:00,TREND_UP,NORMAL,6.4963,BUONA,TARGET,18.888888888888847,1.8888888888888846,R
2026-07-20T00:30:21+00:00,MAIN_PAPER_RESEARCH,Bilanciata 1H V1,SHADOW_1H_BALANCED,PRESO_DAL_PAPER,9548809112cd84f1046b|NEAR|LONG|60,9548809112cd84f1046b,SHADOW_1H_BALANCED|NEAR|60|2026-07-14T13:00:00+00:00|LONG,NEAR,LONG,60,2026-07-14T14:14:00+00:00,2026-07-19T14:23:29+00:00,RANGE,NORMAL,6.7037,BUONA,TIME_EXIT,-0.624246758501168,-0.062424675850116795,R
2026-07-20T00:30:21+00:00,MAIN_PAPER_RESEARCH,Bilanciata 1H V1,SHADOW_1H_BALANCED,PRESO_DAL_PAPER,b5a7b81a262f5645f752|ALLO|SHORT|60,b5a7b81a262f5645f752,SHADOW_1H_BALANCED|ALLO|60|2026-07-14T15:00:00+00:00|SHORT,ALLO,SHORT,60,2026-07-14T16:00:54+00:00,2026-07-19T16:08:29+00:00,TREND_UP,NORMAL,-6.25,BUONA,TIME_EXIT,-0.2090065084626735,-0.020900650846267348,R
2026-07-20T00:30:21+00:00,MAIN_PAPER_RESEARCH,Bilanciata 1H V1,SHADOW_1H_BALANCED,SALTATO_DAL_PAPER,02e9cf1c2ab5c0ef754a|BANK|LONG|60,02e9cf1c2ab5c0ef754a,SHADOW_1H_BALANCED|BANK|60|2026-07-19T11:00:00+00:00|LONG,BANK,LONG,60,2026-07-19T12:08:29+00:00,2026-07-19T15:00:00+00:00,ALT_ROTATION_UP,LOW,6.25,BUONA,STOP,-10.133333333333344,-1.0133333333333343,R
2026-07-20T00:30:21+00:00,MAIN_PAPER_RESEARCH,Bilanciata 1H V1,SHADOW_1H_BALANCED,SALTATO_DAL_PAPER,f633390ed62f705b5dd2|ADA|LONG|60,f633390ed62f705b5dd2,SHADOW_1H_BALANCED|ADA|60|2026-07-18T20:00:00+00:00|LONG,ADA,LONG,60,2026-07-18T21:08:30+00:00,2026-07-19T17:00:00+00:00,TREND_UP,NORMAL,5.0381,MEDIA,STOP,-11.11111111111109,-1.111111111111109,R
2026-07-20T00:30:21+00:00,MAIN_PAPER_RESEARCH,Bilanciata 1H V1,SHADOW_1H_BALANCED,PRESO_DAL_PAPER,c66bd4de24eaffbbd98a|BANK|LONG|60,c66bd4de24eaffbbd98a,SHADOW_1H_BALANCED|BANK|60|2026-07-19T15:00:00+00:00|LONG,BANK,LONG,60,2026-07-19T16:08:29+00:00,2026-07-19T17:00:00+00:00,TREND_UP,LOW,6.75,BUONA,TARGET,19.866666666666667,1.9866666666666668,R
2026-07-20T00:30:21+00:00,MAIN_PAPER_RESEARCH,Bilanciata 1H V1,SHADOW_1H_BALANCED,SALTATO_DAL_PAPER,71e39f89cb739fa290a7|ZEC|LONG|60,71e39f89cb739fa290a7,SHADOW_1H_BALANCED|ZEC|60|2026-07-18T14:00:00+00:00|LONG,ZEC,LONG,60,2026-07-18T15:08:30+00:00,2026-07-19T22:00:00+00:00,TRANSITION,NORMAL,5.1652,MEDIA,STOP,-10.716836564399536,-1.0716836564399537,R
2026-07-20T00:30:21+00:00,MAIN_PAPER_RESEARCH,Bilanciata 1H V2,SHADOW_1H_BALANCED_V2,PRESO_DAL_PAPER,1c628461ef6a0589353a|AKE|LONG|60,1c628461ef6a0589353a,SHADOW_1H_BALANCED_V2|AKE|60|2026-07-17T07:00:00+00:00|LONG,AKE,LONG,60,2026-07-17T08:37:40+00:00,2026-07-17T14:00:00+00:00,RANGE,NORMAL,6.25,BUONA,TARGET,19.866666666666667,1.9866666666666668,R
2026-07-20T00:30:21+00:00,MAIN_PAPER_RESEARCH,Bilanciata 1H V2,SHADOW_1H_BALANCED_V2,PRESO_DAL_PAPER,4f54d738ee160e3f69e6|XRP|SHORT|60,4f54d738ee160e3f69e6,SHADOW_1H_BALANCED_V2|XRP|60|2026-07-17T14:00:00+00:00|SHORT,XRP,SHORT,60,2026-07-17T15:20:34+00:00,2026-07-17T17:00:00+00:00,RANGE,NORMAL,-6.3246,BUONA,STOP,-11.11111111111109,-1.111111111111109,R
2026-07-20T00:30:21+00:00,MAIN_PAPER_RESEARCH,Bilanciata 1H V2,SHADOW_1H_BALANCED_V2,SALTATO_DAL_PAPER,f64643eefb1a3f312ce7|AKE|LONG|60,f64643eefb1a3f312ce7,SHADOW_1H_BALANCED_V2|AKE|60|2026-07-17T14:00:00+00:00|LONG,AKE,LONG,60,2026-07-17T15:20:34+00:00,2026-07-17T19:00:00+00:00,RANGE,NORMAL,6.25,BUONA,TARGET,19.866666666666667,1.9866666666666668,R
2026-07-20T00:30:21+00:00,MAIN_PAPER_RESEARCH,Bilanciata 1H V2,SHADOW_1H_BALANCED_V2,PRESO_DAL_PAPER,2f2487c69032ab676575|AKE|LONG|60,2f2487c69032ab676575,SHADOW_1H_BALANCED_V2|AKE|60|2026-07-17T22:00:00+00:00|LONG,AKE,LONG,60,2026-07-17T23:28:49+00:00,2026-07-18T04:00:00+00:00,TRANSITION,NORMAL,6.75,BUONA,TARGET,19.866666666666667,1.9866666666666668,R
2026-07-20T00:30:21+00:00,MAIN_PAPER_RESEARCH,Bilanciata 1H V2,SHADOW_1H_BALANCED_V2,PRESO_DAL_PAPER,475eb1a8de79d26e4092|ESPORTS|LONG|60,475eb1a8de79d26e4092,SHADOW_1H_BALANCED_V2|ESPORTS|60|2026-07-18T04:00:00+00:00|LONG,ESPORTS,LONG,60,2026-07-18T05:38:29+00:00,2026-07-18T06:00:00+00:00,TRANSITION,NORMAL,7.75,ALTA,STOP,-10.133333333333333,-1.0133333333333332,R
2026-07-20T00:30:21+00:00,MAIN_PAPER_RESEARCH,Bilanciata 1H V2,SHADOW_1H_BALANCED_V2,PRESO_DAL_PAPER,4597f68f00d3b3207595|AKE|LONG|60,4597f68f00d3b3207595,SHADOW_1H_BALANCED_V2|AKE|60|2026-07-18T10:00:00+00:00|LONG,AKE,LONG,60,2026-07-18T11:08:29+00:00,2026-07-18T14:00:00+00:00,TRANSITION,NORMAL,6.75,BUONA,STOP,-10.133333333333333,-1.0133333333333332,R
2026-07-20T00:30:21+00:00,MAIN_PAPER_RESEARCH,Bilanciata 1H V2,SHADOW_1H_BALANCED_V2,SALTATO_DAL_PAPER,b35cfb9a233bcc7427ac|ADA|LONG|60,b35cfb9a233bcc7427ac,SHADOW_1H_BALANCED_V2|ADA|60|2026-07-18T05:00:00+00:00|LONG,ADA,LONG,60,2026-07-18T06:08:29+00:00,2026-07-18T16:00:00+00:00,TRANSITION,NORMAL,6.4276,BUONA,STOP,-10.90290855060039,-1.090290855060039,R
2026-07-20T00:30:21+00:00,MAIN_PAPER_RESEARCH,Bilanciata 1H V2,SHADOW_1H_BALANCED_V2,SALTATO_DAL_PAPER,61ee428ecbc55aa8457a|ESPORTS|LONG|60,61ee428ecbc55aa8457a,SHADOW_1H_BALANCED_V2|ESPORTS|60|2026-07-18T16:00:00+00:00|LONG,ESPORTS,LONG,60,2026-07-18T17:08:29+00:00,2026-07-18T18:00:00+00:00,TRANSITION,NORMAL,6.0,BUONA,TARGET,19.86666666666669,1.9866666666666688,R
2026-07-20T00:30:21+00:00,MAIN_PAPER_RESEARCH,Bilanciata 1H V2,SHADOW_1H_BALANCED_V2,PRESO_DAL_PAPER,084e20756ade56dd0b9b|AKE|LONG|60,084e20756ade56dd0b9b,SHADOW_1H_BALANCED_V2|AKE|60|2026-07-18T15:00:00+00:00|LONG,AKE,LONG,60,2026-07-18T16:08:30+00:00,2026-07-19T00:00:00+00:00,TRANSITION,NORMAL,6.75,BUONA,TARGET,19.866666666666667,1.9866666666666668,R
2026-07-20T00:30:21+00:00,MAIN_PAPER_RESEARCH,Bilanciata 1H V2,SHADOW_1H_BALANCED_V2,PRESO_DAL_PAPER,08078bf482d0b7d7c21c|SOL|SHORT|60,08078bf482d0b7d7c21c,SHADOW_1H_BALANCED_V2|SOL|60|2026-07-17T00:00:00+00:00|SHORT,SOL,SHORT,60,2026-07-17T01:26:57+00:00,2026-07-19T14:00:00+00:00,RANGE,NORMAL,-7.645,ALTA,STOP,-11.11111111111109,-1.111111111111109,R
2026-07-20T00:30:21+00:00,MAIN_PAPER_RESEARCH,Bilanciata 1H V2,SHADOW_1H_BALANCED_V2,SALTATO_DAL_PAPER,084e20756ade56dd0b9b|ZEC|LONG|60,084e20756ade56dd0b9b,SHADOW_1H_BALANCED_V2|ZEC|60|2026-07-18T15:00:00+00:00|LONG,ZEC,LONG,60,2026-07-18T16:08:30+00:00,2026-07-19T22:00:00+00:00,TRANSITION,NORMAL,5.6019,MEDIA,STOP,-10.712812356602166,-1.0712812356602166,R
2026-07-20T00:30:21+00:00,MAIN_PAPER_RESEARCH,Bilanciata 1H V3 Filtered,SHADOW_1H_BALANCED_V3,PRESO_DAL_PAPER,34563d6aec6898d78ab2|AKE|LONG|60,34563d6aec6898d78ab2,SHADOW_1H_BALANCED_V3|AKE|60|2026-07-18T10:00:00+00:00|LONG,AKE,LONG,60,2026-07-18T11:35:50+00:00,2026-07-18T15:00:00+00:00,TRANSITION,NORMAL,6.75,BUONA,STOP,-10.133333333333324,-1.0133333333333323,R
2026-07-20T00:30:21+00:00,MAIN_PAPER_RESEARCH,Bilanciata 1H V3 Filtered,SHADOW_1H_BALANCED_V3,PRESO_DAL_PAPER,af0ee0d7ac698b205b4d|HYPE|SHORT|60,af0ee0d7ac698b205b4d,SHADOW_1H_BALANCED_V3|HYPE|60|2026-07-18T10:00:00+00:00|SHORT,HYPE,SHORT,60,2026-07-18T11:35:50+00:00,2026-07-18T18:00:00+00:00,TRANSITION,NORMAL,-7.017,BUONA,STOP,-10.81523635994926,-1.081523635994926,R
2026-07-20T00:30:21+00:00,MAIN_PAPER_RESEARCH,Bilanciata 1H V3 Filtered,SHADOW_1H_BALANCED_V3,SALTATO_DAL_PAPER,422ea7b57350c37232e8|ESPORTS|LONG|60,422ea7b57350c37232e8,SHADOW_1H_BALANCED_V3|ESPORTS|60|2026-07-18T16:00:00+00:00|LONG,ESPORTS,LONG,60,2026-07-18T17:08:29+00:00,2026-07-18T18:00:00+00:00,TRANSITION,NORMAL,6.0,BUONA,TARGET,19.86666666666669,1.9866666666666688,R
2026-07-20T00:30:21+00:00,MAIN_PAPER_RESEARCH,Bilanciata 1H V3 Filtered,SHADOW_1H_BALANCED_V3,PRESO_DAL_PAPER,3ae2dd863a21912c44c5|ESPORTS|LONG|60,3ae2dd863a21912c44c5,SHADOW_1H_BALANCED_V3|ESPORTS|60|2026-07-18T18:00:00+00:00|LONG,ESPORTS,LONG,60,2026-07-18T19:08:29+00:00,2026-07-18T20:00:00+00:00,TREND_UP,NORMAL,7.0,BUONA,STOP,-10.133333333333333,-1.0133333333333332,R
2026-07-20T00:30:21+00:00,MAIN_PAPER_RESEARCH,Bilanciata 1H V3 Filtered,SHADOW_1H_BALANCED_V3,PRESO_DAL_PAPER,24867d36c522446da70c|AKE|LONG|60,24867d36c522446da70c,SHADOW_1H_BALANCED_V3|AKE|60|2026-07-18T15:00:00+00:00|LONG,AKE,LONG,60,2026-07-18T16:08:30+00:00,2026-07-19T00:00:00+00:00,TRANSITION,NORMAL,6.75,BUONA,TARGET,19.866666666666667,1.9866666666666668,R
2026-07-20T00:30:21+00:00,MAIN_PAPER_RESEARCH,Bilanciata 1H V3 Filtered,SHADOW_1H_BALANCED_V3,PRESO_DAL_PAPER,0d0cd7222513342f3c85|ESPORTS|LONG|60,0d0cd7222513342f3c85,SHADOW_1H_BALANCED_V3|ESPORTS|60|2026-07-18T22:00:00+00:00|LONG,ESPORTS,LONG,60,2026-07-18T23:08:29+00:00,2026-07-19T01:00:00+00:00,TREND_UP,NORMAL,7.0,BUONA,TARGET,19.866666666666667,1.9866666666666668,R
2026-07-20T00:30:21+00:00,MAIN_PAPER_RESEARCH,Bilanciata 1H V3 Filtered,SHADOW_1H_BALANCED_V3,PRESO_DAL_PAPER,7d6a2c2ff1ae98327b78|SOL|SHORT|60,7d6a2c2ff1ae98327b78,SHADOW_1H_BALANCED_V3|SOL|60|2026-07-18T10:00:00+00:00|SHORT,SOL,SHORT,60,2026-07-18T11:35:50+00:00,2026-07-19T02:00:00+00:00,TRANSITION,NORMAL,-6.3039,BUONA,STOP,-11.11111111111109,-1.111111111111109,R
2026-07-20T00:30:21+00:00,MAIN_PAPER_RESEARCH,Bilanciata 1H V3 Filtered,SHADOW_1H_BALANCED_V3,PRESO_DAL_PAPER,3b9526e08fba8d143ad0|ESPORTS|LONG|60,3b9526e08fba8d143ad0,SHADOW_1H_BALANCED_V3|ESPORTS|60|2026-07-19T03:00:00+00:00|LONG,ESPORTS,LONG,60,2026-07-19T04:08:30+00:00,2026-07-19T07:00:00+00:00,TREND_UP,NORMAL,7.0,BUONA,TARGET,19.866666666666667,1.9866666666666668,R
2026-07-20T00:30:21+00:00,MAIN_PAPER_RESEARCH,Bilanciata 1H V3 Filtered,SHADOW_1H_BALANCED_V3,SALTATO_DAL_PAPER,9afe668fa5f282488d75|BANK|LONG|60,9afe668fa5f282488d75,SHADOW_1H_BALANCED_V3|BANK|60|2026-07-19T03:00:00+00:00|LONG,BANK,LONG,60,2026-07-19T04:08:30+00:00,2026-07-19T08:00:00+00:00,TREND_UP,NORMAL,6.25,BUONA,TARGET,19.866666666666667,1.9866666666666668,R
2026-07-20T00:30:21+00:00,MAIN_PAPER_RESEARCH,Bilanciata 1H V3 Filtered,SHADOW_1H_BALANCED_V3,PRESO_DAL_PAPER,24f999a649df386f2142|ADA|LONG|60,24f999a649df386f2142,SHADOW_1H_BALANCED_V3|ADA|60|2026-07-19T02:00:00+00:00|LONG,ADA,LONG,60,2026-07-19T03:08:29+00:00,2026-07-19T09:00:00+00:00,TREND_UP,NORMAL,6.3559,BUONA,STOP,-11.11111111111109,-1.111111111111109,R
2026-07-20T00:30:21+00:00,MAIN_PAPER_RESEARCH,Bilanciata 1H V3 Filtered,SHADOW_1H_BALANCED_V3,SALTATO_DAL_PAPER,7eeb17c16c0f6c046f5b|ESPORTS|LONG|60,7eeb17c16c0f6c046f5b,SHADOW_1H_BALANCED_V3|ESPORTS|60|2026-07-19T08:00:00+00:00|LONG,ESPORTS,LONG,60,2026-07-19T09:08:30+00:00,2026-07-19T10:00:00+00:00,TREND_UP,LOW,7.0,BUONA,STOP,-10.133333333333324,-1.0133333333333323,R
2026-07-20T00:30:21+00:00,MAIN_PAPER_RESEARCH,Bilanciata 1H V3 Filtered,SHADOW_1H_BALANCED_V3,PRESO_DAL_PAPER,5c294ccd55e1e1d0e6e0|BANK|LONG|60,5c294ccd55e1e1d0e6e0,SHADOW_1H_BALANCED_V3|BANK|60|2026-07-19T08:00:00+00:00|LONG,BANK,LONG,60,2026-07-19T09:08:30+00:00,2026-07-19T11:00:00+00:00,TREND_UP,LOW,6.75,BUONA,TARGET,19.866666666666667,1.9866666666666668,R
2026-07-20T00:30:21+00:00,MAIN_PAPER_RESEARCH,Bilanciata 1H V3 Filtered,SHADOW_1H_BALANCED_V3,PRESO_DAL_PAPER,9b558887c6d0b0ea66e2|AKE|LONG|60,9b558887c6d0b0ea66e2,SHADOW_1H_BALANCED_V3|AKE|60|2026-07-19T00:00:00+00:00|LONG,AKE,LONG,60,2026-07-19T01:08:29+00:00,2026-07-19T12:00:00+00:00,TREND_UP,NORMAL,6.25,BUONA,STOP,-10.133333333333333,-1.0133333333333332,R
2026-07-20T00:30:21+00:00,MAIN_PAPER_RESEARCH,Bilanciata 1H V3 Filtered,SHADOW_1H_BALANCED_V3,SALTATO_DAL_PAPER,014687b65c35e7781f6d|PEPE|LONG|60,014687b65c35e7781f6d,SHADOW_1H_BALANCED_V3|PEPE|60|2026-07-19T06:00:00+00:00|LONG,PEPE,LONG,60,2026-07-19T07:08:29+00:00,2026-07-19T12:00:00+00:00,TREND_UP,NORMAL,6.4963,BUONA,TARGET,18.888888888888847,1.8888888888888846,R
2026-07-20T00:30:21+00:00,MAIN_PAPER_RESEARCH,Bilanciata 1H V3 Filtered,SHADOW_1H_BALANCED_V3,SALTATO_DAL_PAPER,02e9cf1c2ab5c0ef754a|BANK|LONG|60,02e9cf1c2ab5c0ef754a,SHADOW_1H_BALANCED_V3|BANK|60|2026-07-19T11:00:00+00:00|LONG,BANK,LONG,60,2026-07-19T12:08:29+00:00,2026-07-19T15:00:00+00:00,ALT_ROTATION_UP,LOW,6.25,BUONA,STOP,-10.133333333333344,-1.0133333333333343,R
2026-07-20T00:30:21+00:00,MAIN_PAPER_RESEARCH,Bilanciata 1H V3 Filtered,SHADOW_1H_BALANCED_V3,SALTATO_DAL_PAPER,06ace0247114c701ff61|ZEC|LONG|60,06ace0247114c701ff61,SHADOW_1H_BALANCED_V3|ZEC|60|2026-07-18T22:00:00+00:00|LONG,ZEC,LONG,60,2026-07-18T23:08:29+00:00,2026-07-19T16:00:00+00:00,TREND_UP,NORMAL,6.3443,BUONA,STOP,-10.77595471528281,-1.077595471528281,R
2026-07-20T00:30:21+00:00,MAIN_PAPER_RESEARCH,Bilanciata 1H V3 Filtered,SHADOW_1H_BALANCED_V3,PRESO_DAL_PAPER,c66bd4de24eaffbbd98a|BANK|LONG|60,c66bd4de24eaffbbd98a,SHADOW_1H_BALANCED_V3|BANK|60|2026-07-19T15:00:00+00:00|LONG,BANK,LONG,60,2026-07-19T16:08:29+00:00,2026-07-19T17:00:00+00:00,TREND_UP,LOW,6.75,BUONA,TARGET,19.866666666666667,1.9866666666666668,R
2026-07-20T00:30:21+00:00,MAIN_PAPER_RESEARCH,Rapida 1H V1,SHADOW_1H_FAST,SALTATO_DAL_PAPER,bbdc3c282207bdf0fb4a|ZEC|LONG|60,bbdc3c282207bdf0fb4a,SHADOW_1H_FAST|ZEC|60|2026-07-13T00:00:00+00:00|LONG,ZEC,LONG,60,2026-07-13T01:07:33+00:00,2026-07-13T03:00:00+00:00,ALT_ROTATION_UP,NORMAL,5.605,MEDIA,STOP,-10.777752392803837,-1.0777752392803837,R
2026-07-20T00:30:21+00:00,MAIN_PAPER_RESEARCH,Rapida 1H V1,SHADOW_1H_FAST,PRESO_DAL_PAPER,48afad9bc3a9d65feb29|T|LONG|60,48afad9bc3a9d65feb29,SHADOW_1H_FAST|T|60|2026-07-13T00:00:00+00:00|LONG,T,LONG,60,2026-07-13T01:07:33+00:00,2026-07-13T04:00:00+00:00,ALT_ROTATION_UP,NORMAL,6.25,BUONA,STOP,-10.209204309713378,-1.0209204309713378,R
2026-07-20T00:30:21+00:00,MAIN_PAPER_RESEARCH,Rapida 1H V1,SHADOW_1H_FAST,SALTATO_DAL_PAPER,2c50851666eba7a09625|LAB|SHORT|60,2c50851666eba7a09625,SHADOW_1H_FAST|LAB|60|2026-07-13T00:00:00+00:00|SHORT,LAB,SHORT,60,2026-07-13T01:07:33+00:00,2026-07-13T07:00:00+00:00,ALT_ROTATION_UP,NORMAL,-7.75,ALTA,TARGET,14.866666666666664,1.4866666666666664,R
2026-07-20T00:30:21+00:00,MAIN_PAPER_RESEARCH,Rapida 1H V1,SHADOW_1H_FAST,PRESO_DAL_PAPER,b70b260e5d673e8663c2|EVAA|SHORT|60,b70b260e5d673e8663c2,SHADOW_1H_FAST|EVAA|60|2026-07-13T07:00:00+00:00|SHORT,EVAA,SHORT,60,2026-07-13T08:02:22+00:00,2026-07-13T09:00:00+00:00,RANGE,NORMAL,-7.75,ALTA,STOP,-10.133333333333344,-1.0133333333333343,R
2026-07-20T00:30:21+00:00,MAIN_PAPER_RESEARCH,Rapida 1H V1,SHADOW_1H_FAST,PRESO_DAL_PAPER,4c13db0c678c8a0b40af|HYPE|SHORT|60,4c13db0c678c8a0b40af,SHADOW_1H_FAST|HYPE|60|2026-07-13T07:00:00+00:00|SHORT,HYPE,SHORT,60,2026-07-13T08:02:22+00:00,2026-07-13T13:00:00+00:00,RANGE,NORMAL,-5.2683,MEDIA,TARGET,13.822148246357335,1.3822148246357335,R
2026-07-20T00:30:21+00:00,MAIN_PAPER_RESEARCH,Rapida 1H V1,SHADOW_1H_FAST,PRESO_DAL_PAPER,32be58591da4cabc64b6|LAB|SHORT|60,32be58591da4cabc64b6,SHADOW_1H_FAST|LAB|60|2026-07-13T07:00:00+00:00|SHORT,LAB,SHORT,60,2026-07-13T08:02:22+00:00,2026-07-13T15:00:00+00:00,RANGE,NORMAL,-8.25,ALTA,TARGET,14.866666666666664,1.4866666666666664,R
2026-07-20T00:30:21+00:00,MAIN_PAPER_RESEARCH,Rapida 1H V1,SHADOW_1H_FAST,SALTATO_DAL_PAPER,a0d10c4443345c3aaf98|EVAA|SHORT|60,a0d10c4443345c3aaf98,SHADOW_1H_FAST|EVAA|60|2026-07-13T09:00:00+00:00|SHORT,EVAA,SHORT,60,2026-07-13T10:15:54+00:00,2026-07-13T14:00:00+00:00,RANGE,NORMAL,-8.25,ALTA,TARGET,14.866666666666655,1.4866666666666655,R
2026-07-20T00:30:21+00:00,MAIN_PAPER_RESEARCH,Rapida 1H V1,SHADOW_1H_FAST,SALTATO_DAL_PAPER,40ff0427d48373107e54|VELVET|LONG|60,40ff0427d48373107e54,SHADOW_1H_FAST|VELVET|60|2026-07-13T09:00:00+00:00|LONG,VELVET,LONG,60,2026-07-13T10:15:54+00:00,2026-07-13T14:00:00+00:00,RANGE,NORMAL,6.75,BUONA,STOP,-10.225467545708266,-1.0225467545708267,R
2026-07-20T00:30:21+00:00,MAIN_PAPER_RESEARCH,Rapida 1H V1,SHADOW_1H_FAST,SALTATO_DAL_PAPER,940228fe2828e4e9c599|LAB|SHORT|60,940228fe2828e4e9c599,SHADOW_1H_FAST|LAB|60|2026-07-13T15:00:00+00:00|SHORT,LAB,SHORT,60,2026-07-13T16:08:38+00:00,2026-07-13T17:00:00+00:00,RANGE,NORMAL,-6.75,BUONA,TARGET,14.866666666666664,1.4866666666666664,R
2026-07-20T00:30:21+00:00,MAIN_PAPER_RESEARCH,Rapida 1H V1,SHADOW_1H_FAST,SALTATO_DAL_PAPER,6f6c448f9a4bf62b052b|EVAA|SHORT|60,6f6c448f9a4bf62b052b,SHADOW_1H_FAST|EVAA|60|2026-07-13T15:00:00+00:00|SHORT,EVAA,SHORT,60,2026-07-13T16:08:38+00:00,2026-07-13T17:00:00+00:00,RANGE,NORMAL,-7.75,ALTA,STOP,-10.133333333333344,-1.0133333333333343,R
2026-07-20T00:30:21+00:00,MAIN_PAPER_RESEARCH,Rapida 1H V1,SHADOW_1H_FAST,SALTATO_DAL_PAPER,368f3bebddc726e209a1|DOGE|SHORT|60,368f3bebddc726e209a1,SHADOW_1H_FAST|DOGE|60|2026-07-13T17:00:00+00:00|SHORT,DOGE,SHORT,60,2026-07-13T18:11:31+00:00,2026-07-13T19:00:00+00:00,RANGE_HIGH_VOL,HIGH,-9.0623,ALTA,STOP,-11.428571428571518,-1.1428571428571517,R
2026-07-20T00:30:21+00:00,MAIN_PAPER_RESEARCH,Rapida 1H V1,SHADOW_1H_FAST,SALTATO_DAL_PAPER,fe9f5c2e77715e3f92e7|ETH|SHORT|60,fe9f5c2e77715e3f92e7,SHADOW_1H_FAST|ETH|60|2026-07-13T17:00:00+00:00|SHORT,ETH,SHORT,60,2026-07-13T18:11:31+00:00,2026-07-13T19:00:00+00:00,RANGE_HIGH_VOL,HIGH,-5.4489,MEDIA,STOP,-11.428571428571518,-1.1428571428571517,R
2026-07-20T00:30:21+00:00,MAIN_PAPER_RESEARCH,Rapida 1H V1,SHADOW_1H_FAST,SALTATO_DAL_PAPER,706178d3c1c0187c0898|XRP|SHORT|60,706178d3c1c0187c0898,SHADOW_1H_FAST|XRP|60|2026-07-13T17:00:00+00:00|SHORT,XRP,SHORT,60,2026-07-13T18:11:31+00:00,2026-07-13T19:00:00+00:00,RANGE_HIGH_VOL,HIGH,-7.8369,ALTA,STOP,-11.428571428571518,-1.1428571428571517,R
2026-07-20T00:30:21+00:00,MAIN_PAPER_RESEARCH,Rapida 1H V1,SHADOW_1H_FAST,SALTATO_DAL_PAPER,2315c40abf463080252d|EVAA|SHORT|60,2315c40abf463080252d,SHADOW_1H_FAST|EVAA|60|2026-07-13T17:00:00+00:00|SHORT,EVAA,SHORT,60,2026-07-13T18:11:31+00:00,2026-07-13T20:00:00+00:00,RANGE_HIGH_VOL,HIGH,-5.75,MEDIA,STOP,-10.133333333333344,-1.0133333333333343,R
2026-07-20T00:30:21+00:00,MAIN_PAPER_RESEARCH,Rapida 1H V1,SHADOW_1H_FAST,SALTATO_DAL_PAPER,ec02eef60bb4ecbab31d|LAB|SHORT|60,ec02eef60bb4ecbab31d,SHADOW_1H_FAST|LAB|60|2026-07-13T17:00:00+00:00|SHORT,LAB,SHORT,60,2026-07-13T18:11:31+00:00,2026-07-13T23:00:00+00:00,RANGE_HIGH_VOL,HIGH,-7.75,ALTA,STOP,-10.133333333333344,-1.0133333333333343,R
2026-07-20T00:30:21+00:00,MAIN_PAPER_RESEARCH,Rapida 1H V1,SHADOW_1H_FAST,SALTATO_DAL_PAPER,01837abd47e68f599bc5|PEPE|SHORT|60,01837abd47e68f599bc5,SHADOW_1H_FAST|PEPE|60|2026-07-13T17:00:00+00:00|SHORT,PEPE,SHORT,60,2026-07-13T18:11:31+00:00,2026-07-13T23:00:00+00:00,RANGE_HIGH_VOL,HIGH,-5.1273,MEDIA,STOP,-10.919187874533128,-1.0919187874533127,R
2026-07-20T00:30:21+00:00,MAIN_PAPER_RESEARCH,Rapida 1H V1,SHADOW_1H_FAST,SALTATO_DAL_PAPER,a9bdbe88703e85a39d7f|VELVET|LONG|60,a9bdbe88703e85a39d7f,SHADOW_1H_FAST|VELVET|60|2026-07-13T15:00:00+00:00|LONG,VELVET,LONG,60,2026-07-13T16:08:38+00:00,2026-07-14T02:00:00+00:00,RANGE,NORMAL,5.318,MEDIA,TARGET,14.805874774967796,1.4805874774967795,R
2026-07-20T00:30:21+00:00,MAIN_PAPER_RESEARCH,Rapida 1H V1,SHADOW_1H_FAST,SALTATO_DAL_PAPER,6bb28057bb00b9482d73|BTC|SHORT|60,6bb28057bb00b9482d73,SHADOW_1H_FAST|BTC|60|2026-07-13T17:00:00+00:00|SHORT,BTC,SHORT,60,2026-07-13T18:11:31+00:00,2026-07-14T00:00:00+00:00,RANGE_HIGH_VOL,HIGH,-5.5833,MEDIA,STOP,-11.428571428571518,-1.1428571428571517,R
2026-07-20T00:30:21+00:00,MAIN_PAPER_RESEARCH,Rapida 1H V1,SHADOW_1H_FAST,SALTATO_DAL_PAPER,53ce954d3266e2d55767|SOL|SHORT|60,53ce954d3266e2d55767,SHADOW_1H_FAST|SOL|60|2026-07-13T17:00:00+00:00|SHORT,SOL,SHORT,60,2026-07-13T18:11:31+00:00,2026-07-14T00:00:00+00:00,RANGE_HIGH_VOL,HIGH,-9.505,ALTA,STOP,-11.376151128917048,-1.1376151128917047,R
2026-07-20T00:30:21+00:00,MAIN_PAPER_RESEARCH,Rapida 1H V1,SHADOW_1H_FAST,SALTATO_DAL_PAPER,2c9efd4e80699c121480|ZEC|SHORT|60,2c9efd4e80699c121480,SHADOW_1H_FAST|ZEC|60|2026-07-13T20:00:00+00:00|SHORT,ZEC,SHORT,60,2026-07-13T21:06:38+00:00,2026-07-14T01:00:00+00:00,RANGE,NORMAL,-5.3773,MEDIA,STOP,-10.72657191563413,-1.072657191563413,R
2026-07-20T00:30:21+00:00,MAIN_PAPER_RESEARCH,Rapida 1H V1,SHADOW_1H_FAST,SALTATO_DAL_PAPER,374280603a6bd622f1e5|ALLO|LONG|60,374280603a6bd622f1e5,SHADOW_1H_FAST|ALLO|60|2026-07-13T21:00:00+00:00|LONG,ALLO,LONG,60,2026-07-13T22:05:04+00:00,2026-07-14T01:00:00+00:00,RANGE_HIGH_VOL,HIGH,8.25,ALTA,STOP,-10.251944618793612,-1.0251944618793611,R
2026-07-20T00:30:21+00:00,MAIN_PAPER_RESEARCH,Rapida 1H V1,SHADOW_1H_FAST,SALTATO_DAL_PAPER,d72bb1c8133a7f1e3805|LAB|SHORT|60,d72bb1c8133a7f1e3805,SHADOW_1H_FAST|LAB|60|2026-07-13T23:00:00+00:00|SHORT,LAB,SHORT,60,2026-07-14T00:01:37+00:00,2026-07-14T03:00:00+00:00,RANGE,NORMAL,-5.75,MEDIA,STOP,-10.133333333333344,-1.0133333333333343,R
2026-07-20T00:30:21+00:00,MAIN_PAPER_RESEARCH,Rapida 1H V1,SHADOW_1H_FAST,SALTATO_DAL_PAPER,78d162993d189e43a384|VELVET|LONG|60,78d162993d189e43a384,SHADOW_1H_FAST|VELVET|60|2026-07-14T02:00:00+00:00|LONG,VELVET,LONG,60,2026-07-14T03:20:27+00:00,2026-07-14T04:00:00+00:00,RANGE,NORMAL,7.75,ALTA,STOP,-10.225888103786545,-1.0225888103786545,R
2026-07-20T00:30:21+00:00,MAIN_PAPER_RESEARCH,Rapida 1H V1,SHADOW_1H_FAST,SALTATO_DAL_PAPER,93eb029b7a2496fd753c|EVAA|SHORT|60,93eb029b7a2496fd753c,SHADOW_1H_FAST|EVAA|60|2026-07-13T20:00:00+00:00|SHORT,EVAA,SHORT,60,2026-07-13T21:06:38+00:00,2026-07-14T10:00:00+00:00,RANGE,NORMAL,-5.75,MEDIA,STOP,-10.133333333333344,-1.0133333333333343,R
2026-07-20T00:30:21+00:00,MAIN_PAPER_RESEARCH,Rapida 1H V1,SHADOW_1H_FAST,PRESO_DAL_PAPER,b3c726166717f7925976|HYPE|SHORT|60,b3c726166717f7925976,SHADOW_1H_FAST|HYPE|60|2026-07-13T15:00:00+00:00|SHORT,HYPE,SHORT,60,2026-07-13T16:08:38+00:00,2026-07-14T12:00:00+00:00,RANGE,NORMAL,-6.3577,BUONA,STOP,-11.0979080049159,-1.10979080049159,R
2026-07-20T00:30:21+00:00,MAIN_PAPER_RESEARCH,Rapida 1H V1,SHADOW_1H_FAST,PRESO_DAL_PAPER,b46f43feca2852ed6bbb|ETH|LONG|60,b46f43feca2852ed6bbb,SHADOW_1H_FAST|ETH|60|2026-07-14T10:00:00+00:00|LONG,ETH,LONG,60,2026-07-14T11:10:11+00:00,2026-07-14T12:00:00+00:00,RANGE,NORMAL,5.3208,MEDIA,TARGET,13.571428571428505,1.3571428571428505,R
2026-07-20T00:30:21+00:00,MAIN_PAPER_RESEARCH,Rapida 1H V1,SHADOW_1H_FAST,PRESO_DAL_PAPER,01ae4869a6167f022163|LAB|SHORT|60,01ae4869a6167f022163,SHADOW_1H_FAST|LAB|60|2026-07-14T10:00:00+00:00|SHORT,LAB,SHORT,60,2026-07-14T11:10:11+00:00,2026-07-14T12:00:00+00:00,RANGE,NORMAL,-7.75,ALTA,STOP,-10.133333333333344,-1.0133333333333343,R
2026-07-20T00:30:21+00:00,MAIN_PAPER_RESEARCH,Rapida 1H V1,SHADOW_1H_FAST,SALTATO_DAL_PAPER,3b50842f8cf58558bb1f|ZEC|LONG|60,3b50842f8cf58558bb1f,SHADOW_1H_FAST|ZEC|60|2026-07-14T13:00:00+00:00|LONG,ZEC,LONG,60,2026-07-14T14:14:00+00:00,2026-07-14T16:00:00+00:00,RANGE,NORMAL,5.5367,MEDIA,TARGET,14.213227997675059,1.421322799767506,R
2026-07-20T00:30:21+00:00,MAIN_PAPER_RESEARCH,Rapida 1H V1,SHADOW_1H_FAST,PRESO_DAL_PAPER,bcfd3b1fbd29a93157ba|PEPE|LONG|60,bcfd3b1fbd29a93157ba,SHADOW_1H_FAST|PEPE|60|2026-07-14T13:00:00+00:00|LONG,PEPE,LONG,60,2026-07-14T14:14:00+00:00,2026-07-14T17:00:00+00:00,RANGE,NORMAL,6.0398,BUONA,STOP,-10.931069437994863,-1.0931069437994863,R
2026-07-20T00:30:21+00:00,MAIN_PAPER_RESEARCH,Rapida 1H V1,SHADOW_1H_FAST,SALTATO_DAL_PAPER,ad5512e6de29b0f781a6|EVAA|LONG|60,ad5512e6de29b0f781a6,SHADOW_1H_FAST|EVAA|60|2026-07-14T13:00:00+00:00|LONG,EVAA,LONG,60,2026-07-14T14:14:00+00:00,2026-07-14T20:00:00+00:00,RANGE,NORMAL,4.75,MEDIA,STOP,-10.133333333333333,-1.0133333333333332,R
2026-07-20T00:30:21+00:00,MAIN_PAPER_RESEARCH,Rapida 1H V1,SHADOW_1H_FAST,SALTATO_DAL_PAPER,3123dc40b235b27faeaf|ZEC|LONG|60,3123dc40b235b27faeaf,SHADOW_1H_FAST|ZEC|60|2026-07-14T16:00:00+00:00|LONG,ZEC,LONG,60,2026-07-14T17:23:04+00:00,2026-07-14T20:00:00+00:00,TREND_UP,NORMAL,6.8339,BUONA,STOP,-10.69143532033121,-1.069143532033121,R
2026-07-20T00:30:21+00:00,MAIN_PAPER_RESEARCH,Rapida 1H V1,SHADOW_1H_FAST,SALTATO_DAL_PAPER,8cd78a1c2beea5648040|ADA|SHORT|60,8cd78a1c2beea5648040,SHADOW_1H_FAST|ADA|60|2026-07-13T17:00:00+00:00|SHORT,ADA,SHORT,60,2026-07-13T18:11:31+00:00,2026-07-14T05:00:00+00:00,RANGE_HIGH_VOL,HIGH,-8.0926,ALTA,STOP,-11.235268458577895,-1.1235268458577896,R
2026-07-20T00:30:21+00:00,MAIN_PAPER_RESEARCH,Rapida 1H V1,SHADOW_1H_FAST,SALTATO_DAL_PAPER,ea262009c5d6353c9fb1|SUI|LONG|60,ea262009c5d6353c9fb1,SHADOW_1H_FAST|SUI|60|2026-07-14T15:00:00+00:00|LONG,SUI,LONG,60,2026-07-14T16:00:54+00:00,2026-07-15T02:00:00+00:00,TREND_UP,NORMAL,6.4627,BUONA,STOP,-11.129960260710163,-1.1129960260710163,R
2026-07-20T00:30:21+00:00,MAIN_PAPER_RESEARCH,Rapida 1H V1,SHADOW_1H_FAST,PRESO_DAL_PAPER,f473cc6b4d3e3a0e41e7|LAB|SHORT|60,f473cc6b4d3e3a0e41e7,SHADOW_1H_FAST|LAB|60|2026-07-14T20:00:00+00:00|SHORT,LAB,SHORT,60,2026-07-14T21:07:42+00:00,2026-07-15T02:00:00+00:00,ALT_ROTATION_UP,NORMAL,-7.04,BUONA,TARGET,14.866666666666664,1.4866666666666664,R
2026-07-20T00:30:21+00:00,MAIN_PAPER_RESEARCH,Rapida 1H V1,SHADOW_1H_FAST,PRESO_DAL_PAPER,b1d45cf97b24596a5a99|PEPE|LONG|60,b1d45cf97b24596a5a99,SHADOW_1H_FAST|PEPE|60|2026-07-14T20:00:00+00:00|LONG,PEPE,LONG,60,2026-07-14T21:07:42+00:00,2026-07-15T07:00:00+00:00,ALT_ROTATION_UP,NORMAL,5.1467,MEDIA,STOP,-10.962132856115412,-1.0962132856115412,R
2026-07-20T00:30:21+00:00,MAIN_PAPER_RESEARCH,Rapida 1H V1,SHADOW_1H_FAST,SALTATO_DAL_PAPER,f3d296bc7570bb6d342c|ZEC|LONG|60,f3d296bc7570bb6d342c,SHADOW_1H_FAST|ZEC|60|2026-07-14T22:00:00+00:00|LONG,ZEC,LONG,60,2026-07-14T23:13:20+00:00,2026-07-15T11:00:00+00:00,ALT_ROTATION_UP,NORMAL,7.7414,ALTA,TARGET,14.329739188135653,1.4329739188135653,R
2026-07-20T00:30:21+00:00,MAIN_PAPER_RESEARCH,Rapida 1H V1,SHADOW_1H_FAST,SALTATO_DAL_PAPER,5bfca43c41dc9b585a2a|ETH|LONG|60,5bfca43c41dc9b585a2a,SHADOW_1H_FAST|ETH|60|2026-07-14T13:00:00+00:00|LONG,ETH,LONG,60,2026-07-14T14:14:00+00:00,2026-07-15T12:00:00+00:00,RANGE,NORMAL,5.7251,MEDIA,TARGET,13.752012380037206,1.3752012380037206,R
2026-07-20T00:30:21+00:00,MAIN_PAPER_RESEARCH,Rapida 1H V1,SHADOW_1H_FAST,SALTATO_DAL_PAPER,6ec72d1dfe4718c25fa8|AKE|LONG|60,6ec72d1dfe4718c25fa8,SHADOW_1H_FAST|AKE|60|2026-07-15T13:00:00+00:00|LONG,AKE,LONG,60,2026-07-15T14:02:36+00:00,2026-07-15T15:00:00+00:00,TREND_UP,NORMAL,4.75,MEDIA,TARGET,14.866666666666664,1.4866666666666664,R
2026-07-20T00:30:21+00:00,MAIN_PAPER_RESEARCH,Rapida 1H V1,SHADOW_1H_FAST,SALTATO_DAL_PAPER,a4eb3b7c9f33fcc4a131|ETH|LONG|60,a4eb3b7c9f33fcc4a131,SHADOW_1H_FAST|ETH|60|2026-07-15T13:00:00+00:00|LONG,ETH,LONG,60,2026-07-15T14:02:36+00:00,2026-07-15T16:00:00+00:00,TREND_UP,NORMAL,5.2254,MEDIA,STOP,-11.340509527671436,-1.1340509527671436,R
2026-07-20T00:30:21+00:00,MAIN_PAPER_RESEARCH,Rapida 1H V1,SHADOW_1H_FAST,SALTATO_DAL_PAPER,589131e1982f633039e9|XRP|LONG|60,589131e1982f633039e9,SHADOW_1H_FAST|XRP|60|2026-07-15T13:00:00+00:00|LONG,XRP,LONG,60,2026-07-15T14:02:36+00:00,2026-07-15T16:00:00+00:00,TREND_UP,NORMAL,4.7861,MEDIA,STOP,-11.428571428571319,-1.142857142857132,R
2026-07-20T00:30:21+00:00,MAIN_PAPER_RESEARCH,Rapida 1H V1,SHADOW_1H_FAST,SALTATO_DAL_PAPER,dea87fdd4363e444a94a|PEPE|LONG|60,dea87fdd4363e444a94a,SHADOW_1H_FAST|PEPE|60|2026-07-15T13:00:00+00:00|LONG,PEPE,LONG,60,2026-07-15T14:02:36+00:00,2026-07-15T16:00:00+00:00,TREND_UP,NORMAL,6.992,BUONA,STOP,-10.883575653956491,-1.0883575653956492,R
2026-07-20T00:30:21+00:00,MAIN_PAPER_RESEARCH,Rapida 1H V1,SHADOW_1H_FAST,SALTATO_DAL_PAPER,385b82606e3437b1d325|AKE|LONG|60,385b82606e3437b1d325,SHADOW_1H_FAST|AKE|60|2026-07-15T16:00:00+00:00|LONG,AKE,LONG,60,2026-07-15T17:23:15+00:00,2026-07-15T18:00:00+00:00,TREND_UP,NORMAL,6.75,BUONA,STOP,-10.133333333333344,-1.0133333333333343,R
2026-07-20T00:30:21+00:00,MAIN_PAPER_RESEARCH,Rapida 1H V1,SHADOW_1H_FAST,PRESO_DAL_PAPER,7fa09ae13c8fd206c465|HYPE|LONG|60,7fa09ae13c8fd206c465,SHADOW_1H_FAST|HYPE|60|2026-07-15T09:00:00+00:00|LONG,HYPE,LONG,60,2026-07-15T10:23:23+00:00,2026-07-15T19:00:00+00:00,TREND_UP,NORMAL,6.7698,BUONA,STOP,-11.076421195540586,-1.1076421195540587,R
2026-07-20T00:30:21+00:00,MAIN_PAPER_RESEARCH,Rapida 1H V1,SHADOW_1H_FAST,SALTATO_DAL_PAPER,e1be9ef44ca12836fa7f|LAB|SHORT|60,e1be9ef44ca12836fa7f,SHADOW_1H_FAST|LAB|60|2026-07-15T05:00:00+00:00|SHORT,LAB,SHORT,60,2026-07-15T06:01:29+00:00,2026-07-16T00:00:00+00:00,TREND_UP,NORMAL,-7.75,ALTA,STOP,-10.133333333333344,-1.0133333333333343,R
2026-07-20T00:30:21+00:00,MAIN_PAPER_RESEARCH,Rapida 1H V1,SHADOW_1H_FAST,SALTATO_DAL_PAPER,1dbb1308509f4521a520|ZEC|LONG|60,1dbb1308509f4521a520,SHADOW_1H_FAST|ZEC|60|2026-07-15T11:00:00+00:00|LONG,ZEC,LONG,60,2026-07-15T12:03:14+00:00,2026-07-16T01:00:00+00:00,TREND_UP,NORMAL,8.2143,ALTA,STOP,-10.771559543661054,-1.0771559543661053,R
2026-07-20T00:30:21+00:00,MAIN_PAPER_RESEARCH,Rapida 1H V1,SHADOW_1H_FAST,PRESO_DAL_PAPER,4a5b74a6fa8305ab5934|AKE|LONG|60,4a5b74a6fa8305ab5934,SHADOW_1H_FAST|AKE|60|2026-07-16T00:00:00+00:00|LONG,AKE,LONG,60,2026-07-16T01:10:09+00:00,2026-07-16T05:00:00+00:00,TREND_UP,NORMAL,6.75,BUONA,TARGET,14.866666666666664,1.4866666666666664,R
2026-07-20T00:30:21+00:00,MAIN_PAPER_RESEARCH,Rapida 1H V1,SHADOW_1H_FAST,SALTATO_DAL_PAPER,c59c46e016e9a2a6eecd|BTC|LONG|60,c59c46e016e9a2a6eecd,SHADOW_1H_FAST|BTC|60|2026-07-14T15:00:00+00:00|LONG,BTC,LONG,60,2026-07-14T16:00:54+00:00,2026-07-16T07:00:00+00:00,TREND_UP,NORMAL,5.75,MEDIA,STOP,-11.428571428571418,-1.142857142857142,R
2026-07-20T00:30:21+00:00,MAIN_PAPER_RESEARCH,Rapida 1H V1,SHADOW_1H_FAST,PRESO_DAL_PAPER,6e64350d617fa39cca3b|ETH|LONG|60,6e64350d617fa39cca3b,SHADOW_1H_FAST|ETH|60|2026-07-15T16:00:00+00:00|LONG,ETH,LONG,60,2026-07-15T17:23:15+00:00,2026-07-16T08:00:00+00:00,TREND_UP,NORMAL,6.7606,BUONA,STOP,-11.291297301834295,-1.1291297301834295,R
2026-07-20T00:30:21+00:00,MAIN_PAPER_RESEARCH,Rapida 1H V1,SHADOW_1H_FAST,SALTATO_DAL_PAPER,17a0312094b834b88406|AKE|LONG|60,17a0312094b834b88406,SHADOW_1H_FAST|AKE|60|2026-07-16T06:00:00+00:00|LONG,AKE,LONG,60,2026-07-16T07:03:55+00:00,2026-07-16T12:00:00+00:00,TREND_UP,NORMAL,6.25,BUONA,TARGET,14.866666666666664,1.4866666666666664,R
2026-07-20T00:30:21+00:00,MAIN_PAPER_RESEARCH,Rapida 1H V1,SHADOW_1H_FAST,PRESO_DAL_PAPER,7540aa67bc230435d426|DOGE|SHORT|60,7540aa67bc230435d426,SHADOW_1H_FAST|DOGE|60|2026-07-16T08:00:00+00:00|SHORT,DOGE,SHORT,60,2026-07-16T09:22:54+00:00,2026-07-16T14:00:00+00:00,TRANSITION,NORMAL,-5.2739,MEDIA,STOP,-11.428571428571518,-1.1428571428571517,R
2026-07-20T00:30:21+00:00,MAIN_PAPER_RESEARCH,Rapida 1H V1,SHADOW_1H_FAST,SALTATO_DAL_PAPER,ae3137963bd37f4678d0|ADA|SHORT|60,ae3137963bd37f4678d0,SHADOW_1H_FAST|ADA|60|2026-07-16T08:00:00+00:00|SHORT,ADA,SHORT,60,2026-07-16T09:22:54+00:00,2026-07-16T14:00:00+00:00,TRANSITION,NORMAL,-5.0336,MEDIA,STOP,-11.169264992717727,-1.1169264992717727,R
2026-07-20T00:30:21+00:00,MAIN_PAPER_RESEARCH,Rapida 1H V1,SHADOW_1H_FAST,SALTATO_DAL_PAPER,25bc6b6607fac73ec0c5|HYPE|SHORT|60,25bc6b6607fac73ec0c5,SHADOW_1H_FAST|HYPE|60|2026-07-16T12:00:00+00:00|SHORT,HYPE,SHORT,60,2026-07-16T13:07:43+00:00,2026-07-16T16:00:00+00:00,TRANSITION,NORMAL,-5.715,MEDIA,TARGET,13.769941303319994,1.3769941303319995,R
2026-07-20T00:30:21+00:00,MAIN_PAPER_RESEARCH,Rapida 1H V1,SHADOW_1H_FAST,SALTATO_DAL_PAPER,ff3232116b59e32834ce|AKE|LONG|60,ff3232116b59e32834ce,SHADOW_1H_FAST|AKE|60|2026-07-16T12:00:00+00:00|LONG,AKE,LONG,60,2026-07-16T13:07:43+00:00,2026-07-16T17:00:00+00:00,TRANSITION,NORMAL,6.75,BUONA,TARGET,14.866666666666664,1.4866666666666664,R
2026-07-20T00:30:21+00:00,MAIN_PAPER_RESEARCH,Rapida 1H V1,SHADOW_1H_FAST,SALTATO_DAL_PAPER,abbb953f2f88585c090e|HYPE|SHORT|60,abbb953f2f88585c090e,SHADOW_1H_FAST|HYPE|60|2026-07-16T18:00:00+00:00|SHORT,HYPE,SHORT,60,2026-07-16T19:24:41+00:00,2026-07-16T23:00:00+00:00,TRANSITION,NORMAL,-5.3376,MEDIA,TARGET,14.064606273549192,1.4064606273549192,R
2026-07-20T00:30:21+00:00,MAIN_PAPER_RESEARCH,Rapida 1H V1,SHADOW_1H_FAST,SALTATO_DAL_PAPER,fab3ab3ba3c957be1e85|SOL|SHORT|60,fab3ab3ba3c957be1e85,SHADOW_1H_FAST|SOL|60|2026-07-16T08:00:00+00:00|SHORT,SOL,SHORT,60,2026-07-16T09:22:54+00:00,2026-07-17T02:00:00+00:00,TRANSITION,NORMAL,-4.5982,MEDIA,TARGET,13.613030234207164,1.3613030234207164,R
2026-07-20T00:30:21+00:00,MAIN_PAPER_RESEARCH,Rapida 1H V1,SHADOW_1H_FAST,PRESO_DAL_PAPER,dc656629fb0484634073|HYPE|SHORT|60,dc656629fb0484634073,SHADOW_1H_FAST|HYPE|60|2026-07-16T23:00:00+00:00|SHORT,HYPE,SHORT,60,2026-07-17T00:21:57+00:00,2026-07-17T01:00:00+00:00,RANGE,NORMAL,-7.2195,BUONA,TARGET,14.157556872809014,1.4157556872809014,R
2026-07-20T00:30:21+00:00,MAIN_PAPER_RESEARCH,Rapida 1H V1,SHADOW_1H_FAST,PRESO_DAL_PAPER,2dcab01424b9f8fdca2e|LAB|SHORT|60,2dcab01424b9f8fdca2e,SHADOW_1H_FAST|LAB|60|2026-07-16T06:00:00+00:00|SHORT,LAB,SHORT,60,2026-07-16T07:03:55+00:00,2026-07-17T07:00:00+00:00,TREND_UP,NORMAL,-7.0,BUONA,TARGET,14.866666666666664,1.4866666666666664,R
2026-07-20T00:30:21+00:00,MAIN_PAPER_RESEARCH,Rapida 1H V1,SHADOW_1H_FAST,SALTATO_DAL_PAPER,8153c951ad51557f395c|ONDO|LONG|60,8153c951ad51557f395c,SHADOW_1H_FAST|ONDO|60|2026-07-16T14:00:00+00:00|LONG,ONDO,LONG,60,2026-07-16T15:09:34+00:00,2026-07-16T20:00:00+00:00,TRANSITION,NORMAL,6.75,BUONA,STOP,-10.546894119931144,-1.0546894119931145,R
2026-07-20T00:30:21+00:00,MAIN_PAPER_RESEARCH,Rapida 1H V1,SHADOW_1H_FAST,SALTATO_DAL_PAPER,5a5d33dbefb79d7f1a68|AKE|LONG|60,5a5d33dbefb79d7f1a68,SHADOW_1H_FAST|AKE|60|2026-07-16T19:00:00+00:00|LONG,AKE,LONG,60,2026-07-16T20:29:44+00:00,2026-07-17T08:00:00+00:00,TRANSITION,NORMAL,4.75,MEDIA,TARGET,14.866666666666664,1.4866666666666664,R
2026-07-20T00:30:21+00:00,MAIN_PAPER_RESEARCH,Rapida 1H V1,SHADOW_1H_FAST,SALTATO_DAL_PAPER,28c234f4b42cb1681eb7|DOGE|SHORT|60,28c234f4b42cb1681eb7,SHADOW_1H_FAST|DOGE|60|2026-07-16T23:00:00+00:00|SHORT,DOGE,SHORT,60,2026-07-17T00:21:57+00:00,2026-07-17T08:00:00+00:00,RANGE,NORMAL,-7.4126,BUONA,TARGET,13.571428571428605,1.3571428571428605,R
2026-07-20T00:30:21+00:00,MAIN_PAPER_RESEARCH,Rapida 1H V1,SHADOW_1H_FAST,SALTATO_DAL_PAPER,36738bb712f610937931|LAB|SHORT|60,36738bb712f610937931,SHADOW_1H_FAST|LAB|60|2026-07-17T07:00:00+00:00|SHORT,LAB,SHORT,60,2026-07-17T08:37:40+00:00,2026-07-17T09:00:00+00:00,RANGE,NORMAL,-7.5,ALTA,STOP,-10.173394687598577,-1.0173394687598578,R
2026-07-20T00:30:21+00:00,MAIN_PAPER_RESEARCH,Rapida 1H V1,SHADOW_1H_FAST,SALTATO_DAL_PAPER,995977bad0691c89ba65|ADA|SHORT|60,995977bad0691c89ba65,SHADOW_1H_FAST|ADA|60|2026-07-17T03:00:00+00:00|SHORT,ADA,SHORT,60,2026-07-17T04:17:10+00:00,2026-07-17T10:00:00+00:00,RANGE,NORMAL,-5.1367,MEDIA,STOP,-11.198160823136464,-1.1198160823136463,R
2026-07-20T00:30:21+00:00,MAIN_PAPER_RESEARCH,Rapida 1H V1,SHADOW_1H_FAST,PRESO_DAL_PAPER,9548809112cd84f1046b|NEAR|LONG|60,9548809112cd84f1046b,SHADOW_1H_FAST|NEAR|60|2026-07-14T13:00:00+00:00|LONG,NEAR,LONG,60,2026-07-14T14:14:00+00:00,2026-07-17T15:20:34+00:00,RANGE,NORMAL,6.7037,BUONA,TIME_EXIT,-0.8026028410134065,-0.08026028410134065,R
2026-07-20T00:30:21+00:00,MAIN_PAPER_RESEARCH,Rapida 1H V1,SHADOW_1H_FAST,SALTATO_DAL_PAPER,c7dcd9756db2c485ce15|SOL|SHORT|60,c7dcd9756db2c485ce15,SHADOW_1H_FAST|SOL|60|2026-07-17T05:00:00+00:00|SHORT,SOL,SHORT,60,2026-07-17T06:30:10+00:00,2026-07-17T13:00:00+00:00,RANGE,NORMAL,-9.6244,ALTA,TARGET,13.571428571428605,1.3571428571428605,R
2026-07-20T00:30:21+00:00,MAIN_PAPER_RESEARCH,Rapida 1H V1,SHADOW_1H_FAST,SALTATO_DAL_PAPER,2200ce20a107fbe0bdeb|AKE|LONG|60,2200ce20a107fbe0bdeb,SHADOW_1H_FAST|AKE|60|2026-07-17T09:00:00+00:00|LONG,AKE,LONG,60,2026-07-17T10:27:00+00:00,2026-07-17T14:00:00+00:00,RANGE,NORMAL,6.25,BUONA,TARGET,14.866666666666664,1.4866666666666664,R
2026-07-20T00:30:21+00:00,MAIN_PAPER_RESEARCH,Rapida 1H V1,SHADOW_1H_FAST,SALTATO_DAL_PAPER,61d196706b4499da4b16|LAB|SHORT|60,61d196706b4499da4b16,SHADOW_1H_FAST|LAB|60|2026-07-17T09:00:00+00:00|SHORT,LAB,SHORT,60,2026-07-17T10:27:00+00:00,2026-07-17T13:00:00+00:00,RANGE,NORMAL,-7.0,BUONA,STOP,-10.183012546653908,-1.0183012546653907,R
2026-07-20T00:30:21+00:00,MAIN_PAPER_RESEARCH,Rapida 1H V1,SHADOW_1H_FAST,SALTATO_DAL_PAPER,7d0868092c47cfc37e45|BTC|SHORT|60,7d0868092c47cfc37e45,SHADOW_1H_FAST|BTC|60|2026-07-17T05:00:00+00:00|SHORT,BTC,SHORT,60,2026-07-17T06:30:10+00:00,2026-07-17T16:00:00+00:00,RANGE,NORMAL,-5.0833,MEDIA,STOP,-11.428571428571518,-1.1428571428571517,R
2026-07-20T00:30:21+00:00,MAIN_PAPER_RESEARCH,Rapida 1H V1,SHADOW_1H_FAST,SALTATO_DAL_PAPER,95b6986682c091617b43|ETH|SHORT|60,95b6986682c091617b43,SHADOW_1H_FAST|ETH|60|2026-07-17T05:00:00+00:00|SHORT,ETH,SHORT,60,2026-07-17T06:30:10+00:00,2026-07-17T17:00:00+00:00,RANGE,NORMAL,-4.8898,MEDIA,STOP,-11.39965848333007,-1.139965848333007,R
2026-07-20T00:30:21+00:00,MAIN_PAPER_RESEARCH,Rapida 1H V1,SHADOW_1H_FAST,SALTATO_DAL_PAPER,308385fb91c8984c0f09|AKE|LONG|60,308385fb91c8984c0f09,SHADOW_1H_FAST|AKE|60|2026-07-17T14:00:00+00:00|LONG,AKE,LONG,60,2026-07-17T15:20:34+00:00,2026-07-17T19:00:00+00:00,RANGE,NORMAL,6.25,BUONA,TARGET,14.866666666666664,1.4866666666666664,R
2026-07-20T00:30:21+00:00,MAIN_PAPER_RESEARCH,Rapida 1H V1,SHADOW_1H_FAST,SALTATO_DAL_PAPER,62063b43e31c19d9e817|AKE|LONG|60,62063b43e31c19d9e817,SHADOW_1H_FAST|AKE|60|2026-07-17T19:00:00+00:00|LONG,AKE,LONG,60,2026-07-17T20:38:43+00:00,2026-07-17T21:00:00+00:00,TRANSITION,NORMAL,6.25,BUONA,TARGET,14.842125631092422,1.4842125631092422,R
2026-07-20T00:30:21+00:00,MAIN_PAPER_RESEARCH,Rapida 1H V1,SHADOW_1H_FAST,SALTATO_DAL_PAPER,55a826a756ee0ba395d1|AKE|LONG|60,55a826a756ee0ba395d1,SHADOW_1H_FAST|AKE|60|2026-07-17T21:00:00+00:00|LONG,AKE,LONG,60,2026-07-17T22:27:59+00:00,2026-07-18T04:00:00+00:00,TRANSITION,NORMAL,4.75,MEDIA,TARGET,14.866666666666664,1.4866666666666664,R
2026-07-20T00:30:21+00:00,MAIN_PAPER_RESEARCH,Rapida 1H V1,SHADOW_1H_FAST,SALTATO_DAL_PAPER,39d82184e96456d15316|ESPORTS|LONG|60,39d82184e96456d15316,SHADOW_1H_FAST|ESPORTS|60|2026-07-18T04:00:00+00:00|LONG,ESPORTS,LONG,60,2026-07-18T05:38:29+00:00,2026-07-18T06:00:00+00:00,TRANSITION,NORMAL,7.75,ALTA,STOP,-10.133333333333333,-1.0133333333333332,R
2026-07-20T00:30:21+00:00,MAIN_PAPER_RESEARCH,Rapida 1H V1,SHADOW_1H_FAST,PRESO_DAL_PAPER,6b7bc748a43e1bfd12a8|ZEC|LONG|60,6b7bc748a43e1bfd12a8,SHADOW_1H_FAST|ZEC|60|2026-07-17T16:00:00+00:00|LONG,ZEC,LONG,60,2026-07-17T17:42:56+00:00,2026-07-18T07:00:00+00:00,RANGE,NORMAL,4.6168,MEDIA,STOP,-10.663567529815923,-1.0663567529815923,R
2026-07-20T00:30:21+00:00,MAIN_PAPER_RESEARCH,Rapida 1H V1,SHADOW_1H_FAST,SALTATO_DAL_PAPER,9c9bd399580f56021d60|AKE|LONG|60,9c9bd399580f56021d60,SHADOW_1H_FAST|AKE|60|2026-07-18T04:00:00+00:00|LONG,AKE,LONG,60,2026-07-18T05:08:29+00:00,2026-07-18T09:00:00+00:00,TRANSITION,NORMAL,4.75,MEDIA,TARGET,14.866666666666664,1.4866666666666664,R
2026-07-20T00:30:21+00:00,MAIN_PAPER_RESEARCH,Rapida 1H V1,SHADOW_1H_FAST,SALTATO_DAL_PAPER,f32a6f98a8e60c9e25c3|ESPORTS|LONG|60,f32a6f98a8e60c9e25c3,SHADOW_1H_FAST|ESPORTS|60|2026-07-18T07:00:00+00:00|LONG,ESPORTS,LONG,60,2026-07-18T08:08:29+00:00,2026-07-18T09:00:00+00:00,TRANSITION,NORMAL,4.75,MEDIA,STOP,-10.133333333333333,-1.0133333333333332,R
2026-07-20T00:30:21+00:00,MAIN_PAPER_RESEARCH,Rapida 1H V1,SHADOW_1H_FAST,SALTATO_DAL_PAPER,216ba40effaa95276ce0|HYPE|SHORT|60,216ba40effaa95276ce0,SHADOW_1H_FAST|HYPE|60|2026-07-17T03:00:00+00:00|SHORT,HYPE,SHORT,60,2026-07-17T04:17:10+00:00,2026-07-18T13:00:00+00:00,RANGE,NORMAL,-5.7142,MEDIA,TARGET,14.217027542438208,1.4217027542438208,R
2026-07-20T00:30:21+00:00,MAIN_PAPER_RESEARCH,Rapida 1H V1,SHADOW_1H_FAST,PRESO_DAL_PAPER,34563d6aec6898d78ab2|AKE|LONG|60,34563d6aec6898d78ab2,SHADOW_1H_FAST|AKE|60|2026-07-18T10:00:00+00:00|LONG,AKE,LONG,60,2026-07-18T11:08:29+00:00,2026-07-18T14:00:00+00:00,TRANSITION,NORMAL,6.75,BUONA,STOP,-10.133333333333333,-1.0133333333333332,R
2026-07-20T00:30:21+00:00,MAIN_PAPER_RESEARCH,Rapida 1H V1,SHADOW_1H_FAST,SALTATO_DAL_PAPER,fed46a3f7e0e6ee8c0af|AKE|LONG|60,fed46a3f7e0e6ee8c0af,SHADOW_1H_FAST|AKE|60|2026-07-18T14:00:00+00:00|LONG,AKE,LONG,60,2026-07-18T15:08:30+00:00,2026-07-18T18:00:00+00:00,TRANSITION,NORMAL,4.75,MEDIA,TARGET,14.866666666666664,1.4866666666666664,R
2026-07-20T00:30:21+00:00,MAIN_PAPER_RESEARCH,Rapida 1H V1,SHADOW_1H_FAST,SALTATO_DAL_PAPER,422ea7b57350c37232e8|ESPORTS|LONG|60,422ea7b57350c37232e8,SHADOW_1H_FAST|ESPORTS|60|2026-07-18T16:00:00+00:00|LONG,ESPORTS,LONG,60,2026-07-18T17:08:29+00:00,2026-07-18T18:00:00+00:00,TRANSITION,NORMAL,6.0,BUONA,TARGET,14.866666666666664,1.4866666666666664,R
2026-07-20T00:30:21+00:00,MAIN_PAPER_RESEARCH,Rapida 1H V1,SHADOW_1H_FAST,SALTATO_DAL_PAPER,3ae2dd863a21912c44c5|ESPORTS|LONG|60,3ae2dd863a21912c44c5,SHADOW_1H_FAST|ESPORTS|60|2026-07-18T18:00:00+00:00|LONG,ESPORTS,LONG,60,2026-07-18T19:08:29+00:00,2026-07-18T20:00:00+00:00,TREND_UP,NORMAL,7.0,BUONA,STOP,-10.133333333333333,-1.0133333333333332,R
2026-07-20T00:30:21+00:00,MAIN_PAPER_RESEARCH,Rapida 1H V1,SHADOW_1H_FAST,SALTATO_DAL_PAPER,a6f6c1f3b28ae6db01f1|ESPORTS|LONG|60,a6f6c1f3b28ae6db01f1,SHADOW_1H_FAST|ESPORTS|60|2026-07-18T20:00:00+00:00|LONG,ESPORTS,LONG,60,2026-07-18T21:08:30+00:00,2026-07-18T22:00:00+00:00,TREND_UP,NORMAL,5.5,MEDIA,TARGET,14.866666666666664,1.4866666666666664,R
2026-07-20T00:30:21+00:00,MAIN_PAPER_RESEARCH,Rapida 1H V1,SHADOW_1H_FAST,SALTATO_DAL_PAPER,0d0cd7222513342f3c85|ESPORTS|LONG|60,0d0cd7222513342f3c85,SHADOW_1H_FAST|ESPORTS|60|2026-07-18T22:00:00+00:00|LONG,ESPORTS,LONG,60,2026-07-18T23:08:29+00:00,2026-07-19T01:00:00+00:00,TREND_UP,NORMAL,7.0,BUONA,TARGET,14.866666666666664,1.4866666666666664,R
2026-07-20T00:30:21+00:00,MAIN_PAPER_RESEARCH,Rapida 1H V1,SHADOW_1H_FAST,SALTATO_DAL_PAPER,637bf08a5214e33d9518|XRP|SHORT|60,637bf08a5214e33d9518,SHADOW_1H_FAST|XRP|60|2026-07-16T23:00:00+00:00|SHORT,XRP,SHORT,60,2026-07-17T00:21:57+00:00,2026-07-19T02:00:00+00:00,RANGE,NORMAL,-6.4107,BUONA,STOP,-11.428571428571518,-1.1428571428571517,R
2026-07-20T00:30:21+00:00,MAIN_PAPER_RESEARCH,Rapida 1H V1,SHADOW_1H_FAST,SALTATO_DAL_PAPER,38c8767a679835620398|ESPORTS|LONG|60,38c8767a679835620398,SHADOW_1H_FAST|ESPORTS|60|2026-07-19T01:00:00+00:00|LONG,ESPORTS,LONG,60,2026-07-19T02:08:29+00:00,2026-07-19T03:00:00+00:00,TREND_UP,NORMAL,9.0,ALTA,TARGET,14.866666666666664,1.4866666666666664,R
2026-07-20T00:30:21+00:00,MAIN_PAPER_RESEARCH,Rapida 1H V1,SHADOW_1H_FAST,SALTATO_DAL_PAPER,3b9526e08fba8d143ad0|ESPORTS|LONG|60,3b9526e08fba8d143ad0,SHADOW_1H_FAST|ESPORTS|60|2026-07-19T03:00:00+00:00|LONG,ESPORTS,LONG,60,2026-07-19T04:08:30+00:00,2026-07-19T05:00:00+00:00,TREND_UP,NORMAL,7.0,BUONA,TARGET,14.866666666666664,1.4866666666666664,R
2026-07-20T00:30:21+00:00,MAIN_PAPER_RESEARCH,Rapida 1H V1,SHADOW_1H_FAST,SALTATO_DAL_PAPER,8dbc9e54dfeb88acf435|BANK|LONG|60,8dbc9e54dfeb88acf435,SHADOW_1H_FAST|BANK|60|2026-07-19T04:00:00+00:00|LONG,BANK,LONG,60,2026-07-19T05:08:29+00:00,2026-07-19T08:00:00+00:00,TREND_UP,NORMAL,6.25,BUONA,TARGET,14.856319160564315,1.4856319160564315,R
2026-07-20T00:30:21+00:00,MAIN_PAPER_RESEARCH,Rapida 1H V1,SHADOW_1H_FAST,SALTATO_DAL_PAPER,014687b65c35e7781f6d|PEPE|LONG|60,014687b65c35e7781f6d,SHADOW_1H_FAST|PEPE|60|2026-07-19T06:00:00+00:00|LONG,PEPE,LONG,60,2026-07-19T07:08:29+00:00,2026-07-19T08:00:00+00:00,TREND_UP,NORMAL,6.4963,BUONA,TARGET,13.571428571428505,1.3571428571428505,R
2026-07-20T00:30:21+00:00,MAIN_PAPER_RESEARCH,Rapida 1H V1,SHADOW_1H_FAST,SALTATO_DAL_PAPER,02be456abe6b5d711590|0G|SHORT|60,02be456abe6b5d711590,SHADOW_1H_FAST|0G|60|2026-07-16T08:00:00+00:00|SHORT,0G,SHORT,60,2026-07-16T09:22:54+00:00,2026-07-19T09:23:30+00:00,TRANSITION,NORMAL,-5.1306,MEDIA,TIME_EXIT,-0.45936183730954067,-0.04593618373095407,R
2026-07-20T00:30:21+00:00,MAIN_PAPER_RESEARCH,Rapida 1H V1,SHADOW_1H_FAST,SALTATO_DAL_PAPER,02eaac341357c52a3820|ADA|LONG|60,02eaac341357c52a3820,SHADOW_1H_FAST|ADA|60|2026-07-18T22:00:00+00:00|LONG,ADA,LONG,60,2026-07-18T23:08:29+00:00,2026-07-19T09:00:00+00:00,TREND_UP,NORMAL,5.0151,MEDIA,STOP,-11.428571428571418,-1.142857142857142,R
2026-07-20T00:30:21+00:00,MAIN_PAPER_RESEARCH,Rapida 1H V1,SHADOW_1H_FAST,SALTATO_DAL_PAPER,e3ea63a506d3c815088a|ESPORTS|LONG|60,e3ea63a506d3c815088a,SHADOW_1H_FAST|ESPORTS|60|2026-07-19T05:00:00+00:00|LONG,ESPORTS,LONG,60,2026-07-19T06:08:29+00:00,2026-07-19T09:00:00+00:00,TREND_UP,NORMAL,7.0,BUONA,STOP,-10.133333333333333,-1.0133333333333332,R
2026-07-20T00:30:21+00:00,MAIN_PAPER_RESEARCH,Rapida 1H V1,SHADOW_1H_FAST,SALTATO_DAL_PAPER,5c294ccd55e1e1d0e6e0|BANK|LONG|60,5c294ccd55e1e1d0e6e0,SHADOW_1H_FAST|BANK|60|2026-07-19T08:00:00+00:00|LONG,BANK,LONG,60,2026-07-19T09:08:30+00:00,2026-07-19T11:00:00+00:00,TREND_UP,LOW,6.75,BUONA,TARGET,14.851481205794325,1.4851481205794326,R
2026-07-20T00:30:21+00:00,MAIN_PAPER_RESEARCH,Rapida 1H V1,SHADOW_1H_FAST,SALTATO_DAL_PAPER,b7cb3e3ed710402b929a|ESPORTS|LONG|60,b7cb3e3ed710402b929a,SHADOW_1H_FAST|ESPORTS|60|2026-07-19T09:00:00+00:00|LONG,ESPORTS,LONG,60,2026-07-19T10:08:30+00:00,2026-07-19T11:00:00+00:00,ALT_ROTATION_UP,LOW,5.5,MEDIA,STOP,-10.133333333333333,-1.0133333333333332,R
2026-07-20T00:30:21+00:00,MAIN_PAPER_RESEARCH,Rapida 1H V1,SHADOW_1H_FAST,SALTATO_DAL_PAPER,02e9cf1c2ab5c0ef754a|BANK|LONG|60,02e9cf1c2ab5c0ef754a,SHADOW_1H_FAST|BANK|60|2026-07-19T11:00:00+00:00|LONG,BANK,LONG,60,2026-07-19T12:08:29+00:00,2026-07-19T14:00:00+00:00,ALT_ROTATION_UP,LOW,6.25,BUONA,TARGET,14.833876384510564,1.4833876384510565,R
2026-07-20T00:30:21+00:00,MAIN_PAPER_RESEARCH,Rapida 1H V1,SHADOW_1H_FAST,SALTATO_DAL_PAPER,f9a6424a83e902f5e786|BANK|LONG|60,f9a6424a83e902f5e786,SHADOW_1H_FAST|BANK|60|2026-07-19T14:00:00+00:00|LONG,BANK,LONG,60,2026-07-19T15:08:30+00:00,2026-07-19T16:00:00+00:00,TREND_UP,LOW,4.75,MEDIA,STOP,-10.145350976277086,-1.0145350976277085,R
2026-07-20T00:30:21+00:00,MAIN_PAPER_RESEARCH,Rapida 1H V1,SHADOW_1H_FAST,SALTATO_DAL_PAPER,2e87685d0cea9f79b120|PEPE|LONG|60,2e87685d0cea9f79b120,SHADOW_1H_FAST|PEPE|60|2026-07-19T08:00:00+00:00|LONG,PEPE,LONG,60,2026-07-19T09:08:30+00:00,2026-07-19T18:00:00+00:00,TREND_UP,LOW,5.4186,MEDIA,STOP,-11.34579766268591,-1.134579766268591,R
2026-07-20T00:30:21+00:00,MAIN_PAPER_RESEARCH,Rapida 1H V1,SHADOW_1H_FAST,SALTATO_DAL_PAPER,fc3e4696ed7f628a1563|BANK|LONG|60,fc3e4696ed7f628a1563,SHADOW_1H_FAST|BANK|60|2026-07-19T16:00:00+00:00|LONG,BANK,LONG,60,2026-07-19T17:08:29+00:00,2026-07-19T19:00:00+00:00,TREND_UP,NORMAL,6.75,BUONA,TARGET,14.866666666666664,1.4866666666666664,R
2026-07-20T00:30:21+00:00,MAIN_PAPER_RESEARCH,Rapida 1H V1,SHADOW_1H_FAST,PRESO_DAL_PAPER,71e39f89cb739fa290a7|ZEC|LONG|60,71e39f89cb739fa290a7,SHADOW_1H_FAST|ZEC|60|2026-07-18T14:00:00+00:00|LONG,ZEC,LONG,60,2026-07-18T15:08:30+00:00,2026-07-19T21:00:00+00:00,TRANSITION,NORMAL,5.1652,MEDIA,STOP,-10.921647306313023,-1.0921647306313023,R
2026-07-20T00:30:21+00:00,MAIN_PAPER_RESEARCH,Rapida 1H V2,SHADOW_1H_FAST_V2,PRESO_DAL_PAPER,099e596e92f1e78589e2|SOL|SHORT|60,099e596e92f1e78589e2,SHADOW_1H_FAST_V2|SOL|60|2026-07-17T05:00:00+00:00|SHORT,SOL,SHORT,60,2026-07-17T06:30:10+00:00,2026-07-17T13:00:00+00:00,RANGE,NORMAL,-9.6244,ALTA,TARGET,13.571428571428605,1.3571428571428605,R
2026-07-20T00:30:21+00:00,MAIN_PAPER_RESEARCH,Rapida 1H V2,SHADOW_1H_FAST_V2,PRESO_DAL_PAPER,099e596e92f1e78589e2|DOGE|SHORT|60,099e596e92f1e78589e2,SHADOW_1H_FAST_V2|DOGE|60|2026-07-17T05:00:00+00:00|SHORT,DOGE,SHORT,60,2026-07-17T06:30:10+00:00,2026-07-17T17:00:00+00:00,RANGE,NORMAL,-9.9082,ALTA,STOP,-11.428571428571518,-1.1428571428571517,R
2026-07-20T00:30:21+00:00,MAIN_PAPER_RESEARCH,Rapida 1H V3 Filtered,SHADOW_1H_FAST_V3,PRESO_DAL_PAPER,34563d6aec6898d78ab2|AKE|LONG|60,34563d6aec6898d78ab2,SHADOW_1H_FAST_V3|AKE|60|2026-07-18T10:00:00+00:00|LONG,AKE,LONG,60,2026-07-18T11:35:50+00:00,2026-07-18T15:00:00+00:00,TRANSITION,NORMAL,6.75,BUONA,STOP,-10.133333333333324,-1.0133333333333323,R
2026-07-20T00:30:21+00:00,MAIN_PAPER_RESEARCH,Rapida 1H V3 Filtered,SHADOW_1H_FAST_V3,PRESO_DAL_PAPER,422ea7b57350c37232e8|ESPORTS|LONG|60,422ea7b57350c37232e8,SHADOW_1H_FAST_V3|ESPORTS|60|2026-07-18T16:00:00+00:00|LONG,ESPORTS,LONG,60,2026-07-18T17:08:29+00:00,2026-07-18T18:00:00+00:00,TRANSITION,NORMAL,6.0,BUONA,TARGET,14.866666666666664,1.4866666666666664,R
2026-07-20T00:30:21+00:00,MAIN_PAPER_RESEARCH,Rapida 1H V3 Filtered,SHADOW_1H_FAST_V3,PRESO_DAL_PAPER,24867d36c522446da70c|AKE|LONG|60,24867d36c522446da70c,SHADOW_1H_FAST_V3|AKE|60|2026-07-18T15:00:00+00:00|LONG,AKE,LONG,60,2026-07-18T16:08:30+00:00,2026-07-18T19:00:00+00:00,TRANSITION,NORMAL,6.75,BUONA,TARGET,14.866666666666664,1.4866666666666664,R
2026-07-20T00:30:21+00:00,MAIN_PAPER_RESEARCH,Rapida 1H V3 Filtered,SHADOW_1H_FAST_V3,SALTATO_DAL_PAPER,3ae2dd863a21912c44c5|ESPORTS|LONG|60,3ae2dd863a21912c44c5,SHADOW_1H_FAST_V3|ESPORTS|60|2026-07-18T18:00:00+00:00|LONG,ESPORTS,LONG,60,2026-07-18T19:08:29+00:00,2026-07-18T20:00:00+00:00,TREND_UP,NORMAL,7.0,BUONA,STOP,-10.133333333333333,-1.0133333333333332,R
2026-07-20T00:30:21+00:00,MAIN_PAPER_RESEARCH,Rapida 1H V3 Filtered,SHADOW_1H_FAST_V3,PRESO_DAL_PAPER,d3fe4ef97585233a48df|ESPORTS|LONG|60,d3fe4ef97585233a48df,SHADOW_1H_FAST_V3|ESPORTS|60|2026-07-18T21:00:00+00:00|LONG,ESPORTS,LONG,60,2026-07-18T22:08:30+00:00,2026-07-19T00:00:00+00:00,TREND_UP,NORMAL,7.5,ALTA,TARGET,14.866666666666664,1.4866666666666664,R
2026-07-20T00:30:21+00:00,MAIN_PAPER_RESEARCH,Rapida 1H V3 Filtered,SHADOW_1H_FAST_V3,PRESO_DAL_PAPER,960b9db9764714cde8ff|ESPORTS|LONG|60,960b9db9764714cde8ff,SHADOW_1H_FAST_V3|ESPORTS|60|2026-07-19T00:00:00+00:00|LONG,ESPORTS,LONG,60,2026-07-19T01:08:29+00:00,2026-07-19T02:00:00+00:00,TREND_UP,NORMAL,8.5,ALTA,TARGET,14.866666666666664,1.4866666666666664,R
2026-07-20T00:30:21+00:00,MAIN_PAPER_RESEARCH,Rapida 1H V3 Filtered,SHADOW_1H_FAST_V3,PRESO_DAL_PAPER,dea5f23280ae9cfdc6eb|ESPORTS|LONG|60,dea5f23280ae9cfdc6eb,SHADOW_1H_FAST_V3|ESPORTS|60|2026-07-19T02:00:00+00:00|LONG,ESPORTS,LONG,60,2026-07-19T03:08:29+00:00,2026-07-19T04:00:00+00:00,TREND_UP,NORMAL,9.0,ALTA,STOP,-10.133333333333324,-1.0133333333333323,R
2026-07-20T00:30:21+00:00,MAIN_PAPER_RESEARCH,Rapida 1H V3 Filtered,SHADOW_1H_FAST_V3,SALTATO_DAL_PAPER,24f999a649df386f2142|ADA|LONG|60,24f999a649df386f2142,SHADOW_1H_FAST_V3|ADA|60|2026-07-19T02:00:00+00:00|LONG,ADA,LONG,60,2026-07-19T03:08:29+00:00,2026-07-19T05:00:00+00:00,TREND_UP,NORMAL,6.3559,BUONA,STOP,-11.428571428571418,-1.142857142857142,R
2026-07-20T00:30:21+00:00,MAIN_PAPER_RESEARCH,Rapida 1H V3 Filtered,SHADOW_1H_FAST_V3,SALTATO_DAL_PAPER,8dbc9e54dfeb88acf435|BANK|LONG|60,8dbc9e54dfeb88acf435,SHADOW_1H_FAST_V3|BANK|60|2026-07-19T04:00:00+00:00|LONG,BANK,LONG,60,2026-07-19T05:08:29+00:00,2026-07-19T08:00:00+00:00,TREND_UP,NORMAL,6.25,BUONA,TARGET,14.856319160564315,1.4856319160564315,R
2026-07-20T00:30:21+00:00,MAIN_PAPER_RESEARCH,Rapida 1H V3 Filtered,SHADOW_1H_FAST_V3,SALTATO_DAL_PAPER,014687b65c35e7781f6d|PEPE|LONG|60,014687b65c35e7781f6d,SHADOW_1H_FAST_V3|PEPE|60|2026-07-19T06:00:00+00:00|LONG,PEPE,LONG,60,2026-07-19T07:08:29+00:00,2026-07-19T08:00:00+00:00,TREND_UP,NORMAL,6.4963,BUONA,TARGET,13.571428571428505,1.3571428571428505,R
2026-07-20T00:30:21+00:00,MAIN_PAPER_RESEARCH,Rapida 1H V3 Filtered,SHADOW_1H_FAST_V3,SALTATO_DAL_PAPER,ec30067aff76ecea0c76|ESPORTS|LONG|60,ec30067aff76ecea0c76,SHADOW_1H_FAST_V3|ESPORTS|60|2026-07-19T04:00:00+00:00|LONG,ESPORTS,LONG,60,2026-07-19T05:08:29+00:00,2026-07-19T09:00:00+00:00,TREND_UP,NORMAL,7.0,BUONA,STOP,-10.133333333333333,-1.0133333333333332,R
2026-07-20T00:30:21+00:00,MAIN_PAPER_RESEARCH,Rapida 1H V3 Filtered,SHADOW_1H_FAST_V3,SALTATO_DAL_PAPER,5c294ccd55e1e1d0e6e0|BANK|LONG|60,5c294ccd55e1e1d0e6e0,SHADOW_1H_FAST_V3|BANK|60|2026-07-19T08:00:00+00:00|LONG,BANK,LONG,60,2026-07-19T09:08:30+00:00,2026-07-19T11:00:00+00:00,TREND_UP,LOW,6.75,BUONA,TARGET,14.851481205794325,1.4851481205794326,R
2026-07-20T00:30:21+00:00,MAIN_PAPER_RESEARCH,Rapida 1H V3 Filtered,SHADOW_1H_FAST_V3,PRESO_DAL_PAPER,02e9cf1c2ab5c0ef754a|BANK|LONG|60,02e9cf1c2ab5c0ef754a,SHADOW_1H_FAST_V3|BANK|60|2026-07-19T11:00:00+00:00|LONG,BANK,LONG,60,2026-07-19T12:08:29+00:00,2026-07-19T14:00:00+00:00,ALT_ROTATION_UP,LOW,6.25,BUONA,TARGET,14.833876384510564,1.4833876384510565,R
2026-07-20T00:30:21+00:00,MAIN_PAPER_RESEARCH,Rapida 1H V3 Filtered,SHADOW_1H_FAST_V3,PRESO_DAL_PAPER,f9a6424a83e902f5e786|BANK|LONG|60,f9a6424a83e902f5e786,SHADOW_1H_FAST_V3|BANK|60|2026-07-19T14:00:00+00:00|LONG,BANK,LONG,60,2026-07-19T15:08:30+00:00,2026-07-19T16:00:00+00:00,TREND_UP,LOW,4.75,MEDIA,STOP,-10.145350976277086,-1.0145350976277085,R
2026-07-20T00:30:21+00:00,MAIN_PAPER_RESEARCH,Rapida 1H V3 Filtered,SHADOW_1H_FAST_V3,PRESO_DAL_PAPER,fc3e4696ed7f628a1563|BANK|LONG|60,fc3e4696ed7f628a1563,SHADOW_1H_FAST_V3|BANK|60|2026-07-19T16:00:00+00:00|LONG,BANK,LONG,60,2026-07-19T17:08:29+00:00,2026-07-19T19:00:00+00:00,TREND_UP,NORMAL,6.75,BUONA,TARGET,14.866666666666664,1.4866666666666664,R
2026-07-20T00:30:21+00:00,MAIN_PAPER_RESEARCH,Rapida 1H V3 Filtered,SHADOW_1H_FAST_V3,PRESO_DAL_PAPER,bae68b8907ce3013f022|ZEC|LONG|60,bae68b8907ce3013f022,SHADOW_1H_FAST_V3|ZEC|60|2026-07-18T16:00:00+00:00|LONG,ZEC,LONG,60,2026-07-18T17:08:29+00:00,2026-07-19T21:00:00+00:00,TRANSITION,NORMAL,4.9473,MEDIA,STOP,-10.938762745904528,-1.093876274590453,R
2026-07-20T00:30:21+00:00,MAIN_PAPER_RESEARCH,SHADOW_4H_WIDE,SHADOW_4H_WIDE,PRESO_DAL_PAPER,e3121fc97cc5dc48a5d6|LAB|SHORT|240,e3121fc97cc5dc48a5d6,SHADOW_4H_WIDE|LAB|240|2026-07-13T04:00:00+00:00|SHORT,LAB,SHORT,240,2026-07-13T08:02:22+00:00,2026-07-13T16:00:00+00:00,RANGE,NORMAL,-7.75,ALTA,TARGET,27.866666666666678,2.786666666666668,R
2026-07-20T00:30:21+00:00,MAIN_PAPER_RESEARCH,SHADOW_4H_WIDE,SHADOW_4H_WIDE,SALTATO_DAL_PAPER,2ee817498f35a1d77334|LAB|SHORT|240,2ee817498f35a1d77334,SHADOW_4H_WIDE|LAB|240|2026-07-13T20:00:00+00:00|SHORT,LAB,SHORT,240,2026-07-14T00:01:37+00:00,2026-07-14T04:00:00+00:00,RANGE,NORMAL,-6.25,BUONA,STOP,-10.133333333333344,-1.0133333333333343,R
2026-07-20T00:30:21+00:00,MAIN_PAPER_RESEARCH,SHADOW_4H_WIDE,SHADOW_4H_WIDE,PRESO_DAL_PAPER,9fc9a1ad67ae0d722f56|ALLO|LONG|240,9fc9a1ad67ae0d722f56,SHADOW_4H_WIDE|ALLO|240|2026-07-13T20:00:00+00:00|LONG,ALLO,LONG,240,2026-07-14T00:01:37+00:00,2026-07-14T04:00:00+00:00,RANGE,NORMAL,7.5,ALTA,STOP,-10.133333333333333,-1.0133333333333332,R
2026-07-20T00:30:21+00:00,MAIN_PAPER_RESEARCH,SHADOW_4H_WIDE,SHADOW_4H_WIDE,PRESO_DAL_PAPER,9d0c447b8cdc5bb08b2f|EVAA|SHORT|240,9d0c447b8cdc5bb08b2f,SHADOW_4H_WIDE|EVAA|240|2026-07-13T04:00:00+00:00|SHORT,EVAA,SHORT,240,2026-07-13T08:02:22+00:00,2026-07-14T08:00:00+00:00,RANGE,NORMAL,-6.25,BUONA,STOP,-10.133333333333344,-1.0133333333333343,R
2026-07-20T00:30:21+00:00,MAIN_PAPER_RESEARCH,SHADOW_4H_WIDE,SHADOW_4H_WIDE,SALTATO_DAL_PAPER,6e228ea732f52a9ef82d|DOGE|SHORT|240,6e228ea732f52a9ef82d,SHADOW_4H_WIDE|DOGE|240|2026-07-13T04:00:00+00:00|SHORT,DOGE,SHORT,240,2026-07-13T08:02:22+00:00,2026-07-14T16:00:00+00:00,RANGE,NORMAL,-7.9926,ALTA,STOP,-10.415671004713213,-1.0415671004713212,R
2026-07-20T00:30:21+00:00,MAIN_PAPER_RESEARCH,SHADOW_4H_WIDE,SHADOW_4H_WIDE,SALTATO_DAL_PAPER,c715c88e41b2017cb480|XRP|SHORT|240,c715c88e41b2017cb480,SHADOW_4H_WIDE|XRP|240|2026-07-13T04:00:00+00:00|SHORT,XRP,SHORT,240,2026-07-13T08:02:22+00:00,2026-07-14T16:00:00+00:00,RANGE,NORMAL,-5.479,MEDIA,STOP,-10.474967999031088,-1.0474967999031088,R
2026-07-20T00:30:21+00:00,MAIN_PAPER_RESEARCH,SHADOW_4H_WIDE,SHADOW_4H_WIDE,SALTATO_DAL_PAPER,ecbc880a8fb6fc23f282|HYPE|SHORT|240,ecbc880a8fb6fc23f282,SHADOW_4H_WIDE|HYPE|240|2026-07-13T12:00:00+00:00|SHORT,HYPE,SHORT,240,2026-07-13T16:08:38+00:00,2026-07-15T00:00:00+00:00,RANGE,NORMAL,-6.5043,BUONA,STOP,-10.303160466814079,-1.0303160466814079,R
2026-07-20T00:30:21+00:00,MAIN_PAPER_RESEARCH,SHADOW_4H_WIDE,SHADOW_4H_WIDE,SALTATO_DAL_PAPER,8d38daf098c296810341|SOL|SHORT|240,8d38daf098c296810341,SHADOW_4H_WIDE|SOL|240|2026-07-13T12:00:00+00:00|SHORT,SOL,SHORT,240,2026-07-13T16:08:38+00:00,2026-07-15T12:00:00+00:00,RANGE,NORMAL,-5.6049,MEDIA,STOP,-10.396235564023979,-1.039623556402398,R
2026-07-20T00:30:21+00:00,MAIN_PAPER_RESEARCH,SHADOW_4H_WIDE,SHADOW_4H_WIDE,SALTATO_DAL_PAPER,c3c3f64bd661bdddee1a|AKE|LONG|240,c3c3f64bd661bdddee1a,SHADOW_4H_WIDE|AKE|240|2026-07-16T08:00:00+00:00|LONG,AKE,LONG,240,2026-07-16T12:54:01+00:00,2026-07-16T16:00:00+00:00,TRANSITION,NORMAL,6.25,BUONA,STOP,-10.133333333333333,-1.0133333333333332,R
2026-07-20T00:30:21+00:00,MAIN_PAPER_RESEARCH,SHADOW_4H_WIDE,SHADOW_4H_WIDE,PRESO_DAL_PAPER,a6700aad86e25d26b389|BTC|LONG|240,a6700aad86e25d26b389,SHADOW_4H_WIDE|BTC|240|2026-07-14T12:00:00+00:00|LONG,BTC,LONG,240,2026-07-14T16:00:54+00:00,2026-07-17T04:00:00+00:00,TREND_UP,NORMAL,8.75,ALTA,STOP,-10.559709454821995,-1.0559709454821995,R
2026-07-20T00:30:21+00:00,MAIN_PAPER_RESEARCH,SHADOW_4H_WIDE,SHADOW_4H_WIDE,SALTATO_DAL_PAPER,b5e7da4b4575a2ef3641|LAB|SHORT|240,b5e7da4b4575a2ef3641,SHADOW_4H_WIDE|LAB|240|2026-07-14T20:00:00+00:00|SHORT,LAB,SHORT,240,2026-07-15T00:07:49+00:00,2026-07-17T04:00:00+00:00,TREND_UP,NORMAL,-6.75,BUONA,TARGET,27.866666666666678,2.786666666666668,R
2026-07-20T00:30:21+00:00,MAIN_PAPER_RESEARCH,SHADOW_4H_WIDE,SHADOW_4H_WIDE,PRESO_DAL_PAPER,07e39165effe57d08550|PEPE|LONG|240,07e39165effe57d08550,SHADOW_4H_WIDE|PEPE|240|2026-07-14T12:00:00+00:00|LONG,PEPE,LONG,240,2026-07-14T16:00:54+00:00,2026-07-17T12:00:00+00:00,TREND_UP,NORMAL,8.1218,ALTA,STOP,-10.251389002799531,-1.0251389002799531,R
2026-07-20T00:30:21+00:00,MAIN_PAPER_RESEARCH,SHADOW_4H_WIDE,SHADOW_4H_WIDE,SALTATO_DAL_PAPER,47815030f450cb79abe8|AKE|LONG|240,47815030f450cb79abe8,SHADOW_4H_WIDE|AKE|240|2026-07-16T16:00:00+00:00|LONG,AKE,LONG,240,2026-07-16T20:29:44+00:00,2026-07-17T12:00:00+00:00,TRANSITION,NORMAL,6.25,BUONA,TARGET,27.866666666666678,2.786666666666668,R
2026-07-20T00:30:21+00:00,MAIN_PAPER_RESEARCH,SHADOW_4H_WIDE,SHADOW_4H_WIDE,SALTATO_DAL_PAPER,44d8bb529ee558db27de|LAB|SHORT|240,44d8bb529ee558db27de,SHADOW_4H_WIDE|LAB|240|2026-07-17T04:00:00+00:00|SHORT,LAB,SHORT,240,2026-07-17T08:37:40+00:00,2026-07-17T12:00:00+00:00,RANGE,NORMAL,-7.75,ALTA,STOP,-10.133333333333344,-1.0133333333333343,R
2026-07-20T00:30:21+00:00,MAIN_PAPER_RESEARCH,SHADOW_4H_WIDE,SHADOW_4H_WIDE,PRESO_DAL_PAPER,b5a8dea46ce7a8afcac7|AKE|LONG|240,b5a8dea46ce7a8afcac7,SHADOW_4H_WIDE|AKE|240|2026-07-17T12:00:00+00:00|LONG,AKE,LONG,240,2026-07-17T16:37:02+00:00,2026-07-17T20:00:00+00:00,RANGE,NORMAL,7.75,ALTA,TARGET,27.866666666666678,2.786666666666668,R
2026-07-20T00:30:21+00:00,MAIN_PAPER_RESEARCH,SHADOW_4H_WIDE,SHADOW_4H_WIDE,PRESO_DAL_PAPER,a6c8a3a3d4e5702a6cdb|AKE|LONG|240,a6c8a3a3d4e5702a6cdb,SHADOW_4H_WIDE|AKE|240|2026-07-17T20:00:00+00:00|LONG,AKE,LONG,240,2026-07-18T00:59:00+00:00,2026-07-18T04:00:00+00:00,RANGE,NORMAL,6.25,BUONA,TARGET,27.866666666666678,2.786666666666668,R
2026-07-20T00:30:21+00:00,MAIN_PAPER_RESEARCH,SHADOW_4H_WIDE,SHADOW_4H_WIDE,PRESO_DAL_PAPER,e2486e69d6bdf095507a|AKE|LONG|240,e2486e69d6bdf095507a,SHADOW_4H_WIDE|AKE|240|2026-07-18T04:00:00+00:00|LONG,AKE,LONG,240,2026-07-18T08:08:29+00:00,2026-07-18T12:00:00+00:00,TRANSITION,NORMAL,5.75,MEDIA,STOP,-10.133333333333333,-1.0133333333333332,R
2026-07-20T00:30:21+00:00,MAIN_PAPER_RESEARCH,SHADOW_4H_WIDE,SHADOW_4H_WIDE,SALTATO_DAL_PAPER,1f584908bd81c2aa99f1|ESPORTS|LONG|240,1f584908bd81c2aa99f1,SHADOW_4H_WIDE|ESPORTS|240|2026-07-18T04:00:00+00:00|LONG,ESPORTS,LONG,240,2026-07-18T08:08:29+00:00,2026-07-18T12:00:00+00:00,TRANSITION,NORMAL,5.25,MEDIA,STOP,-10.133333333333333,-1.0133333333333332,R
2026-07-20T00:30:21+00:00,MAIN_PAPER_RESEARCH,SHADOW_4H_WIDE,SHADOW_4H_WIDE,SALTATO_DAL_PAPER,de01040497c226fe86f2|ESPORTS|LONG|240,de01040497c226fe86f2,SHADOW_4H_WIDE|ESPORTS|240|2026-07-18T16:00:00+00:00|LONG,ESPORTS,LONG,240,2026-07-18T20:08:29+00:00,2026-07-19T00:00:00+00:00,TREND_UP,NORMAL,6.75,BUONA,TARGET,27.866666666666678,2.786666666666668,R
2026-07-20T00:30:21+00:00,MAIN_PAPER_RESEARCH,SHADOW_4H_WIDE,SHADOW_4H_WIDE,SALTATO_DAL_PAPER,ce30111a5bc378c1b81c|ESPORTS|LONG|240,ce30111a5bc378c1b81c,SHADOW_4H_WIDE|ESPORTS|240|2026-07-19T00:00:00+00:00|LONG,ESPORTS,LONG,240,2026-07-19T04:08:30+00:00,2026-07-19T08:00:00+00:00,TREND_UP,NORMAL,8.25,ALTA,STOP,-10.133333333333324,-1.0133333333333323,R
2026-07-20T00:30:21+00:00,MAIN_PAPER_RESEARCH,SHADOW_4H_WIDE,SHADOW_4H_WIDE,SALTATO_DAL_PAPER,bd69d9c9eb1d6a7a27f0|BANK|LONG|240,bd69d9c9eb1d6a7a27f0,SHADOW_4H_WIDE|BANK|240|2026-07-19T00:00:00+00:00|LONG,BANK,LONG,240,2026-07-19T04:08:30+00:00,2026-07-19T08:00:00+00:00,TREND_UP,NORMAL,6.25,BUONA,TARGET,27.866666666666678,2.786666666666668,R
2026-07-20T00:30:21+00:00,MAIN_PAPER_RESEARCH,SHADOW_4H_WIDE,SHADOW_4H_WIDE,SALTATO_DAL_PAPER,df1456a03cef01921e0a|BANK|LONG|240,df1456a03cef01921e0a,SHADOW_4H_WIDE|BANK|240|2026-07-19T08:00:00+00:00|LONG,BANK,LONG,240,2026-07-19T12:08:29+00:00,2026-07-19T16:00:00+00:00,ALT_ROTATION_UP,LOW,7.75,ALTA,STOP,-10.133333333333344,-1.0133333333333343,R
2026-07-20T00:30:21+00:00,MAIN_PAPER_RESEARCH,SHADOW_4H_WIDE,SHADOW_4H_WIDE,SALTATO_DAL_PAPER,df321a97b12db2720522|ESPORTS|LONG|240,df321a97b12db2720522,SHADOW_4H_WIDE|ESPORTS|240|2026-07-19T08:00:00+00:00|LONG,ESPORTS,LONG,240,2026-07-19T12:08:29+00:00,2026-07-19T16:00:00+00:00,ALT_ROTATION_UP,LOW,6.75,BUONA,STOP,-10.133333333333333,-1.0133333333333332,R
2026-07-20T00:30:21+00:00,MAIN_PAPER_RESEARCH,SHADOW_BOLLINGER_MR_1H,SHADOW_BOLLINGER_MR_1H,PRESO_DAL_PAPER,d8aaee16075b2324188f|ETH|SHORT|60,d8aaee16075b2324188f,SHADOW_BOLLINGER_MR_1H|ETH|60|2026-07-14T13:00:00+00:00|SHORT,ETH,SHORT,60,2026-07-14T14:14:00+00:00,2026-07-14T22:00:00+00:00,RANGE,NORMAL,-7.5,ALTA,STOP,-11.16478844529861,-1.116478844529861,R
2026-07-20T00:30:21+00:00,MAIN_PAPER_RESEARCH,SHADOW_BOLLINGER_MR_1H,SHADOW_BOLLINGER_MR_1H,SALTATO_DAL_PAPER,f3d107aca663f7202d20|ZEC|SHORT|60,f3d107aca663f7202d20,SHADOW_BOLLINGER_MR_1H|ZEC|60|2026-07-14T15:00:00+00:00|SHORT,ZEC,SHORT,60,2026-07-14T16:00:54+00:00,2026-07-14T22:00:00+00:00,TREND_UP,NORMAL,-7.5,ALTA,STOP,-10.700417142184266,-1.0700417142184266,R
2026-07-20T00:30:21+00:00,MAIN_PAPER_RESEARCH,SHADOW_BOLLINGER_MR_1H,SHADOW_BOLLINGER_MR_1H,PRESO_DAL_PAPER,54e027c8393fa5c73efd|PEPE|SHORT|60,54e027c8393fa5c73efd,SHADOW_BOLLINGER_MR_1H|PEPE|60|2026-07-14T13:00:00+00:00|SHORT,PEPE,SHORT,60,2026-07-14T14:14:00+00:00,2026-07-15T02:00:00+00:00,RANGE,NORMAL,-7.5,ALTA,TARGET,14.131006951987818,1.4131006951987817,R
2026-07-20T00:30:21+00:00,MAIN_PAPER_RESEARCH,SHADOW_BOLLINGER_MR_1H,SHADOW_BOLLINGER_MR_1H,PRESO_DAL_PAPER,b45f006ecee2b2304d56|ZEC|SHORT|60,b45f006ecee2b2304d56,SHADOW_BOLLINGER_MR_1H|ZEC|60|2026-07-15T10:00:00+00:00|SHORT,ZEC,SHORT,60,2026-07-15T11:05:45+00:00,2026-07-15T12:00:00+00:00,TREND_UP,NORMAL,-7.0452,BUONA,STOP,-10.72898252264406,-1.072898252264406,R
2026-07-20T00:30:21+00:00,MAIN_PAPER_RESEARCH,SHADOW_BOLLINGER_MR_1H,SHADOW_BOLLINGER_MR_1H,SALTATO_DAL_PAPER,a7197de162211e48a8ec|BTC|SHORT|60,a7197de162211e48a8ec,SHADOW_BOLLINGER_MR_1H|BTC|60|2026-07-14T15:00:00+00:00|SHORT,BTC,SHORT,60,2026-07-14T16:00:54+00:00,2026-07-15T15:00:00+00:00,TREND_UP,NORMAL,-7.5,ALTA,STOP,-11.333333333333343,-1.1333333333333342,R
2026-07-20T00:30:21+00:00,MAIN_PAPER_RESEARCH,SHADOW_BOLLINGER_MR_1H,SHADOW_BOLLINGER_MR_1H,SALTATO_DAL_PAPER,fd68dc037154a38dee94|PEPE|SHORT|60,fd68dc037154a38dee94,SHADOW_BOLLINGER_MR_1H|PEPE|60|2026-07-15T13:00:00+00:00|SHORT,PEPE,SHORT,60,2026-07-15T14:02:36+00:00,2026-07-15T16:00:00+00:00,TREND_UP,NORMAL,-7.5,ALTA,TARGET,14.175326994710234,1.4175326994710233,R
2026-07-20T00:30:21+00:00,MAIN_PAPER_RESEARCH,SHADOW_BOLLINGER_MR_1H,SHADOW_BOLLINGER_MR_1H,PRESO_DAL_PAPER,fd7098804df3195551f0|ETH|SHORT|60,fd7098804df3195551f0,SHADOW_BOLLINGER_MR_1H|ETH|60|2026-07-15T13:00:00+00:00|SHORT,ETH,SHORT,60,2026-07-15T14:02:36+00:00,2026-07-16T08:00:00+00:00,TREND_UP,NORMAL,-7.5,ALTA,TARGET,13.748861264701864,1.3748861264701864,R
2026-07-20T00:30:21+00:00,MAIN_PAPER_RESEARCH,SHADOW_BOLLINGER_MR_1H,SHADOW_BOLLINGER_MR_1H,PRESO_DAL_PAPER,01efd2254237e46fff27|AKE|SHORT|60,01efd2254237e46fff27,SHADOW_BOLLINGER_MR_1H|AKE|60|2026-07-16T10:00:00+00:00|SHORT,AKE,SHORT,60,2026-07-16T11:18:06+00:00,2026-07-16T17:00:00+00:00,TRANSITION,NORMAL,-7.1778,BUONA,STOP,-10.133333333333344,-1.0133333333333343,R
2026-07-20T00:30:21+00:00,MAIN_PAPER_RESEARCH,SHADOW_BOLLINGER_MR_1H,SHADOW_BOLLINGER_MR_1H,PRESO_DAL_PAPER,e9729e4d4d85151a1256|HYPE|LONG|60,e9729e4d4d85151a1256,SHADOW_BOLLINGER_MR_1H|HYPE|60|2026-07-16T18:00:00+00:00|LONG,HYPE,LONG,60,2026-07-16T19:24:41+00:00,2026-07-16T23:00:00+00:00,TRANSITION,NORMAL,7.464,BUONA,STOP,-10.873031722699002,-1.0873031722699003,R
2026-07-20T00:30:21+00:00,MAIN_PAPER_RESEARCH,SHADOW_BOLLINGER_MR_1H,SHADOW_BOLLINGER_MR_1H,PRESO_DAL_PAPER,7c64f10975d0ec7b72de|HYPE|LONG|60,7c64f10975d0ec7b72de,SHADOW_BOLLINGER_MR_1H|HYPE|60|2026-07-16T23:00:00+00:00|LONG,HYPE,LONG,60,2026-07-17T00:21:57+00:00,2026-07-17T01:00:00+00:00,RANGE,NORMAL,7.0222,BUONA,STOP,-10.78628019684523,-1.078628019684523,R
2026-07-20T00:30:21+00:00,MAIN_PAPER_RESEARCH,SHADOW_BOLLINGER_MR_1H,SHADOW_BOLLINGER_MR_1H,SALTATO_DAL_PAPER,009c6392065c987976f4|LAB|LONG|60,009c6392065c987976f4,SHADOW_BOLLINGER_MR_1H|LAB|60|2026-07-17T05:00:00+00:00|LONG,LAB,LONG,60,2026-07-17T06:30:10+00:00,2026-07-17T07:00:00+00:00,RANGE,NORMAL,7.5,ALTA,STOP,-10.178918982689016,-1.0178918982689016,R
2026-07-20T00:30:21+00:00,MAIN_PAPER_RESEARCH,SHADOW_BOLLINGER_MR_1H,SHADOW_BOLLINGER_MR_1H,SALTATO_DAL_PAPER,b907649eb4be2c057d8f|SOL|LONG|60,b907649eb4be2c057d8f,SHADOW_BOLLINGER_MR_1H|SOL|60|2026-07-17T05:00:00+00:00|LONG,SOL,LONG,60,2026-07-17T06:30:10+00:00,2026-07-17T13:00:00+00:00,RANGE,NORMAL,7.3503,BUONA,STOP,-11.33333333333325,-1.133333333333325,R
2026-07-20T00:30:21+00:00,MAIN_PAPER_RESEARCH,SHADOW_BOLLINGER_MR_1H,SHADOW_BOLLINGER_MR_1H,SALTATO_DAL_PAPER,a8ac63f1ed9ab7c02bc5|LAB|LONG|60,a8ac63f1ed9ab7c02bc5,SHADOW_BOLLINGER_MR_1H|LAB|60|2026-07-17T07:00:00+00:00|LONG,LAB,LONG,60,2026-07-17T08:37:40+00:00,2026-07-17T13:00:00+00:00,RANGE,NORMAL,7.5,ALTA,TARGET,14.83816446302986,1.4838164463029861,R
2026-07-20T00:30:21+00:00,MAIN_PAPER_RESEARCH,SHADOW_BOLLINGER_MR_1H,SHADOW_BOLLINGER_MR_1H,PRESO_DAL_PAPER,78975bba03e43c33ff05|BTC|LONG|60,78975bba03e43c33ff05,SHADOW_BOLLINGER_MR_1H|BTC|60|2026-07-17T05:00:00+00:00|LONG,BTC,LONG,60,2026-07-17T06:30:10+00:00,2026-07-17T17:00:00+00:00,RANGE,NORMAL,7.5,ALTA,TARGET,13.66666666666668,1.366666666666668,R
2026-07-20T00:30:21+00:00,MAIN_PAPER_RESEARCH,SHADOW_BOLLINGER_MR_1H,SHADOW_BOLLINGER_MR_1H,PRESO_DAL_PAPER,29b279e7731d8df46648|AKE|SHORT|60,29b279e7731d8df46648,SHADOW_BOLLINGER_MR_1H|AKE|60|2026-07-17T20:00:00+00:00|SHORT,AKE,SHORT,60,2026-07-17T21:36:35+00:00,2026-07-17T22:00:00+00:00,TRANSITION,NORMAL,-7.2652,BUONA,TARGET,14.866666666666655,1.4866666666666655,R
2026-07-20T00:30:21+00:00,MAIN_PAPER_RESEARCH,SHADOW_BOLLINGER_MR_1H,SHADOW_BOLLINGER_MR_1H,PRESO_DAL_PAPER,b86cd23abc587906e42c|ESPORTS|SHORT|60,b86cd23abc587906e42c,SHADOW_BOLLINGER_MR_1H|ESPORTS|60|2026-07-19T02:00:00+00:00|SHORT,ESPORTS,SHORT,60,2026-07-19T03:08:29+00:00,2026-07-19T04:00:00+00:00,TREND_UP,NORMAL,-7.4084,BUONA,TARGET,14.866666666666664,1.4866666666666664,R
2026-07-20T00:30:21+00:00,MAIN_PAPER_RESEARCH,SHADOW_BOLLINGER_MR_1H,SHADOW_BOLLINGER_MR_1H,SALTATO_DAL_PAPER,d60df0c7600496b69957|BANK|SHORT|60,d60df0c7600496b69957,SHADOW_BOLLINGER_MR_1H|BANK|60|2026-07-19T09:00:00+00:00|SHORT,BANK,SHORT,60,2026-07-19T10:08:30+00:00,2026-07-19T11:00:00+00:00,ALT_ROTATION_UP,LOW,-7.2555,BUONA,STOP,-10.146244839270986,-1.0146244839270986,R
2026-07-20T00:30:21+00:00,MAIN_PAPER_RESEARCH,SHADOW_BOLLINGER_MR_1H,SHADOW_BOLLINGER_MR_1H,SALTATO_DAL_PAPER,d33520b98c7de8e76f3d|BANK|SHORT|60,d33520b98c7de8e76f3d,SHADOW_BOLLINGER_MR_1H|BANK|60|2026-07-19T11:00:00+00:00|SHORT,BANK,SHORT,60,2026-07-19T12:08:29+00:00,2026-07-19T14:00:00+00:00,ALT_ROTATION_UP,LOW,-7.5,ALTA,STOP,-10.155048705643715,-1.0155048705643714,R
2026-07-20T00:30:21+00:00,MAIN_PAPER_RESEARCH,SHADOW_BTC_ADAPTIVE_1H,SHADOW_BTC_ADAPTIVE_1H,PRESO_DAL_PAPER,7d0868092c47cfc37e45|BTC|SHORT|60,7d0868092c47cfc37e45,SHADOW_BTC_ADAPTIVE_1H|BTC|60|2026-07-17T05:00:00+00:00|SHORT,BTC,SHORT,60,2026-07-17T06:30:10+00:00,2026-07-17T17:00:00+00:00,RANGE,NORMAL,-6.4602,BUONA,STOP,-11.11111111111109,-1.111111111111109,R
2026-07-20T00:30:21+00:00,MAIN_PAPER_RESEARCH,SHADOW_BTC_BOLLINGER_1H,SHADOW_BTC_BOLLINGER_1H,PRESO_DAL_PAPER,78975bba03e43c33ff05|BTC|LONG|60,78975bba03e43c33ff05,SHADOW_BTC_BOLLINGER_1H|BTC|60|2026-07-17T05:00:00+00:00|LONG,BTC,LONG,60,2026-07-17T06:30:10+00:00,2026-07-17T17:00:00+00:00,RANGE,NORMAL,7.5,ALTA,TARGET,13.66666666666668,1.366666666666668,R
2026-07-20T00:30:21+00:00,MAIN_PAPER_RESEARCH,SHADOW_BTC_DONCHIAN_1H,SHADOW_BTC_DONCHIAN_1H,PRESO_DAL_PAPER,7d0868092c47cfc37e45|BTC|SHORT|60,7d0868092c47cfc37e45,SHADOW_BTC_DONCHIAN_1H|BTC|60|2026-07-17T05:00:00+00:00|SHORT,BTC,SHORT,60,2026-07-17T06:30:10+00:00,2026-07-17T17:00:00+00:00,RANGE,NORMAL,-6.9602,BUONA,STOP,-11.24999999999994,-1.124999999999994,R
2026-07-20T00:30:21+00:00,MAIN_PAPER_RESEARCH,SHADOW_BTC_EMA_1H,SHADOW_BTC_EMA_1H,PRESO_DAL_PAPER,7d0868092c47cfc37e45|BTC|SHORT|60,7d0868092c47cfc37e45,SHADOW_BTC_EMA_1H|BTC|60|2026-07-17T05:00:00+00:00|SHORT,BTC,SHORT,60,2026-07-17T06:30:10+00:00,2026-07-17T17:00:00+00:00,RANGE,NORMAL,-5.9602,MEDIA,STOP,-11.11111111111109,-1.111111111111109,R
2026-07-20T00:30:21+00:00,MAIN_PAPER_RESEARCH,SHADOW_COMBO_ADAPTIVE,SHADOW_COMBO_ADAPTIVE,SALTATO_DAL_PAPER,15d291981972e9233662|ETH|LONG|60,15d291981972e9233662,SHADOW_COMBO_ADAPTIVE|ETH|60|2026-07-15T09:00:00+00:00|LONG,ETH,LONG,60,2026-07-15T10:23:23+00:00,2026-07-15T13:00:00+00:00,TREND_UP,NORMAL,6.4158,BUONA,TARGET,18.888888888888847,1.8888888888888846,R
2026-07-20T00:30:21+00:00,MAIN_PAPER_RESEARCH,SHADOW_COMBO_ADAPTIVE,SHADOW_COMBO_ADAPTIVE,SALTATO_DAL_PAPER,fd68dc037154a38dee94|PEPE|SHORT|60,fd68dc037154a38dee94,SHADOW_COMBO_ADAPTIVE|PEPE|60|2026-07-15T13:00:00+00:00|SHORT,PEPE,SHORT,60,2026-07-15T14:02:36+00:00,2026-07-15T16:00:00+00:00,TREND_UP,NORMAL,-6.6663,BUONA,TARGET,19.312778702191633,1.9312778702191633,R
2026-07-20T00:30:21+00:00,MAIN_PAPER_RESEARCH,SHADOW_COMBO_ADAPTIVE,SHADOW_COMBO_ADAPTIVE,PRESO_DAL_PAPER,385b82606e3437b1d325|AKE|LONG|60,385b82606e3437b1d325,SHADOW_COMBO_ADAPTIVE|AKE|60|2026-07-15T16:00:00+00:00|LONG,AKE,LONG,60,2026-07-15T17:23:15+00:00,2026-07-15T18:00:00+00:00,TREND_UP,NORMAL,7.5,ALTA,STOP,-10.133333333333344,-1.0133333333333343,R
2026-07-20T00:30:21+00:00,MAIN_PAPER_RESEARCH,SHADOW_COMBO_ADAPTIVE,SHADOW_COMBO_ADAPTIVE,PRESO_DAL_PAPER,7fa09ae13c8fd206c465|HYPE|LONG|60,7fa09ae13c8fd206c465,SHADOW_COMBO_ADAPTIVE|HYPE|60|2026-07-15T09:00:00+00:00|LONG,HYPE,LONG,60,2026-07-15T10:23:23+00:00,2026-07-16T00:00:00+00:00,TREND_UP,NORMAL,6.6567,BUONA,STOP,-10.837216360254178,-1.0837216360254178,R
2026-07-20T00:30:21+00:00,MAIN_PAPER_RESEARCH,SHADOW_COMBO_ADAPTIVE,SHADOW_COMBO_ADAPTIVE,PRESO_DAL_PAPER,d38940b64558912bac68|ZEC|LONG|60,d38940b64558912bac68,SHADOW_COMBO_ADAPTIVE|ZEC|60|2026-07-15T09:00:00+00:00|LONG,ZEC,LONG,60,2026-07-15T10:23:23+00:00,2026-07-16T08:00:00+00:00,TREND_UP,NORMAL,7.4152,BUONA,STOP,-10.63526625001135,-1.063526625001135,R
2026-07-20T00:30:21+00:00,MAIN_PAPER_RESEARCH,SHADOW_COMBO_ADAPTIVE,SHADOW_COMBO_ADAPTIVE,SALTATO_DAL_PAPER,a4eb3b7c9f33fcc4a131|ETH|LONG|60,a4eb3b7c9f33fcc4a131,SHADOW_COMBO_ADAPTIVE|ETH|60|2026-07-15T13:00:00+00:00|LONG,ETH,LONG,60,2026-07-15T14:02:36+00:00,2026-07-16T08:00:00+00:00,TREND_UP,NORMAL,6.4323,BUONA,STOP,-11.042619006814194,-1.1042619006814194,R
2026-07-20T00:30:21+00:00,MAIN_PAPER_RESEARCH,SHADOW_COMBO_ADAPTIVE,SHADOW_COMBO_ADAPTIVE,SALTATO_DAL_PAPER,4a5b74a6fa8305ab5934|AKE|LONG|60,4a5b74a6fa8305ab5934,SHADOW_COMBO_ADAPTIVE|AKE|60|2026-07-16T00:00:00+00:00|LONG,AKE,LONG,60,2026-07-16T01:10:09+00:00,2026-07-16T07:00:00+00:00,TREND_UP,NORMAL,7.5,ALTA,TARGET,19.866666666666667,1.9866666666666668,R
2026-07-20T00:30:21+00:00,MAIN_PAPER_RESEARCH,SHADOW_COMBO_ADAPTIVE,SHADOW_COMBO_ADAPTIVE,SALTATO_DAL_PAPER,b7549bd1de97a5ddf95d|AKE|LONG|60,b7549bd1de97a5ddf95d,SHADOW_COMBO_ADAPTIVE|AKE|60|2026-07-16T08:00:00+00:00|LONG,AKE,LONG,60,2026-07-16T09:22:54+00:00,2026-07-16T17:00:00+00:00,TRANSITION,NORMAL,7.5,ALTA,TARGET,19.866666666666667,1.9866666666666668,R
2026-07-20T00:30:21+00:00,MAIN_PAPER_RESEARCH,SHADOW_COMBO_ADAPTIVE,SHADOW_COMBO_ADAPTIVE,PRESO_DAL_PAPER,25bc6b6607fac73ec0c5|HYPE|SHORT|60,25bc6b6607fac73ec0c5,SHADOW_COMBO_ADAPTIVE|HYPE|60|2026-07-16T12:00:00+00:00|SHORT,HYPE,SHORT,60,2026-07-16T13:07:43+00:00,2026-07-16T17:00:00+00:00,TRANSITION,NORMAL,-6.187,BUONA,TARGET,19.043284527197155,1.9043284527197155,R
2026-07-20T00:30:21+00:00,MAIN_PAPER_RESEARCH,SHADOW_COMBO_ADAPTIVE,SHADOW_COMBO_ADAPTIVE,SALTATO_DAL_PAPER,0ee05e837b4fd6703b03|BTC|LONG|60,0ee05e837b4fd6703b03,SHADOW_COMBO_ADAPTIVE|BTC|60|2026-07-15T09:00:00+00:00|LONG,BTC,LONG,60,2026-07-15T10:23:23+00:00,2026-07-16T23:00:00+00:00,TREND_UP,NORMAL,6.5077,BUONA,STOP,-11.11111111111109,-1.111111111111109,R
2026-07-20T00:30:21+00:00,MAIN_PAPER_RESEARCH,SHADOW_COMBO_ADAPTIVE,SHADOW_COMBO_ADAPTIVE,PRESO_DAL_PAPER,620f7e280cfd0208ddd2|XLM|LONG|60,620f7e280cfd0208ddd2,SHADOW_COMBO_ADAPTIVE|XLM|60|2026-07-16T12:00:00+00:00|LONG,XLM,LONG,60,2026-07-16T13:07:43+00:00,2026-07-16T23:00:00+00:00,TRANSITION,NORMAL,5.9693,MEDIA,STOP,-10.720052239789986,-1.0720052239789986,R
2026-07-20T00:30:21+00:00,MAIN_PAPER_RESEARCH,SHADOW_COMBO_ADAPTIVE,SHADOW_COMBO_ADAPTIVE,PRESO_DAL_PAPER,abbb953f2f88585c090e|HYPE|SHORT|60,abbb953f2f88585c090e,SHADOW_COMBO_ADAPTIVE|HYPE|60|2026-07-16T18:00:00+00:00|SHORT,HYPE,SHORT,60,2026-07-16T19:24:41+00:00,2026-07-17T05:00:00+00:00,TRANSITION,NORMAL,-7.0325,BUONA,TARGET,19.27247363057939,1.9272473630579392,R
2026-07-20T00:30:21+00:00,MAIN_PAPER_RESEARCH,SHADOW_COMBO_ADAPTIVE,SHADOW_COMBO_ADAPTIVE,PRESO_DAL_PAPER,74c2f6bca29951cef675|LAB|SHORT|60,74c2f6bca29951cef675,SHADOW_COMBO_ADAPTIVE|LAB|60|2026-07-15T09:00:00+00:00|SHORT,LAB,SHORT,60,2026-07-15T10:23:23+00:00,2026-07-17T07:00:00+00:00,TREND_UP,NORMAL,-6.9575,BUONA,TARGET,19.866666666666667,1.9866666666666668,R
2026-07-20T00:30:21+00:00,MAIN_PAPER_RESEARCH,SHADOW_COMBO_ADAPTIVE,SHADOW_COMBO_ADAPTIVE,SALTATO_DAL_PAPER,8153c951ad51557f395c|ONDO|LONG|60,8153c951ad51557f395c,SHADOW_COMBO_ADAPTIVE|ONDO|60|2026-07-16T14:00:00+00:00|LONG,ONDO,LONG,60,2026-07-16T15:09:34+00:00,2026-07-16T21:00:00+00:00,TRANSITION,NORMAL,7.5,ALTA,STOP,-10.425362109434507,-1.0425362109434508,R
2026-07-20T00:30:21+00:00,MAIN_PAPER_RESEARCH,SHADOW_COMBO_ADAPTIVE,SHADOW_COMBO_ADAPTIVE,SALTATO_DAL_PAPER,d44ae15eca69c42da6c3|HYPE|SHORT|60,d44ae15eca69c42da6c3,SHADOW_COMBO_ADAPTIVE|HYPE|60|2026-07-17T05:00:00+00:00|SHORT,HYPE,SHORT,60,2026-07-17T06:30:10+00:00,2026-07-17T09:00:00+00:00,RANGE,NORMAL,-7.6667,ALTA,STOP,-10.605988759666014,-1.0605988759666014,R
2026-07-20T00:30:21+00:00,MAIN_PAPER_RESEARCH,SHADOW_COMBO_ADAPTIVE,SHADOW_COMBO_ADAPTIVE,SALTATO_DAL_PAPER,1f27f551ae65c6702f9d|SOL|SHORT|60,1f27f551ae65c6702f9d,SHADOW_COMBO_ADAPTIVE|SOL|60|2026-07-16T19:00:00+00:00|SHORT,SOL,SHORT,60,2026-07-16T20:29:44+00:00,2026-07-17T13:00:00+00:00,TRANSITION,NORMAL,-5.7678,MEDIA,TARGET,18.88888888888892,1.8888888888888922,R
2026-07-20T00:30:21+00:00,MAIN_PAPER_RESEARCH,SHADOW_COMBO_ADAPTIVE,SHADOW_COMBO_ADAPTIVE,SALTATO_DAL_PAPER,431d43928b029c2374e7|AKE|LONG|60,431d43928b029c2374e7,SHADOW_COMBO_ADAPTIVE|AKE|60|2026-07-17T07:00:00+00:00|LONG,AKE,LONG,60,2026-07-17T08:37:40+00:00,2026-07-17T14:00:00+00:00,RANGE,NORMAL,7.3857,BUONA,TARGET,19.866666666666667,1.9866666666666668,R
2026-07-20T00:30:21+00:00,MAIN_PAPER_RESEARCH,SHADOW_COMBO_ADAPTIVE,SHADOW_COMBO_ADAPTIVE,SALTATO_DAL_PAPER,39a247d6c9c58ee2b2ab|ADA|LONG|60,39a247d6c9c58ee2b2ab,SHADOW_COMBO_ADAPTIVE|ADA|60|2026-07-17T05:00:00+00:00|LONG,ADA,LONG,60,2026-07-17T06:30:10+00:00,2026-07-17T16:00:00+00:00,RANGE,NORMAL,5.7473,MEDIA,TARGET,19.104305825818773,1.9104305825818773,R
2026-07-20T00:30:21+00:00,MAIN_PAPER_RESEARCH,SHADOW_COMBO_ADAPTIVE,SHADOW_COMBO_ADAPTIVE,SALTATO_DAL_PAPER,7523d5d104d5fd3acd49|SOL|SHORT|60,7523d5d104d5fd3acd49,SHADOW_COMBO_ADAPTIVE|SOL|60|2026-07-17T14:00:00+00:00|SHORT,SOL,SHORT,60,2026-07-17T15:20:34+00:00,2026-07-17T16:00:00+00:00,RANGE,NORMAL,-6.0104,BUONA,STOP,-11.11111111111109,-1.111111111111109,R
2026-07-20T00:30:21+00:00,MAIN_PAPER_RESEARCH,SHADOW_COMBO_ADAPTIVE,SHADOW_COMBO_ADAPTIVE,SALTATO_DAL_PAPER,d55301341f7eb4451ec4|ETH|SHORT|60,d55301341f7eb4451ec4,SHADOW_COMBO_ADAPTIVE|ETH|60|2026-07-17T14:00:00+00:00|SHORT,ETH,SHORT,60,2026-07-17T15:20:34+00:00,2026-07-17T16:00:00+00:00,RANGE,NORMAL,-6.1631,BUONA,STOP,-11.11111111111109,-1.111111111111109,R
2026-07-20T00:30:21+00:00,MAIN_PAPER_RESEARCH,SHADOW_COMBO_ADAPTIVE,SHADOW_COMBO_ADAPTIVE,SALTATO_DAL_PAPER,7d0868092c47cfc37e45|BTC|SHORT|60,7d0868092c47cfc37e45,SHADOW_COMBO_ADAPTIVE|BTC|60|2026-07-17T05:00:00+00:00|SHORT,BTC,SHORT,60,2026-07-17T06:30:10+00:00,2026-07-17T17:00:00+00:00,RANGE,NORMAL,-6.4602,BUONA,STOP,-11.11111111111109,-1.111111111111109,R
2026-07-20T00:30:21+00:00,MAIN_PAPER_RESEARCH,SHADOW_COMBO_ADAPTIVE,SHADOW_COMBO_ADAPTIVE,SALTATO_DAL_PAPER,308385fb91c8984c0f09|AKE|LONG|60,308385fb91c8984c0f09,SHADOW_COMBO_ADAPTIVE|AKE|60|2026-07-17T14:00:00+00:00|LONG,AKE,LONG,60,2026-07-17T15:20:34+00:00,2026-07-17T19:00:00+00:00,RANGE,NORMAL,7.4608,BUONA,TARGET,19.866666666666667,1.9866666666666668,R
2026-07-20T00:30:21+00:00,MAIN_PAPER_RESEARCH,SHADOW_COMBO_ADAPTIVE,SHADOW_COMBO_ADAPTIVE,PRESO_DAL_PAPER,62063b43e31c19d9e817|AKE|LONG|60,62063b43e31c19d9e817,SHADOW_COMBO_ADAPTIVE|AKE|60|2026-07-17T19:00:00+00:00|LONG,AKE,LONG,60,2026-07-17T20:38:43+00:00,2026-07-17T22:00:00+00:00,TRANSITION,NORMAL,7.6667,ALTA,STOP,-10.133333333333333,-1.0133333333333332,R
2026-07-20T00:30:21+00:00,MAIN_PAPER_RESEARCH,SHADOW_COMBO_ADAPTIVE,SHADOW_COMBO_ADAPTIVE,PRESO_DAL_PAPER,fb8781ca9f9cd979fbc9|AKE|LONG|60,fb8781ca9f9cd979fbc9,SHADOW_COMBO_ADAPTIVE|AKE|60|2026-07-17T22:00:00+00:00|LONG,AKE,LONG,60,2026-07-17T23:28:49+00:00,2026-07-18T04:00:00+00:00,TRANSITION,NORMAL,7.5,ALTA,TARGET,19.866666666666667,1.9866666666666668,R
2026-07-20T00:30:21+00:00,MAIN_PAPER_RESEARCH,SHADOW_COMBO_ADAPTIVE,SHADOW_COMBO_ADAPTIVE,SALTATO_DAL_PAPER,39d82184e96456d15316|ESPORTS|LONG|60,39d82184e96456d15316,SHADOW_COMBO_ADAPTIVE|ESPORTS|60|2026-07-18T04:00:00+00:00|LONG,ESPORTS,LONG,60,2026-07-18T05:38:29+00:00,2026-07-18T06:00:00+00:00,TRANSITION,NORMAL,7.0838,BUONA,STOP,-10.133333333333333,-1.0133333333333332,R
2026-07-20T00:30:21+00:00,MAIN_PAPER_RESEARCH,SHADOW_COMBO_ADAPTIVE,SHADOW_COMBO_ADAPTIVE,SALTATO_DAL_PAPER,400a7a9774e3b4349f53|ADA|LONG|60,400a7a9774e3b4349f53,SHADOW_COMBO_ADAPTIVE|ADA|60|2026-07-18T03:00:00+00:00|LONG,ADA,LONG,60,2026-07-18T04:07:13+00:00,2026-07-18T13:00:00+00:00,TRANSITION,NORMAL,6.5671,BUONA,STOP,-10.894275907592217,-1.0894275907592217,R
2026-07-20T00:30:21+00:00,MAIN_PAPER_RESEARCH,SHADOW_COMBO_ADAPTIVE,SHADOW_COMBO_ADAPTIVE,SALTATO_DAL_PAPER,34563d6aec6898d78ab2|AKE|LONG|60,34563d6aec6898d78ab2,SHADOW_COMBO_ADAPTIVE|AKE|60|2026-07-18T10:00:00+00:00|LONG,AKE,LONG,60,2026-07-18T11:08:29+00:00,2026-07-18T14:00:00+00:00,TRANSITION,NORMAL,7.4659,BUONA,STOP,-10.133333333333333,-1.0133333333333332,R
2026-07-20T00:30:21+00:00,MAIN_PAPER_RESEARCH,SHADOW_COMBO_ADAPTIVE,SHADOW_COMBO_ADAPTIVE,SALTATO_DAL_PAPER,422ea7b57350c37232e8|ESPORTS|LONG|60,422ea7b57350c37232e8,SHADOW_COMBO_ADAPTIVE|ESPORTS|60|2026-07-18T16:00:00+00:00|LONG,ESPORTS,LONG,60,2026-07-18T17:08:29+00:00,2026-07-18T18:00:00+00:00,TRANSITION,NORMAL,9.5,ALTA,TARGET,19.86666666666669,1.9866666666666688,R
2026-07-20T00:30:21+00:00,MAIN_PAPER_RESEARCH,SHADOW_COMBO_ADAPTIVE,SHADOW_COMBO_ADAPTIVE,SALTATO_DAL_PAPER,3ae2dd863a21912c44c5|ESPORTS|LONG|60,3ae2dd863a21912c44c5,SHADOW_COMBO_ADAPTIVE|ESPORTS|60|2026-07-18T18:00:00+00:00|LONG,ESPORTS,LONG,60,2026-07-18T19:08:29+00:00,2026-07-18T20:00:00+00:00,TREND_UP,NORMAL,9.5,ALTA,STOP,-10.133333333333333,-1.0133333333333332,R
2026-07-20T00:30:21+00:00,MAIN_PAPER_RESEARCH,SHADOW_COMBO_ADAPTIVE,SHADOW_COMBO_ADAPTIVE,SALTATO_DAL_PAPER,a6f6c1f3b28ae6db01f1|ESPORTS|LONG|60,a6f6c1f3b28ae6db01f1,SHADOW_COMBO_ADAPTIVE|ESPORTS|60|2026-07-18T20:00:00+00:00|LONG,ESPORTS,LONG,60,2026-07-18T21:08:30+00:00,2026-07-18T22:00:00+00:00,TREND_UP,NORMAL,9.5,ALTA,TARGET,19.866666666666667,1.9866666666666668,R
2026-07-20T00:30:21+00:00,MAIN_PAPER_RESEARCH,SHADOW_COMBO_ADAPTIVE,SHADOW_COMBO_ADAPTIVE,SALTATO_DAL_PAPER,24867d36c522446da70c|AKE|LONG|60,24867d36c522446da70c,SHADOW_COMBO_ADAPTIVE|AKE|60|2026-07-18T15:00:00+00:00|LONG,AKE,LONG,60,2026-07-18T16:08:30+00:00,2026-07-19T00:00:00+00:00,TRANSITION,NORMAL,7.215,BUONA,TARGET,19.866666666666667,1.9866666666666668,R
2026-07-20T00:30:21+00:00,MAIN_PAPER_RESEARCH,SHADOW_COMBO_ADAPTIVE,SHADOW_COMBO_ADAPTIVE,SALTATO_DAL_PAPER,0d0cd7222513342f3c85|ESPORTS|LONG|60,0d0cd7222513342f3c85,SHADOW_COMBO_ADAPTIVE|ESPORTS|60|2026-07-18T22:00:00+00:00|LONG,ESPORTS,LONG,60,2026-07-18T23:08:29+00:00,2026-07-19T01:00:00+00:00,TREND_UP,NORMAL,9.5,ALTA,TARGET,19.866666666666667,1.9866666666666668,R
2026-07-20T00:30:21+00:00,MAIN_PAPER_RESEARCH,SHADOW_COMBO_ADAPTIVE,SHADOW_COMBO_ADAPTIVE,PRESO_DAL_PAPER,0c344389b8a0797df53a|ESPORTS|SHORT|60,0c344389b8a0797df53a,SHADOW_COMBO_ADAPTIVE|ESPORTS|60|2026-07-19T01:00:00+00:00|SHORT,ESPORTS,SHORT,60,2026-07-19T02:08:29+00:00,2026-07-19T03:00:00+00:00,TREND_UP,NORMAL,-5.8146,MEDIA,STOP,-10.133333333333344,-1.0133333333333343,R
2026-07-20T00:30:21+00:00,MAIN_PAPER_RESEARCH,SHADOW_COMBO_ADAPTIVE,SHADOW_COMBO_ADAPTIVE,SALTATO_DAL_PAPER,3b9526e08fba8d143ad0|ESPORTS|LONG|60,3b9526e08fba8d143ad0,SHADOW_COMBO_ADAPTIVE|ESPORTS|60|2026-07-19T03:00:00+00:00|LONG,ESPORTS,LONG,60,2026-07-19T04:08:30+00:00,2026-07-19T07:00:00+00:00,TREND_UP,NORMAL,9.5,ALTA,TARGET,19.866666666666667,1.9866666666666668,R
2026-07-20T00:30:21+00:00,MAIN_PAPER_RESEARCH,SHADOW_COMBO_ADAPTIVE,SHADOW_COMBO_ADAPTIVE,SALTATO_DAL_PAPER,9afe668fa5f282488d75|BANK|LONG|60,9afe668fa5f282488d75,SHADOW_COMBO_ADAPTIVE|BANK|60|2026-07-19T03:00:00+00:00|LONG,BANK,LONG,60,2026-07-19T04:08:30+00:00,2026-07-19T08:00:00+00:00,TREND_UP,NORMAL,7.3496,BUONA,TARGET,19.866666666666667,1.9866666666666668,R
2026-07-20T00:30:21+00:00,MAIN_PAPER_RESEARCH,SHADOW_COMBO_ADAPTIVE,SHADOW_COMBO_ADAPTIVE,SALTATO_DAL_PAPER,e9c0a928a710fe16c88d|ESPORTS|LONG|60,e9c0a928a710fe16c88d,SHADOW_COMBO_ADAPTIVE|ESPORTS|60|2026-07-19T07:00:00+00:00|LONG,ESPORTS,LONG,60,2026-07-19T08:08:29+00:00,2026-07-19T09:00:00+00:00,TREND_UP,LOW,9.5,ALTA,STOP,-10.133333333333333,-1.0133333333333332,R
2026-07-20T00:30:21+00:00,MAIN_PAPER_RESEARCH,SHADOW_COMBO_ADAPTIVE,SHADOW_COMBO_ADAPTIVE,SALTATO_DAL_PAPER,5c294ccd55e1e1d0e6e0|BANK|LONG|60,5c294ccd55e1e1d0e6e0,SHADOW_COMBO_ADAPTIVE|BANK|60|2026-07-19T08:00:00+00:00|LONG,BANK,LONG,60,2026-07-19T09:08:30+00:00,2026-07-19T11:00:00+00:00,TREND_UP,LOW,7.4067,BUONA,TARGET,19.866666666666667,1.9866666666666668,R
2026-07-20T00:30:21+00:00,MAIN_PAPER_RESEARCH,SHADOW_COMBO_ADAPTIVE,SHADOW_COMBO_ADAPTIVE,SALTATO_DAL_PAPER,b7cb3e3ed710402b929a|ESPORTS|LONG|60,b7cb3e3ed710402b929a,SHADOW_COMBO_ADAPTIVE|ESPORTS|60|2026-07-19T09:00:00+00:00|LONG,ESPORTS,LONG,60,2026-07-19T10:08:30+00:00,2026-07-19T11:00:00+00:00,ALT_ROTATION_UP,LOW,9.5,ALTA,STOP,-10.133333333333333,-1.0133333333333332,R
2026-07-20T00:30:21+00:00,MAIN_PAPER_RESEARCH,SHADOW_COMBO_ADAPTIVE,SHADOW_COMBO_ADAPTIVE,SALTATO_DAL_PAPER,9b558887c6d0b0ea66e2|AKE|LONG|60,9b558887c6d0b0ea66e2,SHADOW_COMBO_ADAPTIVE|AKE|60|2026-07-19T00:00:00+00:00|LONG,AKE,LONG,60,2026-07-19T01:08:29+00:00,2026-07-19T12:00:00+00:00,TREND_UP,NORMAL,7.0335,BUONA,STOP,-10.133333333333333,-1.0133333333333332,R
2026-07-20T00:30:21+00:00,MAIN_PAPER_RESEARCH,SHADOW_COMBO_ADAPTIVE,SHADOW_COMBO_ADAPTIVE,SALTATO_DAL_PAPER,014687b65c35e7781f6d|PEPE|LONG|60,014687b65c35e7781f6d,SHADOW_COMBO_ADAPTIVE|PEPE|60|2026-07-19T06:00:00+00:00|LONG,PEPE,LONG,60,2026-07-19T07:08:29+00:00,2026-07-19T12:00:00+00:00,TREND_UP,NORMAL,6.2175,BUONA,TARGET,18.888888888888847,1.8888888888888846,R
2026-07-20T00:30:21+00:00,MAIN_PAPER_RESEARCH,SHADOW_COMBO_ADAPTIVE,SHADOW_COMBO_ADAPTIVE,SALTATO_DAL_PAPER,02e9cf1c2ab5c0ef754a|BANK|LONG|60,02e9cf1c2ab5c0ef754a,SHADOW_COMBO_ADAPTIVE|BANK|60|2026-07-19T11:00:00+00:00|LONG,BANK,LONG,60,2026-07-19T12:08:29+00:00,2026-07-19T15:00:00+00:00,ALT_ROTATION_UP,LOW,7.4991,BUONA,STOP,-10.133333333333344,-1.0133333333333343,R
2026-07-20T00:30:21+00:00,MAIN_PAPER_RESEARCH,SHADOW_COMBO_ADAPTIVE,SHADOW_COMBO_ADAPTIVE,SALTATO_DAL_PAPER,c66bd4de24eaffbbd98a|BANK|LONG|60,c66bd4de24eaffbbd98a,SHADOW_COMBO_ADAPTIVE|BANK|60|2026-07-19T15:00:00+00:00|LONG,BANK,LONG,60,2026-07-19T16:08:29+00:00,2026-07-19T17:00:00+00:00,TREND_UP,LOW,7.4708,BUONA,TARGET,19.866666666666667,1.9866666666666668,R
2026-07-20T00:30:21+00:00,MAIN_PAPER_RESEARCH,SHADOW_COMBO_ADAPTIVE,SHADOW_COMBO_ADAPTIVE,SALTATO_DAL_PAPER,1a7bd45e6a0ae6fc3070|ZEC|LONG|60,1a7bd45e6a0ae6fc3070,SHADOW_COMBO_ADAPTIVE|ZEC|60|2026-07-18T15:00:00+00:00|LONG,ZEC,LONG,60,2026-07-18T16:08:30+00:00,2026-07-19T22:00:00+00:00,TRANSITION,NORMAL,6.2488,BUONA,STOP,-10.712812356602166,-1.0712812356602166,R
2026-07-20T00:30:21+00:00,MAIN_PAPER_RESEARCH,SHADOW_COMBO_ADAPTIVE_MFE_TRAIL,SHADOW_COMBO_ADAPTIVE_MFE_TRAIL,PRESO_DAL_PAPER,f5914d9d11ac10c72bfe|ESPORTS|LONG|60,f5914d9d11ac10c72bfe,SHADOW_COMBO_ADAPTIVE_MFE_TRAIL|ESPORTS|60|2026-07-18T17:00:00+00:00|LONG,ESPORTS,LONG,60,2026-07-18T18:23:29+00:00,2026-07-18T19:00:00+00:00,TREND_UP,NORMAL,9.5,ALTA,STOP,-10.133333333333333,-1.0133333333333332,R
2026-07-20T00:30:21+00:00,MAIN_PAPER_RESEARCH,SHADOW_COMBO_ADAPTIVE_MFE_TRAIL,SHADOW_COMBO_ADAPTIVE_MFE_TRAIL,PRESO_DAL_PAPER,d3c6ca3882932c33f2f4|ESPORTS|LONG|60,d3c6ca3882932c33f2f4,SHADOW_COMBO_ADAPTIVE_MFE_TRAIL|ESPORTS|60|2026-07-18T19:00:00+00:00|LONG,ESPORTS,LONG,60,2026-07-18T20:08:29+00:00,2026-07-18T21:00:00+00:00,TREND_UP,NORMAL,9.5,ALTA,STOP,-10.133333333333333,-1.0133333333333332,R
2026-07-20T00:30:21+00:00,MAIN_PAPER_RESEARCH,SHADOW_COMBO_ADAPTIVE_MFE_TRAIL,SHADOW_COMBO_ADAPTIVE_MFE_TRAIL,SALTATO_DAL_PAPER,d3fe4ef97585233a48df|ESPORTS|LONG|60,d3fe4ef97585233a48df,SHADOW_COMBO_ADAPTIVE_MFE_TRAIL|ESPORTS|60|2026-07-18T21:00:00+00:00|LONG,ESPORTS,LONG,60,2026-07-18T22:08:30+00:00,2026-07-19T01:00:00+00:00,TREND_UP,NORMAL,9.5,ALTA,TARGET,19.866666666666667,1.9866666666666668,R
2026-07-20T00:30:21+00:00,MAIN_PAPER_RESEARCH,SHADOW_COMBO_ADAPTIVE_MFE_TRAIL,SHADOW_COMBO_ADAPTIVE_MFE_TRAIL,PRESO_DAL_PAPER,0c344389b8a0797df53a|ESPORTS|SHORT|60,0c344389b8a0797df53a,SHADOW_COMBO_ADAPTIVE_MFE_TRAIL|ESPORTS|60|2026-07-19T01:00:00+00:00|SHORT,ESPORTS,SHORT,60,2026-07-19T02:08:29+00:00,2026-07-19T03:00:00+00:00,TREND_UP,NORMAL,-5.8146,MEDIA,STOP,-10.133333333333344,-1.0133333333333343,R
2026-07-20T00:30:21+00:00,MAIN_PAPER_RESEARCH,SHADOW_COMBO_ADAPTIVE_MFE_TRAIL,SHADOW_COMBO_ADAPTIVE_MFE_TRAIL,SALTATO_DAL_PAPER,3b9526e08fba8d143ad0|ESPORTS|LONG|60,3b9526e08fba8d143ad0,SHADOW_COMBO_ADAPTIVE_MFE_TRAIL|ESPORTS|60|2026-07-19T03:00:00+00:00|LONG,ESPORTS,LONG,60,2026-07-19T04:08:30+00:00,2026-07-19T07:00:00+00:00,TREND_UP,NORMAL,9.5,ALTA,TARGET,19.866666666666667,1.9866666666666668,R
2026-07-20T00:30:21+00:00,MAIN_PAPER_RESEARCH,SHADOW_COMBO_ADAPTIVE_MFE_TRAIL,SHADOW_COMBO_ADAPTIVE_MFE_TRAIL,SALTATO_DAL_PAPER,9afe668fa5f282488d75|BANK|LONG|60,9afe668fa5f282488d75,SHADOW_COMBO_ADAPTIVE_MFE_TRAIL|BANK|60|2026-07-19T03:00:00+00:00|LONG,BANK,LONG,60,2026-07-19T04:08:30+00:00,2026-07-19T08:00:00+00:00,TREND_UP,NORMAL,7.3496,BUONA,TARGET,19.866666666666667,1.9866666666666668,R
2026-07-20T00:30:21+00:00,MAIN_PAPER_RESEARCH,SHADOW_COMBO_ADAPTIVE_MFE_TRAIL,SHADOW_COMBO_ADAPTIVE_MFE_TRAIL,PRESO_DAL_PAPER,e9c0a928a710fe16c88d|ESPORTS|LONG|60,e9c0a928a710fe16c88d,SHADOW_COMBO_ADAPTIVE_MFE_TRAIL|ESPORTS|60|2026-07-19T07:00:00+00:00|LONG,ESPORTS,LONG,60,2026-07-19T08:08:29+00:00,2026-07-19T09:00:00+00:00,TREND_UP,LOW,9.5,ALTA,STOP,-10.133333333333333,-1.0133333333333332,R
2026-07-20T00:30:21+00:00,MAIN_PAPER_RESEARCH,SHADOW_COMBO_ADAPTIVE_MFE_TRAIL,SHADOW_COMBO_ADAPTIVE_MFE_TRAIL,SALTATO_DAL_PAPER,5c294ccd55e1e1d0e6e0|BANK|LONG|60,5c294ccd55e1e1d0e6e0,SHADOW_COMBO_ADAPTIVE_MFE_TRAIL|BANK|60|2026-07-19T08:00:00+00:00|LONG,BANK,LONG,60,2026-07-19T09:08:30+00:00,2026-07-19T11:00:00+00:00,TREND_UP,LOW,7.4067,BUONA,TARGET,19.866666666666667,1.9866666666666668,R
2026-07-20T00:30:21+00:00,MAIN_PAPER_RESEARCH,SHADOW_COMBO_ADAPTIVE_MFE_TRAIL,SHADOW_COMBO_ADAPTIVE_MFE_TRAIL,SALTATO_DAL_PAPER,b7cb3e3ed710402b929a|ESPORTS|LONG|60,b7cb3e3ed710402b929a,SHADOW_COMBO_ADAPTIVE_MFE_TRAIL|ESPORTS|60|2026-07-19T09:00:00+00:00|LONG,ESPORTS,LONG,60,2026-07-19T10:08:30+00:00,2026-07-19T11:00:00+00:00,ALT_ROTATION_UP,LOW,9.5,ALTA,STOP,-10.133333333333333,-1.0133333333333332,R
2026-07-20T00:30:21+00:00,MAIN_PAPER_RESEARCH,SHADOW_COMBO_ADAPTIVE_MFE_TRAIL,SHADOW_COMBO_ADAPTIVE_MFE_TRAIL,SALTATO_DAL_PAPER,014687b65c35e7781f6d|PEPE|LONG|60,014687b65c35e7781f6d,SHADOW_COMBO_ADAPTIVE_MFE_TRAIL|PEPE|60|2026-07-19T06:00:00+00:00|LONG,PEPE,LONG,60,2026-07-19T07:08:29+00:00,2026-07-19T12:00:00+00:00,TREND_UP,NORMAL,6.2175,BUONA,TARGET,18.888888888888847,1.8888888888888846,R
2026-07-20T00:30:21+00:00,MAIN_PAPER_RESEARCH,SHADOW_COMBO_ADAPTIVE_MFE_TRAIL,SHADOW_COMBO_ADAPTIVE_MFE_TRAIL,PRESO_DAL_PAPER,02e9cf1c2ab5c0ef754a|BANK|LONG|60,02e9cf1c2ab5c0ef754a,SHADOW_COMBO_ADAPTIVE_MFE_TRAIL|BANK|60|2026-07-19T11:00:00+00:00|LONG,BANK,LONG,60,2026-07-19T12:08:29+00:00,2026-07-19T15:00:00+00:00,ALT_ROTATION_UP,LOW,7.4991,BUONA,STOP,-10.133333333333344,-1.0133333333333343,R
2026-07-20T00:30:21+00:00,MAIN_PAPER_RESEARCH,SHADOW_COMBO_ADAPTIVE_MFE_TRAIL,SHADOW_COMBO_ADAPTIVE_MFE_TRAIL,SALTATO_DAL_PAPER,c66bd4de24eaffbbd98a|BANK|LONG|60,c66bd4de24eaffbbd98a,SHADOW_COMBO_ADAPTIVE_MFE_TRAIL|BANK|60|2026-07-19T15:00:00+00:00|LONG,BANK,LONG,60,2026-07-19T16:08:29+00:00,2026-07-19T17:00:00+00:00,TREND_UP,LOW,7.4708,BUONA,TARGET,19.866666666666667,1.9866666666666668,R
2026-07-20T00:30:21+00:00,MAIN_PAPER_RESEARCH,SHADOW_COMBO_ADAPTIVE_MFE_TRAIL,SHADOW_COMBO_ADAPTIVE_MFE_TRAIL,SALTATO_DAL_PAPER,4c3d614abce8d9583991|ZEC|LONG|60,4c3d614abce8d9583991,SHADOW_COMBO_ADAPTIVE_MFE_TRAIL|ZEC|60|2026-07-18T19:00:00+00:00|LONG,ZEC,LONG,60,2026-07-18T20:08:29+00:00,2026-07-19T22:00:00+00:00,TREND_UP,NORMAL,6.2258,BUONA,STOP,-10.720413084862862,-1.0720413084862863,R
2026-07-20T00:30:21+00:00,MAIN_PAPER_RESEARCH,SHADOW_COMBO_MEAN_REVERSION,SHADOW_COMBO_MEAN_REVERSION,PRESO_DAL_PAPER,fd68dc037154a38dee94|PEPE|SHORT|60,fd68dc037154a38dee94,SHADOW_COMBO_MEAN_REVERSION|PEPE|60|2026-07-15T13:00:00+00:00|SHORT,PEPE,SHORT,60,2026-07-15T14:02:36+00:00,2026-07-15T16:00:00+00:00,TREND_UP,NORMAL,-6.6663,BUONA,TARGET,15.175327510129204,1.5175327510129204,R
2026-07-20T00:30:21+00:00,MAIN_PAPER_RESEARCH,SHADOW_COMBO_MEAN_REVERSION,SHADOW_COMBO_MEAN_REVERSION,SALTATO_DAL_PAPER,009c6392065c987976f4|LAB|LONG|60,009c6392065c987976f4,SHADOW_COMBO_MEAN_REVERSION|LAB|60|2026-07-17T05:00:00+00:00|LONG,LAB,LONG,60,2026-07-17T06:30:10+00:00,2026-07-17T07:00:00+00:00,RANGE,NORMAL,6.6401,BUONA,STOP,-10.178918982689016,-1.0178918982689016,R
2026-07-20T00:30:21+00:00,MAIN_PAPER_RESEARCH,SHADOW_COMBO_MEAN_REVERSION,SHADOW_COMBO_MEAN_REVERSION,SALTATO_DAL_PAPER,39a247d6c9c58ee2b2ab|ADA|LONG|60,39a247d6c9c58ee2b2ab,SHADOW_COMBO_MEAN_REVERSION|ADA|60|2026-07-17T05:00:00+00:00|LONG,ADA,LONG,60,2026-07-17T06:30:10+00:00,2026-07-17T14:00:00+00:00,RANGE,NORMAL,5.7473,MEDIA,TARGET,14.925168093843709,1.4925168093843708,R
2026-07-20T00:30:21+00:00,MAIN_PAPER_RESEARCH,SHADOW_COMBO_MEAN_REVERSION,SHADOW_COMBO_MEAN_REVERSION,SALTATO_DAL_PAPER,a8ac63f1ed9ab7c02bc5|LAB|LONG|60,a8ac63f1ed9ab7c02bc5,SHADOW_COMBO_MEAN_REVERSION|LAB|60|2026-07-17T07:00:00+00:00|LONG,LAB,LONG,60,2026-07-17T08:37:40+00:00,2026-07-17T13:00:00+00:00,RANGE,NORMAL,7.002,BUONA,TARGET,15.838164361882956,1.5838164361882956,R
2026-07-20T00:30:21+00:00,MAIN_PAPER_RESEARCH,SHADOW_COMBO_MEAN_REVERSION,SHADOW_COMBO_MEAN_REVERSION,PRESO_DAL_PAPER,78975bba03e43c33ff05|BTC|LONG|60,78975bba03e43c33ff05,SHADOW_COMBO_MEAN_REVERSION|BTC|60|2026-07-17T05:00:00+00:00|LONG,BTC,LONG,60,2026-07-17T06:30:10+00:00,2026-07-17T17:00:00+00:00,RANGE,NORMAL,6.7946,BUONA,TARGET,14.666666666666755,1.4666666666666754,R
2026-07-20T00:30:21+00:00,MAIN_PAPER_RESEARCH,SHADOW_COMBO_MEAN_REVERSION,SHADOW_COMBO_MEAN_REVERSION,PRESO_DAL_PAPER,0c344389b8a0797df53a|ESPORTS|SHORT|60,0c344389b8a0797df53a,SHADOW_COMBO_MEAN_REVERSION|ESPORTS|60|2026-07-19T01:00:00+00:00|SHORT,ESPORTS,SHORT,60,2026-07-19T02:08:29+00:00,2026-07-19T03:00:00+00:00,TREND_UP,NORMAL,-5.8146,MEDIA,STOP,-10.133333333333344,-1.0133333333333343,R
2026-07-20T00:30:21+00:00,MAIN_PAPER_RESEARCH,SHADOW_COMBO_SCANNER,SHADOW_COMBO_SCANNER,SALTATO_DAL_PAPER,15d291981972e9233662|ETH|LONG|60,15d291981972e9233662,SHADOW_COMBO_SCANNER|ETH|60|2026-07-15T09:00:00+00:00|LONG,ETH,LONG,60,2026-07-15T10:23:23+00:00,2026-07-15T13:00:00+00:00,TREND_UP,NORMAL,6.5683,BUONA,TARGET,20.888888888888843,2.088888888888884,R
2026-07-20T00:30:21+00:00,MAIN_PAPER_RESEARCH,SHADOW_COMBO_SCANNER,SHADOW_COMBO_SCANNER,SALTATO_DAL_PAPER,385b82606e3437b1d325|AKE|LONG|60,385b82606e3437b1d325,SHADOW_COMBO_SCANNER|AKE|60|2026-07-15T16:00:00+00:00|LONG,AKE,LONG,60,2026-07-15T17:23:15+00:00,2026-07-15T18:00:00+00:00,TREND_UP,NORMAL,9.5,ALTA,STOP,-10.133333333333344,-1.0133333333333343,R
2026-07-20T00:30:21+00:00,MAIN_PAPER_RESEARCH,SHADOW_COMBO_SCANNER,SHADOW_COMBO_SCANNER,PRESO_DAL_PAPER,7fa09ae13c8fd206c465|HYPE|LONG|60,7fa09ae13c8fd206c465,SHADOW_COMBO_SCANNER|HYPE|60|2026-07-15T09:00:00+00:00|LONG,HYPE,LONG,60,2026-07-15T10:23:23+00:00,2026-07-16T00:00:00+00:00,TREND_UP,NORMAL,6.8784,BUONA,STOP,-10.837216360254178,-1.0837216360254178,R
2026-07-20T00:30:21+00:00,MAIN_PAPER_RESEARCH,SHADOW_COMBO_SCANNER,SHADOW_COMBO_SCANNER,PRESO_DAL_PAPER,d38940b64558912bac68|ZEC|LONG|60,d38940b64558912bac68,SHADOW_COMBO_SCANNER|ZEC|60|2026-07-15T09:00:00+00:00|LONG,ZEC,LONG,60,2026-07-15T10:23:23+00:00,2026-07-16T08:00:00+00:00,TREND_UP,NORMAL,7.2866,BUONA,STOP,-10.63526625001135,-1.063526625001135,R
2026-07-20T00:30:21+00:00,MAIN_PAPER_RESEARCH,SHADOW_COMBO_SCANNER,SHADOW_COMBO_SCANNER,SALTATO_DAL_PAPER,a4eb3b7c9f33fcc4a131|ETH|LONG|60,a4eb3b7c9f33fcc4a131,SHADOW_COMBO_SCANNER|ETH|60|2026-07-15T13:00:00+00:00|LONG,ETH,LONG,60,2026-07-15T14:02:36+00:00,2026-07-16T08:00:00+00:00,TREND_UP,NORMAL,6.7254,BUONA,STOP,-11.042619006814194,-1.1042619006814194,R
2026-07-20T00:30:21+00:00,MAIN_PAPER_RESEARCH,SHADOW_COMBO_SCANNER,SHADOW_COMBO_SCANNER,SALTATO_DAL_PAPER,a17ad387162637525087|BTC|LONG|60,a17ad387162637525087,SHADOW_COMBO_SCANNER|BTC|60|2026-07-15T16:00:00+00:00|LONG,BTC,LONG,60,2026-07-15T17:23:15+00:00,2026-07-16T07:00:00+00:00,TREND_UP,NORMAL,6.4287,BUONA,STOP,-11.111111111111011,-1.1111111111111012,R
2026-07-20T00:30:21+00:00,MAIN_PAPER_RESEARCH,SHADOW_COMBO_SCANNER,SHADOW_COMBO_SCANNER,SALTATO_DAL_PAPER,4a5b74a6fa8305ab5934|AKE|LONG|60,4a5b74a6fa8305ab5934,SHADOW_COMBO_SCANNER|AKE|60|2026-07-16T00:00:00+00:00|LONG,AKE,LONG,60,2026-07-16T01:10:09+00:00,2026-07-16T07:00:00+00:00,TREND_UP,NORMAL,9.5,ALTA,TARGET,21.86666666666667,2.186666666666667,R
2026-07-20T00:30:21+00:00,MAIN_PAPER_RESEARCH,SHADOW_COMBO_SCANNER,SHADOW_COMBO_SCANNER,SALTATO_DAL_PAPER,b7549bd1de97a5ddf95d|AKE|LONG|60,b7549bd1de97a5ddf95d,SHADOW_COMBO_SCANNER|AKE|60|2026-07-16T08:00:00+00:00|LONG,AKE,LONG,60,2026-07-16T09:22:54+00:00,2026-07-16T17:00:00+00:00,TRANSITION,NORMAL,9.5,ALTA,TARGET,21.86666666666667,2.186666666666667,R
2026-07-20T00:30:21+00:00,MAIN_PAPER_RESEARCH,SHADOW_COMBO_SCANNER,SHADOW_COMBO_SCANNER,PRESO_DAL_PAPER,620f7e280cfd0208ddd2|XLM|LONG|60,620f7e280cfd0208ddd2,SHADOW_COMBO_SCANNER|XLM|60|2026-07-16T12:00:00+00:00|LONG,XLM,LONG,60,2026-07-16T13:07:43+00:00,2026-07-16T23:00:00+00:00,TRANSITION,NORMAL,6.3509,BUONA,STOP,-10.720052239789986,-1.0720052239789986,R
2026-07-20T00:30:21+00:00,MAIN_PAPER_RESEARCH,SHADOW_COMBO_SCANNER,SHADOW_COMBO_SCANNER,SALTATO_DAL_PAPER,8153c951ad51557f395c|ONDO|LONG|60,8153c951ad51557f395c,SHADOW_COMBO_SCANNER|ONDO|60|2026-07-16T14:00:00+00:00|LONG,ONDO,LONG,60,2026-07-16T15:09:34+00:00,2026-07-16T21:00:00+00:00,TRANSITION,NORMAL,9.2949,ALTA,STOP,-10.425362109434507,-1.0425362109434508,R
2026-07-20T00:30:21+00:00,MAIN_PAPER_RESEARCH,SHADOW_COMBO_SCANNER,SHADOW_COMBO_SCANNER,PRESO_DAL_PAPER,431d43928b029c2374e7|AKE|LONG|60,431d43928b029c2374e7,SHADOW_COMBO_SCANNER|AKE|60|2026-07-17T07:00:00+00:00|LONG,AKE,LONG,60,2026-07-17T08:37:40+00:00,2026-07-17T19:00:00+00:00,RANGE,NORMAL,9.5,ALTA,TARGET,21.86666666666667,2.186666666666667,R
2026-07-20T00:30:21+00:00,MAIN_PAPER_RESEARCH,SHADOW_COMBO_SCANNER,SHADOW_COMBO_SCANNER,PRESO_DAL_PAPER,62063b43e31c19d9e817|AKE|LONG|60,62063b43e31c19d9e817,SHADOW_COMBO_SCANNER|AKE|60|2026-07-17T19:00:00+00:00|LONG,AKE,LONG,60,2026-07-17T20:38:43+00:00,2026-07-17T22:00:00+00:00,TRANSITION,NORMAL,9.5,ALTA,STOP,-10.133333333333333,-1.0133333333333332,R
2026-07-20T00:30:21+00:00,MAIN_PAPER_RESEARCH,SHADOW_COMBO_SCANNER,SHADOW_COMBO_SCANNER,PRESO_DAL_PAPER,fb8781ca9f9cd979fbc9|AKE|LONG|60,fb8781ca9f9cd979fbc9,SHADOW_COMBO_SCANNER|AKE|60|2026-07-17T22:00:00+00:00|LONG,AKE,LONG,60,2026-07-17T23:28:49+00:00,2026-07-18T05:00:00+00:00,TRANSITION,NORMAL,9.5,ALTA,TARGET,21.86666666666667,2.186666666666667,R
2026-07-20T00:30:21+00:00,MAIN_PAPER_RESEARCH,SHADOW_COMBO_SCANNER,SHADOW_COMBO_SCANNER,SALTATO_DAL_PAPER,39d82184e96456d15316|ESPORTS|LONG|60,39d82184e96456d15316,SHADOW_COMBO_SCANNER|ESPORTS|60|2026-07-18T04:00:00+00:00|LONG,ESPORTS,LONG,60,2026-07-18T05:38:29+00:00,2026-07-18T06:00:00+00:00,TRANSITION,NORMAL,9.5,ALTA,STOP,-10.133333333333333,-1.0133333333333332,R
2026-07-20T00:30:21+00:00,MAIN_PAPER_RESEARCH,SHADOW_COMBO_SCANNER,SHADOW_COMBO_SCANNER,SALTATO_DAL_PAPER,400a7a9774e3b4349f53|ADA|LONG|60,400a7a9774e3b4349f53,SHADOW_COMBO_SCANNER|ADA|60|2026-07-18T03:00:00+00:00|LONG,ADA,LONG,60,2026-07-18T04:07:13+00:00,2026-07-18T13:00:00+00:00,TRANSITION,NORMAL,6.4095,BUONA,STOP,-10.894275907592217,-1.0894275907592217,R
2026-07-20T00:30:21+00:00,MAIN_PAPER_RESEARCH,SHADOW_COMBO_SCANNER,SHADOW_COMBO_SCANNER,PRESO_DAL_PAPER,34563d6aec6898d78ab2|AKE|LONG|60,34563d6aec6898d78ab2,SHADOW_COMBO_SCANNER|AKE|60|2026-07-18T10:00:00+00:00|LONG,AKE,LONG,60,2026-07-18T11:08:29+00:00,2026-07-18T14:00:00+00:00,TRANSITION,NORMAL,9.5,ALTA,STOP,-10.133333333333333,-1.0133333333333332,R
2026-07-20T00:30:21+00:00,MAIN_PAPER_RESEARCH,SHADOW_COMBO_SCANNER,SHADOW_COMBO_SCANNER,SALTATO_DAL_PAPER,422ea7b57350c37232e8|ESPORTS|LONG|60,422ea7b57350c37232e8,SHADOW_COMBO_SCANNER|ESPORTS|60|2026-07-18T16:00:00+00:00|LONG,ESPORTS,LONG,60,2026-07-18T17:08:29+00:00,2026-07-18T18:00:00+00:00,TRANSITION,NORMAL,9.5,ALTA,TARGET,21.86666666666669,2.1866666666666688,R
2026-07-20T00:30:21+00:00,MAIN_PAPER_RESEARCH,SHADOW_COMBO_SCANNER,SHADOW_COMBO_SCANNER,SALTATO_DAL_PAPER,3ae2dd863a21912c44c5|ESPORTS|LONG|60,3ae2dd863a21912c44c5,SHADOW_COMBO_SCANNER|ESPORTS|60|2026-07-18T18:00:00+00:00|LONG,ESPORTS,LONG,60,2026-07-18T19:08:29+00:00,2026-07-18T20:00:00+00:00,TREND_UP,NORMAL,9.5,ALTA,STOP,-10.133333333333333,-1.0133333333333332,R
2026-07-20T00:30:21+00:00,MAIN_PAPER_RESEARCH,SHADOW_COMBO_SCANNER,SHADOW_COMBO_SCANNER,SALTATO_DAL_PAPER,a6f6c1f3b28ae6db01f1|ESPORTS|LONG|60,a6f6c1f3b28ae6db01f1,SHADOW_COMBO_SCANNER|ESPORTS|60|2026-07-18T20:00:00+00:00|LONG,ESPORTS,LONG,60,2026-07-18T21:08:30+00:00,2026-07-18T22:00:00+00:00,TREND_UP,NORMAL,9.5,ALTA,TARGET,21.86666666666667,2.186666666666667,R
2026-07-20T00:30:21+00:00,MAIN_PAPER_RESEARCH,SHADOW_COMBO_SCANNER,SHADOW_COMBO_SCANNER,SALTATO_DAL_PAPER,24867d36c522446da70c|AKE|LONG|60,24867d36c522446da70c,SHADOW_COMBO_SCANNER|AKE|60|2026-07-18T15:00:00+00:00|LONG,AKE,LONG,60,2026-07-18T16:08:30+00:00,2026-07-19T00:00:00+00:00,TRANSITION,NORMAL,9.5,ALTA,TARGET,21.86666666666667,2.186666666666667,R
2026-07-20T00:30:21+00:00,MAIN_PAPER_RESEARCH,SHADOW_COMBO_SCANNER,SHADOW_COMBO_SCANNER,SALTATO_DAL_PAPER,0d0cd7222513342f3c85|ESPORTS|LONG|60,0d0cd7222513342f3c85,SHADOW_COMBO_SCANNER|ESPORTS|60|2026-07-18T22:00:00+00:00|LONG,ESPORTS,LONG,60,2026-07-18T23:08:29+00:00,2026-07-19T01:00:00+00:00,TREND_UP,NORMAL,9.5,ALTA,TARGET,21.86666666666667,2.186666666666667,R
2026-07-20T00:30:21+00:00,MAIN_PAPER_RESEARCH,SHADOW_COMBO_SCANNER,SHADOW_COMBO_SCANNER,SALTATO_DAL_PAPER,38c8767a679835620398|ESPORTS|LONG|60,38c8767a679835620398,SHADOW_COMBO_SCANNER|ESPORTS|60|2026-07-19T01:00:00+00:00|LONG,ESPORTS,LONG,60,2026-07-19T02:08:29+00:00,2026-07-19T03:00:00+00:00,TREND_UP,NORMAL,9.5,ALTA,TARGET,21.86666666666667,2.186666666666667,R
2026-07-20T00:30:21+00:00,MAIN_PAPER_RESEARCH,SHADOW_COMBO_SCANNER,SHADOW_COMBO_SCANNER,SALTATO_DAL_PAPER,9afe668fa5f282488d75|BANK|LONG|60,9afe668fa5f282488d75,SHADOW_COMBO_SCANNER|BANK|60|2026-07-19T03:00:00+00:00|LONG,BANK,LONG,60,2026-07-19T04:08:30+00:00,2026-07-19T09:00:00+00:00,TREND_UP,NORMAL,9.5,ALTA,TARGET,21.86666666666667,2.186666666666667,R
2026-07-20T00:30:21+00:00,MAIN_PAPER_RESEARCH,SHADOW_COMBO_SCANNER,SHADOW_COMBO_SCANNER,SALTATO_DAL_PAPER,3b9526e08fba8d143ad0|ESPORTS|LONG|60,3b9526e08fba8d143ad0,SHADOW_COMBO_SCANNER|ESPORTS|60|2026-07-19T03:00:00+00:00|LONG,ESPORTS,LONG,60,2026-07-19T04:08:30+00:00,2026-07-19T11:00:00+00:00,TREND_UP,NORMAL,9.5,ALTA,STOP,-10.133333333333324,-1.0133333333333323,R
2026-07-20T00:30:21+00:00,MAIN_PAPER_RESEARCH,SHADOW_COMBO_SCANNER,SHADOW_COMBO_SCANNER,SALTATO_DAL_PAPER,a7876bacdba418f66ff2|BANK|LONG|60,a7876bacdba418f66ff2,SHADOW_COMBO_SCANNER|BANK|60|2026-07-19T09:00:00+00:00|LONG,BANK,LONG,60,2026-07-19T10:08:30+00:00,2026-07-19T11:00:00+00:00,ALT_ROTATION_UP,LOW,9.5,ALTA,TARGET,21.86666666666667,2.186666666666667,R
2026-07-20T00:30:21+00:00,MAIN_PAPER_RESEARCH,SHADOW_COMBO_SCANNER,SHADOW_COMBO_SCANNER,SALTATO_DAL_PAPER,9b558887c6d0b0ea66e2|AKE|LONG|60,9b558887c6d0b0ea66e2,SHADOW_COMBO_SCANNER|AKE|60|2026-07-19T00:00:00+00:00|LONG,AKE,LONG,60,2026-07-19T01:08:29+00:00,2026-07-19T12:00:00+00:00,TREND_UP,NORMAL,9.5,ALTA,STOP,-10.133333333333333,-1.0133333333333332,R
2026-07-20T00:30:21+00:00,MAIN_PAPER_RESEARCH,SHADOW_COMBO_SCANNER,SHADOW_COMBO_SCANNER,SALTATO_DAL_PAPER,02e9cf1c2ab5c0ef754a|BANK|LONG|60,02e9cf1c2ab5c0ef754a,SHADOW_COMBO_SCANNER|BANK|60|2026-07-19T11:00:00+00:00|LONG,BANK,LONG,60,2026-07-19T12:08:29+00:00,2026-07-19T15:00:00+00:00,ALT_ROTATION_UP,LOW,9.5,ALTA,STOP,-10.133333333333344,-1.0133333333333343,R
2026-07-20T00:30:21+00:00,MAIN_PAPER_RESEARCH,SHADOW_COMBO_SCANNER,SHADOW_COMBO_SCANNER,SALTATO_DAL_PAPER,c66bd4de24eaffbbd98a|BANK|LONG|60,c66bd4de24eaffbbd98a,SHADOW_COMBO_SCANNER|BANK|60|2026-07-19T15:00:00+00:00|LONG,BANK,LONG,60,2026-07-19T16:08:29+00:00,2026-07-19T17:00:00+00:00,TREND_UP,LOW,9.5,ALTA,TARGET,21.86666666666667,2.186666666666667,R
2026-07-20T00:30:21+00:00,MAIN_PAPER_RESEARCH,SHADOW_COMBO_SCANNER,SHADOW_COMBO_SCANNER,PRESO_DAL_PAPER,71e39f89cb739fa290a7|ZEC|LONG|60,71e39f89cb739fa290a7,SHADOW_COMBO_SCANNER|ZEC|60|2026-07-18T14:00:00+00:00|LONG,ZEC,LONG,60,2026-07-18T15:08:30+00:00,2026-07-19T22:00:00+00:00,TRANSITION,NORMAL,6.1529,BUONA,STOP,-10.716836564399536,-1.0716836564399537,R
2026-07-20T00:30:21+00:00,MAIN_PAPER_RESEARCH,SHADOW_COMBO_TREND,SHADOW_COMBO_TREND,SALTATO_DAL_PAPER,385b82606e3437b1d325|AKE|LONG|60,385b82606e3437b1d325,SHADOW_COMBO_TREND|AKE|60|2026-07-15T16:00:00+00:00|LONG,AKE,LONG,60,2026-07-15T17:23:15+00:00,2026-07-15T18:00:00+00:00,TREND_UP,NORMAL,7.5,ALTA,STOP,-10.133333333333344,-1.0133333333333343,R
2026-07-20T00:30:21+00:00,MAIN_PAPER_RESEARCH,SHADOW_COMBO_TREND,SHADOW_COMBO_TREND,PRESO_DAL_PAPER,7fa09ae13c8fd206c465|HYPE|LONG|60,7fa09ae13c8fd206c465,SHADOW_COMBO_TREND|HYPE|60|2026-07-15T09:00:00+00:00|LONG,HYPE,LONG,60,2026-07-15T10:23:23+00:00,2026-07-16T00:00:00+00:00,TREND_UP,NORMAL,6.6567,BUONA,STOP,-10.753494684801474,-1.0753494684801475,R
2026-07-20T00:30:21+00:00,MAIN_PAPER_RESEARCH,SHADOW_COMBO_TREND,SHADOW_COMBO_TREND,PRESO_DAL_PAPER,d38940b64558912bac68|ZEC|LONG|60,d38940b64558912bac68,SHADOW_COMBO_TREND|ZEC|60|2026-07-15T09:00:00+00:00|LONG,ZEC,LONG,60,2026-07-15T10:23:23+00:00,2026-07-16T08:00:00+00:00,TREND_UP,NORMAL,7.4152,BUONA,STOP,-10.57173955690895,-1.057173955690895,R
2026-07-20T00:30:21+00:00,MAIN_PAPER_RESEARCH,SHADOW_COMBO_TREND,SHADOW_COMBO_TREND,SALTATO_DAL_PAPER,4a5b74a6fa8305ab5934|AKE|LONG|60,4a5b74a6fa8305ab5934,SHADOW_COMBO_TREND|AKE|60|2026-07-16T00:00:00+00:00|LONG,AKE,LONG,60,2026-07-16T01:10:09+00:00,2026-07-16T07:00:00+00:00,TREND_UP,NORMAL,7.5,ALTA,TARGET,21.86666666666667,2.186666666666667,R
2026-07-20T00:30:21+00:00,MAIN_PAPER_RESEARCH,SHADOW_COMBO_TREND,SHADOW_COMBO_TREND,SALTATO_DAL_PAPER,b7549bd1de97a5ddf95d|AKE|LONG|60,b7549bd1de97a5ddf95d,SHADOW_COMBO_TREND|AKE|60|2026-07-16T08:00:00+00:00|LONG,AKE,LONG,60,2026-07-16T09:22:54+00:00,2026-07-16T17:00:00+00:00,TRANSITION,NORMAL,7.5,ALTA,TARGET,21.86666666666667,2.186666666666667,R
2026-07-20T00:30:21+00:00,MAIN_PAPER_RESEARCH,SHADOW_COMBO_TREND,SHADOW_COMBO_TREND,PRESO_DAL_PAPER,25bc6b6607fac73ec0c5|HYPE|SHORT|60,25bc6b6607fac73ec0c5,SHADOW_COMBO_TREND|HYPE|60|2026-07-16T12:00:00+00:00|SHORT,HYPE,SHORT,60,2026-07-16T13:07:43+00:00,2026-07-16T17:00:00+00:00,TRANSITION,NORMAL,-6.187,BUONA,TARGET,21.138960328184872,2.113896032818487,R
2026-07-20T00:30:21+00:00,MAIN_PAPER_RESEARCH,SHADOW_COMBO_TREND,SHADOW_COMBO_TREND,PRESO_DAL_PAPER,620f7e280cfd0208ddd2|XLM|LONG|60,620f7e280cfd0208ddd2,SHADOW_COMBO_TREND|XLM|60|2026-07-16T12:00:00+00:00|LONG,XLM,LONG,60,2026-07-16T13:07:43+00:00,2026-07-16T23:00:00+00:00,TRANSITION,NORMAL,5.9693,MEDIA,STOP,-10.648047190796433,-1.0648047190796432,R
2026-07-20T00:30:21+00:00,MAIN_PAPER_RESEARCH,SHADOW_COMBO_TREND,SHADOW_COMBO_TREND,SALTATO_DAL_PAPER,0ee05e837b4fd6703b03|BTC|LONG|60,0ee05e837b4fd6703b03,SHADOW_COMBO_TREND|BTC|60|2026-07-15T09:00:00+00:00|LONG,BTC,LONG,60,2026-07-15T10:23:23+00:00,2026-07-17T00:00:00+00:00,TREND_UP,NORMAL,6.5077,BUONA,STOP,-11.000000000000009,-1.100000000000001,R
2026-07-20T00:30:21+00:00,MAIN_PAPER_RESEARCH,SHADOW_COMBO_TREND,SHADOW_COMBO_TREND,SALTATO_DAL_PAPER,15d291981972e9233662|ETH|LONG|60,15d291981972e9233662,SHADOW_COMBO_TREND|ETH|60|2026-07-15T09:00:00+00:00|LONG,ETH,LONG,60,2026-07-15T10:23:23+00:00,2026-07-17T00:00:00+00:00,TREND_UP,NORMAL,6.4158,BUONA,STOP,-11.000000000000009,-1.100000000000001,R
2026-07-20T00:30:21+00:00,MAIN_PAPER_RESEARCH,SHADOW_COMBO_TREND,SHADOW_COMBO_TREND,PRESO_DAL_PAPER,abbb953f2f88585c090e|HYPE|SHORT|60,abbb953f2f88585c090e,SHADOW_COMBO_TREND|HYPE|60|2026-07-16T18:00:00+00:00|SHORT,HYPE,SHORT,60,2026-07-16T19:24:41+00:00,2026-07-17T05:00:00+00:00,TRANSITION,NORMAL,-7.0325,BUONA,TARGET,21.345228663377537,2.1345228663377536,R
2026-07-20T00:30:21+00:00,MAIN_PAPER_RESEARCH,SHADOW_COMBO_TREND,SHADOW_COMBO_TREND,PRESO_DAL_PAPER,74c2f6bca29951cef675|LAB|SHORT|60,74c2f6bca29951cef675,SHADOW_COMBO_TREND|LAB|60|2026-07-15T09:00:00+00:00|SHORT,LAB,SHORT,60,2026-07-15T10:23:23+00:00,2026-07-17T07:00:00+00:00,TREND_UP,NORMAL,-6.9575,BUONA,TARGET,21.86666666666667,2.186666666666667,R
2026-07-20T00:30:21+00:00,MAIN_PAPER_RESEARCH,SHADOW_COMBO_TREND,SHADOW_COMBO_TREND,SALTATO_DAL_PAPER,8153c951ad51557f395c|ONDO|LONG|60,8153c951ad51557f395c,SHADOW_COMBO_TREND|ONDO|60|2026-07-16T14:00:00+00:00|LONG,ONDO,LONG,60,2026-07-16T15:09:34+00:00,2026-07-16T21:00:00+00:00,TRANSITION,NORMAL,7.5,ALTA,STOP,-10.382825857781146,-1.0382825857781146,R
2026-07-20T00:30:21+00:00,MAIN_PAPER_RESEARCH,SHADOW_COMBO_TREND,SHADOW_COMBO_TREND,SALTATO_DAL_PAPER,d44ae15eca69c42da6c3|HYPE|SHORT|60,d44ae15eca69c42da6c3,SHADOW_COMBO_TREND|HYPE|60|2026-07-17T05:00:00+00:00|SHORT,HYPE,SHORT,60,2026-07-17T06:30:10+00:00,2026-07-17T09:00:00+00:00,RANGE,NORMAL,-7.6667,ALTA,STOP,-10.54538990435565,-1.054538990435565,R
2026-07-20T00:30:21+00:00,MAIN_PAPER_RESEARCH,SHADOW_COMBO_TREND,SHADOW_COMBO_TREND,SALTATO_DAL_PAPER,36738bb712f610937931|LAB|SHORT|60,36738bb712f610937931,SHADOW_COMBO_TREND|LAB|60|2026-07-17T07:00:00+00:00|SHORT,LAB,SHORT,60,2026-07-17T08:37:40+00:00,2026-07-17T13:00:00+00:00,RANGE,NORMAL,-7.3895,BUONA,STOP,-10.133333333333344,-1.0133333333333343,R
2026-07-20T00:30:21+00:00,MAIN_PAPER_RESEARCH,SHADOW_COMBO_TREND,SHADOW_COMBO_TREND,SALTATO_DAL_PAPER,7d0868092c47cfc37e45|BTC|SHORT|60,7d0868092c47cfc37e45,SHADOW_COMBO_TREND|BTC|60|2026-07-17T05:00:00+00:00|SHORT,BTC,SHORT,60,2026-07-17T06:30:10+00:00,2026-07-17T17:00:00+00:00,RANGE,NORMAL,-6.4602,BUONA,STOP,-11.000000000000009,-1.100000000000001,R
2026-07-20T00:30:21+00:00,MAIN_PAPER_RESEARCH,SHADOW_COMBO_TREND,SHADOW_COMBO_TREND,SALTATO_DAL_PAPER,d55301341f7eb4451ec4|ETH|SHORT|60,d55301341f7eb4451ec4,SHADOW_COMBO_TREND|ETH|60|2026-07-17T14:00:00+00:00|SHORT,ETH,SHORT,60,2026-07-17T15:20:34+00:00,2026-07-17T17:00:00+00:00,RANGE,NORMAL,-6.1631,BUONA,STOP,-11.000000000000009,-1.100000000000001,R
2026-07-20T00:30:21+00:00,MAIN_PAPER_RESEARCH,SHADOW_COMBO_TREND,SHADOW_COMBO_TREND,SALTATO_DAL_PAPER,431d43928b029c2374e7|AKE|LONG|60,431d43928b029c2374e7,SHADOW_COMBO_TREND|AKE|60|2026-07-17T07:00:00+00:00|LONG,AKE,LONG,60,2026-07-17T08:37:40+00:00,2026-07-17T19:00:00+00:00,RANGE,NORMAL,7.3857,BUONA,TARGET,21.86666666666667,2.186666666666667,R
2026-07-20T00:30:21+00:00,MAIN_PAPER_RESEARCH,SHADOW_COMBO_TREND,SHADOW_COMBO_TREND,SALTATO_DAL_PAPER,62063b43e31c19d9e817|AKE|LONG|60,62063b43e31c19d9e817,SHADOW_COMBO_TREND|AKE|60|2026-07-17T19:00:00+00:00|LONG,AKE,LONG,60,2026-07-17T20:38:43+00:00,2026-07-17T22:00:00+00:00,TRANSITION,NORMAL,7.6667,ALTA,STOP,-10.133333333333333,-1.0133333333333332,R
2026-07-20T00:30:21+00:00,MAIN_PAPER_RESEARCH,SHADOW_COMBO_TREND,SHADOW_COMBO_TREND,SALTATO_DAL_PAPER,fb8781ca9f9cd979fbc9|AKE|LONG|60,fb8781ca9f9cd979fbc9,SHADOW_COMBO_TREND|AKE|60|2026-07-17T22:00:00+00:00|LONG,AKE,LONG,60,2026-07-17T23:28:49+00:00,2026-07-18T05:00:00+00:00,TRANSITION,NORMAL,7.5,ALTA,TARGET,21.86666666666667,2.186666666666667,R
2026-07-20T00:30:21+00:00,MAIN_PAPER_RESEARCH,SHADOW_COMBO_TREND,SHADOW_COMBO_TREND,SALTATO_DAL_PAPER,39d82184e96456d15316|ESPORTS|LONG|60,39d82184e96456d15316,SHADOW_COMBO_TREND|ESPORTS|60|2026-07-18T04:00:00+00:00|LONG,ESPORTS,LONG,60,2026-07-18T05:38:29+00:00,2026-07-18T06:00:00+00:00,TRANSITION,NORMAL,7.0838,BUONA,STOP,-10.133333333333333,-1.0133333333333332,R
2026-07-20T00:30:21+00:00,MAIN_PAPER_RESEARCH,SHADOW_COMBO_TREND,SHADOW_COMBO_TREND,SALTATO_DAL_PAPER,400a7a9774e3b4349f53|ADA|LONG|60,400a7a9774e3b4349f53,SHADOW_COMBO_TREND|ADA|60|2026-07-18T03:00:00+00:00|LONG,ADA,LONG,60,2026-07-18T04:07:13+00:00,2026-07-18T13:00:00+00:00,TRANSITION,NORMAL,6.5671,BUONA,STOP,-10.804848406802599,-1.0804848406802599,R
2026-07-20T00:30:21+00:00,MAIN_PAPER_RESEARCH,SHADOW_COMBO_TREND,SHADOW_COMBO_TREND,SALTATO_DAL_PAPER,34563d6aec6898d78ab2|AKE|LONG|60,34563d6aec6898d78ab2,SHADOW_COMBO_TREND|AKE|60|2026-07-18T10:00:00+00:00|LONG,AKE,LONG,60,2026-07-18T11:08:29+00:00,2026-07-18T14:00:00+00:00,TRANSITION,NORMAL,7.4659,BUONA,STOP,-10.133333333333333,-1.0133333333333332,R
2026-07-20T00:30:21+00:00,MAIN_PAPER_RESEARCH,SHADOW_COMBO_TREND,SHADOW_COMBO_TREND,SALTATO_DAL_PAPER,422ea7b57350c37232e8|ESPORTS|LONG|60,422ea7b57350c37232e8,SHADOW_COMBO_TREND|ESPORTS|60|2026-07-18T16:00:00+00:00|LONG,ESPORTS,LONG,60,2026-07-18T17:08:29+00:00,2026-07-18T18:00:00+00:00,TRANSITION,NORMAL,6.9019,BUONA,TARGET,21.86666666666669,2.1866666666666688,R
2026-07-20T00:30:21+00:00,MAIN_PAPER_RESEARCH,SHADOW_COMBO_TREND,SHADOW_COMBO_TREND,SALTATO_DAL_PAPER,3ae2dd863a21912c44c5|ESPORTS|LONG|60,3ae2dd863a21912c44c5,SHADOW_COMBO_TREND|ESPORTS|60|2026-07-18T18:00:00+00:00|LONG,ESPORTS,LONG,60,2026-07-18T19:08:29+00:00,2026-07-18T20:00:00+00:00,TREND_UP,NORMAL,6.9331,BUONA,STOP,-10.133333333333333,-1.0133333333333332,R
2026-07-20T00:30:21+00:00,MAIN_PAPER_RESEARCH,SHADOW_COMBO_TREND,SHADOW_COMBO_TREND,SALTATO_DAL_PAPER,a6f6c1f3b28ae6db01f1|ESPORTS|LONG|60,a6f6c1f3b28ae6db01f1,SHADOW_COMBO_TREND|ESPORTS|60|2026-07-18T20:00:00+00:00|LONG,ESPORTS,LONG,60,2026-07-18T21:08:30+00:00,2026-07-18T22:00:00+00:00,TREND_UP,NORMAL,6.9102,BUONA,TARGET,21.86666666666667,2.186666666666667,R
2026-07-20T00:30:21+00:00,MAIN_PAPER_RESEARCH,SHADOW_COMBO_TREND,SHADOW_COMBO_TREND,SALTATO_DAL_PAPER,24867d36c522446da70c|AKE|LONG|60,24867d36c522446da70c,SHADOW_COMBO_TREND|AKE|60|2026-07-18T15:00:00+00:00|LONG,AKE,LONG,60,2026-07-18T16:08:30+00:00,2026-07-19T00:00:00+00:00,TRANSITION,NORMAL,7.215,BUONA,TARGET,21.86666666666667,2.186666666666667,R
2026-07-20T00:30:21+00:00,MAIN_PAPER_RESEARCH,SHADOW_COMBO_TREND,SHADOW_COMBO_TREND,SALTATO_DAL_PAPER,9afe668fa5f282488d75|BANK|LONG|60,9afe668fa5f282488d75,SHADOW_COMBO_TREND|BANK|60|2026-07-19T03:00:00+00:00|LONG,BANK,LONG,60,2026-07-19T04:08:30+00:00,2026-07-19T09:00:00+00:00,TREND_UP,NORMAL,7.3496,BUONA,TARGET,21.86666666666667,2.186666666666667,R
2026-07-20T00:30:21+00:00,MAIN_PAPER_RESEARCH,SHADOW_COMBO_TREND,SHADOW_COMBO_TREND,SALTATO_DAL_PAPER,7eeb17c16c0f6c046f5b|ESPORTS|LONG|60,7eeb17c16c0f6c046f5b,SHADOW_COMBO_TREND|ESPORTS|60|2026-07-19T08:00:00+00:00|LONG,ESPORTS,LONG,60,2026-07-19T09:08:30+00:00,2026-07-19T10:00:00+00:00,TREND_UP,LOW,6.9025,BUONA,STOP,-10.133333333333324,-1.0133333333333323,R
2026-07-20T00:30:21+00:00,MAIN_PAPER_RESEARCH,SHADOW_COMBO_TREND,SHADOW_COMBO_TREND,SALTATO_DAL_PAPER,a7876bacdba418f66ff2|BANK|LONG|60,a7876bacdba418f66ff2,SHADOW_COMBO_TREND|BANK|60|2026-07-19T09:00:00+00:00|LONG,BANK,LONG,60,2026-07-19T10:08:30+00:00,2026-07-19T11:00:00+00:00,ALT_ROTATION_UP,LOW,7.4216,BUONA,TARGET,21.86666666666667,2.186666666666667,R
2026-07-20T00:30:21+00:00,MAIN_PAPER_RESEARCH,SHADOW_COMBO_TREND,SHADOW_COMBO_TREND,SALTATO_DAL_PAPER,9b558887c6d0b0ea66e2|AKE|LONG|60,9b558887c6d0b0ea66e2,SHADOW_COMBO_TREND|AKE|60|2026-07-19T00:00:00+00:00|LONG,AKE,LONG,60,2026-07-19T01:08:29+00:00,2026-07-19T12:00:00+00:00,TREND_UP,NORMAL,7.0335,BUONA,STOP,-10.133333333333333,-1.0133333333333332,R
2026-07-20T00:30:21+00:00,MAIN_PAPER_RESEARCH,SHADOW_COMBO_TREND,SHADOW_COMBO_TREND,SALTATO_DAL_PAPER,02e9cf1c2ab5c0ef754a|BANK|LONG|60,02e9cf1c2ab5c0ef754a,SHADOW_COMBO_TREND|BANK|60|2026-07-19T11:00:00+00:00|LONG,BANK,LONG,60,2026-07-19T12:08:29+00:00,2026-07-19T15:00:00+00:00,ALT_ROTATION_UP,LOW,7.4991,BUONA,STOP,-10.133333333333344,-1.0133333333333343,R
2026-07-20T00:30:21+00:00,MAIN_PAPER_RESEARCH,SHADOW_COMBO_TREND,SHADOW_COMBO_TREND,SALTATO_DAL_PAPER,c66bd4de24eaffbbd98a|BANK|LONG|60,c66bd4de24eaffbbd98a,SHADOW_COMBO_TREND|BANK|60|2026-07-19T15:00:00+00:00|LONG,BANK,LONG,60,2026-07-19T16:08:29+00:00,2026-07-19T17:00:00+00:00,TREND_UP,LOW,7.4708,BUONA,TARGET,21.86666666666667,2.186666666666667,R
2026-07-20T00:30:21+00:00,MAIN_PAPER_RESEARCH,SHADOW_COMBO_TREND,SHADOW_COMBO_TREND,SALTATO_DAL_PAPER,557af438cf0bd217e6f1|ZEC|LONG|60,557af438cf0bd217e6f1,SHADOW_COMBO_TREND|ZEC|60|2026-07-19T05:00:00+00:00|LONG,ZEC,LONG,60,2026-07-19T06:08:29+00:00,2026-07-19T21:00:00+00:00,TREND_UP,NORMAL,5.6903,MEDIA,STOP,-10.761214956161178,-1.0761214956161178,R
2026-07-20T00:30:21+00:00,MAIN_PAPER_RESEARCH,SHADOW_DONCHIAN_1H,SHADOW_DONCHIAN_1H,PRESO_DAL_PAPER,3b50842f8cf58558bb1f|ZEC|LONG|60,3b50842f8cf58558bb1f,SHADOW_DONCHIAN_1H|ZEC|60|2026-07-14T13:00:00+00:00|LONG,ZEC,LONG,60,2026-07-14T14:14:00+00:00,2026-07-14T23:00:00+00:00,RANGE,NORMAL,6.751,BUONA,TARGET,24.449263040500096,2.4449263040500098,R
2026-07-20T00:30:21+00:00,MAIN_PAPER_RESEARCH,SHADOW_DONCHIAN_1H,SHADOW_DONCHIAN_1H,PRESO_DAL_PAPER,7fa09ae13c8fd206c465|HYPE|LONG|60,7fa09ae13c8fd206c465,SHADOW_DONCHIAN_1H|HYPE|60|2026-07-15T09:00:00+00:00|LONG,HYPE,LONG,60,2026-07-15T10:23:23+00:00,2026-07-16T00:00:00+00:00,TREND_UP,NORMAL,7.3353,BUONA,STOP,-10.753494684801474,-1.0753494684801475,R
2026-07-20T00:30:21+00:00,MAIN_PAPER_RESEARCH,SHADOW_DONCHIAN_1H,SHADOW_DONCHIAN_1H,SALTATO_DAL_PAPER,1dbb1308509f4521a520|ZEC|LONG|60,1dbb1308509f4521a520,SHADOW_DONCHIAN_1H|ZEC|60|2026-07-15T11:00:00+00:00|LONG,ZEC,LONG,60,2026-07-15T12:03:14+00:00,2026-07-16T08:00:00+00:00,TREND_UP,NORMAL,7.9121,ALTA,STOP,-10.540091680562776,-1.0540091680562775,R
2026-07-20T00:30:21+00:00,MAIN_PAPER_RESEARCH,SHADOW_DONCHIAN_1H,SHADOW_DONCHIAN_1H,SALTATO_DAL_PAPER,25bc6b6607fac73ec0c5|HYPE|SHORT|60,25bc6b6607fac73ec0c5,SHADOW_DONCHIAN_1H|HYPE|60|2026-07-16T12:00:00+00:00|SHORT,HYPE,SHORT,60,2026-07-16T13:07:43+00:00,2026-07-16T17:00:00+00:00,TRANSITION,NORMAL,-6.2117,BUONA,TARGET,24.13895871373748,2.413895871373748,R
2026-07-20T00:30:21+00:00,MAIN_PAPER_RESEARCH,SHADOW_DONCHIAN_1H,SHADOW_DONCHIAN_1H,PRESO_DAL_PAPER,ff3232116b59e32834ce|AKE|LONG|60,ff3232116b59e32834ce,SHADOW_DONCHIAN_1H|AKE|60|2026-07-16T12:00:00+00:00|LONG,AKE,LONG,60,2026-07-16T13:07:43+00:00,2026-07-16T18:00:00+00:00,TRANSITION,NORMAL,7.6338,ALTA,STOP,-10.133333333333333,-1.0133333333333332,R
2026-07-20T00:30:21+00:00,MAIN_PAPER_RESEARCH,SHADOW_DONCHIAN_1H,SHADOW_DONCHIAN_1H,SALTATO_DAL_PAPER,c59c46e016e9a2a6eecd|BTC|LONG|60,c59c46e016e9a2a6eecd,SHADOW_DONCHIAN_1H|BTC|60|2026-07-14T15:00:00+00:00|LONG,BTC,LONG,60,2026-07-14T16:00:54+00:00,2026-07-16T23:00:00+00:00,TREND_UP,NORMAL,7.0809,BUONA,STOP,-11.000000000000009,-1.100000000000001,R
2026-07-20T00:30:21+00:00,MAIN_PAPER_RESEARCH,SHADOW_DONCHIAN_1H,SHADOW_DONCHIAN_1H,PRESO_DAL_PAPER,5bfca43c41dc9b585a2a|ETH|LONG|60,5bfca43c41dc9b585a2a,SHADOW_DONCHIAN_1H|ETH|60|2026-07-14T13:00:00+00:00|LONG,ETH,LONG,60,2026-07-14T14:14:00+00:00,2026-07-17T05:00:00+00:00,RANGE,NORMAL,6.7786,BUONA,STOP,-10.873591333973952,-1.087359133397395,R
2026-07-20T00:30:21+00:00,MAIN_PAPER_RESEARCH,SHADOW_DONCHIAN_1H,SHADOW_DONCHIAN_1H,PRESO_DAL_PAPER,aea86e979a04001a119d|LAB|SHORT|60,aea86e979a04001a119d,SHADOW_DONCHIAN_1H|LAB|60|2026-07-14T23:00:00+00:00|SHORT,LAB,SHORT,60,2026-07-15T00:07:49+00:00,2026-07-17T07:00:00+00:00,TREND_UP,NORMAL,-6.1062,BUONA,TARGET,24.866666666666674,2.4866666666666672,R
2026-07-20T00:30:21+00:00,MAIN_PAPER_RESEARCH,SHADOW_DONCHIAN_1H,SHADOW_DONCHIAN_1H,SALTATO_DAL_PAPER,36738bb712f610937931|LAB|SHORT|60,36738bb712f610937931,SHADOW_DONCHIAN_1H|LAB|60|2026-07-17T07:00:00+00:00|SHORT,LAB,SHORT,60,2026-07-17T08:37:40+00:00,2026-07-17T13:00:00+00:00,RANGE,NORMAL,-6.7791,BUONA,STOP,-10.133333333333344,-1.0133333333333343,R
2026-07-20T00:30:21+00:00,MAIN_PAPER_RESEARCH,SHADOW_DONCHIAN_1H,SHADOW_DONCHIAN_1H,PRESO_DAL_PAPER,ae3137963bd37f4678d0|ADA|SHORT|60,ae3137963bd37f4678d0,SHADOW_DONCHIAN_1H|ADA|60|2026-07-16T08:00:00+00:00|SHORT,ADA,SHORT,60,2026-07-16T09:22:54+00:00,2026-07-17T16:00:00+00:00,TRANSITION,NORMAL,-6.292,BUONA,STOP,-10.818485494902408,-1.0818485494902408,R
2026-07-20T00:30:21+00:00,MAIN_PAPER_RESEARCH,SHADOW_DONCHIAN_1H,SHADOW_DONCHIAN_1H,SALTATO_DAL_PAPER,7d0868092c47cfc37e45|BTC|SHORT|60,7d0868092c47cfc37e45,SHADOW_DONCHIAN_1H|BTC|60|2026-07-17T05:00:00+00:00|SHORT,BTC,SHORT,60,2026-07-17T06:30:10+00:00,2026-07-17T17:00:00+00:00,RANGE,NORMAL,-6.9602,BUONA,STOP,-11.000000000000009,-1.100000000000001,R
2026-07-20T00:30:21+00:00,MAIN_PAPER_RESEARCH,SHADOW_DONCHIAN_1H,SHADOW_DONCHIAN_1H,PRESO_DAL_PAPER,62063b43e31c19d9e817|AKE|LONG|60,62063b43e31c19d9e817,SHADOW_DONCHIAN_1H|AKE|60|2026-07-17T19:00:00+00:00|LONG,AKE,LONG,60,2026-07-17T20:38:43+00:00,2026-07-17T22:00:00+00:00,TRANSITION,NORMAL,8.0,ALTA,STOP,-10.133333333333333,-1.0133333333333332,R
2026-07-20T00:30:21+00:00,MAIN_PAPER_RESEARCH,SHADOW_DONCHIAN_1H,SHADOW_DONCHIAN_1H,SALTATO_DAL_PAPER,c7dcd9756db2c485ce15|SOL|SHORT|60,c7dcd9756db2c485ce15,SHADOW_DONCHIAN_1H|SOL|60|2026-07-17T05:00:00+00:00|SHORT,SOL,SHORT,60,2026-07-17T06:30:10+00:00,2026-07-19T02:00:00+00:00,RANGE,NORMAL,-7.0984,BUONA,STOP,-11.000000000000009,-1.100000000000001,R
2026-07-20T00:30:21+00:00,MAIN_PAPER_RESEARCH,SHADOW_DONCHIAN_1H,SHADOW_DONCHIAN_1H,PRESO_DAL_PAPER,24f999a649df386f2142|ADA|LONG|60,24f999a649df386f2142,SHADOW_DONCHIAN_1H|ADA|60|2026-07-19T02:00:00+00:00|LONG,ADA,LONG,60,2026-07-19T03:08:29+00:00,2026-07-19T09:00:00+00:00,TREND_UP,NORMAL,5.9715,MEDIA,STOP,-10.99999999999994,-1.0999999999999939,R
2026-07-20T00:30:21+00:00,MAIN_PAPER_RESEARCH,SHADOW_DONCHIAN_1H,SHADOW_DONCHIAN_1H,SALTATO_DAL_PAPER,5c294ccd55e1e1d0e6e0|BANK|LONG|60,5c294ccd55e1e1d0e6e0,SHADOW_DONCHIAN_1H|BANK|60|2026-07-19T08:00:00+00:00|LONG,BANK,LONG,60,2026-07-19T09:08:30+00:00,2026-07-19T11:00:00+00:00,TREND_UP,LOW,7.6101,ALTA,TARGET,24.866666666666674,2.4866666666666672,R
2026-07-20T00:30:21+00:00,MAIN_PAPER_RESEARCH,SHADOW_DONCHIAN_1H,SHADOW_DONCHIAN_1H,SALTATO_DAL_PAPER,02e9cf1c2ab5c0ef754a|BANK|LONG|60,02e9cf1c2ab5c0ef754a,SHADOW_DONCHIAN_1H|BANK|60|2026-07-19T11:00:00+00:00|LONG,BANK,LONG,60,2026-07-19T12:08:29+00:00,2026-07-19T15:00:00+00:00,ALT_ROTATION_UP,LOW,7.7487,ALTA,STOP,-10.133333333333344,-1.0133333333333343,R
2026-07-20T00:30:21+00:00,MAIN_PAPER_RESEARCH,SHADOW_DONCHIAN_1H,SHADOW_DONCHIAN_1H,SALTATO_DAL_PAPER,6b84080ca8e4ad65f881|ZEC|LONG|60,6b84080ca8e4ad65f881,SHADOW_DONCHIAN_1H|ZEC|60|2026-07-19T08:00:00+00:00|LONG,ZEC,LONG,60,2026-07-19T09:08:30+00:00,2026-07-19T16:00:00+00:00,TREND_UP,LOW,6.2261,BUONA,STOP,-10.777063041667567,-1.0777063041667567,R
2026-07-20T00:30:21+00:00,MAIN_PAPER_RESEARCH,SHADOW_EMA_TREND_1H,SHADOW_EMA_TREND_1H,PRESO_DAL_PAPER,01ae4869a6167f022163|LAB|SHORT|60,01ae4869a6167f022163,SHADOW_EMA_TREND_1H|LAB|60|2026-07-14T10:00:00+00:00|SHORT,LAB,SHORT,60,2026-07-14T11:10:11+00:00,2026-07-14T12:00:00+00:00,RANGE,NORMAL,-6.4947,BUONA,STOP,-10.133333333333344,-1.0133333333333343,R
2026-07-20T00:30:21+00:00,MAIN_PAPER_RESEARCH,SHADOW_EMA_TREND_1H,SHADOW_EMA_TREND_1H,SALTATO_DAL_PAPER,7a0b0e212b8b755d9a5c|PEPE|LONG|60,7a0b0e212b8b755d9a5c,SHADOW_EMA_TREND_1H|PEPE|60|2026-07-14T16:00:00+00:00|LONG,PEPE,LONG,60,2026-07-14T17:23:04+00:00,2026-07-15T07:00:00+00:00,TREND_UP,NORMAL,5.8131,MEDIA,STOP,-10.633176885877779,-1.063317688587778,R
2026-07-20T00:30:21+00:00,MAIN_PAPER_RESEARCH,SHADOW_EMA_TREND_1H,SHADOW_EMA_TREND_1H,SALTATO_DAL_PAPER,1f094ab89016f47362b8|ZEC|LONG|60,1f094ab89016f47362b8,SHADOW_EMA_TREND_1H|ZEC|60|2026-07-14T15:00:00+00:00|LONG,ZEC,LONG,60,2026-07-14T16:00:54+00:00,2026-07-15T11:00:00+00:00,TREND_UP,NORMAL,5.9325,MEDIA,TARGET,21.474687800002915,2.1474687800002914,R
2026-07-20T00:30:21+00:00,MAIN_PAPER_RESEARCH,SHADOW_EMA_TREND_1H,SHADOW_EMA_TREND_1H,SALTATO_DAL_PAPER,385b82606e3437b1d325|AKE|LONG|60,385b82606e3437b1d325,SHADOW_EMA_TREND_1H|AKE|60|2026-07-15T16:00:00+00:00|LONG,AKE,LONG,60,2026-07-15T17:23:15+00:00,2026-07-15T18:00:00+00:00,TREND_UP,NORMAL,7.0,BUONA,STOP,-10.133333333333344,-1.0133333333333343,R
2026-07-20T00:30:21+00:00,MAIN_PAPER_RESEARCH,SHADOW_EMA_TREND_1H,SHADOW_EMA_TREND_1H,SALTATO_DAL_PAPER,2315badea36fa083a73b|SOL|LONG|60,2315badea36fa083a73b,SHADOW_EMA_TREND_1H|SOL|60|2026-07-15T13:00:00+00:00|LONG,SOL,LONG,60,2026-07-15T14:02:36+00:00,2026-07-15T19:00:00+00:00,TREND_UP,NORMAL,6.2574,BUONA,STOP,-10.993888208696587,-1.0993888208696587,R
2026-07-20T00:30:21+00:00,MAIN_PAPER_RESEARCH,SHADOW_EMA_TREND_1H,SHADOW_EMA_TREND_1H,SALTATO_DAL_PAPER,7fa09ae13c8fd206c465|HYPE|LONG|60,7fa09ae13c8fd206c465,SHADOW_EMA_TREND_1H|HYPE|60|2026-07-15T09:00:00+00:00|LONG,HYPE,LONG,60,2026-07-15T10:23:23+00:00,2026-07-16T00:00:00+00:00,TREND_UP,NORMAL,6.3353,BUONA,STOP,-10.753494684801474,-1.0753494684801475,R
2026-07-20T00:30:21+00:00,MAIN_PAPER_RESEARCH,SHADOW_EMA_TREND_1H,SHADOW_EMA_TREND_1H,SALTATO_DAL_PAPER,1dbb1308509f4521a520|ZEC|LONG|60,1dbb1308509f4521a520,SHADOW_EMA_TREND_1H|ZEC|60|2026-07-15T11:00:00+00:00|LONG,ZEC,LONG,60,2026-07-15T12:03:14+00:00,2026-07-16T08:00:00+00:00,TREND_UP,NORMAL,6.9121,BUONA,STOP,-10.540091680562776,-1.0540091680562775,R
2026-07-20T00:30:21+00:00,MAIN_PAPER_RESEARCH,SHADOW_EMA_TREND_1H,SHADOW_EMA_TREND_1H,SALTATO_DAL_PAPER,4a5b74a6fa8305ab5934|AKE|LONG|60,4a5b74a6fa8305ab5934,SHADOW_EMA_TREND_1H|AKE|60|2026-07-16T00:00:00+00:00|LONG,AKE,LONG,60,2026-07-16T01:10:09+00:00,2026-07-16T07:00:00+00:00,TREND_UP,NORMAL,7.0,BUONA,TARGET,21.86666666666667,2.186666666666667,R
2026-07-20T00:30:21+00:00,MAIN_PAPER_RESEARCH,SHADOW_EMA_TREND_1H,SHADOW_EMA_TREND_1H,SALTATO_DAL_PAPER,ea262009c5d6353c9fb1|SUI|LONG|60,ea262009c5d6353c9fb1,SHADOW_EMA_TREND_1H|SUI|60|2026-07-14T15:00:00+00:00|LONG,SUI,LONG,60,2026-07-14T16:00:54+00:00,2026-07-15T16:00:00+00:00,TREND_UP,NORMAL,5.9799,MEDIA,STOP,-10.790972238357531,-1.079097223835753,R
2026-07-20T00:30:21+00:00,MAIN_PAPER_RESEARCH,SHADOW_EMA_TREND_1H,SHADOW_EMA_TREND_1H,SALTATO_DAL_PAPER,f5af20a4c613e0f3c161|XRP|LONG|60,f5af20a4c613e0f3c161,SHADOW_EMA_TREND_1H|XRP|60|2026-07-15T16:00:00+00:00|LONG,XRP,LONG,60,2026-07-15T17:23:15+00:00,2026-07-16T17:00:00+00:00,TREND_UP,NORMAL,6.3537,BUONA,STOP,-11.000000000000009,-1.100000000000001,R
2026-07-20T00:30:21+00:00,MAIN_PAPER_RESEARCH,SHADOW_EMA_TREND_1H,SHADOW_EMA_TREND_1H,SALTATO_DAL_PAPER,b7549bd1de97a5ddf95d|AKE|LONG|60,b7549bd1de97a5ddf95d,SHADOW_EMA_TREND_1H|AKE|60|2026-07-16T08:00:00+00:00|LONG,AKE,LONG,60,2026-07-16T09:22:54+00:00,2026-07-16T17:00:00+00:00,TRANSITION,NORMAL,7.0,BUONA,TARGET,21.86666666666667,2.186666666666667,R
2026-07-20T00:30:21+00:00,MAIN_PAPER_RESEARCH,SHADOW_EMA_TREND_1H,SHADOW_EMA_TREND_1H,SALTATO_DAL_PAPER,e88dd75a87d537b48d67|HYPE|SHORT|60,e88dd75a87d537b48d67,SHADOW_EMA_TREND_1H|HYPE|60|2026-07-16T14:00:00+00:00|SHORT,HYPE,SHORT,60,2026-07-16T15:09:34+00:00,2026-07-16T17:00:00+00:00,TRANSITION,NORMAL,-6.0043,BUONA,TARGET,21.12764995777294,2.1127649957772943,R
2026-07-20T00:30:21+00:00,MAIN_PAPER_RESEARCH,SHADOW_EMA_TREND_1H,SHADOW_EMA_TREND_1H,PRESO_DAL_PAPER,c59c46e016e9a2a6eecd|BTC|LONG|60,c59c46e016e9a2a6eecd,SHADOW_EMA_TREND_1H|BTC|60|2026-07-14T15:00:00+00:00|LONG,BTC,LONG,60,2026-07-14T16:00:54+00:00,2026-07-16T23:00:00+00:00,TREND_UP,NORMAL,6.0809,BUONA,STOP,-11.000000000000009,-1.100000000000001,R
2026-07-20T00:30:21+00:00,MAIN_PAPER_RESEARCH,SHADOW_EMA_TREND_1H,SHADOW_EMA_TREND_1H,SALTATO_DAL_PAPER,620f7e280cfd0208ddd2|XLM|LONG|60,620f7e280cfd0208ddd2,SHADOW_EMA_TREND_1H|XLM|60|2026-07-16T12:00:00+00:00|LONG,XLM,LONG,60,2026-07-16T13:07:43+00:00,2026-07-16T23:00:00+00:00,TRANSITION,NORMAL,5.9889,MEDIA,STOP,-10.648047190796433,-1.0648047190796432,R
2026-07-20T00:30:21+00:00,MAIN_PAPER_RESEARCH,SHADOW_EMA_TREND_1H,SHADOW_EMA_TREND_1H,SALTATO_DAL_PAPER,aea86e979a04001a119d|LAB|SHORT|60,aea86e979a04001a119d,SHADOW_EMA_TREND_1H|LAB|60|2026-07-14T23:00:00+00:00|SHORT,LAB,SHORT,60,2026-07-15T00:07:49+00:00,2026-07-17T02:00:00+00:00,TREND_UP,NORMAL,-6.1062,BUONA,TARGET,21.86666666666667,2.186666666666667,R
2026-07-20T00:30:21+00:00,MAIN_PAPER_RESEARCH,SHADOW_EMA_TREND_1H,SHADOW_EMA_TREND_1H,SALTATO_DAL_PAPER,a43050491cb5fc758cb9|ETH|LONG|60,a43050491cb5fc758cb9,SHADOW_EMA_TREND_1H|ETH|60|2026-07-14T15:00:00+00:00|LONG,ETH,LONG,60,2026-07-14T16:00:54+00:00,2026-07-17T05:00:00+00:00,TREND_UP,NORMAL,6.032,BUONA,STOP,-10.855057128504377,-1.0855057128504377,R
2026-07-20T00:30:21+00:00,MAIN_PAPER_RESEARCH,SHADOW_EMA_TREND_1H,SHADOW_EMA_TREND_1H,SALTATO_DAL_PAPER,abbb953f2f88585c090e|HYPE|SHORT|60,abbb953f2f88585c090e,SHADOW_EMA_TREND_1H|HYPE|60|2026-07-16T18:00:00+00:00|SHORT,HYPE,SHORT,60,2026-07-16T19:24:41+00:00,2026-07-17T05:00:00+00:00,TRANSITION,NORMAL,-6.3459,BUONA,TARGET,21.345228663377537,2.1345228663377536,R
2026-07-20T00:30:21+00:00,MAIN_PAPER_RESEARCH,SHADOW_EMA_TREND_1H,SHADOW_EMA_TREND_1H,SALTATO_DAL_PAPER,8153c951ad51557f395c|ONDO|LONG|60,8153c951ad51557f395c,SHADOW_EMA_TREND_1H|ONDO|60|2026-07-16T14:00:00+00:00|LONG,ONDO,LONG,60,2026-07-16T15:09:34+00:00,2026-07-16T21:00:00+00:00,TRANSITION,NORMAL,7.0,BUONA,STOP,-10.382825857781146,-1.0382825857781146,R
2026-07-20T00:30:21+00:00,MAIN_PAPER_RESEARCH,SHADOW_EMA_TREND_1H,SHADOW_EMA_TREND_1H,SALTATO_DAL_PAPER,d44ae15eca69c42da6c3|HYPE|SHORT|60,d44ae15eca69c42da6c3,SHADOW_EMA_TREND_1H|HYPE|60|2026-07-17T05:00:00+00:00|SHORT,HYPE,SHORT,60,2026-07-17T06:30:10+00:00,2026-07-17T09:00:00+00:00,RANGE,NORMAL,-7.0,BUONA,STOP,-10.54538990435565,-1.054538990435565,R
2026-07-20T00:30:21+00:00,MAIN_PAPER_RESEARCH,SHADOW_EMA_TREND_1H,SHADOW_EMA_TREND_1H,SALTATO_DAL_PAPER,61d196706b4499da4b16|LAB|SHORT|60,61d196706b4499da4b16,SHADOW_EMA_TREND_1H|LAB|60|2026-07-17T09:00:00+00:00|SHORT,LAB,SHORT,60,2026-07-17T10:27:00+00:00,2026-07-17T13:00:00+00:00,RANGE,NORMAL,-5.8791,MEDIA,STOP,-10.133333333333344,-1.0133333333333343,R
2026-07-20T00:30:21+00:00,MAIN_PAPER_RESEARCH,SHADOW_EMA_TREND_1H,SHADOW_EMA_TREND_1H,SALTATO_DAL_PAPER,7d0868092c47cfc37e45|BTC|SHORT|60,7d0868092c47cfc37e45,SHADOW_EMA_TREND_1H|BTC|60|2026-07-17T05:00:00+00:00|SHORT,BTC,SHORT,60,2026-07-17T06:30:10+00:00,2026-07-17T17:00:00+00:00,RANGE,NORMAL,-5.9602,MEDIA,STOP,-11.000000000000009,-1.100000000000001,R
2026-07-20T00:30:21+00:00,MAIN_PAPER_RESEARCH,SHADOW_EMA_TREND_1H,SHADOW_EMA_TREND_1H,SALTATO_DAL_PAPER,d55301341f7eb4451ec4|ETH|SHORT|60,d55301341f7eb4451ec4,SHADOW_EMA_TREND_1H|ETH|60|2026-07-17T14:00:00+00:00|SHORT,ETH,SHORT,60,2026-07-17T15:20:34+00:00,2026-07-17T17:00:00+00:00,RANGE,NORMAL,-6.6877,BUONA,STOP,-11.000000000000009,-1.100000000000001,R
2026-07-20T00:30:21+00:00,MAIN_PAPER_RESEARCH,SHADOW_EMA_TREND_1H,SHADOW_EMA_TREND_1H,SALTATO_DAL_PAPER,431d43928b029c2374e7|AKE|LONG|60,431d43928b029c2374e7,SHADOW_EMA_TREND_1H|AKE|60|2026-07-17T07:00:00+00:00|LONG,AKE,LONG,60,2026-07-17T08:37:40+00:00,2026-07-17T19:00:00+00:00,RANGE,NORMAL,6.7714,BUONA,TARGET,21.86666666666667,2.186666666666667,R
2026-07-20T00:30:21+00:00,MAIN_PAPER_RESEARCH,SHADOW_EMA_TREND_1H,SHADOW_EMA_TREND_1H,SALTATO_DAL_PAPER,62063b43e31c19d9e817|AKE|LONG|60,62063b43e31c19d9e817,SHADOW_EMA_TREND_1H|AKE|60|2026-07-17T19:00:00+00:00|LONG,AKE,LONG,60,2026-07-17T20:38:43+00:00,2026-07-17T22:00:00+00:00,TRANSITION,NORMAL,7.0,BUONA,STOP,-10.133333333333333,-1.0133333333333332,R
2026-07-20T00:30:21+00:00,MAIN_PAPER_RESEARCH,SHADOW_EMA_TREND_1H,SHADOW_EMA_TREND_1H,SALTATO_DAL_PAPER,fb8781ca9f9cd979fbc9|AKE|LONG|60,fb8781ca9f9cd979fbc9,SHADOW_EMA_TREND_1H|AKE|60|2026-07-17T22:00:00+00:00|LONG,AKE,LONG,60,2026-07-17T23:28:49+00:00,2026-07-18T05:00:00+00:00,TRANSITION,NORMAL,7.0,BUONA,TARGET,21.86666666666667,2.186666666666667,R
2026-07-20T00:30:21+00:00,MAIN_PAPER_RESEARCH,SHADOW_EMA_TREND_1H,SHADOW_EMA_TREND_1H,SALTATO_DAL_PAPER,39d82184e96456d15316|ESPORTS|LONG|60,39d82184e96456d15316,SHADOW_EMA_TREND_1H|ESPORTS|60|2026-07-18T04:00:00+00:00|LONG,ESPORTS,LONG,60,2026-07-18T05:38:29+00:00,2026-07-18T06:00:00+00:00,TRANSITION,NORMAL,6.1677,BUONA,STOP,-10.133333333333333,-1.0133333333333332,R
2026-07-20T00:30:21+00:00,MAIN_PAPER_RESEARCH,SHADOW_EMA_TREND_1H,SHADOW_EMA_TREND_1H,SALTATO_DAL_PAPER,400a7a9774e3b4349f53|ADA|LONG|60,400a7a9774e3b4349f53,SHADOW_EMA_TREND_1H|ADA|60|2026-07-18T03:00:00+00:00|LONG,ADA,LONG,60,2026-07-18T04:07:13+00:00,2026-07-18T13:00:00+00:00,TRANSITION,NORMAL,6.2296,BUONA,STOP,-10.804848406802599,-1.0804848406802599,R
2026-07-20T00:30:21+00:00,MAIN_PAPER_RESEARCH,SHADOW_EMA_TREND_1H,SHADOW_EMA_TREND_1H,SALTATO_DAL_PAPER,34563d6aec6898d78ab2|AKE|LONG|60,34563d6aec6898d78ab2,SHADOW_EMA_TREND_1H|AKE|60|2026-07-18T10:00:00+00:00|LONG,AKE,LONG,60,2026-07-18T11:08:29+00:00,2026-07-18T14:00:00+00:00,TRANSITION,NORMAL,6.9317,BUONA,STOP,-10.133333333333333,-1.0133333333333332,R
2026-07-20T00:30:21+00:00,MAIN_PAPER_RESEARCH,SHADOW_EMA_TREND_1H,SHADOW_EMA_TREND_1H,SALTATO_DAL_PAPER,422ea7b57350c37232e8|ESPORTS|LONG|60,422ea7b57350c37232e8,SHADOW_EMA_TREND_1H|ESPORTS|60|2026-07-18T16:00:00+00:00|LONG,ESPORTS,LONG,60,2026-07-18T17:08:29+00:00,2026-07-18T18:00:00+00:00,TRANSITION,NORMAL,5.8038,MEDIA,TARGET,21.86666666666669,2.1866666666666688,R
2026-07-20T00:30:21+00:00,MAIN_PAPER_RESEARCH,SHADOW_EMA_TREND_1H,SHADOW_EMA_TREND_1H,SALTATO_DAL_PAPER,3ae2dd863a21912c44c5|ESPORTS|LONG|60,3ae2dd863a21912c44c5,SHADOW_EMA_TREND_1H|ESPORTS|60|2026-07-18T18:00:00+00:00|LONG,ESPORTS,LONG,60,2026-07-18T19:08:29+00:00,2026-07-18T20:00:00+00:00,TREND_UP,NORMAL,5.8663,MEDIA,STOP,-10.133333333333333,-1.0133333333333332,R
2026-07-20T00:30:21+00:00,MAIN_PAPER_RESEARCH,SHADOW_EMA_TREND_1H,SHADOW_EMA_TREND_1H,SALTATO_DAL_PAPER,a6f6c1f3b28ae6db01f1|ESPORTS|LONG|60,a6f6c1f3b28ae6db01f1,SHADOW_EMA_TREND_1H|ESPORTS|60|2026-07-18T20:00:00+00:00|LONG,ESPORTS,LONG,60,2026-07-18T21:08:30+00:00,2026-07-18T22:00:00+00:00,TREND_UP,NORMAL,5.8204,MEDIA,TARGET,21.86666666666667,2.186666666666667,R
2026-07-20T00:30:21+00:00,MAIN_PAPER_RESEARCH,SHADOW_EMA_TREND_1H,SHADOW_EMA_TREND_1H,SALTATO_DAL_PAPER,24867d36c522446da70c|AKE|LONG|60,24867d36c522446da70c,SHADOW_EMA_TREND_1H|AKE|60|2026-07-18T15:00:00+00:00|LONG,AKE,LONG,60,2026-07-18T16:08:30+00:00,2026-07-19T00:00:00+00:00,TRANSITION,NORMAL,6.43,BUONA,TARGET,21.86666666666667,2.186666666666667,R
2026-07-20T00:30:21+00:00,MAIN_PAPER_RESEARCH,SHADOW_EMA_TREND_1H,SHADOW_EMA_TREND_1H,SALTATO_DAL_PAPER,9afe668fa5f282488d75|BANK|LONG|60,9afe668fa5f282488d75,SHADOW_EMA_TREND_1H|BANK|60|2026-07-19T03:00:00+00:00|LONG,BANK,LONG,60,2026-07-19T04:08:30+00:00,2026-07-19T09:00:00+00:00,TREND_UP,NORMAL,6.6993,BUONA,TARGET,21.86666666666667,2.186666666666667,R
2026-07-20T00:30:21+00:00,MAIN_PAPER_RESEARCH,SHADOW_EMA_TREND_1H,SHADOW_EMA_TREND_1H,SALTATO_DAL_PAPER,7eeb17c16c0f6c046f5b|ESPORTS|LONG|60,7eeb17c16c0f6c046f5b,SHADOW_EMA_TREND_1H|ESPORTS|60|2026-07-19T08:00:00+00:00|LONG,ESPORTS,LONG,60,2026-07-19T09:08:30+00:00,2026-07-19T10:00:00+00:00,TREND_UP,LOW,5.805,MEDIA,STOP,-10.133333333333324,-1.0133333333333323,R
2026-07-20T00:30:21+00:00,MAIN_PAPER_RESEARCH,SHADOW_EMA_TREND_1H,SHADOW_EMA_TREND_1H,SALTATO_DAL_PAPER,a7876bacdba418f66ff2|BANK|LONG|60,a7876bacdba418f66ff2,SHADOW_EMA_TREND_1H|BANK|60|2026-07-19T09:00:00+00:00|LONG,BANK,LONG,60,2026-07-19T10:08:30+00:00,2026-07-19T11:00:00+00:00,ALT_ROTATION_UP,LOW,6.6324,BUONA,TARGET,21.86666666666667,2.186666666666667,R
2026-07-20T00:30:21+00:00,MAIN_PAPER_RESEARCH,SHADOW_EMA_TREND_1H,SHADOW_EMA_TREND_1H,SALTATO_DAL_PAPER,9b558887c6d0b0ea66e2|AKE|LONG|60,9b558887c6d0b0ea66e2,SHADOW_EMA_TREND_1H|AKE|60|2026-07-19T00:00:00+00:00|LONG,AKE,LONG,60,2026-07-19T01:08:29+00:00,2026-07-19T12:00:00+00:00,TREND_UP,NORMAL,6.067,BUONA,STOP,-10.133333333333333,-1.0133333333333332,R
2026-07-20T00:30:21+00:00,MAIN_PAPER_RESEARCH,SHADOW_EMA_TREND_1H,SHADOW_EMA_TREND_1H,SALTATO_DAL_PAPER,02e9cf1c2ab5c0ef754a|BANK|LONG|60,02e9cf1c2ab5c0ef754a,SHADOW_EMA_TREND_1H|BANK|60|2026-07-19T11:00:00+00:00|LONG,BANK,LONG,60,2026-07-19T12:08:29+00:00,2026-07-19T15:00:00+00:00,ALT_ROTATION_UP,LOW,6.7487,BUONA,STOP,-10.133333333333344,-1.0133333333333343,R
2026-07-20T00:30:21+00:00,MAIN_PAPER_RESEARCH,SHADOW_EMA_TREND_1H,SHADOW_EMA_TREND_1H,SALTATO_DAL_PAPER,c66bd4de24eaffbbd98a|BANK|LONG|60,c66bd4de24eaffbbd98a,SHADOW_EMA_TREND_1H|BANK|60|2026-07-19T15:00:00+00:00|LONG,BANK,LONG,60,2026-07-19T16:08:29+00:00,2026-07-19T17:00:00+00:00,TREND_UP,LOW,6.9416,BUONA,TARGET,21.86666666666667,2.186666666666667,R
2026-07-20T00:30:21+00:00,MAIN_PAPER_RESEARCH,SHADOW_EMA_TREND_1H,SHADOW_EMA_TREND_1H,SALTATO_DAL_PAPER,487cb5251a2c5a987cb5|ZEC|LONG|60,487cb5251a2c5a987cb5,SHADOW_EMA_TREND_1H|ZEC|60|2026-07-18T17:00:00+00:00|LONG,ZEC,LONG,60,2026-07-18T18:08:30+00:00,2026-07-19T22:00:00+00:00,TREND_UP,NORMAL,5.8039,MEDIA,STOP,-10.63323552482952,-1.0633235524829519,R
2026-07-20T00:30:21+00:00,MAIN_PAPER_RESEARCH,SHADOW_ETH_ADAPTIVE_1H,SHADOW_ETH_ADAPTIVE_1H,PRESO_DAL_PAPER,d55301341f7eb4451ec4|ETH|SHORT|60,d55301341f7eb4451ec4,SHADOW_ETH_ADAPTIVE_1H|ETH|60|2026-07-17T14:00:00+00:00|SHORT,ETH,SHORT,60,2026-07-17T15:20:34+00:00,2026-07-17T16:00:00+00:00,RANGE,NORMAL,-6.1631,BUONA,STOP,-11.11111111111109,-1.111111111111109,R
2026-07-20T00:30:21+00:00,MAIN_PAPER_RESEARCH,SHADOW_ETH_EMA_1H,SHADOW_ETH_EMA_1H,PRESO_DAL_PAPER,d55301341f7eb4451ec4|ETH|SHORT|60,d55301341f7eb4451ec4,SHADOW_ETH_EMA_1H|ETH|60|2026-07-17T14:00:00+00:00|SHORT,ETH,SHORT,60,2026-07-17T15:20:34+00:00,2026-07-17T16:00:00+00:00,RANGE,NORMAL,-6.6877,BUONA,STOP,-11.11111111111109,-1.111111111111109,R
2026-07-20T00:30:21+00:00,MAIN_PAPER_RESEARCH,SHADOW_GLOBAL_PURE,SHADOW_GLOBAL_PURE,PRESO_DAL_PAPER,2a874de1fb651cc32211|BTC|LONG|60,2a874de1fb651cc32211,SHADOW_GLOBAL_PURE|BTC|60|2026-07-14T22:00:00+00:00|LONG,BTC,LONG,60,2026-07-14T23:13:20+00:00,2026-07-16T08:00:00+00:00,ALT_ROTATION_UP,NORMAL,6.3333,BUONA,STOP,-11.000000000000009,-1.100000000000001,R
2026-07-20T00:30:21+00:00,MAIN_PAPER_RESEARCH,Forza relativa 1H V1,SHADOW_RELATIVE_STRENGTH,SALTATO_DAL_PAPER,3318b687aa41d1cf124d|ETH|LONG|60,3318b687aa41d1cf124d,SHADOW_RELATIVE_STRENGTH|ETH|60|2026-07-13T00:00:00+00:00|LONG,ETH,LONG,60,2026-07-13T01:07:33+00:00,2026-07-13T03:00:00+00:00,ALT_ROTATION_UP,NORMAL,5.9502,MEDIA,STOP,-11.11111111111109,-1.111111111111109,R
2026-07-20T00:30:21+00:00,MAIN_PAPER_RESEARCH,Forza relativa 1H V1,SHADOW_RELATIVE_STRENGTH,SALTATO_DAL_PAPER,bbdc3c282207bdf0fb4a|ZEC|LONG|60,bbdc3c282207bdf0fb4a,SHADOW_RELATIVE_STRENGTH|ZEC|60|2026-07-13T00:00:00+00:00|LONG,ZEC,LONG,60,2026-07-13T01:07:33+00:00,2026-07-13T03:00:00+00:00,ALT_ROTATION_UP,NORMAL,5.605,MEDIA,STOP,-10.60491859308036,-1.060491859308036,R
2026-07-20T00:30:21+00:00,MAIN_PAPER_RESEARCH,Forza relativa 1H V1,SHADOW_RELATIVE_STRENGTH,SALTATO_DAL_PAPER,6e684b7bbe54a9b5da0b|PEPE|LONG|60,6e684b7bbe54a9b5da0b,SHADOW_RELATIVE_STRENGTH|PEPE|60|2026-07-13T00:00:00+00:00|LONG,PEPE,LONG,60,2026-07-13T01:07:33+00:00,2026-07-13T03:00:00+00:00,ALT_ROTATION_UP,NORMAL,5.2781,MEDIA,STOP,-10.80495530485669,-1.0804955304856692,R
2026-07-20T00:30:21+00:00,MAIN_PAPER_RESEARCH,Forza relativa 1H V1,SHADOW_RELATIVE_STRENGTH,SALTATO_DAL_PAPER,48afad9bc3a9d65feb29|T|LONG|60,48afad9bc3a9d65feb29,SHADOW_RELATIVE_STRENGTH|T|60|2026-07-13T00:00:00+00:00|LONG,T,LONG,60,2026-07-13T01:07:33+00:00,2026-07-13T06:00:00+00:00,ALT_ROTATION_UP,NORMAL,6.25,BUONA,STOP,-10.162714451290773,-1.0162714451290773,R
2026-07-20T00:30:21+00:00,MAIN_PAPER_RESEARCH,Forza relativa 1H V1,SHADOW_RELATIVE_STRENGTH,PRESO_DAL_PAPER,b70b260e5d673e8663c2|EVAA|SHORT|60,b70b260e5d673e8663c2,SHADOW_RELATIVE_STRENGTH|EVAA|60|2026-07-13T07:00:00+00:00|SHORT,EVAA,SHORT,60,2026-07-13T08:02:22+00:00,2026-07-13T09:00:00+00:00,RANGE,NORMAL,-7.75,ALTA,STOP,-10.133333333333344,-1.0133333333333343,R
2026-07-20T00:30:21+00:00,MAIN_PAPER_RESEARCH,Forza relativa 1H V1,SHADOW_RELATIVE_STRENGTH,SALTATO_DAL_PAPER,2c50851666eba7a09625|LAB|SHORT|60,2c50851666eba7a09625,SHADOW_RELATIVE_STRENGTH|LAB|60|2026-07-13T00:00:00+00:00|SHORT,LAB,SHORT,60,2026-07-13T01:07:33+00:00,2026-07-13T14:00:00+00:00,ALT_ROTATION_UP,NORMAL,-7.75,ALTA,TARGET,21.86666666666667,2.186666666666667,R
2026-07-20T00:30:21+00:00,MAIN_PAPER_RESEARCH,Forza relativa 1H V1,SHADOW_RELATIVE_STRENGTH,PRESO_DAL_PAPER,40ff0427d48373107e54|VELVET|LONG|60,40ff0427d48373107e54,SHADOW_RELATIVE_STRENGTH|VELVET|60|2026-07-13T09:00:00+00:00|LONG,VELVET,LONG,60,2026-07-13T10:15:54+00:00,2026-07-13T14:00:00+00:00,RANGE,NORMAL,6.75,BUONA,STOP,-10.175363643916226,-1.0175363643916226,R
2026-07-20T00:30:21+00:00,MAIN_PAPER_RESEARCH,Forza relativa 1H V1,SHADOW_RELATIVE_STRENGTH,SALTATO_DAL_PAPER,940228fe2828e4e9c599|LAB|SHORT|60,940228fe2828e4e9c599,SHADOW_RELATIVE_STRENGTH|LAB|60|2026-07-13T15:00:00+00:00|SHORT,LAB,SHORT,60,2026-07-13T16:08:38+00:00,2026-07-13T17:00:00+00:00,RANGE,NORMAL,-6.75,BUONA,TARGET,21.86666666666667,2.186666666666667,R
2026-07-20T00:30:21+00:00,MAIN_PAPER_RESEARCH,Forza relativa 1H V1,SHADOW_RELATIVE_STRENGTH,SALTATO_DAL_PAPER,ec02eef60bb4ecbab31d|LAB|SHORT|60,ec02eef60bb4ecbab31d,SHADOW_RELATIVE_STRENGTH|LAB|60|2026-07-13T17:00:00+00:00|SHORT,LAB,SHORT,60,2026-07-13T18:11:31+00:00,2026-07-13T23:00:00+00:00,RANGE_HIGH_VOL,HIGH,-7.75,ALTA,STOP,-10.133333333333344,-1.0133333333333343,R
2026-07-20T00:30:21+00:00,MAIN_PAPER_RESEARCH,Forza relativa 1H V1,SHADOW_RELATIVE_STRENGTH,SALTATO_DAL_PAPER,374280603a6bd622f1e5|ALLO|LONG|60,374280603a6bd622f1e5,SHADOW_RELATIVE_STRENGTH|ALLO|60|2026-07-13T21:00:00+00:00|LONG,ALLO,LONG,60,2026-07-13T22:05:04+00:00,2026-07-14T01:00:00+00:00,RANGE_HIGH_VOL,HIGH,8.25,ALTA,STOP,-10.195956918871389,-1.019595691887139,R
2026-07-20T00:30:21+00:00,MAIN_PAPER_RESEARCH,Forza relativa 1H V1,SHADOW_RELATIVE_STRENGTH,SALTATO_DAL_PAPER,d72bb1c8133a7f1e3805|LAB|SHORT|60,d72bb1c8133a7f1e3805,SHADOW_RELATIVE_STRENGTH|LAB|60|2026-07-13T23:00:00+00:00|SHORT,LAB,SHORT,60,2026-07-14T00:01:37+00:00,2026-07-14T03:00:00+00:00,RANGE,NORMAL,-5.75,MEDIA,STOP,-10.133333333333344,-1.0133333333333343,R
2026-07-20T00:30:21+00:00,MAIN_PAPER_RESEARCH,Forza relativa 1H V1,SHADOW_RELATIVE_STRENGTH,SALTATO_DAL_PAPER,2c9efd4e80699c121480|ZEC|SHORT|60,2c9efd4e80699c121480,SHADOW_RELATIVE_STRENGTH|ZEC|60|2026-07-13T20:00:00+00:00|SHORT,ZEC,SHORT,60,2026-07-13T21:06:38+00:00,2026-07-14T05:00:00+00:00,RANGE,NORMAL,-5.3773,MEDIA,STOP,-10.565111432910687,-1.0565111432910688,R
2026-07-20T00:30:21+00:00,MAIN_PAPER_RESEARCH,Forza relativa 1H V1,SHADOW_RELATIVE_STRENGTH,SALTATO_DAL_PAPER,a0d10c4443345c3aaf98|EVAA|SHORT|60,a0d10c4443345c3aaf98,SHADOW_RELATIVE_STRENGTH|EVAA|60|2026-07-13T09:00:00+00:00|SHORT,EVAA,SHORT,60,2026-07-13T10:15:54+00:00,2026-07-14T10:00:00+00:00,RANGE,NORMAL,-8.25,ALTA,STOP,-10.133333333333344,-1.0133333333333343,R
2026-07-20T00:30:21+00:00,MAIN_PAPER_RESEARCH,Forza relativa 1H V1,SHADOW_RELATIVE_STRENGTH,SALTATO_DAL_PAPER,a9bdbe88703e85a39d7f|VELVET|LONG|60,a9bdbe88703e85a39d7f,SHADOW_RELATIVE_STRENGTH|VELVET|60|2026-07-13T15:00:00+00:00|LONG,VELVET,LONG,60,2026-07-13T16:08:38+00:00,2026-07-14T09:00:00+00:00,RANGE,NORMAL,5.318,MEDIA,STOP,-10.15098534451318,-1.015098534451318,R
2026-07-20T00:30:21+00:00,MAIN_PAPER_RESEARCH,Forza relativa 1H V1,SHADOW_RELATIVE_STRENGTH,SALTATO_DAL_PAPER,01ae4869a6167f022163|LAB|SHORT|60,01ae4869a6167f022163,SHADOW_RELATIVE_STRENGTH|LAB|60|2026-07-14T10:00:00+00:00|SHORT,LAB,SHORT,60,2026-07-14T11:10:11+00:00,2026-07-14T12:00:00+00:00,RANGE,NORMAL,-7.75,ALTA,STOP,-10.133333333333344,-1.0133333333333343,R
2026-07-20T00:30:21+00:00,MAIN_PAPER_RESEARCH,Forza relativa 1H V1,SHADOW_RELATIVE_STRENGTH,SALTATO_DAL_PAPER,bcfd3b1fbd29a93157ba|PEPE|LONG|60,bcfd3b1fbd29a93157ba,SHADOW_RELATIVE_STRENGTH|PEPE|60|2026-07-14T13:00:00+00:00|LONG,PEPE,LONG,60,2026-07-14T14:14:00+00:00,2026-07-14T18:00:00+00:00,RANGE,NORMAL,6.0398,BUONA,STOP,-10.724165399377249,-1.0724165399377248,R
2026-07-20T00:30:21+00:00,MAIN_PAPER_RESEARCH,Forza relativa 1H V1,SHADOW_RELATIVE_STRENGTH,SALTATO_DAL_PAPER,ad5512e6de29b0f781a6|EVAA|LONG|60,ad5512e6de29b0f781a6,SHADOW_RELATIVE_STRENGTH|EVAA|60|2026-07-14T13:00:00+00:00|LONG,EVAA,LONG,60,2026-07-14T14:14:00+00:00,2026-07-14T20:00:00+00:00,RANGE,NORMAL,4.75,MEDIA,STOP,-10.133333333333333,-1.0133333333333332,R
2026-07-20T00:30:21+00:00,MAIN_PAPER_RESEARCH,Forza relativa 1H V1,SHADOW_RELATIVE_STRENGTH,SALTATO_DAL_PAPER,b15c985150d9c7f28990|HYPE|SHORT|60,b15c985150d9c7f28990,SHADOW_RELATIVE_STRENGTH|HYPE|60|2026-07-13T09:00:00+00:00|SHORT,HYPE,SHORT,60,2026-07-13T10:15:54+00:00,2026-07-14T22:00:00+00:00,RANGE,NORMAL,-6.7368,BUONA,STOP,-10.918216731286158,-1.0918216731286159,R
2026-07-20T00:30:21+00:00,MAIN_PAPER_RESEARCH,Forza relativa 1H V1,SHADOW_RELATIVE_STRENGTH,SALTATO_DAL_PAPER,3b50842f8cf58558bb1f|ZEC|LONG|60,3b50842f8cf58558bb1f,SHADOW_RELATIVE_STRENGTH|ZEC|60|2026-07-14T13:00:00+00:00|LONG,ZEC,LONG,60,2026-07-14T14:14:00+00:00,2026-07-14T22:00:00+00:00,RANGE,NORMAL,5.5367,MEDIA,TARGET,21.38806851516561,2.138806851516561,R
2026-07-20T00:30:21+00:00,MAIN_PAPER_RESEARCH,Forza relativa 1H V1,SHADOW_RELATIVE_STRENGTH,SALTATO_DAL_PAPER,f91d9ce10498ae8b0561|ADA|SHORT|60,f91d9ce10498ae8b0561,SHADOW_RELATIVE_STRENGTH|ADA|60|2026-07-13T09:00:00+00:00|SHORT,ADA,SHORT,60,2026-07-13T10:15:54+00:00,2026-07-14T12:00:00+00:00,RANGE,NORMAL,-4.6665,MEDIA,STOP,-11.010737187484832,-1.1010737187484831,R
2026-07-20T00:30:21+00:00,MAIN_PAPER_RESEARCH,Forza relativa 1H V1,SHADOW_RELATIVE_STRENGTH,SALTATO_DAL_PAPER,5bfca43c41dc9b585a2a|ETH|LONG|60,5bfca43c41dc9b585a2a,SHADOW_RELATIVE_STRENGTH|ETH|60|2026-07-14T13:00:00+00:00|LONG,ETH,LONG,60,2026-07-14T14:14:00+00:00,2026-07-15T13:00:00+00:00,RANGE,NORMAL,5.7251,MEDIA,TARGET,21.029345388893688,2.102934538889369,R
2026-07-20T00:30:21+00:00,MAIN_PAPER_RESEARCH,Forza relativa 1H V1,SHADOW_RELATIVE_STRENGTH,SALTATO_DAL_PAPER,f473cc6b4d3e3a0e41e7|LAB|SHORT|60,f473cc6b4d3e3a0e41e7,SHADOW_RELATIVE_STRENGTH|LAB|60|2026-07-14T20:00:00+00:00|SHORT,LAB,SHORT,60,2026-07-14T21:07:42+00:00,2026-07-15T15:00:00+00:00,ALT_ROTATION_UP,NORMAL,-7.04,BUONA,TARGET,21.86666666666667,2.186666666666667,R
2026-07-20T00:30:21+00:00,MAIN_PAPER_RESEARCH,Forza relativa 1H V1,SHADOW_RELATIVE_STRENGTH,SALTATO_DAL_PAPER,6ec72d1dfe4718c25fa8|AKE|LONG|60,6ec72d1dfe4718c25fa8,SHADOW_RELATIVE_STRENGTH|AKE|60|2026-07-15T13:00:00+00:00|LONG,AKE,LONG,60,2026-07-15T14:02:36+00:00,2026-07-15T17:00:00+00:00,TREND_UP,NORMAL,4.75,MEDIA,STOP,-10.133333333333344,-1.0133333333333343,R
2026-07-20T00:30:21+00:00,MAIN_PAPER_RESEARCH,Forza relativa 1H V1,SHADOW_RELATIVE_STRENGTH,SALTATO_DAL_PAPER,e89bd862e66a3e668752|LAB|SHORT|60,e89bd862e66a3e668752,SHADOW_RELATIVE_STRENGTH|LAB|60|2026-07-15T16:00:00+00:00|SHORT,LAB,SHORT,60,2026-07-15T17:23:15+00:00,2026-07-15T20:00:00+00:00,TREND_UP,NORMAL,-7.0,BUONA,STOP,-10.133333333333344,-1.0133333333333343,R
2026-07-20T00:30:21+00:00,MAIN_PAPER_RESEARCH,Forza relativa 1H V1,SHADOW_RELATIVE_STRENGTH,SALTATO_DAL_PAPER,7fa09ae13c8fd206c465|HYPE|LONG|60,7fa09ae13c8fd206c465,SHADOW_RELATIVE_STRENGTH|HYPE|60|2026-07-15T09:00:00+00:00|LONG,HYPE,LONG,60,2026-07-15T10:23:23+00:00,2026-07-16T00:00:00+00:00,TREND_UP,NORMAL,6.7698,BUONA,STOP,-10.837216360254178,-1.0837216360254178,R
2026-07-20T00:30:21+00:00,MAIN_PAPER_RESEARCH,Forza relativa 1H V1,SHADOW_RELATIVE_STRENGTH,SALTATO_DAL_PAPER,83f03f5cd6c177f19256|AKE|LONG|60,83f03f5cd6c177f19256,SHADOW_RELATIVE_STRENGTH|AKE|60|2026-07-15T17:00:00+00:00|LONG,AKE,LONG,60,2026-07-15T18:14:35+00:00,2026-07-16T05:00:00+00:00,TREND_UP,NORMAL,6.75,BUONA,TARGET,21.86666666666667,2.186666666666667,R
2026-07-20T00:30:21+00:00,MAIN_PAPER_RESEARCH,Forza relativa 1H V1,SHADOW_RELATIVE_STRENGTH,SALTATO_DAL_PAPER,a4eb3b7c9f33fcc4a131|ETH|LONG|60,a4eb3b7c9f33fcc4a131,SHADOW_RELATIVE_STRENGTH|ETH|60|2026-07-15T13:00:00+00:00|LONG,ETH,LONG,60,2026-07-15T14:02:36+00:00,2026-07-16T08:00:00+00:00,TREND_UP,NORMAL,5.2254,MEDIA,STOP,-11.042619006814194,-1.1042619006814194,R
2026-07-20T00:30:21+00:00,MAIN_PAPER_RESEARCH,Forza relativa 1H V1,SHADOW_RELATIVE_STRENGTH,SALTATO_DAL_PAPER,722b5246f8972ef56c91|0G|LONG|60,722b5246f8972ef56c91,SHADOW_RELATIVE_STRENGTH|0G|60|2026-07-15T17:00:00+00:00|LONG,0G,LONG,60,2026-07-15T18:14:35+00:00,2026-07-16T08:00:00+00:00,TREND_UP,NORMAL,4.0774,BASSA,STOP,-10.278469649157826,-1.0278469649157826,R
2026-07-20T00:30:21+00:00,MAIN_PAPER_RESEARCH,Forza relativa 1H V1,SHADOW_RELATIVE_STRENGTH,SALTATO_DAL_PAPER,fb9cb22d5c5bd3090f87|SUI|LONG|60,fb9cb22d5c5bd3090f87,SHADOW_RELATIVE_STRENGTH|SUI|60|2026-07-14T21:00:00+00:00|LONG,SUI,LONG,60,2026-07-14T22:15:37+00:00,2026-07-15T16:00:00+00:00,ALT_ROTATION_UP,NORMAL,4.6587,MEDIA,STOP,-11.00516213579365,-1.1005162135793651,R
2026-07-20T00:30:21+00:00,MAIN_PAPER_RESEARCH,Forza relativa 1H V1,SHADOW_RELATIVE_STRENGTH,SALTATO_DAL_PAPER,f3d296bc7570bb6d342c|ZEC|LONG|60,f3d296bc7570bb6d342c,SHADOW_RELATIVE_STRENGTH|ZEC|60|2026-07-14T22:00:00+00:00|LONG,ZEC,LONG,60,2026-07-14T23:13:20+00:00,2026-07-16T18:00:00+00:00,ALT_ROTATION_UP,NORMAL,7.7414,ALTA,STOP,-10.521315448303552,-1.0521315448303552,R
2026-07-20T00:30:21+00:00,MAIN_PAPER_RESEARCH,Forza relativa 1H V1,SHADOW_RELATIVE_STRENGTH,SALTATO_DAL_PAPER,17a0312094b834b88406|AKE|LONG|60,17a0312094b834b88406,SHADOW_RELATIVE_STRENGTH|AKE|60|2026-07-16T06:00:00+00:00|LONG,AKE,LONG,60,2026-07-16T07:03:55+00:00,2026-07-16T17:00:00+00:00,TREND_UP,NORMAL,6.25,BUONA,TARGET,21.86666666666667,2.186666666666667,R
2026-07-20T00:30:21+00:00,MAIN_PAPER_RESEARCH,Forza relativa 1H V1,SHADOW_RELATIVE_STRENGTH,SALTATO_DAL_PAPER,25bc6b6607fac73ec0c5|HYPE|SHORT|60,25bc6b6607fac73ec0c5,SHADOW_RELATIVE_STRENGTH|HYPE|60|2026-07-16T12:00:00+00:00|SHORT,HYPE,SHORT,60,2026-07-16T13:07:43+00:00,2026-07-16T17:00:00+00:00,TRANSITION,NORMAL,-5.715,MEDIA,TARGET,21.043285723084043,2.1043285723084044,R
2026-07-20T00:30:21+00:00,MAIN_PAPER_RESEARCH,Forza relativa 1H V1,SHADOW_RELATIVE_STRENGTH,SALTATO_DAL_PAPER,abbb953f2f88585c090e|HYPE|SHORT|60,abbb953f2f88585c090e,SHADOW_RELATIVE_STRENGTH|HYPE|60|2026-07-16T18:00:00+00:00|SHORT,HYPE,SHORT,60,2026-07-16T19:24:41+00:00,2026-07-17T05:00:00+00:00,TRANSITION,NORMAL,-5.3376,MEDIA,TARGET,21.272475449395333,2.127247544939533,R
2026-07-20T00:30:21+00:00,MAIN_PAPER_RESEARCH,Forza relativa 1H V1,SHADOW_RELATIVE_STRENGTH,SALTATO_DAL_PAPER,8153c951ad51557f395c|ONDO|LONG|60,8153c951ad51557f395c,SHADOW_RELATIVE_STRENGTH|ONDO|60|2026-07-16T14:00:00+00:00|LONG,ONDO,LONG,60,2026-07-16T15:09:34+00:00,2026-07-16T21:00:00+00:00,TRANSITION,NORMAL,6.75,BUONA,STOP,-10.425362109434507,-1.0425362109434508,R
2026-07-20T00:30:21+00:00,MAIN_PAPER_RESEARCH,Forza relativa 1H V1,SHADOW_RELATIVE_STRENGTH,SALTATO_DAL_PAPER,4ebd7ea74e16f0576f76|AKE|LONG|60,4ebd7ea74e16f0576f76,SHADOW_RELATIVE_STRENGTH|AKE|60|2026-07-16T18:00:00+00:00|LONG,AKE,LONG,60,2026-07-16T19:24:41+00:00,2026-07-17T09:00:00+00:00,TRANSITION,NORMAL,4.25,BASSA,TARGET,21.86666666666667,2.186666666666667,R
2026-07-20T00:30:21+00:00,MAIN_PAPER_RESEARCH,Forza relativa 1H V1,SHADOW_RELATIVE_STRENGTH,SALTATO_DAL_PAPER,d44ae15eca69c42da6c3|HYPE|SHORT|60,d44ae15eca69c42da6c3,SHADOW_RELATIVE_STRENGTH|HYPE|60|2026-07-17T05:00:00+00:00|SHORT,HYPE,SHORT,60,2026-07-17T06:30:10+00:00,2026-07-17T09:00:00+00:00,RANGE,NORMAL,-7.3458,BUONA,STOP,-10.605988759666014,-1.0605988759666014,R
2026-07-20T00:30:21+00:00,MAIN_PAPER_RESEARCH,Forza relativa 1H V1,SHADOW_RELATIVE_STRENGTH,SALTATO_DAL_PAPER,2200ce20a107fbe0bdeb|AKE|LONG|60,2200ce20a107fbe0bdeb,SHADOW_RELATIVE_STRENGTH|AKE|60|2026-07-17T09:00:00+00:00|LONG,AKE,LONG,60,2026-07-17T10:27:00+00:00,2026-07-17T19:00:00+00:00,RANGE,NORMAL,6.25,BUONA,TARGET,21.86666666666667,2.186666666666667,R
2026-07-20T00:30:21+00:00,MAIN_PAPER_RESEARCH,Forza relativa 1H V1,SHADOW_RELATIVE_STRENGTH,SALTATO_DAL_PAPER,62063b43e31c19d9e817|AKE|LONG|60,62063b43e31c19d9e817,SHADOW_RELATIVE_STRENGTH|AKE|60|2026-07-17T19:00:00+00:00|LONG,AKE,LONG,60,2026-07-17T20:38:43+00:00,2026-07-17T22:00:00+00:00,TRANSITION,NORMAL,6.25,BUONA,STOP,-10.133333333333333,-1.0133333333333332,R
2026-07-20T00:30:21+00:00,MAIN_PAPER_RESEARCH,Forza relativa 1H V1,SHADOW_RELATIVE_STRENGTH,SALTATO_DAL_PAPER,fb8781ca9f9cd979fbc9|AKE|LONG|60,fb8781ca9f9cd979fbc9,SHADOW_RELATIVE_STRENGTH|AKE|60|2026-07-17T22:00:00+00:00|LONG,AKE,LONG,60,2026-07-17T23:28:49+00:00,2026-07-18T05:00:00+00:00,TRANSITION,NORMAL,6.75,BUONA,TARGET,21.86666666666667,2.186666666666667,R
2026-07-20T00:30:21+00:00,MAIN_PAPER_RESEARCH,Forza relativa 1H V1,SHADOW_RELATIVE_STRENGTH,SALTATO_DAL_PAPER,39d82184e96456d15316|ESPORTS|LONG|60,39d82184e96456d15316,SHADOW_RELATIVE_STRENGTH|ESPORTS|60|2026-07-18T04:00:00+00:00|LONG,ESPORTS,LONG,60,2026-07-18T05:38:29+00:00,2026-07-18T06:00:00+00:00,TRANSITION,NORMAL,7.75,ALTA,STOP,-10.133333333333333,-1.0133333333333332,R
2026-07-20T00:30:21+00:00,MAIN_PAPER_RESEARCH,Forza relativa 1H V1,SHADOW_RELATIVE_STRENGTH,SALTATO_DAL_PAPER,472e648144f35b4270c6|AKE|LONG|60,472e648144f35b4270c6,SHADOW_RELATIVE_STRENGTH|AKE|60|2026-07-18T05:00:00+00:00|LONG,AKE,LONG,60,2026-07-18T06:08:29+00:00,2026-07-18T09:00:00+00:00,TRANSITION,NORMAL,4.25,BASSA,STOP,-10.133333333333333,-1.0133333333333332,R
2026-07-20T00:30:21+00:00,MAIN_PAPER_RESEARCH,Forza relativa 1H V1,SHADOW_RELATIVE_STRENGTH,SALTATO_DAL_PAPER,444b73390f56fa57fa8d|ESPORTS|LONG|60,444b73390f56fa57fa8d,SHADOW_RELATIVE_STRENGTH|ESPORTS|60|2026-07-18T06:00:00+00:00|LONG,ESPORTS,LONG,60,2026-07-18T07:08:29+00:00,2026-07-18T09:00:00+00:00,TRANSITION,NORMAL,4.25,BASSA,STOP,-10.133333333333333,-1.0133333333333332,R
2026-07-20T00:30:21+00:00,MAIN_PAPER_RESEARCH,Forza relativa 1H V1,SHADOW_RELATIVE_STRENGTH,SALTATO_DAL_PAPER,422ea7b57350c37232e8|ESPORTS|LONG|60,422ea7b57350c37232e8,SHADOW_RELATIVE_STRENGTH|ESPORTS|60|2026-07-18T16:00:00+00:00|LONG,ESPORTS,LONG,60,2026-07-18T17:08:29+00:00,2026-07-18T18:00:00+00:00,TRANSITION,NORMAL,6.0,BUONA,TARGET,21.86666666666669,2.1866666666666688,R
2026-07-20T00:30:21+00:00,MAIN_PAPER_RESEARCH,Forza relativa 1H V1,SHADOW_RELATIVE_STRENGTH,SALTATO_DAL_PAPER,29f9c0e56ceecb004d60|AKE|LONG|60,29f9c0e56ceecb004d60,SHADOW_RELATIVE_STRENGTH|AKE|60|2026-07-18T09:00:00+00:00|LONG,AKE,LONG,60,2026-07-18T10:08:29+00:00,2026-07-18T19:00:00+00:00,TRANSITION,NORMAL,4.25,BASSA,TARGET,21.86666666666667,2.186666666666667,R
2026-07-20T00:30:21+00:00,MAIN_PAPER_RESEARCH,Forza relativa 1H V1,SHADOW_RELATIVE_STRENGTH,SALTATO_DAL_PAPER,3ae2dd863a21912c44c5|ESPORTS|LONG|60,3ae2dd863a21912c44c5,SHADOW_RELATIVE_STRENGTH|ESPORTS|60|2026-07-18T18:00:00+00:00|LONG,ESPORTS,LONG,60,2026-07-18T19:08:29+00:00,2026-07-18T20:00:00+00:00,TREND_UP,NORMAL,7.0,BUONA,STOP,-10.133333333333333,-1.0133333333333332,R
2026-07-20T00:30:21+00:00,MAIN_PAPER_RESEARCH,Forza relativa 1H V1,SHADOW_RELATIVE_STRENGTH,SALTATO_DAL_PAPER,a6f6c1f3b28ae6db01f1|ESPORTS|LONG|60,a6f6c1f3b28ae6db01f1,SHADOW_RELATIVE_STRENGTH|ESPORTS|60|2026-07-18T20:00:00+00:00|LONG,ESPORTS,LONG,60,2026-07-18T21:08:30+00:00,2026-07-18T22:00:00+00:00,TREND_UP,NORMAL,5.5,MEDIA,TARGET,21.86666666666667,2.186666666666667,R
2026-07-20T00:30:21+00:00,MAIN_PAPER_RESEARCH,Forza relativa 1H V1,SHADOW_RELATIVE_STRENGTH,SALTATO_DAL_PAPER,0d0cd7222513342f3c85|ESPORTS|LONG|60,0d0cd7222513342f3c85,SHADOW_RELATIVE_STRENGTH|ESPORTS|60|2026-07-18T22:00:00+00:00|LONG,ESPORTS,LONG,60,2026-07-18T23:08:29+00:00,2026-07-19T01:00:00+00:00,TREND_UP,NORMAL,7.0,BUONA,TARGET,21.86666666666667,2.186666666666667,R
2026-07-20T00:30:21+00:00,MAIN_PAPER_RESEARCH,Forza relativa 1H V1,SHADOW_RELATIVE_STRENGTH,SALTATO_DAL_PAPER,38c8767a679835620398|ESPORTS|LONG|60,38c8767a679835620398,SHADOW_RELATIVE_STRENGTH|ESPORTS|60|2026-07-19T01:00:00+00:00|LONG,ESPORTS,LONG,60,2026-07-19T02:08:29+00:00,2026-07-19T03:00:00+00:00,TREND_UP,NORMAL,9.0,ALTA,TARGET,21.86666666666667,2.186666666666667,R
2026-07-20T00:30:21+00:00,MAIN_PAPER_RESEARCH,Forza relativa 1H V1,SHADOW_RELATIVE_STRENGTH,SALTATO_DAL_PAPER,9afe668fa5f282488d75|BANK|LONG|60,9afe668fa5f282488d75,SHADOW_RELATIVE_STRENGTH|BANK|60|2026-07-19T03:00:00+00:00|LONG,BANK,LONG,60,2026-07-19T04:08:30+00:00,2026-07-19T09:00:00+00:00,TREND_UP,NORMAL,6.25,BUONA,TARGET,21.86666666666667,2.186666666666667,R
2026-07-20T00:30:21+00:00,MAIN_PAPER_RESEARCH,Forza relativa 1H V1,SHADOW_RELATIVE_STRENGTH,SALTATO_DAL_PAPER,3b9526e08fba8d143ad0|ESPORTS|LONG|60,3b9526e08fba8d143ad0,SHADOW_RELATIVE_STRENGTH|ESPORTS|60|2026-07-19T03:00:00+00:00|LONG,ESPORTS,LONG,60,2026-07-19T04:08:30+00:00,2026-07-19T11:00:00+00:00,TREND_UP,NORMAL,7.0,BUONA,STOP,-10.133333333333324,-1.0133333333333323,R
2026-07-20T00:30:21+00:00,MAIN_PAPER_RESEARCH,Forza relativa 1H V1,SHADOW_RELATIVE_STRENGTH,SALTATO_DAL_PAPER,a7876bacdba418f66ff2|BANK|LONG|60,a7876bacdba418f66ff2,SHADOW_RELATIVE_STRENGTH|BANK|60|2026-07-19T09:00:00+00:00|LONG,BANK,LONG,60,2026-07-19T10:08:30+00:00,2026-07-19T11:00:00+00:00,ALT_ROTATION_UP,LOW,6.25,BUONA,TARGET,21.86666666666667,2.186666666666667,R
2026-07-20T00:30:21+00:00,MAIN_PAPER_RESEARCH,Forza relativa 1H V1,SHADOW_RELATIVE_STRENGTH,SALTATO_DAL_PAPER,6b84080ca8e4ad65f881|ZEC|LONG|60,6b84080ca8e4ad65f881,SHADOW_RELATIVE_STRENGTH|ZEC|60|2026-07-19T08:00:00+00:00|LONG,ZEC,LONG,60,2026-07-19T09:08:30+00:00,2026-07-19T12:00:00+00:00,TREND_UP,LOW,7.827,ALTA,STOP,-10.863403612588623,-1.0863403612588622,R
2026-07-20T00:30:21+00:00,MAIN_PAPER_RESEARCH,Forza relativa 1H V1,SHADOW_RELATIVE_STRENGTH,SALTATO_DAL_PAPER,02e9cf1c2ab5c0ef754a|BANK|LONG|60,02e9cf1c2ab5c0ef754a,SHADOW_RELATIVE_STRENGTH|BANK|60|2026-07-19T11:00:00+00:00|LONG,BANK,LONG,60,2026-07-19T12:08:29+00:00,2026-07-19T15:00:00+00:00,ALT_ROTATION_UP,LOW,6.25,BUONA,STOP,-10.133333333333344,-1.0133333333333343,R
2026-07-20T00:30:21+00:00,MAIN_PAPER_RESEARCH,Forza relativa 1H V1,SHADOW_RELATIVE_STRENGTH,SALTATO_DAL_PAPER,c66bd4de24eaffbbd98a|BANK|LONG|60,c66bd4de24eaffbbd98a,SHADOW_RELATIVE_STRENGTH|BANK|60|2026-07-19T15:00:00+00:00|LONG,BANK,LONG,60,2026-07-19T16:08:29+00:00,2026-07-19T17:00:00+00:00,TREND_UP,LOW,6.75,BUONA,TARGET,21.86666666666667,2.186666666666667,R
2026-07-20T00:30:21+00:00,MAIN_PAPER_RESEARCH,Forza relativa 1H V1,SHADOW_RELATIVE_STRENGTH,SALTATO_DAL_PAPER,ee57d23d48084286b97a|ESPORTS|SHORT|60,ee57d23d48084286b97a,SHADOW_RELATIVE_STRENGTH|ESPORTS|60|2026-07-19T15:00:00+00:00|SHORT,ESPORTS,SHORT,60,2026-07-19T16:08:29+00:00,2026-07-19T17:00:00+00:00,TREND_UP,LOW,-4.1773,BASSA,STOP,-10.133333333333344,-1.0133333333333343,R
2026-07-20T00:30:21+00:00,MAIN_PAPER_RESEARCH,Forza relativa 1H V2,SHADOW_RELATIVE_STRENGTH_V2,SALTATO_DAL_PAPER,ac1f02943007d94e87d2|LAB|SHORT|60,ac1f02943007d94e87d2,SHADOW_RELATIVE_STRENGTH_V2|LAB|60|2026-07-17T09:00:00+00:00|SHORT,LAB,SHORT,60,2026-07-17T10:27:00+00:00,2026-07-17T13:00:00+00:00,RANGE,NORMAL,-7.0,BUONA,STOP,-10.142343080987512,-1.0142343080987513,R
2026-07-20T00:30:21+00:00,MAIN_PAPER_RESEARCH,Forza relativa 1H V2,SHADOW_RELATIVE_STRENGTH_V2,PRESO_DAL_PAPER,2ad1874cae128ffad890|AKE|LONG|60,2ad1874cae128ffad890,SHADOW_RELATIVE_STRENGTH_V2|AKE|60|2026-07-17T07:00:00+00:00|LONG,AKE,LONG,60,2026-07-17T08:37:40+00:00,2026-07-17T19:00:00+00:00,RANGE,NORMAL,6.25,BUONA,TARGET,21.86666666666667,2.186666666666667,R
2026-07-20T00:30:21+00:00,MAIN_PAPER_RESEARCH,Forza relativa 1H V2,SHADOW_RELATIVE_STRENGTH_V2,PRESO_DAL_PAPER,a17227d078af86e43bc8|AKE|LONG|60,a17227d078af86e43bc8,SHADOW_RELATIVE_STRENGTH_V2|AKE|60|2026-07-17T22:00:00+00:00|LONG,AKE,LONG,60,2026-07-17T23:28:49+00:00,2026-07-18T05:00:00+00:00,TRANSITION,NORMAL,6.75,BUONA,TARGET,21.86666666666667,2.186666666666667,R
2026-07-20T00:30:21+00:00,MAIN_PAPER_RESEARCH,Forza relativa 1H V2,SHADOW_RELATIVE_STRENGTH_V2,SALTATO_DAL_PAPER,372511983f357e13f081|ESPORTS|LONG|60,372511983f357e13f081,SHADOW_RELATIVE_STRENGTH_V2|ESPORTS|60|2026-07-18T04:00:00+00:00|LONG,ESPORTS,LONG,60,2026-07-18T05:38:29+00:00,2026-07-18T06:00:00+00:00,TRANSITION,NORMAL,7.75,ALTA,STOP,-10.133333333333333,-1.0133333333333332,R
2026-07-20T00:30:21+00:00,MAIN_PAPER_RESEARCH,Forza relativa 1H V2,SHADOW_RELATIVE_STRENGTH_V2,PRESO_DAL_PAPER,1191fe67034dd066aeb7|AKE|LONG|60,1191fe67034dd066aeb7,SHADOW_RELATIVE_STRENGTH_V2|AKE|60|2026-07-18T10:00:00+00:00|LONG,AKE,LONG,60,2026-07-18T11:08:29+00:00,2026-07-18T14:00:00+00:00,TRANSITION,NORMAL,6.75,BUONA,STOP,-10.133333333333333,-1.0133333333333332,R
2026-07-20T00:30:21+00:00,MAIN_PAPER_RESEARCH,Forza relativa 1H V2,SHADOW_RELATIVE_STRENGTH_V2,SALTATO_DAL_PAPER,a617ca30b74931c05d27|ADA|LONG|60,a617ca30b74931c05d27,SHADOW_RELATIVE_STRENGTH_V2|ADA|60|2026-07-18T05:00:00+00:00|LONG,ADA,LONG,60,2026-07-18T06:08:29+00:00,2026-07-18T16:00:00+00:00,TRANSITION,NORMAL,6.4276,BUONA,STOP,-10.90290855060039,-1.090290855060039,R
2026-07-20T00:30:21+00:00,MAIN_PAPER_RESEARCH,Forza relativa 1H V2,SHADOW_RELATIVE_STRENGTH_V2,SALTATO_DAL_PAPER,4c5eab2732667b2873bc|ESPORTS|LONG|60,4c5eab2732667b2873bc,SHADOW_RELATIVE_STRENGTH_V2|ESPORTS|60|2026-07-18T16:00:00+00:00|LONG,ESPORTS,LONG,60,2026-07-18T17:08:29+00:00,2026-07-18T18:00:00+00:00,TRANSITION,NORMAL,6.0,BUONA,TARGET,21.86666666666669,2.1866666666666688,R
2026-07-20T00:30:21+00:00,MAIN_PAPER_RESEARCH,Forza relativa 1H V2,SHADOW_RELATIVE_STRENGTH_V2,SALTATO_DAL_PAPER,15b5c07f4f8aaf611a7b|ESPORTS|LONG|60,15b5c07f4f8aaf611a7b,SHADOW_RELATIVE_STRENGTH_V2|ESPORTS|60|2026-07-18T18:00:00+00:00|LONG,ESPORTS,LONG,60,2026-07-18T19:08:29+00:00,2026-07-18T20:00:00+00:00,TREND_UP,NORMAL,7.0,BUONA,STOP,-10.133333333333333,-1.0133333333333332,R
2026-07-20T00:30:21+00:00,MAIN_PAPER_RESEARCH,Forza relativa 1H V2,SHADOW_RELATIVE_STRENGTH_V2,PRESO_DAL_PAPER,1b276e887433c0117a54|ESPORTS|LONG|60,1b276e887433c0117a54,SHADOW_RELATIVE_STRENGTH_V2|ESPORTS|60|2026-07-18T20:00:00+00:00|LONG,ESPORTS,LONG,60,2026-07-18T21:08:30+00:00,2026-07-18T22:00:00+00:00,TREND_UP,NORMAL,5.5,MEDIA,TARGET,21.86666666666667,2.186666666666667,R
2026-07-20T00:30:21+00:00,MAIN_PAPER_RESEARCH,Forza relativa 1H V2,SHADOW_RELATIVE_STRENGTH_V2,PRESO_DAL_PAPER,b5075c07b7beb6767bbc|AKE|LONG|60,b5075c07b7beb6767bbc,SHADOW_RELATIVE_STRENGTH_V2|AKE|60|2026-07-18T15:00:00+00:00|LONG,AKE,LONG,60,2026-07-18T16:08:30+00:00,2026-07-19T00:00:00+00:00,TRANSITION,NORMAL,6.75,BUONA,TARGET,21.86666666666667,2.186666666666667,R
2026-07-20T00:30:21+00:00,MAIN_PAPER_RESEARCH,Forza relativa 1H V2,SHADOW_RELATIVE_STRENGTH_V2,SALTATO_DAL_PAPER,9a0a5a9665e2e9f57b80|ESPORTS|LONG|60,9a0a5a9665e2e9f57b80,SHADOW_RELATIVE_STRENGTH_V2|ESPORTS|60|2026-07-18T22:00:00+00:00|LONG,ESPORTS,LONG,60,2026-07-18T23:08:29+00:00,2026-07-19T01:00:00+00:00,TREND_UP,NORMAL,7.0,BUONA,TARGET,21.86666666666667,2.186666666666667,R
2026-07-20T00:30:21+00:00,MAIN_PAPER_RESEARCH,Forza relativa 1H V2,SHADOW_RELATIVE_STRENGTH_V2,SALTATO_DAL_PAPER,1df58dece20591fe26bb|BANK|LONG|60,1df58dece20591fe26bb,SHADOW_RELATIVE_STRENGTH_V2|BANK|60|2026-07-19T03:00:00+00:00|LONG,BANK,LONG,60,2026-07-19T04:08:30+00:00,2026-07-19T09:00:00+00:00,TREND_UP,NORMAL,6.25,BUONA,TARGET,21.86666666666667,2.186666666666667,R
2026-07-20T00:30:21+00:00,MAIN_PAPER_RESEARCH,Forza relativa 1H V2,SHADOW_RELATIVE_STRENGTH_V2,PRESO_DAL_PAPER,1df58dece20591fe26bb|ESPORTS|LONG|60,1df58dece20591fe26bb,SHADOW_RELATIVE_STRENGTH_V2|ESPORTS|60|2026-07-19T03:00:00+00:00|LONG,ESPORTS,LONG,60,2026-07-19T04:08:30+00:00,2026-07-19T11:00:00+00:00,TREND_UP,NORMAL,7.0,BUONA,STOP,-10.133333333333324,-1.0133333333333323,R
2026-07-20T00:30:21+00:00,MAIN_PAPER_RESEARCH,Forza relativa 1H V2,SHADOW_RELATIVE_STRENGTH_V2,PRESO_DAL_PAPER,f84dcf9dcc4fe2e91417|AKE|LONG|60,f84dcf9dcc4fe2e91417,SHADOW_RELATIVE_STRENGTH_V2|AKE|60|2026-07-19T00:00:00+00:00|LONG,AKE,LONG,60,2026-07-19T01:08:29+00:00,2026-07-19T12:00:00+00:00,TREND_UP,NORMAL,6.25,BUONA,STOP,-10.133333333333333,-1.0133333333333332,R
2026-07-20T00:30:21+00:00,MAIN_PAPER_RESEARCH,Forza relativa 1H V2,SHADOW_RELATIVE_STRENGTH_V2,PRESO_DAL_PAPER,6dbb15e30ac5b9ae15b3|BANK|LONG|60,6dbb15e30ac5b9ae15b3,SHADOW_RELATIVE_STRENGTH_V2|BANK|60|2026-07-19T15:00:00+00:00|LONG,BANK,LONG,60,2026-07-19T16:08:29+00:00,2026-07-19T17:00:00+00:00,TREND_UP,LOW,6.75,BUONA,TARGET,21.86666666666667,2.186666666666667,R
2026-07-20T00:30:21+00:00,MAIN_PAPER_RESEARCH,SHADOW_SCANNER_BOTTOM5_SHORT,SHADOW_SCANNER_BOTTOM5_SHORT,PRESO_DAL_PAPER,01ae4869a6167f022163|LAB|SHORT|60,01ae4869a6167f022163,SHADOW_SCANNER_BOTTOM5_SHORT|LAB|60|2026-07-14T10:00:00+00:00|SHORT,LAB,SHORT,60,2026-07-14T11:10:11+00:00,2026-07-14T12:00:00+00:00,RANGE,NORMAL,-9.5,ALTA,STOP,-10.133333333333344,-1.0133333333333343,R
2026-07-20T00:30:21+00:00,MAIN_PAPER_RESEARCH,SHADOW_SCANNER_BOTTOM5_SHORT,SHADOW_SCANNER_BOTTOM5_SHORT,PRESO_DAL_PAPER,f473cc6b4d3e3a0e41e7|LAB|SHORT|60,f473cc6b4d3e3a0e41e7,SHADOW_SCANNER_BOTTOM5_SHORT|LAB|60|2026-07-14T20:00:00+00:00|SHORT,LAB,SHORT,60,2026-07-14T21:07:42+00:00,2026-07-15T15:00:00+00:00,ALT_ROTATION_UP,NORMAL,-7.0871,BUONA,TARGET,19.866666666666667,1.9866666666666668,R
2026-07-20T00:30:21+00:00,MAIN_PAPER_RESEARCH,SHADOW_SCANNER_BOTTOM5_SHORT,SHADOW_SCANNER_BOTTOM5_SHORT,SALTATO_DAL_PAPER,e89bd862e66a3e668752|LAB|SHORT|60,e89bd862e66a3e668752,SHADOW_SCANNER_BOTTOM5_SHORT|LAB|60|2026-07-15T16:00:00+00:00|SHORT,LAB,SHORT,60,2026-07-15T17:23:15+00:00,2026-07-15T20:00:00+00:00,TREND_UP,NORMAL,-9.5,ALTA,STOP,-10.133333333333344,-1.0133333333333343,R
2026-07-20T00:30:21+00:00,MAIN_PAPER_RESEARCH,SHADOW_SCANNER_BOTTOM5_SHORT,SHADOW_SCANNER_BOTTOM5_SHORT,PRESO_DAL_PAPER,ae3137963bd37f4678d0|ADA|SHORT|60,ae3137963bd37f4678d0,SHADOW_SCANNER_BOTTOM5_SHORT|ADA|60|2026-07-16T08:00:00+00:00|SHORT,ADA,SHORT,60,2026-07-16T09:22:54+00:00,2026-07-16T14:00:00+00:00,TRANSITION,NORMAL,-5.9273,MEDIA,STOP,-10.9094283276693,-1.09094283276693,R
2026-07-20T00:30:21+00:00,MAIN_PAPER_RESEARCH,SHADOW_SCANNER_BOTTOM5_SHORT,SHADOW_SCANNER_BOTTOM5_SHORT,SALTATO_DAL_PAPER,25bc6b6607fac73ec0c5|HYPE|SHORT|60,25bc6b6607fac73ec0c5,SHADOW_SCANNER_BOTTOM5_SHORT|HYPE|60|2026-07-16T12:00:00+00:00|SHORT,HYPE,SHORT,60,2026-07-16T13:07:43+00:00,2026-07-16T17:00:00+00:00,TRANSITION,NORMAL,-6.3683,BUONA,TARGET,19.043284527197155,1.9043284527197155,R
2026-07-20T00:30:21+00:00,MAIN_PAPER_RESEARCH,SHADOW_SCANNER_BOTTOM5_SHORT,SHADOW_SCANNER_BOTTOM5_SHORT,SALTATO_DAL_PAPER,abbb953f2f88585c090e|HYPE|SHORT|60,abbb953f2f88585c090e,SHADOW_SCANNER_BOTTOM5_SHORT|HYPE|60|2026-07-16T18:00:00+00:00|SHORT,HYPE,SHORT,60,2026-07-16T19:24:41+00:00,2026-07-17T05:00:00+00:00,TRANSITION,NORMAL,-7.1296,BUONA,TARGET,19.27247363057939,1.9272473630579392,R
2026-07-20T00:30:21+00:00,MAIN_PAPER_RESEARCH,SHADOW_SCANNER_BOTTOM5_SHORT,SHADOW_SCANNER_BOTTOM5_SHORT,SALTATO_DAL_PAPER,d44ae15eca69c42da6c3|HYPE|SHORT|60,d44ae15eca69c42da6c3,SHADOW_SCANNER_BOTTOM5_SHORT|HYPE|60|2026-07-17T05:00:00+00:00|SHORT,HYPE,SHORT,60,2026-07-17T06:30:10+00:00,2026-07-17T09:00:00+00:00,RANGE,NORMAL,-7.981,ALTA,STOP,-10.605988759666014,-1.0605988759666014,R
2026-07-20T00:30:21+00:00,MAIN_PAPER_RESEARCH,SHADOW_SCANNER_BOTTOM5_SHORT,SHADOW_SCANNER_BOTTOM5_SHORT,SALTATO_DAL_PAPER,15af08d549ce3a8b3c9c|SOL|SHORT|60,15af08d549ce3a8b3c9c,SHADOW_SCANNER_BOTTOM5_SHORT|SOL|60|2026-07-16T10:00:00+00:00|SHORT,SOL,SHORT,60,2026-07-16T11:18:06+00:00,2026-07-17T13:00:00+00:00,TRANSITION,NORMAL,-6.0029,BUONA,TARGET,18.888888888888847,1.8888888888888846,R
2026-07-20T00:30:21+00:00,MAIN_PAPER_RESEARCH,SHADOW_SCANNER_BOTTOM5_SHORT,SHADOW_SCANNER_BOTTOM5_SHORT,PRESO_DAL_PAPER,7523d5d104d5fd3acd49|SOL|SHORT|60,7523d5d104d5fd3acd49,SHADOW_SCANNER_BOTTOM5_SHORT|SOL|60|2026-07-17T14:00:00+00:00|SHORT,SOL,SHORT,60,2026-07-17T15:20:34+00:00,2026-07-17T16:00:00+00:00,RANGE,NORMAL,-6.4502,BUONA,STOP,-11.11111111111109,-1.111111111111109,R
2026-07-20T00:30:21+00:00,MAIN_PAPER_RESEARCH,SHADOW_SCANNER_BOTTOM5_SHORT,SHADOW_SCANNER_BOTTOM5_SHORT,SALTATO_DAL_PAPER,d55301341f7eb4451ec4|ETH|SHORT|60,d55301341f7eb4451ec4,SHADOW_SCANNER_BOTTOM5_SHORT|ETH|60|2026-07-17T14:00:00+00:00|SHORT,ETH,SHORT,60,2026-07-17T15:20:34+00:00,2026-07-17T16:00:00+00:00,RANGE,NORMAL,-6.2219,BUONA,STOP,-11.11111111111109,-1.111111111111109,R
2026-07-20T00:30:21+00:00,MAIN_PAPER_RESEARCH,SHADOW_SCANNER_BOTTOM5_SHORT,SHADOW_SCANNER_BOTTOM5_SHORT,SALTATO_DAL_PAPER,07af8732e2fd2302088d|BTC|SHORT|60,07af8732e2fd2302088d,SHADOW_SCANNER_BOTTOM5_SHORT|BTC|60|2026-07-17T09:00:00+00:00|SHORT,BTC,SHORT,60,2026-07-17T10:27:00+00:00,2026-07-17T17:00:00+00:00,RANGE,NORMAL,-5.8447,MEDIA,STOP,-11.11111111111109,-1.111111111111109,R
2026-07-20T00:30:21+00:00,MAIN_PAPER_RESEARCH,SHADOW_SCANNER_BOTTOM5_SHORT,SHADOW_SCANNER_BOTTOM5_SHORT,SALTATO_DAL_PAPER,efe002c8772de4a92004|SOL|SHORT|60,efe002c8772de4a92004,SHADOW_SCANNER_BOTTOM5_SHORT|SOL|60|2026-07-18T05:00:00+00:00|SHORT,SOL,SHORT,60,2026-07-18T06:08:29+00:00,2026-07-19T02:00:00+00:00,TRANSITION,NORMAL,-5.9429,MEDIA,STOP,-11.11111111111109,-1.111111111111109,R
2026-07-20T00:30:21+00:00,MAIN_PAPER_RESEARCH,SHADOW_SCANNER_BOTTOM5_SHORT,SHADOW_SCANNER_BOTTOM5_SHORT,PRESO_DAL_PAPER,b5a7b81a262f5645f752|ALLO|SHORT|60,b5a7b81a262f5645f752,SHADOW_SCANNER_BOTTOM5_SHORT|ALLO|60|2026-07-14T15:00:00+00:00|SHORT,ALLO,SHORT,60,2026-07-14T16:00:54+00:00,2026-07-19T16:08:29+00:00,TREND_UP,NORMAL,-7.4507,BUONA,TIME_EXIT,-0.2090065084626735,-0.020900650846267348,R
2026-07-20T00:30:21+00:00,MAIN_PAPER_RESEARCH,SHADOW_SCANNER_TOP5_BTC,SHADOW_SCANNER_TOP5_BTC,PRESO_DAL_PAPER,3b50842f8cf58558bb1f|ZEC|LONG|60,3b50842f8cf58558bb1f,SHADOW_SCANNER_TOP5_BTC|ZEC|60|2026-07-14T13:00:00+00:00|LONG,ZEC,LONG,60,2026-07-14T14:14:00+00:00,2026-07-14T22:00:00+00:00,RANGE,NORMAL,6.5157,BUONA,TARGET,21.38806851516561,2.138806851516561,R
2026-07-20T00:30:21+00:00,MAIN_PAPER_RESEARCH,SHADOW_SCANNER_TOP5_BTC,SHADOW_SCANNER_TOP5_BTC,SALTATO_DAL_PAPER,7f7ebb152fe90ed3fac1|PEPE|LONG|60,7f7ebb152fe90ed3fac1,SHADOW_SCANNER_TOP5_BTC|PEPE|60|2026-07-14T15:00:00+00:00|LONG,PEPE,LONG,60,2026-07-14T16:00:54+00:00,2026-07-15T01:00:00+00:00,TREND_UP,NORMAL,6.6115,BUONA,STOP,-10.689459033206056,-1.0689459033206057,R
2026-07-20T00:30:21+00:00,MAIN_PAPER_RESEARCH,SHADOW_SCANNER_TOP5_BTC,SHADOW_SCANNER_TOP5_BTC,PRESO_DAL_PAPER,5bfca43c41dc9b585a2a|ETH|LONG|60,5bfca43c41dc9b585a2a,SHADOW_SCANNER_TOP5_BTC|ETH|60|2026-07-14T13:00:00+00:00|LONG,ETH,LONG,60,2026-07-14T14:14:00+00:00,2026-07-15T13:00:00+00:00,RANGE,NORMAL,7.1939,BUONA,TARGET,21.029345388893688,2.102934538889369,R
2026-07-20T00:30:21+00:00,MAIN_PAPER_RESEARCH,SHADOW_SCANNER_TOP5_BTC,SHADOW_SCANNER_TOP5_BTC,PRESO_DAL_PAPER,385b82606e3437b1d325|AKE|LONG|60,385b82606e3437b1d325,SHADOW_SCANNER_TOP5_BTC|AKE|60|2026-07-15T16:00:00+00:00|LONG,AKE,LONG,60,2026-07-15T17:23:15+00:00,2026-07-15T18:00:00+00:00,TREND_UP,NORMAL,9.5,ALTA,STOP,-10.133333333333344,-1.0133333333333343,R
2026-07-20T00:30:21+00:00,MAIN_PAPER_RESEARCH,SHADOW_SCANNER_TOP5_BTC,SHADOW_SCANNER_TOP5_BTC,SALTATO_DAL_PAPER,7fa09ae13c8fd206c465|HYPE|LONG|60,7fa09ae13c8fd206c465,SHADOW_SCANNER_TOP5_BTC|HYPE|60|2026-07-15T09:00:00+00:00|LONG,HYPE,LONG,60,2026-07-15T10:23:23+00:00,2026-07-16T00:00:00+00:00,TREND_UP,NORMAL,6.8784,BUONA,STOP,-10.837216360254178,-1.0837216360254178,R
2026-07-20T00:30:21+00:00,MAIN_PAPER_RESEARCH,SHADOW_SCANNER_TOP5_BTC,SHADOW_SCANNER_TOP5_BTC,SALTATO_DAL_PAPER,a4eb3b7c9f33fcc4a131|ETH|LONG|60,a4eb3b7c9f33fcc4a131,SHADOW_SCANNER_TOP5_BTC|ETH|60|2026-07-15T13:00:00+00:00|LONG,ETH,LONG,60,2026-07-15T14:02:36+00:00,2026-07-16T08:00:00+00:00,TREND_UP,NORMAL,6.7254,BUONA,STOP,-11.042619006814194,-1.1042619006814194,R
2026-07-20T00:30:21+00:00,MAIN_PAPER_RESEARCH,SHADOW_SCANNER_TOP5_BTC,SHADOW_SCANNER_TOP5_BTC,SALTATO_DAL_PAPER,4a5b74a6fa8305ab5934|AKE|LONG|60,4a5b74a6fa8305ab5934,SHADOW_SCANNER_TOP5_BTC|AKE|60|2026-07-16T00:00:00+00:00|LONG,AKE,LONG,60,2026-07-16T01:10:09+00:00,2026-07-16T07:00:00+00:00,TREND_UP,NORMAL,9.5,ALTA,TARGET,21.86666666666667,2.186666666666667,R
2026-07-20T00:30:21+00:00,MAIN_PAPER_RESEARCH,SHADOW_SCANNER_TOP5_BTC,SHADOW_SCANNER_TOP5_BTC,SALTATO_DAL_PAPER,ea262009c5d6353c9fb1|SUI|LONG|60,ea262009c5d6353c9fb1,SHADOW_SCANNER_TOP5_BTC|SUI|60|2026-07-14T15:00:00+00:00|LONG,SUI,LONG,60,2026-07-14T16:00:54+00:00,2026-07-15T16:00:00+00:00,TREND_UP,NORMAL,6.7631,BUONA,STOP,-10.878857704698293,-1.0878857704698293,R
2026-07-20T00:30:21+00:00,MAIN_PAPER_RESEARCH,SHADOW_SCANNER_TOP5_BTC,SHADOW_SCANNER_TOP5_BTC,SALTATO_DAL_PAPER,f3d296bc7570bb6d342c|ZEC|LONG|60,f3d296bc7570bb6d342c,SHADOW_SCANNER_TOP5_BTC|ZEC|60|2026-07-14T22:00:00+00:00|LONG,ZEC,LONG,60,2026-07-14T23:13:20+00:00,2026-07-16T18:00:00+00:00,ALT_ROTATION_UP,NORMAL,8.014,ALTA,STOP,-10.521315448303552,-1.0521315448303552,R
2026-07-20T00:30:21+00:00,MAIN_PAPER_RESEARCH,SHADOW_SCANNER_TOP5_BTC,SHADOW_SCANNER_TOP5_BTC,PRESO_DAL_PAPER,b7549bd1de97a5ddf95d|AKE|LONG|60,b7549bd1de97a5ddf95d,SHADOW_SCANNER_TOP5_BTC|AKE|60|2026-07-16T08:00:00+00:00|LONG,AKE,LONG,60,2026-07-16T09:22:54+00:00,2026-07-16T17:00:00+00:00,TRANSITION,NORMAL,9.5,ALTA,TARGET,21.86666666666667,2.186666666666667,R
2026-07-20T00:30:21+00:00,MAIN_PAPER_RESEARCH,SHADOW_SCANNER_TOP5_BTC,SHADOW_SCANNER_TOP5_BTC,PRESO_DAL_PAPER,620f7e280cfd0208ddd2|XLM|LONG|60,620f7e280cfd0208ddd2,SHADOW_SCANNER_TOP5_BTC|XLM|60|2026-07-16T12:00:00+00:00|LONG,XLM,LONG,60,2026-07-16T13:07:43+00:00,2026-07-16T23:00:00+00:00,TRANSITION,NORMAL,6.3509,BUONA,STOP,-10.720052239789986,-1.0720052239789986,R
2026-07-20T00:30:21+00:00,MAIN_PAPER_RESEARCH,SHADOW_SCANNER_TOP5_BTC,SHADOW_SCANNER_TOP5_BTC,SALTATO_DAL_PAPER,8153c951ad51557f395c|ONDO|LONG|60,8153c951ad51557f395c,SHADOW_SCANNER_TOP5_BTC|ONDO|60|2026-07-16T14:00:00+00:00|LONG,ONDO,LONG,60,2026-07-16T15:09:34+00:00,2026-07-16T21:00:00+00:00,TRANSITION,NORMAL,9.2949,ALTA,STOP,-10.425362109434507,-1.0425362109434508,R
2026-07-20T00:30:21+00:00,MAIN_PAPER_RESEARCH,SHADOW_SCANNER_TOP5_BTC,SHADOW_SCANNER_TOP5_BTC,PRESO_DAL_PAPER,431d43928b029c2374e7|AKE|LONG|60,431d43928b029c2374e7,SHADOW_SCANNER_TOP5_BTC|AKE|60|2026-07-17T07:00:00+00:00|LONG,AKE,LONG,60,2026-07-17T08:37:40+00:00,2026-07-17T19:00:00+00:00,RANGE,NORMAL,9.5,ALTA,TARGET,21.86666666666667,2.186666666666667,R
2026-07-20T00:30:21+00:00,MAIN_PAPER_RESEARCH,SHADOW_SCANNER_TOP5_BTC,SHADOW_SCANNER_TOP5_BTC,PRESO_DAL_PAPER,62063b43e31c19d9e817|AKE|LONG|60,62063b43e31c19d9e817,SHADOW_SCANNER_TOP5_BTC|AKE|60|2026-07-17T19:00:00+00:00|LONG,AKE,LONG,60,2026-07-17T20:38:43+00:00,2026-07-17T22:00:00+00:00,TRANSITION,NORMAL,9.5,ALTA,STOP,-10.133333333333333,-1.0133333333333332,R
2026-07-20T00:30:21+00:00,MAIN_PAPER_RESEARCH,SHADOW_SCANNER_TOP5_BTC,SHADOW_SCANNER_TOP5_BTC,PRESO_DAL_PAPER,fb8781ca9f9cd979fbc9|AKE|LONG|60,fb8781ca9f9cd979fbc9,SHADOW_SCANNER_TOP5_BTC|AKE|60|2026-07-17T22:00:00+00:00|LONG,AKE,LONG,60,2026-07-17T23:28:49+00:00,2026-07-18T05:00:00+00:00,TRANSITION,NORMAL,9.5,ALTA,TARGET,21.86666666666667,2.186666666666667,R
2026-07-20T00:30:21+00:00,MAIN_PAPER_RESEARCH,SHADOW_SCANNER_TOP5_BTC,SHADOW_SCANNER_TOP5_BTC,SALTATO_DAL_PAPER,39d82184e96456d15316|ESPORTS|LONG|60,39d82184e96456d15316,SHADOW_SCANNER_TOP5_BTC|ESPORTS|60|2026-07-18T04:00:00+00:00|LONG,ESPORTS,LONG,60,2026-07-18T05:38:29+00:00,2026-07-18T06:00:00+00:00,TRANSITION,NORMAL,9.5,ALTA,STOP,-10.133333333333333,-1.0133333333333332,R
2026-07-20T00:30:21+00:00,MAIN_PAPER_RESEARCH,SHADOW_SCANNER_TOP5_BTC,SHADOW_SCANNER_TOP5_BTC,SALTATO_DAL_PAPER,400a7a9774e3b4349f53|ADA|LONG|60,400a7a9774e3b4349f53,SHADOW_SCANNER_TOP5_BTC|ADA|60|2026-07-18T03:00:00+00:00|LONG,ADA,LONG,60,2026-07-18T04:07:13+00:00,2026-07-18T13:00:00+00:00,TRANSITION,NORMAL,6.4095,BUONA,STOP,-10.894275907592217,-1.0894275907592217,R
2026-07-20T00:30:21+00:00,MAIN_PAPER_RESEARCH,SHADOW_SCANNER_TOP5_BTC,SHADOW_SCANNER_TOP5_BTC,PRESO_DAL_PAPER,34563d6aec6898d78ab2|AKE|LONG|60,34563d6aec6898d78ab2,SHADOW_SCANNER_TOP5_BTC|AKE|60|2026-07-18T10:00:00+00:00|LONG,AKE,LONG,60,2026-07-18T11:08:29+00:00,2026-07-18T14:00:00+00:00,TRANSITION,NORMAL,9.5,ALTA,STOP,-10.133333333333333,-1.0133333333333332,R
2026-07-20T00:30:21+00:00,MAIN_PAPER_RESEARCH,SHADOW_SCANNER_TOP5_BTC,SHADOW_SCANNER_TOP5_BTC,SALTATO_DAL_PAPER,422ea7b57350c37232e8|ESPORTS|LONG|60,422ea7b57350c37232e8,SHADOW_SCANNER_TOP5_BTC|ESPORTS|60|2026-07-18T16:00:00+00:00|LONG,ESPORTS,LONG,60,2026-07-18T17:08:29+00:00,2026-07-18T18:00:00+00:00,TRANSITION,NORMAL,9.5,ALTA,TARGET,21.86666666666669,2.1866666666666688,R
2026-07-20T00:30:21+00:00,MAIN_PAPER_RESEARCH,SHADOW_SCANNER_TOP5_BTC,SHADOW_SCANNER_TOP5_BTC,SALTATO_DAL_PAPER,3ae2dd863a21912c44c5|ESPORTS|LONG|60,3ae2dd863a21912c44c5,SHADOW_SCANNER_TOP5_BTC|ESPORTS|60|2026-07-18T18:00:00+00:00|LONG,ESPORTS,LONG,60,2026-07-18T19:08:29+00:00,2026-07-18T20:00:00+00:00,TREND_UP,NORMAL,9.5,ALTA,STOP,-10.133333333333333,-1.0133333333333332,R
2026-07-20T00:30:21+00:00,MAIN_PAPER_RESEARCH,SHADOW_SCANNER_TOP5_BTC,SHADOW_SCANNER_TOP5_BTC,SALTATO_DAL_PAPER,a6f6c1f3b28ae6db01f1|ESPORTS|LONG|60,a6f6c1f3b28ae6db01f1,SHADOW_SCANNER_TOP5_BTC|ESPORTS|60|2026-07-18T20:00:00+00:00|LONG,ESPORTS,LONG,60,2026-07-18T21:08:30+00:00,2026-07-18T22:00:00+00:00,TREND_UP,NORMAL,9.5,ALTA,TARGET,21.86666666666667,2.186666666666667,R
2026-07-20T00:30:21+00:00,MAIN_PAPER_RESEARCH,SHADOW_SCANNER_TOP5_BTC,SHADOW_SCANNER_TOP5_BTC,SALTATO_DAL_PAPER,24867d36c522446da70c|AKE|LONG|60,24867d36c522446da70c,SHADOW_SCANNER_TOP5_BTC|AKE|60|2026-07-18T15:00:00+00:00|LONG,AKE,LONG,60,2026-07-18T16:08:30+00:00,2026-07-19T00:00:00+00:00,TRANSITION,NORMAL,9.5,ALTA,TARGET,21.86666666666667,2.186666666666667,R
2026-07-20T00:30:21+00:00,MAIN_PAPER_RESEARCH,SHADOW_SCANNER_TOP5_BTC,SHADOW_SCANNER_TOP5_BTC,SALTATO_DAL_PAPER,0d0cd7222513342f3c85|ESPORTS|LONG|60,0d0cd7222513342f3c85,SHADOW_SCANNER_TOP5_BTC|ESPORTS|60|2026-07-18T22:00:00+00:00|LONG,ESPORTS,LONG,60,2026-07-18T23:08:29+00:00,2026-07-19T01:00:00+00:00,TREND_UP,NORMAL,9.5,ALTA,TARGET,21.86666666666667,2.186666666666667,R
2026-07-20T00:30:21+00:00,MAIN_PAPER_RESEARCH,SHADOW_SCANNER_TOP5_BTC,SHADOW_SCANNER_TOP5_BTC,SALTATO_DAL_PAPER,38c8767a679835620398|ESPORTS|LONG|60,38c8767a679835620398,SHADOW_SCANNER_TOP5_BTC|ESPORTS|60|2026-07-19T01:00:00+00:00|LONG,ESPORTS,LONG,60,2026-07-19T02:08:29+00:00,2026-07-19T03:00:00+00:00,TREND_UP,NORMAL,9.5,ALTA,TARGET,21.86666666666667,2.186666666666667,R
2026-07-20T00:30:21+00:00,MAIN_PAPER_RESEARCH,SHADOW_SCANNER_TOP5_BTC,SHADOW_SCANNER_TOP5_BTC,SALTATO_DAL_PAPER,9afe668fa5f282488d75|BANK|LONG|60,9afe668fa5f282488d75,SHADOW_SCANNER_TOP5_BTC|BANK|60|2026-07-19T03:00:00+00:00|LONG,BANK,LONG,60,2026-07-19T04:08:30+00:00,2026-07-19T09:00:00+00:00,TREND_UP,NORMAL,9.5,ALTA,TARGET,21.86666666666667,2.186666666666667,R
2026-07-20T00:30:21+00:00,MAIN_PAPER_RESEARCH,SHADOW_SCANNER_TOP5_BTC,SHADOW_SCANNER_TOP5_BTC,SALTATO_DAL_PAPER,3b9526e08fba8d143ad0|ESPORTS|LONG|60,3b9526e08fba8d143ad0,SHADOW_SCANNER_TOP5_BTC|ESPORTS|60|2026-07-19T03:00:00+00:00|LONG,ESPORTS,LONG,60,2026-07-19T04:08:30+00:00,2026-07-19T11:00:00+00:00,TREND_UP,NORMAL,9.5,ALTA,STOP,-10.133333333333324,-1.0133333333333323,R
2026-07-20T00:30:21+00:00,MAIN_PAPER_RESEARCH,SHADOW_SCANNER_TOP5_BTC,SHADOW_SCANNER_TOP5_BTC,SALTATO_DAL_PAPER,a7876bacdba418f66ff2|BANK|LONG|60,a7876bacdba418f66ff2,SHADOW_SCANNER_TOP5_BTC|BANK|60|2026-07-19T09:00:00+00:00|LONG,BANK,LONG,60,2026-07-19T10:08:30+00:00,2026-07-19T11:00:00+00:00,ALT_ROTATION_UP,LOW,9.5,ALTA,TARGET,21.86666666666667,2.186666666666667,R
2026-07-20T00:30:21+00:00,MAIN_PAPER_RESEARCH,SHADOW_SCANNER_TOP5_BTC,SHADOW_SCANNER_TOP5_BTC,SALTATO_DAL_PAPER,9b558887c6d0b0ea66e2|AKE|LONG|60,9b558887c6d0b0ea66e2,SHADOW_SCANNER_TOP5_BTC|AKE|60|2026-07-19T00:00:00+00:00|LONG,AKE,LONG,60,2026-07-19T01:08:29+00:00,2026-07-19T12:00:00+00:00,TREND_UP,NORMAL,9.5,ALTA,STOP,-10.133333333333333,-1.0133333333333332,R
2026-07-20T00:30:21+00:00,MAIN_PAPER_RESEARCH,SHADOW_SCANNER_TOP5_BTC,SHADOW_SCANNER_TOP5_BTC,SALTATO_DAL_PAPER,02e9cf1c2ab5c0ef754a|BANK|LONG|60,02e9cf1c2ab5c0ef754a,SHADOW_SCANNER_TOP5_BTC|BANK|60|2026-07-19T11:00:00+00:00|LONG,BANK,LONG,60,2026-07-19T12:08:29+00:00,2026-07-19T15:00:00+00:00,ALT_ROTATION_UP,LOW,9.5,ALTA,STOP,-10.133333333333344,-1.0133333333333343,R
2026-07-20T00:30:21+00:00,MAIN_PAPER_RESEARCH,SHADOW_SCANNER_TOP5_BTC,SHADOW_SCANNER_TOP5_BTC,SALTATO_DAL_PAPER,c66bd4de24eaffbbd98a|BANK|LONG|60,c66bd4de24eaffbbd98a,SHADOW_SCANNER_TOP5_BTC|BANK|60|2026-07-19T15:00:00+00:00|LONG,BANK,LONG,60,2026-07-19T16:08:29+00:00,2026-07-19T17:00:00+00:00,TREND_UP,LOW,9.5,ALTA,TARGET,21.86666666666667,2.186666666666667,R
2026-07-20T00:30:21+00:00,MAIN_PAPER_RESEARCH,SHADOW_SCANNER_TOP5_BTC,SHADOW_SCANNER_TOP5_BTC,PRESO_DAL_PAPER,71e39f89cb739fa290a7|ZEC|LONG|60,71e39f89cb739fa290a7,SHADOW_SCANNER_TOP5_BTC|ZEC|60|2026-07-18T14:00:00+00:00|LONG,ZEC,LONG,60,2026-07-18T15:08:30+00:00,2026-07-19T22:00:00+00:00,TRANSITION,NORMAL,6.1529,BUONA,STOP,-10.716836564399536,-1.0716836564399537,R
2026-07-20T00:30:21+00:00,MAIN_PAPER_RESEARCH,SHADOW_SCANNER_TOP5_LONG,SHADOW_SCANNER_TOP5_LONG,PRESO_DAL_PAPER,3b50842f8cf58558bb1f|ZEC|LONG|60,3b50842f8cf58558bb1f,SHADOW_SCANNER_TOP5_LONG|ZEC|60|2026-07-14T13:00:00+00:00|LONG,ZEC,LONG,60,2026-07-14T14:14:00+00:00,2026-07-14T16:00:00+00:00,RANGE,NORMAL,6.5157,BUONA,TARGET,19.388070045000067,1.9388070045000068,R
2026-07-20T00:30:21+00:00,MAIN_PAPER_RESEARCH,SHADOW_SCANNER_TOP5_LONG,SHADOW_SCANNER_TOP5_LONG,SALTATO_DAL_PAPER,7f7ebb152fe90ed3fac1|PEPE|LONG|60,7f7ebb152fe90ed3fac1,SHADOW_SCANNER_TOP5_LONG|PEPE|60|2026-07-14T15:00:00+00:00|LONG,PEPE,LONG,60,2026-07-14T16:00:54+00:00,2026-07-15T01:00:00+00:00,TREND_UP,NORMAL,6.6115,BUONA,STOP,-10.689459033206056,-1.0689459033206057,R
2026-07-20T00:30:21+00:00,MAIN_PAPER_RESEARCH,SHADOW_SCANNER_TOP5_LONG,SHADOW_SCANNER_TOP5_LONG,PRESO_DAL_PAPER,5bfca43c41dc9b585a2a|ETH|LONG|60,5bfca43c41dc9b585a2a,SHADOW_SCANNER_TOP5_LONG|ETH|60|2026-07-14T13:00:00+00:00|LONG,ETH,LONG,60,2026-07-14T14:14:00+00:00,2026-07-15T12:00:00+00:00,RANGE,NORMAL,7.1939,BUONA,TARGET,19.029349028857595,1.9029349028857596,R
2026-07-20T00:30:21+00:00,MAIN_PAPER_RESEARCH,SHADOW_SCANNER_TOP5_LONG,SHADOW_SCANNER_TOP5_LONG,SALTATO_DAL_PAPER,3123dc40b235b27faeaf|ZEC|LONG|60,3123dc40b235b27faeaf,SHADOW_SCANNER_TOP5_LONG|ZEC|60|2026-07-14T16:00:00+00:00|LONG,ZEC,LONG,60,2026-07-14T17:23:04+00:00,2026-07-15T12:00:00+00:00,TREND_UP,NORMAL,7.997,ALTA,TARGET,19.462216869786207,1.9462216869786206,R
2026-07-20T00:30:21+00:00,MAIN_PAPER_RESEARCH,SHADOW_SCANNER_TOP5_LONG,SHADOW_SCANNER_TOP5_LONG,SALTATO_DAL_PAPER,dea87fdd4363e444a94a|PEPE|LONG|60,dea87fdd4363e444a94a,SHADOW_SCANNER_TOP5_LONG|PEPE|60|2026-07-15T13:00:00+00:00|LONG,PEPE,LONG,60,2026-07-15T14:02:36+00:00,2026-07-15T16:00:00+00:00,TREND_UP,NORMAL,6.6588,BUONA,STOP,-10.687225592968312,-1.0687225592968312,R
2026-07-20T00:30:21+00:00,MAIN_PAPER_RESEARCH,SHADOW_SCANNER_TOP5_LONG,SHADOW_SCANNER_TOP5_LONG,PRESO_DAL_PAPER,385b82606e3437b1d325|AKE|LONG|60,385b82606e3437b1d325,SHADOW_SCANNER_TOP5_LONG|AKE|60|2026-07-15T16:00:00+00:00|LONG,AKE,LONG,60,2026-07-15T17:23:15+00:00,2026-07-15T18:00:00+00:00,TREND_UP,NORMAL,9.5,ALTA,STOP,-10.133333333333344,-1.0133333333333343,R
2026-07-20T00:30:21+00:00,MAIN_PAPER_RESEARCH,SHADOW_SCANNER_TOP5_LONG,SHADOW_SCANNER_TOP5_LONG,SALTATO_DAL_PAPER,afe8082a2029c138020c|ZEC|LONG|60,afe8082a2029c138020c,SHADOW_SCANNER_TOP5_LONG|ZEC|60|2026-07-15T13:00:00+00:00|LONG,ZEC,LONG,60,2026-07-15T14:02:36+00:00,2026-07-15T19:00:00+00:00,TREND_UP,NORMAL,7.9981,ALTA,STOP,-10.547246903437614,-1.0547246903437615,R
2026-07-20T00:30:21+00:00,MAIN_PAPER_RESEARCH,SHADOW_SCANNER_TOP5_LONG,SHADOW_SCANNER_TOP5_LONG,SALTATO_DAL_PAPER,7fa09ae13c8fd206c465|HYPE|LONG|60,7fa09ae13c8fd206c465,SHADOW_SCANNER_TOP5_LONG|HYPE|60|2026-07-15T09:00:00+00:00|LONG,HYPE,LONG,60,2026-07-15T10:23:23+00:00,2026-07-16T00:00:00+00:00,TREND_UP,NORMAL,6.8784,BUONA,STOP,-10.837216360254178,-1.0837216360254178,R
2026-07-20T00:30:21+00:00,MAIN_PAPER_RESEARCH,SHADOW_SCANNER_TOP5_LONG,SHADOW_SCANNER_TOP5_LONG,SALTATO_DAL_PAPER,a4eb3b7c9f33fcc4a131|ETH|LONG|60,a4eb3b7c9f33fcc4a131,SHADOW_SCANNER_TOP5_LONG|ETH|60|2026-07-15T13:00:00+00:00|LONG,ETH,LONG,60,2026-07-15T14:02:36+00:00,2026-07-16T08:00:00+00:00,TREND_UP,NORMAL,6.7254,BUONA,STOP,-11.042619006814194,-1.1042619006814194,R
2026-07-20T00:30:21+00:00,MAIN_PAPER_RESEARCH,SHADOW_SCANNER_TOP5_LONG,SHADOW_SCANNER_TOP5_LONG,SALTATO_DAL_PAPER,4a5b74a6fa8305ab5934|AKE|LONG|60,4a5b74a6fa8305ab5934,SHADOW_SCANNER_TOP5_LONG|AKE|60|2026-07-16T00:00:00+00:00|LONG,AKE,LONG,60,2026-07-16T01:10:09+00:00,2026-07-16T07:00:00+00:00,TREND_UP,NORMAL,9.5,ALTA,TARGET,19.866666666666667,1.9866666666666668,R
2026-07-20T00:30:21+00:00,MAIN_PAPER_RESEARCH,SHADOW_SCANNER_TOP5_LONG,SHADOW_SCANNER_TOP5_LONG,SALTATO_DAL_PAPER,ea262009c5d6353c9fb1|SUI|LONG|60,ea262009c5d6353c9fb1,SHADOW_SCANNER_TOP5_LONG|SUI|60|2026-07-14T15:00:00+00:00|LONG,SUI,LONG,60,2026-07-14T16:00:54+00:00,2026-07-15T16:00:00+00:00,TREND_UP,NORMAL,6.7631,BUONA,STOP,-10.878857704698293,-1.0878857704698293,R
2026-07-20T00:30:21+00:00,MAIN_PAPER_RESEARCH,SHADOW_SCANNER_TOP5_LONG,SHADOW_SCANNER_TOP5_LONG,SALTATO_DAL_PAPER,f5af20a4c613e0f3c161|XRP|LONG|60,f5af20a4c613e0f3c161,SHADOW_SCANNER_TOP5_LONG|XRP|60|2026-07-15T16:00:00+00:00|LONG,XRP,LONG,60,2026-07-15T17:23:15+00:00,2026-07-16T17:00:00+00:00,TREND_UP,NORMAL,6.1815,BUONA,STOP,-11.111111111111011,-1.1111111111111012,R
2026-07-20T00:30:21+00:00,MAIN_PAPER_RESEARCH,SHADOW_SCANNER_TOP5_LONG,SHADOW_SCANNER_TOP5_LONG,SALTATO_DAL_PAPER,b7549bd1de97a5ddf95d|AKE|LONG|60,b7549bd1de97a5ddf95d,SHADOW_SCANNER_TOP5_LONG|AKE|60|2026-07-16T08:00:00+00:00|LONG,AKE,LONG,60,2026-07-16T09:22:54+00:00,2026-07-16T17:00:00+00:00,TRANSITION,NORMAL,9.5,ALTA,TARGET,19.866666666666667,1.9866666666666668,R
2026-07-20T00:30:21+00:00,MAIN_PAPER_RESEARCH,SHADOW_SCANNER_TOP5_LONG,SHADOW_SCANNER_TOP5_LONG,PRESO_DAL_PAPER,620f7e280cfd0208ddd2|XLM|LONG|60,620f7e280cfd0208ddd2,SHADOW_SCANNER_TOP5_LONG|XLM|60|2026-07-16T12:00:00+00:00|LONG,XLM,LONG,60,2026-07-16T13:07:43+00:00,2026-07-16T23:00:00+00:00,TRANSITION,NORMAL,6.3509,BUONA,STOP,-10.720052239789986,-1.0720052239789986,R
2026-07-20T00:30:21+00:00,MAIN_PAPER_RESEARCH,SHADOW_SCANNER_TOP5_LONG,SHADOW_SCANNER_TOP5_LONG,SALTATO_DAL_PAPER,8840442549b22df3789f|BTC|LONG|60,8840442549b22df3789f,SHADOW_SCANNER_TOP5_LONG|BTC|60|2026-07-14T20:00:00+00:00|LONG,BTC,LONG,60,2026-07-14T21:07:42+00:00,2026-07-17T00:00:00+00:00,ALT_ROTATION_UP,NORMAL,6.2092,BUONA,STOP,-11.11111111111109,-1.111111111111109,R
2026-07-20T00:30:21+00:00,MAIN_PAPER_RESEARCH,SHADOW_SCANNER_TOP5_LONG,SHADOW_SCANNER_TOP5_LONG,SALTATO_DAL_PAPER,8153c951ad51557f395c|ONDO|LONG|60,8153c951ad51557f395c,SHADOW_SCANNER_TOP5_LONG|ONDO|60|2026-07-16T14:00:00+00:00|LONG,ONDO,LONG,60,2026-07-16T15:09:34+00:00,2026-07-16T21:00:00+00:00,TRANSITION,NORMAL,9.2949,ALTA,STOP,-10.425362109434507,-1.0425362109434508,R
2026-07-20T00:30:21+00:00,MAIN_PAPER_RESEARCH,SHADOW_SCANNER_TOP5_LONG,SHADOW_SCANNER_TOP5_LONG,PRESO_DAL_PAPER,431d43928b029c2374e7|AKE|LONG|60,431d43928b029c2374e7,SHADOW_SCANNER_TOP5_LONG|AKE|60|2026-07-17T07:00:00+00:00|LONG,AKE,LONG,60,2026-07-17T08:37:40+00:00,2026-07-17T14:00:00+00:00,RANGE,NORMAL,9.5,ALTA,TARGET,19.866666666666667,1.9866666666666668,R
2026-07-20T00:30:21+00:00,MAIN_PAPER_RESEARCH,SHADOW_SCANNER_TOP5_LONG,SHADOW_SCANNER_TOP5_LONG,SALTATO_DAL_PAPER,308385fb91c8984c0f09|AKE|LONG|60,308385fb91c8984c0f09,SHADOW_SCANNER_TOP5_LONG|AKE|60|2026-07-17T14:00:00+00:00|LONG,AKE,LONG,60,2026-07-17T15:20:34+00:00,2026-07-17T19:00:00+00:00,RANGE,NORMAL,9.5,ALTA,TARGET,19.866666666666667,1.9866666666666668,R
2026-07-20T00:30:21+00:00,MAIN_PAPER_RESEARCH,SHADOW_SCANNER_TOP5_LONG,SHADOW_SCANNER_TOP5_LONG,PRESO_DAL_PAPER,62063b43e31c19d9e817|AKE|LONG|60,62063b43e31c19d9e817,SHADOW_SCANNER_TOP5_LONG|AKE|60|2026-07-17T19:00:00+00:00|LONG,AKE,LONG,60,2026-07-17T20:38:43+00:00,2026-07-17T22:00:00+00:00,TRANSITION,NORMAL,9.5,ALTA,STOP,-10.133333333333333,-1.0133333333333332,R
2026-07-20T00:30:21+00:00,MAIN_PAPER_RESEARCH,SHADOW_SCANNER_TOP5_LONG,SHADOW_SCANNER_TOP5_LONG,PRESO_DAL_PAPER,fb8781ca9f9cd979fbc9|AKE|LONG|60,fb8781ca9f9cd979fbc9,SHADOW_SCANNER_TOP5_LONG|AKE|60|2026-07-17T22:00:00+00:00|LONG,AKE,LONG,60,2026-07-17T23:28:49+00:00,2026-07-18T04:00:00+00:00,TRANSITION,NORMAL,9.5,ALTA,TARGET,19.866666666666667,1.9866666666666668,R
2026-07-20T00:30:21+00:00,MAIN_PAPER_RESEARCH,SHADOW_SCANNER_TOP5_LONG,SHADOW_SCANNER_TOP5_LONG,PRESO_DAL_PAPER,39d82184e96456d15316|ESPORTS|LONG|60,39d82184e96456d15316,SHADOW_SCANNER_TOP5_LONG|ESPORTS|60|2026-07-18T04:00:00+00:00|LONG,ESPORTS,LONG,60,2026-07-18T05:38:29+00:00,2026-07-18T06:00:00+00:00,TRANSITION,NORMAL,9.5,ALTA,STOP,-10.133333333333333,-1.0133333333333332,R
2026-07-20T00:30:21+00:00,MAIN_PAPER_RESEARCH,SHADOW_SCANNER_TOP5_LONG,SHADOW_SCANNER_TOP5_LONG,SALTATO_DAL_PAPER,400a7a9774e3b4349f53|ADA|LONG|60,400a7a9774e3b4349f53,SHADOW_SCANNER_TOP5_LONG|ADA|60|2026-07-18T03:00:00+00:00|LONG,ADA,LONG,60,2026-07-18T04:07:13+00:00,2026-07-18T13:00:00+00:00,TRANSITION,NORMAL,6.4095,BUONA,STOP,-10.894275907592217,-1.0894275907592217,R
2026-07-20T00:30:21+00:00,MAIN_PAPER_RESEARCH,SHADOW_SCANNER_TOP5_LONG,SHADOW_SCANNER_TOP5_LONG,PRESO_DAL_PAPER,34563d6aec6898d78ab2|AKE|LONG|60,34563d6aec6898d78ab2,SHADOW_SCANNER_TOP5_LONG|AKE|60|2026-07-18T10:00:00+00:00|LONG,AKE,LONG,60,2026-07-18T11:08:29+00:00,2026-07-18T14:00:00+00:00,TRANSITION,NORMAL,9.5,ALTA,STOP,-10.133333333333333,-1.0133333333333332,R
2026-07-20T00:30:21+00:00,MAIN_PAPER_RESEARCH,SHADOW_SCANNER_TOP5_LONG,SHADOW_SCANNER_TOP5_LONG,SALTATO_DAL_PAPER,422ea7b57350c37232e8|ESPORTS|LONG|60,422ea7b57350c37232e8,SHADOW_SCANNER_TOP5_LONG|ESPORTS|60|2026-07-18T16:00:00+00:00|LONG,ESPORTS,LONG,60,2026-07-18T17:08:29+00:00,2026-07-18T18:00:00+00:00,TRANSITION,NORMAL,9.5,ALTA,TARGET,19.86666666666669,1.9866666666666688,R
2026-07-20T00:30:21+00:00,MAIN_PAPER_RESEARCH,SHADOW_SCANNER_TOP5_LONG,SHADOW_SCANNER_TOP5_LONG,SALTATO_DAL_PAPER,3ae2dd863a21912c44c5|ESPORTS|LONG|60,3ae2dd863a21912c44c5,SHADOW_SCANNER_TOP5_LONG|ESPORTS|60|2026-07-18T18:00:00+00:00|LONG,ESPORTS,LONG,60,2026-07-18T19:08:29+00:00,2026-07-18T20:00:00+00:00,TREND_UP,NORMAL,9.5,ALTA,STOP,-10.133333333333333,-1.0133333333333332,R
2026-07-20T00:30:21+00:00,MAIN_PAPER_RESEARCH,SHADOW_SCANNER_TOP5_LONG,SHADOW_SCANNER_TOP5_LONG,SALTATO_DAL_PAPER,a6f6c1f3b28ae6db01f1|ESPORTS|LONG|60,a6f6c1f3b28ae6db01f1,SHADOW_SCANNER_TOP5_LONG|ESPORTS|60|2026-07-18T20:00:00+00:00|LONG,ESPORTS,LONG,60,2026-07-18T21:08:30+00:00,2026-07-18T22:00:00+00:00,TREND_UP,NORMAL,9.5,ALTA,TARGET,19.866666666666667,1.9866666666666668,R
2026-07-20T00:30:21+00:00,MAIN_PAPER_RESEARCH,SHADOW_SCANNER_TOP5_LONG,SHADOW_SCANNER_TOP5_LONG,SALTATO_DAL_PAPER,24867d36c522446da70c|AKE|LONG|60,24867d36c522446da70c,SHADOW_SCANNER_TOP5_LONG|AKE|60|2026-07-18T15:00:00+00:00|LONG,AKE,LONG,60,2026-07-18T16:08:30+00:00,2026-07-19T00:00:00+00:00,TRANSITION,NORMAL,9.5,ALTA,TARGET,19.866666666666667,1.9866666666666668,R
2026-07-20T00:30:21+00:00,MAIN_PAPER_RESEARCH,SHADOW_SCANNER_TOP5_LONG,SHADOW_SCANNER_TOP5_LONG,SALTATO_DAL_PAPER,0d0cd7222513342f3c85|ESPORTS|LONG|60,0d0cd7222513342f3c85,SHADOW_SCANNER_TOP5_LONG|ESPORTS|60|2026-07-18T22:00:00+00:00|LONG,ESPORTS,LONG,60,2026-07-18T23:08:29+00:00,2026-07-19T01:00:00+00:00,TREND_UP,NORMAL,9.5,ALTA,TARGET,19.866666666666667,1.9866666666666668,R
2026-07-20T00:30:21+00:00,MAIN_PAPER_RESEARCH,SHADOW_SCANNER_TOP5_LONG,SHADOW_SCANNER_TOP5_LONG,SALTATO_DAL_PAPER,38c8767a679835620398|ESPORTS|LONG|60,38c8767a679835620398,SHADOW_SCANNER_TOP5_LONG|ESPORTS|60|2026-07-19T01:00:00+00:00|LONG,ESPORTS,LONG,60,2026-07-19T02:08:29+00:00,2026-07-19T03:00:00+00:00,TREND_UP,NORMAL,9.5,ALTA,TARGET,19.866666666666667,1.9866666666666668,R
2026-07-20T00:30:21+00:00,MAIN_PAPER_RESEARCH,SHADOW_SCANNER_TOP5_LONG,SHADOW_SCANNER_TOP5_LONG,SALTATO_DAL_PAPER,3b9526e08fba8d143ad0|ESPORTS|LONG|60,3b9526e08fba8d143ad0,SHADOW_SCANNER_TOP5_LONG|ESPORTS|60|2026-07-19T03:00:00+00:00|LONG,ESPORTS,LONG,60,2026-07-19T04:08:30+00:00,2026-07-19T07:00:00+00:00,TREND_UP,NORMAL,9.5,ALTA,TARGET,19.866666666666667,1.9866666666666668,R
2026-07-20T00:30:21+00:00,MAIN_PAPER_RESEARCH,SHADOW_SCANNER_TOP5_LONG,SHADOW_SCANNER_TOP5_LONG,SALTATO_DAL_PAPER,9afe668fa5f282488d75|BANK|LONG|60,9afe668fa5f282488d75,SHADOW_SCANNER_TOP5_LONG|BANK|60|2026-07-19T03:00:00+00:00|LONG,BANK,LONG,60,2026-07-19T04:08:30+00:00,2026-07-19T08:00:00+00:00,TREND_UP,NORMAL,9.5,ALTA,TARGET,19.866666666666667,1.9866666666666668,R
2026-07-20T00:30:21+00:00,MAIN_PAPER_RESEARCH,SHADOW_SCANNER_TOP5_LONG,SHADOW_SCANNER_TOP5_LONG,SALTATO_DAL_PAPER,e9c0a928a710fe16c88d|ESPORTS|LONG|60,e9c0a928a710fe16c88d,SHADOW_SCANNER_TOP5_LONG|ESPORTS|60|2026-07-19T07:00:00+00:00|LONG,ESPORTS,LONG,60,2026-07-19T08:08:29+00:00,2026-07-19T09:00:00+00:00,TREND_UP,LOW,9.5,ALTA,STOP,-10.133333333333333,-1.0133333333333332,R
2026-07-20T00:30:21+00:00,MAIN_PAPER_RESEARCH,SHADOW_SCANNER_TOP5_LONG,SHADOW_SCANNER_TOP5_LONG,SALTATO_DAL_PAPER,5c294ccd55e1e1d0e6e0|BANK|LONG|60,5c294ccd55e1e1d0e6e0,SHADOW_SCANNER_TOP5_LONG|BANK|60|2026-07-19T08:00:00+00:00|LONG,BANK,LONG,60,2026-07-19T09:08:30+00:00,2026-07-19T11:00:00+00:00,TREND_UP,LOW,9.5,ALTA,TARGET,19.866666666666667,1.9866666666666668,R
2026-07-20T00:30:21+00:00,MAIN_PAPER_RESEARCH,SHADOW_SCANNER_TOP5_LONG,SHADOW_SCANNER_TOP5_LONG,SALTATO_DAL_PAPER,b7cb3e3ed710402b929a|ESPORTS|LONG|60,b7cb3e3ed710402b929a,SHADOW_SCANNER_TOP5_LONG|ESPORTS|60|2026-07-19T09:00:00+00:00|LONG,ESPORTS,LONG,60,2026-07-19T10:08:30+00:00,2026-07-19T11:00:00+00:00,ALT_ROTATION_UP,LOW,9.5,ALTA,STOP,-10.133333333333333,-1.0133333333333332,R
2026-07-20T00:30:21+00:00,MAIN_PAPER_RESEARCH,SHADOW_SCANNER_TOP5_LONG,SHADOW_SCANNER_TOP5_LONG,SALTATO_DAL_PAPER,9b558887c6d0b0ea66e2|AKE|LONG|60,9b558887c6d0b0ea66e2,SHADOW_SCANNER_TOP5_LONG|AKE|60|2026-07-19T00:00:00+00:00|LONG,AKE,LONG,60,2026-07-19T01:08:29+00:00,2026-07-19T12:00:00+00:00,TREND_UP,NORMAL,9.5,ALTA,STOP,-10.133333333333333,-1.0133333333333332,R
2026-07-20T00:30:21+00:00,MAIN_PAPER_RESEARCH,SHADOW_SCANNER_TOP5_LONG,SHADOW_SCANNER_TOP5_LONG,SALTATO_DAL_PAPER,014687b65c35e7781f6d|PEPE|LONG|60,014687b65c35e7781f6d,SHADOW_SCANNER_TOP5_LONG|PEPE|60|2026-07-19T06:00:00+00:00|LONG,PEPE,LONG,60,2026-07-19T07:08:29+00:00,2026-07-19T12:00:00+00:00,TREND_UP,NORMAL,6.5017,BUONA,TARGET,18.888888888888847,1.8888888888888846,R
2026-07-20T00:30:21+00:00,MAIN_PAPER_RESEARCH,SHADOW_SCANNER_TOP5_LONG,SHADOW_SCANNER_TOP5_LONG,PRESO_DAL_PAPER,9548809112cd84f1046b|NEAR|LONG|60,9548809112cd84f1046b,SHADOW_SCANNER_TOP5_LONG|NEAR|60|2026-07-14T13:00:00+00:00|LONG,NEAR,LONG,60,2026-07-14T14:14:00+00:00,2026-07-19T14:23:29+00:00,RANGE,NORMAL,6.956,BUONA,TIME_EXIT,-0.624246758501168,-0.062424675850116795,R
2026-07-20T00:30:21+00:00,MAIN_PAPER_RESEARCH,SHADOW_SCANNER_TOP5_LONG,SHADOW_SCANNER_TOP5_LONG,SALTATO_DAL_PAPER,02e9cf1c2ab5c0ef754a|BANK|LONG|60,02e9cf1c2ab5c0ef754a,SHADOW_SCANNER_TOP5_LONG|BANK|60|2026-07-19T11:00:00+00:00|LONG,BANK,LONG,60,2026-07-19T12:08:29+00:00,2026-07-19T15:00:00+00:00,ALT_ROTATION_UP,LOW,9.5,ALTA,STOP,-10.133333333333344,-1.0133333333333343,R
2026-07-20T00:30:21+00:00,MAIN_PAPER_RESEARCH,SHADOW_SCANNER_TOP5_LONG,SHADOW_SCANNER_TOP5_LONG,SALTATO_DAL_PAPER,f633390ed62f705b5dd2|ADA|LONG|60,f633390ed62f705b5dd2,SHADOW_SCANNER_TOP5_LONG|ADA|60|2026-07-18T20:00:00+00:00|LONG,ADA,LONG,60,2026-07-18T21:08:30+00:00,2026-07-19T17:00:00+00:00,TREND_UP,NORMAL,5.8653,MEDIA,STOP,-11.11111111111109,-1.111111111111109,R
2026-07-20T00:30:21+00:00,MAIN_PAPER_RESEARCH,SHADOW_SCANNER_TOP5_LONG,SHADOW_SCANNER_TOP5_LONG,SALTATO_DAL_PAPER,c66bd4de24eaffbbd98a|BANK|LONG|60,c66bd4de24eaffbbd98a,SHADOW_SCANNER_TOP5_LONG|BANK|60|2026-07-19T15:00:00+00:00|LONG,BANK,LONG,60,2026-07-19T16:08:29+00:00,2026-07-19T17:00:00+00:00,TREND_UP,LOW,9.5,ALTA,TARGET,19.866666666666667,1.9866666666666668,R
2026-07-20T00:30:21+00:00,MAIN_PAPER_RESEARCH,SHADOW_SCANNER_TOP5_LONG,SHADOW_SCANNER_TOP5_LONG,PRESO_DAL_PAPER,71e39f89cb739fa290a7|ZEC|LONG|60,71e39f89cb739fa290a7,SHADOW_SCANNER_TOP5_LONG|ZEC|60|2026-07-18T14:00:00+00:00|LONG,ZEC,LONG,60,2026-07-18T15:08:30+00:00,2026-07-19T22:00:00+00:00,TRANSITION,NORMAL,6.1529,BUONA,STOP,-10.716836564399536,-1.0716836564399537,R
2026-07-20T00:30:21+00:00,MAIN_PAPER_RESEARCH,SHADOW_SOL_ADAPTIVE_1H,SHADOW_SOL_ADAPTIVE_1H,PRESO_DAL_PAPER,1f27f551ae65c6702f9d|SOL|SHORT|60,1f27f551ae65c6702f9d,SHADOW_SOL_ADAPTIVE_1H|SOL|60|2026-07-16T19:00:00+00:00|SHORT,SOL,SHORT,60,2026-07-16T20:29:44+00:00,2026-07-17T13:00:00+00:00,TRANSITION,NORMAL,-5.7678,MEDIA,TARGET,18.88888888888892,1.8888888888888922,R
2026-07-20T00:30:21+00:00,MAIN_PAPER_RESEARCH,SHADOW_SOL_ADAPTIVE_1H,SHADOW_SOL_ADAPTIVE_1H,PRESO_DAL_PAPER,7523d5d104d5fd3acd49|SOL|SHORT|60,7523d5d104d5fd3acd49,SHADOW_SOL_ADAPTIVE_1H|SOL|60|2026-07-17T14:00:00+00:00|SHORT,SOL,SHORT,60,2026-07-17T15:20:34+00:00,2026-07-17T16:00:00+00:00,RANGE,NORMAL,-6.0104,BUONA,STOP,-11.11111111111109,-1.111111111111109,R
2026-07-20T00:30:21+00:00,MAIN_PAPER_RESEARCH,SHADOW_SOL_BOLLINGER_1H,SHADOW_SOL_BOLLINGER_1H,PRESO_DAL_PAPER,b907649eb4be2c057d8f|SOL|LONG|60,b907649eb4be2c057d8f,SHADOW_SOL_BOLLINGER_1H|SOL|60|2026-07-17T05:00:00+00:00|LONG,SOL,LONG,60,2026-07-17T06:30:10+00:00,2026-07-17T13:00:00+00:00,RANGE,NORMAL,7.3503,BUONA,STOP,-11.33333333333325,-1.133333333333325,R
2026-07-20T00:30:21+00:00,MAIN_PAPER_RESEARCH,SHADOW_SOL_DONCHIAN_1H,SHADOW_SOL_DONCHIAN_1H,PRESO_DAL_PAPER,c7dcd9756db2c485ce15|SOL|SHORT|60,c7dcd9756db2c485ce15,SHADOW_SOL_DONCHIAN_1H|SOL|60|2026-07-17T05:00:00+00:00|SHORT,SOL,SHORT,60,2026-07-17T06:30:10+00:00,2026-07-19T01:00:00+00:00,RANGE,NORMAL,-7.0984,BUONA,STOP,-11.24999999999994,-1.124999999999994,R
2026-07-20T00:30:21+00:00,MAIN_PAPER_RESEARCH,SHADOW_SOL_EMA_1H,SHADOW_SOL_EMA_1H,PRESO_DAL_PAPER,e5ff4c4ffccfa3fedc66|SOL|SHORT|60,e5ff4c4ffccfa3fedc66,SHADOW_SOL_EMA_1H|SOL|60|2026-07-16T12:00:00+00:00|SHORT,SOL,SHORT,60,2026-07-16T13:07:43+00:00,2026-07-17T13:00:00+00:00,TRANSITION,NORMAL,-5.8088,MEDIA,TARGET,18.88888888888892,1.8888888888888922,R
2026-07-20T00:30:21+00:00,MAIN_PAPER_RESEARCH,SHADOW_SOL_EMA_1H,SHADOW_SOL_EMA_1H,PRESO_DAL_PAPER,7523d5d104d5fd3acd49|SOL|SHORT|60,7523d5d104d5fd3acd49,SHADOW_SOL_EMA_1H|SOL|60|2026-07-17T14:00:00+00:00|SHORT,SOL,SHORT,60,2026-07-17T15:20:34+00:00,2026-07-17T16:00:00+00:00,RANGE,NORMAL,-6.3829,BUONA,STOP,-11.11111111111109,-1.111111111111109,R
2026-07-20T00:30:21+00:00,RSI5_PAPER_SHADOW,RSI 25 · leva 10×,RSI5_RSI25_10X,PRESO_DAL_PAPER,RSI5_RSI25_10X:HYPE:20260718T060000Z,,RSI5_RSI25_10X:HYPE:20260718T060000Z:SHADOW,HYPE,LONG,5,2026-07-18T06:00:00+00:00,2026-07-18T06:10:00+00:00,,,23.354278313625954,,STOP,-148.11945139999798,-3.8978802999999473,% margine
2026-07-20T00:30:21+00:00,RSI5_PAPER_SHADOW,RSI 25 · leva 10×,RSI5_RSI25_10X,PRESO_DAL_PAPER,RSI5_RSI25_10X:XRP:20260718T094000Z,,RSI5_RSI25_10X:XRP:20260718T094000Z:SHADOW,XRP,LONG,5,2026-07-18T09:40:00+00:00,2026-07-18T12:05:00+00:00,,,24.0635251577673,,TARGET_GAP,139.58006583011496,3.6731596271082885,% margine
2026-07-20T00:30:21+00:00,RSI5_PAPER_SHADOW,RSI 25 · leva 10×,RSI5_RSI25_10X,PRESO_DAL_PAPER,RSI5_RSI25_10X:BTC:20260719T093500Z,,RSI5_RSI25_10X:BTC:20260719T093500Z:SHADOW,BTC,LONG,5,2026-07-19T09:35:00+00:00,2026-07-19T12:05:00+00:00,,,23.47764228947733,,STOP,-148.1194513999988,-3.8978802999999687,% margine
2026-07-20T00:30:21+00:00,RSI5_PAPER_SHADOW,RSI 25 · leva 20×,RSI5_RSI25_20X,PRESO_DAL_PAPER,RSI5_RSI25_20X:HYPE:20260718T060000Z,,RSI5_RSI25_20X:HYPE:20260718T060000Z:SHADOW,HYPE,LONG,5,2026-07-18T06:00:00+00:00,2026-07-18T06:10:00+00:00,,,23.354278313625954,,STOP,-296.23890279999597,-7.795760599999895,% margine
2026-07-20T00:30:21+00:00,RSI5_PAPER_SHADOW,RSI 25 · leva 20×,RSI5_RSI25_20X,PRESO_DAL_PAPER,RSI5_RSI25_20X:XRP:20260718T094000Z,,RSI5_RSI25_20X:XRP:20260718T094000Z:SHADOW,XRP,LONG,5,2026-07-18T09:40:00+00:00,2026-07-18T12:05:00+00:00,,,24.0635251577673,,TARGET_GAP,279.1601316602299,7.346319254216577,% margine
2026-07-20T00:30:21+00:00,RSI5_PAPER_SHADOW,RSI 25 · leva 20×,RSI5_RSI25_20X,PRESO_DAL_PAPER,RSI5_RSI25_20X:BTC:20260719T093500Z,,RSI5_RSI25_20X:BTC:20260719T093500Z:SHADOW,BTC,LONG,5,2026-07-19T09:35:00+00:00,2026-07-19T12:05:00+00:00,,,23.47764228947733,,STOP,-296.2389027999976,-7.795760599999937,% margine
2026-07-20T00:30:21+00:00,RSI5_PAPER_SHADOW,RSI 25 · leva 5× · Wide,RSI5_RSI25_5X_WIDE,PRESO_DAL_PAPER,RSI5_RSI25_5X_WIDE:BTC:20260719T093500Z,,RSI5_RSI25_5X_WIDE:BTC:20260719T093500Z:SHADOW,BTC,LONG,5,2026-07-19T09:35:00+00:00,2026-07-19T15:35:00+00:00,,,23.47764228947733,,TIME_EXIT,-12.315931341287177,-0.32410345634966253,% margine
2026-07-20T00:30:21+00:00,RSI5_PAPER_SHADOW,SHORT RSI 70 · leva 10×,RSI5_SHORT_RSI70_10X,PRESO_DAL_PAPER,RSI5_SHORT_RSI70_10X:ADA:20260717T164500Z,,RSI5_SHORT_RSI70_10X:ADA:20260717T164500Z:SHADOW,ADA,SHORT,5,2026-07-17T16:45:00+00:00,2026-07-17T16:50:00+00:00,,,70.67769674179891,,STOP,-148.28057139999646,-3.9021202999999067,% margine
2026-07-20T00:30:21+00:00,RSI5_PAPER_SHADOW,SHORT RSI 70 · leva 10×,RSI5_SHORT_RSI70_10X,SALTATO_DAL_PAPER,RSI5_SHORT_RSI70_10X:ETH:20260717T170500Z,,RSI5_SHORT_RSI70_10X:ETH:20260717T170500Z:SHADOW,ETH,SHORT,5,2026-07-17T17:05:00+00:00,2026-07-17T17:10:00+00:00,,,71.20271253617189,,STOP,-148.2805713999957,-3.9021202999998867,% margine
2026-07-20T00:30:21+00:00,RSI5_PAPER_SHADOW,SHORT RSI 70 · leva 10×,RSI5_SHORT_RSI70_10X,SALTATO_DAL_PAPER,RSI5_SHORT_RSI70_10X:BTC:20260717T170500Z,,RSI5_SHORT_RSI70_10X:BTC:20260717T170500Z:SHADOW,BTC,SHORT,5,2026-07-17T17:05:00+00:00,2026-07-17T17:10:00+00:00,,,71.97530900557527,,STOP,-148.28057139999692,-3.9021202999999187,% margine
2026-07-20T00:30:21+00:00,RSI5_PAPER_SHADOW,SHORT RSI 70 · leva 10×,RSI5_SHORT_RSI70_10X,SALTATO_DAL_PAPER,RSI5_SHORT_RSI70_10X:DOGE:20260717T170500Z,,RSI5_SHORT_RSI70_10X:DOGE:20260717T170500Z:SHADOW,DOGE,SHORT,5,2026-07-17T17:05:00+00:00,2026-07-17T18:15:00+00:00,,,72.97726389667967,,TARGET,136.9474628000051,3.6038806000001338,% margine
2026-07-20T00:30:21+00:00,RSI5_PAPER_SHADOW,SHORT RSI 70 · leva 10×,RSI5_SHORT_RSI70_10X,PRESO_DAL_PAPER,RSI5_SHORT_RSI70_10X:SOL:20260717T170500Z,,RSI5_SHORT_RSI70_10X:SOL:20260717T170500Z:SHADOW,SOL,SHORT,5,2026-07-17T17:05:00+00:00,2026-07-17T18:15:00+00:00,,,73.58705042950618,,TARGET,136.94746280000038,3.60388060000001,% margine
2026-07-20T00:30:21+00:00,RSI5_PAPER_SHADOW,SHORT RSI 70 · leva 10×,RSI5_SHORT_RSI70_10X,SALTATO_DAL_PAPER,RSI5_SHORT_RSI70_10X:XRP:20260717T170500Z,,RSI5_SHORT_RSI70_10X:XRP:20260717T170500Z:SHADOW,XRP,SHORT,5,2026-07-17T17:05:00+00:00,2026-07-17T18:30:00+00:00,,,72.07277877688401,,TARGET,136.94746279999993,3.603880599999998,% margine
2026-07-20T00:30:21+00:00,RSI5_PAPER_SHADOW,SHORT RSI 70 · leva 10×,RSI5_SHORT_RSI70_10X,PRESO_DAL_PAPER,RSI5_SHORT_RSI70_10X:ADA:20260718T001000Z,,RSI5_SHORT_RSI70_10X:ADA:20260718T001000Z:SHADOW,ADA,SHORT,5,2026-07-18T00:10:00+00:00,2026-07-18T00:25:00+00:00,,,74.01560254886203,,TARGET,136.94746280000095,3.603880600000025,% margine
2026-07-20T00:30:21+00:00,RSI5_PAPER_SHADOW,SHORT RSI 70 · leva 10×,RSI5_SHORT_RSI70_10X,PRESO_DAL_PAPER,RSI5_SHORT_RSI70_10X:SOL:20260718T023000Z,,RSI5_SHORT_RSI70_10X:SOL:20260718T023000Z:SHADOW,SOL,SHORT,5,2026-07-18T02:30:00+00:00,2026-07-18T05:10:00+00:00,,,70.3820279339445,,TARGET,136.9474627999984,3.6038805999999575,% margine
2026-07-20T00:30:21+00:00,RSI5_PAPER_SHADOW,SHORT RSI 70 · leva 10×,RSI5_SHORT_RSI70_10X,PRESO_DAL_PAPER,RSI5_SHORT_RSI70_10X:BTC:20260718T115500Z,,RSI5_SHORT_RSI70_10X:BTC:20260718T115500Z:SHADOW,BTC,SHORT,5,2026-07-18T11:55:00+00:00,2026-07-18T12:45:00+00:00,,,77.47799047390176,,STOP,-148.28057139999865,-3.9021202999999645,% margine
2026-07-20T00:30:21+00:00,RSI5_PAPER_SHADOW,SHORT RSI 70 · leva 10×,RSI5_SHORT_RSI70_10X,PRESO_DAL_PAPER,RSI5_SHORT_RSI70_10X:HYPE:20260718T144000Z,,RSI5_SHORT_RSI70_10X:HYPE:20260718T144000Z:SHADOW,HYPE,SHORT,5,2026-07-18T14:40:00+00:00,2026-07-18T15:00:00+00:00,,,72.09630512352807,,TARGET,136.94746279999958,3.603880599999989,% margine
2026-07-20T00:30:21+00:00,RSI5_PAPER_SHADOW,SHORT RSI 70 · leva 10×,RSI5_SHORT_RSI70_10X,PRESO_DAL_PAPER,RSI5_SHORT_RSI70_10X:BTC:20260718T165000Z,,RSI5_SHORT_RSI70_10X:BTC:20260718T165000Z:SHADOW,BTC,SHORT,5,2026-07-18T16:50:00+00:00,2026-07-18T17:20:00+00:00,,,73.52457935122303,,STOP,-148.28057139999655,-3.902120299999909,% margine
2026-07-20T00:30:21+00:00,RSI5_PAPER_SHADOW,SHORT RSI 70 · leva 10×,RSI5_SHORT_RSI70_10X,PRESO_DAL_PAPER,RSI5_SHORT_RSI70_10X:ETH:20260718T174500Z,,RSI5_SHORT_RSI70_10X:ETH:20260718T174500Z:SHADOW,ETH,SHORT,5,2026-07-18T17:45:00+00:00,2026-07-18T18:20:00+00:00,,,70.88188259395073,,STOP,-148.28057139999638,-3.9021202999999045,% margine
2026-07-20T00:30:21+00:00,RSI5_PAPER_SHADOW,SHORT RSI 70 · leva 10×,RSI5_SHORT_RSI70_10X,SALTATO_DAL_PAPER,RSI5_SHORT_RSI70_10X:ADA:20260718T201500Z,,RSI5_SHORT_RSI70_10X:ADA:20260718T201500Z:SHADOW,ADA,SHORT,5,2026-07-18T20:15:00+00:00,2026-07-18T20:20:00+00:00,,,72.4425732632993,,STOP,-148.2805713999978,-3.9021202999999423,% margine
2026-07-20T00:30:21+00:00,RSI5_PAPER_SHADOW,SHORT RSI 70 · leva 10×,RSI5_SHORT_RSI70_10X,PRESO_DAL_PAPER,RSI5_SHORT_RSI70_10X:BTC:20260718T201000Z,,RSI5_SHORT_RSI70_10X:BTC:20260718T201000Z:SHADOW,BTC,SHORT,5,2026-07-18T20:10:00+00:00,2026-07-18T21:10:00+00:00,,,71.34688024637254,,STOP,-148.28057139999595,-3.9021202999998934,% margine
2026-07-20T00:30:21+00:00,RSI5_PAPER_SHADOW,SHORT RSI 70 · leva 10×,RSI5_SHORT_RSI70_10X,SALTATO_DAL_PAPER,RSI5_SHORT_RSI70_10X:SOL:20260718T180000Z,,RSI5_SHORT_RSI70_10X:SOL:20260718T180000Z:SHADOW,SOL,SHORT,5,2026-07-18T18:00:00+00:00,2026-07-19T00:00:00+00:00,,,72.14783223289263,,TIME_EXIT,-40.15904109204067,-1.0568168708431755,% margine
2026-07-20T00:30:21+00:00,RSI5_PAPER_SHADOW,SHORT RSI 70 · leva 10×,RSI5_SHORT_RSI70_10X,PRESO_DAL_PAPER,RSI5_SHORT_RSI70_10X:HYPE:20260719T015000Z,,RSI5_SHORT_RSI70_10X:HYPE:20260719T015000Z:SHADOW,HYPE,SHORT,5,2026-07-19T01:50:00+00:00,2026-07-19T02:00:00+00:00,,,70.2957169236674,,STOP,-148.2805713999981,-3.9021202999999502,% margine
2026-07-20T00:30:21+00:00,RSI5_PAPER_SHADOW,SHORT RSI 70 · leva 10×,RSI5_SHORT_RSI70_10X,PRESO_DAL_PAPER,RSI5_SHORT_RSI70_10X:SOL:20260719T020000Z,,RSI5_SHORT_RSI70_10X:SOL:20260719T020000Z:SHADOW,SOL,SHORT,5,2026-07-19T02:00:00+00:00,2026-07-19T02:05:00+00:00,,,79.07429981115921,,STOP,-148.28057139999513,-3.902120299999872,% margine
2026-07-20T00:30:21+00:00,RSI5_PAPER_SHADOW,SHORT RSI 70 · leva 10×,RSI5_SHORT_RSI70_10X,SALTATO_DAL_PAPER,RSI5_SHORT_RSI70_10X:ETH:20260719T020500Z,,RSI5_SHORT_RSI70_10X:ETH:20260719T020500Z:SHADOW,ETH,SHORT,5,2026-07-19T02:05:00+00:00,2026-07-19T02:10:00+00:00,,,71.36004159481183,,STOP,-148.28057139999996,-3.902120299999999,% margine
2026-07-20T00:30:21+00:00,RSI5_PAPER_SHADOW,SHORT RSI 70 · leva 10×,RSI5_SHORT_RSI70_10X,SALTATO_DAL_PAPER,RSI5_SHORT_RSI70_10X:XRP:20260719T021000Z,,RSI5_SHORT_RSI70_10X:XRP:20260719T021000Z:SHADOW,XRP,SHORT,5,2026-07-19T02:10:00+00:00,2026-07-19T08:10:00+00:00,,,71.2291347046525,,TIME_EXIT,-19.570467697529974,-0.5150123078297362,% margine
2026-07-20T00:30:21+00:00,RSI5_PAPER_SHADOW,SHORT RSI 70 · leva 10×,RSI5_SHORT_RSI70_10X,SALTATO_DAL_PAPER,RSI5_SHORT_RSI70_10X:BTC:20260719T021000Z,,RSI5_SHORT_RSI70_10X:BTC:20260719T021000Z:SHADOW,BTC,SHORT,5,2026-07-19T02:10:00+00:00,2026-07-19T08:10:00+00:00,,,75.21327160536379,,TIME_EXIT,49.15785200669933,1.2936276843868244,% margine
2026-07-20T00:30:21+00:00,RSI5_PAPER_SHADOW,SHORT RSI 70 · leva 10×,RSI5_SHORT_RSI70_10X,SALTATO_DAL_PAPER,RSI5_SHORT_RSI70_10X:HYPE:20260719T084500Z,,RSI5_SHORT_RSI70_10X:HYPE:20260719T084500Z:SHADOW,HYPE,SHORT,5,2026-07-19T08:45:00+00:00,2026-07-19T10:15:00+00:00,,,70.51288478710833,,TARGET,136.94746279999828,3.603880599999955,% margine
2026-07-20T00:30:21+00:00,RSI5_PAPER_SHADOW,SHORT RSI 70 · leva 10×,RSI5_SHORT_RSI70_10X,SALTATO_DAL_PAPER,RSI5_SHORT_RSI70_10X:ETH:20260719T112000Z,,RSI5_SHORT_RSI70_10X:ETH:20260719T112000Z:SHADOW,ETH,SHORT,5,2026-07-19T11:20:00+00:00,2026-07-19T12:05:00+00:00,,,70.45120317189105,,TARGET,136.94746279999902,3.6038805999999743,% margine
2026-07-20T00:30:21+00:00,RSI5_PAPER_SHADOW,SHORT RSI 70 · leva 10×,RSI5_SHORT_RSI70_10X,SALTATO_DAL_PAPER,RSI5_SHORT_RSI70_10X:SOL:20260719T144500Z,,RSI5_SHORT_RSI70_10X:SOL:20260719T144500Z:SHADOW,SOL,SHORT,5,2026-07-19T14:45:00+00:00,2026-07-19T15:25:00+00:00,,,70.53462939570036,,TARGET,136.94746280000209,3.6038806000000547,% margine
2026-07-20T00:30:21+00:00,RSI5_PAPER_SHADOW,SHORT RSI 70 · leva 10×,RSI5_SHORT_RSI70_10X,SALTATO_DAL_PAPER,RSI5_SHORT_RSI70_10X:XRP:20260719T144500Z,,RSI5_SHORT_RSI70_10X:XRP:20260719T144500Z:SHADOW,XRP,SHORT,5,2026-07-19T14:45:00+00:00,2026-07-19T16:15:00+00:00,,,72.48835775304559,,TARGET,136.9474628000055,3.603880600000145,% margine
2026-07-20T00:30:21+00:00,RSI5_PAPER_SHADOW,SHORT RSI 70 · leva 10×,RSI5_SHORT_RSI70_10X,SALTATO_DAL_PAPER,RSI5_SHORT_RSI70_10X:HYPE:20260719T203500Z,,RSI5_SHORT_RSI70_10X:HYPE:20260719T203500Z:SHADOW,HYPE,SHORT,5,2026-07-19T20:35:00+00:00,2026-07-19T20:45:00+00:00,,,72.70534238532282,,STOP,-148.28057139999697,-3.9021202999999205,% margine
2026-07-20T00:30:21+00:00,RSI5_PAPER_SHADOW,SHORT RSI 70 · leva 10×,RSI5_SHORT_RSI70_10X,SALTATO_DAL_PAPER,RSI5_SHORT_RSI70_10X:SOL:20260719T210500Z,,RSI5_SHORT_RSI70_10X:SOL:20260719T210500Z:SHADOW,SOL,SHORT,5,2026-07-19T21:05:00+00:00,2026-07-19T21:40:00+00:00,,,70.50501120576021,,TARGET,136.94746279999822,3.6038805999999535,% margine
2026-07-20T00:30:21+00:00,RSI5_PAPER_SHADOW,SHORT RSI 70 · leva 10×,RSI5_SHORT_RSI70_10X,SALTATO_DAL_PAPER,RSI5_SHORT_RSI70_10X:XRP:20260719T221500Z,,RSI5_SHORT_RSI70_10X:XRP:20260719T221500Z:SHADOW,XRP,SHORT,5,2026-07-19T22:15:00+00:00,2026-07-19T23:00:00+00:00,,,72.54846722296706,,TARGET,136.94746280000015,3.603880600000004,% margine
2026-07-20T00:30:21+00:00,RSI5_PAPER_SHADOW,SHORT RSI 70 · leva 10×,RSI5_SHORT_RSI70_10X,SALTATO_DAL_PAPER,RSI5_SHORT_RSI70_10X:ETH:20260719T221500Z,,RSI5_SHORT_RSI70_10X:ETH:20260719T221500Z:SHADOW,ETH,SHORT,5,2026-07-19T22:15:00+00:00,2026-07-19T23:00:00+00:00,,,73.00765307052605,,TARGET,136.947462800001,3.6038806000000263,% margine
2026-07-20T00:30:21+00:00,RSI5_PAPER_SHADOW,SHORT RSI 70 · leva 10×,RSI5_SHORT_RSI70_10X,SALTATO_DAL_PAPER,RSI5_SHORT_RSI70_10X:BTC:20260719T221500Z,,RSI5_SHORT_RSI70_10X:BTC:20260719T221500Z:SHADOW,BTC,SHORT,5,2026-07-19T22:15:00+00:00,2026-07-20T00:10:00+00:00,,,76.59013480956594,,STOP,-148.28057139999984,-3.9021202999999955,% margine
2026-07-20T00:30:21+00:00,RSI5_PAPER_SHADOW,SHORT RSI 70 · leva 10×,RSI5_SHORT_RSI70_10X,SALTATO_DAL_PAPER,RSI5_SHORT_RSI70_10X:ETH:20260720T001000Z,,RSI5_SHORT_RSI70_10X:ETH:20260720T001000Z:SHADOW,ETH,SHORT,5,2026-07-20T00:10:00+00:00,2026-07-20T00:15:00+00:00,,,70.12919348747948,,STOP,-148.28057139999623,-3.9021202999999014,% margine
2026-07-20T00:30:21+00:00,RSI5_PAPER_SHADOW,SHORT RSI 70 · leva 20×,RSI5_SHORT_RSI70_20X,PRESO_DAL_PAPER,RSI5_SHORT_RSI70_20X:ADA:20260717T164500Z,,RSI5_SHORT_RSI70_20X:ADA:20260717T164500Z:SHADOW,ADA,SHORT,5,2026-07-17T16:45:00+00:00,2026-07-17T16:50:00+00:00,,,70.67769674179891,,STOP,-296.5611427999929,-7.8042405999998135,% margine
2026-07-20T00:30:21+00:00,RSI5_PAPER_SHADOW,SHORT RSI 70 · leva 20×,RSI5_SHORT_RSI70_20X,SALTATO_DAL_PAPER,RSI5_SHORT_RSI70_20X:ETH:20260717T170500Z,,RSI5_SHORT_RSI70_20X:ETH:20260717T170500Z:SHADOW,ETH,SHORT,5,2026-07-17T17:05:00+00:00,2026-07-17T17:10:00+00:00,,,71.20271253617189,,STOP,-296.5611427999914,-7.8042405999997735,% margine
2026-07-20T00:30:21+00:00,RSI5_PAPER_SHADOW,SHORT RSI 70 · leva 20×,RSI5_SHORT_RSI70_20X,SALTATO_DAL_PAPER,RSI5_SHORT_RSI70_20X:BTC:20260717T170500Z,,RSI5_SHORT_RSI70_20X:BTC:20260717T170500Z:SHADOW,BTC,SHORT,5,2026-07-17T17:05:00+00:00,2026-07-17T17:10:00+00:00,,,71.97530900557527,,STOP,-296.56114279999383,-7.804240599999837,% margine
2026-07-20T00:30:21+00:00,RSI5_PAPER_SHADOW,SHORT RSI 70 · leva 20×,RSI5_SHORT_RSI70_20X,SALTATO_DAL_PAPER,RSI5_SHORT_RSI70_20X:DOGE:20260717T170500Z,,RSI5_SHORT_RSI70_20X:DOGE:20260717T170500Z:SHADOW,DOGE,SHORT,5,2026-07-17T17:05:00+00:00,2026-07-17T18:15:00+00:00,,,72.97726389667967,,TARGET,273.8949256000102,7.2077612000002675,% margine
2026-07-20T00:30:21+00:00,RSI5_PAPER_SHADOW,SHORT RSI 70 · leva 20×,RSI5_SHORT_RSI70_20X,PRESO_DAL_PAPER,RSI5_SHORT_RSI70_20X:SOL:20260717T170500Z,,RSI5_SHORT_RSI70_20X:SOL:20260717T170500Z:SHADOW,SOL,SHORT,5,2026-07-17T17:05:00+00:00,2026-07-17T18:15:00+00:00,,,73.58705042950618,,TARGET,273.89492560000076,7.20776120000002,% margine
2026-07-20T00:30:21+00:00,RSI5_PAPER_SHADOW,SHORT RSI 70 · leva 20×,RSI5_SHORT_RSI70_20X,SALTATO_DAL_PAPER,RSI5_SHORT_RSI70_20X:XRP:20260717T170500Z,,RSI5_SHORT_RSI70_20X:XRP:20260717T170500Z:SHADOW,XRP,SHORT,5,2026-07-17T17:05:00+00:00,2026-07-17T18:30:00+00:00,,,72.07277877688401,,TARGET,273.89492559999985,7.207761199999996,% margine
2026-07-20T00:30:21+00:00,RSI5_PAPER_SHADOW,SHORT RSI 70 · leva 20×,RSI5_SHORT_RSI70_20X,PRESO_DAL_PAPER,RSI5_SHORT_RSI70_20X:ADA:20260718T001000Z,,RSI5_SHORT_RSI70_20X:ADA:20260718T001000Z:SHADOW,ADA,SHORT,5,2026-07-18T00:10:00+00:00,2026-07-18T00:25:00+00:00,,,74.01560254886203,,TARGET,273.8949256000019,7.20776120000005,% margine
2026-07-20T00:30:21+00:00,RSI5_PAPER_SHADOW,SHORT RSI 70 · leva 20×,RSI5_SHORT_RSI70_20X,PRESO_DAL_PAPER,RSI5_SHORT_RSI70_20X:SOL:20260718T023000Z,,RSI5_SHORT_RSI70_20X:SOL:20260718T023000Z:SHADOW,SOL,SHORT,5,2026-07-18T02:30:00+00:00,2026-07-18T05:10:00+00:00,,,70.3820279339445,,TARGET,273.8949255999968,7.207761199999915,% margine
2026-07-20T00:30:21+00:00,RSI5_PAPER_SHADOW,SHORT RSI 70 · leva 20×,RSI5_SHORT_RSI70_20X,PRESO_DAL_PAPER,RSI5_SHORT_RSI70_20X:BTC:20260718T115500Z,,RSI5_SHORT_RSI70_20X:BTC:20260718T115500Z:SHADOW,BTC,SHORT,5,2026-07-18T11:55:00+00:00,2026-07-18T12:45:00+00:00,,,77.47799047390176,,STOP,-296.5611427999973,-7.804240599999929,% margine
2026-07-20T00:30:21+00:00,RSI5_PAPER_SHADOW,SHORT RSI 70 · leva 20×,RSI5_SHORT_RSI70_20X,PRESO_DAL_PAPER,RSI5_SHORT_RSI70_20X:HYPE:20260718T144000Z,,RSI5_SHORT_RSI70_20X:HYPE:20260718T144000Z:SHADOW,HYPE,SHORT,5,2026-07-18T14:40:00+00:00,2026-07-18T15:00:00+00:00,,,72.09630512352807,,TARGET,273.89492559999917,7.207761199999978,% margine
2026-07-20T00:30:21+00:00,RSI5_PAPER_SHADOW,SHORT RSI 70 · leva 20×,RSI5_SHORT_RSI70_20X,PRESO_DAL_PAPER,RSI5_SHORT_RSI70_20X:BTC:20260718T165000Z,,RSI5_SHORT_RSI70_20X:BTC:20260718T165000Z:SHADOW,BTC,SHORT,5,2026-07-18T16:50:00+00:00,2026-07-18T17:20:00+00:00,,,73.52457935122303,,STOP,-296.5611427999931,-7.804240599999818,% margine
2026-07-20T00:30:21+00:00,RSI5_PAPER_SHADOW,SHORT RSI 70 · leva 20×,RSI5_SHORT_RSI70_20X,PRESO_DAL_PAPER,RSI5_SHORT_RSI70_20X:ETH:20260718T174500Z,,RSI5_SHORT_RSI70_20X:ETH:20260718T174500Z:SHADOW,ETH,SHORT,5,2026-07-18T17:45:00+00:00,2026-07-18T18:20:00+00:00,,,70.88188259395073,,STOP,-296.56114279999275,-7.804240599999809,% margine
2026-07-20T00:30:21+00:00,RSI5_PAPER_SHADOW,SHORT RSI 70 · leva 20×,RSI5_SHORT_RSI70_20X,SALTATO_DAL_PAPER,RSI5_SHORT_RSI70_20X:ADA:20260718T201500Z,,RSI5_SHORT_RSI70_20X:ADA:20260718T201500Z:SHADOW,ADA,SHORT,5,2026-07-18T20:15:00+00:00,2026-07-18T20:20:00+00:00,,,72.4425732632993,,STOP,-296.5611427999956,-7.8042405999998845,% margine
2026-07-20T00:30:21+00:00,RSI5_PAPER_SHADOW,SHORT RSI 70 · leva 20×,RSI5_SHORT_RSI70_20X,PRESO_DAL_PAPER,RSI5_SHORT_RSI70_20X:BTC:20260718T201000Z,,RSI5_SHORT_RSI70_20X:BTC:20260718T201000Z:SHADOW,BTC,SHORT,5,2026-07-18T20:10:00+00:00,2026-07-18T21:10:00+00:00,,,71.34688024637254,,STOP,-296.5611427999919,-7.804240599999787,% margine
2026-07-20T00:30:21+00:00,RSI5_PAPER_SHADOW,SHORT RSI 70 · leva 20×,RSI5_SHORT_RSI70_20X,SALTATO_DAL_PAPER,RSI5_SHORT_RSI70_20X:SOL:20260718T180000Z,,RSI5_SHORT_RSI70_20X:SOL:20260718T180000Z:SHADOW,SOL,SHORT,5,2026-07-18T18:00:00+00:00,2026-07-19T00:00:00+00:00,,,72.14783223289263,,TIME_EXIT,-80.31808218408133,-2.113633741686351,% margine
2026-07-20T00:30:21+00:00,RSI5_PAPER_SHADOW,SHORT RSI 70 · leva 20×,RSI5_SHORT_RSI70_20X,PRESO_DAL_PAPER,RSI5_SHORT_RSI70_20X:HYPE:20260719T015000Z,,RSI5_SHORT_RSI70_20X:HYPE:20260719T015000Z:SHADOW,HYPE,SHORT,5,2026-07-19T01:50:00+00:00,2026-07-19T02:00:00+00:00,,,70.2957169236674,,STOP,-296.5611427999962,-7.8042405999999005,% margine
2026-07-20T00:30:21+00:00,RSI5_PAPER_SHADOW,SHORT RSI 70 · leva 20×,RSI5_SHORT_RSI70_20X,PRESO_DAL_PAPER,RSI5_SHORT_RSI70_20X:SOL:20260719T020000Z,,RSI5_SHORT_RSI70_20X:SOL:20260719T020000Z:SHADOW,SOL,SHORT,5,2026-07-19T02:00:00+00:00,2026-07-19T02:05:00+00:00,,,79.07429981115921,,STOP,-296.56114279999025,-7.804240599999744,% margine
2026-07-20T00:30:21+00:00,RSI5_PAPER_SHADOW,SHORT RSI 70 · leva 20×,RSI5_SHORT_RSI70_20X,SALTATO_DAL_PAPER,RSI5_SHORT_RSI70_20X:ETH:20260719T020500Z,,RSI5_SHORT_RSI70_20X:ETH:20260719T020500Z:SHADOW,ETH,SHORT,5,2026-07-19T02:05:00+00:00,2026-07-19T02:10:00+00:00,,,71.36004159481183,,STOP,-296.5611427999999,-7.804240599999998,% margine
2026-07-20T00:30:21+00:00,RSI5_PAPER_SHADOW,SHORT RSI 70 · leva 20×,RSI5_SHORT_RSI70_20X,SALTATO_DAL_PAPER,RSI5_SHORT_RSI70_20X:XRP:20260719T021000Z,,RSI5_SHORT_RSI70_20X:XRP:20260719T021000Z:SHADOW,XRP,SHORT,5,2026-07-19T02:10:00+00:00,2026-07-19T08:10:00+00:00,,,71.2291347046525,,TIME_EXIT,-39.14093539505995,-1.0300246156594723,% margine
2026-07-20T00:30:21+00:00,RSI5_PAPER_SHADOW,SHORT RSI 70 · leva 20×,RSI5_SHORT_RSI70_20X,SALTATO_DAL_PAPER,RSI5_SHORT_RSI70_20X:BTC:20260719T021000Z,,RSI5_SHORT_RSI70_20X:BTC:20260719T021000Z:SHADOW,BTC,SHORT,5,2026-07-19T02:10:00+00:00,2026-07-19T08:10:00+00:00,,,75.21327160536379,,TIME_EXIT,98.31570401339866,2.587255368773649,% margine
2026-07-20T00:30:21+00:00,RSI5_PAPER_SHADOW,SHORT RSI 70 · leva 20×,RSI5_SHORT_RSI70_20X,SALTATO_DAL_PAPER,RSI5_SHORT_RSI70_20X:HYPE:20260719T084500Z,,RSI5_SHORT_RSI70_20X:HYPE:20260719T084500Z:SHADOW,HYPE,SHORT,5,2026-07-19T08:45:00+00:00,2026-07-19T10:15:00+00:00,,,70.51288478710833,,TARGET,273.89492559999655,7.20776119999991,% margine
2026-07-20T00:30:21+00:00,RSI5_PAPER_SHADOW,SHORT RSI 70 · leva 20×,RSI5_SHORT_RSI70_20X,SALTATO_DAL_PAPER,RSI5_SHORT_RSI70_20X:ETH:20260719T112000Z,,RSI5_SHORT_RSI70_20X:ETH:20260719T112000Z:SHADOW,ETH,SHORT,5,2026-07-19T11:20:00+00:00,2026-07-19T12:05:00+00:00,,,70.45120317189105,,TARGET,273.89492559999803,7.207761199999949,% margine
2026-07-20T00:30:21+00:00,RSI5_PAPER_SHADOW,SHORT RSI 70 · leva 20×,RSI5_SHORT_RSI70_20X,SALTATO_DAL_PAPER,RSI5_SHORT_RSI70_20X:SOL:20260719T144500Z,,RSI5_SHORT_RSI70_20X:SOL:20260719T144500Z:SHADOW,SOL,SHORT,5,2026-07-19T14:45:00+00:00,2026-07-19T15:25:00+00:00,,,70.53462939570036,,TARGET,273.89492560000417,7.2077612000001094,% margine
2026-07-20T00:30:21+00:00,RSI5_PAPER_SHADOW,SHORT RSI 70 · leva 20×,RSI5_SHORT_RSI70_20X,SALTATO_DAL_PAPER,RSI5_SHORT_RSI70_20X:XRP:20260719T144500Z,,RSI5_SHORT_RSI70_20X:XRP:20260719T144500Z:SHADOW,XRP,SHORT,5,2026-07-19T14:45:00+00:00,2026-07-19T16:15:00+00:00,,,72.48835775304559,,TARGET,273.894925600011,7.20776120000029,% margine
2026-07-20T00:30:21+00:00,RSI5_PAPER_SHADOW,SHORT RSI 70 · leva 20×,RSI5_SHORT_RSI70_20X,SALTATO_DAL_PAPER,RSI5_SHORT_RSI70_20X:HYPE:20260719T203500Z,,RSI5_SHORT_RSI70_20X:HYPE:20260719T203500Z:SHADOW,HYPE,SHORT,5,2026-07-19T20:35:00+00:00,2026-07-19T20:45:00+00:00,,,72.70534238532282,,STOP,-296.56114279999395,-7.804240599999841,% margine
2026-07-20T00:30:21+00:00,RSI5_PAPER_SHADOW,SHORT RSI 70 · leva 20×,RSI5_SHORT_RSI70_20X,SALTATO_DAL_PAPER,RSI5_SHORT_RSI70_20X:SOL:20260719T210500Z,,RSI5_SHORT_RSI70_20X:SOL:20260719T210500Z:SHADOW,SOL,SHORT,5,2026-07-19T21:05:00+00:00,2026-07-19T21:40:00+00:00,,,70.50501120576021,,TARGET,273.89492559999644,7.207761199999907,% margine
2026-07-20T00:30:21+00:00,RSI5_PAPER_SHADOW,SHORT RSI 70 · leva 20×,RSI5_SHORT_RSI70_20X,SALTATO_DAL_PAPER,RSI5_SHORT_RSI70_20X:XRP:20260719T221500Z,,RSI5_SHORT_RSI70_20X:XRP:20260719T221500Z:SHADOW,XRP,SHORT,5,2026-07-19T22:15:00+00:00,2026-07-19T23:00:00+00:00,,,72.54846722296706,,TARGET,273.8949256000003,7.207761200000008,% margine
2026-07-20T00:30:21+00:00,RSI5_PAPER_SHADOW,SHORT RSI 70 · leva 20×,RSI5_SHORT_RSI70_20X,SALTATO_DAL_PAPER,RSI5_SHORT_RSI70_20X:ETH:20260719T221500Z,,RSI5_SHORT_RSI70_20X:ETH:20260719T221500Z:SHADOW,ETH,SHORT,5,2026-07-19T22:15:00+00:00,2026-07-19T23:00:00+00:00,,,73.00765307052605,,TARGET,273.894925600002,7.207761200000053,% margine
2026-07-20T00:30:21+00:00,RSI5_PAPER_SHADOW,SHORT RSI 70 · leva 20×,RSI5_SHORT_RSI70_20X,SALTATO_DAL_PAPER,RSI5_SHORT_RSI70_20X:BTC:20260719T221500Z,,RSI5_SHORT_RSI70_20X:BTC:20260719T221500Z:SHADOW,BTC,SHORT,5,2026-07-19T22:15:00+00:00,2026-07-20T00:10:00+00:00,,,76.59013480956594,,STOP,-296.5611427999997,-7.804240599999991,% margine
2026-07-20T00:30:21+00:00,RSI5_PAPER_SHADOW,SHORT RSI 70 · leva 20×,RSI5_SHORT_RSI70_20X,SALTATO_DAL_PAPER,RSI5_SHORT_RSI70_20X:ETH:20260720T001000Z,,RSI5_SHORT_RSI70_20X:ETH:20260720T001000Z:SHADOW,ETH,SHORT,5,2026-07-20T00:10:00+00:00,2026-07-20T00:15:00+00:00,,,70.12919348747948,,STOP,-296.56114279999247,-7.804240599999803,% margine
2026-07-20T00:30:21+00:00,RSI5_PAPER_SHADOW,SHORT RSI 70 · leva 5× · Wide,RSI5_SHORT_RSI70_5X_WIDE,PRESO_DAL_PAPER,RSI5_SHORT_RSI70_5X_WIDE:BTC:20260718T115500Z,,RSI5_SHORT_RSI70_5X_WIDE:BTC:20260718T115500Z:SHADOW,BTC,SHORT,5,2026-07-18T11:55:00+00:00,2026-07-18T17:20:00+00:00,,,77.47799047390176,,STOP,-121.67829139999667,-3.202060299999912,% margine
2026-07-20T00:30:21+00:00,RSI5_PAPER_SHADOW,SHORT RSI 70 · leva 5× · Wide,RSI5_SHORT_RSI70_5X_WIDE,SALTATO_DAL_PAPER,RSI5_SHORT_RSI70_5X_WIDE:HYPE:20260718T144000Z,,RSI5_SHORT_RSI70_5X_WIDE:HYPE:20260718T144000Z:SHADOW,HYPE,SHORT,5,2026-07-18T14:40:00+00:00,2026-07-18T18:00:00+00:00,,,72.09630512352807,,STOP,-121.67829139999778,-3.2020602999999412,% margine
2026-07-20T00:30:21+00:00,RSI5_PAPER_SHADOW,SHORT RSI 70 · leva 5× · Wide,RSI5_SHORT_RSI70_5X_WIDE,PRESO_DAL_PAPER,RSI5_SHORT_RSI70_5X_WIDE:ETH:20260718T174500Z,,RSI5_SHORT_RSI70_5X_WIDE:ETH:20260718T174500Z:SHADOW,ETH,SHORT,5,2026-07-18T17:45:00+00:00,2026-07-18T18:25:00+00:00,,,70.88188259395073,,STOP,-121.67829139999658,-3.20206029999991,% margine
2026-07-20T00:30:21+00:00,RSI5_PAPER_SHADOW,SHORT RSI 70 · leva 5× · Wide,RSI5_SHORT_RSI70_5X_WIDE,SALTATO_DAL_PAPER,RSI5_SHORT_RSI70_5X_WIDE:ADA:20260718T201500Z,,RSI5_SHORT_RSI70_5X_WIDE:ADA:20260718T201500Z:SHADOW,ADA,SHORT,5,2026-07-18T20:15:00+00:00,2026-07-18T22:10:00+00:00,,,72.4425732632993,,STOP,-121.67829139999772,-3.20206029999994,% margine
2026-07-20T00:30:21+00:00,RSI5_PAPER_SHADOW,SHORT RSI 70 · leva 5× · Wide,RSI5_SHORT_RSI70_5X_WIDE,SALTATO_DAL_PAPER,RSI5_SHORT_RSI70_5X_WIDE:SOL:20260718T180000Z,,RSI5_SHORT_RSI70_5X_WIDE:SOL:20260718T180000Z:SHADOW,SOL,SHORT,5,2026-07-18T18:00:00+00:00,2026-07-19T00:00:00+00:00,,,72.14783223289263,,TIME_EXIT,-20.079520546020333,-0.5284084354215878,% margine
2026-07-20T00:30:21+00:00,RSI5_PAPER_SHADOW,SHORT RSI 70 · leva 5× · Wide,RSI5_SHORT_RSI70_5X_WIDE,PRESO_DAL_PAPER,RSI5_SHORT_RSI70_5X_WIDE:BTC:20260718T201000Z,,RSI5_SHORT_RSI70_5X_WIDE:BTC:20260718T201000Z:SHADOW,BTC,SHORT,5,2026-07-18T20:10:00+00:00,2026-07-19T00:25:00+00:00,,,71.34688024637254,,STOP,-121.67829139999797,-3.2020602999999466,% margine
2026-07-20T00:30:21+00:00,RSI5_PAPER_SHADOW,SHORT RSI 70 · leva 5× · Wide,RSI5_SHORT_RSI70_5X_WIDE,SALTATO_DAL_PAPER,RSI5_SHORT_RSI70_5X_WIDE:SOL:20260719T020000Z,,RSI5_SHORT_RSI70_5X_WIDE:SOL:20260719T020000Z:SHADOW,SOL,SHORT,5,2026-07-19T02:00:00+00:00,2026-07-19T02:30:00+00:00,,,79.07429981115921,,STOP,-121.67829139999755,-3.2020602999999355,% margine
2026-07-20T00:30:21+00:00,RSI5_PAPER_SHADOW,SHORT RSI 70 · leva 5× · Wide,RSI5_SHORT_RSI70_5X_WIDE,SALTATO_DAL_PAPER,RSI5_SHORT_RSI70_5X_WIDE:ETH:20260719T020500Z,,RSI5_SHORT_RSI70_5X_WIDE:ETH:20260719T020500Z:SHADOW,ETH,SHORT,5,2026-07-19T02:05:00+00:00,2026-07-19T02:30:00+00:00,,,71.36004159481183,,STOP,-121.67829139999672,-3.202060299999914,% margine
2026-07-20T00:30:21+00:00,RSI5_PAPER_SHADOW,SHORT RSI 70 · leva 5× · Wide,RSI5_SHORT_RSI70_5X_WIDE,PRESO_DAL_PAPER,RSI5_SHORT_RSI70_5X_WIDE:HYPE:20260719T015000Z,,RSI5_SHORT_RSI70_5X_WIDE:HYPE:20260719T015000Z:SHADOW,HYPE,SHORT,5,2026-07-19T01:50:00+00:00,2026-07-19T07:50:00+00:00,,,70.2957169236674,,TIME_EXIT,13.35601285006365,0.351474022370096,% margine
2026-07-20T00:30:21+00:00,RSI5_PAPER_SHADOW,SHORT RSI 70 · leva 5× · Wide,RSI5_SHORT_RSI70_5X_WIDE,SALTATO_DAL_PAPER,RSI5_SHORT_RSI70_5X_WIDE:XRP:20260719T021000Z,,RSI5_SHORT_RSI70_5X_WIDE:XRP:20260719T021000Z:SHADOW,XRP,SHORT,5,2026-07-19T02:10:00+00:00,2026-07-19T08:10:00+00:00,,,71.2291347046525,,TIME_EXIT,-9.785233848764987,-0.2575061539148681,% margine
2026-07-20T00:30:21+00:00,RSI5_PAPER_SHADOW,SHORT RSI 70 · leva 5× · Wide,RSI5_SHORT_RSI70_5X_WIDE,PRESO_DAL_PAPER,RSI5_SHORT_RSI70_5X_WIDE:HYPE:20260719T084500Z,,RSI5_SHORT_RSI70_5X_WIDE:HYPE:20260719T084500Z:SHADOW,HYPE,SHORT,5,2026-07-19T08:45:00+00:00,2026-07-19T12:05:00+00:00,,,70.51288478710833,,TARGET,163.5497427999992,4.3039405999999785,% margine
2026-07-20T00:30:21+00:00,RSI5_PAPER_SHADOW,SHORT RSI 70 · leva 5× · Wide,RSI5_SHORT_RSI70_5X_WIDE,SALTATO_DAL_PAPER,RSI5_SHORT_RSI70_5X_WIDE:ETH:20260719T112000Z,,RSI5_SHORT_RSI70_5X_WIDE:ETH:20260719T112000Z:SHADOW,ETH,SHORT,5,2026-07-19T11:20:00+00:00,2026-07-19T17:00:00+00:00,,,70.45120317189105,,TARGET,163.54974279999888,4.3039405999999705,% margine
2026-07-20T00:30:21+00:00,RSI5_PAPER_SHADOW,SHORT RSI 70 · leva 5× · Wide,RSI5_SHORT_RSI70_5X_WIDE,SALTATO_DAL_PAPER,RSI5_SHORT_RSI70_5X_WIDE:SOL:20260719T144500Z,,RSI5_SHORT_RSI70_5X_WIDE:SOL:20260719T144500Z:SHADOW,SOL,SHORT,5,2026-07-19T14:45:00+00:00,2026-07-19T17:00:00+00:00,,,70.53462939570036,,TARGET,163.5497428000028,4.3039406000000735,% margine
2026-07-20T00:30:21+00:00,RSI5_PAPER_SHADOW,SHORT RSI 70 · leva 5× · Wide,RSI5_SHORT_RSI70_5X_WIDE,PRESO_DAL_PAPER,RSI5_SHORT_RSI70_5X_WIDE:XRP:20260719T144500Z,,RSI5_SHORT_RSI70_5X_WIDE:XRP:20260719T144500Z:SHADOW,XRP,SHORT,5,2026-07-19T14:45:00+00:00,2026-07-19T17:00:00+00:00,,,72.48835775304559,,TARGET,163.54974280000013,4.303940600000003,% margine
2026-07-20T00:30:21+00:00,RSI5_PAPER_SHADOW,SHORT RSI 70 · leva 5× · Wide,RSI5_SHORT_RSI70_5X_WIDE,SALTATO_DAL_PAPER,RSI5_SHORT_RSI70_5X_WIDE:SOL:20260719T210500Z,,RSI5_SHORT_RSI70_5X_WIDE:SOL:20260719T210500Z:SHADOW,SOL,SHORT,5,2026-07-19T21:05:00+00:00,2026-07-19T23:40:00+00:00,,,70.50501120576021,,STOP,-121.67829139999769,-3.202060299999939,% margine
2026-07-20T00:30:21+00:00,RSI5_PAPER_SHADOW,SHORT RSI 70 · leva 5× · Wide,RSI5_SHORT_RSI70_5X_WIDE,PRESO_DAL_PAPER,RSI5_SHORT_RSI70_5X_WIDE:HYPE:20260719T203500Z,,RSI5_SHORT_RSI70_5X_WIDE:HYPE:20260719T203500Z:SHADOW,HYPE,SHORT,5,2026-07-19T20:35:00+00:00,2026-07-20T00:10:00+00:00,,,72.70534238532282,,STOP,-121.67829139999664,-3.2020602999999115,% margine
2026-07-20T00:30:21+00:00,RSI5_PAPER_SHADOW,SHORT RSI 70 · leva 5× · Wide,RSI5_SHORT_RSI70_5X_WIDE,SALTATO_DAL_PAPER,RSI5_SHORT_RSI70_5X_WIDE:ETH:20260719T221500Z,,RSI5_SHORT_RSI70_5X_WIDE:ETH:20260719T221500Z:SHADOW,ETH,SHORT,5,2026-07-19T22:15:00+00:00,2026-07-20T00:10:00+00:00,,,73.00765307052605,,STOP,-121.67829139999692,-3.202060299999919,% margine
2026-07-20T00:30:21+00:00,RSI5_PAPER_SHADOW,SHORT RSI 70 · leva 5× · Wide,RSI5_SHORT_RSI70_5X_WIDE,SALTATO_DAL_PAPER,RSI5_SHORT_RSI70_5X_WIDE:XRP:20260719T221500Z,,RSI5_SHORT_RSI70_5X_WIDE:XRP:20260719T221500Z:SHADOW,XRP,SHORT,5,2026-07-19T22:15:00+00:00,2026-07-20T00:15:00+00:00,,,72.54846722296706,,STOP,-121.67829139999925,-3.20206029999998,% margine
2026-07-20T00:30:21+00:00,RSI5_PAPER_SHADOW,SHORT RSI 75 · leva 10×,RSI5_SHORT_RSI75_10X,PRESO_DAL_PAPER,RSI5_SHORT_RSI75_10X:BTC:20260718T115500Z,,RSI5_SHORT_RSI75_10X:BTC:20260718T115500Z:SHADOW,BTC,SHORT,5,2026-07-18T11:55:00+00:00,2026-07-18T12:45:00+00:00,,,77.47799047390176,,STOP,-148.28057139999865,-3.9021202999999645,% margine
2026-07-20T00:30:21+00:00,RSI5_PAPER_SHADOW,SHORT RSI 75 · leva 10×,RSI5_SHORT_RSI75_10X,PRESO_DAL_PAPER,RSI5_SHORT_RSI75_10X:BTC:20260718T171500Z,,RSI5_SHORT_RSI75_10X:BTC:20260718T171500Z:SHADOW,BTC,SHORT,5,2026-07-18T17:15:00+00:00,2026-07-18T18:20:00+00:00,,,75.8853622705281,,STOP,-148.28057139999783,-3.9021202999999427,% margine
2026-07-20T00:30:21+00:00,RSI5_PAPER_SHADOW,SHORT RSI 75 · leva 10×,RSI5_SHORT_RSI75_10X,PRESO_DAL_PAPER,RSI5_SHORT_RSI75_10X:ETH:20260718T182000Z,,RSI5_SHORT_RSI75_10X:ETH:20260718T182000Z:SHADOW,ETH,SHORT,5,2026-07-18T18:20:00+00:00,2026-07-18T18:25:00+00:00,,,76.06154362056841,,STOP,-148.28057139999942,-3.9021202999999844,% margine
2026-07-20T00:30:21+00:00,RSI5_PAPER_SHADOW,SHORT RSI 75 · leva 10×,RSI5_SHORT_RSI75_10X,PRESO_DAL_PAPER,RSI5_SHORT_RSI75_10X:ADA:20260718T202000Z,,RSI5_SHORT_RSI75_10X:ADA:20260718T202000Z:SHADOW,ADA,SHORT,5,2026-07-18T20:20:00+00:00,2026-07-18T21:15:00+00:00,,,76.09802610629379,,STOP,-148.28057139999754,-3.902120299999935,% margine
2026-07-20T00:30:21+00:00,RSI5_PAPER_SHADOW,SHORT RSI 75 · leva 10×,RSI5_SHORT_RSI75_10X,PRESO_DAL_PAPER,RSI5_SHORT_RSI75_10X:SOL:20260719T020000Z,,RSI5_SHORT_RSI75_10X:SOL:20260719T020000Z:SHADOW,SOL,SHORT,5,2026-07-19T02:00:00+00:00,2026-07-19T02:05:00+00:00,,,79.07429981115921,,STOP,-148.28057139999513,-3.902120299999872,% margine
2026-07-20T00:30:21+00:00,RSI5_PAPER_SHADOW,SHORT RSI 75 · leva 10×,RSI5_SHORT_RSI75_10X,PRESO_DAL_PAPER,RSI5_SHORT_RSI75_10X:ETH:20260719T021000Z,,RSI5_SHORT_RSI75_10X:ETH:20260719T021000Z:SHADOW,ETH,SHORT,5,2026-07-19T02:10:00+00:00,2026-07-19T02:30:00+00:00,,,77.38915376536059,,STOP,-148.28057140000018,-3.9021203000000044,% margine
2026-07-20T00:30:21+00:00,RSI5_PAPER_SHADOW,SHORT RSI 75 · leva 10×,RSI5_SHORT_RSI75_10X,SALTATO_DAL_PAPER,RSI5_SHORT_RSI75_10X:HYPE:20260719T020000Z,,RSI5_SHORT_RSI75_10X:HYPE:20260719T020000Z:SHADOW,HYPE,SHORT,5,2026-07-19T02:00:00+00:00,2026-07-19T02:45:00+00:00,,,75.2520777513109,,TARGET,136.94746280000385,3.6038806000001014,% margine
2026-07-20T00:30:21+00:00,RSI5_PAPER_SHADOW,SHORT RSI 75 · leva 10×,RSI5_SHORT_RSI75_10X,SALTATO_DAL_PAPER,RSI5_SHORT_RSI75_10X:BTC:20260719T021000Z,,RSI5_SHORT_RSI75_10X:BTC:20260719T021000Z:SHADOW,BTC,SHORT,5,2026-07-19T02:10:00+00:00,2026-07-19T08:10:00+00:00,,,75.21327160536379,,TIME_EXIT,49.15785200669933,1.2936276843868244,% margine
2026-07-20T00:30:21+00:00,RSI5_PAPER_SHADOW,SHORT RSI 75 · leva 10×,RSI5_SHORT_RSI75_10X,PRESO_DAL_PAPER,RSI5_SHORT_RSI75_10X:HYPE:20260719T205000Z,,RSI5_SHORT_RSI75_10X:HYPE:20260719T205000Z:SHADOW,HYPE,SHORT,5,2026-07-19T20:50:00+00:00,2026-07-19T21:05:00+00:00,,,76.9701222469855,,TARGET,136.9474627999994,3.6038805999999846,% margine
2026-07-20T00:30:21+00:00,RSI5_PAPER_SHADOW,SHORT RSI 75 · leva 10×,RSI5_SHORT_RSI75_10X,PRESO_DAL_PAPER,RSI5_SHORT_RSI75_10X:BTC:20260719T221500Z,,RSI5_SHORT_RSI75_10X:BTC:20260719T221500Z:SHADOW,BTC,SHORT,5,2026-07-19T22:15:00+00:00,2026-07-20T00:10:00+00:00,,,76.59013480956594,,STOP,-148.28057139999984,-3.9021202999999955,% margine
2026-07-20T00:30:21+00:00,RSI5_PAPER_SHADOW,SHORT RSI 75 · leva 20×,RSI5_SHORT_RSI75_20X,PRESO_DAL_PAPER,RSI5_SHORT_RSI75_20X:BTC:20260718T115500Z,,RSI5_SHORT_RSI75_20X:BTC:20260718T115500Z:SHADOW,BTC,SHORT,5,2026-07-18T11:55:00+00:00,2026-07-18T12:45:00+00:00,,,77.47799047390176,,STOP,-296.5611427999973,-7.804240599999929,% margine
2026-07-20T00:30:21+00:00,RSI5_PAPER_SHADOW,SHORT RSI 75 · leva 20×,RSI5_SHORT_RSI75_20X,PRESO_DAL_PAPER,RSI5_SHORT_RSI75_20X:BTC:20260718T171500Z,,RSI5_SHORT_RSI75_20X:BTC:20260718T171500Z:SHADOW,BTC,SHORT,5,2026-07-18T17:15:00+00:00,2026-07-18T18:20:00+00:00,,,75.8853622705281,,STOP,-296.56114279999565,-7.804240599999885,% margine
2026-07-20T00:30:21+00:00,RSI5_PAPER_SHADOW,SHORT RSI 75 · leva 20×,RSI5_SHORT_RSI75_20X,PRESO_DAL_PAPER,RSI5_SHORT_RSI75_20X:ETH:20260718T182000Z,,RSI5_SHORT_RSI75_20X:ETH:20260718T182000Z:SHADOW,ETH,SHORT,5,2026-07-18T18:20:00+00:00,2026-07-18T18:25:00+00:00,,,76.06154362056841,,STOP,-296.56114279999883,-7.804240599999969,% margine
2026-07-20T00:30:21+00:00,RSI5_PAPER_SHADOW,SHORT RSI 75 · leva 20×,RSI5_SHORT_RSI75_20X,PRESO_DAL_PAPER,RSI5_SHORT_RSI75_20X:ADA:20260718T202000Z,,RSI5_SHORT_RSI75_20X:ADA:20260718T202000Z:SHADOW,ADA,SHORT,5,2026-07-18T20:20:00+00:00,2026-07-18T21:15:00+00:00,,,76.09802610629379,,STOP,-296.5611427999951,-7.80424059999987,% margine
2026-07-20T00:30:21+00:00,RSI5_PAPER_SHADOW,SHORT RSI 75 · leva 20×,RSI5_SHORT_RSI75_20X,PRESO_DAL_PAPER,RSI5_SHORT_RSI75_20X:SOL:20260719T020000Z,,RSI5_SHORT_RSI75_20X:SOL:20260719T020000Z:SHADOW,SOL,SHORT,5,2026-07-19T02:00:00+00:00,2026-07-19T02:05:00+00:00,,,79.07429981115921,,STOP,-296.56114279999025,-7.804240599999744,% margine
2026-07-20T00:30:21+00:00,RSI5_PAPER_SHADOW,SHORT RSI 75 · leva 20×,RSI5_SHORT_RSI75_20X,PRESO_DAL_PAPER,RSI5_SHORT_RSI75_20X:ETH:20260719T021000Z,,RSI5_SHORT_RSI75_20X:ETH:20260719T021000Z:SHADOW,ETH,SHORT,5,2026-07-19T02:10:00+00:00,2026-07-19T02:30:00+00:00,,,77.38915376536059,,STOP,-296.56114280000037,-7.804240600000009,% margine
2026-07-20T00:30:21+00:00,RSI5_PAPER_SHADOW,SHORT RSI 75 · leva 20×,RSI5_SHORT_RSI75_20X,SALTATO_DAL_PAPER,RSI5_SHORT_RSI75_20X:HYPE:20260719T020000Z,,RSI5_SHORT_RSI75_20X:HYPE:20260719T020000Z:SHADOW,HYPE,SHORT,5,2026-07-19T02:00:00+00:00,2026-07-19T02:45:00+00:00,,,75.2520777513109,,TARGET,273.8949256000077,7.207761200000203,% margine
2026-07-20T00:30:21+00:00,RSI5_PAPER_SHADOW,SHORT RSI 75 · leva 20×,RSI5_SHORT_RSI75_20X,SALTATO_DAL_PAPER,RSI5_SHORT_RSI75_20X:BTC:20260719T021000Z,,RSI5_SHORT_RSI75_20X:BTC:20260719T021000Z:SHADOW,BTC,SHORT,5,2026-07-19T02:10:00+00:00,2026-07-19T08:10:00+00:00,,,75.21327160536379,,TIME_EXIT,98.31570401339866,2.587255368773649,% margine
2026-07-20T00:30:21+00:00,RSI5_PAPER_SHADOW,SHORT RSI 75 · leva 20×,RSI5_SHORT_RSI75_20X,PRESO_DAL_PAPER,RSI5_SHORT_RSI75_20X:HYPE:20260719T205000Z,,RSI5_SHORT_RSI75_20X:HYPE:20260719T205000Z:SHADOW,HYPE,SHORT,5,2026-07-19T20:50:00+00:00,2026-07-19T21:05:00+00:00,,,76.9701222469855,,TARGET,273.8949255999988,7.207761199999969,% margine
2026-07-20T00:30:21+00:00,RSI5_PAPER_SHADOW,SHORT RSI 75 · leva 20×,RSI5_SHORT_RSI75_20X,PRESO_DAL_PAPER,RSI5_SHORT_RSI75_20X:BTC:20260719T221500Z,,RSI5_SHORT_RSI75_20X:BTC:20260719T221500Z:SHADOW,BTC,SHORT,5,2026-07-19T22:15:00+00:00,2026-07-20T00:10:00+00:00,,,76.59013480956594,,STOP,-296.5611427999997,-7.804240599999991,% margine
2026-07-20T00:30:21+00:00,RSI5_PAPER_SHADOW,SHORT RSI 75 · leva 5× · Wide,RSI5_SHORT_RSI75_5X_WIDE,PRESO_DAL_PAPER,RSI5_SHORT_RSI75_5X_WIDE:BTC:20260718T115500Z,,RSI5_SHORT_RSI75_5X_WIDE:BTC:20260718T115500Z:SHADOW,BTC,SHORT,5,2026-07-18T11:55:00+00:00,2026-07-18T17:20:00+00:00,,,77.47799047390176,,STOP,-121.67829139999667,-3.202060299999912,% margine
2026-07-20T00:30:21+00:00,RSI5_PAPER_SHADOW,SHORT RSI 75 · leva 5× · Wide,RSI5_SHORT_RSI75_5X_WIDE,PRESO_DAL_PAPER,RSI5_SHORT_RSI75_5X_WIDE:ETH:20260718T182000Z,,RSI5_SHORT_RSI75_5X_WIDE:ETH:20260718T182000Z:SHADOW,ETH,SHORT,5,2026-07-18T18:20:00+00:00,2026-07-18T18:25:00+00:00,,,76.06154362056841,,STOP,-121.67829139999917,-3.202060299999978,% margine
2026-07-20T00:30:21+00:00,RSI5_PAPER_SHADOW,SHORT RSI 75 · leva 5× · Wide,RSI5_SHORT_RSI75_5X_WIDE,SALTATO_DAL_PAPER,RSI5_SHORT_RSI75_5X_WIDE:ADA:20260718T202000Z,,RSI5_SHORT_RSI75_5X_WIDE:ADA:20260718T202000Z:SHADOW,ADA,SHORT,5,2026-07-18T20:20:00+00:00,2026-07-19T02:00:00+00:00,,,76.09802610629379,,STOP,-121.67829139999752,-3.202060299999935,% margine
2026-07-20T00:30:21+00:00,RSI5_PAPER_SHADOW,SHORT RSI 75 · leva 5× · Wide,RSI5_SHORT_RSI75_5X_WIDE,PRESO_DAL_PAPER,RSI5_SHORT_RSI75_5X_WIDE:BTC:20260718T202000Z,,RSI5_SHORT_RSI75_5X_WIDE:BTC:20260718T202000Z:SHADOW,BTC,SHORT,5,2026-07-18T20:20:00+00:00,2026-07-19T02:05:00+00:00,,,77.22664457356638,,STOP,-121.67829139999863,-3.202060299999964,% margine
2026-07-20T00:30:21+00:00,RSI5_PAPER_SHADOW,SHORT RSI 75 · leva 5× · Wide,RSI5_SHORT_RSI75_5X_WIDE,SALTATO_DAL_PAPER,RSI5_SHORT_RSI75_5X_WIDE:SOL:20260719T020000Z,,RSI5_SHORT_RSI75_5X_WIDE:SOL:20260719T020000Z:SHADOW,SOL,SHORT,5,2026-07-19T02:00:00+00:00,2026-07-19T02:30:00+00:00,,,79.07429981115921,,STOP,-121.67829139999755,-3.2020602999999355,% margine
2026-07-20T00:30:21+00:00,RSI5_PAPER_SHADOW,SHORT RSI 75 · leva 5× · Wide,RSI5_SHORT_RSI75_5X_WIDE,SALTATO_DAL_PAPER,RSI5_SHORT_RSI75_5X_WIDE:HYPE:20260719T020000Z,,RSI5_SHORT_RSI75_5X_WIDE:HYPE:20260719T020000Z:SHADOW,HYPE,SHORT,5,2026-07-19T02:00:00+00:00,2026-07-19T08:00:00+00:00,,,75.2520777513109,,TIME_EXIT,-69.05816273834127,-1.8173200720616123,% margine
2026-07-20T00:30:21+00:00,RSI5_PAPER_SHADOW,SHORT RSI 75 · leva 5× · Wide,RSI5_SHORT_RSI75_5X_WIDE,PRESO_DAL_PAPER,RSI5_SHORT_RSI75_5X_WIDE:ETH:20260719T021000Z,,RSI5_SHORT_RSI75_5X_WIDE:ETH:20260719T021000Z:SHADOW,ETH,SHORT,5,2026-07-19T02:10:00+00:00,2026-07-19T08:10:00+00:00,,,77.38915376536059,,TIME_EXIT,-30.100906353332526,-0.7921291145613821,% margine
2026-07-20T00:30:21+00:00,RSI5_PAPER_SHADOW,SHORT RSI 75 · leva 5× · Wide,RSI5_SHORT_RSI75_5X_WIDE,PRESO_DAL_PAPER,RSI5_SHORT_RSI75_5X_WIDE:HYPE:20260719T205000Z,,RSI5_SHORT_RSI75_5X_WIDE:HYPE:20260719T205000Z:SHADOW,HYPE,SHORT,5,2026-07-19T20:50:00+00:00,2026-07-19T23:05:00+00:00,,,76.9701222469855,,TARGET,163.54974280000195,4.303940600000051,% margine
