trade_id,portfolio,asset,side,closed_at,actual_net_pnl_eur,mfe_net_eur,mae_net_eur,reached_50_eur,closed_loss_after_reaching_50,tp_25,tp_50,tp_75,tp_100,tp_150,tp_200,sl_50,tp50_sl50,breakeven_after_50,lock20_after_50,lock30_after_50,partial50_after_50,trailing20_after_50
1acbb7031abcfc19ea31,SHADOW_1H_BALANCED,ZEC,LONG,2026-07-12T16:28:26+00:00,29.73035933484665,0.0,0.0,False,False,29.73035933484665,29.73035933484665,29.73035933484665,29.73035933484665,29.73035933484665,29.73035933484665,29.73035933484665,29.73035933484665,29.73035933484665,29.73035933484665,29.73035933484665,29.73035933484665,29.73035933484665
a6eabeeba598a34124bf,SHADOW_1H_FAST,ZEC,LONG,2026-07-12T16:28:26+00:00,45.620888011163274,0.0,0.0,False,False,45.620888011163274,45.620888011163274,45.620888011163274,45.620888011163274,45.620888011163274,45.620888011163274,45.620888011163274,45.620888011163274,45.620888011163274,45.620888011163274,45.620888011163274,45.620888011163274,45.620888011163274
3201724a8260217f36a8,SHADOW_RELATIVE_STRENGTH,ZEC,LONG,2026-07-12T16:28:26+00:00,26.854088660940796,0.0,0.0,False,False,26.854088660940796,26.854088660940796,26.854088660940796,26.854088660940796,26.854088660940796,26.854088660940796,26.854088660940796,26.854088660940796,26.854088660940796,26.854088660940796,26.854088660940796,26.854088660940796,26.854088660940796
a1c59c52f8778d629a97,SHADOW_1H_FAST,T,LONG,2026-07-12T23:30:44+00:00,-0.5470105041478113,0.0,0.0,False,False,-0.5470105041478113,-0.5470105041478113,-0.5470105041478113,-0.5470105041478113,-0.5470105041478113,-0.5470105041478113,-0.5470105041478113,-0.5470105041478113,-0.5470105041478113,-0.5470105041478113,-0.5470105041478113,-0.5470105041478113,-0.5470105041478113
8716ff46f5ea6550e7ec,SHADOW_1H_FAST,ZEC,LONG,2026-07-13T01:07:33+00:00,-53.652171328260735,0.0,0.0,False,False,-53.652171328260735,-53.652171328260735,-53.652171328260735,-53.652171328260735,-53.652171328260735,-53.652171328260735,-53.652171328260735,-53.652171328260735,-53.652171328260735,-53.652171328260735,-53.652171328260735,-53.652171328260735,-53.652171328260735
bc8adec0cbeb37d5de80,SHADOW_1H_BALANCED,ZEC,LONG,2026-07-13T04:49:53+00:00,-52.59273570794037,0.0,0.0,False,False,-52.59273570794037,-52.59273570794037,-52.59273570794037,-52.59273570794037,-52.59273570794037,-52.59273570794037,-52.59273570794037,-52.59273570794037,-52.59273570794037,-52.59273570794037,-52.59273570794037,-52.59273570794037,-52.59273570794037
b346dbaa6a455d3e074b,SHADOW_RELATIVE_STRENGTH,ZEC,LONG,2026-07-13T04:49:53+00:00,-52.57768860125632,0.0,0.0,False,False,-52.57768860125632,-52.57768860125632,-52.57768860125632,-52.57768860125632,-52.57768860125632,-52.57768860125632,-52.57768860125632,-52.57768860125632,-52.57768860125632,-52.57768860125632,-52.57768860125632,-52.57768860125632,-52.57768860125632
2a36000dc68dbaf43e4e,SHADOW_1H_BALANCED,LAB,SHORT,2026-07-13T07:47:52+00:00,99.63615676375981,0.0,0.0,False,False,99.63615676375981,99.63615676375981,99.63615676375981,99.63615676375981,99.63615676375981,99.63615676375981,99.63615676375981,99.63615676375981,99.63615676375981,99.63615676375981,99.63615676375981,99.63615676375981,99.63615676375981
cf5f91d36d4be093b4ad,SHADOW_1H_FAST,T,LONG,2026-07-13T07:47:52+00:00,-51.291743392216915,0.0,0.0,False,False,-51.291743392216915,-51.291743392216915,-51.291743392216915,-51.291743392216915,-51.291743392216915,-51.291743392216915,-51.291743392216915,-51.291743392216915,-51.291743392216915,-51.291743392216915,-51.291743392216915,-51.291743392216915,-51.291743392216915
e47b5c28da6096f2797a,SHADOW_1H_FAST,LAB,SHORT,2026-07-13T07:47:52+00:00,74.61769905661585,0.0,0.0,False,False,74.61769905661585,74.61769905661585,74.61769905661585,74.61769905661585,74.61769905661585,74.61769905661585,74.61769905661585,74.61769905661585,74.61769905661585,74.61769905661585,74.61769905661585,74.61769905661585,74.61769905661585
07c8c7bca0c7f3f12949,SHADOW_RELATIVE_STRENGTH,LAB,SHORT,2026-07-13T08:02:23+00:00,109.63996894148181,0.0,0.0,False,False,109.63996894148181,109.63996894148181,109.63996894148181,109.63996894148181,109.63996894148181,109.63996894148181,109.63996894148181,109.63996894148181,109.63996894148181,109.63996894148181,109.63996894148181,109.63996894148181,109.63996894148181
d65db6aeadf7c58e18c9,SHADOW_1H_BALANCED,EVAA,SHORT,2026-07-13T10:15:55+00:00,-0.584951183060453,0.0,0.0,False,False,-0.584951183060453,-0.584951183060453,-0.584951183060453,-0.584951183060453,-0.584951183060453,-0.584951183060453,-0.584951183060453,-0.584951183060453,-0.584951183060453,-0.584951183060453,-0.584951183060453,-0.584951183060453,-0.584951183060453
f27a1a40ceaa2074bb94,SHADOW_1H_FAST,EVAA,SHORT,2026-07-13T10:15:55+00:00,-0.5841274595138468,0.0,0.0,False,False,-0.5841274595138468,-0.5841274595138468,-0.5841274595138468,-0.5841274595138468,-0.5841274595138468,-0.5841274595138468,-0.5841274595138468,-0.5841274595138468,-0.5841274595138468,-0.5841274595138468,-0.5841274595138468,-0.5841274595138468,-0.5841274595138468
1efedbc2d980b54bd626,MAIN,EVAA,SHORT,2026-07-13T11:23:10+00:00,99.42238602281175,0.0,0.0,False,False,99.42238602281175,99.42238602281175,99.42238602281175,99.42238602281175,99.42238602281175,99.42238602281175,99.42238602281175,99.42238602281175,99.42238602281175,99.42238602281175,99.42238602281175,99.42238602281175,99.42238602281175
57b1aa287600ce7066c2,SHADOW_RELATIVE_STRENGTH,EVAA,SHORT,2026-07-13T11:23:10+00:00,109.88079979832295,0.0,0.0,False,False,109.88079979832295,109.88079979832295,109.88079979832295,109.88079979832295,109.88079979832295,109.88079979832295,109.88079979832295,109.88079979832295,109.88079979832295,109.88079979832295,109.88079979832295,109.88079979832295,109.88079979832295
f95c258e602a9d1e5794,SHADOW_1H_FAST,HYPE,SHORT,2026-07-13T13:40:28+00:00,69.99330307799605,0.0,0.0,False,False,69.99330307799605,69.99330307799605,69.99330307799605,69.99330307799605,69.99330307799605,69.99330307799605,69.99330307799605,69.99330307799605,69.99330307799605,69.99330307799605,69.99330307799605,69.99330307799605,69.99330307799605
6f173cf7ba2fd4bd1a2f,MAIN,LAB,SHORT,2026-07-13T18:11:31+00:00,99.49040720812864,0.0,0.0,False,False,99.49040720812864,99.49040720812864,99.49040720812864,99.49040720812864,99.49040720812864,99.49040720812864,99.49040720812864,99.49040720812864,99.49040720812864,99.49040720812864,99.49040720812864,99.49040720812864,99.49040720812864
3fa6f4b909ccfd396c30,SHADOW_1H_BALANCED,EVAA,SHORT,2026-07-13T18:11:31+00:00,-50.980421311467744,0.0,0.0,False,False,-50.980421311467744,-50.980421311467744,-50.980421311467744,-50.980421311467744,-50.980421311467744,-50.980421311467744,-50.980421311467744,-50.980421311467744,-50.980421311467744,-50.980421311467744,-50.980421311467744,-50.980421311467744,-50.980421311467744
cf630001293cd79133e3,SHADOW_1H_BALANCED,LAB,SHORT,2026-07-13T18:11:31+00:00,99.7882428175441,0.0,0.0,False,False,99.7882428175441,99.7882428175441,99.7882428175441,99.7882428175441,99.7882428175441,99.7882428175441,99.7882428175441,99.7882428175441,99.7882428175441,99.7882428175441,99.7882428175441,99.7882428175441,99.7882428175441
5483d7e0dd621076f234,SHADOW_1H_FAST,EVAA,SHORT,2026-07-13T18:11:31+00:00,-50.7348692034777,0.0,0.0,False,False,-50.7348692034777,-50.7348692034777,-50.7348692034777,-50.7348692034777,-50.7348692034777,-50.7348692034777,-50.7348692034777,-50.7348692034777,-50.7348692034777,-50.7348692034777,-50.7348692034777,-50.7348692034777,-50.7348692034777
b39f83c37bb0ce4c9970,SHADOW_1H_FAST,LAB,SHORT,2026-07-13T18:11:31+00:00,74.59496978062639,0.0,0.0,False,False,74.59496978062639,74.59496978062639,74.59496978062639,74.59496978062639,74.59496978062639,74.59496978062639,74.59496978062639,74.59496978062639,74.59496978062639,74.59496978062639,74.59496978062639,74.59496978062639,74.59496978062639
4fdb348072d33a605c16,SHADOW_4H_WIDE,LAB,SHORT,2026-07-13T18:11:31+00:00,139.52028347007771,0.0,0.0,False,False,139.52028347007771,139.52028347007771,139.52028347007771,139.52028347007771,139.52028347007771,139.52028347007771,139.52028347007771,139.52028347007771,139.52028347007771,139.52028347007771,139.52028347007771,139.52028347007771,139.52028347007771
12c93e6e4ce89c5f3131,SHADOW_RELATIVE_STRENGTH,EVAA,SHORT,2026-07-13T18:11:31+00:00,-51.46707219522266,0.0,0.0,False,False,-51.46707219522266,-51.46707219522266,-51.46707219522266,-51.46707219522266,-51.46707219522266,-51.46707219522266,-51.46707219522266,-51.46707219522266,-51.46707219522266,-51.46707219522266,-51.46707219522266,-51.46707219522266,-51.46707219522266
bdbb23a92ab1b983487a,MAIN,ZEC,LONG,2026-07-13T21:06:38+00:00,-51.20767235771928,0.0,0.0,False,False,-51.20767235771928,-51.20767235771928,-51.20767235771928,-51.20767235771928,-51.20767235771928,-51.20767235771928,-51.20767235771928,-51.20767235771928,-51.20767235771928,-51.20767235771928,-51.20767235771928,-51.20767235771928,-51.20767235771928
4e2f47375796effc98b7,MAIN,ALLO,LONG,2026-07-14T03:20:27+00:00,-51.50807710745239,0.0,0.0,False,False,-51.50807710745239,-51.50807710745239,-51.50807710745239,-51.50807710745239,-51.50807710745239,-51.50807710745239,-51.50807710745239,-51.50807710745239,-51.50807710745239,-51.50807710745239,-51.50807710745239,-51.50807710745239,-51.50807710745239
13ef65ed76ec25b1fdba,SHADOW_4H_WIDE,ALLO,LONG,2026-07-14T03:20:27+00:00,-51.44601238596275,0.0,0.0,False,False,-51.44601238596275,-51.44601238596275,-51.44601238596275,-51.44601238596275,-51.44601238596275,-51.44601238596275,-51.44601238596275,-51.44601238596275,-51.44601238596275,-51.44601238596275,-51.44601238596275,-51.44601238596275,-51.44601238596275
7b06d88b617b1cad6908,SHADOW_1H_FAST,VELVET,LONG,2026-07-14T05:35:47+00:00,15.271896683558628,0.0,0.0,False,False,15.271896683558628,15.271896683558628,15.271896683558628,15.271896683558628,15.271896683558628,15.271896683558628,15.271896683558628,15.271896683558628,15.271896683558628,15.271896683558628,15.271896683558628,15.271896683558628,15.271896683558628
d39e16beb2f62a2730f2,SHADOW_1H_FAST,HYPE,SHORT,2026-07-14T05:35:47+00:00,14.589416578847466,0.0,0.0,False,False,14.589416578847466,14.589416578847466,14.589416578847466,14.589416578847466,14.589416578847466,14.589416578847466,14.589416578847466,14.589416578847466,14.589416578847466,14.589416578847466,14.589416578847466,14.589416578847466,14.589416578847466
164a0ebef7ad320cd1fe,MAIN,EVAA,SHORT,2026-07-14T11:10:12+00:00,-51.66965192520616,46.86593695918749,-118.82904509575765,False,False,-51.66965192520616,-51.66965192520616,-51.66965192520616,-51.66965192520616,-51.66965192520616,-51.66965192520616,-51.66965192520616,-51.66965192520616,-51.66965192520616,-51.66965192520616,-51.66965192520616,-51.66965192520616,-51.66965192520616
9ebf6e808dac5e458ae4,SHADOW_1H_BALANCED,VELVET,LONG,2026-07-14T11:10:12+00:00,4.938994282159467,73.64436125262884,-83.79449453841097,True,False,4.938994282159467,4.938994282159467,4.938994282159467,4.938994282159467,4.938994282159467,4.938994282159467,4.938994282159467,4.938994282159467,4.938994282159467,4.938994282159467,4.938994282159467,4.938994282159467,4.938994282159467
bb6359c92ac3a7068aeb,SHADOW_1H_FAST,SOL,SHORT,2026-07-14T11:10:12+00:00,-57.06432654000651,-2.6531086956734518,-61.0245193491427,False,False,-57.06432654000651,-57.06432654000651,-57.06432654000651,-57.06432654000651,-57.06432654000651,-57.06432654000651,-57.06432654000651,-57.06432654000651,-57.06432654000651,-57.06432654000651,-57.06432654000651,-57.06432654000651,-57.06432654000651
e11fc195fc74f5b9891b,SHADOW_4H_WIDE,EVAA,SHORT,2026-07-14T11:10:12+00:00,-0.9995451445615515,78.80983197160417,-69.66769875430869,True,True,-0.9995451445615515,-0.9995451445615515,-0.9995451445615515,-0.9995451445615515,-0.9995451445615515,-0.9995451445615515,-0.9995451445615515,-0.9995451445615515,-0.9995451445615515,-0.9995451445615515,-0.9995451445615515,-0.9995451445615515,-0.9995451445615515
bfabbdd1a7e2c73fab2a,SHADOW_RELATIVE_STRENGTH,VELVET,LONG,2026-07-14T11:10:12+00:00,0.3563479454586885,73.18486387422382,-92.4664887804801,True,False,0.3563479454586885,0.3563479454586885,0.3563479454586885,0.3563479454586885,0.3563479454586885,0.3563479454586885,0.3563479454586885,0.3563479454586885,0.3563479454586885,0.3563479454586885,0.3563479454586885,0.3563479454586885,0.3563479454586885
2a92081bb4c17ef527bc,SHADOW_1H_FAST,LAB,SHORT,2026-07-14T12:33:59+00:00,-51.02410082053492,4.359452119087308,-60.61315941074532,False,False,-51.02410082053492,-51.02410082053492,-51.02410082053492,-51.02410082053492,-51.02410082053492,-51.02410082053492,-51.02410082053492,-51.02410082053492,-51.02410082053492,-51.02410082053492,-51.02410082053492,-51.02410082053492,-51.02410082053492
a8db4f1685f5a7ddc5ed,SHADOW_EMA_TREND_1H,LAB,SHORT,2026-07-14T12:33:59+00:00,-50.62338933333337,4.325215699161601,-60.13714143373299,False,False,-50.62338933333337,-50.62338933333337,-50.62338933333337,-50.62338933333337,-50.62338933333337,-50.62338933333337,-50.62338933333337,-50.62338933333337,-50.62338933333337,-50.62338933333337,-50.62338933333337,-50.62338933333337,-50.62338933333337
c26606abb287f4a6c3f4,SHADOW_SCANNER_BOTTOM5_SHORT,LAB,SHORT,2026-07-14T12:33:59+00:00,-50.62338933333337,4.325215699161601,-60.13714143373299,False,False,-50.62338933333337,-50.62338933333337,-50.62338933333337,-50.62338933333337,-50.62338933333337,-50.62338933333337,-50.62338933333337,-50.62338933333337,-50.62338933333337,-50.62338933333337,-50.62338933333337,-50.62338933333337,-50.62338933333337
3dd8b9eca35fde2b16e0,SHADOW_1H_BALANCED,SOL,SHORT,2026-07-14T14:14:01+00:00,-55.49059764870979,-2.06223484645012,-123.4768025417241,False,False,-55.49059764870979,-55.49059764870979,-55.49059764870979,-55.49059764870979,-55.49059764870979,-55.49059764870979,-55.49059764870979,-55.49059764870979,-55.49059764870979,-55.49059764870979,-55.49059764870979,-55.49059764870979,-55.49059764870979
cd7708e759891fba004e,SHADOW_1H_FAST,ETH,LONG,2026-07-14T14:14:01+00:00,69.23195957682604,190.7406740347255,-10.30442223928488,True,False,69.23195957682604,69.23195957682604,69.23195957682604,69.23195957682604,69.23195957682604,69.23195957682604,69.23195957682604,69.23195957682604,69.23195957682604,69.23195957682604,69.23195957682604,69.23195957682604,69.23195957682604
a7db992b0f27fc958094,SHADOW_RELATIVE_STRENGTH,HYPE,SHORT,2026-07-14T14:14:01+00:00,-54.28773649876553,-1.6419292015636116,-76.62094833217866,False,False,-54.28773649876553,-54.28773649876553,-54.28773649876553,-54.28773649876553,-54.28773649876553,-54.28773649876553,-54.28773649876553,-54.28773649876553,-54.28773649876553,-54.28773649876553,-54.28773649876553,-54.28773649876553,-54.28773649876553
7bdaf685acdb91b6d69b,MAIN,DOGE,SHORT,2026-07-14T16:00:54+00:00,-51.89942744353072,5.40271351471783,-63.24295210973638,False,False,-51.89942744353072,-51.89942744353072,-51.89942744353072,-51.89942744353072,-51.89942744353072,-51.89942744353072,-51.89942744353072,-51.89942744353072,-51.89942744353072,-51.89942744353072,-51.89942744353072,-51.89942744353072,-51.89942744353072
5b524a3b6c688db3a4c1,SHADOW_1H_FAST,PEPE,LONG,2026-07-14T17:23:05+00:00,-54.54275331487344,26.804933841078793,-60.911123982119015,False,False,-54.54275331487344,-54.54275331487344,-54.54275331487344,-54.54275331487344,-54.54275331487344,-54.54275331487344,-54.54275331487344,-54.54275331487344,-54.54275331487344,-54.54275331487344,-54.54275331487344,-54.54275331487344,-54.54275331487344
9bc888cb9be9ef40bccf,SHADOW_SCANNER_TOP5_BTC,ZEC,LONG,2026-07-14T19:58:20+00:00,30.639904902828384,75.67434277797598,-25.732492767275446,True,False,30.639904902828384,30.639904902828384,30.639904902828384,30.639904902828384,30.639904902828384,30.639904902828384,30.639904902828384,30.639904902828384,30.639904902828384,30.639904902828384,30.639904902828384,30.639904902828384,30.639904902828384
2e49c7b566123cad51b2,SHADOW_SCANNER_TOP5_LONG,ZEC,LONG,2026-07-14T19:58:20+00:00,30.639904902828384,75.67434277797598,-25.732492767275446,True,False,30.639904902828384,30.639904902828384,30.639904902828384,30.639904902828384,30.639904902828384,30.639904902828384,30.639904902828384,30.639904902828384,30.639904902828384,30.639904902828384,30.639904902828384,30.639904902828384,30.639904902828384
669d2ad49b118d40c540,SHADOW_BOLLINGER_MR_1H,ETH,SHORT,2026-07-15T00:07:50+00:00,-54.958034013161864,6.153924220428491,-57.93536231830855,False,False,-54.958034013161864,-54.958034013161864,-54.958034013161864,-54.958034013161864,-54.958034013161864,-54.958034013161864,-54.958034013161864,-54.958034013161864,-54.958034013161864,-54.958034013161864,-54.958034013161864,-54.958034013161864,-54.958034013161864
df9c8721986799e23937,SHADOW_DONCHIAN_1H,ZEC,LONG,2026-07-15T00:07:50+00:00,122.29193030068521,132.5319492782926,-23.33729556142322,True,False,122.29193030068521,122.29193030068521,122.29193030068521,122.29193030068521,122.29193030068521,122.29193030068521,122.29193030068521,122.29193030068521,122.29193030068521,122.29193030068521,122.29193030068521,122.29193030068521,122.29193030068521
1f35572e0ce2402a089f,SHADOW_RSI_SHORT_15X_10_RSI75,ZEC,SHORT,2026-07-15T00:07:50+00:00,-2.8882582003318933,-0.09,-4.167379866638848,False,False,-2.8882582003318933,-2.8882582003318933,-2.8882582003318933,-2.8882582003318933,-2.8882582003318933,-2.8882582003318933,-2.8882582003318933,-2.8882582003318933,-2.8882582003318933,-2.8882582003318933,-2.8882582003318933,-2.8882582003318933,-2.8882582003318933
8d6eb5d6bbe07ed5902e,SHADOW_RSI_SHORT_15X_50_RSI75,ZEC,SHORT,2026-07-15T00:07:50+00:00,-14.441291001659465,-0.44999999999999996,-20.836899333194243,False,False,-14.441291001659465,-14.441291001659465,-14.441291001659465,-14.441291001659465,-14.441291001659465,-14.441291001659465,-14.441291001659465,-14.441291001659465,-14.441291001659465,-14.441291001659465,-14.441291001659465,-14.441291001659465,-14.441291001659465
bc9e8feaa339def081aa,SHADOW_RSI_SHORT_5X_RSI75,ZEC,SHORT,2026-07-15T00:07:50+00:00,-10.792792794033002,-0.33631042797744026,-15.572592294376431,False,False,-10.792792794033002,-10.792792794033002,-10.792792794033002,-10.792792794033002,-10.792792794033002,-10.792792794033002,-10.792792794033002,-10.792792794033002,-10.792792794033002,-10.792792794033002,-10.792792794033002,-10.792792794033002,-10.792792794033002
433b35e89db04d70e147,SHADOW_SCANNER_TOP5_LONG,ZEC,LONG,2026-07-15T00:07:50+00:00,97.87729222665574,101.28811898614387,-2.1364259500741967,True,False,97.87729222665574,97.87729222665574,97.87729222665574,97.87729222665574,97.87729222665574,97.87729222665574,97.87729222665574,97.87729222665574,97.87729222665574,97.87729222665574,97.87729222665574,97.87729222665574,97.87729222665574
a222c578dd24b344eb83,MAIN,HYPE,SHORT,2026-07-15T03:39:33+00:00,-52.08210331051277,3.0317669486741132,-72.25290038990653,False,False,-52.08210331051277,-52.08210331051277,-52.08210331051277,-52.08210331051277,-52.08210331051277,-52.08210331051277,-52.08210331051277,-52.08210331051277,-52.08210331051277,-52.08210331051277,-52.08210331051277,-52.08210331051277,-52.08210331051277
defa5d02861ea544128e,SHADOW_1H_FAST,LAB,SHORT,2026-07-15T06:01:30+00:00,74.79468110187815,76.31277218229589,-0.5020650488924514,True,False,74.79468110187815,74.79468110187815,74.79468110187815,74.79468110187815,74.79468110187815,74.79468110187815,74.79468110187815,74.79468110187815,74.79468110187815,74.79468110187815,74.79468110187815,74.79468110187815,74.79468110187815
fbfaf07756068cfc9625,SHADOW_1H_FAST,PEPE,LONG,2026-07-15T08:29:20+00:00,-54.31064464685999,20.048501232670013,-57.78569491149114,False,False,-54.31064464685999,-54.31064464685999,-54.31064464685999,-54.31064464685999,-54.31064464685999,-54.31064464685999,-54.31064464685999,-54.31064464685999,-54.31064464685999,-54.31064464685999,-54.31064464685999,-54.31064464685999,-54.31064464685999
28077918a2508a267a70,SHADOW_BOLLINGER_MR_1H,PEPE,SHORT,2026-07-15T08:29:20+00:00,71.51400344291118,92.61490021146116,-32.4242363736063,True,False,71.51400344291118,71.51400344291118,71.51400344291118,71.51400344291118,71.51400344291118,71.51400344291118,71.51400344291118,71.51400344291118,71.51400344291118,71.51400344291118,71.51400344291118,71.51400344291118,71.51400344291118
16b6ad42e069537f2e4e,SHADOW_SCANNER_TOP5_BTC,ZEC,LONG,2026-07-15T11:05:46+00:00,107.73621606232867,109.66485935350259,-2.314461445913713,True,False,107.73621606232867,107.73621606232867,107.73621606232867,107.73621606232867,107.73621606232867,107.73621606232867,107.73621606232867,107.73621606232867,107.73621606232867,107.73621606232867,107.73621606232867,107.73621606232867,107.73621606232867
8a50b04871dcf40f1139,SHADOW_SCANNER_TOP5_LONG,ETH,LONG,2026-07-15T14:02:37+00:00,95.22181958180599,104.39989117403516,-13.910098787721868,True,False,25.0,50.0,75.0,95.22181958180599,95.22181958180599,95.22181958180599,95.22181958180599,50.0,95.22181958180599,95.22181958180599,95.22181958180599,72.610909790903,95.22181958180599
92f9892a90c6324535ba,MAIN,LAB,SHORT,2026-07-15T15:40:23+00:00,-0.5813197740880516,64.88662705432552,-24.579907498207863,True,True,-0.5813197740880516,-0.5813197740880516,-0.5813197740880516,-0.5813197740880516,-0.5813197740880516,-0.5813197740880516,-0.5813197740880516,-0.5813197740880516,-0.5813197740880516,-0.5813197740880516,-0.5813197740880516,24.709340112955974,-0.5813197740880516
a845c15ac293321659c3,SHADOW_1H_FAST,AAVE,LONG,2026-07-15T15:40:23+00:00,-4.974564950068498,0.0,0.0,False,False,-4.974564950068498,-4.974564950068498,-4.974564950068498,-4.974564950068498,-4.974564950068498,-4.974564950068498,-4.974564950068498,-4.974564950068498,-4.974564950068498,-4.974564950068498,-4.974564950068498,-4.974564950068498,-4.974564950068498
20412017df732aab1311,SHADOW_COMBO_ADAPTIVE,ZEC,LONG,2026-07-15T15:40:23+00:00,15.122917278666865,48.8922205926981,-2.3822484375428057,True,False,25.0,50.0,15.122917278666865,15.122917278666865,15.122917278666865,15.122917278666865,15.122917278666865,50.0,15.122917278666865,20.0,30.0,32.56145863933343,15.122917278666865
1b86719cea351d2bb0fc,SHADOW_SCANNER_BOTTOM5_SHORT,LAB,SHORT,2026-07-15T15:40:23+00:00,99.15736729467207,116.15419963896707,-0.49744933536645725,True,False,25.0,50.0,75.0,99.15736729467207,99.15736729467207,99.15736729467207,99.15736729467207,50.0,99.15736729467207,99.15736729467207,99.15736729467207,74.57868364733604,46.65706464280566
8b571a64b2ad98a41c91,SHADOW_COMBO_MEAN_REVERSION,PEPE,SHORT,2026-07-15T16:57:25+00:00,76.45575690860952,125.07344854022703,-3.0925141057299648,True,False,25.0,50.0,75.0,76.45575690860952,76.45575690860952,76.45575690860952,76.45575690860952,50.0,76.45575690860952,76.45575690860952,76.45575690860952,63.22787845430476,76.45575690860952
9c0c68783b638b5ad249,SHADOW_DONCHIAN_1H,ETH,LONG,2026-07-15T16:57:25+00:00,55.26696702499383,93.95990205663163,-12.792086200816545,True,False,25.0,50.0,75.0,55.26696702499383,55.26696702499383,55.26696702499383,55.26696702499383,50.0,55.26696702499383,55.26696702499383,55.26696702499383,52.633483512496916,55.26696702499383
0785d0383d06d2c31f20,SHADOW_RSI_SHORT_15X_10_RSI75,XRP,SHORT,2026-07-15T16:57:25+00:00,0.8980324243790634,1.9732193085109435,-0.3743685136977588,False,False,0.8980324243790634,0.8980324243790634,0.8980324243790634,0.8980324243790634,0.8980324243790634,0.8980324243790634,0.8980324243790634,0.8980324243790634,0.8980324243790634,0.8980324243790634,0.8980324243790634,0.8980324243790634,0.8980324243790634
2b5eaf0fbc87d3e64220,SHADOW_RSI_SHORT_15X_50_RSI75,XRP,SHORT,2026-07-15T16:57:25+00:00,4.490162121895316,9.866096542554718,-1.8718425684887943,False,False,4.490162121895316,4.490162121895316,4.490162121895316,4.490162121895316,4.490162121895316,4.490162121895316,4.490162121895316,4.490162121895316,4.490162121895316,4.490162121895316,4.490162121895316,4.490162121895316,4.490162121895316
4cf304eb461b1e141e4d,SHADOW_RSI_SHORT_5X_RSI75,XRP,SHORT,2026-07-15T16:57:25+00:00,7.592574817718405,17.58718267484821,-3.336723601738151,False,False,7.592574817718405,7.592574817718405,7.592574817718405,7.592574817718405,7.592574817718405,7.592574817718405,7.592574817718405,7.592574817718405,7.592574817718405,7.592574817718405,7.592574817718405,7.592574817718405,7.592574817718405
012411d1504e8e817bb2,SHADOW_SCANNER_TOP5_BTC,ETH,LONG,2026-07-15T16:57:25+00:00,67.16483675323147,104.39989117403516,-14.213429112018384,True,False,25.0,50.0,75.0,100.0,67.16483675323147,67.16483675323147,67.16483675323147,50.0,67.16483675323147,67.16483675323147,67.16483675323147,58.582418376615735,67.16483675323147
b1171c793f427369397d,SHADOW_SCANNER_TOP5_LONG,ZEC,LONG,2026-07-15T16:57:25+00:00,37.84535386609924,76.00039379269997,-16.80015275771214,True,False,25.0,50.0,75.0,37.84535386609924,37.84535386609924,37.84535386609924,37.84535386609924,50.0,37.84535386609924,37.84535386609924,37.84535386609924,43.922676933049615,53.44402631363955
bd6c8facf09904a981df,SHADOW_BOLLINGER_MR_1H,ETH,SHORT,2026-07-15T18:14:36+00:00,-5.460863928648916,44.44582471861043,-17.20380707265383,False,False,-5.460863928648916,-5.460863928648916,-5.460863928648916,-5.460863928648916,-5.460863928648916,-5.460863928648916,-5.460863928648916,-5.460863928648916,-5.460863928648916,-5.460863928648916,-5.460863928648916,-5.460863928648916,-5.460863928648916
5cb57749693880256008,SHADOW_1H_FAST,HYPE,LONG,2026-07-15T19:38:43+00:00,-55.1741079166269,29.7016582921324,-55.520935640272945,False,False,-55.1741079166269,-55.1741079166269,-55.1741079166269,-55.1741079166269,-55.1741079166269,-55.1741079166269,-50.0,-50.0,-55.1741079166269,-55.1741079166269,-55.1741079166269,-55.1741079166269,-55.1741079166269
26aeab6c69c2795aa9fd,SHADOW_1H_FAST,LAB,SHORT,2026-07-15T20:44:06+00:00,-0.4050371557507997,69.77783490653684,-19.701083611225467,True,True,25.0,-0.4050371557507997,-0.4050371557507997,-0.4050371557507997,-0.4050371557507997,-0.4050371557507997,-0.4050371557507997,-0.4050371557507997,-0.4050371557507997,-0.4050371557507997,-0.4050371557507997,24.7974814221246,-0.4050371557507997
bc6344c9fdefa0fcac24,SHADOW_COMBO_ADAPTIVE,LAB,SHORT,2026-07-15T20:44:06+00:00,-0.40248607158869604,69.33834651153767,-19.576998396663573,True,True,25.0,-0.40248607158869604,-0.40248607158869604,-0.40248607158869604,-0.40248607158869604,-0.40248607158869604,-0.40248607158869604,-0.40248607158869604,-0.40248607158869604,-0.40248607158869604,-0.40248607158869604,24.79875696420565,-0.40248607158869604
5cc913c842c4478b4208,SHADOW_COMBO_TREND,LAB,SHORT,2026-07-15T20:44:06+00:00,-0.40249246443667863,69.33944784035351,-19.577309345994596,True,True,25.0,-0.40249246443667863,-0.40249246443667863,-0.40249246443667863,-0.40249246443667863,-0.40249246443667863,-0.40249246443667863,-0.40249246443667863,-0.40249246443667863,-0.40249246443667863,-0.40249246443667863,24.798753767781662,-0.40249246443667863
8e1c2f6608f95d1edbb1,SHADOW_COMBO_ADAPTIVE,HYPE,LONG,2026-07-16T01:10:09+00:00,-53.74300060147809,22.95578529331104,-63.527971470640615,False,False,-53.74300060147809,-53.74300060147809,-53.74300060147809,-53.74300060147809,-53.74300060147809,-53.74300060147809,-50.0,-50.0,-53.74300060147809,-53.74300060147809,-53.74300060147809,-53.74300060147809,-53.74300060147809
8cb0edeb25530168604f,SHADOW_COMBO_SCANNER,HYPE,LONG,2026-07-16T01:10:09+00:00,-53.74479218414345,22.95655054993127,-63.53008924618681,False,False,-53.74479218414345,-53.74479218414345,-53.74479218414345,-53.74479218414345,-53.74479218414345,-53.74479218414345,-50.0,-50.0,-53.74479218414345,-53.74479218414345,-53.74479218414345,-53.74479218414345,-53.74479218414345
d3b9aed573d07183f418,SHADOW_COMBO_TREND,HYPE,LONG,2026-07-16T01:10:09+00:00,-53.36458863725277,20.660533837261095,-57.17607946804488,False,False,-53.36458863725277,-53.36458863725277,-53.36458863725277,-53.36458863725277,-53.36458863725277,-53.36458863725277,-50.0,-50.0,-53.36458863725277,-53.36458863725277,-53.36458863725277,-53.36458863725277,-53.36458863725277
5a66fa9bd1a48c4e7d90,SHADOW_DONCHIAN_1H,HYPE,LONG,2026-07-16T01:10:09+00:00,-54.29806144759108,21.021935416035646,-58.17622426346273,False,False,-54.29806144759108,-54.29806144759108,-54.29806144759108,-54.29806144759108,-54.29806144759108,-54.29806144759108,-50.0,-50.0,-54.29806144759108,-54.29806144759108,-54.29806144759108,-54.29806144759108,-54.29806144759108
ac6f2409c8bfb34d756c,SHADOW_COMBO_ADAPTIVE,AKE,LONG,2026-07-16T04:25:04+00:00,99.77702557211454,100.21813175569145,-16.23510687294521,True,False,25.0,50.0,75.0,99.77702557211454,99.77702557211454,99.77702557211454,99.77702557211454,50.0,99.77702557211454,99.77702557211454,99.77702557211454,74.88851278605728,99.77702557211454
b3e8df625e041b550c1d,SHADOW_SCANNER_TOP5_LONG,AKE,LONG,2026-07-16T04:25:04+00:00,101.90222219614208,102.35272370260819,-16.580905859428047,True,False,25.0,50.0,75.0,100.0,101.90222219614208,101.90222219614208,101.90222219614208,50.0,101.90222219614208,101.90222219614208,101.90222219614208,75.95111109807104,101.90222219614208
23ee3b15f0262bd2ad07,SHADOW_1H_FAST,AKE,LONG,2026-07-16T07:03:56+00:00,74.25184060745059,88.12766267461282,-0.49929471706644113,True,False,25.0,50.0,74.25184060745059,74.25184060745059,74.25184060745059,74.25184060745059,74.25184060745059,50.0,74.25184060745059,74.25184060745059,74.25184060745059,62.125920303725295,74.25184060745059
45f1c210d61c7f371559,SHADOW_SCANNER_TOP5_BTC,AKE,LONG,2026-07-16T07:03:56+00:00,111.58716207913615,138.4016154301768,-16.49704110039586,True,False,25.0,50.0,75.0,100.0,111.58716207913615,111.58716207913615,111.58716207913615,50.0,111.58716207913615,111.58716207913615,111.58716207913615,80.79358103956807,111.58716207913615
fe878817a094fb142c69,MAIN,ZEC,LONG,2026-07-16T09:22:55+00:00,24.286013401765913,64.73697867532813,-6.71132794859941,True,False,25.0,50.0,24.286013401765913,24.286013401765913,24.286013401765913,24.286013401765913,24.286013401765913,50.0,24.286013401765913,24.286013401765913,30.0,37.14300670088296,49.83309131015375
6baf0b13c9d1ba838381,SHADOW_1H_FAST,ETH,LONG,2026-07-16T09:22:55+00:00,-56.507068449668346,17.827515163643557,-88.15116907212675,False,False,-56.507068449668346,-56.507068449668346,-56.507068449668346,-56.507068449668346,-56.507068449668346,-56.507068449668346,-50.0,-50.0,-56.507068449668346,-56.507068449668346,-56.507068449668346,-56.507068449668346,-56.507068449668346
3f4bb5da3d1cf51bc20a,SHADOW_BOLLINGER_MR_1H,ZEC,SHORT,2026-07-16T09:22:55+00:00,72.29291055023133,105.99744259646734,-41.98854222121296,True,False,25.0,50.0,72.29291055023133,72.29291055023133,72.29291055023133,72.29291055023133,72.29291055023133,50.0,72.29291055023133,72.29291055023133,72.29291055023133,61.14645527511566,72.29291055023133
c80dbf662a774594c96d,SHADOW_COMBO_ADAPTIVE,ETH,LONG,2026-07-16T09:22:55+00:00,-55.151922261939646,-2.0959206488459197,-71.7482299876794,False,False,-55.151922261939646,-55.151922261939646,-55.151922261939646,-55.151922261939646,-55.151922261939646,-55.151922261939646,-50.0,-50.0,-55.151922261939646,-55.151922261939646,-55.151922261939646,-55.151922261939646,-55.151922261939646
a14eead754235040dd71,SHADOW_COMBO_SCANNER,ZEC,LONG,2026-07-16T09:22:55+00:00,-53.00309015411683,52.30187730266424,-77.60116625586393,True,True,25.0,50.0,-53.00309015411683,-53.00309015411683,-53.00309015411683,-53.00309015411683,-50.0,50.0,0.0,20.0,30.0,-1.5015450770584167,24.60114351125394
bfce5c88181edc5c727b,SHADOW_COMBO_TREND,ZEC,LONG,2026-07-16T09:22:55+00:00,-52.69878141248319,47.07168396557553,-69.84104131134195,False,False,25.0,-52.69878141248319,-52.69878141248319,-52.69878141248319,-52.69878141248319,-52.69878141248319,-50.0,-50.0,-52.69878141248319,-52.69878141248319,-52.69878141248319,-52.69878141248319,-52.69878141248319
cef335ac6c3bbab3ae03,SHADOW_SCANNER_TOP5_BTC,ZEC,LONG,2026-07-16T09:22:55+00:00,-53.715314382722624,24.357350798912456,-100.16783805553493,False,False,-53.715314382722624,-53.715314382722624,-53.715314382722624,-53.715314382722624,-53.715314382722624,-53.715314382722624,-50.0,-50.0,-53.715314382722624,-53.715314382722624,-53.715314382722624,-53.715314382722624,-53.715314382722624
3e5ba1cc00d3a82b6bd5,SHADOW_SCANNER_TOP5_LONG,ETH,LONG,2026-07-16T09:22:55+00:00,-56.08923424424188,14.101939529002689,-69.72942915797584,False,False,-56.08923424424188,-56.08923424424188,-56.08923424424188,-56.08923424424188,-56.08923424424188,-56.08923424424188,-50.0,-50.0,-56.08923424424188,-56.08923424424188,-56.08923424424188,-56.08923424424188,-56.08923424424188
aaac296c90f9669497f2,SHADOW_GLOBAL_PURE,BTC,LONG,2026-07-16T12:54:01+00:00,-55.58463099999995,14.771078464393451,-60.59646985980937,False,False,-55.58463099999995,-55.58463099999995,-55.58463099999995,-55.58463099999995,-55.58463099999995,-55.58463099999995,-50.0,-50.0,-55.58463099999995,-55.58463099999995,-55.58463099999995,-55.58463099999995,-55.58463099999995
1c92131dca2b2170653f,SHADOW_COMBO_ADAPTIVE,AKE,LONG,2026-07-16T17:54:54+00:00,60.82371390255203,84.14472580001589,-1.7438011727686027,True,False,25.0,50.0,75.0,60.82371390255203,60.82371390255203,60.82371390255203,60.82371390255203,50.0,60.82371390255203,60.82371390255203,60.82371390255203,55.411856951276015,60.82371390255203
a11901b5c7aa20749d0e,SHADOW_COMBO_ADAPTIVE,HYPE,SHORT,2026-07-16T17:54:54+00:00,96.69587034556778,151.4520625811531,-34.259231108746555,True,False,25.0,50.0,75.0,96.69587034556778,96.69587034556778,96.69587034556778,96.69587034556778,50.0,96.69587034556778,96.69587034556778,96.69587034556778,73.34793517278389,96.69587034556778
b1cdf1649d259f5d8a41,SHADOW_COMBO_SCANNER,AKE,LONG,2026-07-16T17:54:54+00:00,54.50832086008082,83.22741761445947,-1.7247910319124158,True,False,25.0,50.0,75.0,54.50832086008082,54.50832086008082,54.50832086008082,54.50832086008082,50.0,54.50832086008082,54.50832086008082,54.50832086008082,52.254160430040415,54.50832086008082
ab450b743a3023ac377b,SHADOW_COMBO_TREND,AKE,LONG,2026-07-16T17:54:54+00:00,48.853524199628524,83.22319873775885,-1.7247036006198617,True,False,25.0,50.0,75.0,48.853524199628524,48.853524199628524,48.853524199628524,48.853524199628524,50.0,48.853524199628524,48.853524199628524,48.853524199628524,49.42676209981426,48.853524199628524
d7c635e6b9629c9b12b9,SHADOW_COMBO_TREND,HYPE,SHORT,2026-07-16T17:54:54+00:00,106.00907546739315,134.78041310737456,-30.488018735985726,True,False,25.0,50.0,75.0,100.0,106.00907546739315,106.00907546739315,106.00907546739315,50.0,106.00907546739315,106.00907546739315,106.00907546739315,78.00453773369657,106.00907546739315
ef76c8dddabfa0ae4ac8,SHADOW_SCANNER_TOP5_LONG,AKE,LONG,2026-07-16T17:54:54+00:00,56.726812849123725,86.61477859592068,-1.794990132282668,True,False,25.0,50.0,75.0,56.726812849123725,56.726812849123725,56.726812849123725,56.726812849123725,50.0,56.726812849123725,56.726812849123725,56.726812849123725,53.36340642456186,56.726812849123725
9758996cb56cc35879f0,SHADOW_1H_FAST,AKE,LONG,2026-07-17T00:21:57+00:00,74.3909219771256,104.95477965861286,-0.6638348544235434,True,False,25.0,50.0,75.0,100.0,74.3909219771256,74.3909219771256,74.3909219771256,50.0,74.3909219771256,74.3909219771256,74.3909219771256,62.1954609885628,41.13623935325182
a4358abecaeb2b9c366c,SHADOW_BOLLINGER_MR_1H,AKE,SHORT,2026-07-17T00:21:57+00:00,-50.874950419625236,3.070336636710863,-80.88505157146949,False,False,-50.874950419625236,-50.874950419625236,-50.874950419625236,-50.874950419625236,-50.874950419625236,-50.874950419625236,-50.0,-50.0,-50.874950419625236,-50.874950419625236,-50.874950419625236,-50.874950419625236,-50.874950419625236
ae95dd201e594e080d07,SHADOW_BOLLINGER_MR_1H,HYPE,LONG,2026-07-17T00:21:57+00:00,-54.15365006686946,3.8986893975494104,-78.16510953328012,False,False,-54.15365006686946,-54.15365006686946,-54.15365006686946,-54.15365006686946,-54.15365006686946,-54.15365006686946,-50.0,-50.0,-54.15365006686946,-54.15365006686946,-54.15365006686946,-54.15365006686946,-54.15365006686946
a382588749cb44a0f114,SHADOW_COMBO_ADAPTIVE,XLM,LONG,2026-07-17T00:21:57+00:00,-53.996929169138525,14.973732456620057,-80.89356634517586,False,False,-53.996929169138525,-53.996929169138525,-53.996929169138525,-53.996929169138525,-53.996929169138525,-53.996929169138525,-50.0,-50.0,-53.996929169138525,-53.996929169138525,-53.996929169138525,-53.996929169138525,-53.996929169138525
524634fe1b68c46a874c,SHADOW_COMBO_SCANNER,XLM,LONG,2026-07-17T00:21:57+00:00,-53.388686306390625,14.805062385273827,-79.98234907543902,False,False,-53.388686306390625,-53.388686306390625,-53.388686306390625,-53.388686306390625,-53.388686306390625,-53.388686306390625,-50.0,-50.0,-53.388686306390625,-53.388686306390625,-53.388686306390625,-53.388686306390625,-53.388686306390625
cc43d78d8496309d80cc,SHADOW_COMBO_TREND,XLM,LONG,2026-07-17T00:21:57+00:00,-53.03245917433188,13.325764734028683,-71.990643397383,False,False,-53.03245917433188,-53.03245917433188,-53.03245917433188,-53.03245917433188,-53.03245917433188,-53.03245917433188,-50.0,-50.0,-53.03245917433188,-53.03245917433188,-53.03245917433188,-53.03245917433188,-53.03245917433188
9d6836be645513a2c3c8,SHADOW_EMA_TREND_1H,BTC,LONG,2026-07-17T00:21:57+00:00,-56.17100462146974,25.051537565977956,-57.34212493651984,False,False,25.0,-56.17100462146974,-56.17100462146974,-56.17100462146974,-56.17100462146974,-56.17100462146974,-50.0,-50.0,-56.17100462146974,-56.17100462146974,-56.17100462146974,-56.17100462146974,-56.17100462146974
4af3c301b6377d6616da,SHADOW_SCANNER_TOP5_BTC,XLM,LONG,2026-07-17T00:21:57+00:00,-55.27367819704668,15.32778404163265,-82.80628219373298,False,False,-55.27367819704668,-55.27367819704668,-55.27367819704668,-55.27367819704668,-55.27367819704668,-55.27367819704668,-50.0,-50.0,-55.27367819704668,-55.27367819704668,-55.27367819704668,-55.27367819704668,-55.27367819704668
1b95798bd2ab02de4581,SHADOW_SCANNER_TOP5_LONG,XLM,LONG,2026-07-17T00:21:57+00:00,-55.63231905678634,15.427237702505336,-83.34356715841248,False,False,-55.63231905678634,-55.63231905678634,-55.63231905678634,-55.63231905678634,-55.63231905678634,-55.63231905678634,-50.0,-50.0,-55.63231905678634,-55.63231905678634,-55.63231905678634,-55.63231905678634,-55.63231905678634
124e1cf3bdec972a5689,SHADOW_DONCHIAN_1H,AKE,LONG,2026-07-17T01:26:57+00:00,-51.601737467681474,43.66571039073967,-52.26813015739452,False,False,25.0,-51.601737467681474,-51.601737467681474,-51.601737467681474,-51.601737467681474,-51.601737467681474,-50.0,-50.0,-51.601737467681474,-51.601737467681474,-51.601737467681474,-51.601737467681474,-51.601737467681474
82f2b7b99d73a3e40819,SHADOW_SCANNER_TOP5_BTC,AKE,LONG,2026-07-17T01:26:57+00:00,-0.8936189842003308,107.42295724080515,-2.201219074530929,True,True,25.0,50.0,75.0,100.0,-0.8936189842003308,-0.8936189842003308,-0.8936189842003308,50.0,0.0,20.0,30.0,24.553190507899835,42.10362306000292
4a1c3e72d01988ae812a,SHADOW_BOLLINGER_MR_1H,HYPE,LONG,2026-07-17T04:17:11+00:00,-53.284126962577304,5.491461741467865,-70.51849748320095,False,False,-53.284126962577304,-53.284126962577304,-53.284126962577304,-53.284126962577304,-53.284126962577304,-53.284126962577304,-50.0,-50.0,-53.284126962577304,-53.284126962577304,-53.284126962577304,-53.284126962577304,-53.284126962577304
fd108937dc91fd708b76,MAIN,BTC,LONG,2026-07-17T06:30:11+00:00,-54.550070086465986,18.27533486691295,-75.9002456269273,False,False,-54.550070086465986,-54.550070086465986,-54.550070086465986,-54.550070086465986,-54.550070086465986,-54.550070086465986,-50.0,-50.0,-54.550070086465986,-54.550070086465986,-54.550070086465986,-54.550070086465986,-54.550070086465986
24c5fb08ca73ce8d6561,SHADOW_1H_FAST,HYPE,SHORT,2026-07-17T06:30:11+00:00,72.281276556033,96.40820517961285,-13.45203986269602,True,False,25.0,50.0,72.281276556033,72.281276556033,72.281276556033,72.281276556033,72.281276556033,50.0,72.281276556033,72.281276556033,72.281276556033,61.1406382780165,72.281276556033
4b1dd922d155d1581f69,SHADOW_1H_FAST,DOGE,SHORT,2026-07-17T06:30:11+00:00,68.99626430837573,100.03616866276603,-45.58198864797849,True,False,25.0,50.0,68.99626430837573,68.99626430837573,68.99626430837573,68.99626430837573,-50.0,-50.0,68.99626430837573,68.99626430837573,68.99626430837573,59.498132154187864,68.99626430837573
4fb7ff242f26b2edc991,SHADOW_4H_WIDE,BTC,LONG,2026-07-17T06:30:11+00:00,-53.93231671223263,14.181885651751731,-58.89952836759035,False,False,-53.93231671223263,-53.93231671223263,-53.93231671223263,-53.93231671223263,-53.93231671223263,-53.93231671223263,-50.0,-50.0,-53.93231671223263,-53.93231671223263,-53.93231671223263,-53.93231671223263,-53.93231671223263
76f3b511b28c4d5a64a1,SHADOW_COMBO_ADAPTIVE,HYPE,SHORT,2026-07-17T06:30:11+00:00,98.5654614400479,115.31773296644592,-9.756479482779934,True,False,25.0,50.0,75.0,98.5654614400479,98.5654614400479,98.5654614400479,98.5654614400479,50.0,98.5654614400479,98.5654614400479,98.5654614400479,74.28273072002395,98.5654614400479
417f92fd82f320143455,MAIN,PEPE,LONG,2026-07-17T08:37:40+00:00,-51.421577767073124,18.39416823402909,-52.54907040581908,False,False,-51.421577767073124,-51.421577767073124,-51.421577767073124,-51.421577767073124,-51.421577767073124,-51.421577767073124,-50.0,-50.0,-51.421577767073124,-51.421577767073124,-51.421577767073124,-51.421577767073124,-51.421577767073124
91c0ec899deff6daf42b,SHADOW_1H_FAST,LAB,SHORT,2026-07-17T08:37:40+00:00,75.09519800927107,79.59020554861583,-9.412165541059734,True,False,25.0,50.0,75.0,75.09519800927107,75.09519800927107,75.09519800927107,75.09519800927107,50.0,75.09519800927107,75.09519800927107,75.09519800927107,62.547599004635536,75.09519800927107
7f1845837ee067e7afda,SHADOW_DONCHIAN_1H,LAB,SHORT,2026-07-17T08:37:40+00:00,126.92906356294787,139.29091454409314,-0.5077793069009269,True,False,25.0,50.0,75.0,100.0,126.92906356294787,126.92906356294787,126.92906356294787,50.0,126.92906356294787,126.92906356294787,126.92906356294787,88.46453178147394,34.213447007590645
dfce980c8875643dae83,SHADOW_1H_BALANCED_V2,DOGE,SHORT,2026-07-17T10:27:01+00:00,26.446382567685443,57.564999989262375,-4.165509201377312,True,False,25.0,50.0,26.446382567685443,26.446382567685443,26.446382567685443,26.446382567685443,26.446382567685443,50.0,26.446382567685443,26.446382567685443,30.0,38.22319128384272,26.446382567685443
25bcc4c09c5d8d6dc1ae,SHADOW_1H_FAST,HYPE,SHORT,2026-07-17T10:27:01+00:00,-55.09516811208657,-1.4985537149661932,-60.037931162956156,False,False,-55.09516811208657,-55.09516811208657,-55.09516811208657,-55.09516811208657,-55.09516811208657,-55.09516811208657,-50.0,-50.0,-55.09516811208657,-55.09516811208657,-55.09516811208657,-55.09516811208657,-55.09516811208657
44c19825e1dd71df9981,SHADOW_COMBO_SCANNER,DOGE,SHORT,2026-07-17T10:27:01+00:00,45.46282517051441,74.48725654085993,-44.29472157834668,True,False,25.0,50.0,75.0,45.46282517051441,45.46282517051441,45.46282517051441,45.46282517051441,50.0,45.46282517051441,45.46282517051441,45.46282517051441,47.7314125852572,45.46282517051441
dfeb036119c23edb6367,SHADOW_COMBO_TREND,HYPE,SHORT,2026-07-17T10:27:01+00:00,64.97123217557736,104.46392956962838,-8.68195271456977,True,False,25.0,50.0,75.0,100.0,64.97123217557736,64.97123217557736,64.97123217557736,50.0,64.97123217557736,64.97123217557736,64.97123217557736,57.48561608778868,64.97123217557736
015a67dc10c249ee60b8,SHADOW_DOGE_DONCHIAN_1H,DOGE,SHORT,2026-07-17T10:27:01+00:00,26.223557179261032,55.12261604951904,-30.86194759336131,True,False,25.0,50.0,26.223557179261032,26.223557179261032,26.223557179261032,26.223557179261032,26.223557179261032,50.0,26.223557179261032,26.223557179261032,30.0,38.11177858963052,26.223557179261032
09f6d7833dae2b2988ae,SHADOW_DOGE_EMA_1H,DOGE,SHORT,2026-07-17T10:27:01+00:00,41.34569923982341,67.4321591886149,-8.682973230767416,True,False,25.0,50.0,41.34569923982341,41.34569923982341,41.34569923982341,41.34569923982341,41.34569923982341,50.0,41.34569923982341,41.34569923982341,41.34569923982341,45.6728496199117,41.34569923982341
10a5df13e2a319eeccc4,SHADOW_DONCHIAN_1H,ADA,SHORT,2026-07-17T10:27:01+00:00,3.075227917512338,63.383532351323076,-44.27336736637335,True,False,25.0,50.0,3.075227917512338,3.075227917512338,3.075227917512338,3.075227917512338,3.075227917512338,50.0,3.075227917512338,20.0,30.0,26.537613958756168,3.075227917512338
01f49eea660cd2e5e68e,SHADOW_EMA_TREND_1H,HYPE,SHORT,2026-07-17T10:27:01+00:00,28.58770522925802,67.6701463391827,-9.197633079499393,True,False,25.0,50.0,28.58770522925802,28.58770522925802,28.58770522925802,28.58770522925802,28.58770522925802,50.0,28.58770522925802,28.58770522925802,30.0,39.29385261462901,28.58770522925802
896e954a837a260e76df,SHADOW_GLOBAL_PURE,DOGE,SHORT,2026-07-17T10:27:01+00:00,38.71794772232786,66.86369886532079,-39.7612835064365,True,False,25.0,50.0,38.71794772232786,38.71794772232786,38.71794772232786,38.71794772232786,38.71794772232786,50.0,38.71794772232786,38.71794772232786,38.71794772232786,44.35897386116393,38.71794772232786
c137b2b9c914ffbae929,SHADOW_SCANNER_BOTTOM5_SHORT,ADA,SHORT,2026-07-17T10:27:01+00:00,21.767162808720936,69.4663222578321,-48.522193238851266,True,False,25.0,50.0,21.767162808720936,21.767162808720936,21.767162808720936,21.767162808720936,21.767162808720936,50.0,21.767162808720936,21.767162808720936,30.0,35.88358140436047,21.767162808720936
01734641c02db74311f1,SHADOW_1H_BALANCED_V2,SOL,SHORT,2026-07-17T11:54:37+00:00,18.931317110668353,50.99140765042435,-4.190972222222221,True,False,25.0,50.0,18.931317110668353,18.931317110668353,18.931317110668353,18.931317110668353,18.931317110668353,50.0,18.931317110668353,20.0,30.0,34.46565855533417,30.983396982049825
6b55bf21c758712b3345,SHADOW_1H_BALANCED_V2,LAB,SHORT,2026-07-17T11:54:37+00:00,8.059456275674911,51.081365677867346,-0.5750204362308365,True,False,25.0,8.059456275674911,8.059456275674911,8.059456275674911,8.059456275674911,8.059456275674911,8.059456275674911,8.059456275674911,8.059456275674911,8.059456275674911,8.059456275674911,29.029728137837456,8.059456275674911
0055c9fc8ad5f63deb3f,SHADOW_SOL_ADAPTIVE_1H,SOL,SHORT,2026-07-17T11:54:37+00:00,36.64985350191384,65.43874332666194,-13.71114105760574,True,False,25.0,50.0,36.64985350191384,36.64985350191384,36.64985350191384,36.64985350191384,36.64985350191384,50.0,36.64985350191384,36.64985350191384,36.64985350191384,43.32492675095692,45.53888924668339
398f21376d5ff788f71c,SHADOW_SOL_EMA_1H,SOL,SHORT,2026-07-17T11:54:37+00:00,45.99446487894685,72.99614226974741,-37.03933633524724,True,False,25.0,50.0,75.0,45.99446487894685,45.99446487894685,45.99446487894685,45.99446487894685,50.0,45.99446487894685,45.99446487894685,45.99446487894685,47.99723243947342,53.141087619028134
a62b1b0e0ba63e534bd9,MAIN,ETH,LONG,2026-07-17T13:56:55+00:00,-51.84673488952769,9.682144763745308,-62.76304136466502,False,False,-51.84673488952769,-51.84673488952769,-51.84673488952769,-51.84673488952769,-51.84673488952769,-51.84673488952769,-50.0,-50.0,-51.84673488952769,-51.84673488952769,-51.84673488952769,-51.84673488952769,-51.84673488952769
24589cbd48a0f04e535d,SHADOW_1H_FAST_V2,SOL,SHORT,2026-07-17T13:56:55+00:00,68.78489724483978,75.197653996085,-24.965545458892365,True,False,25.0,50.0,68.78489724483978,68.78489724483978,68.78489724483978,68.78489724483978,68.78489724483978,50.0,68.78489724483978,68.78489724483978,68.78489724483978,59.39244862241989,68.78489724483978
912adaed3d38e8963132,SHADOW_4H_WIDE,PEPE,LONG,2026-07-17T13:56:55+00:00,-51.77964093946377,14.480566036704193,-53.39621547382011,False,False,-51.77964093946377,-51.77964093946377,-51.77964093946377,-51.77964093946377,-51.77964093946377,-51.77964093946377,-50.0,-50.0,-51.77964093946377,-51.77964093946377,-51.77964093946377,-51.77964093946377,-51.77964093946377
d5f96f77388d81aa4753,SHADOW_SOL_BOLLINGER_1H,SOL,LONG,2026-07-17T13:56:55+00:00,-55.79283933333339,11.614895619134167,-81.7546476780054,False,False,-55.79283933333339,-55.79283933333339,-55.79283933333339,-55.79283933333339,-55.79283933333339,-55.79283933333339,-50.0,-50.0,-55.79283933333339,-55.79283933333339,-55.79283933333339,-55.79283933333339,-55.79283933333339
23879b16c94c0bca01d1,SHADOW_1H_BALANCED,T,LONG,2026-07-17T15:20:35+00:00,1.2059203351498466,0.0,0.0,False,False,1.2059203351498466,1.2059203351498466,1.2059203351498466,1.2059203351498466,1.2059203351498466,1.2059203351498466,1.2059203351498466,1.2059203351498466,1.2059203351498466,1.2059203351498466,1.2059203351498466,1.2059203351498466,1.2059203351498466
ce44311937af3c62cfc1,SHADOW_1H_BALANCED,AAVE,LONG,2026-07-17T15:20:35+00:00,-3.869282264816972,0.0,0.0,False,False,-3.869282264816972,-3.869282264816972,-3.869282264816972,-3.869282264816972,-3.869282264816972,-3.869282264816972,-3.869282264816972,-3.869282264816972,-3.869282264816972,-3.869282264816972,-3.869282264816972,-3.869282264816972,-3.869282264816972
1cec3e6eb083d56e25c8,SHADOW_1H_FAST,NEAR,LONG,2026-07-17T15:20:35+00:00,-4.557685279240712,21.701183607787115,-9.558290512492615,False,False,-4.557685279240712,-4.557685279240712,-4.557685279240712,-4.557685279240712,-4.557685279240712,-4.557685279240712,-4.557685279240712,-4.557685279240712,-4.557685279240712,-4.557685279240712,-4.557685279240712,-4.557685279240712,-4.557685279240712
45231ee88dafaa9d4989,SHADOW_1H_FAST_V2,DOGE,SHORT,2026-07-17T15:20:35+00:00,-6.00946428571456,49.348751723406096,-21.17882087087402,False,False,25.0,-6.00946428571456,-6.00946428571456,-6.00946428571456,-6.00946428571456,-6.00946428571456,-6.00946428571456,-6.00946428571456,-6.00946428571456,-6.00946428571456,-6.00946428571456,-6.00946428571456,-6.00946428571456
4320c78abb4989a166a2,SHADOW_SOL_DONCHIAN_1H,SOL,SHORT,2026-07-17T16:37:03+00:00,-4.48653729180298,65.82145608508014,-21.856563437258924,True,True,25.0,-4.48653729180298,-4.48653729180298,-4.48653729180298,-4.48653729180298,-4.48653729180298,-4.48653729180298,-4.48653729180298,-4.48653729180298,-4.48653729180298,-4.48653729180298,22.75673135409851,-4.48653729180298
05878394c4fd04451d92,SHADOW_1H_BALANCED_V2,SOL,SHORT,2026-07-17T17:42:57+00:00,-55.433837107440404,-2.10353250071214,-75.28971756013273,False,False,-55.433837107440404,-55.433837107440404,-55.433837107440404,-55.433837107440404,-55.433837107440404,-55.433837107440404,-50.0,-50.0,-55.433837107440404,-55.433837107440404,-55.433837107440404,-55.433837107440404,-55.433837107440404
4135ab308feeadf4bf64,SHADOW_1H_BALANCED_V2,XRP,SHORT,2026-07-17T17:42:57+00:00,-55.41843804928587,-2.1029481569070354,-63.650846113996636,False,False,-55.41843804928587,-55.41843804928587,-55.41843804928587,-55.41843804928587,-55.41843804928587,-55.41843804928587,-50.0,-50.0,-55.41843804928587,-55.41843804928587,-55.41843804928587,-55.41843804928587,-55.41843804928587
e1e76b518493c0904aa5,SHADOW_1H_FAST,AKE,LONG,2026-07-17T17:42:57+00:00,76.63584547968598,87.2337906162064,-0.6653214541143021,True,False,25.0,50.0,75.0,76.63584547968598,76.63584547968598,76.63584547968598,76.63584547968598,50.0,76.63584547968598,76.63584547968598,76.63584547968598,63.31792273984299,43.85474363688962
0fadd06af32f0c1d3fb7,SHADOW_BOLLINGER_MR_1H,BTC,LONG,2026-07-17T17:42:57+00:00,65.44881344999143,69.75938488947345,-29.21812945105775,True,False,25.0,50.0,65.44881344999143,65.44881344999143,65.44881344999143,65.44881344999143,65.44881344999143,50.0,65.44881344999143,65.44881344999143,65.44881344999143,57.72440672499572,65.44881344999143
347c41997e8cc8cf7547,SHADOW_BTC_ADAPTIVE_1H,BTC,SHORT,2026-07-17T17:42:57+00:00,-54.55431155555507,15.864783639843754,-70.8404125551546,False,False,-54.55431155555507,-54.55431155555507,-54.55431155555507,-54.55431155555507,-54.55431155555507,-54.55431155555507,-50.0,-50.0,-54.55431155555507,-54.55431155555507,-54.55431155555507,-54.55431155555507,-54.55431155555507
c5c6f7beec8947c02029,SHADOW_BTC_BOLLINGER_1H,BTC,LONG,2026-07-17T17:42:57+00:00,68.69050899999996,73.21458408480078,-30.665310465171,True,False,25.0,50.0,68.69050899999996,68.69050899999996,68.69050899999996,68.69050899999996,68.69050899999996,50.0,68.69050899999996,68.69050899999996,68.69050899999996,59.34525449999998,68.69050899999996
86f695ce40b8bf65dc9b,SHADOW_BTC_DONCHIAN_1H,BTC,SHORT,2026-07-17T17:42:57+00:00,-55.118599749999476,17.847881594824223,-79.69546412454895,False,False,-55.118599749999476,-55.118599749999476,-55.118599749999476,-55.118599749999476,-55.118599749999476,-55.118599749999476,-50.0,-50.0,-55.118599749999476,-55.118599749999476,-55.118599749999476,-55.118599749999476,-55.118599749999476
ce0fa8cf0071f90c9918,SHADOW_BTC_EMA_1H,BTC,SHORT,2026-07-17T17:42:57+00:00,-54.55431155555507,15.864783639843754,-70.8404125551546,False,False,-54.55431155555507,-54.55431155555507,-54.55431155555507,-54.55431155555507,-54.55431155555507,-54.55431155555507,-50.0,-50.0,-54.55431155555507,-54.55431155555507,-54.55431155555507,-54.55431155555507,-54.55431155555507
56c1c22ac0b6a6899fc5,SHADOW_COMBO_ADAPTIVE,XRP,SHORT,2026-07-17T17:42:57+00:00,-1.7117429442164651,53.58660005909232,-31.214920773092132,True,True,25.0,-1.7117429442164651,-1.7117429442164651,-1.7117429442164651,-1.7117429442164651,-1.7117429442164651,-1.7117429442164651,-1.7117429442164651,-1.7117429442164651,-1.7117429442164651,-1.7117429442164651,24.144128527891766,-1.7117429442164651
99c1442a604461760a46,SHADOW_DOGE_EMA_1H,DOGE,SHORT,2026-07-17T17:42:57+00:00,-55.128528008115204,-2.091947020674963,-61.89281055694064,False,False,-55.128528008115204,-55.128528008115204,-55.128528008115204,-55.128528008115204,-55.128528008115204,-55.128528008115204,-50.0,-50.0,-55.128528008115204,-55.128528008115204,-55.128528008115204,-55.128528008115204,-55.128528008115204
c3b191906ece4dc6a257,SHADOW_ETH_ADAPTIVE_1H,ETH,SHORT,2026-07-17T17:42:57+00:00,-54.90153377777738,-2.083333333333333,-71.89861141429253,False,False,-54.90153377777738,-54.90153377777738,-54.90153377777738,-54.90153377777738,-54.90153377777738,-54.90153377777738,-50.0,-50.0,-54.90153377777738,-54.90153377777738,-54.90153377777738,-54.90153377777738,-54.90153377777738
841cae8456cea8bdd236,SHADOW_ETH_EMA_1H,ETH,SHORT,2026-07-17T17:42:57+00:00,-54.90153377777738,-2.083333333333333,-71.89861141429253,False,False,-54.90153377777738,-54.90153377777738,-54.90153377777738,-54.90153377777738,-54.90153377777738,-54.90153377777738,-50.0,-50.0,-54.90153377777738,-54.90153377777738,-54.90153377777738,-54.90153377777738,-54.90153377777738
76864378c57d02dfbdbb,SHADOW_GLOBAL_PURE,DOGE,SHORT,2026-07-17T17:42:57+00:00,-54.323600300323434,-1.8718374968854365,-55.38060115438699,False,False,-54.323600300323434,-54.323600300323434,-54.323600300323434,-54.323600300323434,-54.323600300323434,-54.323600300323434,-50.0,-50.0,-54.323600300323434,-54.323600300323434,-54.323600300323434,-54.323600300323434,-54.323600300323434
56d962e534ffa2e324b8,SHADOW_SCANNER_BOTTOM5_SHORT,SOL,SHORT,2026-07-17T17:42:57+00:00,-55.70323504221302,-2.113755269710083,-75.65561130804346,False,False,-55.70323504221302,-55.70323504221302,-55.70323504221302,-55.70323504221302,-55.70323504221302,-55.70323504221302,-50.0,-50.0,-55.70323504221302,-55.70323504221302,-55.70323504221302,-55.70323504221302,-55.70323504221302
467ef789beab58332312,SHADOW_SOL_ADAPTIVE_1H,SOL,SHORT,2026-07-17T17:42:57+00:00,-55.102747094776305,-2.090968719479565,-74.84003421073469,False,False,-55.102747094776305,-55.102747094776305,-55.102747094776305,-55.102747094776305,-55.102747094776305,-55.102747094776305,-50.0,-50.0,-55.102747094776305,-55.102747094776305,-55.102747094776305,-55.102747094776305,-55.102747094776305
4d44277ae40e31677ab8,SHADOW_SOL_EMA_1H,SOL,SHORT,2026-07-17T17:42:57+00:00,-55.15405044449194,-2.092915513516447,-74.90971393906547,False,False,-55.15405044449194,-55.15405044449194,-55.15405044449194,-55.15405044449194,-55.15405044449194,-55.15405044449194,-50.0,-50.0,-55.15405044449194,-55.15405044449194,-55.15405044449194,-55.15405044449194,-55.15405044449194
5cb12d07eafd3a03b785,SHADOW_1H_BALANCED_V2,AKE,LONG,2026-07-17T19:50:59+00:00,100.94990227331286,132.86986886224074,-0.6559719588461245,True,False,25.0,50.0,75.0,100.0,100.94990227331286,100.94990227331286,100.94990227331286,50.0,100.94990227331286,100.94990227331286,100.94990227331286,75.47495113665643,43.238470532235155
c9c2888f6a9ed26df0f0,SHADOW_COMBO_MEAN_REVERSION,BTC,LONG,2026-07-17T19:50:59+00:00,71.27988997108123,73.09568409873283,-29.663773840719564,True,False,25.0,50.0,71.27988997108123,71.27988997108123,71.27988997108123,71.27988997108123,71.27988997108123,50.0,71.27988997108123,71.27988997108123,71.27988997108123,60.639944985540616,71.27988997108123
07d1037909be1f72e2b6,SHADOW_COMBO_SCANNER,AKE,LONG,2026-07-17T19:50:59+00:00,108.71857119065587,130.01443252384615,-0.641874811130873,True,False,25.0,50.0,75.0,100.0,108.71857119065587,108.71857119065587,108.71857119065587,50.0,108.71857119065587,108.71857119065587,108.71857119065587,79.35928559532793,42.30925534574052
0c44b303556e5fcee7c3,SHADOW_RELATIVE_STRENGTH_V2,AKE,LONG,2026-07-17T19:50:59+00:00,109.30789653333332,130.71919528112858,-0.6453541899424505,True,False,25.0,50.0,75.0,100.0,109.30789653333332,109.30789653333332,109.30789653333332,50.0,109.30789653333332,109.30789653333332,109.30789653333332,79.65394826666666,42.53859901841747
2321ce9fcd841c074240,SHADOW_SCANNER_TOP5_BTC,AKE,LONG,2026-07-17T19:50:59+00:00,111.56046261367673,133.41299540608352,-0.6586533476810549,True,False,25.0,50.0,75.0,100.0,111.56046261367673,111.56046261367673,111.56046261367673,50.0,111.56046261367673,111.56046261367673,111.56046261367673,80.78023130683837,43.4152145996623
f5cde5b82e837cd38cef,SHADOW_SCANNER_TOP5_LONG,AKE,LONG,2026-07-17T19:50:59+00:00,102.06659426970639,134.33965452601095,-0.6632282178400046,True,False,25.0,50.0,75.0,100.0,102.06659426970639,102.06659426970639,102.06659426970639,50.0,102.06659426970639,102.06659426970639,102.06659426970639,76.0332971348532,43.71676771620786
02084f7406fbc89a2afb,MAIN,AKE,LONG,2026-07-17T21:36:35+00:00,95.46032301684086,151.20478240698282,-0.4804885579490269,True,False,25.0,50.0,75.0,95.46032301684086,95.46032301684086,95.46032301684086,95.46032301684086,50.0,95.46032301684086,95.46032301684086,95.46032301684086,72.73016150842042,95.46032301684086
cae3c3bbe8f8a74a12de,SHADOW_1H_FAST,AKE,LONG,2026-07-17T21:36:35+00:00,76.70474398506595,128.6860162279919,-0.5731216426676368,True,False,25.0,50.0,75.0,76.70474398506595,76.70474398506595,76.70474398506595,76.70474398506595,50.0,76.70474398506595,76.70474398506595,76.70474398506595,63.35237199253297,76.70474398506595
59cd4b8715d1872b193b,SHADOW_4H_WIDE,AKE,LONG,2026-07-17T21:36:35+00:00,138.83973291417576,156.81961295695083,-0.49833099514668583,True,False,25.0,50.0,75.0,100.0,138.83973291417576,138.83973291417576,138.83973291417576,50.0,138.83973291417576,138.83973291417576,138.83973291417576,94.41986645708788,138.83973291417576
da0e40a9624ecfefbc2a,SHADOW_COMBO_TREND,AKE,LONG,2026-07-17T21:36:35+00:00,110.29980614144313,176.1409002157166,-0.5044410845893881,True,False,25.0,50.0,75.0,100.0,110.29980614144313,110.29980614144313,110.29980614144313,50.0,110.29980614144313,110.29980614144313,110.29980614144313,80.14990307072156,110.29980614144313
e531f999f0d43e745556,SHADOW_EMA_TREND_1H,AKE,LONG,2026-07-17T21:36:35+00:00,108.45841237983593,173.20032610078871,-0.4960197219528108,True,False,25.0,50.0,75.0,100.0,108.45841237983593,108.45841237983593,108.45841237983593,50.0,108.45841237983593,108.45841237983593,108.45841237983593,79.22920618991796,108.45841237983593
1bdc83e5fe3c8373c20e,SHADOW_COMBO_ADAPTIVE,AKE,LONG,2026-07-17T22:27:59+00:00,-0.5940341024708953,84.49812847442402,-7.502708464423706,True,True,25.0,-0.5940341024708953,-0.5940341024708953,-0.5940341024708953,-0.5940341024708953,-0.5940341024708953,-0.5940341024708953,-0.5940341024708953,-0.5940341024708953,-0.5940341024708953,-0.5940341024708953,24.702982948764554,-0.5940341024708953
9d915eac2ff9d689197d,SHADOW_COMBO_SCANNER,AKE,LONG,2026-07-17T22:27:59+00:00,-0.586069926800536,83.36526769052674,-7.4021201514537625,True,True,25.0,-0.586069926800536,-0.586069926800536,-0.586069926800536,-0.586069926800536,-0.586069926800536,-0.586069926800536,-0.586069926800536,-0.586069926800536,-0.586069926800536,-0.586069926800536,24.706965036599733,-0.586069926800536
d050ac9c40ace0c95bad,SHADOW_DONCHIAN_1H,AKE,LONG,2026-07-17T22:27:59+00:00,-0.5950460227600375,84.64206864594306,-7.51548911605143,True,True,25.0,-0.5950460227600375,-0.5950460227600375,-0.5950460227600375,-0.5950460227600375,-0.5950460227600375,-0.5950460227600375,-0.5950460227600375,-0.5950460227600375,-0.5950460227600375,-0.5950460227600375,24.70247698861998,-0.5950460227600375
df85d914fdea6c343fdb,SHADOW_SCANNER_TOP5_BTC,AKE,LONG,2026-07-17T22:27:59+00:00,-0.6017630572167105,85.59753035786541,-7.6003259142491855,True,True,25.0,-0.6017630572167105,-0.6017630572167105,-0.6017630572167105,-0.6017630572167105,-0.6017630572167105,-0.6017630572167105,-0.6017630572167105,-0.6017630572167105,-0.6017630572167105,-0.6017630572167105,24.699118471391646,-0.6017630572167105
1967413313e2f680faac,SHADOW_SCANNER_TOP5_LONG,AKE,LONG,2026-07-17T22:27:59+00:00,-0.6071148402220572,86.35879245724998,-7.667919453891029,True,True,25.0,-0.6071148402220572,-0.6071148402220572,-0.6071148402220572,-0.6071148402220572,-0.6071148402220572,-0.6071148402220572,-0.6071148402220572,-0.6071148402220572,-0.6071148402220572,-0.6071148402220572,24.69644257988897,-0.6071148402220572
1974c878603b7183cf15,SHADOW_BOLLINGER_MR_1H,AKE,SHORT,2026-07-18T04:07:13+00:00,9.919927091280682,57.90581291036335,-11.392908981120733,True,False,25.0,9.919927091280682,9.919927091280682,9.919927091280682,9.919927091280682,9.919927091280682,9.919927091280682,9.919927091280682,9.919927091280682,9.919927091280682,9.919927091280682,29.959963545640342,9.919927091280682
5813c959db1964e58037,MAIN,AKE,LONG,2026-07-18T05:08:29+00:00,98.25140185008877,103.5719804091374,-0.49453713228155605,True,False,25.0,50.0,75.0,98.25140185008877,98.25140185008877,98.25140185008877,98.25140185008877,50.0,98.25140185008877,98.25140185008877,98.25140185008877,74.12570092504438,98.25140185008877
e6d483cd81302cf7ea09,SHADOW_1H_BALANCED_V2,AKE,LONG,2026-07-18T05:08:29+00:00,99.77139809926312,101.42609005608801,-3.0475696912972405,True,False,25.0,50.0,75.0,99.77139809926312,99.77139809926312,99.77139809926312,99.77139809926312,50.0,99.77139809926312,99.77139809926312,99.77139809926312,74.88569904963157,99.77139809926312
eaaf76517fbe8b7c8c2c,SHADOW_COMBO_ADAPTIVE,AKE,LONG,2026-07-18T05:08:29+00:00,101.22767927242683,102.90652340903489,-3.092052563642329,True,False,25.0,50.0,75.0,100.0,101.22767927242683,101.22767927242683,101.22767927242683,50.0,101.22767927242683,101.22767927242683,101.22767927242683,75.61383963621341,101.22767927242683
9e7430226d442a5341ea,SHADOW_SCANNER_TOP5_LONG,AKE,LONG,2026-07-18T05:08:29+00:00,103.38934955692491,105.1040446337945,-3.1580819164139515,True,False,25.0,50.0,75.0,100.0,103.38934955692491,103.38934955692491,103.38934955692491,50.0,103.38934955692491,103.38934955692491,103.38934955692491,76.69467477846246,103.38934955692491
9cf669fd985536f4046a,SHADOW_COMBO_SCANNER,AKE,LONG,2026-07-18T05:53:29+00:00,109.84463244989142,124.11306834729528,-3.0486107651492333,True,False,25.0,50.0,75.0,100.0,109.84463244989142,109.84463244989142,109.84463244989142,50.0,109.84463244989142,109.84463244989142,109.84463244989142,79.92231622494572,109.84463244989142
c7330994fba3c4297825,SHADOW_RELATIVE_STRENGTH_V2,AKE,LONG,2026-07-18T05:53:29+00:00,110.3794367150313,124.71734182731271,-3.0634536391576375,True,False,25.0,50.0,75.0,100.0,110.3794367150313,110.3794367150313,110.3794367150313,50.0,110.3794367150313,110.3794367150313,110.3794367150313,80.18971835751566,110.3794367150313
4b6c78d7921456bfdb9a,SHADOW_SCANNER_TOP5_BTC,AKE,LONG,2026-07-18T05:53:29+00:00,112.78593017517053,127.43643042212257,-3.1302430826216896,True,False,25.0,50.0,75.0,100.0,112.78593017517053,112.78593017517053,112.78593017517053,50.0,112.78593017517053,112.78593017517053,112.78593017517053,81.39296508758527,112.78593017517053
ece667fc36075bf9c59c,SHADOW_1H_BALANCED_V2,ESPORTS,LONG,2026-07-18T06:23:29+00:00,-51.604171732354935,1.9956928112050527,-51.3833242734223,False,False,-51.604171732354935,-51.604171732354935,-51.604171732354935,-51.604171732354935,-51.604171732354935,-51.604171732354935,-50.0,-50.0,-51.604171732354935,-51.604171732354935,-51.604171732354935,-51.604171732354935,-51.604171732354935
79d3e303422b7a281843,SHADOW_SCANNER_TOP5_LONG,ESPORTS,LONG,2026-07-18T06:23:29+00:00,-53.28193177653141,2.0605769774785854,-53.05390410270497,False,False,-53.28193177653141,-53.28193177653141,-53.28193177653141,-53.28193177653141,-53.28193177653141,-53.28193177653141,-50.0,-50.0,-53.28193177653141,-53.28193177653141,-53.28193177653141,-53.28193177653141,-53.28193177653141
92d32be63d3a5cb97535,SHADOW_4H_WIDE,AKE,LONG,2026-07-18T06:38:29+00:00,141.3074986518564,147.4675759696522,-0.5071884319195403,True,False,25.0,50.0,75.0,100.0,141.3074986518564,141.3074986518564,141.3074986518564,50.0,141.3074986518564,141.3074986518564,141.3074986518564,95.6537493259282,141.3074986518564
94238dd25952679b1b60,SHADOW_1H_FAST,ZEC,LONG,2026-07-18T07:23:30+00:00,-54.814709961426914,-1.2850870575887932,-62.850833502412755,False,False,-54.814709961426914,-54.814709961426914,-54.814709961426914,-54.814709961426914,-54.814709961426914,-54.814709961426914,-50.0,-50.0,-54.814709961426914,-54.814709961426914,-54.814709961426914,-54.814709961426914,-54.814709961426914
f5bb301084f2d69300f1,SHADOW_1H_BALANCED_V2,ESPORTS,LONG,2026-07-18T09:08:30+00:00,-51.32713499471891,1.7778139669802848,-53.36723477589153,False,False,-51.32713499471891,-51.32713499471891,-51.32713499471891,-51.32713499471891,-51.32713499471891,-51.32713499471891,-50.0,-50.0,-51.32713499471891,-51.32713499471891,-51.32713499471891,-51.32713499471891,-51.32713499471891
965096255c6020277b1c,SHADOW_COMBO_SCANNER,ESPORTS,LONG,2026-07-18T09:08:30+00:00,-51.48586534843611,15.848954375974234,-56.43962527734134,False,False,-51.48586534843611,-51.48586534843611,-51.48586534843611,-51.48586534843611,-51.48586534843611,-51.48586534843611,-50.0,-50.0,-51.48586534843611,-51.48586534843611,-51.48586534843611,-51.48586534843611,-51.48586534843611
01aeeb247c7d7def9fa1,SHADOW_RELATIVE_STRENGTH_V2,ESPORTS,LONG,2026-07-18T09:08:30+00:00,-52.08922505900459,16.03468730403876,-57.101037797874305,False,False,-52.08922505900459,-52.08922505900459,-52.08922505900459,-52.08922505900459,-52.08922505900459,-52.08922505900459,-50.0,-50.0,-52.08922505900459,-52.08922505900459,-52.08922505900459,-52.08922505900459,-52.08922505900459
6ff789403aff4fc5eb94,SHADOW_SCANNER_TOP5_BTC,ESPORTS,LONG,2026-07-18T09:08:30+00:00,-52.864496741303306,16.273340096190193,-57.950902958748074,False,False,-52.864496741303306,-52.864496741303306,-52.864496741303306,-52.864496741303306,-52.864496741303306,-52.864496741303306,-50.0,-50.0,-52.864496741303306,-52.864496741303306,-52.864496741303306,-52.864496741303306,-52.864496741303306
e8b2e61a05c194413991,SHADOW_SCANNER_TOP5_LONG,ESPORTS,LONG,2026-07-18T09:08:30+00:00,-53.011846367677684,1.8361671832563309,-55.118908376601105,False,False,-53.011846367677684,-53.011846367677684,-53.011846367677684,-53.011846367677684,-53.011846367677684,-53.011846367677684,-50.0,-50.0,-53.011846367677684,-53.011846367677684,-53.011846367677684,-53.011846367677684,-53.011846367677684
3611f96e36592614035a,SHADOW_1H_FAST,AKE,LONG,2026-07-18T09:53:30+00:00,-52.30788101596435,43.17595969644267,-78.35293827810847,False,False,-52.30788101596435,-52.30788101596435,-52.30788101596435,-52.30788101596435,-52.30788101596435,-52.30788101596435,-50.0,-50.0,-52.30788101596435,-52.30788101596435,-52.30788101596435,-52.30788101596435,-52.30788101596435
d2081dd07541cd480d0e,SHADOW_4H_WIDE,AKE,LONG,2026-07-18T09:53:30+00:00,-51.98615815199445,42.910403280499374,-77.8710236753052,False,False,-51.98615815199445,-51.98615815199445,-51.98615815199445,-51.98615815199445,-51.98615815199445,-51.98615815199445,-50.0,-50.0,-51.98615815199445,-51.98615815199445,-51.98615815199445,-51.98615815199445,-51.98615815199445
1da55accf53565289089,SHADOW_1H_BALANCED_V2,AKE,LONG,2026-07-18T14:53:30+00:00,-50.88840501505678,5.08326307947482,-55.55245430173593,False,False,-50.88840501505678,-50.88840501505678,-50.88840501505678,-50.88840501505678,-50.88840501505678,-50.88840501505678,-50.0,-50.0,-50.88840501505678,-50.88840501505678,-50.88840501505678,-50.88840501505678,-50.88840501505678
2eeeddc830603c2f2d58,SHADOW_1H_FAST,AKE,LONG,2026-07-18T14:53:30+00:00,-51.65069547541282,5.159408577684426,-56.38461058470547,False,False,-51.65069547541282,-51.65069547541282,-51.65069547541282,-51.65069547541282,-51.65069547541282,-51.65069547541282,-50.0,-50.0,-51.65069547541282,-51.65069547541282,-51.65069547541282,-51.65069547541282,-51.65069547541282
db098b7f1c0b3c95149a,SHADOW_COMBO_SCANNER,AKE,LONG,2026-07-18T14:53:30+00:00,-51.06277440931113,5.100680907833584,-55.74280508602697,False,False,-51.06277440931113,-51.06277440931113,-51.06277440931113,-51.06277440931113,-51.06277440931113,-51.06277440931113,-50.0,-50.0,-51.06277440931113,-51.06277440931113,-51.06277440931113,-51.06277440931113,-51.06277440931113
6f39a79f8cac995de932,SHADOW_RELATIVE_STRENGTH_V2,AKE,LONG,2026-07-18T14:53:30+00:00,-51.53217911928642,5.147569931587482,-56.25523190884067,False,False,-51.53217911928642,-51.53217911928642,-51.53217911928642,-51.53217911928642,-51.53217911928642,-51.53217911928642,-50.0,-50.0,-51.53217911928642,-51.53217911928642,-51.53217911928642,-51.53217911928642,-51.53217911928642
625e08964bda232d5cb8,SHADOW_SCANNER_TOP5_BTC,AKE,LONG,2026-07-18T14:53:30+00:00,-52.44443519781706,5.238695555227075,-57.25109853305612,False,False,-52.44443519781706,-52.44443519781706,-52.44443519781706,-52.44443519781706,-52.44443519781706,-52.44443519781706,-50.0,-50.0,-52.44443519781706,-52.44443519781706,-52.44443519781706,-52.44443519781706,-52.44443519781706
2e1d4c53e6802929eadd,SHADOW_SCANNER_TOP5_LONG,AKE,LONG,2026-07-18T14:53:30+00:00,-52.59061398335682,5.253297412434368,-57.41067496900805,False,False,-52.59061398335682,-52.59061398335682,-52.59061398335682,-52.59061398335682,-52.59061398335682,-52.59061398335682,-50.0,-50.0,-52.59061398335682,-52.59061398335682,-52.59061398335682,-52.59061398335682,-52.59061398335682
d98901c5530971428442,SHADOW_SCANNER_BOTTOM5_SHORT,HYPE,SHORT,2026-07-18T15:08:30+00:00,14.979660834820788,61.443476592559975,-5.082698047623872,True,False,25.0,50.0,14.979660834820788,14.979660834820788,14.979660834820788,14.979660834820788,14.979660834820788,50.0,14.979660834820788,20.0,30.0,32.489830417410396,42.71358340688702
a8ac7101a3f631a2633a,MAIN,AKE,LONG,2026-07-18T15:23:30+00:00,-50.6297714036112,14.464212822731914,-61.06842374226374,False,False,-50.6297714036112,-50.6297714036112,-50.6297714036112,-50.6297714036112,-50.6297714036112,-50.6297714036112,-50.0,-50.0,-50.6297714036112,-50.6297714036112,-50.6297714036112,-50.6297714036112,-50.6297714036112
23018dde40855e27831a,SHADOW_4H_WIDE,AKE,LONG,2026-07-18T15:23:30+00:00,-51.76542881890009,14.788654156221334,-62.438226653480505,False,False,-51.76542881890009,-51.76542881890009,-51.76542881890009,-51.76542881890009,-51.76542881890009,-51.76542881890009,-50.0,-50.0,-51.76542881890009,-51.76542881890009,-51.76542881890009,-51.76542881890009,-51.76542881890009
e194e460e0d1f2825b4e,SHADOW_1H_BALANCED_V3,AKE,LONG,2026-07-18T15:53:31+00:00,-50.51192590443634,33.703087613481,-64.68531909789469,False,False,-50.51192590443634,-50.51192590443634,-50.51192590443634,-50.51192590443634,-50.51192590443634,-50.51192590443634,-50.0,-50.0,-50.51192590443634,-50.51192590443634,-50.51192590443634,-50.51192590443634,-50.51192590443634
f394da359031efb9044b,SHADOW_1H_FAST_V3,AKE,LONG,2026-07-18T15:53:31+00:00,-50.54328933333331,33.724014243639076,-64.72548294771589,False,False,-50.54328933333331,-50.54328933333331,-50.54328933333331,-50.54328933333331,-50.54328933333331,-50.54328933333331,-50.0,-50.0,-50.54328933333331,-50.54328933333331,-50.54328933333331,-50.54328933333331,-50.54328933333331
fe6a0a4ba51011985500,SHADOW_1H_FAST_V3,ESPORTS,LONG,2026-07-18T17:38:30+00:00,26.64025432415395,83.4464642739685,-23.30400143771156,True,False,25.0,26.64025432415395,26.64025432415395,26.64025432415395,26.64025432415395,26.64025432415395,26.64025432415395,26.64025432415395,26.64025432415395,26.64025432415395,26.64025432415395,38.32012716207697,26.64025432415395
cc0cac3a38db07737818,SHADOW_1H_BALANCED_V2,HYPE,SHORT,2026-07-18T18:23:30+00:00,-2.5462466839408444,55.36714508400169,-8.461617554200922,True,True,25.0,-2.5462466839408444,-2.5462466839408444,-2.5462466839408444,-2.5462466839408444,-2.5462466839408444,-2.5462466839408444,-2.5462466839408444,-2.5462466839408444,-2.5462466839408444,-2.5462466839408444,23.72687665802958,-2.5462466839408444
d8b7261a4af337ca97ba,SHADOW_RELATIVE_STRENGTH_V2,HYPE,SHORT,2026-07-18T18:23:30+00:00,-2.563994925343205,55.75307369920935,-8.52059802610633,True,True,25.0,-2.563994925343205,-2.563994925343205,-2.563994925343205,-2.563994925343205,-2.563994925343205,-2.563994925343205,-2.563994925343205,-2.563994925343205,-2.563994925343205,-2.563994925343205,23.7180025373284,-2.563994925343205
c8de8c61b4c097e31997,SHADOW_1H_BALANCED_V3,HYPE,SHORT,2026-07-18T18:38:30+00:00,-53.584627845690044,24.326670739236913,-62.51178086553174,False,False,-53.584627845690044,-53.584627845690044,-53.584627845690044,-53.584627845690044,-53.584627845690044,-53.584627845690044,-50.0,-50.0,-53.584627845690044,-53.584627845690044,-53.584627845690044,-53.584627845690044,-53.584627845690044
f01444d61226f92b28b9,SHADOW_DONCHIAN_1H,HYPE,SHORT,2026-07-18T18:38:30+00:00,-54.07694454678215,21.14119115726231,-55.42280138445006,False,False,-54.07694454678215,-54.07694454678215,-54.07694454678215,-54.07694454678215,-54.07694454678215,-54.07694454678215,-50.0,-50.0,-54.07694454678215,-54.07694454678215,-54.07694454678215,-54.07694454678215,-54.07694454678215
a11094bab699fd58b7b2,SHADOW_1H_BALANCED_V3,ESPORTS,LONG,2026-07-18T19:38:30+00:00,-50.23852760611307,0.9016518692476638,-53.72511165074687,False,False,-50.23852760611307,-50.23852760611307,-50.23852760611307,-50.23852760611307,-50.23852760611307,-50.23852760611307,-50.0,-50.0,-50.23852760611307,-50.23852760611307,-50.23852760611307,-50.23852760611307,-50.23852760611307
1e6220c8f93339b06880,SHADOW_1H_FAST_V3,AKE,LONG,2026-07-18T19:38:30+00:00,73.98090231674178,74.98735097664581,-24.45152445457483,True,False,25.0,50.0,73.98090231674178,73.98090231674178,73.98090231674178,73.98090231674178,73.98090231674178,50.0,73.98090231674178,73.98090231674178,73.98090231674178,61.99045115837089,73.98090231674178
7e33740fcda7d75125ec,SHADOW_COMBO_ADAPTIVE_MFE_TRAIL,ESPORTS,LONG,2026-07-18T19:38:30+00:00,-50.689868000000025,15.279725950958168,-50.87156248456541,False,False,-50.689868000000025,-50.689868000000025,-50.689868000000025,-50.689868000000025,-50.689868000000025,-50.689868000000025,-50.0,-50.0,-50.689868000000025,-50.689868000000025,-50.689868000000025,-50.689868000000025,-50.689868000000025
f19a910005917279c0ed,SHADOW_RSI_SHORT_15X_10_RSI75,ZEC,SHORT,2026-07-18T19:38:30+00:00,-0.1295147127459305,1.3937360146416615,-1.5711984750841854,False,False,-0.1295147127459305,-0.1295147127459305,-0.1295147127459305,-0.1295147127459305,-0.1295147127459305,-0.1295147127459305,-0.1295147127459305,-0.1295147127459305,-0.1295147127459305,-0.1295147127459305,-0.1295147127459305,-0.1295147127459305,-0.1295147127459305
4464bdc230051ec08d46,SHADOW_RSI_SHORT_15X_50_RSI75,ZEC,SHORT,2026-07-18T19:38:30+00:00,-0.6475735637296525,6.968680073208308,-7.855992375420927,False,False,-0.6475735637296525,-0.6475735637296525,-0.6475735637296525,-0.6475735637296525,-0.6475735637296525,-0.6475735637296525,-0.6475735637296525,-0.6475735637296525,-0.6475735637296525,-0.6475735637296525,-0.6475735637296525,-0.6475735637296525,-0.6475735637296525
86a50c29557b3493727a,SHADOW_1H_FAST_V3,ESPORTS,LONG,2026-07-18T20:08:30+00:00,-50.64740617574731,39.5499706994158,-56.78047412234087,False,False,25.0,-50.64740617574731,-50.64740617574731,-50.64740617574731,-50.64740617574731,-50.64740617574731,-50.0,-50.0,-50.64740617574731,-50.64740617574731,-50.64740617574731,-50.64740617574731,-50.64740617574731
66485068f03e2d807fc9,SHADOW_RELATIVE_STRENGTH_V2,ESPORTS,LONG,2026-07-18T20:08:30+00:00,-51.3116678730442,43.455518442911284,-54.85362777270312,False,False,25.0,-51.3116678730442,-51.3116678730442,-51.3116678730442,-51.3116678730442,-51.3116678730442,-50.0,-50.0,-51.3116678730442,-51.3116678730442,-51.3116678730442,-51.3116678730442,-51.3116678730442
cd468b1575a119cb68fd,SHADOW_COMBO_ADAPTIVE_MFE_TRAIL,AKE,LONG,2026-07-18T20:23:30+00:00,-0.08371114296551047,39.386300035819765,-9.37266865544105,False,False,25.0,-0.08371114296551047,-0.08371114296551047,-0.08371114296551047,-0.08371114296551047,-0.08371114296551047,-0.08371114296551047,-0.08371114296551047,-0.08371114296551047,-0.08371114296551047,-0.08371114296551047,-0.08371114296551047,-0.08371114296551047
aacdd154cdf853e5a694,SHADOW_1H_FAST_V3,ESPORTS,LONG,2026-07-18T21:23:31+00:00,-50.82855008166664,38.10774200145689,-118.39853334420091,False,False,25.0,-50.82855008166664,-50.82855008166664,-50.82855008166664,-50.82855008166664,-50.82855008166664,-50.0,-50.0,-50.82855008166664,-50.82855008166664,-50.82855008166664,-50.82855008166664,-50.82855008166664
cd1699cdd1fded3ede59,SHADOW_COMBO_ADAPTIVE_MFE_TRAIL,ESPORTS,LONG,2026-07-18T21:23:31+00:00,-50.428966163648596,38.678784711717995,-116.8958343783382,False,False,25.0,-50.428966163648596,-50.428966163648596,-50.428966163648596,-50.428966163648596,-50.428966163648596,-50.0,-50.0,-50.428966163648596,-50.428966163648596,-50.428966163648596,-50.428966163648596,-50.428966163648596
b8a2e941bd379d874b9c,SHADOW_RELATIVE_STRENGTH_V2,ESPORTS,LONG,2026-07-18T21:23:31+00:00,-51.36843284984133,38.51250887376737,-119.65612042522103,False,False,25.0,-51.36843284984133,-51.36843284984133,-51.36843284984133,-51.36843284984133,-51.36843284984133,-50.0,-50.0,-51.36843284984133,-51.36843284984133,-51.36843284984133,-51.36843284984133,-51.36843284984133
b1f5ed02b6b318b60154,SHADOW_RSI_SHORT_5X_RSI75,ZEC,SHORT,2026-07-18T21:23:31+00:00,-2.964112504048979,5.825629940168357,-6.567399265169056,False,False,-2.964112504048979,-2.964112504048979,-2.964112504048979,-2.964112504048979,-2.964112504048979,-2.964112504048979,-2.964112504048979,-2.964112504048979,-2.964112504048979,-2.964112504048979,-2.964112504048979,-2.964112504048979,-2.964112504048979
1dbffa9542bbf881a41f,SHADOW_1H_FAST_V3,AKE,LONG,2026-07-18T21:38:31+00:00,-0.5832303417923482,44.95674561637475,-6.724829228363214,False,False,25.0,-0.5832303417923482,-0.5832303417923482,-0.5832303417923482,-0.5832303417923482,-0.5832303417923482,-0.5832303417923482,-0.5832303417923482,-0.5832303417923482,-0.5832303417923482,-0.5832303417923482,-0.5832303417923482,-0.5832303417923482
7e490f8e9c9e66ae1ce4,SHADOW_COMBO_ADAPTIVE_MFE_TRAIL,ESPORTS,LONG,2026-07-18T23:23:30+00:00,30.416619743095513,61.314860730039946,-20.197728579814573,True,False,25.0,50.0,30.416619743095513,30.416619743095513,30.416619743095513,30.416619743095513,30.416619743095513,50.0,30.416619743095513,30.416619743095513,30.0,40.208309871547755,29.10424076082321
d9ed03b0832942ab1bc8,SHADOW_1H_FAST_V3,ESPORTS,LONG,2026-07-19T00:08:31+00:00,-0.7470819769144041,48.38970853599682,-29.50669910835004,False,False,25.0,-0.7470819769144041,-0.7470819769144041,-0.7470819769144041,-0.7470819769144041,-0.7470819769144041,-0.7470819769144041,-0.7470819769144041,-0.7470819769144041,-0.7470819769144041,-0.7470819769144041,-0.7470819769144041,-0.7470819769144041
948df506f47120618548,SHADOW_RELATIVE_STRENGTH_V2,ESPORTS,LONG,2026-07-19T00:08:31+00:00,-0.7436304587822377,61.61296380266159,-20.29592671445815,True,True,25.0,50.0,-0.7436304587822377,-0.7436304587822377,-0.7436304587822377,-0.7436304587822377,-0.7436304587822377,50.0,0.0,20.0,30.0,24.628184770608883,29.245740937025534
b29f4604545be62044e1,SHADOW_1H_BALANCED_V2,AKE,LONG,2026-07-19T00:38:30+00:00,99.44196498376994,111.46951194089395,-24.632999459567362,True,False,25.0,50.0,75.0,99.44196498376994,99.44196498376994,99.44196498376994,99.44196498376994,50.0,99.44196498376994,99.44196498376994,99.44196498376994,74.72098249188497,45.28513212838818
8f7a08433eb3bbe365b6,SHADOW_1H_BALANCED_V3,AKE,LONG,2026-07-19T00:38:30+00:00,96.88049091090754,108.59822651529093,-23.998490784454056,True,False,25.0,50.0,75.0,96.88049091090754,96.88049091090754,96.88049091090754,96.88049091090754,50.0,96.88049091090754,96.88049091090754,96.88049091090754,73.44024545545378,44.118655864047
fbfc58559f2a8129faa8,SHADOW_RELATIVE_STRENGTH_V2,AKE,LONG,2026-07-19T00:38:30+00:00,110.83191764052873,112.87995022340753,-24.944684016590738,True,False,25.0,50.0,75.0,100.0,110.83191764052873,110.83191764052873,110.83191764052873,50.0,110.83191764052873,110.83191764052873,110.83191764052873,80.41595882026436,45.858130815387284
80fc2cf1c5c755c31718,SHADOW_COMBO_ADAPTIVE_MFE_TRAIL,ESPORTS,LONG,2026-07-19T00:53:29+00:00,-0.2486102341606787,20.57442294701834,-43.00959016966088,False,False,-0.2486102341606787,-0.2486102341606787,-0.2486102341606787,-0.2486102341606787,-0.2486102341606787,-0.2486102341606787,-0.2486102341606787,-0.2486102341606787,-0.2486102341606787,-0.2486102341606787,-0.2486102341606787,-0.2486102341606787,-0.2486102341606787
a8aa3ed195f69adc01f0,SHADOW_1H_BALANCED_V3,ESPORTS,LONG,2026-07-19T01:23:29+00:00,96.56481945271456,130.40978920276393,-44.16137969444716,True,False,25.0,50.0,75.0,96.56481945271456,96.56481945271456,96.56481945271456,96.56481945271456,50.0,96.56481945271456,96.56481945271456,96.56481945271456,73.28240972635729,96.56481945271456
bdd3efc7c394bd812545,SHADOW_1H_FAST_V3,ESPORTS,LONG,2026-07-19T01:23:29+00:00,-0.7465874673190113,45.81278027086134,-23.9221207568638,False,False,-0.7465874673190113,-0.7465874673190113,-0.7465874673190113,-0.7465874673190113,-0.7465874673190113,-0.7465874673190113,-0.7465874673190113,-0.7465874673190113,-0.7465874673190113,-0.7465874673190113,-0.7465874673190113,-0.7465874673190113,-0.7465874673190113
0d6b45dfdc6357031958,SHADOW_1H_FAST_V3,AKE,LONG,2026-07-19T02:08:30+00:00,-0.5811011325959667,49.39847077777516,-9.46676468588925,False,False,25.0,-0.5811011325959667,-0.5811011325959667,-0.5811011325959667,-0.5811011325959667,-0.5811011325959667,-0.5811011325959667,-0.5811011325959667,-0.5811011325959667,-0.5811011325959667,-0.5811011325959667,-0.5811011325959667,-0.5811011325959667
8cf63eb6a04010eba770,SHADOW_COMBO_ADAPTIVE,HYPE,SHORT,2026-07-19T02:08:30+00:00,-53.25729263462269,35.75649673365167,-53.36203658475533,False,False,25.0,-53.25729263462269,-53.25729263462269,-53.25729263462269,-53.25729263462269,-53.25729263462269,-50.0,-50.0,-53.25729263462269,-53.25729263462269,-53.25729263462269,-53.25729263462269,-53.25729263462269
721e6f21212c3f172f1f,SHADOW_1H_BALANCED_V3,SOL,SHORT,2026-07-19T02:23:29+00:00,-54.534091308667556,15.758363688683938,-66.03097934202904,False,False,-54.534091308667556,-54.534091308667556,-54.534091308667556,-54.534091308667556,-54.534091308667556,-54.534091308667556,-50.0,-50.0,-54.534091308667556,-54.534091308667556,-54.534091308667556,-54.534091308667556,-54.534091308667556
22344d84363220473ca0,SHADOW_1H_FAST_V3,ESPORTS,LONG,2026-07-19T02:23:29+00:00,2.6658694471321045,81.71038434883015,-10.003720804040382,True,False,2.6658694471321045,2.6658694471321045,2.6658694471321045,2.6658694471321045,2.6658694471321045,2.6658694471321045,2.6658694471321045,2.6658694471321045,2.6658694471321045,2.6658694471321045,2.6658694471321045,26.33293472356605,2.6658694471321045
d520526af29756990592,SHADOW_COMBO_ADAPTIVE_MFE_TRAIL,ESPORTS,SHORT,2026-07-19T02:23:29+00:00,-50.44630190179522,8.5116837216307,-83.19334408754986,False,False,-50.44630190179522,-50.44630190179522,-50.44630190179522,-50.44630190179522,-50.44630190179522,-50.44630190179522,-50.0,-50.0,-50.44630190179522,-50.44630190179522,-50.44630190179522,-50.44630190179522,-50.44630190179522
f756394e0aec53a64646,SHADOW_COMBO_MEAN_REVERSION,ESPORTS,SHORT,2026-07-19T02:23:29+00:00,-51.557338323987516,8.699146236669417,-85.02560595572766,False,False,-51.557338323987516,-51.557338323987516,-51.557338323987516,-51.557338323987516,-51.557338323987516,-51.557338323987516,-50.0,-50.0,-51.557338323987516,-51.557338323987516,-51.557338323987516,-51.557338323987516,-51.557338323987516
3a42f3d7fbd560797a3a,SHADOW_COMBO_ADAPTIVE,ESPORTS,SHORT,2026-07-19T02:38:30+00:00,-0.7689939621081443,71.91269648144953,-2.3821914588211475,True,True,-0.7689939621081443,-0.7689939621081443,-0.7689939621081443,-0.7689939621081443,-0.7689939621081443,-0.7689939621081443,-0.7689939621081443,-0.7689939621081443,-0.7689939621081443,-0.7689939621081443,-0.7689939621081443,24.61550301894593,-0.7689939621081443
434eb8da1fd3381c2ce7,SHADOW_1H_FAST_V3,ESPORTS,LONG,2026-07-19T04:08:31+00:00,-50.49641730025872,12.69990136792808,-55.057699726089346,False,False,-50.49641730025872,-50.49641730025872,-50.49641730025872,-50.49641730025872,-50.49641730025872,-50.49641730025872,-50.0,-50.0,-50.49641730025872,-50.49641730025872,-50.49641730025872,-50.49641730025872,-50.49641730025872
26471db2655b054a6993,SHADOW_BOLLINGER_MR_1H,ESPORTS,SHORT,2026-07-19T04:23:30+00:00,74.33816719592124,82.5406161356037,-14.280661040505596,True,False,25.0,50.0,74.33816719592124,74.33816719592124,74.33816719592124,74.33816719592124,74.33816719592124,50.0,74.33816719592124,74.33816719592124,74.33816719592124,62.16908359796062,74.33816719592124
0edf01f9ad7ad1698258,SHADOW_COMBO_MEAN_REVERSION,ESPORTS,SHORT,2026-07-19T04:23:30+00:00,80.10358434047964,83.33074609350052,-14.417364382871444,True,False,25.0,50.0,75.0,80.10358434047964,80.10358434047964,80.10358434047964,80.10358434047964,50.0,80.10358434047964,80.10358434047964,80.10358434047964,65.05179217023982,80.10358434047964
f7036443c784fa1aff20,SHADOW_COMBO_ADAPTIVE_MFE_TRAIL,ESPORTS,SHORT,2026-07-19T04:38:30+00:00,13.215088853899646,81.29821499968862,-14.065708568268246,True,False,25.0,13.215088853899646,13.215088853899646,13.215088853899646,13.215088853899646,13.215088853899646,13.215088853899646,13.215088853899646,13.215088853899646,13.215088853899646,13.215088853899646,31.607544426949822,13.215088853899646
0d1f69ad7ecee505e513,SHADOW_1H_BALANCED_V3,ESPORTS,LONG,2026-07-19T07:23:30+00:00,98.0558206841459,105.7331885013911,-39.14714004617078,True,False,25.0,50.0,75.0,100.0,98.0558206841459,98.0558206841459,98.0558206841459,50.0,98.0558206841459,98.0558206841459,98.0558206841459,74.02791034207294,37.36931821725341
e8d4a636ae5e5e7b942c,SHADOW_1H_FAST_V3,ESPORTS,LONG,2026-07-19T07:53:30+00:00,-0.7408641348256344,61.241231495930755,-26.215206877259714,True,True,25.0,50.0,-0.7408641348256344,-0.7408641348256344,-0.7408641348256344,-0.7408641348256344,-0.7408641348256344,50.0,0.0,20.0,30.0,24.629567932587182,32.3581821049899
672729498b1391f21cb6,SHADOW_COMBO_ADAPTIVE_MFE_TRAIL,AKE,LONG,2026-07-19T08:23:31+00:00,-50.18455955260195,32.636295360777645,-51.57195768159797,False,False,-50.18455955260195,-50.18455955260195,-50.18455955260195,-50.18455955260195,-50.18455955260195,-50.18455955260195,-50.0,-50.0,-50.18455955260195,-50.18455955260195,-50.18455955260195,-50.18455955260195,-50.18455955260195
e4993e6015a0189af45e,SHADOW_1H_BALANCED_V3,ADA,LONG,2026-07-19T08:38:30+00:00,-55.89438870618014,7.379632005965567,-54.0011534139183,False,False,-55.89438870618014,-55.89438870618014,-55.89438870618014,-55.89438870618014,-55.89438870618014,-55.89438870618014,-50.0,-50.0,-55.89438870618014,-55.89438870618014,-55.89438870618014,-55.89438870618014,-55.89438870618014
1ce149c0fa820f69b07f,SHADOW_COMBO_ADAPTIVE_MFE_TRAIL,ESPORTS,LONG,2026-07-19T09:23:30+00:00,-49.869750959963554,6.135417989788813,-50.648559969173284,False,False,-49.869750959963554,-49.869750959963554,-49.869750959963554,-49.869750959963554,-49.869750959963554,-49.869750959963554,-49.869750959963554,-49.869750959963554,-49.869750959963554,-49.869750959963554,-49.869750959963554,-49.869750959963554,-49.869750959963554
d5b099b1beee323de3bc,SHADOW_RSI_SHORT_15X_10_RSI75,PEPE,SHORT,2026-07-19T09:23:30+00:00,-1.9066876942817121,0.5820985350466826,-1.9691949733608165,False,False,-1.9066876942817121,-1.9066876942817121,-1.9066876942817121,-1.9066876942817121,-1.9066876942817121,-1.9066876942817121,-1.9066876942817121,-1.9066876942817121,-1.9066876942817121,-1.9066876942817121,-1.9066876942817121,-1.9066876942817121,-1.9066876942817121
42b37a2c3db656accc6d,SHADOW_RSI_SHORT_15X_50_RSI75,PEPE,SHORT,2026-07-19T09:23:30+00:00,-9.53343847140856,2.910492675233413,-9.84597486680408,False,False,-9.53343847140856,-9.53343847140856,-9.53343847140856,-9.53343847140856,-9.53343847140856,-9.53343847140856,-9.53343847140856,-9.53343847140856,-9.53343847140856,-9.53343847140856,-9.53343847140856,-9.53343847140856,-9.53343847140856
3b44d1d9f6b3b59e387b,SHADOW_RSI_SHORT_5X_RSI75,PEPE,SHORT,2026-07-19T09:23:30+00:00,-11.656851844389974,3.558756057547135,-12.039000475026384,False,False,-11.656851844389974,-11.656851844389974,-11.656851844389974,-11.656851844389974,-11.656851844389974,-11.656851844389974,-11.656851844389974,-11.656851844389974,-11.656851844389974,-11.656851844389974,-11.656851844389974,-11.656851844389974,-11.656851844389974
fe4451bb3923efd163d0,SHADOW_DONCHIAN_1H,ADA,LONG,2026-07-19T09:38:30+00:00,-56.36653998438867,6.77309589827764,-62.79602489701645,False,False,-56.36653998438867,-56.36653998438867,-56.36653998438867,-56.36653998438867,-56.36653998438867,-56.36653998438867,-50.0,-50.0,-56.36653998438867,-56.36653998438867,-56.36653998438867,-56.36653998438867,-56.36653998438867
cbdaf9a19151d5b13965,SHADOW_1H_BALANCED_V3,ESPORTS,LONG,2026-07-19T09:53:30+00:00,-50.72740451866123,28.316239056912845,-64.43624605741167,False,False,-50.72740451866123,-50.72740451866123,-50.72740451866123,-50.72740451866123,-50.72740451866123,-50.72740451866123,-50.0,-50.0,-50.72740451866123,-50.72740451866123,-50.72740451866123,-50.72740451866123,-50.72740451866123
b7779229efd7c1557657,SHADOW_1H_FAST_V3,ESPORTS,LONG,2026-07-19T09:53:30+00:00,-50.2773816873983,26.050318766868376,-65.45990059713655,False,False,-50.2773816873983,-50.2773816873983,-50.2773816873983,-50.2773816873983,-50.2773816873983,-50.2773816873983,-50.0,-50.0,-50.2773816873983,-50.2773816873983,-50.2773816873983,-50.2773816873983,-50.2773816873983
39cc8bc07a41a91be6aa,SHADOW_RELATIVE_STRENGTH_V2,ESPORTS,LONG,2026-07-19T09:53:30+00:00,-0.7571314260252595,107.92964487295565,-39.960366114557154,True,True,25.0,50.0,75.0,100.0,-0.7571314260252595,-0.7571314260252595,-0.7571314260252595,50.0,0.0,20.0,30.0,24.62143428698737,38.14561256969536
02daa2c63bcc0b08f31c,SHADOW_1H_BALANCED_V3,BANK,LONG,2026-07-19T11:08:30+00:00,61.45074322308151,53.89585033402535,-12.193501009062524,True,False,25.0,50.0,61.45074322308151,61.45074322308151,61.45074322308151,61.45074322308151,61.45074322308151,50.0,61.45074322308151,61.45074322308151,61.45074322308151,55.72537161154075,61.45074322308151
6b41e41f0ea0afec53e9,SHADOW_1H_FAST,ZEC,LONG,2026-07-19T11:23:29+00:00,-4.426206160341422,56.60777286389904,-32.14520560146453,True,True,25.0,-4.426206160341422,-4.426206160341422,-4.426206160341422,-4.426206160341422,-4.426206160341422,-4.426206160341422,-4.426206160341422,-4.426206160341422,-4.426206160341422,-4.426206160341422,22.78689691982929,-4.426206160341422
37891b51a6f839fc7ed5,SHADOW_1H_FAST_V3,BANK,LONG,2026-07-19T11:23:29+00:00,45.528862539290465,159.17370845572697,-3.803307415237003,True,False,25.0,50.0,75.0,100.0,45.528862539290465,45.528862539290465,45.528862539290465,50.0,45.528862539290465,45.528862539290465,45.528862539290465,47.76443126964523,45.528862539290465
62b69803052ec1cdbf50,SHADOW_COMBO_ADAPTIVE_MFE_TRAIL,ESPORTS,LONG,2026-07-19T11:23:29+00:00,-49.47589205255704,25.63365040935236,-64.11008071365902,False,False,-49.47589205255704,-49.47589205255704,-49.47589205255704,-49.47589205255704,-49.47589205255704,-49.47589205255704,-49.47589205255704,-49.47589205255704,-49.47589205255704,-49.47589205255704,-49.47589205255704,-49.47589205255704,-49.47589205255704
aaa5ccc20c5ca2dc5a98,SHADOW_DONCHIAN_1H,BANK,LONG,2026-07-19T11:23:29+00:00,125.360750463219,138.58019171095037,-3.311244525573279,True,False,25.0,50.0,75.0,100.0,125.360750463219,125.360750463219,125.360750463219,50.0,125.360750463219,125.360750463219,125.360750463219,87.6803752316095,125.360750463219
8a5acd0f7b4a6a96631d,SHADOW_1H_FAST_V3,ZEC,LONG,2026-07-19T11:38:31+00:00,-3.489937954462124,60.91270404776177,-29.129013015410667,True,True,25.0,-3.489937954462124,-3.489937954462124,-3.489937954462124,-3.489937954462124,-3.489937954462124,-3.489937954462124,-3.489937954462124,-3.489937954462124,-3.489937954462124,-3.489937954462124,23.25503102276894,-3.489937954462124
808a46559d81feb1265f,SHADOW_1H_FAST,BANK,LONG,2026-07-19T12:08:30+00:00,-0.7100811148879104,51.73741354332064,-13.043862509827433,True,True,-0.7100811148879104,-0.7100811148879104,-0.7100811148879104,-0.7100811148879104,-0.7100811148879104,-0.7100811148879104,-0.7100811148879104,-0.7100811148879104,-0.7100811148879104,-0.7100811148879104,-0.7100811148879104,24.644959442556043,-0.7100811148879104
ffb3900a013f02c2de05,SHADOW_1H_FAST_V3,BANK,LONG,2026-07-19T12:08:30+00:00,-0.7035823221109009,51.26390323247458,-12.924482684500642,True,True,-0.7035823221109009,-0.7035823221109009,-0.7035823221109009,-0.7035823221109009,-0.7035823221109009,-0.7035823221109009,-0.7035823221109009,-0.7035823221109009,-0.7035823221109009,-0.7035823221109009,-0.7035823221109009,24.648208838944548,-0.7035823221109009
e37f7a6355297345b074,SHADOW_COMBO_ADAPTIVE_MFE_TRAIL,BANK,LONG,2026-07-19T12:08:30+00:00,-0.0816172629085323,41.449537126737724,-10.45011774553532,False,False,-0.0816172629085323,-0.0816172629085323,-0.0816172629085323,-0.0816172629085323,-0.0816172629085323,-0.0816172629085323,-0.0816172629085323,-0.0816172629085323,-0.0816172629085323,-0.0816172629085323,-0.0816172629085323,-0.0816172629085323,-0.0816172629085323
5a8ce3625ddedf8d50f9,SHADOW_1H_BALANCED_V3,AKE,LONG,2026-07-19T12:38:30+00:00,-50.423520839261,18.781329978470513,-60.872617911518674,False,False,-50.423520839261,-50.423520839261,-50.423520839261,-50.423520839261,-50.423520839261,-50.423520839261,-50.0,-50.0,-50.423520839261,-50.423520839261,-50.423520839261,-50.423520839261,-50.423520839261
def5b1bcdc45937aedf5,SHADOW_1H_FAST,PEPE,LONG,2026-07-19T12:38:30+00:00,-57.122144223201744,1.7276686221585908,-57.6962335812912,False,False,-57.122144223201744,-57.122144223201744,-57.122144223201744,-57.122144223201744,-57.122144223201744,-57.122144223201744,-50.0,-50.0,-57.122144223201744,-57.122144223201744,-57.122144223201744,-57.122144223201744,-57.122144223201744
ccb27d1d56864467d1d3,SHADOW_4H_WIDE,AKE,LONG,2026-07-19T12:38:30+00:00,-0.6961453343904207,113.62692656784368,-25.18502994328103,True,True,25.0,50.0,75.0,-0.6961453343904207,-0.6961453343904207,-0.6961453343904207,-0.6961453343904207,50.0,0.0,20.0,30.0,24.65192733280479,46.16159426351386
ea5f28c300d22221709f,SHADOW_RELATIVE_STRENGTH_V2,AKE,LONG,2026-07-19T12:38:30+00:00,-51.17935788045126,19.06285781794443,-61.785084527216064,False,False,-51.17935788045126,-51.17935788045126,-51.17935788045126,-51.17935788045126,-51.17935788045126,-51.17935788045126,-50.0,-50.0,-51.17935788045126,-51.17935788045126,-51.17935788045126,-51.17935788045126,-51.17935788045126
7c3e7c0212120545cb62,SHADOW_1H_BALANCED_V3,BANK,LONG,2026-07-19T12:53:29+00:00,-0.5800089863877722,64.40076042774974,-9.810072778798897,True,True,25.0,-0.5800089863877722,-0.5800089863877722,-0.5800089863877722,-0.5800089863877722,-0.5800089863877722,-0.5800089863877722,-0.5800089863877722,-0.5800089863877722,-0.5800089863877722,-0.5800089863877722,24.709995506806113,-0.5800089863877722
82f996d7040e130f860a,SHADOW_COMBO_ADAPTIVE_MFE_TRAIL,BANK,LONG,2026-07-19T14:08:31+00:00,11.597814653676295,56.225147947551065,-15.212352939925891,True,False,11.597814653676295,11.597814653676295,11.597814653676295,11.597814653676295,11.597814653676295,11.597814653676295,11.597814653676295,11.597814653676295,11.597814653676295,11.597814653676295,11.597814653676295,30.798907326838147,11.597814653676295
3affbc68d7e75ef0e809,SHADOW_1H_BALANCED,NEAR,LONG,2026-07-19T14:23:30+00:00,-3.536976190891431,16.84112987891382,-7.417678908698581,False,False,-3.536976190891431,-3.536976190891431,-3.536976190891431,-3.536976190891431,-3.536976190891431,-3.536976190891431,-3.536976190891431,-3.536976190891431,-3.536976190891431,-3.536976190891431,-3.536976190891431,-3.536976190891431,-3.536976190891431
41b9a5afbcfdef033643,SHADOW_1H_FAST_V3,BANK,LONG,2026-07-19T14:23:30+00:00,73.56809055824351,105.84160164940035,-19.289136909086114,True,False,25.0,50.0,73.56809055824351,73.56809055824351,73.56809055824351,73.56809055824351,73.56809055824351,50.0,73.56809055824351,73.56809055824351,73.56809055824351,61.784045279121756,73.56809055824351
0c2a1f39d0201d92171d,SHADOW_RELATIVE_STRENGTH,T,LONG,2026-07-19T14:23:30+00:00,1.2059203351498466,0.0,0.0,False,False,1.2059203351498466,1.2059203351498466,1.2059203351498466,1.2059203351498466,1.2059203351498466,1.2059203351498466,1.2059203351498466,1.2059203351498466,1.2059203351498466,1.2059203351498466,1.2059203351498466,1.2059203351498466,1.2059203351498466
1f9c19612f7a8634de62,SHADOW_RELATIVE_STRENGTH,AAVE,LONG,2026-07-19T14:23:30+00:00,-3.869282264816972,0.0,0.0,False,False,-3.869282264816972,-3.869282264816972,-3.869282264816972,-3.869282264816972,-3.869282264816972,-3.869282264816972,-3.869282264816972,-3.869282264816972,-3.869282264816972,-3.869282264816972,-3.869282264816972,-3.869282264816972,-3.869282264816972
07f396e9c1c2268de834,SHADOW_SCANNER_TOP5_LONG,NEAR,LONG,2026-07-19T14:23:30+00:00,-3.509833863598402,16.711893086103327,-7.360756538337997,False,False,-3.509833863598402,-3.509833863598402,-3.509833863598402,-3.509833863598402,-3.509833863598402,-3.509833863598402,-3.509833863598402,-3.509833863598402,-3.509833863598402,-3.509833863598402,-3.509833863598402,-3.509833863598402,-3.509833863598402
de7e0e51986e55015b6d,SHADOW_1H_FAST_V3,BANK,LONG,2026-07-19T15:23:30+00:00,-50.49449954759411,12.14703332023177,-50.40900253088241,False,False,-50.49449954759411,-50.49449954759411,-50.49449954759411,-50.49449954759411,-50.49449954759411,-50.49449954759411,-50.0,-50.0,-50.49449954759411,-50.49449954759411,-50.49449954759411,-50.49449954759411,-50.49449954759411
382b420d20fd6a4350fc,SHADOW_DONCHIAN_1H,BANK,LONG,2026-07-19T15:23:30+00:00,18.29137473494387,87.37053988927364,-23.157059350532826,True,False,25.0,50.0,18.29137473494387,18.29137473494387,18.29137473494387,18.29137473494387,18.29137473494387,50.0,0.0,20.0,30.0,34.145687367471936,-17.20222154654853
33e2d91b7e8ac3e2b6ee,SHADOW_1H_BALANCED,ALLO,SHORT,2026-07-19T16:08:30+00:00,-1.184564008511575,5.156740615802238,-7.56137907489988,False,False,-1.184564008511575,-1.184564008511575,-1.184564008511575,-1.184564008511575,-1.184564008511575,-1.184564008511575,-1.184564008511575,-1.184564008511575,-1.184564008511575,-1.184564008511575,-1.184564008511575,-1.184564008511575,-1.184564008511575
be7e46c0bcf1ec705468,SHADOW_SCANNER_BOTTOM5_SHORT,ALLO,SHORT,2026-07-19T16:08:30+00:00,-1.1699439545637285,5.093095405027337,-7.468055481408245,False,False,-1.1699439545637285,-1.1699439545637285,-1.1699439545637285,-1.1699439545637285,-1.1699439545637285,-1.1699439545637285,-1.1699439545637285,-1.1699439545637285,-1.1699439545637285,-1.1699439545637285,-1.1699439545637285,-1.1699439545637285,-1.1699439545637285
1073075a2c116f24a76d,SHADOW_1H_BALANCED_V2,ZEC,LONG,2026-07-19T16:23:31+00:00,-54.14986318693807,6.8007944534783045,-53.62253558552723,False,False,-54.14986318693807,-54.14986318693807,-54.14986318693807,-54.14986318693807,-54.14986318693807,-54.14986318693807,-50.0,-50.0,-54.14986318693807,-54.14986318693807,-54.14986318693807,-54.14986318693807,-54.14986318693807
d08d6ce4656db6027302,SHADOW_1H_BALANCED_V3,ZEC,LONG,2026-07-19T16:23:31+00:00,-53.4838435653803,6.717147657685652,-52.96300186271155,False,False,-53.4838435653803,-53.4838435653803,-53.4838435653803,-53.4838435653803,-53.4838435653803,-53.4838435653803,-50.0,-50.0,-53.4838435653803,-53.4838435653803,-53.4838435653803,-53.4838435653803,-53.4838435653803
b984fa5a04082c5fe204,SHADOW_1H_BALANCED,BANK,LONG,2026-07-19T17:08:29+00:00,100.00041151177298,100.10437281560608,-7.385141170599983,True,False,25.0,50.0,75.0,100.0,100.00041151177298,100.00041151177298,100.00041151177298,50.0,100.00041151177298,100.00041151177298,100.00041151177298,75.0002057558865,100.00041151177298
5dcd405e2b9f8686909e,SHADOW_1H_BALANCED_V3,BANK,LONG,2026-07-19T17:23:30+00:00,97.31978864937092,97.42096315419346,-26.61186133493683,True,False,25.0,50.0,75.0,97.31978864937092,97.31978864937092,97.31978864937092,97.31978864937092,50.0,97.31978864937092,97.31978864937092,97.31978864937092,73.65989432468547,97.31978864937092
057a9dffd01786f399e8,SHADOW_1H_FAST_V3,BANK,LONG,2026-07-19T17:23:30+00:00,73.772465742259,73.87748966988627,-49.02454878375795,True,False,25.0,50.0,73.772465742259,73.772465742259,73.772465742259,73.772465742259,73.772465742259,50.0,73.772465742259,73.772465742259,73.772465742259,61.8862328711295,73.772465742259
8a07651d15a8a15057dd,SHADOW_RELATIVE_STRENGTH_V2,BANK,LONG,2026-07-19T18:00:13+00:00,110.21949858890419,110.3256264230658,-27.38470562854832,True,False,25.0,50.0,75.0,100.0,110.21949858890419,110.21949858890419,110.21949858890419,50.0,110.21949858890419,110.21949858890419,110.21949858890419,80.10974929445209,110.21949858890419
836face756c832a18402,SHADOW_1H_FAST,PEPE,LONG,2026-07-19T18:23:29+00:00,-53.958782351702894,25.20111994339291,-53.22884770702655,False,False,-53.958782351702894,-53.958782351702894,-53.958782351702894,-53.958782351702894,-53.958782351702894,-53.958782351702894,-50.0,-50.0,-53.958782351702894,-53.958782351702894,-53.958782351702894,-53.958782351702894,-53.958782351702894
30471117e67079913292,SHADOW_1H_FAST_V3,PEPE,LONG,2026-07-19T18:23:29+00:00,-55.069375328386265,33.22451840843879,-54.280483691035926,False,False,-55.069375328386265,-55.069375328386265,-55.069375328386265,-55.069375328386265,-55.069375328386265,-55.069375328386265,-50.0,-50.0,-55.069375328386265,-55.069375328386265,-55.069375328386265,-55.069375328386265,-55.069375328386265
f995653833b22f2fabf6,SHADOW_1H_FAST_V3,BANK,LONG,2026-07-19T19:38:30+00:00,74.14389908545694,74.24189213434431,-24.673888755241247,True,False,25.0,50.0,74.14389908545694,74.14389908545694,74.14389908545694,74.14389908545694,74.14389908545694,50.0,74.14389908545694,74.14389908545694,74.14389908545694,62.07194954272847,74.14389908545694
029345a1f6734b5948f6,SHADOW_BOLLINGER_MR_1H,PEPE,SHORT,2026-07-19T20:08:29+00:00,-4.135219973765967,43.93149672584802,-50.9416881432184,False,False,25.0,-4.135219973765967,-4.135219973765967,-4.135219973765967,-4.135219973765967,-4.135219973765967,-4.135219973765967,-4.135219973765967,-4.135219973765967,-4.135219973765967,-4.135219973765967,-4.135219973765967,-4.135219973765967
298aa92b9da662a81dc6,SHADOW_1H_BALANCED,BANK,LONG,2026-07-19T21:09:54+00:00,101.06557627520553,101.17064493365777,-13.60780064148087,True,False,25.0,50.0,75.0,100.0,101.06557627520553,101.06557627520553,101.06557627520553,50.0,101.06557627520553,101.06557627520553,101.06557627520553,75.53278813760276,101.06557627520553
1c969c550df126e2bd0b,SHADOW_1H_FAST,BANK,LONG,2026-07-19T21:09:54+00:00,70.99304222530817,71.0868709117309,-8.35449414732458,True,False,25.0,50.0,70.99304222530817,70.99304222530817,70.99304222530817,70.99304222530817,70.99304222530817,50.0,70.99304222530817,70.99304222530817,70.99304222530817,60.49652111265409,70.99304222530817
3548a2c6c2d5cd515bde,SHADOW_COMBO_TREND,HYPE,SHORT,2026-07-19T21:09:54+00:00,-53.029238787316274,48.02128063070317,-52.64407164201936,False,False,25.0,-53.029238787316274,-53.029238787316274,-53.029238787316274,-53.029238787316274,-53.029238787316274,-50.0,-50.0,-53.029238787316274,-53.029238787316274,-53.029238787316274,-53.029238787316274,-53.029238787316274
57570617bc0682124706,SHADOW_EMA_TREND_1H,HYPE,SHORT,2026-07-19T21:09:54+00:00,-52.31031766082774,47.370252745786516,-51.930372253657104,False,False,25.0,-52.31031766082774,-52.31031766082774,-52.31031766082774,-52.31031766082774,-52.31031766082774,-50.0,-50.0,-52.31031766082774,-52.31031766082774,-52.31031766082774,-52.31031766082774,-52.31031766082774
3580905db4580c977e63,SHADOW_COMBO_SCANNER,ZEC,LONG,2026-07-19T23:08:29+00:00,-53.47730506102036,44.358483321615545,-53.03745818229558,False,False,25.0,-53.47730506102036,-53.47730506102036,-53.47730506102036,-53.47730506102036,-53.47730506102036,-50.0,-50.0,-53.47730506102036,-53.47730506102036,-53.47730506102036,-53.47730506102036,-53.47730506102036
1a5a8b4ce63d128d4789,SHADOW_SCANNER_TOP5_BTC,ZEC,LONG,2026-07-19T23:08:29+00:00,-54.9464186067363,45.577087150676114,-54.4944883777597,False,False,25.0,-54.9464186067363,-54.9464186067363,-54.9464186067363,-54.9464186067363,-54.9464186067363,-50.0,-50.0,-54.9464186067363,-54.9464186067363,-54.9464186067363,-54.9464186067363,-54.9464186067363
6c06f8b3f394984012ca,SHADOW_SCANNER_TOP5_LONG,ZEC,LONG,2026-07-19T23:08:29+00:00,-55.09957119025436,45.70412452314461,-54.646381292606115,False,False,25.0,-55.09957119025436,-55.09957119025436,-55.09957119025436,-55.09957119025436,-55.09957119025436,-50.0,-50.0,-55.09957119025436,-55.09957119025436,-55.09957119025436,-55.09957119025436,-55.09957119025436
f456afa380561358a892,SHADOW_1H_BALANCED_V2,DOGE,SHORT,2026-07-20T01:23:39+00:00,-56.39789232107786,4.363245944075494,-54.28003807032054,False,False,-56.39789232107786,-56.39789232107786,-56.39789232107786,-56.39789232107786,-56.39789232107786,-56.39789232107786,-50.0,-50.0,-56.39789232107786,-56.39789232107786,-56.39789232107786,-56.39789232107786,-56.39789232107786
a99845f8776315820491,SHADOW_COMBO_TREND,XRP,SHORT,2026-07-20T01:23:39+00:00,-52.30065925831566,49.606527164019255,-51.663859439225035,False,False,25.0,-52.30065925831566,-52.30065925831566,-52.30065925831566,-52.30065925831566,-52.30065925831566,-50.0,-50.0,-52.30065925831566,-52.30065925831566,-52.30065925831566,-52.30065925831566,-52.30065925831566
22aac934b390fea0bcd4,SHADOW_1H_BALANCED_V3,PEPE,LONG,2026-07-20T01:38:32+00:00,96.01582107373704,96.62546322762907,-16.78782654801413,True,False,25.0,50.0,75.0,96.01582107373704,96.01582107373704,96.01582107373704,96.01582107373704,50.0,96.01582107373704,96.01582107373704,96.01582107373704,73.00791053686852,96.01582107373704
104daefe5c5b4a87b425,SHADOW_COMBO_ADAPTIVE_MFE_TRAIL,ETH,LONG,2026-07-20T01:53:31+00:00,-0.8751846205961809,34.241416220445,-34.77012993307375,False,False,-0.8751846205961809,-0.8751846205961809,-0.8751846205961809,-0.8751846205961809,-0.8751846205961809,-0.8751846205961809,-0.8751846205961809,-0.8751846205961809,-0.8751846205961809,-0.8751846205961809,-0.8751846205961809,-0.8751846205961809,-0.8751846205961809
4cf861bb710bcf3bf38d,SHADOW_COMBO_ADAPTIVE_MFE_TRAIL,PEPE,LONG,2026-07-20T01:53:31+00:00,40.06104006459256,80.13919423040188,-39.35891407217267,True,False,25.0,40.06104006459256,40.06104006459256,40.06104006459256,40.06104006459256,40.06104006459256,40.06104006459256,40.06104006459256,40.06104006459256,40.06104006459256,40.06104006459256,45.03052003229628,40.06104006459256
826bb33b69c57667c328,SHADOW_1H_BALANCED_V2,PEPE,LONG,2026-07-20T02:08:32+00:00,11.00918968261473,94.89744819843338,-36.56422717728196,True,False,25.0,50.0,11.00918968261473,11.00918968261473,11.00918968261473,11.00918968261473,11.00918968261473,50.0,11.00918968261473,20.0,30.0,30.504594841307366,18.30384138172246
8685cf4a8cc66e45df7d,SHADOW_1H_FAST_V3,ETH,LONG,2026-07-20T02:08:32+00:00,-6.469889339035812,44.51331334985416,-45.20063302761199,False,False,-6.469889339035812,-6.469889339035812,-6.469889339035812,-6.469889339035812,-6.469889339035812,-6.469889339035812,-6.469889339035812,-6.469889339035812,-6.469889339035812,-6.469889339035812,-6.469889339035812,-6.469889339035812,-6.469889339035812
be70954fc4ccf870ffa5,SHADOW_1H_FAST_V3,AKE,LONG,2026-07-20T02:08:32+00:00,-72.11651376148401,17.935385597400728,-72.11651376148401,False,False,-72.11651376148401,-72.11651376148401,-72.11651376148401,-72.11651376148401,-72.11651376148401,-72.11651376148401,-50.0,-50.0,-72.11651376148401,-72.11651376148401,-72.11651376148401,-72.11651376148401,-72.11651376148401
5f4ca9a55e715fdcfb01,SHADOW_4H_WIDE,AKE,LONG,2026-07-20T02:08:32+00:00,-17.525180551411683,86.40009427526178,-19.750014259617583,True,True,25.0,50.0,-17.525180551411683,-17.525180551411683,-17.525180551411683,-17.525180551411683,-17.525180551411683,50.0,0.0,20.0,30.0,16.23740972429416,13.641284281484412
92e85b0ded1759a8d49c,SHADOW_ETH_EMA_1H,ETH,LONG,2026-07-20T02:08:32+00:00,8.618205048871358,50.02712350459764,-19.948717868776214,True,False,25.0,8.618205048871358,8.618205048871358,8.618205048871358,8.618205048871358,8.618205048871358,8.618205048871358,8.618205048871358,8.618205048871358,8.618205048871358,8.618205048871358,29.30910252443568,8.618205048871358
f10b088c507e33bb74d4,SHADOW_RELATIVE_STRENGTH,AKE,LONG,2026-07-20T02:08:32+00:00,-22.918178998429955,65.45660616377405,-35.37267820187367,True,True,25.0,-22.918178998429955,-22.918178998429955,-22.918178998429955,-22.918178998429955,-22.918178998429955,-22.918178998429955,-22.918178998429955,-22.918178998429955,-22.918178998429955,-22.918178998429955,13.540910500785023,-22.918178998429955
f2594335c16986dd5a9f,SHADOW_RELATIVE_STRENGTH,PEPE,LONG,2026-07-20T02:08:32+00:00,-4.444292230442342,73.39316101733752,-49.85794591845041,True,True,25.0,-4.444292230442342,-4.444292230442342,-4.444292230442342,-4.444292230442342,-4.444292230442342,-4.444292230442342,-4.444292230442342,-4.444292230442342,-4.444292230442342,-4.444292230442342,22.77785388477883,-4.444292230442342
6612d3224c737ed0aee6,SHADOW_SCANNER_TOP5_LONG,AKE,LONG,2026-07-20T02:08:32+00:00,-23.559184259208834,67.28738115277233,-36.36202699859931,True,True,25.0,-23.559184259208834,-23.559184259208834,-23.559184259208834,-23.559184259208834,-23.559184259208834,-23.559184259208834,-23.559184259208834,-23.559184259208834,-23.559184259208834,-23.559184259208834,13.220407870395583,-23.559184259208834
30c1b46d81b0868fb931,SHADOW_1H_BALANCED,ESPORTS,SHORT,2026-07-20T02:23:30+00:00,-53.76829674024122,33.26419963106158,-53.76829674024122,False,False,-53.76829674024122,-53.76829674024122,-53.76829674024122,-53.76829674024122,-53.76829674024122,-53.76829674024122,-50.0,-50.0,-53.76829674024122,-53.76829674024122,-53.76829674024122,-53.76829674024122,-53.76829674024122
6a41bd105dcec50bd8ae,SHADOW_1H_FAST,ESPORTS,SHORT,2026-07-20T02:23:30+00:00,-51.41374711352382,31.80753811167685,-51.41374711352382,False,False,-51.41374711352382,-51.41374711352382,-51.41374711352382,-51.41374711352382,-51.41374711352382,-51.41374711352382,-50.0,-50.0,-51.41374711352382,-51.41374711352382,-51.41374711352382,-51.41374711352382,-51.41374711352382
5feda1e47d1cf164accc,SHADOW_COMBO_TREND,ESPORTS,SHORT,2026-07-20T02:23:30+00:00,-52.783588820981954,32.655001966445724,-52.783588820981954,False,False,-52.783588820981954,-52.783588820981954,-52.783588820981954,-52.783588820981954,-52.783588820981954,-52.783588820981954,-50.0,-50.0,-52.783588820981954,-52.783588820981954,-52.783588820981954,-52.783588820981954,-52.783588820981954
9c1ce06821aa253a0ca4,SHADOW_EMA_TREND_1H,ESPORTS,SHORT,2026-07-20T02:23:30+00:00,-52.171709546301194,32.276457813533085,-52.171709546301194,False,False,-52.171709546301194,-52.171709546301194,-52.171709546301194,-52.171709546301194,-52.171709546301194,-52.171709546301194,-50.0,-50.0,-52.171709546301194,-52.171709546301194,-52.171709546301194,-52.171709546301194,-52.171709546301194
9b2b447cb6cbd798513f,SHADOW_1H_FAST_V3,ESPORTS,SHORT,2026-07-20T02:38:29+00:00,-53.350527072114886,35.26175500197882,-53.350527072114886,False,False,-53.350527072114886,-53.350527072114886,-53.350527072114886,-53.350527072114886,-53.350527072114886,-53.350527072114886,-50.0,-50.0,-53.350527072114886,-53.350527072114886,-53.350527072114886,-53.350527072114886,-53.350527072114886
746eca6937c1c3cc6b2e,SHADOW_SCANNER_BOTTOM5_SHORT,ESPORTS,SHORT,2026-07-20T02:38:29+00:00,-53.436676574325745,35.318695070000935,-53.436676574325745,False,False,-53.436676574325745,-53.436676574325745,-53.436676574325745,-53.436676574325745,-53.436676574325745,-53.436676574325745,-50.0,-50.0,-53.436676574325745,-53.436676574325745,-53.436676574325745,-53.436676574325745,-53.436676574325745
7b66eaef95fe2a181155,SHADOW_1H_BALANCED_V3,BANK,LONG,2026-07-20T02:53:29+00:00,98.55722943325036,98.66075031616958,-25.824049316285258,True,False,25.0,50.0,75.0,98.55722943325036,98.55722943325036,98.55722943325036,98.55722943325036,50.0,98.55722943325036,98.55722943325036,98.55722943325036,74.27861471662519,63.575512469087926
75cd269a261e8cd883fa,SHADOW_1H_FAST_V3,BANK,LONG,2026-07-20T02:53:29+00:00,74.28327994653536,74.38145720957516,-26.853003886860957,True,False,25.0,50.0,74.28327994653536,74.28327994653536,74.28327994653536,74.28327994653536,74.28327994653536,50.0,74.28327994653536,74.28327994653536,74.28327994653536,62.14163997326768,74.28327994653536
e10670f38763c98a1a2d,SHADOW_RELATIVE_STRENGTH_V2,BANK,LONG,2026-07-20T02:53:29+00:00,110.08847538085467,110.19539882026261,-19.68147283920185,True,False,25.0,50.0,75.0,100.0,110.08847538085467,110.08847538085467,110.08847538085467,50.0,110.08847538085467,110.08847538085467,110.08847538085467,80.04423769042734,65.61656443829615
2ad0679ac9b0e6b66930,SHADOW_RELATIVE_STRENGTH_V2,PEPE,LONG,2026-07-20T03:23:29+00:00,106.01555676626619,106.66679375008768,-36.60410051978561,True,False,25.0,50.0,75.0,100.0,106.01555676626619,106.01555676626619,106.01555676626619,50.0,106.01555676626619,20.0,30.0,78.00777838313309,18.323801747163994
a087ded94533e0bf7b33,SHADOW_COMBO_ADAPTIVE_MFE_TRAIL,PEPE,LONG,2026-07-20T03:38:29+00:00,-0.4520013560613587,42.905053215251954,-24.38277152448356,False,False,-0.4520013560613587,-0.4520013560613587,-0.4520013560613587,-0.4520013560613587,-0.4520013560613587,-0.4520013560613587,-0.4520013560613587,-0.4520013560613587,-0.4520013560613587,-0.4520013560613587,-0.4520013560613587,-0.4520013560613587,-0.4520013560613587
1e77faca0ceec9235b1d,SHADOW_COMBO_MEAN_REVERSION,ZEC,LONG,2026-07-20T03:38:29+00:00,-54.64153476024996,-0.6535824024671049,-54.10852046897917,False,False,-54.64153476024996,-54.64153476024996,-54.64153476024996,-54.64153476024996,-54.64153476024996,-54.64153476024996,-50.0,-50.0,-54.64153476024996,-54.64153476024996,-54.64153476024996,-54.64153476024996,-54.64153476024996
f6012de5b1604df022e4,SHADOW_1H_BALANCED,PEPE,LONG,2026-07-20T04:23:30+00:00,-3.291943054997518,56.793145831879315,-9.931527902645492,True,True,25.0,-3.291943054997518,-3.291943054997518,-3.291943054997518,-3.291943054997518,-3.291943054997518,-3.291943054997518,-3.291943054997518,-3.291943054997518,-3.291943054997518,-3.291943054997518,23.35402847250124,-3.291943054997518
c8e48a89c1fd2dcc1e92,SHADOW_1H_FAST_V3,PEPE,LONG,2026-07-20T04:23:30+00:00,-53.64931849131179,18.893653766572022,-53.094462380894164,False,False,-53.64931849131179,-53.64931849131179,-53.64931849131179,-53.64931849131179,-53.64931849131179,-53.64931849131179,-50.0,-50.0,-53.64931849131179,-53.64931849131179,-53.64931849131179,-53.64931849131179,-53.64931849131179
ab510affb0107353801c,SHADOW_RELATIVE_STRENGTH,PEPE,LONG,2026-07-20T04:23:30+00:00,-3.2408256240589317,58.14794159716617,-9.78347342422288,True,True,25.0,-3.2408256240589317,-3.2408256240589317,-3.2408256240589317,-3.2408256240589317,-3.2408256240589317,-3.2408256240589317,-3.2408256240589317,-3.2408256240589317,-3.2408256240589317,-3.2408256240589317,23.379587187970536,-3.2408256240589317
29a3a36435d64ec320ea,SHADOW_SCANNER_TOP5_LONG,PEPE,LONG,2026-07-20T04:23:30+00:00,-3.3178038884840495,59.52911051622603,-10.01585704852375,True,True,25.0,-3.3178038884840495,-3.3178038884840495,-3.3178038884840495,-3.3178038884840495,-3.3178038884840495,-3.3178038884840495,-3.3178038884840495,-3.3178038884840495,-3.3178038884840495,-3.3178038884840495,23.341098055757975,-3.3178038884840495
220395fed8b1ce23fa1b,SHADOW_1H_FAST_V3,PEPE,LONG,2026-07-20T05:23:29+00:00,-53.292916487976534,-0.5897543394182505,-52.771419873242074,False,False,-53.292916487976534,-53.292916487976534,-53.292916487976534,-53.292916487976534,-53.292916487976534,-53.292916487976534,-50.0,-50.0,-53.292916487976534,-53.292916487976534,-53.292916487976534,-53.292916487976534,-53.292916487976534
d974e04ee3261d34fdfa,SHADOW_BOLLINGER_MR_1H,PEPE,SHORT,2026-07-20T05:23:29+00:00,71.68643368936576,72.20447745319186,-25.306498371602114,True,False,25.0,50.0,71.68643368936576,71.68643368936576,71.68643368936576,71.68643368936576,71.68643368936576,50.0,71.68643368936576,71.68643368936576,30.0,60.84321684468288,25.800412145433647
b70f728a0f548b5c2825,SHADOW_BOLLINGER_MR_1H,LAB,LONG,2026-07-20T06:38:30+00:00,-1.3395337272585297,12.978878594758969,-40.510278274303744,False,False,-1.3395337272585297,-1.3395337272585297,-1.3395337272585297,-1.3395337272585297,-1.3395337272585297,-1.3395337272585297,-1.3395337272585297,-1.3395337272585297,-1.3395337272585297,-1.3395337272585297,-1.3395337272585297,-1.3395337272585297,-1.3395337272585297
154d05430e83c267279b,SHADOW_COMBO_MEAN_REVERSION,LAB,LONG,2026-07-20T06:38:30+00:00,-1.3599647302532791,13.176836661840047,-41.12815418134367,False,False,-1.3599647302532791,-1.3599647302532791,-1.3599647302532791,-1.3599647302532791,-1.3599647302532791,-1.3599647302532791,-1.3599647302532791,-1.3599647302532791,-1.3599647302532791,-1.3599647302532791,-1.3599647302532791,-1.3599647302532791,-1.3599647302532791
f2818a92b79abc9d5197,SHADOW_1H_BALANCED,PEPE,LONG,2026-07-20T06:53:30+00:00,-53.96602250592544,-0.471813546281437,-53.55108291453972,False,False,-53.96602250592544,-53.96602250592544,-53.96602250592544,-53.96602250592544,-53.96602250592544,-53.96602250592544,-50.0,-50.0,-53.96602250592544,-53.96602250592544,-53.96602250592544,-53.96602250592544,-53.96602250592544
62ac24cc9d4b46eb7c40,SHADOW_1H_BALANCED_V3,PEPE,LONG,2026-07-20T06:53:30+00:00,-54.12235650414156,44.66131510282248,-53.664272313873276,False,False,25.0,-54.12235650414156,-54.12235650414156,-54.12235650414156,-54.12235650414156,-54.12235650414156,-50.0,-50.0,-54.12235650414156,-54.12235650414156,-54.12235650414156,-54.12235650414156,-54.12235650414156
070d31bf43a040f42801,SHADOW_BTC_EMA_1H,BTC,LONG,2026-07-20T06:53:30+00:00,-54.52162988727004,1.2217588740722771,-53.841327808675175,False,False,-54.52162988727004,-54.52162988727004,-54.52162988727004,-54.52162988727004,-54.52162988727004,-54.52162988727004,-50.0,-50.0,-54.52162988727004,-54.52162988727004,-54.52162988727004,-54.52162988727004,-54.52162988727004
381e90a28b5667e6da8a,SHADOW_ETH_DONCHIAN_1H,ETH,LONG,2026-07-20T06:53:30+00:00,-55.83453724999991,39.1003169722058,-55.06375000000019,False,False,-55.83453724999991,-55.83453724999991,-55.83453724999991,-55.83453724999991,-55.83453724999991,-55.83453724999991,-50.0,-50.0,-55.83453724999991,-55.83453724999991,-55.83453724999991,-55.83453724999991,-55.83453724999991
74f3d2ff36076bbcc9b8,SHADOW_ETH_EMA_1H,ETH,LONG,2026-07-20T06:53:30+00:00,-54.56697199446238,3.110659705746589,-53.886104152704654,False,False,-54.56697199446238,-54.56697199446238,-54.56697199446238,-54.56697199446238,-54.56697199446238,-54.56697199446238,-50.0,-50.0,-54.56697199446238,-54.56697199446238,-54.56697199446238,-54.56697199446238,-54.56697199446238
4271ace826b8906754f0,SHADOW_RELATIVE_STRENGTH,PEPE,LONG,2026-07-20T06:53:30+00:00,-53.46358100654407,-0.4674208062829299,-53.05250463984617,False,False,-53.46358100654407,-53.46358100654407,-53.46358100654407,-53.46358100654407,-53.46358100654407,-53.46358100654407,-50.0,-50.0,-53.46358100654407,-53.46358100654407,-53.46358100654407,-53.46358100654407,-53.46358100654407
4612e26ab7a5f37623cb,SHADOW_RELATIVE_STRENGTH_V2,PEPE,LONG,2026-07-20T06:53:30+00:00,-55.14413140004701,1.9522720139197727,-54.69547193886484,False,False,-55.14413140004701,-55.14413140004701,-55.14413140004701,-55.14413140004701,-55.14413140004701,-55.14413140004701,-50.0,-50.0,-55.14413140004701,-55.14413140004701,-55.14413140004701,-55.14413140004701,-55.14413140004701
6d49bc18c3e7ece8b894,SHADOW_SCANNER_TOP5_LONG,PEPE,LONG,2026-07-20T06:53:30+00:00,-54.75525017289258,-0.4787135972224581,-54.33424228537468,False,False,-54.75525017289258,-54.75525017289258,-54.75525017289258,-54.75525017289258,-54.75525017289258,-54.75525017289258,-50.0,-50.0,-54.75525017289258,-54.75525017289258,-54.75525017289258,-54.75525017289258,-54.75525017289258
2a0a09cc4e08f85b5546,SHADOW_COMBO_ADAPTIVE_MFE_TRAIL,DOGE,SHORT,2026-07-20T07:01:32+00:00,38.38925689089521,69.58662229364893,-41.391154025256874,True,False,25.0,38.38925689089521,38.38925689089521,38.38925689089521,38.38925689089521,38.38925689089521,38.38925689089521,38.38925689089521,38.38925689089521,38.38925689089521,38.38925689089521,44.194628445447606,38.38925689089521
b0dad923388f88521bfc,SHADOW_BOLLINGER_MR_1H,ETH,SHORT,2026-07-20T07:31:03+00:00,16.572015801851013,50.10956011836225,-51.30841001809025,True,False,25.0,16.572015801851013,16.572015801851013,16.572015801851013,16.572015801851013,16.572015801851013,16.572015801851013,16.572015801851013,16.572015801851013,16.572015801851013,16.572015801851013,33.286007900925505,16.572015801851013
d9f08a6f705a3d2740d0,SHADOW_COMBO_ADAPTIVE_MFE_TRAIL,PEPE,LONG,2026-07-20T07:31:03+00:00,-51.743562333816506,10.407256239840192,-51.34571102637045,False,False,-51.743562333816506,-51.743562333816506,-51.743562333816506,-51.743562333816506,-51.743562333816506,-51.743562333816506,-50.0,-50.0,-51.743562333816506,-51.743562333816506,-51.743562333816506,-51.743562333816506,-51.743562333816506
5655f096562b61a5eda0,SHADOW_DOGE_EMA_1H,DOGE,SHORT,2026-07-20T07:31:03+00:00,18.40238389430396,64.86358822518085,-48.6125316862498,True,False,25.0,18.40238389430396,18.40238389430396,18.40238389430396,18.40238389430396,18.40238389430396,18.40238389430396,18.40238389430396,18.40238389430396,18.40238389430396,18.40238389430396,34.20119194715198,18.40238389430396
262d892f9444d465113a,SHADOW_EMA_TREND_1H,PEPE,LONG,2026-07-20T07:31:03+00:00,-52.46049870327628,49.657530450292064,-52.05943773422507,False,False,25.0,-52.46049870327628,-52.46049870327628,-52.46049870327628,-52.46049870327628,-52.46049870327628,-50.0,-50.0,-52.46049870327628,-52.46049870327628,-52.46049870327628,-52.46049870327628,-52.46049870327628
d67d5109ffe8ab75ccf5,SHADOW_ETH_BOLLINGER_1H,ETH,SHORT,2026-07-20T07:31:03+00:00,15.44541792786299,52.20126986357413,-53.45016302874658,True,False,25.0,15.44541792786299,15.44541792786299,15.44541792786299,15.44541792786299,15.44541792786299,15.44541792786299,15.44541792786299,15.44541792786299,15.44541792786299,15.44541792786299,32.722708963931495,15.44541792786299
468064adf0fe06a9f618,SHADOW_1H_BALANCED,DOGE,SHORT,2026-07-20T07:48:53+00:00,34.74430933233988,82.14990523202925,-31.976898047095666,True,False,25.0,50.0,34.74430933233988,34.74430933233988,34.74430933233988,34.74430933233988,34.74430933233988,50.0,34.74430933233988,34.74430933233988,34.74430933233988,42.37215466616994,41.170772237196374
2d5f30c29c27c697a1ef,SHADOW_COMBO_SCANNER,BANK,LONG,2026-07-20T07:48:53+00:00,14.356422871205307,95.91278998800254,-9.358128854664098,True,False,25.0,50.0,75.0,14.356422871205307,14.356422871205307,14.356422871205307,14.356422871205307,50.0,14.356422871205307,20.0,30.0,32.178211435602655,33.06534335384351
8bb13e6d9cd0ca45e129,SHADOW_COMBO_TREND,BANK,LONG,2026-07-20T07:48:53+00:00,-2.6111167540194096,75.66534722218067,-17.452778710343534,True,True,25.0,50.0,-2.6111167540194096,-2.6111167540194096,-2.6111167540194096,-2.6111167540194096,-2.6111167540194096,50.0,0.0,20.0,30.0,23.694441622990297,47.93430161126875
b86101910e64c9c14e19,SHADOW_DONCHIAN_1H,BANK,LONG,2026-07-20T07:48:53+00:00,-3.014345255900609,77.84523058099931,-28.080120993341836,True,True,25.0,50.0,-3.014345255900609,-3.014345255900609,-3.014345255900609,-3.014345255900609,-3.014345255900609,50.0,0.0,20.0,30.0,23.492827372049696,48.97210583372649
088341c4554a1cc7323c,SHADOW_RELATIVE_STRENGTH,BANK,LONG,2026-07-20T07:48:53+00:00,-4.705958671847527,68.06612726714859,-11.461613324888464,True,True,25.0,50.0,-4.705958671847527,-4.705958671847527,-4.705958671847527,-4.705958671847527,-4.705958671847527,50.0,0.0,20.0,30.0,22.647020664076237,40.89535201043173
f62371fa04e1f042b614,SHADOW_SCANNER_TOP5_BTC,BANK,LONG,2026-07-20T07:48:53+00:00,14.745131454459694,98.50968512314022,-9.611505691055875,True,False,25.0,50.0,75.0,14.745131454459694,14.745131454459694,14.745131454459694,14.745131454459694,50.0,14.745131454459694,20.0,30.0,32.37256572722985,33.96060695015838
6b17780a1346120c8628,SHADOW_SCANNER_TOP5_LONG,BANK,LONG,2026-07-20T07:48:53+00:00,14.774093225024384,98.70317372700568,-9.63038420858319,True,False,25.0,50.0,75.0,14.774093225024384,14.774093225024384,14.774093225024384,14.774093225024384,50.0,14.774093225024384,20.0,30.0,32.387046612512194,34.027310954104756
06086f30aa9de83c2ee1,SHADOW_1H_BALANCED_V3,DOGE,SHORT,2026-07-20T08:20:33+00:00,-0.6264523709066117,65.77209361476834,-48.19213014906734,True,True,25.0,-0.6264523709066117,-0.6264523709066117,-0.6264523709066117,-0.6264523709066117,-0.6264523709066117,-0.6264523709066117,-0.6264523709066117,-0.6264523709066117,-0.6264523709066117,-0.6264523709066117,24.686773814546694,-0.6264523709066117
766af21a39def687662b,SHADOW_COMBO_SCANNER,DOGE,SHORT,2026-07-20T08:20:33+00:00,10.704735913171723,66.19582930321774,-49.58419088603378,True,False,25.0,10.704735913171723,10.704735913171723,10.704735913171723,10.704735913171723,10.704735913171723,10.704735913171723,10.704735913171723,10.704735913171723,10.704735913171723,10.704735913171723,30.352367956585862,10.704735913171723
2b1b7c8dfde05a33cba2,SHADOW_GLOBAL_PURE,DOGE,SHORT,2026-07-20T08:20:33+00:00,7.752987920542983,58.24051101914332,-43.62523509518117,True,False,25.0,7.752987920542983,7.752987920542983,7.752987920542983,7.752987920542983,7.752987920542983,7.752987920542983,7.752987920542983,7.752987920542983,7.752987920542983,7.752987920542983,28.876493960271493,7.752987920542983
8d623c7f4fd8dc80d917,SHADOW_SCANNER_BOTTOM5_SHORT,DOGE,SHORT,2026-07-20T08:20:33+00:00,-0.628299434534175,65.96601935831478,-48.33422224555712,True,True,25.0,-0.628299434534175,-0.628299434534175,-0.628299434534175,-0.628299434534175,-0.628299434534175,-0.628299434534175,-0.628299434534175,-0.628299434534175,-0.628299434534175,-0.628299434534175,24.68585028273291,-0.628299434534175
c5e712d01f1a8e946796,SHADOW_1H_BALANCED_V2,BANK,LONG,2026-07-20T08:38:31+00:00,-54.21759195913166,11.258257871384018,-54.21759195913166,False,False,-54.21759195913166,-54.21759195913166,-54.21759195913166,-54.21759195913166,-54.21759195913166,-54.21759195913166,-50.0,-50.0,-54.21759195913166,-54.21759195913166,-54.21759195913166,-54.21759195913166,-54.21759195913166
6632565bbe66b6086256,SHADOW_RELATIVE_STRENGTH_V2,BANK,LONG,2026-07-20T08:38:31+00:00,-56.21296747232168,11.672596672979482,-56.21296747232168,False,False,-56.21296747232168,-56.21296747232168,-56.21296747232168,-56.21296747232168,-56.21296747232168,-56.21296747232168,-50.0,-50.0,-56.21296747232168,-56.21296747232168,-56.21296747232168,-56.21296747232168,-56.21296747232168
4f5be1c24dbd6f15157f,SHADOW_COMBO_SCANNER,BANK,LONG,2026-07-20T09:53:29+00:00,109.61372849329314,109.71927304528529,-3.4760150653905924,True,False,25.0,50.0,75.0,100.0,109.61372849329314,109.61372849329314,109.61372849329314,50.0,109.61372849329314,109.61372849329314,109.61372849329314,79.80686424664657,109.61372849329314
fcd7cd60d5a6e6447e6a,SHADOW_COMBO_TREND,BANK,LONG,2026-07-20T09:53:29+00:00,109.29672043641135,109.40195974859641,-3.4659622663779337,True,False,25.0,50.0,75.0,100.0,109.29672043641135,109.29672043641135,109.29672043641135,50.0,109.29672043641135,109.29672043641135,109.29672043641135,79.64836021820568,109.29672043641135
eed27d7f38b58999fb9b,SHADOW_RELATIVE_STRENGTH,BANK,LONG,2026-07-20T09:53:29+00:00,107.0652980717046,107.1683887983336,-3.395200530018927,True,False,25.0,50.0,75.0,100.0,107.0652980717046,107.0652980717046,107.0652980717046,50.0,107.0652980717046,107.0652980717046,107.0652980717046,78.5326490358523,107.0652980717046
2dd34199b78363ec2d31,SHADOW_SCANNER_TOP5_BTC,BANK,LONG,2026-07-20T09:53:29+00:00,112.42815968087034,112.53641418427907,-3.5652648823888535,True,False,25.0,50.0,75.0,100.0,112.42815968087034,112.42815968087034,112.42815968087034,50.0,112.42815968087034,112.42815968087034,112.42815968087034,81.21407984043518,112.42815968087034
c657acdf364995a6008a,SHADOW_SCANNER_TOP5_LONG,BANK,LONG,2026-07-20T09:53:29+00:00,101.60335053171363,101.70897826499395,-3.546085299982215,True,False,25.0,50.0,75.0,100.0,101.60335053171363,101.60335053171363,101.60335053171363,50.0,101.60335053171363,101.60335053171363,101.60335053171363,75.80167526585682,101.60335053171363
21f102450299bff3e008,SHADOW_COMBO_ADAPTIVE_MFE_TRAIL,BANK,LONG,2026-07-20T10:23:31+00:00,33.12728441731789,61.01763157048403,-44.87728110196377,True,False,25.0,33.12728441731789,33.12728441731789,33.12728441731789,33.12728441731789,33.12728441731789,33.12728441731789,33.12728441731789,33.12728441731789,33.12728441731789,33.12728441731789,41.56364220865895,33.12728441731789
c7c280c14af51c0c228e,SHADOW_1H_FAST,LAB,SHORT,2026-07-20T10:38:31+00:00,-0.9626091666488092,39.868784740144,-16.728848725580683,False,False,25.0,-0.9626091666488092,-0.9626091666488092,-0.9626091666488092,-0.9626091666488092,-0.9626091666488092,-0.9626091666488092,-0.9626091666488092,-0.9626091666488092,-0.9626091666488092,-0.9626091666488092,-0.9626091666488092,-0.9626091666488092
95a731f7b5733f282d81,SHADOW_1H_FAST_V2,DOGE,SHORT,2026-07-20T10:38:31+00:00,-58.46204799221182,1.364860237035066,-55.734838044466024,False,False,-58.46204799221182,-58.46204799221182,-58.46204799221182,-58.46204799221182,-58.46204799221182,-58.46204799221182,-50.0,-50.0,-58.46204799221182,-58.46204799221182,-58.46204799221182,-58.46204799221182,-58.46204799221182
8d5b0f5fedb85756802c,SHADOW_1H_FAST_V3,DOGE,SHORT,2026-07-20T10:38:31+00:00,-56.5291561636591,1.319734770345411,-53.89211414542969,False,False,-56.5291561636591,-56.5291561636591,-56.5291561636591,-56.5291561636591,-56.5291561636591,-56.5291561636591,-50.0,-50.0,-56.5291561636591,-56.5291561636591,-56.5291561636591,-56.5291561636591,-56.5291561636591
d10db02c3fff330926e3,SHADOW_1H_FAST_V3,ZEC,SHORT,2026-07-20T10:38:31+00:00,14.773705031432026,58.62488618057759,-17.255371045951563,True,False,25.0,50.0,14.773705031432026,14.773705031432026,14.773705031432026,14.773705031432026,14.773705031432026,50.0,14.773705031432026,20.0,30.0,32.386852515716015,38.03478883398525
5300b3aabc493281b0a9,SHADOW_DOGE_DONCHIAN_1H,DOGE,SHORT,2026-07-20T10:38:31+00:00,-57.24239155077043,1.1899147216380705,-54.8609887489951,False,False,-57.24239155077043,-57.24239155077043,-57.24239155077043,-57.24239155077043,-57.24239155077043,-57.24239155077043,-50.0,-50.0,-57.24239155077043,-57.24239155077043,-57.24239155077043,-57.24239155077043,-57.24239155077043
d0a04804708a7278a189,SHADOW_1H_FAST_V3,BANK,LONG,2026-07-20T10:53:29+00:00,73.94357708194089,74.04130537318633,-37.318433649972306,True,False,25.0,50.0,73.94357708194089,73.94357708194089,73.94357708194089,73.94357708194089,73.94357708194089,50.0,73.94357708194089,73.94357708194089,73.94357708194089,61.971788540970444,73.94357708194089
bd94221d1b7fc40ed5b4,SHADOW_1H_BALANCED_V3,BANK,LONG,2026-07-20T11:08:31+00:00,101.31646211858488,101.42218405281614,-38.794949389775184,True,False,25.0,50.0,75.0,100.0,101.31646211858488,101.31646211858488,101.31646211858488,50.0,101.31646211858488,101.31646211858488,101.31646211858488,75.65823105929243,101.31646211858488
c6f720d13d891c685afd,SHADOW_EMA_TREND_1H,BANK,LONG,2026-07-20T11:23:30+00:00,107.92834172473516,108.03226345635746,-32.28706647106314,True,False,25.0,50.0,75.0,100.0,107.92834172473516,107.92834172473516,107.92834172473516,50.0,107.92834172473516,107.92834172473516,107.92834172473516,78.96417086236758,107.92834172473516
36201c6211395c71c38a,SHADOW_1H_BALANCED,DOGE,SHORT,2026-07-20T11:53:30+00:00,-57.12259331832844,8.389952394620586,-54.97752508803392,False,False,-57.12259331832844,-57.12259331832844,-57.12259331832844,-57.12259331832844,-57.12259331832844,-57.12259331832844,-50.0,-50.0,-57.12259331832844,-57.12259331832844,-57.12259331832844,-57.12259331832844,-57.12259331832844
434464f069669cc2407d,SHADOW_1H_FAST,HYPE,SHORT,2026-07-20T11:53:30+00:00,-53.13965442354967,33.669348815551636,-52.39314044661186,False,False,25.0,-53.13965442354967,-53.13965442354967,-53.13965442354967,-53.13965442354967,-53.13965442354967,-50.0,-50.0,-53.13965442354967,-53.13965442354967,-53.13965442354967,-53.13965442354967,-53.13965442354967
f13152f49d3e99e3f7ab,SHADOW_1H_FAST_V3,PEPE,LONG,2026-07-20T11:53:30+00:00,70.36968635717899,70.90965285029155,-44.883959764742585,True,False,25.0,50.0,75.0,70.36968635717899,70.36968635717899,70.36968635717899,70.36968635717899,50.0,70.36968635717899,70.36968635717899,70.36968635717899,60.184843178589496,70.36968635717899
898c181936f3ea882bb1,SHADOW_COMBO_SCANNER,DOGE,SHORT,2026-07-20T11:53:30+00:00,-56.50694237957104,7.3317335908796295,-54.38499307986067,False,False,-56.50694237957104,-56.50694237957104,-56.50694237957104,-56.50694237957104,-56.50694237957104,-56.50694237957104,-50.0,-50.0,-56.50694237957104,-56.50694237957104,-56.50694237957104,-56.50694237957104,-56.50694237957104
3265972c4a1ac4c3d280,SHADOW_DOGE_EMA_1H,DOGE,SHORT,2026-07-20T11:53:30+00:00,-56.3372813006737,12.670506007388239,-54.221703115597606,False,False,-56.3372813006737,-56.3372813006737,-56.3372813006737,-56.3372813006737,-56.3372813006737,-56.3372813006737,-50.0,-50.0,-56.3372813006737,-56.3372813006737,-56.3372813006737,-56.3372813006737,-56.3372813006737
94c5deac59a64d8e77f3,SHADOW_BTC_DONCHIAN_1H,BTC,SHORT,2026-07-20T12:08:31+00:00,-55.203265675856755,17.853450354708876,-54.415904801817724,False,False,-55.203265675856755,-55.203265675856755,-55.203265675856755,-55.203265675856755,-55.203265675856755,-55.203265675856755,-50.0,-50.0,-55.203265675856755,-55.203265675856755,-55.203265675856755,-55.203265675856755,-55.203265675856755
01e7e6a878540f21fd80,SHADOW_COMBO_MEAN_REVERSION,ADA,LONG,2026-07-20T12:08:31+00:00,74.85000410312695,76.90278795995603,-19.65855634497326,True,False,25.0,50.0,74.85000410312695,74.85000410312695,74.85000410312695,74.85000410312695,74.85000410312695,50.0,74.85000410312695,74.85000410312695,74.85000410312695,62.425002051563474,74.85000410312695
e0b93ec575edf9924b5b,SHADOW_GLOBAL_PURE,DOGE,SHORT,2026-07-20T12:08:31+00:00,-55.332885168248374,6.533995958546498,-53.43883422395417,False,False,-55.332885168248374,-55.332885168248374,-55.332885168248374,-55.332885168248374,-55.332885168248374,-55.332885168248374,-50.0,-50.0,-55.332885168248374,-55.332885168248374,-55.332885168248374,-55.332885168248374,-55.332885168248374
bad8f8ec3c2cf46e6ca6,SHADOW_SCANNER_BOTTOM5_SHORT,HYPE,SHORT,2026-07-20T12:08:31+00:00,-53.890144636299745,19.915205857283947,-53.357931492256185,False,False,-53.890144636299745,-53.890144636299745,-53.890144636299745,-53.890144636299745,-53.890144636299745,-53.890144636299745,-50.0,-50.0,-53.890144636299745,-53.890144636299745,-53.890144636299745,-53.890144636299745,-53.890144636299745
9fe3ef0dfa1ffb0be646,SHADOW_1H_BALANCED_V3,ETH,LONG,2026-07-20T12:38:30+00:00,14.94949148643771,49.72933243418649,-51.04274326395275,False,False,25.0,14.94949148643771,14.94949148643771,14.94949148643771,14.94949148643771,14.94949148643771,14.94949148643771,14.94949148643771,14.94949148643771,14.94949148643771,14.94949148643771,14.94949148643771,14.94949148643771
34565c88fa092eebf1e4,SHADOW_ETH_ADAPTIVE_1H,ETH,LONG,2026-07-20T12:53:31+00:00,3.0160715255729342,47.80865224634175,-52.85475683075911,False,False,25.0,3.0160715255729342,3.0160715255729342,3.0160715255729342,3.0160715255729342,3.0160715255729342,3.0160715255729342,3.0160715255729342,3.0160715255729342,3.0160715255729342,3.0160715255729342,3.0160715255729342,3.0160715255729342
e24bb974d89c7b397783,SHADOW_COMBO_ADAPTIVE,ETH,LONG,2026-07-20T13:08:31+00:00,1.5298184920162856,49.27647692142081,-54.47750737122068,False,False,25.0,1.5298184920162856,1.5298184920162856,1.5298184920162856,1.5298184920162856,1.5298184920162856,-50.0,-50.0,1.5298184920162856,1.5298184920162856,1.5298184920162856,1.5298184920162856,1.5298184920162856
48c4357fea70518fff6e,SHADOW_COMBO_ADAPTIVE_MFE_TRAIL,HYPE,SHORT,2026-07-20T13:23:30+00:00,-52.83916468404942,28.591186680890733,-52.247394763211744,False,False,-52.83916468404942,-52.83916468404942,-52.83916468404942,-52.83916468404942,-52.83916468404942,-52.83916468404942,-50.0,-50.0,-52.83916468404942,-52.83916468404942,-52.83916468404942,-52.83916468404942,-52.83916468404942
5ba3d969b9db10df5c93,SHADOW_COMBO_TREND,HYPE,SHORT,2026-07-20T13:23:30+00:00,-53.745280200639286,24.525497793262556,-53.19849608642802,False,False,-53.745280200639286,-53.745280200639286,-53.745280200639286,-53.745280200639286,-53.745280200639286,-53.745280200639286,-50.0,-50.0,-53.745280200639286,-53.745280200639286,-53.745280200639286,-53.745280200639286,-53.745280200639286
84059a32ec37fe85c9a7,SHADOW_1H_FAST,ETH,LONG,2026-07-20T14:08:31+00:00,-53.70981482375878,17.893227947412743,-52.86672481487594,False,False,-53.70981482375878,-53.70981482375878,-53.70981482375878,-53.70981482375878,-53.70981482375878,-53.70981482375878,-50.0,-50.0,-53.70981482375878,-53.70981482375878,-53.70981482375878,-53.70981482375878,-53.70981482375878
a0a4efd75c81a888b4b7,SHADOW_1H_FAST_V3,ETH,LONG,2026-07-20T14:08:31+00:00,-55.8899696339919,18.61953853157982,-55.01265744906252,False,False,-55.8899696339919,-55.8899696339919,-55.8899696339919,-55.8899696339919,-55.8899696339919,-55.8899696339919,-50.0,-50.0,-55.8899696339919,-55.8899696339919,-55.8899696339919,-55.8899696339919,-55.8899696339919
e81f5fa3e114af9468f2,SHADOW_ETH_DONCHIAN_1H,ETH,LONG,2026-07-20T14:08:31+00:00,-55.118805973083724,16.29374544474904,-54.352322378026145,False,False,-55.118805973083724,-55.118805973083724,-55.118805973083724,-55.118805973083724,-55.118805973083724,-55.118805973083724,-50.0,-50.0,-55.118805973083724,-55.118805973083724,-55.118805973083724,-55.118805973083724,-55.118805973083724
cc324f79311ef62279a4,SHADOW_1H_FAST_V3,PEPE,LONG,2026-07-20T14:23:30+00:00,-53.381576360642036,11.280611191989895,-52.85988515614493,False,False,-53.381576360642036,-53.381576360642036,-53.381576360642036,-53.381576360642036,-53.381576360642036,-53.381576360642036,-50.0,-50.0,-53.381576360642036,-53.381576360642036,-53.381576360642036,-53.381576360642036,-53.381576360642036
8c6a1ab9429abdd9f310,SHADOW_SCANNER_TOP5_BTC,NEAR,LONG,2026-07-20T14:23:30+00:00,-3.509833863598402,16.711893086103327,-7.360756538337997,False,False,-3.509833863598402,-3.509833863598402,-3.509833863598402,-3.509833863598402,-3.509833863598402,-3.509833863598402,-3.509833863598402,-3.509833863598402,-3.509833863598402,-3.509833863598402,-3.509833863598402,-3.509833863598402,-3.509833863598402
43c074b8b5c54eb38840,SHADOW_1H_BALANCED,ETH,LONG,2026-07-20T14:38:31+00:00,-55.903862076923,14.852422478136337,-55.20631298216844,False,False,-55.903862076923,-55.903862076923,-55.903862076923,-55.903862076923,-55.903862076923,-55.903862076923,-50.0,-50.0,-55.903862076923,-55.903862076923,-55.903862076923,-55.903862076923,-55.903862076923
062c38e62f0bbf984a35,SHADOW_1H_BALANCED_V3,PEPE,LONG,2026-07-20T14:38:31+00:00,-54.39393231822728,4.304175688149338,-53.96718861022062,False,False,-54.39393231822728,-54.39393231822728,-54.39393231822728,-54.39393231822728,-54.39393231822728,-54.39393231822728,-50.0,-50.0,-54.39393231822728,-54.39393231822728,-54.39393231822728,-54.39393231822728,-54.39393231822728
0d8cbf6a98eb84053a99,SHADOW_COMBO_ADAPTIVE_MFE_TRAIL,PEPE,LONG,2026-07-20T14:38:31+00:00,-51.86000726700989,-0.12404627532824919,-51.45314328687158,False,False,-51.86000726700989,-51.86000726700989,-51.86000726700989,-51.86000726700989,-51.86000726700989,-51.86000726700989,-50.0,-50.0,-51.86000726700989,-51.86000726700989,-51.86000726700989,-51.86000726700989,-51.86000726700989
b217f19f5b93b5cf8834,SHADOW_ETH_EMA_1H,ETH,LONG,2026-07-20T14:38:31+00:00,-54.2678320318755,14.417765398764349,-53.59069675531733,False,False,-54.2678320318755,-54.2678320318755,-54.2678320318755,-54.2678320318755,-54.2678320318755,-54.2678320318755,-50.0,-50.0,-54.2678320318755,-54.2678320318755,-54.2678320318755,-54.2678320318755,-54.2678320318755
9415646be83f3d83a22d,SHADOW_RELATIVE_STRENGTH_V2,PEPE,LONG,2026-07-20T14:38:31+00:00,-54.5404082461067,9.105404472502793,-54.1216041123044,False,False,-54.5404082461067,-54.5404082461067,-54.5404082461067,-54.5404082461067,-54.5404082461067,-54.5404082461067,-50.0,-50.0,-54.5404082461067,-54.5404082461067,-54.5404082461067,-54.5404082461067,-54.5404082461067
449806ecc5b0c184e37e,SHADOW_1H_FAST,ONDO,LONG,2026-07-20T15:23:32+00:00,-3.135830560568018,19.27922302180535,-2.090971901425661,False,False,-3.135830560568018,-3.135830560568018,-3.135830560568018,-3.135830560568018,-3.135830560568018,-3.135830560568018,-3.135830560568018,-3.135830560568018,-3.135830560568018,-3.135830560568018,-3.135830560568018,-3.135830560568018,-3.135830560568018
2401256800acad49adcb,SHADOW_1H_BALANCED_V3,DOGE,SHORT,2026-07-20T15:38:30+00:00,-56.205580529761306,7.447096117516359,-55.48397108736021,False,False,-56.205580529761306,-56.205580529761306,-56.205580529761306,-56.205580529761306,-56.205580529761306,-56.205580529761306,-50.0,-50.0,-56.205580529761306,-56.205580529761306,-56.205580529761306,-56.205580529761306,-56.205580529761306
a97aa31ee9f2a3957fd8,SHADOW_COMBO_SCANNER,DOGE,SHORT,2026-07-20T15:53:31+00:00,-55.436635426886646,17.519652118841602,-54.7248982790464,False,False,-55.436635426886646,-55.436635426886646,-55.436635426886646,-55.436635426886646,-55.436635426886646,-55.436635426886646,-50.0,-50.0,-55.436635426886646,-55.436635426886646,-55.436635426886646,-55.436635426886646,-55.436635426886646
ca893844654f25a39c41,SHADOW_DONCHIAN_1H,HYPE,SHORT,2026-07-20T15:53:31+00:00,-54.9453456468123,26.958079568692373,-54.386352521511355,False,False,-54.9453456468123,-54.9453456468123,-54.9453456468123,-54.9453456468123,-54.9453456468123,-54.9453456468123,-50.0,-50.0,-54.9453456468123,-54.9453456468123,-54.9453456468123,-54.9453456468123,-54.9453456468123
950943d8f3c85b87e742,SHADOW_SCANNER_BOTTOM5_SHORT,DOGE,SHORT,2026-07-20T15:53:31+00:00,-54.69888109407721,17.286499454354306,-53.9966157902729,False,False,-54.69888109407721,-54.69888109407721,-54.69888109407721,-54.69888109407721,-54.69888109407721,-54.69888109407721,-50.0,-50.0,-54.69888109407721,-54.69888109407721,-54.69888109407721,-54.69888109407721,-54.69888109407721
d4d6dedcb0567384fe60,SHADOW_1H_FAST_V3,PEPE,LONG,2026-07-20T16:08:29+00:00,69.96835712450827,70.5024049215154,-7.37177281680219,True,False,25.0,50.0,69.96835712450827,69.96835712450827,69.96835712450827,69.96835712450827,69.96835712450827,50.0,69.96835712450827,69.96835712450827,69.96835712450827,59.98417856225414,69.96835712450827
56691e181c23fae159a4,SHADOW_GLOBAL_PURE,DOGE,SHORT,2026-07-20T16:08:29+00:00,-53.76908853589321,15.43002399351105,-53.14125396751961,False,False,-53.76908853589321,-53.76908853589321,-53.76908853589321,-53.76908853589321,-53.76908853589321,-53.76908853589321,-50.0,-50.0,-53.76908853589321,-53.76908853589321,-53.76908853589321,-53.76908853589321,-53.76908853589321
21f2d5474d779690b418,MAIN,HYPE,SHORT,2026-07-20T16:38:30+00:00,-50.19805605770395,17.670760041888343,-50.00013357963947,False,False,-50.19805605770395,-50.19805605770395,-50.19805605770395,-50.19805605770395,-50.19805605770395,-50.19805605770395,-50.0,-50.0,-50.19805605770395,-50.19805605770395,-50.19805605770395,-50.19805605770395,-50.19805605770395
8695c381b14332c32934,SHADOW_COMBO_ADAPTIVE,BANK,LONG,2026-07-20T16:38:30+00:00,-7.933350344375207,56.00687142890235,-17.49539278507821,True,True,25.0,-7.933350344375207,-7.933350344375207,-7.933350344375207,-7.933350344375207,-7.933350344375207,-7.933350344375207,-7.933350344375207,-7.933350344375207,-7.933350344375207,-7.933350344375207,21.033324827812397,-7.933350344375207
d457253569826541b975,SHADOW_COMBO_ADAPTIVE_MFE_TRAIL,BANK,LONG,2026-07-20T16:38:30+00:00,-9.93059879769491,44.78156879202638,-24.333396275573573,False,False,-9.93059879769491,-9.93059879769491,-9.93059879769491,-9.93059879769491,-9.93059879769491,-9.93059879769491,-9.93059879769491,-9.93059879769491,-9.93059879769491,-9.93059879769491,-9.93059879769491,-9.93059879769491,-9.93059879769491
6e7289c4617544b9690b,SHADOW_COMBO_SCANNER,BANK,LONG,2026-07-20T16:38:30+00:00,-7.5132560022590065,56.38500830367804,-16.35879952348382,True,True,25.0,-7.5132560022590065,-7.5132560022590065,-7.5132560022590065,-7.5132560022590065,-7.5132560022590065,-7.5132560022590065,-7.5132560022590065,-7.5132560022590065,-7.5132560022590065,-7.5132560022590065,21.243371998870497,-7.5132560022590065
8c73236b561e517af6e0,SHADOW_COMBO_TREND,BANK,LONG,2026-07-20T16:38:30+00:00,-7.497669517196909,56.26803583669605,-16.3248626811441,True,True,25.0,-7.497669517196909,-7.497669517196909,-7.497669517196909,-7.497669517196909,-7.497669517196909,-7.497669517196909,-7.497669517196909,-7.497669517196909,-7.497669517196909,-7.497669517196909,21.251165241401544,-7.497669517196909
a733f2eb162125a62c0b,SHADOW_RELATIVE_STRENGTH,BANK,LONG,2026-07-20T16:38:30+00:00,-7.516174591969405,56.40691155108588,-16.365154241591306,True,True,25.0,-7.516174591969405,-7.516174591969405,-7.516174591969405,-7.516174591969405,-7.516174591969405,-7.516174591969405,-7.516174591969405,-7.516174591969405,-7.516174591969405,-7.516174591969405,21.2419127040153,-7.516174591969405
324afe631022aabab8f0,SHADOW_SCANNER_TOP5_BTC,BANK,LONG,2026-07-20T16:38:30+00:00,-7.715634014128969,57.9038020032856,-16.799442211972877,True,True,25.0,-7.715634014128969,-7.715634014128969,-7.715634014128969,-7.715634014128969,-7.715634014128969,-7.715634014128969,-7.715634014128969,-7.715634014128969,-7.715634014128969,-7.715634014128969,21.142182992935517,-7.715634014128969
2e36703b7c128e4821e3,SHADOW_SCANNER_TOP5_LONG,BANK,LONG,2026-07-20T16:38:30+00:00,-7.666542179286355,57.5353807070578,-16.69255333660528,True,True,25.0,-7.666542179286355,-7.666542179286355,-7.666542179286355,-7.666542179286355,-7.666542179286355,-7.666542179286355,-7.666542179286355,-7.666542179286355,-7.666542179286355,-7.666542179286355,21.166728910356824,-7.666542179286355
6e4bc7d8fe9825a73b07,SHADOW_SCANNER_BOTTOM5_SHORT,LAB,SHORT,2026-07-20T17:23:31+00:00,-0.20571900302108476,86.4183166974347,-42.51542210066399,True,True,25.0,50.0,75.0,-0.20571900302108476,-0.20571900302108476,-0.20571900302108476,-0.20571900302108476,50.0,0.0,20.0,30.0,24.897140498489456,61.571650209547585
1b6733b13e0fc443e91d,SHADOW_DONCHIAN_1H,ETH,LONG,2026-07-20T19:08:30+00:00,44.877483120943154,79.44027406812437,-48.67766518088088,True,False,25.0,50.0,44.877483120943154,44.877483120943154,44.877483120943154,44.877483120943154,44.877483120943154,50.0,44.877483120943154,44.877483120943154,44.877483120943154,47.43874156047158,39.89784563498006
ffcc47d33766c60dc119,SHADOW_1H_FAST,ETH,LONG,2026-07-20T19:23:30+00:00,-5.577865502269297,43.42028379745576,-8.184205933486234,False,False,25.0,-5.577865502269297,-5.577865502269297,-5.577865502269297,-5.577865502269297,-5.577865502269297,-5.577865502269297,-5.577865502269297,-5.577865502269297,-5.577865502269297,-5.577865502269297,-5.577865502269297,-5.577865502269297
95be9f4a5e3bad5a9890,SHADOW_1H_FAST_V3,ETH,LONG,2026-07-20T19:23:30+00:00,-5.502349831519897,42.832440319738296,-8.073404444929903,False,False,25.0,-5.502349831519897,-5.502349831519897,-5.502349831519897,-5.502349831519897,-5.502349831519897,-5.502349831519897,-5.502349831519897,-5.502349831519897,-5.502349831519897,-5.502349831519897,-5.502349831519897,-5.502349831519897
2e6803ba7f81bc6fdaec,SHADOW_1H_FAST,GRAM,SHORT,2026-07-20T22:38:32+00:00,-4.090311920518724,18.300642862804985,-13.078305265252444,False,False,-4.090311920518724,-4.090311920518724,-4.090311920518724,-4.090311920518724,-4.090311920518724,-4.090311920518724,-4.090311920518724,-4.090311920518724,-4.090311920518724,-4.090311920518724,-4.090311920518724,-4.090311920518724,-4.090311920518724
c22d6f4b9a6445175cfc,SHADOW_SCANNER_TOP5_LONG,PEPE,LONG,2026-07-20T22:53:31+00:00,5.971240159029456,50.298957249289465,-41.85185231032651,True,False,25.0,5.971240159029456,5.971240159029456,5.971240159029456,5.971240159029456,5.971240159029456,5.971240159029456,5.971240159029456,5.971240159029456,5.971240159029456,5.971240159029456,27.985620079514728,5.971240159029456
157c39e7e25816203aa9,SHADOW_BOLLINGER_MR_1H,BANK,SHORT,2026-07-21T01:23:31+00:00,-5.458784593653794,47.255171378255234,-30.811119350893406,False,False,25.0,-5.458784593653794,-5.458784593653794,-5.458784593653794,-5.458784593653794,-5.458784593653794,-5.458784593653794,-5.458784593653794,-5.458784593653794,-5.458784593653794,-5.458784593653794,-5.458784593653794,-5.458784593653794
ca9ddc7e4914af9cd7f8,SHADOW_1H_FAST,DOGE,SHORT,2026-07-21T03:23:31+00:00,-56.25221921019649,5.54552141948208,-55.349435385443556,False,False,-56.25221921019649,-56.25221921019649,-56.25221921019649,-56.25221921019649,-56.25221921019649,-56.25221921019649,-50.0,-50.0,-56.25221921019649,-56.25221921019649,-56.25221921019649,-56.25221921019649,-56.25221921019649
4088c3af66d22ca374d5,SHADOW_1H_BALANCED,BANK,LONG,2026-07-21T04:38:31+00:00,2.866017207020371,99.79552028119336,-50.155081894820654,True,False,25.0,50.0,2.866017207020371,2.866017207020371,2.866017207020371,2.866017207020371,2.866017207020371,50.0,2.866017207020371,20.0,30.0,26.433008603510185,51.76610972130713
2314bfacb6ad711c65c3,SHADOW_1H_BALANCED_V3,BANK,LONG,2026-07-21T04:38:31+00:00,-55.20310462265085,32.52481093139408,-55.20310462265085,False,False,-55.20310462265085,-55.20310462265085,-55.20310462265085,-55.20310462265085,-55.20310462265085,-55.20310462265085,-50.0,-50.0,-55.20310462265085,-55.20310462265085,-55.20310462265085,-55.20310462265085,-55.20310462265085
bccbb5aa07ff7834bdd7,SHADOW_1H_FAST,BANK,LONG,2026-07-21T04:38:31+00:00,-55.004006171211394,29.47447939921433,-55.004006171211394,False,False,-55.004006171211394,-55.004006171211394,-55.004006171211394,-55.004006171211394,-55.004006171211394,-55.004006171211394,-50.0,-50.0,-55.004006171211394,-55.004006171211394,-55.004006171211394,-55.004006171211394,-55.004006171211394
1391b534d0e56b5ef492,SHADOW_1H_FAST_V3,BANK,LONG,2026-07-21T04:38:31+00:00,-53.87591221226072,28.869978300694843,-53.87591221226072,False,False,-53.87591221226072,-53.87591221226072,-53.87591221226072,-53.87591221226072,-53.87591221226072,-53.87591221226072,-50.0,-50.0,-53.87591221226072,-53.87591221226072,-53.87591221226072,-53.87591221226072,-53.87591221226072
acfefed66e2e1a41288a,SHADOW_EMA_TREND_1H,BANK,LONG,2026-07-21T04:38:31+00:00,-53.234775528323446,32.16691680328232,-53.234775528323446,False,False,-53.234775528323446,-53.234775528323446,-53.234775528323446,-53.234775528323446,-53.234775528323446,-53.234775528323446,-50.0,-50.0,-53.234775528323446,-53.234775528323446,-53.234775528323446,-53.234775528323446,-53.234775528323446
81a95e224d3763c3ad35,SHADOW_1H_FAST_V3,XRP,LONG,2026-07-21T05:23:32+00:00,67.39381692991914,68.28982454442722,-19.85235255880798,True,False,25.0,50.0,75.0,67.39381692991914,67.39381692991914,67.39381692991914,67.39381692991914,50.0,67.39381692991914,67.39381692991914,67.39381692991914,58.69690846495957,40.79824243018051
937407438eacd4d3a4f5,SHADOW_SCANNER_TOP5_BTC_GUARD_BTC_LE3_MFE_V1,AKE,LONG,2026-07-21T05:38:32+00:00,-53.58004343555007,5.852101170151116,-53.58004343555007,False,False,-53.58004343555007,-53.58004343555007,-53.58004343555007,-53.58004343555007,-53.58004343555007,-53.58004343555007,-50.0,-50.0,-53.58004343555007,-53.58004343555007,-53.58004343555007,-53.58004343555007,-53.58004343555007
086a556c416b5286c716,SHADOW_SCANNER_TOP5_BTC_GUARD_BTC_LE3_V1,AKE,LONG,2026-07-21T05:38:32+00:00,-53.58004343555007,5.852101170151116,-53.58004343555007,False,False,-53.58004343555007,-53.58004343555007,-53.58004343555007,-53.58004343555007,-53.58004343555007,-53.58004343555007,-50.0,-50.0,-53.58004343555007,-53.58004343555007,-53.58004343555007,-53.58004343555007,-53.58004343555007
cc70075ff8c8aa7b22d8,SHADOW_SCANNER_TOP5_BTC_GUARD_MFE_V1,AKE,LONG,2026-07-21T05:38:32+00:00,-53.55780226837612,5.849671953000504,-53.55780226837612,False,False,-53.55780226837612,-53.55780226837612,-53.55780226837612,-53.55780226837612,-53.55780226837612,-53.55780226837612,-50.0,-50.0,-53.55780226837612,-53.55780226837612,-53.55780226837612,-53.55780226837612,-53.55780226837612
bb3164ead7846d9119d0,SHADOW_SCANNER_TOP5_BTC_GUARD_V1,AKE,LONG,2026-07-21T05:38:32+00:00,-53.55780226837612,5.849671953000504,-53.55780226837612,False,False,-53.55780226837612,-53.55780226837612,-53.55780226837612,-53.55780226837612,-53.55780226837612,-53.55780226837612,-50.0,-50.0,-53.55780226837612,-53.55780226837612,-53.55780226837612,-53.55780226837612,-53.55780226837612
49f7203089b539af2ba7,SHADOW_COMBO_ADAPTIVE_LONG_ONLY_V1,ADA,LONG,2026-07-21T05:53:32+00:00,96.41227028352516,96.89927256999077,-22.001588616636518,True,False,25.0,50.0,75.0,96.41227028352516,96.41227028352516,96.41227028352516,96.41227028352516,50.0,96.41227028352516,96.41227028352516,96.41227028352516,73.20613514176259,96.41227028352516
7a80e63ba5591fce739d,SHADOW_COMBO_ADAPTIVE_LONG_ONLY_V1,BANK,LONG,2026-07-21T05:53:32+00:00,-66.5362259728857,17.99248430330769,-66.5362259728857,False,False,-66.5362259728857,-66.5362259728857,-66.5362259728857,-66.5362259728857,-66.5362259728857,-66.5362259728857,-50.0,-50.0,-66.5362259728857,-66.5362259728857,-66.5362259728857,-66.5362259728857,-66.5362259728857
09e62298b8ea6bae4998,SHADOW_COMBO_ADAPTIVE_PARTIAL_1R_V1,BANK,LONG,2026-07-21T05:53:32+00:00,-66.5362259728857,17.99248430330769,-66.5362259728857,False,False,-66.5362259728857,-66.5362259728857,-66.5362259728857,-66.5362259728857,-66.5362259728857,-66.5362259728857,-50.0,-50.0,-66.5362259728857,-66.5362259728857,-66.5362259728857,-66.5362259728857,-66.5362259728857
a4b43fcda1ed46889acb,SHADOW_COMBO_ADAPTIVE_PARTIAL_1R_V1,ADA,LONG,2026-07-21T05:53:32+00:00,73.67232956689546,96.89927256999077,-22.001588616636518,True,False,25.0,50.0,73.67232956689546,73.67232956689546,73.67232956689546,73.67232956689546,73.67232956689546,50.0,73.67232956689546,73.67232956689546,73.67232956689546,61.83616478344773,73.67232956689546
603e718d01b5cfe322ec,SHADOW_COMBO_ADAPTIVE_REGIME_V1,ADA,LONG,2026-07-21T05:53:32+00:00,96.41227028352516,96.89927256999077,-22.001588616636518,True,False,25.0,50.0,75.0,96.41227028352516,96.41227028352516,96.41227028352516,96.41227028352516,50.0,96.41227028352516,96.41227028352516,96.41227028352516,73.20613514176259,96.41227028352516
bb8eb854e7e49f44f07c,SHADOW_COMBO_ADAPTIVE_REGIME_V1,BANK,LONG,2026-07-21T05:53:32+00:00,-66.5362259728857,17.99248430330769,-66.5362259728857,False,False,-66.5362259728857,-66.5362259728857,-66.5362259728857,-66.5362259728857,-66.5362259728857,-66.5362259728857,-50.0,-50.0,-66.5362259728857,-66.5362259728857,-66.5362259728857,-66.5362259728857,-66.5362259728857
6f2cf21068c72eb964dc,SHADOW_DONCHIAN_1H,BANK,LONG,2026-07-21T05:53:32+00:00,-63.77821601032051,56.84587002551117,-63.77821601032051,True,True,25.0,-63.77821601032051,-63.77821601032051,-63.77821601032051,-63.77821601032051,-63.77821601032051,-50.0,-50.0,-63.77821601032051,-63.77821601032051,-63.77821601032051,-6.8891080051602565,-63.77821601032051
370ff2c88a62c5db53c7,SHADOW_RELATIVE_STRENGTH_V2,BANK,LONG,2026-07-21T05:53:32+00:00,-65.3818093125597,47.7177571119281,-65.3818093125597,False,False,-65.3818093125597,-65.3818093125597,-65.3818093125597,-65.3818093125597,-65.3818093125597,-65.3818093125597,-50.0,-50.0,-65.3818093125597,-65.3818093125597,-65.3818093125597,-65.3818093125597,-65.3818093125597
796b93708a4451a69a03,SHADOW_SCANNER_TOP5_BTC_GUARD_BTC_LE3_MFE_V1,BANK,LONG,2026-07-21T05:53:32+00:00,-65.00199645554757,10.0722708878997,-65.00199645554757,False,False,-65.00199645554757,-65.00199645554757,-65.00199645554757,-65.00199645554757,-65.00199645554757,-65.00199645554757,-50.0,-50.0,-65.00199645554757,-65.00199645554757,-65.00199645554757,-65.00199645554757,-65.00199645554757
4140a3b79086ace3b8e6,SHADOW_SCANNER_TOP5_BTC_GUARD_BTC_LE3_V1,BANK,LONG,2026-07-21T05:53:32+00:00,-65.00199645554757,10.0722708878997,-65.00199645554757,False,False,-65.00199645554757,-65.00199645554757,-65.00199645554757,-65.00199645554757,-65.00199645554757,-65.00199645554757,-50.0,-50.0,-65.00199645554757,-65.00199645554757,-65.00199645554757,-65.00199645554757,-65.00199645554757
7f515b2b63fcaf4cc1b5,SHADOW_SCANNER_TOP5_BTC_GUARD_MFE_V1,BANK,LONG,2026-07-21T05:53:32+00:00,-66.5362259728857,17.99248430330769,-66.5362259728857,False,False,-66.5362259728857,-66.5362259728857,-66.5362259728857,-66.5362259728857,-66.5362259728857,-66.5362259728857,-50.0,-50.0,-66.5362259728857,-66.5362259728857,-66.5362259728857,-66.5362259728857,-66.5362259728857
30997ebf52eba0016402,SHADOW_SCANNER_TOP5_BTC_GUARD_V1,BANK,LONG,2026-07-21T05:53:32+00:00,-66.5362259728857,17.99248430330769,-66.5362259728857,False,False,-66.5362259728857,-66.5362259728857,-66.5362259728857,-66.5362259728857,-66.5362259728857,-66.5362259728857,-50.0,-50.0,-66.5362259728857,-66.5362259728857,-66.5362259728857,-66.5362259728857,-66.5362259728857
6fff552a8bb8d54b4183,SHADOW_SCANNER_TOP5_BTC_MFE_V1,XRP,LONG,2026-07-21T05:53:32+00:00,37.68813132961312,66.99124289047779,-27.74630296491359,True,False,25.0,50.0,37.68813132961312,37.68813132961312,37.68813132961312,37.68813132961312,37.68813132961312,50.0,37.68813132961312,37.68813132961312,37.68813132961312,43.844065664806564,44.57385839368205
77afdaf0bc7f07d63ad9,SHADOW_SCANNER_TOP5_LONG,ADA,LONG,2026-07-21T05:53:32+00:00,99.63770171089716,100.14692313331682,-17.899524366231738,True,False,25.0,50.0,75.0,99.63770171089716,99.63770171089716,99.63770171089716,99.63770171089716,50.0,99.63770171089716,99.63770171089716,99.63770171089716,74.81885085544857,99.63770171089716
9278fc868681c0756b24,SHADOW_COMBO_ADAPTIVE_PARTIAL_1R_V1,DOGE,SHORT,2026-07-21T06:08:33+00:00,-54.7292286507532,4.302575848781507,-54.026573722230985,False,False,-54.7292286507532,-54.7292286507532,-54.7292286507532,-54.7292286507532,-54.7292286507532,-54.7292286507532,-50.0,-50.0,-54.7292286507532,-54.7292286507532,-54.7292286507532,-54.7292286507532,-54.7292286507532
fc640adf9c24778a2a2a,SHADOW_COMBO_ADAPTIVE_REGIME_V1,DOGE,SHORT,2026-07-21T06:08:33+00:00,-54.7292286507532,4.302575848781507,-54.026573722230985,False,False,-54.7292286507532,-54.7292286507532,-54.7292286507532,-54.7292286507532,-54.7292286507532,-54.7292286507532,-50.0,-50.0,-54.7292286507532,-54.7292286507532,-54.7292286507532,-54.7292286507532,-54.7292286507532
374319de2909ddb1c1fc,SHADOW_COMBO_ADAPTIVE_RUNNER25_V1,DOGE,SHORT,2026-07-21T06:08:33+00:00,-54.844008575203055,4.311599351268896,-54.13988001583315,False,False,-54.844008575203055,-54.844008575203055,-54.844008575203055,-54.844008575203055,-54.844008575203055,-54.844008575203055,-50.0,-50.0,-54.844008575203055,-54.844008575203055,-54.844008575203055,-54.844008575203055,-54.844008575203055
7847998c4b25fc61c84f,SHADOW_COMBO_ADAPTIVE_TP3_V1,DOGE,SHORT,2026-07-21T06:08:33+00:00,-54.844008575203055,4.311599351268896,-54.13988001583315,False,False,-54.844008575203055,-54.844008575203055,-54.844008575203055,-54.844008575203055,-54.844008575203055,-54.844008575203055,-50.0,-50.0,-54.844008575203055,-54.844008575203055,-54.844008575203055,-54.844008575203055,-54.844008575203055
7180eaa3e658dcb16b7e,SHADOW_COMBO_SCANNER,DOGE,SHORT,2026-07-21T06:08:33+00:00,-54.94335986150668,4.31940992078602,-54.23795575572954,False,False,-54.94335986150668,-54.94335986150668,-54.94335986150668,-54.94335986150668,-54.94335986150668,-54.94335986150668,-50.0,-50.0,-54.94335986150668,-54.94335986150668,-54.94335986150668,-54.94335986150668,-54.94335986150668
22f5f3247e6b28438a94,SHADOW_GLOBAL_PURE,DOGE,SHORT,2026-07-21T06:08:33+00:00,-53.47650199202229,3.817486516923305,-52.8520838093732,False,False,-53.47650199202229,-53.47650199202229,-53.47650199202229,-53.47650199202229,-53.47650199202229,-53.47650199202229,-50.0,-50.0,-53.47650199202229,-53.47650199202229,-53.47650199202229,-53.47650199202229,-53.47650199202229
87d0dd5000f867716dc7,SHADOW_SCANNER_BOTTOM5_SHORT,DOGE,SHORT,2026-07-21T06:08:33+00:00,-54.16200473990223,4.257983151974969,-53.46663225782338,False,False,-54.16200473990223,-54.16200473990223,-54.16200473990223,-54.16200473990223,-54.16200473990223,-54.16200473990223,-50.0,-50.0,-54.16200473990223,-54.16200473990223,-54.16200473990223,-54.16200473990223,-54.16200473990223
d83fe9c0d3eaec61fc74,SHADOW_4H_WIDE,HYPE,SHORT,2026-07-21T07:38:33+00:00,-50.820026205684606,13.864920080985316,-50.66282866896587,False,False,-50.820026205684606,-50.820026205684606,-50.820026205684606,-50.820026205684606,-50.820026205684606,-50.820026205684606,-50.0,-50.0,-50.820026205684606,-50.820026205684606,-50.820026205684606,-50.820026205684606,-50.820026205684606
1b57e1cb9d502e9941bb,SHADOW_ETH_DONCHIAN_1H,ETH,LONG,2026-07-21T08:38:34+00:00,93.49320234938438,94.19926299159202,-13.97619564516937,True,False,25.0,50.0,75.0,93.49320234938438,93.49320234938438,93.49320234938438,93.49320234938438,50.0,93.49320234938438,93.49320234938438,93.49320234938438,71.74660117469219,47.67354095345067
9c5bd09af843e819f98d,SHADOW_1H_FAST,AKE,LONG,2026-07-21T08:53:34+00:00,-76.25491061195754,26.50976333372885,-76.25491061195754,False,False,-76.25491061195754,-76.25491061195754,-76.25491061195754,-76.25491061195754,-76.25491061195754,-76.25491061195754,-50.0,-50.0,-76.25491061195754,-76.25491061195754,-76.25491061195754,-76.25491061195754,-76.25491061195754
98efeead2d2fd034eb14,SHADOW_SCANNER_BOTTOM5_SHORT,AKE,SHORT,2026-07-21T09:08:33+00:00,-36.4966160847119,66.51368597907576,-48.04179486332529,True,True,25.0,-36.4966160847119,-36.4966160847119,-36.4966160847119,-36.4966160847119,-36.4966160847119,-36.4966160847119,-36.4966160847119,-36.4966160847119,-36.4966160847119,-36.4966160847119,6.751691957644049,-36.4966160847119
940c40bed90485749238,SHADOW_SCANNER_TOP5_BTC_BTC_2_3_V1,ADA,LONG,2026-07-21T09:23:34+00:00,58.858514565240874,104.87996727831975,-8.843112175992772,True,False,25.0,50.0,75.0,100.0,58.858514565240874,58.858514565240874,58.858514565240874,50.0,58.858514565240874,58.858514565240874,58.858514565240874,54.42925728262044,77.62665369302162
4a461cd9e53994107a42,SHADOW_SCANNER_TOP5_BTC_BTC_LE3_V1,ADA,LONG,2026-07-21T09:23:34+00:00,58.858514565240874,104.87996727831975,-8.843112175992772,True,False,25.0,50.0,75.0,100.0,58.858514565240874,58.858514565240874,58.858514565240874,50.0,58.858514565240874,58.858514565240874,58.858514565240874,54.42925728262044,77.62665369302162
550342bff0666e80668e,SHADOW_1H_FAST_NOHIGH_CAP75_V1,NIGHT,SHORT,2026-07-21T10:23:33+00:00,-69.87710881171651,30.296010860717903,-69.87710881171651,False,False,25.0,-69.87710881171651,-69.87710881171651,-69.87710881171651,-69.87710881171651,-69.87710881171651,-50.0,-50.0,-69.87710881171651,-69.87710881171651,-69.87710881171651,-69.87710881171651,-69.87710881171651
4932c1acaddfacf0377c,SHADOW_1H_FAST_NO_PEPE_V1,NIGHT,SHORT,2026-07-21T10:23:33+00:00,-70.0866556555103,30.386862264895367,-70.0866556555103,False,False,25.0,-70.0866556555103,-70.0866556555103,-70.0866556555103,-70.0866556555103,-70.0866556555103,-50.0,-50.0,-70.0866556555103,-70.0866556555103,-70.0866556555103,-70.0866556555103,-70.0866556555103
e3f8d4cb2ee915996456,SHADOW_1H_FAST_SCORE_6_75_V1,NIGHT,SHORT,2026-07-21T10:23:33+00:00,-78.91722902616607,8.50630834322808,-78.91722902616607,False,False,-78.91722902616607,-78.91722902616607,-78.91722902616607,-78.91722902616607,-78.91722902616607,-78.91722902616607,-50.0,-50.0,-78.91722902616607,-78.91722902616607,-78.91722902616607,-78.91722902616607,-78.91722902616607
aeb0228e59743c08dd5a,SHADOW_1H_FAST_TP2_V1,NIGHT,SHORT,2026-07-21T10:23:33+00:00,-70.0866556555103,30.386862264895367,-70.0866556555103,False,False,25.0,-70.0866556555103,-70.0866556555103,-70.0866556555103,-70.0866556555103,-70.0866556555103,-50.0,-50.0,-70.0866556555103,-70.0866556555103,-70.0866556555103,-70.0866556555103,-70.0866556555103
03f5c2de5a26aa5ad57b,SHADOW_1H_FAST_V3_CAP75_V1,NIGHT,SHORT,2026-07-21T10:23:33+00:00,-78.91722902616607,8.50630834322808,-78.91722902616607,False,False,-78.91722902616607,-78.91722902616607,-78.91722902616607,-78.91722902616607,-78.91722902616607,-78.91722902616607,-50.0,-50.0,-78.91722902616607,-78.91722902616607,-78.91722902616607,-78.91722902616607,-78.91722902616607
0d43d77a4fa88aa75b73,SHADOW_1H_FAST_V3_NOHIGH_V1,NIGHT,SHORT,2026-07-21T10:23:33+00:00,-78.08319508002764,8.416409724103723,-78.08319508002764,False,False,-78.08319508002764,-78.08319508002764,-78.08319508002764,-78.08319508002764,-78.08319508002764,-78.08319508002764,-50.0,-50.0,-78.08319508002764,-78.08319508002764,-78.08319508002764,-78.08319508002764,-78.08319508002764
eccedaa9500affd47b83,SHADOW_1H_FAST_V3_NO_ESPORTS_V1,NIGHT,SHORT,2026-07-21T10:23:33+00:00,-78.91722902616607,8.50630834322808,-78.91722902616607,False,False,-78.91722902616607,-78.91722902616607,-78.91722902616607,-78.91722902616607,-78.91722902616607,-78.91722902616607,-50.0,-50.0,-78.91722902616607,-78.91722902616607,-78.91722902616607,-78.91722902616607,-78.91722902616607
ecd85b7a6a2f06201b4d,SHADOW_MASTER_ADAPTIVE_GB20_V1,PEPE,LONG,2026-07-21T11:08:33+00:00,10.110547291131056,29.749687848798683,-14.461723310218142,False,False,25.0,10.110547291131056,10.110547291131056,10.110547291131056,10.110547291131056,10.110547291131056,10.110547291131056,10.110547291131056,10.110547291131056,10.110547291131056,10.110547291131056,10.110547291131056,10.110547291131056
3fda56c63ccbd5f9f812,SHADOW_1H_FAST_NO_PEPE_V1,ADA,LONG,2026-07-21T11:38:33+00:00,-4.215866234720514,54.364294527374724,-39.81305654981103,True,True,25.0,-4.215866234720514,-4.215866234720514,-4.215866234720514,-4.215866234720514,-4.215866234720514,-4.215866234720514,-4.215866234720514,-4.215866234720514,-4.215866234720514,-4.215866234720514,22.892066882639742,-4.215866234720514
c707706df9e04af4a2f3,SHADOW_1H_FAST_SCORE_6_75_V1,ADA,LONG,2026-07-21T11:38:33+00:00,-4.215866234720514,54.364294527374724,-39.81305654981103,True,True,25.0,-4.215866234720514,-4.215866234720514,-4.215866234720514,-4.215866234720514,-4.215866234720514,-4.215866234720514,-4.215866234720514,-4.215866234720514,-4.215866234720514,-4.215866234720514,22.892066882639742,-4.215866234720514
0d77f9e2afff26420c43,SHADOW_1H_FAST_TP2_V1,ADA,LONG,2026-07-21T11:38:33+00:00,-4.215866234720514,54.364294527374724,-39.81305654981103,True,True,25.0,-4.215866234720514,-4.215866234720514,-4.215866234720514,-4.215866234720514,-4.215866234720514,-4.215866234720514,-4.215866234720514,-4.215866234720514,-4.215866234720514,-4.215866234720514,22.892066882639742,-4.215866234720514
0e87a665eeb656116caa,SHADOW_1H_FAST_V3,ADA,LONG,2026-07-21T11:38:33+00:00,-4.18868242763917,54.013754825148254,-39.556342890431736,True,True,25.0,-4.18868242763917,-4.18868242763917,-4.18868242763917,-4.18868242763917,-4.18868242763917,-4.18868242763917,-4.18868242763917,-4.18868242763917,-4.18868242763917,-4.18868242763917,22.905658786180414,-4.18868242763917
944393a639f73cdb8ade,SHADOW_1H_FAST_V3_CAP75_V1,ADA,LONG,2026-07-21T11:38:33+00:00,-4.215866234720514,54.364294527374724,-39.81305654981103,True,True,25.0,-4.215866234720514,-4.215866234720514,-4.215866234720514,-4.215866234720514,-4.215866234720514,-4.215866234720514,-4.215866234720514,-4.215866234720514,-4.215866234720514,-4.215866234720514,22.892066882639742,-4.215866234720514
f828a957fe3bdc619360,SHADOW_1H_FAST_V3_LONG_ONLY_V1,ADA,LONG,2026-07-21T11:38:33+00:00,-4.215866234720514,54.364294527374724,-39.81305654981103,True,True,25.0,-4.215866234720514,-4.215866234720514,-4.215866234720514,-4.215866234720514,-4.215866234720514,-4.215866234720514,-4.215866234720514,-4.215866234720514,-4.215866234720514,-4.215866234720514,22.892066882639742,-4.215866234720514
a760d1fa268014e8f48c,SHADOW_1H_FAST_V3_NO_ESPORTS_V1,ADA,LONG,2026-07-21T11:38:33+00:00,-4.215866234720514,54.364294527374724,-39.81305654981103,True,True,25.0,-4.215866234720514,-4.215866234720514,-4.215866234720514,-4.215866234720514,-4.215866234720514,-4.215866234720514,-4.215866234720514,-4.215866234720514,-4.215866234720514,-4.215866234720514,22.892066882639742,-4.215866234720514
2cca19bdd89f4177d4db,SHADOW_SCANNER_TOP5_BTC_RUNNER25_V1,ADA,LONG,2026-07-21T11:38:33+00:00,59.325058143653465,105.27160292733055,-14.378755833193358,True,False,25.0,50.0,75.0,100.0,59.325058143653465,59.325058143653465,59.325058143653465,50.0,59.325058143653465,59.325058143653465,59.325058143653465,54.66252907182673,78.39599588290763
f14a05a286872a777ba3,SHADOW_SCANNER_TOP5_BTC_TP3_V1,ADA,LONG,2026-07-21T11:38:33+00:00,59.325058143653465,105.27160292733055,-14.378755833193358,True,False,25.0,50.0,75.0,100.0,59.325058143653465,59.325058143653465,59.325058143653465,50.0,59.325058143653465,59.325058143653465,59.325058143653465,54.66252907182673,78.39599588290763
923475f968d9980619e0,SHADOW_RSI_SHORT_15X_10_RSI75,DOGE,SHORT,2026-07-21T11:53:34+00:00,-0.8471117808083162,0.5033773312707038,-0.8471117808083162,False,False,-0.8471117808083162,-0.8471117808083162,-0.8471117808083162,-0.8471117808083162,-0.8471117808083162,-0.8471117808083162,-0.8471117808083162,-0.8471117808083162,-0.8471117808083162,-0.8471117808083162,-0.8471117808083162,-0.8471117808083162,-0.8471117808083162
cd65d8d8a2a0a5150faa,SHADOW_RSI_SHORT_15X_50_RSI75,DOGE,SHORT,2026-07-21T11:53:34+00:00,-4.235558904041581,2.5168866563535186,-4.235558904041581,False,False,-4.235558904041581,-4.235558904041581,-4.235558904041581,-4.235558904041581,-4.235558904041581,-4.235558904041581,-4.235558904041581,-4.235558904041581,-4.235558904041581,-4.235558904041581,-4.235558904041581,-4.235558904041581,-4.235558904041581
2ae0f62ce8229af454d8,SHADOW_RSI_SHORT_5X_RSI75,DOGE,SHORT,2026-07-21T11:53:34+00:00,-14.09336879097988,8.374670889180521,-14.09336879097988,False,False,-14.09336879097988,-14.09336879097988,-14.09336879097988,-14.09336879097988,-14.09336879097988,-14.09336879097988,-14.09336879097988,-14.09336879097988,-14.09336879097988,-14.09336879097988,-14.09336879097988,-14.09336879097988,-14.09336879097988
b3114c4146a68092b64f,SHADOW_COMBO_ADAPTIVE_MFE_TRAIL,PEPE,LONG,2026-07-21T12:23:34+00:00,-0.7599451243241224,35.51748449654877,-34.7692020870031,False,False,-0.7599451243241224,-0.7599451243241224,-0.7599451243241224,-0.7599451243241224,-0.7599451243241224,-0.7599451243241224,-0.7599451243241224,-0.7599451243241224,-0.7599451243241224,-0.7599451243241224,-0.7599451243241224,-0.7599451243241224,-0.7599451243241224
e98e74961853bb0f8563,SHADOW_1H_BALANCED_V3,XRP,LONG,2026-07-21T13:23:34+00:00,94.87765680535844,95.59555258250656,-16.06960559183139,True,False,25.0,50.0,75.0,94.87765680535844,94.87765680535844,94.87765680535844,94.87765680535844,50.0,94.87765680535844,94.87765680535844,94.87765680535844,72.43882840267922,55.50449576281643
f0c472524eb235a908e7,SHADOW_1H_FAST_NOHIGH_CAP75_V1,HYPE,LONG,2026-07-21T13:53:37+00:00,-56.10428097613089,27.195351925526193,-55.23540410543787,False,False,-56.10428097613089,-56.10428097613089,-56.10428097613089,-56.10428097613089,-56.10428097613089,-56.10428097613089,-50.0,-50.0,-56.10428097613089,-56.10428097613089,-56.10428097613089,-56.10428097613089,-56.10428097613089
0980c278869564f43b44,SHADOW_1H_FAST_V3_LONG_NOHIGH_CAP75_LOCK_V1,HYPE,LONG,2026-07-21T13:53:37+00:00,-56.10428097613089,27.195351925526193,-55.23540410543787,False,False,-56.10428097613089,-56.10428097613089,-56.10428097613089,-56.10428097613089,-56.10428097613089,-56.10428097613089,-50.0,-50.0,-56.10428097613089,-56.10428097613089,-56.10428097613089,-56.10428097613089,-56.10428097613089
f9d3be0feff2ba785bf8,SHADOW_1H_FAST_V3_LONG_NOHIGH_CAP75_V1,HYPE,LONG,2026-07-21T13:53:37+00:00,-56.10428097613089,27.195351925526193,-55.23540410543787,False,False,-56.10428097613089,-56.10428097613089,-56.10428097613089,-56.10428097613089,-56.10428097613089,-56.10428097613089,-50.0,-50.0,-56.10428097613089,-56.10428097613089,-56.10428097613089,-56.10428097613089,-56.10428097613089
0dc4db973c636e68acce,SHADOW_1H_FAST_V3_NOHIGH_V1,HYPE,LONG,2026-07-21T13:53:37+00:00,-56.08424473458696,27.185639785372686,-55.21567816154949,False,False,-56.08424473458696,-56.08424473458696,-56.08424473458696,-56.08424473458696,-56.08424473458696,-56.08424473458696,-50.0,-50.0,-56.08424473458696,-56.08424473458696,-56.08424473458696,-56.08424473458696,-56.08424473458696
dfe8444334012bf65af7,SHADOW_BTC_EMA_1H,BTC,LONG,2026-07-21T14:08:34+00:00,96.6188166653982,97.32504424885937,-44.833886770824044,True,False,25.0,50.0,75.0,96.6188166653982,96.6188166653982,96.6188166653982,96.6188166653982,50.0,96.6188166653982,96.6188166653982,96.6188166653982,73.30940833269909,96.6188166653982
c8921eeac0b3fd738f4b,SHADOW_EMA_TREND_1H,NEAR,LONG,2026-07-21T14:23:34+00:00,-3.143622847978867,14.96819820542528,-6.5927457912796505,False,False,-3.143622847978867,-3.143622847978867,-3.143622847978867,-3.143622847978867,-3.143622847978867,-3.143622847978867,-3.143622847978867,-3.143622847978867,-3.143622847978867,-3.143622847978867,-3.143622847978867,-3.143622847978867,-3.143622847978867
0caf1ad5b641f8ca5bb2,SHADOW_RELATIVE_STRENGTH,NEAR,LONG,2026-07-21T14:23:34+00:00,-3.541874882655362,16.864454747327013,-7.427952351497293,False,False,-3.541874882655362,-3.541874882655362,-3.541874882655362,-3.541874882655362,-3.541874882655362,-3.541874882655362,-3.541874882655362,-3.541874882655362,-3.541874882655362,-3.541874882655362,-3.541874882655362,-3.541874882655362,-3.541874882655362
91cee3447f76cc124041,SHADOW_SCANNER_TOP5_LONG,XRP,LONG,2026-07-21T14:23:34+00:00,97.64935452647846,98.38822247090548,-26.84880936644393,True,False,25.0,50.0,75.0,97.64935452647846,97.64935452647846,97.64935452647846,97.64935452647846,50.0,97.64935452647846,97.64935452647846,97.64935452647846,73.82467726323924,48.441295304941725
a234c7d807c02de14583,SHADOW_MASTER_ADAPTIVE_EXPANDED_V1,HYPE,LONG,2026-07-21T14:38:34+00:00,-54.91012181382455,20.278301212916404,-54.236516281459025,False,False,-54.91012181382455,-54.91012181382455,-54.91012181382455,-54.91012181382455,-54.91012181382455,-54.91012181382455,-50.0,-50.0,-54.91012181382455,-54.91012181382455,-54.91012181382455,-54.91012181382455,-54.91012181382455
54f068805f5833d15dc3,SHADOW_MASTER_ADAPTIVE_GB20_V1,HYPE,LONG,2026-07-21T14:38:34+00:00,-54.91012181382455,20.278301212916404,-54.236516281459025,False,False,-54.91012181382455,-54.91012181382455,-54.91012181382455,-54.91012181382455,-54.91012181382455,-54.91012181382455,-50.0,-50.0,-54.91012181382455,-54.91012181382455,-54.91012181382455,-54.91012181382455,-54.91012181382455
6d877540ca4ebd14b555,SHADOW_MASTER_ADAPTIVE_NO_ALT_V1,HYPE,LONG,2026-07-21T14:38:34+00:00,-54.91012181382455,20.278301212916404,-54.236516281459025,False,False,-54.91012181382455,-54.91012181382455,-54.91012181382455,-54.91012181382455,-54.91012181382455,-54.91012181382455,-50.0,-50.0,-54.91012181382455,-54.91012181382455,-54.91012181382455,-54.91012181382455,-54.91012181382455
afe8a9011f2a4cea54f1,SHADOW_MASTER_ADAPTIVE_RUNNER25_V1,HYPE,LONG,2026-07-21T14:38:34+00:00,-54.91012181382455,20.278301212916404,-54.236516281459025,False,False,-54.91012181382455,-54.91012181382455,-54.91012181382455,-54.91012181382455,-54.91012181382455,-54.91012181382455,-50.0,-50.0,-54.91012181382455,-54.91012181382455,-54.91012181382455,-54.91012181382455,-54.91012181382455
6c2ee043d0a13361455b,SHADOW_MASTER_ADAPTIVE_STRICT3_V1,HYPE,LONG,2026-07-21T14:38:34+00:00,-54.91012181382455,20.278301212916404,-54.236516281459025,False,False,-54.91012181382455,-54.91012181382455,-54.91012181382455,-54.91012181382455,-54.91012181382455,-54.91012181382455,-50.0,-50.0,-54.91012181382455,-54.91012181382455,-54.91012181382455,-54.91012181382455,-54.91012181382455
6c3b6082c10d0243e261,SHADOW_MASTER_ADAPTIVE_V1,HYPE,LONG,2026-07-21T14:38:34+00:00,-54.91012181382455,20.278301212916404,-54.236516281459025,False,False,-54.91012181382455,-54.91012181382455,-54.91012181382455,-54.91012181382455,-54.91012181382455,-54.91012181382455,-50.0,-50.0,-54.91012181382455,-54.91012181382455,-54.91012181382455,-54.91012181382455,-54.91012181382455
5bb38ad38c60cf0c8460,SHADOW_1H_FAST_V3,XRP,LONG,2026-07-21T14:53:33+00:00,67.96088846233414,68.86443535023827,-15.822568710949572,True,False,25.0,50.0,67.96088846233414,67.96088846233414,67.96088846233414,67.96088846233414,67.96088846233414,50.0,67.96088846233414,67.96088846233414,67.96088846233414,58.98044423116707,67.96088846233414
30e44f8a8e276adfdb3c,SHADOW_1H_FAST_V3_NOHIGH_V1,XRP,LONG,2026-07-21T14:53:33+00:00,68.24411614285685,69.15142857142841,-13.404209284086239,True,False,25.0,50.0,68.24411614285685,68.24411614285685,68.24411614285685,68.24411614285685,68.24411614285685,50.0,68.24411614285685,68.24411614285685,68.24411614285685,59.12205807142843,34.83037969947499
0639ac57c015d4409148,SHADOW_COMBO_ADAPTIVE_LONG_ONLY_V1,HYPE,LONG,2026-07-21T14:53:33+00:00,-55.0741715370657,21.216167505112498,-54.39855353782689,False,False,-55.0741715370657,-55.0741715370657,-55.0741715370657,-55.0741715370657,-55.0741715370657,-55.0741715370657,-50.0,-50.0,-55.0741715370657,-55.0741715370657,-55.0741715370657,-55.0741715370657,-55.0741715370657
5472e043a9c5add1fa0d,SHADOW_COMBO_ADAPTIVE_PARTIAL_1R_V1,HYPE,LONG,2026-07-21T14:53:33+00:00,-54.64878738438782,21.052297197391933,-53.97838775125637,False,False,-54.64878738438782,-54.64878738438782,-54.64878738438782,-54.64878738438782,-54.64878738438782,-54.64878738438782,-50.0,-50.0,-54.64878738438782,-54.64878738438782,-54.64878738438782,-54.64878738438782,-54.64878738438782
1900186c0071898384ac,SHADOW_COMBO_ADAPTIVE_REGIME_V1,HYPE,LONG,2026-07-21T14:53:33+00:00,-54.773652675866764,21.100398927579715,-54.101721267748076,False,False,-54.773652675866764,-54.773652675866764,-54.773652675866764,-54.773652675866764,-54.773652675866764,-54.773652675866764,-50.0,-50.0,-54.773652675866764,-54.773652675866764,-54.773652675866764,-54.773652675866764,-54.773652675866764
59ae1a585a5e324c9384,SHADOW_1H_BALANCED_V2,PEPE,LONG,2026-07-21T15:23:34+00:00,19.149350785770974,75.89022800009944,-27.591731968346483,True,False,25.0,50.0,19.149350785770974,19.149350785770974,19.149350785770974,19.149350785770974,19.149350785770974,50.0,19.149350785770974,20.0,30.0,34.57467539288549,42.113582149143234
d8b0529af80f4ec6febf,SHADOW_1H_FAST_NO_PEPE_V1,ETH,LONG,2026-07-21T15:23:34+00:00,-4.5198065702104175,60.47649082751997,-12.480854147347547,True,True,25.0,-4.5198065702104175,-4.5198065702104175,-4.5198065702104175,-4.5198065702104175,-4.5198065702104175,-4.5198065702104175,-4.5198065702104175,-4.5198065702104175,-4.5198065702104175,-4.5198065702104175,22.74009671489479,-4.5198065702104175
2d8cf91a5a4a674a2f4a,SHADOW_1H_FAST_SCORE_6_75_V1,ETH,LONG,2026-07-21T15:23:34+00:00,-4.5198065702104175,60.47649082751997,-12.480854147347547,True,True,25.0,-4.5198065702104175,-4.5198065702104175,-4.5198065702104175,-4.5198065702104175,-4.5198065702104175,-4.5198065702104175,-4.5198065702104175,-4.5198065702104175,-4.5198065702104175,-4.5198065702104175,22.74009671489479,-4.5198065702104175
b87f886f50bbbb46b1ae,SHADOW_1H_FAST_TP2_V1,ETH,LONG,2026-07-21T15:23:34+00:00,-4.5198065702104175,60.47649082751997,-12.480854147347547,True,True,25.0,-4.5198065702104175,-4.5198065702104175,-4.5198065702104175,-4.5198065702104175,-4.5198065702104175,-4.5198065702104175,-4.5198065702104175,-4.5198065702104175,-4.5198065702104175,-4.5198065702104175,22.74009671489479,-4.5198065702104175
d38503755b9714e3a6ec,SHADOW_1H_FAST_V3_CAP75_V1,ETH,LONG,2026-07-21T15:23:34+00:00,-4.5198065702104175,60.47649082751997,-12.480854147347547,True,True,25.0,-4.5198065702104175,-4.5198065702104175,-4.5198065702104175,-4.5198065702104175,-4.5198065702104175,-4.5198065702104175,-4.5198065702104175,-4.5198065702104175,-4.5198065702104175,-4.5198065702104175,22.74009671489479,-4.5198065702104175
f2776bb5d3eb16769f5d,SHADOW_1H_FAST_V3_LONG_ONLY_V1,ETH,LONG,2026-07-21T15:23:34+00:00,-4.5198065702104175,60.47649082751997,-12.480854147347547,True,True,25.0,-4.5198065702104175,-4.5198065702104175,-4.5198065702104175,-4.5198065702104175,-4.5198065702104175,-4.5198065702104175,-4.5198065702104175,-4.5198065702104175,-4.5198065702104175,-4.5198065702104175,22.74009671489479,-4.5198065702104175
9ea537d3883fc19123f1,SHADOW_1H_FAST_V3_NO_ESPORTS_V1,ETH,LONG,2026-07-21T15:23:34+00:00,-4.5198065702104175,60.47649082751997,-12.480854147347547,True,True,25.0,-4.5198065702104175,-4.5198065702104175,-4.5198065702104175,-4.5198065702104175,-4.5198065702104175,-4.5198065702104175,-4.5198065702104175,-4.5198065702104175,-4.5198065702104175,-4.5198065702104175,22.74009671489479,-4.5198065702104175
b2fc773a6a2a00994a86,SHADOW_COMBO_ADAPTIVE_RUNNER25_V1,ETH,LONG,2026-07-21T15:23:34+00:00,40.92389539734882,89.63635680810577,-17.05328747948836,True,False,25.0,50.0,75.0,40.92389539734882,40.92389539734882,40.92389539734882,40.92389539734882,50.0,40.92389539734882,40.92389539734882,40.92389539734882,45.46194769867441,62.63336009424911
54e4ecad5e1e22eb368d,SHADOW_COMBO_ADAPTIVE_TP3_V1,ETH,LONG,2026-07-21T15:23:34+00:00,40.92389539734882,89.63635680810577,-17.05328747948836,True,False,25.0,50.0,75.0,40.92389539734882,40.92389539734882,40.92389539734882,40.92389539734882,50.0,40.92389539734882,40.92389539734882,40.92389539734882,45.46194769867441,62.63336009424911
9a3a74f56a8c9ab266f7,SHADOW_ETH_EMA_1H,ETH,LONG,2026-07-21T15:23:34+00:00,44.860017338305255,88.80658651288728,-12.367807012461322,True,False,25.0,50.0,75.0,44.860017338305255,44.860017338305255,44.860017338305255,44.860017338305255,50.0,44.860017338305255,44.860017338305255,44.860017338305255,47.43000866915263,42.187242442956226
9cf66d82c43f50028d3f,SHADOW_MASTER_ADAPTIVE_GB20_V1,PEPE,LONG,2026-07-21T15:23:34+00:00,-53.28241270371486,-0.45016747315829875,-52.80022984304569,False,False,-53.28241270371486,-53.28241270371486,-53.28241270371486,-53.28241270371486,-53.28241270371486,-53.28241270371486,-50.0,-50.0,-53.28241270371486,-53.28241270371486,-53.28241270371486,-53.28241270371486,-53.28241270371486
7a8f15fcb36622834d75,SHADOW_SCANNER_TOP5_BTC,PEPE,LONG,2026-07-21T15:23:34+00:00,33.3432736348966,92.91422847253568,-6.719388979222288,True,False,25.0,50.0,75.0,33.3432736348966,33.3432736348966,33.3432736348966,33.3432736348966,50.0,33.3432736348966,20.0,30.0,41.6716368174483,39.20254333478681
d066eb897da1c9738acc,SHADOW_SCANNER_TOP5_BTC_GUARD_MFE_V1,PEPE,LONG,2026-07-21T15:23:34+00:00,-52.704634441978136,16.277480160111743,-52.22768000035404,False,False,-52.704634441978136,-52.704634441978136,-52.704634441978136,-52.704634441978136,-52.704634441978136,-52.704634441978136,-50.0,-50.0,-52.704634441978136,-52.704634441978136,-52.704634441978136,-52.704634441978136,-52.704634441978136
2e86dcb878d96bfc958c,SHADOW_SCANNER_TOP5_BTC_GUARD_V1,PEPE,LONG,2026-07-21T15:23:34+00:00,-52.704634441978136,16.277480160111743,-52.22768000035404,False,False,-52.704634441978136,-52.704634441978136,-52.704634441978136,-52.704634441978136,-52.704634441978136,-52.704634441978136,-50.0,-50.0,-52.704634441978136,-52.704634441978136,-52.704634441978136,-52.704634441978136,-52.704634441978136
916a45ae6d8094ffd18f,SHADOW_SCANNER_TOP5_BTC_MFE_V1,SOL,LONG,2026-07-21T15:23:34+00:00,-4.489049751008309,40.96649409654122,-19.468127481588855,False,False,25.0,-4.489049751008309,-4.489049751008309,-4.489049751008309,-4.489049751008309,-4.489049751008309,-4.489049751008309,-4.489049751008309,-4.489049751008309,-4.489049751008309,-4.489049751008309,-4.489049751008309,-4.489049751008309
f99450d8b1c05cd0f23c,SHADOW_1H_FAST_NOHIGH_CAP75_V1,NIGHT,SHORT,2026-07-21T15:38:34+00:00,-49.55240982360312,5.4404337588901805,-49.12529340246781,False,False,-49.55240982360312,-49.55240982360312,-49.55240982360312,-49.55240982360312,-49.55240982360312,-49.55240982360312,-50.0,-50.0,-49.55240982360312,-49.55240982360312,-49.55240982360312,-49.55240982360312,-49.55240982360312
8899814073ba8c3f3654,SHADOW_1H_FAST_NO_PEPE_V1,NIGHT,SHORT,2026-07-21T15:38:34+00:00,-50.7298432936913,5.569705954174289,-50.29257799843142,False,False,-50.7298432936913,-50.7298432936913,-50.7298432936913,-50.7298432936913,-50.7298432936913,-50.7298432936913,-50.0,-50.0,-50.7298432936913,-50.7298432936913,-50.7298432936913,-50.7298432936913,-50.7298432936913
ee6892a2772fdc36faa9,SHADOW_1H_FAST_SCORE_6_75_V1,NIGHT,SHORT,2026-07-21T15:38:34+00:00,-50.548654399430426,5.549812952389272,-50.11295085974089,False,False,-50.548654399430426,-50.548654399430426,-50.548654399430426,-50.548654399430426,-50.548654399430426,-50.548654399430426,-50.0,-50.0,-50.548654399430426,-50.548654399430426,-50.548654399430426,-50.548654399430426,-50.548654399430426
7d5f85f9c8fd8608739a,SHADOW_1H_FAST_TP2_V1,NIGHT,SHORT,2026-07-21T15:38:34+00:00,-50.7298432936913,5.569705954174289,-50.29257799843142,False,False,-50.7298432936913,-50.7298432936913,-50.7298432936913,-50.7298432936913,-50.7298432936913,-50.7298432936913,-50.0,-50.0,-50.7298432936913,-50.7298432936913,-50.7298432936913,-50.7298432936913,-50.7298432936913
3bf8ebd1732905a457aa,SHADOW_1H_FAST_V3,NIGHT,SHORT,2026-07-21T15:38:34+00:00,-50.870329469235834,6.358914918160686,-50.437979125942846,False,False,-50.870329469235834,-50.870329469235834,-50.870329469235834,-50.870329469235834,-50.870329469235834,-50.870329469235834,-50.0,-50.0,-50.870329469235834,-50.870329469235834,-50.870329469235834,-50.870329469235834,-50.870329469235834
f7dc3dae826d1edfd8d4,SHADOW_1H_FAST_V3_CAP75_V1,NIGHT,SHORT,2026-07-21T15:38:34+00:00,-50.548654399430426,5.549812952389272,-50.11295085974089,False,False,-50.548654399430426,-50.548654399430426,-50.548654399430426,-50.548654399430426,-50.548654399430426,-50.548654399430426,-50.0,-50.0,-50.548654399430426,-50.548654399430426,-50.548654399430426,-50.548654399430426,-50.548654399430426
72513090de466ffb0955,SHADOW_1H_FAST_V3_NOHIGH_V1,NIGHT,SHORT,2026-07-21T15:38:34+00:00,-49.839167187530975,5.471917282070528,-49.40957906462675,False,False,-49.839167187530975,-49.839167187530975,-49.839167187530975,-49.839167187530975,-49.839167187530975,-49.839167187530975,-50.0,-50.0,-49.839167187530975,-49.839167187530975,-49.839167187530975,-49.839167187530975,-49.839167187530975
f40d3573d3534749b567,SHADOW_1H_FAST_V3_NO_ESPORTS_V1,NIGHT,SHORT,2026-07-21T15:38:34+00:00,-50.548654399430426,5.549812952389272,-50.11295085974089,False,False,-50.548654399430426,-50.548654399430426,-50.548654399430426,-50.548654399430426,-50.548654399430426,-50.548654399430426,-50.0,-50.0,-50.548654399430426,-50.548654399430426,-50.548654399430426,-50.548654399430426,-50.548654399430426
a1c1f3ab21483fb0e715,SHADOW_COMBO_ADAPTIVE_MFE_TRAIL,NIGHT,SHORT,2026-07-21T15:38:34+00:00,-49.61842718572861,4.064698474913873,-49.28220217420509,False,False,-49.61842718572861,-49.61842718572861,-49.61842718572861,-49.61842718572861,-49.61842718572861,-49.61842718572861,-49.61842718572861,-49.61842718572861,-49.61842718572861,-49.61842718572861,-49.61842718572861,-49.61842718572861,-49.61842718572861
a0fd844ea83dfb4ff0d9,SHADOW_COMBO_ADAPTIVE_PARTIAL_1R_V1,NIGHT,SHORT,2026-07-21T15:38:34+00:00,-51.415104593084244,23.452006872413673,-51.08202099350627,False,False,-51.415104593084244,-51.415104593084244,-51.415104593084244,-51.415104593084244,-51.415104593084244,-51.415104593084244,-50.0,-50.0,-51.415104593084244,-51.415104593084244,-51.415104593084244,-51.415104593084244,-51.415104593084244
5cb4eb2e41a658277a7a,SHADOW_COMBO_ADAPTIVE_REGIME_V1,NIGHT,SHORT,2026-07-21T15:38:34+00:00,-51.53258134469593,23.50559162358651,-51.19873669290181,False,False,-51.53258134469593,-51.53258134469593,-51.53258134469593,-51.53258134469593,-51.53258134469593,-51.53258134469593,-50.0,-50.0,-51.53258134469593,-51.53258134469593,-51.53258134469593,-51.53258134469593,-51.53258134469593
ef57d33fc25a1162e45d,SHADOW_COMBO_ADAPTIVE_RUNNER25_V1,NIGHT,SHORT,2026-07-21T15:38:34+00:00,-51.6182689168027,23.544676354539266,-51.283869153331146,False,False,-51.6182689168027,-51.6182689168027,-51.6182689168027,-51.6182689168027,-51.6182689168027,-51.6182689168027,-50.0,-50.0,-51.6182689168027,-51.6182689168027,-51.6182689168027,-51.6182689168027,-51.6182689168027
93b8a5f6c6dd6f2c9360,SHADOW_COMBO_ADAPTIVE_TP3_V1,NIGHT,SHORT,2026-07-21T15:38:34+00:00,-51.6182689168027,23.544676354539266,-51.283869153331146,False,False,-51.6182689168027,-51.6182689168027,-51.6182689168027,-51.6182689168027,-51.6182689168027,-51.6182689168027,-50.0,-50.0,-51.6182689168027,-51.6182689168027,-51.6182689168027,-51.6182689168027,-51.6182689168027
a21de27bc0c55e0b6378,SHADOW_SCANNER_BOTTOM5_SHORT,NIGHT,SHORT,2026-07-21T15:38:34+00:00,-50.62635695660232,23.09223487276938,-50.29838311813438,False,False,-50.62635695660232,-50.62635695660232,-50.62635695660232,-50.62635695660232,-50.62635695660232,-50.62635695660232,-50.0,-50.0,-50.62635695660232,-50.62635695660232,-50.62635695660232,-50.62635695660232,-50.62635695660232
08ab4fe2694bd8b846cb,SHADOW_SCANNER_TOP5_BTC_RUNNER25_V1,ETH,LONG,2026-07-21T15:38:34+00:00,38.07096719519701,89.61141608512604,-17.048542515122723,True,False,25.0,50.0,75.0,38.07096719519701,38.07096719519701,38.07096719519701,38.07096719519701,50.0,38.07096719519701,38.07096719519701,38.07096719519701,44.0354835975985,62.61593277637245
c2f7ca60755cc66125ec,SHADOW_SCANNER_TOP5_BTC_TP3_V1,ETH,LONG,2026-07-21T15:38:34+00:00,38.07096719519701,89.61141608512604,-17.048542515122723,True,False,25.0,50.0,75.0,38.07096719519701,38.07096719519701,38.07096719519701,38.07096719519701,50.0,38.07096719519701,38.07096719519701,38.07096719519701,44.0354835975985,62.61593277637245
2bdbe48b5a5c3171bb89,SHADOW_ETH_ADAPTIVE_1H,ETH,LONG,2026-07-21T15:53:33+00:00,14.248939194257161,63.879638124852356,-40.73992100027979,True,False,25.0,50.0,14.248939194257161,14.248939194257161,14.248939194257161,14.248939194257161,14.248939194257161,50.0,14.248939194257161,20.0,30.0,32.12446959712858,39.16793833206483
f1dcc911d6b018743f1d,SHADOW_1H_FAST,XRP,LONG,2026-07-21T16:08:34+00:00,67.70561158219733,68.60576453815271,-44.30286511911359,True,False,25.0,50.0,67.70561158219733,67.70561158219733,67.70561158219733,67.70561158219733,67.70561158219733,50.0,67.70561158219733,67.70561158219733,67.70561158219733,58.85280579109867,45.753622222418066
fc2d5115f6e89a59991a,SHADOW_1H_FAST_NOHIGH_CAP75_V1,XRP,LONG,2026-07-21T16:08:34+00:00,68.3462521071816,69.25492244373184,-27.180112802442565,True,False,25.0,50.0,68.3462521071816,68.3462521071816,68.3462521071816,68.3462521071816,68.3462521071816,50.0,68.3462521071816,68.3462521071816,68.3462521071816,59.1731260535908,48.41758832657309
d29c7f2a2c6f6a62fd90,SHADOW_1H_FAST_NO_PEPE_V1,XRP,LONG,2026-07-21T16:08:34+00:00,68.24411614285681,69.1514285714282,-44.65523317782259,True,False,25.0,50.0,68.24411614285681,68.24411614285681,68.24411614285681,68.24411614285681,68.24411614285681,50.0,68.24411614285681,68.24411614285681,68.24411614285681,59.122058071428405,46.117529048716364
684e1d0a3bbfcfa452d6,SHADOW_1H_FAST_SCORE_6_75_V1,XRP,LONG,2026-07-21T16:08:34+00:00,68.24411614285681,69.1514285714282,-44.65523317782259,True,False,25.0,50.0,68.24411614285681,68.24411614285681,68.24411614285681,68.24411614285681,68.24411614285681,50.0,68.24411614285681,68.24411614285681,68.24411614285681,59.122058071428405,46.117529048716364
0ea4fdae2eea7e788f0b,SHADOW_1H_FAST_V3_CAP75_V1,XRP,LONG,2026-07-21T16:08:34+00:00,68.24411614285681,69.1514285714282,-44.65523317782259,True,False,25.0,50.0,68.24411614285681,68.24411614285681,68.24411614285681,68.24411614285681,68.24411614285681,50.0,68.24411614285681,68.24411614285681,68.24411614285681,59.122058071428405,46.117529048716364
267dce2df3d5f7eadd42,SHADOW_1H_FAST_V3_LONG_NOHIGH_CAP75_LOCK_V1,XRP,LONG,2026-07-21T16:08:34+00:00,68.3462521071816,69.25492244373184,-27.180112802442565,True,False,25.0,50.0,68.3462521071816,68.3462521071816,68.3462521071816,68.3462521071816,68.3462521071816,50.0,68.3462521071816,68.3462521071816,68.3462521071816,59.1731260535908,48.41758832657309
1c411bf30c49ad0bc9ca,SHADOW_1H_FAST_V3_LONG_NOHIGH_CAP75_V1,XRP,LONG,2026-07-21T16:08:34+00:00,68.3462521071816,69.25492244373184,-27.180112802442565,True,False,25.0,50.0,68.3462521071816,68.3462521071816,68.3462521071816,68.3462521071816,68.3462521071816,50.0,68.3462521071816,68.3462521071816,68.3462521071816,59.1731260535908,48.41758832657309
500a360eaa17dcddabe0,SHADOW_1H_FAST_V3_LONG_ONLY_V1,XRP,LONG,2026-07-21T16:08:34+00:00,68.24411614285681,69.1514285714282,-44.65523317782259,True,False,25.0,50.0,68.24411614285681,68.24411614285681,68.24411614285681,68.24411614285681,68.24411614285681,50.0,68.24411614285681,68.24411614285681,68.24411614285681,59.122058071428405,46.117529048716364
a52f0bb4b09d48263da3,SHADOW_1H_FAST_V3_NO_ESPORTS_V1,XRP,LONG,2026-07-21T16:08:34+00:00,68.24411614285681,69.1514285714282,-44.65523317782259,True,False,25.0,50.0,68.24411614285681,68.24411614285681,68.24411614285681,68.24411614285681,68.24411614285681,50.0,68.24411614285681,68.24411614285681,68.24411614285681,59.122058071428405,46.117529048716364
a4fea204efa567903d36,SHADOW_EMA_TREND_1H,ALLO,SHORT,2026-07-21T16:08:34+00:00,-1.052575429395718,4.58215717256223,-6.718861766353224,False,False,-1.052575429395718,-1.052575429395718,-1.052575429395718,-1.052575429395718,-1.052575429395718,-1.052575429395718,-1.052575429395718,-1.052575429395718,-1.052575429395718,-1.052575429395718,-1.052575429395718,-1.052575429395718,-1.052575429395718
30891ee60c130e69bd67,SHADOW_RELATIVE_STRENGTH,ALLO,SHORT,2026-07-21T16:08:34+00:00,-1.1862046228779617,5.163882672016359,-7.571851541605637,False,False,-1.1862046228779617,-1.1862046228779617,-1.1862046228779617,-1.1862046228779617,-1.1862046228779617,-1.1862046228779617,-1.1862046228779617,-1.1862046228779617,-1.1862046228779617,-1.1862046228779617,-1.1862046228779617,-1.1862046228779617,-1.1862046228779617
2167d395813537971e2a,SHADOW_1H_FAST_NOHIGH_CAP75_V1,ADA,LONG,2026-07-21T16:53:34+00:00,-54.077519350046366,25.21533178057533,-53.538797073806016,False,False,-54.077519350046366,-54.077519350046366,-54.077519350046366,-54.077519350046366,-54.077519350046366,-54.077519350046366,-50.0,-50.0,-54.077519350046366,-54.077519350046366,-54.077519350046366,-54.077519350046366,-54.077519350046366
35c74bd0fa43cf82f636,SHADOW_1H_FAST_V3_LONG_NOHIGH_CAP75_LOCK_V1,ADA,LONG,2026-07-21T16:53:34+00:00,-54.077519350046366,25.21533178057533,-53.538797073806016,False,False,-54.077519350046366,-54.077519350046366,-54.077519350046366,-54.077519350046366,-54.077519350046366,-54.077519350046366,-50.0,-50.0,-54.077519350046366,-54.077519350046366,-54.077519350046366,-54.077519350046366,-54.077519350046366
4e6ad0231cb924c0e529,SHADOW_1H_FAST_V3_LONG_NOHIGH_CAP75_V1,ADA,LONG,2026-07-21T16:53:34+00:00,-54.077519350046366,25.21533178057533,-53.538797073806016,False,False,-54.077519350046366,-54.077519350046366,-54.077519350046366,-54.077519350046366,-54.077519350046366,-54.077519350046366,-50.0,-50.0,-54.077519350046366,-54.077519350046366,-54.077519350046366,-54.077519350046366,-54.077519350046366
f9192a6e32f5828c8a19,SHADOW_1H_FAST_V3_NOHIGH_V1,ADA,LONG,2026-07-21T16:53:34+00:00,-54.0582069157554,25.20632675512316,-53.51967703070987,False,False,-54.0582069157554,-54.0582069157554,-54.0582069157554,-54.0582069157554,-54.0582069157554,-54.0582069157554,-50.0,-50.0,-54.0582069157554,-54.0582069157554,-54.0582069157554,-54.0582069157554,-54.0582069157554
7e7a49730f5946fb53da,SHADOW_1H_BALANCED,ETH,LONG,2026-07-21T17:08:34+00:00,40.14469260929871,91.52951559660403,-13.050781962504047,True,False,25.0,50.0,75.0,40.14469260929871,40.14469260929871,40.14469260929871,40.14469260929871,50.0,40.14469260929871,40.14469260929871,40.14469260929871,45.07234630464936,43.480759893861354
565e0cb17481a36c43c1,SHADOW_1H_BALANCED_V3,ETH,LONG,2026-07-21T17:08:34+00:00,40.27958720298983,91.83707398140255,-13.0946353293069,True,False,25.0,50.0,75.0,40.27958720298983,40.27958720298983,40.27958720298983,40.27958720298983,50.0,40.27958720298983,40.27958720298983,40.27958720298983,45.139793601494915,43.62686437388184
6a03dedcf444dfcbcb6b,SHADOW_1H_FAST_V3_NOHIGH_V1,HYPE,SHORT,2026-07-21T17:38:34+00:00,68.3265590359917,69.14966530484077,-10.79326897504928,True,False,25.0,50.0,68.3265590359917,68.3265590359917,68.3265590359917,68.3265590359917,68.3265590359917,50.0,68.3265590359917,68.3265590359917,68.3265590359917,59.16327951799585,68.3265590359917
8b726ed53b154acdcae0,SHADOW_1H_FAST_NOHIGH_CAP75_V1,HYPE,SHORT,2026-07-21T17:53:34+00:00,68.23359783493719,69.049936966691,-22.04203133047445,True,False,25.0,50.0,68.23359783493719,68.23359783493719,68.23359783493719,68.23359783493719,68.23359783493719,50.0,68.23359783493719,68.23359783493719,68.23359783493719,59.11679891746859,68.23359783493719
042a8333d4b5b46235ff,SHADOW_1H_FAST_NO_PEPE_V1,HYPE,SHORT,2026-07-21T17:53:34+00:00,68.55523758815393,69.38109866790619,-28.047926834225834,True,False,25.0,50.0,68.55523758815393,68.55523758815393,68.55523758815393,68.55523758815393,68.55523758815393,50.0,68.55523758815393,68.55523758815393,68.55523758815393,59.277618794076965,68.55523758815393
1732898f4ce42bfc18a4,SHADOW_1H_FAST_SCORE_6_75_V1,HYPE,SHORT,2026-07-21T17:53:34+00:00,68.49545909767785,69.3206000467672,-28.02346972801309,True,False,25.0,50.0,68.49545909767785,68.49545909767785,68.49545909767785,68.49545909767785,68.49545909767785,50.0,68.49545909767785,68.49545909767785,68.49545909767785,59.247729548838926,68.49545909767785
15e6c9e8aa0063a32897,SHADOW_1H_FAST_V3,HYPE,SHORT,2026-07-21T17:53:34+00:00,68.74412529137156,69.56657231650556,-22.206950996839048,True,False,25.0,50.0,68.74412529137156,68.74412529137156,68.74412529137156,68.74412529137156,68.74412529137156,50.0,68.74412529137156,68.74412529137156,68.74412529137156,59.37206264568578,68.74412529137156
3ac151b7adfbd7813b73,SHADOW_1H_FAST_V3_CAP75_V1,HYPE,SHORT,2026-07-21T17:53:34+00:00,68.49545909767785,69.3206000467672,-28.02346972801309,True,False,25.0,50.0,68.49545909767785,68.49545909767785,68.49545909767785,68.49545909767785,68.49545909767785,50.0,68.49545909767785,68.49545909767785,68.49545909767785,59.247729548838926,68.49545909767785
11beeeaae533681d5da8,SHADOW_1H_FAST_V3_NO_ESPORTS_V1,HYPE,SHORT,2026-07-21T17:53:34+00:00,68.49545909767785,69.3206000467672,-28.02346972801309,True,False,25.0,50.0,68.49545909767785,68.49545909767785,68.49545909767785,68.49545909767785,68.49545909767785,50.0,68.49545909767785,68.49545909767785,68.49545909767785,59.247729548838926,68.49545909767785
24c931ede2837ea31cb2,SHADOW_1H_FAST_NOHIGH_CAP75_V1,BTC,LONG,2026-07-21T18:08:35+00:00,-55.5834196680851,3.415149540342345,-54.71091943818369,False,False,-55.5834196680851,-55.5834196680851,-55.5834196680851,-55.5834196680851,-55.5834196680851,-55.5834196680851,-50.0,-50.0,-55.5834196680851,-55.5834196680851,-55.5834196680851,-55.5834196680851,-55.5834196680851
c16afd7cea88c85ebad6,SHADOW_1H_FAST_TP2_V1,XRP,LONG,2026-07-21T18:08:35+00:00,93.22411914285728,94.13642857142837,-44.65523317782259,True,False,25.0,50.0,75.0,93.22411914285728,93.22411914285728,93.22411914285728,93.22411914285728,50.0,93.22411914285728,93.22411914285728,93.22411914285728,71.61205957142863,46.117529048716364
424b2d827e14fc3a4dde,SHADOW_BTC_ADAPTIVE_1H,BTC,LONG,2026-07-21T18:08:35+00:00,42.81541697608021,77.12938434722878,-27.194670662104468,True,False,25.0,50.0,42.81541697608021,42.81541697608021,42.81541697608021,42.81541697608021,42.81541697608021,50.0,42.81541697608021,42.81541697608021,42.81541697608021,46.4077084880401,55.65515832347527
9769b11d5afe2cb312fd,SHADOW_BTC_DONCHIAN_1H,BTC,LONG,2026-07-21T18:08:35+00:00,47.8972531397835,86.28400486345298,-30.422453329919932,True,False,25.0,50.0,75.0,47.8972531397835,47.8972531397835,47.8972531397835,47.8972531397835,50.0,47.8972531397835,47.8972531397835,47.8972531397835,48.94862656989175,40.8795341384613
7fbfb858a04f015f84be,SHADOW_COMBO_ADAPTIVE_MFE_TRAIL,SOL,LONG,2026-07-21T18:08:35+00:00,-0.7364937935724223,45.04760020492264,-15.0950038907114,False,False,25.0,-0.7364937935724223,-0.7364937935724223,-0.7364937935724223,-0.7364937935724223,-0.7364937935724223,-0.7364937935724223,-0.7364937935724223,-0.7364937935724223,-0.7364937935724223,-0.7364937935724223,-0.7364937935724223,-0.7364937935724223
98ee51760ab4829af8e3,SHADOW_SOL_DONCHIAN_1H,SOL,LONG,2026-07-21T18:08:35+00:00,1.8592833485675322,52.086839163881905,-17.453783026331728,True,False,25.0,1.8592833485675322,1.8592833485675322,1.8592833485675322,1.8592833485675322,1.8592833485675322,1.8592833485675322,1.8592833485675322,1.8592833485675322,1.8592833485675322,1.8592833485675322,25.929641674283765,1.8592833485675322
3977a2c298715ec07295,SHADOW_1H_BALANCED,XRP,LONG,2026-07-21T18:53:34+00:00,50.63413669223984,84.48459214327548,-35.17274623451146,True,False,25.0,50.0,75.0,50.63413669223984,50.63413669223984,50.63413669223984,50.63413669223984,50.0,50.63413669223984,50.63413669223984,50.63413669223984,50.317068346119925,42.26715563336854
1d97961dd7a9690d2cee,SHADOW_1H_BALANCED_V3,XRP,LONG,2026-07-21T18:53:34+00:00,35.108014214952235,68.20901750988811,-12.5202435245683,True,False,25.0,50.0,35.108014214952235,35.108014214952235,35.108014214952235,35.108014214952235,35.108014214952235,50.0,35.108014214952235,35.108014214952235,35.108014214952235,42.55400710747612,47.82315679094652
aa0f130b0ebb32638740,SHADOW_MASTER_ADAPTIVE_GB20_V1,XRP,LONG,2026-07-21T18:53:34+00:00,-14.917955270125264,23.192124825196185,-24.188090290788637,False,False,-14.917955270125264,-14.917955270125264,-14.917955270125264,-14.917955270125264,-14.917955270125264,-14.917955270125264,-14.917955270125264,-14.917955270125264,-14.917955270125264,-14.917955270125264,-14.917955270125264,-14.917955270125264,-14.917955270125264
b1144ef974bcb8f329ba,SHADOW_SCANNER_TOP5_BTC_RUNNER25_V1,XRP,LONG,2026-07-21T18:53:34+00:00,48.70013949253552,81.54517107675872,-10.485259790952528,True,False,25.0,50.0,75.0,48.70013949253552,48.70013949253552,48.70013949253552,48.70013949253552,50.0,48.70013949253552,48.70013949253552,48.70013949253552,49.35006974626776,39.37872576148912
5a5f4aad0a9b488ccbff,SHADOW_SCANNER_TOP5_BTC_TP3_V1,XRP,LONG,2026-07-21T18:53:34+00:00,48.70013949253552,81.54517107675872,-10.485259790952528,True,False,25.0,50.0,75.0,48.70013949253552,48.70013949253552,48.70013949253552,48.70013949253552,50.0,48.70013949253552,48.70013949253552,48.70013949253552,49.35006974626776,39.37872576148912
d03b4ed39251471d9605,SHADOW_1H_FAST_TP2_V1,HYPE,SHORT,2026-07-21T19:23:33+00:00,93.36770085408858,94.18860043348771,-28.047926834225834,True,False,25.0,50.0,75.0,93.36770085408858,93.36770085408858,93.36770085408858,93.36770085408858,50.0,93.36770085408858,93.36770085408858,93.36770085408858,71.68385042704429,62.933189794836665
03f8ff470e3537773ce3,SHADOW_COMBO_ADAPTIVE,ONDO,LONG,2026-07-21T19:23:33+00:00,99.22649334692736,100.02309375559149,-31.209481956346227,True,False,25.0,50.0,75.0,100.0,99.22649334692736,99.22649334692736,99.22649334692736,50.0,99.22649334692736,99.22649334692736,99.22649334692736,74.61324667346368,99.22649334692736
4d19d108491b31cd808a,SHADOW_SCANNER_TOP5_LONG,ONDO,LONG,2026-07-21T19:23:33+00:00,101.17738805280361,101.98965044313758,-31.823092405209895,True,False,25.0,50.0,75.0,100.0,101.17738805280361,101.17738805280361,101.17738805280361,50.0,101.17738805280361,101.17738805280361,101.17738805280361,75.58869402640181,101.17738805280361
c9c75094f2a311e5ddb5,SHADOW_COMBO_ADAPTIVE_PARTIAL_1R_V1,HYPE,SHORT,2026-07-21T19:53:34+00:00,48.77688167462443,90.72614799908368,-17.0828138301391,True,False,25.0,48.77688167462443,48.77688167462443,48.77688167462443,48.77688167462443,48.77688167462443,48.77688167462443,48.77688167462443,48.77688167462443,48.77688167462443,48.77688167462443,49.38844083731222,48.77688167462443
b27d04821c15fb6650d1,SHADOW_COMBO_ADAPTIVE_RUNNER25_V1,HYPE,SHORT,2026-07-21T19:53:34+00:00,43.4280611991638,87.8281967278096,-21.827639137088322,True,False,25.0,50.0,75.0,43.4280611991638,43.4280611991638,43.4280611991638,43.4280611991638,50.0,43.4280611991638,43.4280611991638,43.4280611991638,46.7140305995819,48.97627424324747
c5e784e79b6768381646,SHADOW_COMBO_ADAPTIVE_TP3_V1,HYPE,SHORT,2026-07-21T19:53:34+00:00,43.4280611991638,87.8281967278096,-21.827639137088322,True,False,25.0,50.0,75.0,43.4280611991638,43.4280611991638,43.4280611991638,43.4280611991638,50.0,43.4280611991638,43.4280611991638,43.4280611991638,46.7140305995819,48.97627424324747
294be12c76b1c98c8801,SHADOW_SCANNER_BOTTOM5_SHORT,HYPE,SHORT,2026-07-21T20:23:34+00:00,93.06126068664852,93.68033188663605,-16.934990863396337,True,False,25.0,50.0,75.0,93.06126068664852,93.06126068664852,93.06126068664852,93.06126068664852,50.0,93.06126068664852,93.06126068664852,93.06126068664852,71.53063034332426,52.07404106071233
6debd8779483ad5d8728,SHADOW_1H_FAST,XRP,LONG,2026-07-21T20:38:33+00:00,-6.194883793962466,39.617064454902405,-22.46287364439874,False,False,25.0,-6.194883793962466,-6.194883793962466,-6.194883793962466,-6.194883793962466,-6.194883793962466,-6.194883793962466,-6.194883793962466,-6.194883793962466,-6.194883793962466,-6.194883793962466,-6.194883793962466,-6.194883793962466
2617a5108d303fe44294,SHADOW_1H_FAST_NOHIGH_CAP75_V1,XRP,LONG,2026-07-21T20:38:33+00:00,-6.104874271215568,42.78848135696784,-17.192704714647117,False,False,25.0,-6.104874271215568,-6.104874271215568,-6.104874271215568,-6.104874271215568,-6.104874271215568,-6.104874271215568,-6.104874271215568,-6.104874271215568,-6.104874271215568,-6.104874271215568,-6.104874271215568,-6.104874271215568
a17e2f7f2e6858bec283,SHADOW_1H_FAST_NO_PEPE_V1,XRP,LONG,2026-07-21T20:38:33+00:00,-6.211504453990983,39.72335567545354,-22.523140761349495,False,False,25.0,-6.211504453990983,-6.211504453990983,-6.211504453990983,-6.211504453990983,-6.211504453990983,-6.211504453990983,-6.211504453990983,-6.211504453990983,-6.211504453990983,-6.211504453990983,-6.211504453990983,-6.211504453990983
5225253007258fd6d8b2,SHADOW_1H_FAST_SCORE_6_75_V1,XRP,LONG,2026-07-21T20:38:33+00:00,-6.201426499364793,39.65890588248269,-22.48659773182847,False,False,25.0,-6.201426499364793,-6.201426499364793,-6.201426499364793,-6.201426499364793,-6.201426499364793,-6.201426499364793,-6.201426499364793,-6.201426499364793,-6.201426499364793,-6.201426499364793,-6.201426499364793,-6.201426499364793
f4d64e44c91a78314eef,SHADOW_1H_FAST_TP2_V1,XRP,LONG,2026-07-21T20:38:33+00:00,-56.156420462164604,-2.6760434249996403,-55.274925763632915,False,False,-56.156420462164604,-56.156420462164604,-56.156420462164604,-56.156420462164604,-56.156420462164604,-56.156420462164604,-50.0,-50.0,-56.156420462164604,-56.156420462164604,-56.156420462164604,-56.156420462164604,-56.156420462164604
343fb86317ac7e108a6d,SHADOW_1H_FAST_V3,XRP,LONG,2026-07-21T20:38:33+00:00,-0.503321908700352,52.217151908692095,-23.10071991015834,True,True,25.0,50.0,-0.503321908700352,-0.503321908700352,-0.503321908700352,-0.503321908700352,-0.503321908700352,50.0,0.0,20.0,30.0,24.748339045649825,26.262759827746287
e22b1ba739fe0fd4536d,SHADOW_1H_FAST_V3_CAP75_V1,XRP,LONG,2026-07-21T20:38:33+00:00,-6.189966780852726,39.58561953490502,-22.44504437626951,False,False,25.0,-6.189966780852726,-6.189966780852726,-6.189966780852726,-6.189966780852726,-6.189966780852726,-6.189966780852726,-6.189966780852726,-6.189966780852726,-6.189966780852726,-6.189966780852726,-6.189966780852726,-6.189966780852726
19ece574dc796c1d392e,SHADOW_1H_FAST_V3_LONG_NOHIGH_CAP75_V1,XRP,LONG,2026-07-21T20:38:33+00:00,-6.2476578125527595,39.95456097066811,-22.65423415263882,False,False,25.0,-6.2476578125527595,-6.2476578125527595,-6.2476578125527595,-6.2476578125527595,-6.2476578125527595,-6.2476578125527595,-6.2476578125527595,-6.2476578125527595,-6.2476578125527595,-6.2476578125527595,-6.2476578125527595,-6.2476578125527595
9294aa8c5c7d5b9d1a32,SHADOW_1H_FAST_V3_LONG_ONLY_V1,XRP,LONG,2026-07-21T20:38:33+00:00,-6.284285963667287,40.18880262423754,-22.7870491589696,False,False,25.0,-6.284285963667287,-6.284285963667287,-6.284285963667287,-6.284285963667287,-6.284285963667287,-6.284285963667287,-6.284285963667287,-6.284285963667287,-6.284285963667287,-6.284285963667287,-6.284285963667287,-6.284285963667287
808d894b40a8746d09d4,SHADOW_1H_FAST_V3_NOHIGH_V1,XRP,LONG,2026-07-21T20:38:33+00:00,-0.5008761351082773,51.963415027813255,-22.988467433686452,True,True,25.0,50.0,-0.5008761351082773,-0.5008761351082773,-0.5008761351082773,-0.5008761351082773,-0.5008761351082773,50.0,0.0,20.0,30.0,24.74956193244586,26.135142167296042
80918ff45d9b79d78a3c,SHADOW_1H_FAST_V3_NO_ESPORTS_V1,XRP,LONG,2026-07-21T20:38:33+00:00,-6.189966780852726,39.58561953490502,-22.44504437626951,False,False,25.0,-6.189966780852726,-6.189966780852726,-6.189966780852726,-6.189966780852726,-6.189966780852726,-6.189966780852726,-6.189966780852726,-6.189966780852726,-6.189966780852726,-6.189966780852726,-6.189966780852726,-6.189966780852726
e81e228f98ed18b5191c,SHADOW_SCANNER_TOP5_BTC_GUARD_MFE_V1,XRP,LONG,2026-07-21T20:38:33+00:00,-4.778189519667059,40.18201463361982,-17.776409312791742,False,False,25.0,-4.778189519667059,-4.778189519667059,-4.778189519667059,-4.778189519667059,-4.778189519667059,-4.778189519667059,-4.778189519667059,-4.778189519667059,-4.778189519667059,-4.778189519667059,-4.778189519667059,-4.778189519667059
0313e671b5a3755aa20a,SHADOW_SCANNER_TOP5_BTC_MFE_V1,XRP,LONG,2026-07-21T20:53:34+00:00,-4.873403763062798,42.9157951684894,-16.229980352172817,False,False,25.0,-4.873403763062798,-4.873403763062798,-4.873403763062798,-4.873403763062798,-4.873403763062798,-4.873403763062798,-4.873403763062798,-4.873403763062798,-4.873403763062798,-4.873403763062798,-4.873403763062798,-4.873403763062798
113a5befdec2bc240116,SHADOW_1H_FAST_NOHIGH_CAP75_V1,HYPE,SHORT,2026-07-21T21:23:34+00:00,-4.871914703515317,41.35736876102103,-12.452530776324156,False,False,25.0,-4.871914703515317,-4.871914703515317,-4.871914703515317,-4.871914703515317,-4.871914703515317,-4.871914703515317,-4.871914703515317,-4.871914703515317,-4.871914703515317,-4.871914703515317,-4.871914703515317,-4.871914703515317
14f115aec326faf772b9,SHADOW_1H_FAST_NO_PEPE_V1,HYPE,SHORT,2026-07-21T21:23:34+00:00,-4.937828372388884,41.91690563222877,-12.621004988246682,False,False,25.0,-4.937828372388884,-4.937828372388884,-4.937828372388884,-4.937828372388884,-4.937828372388884,-4.937828372388884,-4.937828372388884,-4.937828372388884,-4.937828372388884,-4.937828372388884,-4.937828372388884,-4.937828372388884
95881864780d9a8a14cb,SHADOW_1H_FAST_SCORE_6_75_V1,HYPE,SHORT,2026-07-21T21:23:34+00:00,-4.945942378865981,41.9857849083295,-12.641744250225646,False,False,25.0,-4.945942378865981,-4.945942378865981,-4.945942378865981,-4.945942378865981,-4.945942378865981,-4.945942378865981,-4.945942378865981,-4.945942378865981,-4.945942378865981,-4.945942378865981,-4.945942378865981,-4.945942378865981
8e15ce97d54a89c97898,SHADOW_1H_FAST_V3,HYPE,SHORT,2026-07-21T21:23:34+00:00,-4.958921320046565,42.09596230042253,-12.674918202220065,False,False,25.0,-4.958921320046565,-4.958921320046565,-4.958921320046565,-4.958921320046565,-4.958921320046565,-4.958921320046565,-4.958921320046565,-4.958921320046565,-4.958921320046565,-4.958921320046565,-4.958921320046565,-4.958921320046565
15bef5bcb9a6cf4871b2,SHADOW_1H_FAST_V3_CAP75_V1,HYPE,SHORT,2026-07-21T21:23:34+00:00,-4.931725638379831,41.86509991800297,-12.605406504346174,False,False,25.0,-4.931725638379831,-4.931725638379831,-4.931725638379831,-4.931725638379831,-4.931725638379831,-4.931725638379831,-4.931725638379831,-4.931725638379831,-4.931725638379831,-4.931725638379831,-4.931725638379831,-4.931725638379831
21046966bcd31cdb6d64,SHADOW_1H_FAST_V3_NOHIGH_V1,HYPE,SHORT,2026-07-21T21:23:34+00:00,-4.899399847344679,41.59068836901425,-12.522782334542091,False,False,25.0,-4.899399847344679,-4.899399847344679,-4.899399847344679,-4.899399847344679,-4.899399847344679,-4.899399847344679,-4.899399847344679,-4.899399847344679,-4.899399847344679,-4.899399847344679,-4.899399847344679,-4.899399847344679
78f129872daf3d501fda,SHADOW_1H_FAST_V3_NO_ESPORTS_V1,HYPE,SHORT,2026-07-21T21:23:34+00:00,-4.931725638379831,41.86509991800297,-12.605406504346174,False,False,25.0,-4.931725638379831,-4.931725638379831,-4.931725638379831,-4.931725638379831,-4.931725638379831,-4.931725638379831,-4.931725638379831,-4.931725638379831,-4.931725638379831,-4.931725638379831,-4.931725638379831,-4.931725638379831
63fe41ac36050a03b089,SHADOW_DONCHIAN_1H,HYPE,SHORT,2026-07-21T21:23:34+00:00,54.66525233647914,103.06766540077757,-7.761022868560746,True,False,25.0,50.0,75.0,54.66525233647914,54.66525233647914,54.66525233647914,54.66525233647914,50.0,54.66525233647914,54.66525233647914,54.66525233647914,52.33262616823957,72.32508885630274
16892dabaa85819c971e,SHADOW_1H_BALANCED,XRP,LONG,2026-07-21T22:23:33+00:00,-56.36590105091176,12.705619402088264,-55.662586793320685,False,False,-56.36590105091176,-56.36590105091176,-56.36590105091176,-56.36590105091176,-56.36590105091176,-56.36590105091176,-50.0,-50.0,-56.36590105091176,-56.36590105091176,-56.36590105091176,-56.36590105091176,-56.36590105091176
9d41c715316fcfb54a11,SHADOW_1H_BALANCED,ONDO,LONG,2026-07-21T22:23:33+00:00,52.960525760263124,96.10849729132056,-1.5944213726583507,True,False,25.0,50.0,75.0,52.960525760263124,52.960525760263124,52.960525760263124,52.960525760263124,50.0,52.960525760263124,52.960525760263124,52.960525760263124,51.48026288013156,75.63196664714269
cd1f19c43ef69f79a5c4,SHADOW_1H_FAST_NOHIGH_CAP75_V1,AKE,SHORT,2026-07-21T22:23:33+00:00,-51.33889336370487,16.83079679775995,-51.33889336370487,False,False,-51.33889336370487,-51.33889336370487,-51.33889336370487,-51.33889336370487,-51.33889336370487,-51.33889336370487,-50.0,-50.0,-51.33889336370487,-51.33889336370487,-51.33889336370487,-51.33889336370487,-51.33889336370487
bbd4149ea97af62aead0,SHADOW_1H_FAST_SCORE_6_75_V1,ONDO,LONG,2026-07-21T22:23:33+00:00,-53.736108335389865,3.524925417822761,-52.51313739620041,False,False,-53.736108335389865,-53.736108335389865,-53.736108335389865,-53.736108335389865,-53.736108335389865,-53.736108335389865,-50.0,-50.0,-53.736108335389865,-53.736108335389865,-53.736108335389865,-53.736108335389865,-53.736108335389865
062812116fa0649bb21d,SHADOW_1H_FAST_V3_CAP75_V1,AKE,SHORT,2026-07-21T22:23:33+00:00,-52.54405654692835,17.225894068386285,-52.54405654692835,False,False,-52.54405654692835,-52.54405654692835,-52.54405654692835,-52.54405654692835,-52.54405654692835,-52.54405654692835,-50.0,-50.0,-52.54405654692835,-52.54405654692835,-52.54405654692835,-52.54405654692835,-52.54405654692835
ed5ff2c1fab4dfe04ca5,SHADOW_1H_FAST_V3_LONG_NOHIGH_CAP75_LOCK_V1,ONDO,LONG,2026-07-21T22:23:33+00:00,-53.50113865001988,3.5095121204695374,-52.28351534588813,False,False,-53.50113865001988,-53.50113865001988,-53.50113865001988,-53.50113865001988,-53.50113865001988,-53.50113865001988,-50.0,-50.0,-53.50113865001988,-53.50113865001988,-53.50113865001988,-53.50113865001988,-53.50113865001988
eee4f80fb108cf86c8ac,SHADOW_1H_FAST_V3_LONG_NOHIGH_CAP75_V1,ONDO,LONG,2026-07-21T22:23:33+00:00,-53.50113865001988,3.5095121204695374,-52.28351534588813,False,False,-53.50113865001988,-53.50113865001988,-53.50113865001988,-53.50113865001988,-53.50113865001988,-53.50113865001988,-50.0,-50.0,-53.50113865001988,-53.50113865001988,-53.50113865001988,-53.50113865001988,-53.50113865001988
9d510c2e3517e972de00,SHADOW_1H_FAST_V3_LONG_ONLY_V1,ONDO,LONG,2026-07-21T22:23:33+00:00,-53.97329402837268,3.540484078541562,-52.74492502038563,False,False,-53.97329402837268,-53.97329402837268,-53.97329402837268,-53.97329402837268,-53.97329402837268,-53.97329402837268,-50.0,-50.0,-53.97329402837268,-53.97329402837268,-53.97329402837268,-53.97329402837268,-53.97329402837268
b5bd0b328b4fc0c88fea,SHADOW_1H_FAST_V3_NOHIGH_V1,AKE,SHORT,2026-07-21T22:23:33+00:00,-52.1861431064132,17.10855674391726,-52.1861431064132,False,False,-52.1861431064132,-52.1861431064132,-52.1861431064132,-52.1861431064132,-52.1861431064132,-52.1861431064132,-50.0,-50.0,-52.1861431064132,-52.1861431064132,-52.1861431064132,-52.1861431064132,-52.1861431064132
653b08793eaefe8e7c2d,SHADOW_1H_FAST_V3_NO_ESPORTS_V1,AKE,SHORT,2026-07-21T22:23:33+00:00,-52.54405654692835,17.225894068386285,-52.54405654692835,False,False,-52.54405654692835,-52.54405654692835,-52.54405654692835,-52.54405654692835,-52.54405654692835,-52.54405654692835,-50.0,-50.0,-52.54405654692835,-52.54405654692835,-52.54405654692835,-52.54405654692835,-52.54405654692835
a8e358ce19beb6140048,SHADOW_COMBO_ADAPTIVE_QUALITY7_REGIME_PARTIAL_1R_V1,ONDO,LONG,2026-07-21T22:23:33+00:00,-52.586465963925846,-0.9373486557984715,-51.67956263651578,False,False,-52.586465963925846,-52.586465963925846,-52.586465963925846,-52.586465963925846,-52.586465963925846,-52.586465963925846,-50.0,-50.0,-52.586465963925846,-52.586465963925846,-52.586465963925846,-52.586465963925846,-52.586465963925846
8a2f375e04d7a594402c,SHADOW_COMBO_ADAPTIVE_QUALITY7_REGIME_V1,ONDO,LONG,2026-07-21T22:23:33+00:00,-52.586465963925846,-0.9373486557984715,-51.67956263651578,False,False,-52.586465963925846,-52.586465963925846,-52.586465963925846,-52.586465963925846,-52.586465963925846,-52.586465963925846,-50.0,-50.0,-52.586465963925846,-52.586465963925846,-52.586465963925846,-52.586465963925846,-52.586465963925846
7ba34ad50c0e9df90b33,SHADOW_COMBO_ADAPTIVE_QUALITY7_V1,ONDO,LONG,2026-07-21T22:23:33+00:00,-52.586465963925846,-0.9373486557984715,-51.67956263651578,False,False,-52.586465963925846,-52.586465963925846,-52.586465963925846,-52.586465963925846,-52.586465963925846,-52.586465963925846,-50.0,-50.0,-52.586465963925846,-52.586465963925846,-52.586465963925846,-52.586465963925846,-52.586465963925846
44f7372816dfd3b14070,SHADOW_COMBO_SCANNER,ONDO,LONG,2026-07-21T22:23:33+00:00,55.09920599160001,98.00251338636052,-30.54260970131269,True,False,25.0,50.0,75.0,55.09920599160001,55.09920599160001,55.09920599160001,55.09920599160001,50.0,55.09920599160001,55.09920599160001,55.09920599160001,52.5496029958,67.74857537338461
09be65986a85aa13d1e9,SHADOW_MASTER_ADAPTIVE_GB20_V1,ONDO,LONG,2026-07-21T22:23:33+00:00,-51.85765579084552,-0.9243576851457234,-50.963321483979065,False,False,-51.85765579084552,-51.85765579084552,-51.85765579084552,-51.85765579084552,-51.85765579084552,-51.85765579084552,-50.0,-50.0,-51.85765579084552,-51.85765579084552,-51.85765579084552,-51.85765579084552,-51.85765579084552
49d79208a7391977ddf8,SHADOW_SCANNER_TOP5_BTC,ONDO,LONG,2026-07-21T22:23:33+00:00,54.033986713118345,98.05652778382057,-1.6267388215767067,True,False,25.0,50.0,75.0,54.033986713118345,54.033986713118345,54.033986713118345,54.033986713118345,50.0,54.033986713118345,54.033986713118345,54.033986713118345,52.01699335655917,77.16495677172853
daf9135dd06c793d89b9,SHADOW_SCANNER_TOP5_BTC_RUNNER25_V1,ONDO,LONG,2026-07-21T22:23:33+00:00,-53.29984894598254,-0.9500646382674028,-52.38064265452486,False,False,-53.29984894598254,-53.29984894598254,-53.29984894598254,-53.29984894598254,-53.29984894598254,-53.29984894598254,-50.0,-50.0,-53.29984894598254,-53.29984894598254,-53.29984894598254,-53.29984894598254,-53.29984894598254
167d2e488e24c1425376,SHADOW_SCANNER_TOP5_BTC_TP3_V1,ONDO,LONG,2026-07-21T22:23:33+00:00,-53.29984894598254,-0.9500646382674028,-52.38064265452486,False,False,-53.29984894598254,-53.29984894598254,-53.29984894598254,-53.29984894598254,-53.29984894598254,-53.29984894598254,-50.0,-50.0,-53.29984894598254,-53.29984894598254,-53.29984894598254,-53.29984894598254,-53.29984894598254
501b3156adf480a17266,SHADOW_1H_FAST_V3_LONG_NOHIGH_CAP75_LOCK_V1,XRP,LONG,2026-07-21T22:38:33+00:00,-56.1932223491171,39.95456097066811,-55.31114996653758,False,False,25.0,-56.1932223491171,-56.1932223491171,-56.1932223491171,-56.1932223491171,-56.1932223491171,-50.0,-50.0,-56.1932223491171,-56.1932223491171,-56.1932223491171,-56.1932223491171,-56.1932223491171
8bf4c2bd7786da6321d6,SHADOW_COMBO_ADAPTIVE_MFE_TRAIL,XRP,LONG,2026-07-21T23:23:33+00:00,-52.976754495455644,23.321369050232608,-52.315728838757614,False,False,-52.976754495455644,-52.976754495455644,-52.976754495455644,-52.976754495455644,-52.976754495455644,-52.976754495455644,-50.0,-50.0,-52.976754495455644,-52.976754495455644,-52.976754495455644,-52.976754495455644,-52.976754495455644
3670631cfa6015d98390,SHADOW_MASTER_ADAPTIVE_EXPANDED_V1,PEPE,LONG,2026-07-21T23:23:33+00:00,-54.58746214275932,44.46017546771222,-53.217128124214014,False,False,25.0,-54.58746214275932,-54.58746214275932,-54.58746214275932,-54.58746214275932,-54.58746214275932,-50.0,-50.0,-54.58746214275932,-54.58746214275932,-54.58746214275932,-54.58746214275932,-54.58746214275932
df154bb72c17d4cb36fa,SHADOW_MASTER_ADAPTIVE_NO_ALT_V1,PEPE,LONG,2026-07-21T23:23:33+00:00,-54.58746214275932,44.46017546771222,-53.217128124214014,False,False,25.0,-54.58746214275932,-54.58746214275932,-54.58746214275932,-54.58746214275932,-54.58746214275932,-50.0,-50.0,-54.58746214275932,-54.58746214275932,-54.58746214275932,-54.58746214275932,-54.58746214275932
1a0bf5bb46bcf2be30a1,SHADOW_MASTER_ADAPTIVE_RUNNER25_V1,PEPE,LONG,2026-07-21T23:23:33+00:00,-54.58746214275932,44.46017546771222,-53.217128124214014,False,False,25.0,-54.58746214275932,-54.58746214275932,-54.58746214275932,-54.58746214275932,-54.58746214275932,-50.0,-50.0,-54.58746214275932,-54.58746214275932,-54.58746214275932,-54.58746214275932,-54.58746214275932
098e2065f5db0b942fdf,SHADOW_MASTER_ADAPTIVE_V1,PEPE,LONG,2026-07-21T23:23:33+00:00,-54.58746214275932,44.46017546771222,-53.217128124214014,False,False,25.0,-54.58746214275932,-54.58746214275932,-54.58746214275932,-54.58746214275932,-54.58746214275932,-50.0,-50.0,-54.58746214275932,-54.58746214275932,-54.58746214275932,-54.58746214275932,-54.58746214275932
6b6b250252a3a0a012f0,SHADOW_RSI_LONG_15X_10_RSI25,HYPE,LONG,2026-07-22T00:08:33+00:00,1.313529280111349,1.500438281770407,-1.3361644812757054,False,False,1.313529280111349,1.313529280111349,1.313529280111349,1.313529280111349,1.313529280111349,1.313529280111349,1.313529280111349,1.313529280111349,1.313529280111349,1.313529280111349,1.313529280111349,1.313529280111349,1.313529280111349
dc484ab140b229ec4264,SHADOW_RSI_LONG_15X_50_RSI25,HYPE,LONG,2026-07-22T00:08:33+00:00,6.567646400556745,7.502191408852036,-6.680822406378528,False,False,6.567646400556745,6.567646400556745,6.567646400556745,6.567646400556745,6.567646400556745,6.567646400556745,6.567646400556745,6.567646400556745,6.567646400556745,6.567646400556745,6.567646400556745,6.567646400556745,6.567646400556745
a34f7a0f002b56e65e63,SHADOW_BOLLINGER_MR_1H,BTC,SHORT,2026-07-22T00:23:34+00:00,-0.4177479874830108,39.53102414815176,-15.634317066769793,False,False,25.0,-0.4177479874830108,-0.4177479874830108,-0.4177479874830108,-0.4177479874830108,-0.4177479874830108,-0.4177479874830108,-0.4177479874830108,-0.4177479874830108,-0.4177479874830108,-0.4177479874830108,-0.4177479874830108,-0.4177479874830108
6299fbbb2f0adbc74a19,SHADOW_1H_FAST_V3_NOHIGH_V1,BANK,SHORT,2026-07-22T00:38:33+00:00,-58.69007295400511,9.42597174541808,-58.69007295400511,False,False,-58.69007295400511,-58.69007295400511,-58.69007295400511,-58.69007295400511,-58.69007295400511,-58.69007295400511,-50.0,-50.0,-58.69007295400511,-58.69007295400511,-58.69007295400511,-58.69007295400511,-58.69007295400511
3068fe6b89f2795a901c,SHADOW_SCANNER_BOTTOM5_SHORT,BANK,SHORT,2026-07-22T00:38:33+00:00,-62.363184907162,4.339651595752838,-62.363184907162,False,False,-62.363184907162,-62.363184907162,-62.363184907162,-62.363184907162,-62.363184907162,-62.363184907162,-50.0,-50.0,-62.363184907162,-62.363184907162,-62.363184907162,-62.363184907162,-62.363184907162
2eb01054e89f6e03184f,SHADOW_RSI_SHORT_15X_10_RSI75,BANK,SHORT,2026-07-22T01:23:33+00:00,10.552874220514495,10.580740072500003,-5.895840994872041,False,False,10.552874220514495,10.552874220514495,10.552874220514495,10.552874220514495,10.552874220514495,10.552874220514495,10.552874220514495,10.552874220514495,10.552874220514495,10.552874220514495,10.552874220514495,10.552874220514495,10.552874220514495
0103c79b039493563c79,SHADOW_RSI_SHORT_15X_50_RSI75,BANK,SHORT,2026-07-22T01:23:33+00:00,52.76437110257246,52.903700362500004,-29.4792049743602,True,False,25.0,50.0,52.76437110257246,52.76437110257246,52.76437110257246,52.76437110257246,52.76437110257246,50.0,52.76437110257246,52.76437110257246,52.76437110257246,51.38218555128623,52.76437110257246
230422952136f00397eb,SHADOW_RSI_LONG_5X_RSI25,HYPE,LONG,2026-07-22T01:38:33+00:00,5.7749755776314275,10.243076368226099,-6.660612443073133,False,False,5.7749755776314275,5.7749755776314275,5.7749755776314275,5.7749755776314275,5.7749755776314275,5.7749755776314275,5.7749755776314275,5.7749755776314275,5.7749755776314275,5.7749755776314275,5.7749755776314275,5.7749755776314275,5.7749755776314275
e86298e5036d22e30d4b,SHADOW_RSI_SHORT_5X_RSI75,BANK,SHORT,2026-07-22T01:38:33+00:00,-3.226795178171281,17.494752878277648,-8.197230768919098,False,False,-3.226795178171281,-3.226795178171281,-3.226795178171281,-3.226795178171281,-3.226795178171281,-3.226795178171281,-3.226795178171281,-3.226795178171281,-3.226795178171281,-3.226795178171281,-3.226795178171281,-3.226795178171281,-3.226795178171281
e53cfd35764d1079e4db,SHADOW_BOLLINGER_MR_1H,ADA,SHORT,2026-07-22T03:08:38+00:00,5.613967900905306,49.68193086646065,-31.219691863580955,False,False,25.0,5.613967900905306,5.613967900905306,5.613967900905306,5.613967900905306,5.613967900905306,5.613967900905306,5.613967900905306,5.613967900905306,5.613967900905306,5.613967900905306,5.613967900905306,5.613967900905306
9fea238fa5e41c0828ca,SHADOW_1H_FAST_NOHIGH_CAP75_V1,BANK,SHORT,2026-07-22T03:23:33+00:00,-54.18011434850266,20.81932932723295,-54.18011434850266,False,False,-54.18011434850266,-54.18011434850266,-54.18011434850266,-54.18011434850266,-54.18011434850266,-54.18011434850266,-50.0,-50.0,-54.18011434850266,-54.18011434850266,-54.18011434850266,-54.18011434850266,-54.18011434850266
e033dba24838aaea7101,SHADOW_1H_FAST_SCORE_6_75_V1,BANK,SHORT,2026-07-22T03:23:33+00:00,-55.30935413302012,21.253252644781877,-55.30935413302012,False,False,-55.30935413302012,-55.30935413302012,-55.30935413302012,-55.30935413302012,-55.30935413302012,-55.30935413302012,-50.0,-50.0,-55.30935413302012,-55.30935413302012,-55.30935413302012,-55.30935413302012,-55.30935413302012
5170064a7145c6475743,SHADOW_1H_FAST_V3_CAP75_V1,BANK,SHORT,2026-07-22T03:23:33+00:00,-55.290732192221185,21.24609695079955,-55.290732192221185,False,False,-55.290732192221185,-55.290732192221185,-55.290732192221185,-55.290732192221185,-55.290732192221185,-55.290732192221185,-50.0,-50.0,-55.290732192221185,-55.290732192221185,-55.290732192221185,-55.290732192221185,-55.290732192221185
962df0905ad84bca1346,SHADOW_1H_FAST_V3_NOHIGH_V1,BANK,SHORT,2026-07-22T03:23:33+00:00,-54.13372526299437,20.80150378994866,-54.13372526299437,False,False,-54.13372526299437,-54.13372526299437,-54.13372526299437,-54.13372526299437,-54.13372526299437,-54.13372526299437,-50.0,-50.0,-54.13372526299437,-54.13372526299437,-54.13372526299437,-54.13372526299437,-54.13372526299437
8776470bae3b5a4ab3a4,SHADOW_1H_FAST_V3_NO_ESPORTS_V1,BANK,SHORT,2026-07-22T03:23:33+00:00,-55.290732192221185,21.24609695079955,-55.290732192221185,False,False,-55.290732192221185,-55.290732192221185,-55.290732192221185,-55.290732192221185,-55.290732192221185,-55.290732192221185,-50.0,-50.0,-55.290732192221185,-55.290732192221185,-55.290732192221185,-55.290732192221185,-55.290732192221185
8682f87d11dbd04e98ff,SHADOW_1H_FAST_V3_LONG_NOHIGH_CAP75_LOCK_V1,ONDO,LONG,2026-07-22T03:38:33+00:00,8.38000227531189,50.321083427598225,-14.871826221917594,True,False,25.0,8.38000227531189,8.38000227531189,8.38000227531189,8.38000227531189,8.38000227531189,8.38000227531189,8.38000227531189,8.38000227531189,8.38000227531189,8.38000227531189,29.190001137655944,8.38000227531189
9023b09bf9143f557fd5,SHADOW_1H_FAST_SCORE_6_75_V1,ONDO,LONG,2026-07-22T03:53:33+00:00,-1.1856023617368536,50.634493355080615,-14.964450976001995,True,True,25.0,-1.1856023617368536,-1.1856023617368536,-1.1856023617368536,-1.1856023617368536,-1.1856023617368536,-1.1856023617368536,-1.1856023617368536,-1.1856023617368536,-1.1856023617368536,-1.1856023617368536,24.407198819131573,-1.1856023617368536
7be6b16e5ef55d421e92,SHADOW_1H_FAST_V3_LONG_NOHIGH_CAP75_V1,ONDO,LONG,2026-07-22T03:53:33+00:00,-1.1842393464041918,50.57628194033325,-14.94724725173202,True,True,25.0,-1.1842393464041918,-1.1842393464041918,-1.1842393464041918,-1.1842393464041918,-1.1842393464041918,-1.1842393464041918,-1.1842393464041918,-1.1842393464041918,-1.1842393464041918,-1.1842393464041918,24.407880326797905,-1.1842393464041918
972866588180db1a4fe2,SHADOW_1H_FAST_V3_LONG_ONLY_V1,ONDO,LONG,2026-07-22T03:53:33+00:00,-1.1938099641717919,50.98502217010778,-15.068045796855946,True,True,25.0,-1.1938099641717919,-1.1938099641717919,-1.1938099641717919,-1.1938099641717919,-1.1938099641717919,-1.1938099641717919,-1.1938099641717919,-1.1938099641717919,-1.1938099641717919,-1.1938099641717919,24.403095017914104,-1.1938099641717919
b80347ed065bda3ef3d6,MAIN,ZEC,LONG,2026-07-22T04:08:33+00:00,-51.769990534516374,17.618372363109884,-51.603677172349315,False,False,-51.769990534516374,-51.769990534516374,-51.769990534516374,-51.769990534516374,-51.769990534516374,-51.769990534516374,-50.0,-50.0,-51.769990534516374,-51.769990534516374,-51.769990534516374,-51.769990534516374,-51.769990534516374
aa47f7fbbeb664f93660,SHADOW_1H_FAST_NOHIGH_CAP75_V1,ZEC,SHORT,2026-07-22T04:08:33+00:00,70.65533663325431,71.16049953900621,-26.69786434751692,True,False,25.0,50.0,70.65533663325431,70.65533663325431,70.65533663325431,70.65533663325431,70.65533663325431,50.0,70.65533663325431,70.65533663325431,70.65533663325431,60.327668316627154,70.65533663325431
6c841c82772d6fce35f2,SHADOW_1H_FAST_V3_NOHIGH_V1,ZEC,SHORT,2026-07-22T04:08:33+00:00,71.05404332386958,71.56205685407495,-26.848519876847234,True,False,25.0,50.0,71.05404332386958,71.05404332386958,71.05404332386958,71.05404332386958,71.05404332386958,50.0,71.05404332386958,71.05404332386958,71.05404332386958,60.52702166193479,71.05404332386958
eaa8438fd3ad876a2774,SHADOW_1H_FAST_NOHIGH_CAP75_V1,AKE,SHORT,2026-07-22T04:38:33+00:00,-48.96766930081613,1.337059461729013,-48.625174847121485,False,False,-48.96766930081613,-48.96766930081613,-48.96766930081613,-48.96766930081613,-48.96766930081613,-48.96766930081613,-48.96766930081613,-48.96766930081613,-48.96766930081613,-48.96766930081613,-48.96766930081613,-48.96766930081613,-48.96766930081613
3303009ec0854938ad36,SHADOW_1H_FAST_NOHIGH_CAP75_V1,HYPE,SHORT,2026-07-22T05:23:33+00:00,68.89555965284633,69.56893419532088,-20.290930819974534,True,False,25.0,50.0,68.89555965284633,68.89555965284633,68.89555965284633,68.89555965284633,68.89555965284633,50.0,68.89555965284633,68.89555965284633,68.89555965284633,59.447779826423165,68.89555965284633
5bc5ac50cd975dbf5cf7,SHADOW_1H_FAST_NO_PEPE_V1,HYPE,SHORT,2026-07-22T05:23:33+00:00,69.9046294563213,70.58786649096027,-20.588119284340106,True,False,25.0,50.0,69.9046294563213,69.9046294563213,69.9046294563213,69.9046294563213,69.9046294563213,50.0,69.9046294563213,69.9046294563213,69.9046294563213,59.95231472816065,69.9046294563213
16807ab9e6c2d52dc78d,SHADOW_1H_FAST_SCORE_6_75_V1,HYPE,SHORT,2026-07-22T05:23:33+00:00,69.65483365307016,70.33745579733176,-24.714366598599042,True,False,25.0,50.0,69.65483365307016,69.65483365307016,69.65483365307016,69.65483365307016,69.65483365307016,50.0,69.65483365307016,69.65483365307016,69.65483365307016,59.82741682653508,69.65483365307016
81a9314856bed43eb43f,SHADOW_1H_FAST_V3,HYPE,SHORT,2026-07-22T05:23:33+00:00,69.84652572425682,70.53102646395551,-24.782381234093656,True,False,25.0,50.0,69.84652572425682,69.84652572425682,69.84652572425682,69.84652572425682,69.84652572425682,50.0,69.84652572425682,69.84652572425682,69.84652572425682,59.92326286212841,69.84652572425682
8c7ba589b488abeccd44,SHADOW_1H_FAST_V3_CAP75_V1,HYPE,SHORT,2026-07-22T05:23:33+00:00,68.63130352863868,69.30389500752341,-24.35120589038602,True,False,25.0,50.0,68.63130352863868,68.63130352863868,68.63130352863868,68.63130352863868,68.63130352863868,50.0,68.63130352863868,68.63130352863868,68.63130352863868,59.31565176431934,68.63130352863868
dabaa902c3e39d688af7,SHADOW_1H_FAST_V3_NOHIGH_V1,HYPE,SHORT,2026-07-22T05:23:33+00:00,67.96246727553346,68.62850411329265,-23.72019637797594,True,False,25.0,50.0,67.96246727553346,67.96246727553346,67.96246727553346,67.96246727553346,67.96246727553346,50.0,67.96246727553346,67.96246727553346,67.96246727553346,58.98123363776673,67.96246727553346
e8b417de94ab3fd89ee3,SHADOW_1H_FAST_V3_NO_ESPORTS_V1,HYPE,SHORT,2026-07-22T05:23:33+00:00,68.63130352863868,69.30389500752341,-24.35120589038602,True,False,25.0,50.0,68.63130352863868,68.63130352863868,68.63130352863868,68.63130352863868,68.63130352863868,50.0,68.63130352863868,68.63130352863868,68.63130352863868,59.31565176431934,68.63130352863868
85d2ad66e384a91d4295,SHADOW_BOLLINGER_MR_1H,HYPE,LONG,2026-07-22T05:23:33+00:00,-55.875684105208485,26.298581733649716,-55.21292675815486,False,False,-55.875684105208485,-55.875684105208485,-55.875684105208485,-55.875684105208485,-55.875684105208485,-55.875684105208485,-50.0,-50.0,-55.875684105208485,-55.875684105208485,-55.875684105208485,-55.875684105208485,-55.875684105208485
cd7514e8f765bfdbd22c,SHADOW_COMBO_ADAPTIVE,PEPE,LONG,2026-07-22T05:38:33+00:00,-55.56265249028832,37.50778605314207,-54.39281362705395,False,False,-55.56265249028832,-55.56265249028832,-55.56265249028832,-55.56265249028832,-55.56265249028832,-55.56265249028832,-50.0,-50.0,-55.56265249028832,-55.56265249028832,-55.56265249028832,-55.56265249028832,-55.56265249028832
0824697e49e292bb0b43,SHADOW_COMBO_ADAPTIVE_RUNNER25_V1,PEPE,LONG,2026-07-22T05:38:33+00:00,-54.273007111188804,42.26072199054272,-53.065522883343235,False,False,25.0,-54.273007111188804,-54.273007111188804,-54.273007111188804,-54.273007111188804,-54.273007111188804,-50.0,-50.0,-54.273007111188804,-54.273007111188804,-54.273007111188804,-54.273007111188804,-54.273007111188804
f89546ad869a8398b9e3,SHADOW_COMBO_ADAPTIVE_TP3_V1,PEPE,LONG,2026-07-22T05:38:33+00:00,-54.273007111188804,42.26072199054272,-53.065522883343235,False,False,25.0,-54.273007111188804,-54.273007111188804,-54.273007111188804,-54.273007111188804,-54.273007111188804,-50.0,-50.0,-54.273007111188804,-54.273007111188804,-54.273007111188804,-54.273007111188804,-54.273007111188804
96ab1e3803b40f2f332e,SHADOW_COMBO_SCANNER,PEPE,LONG,2026-07-22T05:38:33+00:00,-54.32705900318188,36.67369383317209,-53.18323483175202,False,False,-54.32705900318188,-54.32705900318188,-54.32705900318188,-54.32705900318188,-54.32705900318188,-54.32705900318188,-50.0,-50.0,-54.32705900318188,-54.32705900318188,-54.32705900318188,-54.32705900318188,-54.32705900318188
03833329bd8d978e7b26,SHADOW_RELATIVE_STRENGTH,PEPE,LONG,2026-07-22T05:38:33+00:00,-54.75262323910455,36.96097263642301,-53.59983906379309,False,False,-54.75262323910455,-54.75262323910455,-54.75262323910455,-54.75262323910455,-54.75262323910455,-54.75262323910455,-50.0,-50.0,-54.75262323910455,-54.75262323910455,-54.75262323910455,-54.75262323910455,-54.75262323910455
d79f86e2c76aca591f65,SHADOW_RELATIVE_STRENGTH,XRP,LONG,2026-07-22T05:38:33+00:00,-55.152197202521805,31.075894394481278,-54.46835840668547,False,False,25.0,-55.152197202521805,-55.152197202521805,-55.152197202521805,-55.152197202521805,-55.152197202521805,-50.0,-50.0,-55.152197202521805,-55.152197202521805,-55.152197202521805,-55.152197202521805,-55.152197202521805
7d27fd1a37ca1e8fda39,SHADOW_SCANNER_TOP5_BTC_BTC_2_3_V1,PEPE,LONG,2026-07-22T05:38:33+00:00,-54.40387433612756,44.95349782307606,-53.15901549989097,False,False,25.0,-54.40387433612756,-54.40387433612756,-54.40387433612756,-54.40387433612756,-54.40387433612756,-50.0,-50.0,-54.40387433612756,-54.40387433612756,-54.40387433612756,-54.40387433612756,-54.40387433612756
05db9e2e78ff8611a183,SHADOW_SCANNER_TOP5_BTC_BTC_LE3_V1,PEPE,LONG,2026-07-22T05:38:33+00:00,-54.40387433612756,44.95349782307606,-53.15901549989097,False,False,25.0,-54.40387433612756,-54.40387433612756,-54.40387433612756,-54.40387433612756,-54.40387433612756,-50.0,-50.0,-54.40387433612756,-54.40387433612756,-54.40387433612756,-54.40387433612756,-54.40387433612756
47d292921829803361ec,SHADOW_SCANNER_TOP5_BTC_RUNNER25_V1,PEPE,LONG,2026-07-22T05:38:33+00:00,-54.273007111188804,42.26072199054272,-53.065522883343235,False,False,25.0,-54.273007111188804,-54.273007111188804,-54.273007111188804,-54.273007111188804,-54.273007111188804,-50.0,-50.0,-54.273007111188804,-54.273007111188804,-54.273007111188804,-54.273007111188804,-54.273007111188804
30be76f6a07b820441fd,SHADOW_SCANNER_TOP5_BTC_TP3_V1,PEPE,LONG,2026-07-22T05:38:33+00:00,-54.273007111188804,42.26072199054272,-53.065522883343235,False,False,25.0,-54.273007111188804,-54.273007111188804,-54.273007111188804,-54.273007111188804,-54.273007111188804,-50.0,-50.0,-54.273007111188804,-54.273007111188804,-54.273007111188804,-54.273007111188804,-54.273007111188804
8ded74ac4f5d7eb7aa34,SHADOW_1H_BALANCED,ADA,LONG,2026-07-22T05:53:33+00:00,-56.08895660598197,20.58670573546653,-54.36808712130869,False,False,-56.08895660598197,-56.08895660598197,-56.08895660598197,-56.08895660598197,-56.08895660598197,-56.08895660598197,-50.0,-50.0,-56.08895660598197,-56.08895660598197,-56.08895660598197,-56.08895660598197,-56.08895660598197
bc050fe0333265284f94,SHADOW_1H_BALANCED_V3,ADA,LONG,2026-07-22T05:53:33+00:00,-55.91435695490791,43.30755020114844,-54.50646611673622,False,False,25.0,-55.91435695490791,-55.91435695490791,-55.91435695490791,-55.91435695490791,-55.91435695490791,-50.0,-50.0,-55.91435695490791,-55.91435695490791,-55.91435695490791,-55.91435695490791,-55.91435695490791
bb484610753f6b94fc38,SHADOW_1H_FAST,ADA,LONG,2026-07-22T05:53:33+00:00,-54.308997026478885,35.493906469838585,-52.6847576653908,False,False,-54.308997026478885,-54.308997026478885,-54.308997026478885,-54.308997026478885,-54.308997026478885,-54.308997026478885,-50.0,-50.0,-54.308997026478885,-54.308997026478885,-54.308997026478885,-54.308997026478885,-54.308997026478885
637b51314d069cf00a90,SHADOW_COMBO_ADAPTIVE_LONG_ONLY_V1,ADA,LONG,2026-07-22T05:53:33+00:00,-54.26662436176333,19.67051259141049,-53.01253312817117,False,False,-54.26662436176333,-54.26662436176333,-54.26662436176333,-54.26662436176333,-54.26662436176333,-54.26662436176333,-50.0,-50.0,-54.26662436176333,-54.26662436176333,-54.26662436176333,-54.26662436176333,-54.26662436176333
477c1dffefffcc9e86dc,SHADOW_COMBO_ADAPTIVE_PARTIAL_1R_V1,ADA,LONG,2026-07-22T05:53:33+00:00,-53.847477575192414,19.518580676723307,-52.603072743081995,False,False,-53.847477575192414,-53.847477575192414,-53.847477575192414,-53.847477575192414,-53.847477575192414,-53.847477575192414,-50.0,-50.0,-53.847477575192414,-53.847477575192414,-53.847477575192414,-53.847477575192414,-53.847477575192414
935146131440cbfc6a0c,SHADOW_COMBO_ADAPTIVE_QUALITY7_REGIME_PARTIAL_1R_V1,ADA,LONG,2026-07-22T05:53:33+00:00,-54.104980083523174,19.611919932518422,-52.85462441805757,False,False,-54.104980083523174,-54.104980083523174,-54.104980083523174,-54.104980083523174,-54.104980083523174,-54.104980083523174,-50.0,-50.0,-54.104980083523174,-54.104980083523174,-54.104980083523174,-54.104980083523174,-54.104980083523174
b8ddda359f51539e6400,SHADOW_COMBO_ADAPTIVE_QUALITY7_REGIME_V1,ADA,LONG,2026-07-22T05:53:33+00:00,-54.104980083523174,19.611919932518422,-52.85462441805757,False,False,-54.104980083523174,-54.104980083523174,-54.104980083523174,-54.104980083523174,-54.104980083523174,-54.104980083523174,-50.0,-50.0,-54.104980083523174,-54.104980083523174,-54.104980083523174,-54.104980083523174,-54.104980083523174
edb877c95628f939fd07,SHADOW_COMBO_ADAPTIVE_QUALITY7_V1,ADA,LONG,2026-07-22T05:53:33+00:00,-54.104980083523174,19.611919932518422,-52.85462441805757,False,False,-54.104980083523174,-54.104980083523174,-54.104980083523174,-54.104980083523174,-54.104980083523174,-54.104980083523174,-50.0,-50.0,-54.104980083523174,-54.104980083523174,-54.104980083523174,-54.104980083523174,-54.104980083523174
dd3e24ab24416c9b87d6,SHADOW_COMBO_ADAPTIVE_REGIME_V1,ADA,LONG,2026-07-22T05:53:33+00:00,-53.97051197914978,19.563178066383784,-52.72326384566861,False,False,-53.97051197914978,-53.97051197914978,-53.97051197914978,-53.97051197914978,-53.97051197914978,-53.97051197914978,-50.0,-50.0,-53.97051197914978,-53.97051197914978,-53.97051197914978,-53.97051197914978,-53.97051197914978
8f08832af0d5b66fade1,SHADOW_DONCHIAN_1H,ADA,LONG,2026-07-22T05:53:33+00:00,-54.52475772091755,17.925661493196415,-53.38495416891983,False,False,-54.52475772091755,-54.52475772091755,-54.52475772091755,-54.52475772091755,-54.52475772091755,-54.52475772091755,-50.0,-50.0,-54.52475772091755,-54.52475772091755,-54.52475772091755,-54.52475772091755,-54.52475772091755
f1a18acd3d1fe0e2cef5,SHADOW_MASTER_ADAPTIVE_EXPANDED_V1,ADA,LONG,2026-07-22T05:53:33+00:00,-54.11138561516964,14.58897090645399,-52.86102994970391,False,False,-54.11138561516964,-54.11138561516964,-54.11138561516964,-54.11138561516964,-54.11138561516964,-54.11138561516964,-50.0,-50.0,-54.11138561516964,-54.11138561516964,-54.11138561516964,-54.11138561516964,-54.11138561516964
4e41ea57f47ae288c54f,SHADOW_MASTER_ADAPTIVE_GB20_V1,ADA,LONG,2026-07-22T05:53:33+00:00,-54.11138561516964,14.58897090645399,-52.86102994970391,False,False,-54.11138561516964,-54.11138561516964,-54.11138561516964,-54.11138561516964,-54.11138561516964,-54.11138561516964,-50.0,-50.0,-54.11138561516964,-54.11138561516964,-54.11138561516964,-54.11138561516964,-54.11138561516964
1e38f761877381fa6a39,SHADOW_MASTER_ADAPTIVE_NO_ALT_V1,ADA,LONG,2026-07-22T05:53:33+00:00,-54.11138561516964,14.58897090645399,-52.86102994970391,False,False,-54.11138561516964,-54.11138561516964,-54.11138561516964,-54.11138561516964,-54.11138561516964,-54.11138561516964,-50.0,-50.0,-54.11138561516964,-54.11138561516964,-54.11138561516964,-54.11138561516964,-54.11138561516964
01091ee6882b3827d384,SHADOW_MASTER_ADAPTIVE_RUNNER25_V1,ADA,LONG,2026-07-22T05:53:33+00:00,-54.11138561516964,14.58897090645399,-52.86102994970391,False,False,-54.11138561516964,-54.11138561516964,-54.11138561516964,-54.11138561516964,-54.11138561516964,-54.11138561516964,-50.0,-50.0,-54.11138561516964,-54.11138561516964,-54.11138561516964,-54.11138561516964,-54.11138561516964
8974549cdc0b5aaaa5a6,SHADOW_MASTER_ADAPTIVE_STRICT3_V1,ADA,LONG,2026-07-22T05:53:33+00:00,-54.11138561516964,14.58897090645399,-52.86102994970391,False,False,-54.11138561516964,-54.11138561516964,-54.11138561516964,-54.11138561516964,-54.11138561516964,-54.11138561516964,-50.0,-50.0,-54.11138561516964,-54.11138561516964,-54.11138561516964,-54.11138561516964,-54.11138561516964
a9c0feeffe879f1f8758,SHADOW_MASTER_ADAPTIVE_V1,ADA,LONG,2026-07-22T05:53:33+00:00,-54.11138561516964,14.58897090645399,-52.86102994970391,False,False,-54.11138561516964,-54.11138561516964,-54.11138561516964,-54.11138561516964,-54.11138561516964,-54.11138561516964,-50.0,-50.0,-54.11138561516964,-54.11138561516964,-54.11138561516964,-54.11138561516964,-54.11138561516964
de51235bb53fff97a86a,SHADOW_RELATIVE_STRENGTH_V2,ADA,LONG,2026-07-22T05:53:33+00:00,-54.98111729080056,28.562230429514315,-53.68084988807485,False,False,-54.98111729080056,-54.98111729080056,-54.98111729080056,-54.98111729080056,-54.98111729080056,-54.98111729080056,-50.0,-50.0,-54.98111729080056,-54.98111729080056,-54.98111729080056,-54.98111729080056,-54.98111729080056
d10d000f837b15216fdd,SHADOW_SCANNER_TOP5_BTC_GUARD_MFE_V1,ADA,LONG,2026-07-22T05:53:33+00:00,-53.455211582908824,19.376392485894304,-52.21987194230322,False,False,-53.455211582908824,-53.455211582908824,-53.455211582908824,-53.455211582908824,-53.455211582908824,-53.455211582908824,-50.0,-50.0,-53.455211582908824,-53.455211582908824,-53.455211582908824,-53.455211582908824,-53.455211582908824
7000b25e0d5d465369c6,SHADOW_SCANNER_TOP5_BTC_GUARD_V1,ADA,LONG,2026-07-22T05:53:33+00:00,-53.455211582908824,19.376392485894304,-52.21987194230322,False,False,-53.455211582908824,-53.455211582908824,-53.455211582908824,-53.455211582908824,-53.455211582908824,-53.455211582908824,-50.0,-50.0,-53.455211582908824,-53.455211582908824,-53.455211582908824,-53.455211582908824,-53.455211582908824
c84561c1153beeeec127,SHADOW_SCANNER_TOP5_BTC_MFE_V1,ADA,LONG,2026-07-22T05:53:33+00:00,-54.42518522304114,19.727987576356625,-53.16742967849436,False,False,-54.42518522304114,-54.42518522304114,-54.42518522304114,-54.42518522304114,-54.42518522304114,-54.42518522304114,-50.0,-50.0,-54.42518522304114,-54.42518522304114,-54.42518522304114,-54.42518522304114,-54.42518522304114
a072e2de50a009d3555c,SHADOW_SCANNER_TOP5_BTC_RUNNER25_V1,ADA,LONG,2026-07-22T05:53:33+00:00,-55.42152534048452,3.465055105755473,-53.908811171886946,False,False,-55.42152534048452,-55.42152534048452,-55.42152534048452,-55.42152534048452,-55.42152534048452,-55.42152534048452,-50.0,-50.0,-55.42152534048452,-55.42152534048452,-55.42152534048452,-55.42152534048452,-55.42152534048452
4bdccc6df6078cf731d5,SHADOW_SCANNER_TOP5_BTC_TP3_V1,ADA,LONG,2026-07-22T05:53:33+00:00,-55.42152534048452,3.465055105755473,-53.908811171886946,False,False,-55.42152534048452,-55.42152534048452,-55.42152534048452,-55.42152534048452,-55.42152534048452,-55.42152534048452,-50.0,-50.0,-55.42152534048452,-55.42152534048452,-55.42152534048452,-55.42152534048452,-55.42152534048452
b2f46efccb27aba10238,SHADOW_SCANNER_TOP5_LONG,ADA,LONG,2026-07-22T05:53:33+00:00,-56.679316240770945,20.545062769229418,-55.369468162701935,False,False,-56.679316240770945,-56.679316240770945,-56.679316240770945,-56.679316240770945,-56.679316240770945,-56.679316240770945,-50.0,-50.0,-56.679316240770945,-56.679316240770945,-56.679316240770945,-56.679316240770945,-56.679316240770945
b26cb98f1f5b59d78465,SHADOW_1H_FAST_TP2_V1,HYPE,SHORT,2026-07-22T06:08:34+00:00,95.24001264264962,95.94834190162902,-49.1304462379021,True,False,25.0,50.0,75.0,95.24001264264962,95.24001264264962,95.24001264264962,95.24001264264962,50.0,95.24001264264962,95.24001264264962,95.24001264264962,72.62000632132481,95.24001264264962
3635c3da962ea95dcb57,SHADOW_COMBO_ADAPTIVE_PARTIAL_1R_V1,HYPE,SHORT,2026-07-22T06:23:33+00:00,76.28570564108323,95.28776307144858,-19.045006946192117,True,False,25.0,50.0,75.0,76.28570564108323,76.28570564108323,76.28570564108323,76.28570564108323,50.0,76.28570564108323,76.28570564108323,76.28570564108323,63.14285282054161,76.28570564108323
cac25d124edd9174a355,SHADOW_MASTER_ADAPTIVE_STRICT3_V1,XRP,LONG,2026-07-22T06:23:33+00:00,-54.748825196815545,40.56531293721051,-54.0699878595002,False,False,25.0,-54.748825196815545,-54.748825196815545,-54.748825196815545,-54.748825196815545,-54.748825196815545,-50.0,-50.0,-54.748825196815545,-54.748825196815545,-54.748825196815545,-54.748825196815545,-54.748825196815545
35129353240fcb7b8dd2,SHADOW_SCANNER_TOP5_BTC,XRP,LONG,2026-07-22T06:23:33+00:00,-57.536602776953416,44.64169491422791,-56.823199446619284,False,False,25.0,-57.536602776953416,-57.536602776953416,-57.536602776953416,-57.536602776953416,-57.536602776953416,-50.0,-50.0,-57.536602776953416,-57.536602776953416,-57.536602776953416,-57.536602776953416,-57.536602776953416
f929a72957910743a1d4,SHADOW_SCANNER_TOP5_BTC_GUARD_V1,XRP,LONG,2026-07-22T06:23:33+00:00,-54.23150805312669,40.18201463361982,-53.55908499394621,False,False,25.0,-54.23150805312669,-54.23150805312669,-54.23150805312669,-54.23150805312669,-54.23150805312669,-50.0,-50.0,-54.23150805312669,-54.23150805312669,-54.23150805312669,-54.23150805312669,-54.23150805312669
0b5bd65761e5bbacaff1,SHADOW_SCANNER_TOP5_LONG,BTC,LONG,2026-07-22T06:23:33+00:00,-56.78526077957858,0.067741232455375,-56.06517490746534,False,False,-56.78526077957858,-56.78526077957858,-56.78526077957858,-56.78526077957858,-56.78526077957858,-56.78526077957858,-50.0,-50.0,-56.78526077957858,-56.78526077957858,-56.78526077957858,-56.78526077957858,-56.78526077957858
1ea1a3c7d7db44bede1b,SHADOW_1H_BALANCED,HYPE,SHORT,2026-07-22T06:38:33+00:00,98.90549607169064,99.44952159067546,-29.976958241825756,True,False,25.0,50.0,75.0,98.90549607169064,98.90549607169064,98.90549607169064,98.90549607169064,50.0,98.90549607169064,98.90549607169064,98.90549607169064,74.45274803584532,98.90549607169064
b9cbb6117f01e0449e0e,SHADOW_1H_BALANCED_V3,HYPE,SHORT,2026-07-22T06:38:33+00:00,99.23221595988633,99.77803858786709,-30.075982753447615,True,False,25.0,50.0,75.0,99.23221595988633,99.23221595988633,99.23221595988633,99.23221595988633,50.0,99.23221595988633,99.23221595988633,99.23221595988633,74.61610797994317,99.23221595988633
57b9a7b8f9b8dd8c9387,SHADOW_1H_FAST_NO_PEPE_V1,BTC,LONG,2026-07-22T06:38:33+00:00,-54.02595673736869,19.742091885276967,-53.144583891663004,False,False,-54.02595673736869,-54.02595673736869,-54.02595673736869,-54.02595673736869,-54.02595673736869,-54.02595673736869,-50.0,-50.0,-54.02595673736869,-54.02595673736869,-54.02595673736869,-54.02595673736869,-54.02595673736869
57ab3bf34dbfdf31ea0b,SHADOW_1H_FAST_SCORE_6_75_V1,BTC,LONG,2026-07-22T06:38:33+00:00,-53.978381353063014,19.7247069528267,-53.09778464635391,False,False,-53.978381353063014,-53.978381353063014,-53.978381353063014,-53.978381353063014,-53.978381353063014,-53.978381353063014,-50.0,-50.0,-53.978381353063014,-53.978381353063014,-53.978381353063014,-53.978381353063014,-53.978381353063014
d1bd1abc65e95b7619e8,SHADOW_1H_FAST_TP2_V1,BTC,LONG,2026-07-22T06:38:33+00:00,-54.02595673736869,19.742091885276967,-53.144583891663004,False,False,-54.02595673736869,-54.02595673736869,-54.02595673736869,-54.02595673736869,-54.02595673736869,-54.02595673736869,-50.0,-50.0,-54.02595673736869,-54.02595673736869,-54.02595673736869,-54.02595673736869,-54.02595673736869
1c8c65d0899a43ab22b4,SHADOW_1H_FAST_V3_CAP75_V1,BTC,LONG,2026-07-22T06:38:33+00:00,-53.978381353063014,19.7247069528267,-53.09778464635391,False,False,-53.978381353063014,-53.978381353063014,-53.978381353063014,-53.978381353063014,-53.978381353063014,-53.978381353063014,-50.0,-50.0,-53.978381353063014,-53.978381353063014,-53.978381353063014,-53.978381353063014,-53.978381353063014
a3f697f1cc93c908ae5b,SHADOW_1H_FAST_V3_LONG_ONLY_V1,BTC,LONG,2026-07-22T06:38:33+00:00,-54.456618722806525,19.899463804285087,-53.568220110181294,False,False,-54.456618722806525,-54.456618722806525,-54.456618722806525,-54.456618722806525,-54.456618722806525,-54.456618722806525,-50.0,-50.0,-54.456618722806525,-54.456618722806525,-54.456618722806525,-54.456618722806525,-54.456618722806525
ce1cf93a398455041de9,SHADOW_1H_FAST_V3_NO_ESPORTS_V1,BTC,LONG,2026-07-22T06:38:33+00:00,-53.978381353063014,19.7247069528267,-53.09778464635391,False,False,-53.978381353063014,-53.978381353063014,-53.978381353063014,-53.978381353063014,-53.978381353063014,-53.978381353063014,-50.0,-50.0,-53.978381353063014,-53.978381353063014,-53.978381353063014,-53.978381353063014,-53.978381353063014
8caf442ca4315c6d98a0,SHADOW_COMBO_ADAPTIVE_MFE_TRAIL,HYPE,SHORT,2026-07-22T06:38:33+00:00,92.19057218395763,92.7183941432127,-27.134598070621745,True,False,25.0,50.0,75.0,92.19057218395763,92.19057218395763,92.19057218395763,92.19057218395763,50.0,92.19057218395763,92.19057218395763,92.19057218395763,71.0952860919788,92.19057218395763
d4db996fdd35cab49aca,SHADOW_COMBO_ADAPTIVE_REGIME_V1,HYPE,SHORT,2026-07-22T06:38:33+00:00,94.83041736435807,95.35202808440137,-28.741855349734543,True,False,25.0,50.0,75.0,94.83041736435807,94.83041736435807,94.83041736435807,94.83041736435807,50.0,94.83041736435807,94.83041736435807,94.83041736435807,72.41520868217904,94.83041736435807
d1188512bb5cd350171b,SHADOW_COMBO_ADAPTIVE_RUNNER25_V1,HYPE,SHORT,2026-07-22T06:38:33+00:00,93.24275448091575,98.18014589888291,-19.223803408089903,True,False,25.0,50.0,75.0,93.24275448091575,93.24275448091575,93.24275448091575,93.24275448091575,50.0,93.24275448091575,93.24275448091575,30.0,71.62137724045787,21.475913455281525
c084713f704542b34f54,SHADOW_COMBO_TREND,PEPE,LONG,2026-07-22T06:38:33+00:00,-54.1158827127389,33.14069850409123,-53.08526522841391,False,False,-54.1158827127389,-54.1158827127389,-54.1158827127389,-54.1158827127389,-54.1158827127389,-54.1158827127389,-50.0,-50.0,-54.1158827127389,-54.1158827127389,-54.1158827127389,-54.1158827127389,-54.1158827127389
b6ec6d3207d96e21fcb2,SHADOW_EMA_TREND_1H,HYPE,SHORT,2026-07-22T06:38:33+00:00,105.49246570948056,105.95653703452905,-17.213344375275017,True,False,25.0,50.0,75.0,100.0,105.49246570948056,105.49246570948056,105.49246570948056,50.0,105.49246570948056,105.49246570948056,105.49246570948056,77.74623285474027,105.49246570948056
fb6d2c03ca19ce999a46,SHADOW_1H_FAST_NO_PEPE_V1,AKE,SHORT,2026-07-22T07:53:34+00:00,-52.965081307815865,18.685051932482622,-52.965081307815865,False,False,-52.965081307815865,-52.965081307815865,-52.965081307815865,-52.965081307815865,-52.965081307815865,-52.965081307815865,-50.0,-50.0,-52.965081307815865,-52.965081307815865,-52.965081307815865,-52.965081307815865,-52.965081307815865
5e9cd61cf71aa468f0e8,SHADOW_1H_FAST_TP2_V1,AKE,SHORT,2026-07-22T07:53:34+00:00,-52.965081307815865,18.685051932482622,-52.965081307815865,False,False,-52.965081307815865,-52.965081307815865,-52.965081307815865,-52.965081307815865,-52.965081307815865,-52.965081307815865,-50.0,-50.0,-52.965081307815865,-52.965081307815865,-52.965081307815865,-52.965081307815865,-52.965081307815865
810cd435a9b7c2cdcdf0,SHADOW_BTC_EMA_1H,BTC,LONG,2026-07-22T07:53:34+00:00,-53.15717707129165,9.788017218454272,-52.47399540292611,False,False,-53.15717707129165,-53.15717707129165,-53.15717707129165,-53.15717707129165,-53.15717707129165,-53.15717707129165,-50.0,-50.0,-53.15717707129165,-53.15717707129165,-53.15717707129165,-53.15717707129165,-53.15717707129165
266c2815498dfc9b3791,SHADOW_COMBO_ADAPTIVE_LONG_ONLY_V1,BTC,LONG,2026-07-22T07:53:34+00:00,-53.12585184505519,3.3992350861250293,-52.44374027130198,False,False,-53.12585184505519,-53.12585184505519,-53.12585184505519,-53.12585184505519,-53.12585184505519,-53.12585184505519,-50.0,-50.0,-53.12585184505519,-53.12585184505519,-53.12585184505519,-53.12585184505519,-53.12585184505519
393a7104bde884a5bbe8,SHADOW_COMBO_ADAPTIVE_PARTIAL_1R_V1,BTC,LONG,2026-07-22T07:53:34+00:00,-52.53821162162069,3.3616351757961977,-51.86364507883991,False,False,-52.53821162162069,-52.53821162162069,-52.53821162162069,-52.53821162162069,-52.53821162162069,-52.53821162162069,-50.0,-50.0,-52.53821162162069,-52.53821162162069,-52.53821162162069,-52.53821162162069,-52.53821162162069
a9f8f91727f47206a36e,SHADOW_COMBO_MEAN_REVERSION,ZEC,LONG,2026-07-22T07:53:34+00:00,-54.544937197971166,4.8834866448741145,-54.0396686607618,False,False,-54.544937197971166,-54.544937197971166,-54.544937197971166,-54.544937197971166,-54.544937197971166,-54.544937197971166,-50.0,-50.0,-54.544937197971166,-54.544937197971166,-54.544937197971166,-54.544937197971166,-54.544937197971166
e0661521300020ec30b0,SHADOW_EMA_TREND_1H,BTC,LONG,2026-07-22T07:53:34+00:00,-52.62580046102098,0.6728360809479685,-52.014647094787605,False,False,-52.62580046102098,-52.62580046102098,-52.62580046102098,-52.62580046102098,-52.62580046102098,-52.62580046102098,-50.0,-50.0,-52.62580046102098,-52.62580046102098,-52.62580046102098,-52.62580046102098,-52.62580046102098
645e89fb249365995d2f,SHADOW_MASTER_ADAPTIVE_EXPANDED_V1,BTC,LONG,2026-07-22T07:53:34+00:00,-52.85065535698408,3.3816267556165975,-52.172077179930405,False,False,-52.85065535698408,-52.85065535698408,-52.85065535698408,-52.85065535698408,-52.85065535698408,-52.85065535698408,-50.0,-50.0,-52.85065535698408,-52.85065535698408,-52.85065535698408,-52.85065535698408,-52.85065535698408
2e7b02cd272b73659a11,SHADOW_MASTER_ADAPTIVE_GB20_V1,BTC,LONG,2026-07-22T07:53:34+00:00,-52.73734008423477,3.374376325975552,-52.060216823315926,False,False,-52.73734008423477,-52.73734008423477,-52.73734008423477,-52.73734008423477,-52.73734008423477,-52.73734008423477,-50.0,-50.0,-52.73734008423477,-52.73734008423477,-52.73734008423477,-52.73734008423477,-52.73734008423477
d8d3c79fc1a3a607a8c5,SHADOW_MASTER_ADAPTIVE_NO_ALT_V1,BTC,LONG,2026-07-22T07:53:34+00:00,-52.85065535698408,3.3816267556165975,-52.172077179930405,False,False,-52.85065535698408,-52.85065535698408,-52.85065535698408,-52.85065535698408,-52.85065535698408,-52.85065535698408,-50.0,-50.0,-52.85065535698408,-52.85065535698408,-52.85065535698408,-52.85065535698408,-52.85065535698408
1c4fd99e86cf9631e9f9,SHADOW_MASTER_ADAPTIVE_RUNNER25_V1,BTC,LONG,2026-07-22T07:53:34+00:00,-52.85065535698408,3.3816267556165975,-52.172077179930405,False,False,-52.85065535698408,-52.85065535698408,-52.85065535698408,-52.85065535698408,-52.85065535698408,-52.85065535698408,-50.0,-50.0,-52.85065535698408,-52.85065535698408,-52.85065535698408,-52.85065535698408,-52.85065535698408
301f583580bcbd819f91,SHADOW_MASTER_ADAPTIVE_V1,BTC,LONG,2026-07-22T07:53:34+00:00,-52.85065535698408,3.3816267556165975,-52.172077179930405,False,False,-52.85065535698408,-52.85065535698408,-52.85065535698408,-52.85065535698408,-52.85065535698408,-52.85065535698408,-50.0,-50.0,-52.85065535698408,-52.85065535698408,-52.85065535698408,-52.85065535698408,-52.85065535698408
ac6a43b7488d457602cd,SHADOW_SCANNER_BOTTOM5_SHORT,AKE,SHORT,2026-07-22T08:23:34+00:00,-49.59970126263595,37.204365474273054,-49.32598333245499,False,False,25.0,-49.59970126263595,-49.59970126263595,-49.59970126263595,-49.59970126263595,-49.59970126263595,-49.59970126263595,-49.59970126263595,-49.59970126263595,-49.59970126263595,-49.59970126263595,-49.59970126263595,-49.59970126263595
92079f56e6be47d5c49a,SHADOW_1H_FAST,HYPE,SHORT,2026-07-22T08:38:33+00:00,-4.630598779317962,43.384134419271525,-17.899476235951067,False,False,25.0,-4.630598779317962,-4.630598779317962,-4.630598779317962,-4.630598779317962,-4.630598779317962,-4.630598779317962,-4.630598779317962,-4.630598779317962,-4.630598779317962,-4.630598779317962,-4.630598779317962,-4.630598779317962
1385e10e9c2bd3f663a9,SHADOW_1H_FAST_NOHIGH_CAP75_V1,HYPE,SHORT,2026-07-22T08:38:33+00:00,-4.627610237308364,43.35613473403835,-17.887924093511117,False,False,25.0,-4.627610237308364,-4.627610237308364,-4.627610237308364,-4.627610237308364,-4.627610237308364,-4.627610237308364,-4.627610237308364,-4.627610237308364,-4.627610237308364,-4.627610237308364,-4.627610237308364,-4.627610237308364
85b966699e956f1b35b4,SHADOW_1H_FAST_SCORE_6_75_V1,HYPE,SHORT,2026-07-22T08:38:33+00:00,-4.667782631921227,43.73251037159362,-18.04320958832138,False,False,25.0,-4.667782631921227,-4.667782631921227,-4.667782631921227,-4.667782631921227,-4.667782631921227,-4.667782631921227,-4.667782631921227,-4.667782631921227,-4.667782631921227,-4.667782631921227,-4.667782631921227,-4.667782631921227
9c542b692dec9cbf2b6c,SHADOW_1H_FAST_V3,HYPE,SHORT,2026-07-22T08:38:33+00:00,-4.7278986306259245,44.29573787042207,-18.275586639648136,False,False,25.0,-4.7278986306259245,-4.7278986306259245,-4.7278986306259245,-4.7278986306259245,-4.7278986306259245,-4.7278986306259245,-4.7278986306259245,-4.7278986306259245,-4.7278986306259245,-4.7278986306259245,-4.7278986306259245,-4.7278986306259245
a4ed40fbdcfbc20255a0,SHADOW_1H_FAST_V3_CAP75_V1,HYPE,SHORT,2026-07-22T08:38:33+00:00,-4.657289053943119,43.634195916112255,-18.00264689684222,False,False,25.0,-4.657289053943119,-4.657289053943119,-4.657289053943119,-4.657289053943119,-4.657289053943119,-4.657289053943119,-4.657289053943119,-4.657289053943119,-4.657289053943119,-4.657289053943119,-4.657289053943119,-4.657289053943119
0f9794f8f0e521e551c1,SHADOW_1H_FAST_V3_NOHIGH_V1,HYPE,SHORT,2026-07-22T08:38:33+00:00,-4.647212607923076,43.53978957485146,-17.96369661963743,False,False,25.0,-4.647212607923076,-4.647212607923076,-4.647212607923076,-4.647212607923076,-4.647212607923076,-4.647212607923076,-4.647212607923076,-4.647212607923076,-4.647212607923076,-4.647212607923076,-4.647212607923076,-4.647212607923076
76c286815566729addaa,SHADOW_1H_FAST_V3_NO_ESPORTS_V1,HYPE,SHORT,2026-07-22T08:38:33+00:00,-4.657289053943119,43.634195916112255,-18.00264689684222,False,False,25.0,-4.657289053943119,-4.657289053943119,-4.657289053943119,-4.657289053943119,-4.657289053943119,-4.657289053943119,-4.657289053943119,-4.657289053943119,-4.657289053943119,-4.657289053943119,-4.657289053943119,-4.657289053943119
ae9a59fd2ce7bd540673,SHADOW_BTC_BOLLINGER_1H,BTC,SHORT,2026-07-22T08:38:33+00:00,31.26573403767476,61.998623469797494,-16.98290301807019,True,False,25.0,50.0,31.26573403767476,31.26573403767476,31.26573403767476,31.26573403767476,31.26573403767476,50.0,31.26573403767476,31.26573403767476,31.26573403767476,40.63286701883738,38.738793498296516
d167f7e2d71e5eab807c,SHADOW_1H_FAST_NO_PEPE_V1,BANK,SHORT,2026-07-22T08:53:34+00:00,-68.57367665759404,23.14167023223077,-68.57367665759404,False,False,-68.57367665759404,-68.57367665759404,-68.57367665759404,-68.57367665759404,-68.57367665759404,-68.57367665759404,-50.0,-50.0,-68.57367665759404,-68.57367665759404,-68.57367665759404,-68.57367665759404,-68.57367665759404
929abb2495b8a49e59a4,SHADOW_1H_FAST_SCORE_6_75_V1,BANK,SHORT,2026-07-22T08:53:34+00:00,-68.4946856058711,23.115012993485976,-68.4946856058711,False,False,-68.4946856058711,-68.4946856058711,-68.4946856058711,-68.4946856058711,-68.4946856058711,-68.4946856058711,-50.0,-50.0,-68.4946856058711,-68.4946856058711,-68.4946856058711,-68.4946856058711,-68.4946856058711
1e9623f32473e5c21753,SHADOW_1H_FAST_TP2_V1,BANK,SHORT,2026-07-22T08:53:34+00:00,-68.81731667665072,23.22389182586848,-68.81731667665072,False,False,-68.81731667665072,-68.81731667665072,-68.81731667665072,-68.81731667665072,-68.81731667665072,-68.81731667665072,-50.0,-50.0,-68.81731667665072,-68.81731667665072,-68.81731667665072,-68.81731667665072,-68.81731667665072
a2803fb49067ad51341d,SHADOW_1H_FAST_V3_CAP75_V1,BANK,SHORT,2026-07-22T08:53:34+00:00,-68.4966913109183,23.115689862031576,-68.4966913109183,False,False,-68.4966913109183,-68.4966913109183,-68.4966913109183,-68.4966913109183,-68.4966913109183,-68.4966913109183,-50.0,-50.0,-68.4966913109183,-68.4966913109183,-68.4966913109183,-68.4966913109183,-68.4966913109183
ea9f9c8ba2a2748a1909,SHADOW_1H_FAST_V3_NOHIGH_V1,BANK,SHORT,2026-07-22T08:53:34+00:00,-68.31954228915916,23.055907093433916,-68.31954228915916,False,False,-68.31954228915916,-68.31954228915916,-68.31954228915916,-68.31954228915916,-68.31954228915916,-68.31954228915916,-50.0,-50.0,-68.31954228915916,-68.31954228915916,-68.31954228915916,-68.31954228915916,-68.31954228915916
7d933083aa633c6287e2,SHADOW_1H_FAST_V3_NO_ESPORTS_V1,BANK,SHORT,2026-07-22T08:53:34+00:00,-68.4966913109183,23.115689862031576,-68.4966913109183,False,False,-68.4966913109183,-68.4966913109183,-68.4966913109183,-68.4966913109183,-68.4966913109183,-68.4966913109183,-50.0,-50.0,-68.4966913109183,-68.4966913109183,-68.4966913109183,-68.4966913109183,-68.4966913109183
1eff04b30f9cecaa563a,SHADOW_RSI_LONG_15X_10_RSI25,ZEC,LONG,2026-07-22T09:08:34+00:00,1.4856301280363413,1.5159513182999877,-0.29756197047399263,False,False,1.4856301280363413,1.4856301280363413,1.4856301280363413,1.4856301280363413,1.4856301280363413,1.4856301280363413,1.4856301280363413,1.4856301280363413,1.4856301280363413,1.4856301280363413,1.4856301280363413,1.4856301280363413,1.4856301280363413
abcbc7132cd1049a2a61,SHADOW_RSI_LONG_15X_50_RSI25,ZEC,LONG,2026-07-22T09:08:34+00:00,7.428150640181708,7.579756591499938,-1.487809852369963,False,False,7.428150640181708,7.428150640181708,7.428150640181708,7.428150640181708,7.428150640181708,7.428150640181708,7.428150640181708,7.428150640181708,7.428150640181708,7.428150640181708,7.428150640181708,7.428150640181708,7.428150640181708
b6e51ff26a38ceeec76a,SHADOW_COMBO_ADAPTIVE,GRAM,SHORT,2026-07-22T09:23:33+00:00,-55.643217995796,-1.3552220118756402,-54.256255363909226,False,False,-55.643217995796,-55.643217995796,-55.643217995796,-55.643217995796,-55.643217995796,-55.643217995796,-50.0,-50.0,-55.643217995796,-55.643217995796,-55.643217995796,-55.643217995796,-55.643217995796
fd33761c5555d4d16336,SHADOW_1H_BALANCED,LAB,SHORT,2026-07-22T09:38:33+00:00,100.35934429972278,100.55795365645139,-15.534503596114215,True,False,25.0,50.0,75.0,100.0,100.35934429972278,100.35934429972278,100.35934429972278,50.0,100.35934429972278,100.35934429972278,100.35934429972278,75.17967214986139,100.35934429972278
98807a470ddca0cbbc6d,SHADOW_1H_BALANCED_V2,LAB,SHORT,2026-07-22T09:38:33+00:00,97.46715863900673,97.66004441177188,-15.086825615946822,True,False,25.0,50.0,75.0,97.46715863900673,97.46715863900673,97.46715863900673,97.46715863900673,50.0,97.46715863900673,97.46715863900673,97.46715863900673,73.73357931950336,97.46715863900673
129e23a12ad3a18b52c2,SHADOW_RELATIVE_STRENGTH_V2,LAB,SHORT,2026-07-22T09:38:33+00:00,109.58357904739503,109.78492417728779,-12.686067134482384,True,False,25.0,50.0,75.0,100.0,109.58357904739503,109.58357904739503,109.58357904739503,50.0,109.58357904739503,109.58357904739503,109.58357904739503,79.79178952369752,109.58357904739503
e17116bfea184ab8784e,SHADOW_RSI_LONG_5X_RSI25,ZEC,LONG,2026-07-22T09:38:33+00:00,-0.5372856526906942,13.609953770409376,-2.6317533715033417,False,False,-0.5372856526906942,-0.5372856526906942,-0.5372856526906942,-0.5372856526906942,-0.5372856526906942,-0.5372856526906942,-0.5372856526906942,-0.5372856526906942,-0.5372856526906942,-0.5372856526906942,-0.5372856526906942,-0.5372856526906942,-0.5372856526906942
9fd8c2246809ad34be8c,SHADOW_COMBO_ADAPTIVE_TP3_V1,HYPE,SHORT,2026-07-22T10:23:33+00:00,76.9805091481454,122.79313114334283,-19.223803408089903,True,False,25.0,50.0,75.0,100.0,76.9805091481454,76.9805091481454,76.9805091481454,50.0,76.9805091481454,76.9805091481454,76.9805091481454,63.4902545740727,87.79096915620337
fdc8654a991ca950a21a,SHADOW_1H_FAST_LONG_BTC_1_3_CAP75_V1,AKE,LONG,2026-07-22T11:53:34+00:00,-59.615524543400284,10.995558813465877,-59.615524543400284,False,False,-59.615524543400284,-59.615524543400284,-59.615524543400284,-59.615524543400284,-59.615524543400284,-59.615524543400284,-50.0,-50.0,-59.615524543400284,-59.615524543400284,-59.615524543400284,-59.615524543400284,-59.615524543400284
3c74217bae09b82aeee0,SHADOW_1H_FAST_V3_LONG_NOHIGH_CAP75_LOCK_V1,AKE,LONG,2026-07-22T11:53:34+00:00,-58.7738468098809,10.840318763298079,-58.7738468098809,False,False,-58.7738468098809,-58.7738468098809,-58.7738468098809,-58.7738468098809,-58.7738468098809,-58.7738468098809,-50.0,-50.0,-58.7738468098809,-58.7738468098809,-58.7738468098809,-58.7738468098809,-58.7738468098809
d9e492db122a81db9dc6,SHADOW_1H_FAST_V3_LONG_NOHIGH_CAP75_V1,AKE,LONG,2026-07-22T11:53:34+00:00,-59.014630190430566,10.884729138656123,-59.014630190430566,False,False,-59.014630190430566,-59.014630190430566,-59.014630190430566,-59.014630190430566,-59.014630190430566,-59.014630190430566,-50.0,-50.0,-59.014630190430566,-59.014630190430566,-59.014630190430566,-59.014630190430566,-59.014630190430566
f3b37a612f6dd3e46401,SHADOW_1H_FAST_V3_LONG_ONLY_V1,AKE,LONG,2026-07-22T11:53:34+00:00,-59.29111665165279,10.93572463301402,-59.29111665165279,False,False,-59.29111665165279,-59.29111665165279,-59.29111665165279,-59.29111665165279,-59.29111665165279,-59.29111665165279,-50.0,-50.0,-59.29111665165279,-59.29111665165279,-59.29111665165279,-59.29111665165279,-59.29111665165279
5c4209a60c052d93c2e6,SHADOW_COMBO_ADAPTIVE_RUNNER25_V1,BTC,LONG,2026-07-22T13:08:34+00:00,-52.96842588293518,3.9764670346590263,-52.28948607964003,False,False,-52.96842588293518,-52.96842588293518,-52.96842588293518,-52.96842588293518,-52.96842588293518,-52.96842588293518,-50.0,-50.0,-52.96842588293518,-52.96842588293518,-52.96842588293518,-52.96842588293518,-52.96842588293518
d41ba5acd568e223beee,SHADOW_COMBO_ADAPTIVE_TP3_V1,BTC,LONG,2026-07-22T13:08:34+00:00,-52.96842588293518,3.9764670346590263,-52.28948607964003,False,False,-52.96842588293518,-52.96842588293518,-52.96842588293518,-52.96842588293518,-52.96842588293518,-52.96842588293518,-50.0,-50.0,-52.96842588293518,-52.96842588293518,-52.96842588293518,-52.96842588293518,-52.96842588293518
c3fe3494b94c292ded25,SHADOW_RELATIVE_STRENGTH_V2,GRAM,SHORT,2026-07-22T13:53:34+00:00,-53.61249242273236,6.477775015773454,-52.53565118839865,False,False,-53.61249242273236,-53.61249242273236,-53.61249242273236,-53.61249242273236,-53.61249242273236,-53.61249242273236,-50.0,-50.0,-53.61249242273236,-53.61249242273236,-53.61249242273236,-53.61249242273236,-53.61249242273236
11026d624eadc3b6e26d,SHADOW_1H_BALANCED_V2,GRAM,SHORT,2026-07-22T14:08:34+00:00,-53.35457508663827,13.778804615759329,-52.29746706379627,False,False,-53.35457508663827,-53.35457508663827,-53.35457508663827,-53.35457508663827,-53.35457508663827,-53.35457508663827,-50.0,-50.0,-53.35457508663827,-53.35457508663827,-53.35457508663827,-53.35457508663827,-53.35457508663827
3bf045e9f6c1b2e2779a,SHADOW_1H_FAST_NOHIGH_CAP75_V1,DOGE,SHORT,2026-07-22T14:23:33+00:00,-54.88099180255663,14.31190923730235,-53.993173508326116,False,False,-54.88099180255663,-54.88099180255663,-54.88099180255663,-54.88099180255663,-54.88099180255663,-54.88099180255663,-50.0,-50.0,-54.88099180255663,-54.88099180255663,-54.88099180255663,-54.88099180255663,-54.88099180255663
6c76064d1db6475c3f84,SHADOW_1H_FAST_SCORE_6_75_V1,HYPE,SHORT,2026-07-22T14:23:33+00:00,-4.706574074301674,43.02312229291437,-17.93648257144408,False,False,25.0,-4.706574074301674,-4.706574074301674,-4.706574074301674,-4.706574074301674,-4.706574074301674,-4.706574074301674,-4.706574074301674,-4.706574074301674,-4.706574074301674,-4.706574074301674,-4.706574074301674,-4.706574074301674
ea288bc36ecdedc78c89,SHADOW_1H_FAST_V3_CAP75_V1,HYPE,SHORT,2026-07-22T14:23:33+00:00,-4.706736185377489,43.0246041615793,-17.937100367412043,False,False,25.0,-4.706736185377489,-4.706736185377489,-4.706736185377489,-4.706736185377489,-4.706736185377489,-4.706736185377489,-4.706736185377489,-4.706736185377489,-4.706736185377489,-4.706736185377489,-4.706736185377489,-4.706736185377489
3875a49277b74d9f7a08,SHADOW_1H_FAST_V3_NOHIGH_V1,HYPE,SHORT,2026-07-22T14:23:33+00:00,-4.694553434833475,42.913240788084124,-17.890672607144108,False,False,25.0,-4.694553434833475,-4.694553434833475,-4.694553434833475,-4.694553434833475,-4.694553434833475,-4.694553434833475,-4.694553434833475,-4.694553434833475,-4.694553434833475,-4.694553434833475,-4.694553434833475,-4.694553434833475
2989ad3a13a01bee712f,SHADOW_1H_FAST_V3_NO_ESPORTS_V1,HYPE,SHORT,2026-07-22T14:23:33+00:00,-4.706736185377489,43.0246041615793,-17.937100367412043,False,False,25.0,-4.706736185377489,-4.706736185377489,-4.706736185377489,-4.706736185377489,-4.706736185377489,-4.706736185377489,-4.706736185377489,-4.706736185377489,-4.706736185377489,-4.706736185377489,-4.706736185377489,-4.706736185377489
fcedbbdf28ef90316632,SHADOW_MASTER_ADAPTIVE_GB20_V1,XRP,LONG,2026-07-22T14:38:34+00:00,-4.650155039644325,30.03941267521799,-18.011590657746726,False,False,-4.650155039644325,-4.650155039644325,-4.650155039644325,-4.650155039644325,-4.650155039644325,-4.650155039644325,-4.650155039644325,-4.650155039644325,-4.650155039644325,-4.650155039644325,-4.650155039644325,-4.650155039644325,-4.650155039644325
73cd0b612b80112d4c75,SHADOW_1H_FAST_NOHIGH_CAP75_V1,ZEC,SHORT,2026-07-22T16:08:34+00:00,70.14722346377773,70.66432912609655,-11.107592369653114,True,False,25.0,50.0,70.14722346377773,70.14722346377773,70.14722346377773,70.14722346377773,70.14722346377773,50.0,70.14722346377773,70.14722346377773,70.14722346377773,60.07361173188887,70.14722346377773
fd88414a2579be192faf,SHADOW_1H_FAST_SCORE_6_75_V1,ZEC,SHORT,2026-07-22T16:08:34+00:00,70.64947071595347,71.17027880418671,-12.576978587319957,True,False,25.0,50.0,70.64947071595347,70.64947071595347,70.64947071595347,70.64947071595347,70.64947071595347,50.0,70.64947071595347,70.64947071595347,70.64947071595347,60.324735357976735,70.64947071595347
0b05ed26d3bae97eb007,SHADOW_1H_FAST_V3_CAP75_V1,ZEC,SHORT,2026-07-22T16:08:34+00:00,70.1264071706162,70.64335938105856,-12.483863112528025,True,False,25.0,50.0,70.1264071706162,70.1264071706162,70.1264071706162,70.1264071706162,70.1264071706162,50.0,70.1264071706162,70.1264071706162,70.1264071706162,60.0632035853081,70.1264071706162
b8873208e3a52f0b62d6,SHADOW_1H_FAST_V3_NOHIGH_V1,ZEC,SHORT,2026-07-22T16:08:34+00:00,70.36124529522036,70.87992866646951,-11.141482054012446,True,False,25.0,50.0,70.36124529522036,70.36124529522036,70.36124529522036,70.36124529522036,70.36124529522036,50.0,70.36124529522036,20.0,30.0,60.18062264761018,27.28402738963416
e0acb5c056e59a3410b7,SHADOW_1H_FAST_V3_NO_ESPORTS_V1,ZEC,SHORT,2026-07-22T16:08:34+00:00,70.1264071706162,70.64335938105856,-12.483863112528025,True,False,25.0,50.0,70.1264071706162,70.1264071706162,70.1264071706162,70.1264071706162,70.1264071706162,50.0,70.1264071706162,70.1264071706162,70.1264071706162,60.0632035853081,70.1264071706162
091eeadfb73d8b441135,SHADOW_COMBO_MEAN_REVERSION,ZEC,LONG,2026-07-22T16:08:34+00:00,-54.669048809961176,13.537243811481627,-54.14523742750114,False,False,-54.669048809961176,-54.669048809961176,-54.669048809961176,-54.669048809961176,-54.669048809961176,-54.669048809961176,-50.0,-50.0,-54.669048809961176,-54.669048809961176,-54.669048809961176,-54.669048809961176,-54.669048809961176
ba62f00940c2c740db7d,SHADOW_MASTER_ADAPTIVE_EXPANDED_V1,ADA,LONG,2026-07-22T16:08:34+00:00,91.96324928680325,93.8352648089609,-10.153440578490232,True,False,25.0,50.0,75.0,91.96324928680325,91.96324928680325,91.96324928680325,91.96324928680325,50.0,91.96324928680325,91.96324928680325,91.96324928680325,70.98162464340163,91.96324928680325
8dbd37a7fb81bfa4c219,SHADOW_1H_FAST_NOHIGH_CAP75_V1,HYPE,SHORT,2026-07-22T16:23:34+00:00,69.28876185520997,69.92414301180693,-21.545155839435793,True,False,25.0,50.0,69.28876185520997,69.28876185520997,69.28876185520997,69.28876185520997,69.28876185520997,50.0,69.28876185520997,69.28876185520997,69.28876185520997,59.644380927604985,69.28876185520997
0f0590ab5e296dd9d03e,SHADOW_1H_FAST_NO_PEPE_V1,ZEC,SHORT,2026-07-22T16:23:34+00:00,71.38008005474953,71.92115867998488,-11.211671376713301,True,False,25.0,50.0,71.38008005474953,71.38008005474953,71.38008005474953,71.38008005474953,71.38008005474953,50.0,71.38008005474953,71.38008005474953,71.38008005474953,60.690040027374764,71.38008005474953
8e75bfbd11d266ed8cc9,SHADOW_1H_FAST_V3_LONG_NOHIGH_CAP75_LOCK_V1,ADA,LONG,2026-07-22T16:23:34+00:00,6.132844851911928,55.323704418228665,-27.02089279618381,True,False,25.0,6.132844851911928,6.132844851911928,6.132844851911928,6.132844851911928,6.132844851911928,6.132844851911928,6.132844851911928,6.132844851911928,6.132844851911928,6.132844851911928,28.066422425955963,6.132844851911928
135f2fffd0de848a2690,SHADOW_BOLLINGER_MR_1H,HYPE,LONG,2026-07-22T16:23:34+00:00,-55.06275465903215,14.770015825138389,-54.439244695395516,False,False,-55.06275465903215,-55.06275465903215,-55.06275465903215,-55.06275465903215,-55.06275465903215,-55.06275465903215,-50.0,-50.0,-55.06275465903215,-55.06275465903215,-55.06275465903215,-55.06275465903215,-55.06275465903215
159abcdc708884579ee6,SHADOW_1H_BALANCED,DOGE,SHORT,2026-07-22T16:53:35+00:00,-55.610682130996395,11.546163249720426,-54.892166220101714,False,False,-55.610682130996395,-55.610682130996395,-55.610682130996395,-55.610682130996395,-55.610682130996395,-55.610682130996395,-50.0,-50.0,-55.610682130996395,-55.610682130996395,-55.610682130996395,-55.610682130996395,-55.610682130996395
8d2705bc675d90e89ed5,SHADOW_1H_FAST,ZEC,SHORT,2026-07-22T16:53:35+00:00,-3.9739262132947646,50.017224294231696,-24.633962333645385,True,True,-3.9739262132947646,-3.9739262132947646,-3.9739262132947646,-3.9739262132947646,-3.9739262132947646,-3.9739262132947646,-3.9739262132947646,-3.9739262132947646,-3.9739262132947646,-3.9739262132947646,-3.9739262132947646,23.013036893352616,-3.9739262132947646
95cdd503bdfb1ff3beb7,SHADOW_1H_FAST_NOHIGH_CAP75_V1,ADA,LONG,2026-07-22T16:53:35+00:00,67.5275341000345,69.61124013445828,-27.11330516732896,True,False,25.0,50.0,67.5275341000345,67.5275341000345,67.5275341000345,67.5275341000345,67.5275341000345,50.0,67.5275341000345,67.5275341000345,67.5275341000345,58.76376705001725,67.5275341000345
29860b34833a40314188,SHADOW_1H_FAST_SCORE_6_75_V1,ADA,LONG,2026-07-22T16:53:35+00:00,67.72751751611646,69.81739446521125,-27.193601471064895,True,False,25.0,50.0,67.72751751611646,67.72751751611646,67.72751751611646,67.72751751611646,67.72751751611646,50.0,67.72751751611646,67.72751751611646,67.72751751611646,58.86375875805823,67.72751751611646
87836c62b9678085d8e1,SHADOW_1H_FAST_TP2_V1,ZEC,SHORT,2026-07-22T16:53:35+00:00,-3.589832962467761,43.24401133739927,-29.914760950044258,False,False,-3.589832962467761,-3.589832962467761,-3.589832962467761,-3.589832962467761,-3.589832962467761,-3.589832962467761,-3.589832962467761,-3.589832962467761,-3.589832962467761,-3.589832962467761,-3.589832962467761,-3.589832962467761,-3.589832962467761
3fb259b1c54a095b4a61,SHADOW_1H_FAST_V3,ZEC,SHORT,2026-07-22T16:53:35+00:00,-4.057382239281784,51.06763100700183,-25.151297706859445,True,True,-4.057382239281784,-4.057382239281784,-4.057382239281784,-4.057382239281784,-4.057382239281784,-4.057382239281784,-4.057382239281784,-4.057382239281784,-4.057382239281784,-4.057382239281784,-4.057382239281784,22.971308880359107,-4.057382239281784
6e4d1dad574d7dfdcfc0,SHADOW_1H_FAST_V3_CAP75_V1,ADA,LONG,2026-07-22T16:53:35+00:00,67.72877775091723,69.81869358724363,-27.19410747400416,True,False,25.0,50.0,67.72877775091723,67.72877775091723,67.72877775091723,67.72877775091723,67.72877775091723,50.0,67.72877775091723,67.72877775091723,67.72877775091723,58.864388875458616,67.72877775091723
65135f66560a57466f46,SHADOW_1H_FAST_V3_LONG_NOHIGH_CAP75_V1,ADA,LONG,2026-07-22T16:53:35+00:00,67.57307717172044,69.65818853471964,-27.131591385200466,True,False,25.0,50.0,67.57307717172044,67.57307717172044,67.57307717172044,67.57307717172044,67.57307717172044,50.0,67.57307717172044,67.57307717172044,67.57307717172044,58.78653858586022,67.57307717172044
d030e0e807e925da97bd,SHADOW_1H_FAST_V3_LONG_ONLY_V1,ADA,LONG,2026-07-22T16:53:35+00:00,67.8896603803387,69.98454059320021,-27.25870423273023,True,False,25.0,50.0,67.8896603803387,67.8896603803387,67.8896603803387,67.8896603803387,67.8896603803387,50.0,67.8896603803387,67.8896603803387,67.8896603803387,58.94483019016935,67.8896603803387
697a25540164939314aa,SHADOW_1H_FAST_V3_NOHIGH_V1,ADA,LONG,2026-07-22T16:53:35+00:00,67.55424741573617,69.63877774646913,-27.12403095926411,True,False,25.0,50.0,67.55424741573617,67.55424741573617,67.55424741573617,67.55424741573617,67.55424741573617,50.0,67.55424741573617,67.55424741573617,67.55424741573617,58.777123707868085,67.55424741573617
47a5d2b27c8047101335,SHADOW_1H_FAST_V3_NO_ESPORTS_V1,ADA,LONG,2026-07-22T16:53:35+00:00,67.72877775091723,69.81869358724363,-27.19410747400416,True,False,25.0,50.0,67.72877775091723,67.72877775091723,67.72877775091723,67.72877775091723,67.72877775091723,50.0,67.72877775091723,67.72877775091723,67.72877775091723,58.864388875458616,67.72877775091723
1824eb085fdacd6769bc,SHADOW_COMBO_SCANNER,DOGE,SHORT,2026-07-22T16:53:35+00:00,-54.56091277997527,-1.492080502317199,-53.86041881697506,False,False,-54.56091277997527,-54.56091277997527,-54.56091277997527,-54.56091277997527,-54.56091277997527,-54.56091277997527,-50.0,-50.0,-54.56091277997527,-54.56091277997527,-54.56091277997527,-54.56091277997527,-54.56091277997527
e9704962170530a0d681,SHADOW_MASTER_ADAPTIVE_GB20_V1,LAB,LONG,2026-07-22T16:53:35+00:00,22.936923882757725,28.927577640920497,-41.42487801632753,False,False,25.0,22.936923882757725,22.936923882757725,22.936923882757725,22.936923882757725,22.936923882757725,22.936923882757725,22.936923882757725,22.936923882757725,22.936923882757725,22.936923882757725,22.936923882757725,22.936923882757725
24e869156e8399331342,SHADOW_SCANNER_TOP5_BTC_GUARD_BTC_LE3_MFE_V1,LAB,LONG,2026-07-22T17:23:35+00:00,-8.88228079389144,36.777966999742254,-42.076863306639865,False,False,25.0,-8.88228079389144,-8.88228079389144,-8.88228079389144,-8.88228079389144,-8.88228079389144,-8.88228079389144,-8.88228079389144,-8.88228079389144,-8.88228079389144,-8.88228079389144,-8.88228079389144,-8.88228079389144
e1c6e6e478b667f93bc6,SHADOW_SCANNER_TOP5_BTC_GUARD_MFE_V1,LAB,LONG,2026-07-22T17:23:35+00:00,-8.78143472673851,36.36040382921571,-41.59913846534413,False,False,25.0,-8.78143472673851,-8.78143472673851,-8.78143472673851,-8.78143472673851,-8.78143472673851,-8.78143472673851,-8.78143472673851,-8.78143472673851,-8.78143472673851,-8.78143472673851,-8.78143472673851,-8.78143472673851
f8d45b5ed657cae06128,SHADOW_SCANNER_TOP5_BTC_MFE_V1,LAB,LONG,2026-07-22T17:23:35+00:00,-8.96410544088252,37.11677008834457,-42.4644804701195,False,False,25.0,-8.96410544088252,-8.96410544088252,-8.96410544088252,-8.96410544088252,-8.96410544088252,-8.96410544088252,-8.96410544088252,-8.96410544088252,-8.96410544088252,-8.96410544088252,-8.96410544088252,-8.96410544088252
35b3ad5d3d1339c760fc,SHADOW_1H_BALANCED,HYPE,SHORT,2026-07-22T17:53:34+00:00,8.642981208071127,70.27746915846322,-14.586256491308383,True,False,25.0,8.642981208071127,8.642981208071127,8.642981208071127,8.642981208071127,8.642981208071127,8.642981208071127,8.642981208071127,8.642981208071127,8.642981208071127,8.642981208071127,29.321490604035564,8.642981208071127
27bf5519196107fb800f,SHADOW_1H_BALANCED_V2,HYPE,SHORT,2026-07-22T17:53:34+00:00,8.43456135339322,68.58277382631789,-14.234518429518523,True,False,25.0,8.43456135339322,8.43456135339322,8.43456135339322,8.43456135339322,8.43456135339322,8.43456135339322,8.43456135339322,8.43456135339322,8.43456135339322,8.43456135339322,29.21728067669661,8.43456135339322
46c73779bb50668762bb,SHADOW_1H_FAST_NO_PEPE_V1,HYPE,SHORT,2026-07-22T17:53:34+00:00,-4.282632221701009,59.400630814014065,-39.941463636119245,True,True,25.0,-4.282632221701009,-4.282632221701009,-4.282632221701009,-4.282632221701009,-4.282632221701009,-4.282632221701009,-4.282632221701009,-4.282632221701009,-4.282632221701009,-4.282632221701009,22.858683889149496,-4.282632221701009
49db694346e80f861644,SHADOW_1H_FAST_TP2_V1,HYPE,SHORT,2026-07-22T17:53:34+00:00,2.713048801067046,72.48991548047734,-32.40002583937587,True,False,25.0,2.713048801067046,2.713048801067046,2.713048801067046,2.713048801067046,2.713048801067046,2.713048801067046,2.713048801067046,2.713048801067046,2.713048801067046,2.713048801067046,26.356524400533523,2.713048801067046
c2352631f6980c46f8a6,SHADOW_COMBO_ADAPTIVE,HYPE,SHORT,2026-07-22T17:53:34+00:00,5.149307752036747,63.640243581204444,-20.064293143307047,True,False,25.0,5.149307752036747,5.149307752036747,5.149307752036747,5.149307752036747,5.149307752036747,5.149307752036747,5.149307752036747,5.149307752036747,5.149307752036747,5.149307752036747,27.574653876018374,5.149307752036747
e1ac0318d51b648c922c,SHADOW_COMBO_ADAPTIVE_MFE_TRAIL,HYPE,SHORT,2026-07-22T17:53:34+00:00,-3.2284126299399474,44.77847660479107,-30.109409117068225,False,False,25.0,-3.2284126299399474,-3.2284126299399474,-3.2284126299399474,-3.2284126299399474,-3.2284126299399474,-3.2284126299399474,-3.2284126299399474,-3.2284126299399474,-3.2284126299399474,-3.2284126299399474,-3.2284126299399474,-3.2284126299399474
024b236ff1e3b9512768,SHADOW_COMBO_ADAPTIVE_PARTIAL_1R_V1,HYPE,SHORT,2026-07-22T17:53:34+00:00,-52.93526870955808,41.75292990339184,-52.40825826402872,False,False,-52.93526870955808,-52.93526870955808,-52.93526870955808,-52.93526870955808,-52.93526870955808,-52.93526870955808,-50.0,-50.0,-52.93526870955808,-52.93526870955808,-52.93526870955808,-52.93526870955808,-52.93526870955808
4be1cc3caae4961b637f,SHADOW_COMBO_ADAPTIVE_QUALITY7_REGIME_PARTIAL_1R_V1,HYPE,SHORT,2026-07-22T17:53:34+00:00,-53.31142412106912,39.88518820059082,-52.766228107948635,False,False,-53.31142412106912,-53.31142412106912,-53.31142412106912,-53.31142412106912,-53.31142412106912,-53.31142412106912,-50.0,-50.0,-53.31142412106912,-53.31142412106912,-53.31142412106912,-53.31142412106912,-53.31142412106912
c31017a7413a82ef335b,SHADOW_COMBO_ADAPTIVE_QUALITY7_REGIME_V1,HYPE,SHORT,2026-07-22T17:53:34+00:00,-53.31142412106912,39.88518820059082,-52.766228107948635,False,False,-53.31142412106912,-53.31142412106912,-53.31142412106912,-53.31142412106912,-53.31142412106912,-53.31142412106912,-50.0,-50.0,-53.31142412106912,-53.31142412106912,-53.31142412106912,-53.31142412106912,-53.31142412106912
b142e72730de2f131dea,SHADOW_COMBO_ADAPTIVE_QUALITY7_V1,HYPE,SHORT,2026-07-22T17:53:34+00:00,4.946524341340136,61.134045413915786,-19.274146973619068,True,False,25.0,4.946524341340136,4.946524341340136,4.946524341340136,4.946524341340136,4.946524341340136,4.946524341340136,4.946524341340136,4.946524341340136,4.946524341340136,4.946524341340136,27.47326217067007,4.946524341340136
f41df9ab7ee9ebd54e38,SHADOW_COMBO_ADAPTIVE_REGIME_V1,HYPE,SHORT,2026-07-22T17:53:34+00:00,6.366109436788527,62.36464890694796,-16.87966454228735,True,False,25.0,6.366109436788527,6.366109436788527,6.366109436788527,6.366109436788527,6.366109436788527,6.366109436788527,6.366109436788527,6.366109436788527,6.366109436788527,6.366109436788527,28.183054718394263,6.366109436788527
1cd4f77690f591bc336f,SHADOW_COMBO_ADAPTIVE_TP3_V1,HYPE,SHORT,2026-07-22T17:53:34+00:00,16.744771997651277,73.5805022680414,-8.410356915613258,True,False,25.0,50.0,16.744771997651277,16.744771997651277,16.744771997651277,16.744771997651277,16.744771997651277,50.0,16.744771997651277,20.0,30.0,33.372385998825635,32.85389516534081
c662b4d15a9a4a24246a,SHADOW_RELATIVE_STRENGTH,HYPE,SHORT,2026-07-22T17:53:34+00:00,-0.45272453402181,61.83713274272972,-19.495814105559994,True,True,25.0,-0.45272453402181,-0.45272453402181,-0.45272453402181,-0.45272453402181,-0.45272453402181,-0.45272453402181,-0.45272453402181,-0.45272453402181,-0.45272453402181,-0.45272453402181,24.773637732989094,-0.45272453402181
516c6fbd2161bc057009,SHADOW_RELATIVE_STRENGTH_V2,HYPE,SHORT,2026-07-22T17:53:34+00:00,5.78114164378338,69.62064452284619,-14.449930970204068,True,False,25.0,5.78114164378338,5.78114164378338,5.78114164378338,5.78114164378338,5.78114164378338,5.78114164378338,5.78114164378338,5.78114164378338,5.78114164378338,5.78114164378338,27.89057082189169,5.78114164378338
03b28d40ad936d7c183a,SHADOW_SCANNER_BOTTOM5_SHORT,HYPE,SHORT,2026-07-22T17:53:34+00:00,-1.6734344029052943,55.43513177310479,-20.186883615016104,True,True,25.0,-1.6734344029052943,-1.6734344029052943,-1.6734344029052943,-1.6734344029052943,-1.6734344029052943,-1.6734344029052943,-1.6734344029052943,-1.6734344029052943,-1.6734344029052943,-1.6734344029052943,24.163282798547353,-1.6734344029052943
08d50b1e1a7886a57c01,SHADOW_1H_FAST_LONG_BTC_1_3_CAP75_V1,LAB,LONG,2026-07-22T18:23:35+00:00,-0.8146866326348192,50.02068029692113,-49.77451917348164,True,True,25.0,-0.8146866326348192,-0.8146866326348192,-0.8146866326348192,-0.8146866326348192,-0.8146866326348192,-0.8146866326348192,-0.8146866326348192,-0.8146866326348192,-0.8146866326348192,-0.8146866326348192,24.59265668368259,-0.8146866326348192
b733bd6a6414ebe6d0eb,SHADOW_1H_FAST_V2,ADA,LONG,2026-07-22T18:23:35+00:00,-5.741450780044102,52.245144784280534,-14.536857732538435,True,True,25.0,-5.741450780044102,-5.741450780044102,-5.741450780044102,-5.741450780044102,-5.741450780044102,-5.741450780044102,-5.741450780044102,-5.741450780044102,-5.741450780044102,-5.741450780044102,22.129274609977948,-5.741450780044102
9925aa8bf9dfac3decee,SHADOW_1H_FAST,ADA,LONG,2026-07-22T18:38:35+00:00,-54.509303189614755,1.1043443052396225,-52.747145706639195,False,False,-54.509303189614755,-54.509303189614755,-54.509303189614755,-54.509303189614755,-54.509303189614755,-54.509303189614755,-50.0,-50.0,-54.509303189614755,-54.509303189614755,-54.509303189614755,-54.509303189614755,-54.509303189614755
691c4b6b45a6c2c90fdd,SHADOW_1H_FAST_LONG_BTC_1_3_CAP75_V1,AKE,LONG,2026-07-22T18:38:35+00:00,-0.9839221752495304,53.431561814008056,-14.137602301095889,True,True,25.0,-0.9839221752495304,-0.9839221752495304,-0.9839221752495304,-0.9839221752495304,-0.9839221752495304,-0.9839221752495304,-0.9839221752495304,-0.9839221752495304,-0.9839221752495304,-0.9839221752495304,24.508038912375234,-0.9839221752495304
e938cbf2cbf9f9e84e2c,SHADOW_1H_FAST_NOHIGH_CAP75_V1,ADA,LONG,2026-07-22T18:38:35+00:00,-55.252578022589326,1.1194028600365553,-53.46639221358147,False,False,-55.252578022589326,-55.252578022589326,-55.252578022589326,-55.252578022589326,-55.252578022589326,-55.252578022589326,-50.0,-50.0,-55.252578022589326,-55.252578022589326,-55.252578022589326,-55.252578022589326,-55.252578022589326
c2fe5a2bb2f81c5d712c,SHADOW_1H_FAST_NO_PEPE_V1,AKE,LONG,2026-07-22T18:38:35+00:00,-0.9742620987391981,52.906974617811386,-13.998800347713138,True,True,25.0,-0.9742620987391981,-0.9742620987391981,-0.9742620987391981,-0.9742620987391981,-0.9742620987391981,-0.9742620987391981,-0.9742620987391981,-0.9742620987391981,-0.9742620987391981,-0.9742620987391981,24.512868950630402,-0.9742620987391981
8b44b4acd572865646f7,SHADOW_1H_FAST_SCORE_6_75_V1,ADA,LONG,2026-07-22T18:38:35+00:00,-55.147042881702234,1.1172647455309284,-53.36426877541939,False,False,-55.147042881702234,-55.147042881702234,-55.147042881702234,-55.147042881702234,-55.147042881702234,-55.147042881702234,-50.0,-50.0,-55.147042881702234,-55.147042881702234,-55.147042881702234,-55.147042881702234,-55.147042881702234
e33909b7b82b8170691a,SHADOW_1H_FAST_TP2_V1,ADA,LONG,2026-07-22T18:38:35+00:00,-55.18435910533799,1.1180207625161733,-53.40037865336977,False,False,-55.18435910533799,-55.18435910533799,-55.18435910533799,-55.18435910533799,-55.18435910533799,-55.18435910533799,-50.0,-50.0,-55.18435910533799,-55.18435910533799,-55.18435910533799,-55.18435910533799,-55.18435910533799
fad020fbe5c225d09b95,SHADOW_1H_FAST_TP2_V1,AKE,LONG,2026-07-22T18:38:35+00:00,-0.9781057978211363,53.11570539983584,-14.054028993181719,True,True,25.0,-0.9781057978211363,-0.9781057978211363,-0.9781057978211363,-0.9781057978211363,-0.9781057978211363,-0.9781057978211363,-0.9781057978211363,-0.9781057978211363,-0.9781057978211363,-0.9781057978211363,24.51094710108943,-0.9781057978211363
e681fddf319819819c24,SHADOW_1H_FAST_V3,ADA,LONG,2026-07-22T18:38:35+00:00,-55.65404760089942,1.1275365292744728,-53.85488322529449,False,False,-55.65404760089942,-55.65404760089942,-55.65404760089942,-55.65404760089942,-55.65404760089942,-55.65404760089942,-50.0,-50.0,-55.65404760089942,-55.65404760089942,-55.65404760089942,-55.65404760089942,-55.65404760089942
eeb1dcf11f59cb927194,SHADOW_1H_FAST_V3_CAP75_V1,ADA,LONG,2026-07-22T18:38:35+00:00,-55.14704447266283,1.1172647777633762,-53.36427031494798,False,False,-55.14704447266283,-55.14704447266283,-55.14704447266283,-55.14704447266283,-55.14704447266283,-55.14704447266283,-50.0,-50.0,-55.14704447266283,-55.14704447266283,-55.14704447266283,-55.14704447266283,-55.14704447266283
e4e038b5475b51e498a2,SHADOW_1H_FAST_V3_LONG_NOHIGH_CAP75_LOCK_V1,ADA,LONG,2026-07-22T18:38:35+00:00,-54.32075291109615,1.100524325637076,-52.564690814866836,False,False,-54.32075291109615,-54.32075291109615,-54.32075291109615,-54.32075291109615,-54.32075291109615,-54.32075291109615,-50.0,-50.0,-54.32075291109615,-54.32075291109615,-54.32075291109615,-54.32075291109615,-54.32075291109615
a67bf75fc4e178e52b33,SHADOW_1H_FAST_V3_LONG_NOHIGH_CAP75_V1,ADA,LONG,2026-07-22T18:38:35+00:00,-54.883566694149266,1.1119267864989035,-53.10931015291156,False,False,-54.883566694149266,-54.883566694149266,-54.883566694149266,-54.883566694149266,-54.883566694149266,-54.883566694149266,-50.0,-50.0,-54.883566694149266,-54.883566694149266,-54.883566694149266,-54.883566694149266,-54.883566694149266
6ede5d220837a66749a2,SHADOW_1H_FAST_V3_LONG_ONLY_V1,ADA,LONG,2026-07-22T18:38:35+00:00,-55.140698918574856,1.1171362184879756,-53.35812989768924,False,False,-55.140698918574856,-55.140698918574856,-55.140698918574856,-55.140698918574856,-55.140698918574856,-55.140698918574856,-50.0,-50.0,-55.140698918574856,-55.140698918574856,-55.140698918574856,-55.140698918574856,-55.140698918574856
48f08c4c6d0a7b2f80a3,SHADOW_1H_FAST_V3_NOHIGH_V1,ADA,LONG,2026-07-22T18:38:35+00:00,-54.861335256296805,1.1114763833502104,-53.08779740512257,False,False,-54.861335256296805,-54.861335256296805,-54.861335256296805,-54.861335256296805,-54.861335256296805,-54.861335256296805,-50.0,-50.0,-54.861335256296805,-54.861335256296805,-54.861335256296805,-54.861335256296805,-54.861335256296805
005a4917ef53225926e6,SHADOW_1H_FAST_V3_NO_ESPORTS_V1,ADA,LONG,2026-07-22T18:38:35+00:00,-55.00976486936168,1.114483528705691,-53.23142863813025,False,False,-55.00976486936168,-55.00976486936168,-55.00976486936168,-55.00976486936168,-55.00976486936168,-55.00976486936168,-50.0,-50.0,-55.00976486936168,-55.00976486936168,-55.00976486936168,-55.00976486936168,-55.00976486936168
c28038abae48d53d62bd,SHADOW_EMA_TREND_1H,ADA,LONG,2026-07-22T18:38:35+00:00,23.91168550975525,75.8204394173721,-48.98090646918214,True,False,25.0,50.0,23.91168550975525,23.91168550975525,23.91168550975525,23.91168550975525,23.91168550975525,50.0,23.91168550975525,23.91168550975525,30.0,36.95584275487762,48.43381106113112
ba08ff83df0b261dbe86,SHADOW_1H_BALANCED,ADA,LONG,2026-07-22T18:53:34+00:00,-55.71640997561872,0.8976329749361822,-54.29094360065085,False,False,-55.71640997561872,-55.71640997561872,-55.71640997561872,-55.71640997561872,-55.71640997561872,-55.71640997561872,-50.0,-50.0,-55.71640997561872,-55.71640997561872,-55.71640997561872,-55.71640997561872,-55.71640997561872
38ef105d97a1f3f06a1d,SHADOW_MASTER_ADAPTIVE_GB20_V1,ADA,LONG,2026-07-22T18:53:34+00:00,-52.82762775316472,0.8510929064630235,-51.47606830024089,False,False,-52.82762775316472,-52.82762775316472,-52.82762775316472,-52.82762775316472,-52.82762775316472,-52.82762775316472,-50.0,-50.0,-52.82762775316472,-52.82762775316472,-52.82762775316472,-52.82762775316472,-52.82762775316472
540e41cf8c37354dca3a,SHADOW_MASTER_ADAPTIVE_STRICT3_V1,ADA,LONG,2026-07-22T18:53:34+00:00,-53.42576080482283,0.8607292808193712,-52.058898518619195,False,False,-53.42576080482283,-53.42576080482283,-53.42576080482283,-53.42576080482283,-53.42576080482283,-53.42576080482283,-50.0,-50.0,-53.42576080482283,-53.42576080482283,-53.42576080482283,-53.42576080482283,-53.42576080482283
776a6449fd90710934d2,SHADOW_1H_BALANCED_V3,HYPE,SHORT,2026-07-22T19:23:35+00:00,-55.040788186156504,47.70026527157875,-54.52071825458203,False,False,25.0,-55.040788186156504,-55.040788186156504,-55.040788186156504,-55.040788186156504,-55.040788186156504,-50.0,-50.0,-55.040788186156504,-55.040788186156504,-55.040788186156504,-55.040788186156504,-55.040788186156504
0be7660c2d4d66a44ff3,SHADOW_1H_FAST_NO_PEPE_V1,ADA,LONG,2026-07-22T19:23:35+00:00,-55.09556321653823,-1.7828479944774915,-53.343651704286344,False,False,-55.09556321653823,-55.09556321653823,-55.09556321653823,-55.09556321653823,-55.09556321653823,-55.09556321653823,-50.0,-50.0,-55.09556321653823,-55.09556321653823,-55.09556321653823,-55.09556321653823,-55.09556321653823
0fd5af5fd5b5680938f9,SHADOW_BOLLINGER_MR_1H,ADA,SHORT,2026-07-22T19:23:35+00:00,70.31477317749464,71.97925557741,-11.319592872949398,True,False,25.0,50.0,70.31477317749464,70.31477317749464,70.31477317749464,70.31477317749464,70.31477317749464,50.0,70.31477317749464,70.31477317749464,70.31477317749464,60.15738658874732,70.31477317749464
8b16f89a3c1b8f873a79,SHADOW_COMBO_ADAPTIVE_RUNNER25_V1,HYPE,SHORT,2026-07-22T19:23:35+00:00,-53.235663445729536,46.13588126102579,-52.732649794255224,False,False,25.0,-53.235663445729536,-53.235663445729536,-53.235663445729536,-53.235663445729536,-53.235663445729536,-50.0,-50.0,-53.235663445729536,-53.235663445729536,-53.235663445729536,-53.235663445729536,-53.235663445729536
68cdc521cf399b786507,SHADOW_RELATIVE_STRENGTH,ADA,LONG,2026-07-22T19:23:35+00:00,-54.005697614137475,-1.3891922964638916,-52.647260158390566,False,False,-54.005697614137475,-54.005697614137475,-54.005697614137475,-54.005697614137475,-54.005697614137475,-54.005697614137475,-50.0,-50.0,-54.005697614137475,-54.005697614137475,-54.005697614137475,-54.005697614137475,-54.005697614137475
cce855f4bcddfb3cca2d,SHADOW_RELATIVE_STRENGTH_V2,ADA,LONG,2026-07-22T19:23:35+00:00,-54.418858861782006,-1.3998200718243001,-53.05002891526359,False,False,-54.418858861782006,-54.418858861782006,-54.418858861782006,-54.418858861782006,-54.418858861782006,-54.418858861782006,-50.0,-50.0,-54.418858861782006,-54.418858861782006,-54.418858861782006,-54.418858861782006,-54.418858861782006
886812cc57e9292983ad,SHADOW_COMBO_TREND,HYPE,SHORT,2026-07-22T19:38:33+00:00,-53.42835142255383,41.934612310962635,-52.97013577742575,False,False,-53.42835142255383,-53.42835142255383,-53.42835142255383,-53.42835142255383,-53.42835142255383,-53.42835142255383,-50.0,-50.0,-53.42835142255383,-53.42835142255383,-53.42835142255383,-53.42835142255383,-53.42835142255383
800549df07d3855800b3,SHADOW_EMA_TREND_1H,HYPE,SHORT,2026-07-22T19:38:33+00:00,-52.721214501671945,41.37959775710853,-52.26906344943824,False,False,-52.721214501671945,-52.721214501671945,-52.721214501671945,-52.721214501671945,-52.721214501671945,-52.721214501671945,-50.0,-50.0,-52.721214501671945,-52.721214501671945,-52.721214501671945,-52.721214501671945,-52.721214501671945
b3a21ab04fd4d07bc4d5,SHADOW_1H_FAST_NOHIGH_CAP75_V1,AKE,LONG,2026-07-22T20:53:33+00:00,-50.71957931066658,11.284256483399627,-50.40191933765649,False,False,-50.71957931066658,-50.71957931066658,-50.71957931066658,-50.71957931066658,-50.71957931066658,-50.71957931066658,-50.0,-50.0,-50.71957931066658,-50.71957931066658,-50.71957931066658,-50.71957931066658,-50.71957931066658
691db8096b01fdfea17a,SHADOW_MASTER_ADAPTIVE_EXPANDED_V1,AKE,LONG,2026-07-22T23:08:34+00:00,-50.187003400996616,8.724349521346944,-49.94799470564267,False,False,-50.187003400996616,-50.187003400996616,-50.187003400996616,-50.187003400996616,-50.187003400996616,-50.187003400996616,-50.0,-50.0,-50.187003400996616,-50.187003400996616,-50.187003400996616,-50.187003400996616,-50.187003400996616
eccea0c302cad05d7ef0,SHADOW_1H_FAST_V2,ZEC,SHORT,2026-07-23T00:38:33+00:00,-53.70685499921372,24.855384637460293,-53.13575001857242,False,False,-53.70685499921372,-53.70685499921372,-53.70685499921372,-53.70685499921372,-53.70685499921372,-53.70685499921372,-50.0,-50.0,-53.70685499921372,-53.70685499921372,-53.70685499921372,-53.70685499921372,-53.70685499921372
73e564d063abbaefb5f6,SHADOW_1H_FAST_V3_NOHIGH_V1,ZEC,SHORT,2026-07-23T00:38:33+00:00,-53.15599139521037,11.557568169777591,-52.590744157457,False,False,-53.15599139521037,-53.15599139521037,-53.15599139521037,-53.15599139521037,-53.15599139521037,-53.15599139521037,-50.0,-50.0,-53.15599139521037,-53.15599139521037,-53.15599139521037,-53.15599139521037,-53.15599139521037
122c31ae95b3e2db1240,SHADOW_1H_FAST_V3_NO_ESPORTS_V1,ZEC,SHORT,2026-07-23T00:38:33+00:00,-53.29982340238557,11.588841186878598,-52.73304669179908,False,False,-53.29982340238557,-53.29982340238557,-53.29982340238557,-53.29982340238557,-53.29982340238557,-53.29982340238557,-50.0,-50.0,-53.29982340238557,-53.29982340238557,-53.29982340238557,-53.29982340238557,-53.29982340238557
336ecd7d2dacf12e1c8f,SHADOW_SCANNER_BOTTOM5_SHORT,ZEC,SHORT,2026-07-23T00:38:33+00:00,10.257406147764973,60.81712258810038,-9.672979384042169,True,False,25.0,10.257406147764973,10.257406147764973,10.257406147764973,10.257406147764973,10.257406147764973,10.257406147764973,10.257406147764973,10.257406147764973,10.257406147764973,10.257406147764973,30.128703073882487,10.257406147764973
2d3c96bfc8e93694c333,SHADOW_1H_FAST_NO_PEPE_V1,BANK,LONG,2026-07-23T01:23:33+00:00,72.58995018965348,72.68588944595645,-15.204858301307036,True,False,25.0,50.0,72.58995018965348,72.58995018965348,72.58995018965348,72.58995018965348,72.58995018965348,50.0,72.58995018965348,72.58995018965348,72.58995018965348,61.29497509482674,72.58995018965348
bb2f9a6eb086997a46ed,SHADOW_SCANNER_TOP5_BTC_GUARD_BTC_LE3_MFE_V1,LAB,LONG,2026-07-23T01:23:33+00:00,-49.958955420516354,1.242668750680961,-49.8788428966355,False,False,-49.958955420516354,-49.958955420516354,-49.958955420516354,-49.958955420516354,-49.958955420516354,-49.958955420516354,-49.958955420516354,-49.958955420516354,-49.958955420516354,-49.958955420516354,-49.958955420516354,-49.958955420516354,-49.958955420516354
2537bdd80428f07b4a9a,SHADOW_SCANNER_TOP5_BTC_GUARD_MFE_V1,LAB,LONG,2026-07-23T01:23:33+00:00,-49.391740277228784,1.2285599582223616,-49.31253732073839,False,False,-49.391740277228784,-49.391740277228784,-49.391740277228784,-49.391740277228784,-49.391740277228784,-49.391740277228784,-49.391740277228784,-49.391740277228784,-49.391740277228784,-49.391740277228784,-49.391740277228784,-49.391740277228784,-49.391740277228784
faf78f4857d92993ebba,SHADOW_SCANNER_TOP5_BTC_MFE_V1,LAB,LONG,2026-07-23T01:23:33+00:00,-50.408147195967985,1.2538418542360328,-50.32731436305475,False,False,-50.408147195967985,-50.408147195967985,-50.408147195967985,-50.408147195967985,-50.408147195967985,-50.408147195967985,-50.0,-50.0,-50.408147195967985,-50.408147195967985,-50.408147195967985,-50.408147195967985,-50.408147195967985
8d4c25b31dc775a85dc6,SHADOW_1H_FAST_NOHIGH_CAP75_V1,BANK,LONG,2026-07-23T02:08:35+00:00,-11.348872313570345,65.78361409060912,-11.348872313570345,True,True,25.0,50.0,-11.348872313570345,-11.348872313570345,-11.348872313570345,-11.348872313570345,-11.348872313570345,50.0,0.0,20.0,30.0,19.325563843214827,27.083526396793758
16c8f6b199931b0e5b34,SHADOW_1H_FAST_TP2_V1,BANK,LONG,2026-07-23T02:08:35+00:00,-0.1722630062416044,77.87690261478997,-15.355297639431384,True,True,25.0,50.0,-0.1722630062416044,-0.1722630062416044,-0.1722630062416044,-0.1722630062416044,-0.1722630062416044,50.0,0.0,20.0,30.0,24.913868496879196,38.19962497533715
488dd64eb87f0e61ba15,SHADOW_MASTER_ADAPTIVE_STRICT3_V1,BANK,LONG,2026-07-23T02:08:35+00:00,-59.23077686169671,7.087206226262153,-59.23077686169671,False,False,-59.23077686169671,-59.23077686169671,-59.23077686169671,-59.23077686169671,-59.23077686169671,-59.23077686169671,-50.0,-50.0,-59.23077686169671,-59.23077686169671,-59.23077686169671,-59.23077686169671,-59.23077686169671
b583d5c06a5afdddea83,SHADOW_RELATIVE_STRENGTH_V2,BANK,LONG,2026-07-23T02:08:35+00:00,-59.35675264077508,7.102279746704527,-59.35675264077508,False,False,-59.35675264077508,-59.35675264077508,-59.35675264077508,-59.35675264077508,-59.35675264077508,-59.35675264077508,-50.0,-50.0,-59.35675264077508,-59.35675264077508,-59.35675264077508,-59.35675264077508,-59.35675264077508
d678d8bcbe389f444d9b,SHADOW_1H_FAST,ADA,LONG,2026-07-23T07:23:35+00:00,-53.525226969714716,15.884811839364293,-51.86489651466885,False,False,-53.525226969714716,-53.525226969714716,-53.525226969714716,-53.525226969714716,-53.525226969714716,-53.525226969714716,-50.0,-50.0,-53.525226969714716,-53.525226969714716,-53.525226969714716,-53.525226969714716,-53.525226969714716
2efbbc837f1076a848a0,SHADOW_1H_FAST_LONG_BTC_1_3_CAP75_V1,ADA,LONG,2026-07-23T07:23:35+00:00,-54.51900063069718,10.274398258839073,-52.771378820094114,False,False,-54.51900063069718,-54.51900063069718,-54.51900063069718,-54.51900063069718,-54.51900063069718,-54.51900063069718,-50.0,-50.0,-54.51900063069718,-54.51900063069718,-54.51900063069718,-54.51900063069718,-54.51900063069718
9f2c0bab5892457f6a7a,SHADOW_1H_FAST_NOHIGH_CAP75_V1,ADA,LONG,2026-07-23T07:23:35+00:00,-54.06697869167298,16.045588816019205,-52.38984332174931,False,False,-54.06697869167298,-54.06697869167298,-54.06697869167298,-54.06697869167298,-54.06697869167298,-54.06697869167298,-50.0,-50.0,-54.06697869167298,-54.06697869167298,-54.06697869167298,-54.06697869167298,-54.06697869167298
4e6a37ccc4bc5cb93b0c,SHADOW_1H_FAST_TP2_V1,ADA,LONG,2026-07-23T07:23:35+00:00,-53.95556029041672,16.012522905987655,-52.281881073326616,False,False,-53.95556029041672,-53.95556029041672,-53.95556029041672,-53.95556029041672,-53.95556029041672,-53.95556029041672,-50.0,-50.0,-53.95556029041672,-53.95556029041672,-53.95556029041672,-53.95556029041672,-53.95556029041672
9ac9181e0df39ee9a914,SHADOW_MASTER_ADAPTIVE_GB20_V1,AKE,LONG,2026-07-23T10:38:36+00:00,22.218441957863792,28.238743268396842,-45.39925435793469,False,False,22.218441957863792,22.218441957863792,22.218441957863792,22.218441957863792,22.218441957863792,22.218441957863792,22.218441957863792,22.218441957863792,22.218441957863792,22.218441957863792,22.218441957863792,22.218441957863792,22.218441957863792
7a89ccafca686a7be904,SHADOW_MASTER_ADAPTIVE_GB20_V1,LAB,LONG,2026-07-23T10:53:34+00:00,17.63071049486889,34.407685499690615,-35.804469750793494,False,False,17.63071049486889,17.63071049486889,17.63071049486889,17.63071049486889,17.63071049486889,17.63071049486889,17.63071049486889,17.63071049486889,17.63071049486889,17.63071049486889,17.63071049486889,17.63071049486889,17.63071049486889
be1e6b5a59db95ea5be7,SHADOW_1H_FAST_V3,ESPORTS,SHORT,2026-07-23T11:08:33+00:00,-0.7437114667771623,27.901913272843352,-7.0166575033063925,False,False,-0.7437114667771623,-0.7437114667771623,-0.7437114667771623,-0.7437114667771623,-0.7437114667771623,-0.7437114667771623,-0.7437114667771623,-0.7437114667771623,-0.7437114667771623,-0.7437114667771623,-0.7437114667771623,-0.7437114667771623,-0.7437114667771623
bead87d82c744dd7d797,SHADOW_MASTER_ADAPTIVE_GB20_V1,AKE,LONG,2026-07-23T11:53:34+00:00,16.601166855756087,27.558084745586374,-11.697478306491147,False,False,16.601166855756087,16.601166855756087,16.601166855756087,16.601166855756087,16.601166855756087,16.601166855756087,16.601166855756087,16.601166855756087,16.601166855756087,16.601166855756087,16.601166855756087,16.601166855756087,16.601166855756087
518f9dbeecb5b8ff8d50,SHADOW_1H_BALANCED,ETH,LONG,2026-07-23T12:53:33+00:00,-56.14243054102902,1.7980426854432126,-55.44243670410918,False,False,-56.14243054102902,-56.14243054102902,-56.14243054102902,-56.14243054102902,-56.14243054102902,-56.14243054102902,-50.0,-50.0,-56.14243054102902,-56.14243054102902,-56.14243054102902,-56.14243054102902,-56.14243054102902
81711236f97a2c6e2f8f,SHADOW_ETH_ADAPTIVE_1H,ETH,LONG,2026-07-23T12:53:33+00:00,-54.56940538700575,27.35658795302753,-53.887946074533026,False,False,-54.56940538700575,-54.56940538700575,-54.56940538700575,-54.56940538700575,-54.56940538700575,-54.56940538700575,-50.0,-50.0,-54.56940538700575,-54.56940538700575,-54.56940538700575,-54.56940538700575,-54.56940538700575
a6c56eae76018fb01779,SHADOW_ETH_EMA_1H,ETH,LONG,2026-07-23T12:53:33+00:00,-54.47723703249222,31.034256737063426,-53.80074528223641,False,False,25.0,-54.47723703249222,-54.47723703249222,-54.47723703249222,-54.47723703249222,-54.47723703249222,-50.0,-50.0,-54.47723703249222,-54.47723703249222,-54.47723703249222,-54.47723703249222,-54.47723703249222
a30a585ea929a7281e4b,SHADOW_MASTER_ADAPTIVE_STRICT3_V1,ETH,LONG,2026-07-23T12:53:33+00:00,-55.613289666015206,33.22847573845632,-54.92885994235848,False,False,25.0,-55.613289666015206,-55.613289666015206,-55.613289666015206,-55.613289666015206,-55.613289666015206,-50.0,-50.0,-55.613289666015206,-55.613289666015206,-55.613289666015206,-55.613289666015206,-55.613289666015206
affe73b0ce64a06aabb7,SHADOW_MASTER_ADAPTIVE_NO_ALT_V1,XRP,LONG,2026-07-23T13:08:36+00:00,-54.53583623881639,53.195538364810304,-53.86804581001988,True,True,25.0,-54.53583623881639,-54.53583623881639,-54.53583623881639,-54.53583623881639,-54.53583623881639,-50.0,-50.0,-54.53583623881639,-54.53583623881639,-54.53583623881639,-2.2679181194081934,-54.53583623881639
5881b94959e2ec99f4ab,SHADOW_MASTER_ADAPTIVE_RUNNER25_V1,XRP,LONG,2026-07-23T13:08:36+00:00,-54.53583623881639,53.195538364810304,-53.86804581001988,True,True,25.0,-54.53583623881639,-54.53583623881639,-54.53583623881639,-54.53583623881639,-54.53583623881639,-50.0,-50.0,-54.53583623881639,-54.53583623881639,-54.53583623881639,-2.2679181194081934,-54.53583623881639
76228eb40b547b112089,SHADOW_MASTER_ADAPTIVE_V1,XRP,LONG,2026-07-23T13:08:36+00:00,-54.53583623881639,53.195538364810304,-53.86804581001988,True,True,25.0,-54.53583623881639,-54.53583623881639,-54.53583623881639,-54.53583623881639,-54.53583623881639,-50.0,-50.0,-54.53583623881639,-54.53583623881639,-54.53583623881639,-2.2679181194081934,-54.53583623881639
5d1435548747e60bde44,SHADOW_SCANNER_TOP5_BTC,SOL,LONG,2026-07-23T13:08:36+00:00,-56.025980225925274,44.335309500108664,-55.3908697642814,False,False,25.0,-56.025980225925274,-56.025980225925274,-56.025980225925274,-56.025980225925274,-56.025980225925274,-50.0,-50.0,-56.025980225925274,-56.025980225925274,-56.025980225925274,-56.025980225925274,-56.025980225925274
b6241b0e6098c1181e07,SHADOW_SCANNER_TOP5_BTC_BTC_2_3_V1,SOL,LONG,2026-07-23T13:08:36+00:00,-54.04262922032825,44.050927629602036,-53.358906657841814,False,False,25.0,-54.04262922032825,-54.04262922032825,-54.04262922032825,-54.04262922032825,-54.04262922032825,-50.0,-50.0,-54.04262922032825,-54.04262922032825,-54.04262922032825,-54.04262922032825,-54.04262922032825
eea08f3d4812c8e0beeb,SHADOW_SCANNER_TOP5_BTC_BTC_LE3_V1,SOL,LONG,2026-07-23T13:08:36+00:00,-54.04262922032825,44.050927629602036,-53.358906657841814,False,False,25.0,-54.04262922032825,-54.04262922032825,-54.04262922032825,-54.04262922032825,-54.04262922032825,-50.0,-50.0,-54.04262922032825,-54.04262922032825,-54.04262922032825,-54.04262922032825,-54.04262922032825
0272eb108b6fea96d9e7,SHADOW_1H_BALANCED,ADA,LONG,2026-07-23T13:38:34+00:00,-54.52120054843461,13.01660918097408,-53.18296169620935,False,False,-54.52120054843461,-54.52120054843461,-54.52120054843461,-54.52120054843461,-54.52120054843461,-54.52120054843461,-50.0,-50.0,-54.52120054843461,-54.52120054843461,-54.52120054843461,-54.52120054843461,-54.52120054843461
315f5ee913e58582490e,SHADOW_1H_FAST_LONG_BTC_1_3_CAP75_V1,LAB,LONG,2026-07-23T13:38:34+00:00,-1.2128071168408099,52.61347326123776,-38.63316742904944,True,True,25.0,-1.2128071168408099,-1.2128071168408099,-1.2128071168408099,-1.2128071168408099,-1.2128071168408099,-1.2128071168408099,-1.2128071168408099,-1.2128071168408099,-1.2128071168408099,-1.2128071168408099,24.393596441579597,-1.2128071168408099
00867ba68dc631f53cd9,SHADOW_1H_FAST_NO_PEPE_V1,ADA,LONG,2026-07-23T13:38:34+00:00,-54.20033787336359,26.236169425006178,-52.512936345187,False,False,-54.20033787336359,-54.20033787336359,-54.20033787336359,-54.20033787336359,-54.20033787336359,-54.20033787336359,-50.0,-50.0,-54.20033787336359,-54.20033787336359,-54.20033787336359,-54.20033787336359,-54.20033787336359
21e0f6a908f177bdab02,SHADOW_COMBO_ADAPTIVE_RUNNER25_V1,ADA,LONG,2026-07-23T13:38:34+00:00,-53.09627390117324,20.369707124914797,-51.79279199503782,False,False,-53.09627390117324,-53.09627390117324,-53.09627390117324,-53.09627390117324,-53.09627390117324,-53.09627390117324,-50.0,-50.0,-53.09627390117324,-53.09627390117324,-53.09627390117324,-53.09627390117324,-53.09627390117324
2092a04db5bcf0e75eb3,SHADOW_COMBO_MEAN_REVERSION,DOGE,LONG,2026-07-23T13:38:34+00:00,-54.0213037321241,3.9869164310992025,-53.224591213459384,False,False,-54.0213037321241,-54.0213037321241,-54.0213037321241,-54.0213037321241,-54.0213037321241,-54.0213037321241,-50.0,-50.0,-54.0213037321241,-54.0213037321241,-54.0213037321241,-54.0213037321241,-54.0213037321241
de06752a73663161875b,SHADOW_DOGE_EMA_1H,DOGE,SHORT,2026-07-23T13:38:34+00:00,94.72603587284571,95.39739481780282,-13.389344679270685,True,False,25.0,50.0,75.0,94.72603587284571,94.72603587284571,94.72603587284571,94.72603587284571,50.0,94.72603587284571,94.72603587284571,94.72603587284571,72.36301793642286,94.72603587284571
31acdc2a7f3a25c36dd9,SHADOW_1H_BALANCED_V2,HYPE,SHORT,2026-07-23T13:53:34+00:00,-52.2573136213303,14.505901321674852,-51.789204407530335,False,False,-52.2573136213303,-52.2573136213303,-52.2573136213303,-52.2573136213303,-52.2573136213303,-52.2573136213303,-50.0,-50.0,-52.2573136213303,-52.2573136213303,-52.2573136213303,-52.2573136213303,-52.2573136213303
8b420789831189b60d7a,SHADOW_1H_BALANCED_V3,HYPE,SHORT,2026-07-23T13:53:34+00:00,-54.6204885973585,15.161885730986777,-54.13121059581494,False,False,-54.6204885973585,-54.6204885973585,-54.6204885973585,-54.6204885973585,-54.6204885973585,-54.6204885973585,-50.0,-50.0,-54.6204885973585,-54.6204885973585,-54.6204885973585,-54.6204885973585,-54.6204885973585
55f6597869de4acd3326,SHADOW_1H_FAST,AKE,LONG,2026-07-23T13:53:34+00:00,71.226423822318,71.6877084734675,-18.991213178309103,True,False,25.0,50.0,71.226423822318,71.226423822318,71.226423822318,71.226423822318,71.226423822318,50.0,71.226423822318,71.226423822318,71.226423822318,60.613211911159,71.226423822318
7f1a016a61817dd10af1,SHADOW_1H_FAST_LONG_BTC_1_3_CAP75_V1,AKE,LONG,2026-07-23T13:53:34+00:00,72.77411024022264,73.24541819383575,-19.40387523711081,True,False,25.0,50.0,72.77411024022264,72.77411024022264,72.77411024022264,72.77411024022264,72.77411024022264,50.0,72.77411024022264,72.77411024022264,30.0,61.38705512011132,36.126362456584616
cc6279bdf3143b7c5343,SHADOW_1H_FAST_NOHIGH_CAP75_V1,AKE,LONG,2026-07-23T13:53:34+00:00,72.31836123169158,72.78671761184175,-19.282358163638076,True,False,25.0,50.0,72.31836123169158,72.31836123169158,72.31836123169158,72.31836123169158,72.31836123169158,50.0,72.31836123169158,72.31836123169158,30.0,61.15918061584579,35.90012054421942
007d9633031f9fa1379b,SHADOW_1H_FAST_SCORE_6_75_V1,AKE,LONG,2026-07-23T13:53:34+00:00,72.86476709940676,73.33666217526212,-19.42804721776698,True,False,25.0,50.0,72.86476709940676,72.86476709940676,72.86476709940676,72.86476709940676,72.86476709940676,50.0,72.86476709940676,72.86476709940676,30.0,61.43238354970338,36.17136613362374
2ad27ef68d8032871857,SHADOW_1H_FAST_V3,AKE,LONG,2026-07-23T13:53:34+00:00,73.53466305125048,74.01089658331168,-19.6066626268529,True,False,25.0,50.0,73.53466305125048,73.53466305125048,73.53466305125048,73.53466305125048,73.53466305125048,50.0,73.53466305125048,73.53466305125048,30.0,61.76733152562524,36.50391439679891
f8d0232c77b957424e62,SHADOW_1H_FAST_V3_CAP75_V1,AKE,LONG,2026-07-23T13:53:34+00:00,72.86476920151357,73.33666429098282,-19.428047778255024,True,False,25.0,50.0,72.86476920151357,72.86476920151357,72.86476920151357,72.86476920151357,72.86476920151357,50.0,72.86476920151357,72.86476920151357,30.0,61.432384600756784,36.17136717714694
4d5a8fb04ddf6b8b69ff,SHADOW_1H_FAST_V3_LONG_NOHIGH_CAP75_LOCK_V1,AKE,LONG,2026-07-23T13:53:34+00:00,71.7730054542005,72.23782993935902,-19.136949096713817,True,False,25.0,50.0,71.7730054542005,71.7730054542005,71.7730054542005,71.7730054542005,71.7730054542005,50.0,71.7730054542005,71.7730054542005,71.7730054542005,60.88650272710025,71.7730054542005
042841563951d5871c6f,SHADOW_1H_FAST_V3_LONG_NOHIGH_CAP75_V1,AKE,LONG,2026-07-23T13:53:34+00:00,72.51664088920418,72.98628139057985,-19.33522577993365,True,False,25.0,50.0,72.51664088920418,72.51664088920418,72.51664088920418,72.51664088920418,72.51664088920418,50.0,72.51664088920418,72.51664088920418,30.0,61.25832044460209,35.99855009219223
1391bc422436a9fc9044,SHADOW_1H_FAST_V3_LONG_ONLY_V1,AKE,LONG,2026-07-23T13:53:34+00:00,72.8563849383405,73.32822572869287,-19.425812269005533,True,False,25.0,50.0,72.8563849383405,72.8563849383405,72.8563849383405,72.8563849383405,72.8563849383405,50.0,72.8563849383405,72.8563849383405,30.0,61.42819246917025,36.167205079811474
69fc58215904c1d55a38,SHADOW_1H_FAST_V3_NOHIGH_V1,AKE,LONG,2026-07-23T13:53:34+00:00,72.27786678823419,72.74596091367296,-19.271561066620333,True,False,25.0,50.0,72.27786678823419,72.27786678823419,72.27786678823419,72.27786678823419,72.27786678823419,50.0,72.27786678823419,72.27786678823419,30.0,61.138933394117096,35.88001838237931
5568dfcae0d6b8aec159,SHADOW_1H_FAST_V3_NO_ESPORTS_V1,AKE,LONG,2026-07-23T13:53:34+00:00,72.47341748406814,72.94277805712102,-19.323701055580248,True,False,25.0,50.0,72.47341748406814,72.47341748406814,72.47341748406814,72.47341748406814,72.47341748406814,50.0,72.47341748406814,72.47341748406814,30.0,61.23670874203407,35.97709322524603
e9702438d886d316e5b5,SHADOW_COMBO_SCANNER,DOGE,SHORT,2026-07-23T13:53:34+00:00,104.11613761878499,104.78188565197883,-17.131917766504394,True,False,25.0,50.0,75.0,100.0,104.11613761878499,104.11613761878499,104.11613761878499,50.0,104.11613761878499,104.11613761878499,104.11613761878499,77.0580688093925,104.11613761878499
5eac11cc3fece1c33572,SHADOW_SCANNER_BOTTOM5_SHORT,HYPE,SHORT,2026-07-23T13:53:34+00:00,-51.632199844725314,14.332378457029357,-51.16969025896254,False,False,-51.632199844725314,-51.632199844725314,-51.632199844725314,-51.632199844725314,-51.632199844725314,-51.632199844725314,-50.0,-50.0,-51.632199844725314,-51.632199844725314,-51.632199844725314,-51.632199844725314,-51.632199844725314
cdce4a9e7f1d20691944,SHADOW_MASTER_ADAPTIVE_GB20_V1,AKE,LONG,2026-07-23T14:08:34+00:00,9.608984182195979,35.413237708071264,-14.841012628489395,False,False,9.608984182195979,9.608984182195979,9.608984182195979,9.608984182195979,9.608984182195979,9.608984182195979,9.608984182195979,9.608984182195979,9.608984182195979,9.608984182195979,9.608984182195979,9.608984182195979,9.608984182195979
6808fcedcf6f68ee8645,SHADOW_1H_FAST,ESPORTS,SHORT,2026-07-23T14:23:33+00:00,-0.7002730116136516,8.912715481273542,-5.212698100531035,False,False,-0.7002730116136516,-0.7002730116136516,-0.7002730116136516,-0.7002730116136516,-0.7002730116136516,-0.7002730116136516,-0.7002730116136516,-0.7002730116136516,-0.7002730116136516,-0.7002730116136516,-0.7002730116136516,-0.7002730116136516,-0.7002730116136516
18f1048c4d0f688fca41,SHADOW_RSI_LONG_15X_10_RSI25,PEPE,LONG,2026-07-23T14:23:33+00:00,-1.2171862878161033,0.31786826452579764,-1.127808973200006,False,False,-1.2171862878161033,-1.2171862878161033,-1.2171862878161033,-1.2171862878161033,-1.2171862878161033,-1.2171862878161033,-1.2171862878161033,-1.2171862878161033,-1.2171862878161033,-1.2171862878161033,-1.2171862878161033,-1.2171862878161033,-1.2171862878161033
b668d5ed37ebdda5179d,SHADOW_RSI_LONG_15X_50_RSI25,PEPE,LONG,2026-07-23T14:23:33+00:00,-6.085931439080516,1.5893413226289879,-5.639044866000029,False,False,-6.085931439080516,-6.085931439080516,-6.085931439080516,-6.085931439080516,-6.085931439080516,-6.085931439080516,-6.085931439080516,-6.085931439080516,-6.085931439080516,-6.085931439080516,-6.085931439080516,-6.085931439080516,-6.085931439080516
e736474cc4c0a5b274ac,SHADOW_RSI_LONG_5X_RSI25,PEPE,LONG,2026-07-23T14:23:33+00:00,-12.841122550836804,3.3534598447713266,-11.898206037778447,False,False,-12.841122550836804,-12.841122550836804,-12.841122550836804,-12.841122550836804,-12.841122550836804,-12.841122550836804,-12.841122550836804,-12.841122550836804,-12.841122550836804,-12.841122550836804,-12.841122550836804,-12.841122550836804,-12.841122550836804
7115ac3fa8d6a00b9d24,SHADOW_COMBO_TREND,ZEC,SHORT,2026-07-23T14:53:34+00:00,-52.05163538410056,1.2959942351105993,-51.66417872037538,False,False,-52.05163538410056,-52.05163538410056,-52.05163538410056,-52.05163538410056,-52.05163538410056,-52.05163538410056,-50.0,-50.0,-52.05163538410056,-52.05163538410056,-52.05163538410056,-52.05163538410056,-52.05163538410056
79370769495c496f0028,SHADOW_MASTER_ADAPTIVE_EXPANDED_V1,ADA,LONG,2026-07-23T15:08:33+00:00,-53.27305734296784,38.42963512634229,-51.874253946249404,False,False,25.0,-53.27305734296784,-53.27305734296784,-53.27305734296784,-53.27305734296784,-53.27305734296784,-50.0,-50.0,-53.27305734296784,-53.27305734296784,-53.27305734296784,-53.27305734296784,-53.27305734296784
3603c8e65b0aba771606,MAIN,DOGE,SHORT,2026-07-23T15:23:35+00:00,99.58250754636978,99.90765629037418,-22.020866598178316,True,False,25.0,50.0,75.0,99.58250754636978,99.58250754636978,99.58250754636978,99.58250754636978,50.0,99.58250754636978,99.58250754636978,99.58250754636978,74.79125377318489,99.58250754636978
775f7195b49ae2095c4c,SHADOW_1H_BALANCED,DOGE,SHORT,2026-07-23T15:23:35+00:00,94.38678618479994,95.05574073997639,-13.051876075171569,True,False,25.0,50.0,75.0,94.38678618479994,94.38678618479994,94.38678618479994,94.38678618479994,50.0,94.38678618479994,94.38678618479994,94.38678618479994,72.19339309239997,94.38678618479994
adb7965460cb30e8667e,SHADOW_1H_FAST,DOGE,SHORT,2026-07-23T15:23:35+00:00,67.44313682795077,68.30407878602655,-19.80558003439719,True,False,25.0,50.0,67.44313682795077,67.44313682795077,67.44313682795077,67.44313682795077,67.44313682795077,50.0,67.44313682795077,67.44313682795077,67.44313682795077,58.72156841397538,67.44313682795077
a0bed271c26a4c964450,SHADOW_1H_FAST_NO_PEPE_V1,DOGE,SHORT,2026-07-23T15:23:35+00:00,67.82150180202676,68.68727375907602,-19.916691974451098,True,False,25.0,50.0,67.82150180202676,67.82150180202676,67.82150180202676,67.82150180202676,67.82150180202676,50.0,67.82150180202676,67.82150180202676,67.82150180202676,58.91075090101338,67.82150180202676
1e0bfb50993d2ee565f4,SHADOW_1H_FAST_SCORE_6_75_V1,DOGE,SHORT,2026-07-23T15:23:35+00:00,69.01750384952342,69.89854331032494,-49.43400052237331,True,False,25.0,50.0,69.01750384952342,69.01750384952342,69.01750384952342,69.01750384952342,69.01750384952342,50.0,69.01750384952342,69.01750384952342,69.01750384952342,59.50875192476171,69.01750384952342
825593c3d821e5f8b2ee,SHADOW_1H_FAST_TP2_V1,DOGE,SHORT,2026-07-23T15:23:35+00:00,32.31870563332094,68.45381390605101,-16.764629827406576,True,False,25.0,50.0,75.0,32.31870563332094,32.31870563332094,32.31870563332094,32.31870563332094,50.0,32.31870563332094,32.31870563332094,32.31870563332094,41.15935281666047,32.31870563332094
60136a8d818f4e295237,SHADOW_1H_FAST_V2,DOGE,SHORT,2026-07-23T15:23:35+00:00,32.455354849954595,68.74324876622077,-16.835513654223778,True,False,25.0,50.0,75.0,32.455354849954595,32.455354849954595,32.455354849954595,32.455354849954595,50.0,32.455354849954595,32.455354849954595,32.455354849954595,41.2276774249773,32.455354849954595
c4f5be8e725d6f5d7380,SHADOW_1H_FAST_V3,DOGE,SHORT,2026-07-23T15:23:35+00:00,32.77388727610594,69.41792799595844,-17.000745463722588,True,False,25.0,50.0,75.0,32.77388727610594,32.77388727610594,32.77388727610594,32.77388727610594,50.0,32.77388727610594,32.77388727610594,32.77388727610594,41.38694363805297,32.77388727610594
cdd7cad6537dfd1480bd,SHADOW_1H_FAST_V3_NOHIGH_V1,DOGE,SHORT,2026-07-23T15:23:35+00:00,32.27516377708734,68.36158848843822,-16.742043430846138,True,False,25.0,50.0,75.0,32.27516377708734,32.27516377708734,32.27516377708734,32.27516377708734,50.0,32.27516377708734,32.27516377708734,32.27516377708734,41.13758188854367,32.27516377708734
16f5051fd3ab9eb557d6,SHADOW_1H_FAST_V3_NO_ESPORTS_V1,DOGE,SHORT,2026-07-23T15:23:35+00:00,32.36248553982361,68.54654353472363,-16.78733970739753,True,False,25.0,50.0,75.0,32.36248553982361,32.36248553982361,32.36248553982361,32.36248553982361,50.0,32.36248553982361,32.36248553982361,32.36248553982361,41.181242769911805,32.36248553982361
482f20784e2b8bcd0bc4,SHADOW_BOLLINGER_MR_1H,DOGE,LONG,2026-07-23T15:23:35+00:00,-54.17617130849985,6.964386247561988,-53.37717478466801,False,False,-54.17617130849985,-54.17617130849985,-54.17617130849985,-54.17617130849985,-54.17617130849985,-54.17617130849985,-50.0,-50.0,-54.17617130849985,-54.17617130849985,-54.17617130849985,-54.17617130849985,-54.17617130849985
32a36cdde547d0cae0c3,SHADOW_COMBO_SCANNER,DOGE,SHORT,2026-07-23T15:23:35+00:00,105.34654926687523,106.02016490016874,-15.734350406362994,True,False,25.0,50.0,75.0,100.0,105.34654926687523,105.34654926687523,105.34654926687523,50.0,105.34654926687523,105.34654926687523,105.34654926687523,77.67327463343761,105.34654926687523
a4ce7b5c9304c501543a,SHADOW_DOGE_BOLLINGER_1H,DOGE,LONG,2026-07-23T15:23:35+00:00,-55.792839333333745,7.172210098659043,-54.97000000000033,False,False,-55.792839333333745,-55.792839333333745,-55.792839333333745,-55.792839333333745,-55.792839333333745,-55.792839333333745,-50.0,-50.0,-55.792839333333745,-55.792839333333745,-55.792839333333745,-55.792839333333745,-55.792839333333745
133043632648e22e35cf,SHADOW_DOGE_DONCHIAN_1H,DOGE,SHORT,2026-07-23T15:23:35+00:00,28.46730109617923,60.296205972935034,-14.766796989874706,True,False,25.0,50.0,75.0,28.46730109617923,28.46730109617923,28.46730109617923,28.46730109617923,50.0,28.46730109617923,28.46730109617923,30.0,39.233650548089614,28.46730109617923
baa1929ce4ff301df16c,SHADOW_DOGE_EMA_1H,DOGE,SHORT,2026-07-23T15:23:35+00:00,95.62800282806478,96.30575435113279,-15.784011566964729,True,False,25.0,50.0,75.0,95.62800282806478,95.62800282806478,95.62800282806478,95.62800282806478,50.0,95.62800282806478,95.62800282806478,95.62800282806478,72.81400141403239,95.62800282806478
65242e1e4d981116218a,SHADOW_GLOBAL_PURE,DOGE,SHORT,2026-07-23T15:23:35+00:00,75.9876549038725,100.51817599227354,-51.14860030078587,True,False,25.0,50.0,75.0,100.0,75.9876549038725,75.9876549038725,75.9876549038725,50.0,75.9876549038725,75.9876549038725,75.9876549038725,62.99382745193625,75.9876549038725
1873141758d350aae469,SHADOW_RSI_LONG_15X_10_RSI15,DOGE,LONG,2026-07-23T15:23:35+00:00,-1.5002571085569416,0.15133431963636187,-1.4705332151999904,False,False,-1.5002571085569416,-1.5002571085569416,-1.5002571085569416,-1.5002571085569416,-1.5002571085569416,-1.5002571085569416,-1.5002571085569416,-1.5002571085569416,-1.5002571085569416,-1.5002571085569416,-1.5002571085569416,-1.5002571085569416,-1.5002571085569416
c6b954ec2c399994c4e7,SHADOW_RSI_LONG_15X_50_RSI15,DOGE,LONG,2026-07-23T15:23:35+00:00,-7.501285542784708,0.7566715981818093,-7.352666075999951,False,False,-7.501285542784708,-7.501285542784708,-7.501285542784708,-7.501285542784708,-7.501285542784708,-7.501285542784708,-7.501285542784708,-7.501285542784708,-7.501285542784708,-7.501285542784708,-7.501285542784708,-7.501285542784708,-7.501285542784708
561fa3e9b87dea9d1409,SHADOW_RSI_LONG_5X_RSI15,DOGE,LONG,2026-07-23T15:23:35+00:00,-11.618119833199684,1.1719459620505865,-11.387935451495618,False,False,-11.618119833199684,-11.618119833199684,-11.618119833199684,-11.618119833199684,-11.618119833199684,-11.618119833199684,-11.618119833199684,-11.618119833199684,-11.618119833199684,-11.618119833199684,-11.618119833199684,-11.618119833199684,-11.618119833199684
b1a95a7019a79860c10a,SHADOW_SCANNER_BOTTOM5_SHORT,DOGE,SHORT,2026-07-23T15:23:35+00:00,92.00593436442837,92.6580149297718,-15.186166073640289,True,False,25.0,50.0,75.0,92.00593436442837,92.00593436442837,92.00593436442837,92.00593436442837,50.0,92.00593436442837,92.00593436442837,92.00593436442837,71.00296718221418,92.00593436442837
85181856571b2ea1cc9c,SHADOW_SOL_ADAPTIVE_1H,SOL,LONG,2026-07-23T15:23:35+00:00,-53.451271592716225,46.88607461078774,-52.86130307168688,False,False,25.0,-53.451271592716225,-53.451271592716225,-53.451271592716225,-53.451271592716225,-53.451271592716225,-50.0,-50.0,-53.451271592716225,-53.451271592716225,-53.451271592716225,-53.451271592716225,-53.451271592716225
e500ef89884f2d47ba2b,SHADOW_SOL_ADAPTIVE_4H,SOL,LONG,2026-07-23T15:23:35+00:00,-51.83397024926655,5.134994751007506,-51.52130559880883,False,False,-51.83397024926655,-51.83397024926655,-51.83397024926655,-51.83397024926655,-51.83397024926655,-51.83397024926655,-50.0,-50.0,-51.83397024926655,-51.83397024926655,-51.83397024926655,-51.83397024926655,-51.83397024926655
029edbc8a13ce75f1090,SHADOW_SOL_DONCHIAN_4H,SOL,LONG,2026-07-23T15:23:35+00:00,-52.0043306955646,5.601812620058955,-51.66233343018887,False,False,-52.0043306955646,-52.0043306955646,-52.0043306955646,-52.0043306955646,-52.0043306955646,-52.0043306955646,-50.0,-50.0,-52.0043306955646,-52.0043306955646,-52.0043306955646,-52.0043306955646,-52.0043306955646
420937d9c956e014d87a,SHADOW_SOL_EMA_1H,SOL,LONG,2026-07-23T15:23:35+00:00,-53.50103733805284,46.929727836976504,-52.91051952750617,False,False,25.0,-53.50103733805284,-53.50103733805284,-53.50103733805284,-53.50103733805284,-53.50103733805284,-50.0,-50.0,-53.50103733805284,-53.50103733805284,-53.50103733805284,-53.50103733805284,-53.50103733805284
9d844d9530bf7546f7f5,SHADOW_SOL_EMA_4H,SOL,LONG,2026-07-23T15:23:35+00:00,-52.0043306955646,5.601812620058955,-51.66233343018887,False,False,-52.0043306955646,-52.0043306955646,-52.0043306955646,-52.0043306955646,-52.0043306955646,-52.0043306955646,-50.0,-50.0,-52.0043306955646,-52.0043306955646,-52.0043306955646,-52.0043306955646,-52.0043306955646
c2bd9f6dd9a4d0bbe0ed,SHADOW_1H_BALANCED_V2,AKE,LONG,2026-07-23T16:23:36+00:00,99.36604961951863,99.68484963149534,-34.463262485737815,True,False,25.0,50.0,75.0,99.36604961951863,99.36604961951863,99.36604961951863,99.36604961951863,50.0,0.0,20.0,30.0,74.68302480975932,36.60481163832742
f2307aaed1d697b92f15,SHADOW_1H_FAST,AKE,LONG,2026-07-23T16:23:36+00:00,71.31898629610104,71.79683067158113,-12.401785311382081,True,False,25.0,50.0,71.31898629610104,71.31898629610104,71.31898629610104,71.31898629610104,71.31898629610104,50.0,71.31898629610104,71.31898629610104,71.31898629610104,60.65949314805052,71.31898629610104
61c566405452b04b6dad,SHADOW_1H_FAST_TP2_V1,AKE,LONG,2026-07-23T16:23:36+00:00,96.6499353082669,97.13339329523231,-19.571275421491688,True,False,25.0,50.0,75.0,100.0,96.6499353082669,96.6499353082669,96.6499353082669,50.0,0.0,20.0,30.0,73.32496765413345,35.92795069596035
d54629998b3332c3e4f4,SHADOW_1H_FAST_V3,AKE,LONG,2026-07-23T16:23:36+00:00,74.33044767533228,74.82553519063458,-12.67434668053195,True,False,25.0,50.0,74.33044767533228,74.33044767533228,74.33044767533228,74.33044767533228,74.33044767533228,50.0,74.33044767533228,74.33044767533228,74.33044767533228,62.16522383766614,74.33044767533228
f092349034465ba8121c,SHADOW_1H_FAST_V3_LONG_ONLY_V1,AKE,LONG,2026-07-23T16:23:36+00:00,73.39827232923002,73.88715097064065,-12.515398175941336,True,False,25.0,50.0,73.39827232923002,73.39827232923002,73.39827232923002,73.39827232923002,73.39827232923002,50.0,73.39827232923002,73.39827232923002,73.39827232923002,61.69913616461501,73.39827232923002
565f2c9d1e7d62544e93,SHADOW_1H_FAST_V3_NOHIGH_V1,AKE,LONG,2026-07-23T16:23:36+00:00,73.10919902352887,73.59615225497444,-12.466107267476112,True,False,25.0,50.0,73.10919902352887,73.10919902352887,73.10919902352887,73.10919902352887,73.10919902352887,50.0,73.10919902352887,73.10919902352887,73.10919902352887,61.55459951176444,73.10919902352887
9913559396cfb3dcbeb5,SHADOW_1H_FAST_V3_NO_ESPORTS_V1,AKE,LONG,2026-07-23T16:23:36+00:00,73.30699892239421,73.79526962552896,-12.499834825562994,True,False,25.0,50.0,73.30699892239421,73.30699892239421,73.30699892239421,73.30699892239421,73.30699892239421,50.0,73.30699892239421,73.30699892239421,73.30699892239421,61.65349946119711,73.30699892239421
982d60500b95620a9e25,SHADOW_COMBO_ADAPTIVE_QUALITY7_V1,AKE,LONG,2026-07-23T16:23:36+00:00,97.77984320091194,98.17932345124466,-3.7982932053143377,True,False,25.0,50.0,75.0,97.77984320091194,97.77984320091194,97.77984320091194,97.77984320091194,50.0,97.77984320091194,97.77984320091194,97.77984320091194,73.88992160045598,97.77984320091194
eb38b602ffd099049d08,SHADOW_RELATIVE_STRENGTH_V2,AKE,LONG,2026-07-23T16:23:36+00:00,109.0873963697188,109.41107822918256,-46.85438682851979,True,False,25.0,50.0,75.0,100.0,109.0873963697188,109.0873963697188,109.0873963697188,50.0,0.0,20.0,30.0,79.54369818485941,-0.6719640140088211
42491926041b05730d1f,SHADOW_SCANNER_TOP5_BTC_GUARD_BTC_LE3_MFE_V1,AKE,LONG,2026-07-23T16:23:36+00:00,107.49216505617667,107.80344770238958,-44.78448621364823,True,False,25.0,50.0,75.0,100.0,107.49216505617667,107.49216505617667,107.49216505617667,50.0,0.0,20.0,30.0,78.74608252808834,-0.5544354729759958
2eda0c2fa700e0d3db8c,SHADOW_SCANNER_TOP5_BTC_GUARD_BTC_LE3_V1,AKE,LONG,2026-07-23T16:23:36+00:00,107.49216505617667,107.80344770238958,-44.78448621364823,True,False,25.0,50.0,75.0,100.0,107.49216505617667,107.49216505617667,107.49216505617667,50.0,0.0,20.0,30.0,78.74608252808834,-0.5544354729759958
062d40249c0f9ad460e2,SHADOW_SCANNER_TOP5_BTC_GUARD_MFE_V1,AKE,LONG,2026-07-23T16:23:36+00:00,106.27173954304453,106.57948800345852,-44.27602004275022,True,False,25.0,50.0,75.0,100.0,106.27173954304453,106.27173954304453,106.27173954304453,50.0,0.0,20.0,30.0,78.13586977152227,-0.548140621660537
abe8d946ccf9898e376e,SHADOW_SCANNER_TOP5_BTC_GUARD_V1,AKE,LONG,2026-07-23T16:23:36+00:00,105.73371891957994,106.03990934566372,-44.05186438283197,True,False,25.0,50.0,75.0,100.0,105.73371891957994,105.73371891957994,105.73371891957994,50.0,0.0,20.0,30.0,77.86685945978996,-0.5453655569040914
28946ac7d4cce870daeb,SHADOW_SCANNER_TOP5_LONG,AKE,LONG,2026-07-23T16:23:36+00:00,103.90171886224928,104.22665031494915,-47.65295397162475,True,False,25.0,50.0,75.0,100.0,103.90171886224928,103.90171886224928,103.90171886224928,50.0,0.0,20.0,30.0,76.95085943112464,40.304886934291225
da430fd0775fb51c76b6,SHADOW_1H_BALANCED,AKE,LONG,2026-07-23T16:38:33+00:00,100.0974594862982,100.50875745186075,-9.881564718680057,True,False,25.0,50.0,75.0,100.0,100.0974594862982,100.0974594862982,100.0974594862982,50.0,100.0974594862982,100.0974594862982,100.0974594862982,75.0487297431491,100.0974594862982
d4da3ab5bdb1157b0dea,SHADOW_1H_FAST_SCORE_6_75_V1,AKE,LONG,2026-07-23T16:38:33+00:00,10.525642455248244,60.054470818747504,-30.502879033432315,True,False,25.0,50.0,10.525642455248244,10.525642455248244,10.525642455248244,10.525642455248244,10.525642455248244,50.0,10.525642455248244,20.0,30.0,30.262821227624123,10.525642455248244
2904d2771742a0fed66e,SHADOW_1H_FAST_V3_LONG_NOHIGH_CAP75_LOCK_V1,AKE,LONG,2026-07-23T16:38:33+00:00,72.32841100700499,72.82164480456093,-29.672326517896114,True,False,25.0,50.0,72.32841100700499,72.32841100700499,72.32841100700499,72.32841100700499,72.32841100700499,50.0,72.32841100700499,72.32841100700499,72.32841100700499,61.164205503502494,72.32841100700499
a363237d2946142b63c2,SHADOW_1H_FAST_V3_LONG_NOHIGH_CAP75_V1,AKE,LONG,2026-07-23T16:38:33+00:00,10.345129378817184,59.02454629613311,-29.979759560417737,True,False,25.0,50.0,10.345129378817184,10.345129378817184,10.345129378817184,10.345129378817184,10.345129378817184,50.0,10.345129378817184,20.0,30.0,30.172564689408592,10.345129378817184
1ed96118c843348c4480,SHADOW_MASTER_ADAPTIVE_GB20_V1,AKE,LONG,2026-07-23T16:38:33+00:00,45.201444104455526,79.5628596427158,-7.486691778210684,True,False,25.0,50.0,75.0,45.201444104455526,45.201444104455526,45.201444104455526,45.201444104455526,50.0,45.201444104455526,45.201444104455526,45.201444104455526,47.600722052227766,45.201444104455526
735856d2afc948360992,SHADOW_MASTER_ADAPTIVE_STRICT3_V1,AKE,LONG,2026-07-23T16:38:33+00:00,95.95774650522714,96.35150373527476,-13.680708234511178,True,False,25.0,50.0,75.0,95.95774650522714,95.95774650522714,95.95774650522714,95.95774650522714,50.0,95.95774650522714,95.95774650522714,95.95774650522714,72.97887325261357,95.95774650522714
eec34fe2142ce0840279,SHADOW_RSI_LONG_15X_10_RSI25,SOL,LONG,2026-07-23T16:38:33+00:00,-1.0782789106790167,0.03368023012946347,-1.0484706047999932,False,False,-1.0782789106790167,-1.0782789106790167,-1.0782789106790167,-1.0782789106790167,-1.0782789106790167,-1.0782789106790167,-1.0782789106790167,-1.0782789106790167,-1.0782789106790167,-1.0782789106790167,-1.0782789106790167,-1.0782789106790167,-1.0782789106790167
6010482b979d3e18bb93,SHADOW_RSI_LONG_15X_50_RSI25,SOL,LONG,2026-07-23T16:38:33+00:00,-5.3913945533950836,0.16840115064731753,-5.242353023999966,False,False,-5.3913945533950836,-5.3913945533950836,-5.3913945533950836,-5.3913945533950836,-5.3913945533950836,-5.3913945533950836,-5.3913945533950836,-5.3913945533950836,-5.3913945533950836,-5.3913945533950836,-5.3913945533950836,-5.3913945533950836,-5.3913945533950836
1c47bd0847e2bc5b140e,SHADOW_RSI_LONG_5X_RSI25,SOL,LONG,2026-07-23T16:38:33+00:00,-12.398952448055791,0.3872834455714449,-12.056191624774572,False,False,-12.398952448055791,-12.398952448055791,-12.398952448055791,-12.398952448055791,-12.398952448055791,-12.398952448055791,-12.398952448055791,-12.398952448055791,-12.398952448055791,-12.398952448055791,-12.398952448055791,-12.398952448055791,-12.398952448055791
f257a790a93970712ad5,SHADOW_SCANNER_TOP5_BTC_RUNNER25_V1,AKE,LONG,2026-07-23T16:38:33+00:00,102.19386295254172,111.09419154210687,-45.24585765064396,True,False,25.0,50.0,75.0,100.0,102.19386295254172,102.19386295254172,102.19386295254172,50.0,0.0,20.0,30.0,76.09693147627087,-0.560147287769807
4b73cd1534111159816c,SHADOW_MASTER_ADAPTIVE_GB20_V1,BANK,LONG,2026-07-23T16:53:35+00:00,11.151069729608048,26.821431837104697,-18.971410836869445,False,False,11.151069729608048,11.151069729608048,11.151069729608048,11.151069729608048,11.151069729608048,11.151069729608048,11.151069729608048,11.151069729608048,11.151069729608048,11.151069729608048,11.151069729608048,11.151069729608048,11.151069729608048
eefa884ceb99a7229b33,SHADOW_SCANNER_TOP5_BTC_TP3_V1,AKE,LONG,2026-07-23T16:53:35+00:00,148.38446444872213,148.72283921813553,-45.24585765064396,True,False,25.0,50.0,75.0,100.0,148.38446444872213,148.38446444872213,148.38446444872213,50.0,0.0,20.0,30.0,99.19223222436106,-0.560147287769807
2abb5b42fb00dfa7710e,SHADOW_COMBO_TREND,AKE,LONG,2026-07-23T17:08:35+00:00,107.81094667495584,108.18656591054221,-8.862980832077245,True,False,25.0,50.0,75.0,100.0,107.81094667495584,107.81094667495584,107.81094667495584,50.0,107.81094667495584,107.81094667495584,107.81094667495584,78.90547333747793,107.81094667495584
54eb325b1ab2d36d332f,SHADOW_COMBO_ADAPTIVE_RUNNER25_V1,AKE,LONG,2026-07-23T17:38:34+00:00,97.59270696422529,137.9271532256708,-9.616668367374723,True,False,25.0,50.0,75.0,97.59270696422529,97.59270696422529,97.59270696422529,97.59270696422529,50.0,97.59270696422529,97.59270696422529,30.0,73.79635348211264,32.51121657331681
fcc4e863165df6487edc,SHADOW_1H_FAST_TP2_V1,AKE,LONG,2026-07-23T17:53:35+00:00,-21.852752821880248,72.33686378683093,-44.638259257683096,True,True,25.0,50.0,-21.852752821880248,-21.852752821880248,-21.852752821880248,-21.852752821880248,-21.852752821880248,50.0,0.0,20.0,30.0,14.073623589059876,1.4147485134378033
1c16e4d711f6c904456c,SHADOW_1H_FAST_V3_LONG_ONLY_V1,AKE,LONG,2026-07-23T17:53:35+00:00,-22.078122563810574,73.08288148339152,-45.09861832782505,True,True,25.0,50.0,-22.078122563810574,-22.078122563810574,-22.078122563810574,-22.078122563810574,-22.078122563810574,50.0,0.0,20.0,30.0,13.960938718094713,1.4293389638935716
410c9c7db39636d6be99,SHADOW_1H_FAST_V3_NOHIGH_V1,AKE,LONG,2026-07-23T17:53:35+00:00,-21.930076835662287,72.59282131758201,-44.79620775058836,True,True,25.0,50.0,-21.930076835662287,-21.930076835662287,-21.930076835662287,-21.930076835662287,-21.930076835662287,50.0,0.0,20.0,30.0,14.034961582168856,1.4197544746749458
32d80261fa44d901eac1,SHADOW_1H_FAST_V3_NO_ESPORTS_V1,AKE,LONG,2026-07-23T17:53:35+00:00,-21.989409546704664,72.78922413565071,-44.917405704894556,True,True,25.0,50.0,-21.989409546704664,-21.989409546704664,-21.989409546704664,-21.989409546704664,-21.989409546704664,50.0,0.0,20.0,30.0,14.005295226647668,1.423595677905936
e96fc0bcc7bcf2a16aa2,SHADOW_SCANNER_TOP5_BTC_GUARD_BTC_LE3_MFE_V1,BANK,LONG,2026-07-23T17:53:35+00:00,11.502806107206732,51.68716401096778,-44.35923895154123,True,False,25.0,11.502806107206732,11.502806107206732,11.502806107206732,11.502806107206732,11.502806107206732,11.502806107206732,11.502806107206732,11.502806107206732,11.502806107206732,11.502806107206732,30.751403053603365,11.502806107206732
f076927ec3826b49a16c,SHADOW_SCANNER_TOP5_BTC_GUARD_BTC_LE3_MFE_V1,AKE,LONG,2026-07-23T17:53:35+00:00,-19.274826304819097,56.301391427328255,-34.74295090408533,True,True,25.0,-19.274826304819097,-19.274826304819097,-19.274826304819097,-19.274826304819097,-19.274826304819097,-19.274826304819097,-19.274826304819097,-19.274826304819097,-19.274826304819097,-19.274826304819097,15.362586847590451,-19.274826304819097
6efd47f1a7d94bab5a7e,SHADOW_SCANNER_TOP5_BTC_GUARD_MFE_V1,BANK,LONG,2026-07-23T17:53:35+00:00,11.372207583690985,51.10032743894911,-43.85560087772166,True,False,25.0,11.372207583690985,11.372207583690985,11.372207583690985,11.372207583690985,11.372207583690985,11.372207583690985,11.372207583690985,11.372207583690985,11.372207583690985,11.372207583690985,30.686103791845493,11.372207583690985
aa0d072104fc4a7b85a7,SHADOW_SCANNER_TOP5_BTC_GUARD_MFE_V1,AKE,LONG,2026-07-23T17:53:35+00:00,-19.055987194347193,55.662166656975515,-34.348492539025095,True,True,25.0,-19.055987194347193,-19.055987194347193,-19.055987194347193,-19.055987194347193,-19.055987194347193,-19.055987194347193,-19.055987194347193,-19.055987194347193,-19.055987194347193,-19.055987194347193,15.472006402826404,-19.055987194347193
992575aef629e8e0532f,SHADOW_SCANNER_TOP5_BTC_MFE_V1,BANK,LONG,2026-07-23T17:53:35+00:00,11.637175098821302,52.2909429535007,-44.87741739870935,True,False,25.0,11.637175098821302,11.637175098821302,11.637175098821302,11.637175098821302,11.637175098821302,11.637175098821302,11.637175098821302,11.637175098821302,11.637175098821302,11.637175098821302,30.81858754941065,11.637175098821302
00fc7e31ef7e2859a617,SHADOW_1H_FAST_NOHIGH_CAP75_V1,SOL,SHORT,2026-07-23T18:08:35+00:00,68.08919399917555,68.95838316745183,-16.02744972686774,True,False,25.0,50.0,68.08919399917555,68.08919399917555,68.08919399917555,68.08919399917555,68.08919399917555,50.0,68.08919399917555,68.08919399917555,68.08919399917555,59.044596999587775,68.08919399917555
55e003cba79c683e6c42,SHADOW_1H_FAST_SCORE_6_75_V1,SOL,SHORT,2026-07-23T18:08:35+00:00,68.60274234031058,69.47848718400735,-16.148333375746855,True,False,25.0,50.0,68.60274234031058,68.60274234031058,68.60274234031058,68.60274234031058,68.60274234031058,50.0,68.60274234031058,68.60274234031058,68.60274234031058,59.30137117015529,68.60274234031058
d77c098414757575240a,SHADOW_1H_FAST_V3_CAP75_V1,SOL,SHORT,2026-07-23T18:08:35+00:00,68.60274431946043,69.47848918842193,-16.148333841617028,True,False,25.0,50.0,68.60274431946043,68.60274431946043,68.60274431946043,68.60274431946043,68.60274431946043,50.0,68.60274431946043,68.60274431946043,68.60274431946043,59.301372159730214,68.60274431946043
ce8a496b5915fe07702e,SHADOW_1H_FAST_V3_LONG_NOHIGH_CAP75_LOCK_V1,RIF,LONG,2026-07-23T18:08:35+00:00,-76.29250963277958,26.6309947183591,-76.29250963277958,False,False,-76.29250963277958,-76.29250963277958,-76.29250963277958,-76.29250963277958,-76.29250963277958,-76.29250963277958,-50.0,-50.0,-76.29250963277958,-76.29250963277958,-76.29250963277958,-76.29250963277958,-76.29250963277958
b63eaf1471d63d685381,SHADOW_1H_FAST_V3_LONG_NOHIGH_CAP75_V1,RIF,LONG,2026-07-23T18:08:35+00:00,-76.59950109248923,26.738154490418776,-76.59950109248923,False,False,-76.59950109248923,-76.59950109248923,-76.59950109248923,-76.59950109248923,-76.59950109248923,-76.59950109248923,-50.0,-50.0,-76.59950109248923,-76.59950109248923,-76.59950109248923,-76.59950109248923,-76.59950109248923
c14a9ea4c80d705b3ab9,SHADOW_1H_FAST_V3_LONG_ONLY_V1,RIF,LONG,2026-07-23T18:08:35+00:00,-77.86759945321376,27.180802411025446,-77.86759945321376,False,False,-77.86759945321376,-77.86759945321376,-77.86759945321376,-77.86759945321376,-77.86759945321376,-77.86759945321376,-50.0,-50.0,-77.86759945321376,-77.86759945321376,-77.86759945321376,-77.86759945321376,-77.86759945321376
15a6b6a7201a21d3b7e2,SHADOW_BOLLINGER_MR_1H,ZEC,LONG,2026-07-23T18:08:35+00:00,-55.05271656158398,38.088345740794836,-54.543204388602874,False,False,-55.05271656158398,-55.05271656158398,-55.05271656158398,-55.05271656158398,-55.05271656158398,-55.05271656158398,-50.0,-50.0,-55.05271656158398,-55.05271656158398,-55.05271656158398,-55.05271656158398,-55.05271656158398
314c6bf2776e4717cd9e,SHADOW_BOLLINGER_MR_1H,RIF,SHORT,2026-07-23T18:08:35+00:00,74.57869950889294,74.86633057576131,-27.33086335297578,True,False,25.0,50.0,74.57869950889294,74.57869950889294,74.57869950889294,74.57869950889294,74.57869950889294,50.0,74.57869950889294,74.57869950889294,74.57869950889294,62.28934975444647,74.57869950889294
ad009511b82aad590d7b,SHADOW_COMBO_TREND,RIF,LONG,2026-07-23T18:08:35+00:00,-63.61594338607172,18.996784824378256,-63.61594338607172,False,False,-63.61594338607172,-63.61594338607172,-63.61594338607172,-63.61594338607172,-63.61594338607172,-63.61594338607172,-50.0,-50.0,-63.61594338607172,-63.61594338607172,-63.61594338607172,-63.61594338607172,-63.61594338607172
4bfef136a9c93bc6ad9b,SHADOW_ETH_EMA_4H,ETH,LONG,2026-07-23T18:08:35+00:00,-52.88030400517834,17.473686747979695,-52.53693749153636,False,False,-52.88030400517834,-52.88030400517834,-52.88030400517834,-52.88030400517834,-52.88030400517834,-52.88030400517834,-50.0,-50.0,-52.88030400517834,-52.88030400517834,-52.88030400517834,-52.88030400517834,-52.88030400517834
50212ef860f93353dc7a,SHADOW_MASTER_ADAPTIVE_GB20_V1,RIF,LONG,2026-07-23T18:08:35+00:00,-65.56468396430998,20.51141809297943,-65.56468396430998,False,False,-65.56468396430998,-65.56468396430998,-65.56468396430998,-65.56468396430998,-65.56468396430998,-65.56468396430998,-50.0,-50.0,-65.56468396430998,-65.56468396430998,-65.56468396430998,-65.56468396430998,-65.56468396430998
09eb3a9484a10c02bcbe,SHADOW_MASTER_ADAPTIVE_STRICT3_V1,RIF,LONG,2026-07-23T18:08:35+00:00,-65.48718734701417,20.48717385931529,-65.48718734701417,False,False,-65.48718734701417,-65.48718734701417,-65.48718734701417,-65.48718734701417,-65.48718734701417,-65.48718734701417,-50.0,-50.0,-65.48718734701417,-65.48718734701417,-65.48718734701417,-65.48718734701417,-65.48718734701417
7f63da9456eb74d049da,SHADOW_1H_FAST_V3_LONG_NOHIGH_CAP75_LOCK_V1,AKE,LONG,2026-07-23T18:38:36+00:00,-73.36986686393303,-0.3746621543740045,-73.36986686393303,False,False,-73.36986686393303,-73.36986686393303,-73.36986686393303,-73.36986686393303,-73.36986686393303,-73.36986686393303,-50.0,-50.0,-73.36986686393303,-73.36986686393303,-73.36986686393303,-73.36986686393303,-73.36986686393303
ba65bb675be8be7585ed,SHADOW_1H_FAST_V3_LONG_NOHIGH_CAP75_V1,AKE,LONG,2026-07-23T18:38:36+00:00,-73.66516267805427,-0.3761700781392401,-73.66516267805427,False,False,-73.66516267805427,-73.66516267805427,-73.66516267805427,-73.66516267805427,-73.66516267805427,-73.66516267805427,-50.0,-50.0,-73.66516267805427,-73.66516267805427,-73.66516267805427,-73.66516267805427,-73.66516267805427
42efbf301dcace44e441,SHADOW_1H_FAST_V3_LONG_ONLY_V1,AKE,LONG,2026-07-23T18:38:36+00:00,-74.30914186846398,-0.37945854847677496,-74.30914186846398,False,False,-74.30914186846398,-74.30914186846398,-74.30914186846398,-74.30914186846398,-74.30914186846398,-74.30914186846398,-50.0,-50.0,-74.30914186846398,-74.30914186846398,-74.30914186846398,-74.30914186846398,-74.30914186846398
e5fa87fe7f35b23c79a1,SHADOW_BOLLINGER_MR_1H,AKE,SHORT,2026-07-23T18:38:36+00:00,74.71973494855199,74.82412704258532,-0.7165714595268795,True,False,25.0,50.0,74.71973494855199,74.71973494855199,74.71973494855199,74.71973494855199,74.71973494855199,50.0,74.71973494855199,74.71973494855199,74.71973494855199,62.359867474275994,74.71973494855199
97c72b29559222af2e16,SHADOW_COMBO_ADAPTIVE_RUNNER25_V1,AKE,LONG,2026-07-23T18:38:36+00:00,-64.95631467079838,-0.2962958543738598,-64.95631467079838,False,False,-64.95631467079838,-64.95631467079838,-64.95631467079838,-64.95631467079838,-64.95631467079838,-64.95631467079838,-50.0,-50.0,-64.95631467079838,-64.95631467079838,-64.95631467079838,-64.95631467079838,-64.95631467079838
539d0935fe08b51f6bcf,SHADOW_COMBO_TREND,AKE,LONG,2026-07-23T18:38:36+00:00,-66.68011562030965,-0.26539558717612455,-66.68011562030965,False,False,-66.68011562030965,-66.68011562030965,-66.68011562030965,-66.68011562030965,-66.68011562030965,-66.68011562030965,-50.0,-50.0,-66.68011562030965,-66.68011562030965,-66.68011562030965,-66.68011562030965,-66.68011562030965
78023a2fc7f6c518bbd7,SHADOW_MASTER_ADAPTIVE_GB20_V1,AKE,LONG,2026-07-23T18:38:36+00:00,-69.16709237398968,-0.2887390810564219,-69.16709237398968,False,False,-69.16709237398968,-69.16709237398968,-69.16709237398968,-69.16709237398968,-69.16709237398968,-69.16709237398968,-50.0,-50.0,-69.16709237398968,-69.16709237398968,-69.16709237398968,-69.16709237398968,-69.16709237398968
0d9273661bd520102b50,SHADOW_MASTER_ADAPTIVE_STRICT3_V1,AKE,LONG,2026-07-23T18:38:36+00:00,-69.08302136645611,-0.28838812535443176,-69.08302136645611,False,False,-69.08302136645611,-69.08302136645611,-69.08302136645611,-69.08302136645611,-69.08302136645611,-69.08302136645611,-50.0,-50.0,-69.08302136645611,-69.08302136645611,-69.08302136645611,-69.08302136645611,-69.08302136645611
81742be62066b8719e27,SHADOW_SCANNER_TOP5_BTC_GUARD_BTC_LE3_MFE_V1,AKE,LONG,2026-07-23T18:38:36+00:00,-64.51360280191771,-0.2942764403708296,-64.51360280191771,False,False,-64.51360280191771,-64.51360280191771,-64.51360280191771,-64.51360280191771,-64.51360280191771,-64.51360280191771,-50.0,-50.0,-64.51360280191771,-64.51360280191771,-64.51360280191771,-64.51360280191771,-64.51360280191771
c7f3498d4238b65a4002,SHADOW_SCANNER_TOP5_BTC_GUARD_MFE_V1,AKE,LONG,2026-07-23T18:38:36+00:00,-63.78113967995537,-0.2909353366210391,-63.78113967995537,False,False,-63.78113967995537,-63.78113967995537,-63.78113967995537,-63.78113967995537,-63.78113967995537,-63.78113967995537,-50.0,-50.0,-63.78113967995537,-63.78113967995537,-63.78113967995537,-63.78113967995537,-63.78113967995537
5ddb928a391f296f4f15,SHADOW_SCANNER_TOP5_BTC_MFE_V1,AKE,LONG,2026-07-23T18:38:36+00:00,-64.5292428043173,-0.29434778166993014,-64.5292428043173,False,False,-64.5292428043173,-64.5292428043173,-64.5292428043173,-64.5292428043173,-64.5292428043173,-64.5292428043173,-50.0,-50.0,-64.5292428043173,-64.5292428043173,-64.5292428043173,-64.5292428043173,-64.5292428043173
cae4d1ffad816624ee40,SHADOW_1H_FAST,SUI,LONG,2026-07-23T19:38:35+00:00,-6.933255748738487,13.726282800668098,-6.931870483519006,False,False,-6.933255748738487,-6.933255748738487,-6.933255748738487,-6.933255748738487,-6.933255748738487,-6.933255748738487,-6.933255748738487,-6.933255748738487,-6.933255748738487,-6.933255748738487,-6.933255748738487,-6.933255748738487,-6.933255748738487
86914b4d316b2282c21f,SHADOW_1H_FAST_V3,SUI,LONG,2026-07-23T19:38:35+00:00,-6.845692020079225,13.552926365219044,-6.844324250101836,False,False,-6.845692020079225,-6.845692020079225,-6.845692020079225,-6.845692020079225,-6.845692020079225,-6.845692020079225,-6.845692020079225,-6.845692020079225,-6.845692020079225,-6.845692020079225,-6.845692020079225,-6.845692020079225,-6.845692020079225
db9b1460d8d210a9c047,SHADOW_COMBO_TREND,ONDO,LONG,2026-07-23T19:38:35+00:00,-1.8871775440251017,97.61322285004152,-27.826411009587414,True,True,25.0,50.0,75.0,-1.8871775440251017,-1.8871775440251017,-1.8871775440251017,-1.8871775440251017,50.0,0.0,20.0,30.0,24.05641122798745,61.723596054491324
2975dfc0e61e0bbf0c4e,SHADOW_1H_FAST_NO_PEPE_V1,ZEC,SHORT,2026-07-23T20:08:34+00:00,32.673677867744665,64.9097651819083,-45.21002521900549,True,False,25.0,50.0,75.0,32.673677867744665,32.673677867744665,32.673677867744665,32.673677867744665,50.0,32.673677867744665,32.673677867744665,32.673677867744665,41.33683893387233,32.673677867744665
6498bda57cb83da25161,SHADOW_4H_WIDE,ETH,LONG,2026-07-23T20:08:34+00:00,-53.040717457735745,14.957356097662325,-52.74835349438791,False,False,-53.040717457735745,-53.040717457735745,-53.040717457735745,-53.040717457735745,-53.040717457735745,-53.040717457735745,-50.0,-50.0,-53.040717457735745,-53.040717457735745,-53.040717457735745,-53.040717457735745,-53.040717457735745
3882507355ef432186ca,SHADOW_COMBO_MEAN_REVERSION,PEPE,LONG,2026-07-23T20:08:34+00:00,-56.988639656559336,7.903824594953677,-54.71783909133426,False,False,-56.988639656559336,-56.988639656559336,-56.988639656559336,-56.988639656559336,-56.988639656559336,-56.988639656559336,-50.0,-50.0,-56.988639656559336,-56.988639656559336,-56.988639656559336,-56.988639656559336,-56.988639656559336
67f2abcf78799eacfde8,SHADOW_MASTER_ADAPTIVE_GB20_V1,AKE,LONG,2026-07-23T20:38:34+00:00,20.79313356127799,32.87716100123403,-34.02211397968684,False,False,25.0,20.79313356127799,20.79313356127799,20.79313356127799,20.79313356127799,20.79313356127799,20.79313356127799,20.79313356127799,20.79313356127799,20.79313356127799,20.79313356127799,20.79313356127799,20.79313356127799
093e25d25a0bb7a79f97,SHADOW_1H_FAST_V3_LONG_NOHIGH_CAP75_LOCK_V1,RIF,LONG,2026-07-23T22:08:34+00:00,72.39827146175874,72.68609002490986,-19.170182294389175,True,False,25.0,50.0,75.0,72.39827146175874,72.39827146175874,72.39827146175874,72.39827146175874,50.0,72.39827146175874,72.39827146175874,72.39827146175874,61.19913573087937,72.39827146175874
bbadd0c993dc5429b3f9,SHADOW_1H_FAST_V3_LONG_NOHIGH_CAP75_V1,RIF,LONG,2026-07-23T22:08:34+00:00,72.69020977867304,72.97918893951808,-19.247484012247458,True,False,25.0,50.0,75.0,72.69020977867304,72.69020977867304,72.69020977867304,72.69020977867304,50.0,72.69020977867304,72.69020977867304,72.69020977867304,61.34510488933652,72.69020977867304
05fe44086009fea841a2,SHADOW_1H_FAST_V3_LONG_ONLY_V1,RIF,LONG,2026-07-23T22:08:34+00:00,73.32530825009171,73.61681223819868,-19.41565036796514,True,False,25.0,50.0,75.0,73.32530825009171,73.32530825009171,73.32530825009171,73.32530825009171,50.0,73.32530825009171,73.32530825009171,73.32530825009171,61.662654125045854,73.32530825009171
d82034621ead24913a3e,SHADOW_MASTER_ADAPTIVE_GB20_V1,RIF,LONG,2026-07-23T22:23:35+00:00,36.96505167383004,59.80648108937437,-3.200640244893356,True,False,25.0,50.0,36.96505167383004,36.96505167383004,36.96505167383004,36.96505167383004,36.96505167383004,50.0,36.96505167383004,36.96505167383004,36.96505167383004,43.482525836915016,36.96505167383004
2ba936e4efa0de0a28d2,SHADOW_RELATIVE_STRENGTH_V2,RIF,LONG,2026-07-23T22:23:35+00:00,111.54095629431035,111.86377867757041,-20.07271020918487,True,False,25.0,50.0,75.0,100.0,111.54095629431035,111.54095629431035,111.54095629431035,50.0,111.54095629431035,111.54095629431035,111.54095629431035,80.77047814715517,111.54095629431035
3ad4e9d42c669c3416f7,SHADOW_1H_FAST_NOHIGH_CAP75_V1,BANK,LONG,2026-07-23T23:53:37+00:00,72.91764987113368,73.01423819146625,-30.44784494025793,True,False,25.0,50.0,72.91764987113368,72.91764987113368,72.91764987113368,72.91764987113368,72.91764987113368,50.0,72.91764987113368,72.91764987113368,72.91764987113368,61.45882493556684,72.91764987113368
72c71459cd736d9bb769,SHADOW_1H_FAST_NO_PEPE_V1,BANK,LONG,2026-07-23T23:53:37+00:00,73.83681628869411,73.9369466759172,-46.32134908243541,True,False,25.0,50.0,73.83681628869411,73.83681628869411,73.83681628869411,73.83681628869411,73.83681628869411,50.0,73.83681628869411,73.83681628869411,73.83681628869411,61.918408144347055,73.83681628869411
116a31e601d6be10ea84,SHADOW_MASTER_ADAPTIVE_GB20_V1,BANK,LONG,2026-07-24T00:08:35+00:00,10.6309521537067,35.27586216945504,-34.39749272352774,False,False,10.6309521537067,10.6309521537067,10.6309521537067,10.6309521537067,10.6309521537067,10.6309521537067,10.6309521537067,10.6309521537067,10.6309521537067,10.6309521537067,10.6309521537067,10.6309521537067,10.6309521537067
93da8cfa182a4d502c41,SHADOW_1H_FAST_V3_LONG_NOHIGH_CAP75_LOCK_V1,AKE,LONG,2026-07-24T00:23:37+00:00,3.9789330177051734,59.89389686382852,-40.728066086469255,True,False,25.0,3.9789330177051734,3.9789330177051734,3.9789330177051734,3.9789330177051734,3.9789330177051734,3.9789330177051734,3.9789330177051734,3.9789330177051734,3.9789330177051734,3.9789330177051734,26.989466508852587,3.9789330177051734
83ce25c1aa83efb8d6bc,SHADOW_SCANNER_TOP5_BTC_GUARD_BTC_LE3_MFE_V1,AKE,LONG,2026-07-24T00:23:37+00:00,4.630831036911866,51.00014286274677,-34.680281258970155,True,False,25.0,4.630831036911866,4.630831036911866,4.630831036911866,4.630831036911866,4.630831036911866,4.630831036911866,4.630831036911866,4.630831036911866,4.630831036911866,4.630831036911866,27.315415518455932,4.630831036911866
999f8484f6e8d3e71cc2,SHADOW_SCANNER_TOP5_BTC_GUARD_MFE_V1,AKE,LONG,2026-07-24T00:23:37+00:00,4.578254327330306,50.42110646981008,-34.28653442143154,True,False,25.0,4.578254327330306,4.578254327330306,4.578254327330306,4.578254327330306,4.578254327330306,4.578254327330306,4.578254327330306,4.578254327330306,4.578254327330306,4.578254327330306,27.289127163665153,4.578254327330306
5c75db0f32a0b3afe351,SHADOW_SCANNER_TOP5_BTC_MFE_V1,AKE,LONG,2026-07-24T00:23:37+00:00,4.626919504499575,50.957064480000994,-34.65098780318855,True,False,25.0,4.626919504499575,4.626919504499575,4.626919504499575,4.626919504499575,4.626919504499575,4.626919504499575,4.626919504499575,4.626919504499575,4.626919504499575,4.626919504499575,27.313459752249788,4.626919504499575
525253150c121cd68845,SHADOW_1H_FAST_V3_LONG_NOHIGH_CAP75_V1,AKE,LONG,2026-07-24T00:53:34+00:00,-0.6786470209563977,60.135412622296606,-40.8922976741079,True,True,25.0,-0.6786470209563977,-0.6786470209563977,-0.6786470209563977,-0.6786470209563977,-0.6786470209563977,-0.6786470209563977,-0.6786470209563977,-0.6786470209563977,-0.6786470209563977,-0.6786470209563977,24.6606764895218,-0.6786470209563977
072ec4ef72657e60bf40,SHADOW_1H_FAST_V3_LONG_ONLY_V1,AKE,LONG,2026-07-24T00:53:34+00:00,-0.6845763983368531,60.660819121340104,-41.24957599019334,True,True,25.0,-0.6845763983368531,-0.6845763983368531,-0.6845763983368531,-0.6845763983368531,-0.6845763983368531,-0.6845763983368531,-0.6845763983368531,-0.6845763983368531,-0.6845763983368531,-0.6845763983368531,24.657711800831574,-0.6845763983368531
9a9f0ab75e7349d8c48a,SHADOW_1H_FAST_NOHIGH_CAP75_V1,ZEC,SHORT,2026-07-24T01:08:35+00:00,-4.072062456702487,62.693427960155425,-24.53168244113439,True,True,25.0,50.0,-4.072062456702487,-4.072062456702487,-4.072062456702487,-4.072062456702487,-4.072062456702487,50.0,0.0,20.0,30.0,22.963968771648755,18.565086955560687
308512bd3ddb852b792a,SHADOW_1H_FAST_SCORE_6_75_V1,BANK,LONG,2026-07-24T01:08:35+00:00,73.39279779693352,73.49548596009262,-32.66369680025078,True,False,25.0,50.0,73.39279779693352,73.39279779693352,73.39279779693352,73.39279779693352,73.39279779693352,50.0,73.39279779693352,73.39279779693352,73.39279779693352,61.69639889846676,73.39279779693352
6763b2174de9199aba8c,SHADOW_1H_FAST_SCORE_6_75_V1,ZEC,SHORT,2026-07-24T01:08:35+00:00,-4.145747962300986,63.82788917878024,-24.975592485019273,True,True,25.0,50.0,-4.145747962300986,-4.145747962300986,-4.145747962300986,-4.145747962300986,-4.145747962300986,50.0,0.0,20.0,30.0,22.927126018849506,18.90102920432186
70ec16835c3f783d0f77,SHADOW_1H_FAST_TP2_V1,BANK,LONG,2026-07-24T01:08:35+00:00,97.54387103045353,97.64544849337643,-30.471205000510615,True,False,25.0,50.0,75.0,97.54387103045353,97.54387103045353,97.54387103045353,97.54387103045353,50.0,97.54387103045353,97.54387103045353,97.54387103045353,73.77193551522677,97.54387103045353
7fd24b61f3b34017aa47,SHADOW_1H_FAST_TP2_V1,ZEC,SHORT,2026-07-24T01:08:35+00:00,-4.062316161770871,58.40363260822124,-28.73967702225168,True,True,25.0,-4.062316161770871,-4.062316161770871,-4.062316161770871,-4.062316161770871,-4.062316161770871,-4.062316161770871,-4.062316161770871,-4.062316161770871,-4.062316161770871,-4.062316161770871,22.968841919114563,-4.062316161770871
b618ef666e8b06b41c44,SHADOW_1H_FAST_V3_CAP75_V1,BANK,LONG,2026-07-24T01:08:35+00:00,73.39279991427374,73.49548808039532,-32.663697742579735,True,False,25.0,50.0,73.39279991427374,73.39279991427374,73.39279991427374,73.39279991427374,73.39279991427374,50.0,73.39279991427374,73.39279991427374,73.39279991427374,61.69639995713687,73.39279991427374
d524ae847f3469526ce9,SHADOW_1H_FAST_V3_CAP75_V1,ZEC,SHORT,2026-07-24T01:08:35+00:00,-4.102751013283535,63.165908633443784,-24.71656219988757,True,True,25.0,50.0,-4.102751013283535,-4.102751013283535,-4.102751013283535,-4.102751013283535,-4.102751013283535,50.0,0.0,20.0,30.0,22.94862449335823,18.705000261784672
8953679deea9a00b41c2,SHADOW_1H_FAST_V3_LONG_NOHIGH_CAP75_LOCK_V1,BANK,LONG,2026-07-24T01:08:35+00:00,72.29312445879253,72.39427400455921,-32.174283702854765,True,False,25.0,50.0,72.29312445879253,72.29312445879253,72.29312445879253,72.29312445879253,72.29312445879253,50.0,72.29312445879253,72.29312445879253,72.29312445879253,61.14656222939627,72.29312445879253
ffa23da5d6a02a4f03a0,SHADOW_1H_FAST_V3_LONG_NOHIGH_CAP75_V1,BANK,LONG,2026-07-24T01:08:35+00:00,73.04214881292795,73.14434636255054,-32.507639360819674,True,False,25.0,50.0,73.04214881292795,73.04214881292795,73.04214881292795,73.04214881292795,73.04214881292795,50.0,73.04214881292795,73.04214881292795,73.04214881292795,61.521074406463974,73.04214881292795
ca6cc899378ce46da371,SHADOW_1H_FAST_V3_LONG_ONLY_V1,BANK,LONG,2026-07-24T01:08:35+00:00,73.38435489267779,73.4870312428749,-32.65993925900694,True,False,25.0,50.0,73.38435489267779,73.38435489267779,73.38435489267779,73.38435489267779,73.38435489267779,50.0,73.38435489267779,73.38435489267779,73.38435489267779,61.692177446338896,73.38435489267779
34e80eb7dddc731804f1,SHADOW_1H_FAST_V3_NOHIGH_V1,BANK,LONG,2026-07-24T01:08:35+00:00,72.80164438247078,72.90350542825462,-32.40060210333148,True,False,25.0,50.0,72.80164438247078,72.80164438247078,72.80164438247078,72.80164438247078,72.80164438247078,50.0,72.80164438247078,72.80164438247078,72.80164438247078,61.40082219123539,72.80164438247078
ea7f495bb9009cd26a93,SHADOW_1H_FAST_V3_NOHIGH_V1,ZEC,SHORT,2026-07-24T01:08:35+00:00,-4.076733878182701,58.61091509900575,-28.84167807204042,True,True,25.0,-4.076733878182701,-4.076733878182701,-4.076733878182701,-4.076733878182701,-4.076733878182701,-4.076733878182701,-4.076733878182701,-4.076733878182701,-4.076733878182701,-4.076733878182701,22.96163306090865,-4.076733878182701
2e40a2128eeecaf580d8,SHADOW_1H_FAST_V3_NO_ESPORTS_V1,BANK,LONG,2026-07-24T01:08:35+00:00,72.99861217979885,73.10074881476741,-32.48826324453962,True,False,25.0,50.0,72.99861217979885,72.99861217979885,72.99861217979885,72.99861217979885,72.99861217979885,50.0,72.99861217979885,72.99861217979885,72.99861217979885,61.49930608989943,72.99861217979885
9de494509ee67e3d2ec6,SHADOW_1H_FAST_V3_NO_ESPORTS_V1,ZEC,SHORT,2026-07-24T01:08:35+00:00,-4.087763646796987,58.76948930353582,-28.919710400146208,True,True,25.0,-4.087763646796987,-4.087763646796987,-4.087763646796987,-4.087763646796987,-4.087763646796987,-4.087763646796987,-4.087763646796987,-4.087763646796987,-4.087763646796987,-4.087763646796987,22.956118176601507,-4.087763646796987
1d64f4f0d0242f1a918a,SHADOW_COMBO_ADAPTIVE_RUNNER25_V1,ZEC,SHORT,2026-07-24T01:08:35+00:00,31.068189697357344,86.20315226837027,-41.61094876106768,True,False,25.0,50.0,75.0,31.068189697357344,31.068189697357344,31.068189697357344,31.068189697357344,50.0,31.068189697357344,31.068189697357344,31.068189697357344,40.53409484867867,49.154169888712545
7d3ad629bdfa0d7877d3,SHADOW_COMBO_ADAPTIVE_TP3_V1,ZEC,SHORT,2026-07-24T01:08:35+00:00,31.09476483785422,86.27688881063816,-41.64654197780499,True,False,25.0,50.0,75.0,31.09476483785422,31.09476483785422,31.09476483785422,31.09476483785422,50.0,31.09476483785422,31.09476483785422,31.09476483785422,40.547382418927114,49.19621543380304
814fe28e31fa4b0282dc,SHADOW_MASTER_ADAPTIVE_STRICT3_V1,BANK,LONG,2026-07-24T01:08:35+00:00,96.18315248096171,96.2833129574912,-30.046137454681748,True,False,25.0,50.0,75.0,96.18315248096171,96.18315248096171,96.18315248096171,96.18315248096171,50.0,96.18315248096171,96.18315248096171,96.18315248096171,73.09157624048086,96.18315248096171
55ecd062a3252067aa78,SHADOW_1H_BALANCED,ZEC,SHORT,2026-07-24T01:23:34+00:00,19.366094897092747,75.98335586061458,-38.3414703814036,True,False,25.0,50.0,19.366094897092747,19.366094897092747,19.366094897092747,19.366094897092747,19.366094897092747,50.0,19.366094897092747,20.0,30.0,34.683047448546375,42.90812918334703
031059f6aa755a6b6bf4,SHADOW_1H_BALANCED_V2,ZEC,SHORT,2026-07-24T01:23:34+00:00,14.796593691962808,72.1479871573298,-50.289660915759455,True,False,25.0,50.0,14.796593691962808,14.796593691962808,14.796593691962808,14.796593691962808,14.796593691962808,50.0,14.796593691962808,20.0,30.0,32.398296845981406,36.72602534853358
909fbca6e7fd4061e44a,SHADOW_1H_BALANCED_V3,ZEC,SHORT,2026-07-24T01:23:34+00:00,19.562357458505208,76.75339691045771,-38.73003582143478,True,False,25.0,50.0,19.562357458505208,19.562357458505208,19.562357458505208,19.562357458505208,19.562357458505208,50.0,19.562357458505208,20.0,30.0,34.7811787292526,43.342974689562375
32dc757c2594a0b9ba72,SHADOW_COMBO_ADAPTIVE,ZEC,SHORT,2026-07-24T01:23:34+00:00,23.488008940076657,78.27906053984427,-41.15976161703938,True,False,25.0,50.0,23.488008940076657,23.488008940076657,23.488008940076657,23.488008940076657,23.488008940076657,50.0,23.488008940076657,23.488008940076657,30.0,36.74400447003833,43.887466167536445
f8ba1bdec4a3fdc932fb,SHADOW_COMBO_ADAPTIVE_PARTIAL_1R_V1,ZEC,SHORT,2026-07-24T01:23:34+00:00,47.26747078601036,76.81742564838065,-31.396020934482305,True,False,25.0,47.26747078601036,47.26747078601036,47.26747078601036,47.26747078601036,47.26747078601036,47.26747078601036,47.26747078601036,47.26747078601036,47.26747078601036,47.26747078601036,48.63373539300518,47.26747078601036
4d2670761456d0f26639,SHADOW_COMBO_ADAPTIVE_QUALITY7_REGIME_PARTIAL_1R_V1,ZEC,SHORT,2026-07-24T01:23:34+00:00,50.74314277235964,81.2286703807919,-34.05302664824026,True,False,25.0,50.0,50.74314277235964,50.74314277235964,50.74314277235964,50.74314277235964,50.74314277235964,50.0,50.74314277235964,50.74314277235964,50.74314277235964,50.37157138617982,50.74314277235964
4bf6aa0ed20b6d23a6e8,SHADOW_COMBO_ADAPTIVE_QUALITY7_REGIME_V1,ZEC,SHORT,2026-07-24T01:23:34+00:00,28.506736565390042,81.33960913812727,-34.05302664824026,True,False,25.0,50.0,28.506736565390042,28.506736565390042,28.506736565390042,28.506736565390042,28.506736565390042,50.0,28.506736565390042,28.506736565390042,30.0,39.25336828269502,47.955259468001245
2ac3b22bbeb9bd35f1a2,SHADOW_COMBO_ADAPTIVE_QUALITY7_V1,ZEC,SHORT,2026-07-24T01:23:34+00:00,28.494614248183893,81.30501996159582,-34.03854580474165,True,False,25.0,50.0,28.494614248183893,28.494614248183893,28.494614248183893,28.494614248183893,28.494614248183893,50.0,28.494614248183893,28.494614248183893,30.0,39.24730712409195,47.93486678413017
57847f10ad74227d6609,SHADOW_COMBO_ADAPTIVE_REGIME_V1,ZEC,SHORT,2026-07-24T01:23:34+00:00,28.54886187503911,81.45980726090497,-34.1033478868273,True,False,25.0,50.0,28.54886187503911,28.54886187503911,28.54886187503911,28.54886187503911,28.54886187503911,50.0,28.54886187503911,28.54886187503911,30.0,39.274430937519554,48.02612447739147
b5de040f12e88e24e1b7,SHADOW_MASTER_ADAPTIVE_GB20_V1,BANK,LONG,2026-07-24T01:23:34+00:00,14.84099068533204,24.132822209514558,-13.99866308905411,False,False,14.84099068533204,14.84099068533204,14.84099068533204,14.84099068533204,14.84099068533204,14.84099068533204,14.84099068533204,14.84099068533204,14.84099068533204,14.84099068533204,14.84099068533204,14.84099068533204,14.84099068533204
29ebf6b2cb11e3bc5f73,SHADOW_SCANNER_BOTTOM5_SHORT,ZEC,SHORT,2026-07-24T01:23:34+00:00,23.439895800146374,78.02132224533366,-35.62778481985312,True,False,25.0,50.0,23.439895800146374,23.439895800146374,23.439895800146374,23.439895800146374,23.439895800146374,50.0,23.439895800146374,23.439895800146374,30.0,36.71994790007319,45.14146412649458
ccbc1145005326978af0,SHADOW_1H_FAST,BANK,LONG,2026-07-24T01:38:34+00:00,73.17907528112663,73.29739505776982,-43.70158449026765,True,False,25.0,50.0,73.17907528112663,73.17907528112663,73.17907528112663,73.17907528112663,73.17907528112663,50.0,73.17907528112663,73.17907528112663,73.17907528112663,61.589537640563314,73.17907528112663
b00d55e45e4d130a6ccc,SHADOW_1H_FAST_V3,BANK,LONG,2026-07-24T01:38:34+00:00,75.00708848277998,75.12836388728388,-44.79325001179115,True,False,25.0,50.0,75.0,75.00708848277998,75.00708848277998,75.00708848277998,75.00708848277998,50.0,75.00708848277998,75.00708848277998,75.00708848277998,62.50354424138999,75.00708848277998
ef6ed79ddc5acd6fb0c5,SHADOW_RELATIVE_STRENGTH_V2,BANK,LONG,2026-07-24T01:38:34+00:00,103.80368783446491,103.90379025126758,-29.458555116260353,True,False,25.0,50.0,75.0,100.0,103.80368783446491,103.80368783446491,103.80368783446491,50.0,103.80368783446491,103.80368783446491,103.80368783446491,76.90184391723245,103.80368783446491
06a4fe6c8a41405442e6,SHADOW_COMBO_TREND,RIF,LONG,2026-07-24T01:53:34+00:00,107.79937345175857,107.9031710027807,-6.608210371452124,True,False,25.0,50.0,75.0,100.0,107.79937345175857,107.79937345175857,107.79937345175857,50.0,107.79937345175857,107.79937345175857,107.79937345175857,78.89968672587929,76.35590583188129
535b270f9792b3bde555,SHADOW_MASTER_ADAPTIVE_GB20_V1,AKE,LONG,2026-07-24T01:53:34+00:00,-51.1463569114194,6.5256785464621405,-51.1463569114194,False,False,-51.1463569114194,-51.1463569114194,-51.1463569114194,-51.1463569114194,-51.1463569114194,-51.1463569114194,-50.0,-50.0,-51.1463569114194,-51.1463569114194,-51.1463569114194,-51.1463569114194,-51.1463569114194
0a5ae20670716f57b549,SHADOW_RELATIVE_STRENGTH_V2,AKE,LONG,2026-07-24T01:53:34+00:00,-54.4544838246052,6.947756953018808,-54.4544838246052,False,False,-54.4544838246052,-54.4544838246052,-54.4544838246052,-54.4544838246052,-54.4544838246052,-54.4544838246052,-50.0,-50.0,-54.4544838246052,-54.4544838246052,-54.4544838246052,-54.4544838246052,-54.4544838246052
4ba200a1c225d5b5f1dd,SHADOW_1H_FAST_NOHIGH_CAP75_V1,RIF,LONG,2026-07-24T02:08:34+00:00,-11.794929760847733,46.17775258647729,-14.61141143234801,False,False,25.0,-11.794929760847733,-11.794929760847733,-11.794929760847733,-11.794929760847733,-11.794929760847733,-11.794929760847733,-11.794929760847733,-11.794929760847733,-11.794929760847733,-11.794929760847733,-11.794929760847733,-11.794929760847733
c887fafcd191ab39da73,SHADOW_1H_FAST_NO_PEPE_V1,BANK,LONG,2026-07-24T02:08:34+00:00,4.984247717688948,74.27270477433282,-3.7555559689897695,True,False,25.0,50.0,4.984247717688948,4.984247717688948,4.984247717688948,4.984247717688948,4.984247717688948,50.0,4.984247717688948,20.0,30.0,27.492123858844472,28.02727207211204
c2d51d5985fce718afb2,SHADOW_SCANNER_TOP5_BTC_GUARD_BTC_LE3_MFE_V1,BANK,LONG,2026-07-24T02:08:34+00:00,43.033982327160295,84.93250143734241,-24.608845775759264,True,False,25.0,50.0,43.033982327160295,43.033982327160295,43.033982327160295,43.033982327160295,43.033982327160295,50.0,43.033982327160295,43.033982327160295,43.033982327160295,46.516991163580144,50.487580628713594
f8cbb5a952dcf4ba127e,SHADOW_SCANNER_TOP5_BTC_GUARD_MFE_V1,BANK,LONG,2026-07-24T02:08:34+00:00,42.54539071737833,83.96820983902825,-24.329446219356463,True,False,25.0,50.0,42.54539071737833,42.54539071737833,42.54539071737833,42.54539071737833,42.54539071737833,50.0,42.54539071737833,42.54539071737833,42.54539071737833,46.27269535868916,49.91436367412533
9ebbeba8526f2a9a29bd,SHADOW_1H_BALANCED,BANK,LONG,2026-07-24T02:23:34+00:00,23.600622509640967,91.02575441348984,-22.313795402739547,True,False,25.0,50.0,75.0,23.600622509640967,23.600622509640967,23.600622509640967,23.600622509640967,50.0,23.600622509640967,23.600622509640967,30.0,36.800311254820485,55.38650113398728
14ad22627d331d369507,SHADOW_1H_BALANCED_V2,BANK,LONG,2026-07-24T02:23:34+00:00,20.242842886175506,85.61130841967068,-24.033996235442366,True,False,25.0,50.0,20.242842886175506,20.242842886175506,20.242842886175506,20.242842886175506,20.242842886175506,50.0,20.242842886175506,20.242842886175506,30.0,35.121421443087755,51.13369853108575
1561485bddc9a169899b,SHADOW_1H_FAST_TP2_V1,BANK,LONG,2026-07-24T02:23:34+00:00,-56.09296191641205,24.139426596582403,-56.09296191641205,False,False,-56.09296191641205,-56.09296191641205,-56.09296191641205,-56.09296191641205,-56.09296191641205,-56.09296191641205,-50.0,-50.0,-56.09296191641205,-56.09296191641205,-56.09296191641205,-56.09296191641205,-56.09296191641205
7d4779ad10bc64afec28,SHADOW_1H_FAST_V3_LONG_ONLY_V1,BANK,LONG,2026-07-24T02:23:34+00:00,-56.12880418635759,24.154851202715605,-56.12880418635759,False,False,-56.12880418635759,-56.12880418635759,-56.12880418635759,-56.12880418635759,-56.12880418635759,-56.12880418635759,-50.0,-50.0,-56.12880418635759,-56.12880418635759,-56.12880418635759,-56.12880418635759,-56.12880418635759
613f1d7f3d4d96f7d27f,SHADOW_1H_FAST_V3_NOHIGH_V1,BANK,LONG,2026-07-24T02:23:34+00:00,-56.28414872877611,24.221703229258242,-56.28414872877611,False,False,-56.28414872877611,-56.28414872877611,-56.28414872877611,-56.28414872877611,-56.28414872877611,-56.28414872877611,-50.0,-50.0,-56.28414872877611,-56.28414872877611,-56.28414872877611,-56.28414872877611,-56.28414872877611
7221a91abbefc6a4badd,SHADOW_1H_FAST_V3_NO_ESPORTS_V1,BANK,LONG,2026-07-24T02:23:34+00:00,-56.43642777265796,24.287236028318876,-56.43642777265796,False,False,-56.43642777265796,-56.43642777265796,-56.43642777265796,-56.43642777265796,-56.43642777265796,-56.43642777265796,-50.0,-50.0,-56.43642777265796,-56.43642777265796,-56.43642777265796,-56.43642777265796,-56.43642777265796
9ec4d61c1bafb69678c3,SHADOW_COMBO_ADAPTIVE_QUALITY7_V1,BANK,LONG,2026-07-24T02:23:34+00:00,11.65358673109471,72.6846573955271,-24.597341236631102,True,False,25.0,50.0,11.65358673109471,11.65358673109471,11.65358673109471,11.65358673109471,11.65358673109471,50.0,11.65358673109471,20.0,30.0,30.826793365547356,38.79183289262237
4a4cadd02a6af705d1ba,SHADOW_COMBO_ADAPTIVE_RUNNER25_V1,BANK,LONG,2026-07-24T02:23:34+00:00,11.529298230936341,71.90945682761006,-24.335004265127964,True,False,25.0,50.0,11.529298230936341,11.529298230936341,11.529298230936341,11.529298230936341,11.529298230936341,50.0,11.529298230936341,20.0,30.0,30.76464911546817,38.378108016335695
2785eb4d36c5d415c248,SHADOW_MASTER_ADAPTIVE_GB20_V1,BANK,LONG,2026-07-24T02:23:34+00:00,-51.05036669738138,6.639457697733876,-51.05036669738138,False,False,-51.05036669738138,-51.05036669738138,-51.05036669738138,-51.05036669738138,-51.05036669738138,-51.05036669738138,-50.0,-50.0,-51.05036669738138,-51.05036669738138,-51.05036669738138,-51.05036669738138,-51.05036669738138
23845931737949c7bef3,SHADOW_SCANNER_TOP5_BTC,BANK,LONG,2026-07-24T02:23:34+00:00,20.599333280488043,89.55808226860366,-25.032990905700725,True,False,25.0,50.0,75.0,20.599333280488043,20.599333280488043,20.599333280488043,20.599333280488043,50.0,20.599333280488043,20.599333280488043,30.0,35.29966664024402,53.52529153447057
24ecf2d43aed38f84de9,SHADOW_SCANNER_TOP5_BTC_BTC_LE3_V1,BANK,LONG,2026-07-24T02:23:34+00:00,19.78374032580177,86.01219367410853,-24.041855380127483,True,False,25.0,50.0,19.78374032580177,19.78374032580177,19.78374032580177,19.78374032580177,19.78374032580177,50.0,19.78374032580177,20.0,30.0,34.89187016290089,51.406055436941465
d4714eed6352d0c9f416,SHADOW_SCANNER_TOP5_BTC_GUARD_BTC_LE3_V1,BANK,LONG,2026-07-24T02:23:34+00:00,9.491825941879505,72.20199255407917,-35.0810156798959,True,False,25.0,50.0,9.491825941879505,9.491825941879505,9.491825941879505,9.491825941879505,9.491825941879505,50.0,9.491825941879505,20.0,30.0,29.745912970939752,38.467199101687136
cb679a16d56e464389c8,SHADOW_SCANNER_TOP5_BTC_GUARD_V1,BANK,LONG,2026-07-24T02:23:34+00:00,9.336550767656119,71.02085237707225,-34.507131281363556,True,False,25.0,50.0,9.336550767656119,9.336550767656119,9.336550767656119,9.336550767656119,9.336550767656119,50.0,9.336550767656119,20.0,30.0,29.66827538382806,37.83792070162226
9e674feac62c7b9235ef,SHADOW_SCANNER_TOP5_BTC_RUNNER25_V1,BANK,LONG,2026-07-24T02:23:34+00:00,10.265354585769865,72.98769698258425,-35.71905835279676,True,False,25.0,50.0,10.265354585769865,10.265354585769865,10.265354585769865,10.265354585769865,10.265354585769865,50.0,10.265354585769865,20.0,30.0,30.13267729288493,38.80521087890468
c34a2a57a5c7c43c16c0,SHADOW_SCANNER_TOP5_BTC_TP3_V1,BANK,LONG,2026-07-24T02:23:34+00:00,10.312444945022575,73.32251414288989,-35.882912730738404,True,False,25.0,50.0,10.312444945022575,10.312444945022575,10.312444945022575,10.312444945022575,10.312444945022575,50.0,10.312444945022575,20.0,30.0,30.15622247251129,38.98322239384037
23a6a46b2c60596cc5e0,SHADOW_SCANNER_TOP5_LONG,BANK,LONG,2026-07-24T02:23:34+00:00,10.089812718277484,76.75073133640615,-37.29112610623963,True,False,25.0,50.0,10.089812718277484,10.089812718277484,10.089812718277484,10.089812718277484,10.089812718277484,50.0,10.089812718277484,20.0,30.0,30.044906359138743,40.8906397050788
abc96c7288970905dca8,SHADOW_1H_FAST_SCORE_6_75_V1,RIF,LONG,2026-07-24T02:38:34+00:00,-60.15247168545938,23.777436188852246,-60.15247168545938,False,False,-60.15247168545938,-60.15247168545938,-60.15247168545938,-60.15247168545938,-60.15247168545938,-60.15247168545938,-50.0,-50.0,-60.15247168545938,-60.15247168545938,-60.15247168545938,-60.15247168545938,-60.15247168545938
e7ab17e2e24fd475eb94,SHADOW_1H_FAST_V3_CAP75_V1,RIF,LONG,2026-07-24T02:38:34+00:00,-59.53255803993007,23.532392938988007,-59.53255803993007,False,False,-59.53255803993007,-59.53255803993007,-59.53255803993007,-59.53255803993007,-59.53255803993007,-59.53255803993007,-50.0,-50.0,-59.53255803993007,-59.53255803993007,-59.53255803993007,-59.53255803993007,-59.53255803993007
605d699ef8db0666d790,SHADOW_1H_FAST_V3_LONG_NOHIGH_CAP75_LOCK_V1,RIF,LONG,2026-07-24T02:38:34+00:00,-57.365324137504246,35.83692858160228,-57.365324137504246,False,False,-57.365324137504246,-57.365324137504246,-57.365324137504246,-57.365324137504246,-57.365324137504246,-57.365324137504246,-50.0,-50.0,-57.365324137504246,-57.365324137504246,-57.365324137504246,-57.365324137504246,-57.365324137504246
bfca56fc00c68dd2628d,SHADOW_1H_FAST_V3_LONG_NOHIGH_CAP75_V1,RIF,LONG,2026-07-24T02:38:34+00:00,-57.596732721391,35.98149279384383,-57.596732721391,False,False,-57.596732721391,-57.596732721391,-57.596732721391,-57.596732721391,-57.596732721391,-57.596732721391,-50.0,-50.0,-57.596732721391,-57.596732721391,-57.596732721391,-57.596732721391,-57.596732721391
aa624d9f0ee0c4d6d2b3,SHADOW_1H_FAST_V3_LONG_ONLY_V1,RIF,LONG,2026-07-24T02:38:34+00:00,-58.099901039222146,36.29582915194437,-58.099901039222146,False,False,-58.099901039222146,-58.099901039222146,-58.099901039222146,-58.099901039222146,-58.099901039222146,-58.099901039222146,-50.0,-50.0,-58.099901039222146,-58.099901039222146,-58.099901039222146,-58.099901039222146,-58.099901039222146
9071f5b28a06b265a926,SHADOW_1H_FAST,AKE,LONG,2026-07-24T02:53:35+00:00,-62.69925207517739,24.625261582007017,-62.69925207517739,False,False,-62.69925207517739,-62.69925207517739,-62.69925207517739,-62.69925207517739,-62.69925207517739,-62.69925207517739,-50.0,-50.0,-62.69925207517739,-62.69925207517739,-62.69925207517739,-62.69925207517739,-62.69925207517739
4823024b1cb7c28657e7,SHADOW_1H_FAST_V3,AKE,LONG,2026-07-24T02:53:35+00:00,-64.14953835937722,25.1948645347567,-64.14953835937722,False,False,-64.14953835937722,-64.14953835937722,-64.14953835937722,-64.14953835937722,-64.14953835937722,-64.14953835937722,-50.0,-50.0,-64.14953835937722,-64.14953835937722,-64.14953835937722,-64.14953835937722,-64.14953835937722
317aadec5d51ee6469de,SHADOW_1H_FAST_V3_LONG_ONLY_V1,AKE,LONG,2026-07-24T02:53:35+00:00,-62.429335792869146,24.51925140107035,-62.429335792869146,False,False,-62.429335792869146,-62.429335792869146,-62.429335792869146,-62.429335792869146,-62.429335792869146,-62.429335792869146,-50.0,-50.0,-62.429335792869146,-62.429335792869146,-62.429335792869146,-62.429335792869146,-62.429335792869146
cd68c7e13c28021b27d0,SHADOW_BOLLINGER_MR_1H,BANK,SHORT,2026-07-24T02:53:35+00:00,75.41283857914487,75.51242113671258,-26.53494115617895,True,False,25.0,50.0,75.0,75.41283857914487,75.41283857914487,75.41283857914487,75.41283857914487,50.0,75.41283857914487,75.41283857914487,75.41283857914487,62.70641928957244,75.41283857914487
a97fef898b8a12582ae7,SHADOW_COMBO_MEAN_REVERSION,BANK,SHORT,2026-07-24T02:53:35+00:00,79.09151009609738,79.18835936330373,-26.072635548008922,True,False,25.0,50.0,75.0,79.09151009609738,79.09151009609738,79.09151009609738,79.09151009609738,50.0,79.09151009609738,79.09151009609738,79.09151009609738,64.54575504804869,79.09151009609738
8b2159e8c92944521e7d,SHADOW_COMBO_TREND,AKE,LONG,2026-07-24T02:53:35+00:00,-69.49217241152361,51.03938311705769,-69.49217241152361,True,True,25.0,-69.49217241152361,-69.49217241152361,-69.49217241152361,-69.49217241152361,-69.49217241152361,-50.0,-50.0,-69.49217241152361,-69.49217241152361,-69.49217241152361,-9.746086205761806,-69.49217241152361
e9babfc4155cdca56e61,SHADOW_MASTER_ADAPTIVE_GB20_V1,AKE,LONG,2026-07-24T02:53:35+00:00,-59.41878724668312,22.83060899245417,-59.41878724668312,False,False,-59.41878724668312,-59.41878724668312,-59.41878724668312,-59.41878724668312,-59.41878724668312,-59.41878724668312,-50.0,-50.0,-59.41878724668312,-59.41878724668312,-59.41878724668312,-59.41878724668312,-59.41878724668312
6c0c6ab1ed994eb062eb,SHADOW_MASTER_ADAPTIVE_STRICT3_V1,BANK,LONG,2026-07-24T02:53:35+00:00,-61.46224795906153,18.19802798830099,-61.46224795906153,False,False,-61.46224795906153,-61.46224795906153,-61.46224795906153,-61.46224795906153,-61.46224795906153,-61.46224795906153,-50.0,-50.0,-61.46224795906153,-61.46224795906153,-61.46224795906153,-61.46224795906153,-61.46224795906153
80f8d4142432b5aa3244,SHADOW_MASTER_ADAPTIVE_STRICT3_V1,AKE,LONG,2026-07-24T02:53:35+00:00,-68.04725772948238,49.97814770781705,-68.04725772948238,False,False,25.0,-68.04725772948238,-68.04725772948238,-68.04725772948238,-68.04725772948238,-68.04725772948238,-50.0,-50.0,-68.04725772948238,-68.04725772948238,-68.04725772948238,-68.04725772948238,-68.04725772948238
cae5876f010c2e1df362,SHADOW_RELATIVE_STRENGTH_V2,AKE,LONG,2026-07-24T02:53:35+00:00,-63.53465058892754,24.4120560563776,-63.53465058892754,False,False,-63.53465058892754,-63.53465058892754,-63.53465058892754,-63.53465058892754,-63.53465058892754,-63.53465058892754,-50.0,-50.0,-63.53465058892754,-63.53465058892754,-63.53465058892754,-63.53465058892754,-63.53465058892754
f58bd3212a470f8ebb6a,SHADOW_SCANNER_TOP5_BTC_GUARD_BTC_LE3_MFE_V1,AKE,LONG,2026-07-24T02:53:35+00:00,-70.72689494551327,10.9024751926528,-70.72689494551327,False,False,-70.72689494551327,-70.72689494551327,-70.72689494551327,-70.72689494551327,-70.72689494551327,-70.72689494551327,-50.0,-50.0,-70.72689494551327,-70.72689494551327,-70.72689494551327,-70.72689494551327,-70.72689494551327
c201cfd4d47a738de285,SHADOW_SCANNER_TOP5_BTC_GUARD_MFE_V1,AKE,LONG,2026-07-24T02:53:35+00:00,-69.92388844721626,10.778692599991736,-69.92388844721626,False,False,-69.92388844721626,-69.92388844721626,-69.92388844721626,-69.92388844721626,-69.92388844721626,-69.92388844721626,-50.0,-50.0,-69.92388844721626,-69.92388844721626,-69.92388844721626,-69.92388844721626,-69.92388844721626
25e296460d057f456788,SHADOW_SCANNER_TOP5_BTC_MFE_V1,AKE,LONG,2026-07-24T02:53:35+00:00,-70.43875287227613,10.858058400315915,-70.43875287227613,False,False,-70.43875287227613,-70.43875287227613,-70.43875287227613,-70.43875287227613,-70.43875287227613,-70.43875287227613,-50.0,-50.0,-70.43875287227613,-70.43875287227613,-70.43875287227613,-70.43875287227613,-70.43875287227613
73bbfbc4b9453d6bbaaa,SHADOW_MASTER_ADAPTIVE_GB20_V1,BANK,LONG,2026-07-24T03:23:34+00:00,17.214907801926064,39.13630861459887,-19.20987190352984,False,False,25.0,17.214907801926064,17.214907801926064,17.214907801926064,17.214907801926064,17.214907801926064,17.214907801926064,17.214907801926064,17.214907801926064,17.214907801926064,17.214907801926064,17.214907801926064,17.214907801926064
b1def51d3d72b9ccd945,SHADOW_1H_FAST,DOGE,SHORT,2026-07-24T03:38:34+00:00,-6.656498627442348,39.060521536703874,-30.785195346748765,False,False,-6.656498627442348,-6.656498627442348,-6.656498627442348,-6.656498627442348,-6.656498627442348,-6.656498627442348,-6.656498627442348,-6.656498627442348,-6.656498627442348,-6.656498627442348,-6.656498627442348,-6.656498627442348,-6.656498627442348
0f8bc60e4466b56ff6b0,SHADOW_1H_FAST_NO_PEPE_V1,DOGE,SHORT,2026-07-24T03:38:34+00:00,-6.750389233823684,39.611474260938344,-31.219423733239807,False,False,-6.750389233823684,-6.750389233823684,-6.750389233823684,-6.750389233823684,-6.750389233823684,-6.750389233823684,-6.750389233823684,-6.750389233823684,-6.750389233823684,-6.750389233823684,-6.750389233823684,-6.750389233823684,-6.750389233823684
67f70ce0a04dfe6c7e63,SHADOW_1H_FAST_TP2_V1,DOGE,SHORT,2026-07-24T03:38:34+00:00,-6.642414255291396,38.977874044001766,-30.720057475884367,False,False,-6.642414255291396,-6.642414255291396,-6.642414255291396,-6.642414255291396,-6.642414255291396,-6.642414255291396,-6.642414255291396,-6.642414255291396,-6.642414255291396,-6.642414255291396,-6.642414255291396,-6.642414255291396,-6.642414255291396
8f562a36758368d36e21,SHADOW_1H_FAST_V3,DOGE,SHORT,2026-07-24T03:38:34+00:00,-6.809862717311546,39.960466338103856,-31.494478669716067,False,False,-6.809862717311546,-6.809862717311546,-6.809862717311546,-6.809862717311546,-6.809862717311546,-6.809862717311546,-6.809862717311546,-6.809862717311546,-6.809862717311546,-6.809862717311546,-6.809862717311546,-6.809862717311546,-6.809862717311546
3a879fb072bafb0eaefb,SHADOW_1H_FAST_V3_NOHIGH_V1,DOGE,SHORT,2026-07-24T03:38:34+00:00,-6.696136345139458,39.29311678120537,-30.968513176542068,False,False,-6.696136345139458,-6.696136345139458,-6.696136345139458,-6.696136345139458,-6.696136345139458,-6.696136345139458,-6.696136345139458,-6.696136345139458,-6.696136345139458,-6.696136345139458,-6.696136345139458,-6.696136345139458,-6.696136345139458
1499a6559cd0cbb14dde,SHADOW_1H_FAST_V3_NO_ESPORTS_V1,DOGE,SHORT,2026-07-24T03:38:34+00:00,-6.714253013213345,39.39942590001987,-31.052299743159463,False,False,-6.714253013213345,-6.714253013213345,-6.714253013213345,-6.714253013213345,-6.714253013213345,-6.714253013213345,-6.714253013213345,-6.714253013213345,-6.714253013213345,-6.714253013213345,-6.714253013213345,-6.714253013213345,-6.714253013213345
10ae10e8371bb19205c1,SHADOW_EMA_TREND_1H,ZEC,SHORT,2026-07-24T03:38:34+00:00,-1.8689155086960305,54.103164092265864,-43.847112447022546,True,True,25.0,-1.8689155086960305,-1.8689155086960305,-1.8689155086960305,-1.8689155086960305,-1.8689155086960305,-1.8689155086960305,-1.8689155086960305,-1.8689155086960305,-1.8689155086960305,-1.8689155086960305,24.065542245651983,-1.8689155086960305
5c826656ca7964bc0b8f,SHADOW_RELATIVE_STRENGTH,ZEC,SHORT,2026-07-24T03:38:34+00:00,-2.036657279483425,56.90863744974674,-49.94330630525632,True,True,25.0,-2.036657279483425,-2.036657279483425,-2.036657279483425,-2.036657279483425,-2.036657279483425,-2.036657279483425,-2.036657279483425,-2.036657279483425,-2.036657279483425,-2.036657279483425,23.98167136025829,-2.036657279483425
11ac2b82fba65f85a09d,SHADOW_RELATIVE_STRENGTH_V2,ZEC,SHORT,2026-07-24T03:38:34+00:00,6.592239080147728,73.2682128251927,-51.07049723851238,True,False,25.0,50.0,6.592239080147728,6.592239080147728,6.592239080147728,6.592239080147728,6.592239080147728,50.0,6.592239080147728,20.0,30.0,28.296119540073864,37.29626213399366
199a860848f94d0a973d,SHADOW_1H_FAST_TP2_V1,BANK,LONG,2026-07-24T03:53:33+00:00,-7.158256964735278,52.07954170068647,-25.5629966207783,True,True,25.0,-7.158256964735278,-7.158256964735278,-7.158256964735278,-7.158256964735278,-7.158256964735278,-7.158256964735278,-7.158256964735278,-7.158256964735278,-7.158256964735278,-7.158256964735278,21.42087151763236,-7.158256964735278
f4c18a9cb8ebd8096eb6,SHADOW_1H_FAST_V3_LONG_ONLY_V1,BANK,LONG,2026-07-24T03:53:33+00:00,-7.071925732348696,51.451443123155876,-25.254697405950175,True,True,25.0,-7.071925732348696,-7.071925732348696,-7.071925732348696,-7.071925732348696,-7.071925732348696,-7.071925732348696,-7.071925732348696,-7.071925732348696,-7.071925732348696,-7.071925732348696,21.464037133825652,-7.071925732348696
b3923fe28651d722342c,SHADOW_1H_FAST_V3_NOHIGH_V1,BANK,LONG,2026-07-24T03:53:33+00:00,-7.182680647449054,52.25723498672561,-25.650216529445316,True,True,25.0,-7.182680647449054,-7.182680647449054,-7.182680647449054,-7.182680647449054,-7.182680647449054,-7.182680647449054,-7.182680647449054,-7.182680647449054,-7.182680647449054,-7.182680647449054,21.408659676275473,-7.182680647449054
89e2d8a3a88530eeaa4f,SHADOW_1H_FAST_V3_NO_ESPORTS_V1,BANK,LONG,2026-07-24T03:53:33+00:00,-7.202113680837782,52.398619052389215,-25.7196142290941,True,True,25.0,-7.202113680837782,-7.202113680837782,-7.202113680837782,-7.202113680837782,-7.202113680837782,-7.202113680837782,-7.202113680837782,-7.202113680837782,-7.202113680837782,-7.202113680837782,21.39894315958111,-7.202113680837782
c6c138824109b7f9c310,SHADOW_DONCHIAN_1H,HYPE,SHORT,2026-07-24T03:53:33+00:00,17.074508223429156,67.30433754281763,-52.27284345006127,True,False,25.0,50.0,17.074508223429156,17.074508223429156,17.074508223429156,17.074508223429156,17.074508223429156,50.0,17.074508223429156,20.0,30.0,33.537254111714574,41.62346126632068
e6c68aecfe956d6d074f,SHADOW_1H_FAST_NO_PEPE_V1,BANK,LONG,2026-07-24T04:08:34+00:00,-53.07009771367574,30.491822884572926,-53.07009771367574,False,False,-53.07009771367574,-53.07009771367574,-53.07009771367574,-53.07009771367574,-53.07009771367574,-53.07009771367574,-50.0,-50.0,-53.07009771367574,-53.07009771367574,-53.07009771367574,-53.07009771367574,-53.07009771367574
61795adc08f068e87dd9,SHADOW_COMBO_TREND,BANK,LONG,2026-07-24T04:08:34+00:00,-51.345315150684435,11.829564378074924,-51.345315150684435,False,False,-51.345315150684435,-51.345315150684435,-51.345315150684435,-51.345315150684435,-51.345315150684435,-51.345315150684435,-50.0,-50.0,-51.345315150684435,-51.345315150684435,-51.345315150684435,-51.345315150684435,-51.345315150684435
79d5d06a7c08ed61a2f4,SHADOW_MASTER_ADAPTIVE_GB20_V1,RIF,LONG,2026-07-24T04:38:35+00:00,22.945677933055197,39.407266595211354,-11.3460015403861,False,False,25.0,22.945677933055197,22.945677933055197,22.945677933055197,22.945677933055197,22.945677933055197,22.945677933055197,22.945677933055197,22.945677933055197,22.945677933055197,22.945677933055197,22.945677933055197,22.945677933055197
1b2ab069ab01b5044bc7,SHADOW_EMA_TREND_1H,HYPE,SHORT,2026-07-24T05:23:34+00:00,3.817902044962464,53.713975940172126,-49.482798728867174,True,False,25.0,3.817902044962464,3.817902044962464,3.817902044962464,3.817902044962464,3.817902044962464,3.817902044962464,3.817902044962464,3.817902044962464,3.817902044962464,3.817902044962464,26.908951022481233,3.817902044962464
2c2d75aac2ee7ac5b0d7,SHADOW_1H_FAST,BANK,LONG,2026-07-24T05:53:34+00:00,-50.31479738949244,24.56535473968358,-50.22365657248972,False,False,-50.31479738949244,-50.31479738949244,-50.31479738949244,-50.31479738949244,-50.31479738949244,-50.31479738949244,-50.0,-50.0,-50.31479738949244,-50.31479738949244,-50.31479738949244,-50.31479738949244,-50.31479738949244
86a65583f178e6ecef87,SHADOW_1H_FAST_V3,BANK,LONG,2026-07-24T05:53:34+00:00,-51.47862195908152,25.133572538225007,-51.38537297653658,False,False,-51.47862195908152,-51.47862195908152,-51.47862195908152,-51.47862195908152,-51.47862195908152,-51.47862195908152,-50.0,-50.0,-51.47862195908152,-51.47862195908152,-51.47862195908152,-51.47862195908152,-51.47862195908152
90a4bca39b077103ebfb,SHADOW_1H_FAST,AKE,LONG,2026-07-24T06:53:35+00:00,-35.098325585193756,45.134820216228526,-35.098325585193756,False,False,-35.098325585193756,-35.098325585193756,-35.098325585193756,-35.098325585193756,-35.098325585193756,-35.098325585193756,-35.098325585193756,-35.098325585193756,-35.098325585193756,-35.098325585193756,-35.098325585193756,-35.098325585193756,-35.098325585193756
3d3aae868fa5cf1ce6d1,SHADOW_1H_FAST_LONG_BTC_1_3_CAP75_V1,AKE,LONG,2026-07-24T06:53:35+00:00,-12.78414840321496,69.696860819721,-12.78414840321496,True,True,25.0,-12.78414840321496,-12.78414840321496,-12.78414840321496,-12.78414840321496,-12.78414840321496,-12.78414840321496,-12.78414840321496,-12.78414840321496,-12.78414840321496,-12.78414840321496,18.60792579839252,-12.78414840321496
bc1088434c141450b31c,SHADOW_1H_FAST_NO_PEPE_V1,AKE,LONG,2026-07-24T06:53:35+00:00,-12.792517015241165,69.74248497623486,-12.792517015241165,True,True,25.0,-12.792517015241165,-12.792517015241165,-12.792517015241165,-12.792517015241165,-12.792517015241165,-12.792517015241165,-12.792517015241165,-12.792517015241165,-12.792517015241165,-12.792517015241165,18.603741492379417,-12.792517015241165
ca07c3a3100dfe23a30b,SHADOW_1H_FAST_SCORE_6_75_V1,AKE,LONG,2026-07-24T06:53:35+00:00,-13.004967553534783,70.90072681851521,-13.004967553534783,True,True,25.0,-13.004967553534783,-13.004967553534783,-13.004967553534783,-13.004967553534783,-13.004967553534783,-13.004967553534783,-13.004967553534783,-13.004967553534783,-13.004967553534783,-13.004967553534783,18.49751622323261,-13.004967553534783
c8e2b0ed2443aa761dfa,SHADOW_1H_FAST_TP2_V1,AKE,LONG,2026-07-24T06:53:35+00:00,-12.434500362291304,67.79064305100239,-12.434500362291304,True,True,25.0,-12.434500362291304,-12.434500362291304,-12.434500362291304,-12.434500362291304,-12.434500362291304,-12.434500362291304,-12.434500362291304,-12.434500362291304,-12.434500362291304,-12.434500362291304,18.78274981885435,-12.434500362291304
b630fa0b7bf55d76ce69,SHADOW_1H_FAST_V3,AKE,LONG,2026-07-24T06:53:35+00:00,-35.90936407648842,46.177778131818314,-35.90936407648842,False,False,-35.90936407648842,-35.90936407648842,-35.90936407648842,-35.90936407648842,-35.90936407648842,-35.90936407648842,-35.90936407648842,-35.90936407648842,-35.90936407648842,-35.90936407648842,-35.90936407648842,-35.90936407648842,-35.90936407648842
72e5efacf1d660c7f7fe,SHADOW_1H_FAST_V3_LONG_NOHIGH_CAP75_LOCK_V1,AKE,LONG,2026-07-24T06:53:35+00:00,-12.631848704648819,68.8665504573053,-12.631848704648819,True,True,25.0,-12.631848704648819,-12.631848704648819,-12.631848704648819,-12.631848704648819,-12.631848704648819,-12.631848704648819,-12.631848704648819,-12.631848704648819,-12.631848704648819,-12.631848704648819,18.68407564767559,-12.631848704648819
20ddd4a2cea3514c555e,SHADOW_1H_FAST_V3_LONG_NOHIGH_CAP75_V1,AKE,LONG,2026-07-24T06:53:35+00:00,-12.677220259485528,69.11390795370554,-12.677220259485528,True,True,25.0,-12.677220259485528,-12.677220259485528,-12.677220259485528,-12.677220259485528,-12.677220259485528,-12.677220259485528,-12.677220259485528,-12.677220259485528,-12.677220259485528,-12.677220259485528,18.661389870257235,-12.677220259485528
89eaeaf4d9e301c4e1a3,SHADOW_1H_FAST_V3_LONG_ONLY_V1,AKE,LONG,2026-07-24T06:53:35+00:00,-12.626352964270781,68.83658867650077,-12.626352964270781,True,True,25.0,-12.626352964270781,-12.626352964270781,-12.626352964270781,-12.626352964270781,-12.626352964270781,-12.626352964270781,-12.626352964270781,-12.626352964270781,-12.626352964270781,-12.626352964270781,18.68682351786461,-12.626352964270781
ef7ac7223290348ba707,SHADOW_1H_FAST_V3_NOHIGH_V1,AKE,LONG,2026-07-24T06:53:35+00:00,-12.619390680230763,68.79863156536442,-12.619390680230763,True,True,25.0,-12.619390680230763,-12.619390680230763,-12.619390680230763,-12.619390680230763,-12.619390680230763,-12.619390680230763,-12.619390680230763,-12.619390680230763,-12.619390680230763,-12.619390680230763,18.690304659884617,-12.619390680230763
a57179ba599d1b1e4f77,SHADOW_1H_FAST_V3_NO_ESPORTS_V1,AKE,LONG,2026-07-24T06:53:35+00:00,-12.600258143308261,68.69432444055973,-12.600258143308261,True,True,25.0,-12.600258143308261,-12.600258143308261,-12.600258143308261,-12.600258143308261,-12.600258143308261,-12.600258143308261,-12.600258143308261,-12.600258143308261,-12.600258143308261,-12.600258143308261,18.69987092834587,-12.600258143308261
22e8b4e00f4ef929c880,SHADOW_MASTER_ADAPTIVE_STRICT3_V1,BANK,LONG,2026-07-24T06:53:35+00:00,-55.56048556871686,19.42346982041212,-55.56048556871686,False,False,-55.56048556871686,-55.56048556871686,-55.56048556871686,-55.56048556871686,-55.56048556871686,-55.56048556871686,-50.0,-50.0,-55.56048556871686,-55.56048556871686,-55.56048556871686,-55.56048556871686,-55.56048556871686
3641981c8d7234a6bdfa,SHADOW_RELATIVE_STRENGTH_V2,BANK,LONG,2026-07-24T06:53:35+00:00,-59.558509493339464,20.821144737150366,-59.558509493339464,False,False,-59.558509493339464,-59.558509493339464,-59.558509493339464,-59.558509493339464,-59.558509493339464,-59.558509493339464,-50.0,-50.0,-59.558509493339464,-59.558509493339464,-59.558509493339464,-59.558509493339464,-59.558509493339464
4669832e47f651585e55,SHADOW_SCANNER_TOP5_BTC_GUARD_BTC_LE3_MFE_V1,BANK,LONG,2026-07-24T06:53:35+00:00,-57.22561725624165,23.234943954979133,-57.22561725624165,False,False,-57.22561725624165,-57.22561725624165,-57.22561725624165,-57.22561725624165,-57.22561725624165,-57.22561725624165,-50.0,-50.0,-57.22561725624165,-57.22561725624165,-57.22561725624165,-57.22561725624165,-57.22561725624165
5606dfa8e629958afc38,SHADOW_SCANNER_TOP5_BTC_GUARD_BTC_LE3_MFE_V1,AKE,LONG,2026-07-24T06:53:35+00:00,-12.616065317025352,68.7805022876689,-12.616065317025352,True,True,25.0,-12.616065317025352,-12.616065317025352,-12.616065317025352,-12.616065317025352,-12.616065317025352,-12.616065317025352,-12.616065317025352,-12.616065317025352,-12.616065317025352,-12.616065317025352,18.691967341487324,-12.616065317025352
7f97c06d72f8be9603e3,SHADOW_SCANNER_TOP5_BTC_GUARD_MFE_V1,BANK,LONG,2026-07-24T06:53:35+00:00,-56.57589917429811,22.97114316183263,-56.57589917429811,False,False,-56.57589917429811,-56.57589917429811,-56.57589917429811,-56.57589917429811,-56.57589917429811,-56.57589917429811,-50.0,-50.0,-56.57589917429811,-56.57589917429811,-56.57589917429811,-56.57589917429811,-56.57589917429811
d89422f2a9091d5aabf9,SHADOW_SCANNER_TOP5_BTC_GUARD_MFE_V1,AKE,LONG,2026-07-24T06:53:35+00:00,-12.472827268185293,67.9995943977399,-12.472827268185293,True,True,25.0,-12.472827268185293,-12.472827268185293,-12.472827268185293,-12.472827268185293,-12.472827268185293,-12.472827268185293,-12.472827268185293,-12.472827268185293,-12.472827268185293,-12.472827268185293,18.763586365907354,-12.472827268185293
8e3d26b0176ad706c413,SHADOW_SCANNER_TOP5_BTC_MFE_V1,BANK,LONG,2026-07-24T06:53:35+00:00,-56.7091028591423,19.82501658602109,-56.7091028591423,False,False,-56.7091028591423,-56.7091028591423,-56.7091028591423,-56.7091028591423,-56.7091028591423,-56.7091028591423,-50.0,-50.0,-56.7091028591423,-56.7091028591423,-56.7091028591423,-56.7091028591423,-56.7091028591423
91931f5870aa4ea9c536,SHADOW_1H_FAST,RIF,LONG,2026-07-24T11:02:58+00:00,-49.15575511232055,5.323386265576373,-49.08447774653776,False,False,-49.15575511232055,-49.15575511232055,-49.15575511232055,-49.15575511232055,-49.15575511232055,-49.15575511232055,-49.15575511232055,-49.15575511232055,-49.15575511232055,-49.15575511232055,-49.15575511232055,-49.15575511232055,-49.15575511232055
db61c7c7cfa100239c43,SHADOW_1H_FAST_LONG_BTC_1_3_CAP75_V1,RIF,LONG,2026-07-24T11:02:58+00:00,-50.31189535676878,5.4485919731138255,-50.23894155186077,False,False,-50.31189535676878,-50.31189535676878,-50.31189535676878,-50.31189535676878,-50.31189535676878,-50.31189535676878,-50.0,-50.0,-50.31189535676878,-50.31189535676878,-50.31189535676878,-50.31189535676878,-50.31189535676878
2b2aeffa9d08e0d9b4c4,SHADOW_1H_FAST_NO_PEPE_V1,RIF,LONG,2026-07-24T11:02:58+00:00,-50.56909247650534,5.476445468836206,-50.495765727816085,False,False,-50.56909247650534,-50.56909247650534,-50.56909247650534,-50.56909247650534,-50.56909247650534,-50.56909247650534,-50.0,-50.0,-50.56909247650534,-50.56909247650534,-50.56909247650534,-50.56909247650534,-50.56909247650534
5845b04bfac0f991a05e,SHADOW_1H_FAST_TP2_V1,RIF,LONG,2026-07-24T11:02:58+00:00,-50.22139969811328,5.438791628367209,-50.148577114710235,False,False,-50.22139969811328,-50.22139969811328,-50.22139969811328,-50.22139969811328,-50.22139969811328,-50.22139969811328,-50.0,-50.0,-50.22139969811328,-50.22139969811328,-50.22139969811328,-50.22139969811328,-50.22139969811328
f3de64f844841e56c020,SHADOW_1H_FAST_V3,RIF,LONG,2026-07-24T11:02:58+00:00,-50.9462297394388,5.517288037954503,-50.87235613004973,False,False,-50.9462297394388,-50.9462297394388,-50.9462297394388,-50.9462297394388,-50.9462297394388,-50.9462297394388,-50.0,-50.0,-50.9462297394388,-50.9462297394388,-50.9462297394388,-50.9462297394388,-50.9462297394388
8c21c7982b68ed7775ce,SHADOW_1H_FAST_V3_LONG_NOHIGH_CAP75_LOCK_V1,RIF,LONG,2026-07-24T11:02:58+00:00,-49.71252133079142,5.383681985452353,-49.6404366367656,False,False,-49.71252133079142,-49.71252133079142,-49.71252133079142,-49.71252133079142,-49.71252133079142,-49.71252133079142,-49.71252133079142,-49.71252133079142,-49.71252133079142,-49.71252133079142,-49.71252133079142,-49.71252133079142,-49.71252133079142
6800b583aee3b24fa068,SHADOW_1H_FAST_V3_LONG_NOHIGH_CAP75_V1,RIF,LONG,2026-07-24T11:02:58+00:00,-49.89108065653768,5.40301929926426,-49.818737045964944,False,False,-49.89108065653768,-49.89108065653768,-49.89108065653768,-49.89108065653768,-49.89108065653768,-49.89108065653768,-49.89108065653768,-49.89108065653768,-49.89108065653768,-49.89108065653768,-49.89108065653768,-49.89108065653768,-49.89108065653768
6b854f531baa6eb196a3,SHADOW_1H_FAST_V3_LONG_ONLY_V1,RIF,LONG,2026-07-24T11:02:58+00:00,-49.690892896414155,5.381339706094692,-49.61883956428736,False,False,-49.690892896414155,-49.690892896414155,-49.690892896414155,-49.690892896414155,-49.690892896414155,-49.690892896414155,-49.690892896414155,-49.690892896414155,-49.690892896414155,-49.690892896414155,-49.690892896414155,-49.690892896414155,-49.690892896414155
2fdeae5627d751235656,SHADOW_1H_FAST_V3_NOHIGH_V1,RIF,LONG,2026-07-24T11:02:58+00:00,-50.39218192243701,5.457286710891975,-50.31911169952474,False,False,-50.39218192243701,-50.39218192243701,-50.39218192243701,-50.39218192243701,-50.39218192243701,-50.39218192243701,-50.0,-50.0,-50.39218192243701,-50.39218192243701,-50.39218192243701,-50.39218192243701,-50.39218192243701
97817ab1bad84162e14a,SHADOW_1H_FAST_V3_NO_ESPORTS_V1,RIF,LONG,2026-07-24T11:02:58+00:00,-50.52852001150092,5.472051621107256,-50.45525209414123,False,False,-50.52852001150092,-50.52852001150092,-50.52852001150092,-50.52852001150092,-50.52852001150092,-50.52852001150092,-50.0,-50.0,-50.52852001150092,-50.52852001150092,-50.52852001150092,-50.52852001150092,-50.52852001150092
55ec99d2e246ea0c17fc,SHADOW_SOL_ADAPTIVE_1H,SOL,LONG,2026-07-24T12:37:31+00:00,-69.67619331020563,0.846421422091628,-69.67619331020563,False,False,-69.67619331020563,-69.67619331020563,-69.67619331020563,-69.67619331020563,-69.67619331020563,-69.67619331020563,-50.0,-50.0,-69.67619331020563,-69.67619331020563,-69.67619331020563,-69.67619331020563,-69.67619331020563
a8de95becfa53a52cc7b,SHADOW_MASTER_ADAPTIVE_GB20_V1,BANK,LONG,2026-07-24T12:53:34+00:00,57.25114940337068,71.80397739739655,-43.66896694615139,True,False,25.0,50.0,57.25114940337068,57.25114940337068,57.25114940337068,57.25114940337068,57.25114940337068,50.0,57.25114940337068,57.25114940337068,57.25114940337068,53.62557470168534,57.25114940337068
c17d6a26a9fb2fa35b80,SHADOW_BOLLINGER_MR_1H,SOL,LONG,2026-07-24T13:08:35+00:00,-54.09628303533111,23.07402650404538,-53.30119609701617,False,False,-54.09628303533111,-54.09628303533111,-54.09628303533111,-54.09628303533111,-54.09628303533111,-54.09628303533111,-50.0,-50.0,-54.09628303533111,-54.09628303533111,-54.09628303533111,-54.09628303533111,-54.09628303533111
4c670ef94a5eee4a4516,SHADOW_MASTER_ADAPTIVE_GB20_V1,RIF,LONG,2026-07-24T13:08:35+00:00,19.712440786867482,34.804744702246154,-32.717942620383276,False,False,25.0,19.712440786867482,19.712440786867482,19.712440786867482,19.712440786867482,19.712440786867482,19.712440786867482,19.712440786867482,19.712440786867482,19.712440786867482,19.712440786867482,19.712440786867482,19.712440786867482
f71969b6e4bcd4362cf4,SHADOW_SOL_BOLLINGER_1H,SOL,LONG,2026-07-24T13:08:35+00:00,-55.651435446907755,23.436294742651306,-54.83318696784634,False,False,-55.651435446907755,-55.651435446907755,-55.651435446907755,-55.651435446907755,-55.651435446907755,-55.651435446907755,-50.0,-50.0,-55.651435446907755,-55.651435446907755,-55.651435446907755,-55.651435446907755,-55.651435446907755
9d0d071aaf72c4358111,SHADOW_SOL_BOLLINGER_4H,SOL,SHORT,2026-07-24T13:08:35+00:00,86.97820293771748,87.34784745147441,-11.632313046765494,True,False,25.0,50.0,75.0,86.97820293771748,86.97820293771748,86.97820293771748,86.97820293771748,50.0,86.97820293771748,86.97820293771748,86.97820293771748,68.48910146885873,55.30401999530256
afe9a205c3651dac56d4,SHADOW_1H_FAST_NOHIGH_CAP75_V1,TAO,SHORT,2026-07-24T13:23:35+00:00,32.99985231141473,55.80740397162079,-51.93828250988193,True,False,25.0,50.0,75.0,32.99985231141473,32.99985231141473,32.99985231141473,32.99985231141473,50.0,32.99985231141473,32.99985231141473,32.99985231141473,41.499926155707364,32.99985231141473
6506dd1e44af119a0e22,SHADOW_1H_FAST_SCORE_6_75_V1,TAO,SHORT,2026-07-24T13:23:35+00:00,33.600226632110704,56.82272161404789,-52.88320828669217,True,False,25.0,50.0,75.0,100.0,33.600226632110704,33.600226632110704,33.600226632110704,50.0,33.600226632110704,33.600226632110704,33.600226632110704,41.80011331605535,33.600226632110704
fe45fcfb2ec4d7aa6d0b,SHADOW_1H_FAST_SCORE_6_75_V1,DOGE,SHORT,2026-07-24T13:23:35+00:00,70.76094993947673,71.51529199847843,-26.933602891374026,True,False,25.0,50.0,70.76094993947673,70.76094993947673,70.76094993947673,70.76094993947673,70.76094993947673,50.0,70.76094993947673,70.76094993947673,70.76094993947673,60.380474969738366,70.76094993947673
8cc5826ed0bcb29bedd1,SHADOW_1H_FAST_TP2_V1,TAO,SHORT,2026-07-24T13:23:35+00:00,32.976417103120745,55.76777172951015,-51.90139796695839,True,False,25.0,50.0,75.0,32.976417103120745,32.976417103120745,32.976417103120745,32.976417103120745,50.0,32.976417103120745,32.976417103120745,32.976417103120745,41.488208551560376,32.976417103120745
f6ff7d3a3780f008982c,SHADOW_1H_FAST_V3_CAP75_V1,TAO,SHORT,2026-07-24T13:23:35+00:00,33.253952598833415,56.23712339143693,-52.33820952741069,True,False,25.0,50.0,75.0,100.0,33.253952598833415,33.253952598833415,33.253952598833415,50.0,33.253952598833415,33.253952598833415,33.253952598833415,41.62697629941671,33.253952598833415
67fde225f04204a2550a,SHADOW_1H_FAST_V3_NOHIGH_V1,TAO,SHORT,2026-07-24T13:23:35+00:00,33.08881366507316,55.95785016618637,-52.0782982855639,True,False,25.0,50.0,75.0,100.0,33.08881366507316,33.08881366507316,33.08881366507316,50.0,33.08881366507316,33.08881366507316,33.08881366507316,41.54440683253658,33.08881366507316
ea6bd3bc515b4ea66fab,SHADOW_1H_FAST_V3_NO_ESPORTS_V1,TAO,SHORT,2026-07-24T13:23:35+00:00,33.17833679053401,56.109246396092146,-52.21919823073563,True,False,25.0,50.0,75.0,100.0,33.17833679053401,33.17833679053401,33.17833679053401,50.0,33.17833679053401,33.17833679053401,33.17833679053401,41.58916839526701,33.17833679053401
e6cee5f0f66e25522ca4,SHADOW_4H_WIDE,PEPE,LONG,2026-07-24T13:23:35+00:00,-53.26690320791277,34.61762635563392,-53.07828604585205,False,False,25.0,-53.26690320791277,-53.26690320791277,-53.26690320791277,-53.26690320791277,-53.26690320791277,-50.0,-50.0,-53.26690320791277,-53.26690320791277,-53.26690320791277,-53.26690320791277,-53.26690320791277
6422d07cb4e7182d4d30,SHADOW_BOLLINGER_MR_1H,DOGE,LONG,2026-07-24T13:23:35+00:00,-53.76456000307857,23.479318029686297,-52.96949642904209,False,False,-53.76456000307857,-53.76456000307857,-53.76456000307857,-53.76456000307857,-53.76456000307857,-53.76456000307857,-50.0,-50.0,-53.76456000307857,-53.76456000307857,-53.76456000307857,-53.76456000307857,-53.76456000307857
d1c4ebe4ed3ea1f6936e,SHADOW_BTC_ADAPTIVE_4H,BTC,LONG,2026-07-24T13:23:35+00:00,-50.376620994788055,22.976017401603315,-49.96790519411308,False,False,-50.376620994788055,-50.376620994788055,-50.376620994788055,-50.376620994788055,-50.376620994788055,-50.376620994788055,-50.0,-50.0,-50.376620994788055,-50.376620994788055,-50.376620994788055,-50.376620994788055,-50.376620994788055
91a9db92e29ae19fd029,SHADOW_DOGE_BOLLINGER_1H,DOGE,LONG,2026-07-24T13:23:35+00:00,-55.33239213383609,24.164000080708544,-54.514143654774855,False,False,-55.33239213383609,-55.33239213383609,-55.33239213383609,-55.33239213383609,-55.33239213383609,-55.33239213383609,-50.0,-50.0,-55.33239213383609,-55.33239213383609,-55.33239213383609,-55.33239213383609,-55.33239213383609
56fa0e38d25fa72194db,SHADOW_BTC_BOLLINGER_4H,BTC,SHORT,2026-07-24T13:53:55+00:00,84.11733423499844,84.62517675419316,-9.985424935182053,True,False,25.0,50.0,75.0,84.11733423499844,84.11733423499844,84.11733423499844,84.11733423499844,50.0,84.11733423499844,84.11733423499844,84.11733423499844,67.05866711749923,53.11698280814532
6855364baa8400339d1a,SHADOW_1H_FAST_NOHIGH_CAP75_V1,BTC,SHORT,2026-07-24T14:08:38+00:00,29.52106794194525,43.79695060879261,-43.86142152709521,True,False,25.0,50.0,29.52106794194525,29.52106794194525,29.52106794194525,29.52106794194525,29.52106794194525,50.0,29.52106794194525,29.52106794194525,30.0,39.760533970972624,29.52106794194525
70a9f2ab7ff9de5a504f,SHADOW_1H_FAST_SCORE_6_75_V1,BTC,SHORT,2026-07-24T14:08:38+00:00,40.70982810092026,54.47073050704192,-33.49490157354294,True,False,25.0,50.0,40.70982810092026,40.70982810092026,40.70982810092026,40.70982810092026,40.70982810092026,50.0,40.70982810092026,40.70982810092026,40.70982810092026,45.35491405046013,40.70982810092026
fddddafaa586149e6a2e,SHADOW_1H_FAST_V2,BTC,SHORT,2026-07-24T14:08:38+00:00,29.775399500089936,44.174272550946775,-44.23929890271605,True,False,25.0,50.0,29.775399500089936,29.775399500089936,29.775399500089936,29.775399500089936,29.775399500089936,50.0,29.775399500089936,29.775399500089936,30.0,39.887699750044966,29.775399500089936
459cb7c92fde792df628,SHADOW_1H_FAST_V3_CAP75_V1,BTC,SHORT,2026-07-24T14:08:38+00:00,29.743467389813503,44.12689861923938,-44.19185523462659,True,False,25.0,50.0,29.743467389813503,29.743467389813503,29.743467389813503,29.743467389813503,29.743467389813503,50.0,29.743467389813503,29.743467389813503,30.0,39.87173369490675,29.743467389813503
768f8527f50398ba4421,SHADOW_BTC_DONCHIAN_4H,BTC,LONG,2026-07-24T14:08:38+00:00,-49.31847460361451,51.33690779934706,-48.886481510309835,True,True,25.0,-49.31847460361451,-49.31847460361451,-49.31847460361451,-49.31847460361451,-49.31847460361451,-49.31847460361451,-49.31847460361451,-49.31847460361451,-49.31847460361451,-49.31847460361451,0.3407626981927443,-49.31847460361451
f481266ce52f92ef222c,SHADOW_BTC_EMA_4H,BTC,LONG,2026-07-24T14:08:38+00:00,-49.31847460361451,51.33690779934706,-48.886481510309835,True,True,25.0,-49.31847460361451,-49.31847460361451,-49.31847460361451,-49.31847460361451,-49.31847460361451,-49.31847460361451,-49.31847460361451,-49.31847460361451,-49.31847460361451,-49.31847460361451,0.3407626981927443,-49.31847460361451
5d3b06c3d27dc7ddf06e,SHADOW_COMBO_MEAN_REVERSION,BTC,LONG,2026-07-24T14:08:38+00:00,-53.5232961295912,28.534447642121165,-52.73085089286704,False,False,25.0,-53.5232961295912,-53.5232961295912,-53.5232961295912,-53.5232961295912,-53.5232961295912,-50.0,-50.0,-53.5232961295912,-53.5232961295912,-53.5232961295912,-53.5232961295912,-53.5232961295912
ec5f49a85573674a4a09,SHADOW_COMBO_MEAN_REVERSION,TAO,LONG,2026-07-24T14:08:38+00:00,-7.210527963156404,48.656397384335854,-25.973066887188377,False,False,25.0,-7.210527963156404,-7.210527963156404,-7.210527963156404,-7.210527963156404,-7.210527963156404,-7.210527963156404,-7.210527963156404,-7.210527963156404,-7.210527963156404,-7.210527963156404,-7.210527963156404,-7.210527963156404
48d727148d77a9ed6d1f,SHADOW_BOLLINGER_MR_1H,SOL,LONG,2026-07-24T14:38:38+00:00,-54.226897001906934,-2.144245778605378,-53.42715236960374,False,False,-54.226897001906934,-54.226897001906934,-54.226897001906934,-54.226897001906934,-54.226897001906934,-54.226897001906934,-50.0,-50.0,-54.226897001906934,-54.226897001906934,-54.226897001906934,-54.226897001906934,-54.226897001906934
1fd04d130163bf503cb6,SHADOW_SOL_BOLLINGER_1H,SOL,LONG,2026-07-24T14:38:38+00:00,-55.17106008159005,-2.181579976390185,-54.35739082153304,False,False,-55.17106008159005,-55.17106008159005,-55.17106008159005,-55.17106008159005,-55.17106008159005,-55.17106008159005,-50.0,-50.0,-55.17106008159005,-55.17106008159005,-55.17106008159005,-55.17106008159005,-55.17106008159005
02b199bd7c45a2a127b5,SHADOW_SOL_DONCHIAN_1H,SOL,SHORT,2026-07-24T14:38:38+00:00,94.7460507649221,95.50755739521601,-33.06763313375597,True,False,25.0,50.0,75.0,94.7460507649221,94.7460507649221,94.7460507649221,94.7460507649221,50.0,94.7460507649221,94.7460507649221,94.7460507649221,72.37302538246105,48.82127949959567
2f2693ce7e349c2e8ae5,SHADOW_1H_FAST_LONG_BTC_1_3_CAP75_V1,RIF,LONG,2026-07-24T15:08:38+00:00,-52.61239009110075,2.7406398466517388,-52.61239009110075,False,False,-52.61239009110075,-52.61239009110075,-52.61239009110075,-52.61239009110075,-52.61239009110075,-52.61239009110075,-50.0,-50.0,-52.61239009110075,-52.61239009110075,-52.61239009110075,-52.61239009110075,-52.61239009110075
3d99590dd017797179a4,SHADOW_1H_FAST_SCORE_6_75_V1,RIF,LONG,2026-07-24T15:08:38+00:00,-54.912071771089856,2.8604329074855066,-54.912071771089856,False,False,-54.912071771089856,-54.912071771089856,-54.912071771089856,-54.912071771089856,-54.912071771089856,-54.912071771089856,-50.0,-50.0,-54.912071771089856,-54.912071771089856,-54.912071771089856,-54.912071771089856,-54.912071771089856
5c0e749dedde0d096b60,SHADOW_1H_FAST_V3_LONG_NOHIGH_CAP75_LOCK_V1,RIF,LONG,2026-07-24T15:08:38+00:00,-51.9856098865074,2.7079901456815554,-51.9856098865074,False,False,-51.9856098865074,-51.9856098865074,-51.9856098865074,-51.9856098865074,-51.9856098865074,-51.9856098865074,-50.0,-50.0,-51.9856098865074,-51.9856098865074,-51.9856098865074,-51.9856098865074,-51.9856098865074
36df6362da1f44495de2,SHADOW_1H_FAST_V3_LONG_NOHIGH_CAP75_V1,RIF,LONG,2026-07-24T15:08:38+00:00,-52.17233377822227,2.7177168077295932,-52.17233377822227,False,False,-52.17233377822227,-52.17233377822227,-52.17233377822227,-52.17233377822227,-52.17233377822227,-52.17233377822227,-50.0,-50.0,-52.17233377822227,-52.17233377822227,-52.17233377822227,-52.17233377822227,-52.17233377822227
c440b6f2b80aea25dfe1,SHADOW_BTC_DONCHIAN_1H,BTC,SHORT,2026-07-24T15:23:34+00:00,43.04719597846473,67.38720135930144,-38.52548160591023,True,False,25.0,50.0,43.04719597846473,43.04719597846473,43.04719597846473,43.04719597846473,43.04719597846473,50.0,43.04719597846473,43.04719597846473,43.04719597846473,46.523597989232364,43.04719597846473
adf65902abcf94fa9b83,SHADOW_1H_BALANCED_V2,DOGE,SHORT,2026-07-24T15:38:34+00:00,-4.6456789124403315,51.445880627070984,-45.81841279681142,True,True,25.0,-4.6456789124403315,-4.6456789124403315,-4.6456789124403315,-4.6456789124403315,-4.6456789124403315,-4.6456789124403315,-4.6456789124403315,-4.6456789124403315,-4.6456789124403315,-4.6456789124403315,22.677160543779834,-4.6456789124403315
86e458c5ea2870a319d2,SHADOW_1H_BALANCED_V3,BTC,SHORT,2026-07-24T15:38:34+00:00,35.709448330283344,60.782429412298924,-34.74951205942668,True,False,25.0,50.0,35.709448330283344,35.709448330283344,35.709448330283344,35.709448330283344,35.709448330283344,50.0,35.709448330283344,35.709448330283344,35.709448330283344,42.854724165141675,41.33930761810418
2fd64683533d26c04530,SHADOW_BTC_ADAPTIVE_1H,BTC,SHORT,2026-07-24T15:38:34+00:00,25.014862926950933,48.99575158512304,-45.935566471295374,False,False,25.0,25.014862926950933,25.014862926950933,25.014862926950933,25.014862926950933,25.014862926950933,25.014862926950933,25.014862926950933,25.014862926950933,25.014862926950933,25.014862926950933,25.014862926950933,25.014862926950933
92fffc3dd6c897dcd7a4,SHADOW_BTC_EMA_1H,BTC,SHORT,2026-07-24T15:38:34+00:00,31.284134091276787,55.392759928960594,-39.047153765759795,True,False,25.0,50.0,31.284134091276787,31.284134091276787,31.284134091276787,31.284134091276787,31.284134091276787,50.0,31.284134091276787,31.284134091276787,31.284134091276787,40.64206704563839,36.21190955292627
b2402ad845af8cf6c882,SHADOW_COMBO_ADAPTIVE_REGIME_V1,DOGE,SHORT,2026-07-24T15:38:34+00:00,31.853325981705755,84.74095258236709,-4.143071169646255,True,False,25.0,50.0,31.853325981705755,31.853325981705755,31.853325981705755,31.853325981705755,31.853325981705755,50.0,31.853325981705755,31.853325981705755,31.853325981705755,40.926662990852876,39.21107353102667
70f45aea30b95219426a,SHADOW_RELATIVE_STRENGTH_V2,HYPE,SHORT,2026-07-24T15:38:34+00:00,-54.741668437330546,10.015214645685594,-54.24590228250261,False,False,-54.741668437330546,-54.741668437330546,-54.741668437330546,-54.741668437330546,-54.741668437330546,-54.741668437330546,-50.0,-50.0,-54.741668437330546,-54.741668437330546,-54.741668437330546,-54.741668437330546,-54.741668437330546
390a6c983420812935ef,SHADOW_1H_BALANCED_V2,BTC,SHORT,2026-07-24T15:53:36+00:00,21.90945725135131,49.58677268906024,-45.94196617483924,False,False,25.0,21.90945725135131,21.90945725135131,21.90945725135131,21.90945725135131,21.90945725135131,21.90945725135131,21.90945725135131,21.90945725135131,21.90945725135131,21.90945725135131,21.90945725135131,21.90945725135131
b4bd170f97ecc2a948a1,SHADOW_1H_BALANCED_V3,DOGE,SHORT,2026-07-24T15:53:36+00:00,-0.5686617499433422,63.98962694059372,-34.44225866556998,True,True,25.0,-0.5686617499433422,-0.5686617499433422,-0.5686617499433422,-0.5686617499433422,-0.5686617499433422,-0.5686617499433422,-0.5686617499433422,-0.5686617499433422,-0.5686617499433422,-0.5686617499433422,24.715669125028327,-0.5686617499433422
0478ffdae7e71c206b73,SHADOW_COMBO_ADAPTIVE,DOGE,SHORT,2026-07-24T15:53:36+00:00,2.241433678648015,64.18038561431112,-34.544934050581595,True,False,25.0,2.241433678648015,2.241433678648015,2.241433678648015,2.241433678648015,2.241433678648015,2.241433678648015,2.241433678648015,2.241433678648015,2.241433678648015,2.241433678648015,26.120716839324007,2.241433678648015
b68c7636ecaa28cd7fb1,SHADOW_COMBO_ADAPTIVE_PARTIAL_1R_V1,DOGE,SHORT,2026-07-24T15:53:36+00:00,2.1531823720859684,61.65343023745811,-33.18480655981307,True,False,25.0,2.1531823720859684,2.1531823720859684,2.1531823720859684,2.1531823720859684,2.1531823720859684,2.1531823720859684,2.1531823720859684,2.1531823720859684,2.1531823720859684,2.1531823720859684,26.076591186042982,2.1531823720859684
0741b057e199b72de163,SHADOW_COMBO_ADAPTIVE_QUALITY7_V1,DOGE,SHORT,2026-07-24T15:53:36+00:00,2.729534287555117,62.2494275675723,-34.550769803049484,True,False,25.0,2.729534287555117,2.729534287555117,2.729534287555117,2.729534287555117,2.729534287555117,2.729534287555117,2.729534287555117,2.729534287555117,2.729534287555117,2.729534287555117,26.36476714377756,2.729534287555117
478c5c54b4547b9babd4,SHADOW_COMBO_ADAPTIVE_RUNNER25_V1,DOGE,SHORT,2026-07-24T15:53:36+00:00,-4.588758531629191,55.5007645569403,-40.64269418773067,True,True,25.0,-4.588758531629191,-4.588758531629191,-4.588758531629191,-4.588758531629191,-4.588758531629191,-4.588758531629191,-4.588758531629191,-4.588758531629191,-4.588758531629191,-4.588758531629191,22.705620734185405,-4.588758531629191
c56c35f9af4584c28146,SHADOW_COMBO_ADAPTIVE_TP3_V1,DOGE,SHORT,2026-07-24T15:53:36+00:00,-4.598310674819851,55.61629716703186,-40.72729764460457,True,True,25.0,-4.598310674819851,-4.598310674819851,-4.598310674819851,-4.598310674819851,-4.598310674819851,-4.598310674819851,-4.598310674819851,-4.598310674819851,-4.598310674819851,-4.598310674819851,22.700844662590075,-4.598310674819851
b7461d886211fafd2e6a,SHADOW_COMBO_SCANNER,DOGE,SHORT,2026-07-24T15:53:36+00:00,4.181340409884131,66.82106989994615,-30.31115122377963,True,False,25.0,4.181340409884131,4.181340409884131,4.181340409884131,4.181340409884131,4.181340409884131,4.181340409884131,4.181340409884131,4.181340409884131,4.181340409884131,4.181340409884131,27.090670204942064,4.181340409884131
9b5b709077933ce520e2,SHADOW_COMBO_TREND,DOGE,SHORT,2026-07-24T15:53:36+00:00,-4.1183653794395685,53.51985646607203,-32.48092854805375,True,True,25.0,-4.1183653794395685,-4.1183653794395685,-4.1183653794395685,-4.1183653794395685,-4.1183653794395685,-4.1183653794395685,-4.1183653794395685,-4.1183653794395685,-4.1183653794395685,-4.1183653794395685,22.940817310280217,-4.1183653794395685
0084cc5f2b722ee41f5b,SHADOW_DOGE_DONCHIAN_1H,DOGE,SHORT,2026-07-24T15:53:36+00:00,1.3019983055422772,61.737595256577094,-29.28525580147524,True,False,25.0,1.3019983055422772,1.3019983055422772,1.3019983055422772,1.3019983055422772,1.3019983055422772,1.3019983055422772,1.3019983055422772,1.3019983055422772,1.3019983055422772,1.3019983055422772,25.65099915277114,1.3019983055422772
0fe2379a7b01f19e8944,SHADOW_DOGE_EMA_1H,DOGE,SHORT,2026-07-24T15:53:36+00:00,9.601558296542624,67.07855245823825,-30.42794960449343,True,False,25.0,9.601558296542624,9.601558296542624,9.601558296542624,9.601558296542624,9.601558296542624,9.601558296542624,9.601558296542624,9.601558296542624,9.601558296542624,9.601558296542624,29.80077914827131,9.601558296542624
d2330956945cb6cc7dce,SHADOW_EMA_TREND_1H,DOGE,SHORT,2026-07-24T15:53:36+00:00,-4.142517712981978,55.59696111336261,-30.858401116889176,True,True,25.0,-4.142517712981978,-4.142517712981978,-4.142517712981978,-4.142517712981978,-4.142517712981978,-4.142517712981978,-4.142517712981978,-4.142517712981978,-4.142517712981978,-4.142517712981978,22.92874114350901,-4.142517712981978
549bf6036198e3bd587b,SHADOW_RELATIVE_STRENGTH,DOGE,SHORT,2026-07-24T15:53:36+00:00,-4.5107300908336185,60.53875995920026,-33.60128504381637,True,True,25.0,-4.5107300908336185,-4.5107300908336185,-4.5107300908336185,-4.5107300908336185,-4.5107300908336185,-4.5107300908336185,-4.5107300908336185,-4.5107300908336185,-4.5107300908336185,-4.5107300908336185,22.74463495458319,-4.5107300908336185
fac109e5425fb5d41308,SHADOW_RELATIVE_STRENGTH_V2,DOGE,SHORT,2026-07-24T15:53:36+00:00,-4.600535815103453,61.744047590038946,-34.27026493819959,True,True,25.0,-4.600535815103453,-4.600535815103453,-4.600535815103453,-4.600535815103453,-4.600535815103453,-4.600535815103453,-4.600535815103453,-4.600535815103453,-4.600535815103453,-4.600535815103453,22.699732092448272,-4.600535815103453
256936765a2b91096114,SHADOW_SCANNER_BOTTOM5_SHORT,DOGE,SHORT,2026-07-24T15:53:36+00:00,4.036852335490174,64.51203816075449,-29.263735934980105,True,False,25.0,4.036852335490174,4.036852335490174,4.036852335490174,4.036852335490174,4.036852335490174,4.036852335490174,4.036852335490174,4.036852335490174,4.036852335490174,4.036852335490174,27.018426167745087,4.036852335490174
12a1f7aa95c14b5981cd,SHADOW_SOL_ADAPTIVE_1H,SOL,SHORT,2026-07-24T15:53:36+00:00,30.93668269916432,62.812055527939975,-11.64005565057909,True,False,25.0,50.0,30.93668269916432,30.93668269916432,30.93668269916432,30.93668269916432,30.93668269916432,50.0,30.93668269916432,30.93668269916432,30.93668269916432,40.46834134958216,43.502893646570456
3ba58057d64662a95b30,SHADOW_1H_FAST_NOHIGH_CAP75_V1,ADA,SHORT,2026-07-24T16:53:36+00:00,67.65365055988816,69.82877158096409,-19.489922153926365,True,False,25.0,50.0,67.65365055988816,67.65365055988816,67.65365055988816,67.65365055988816,67.65365055988816,50.0,67.65365055988816,67.65365055988816,67.65365055988816,58.82682527994408,67.65365055988816
042fa609458c51e2a94d,SHADOW_1H_FAST_V3_CAP75_V1,ADA,SHORT,2026-07-24T16:53:36+00:00,68.5082245353612,70.70848088763032,-13.668277757454094,True,False,25.0,50.0,68.5082245353612,68.5082245353612,68.5082245353612,68.5082245353612,68.5082245353612,50.0,68.5082245353612,68.5082245353612,68.5082245353612,59.2541122676806,68.5082245353612
ff3629054741ea6e7f7c,SHADOW_MASTER_ADAPTIVE_GB20_V1,AKE,LONG,2026-07-24T16:53:36+00:00,-1.7701558049020094,25.719072144858888,-37.67154026614256,False,False,-1.7701558049020094,-1.7701558049020094,-1.7701558049020094,-1.7701558049020094,-1.7701558049020094,-1.7701558049020094,-1.7701558049020094,-1.7701558049020094,-1.7701558049020094,-1.7701558049020094,-1.7701558049020094,-1.7701558049020094,-1.7701558049020094
86df5f7eadeabc82e631,SHADOW_RSI_LONG_15X_10_RSI20,BTC,LONG,2026-07-24T16:53:36+00:00,-0.20998199999999656,0.6481112626155956,-0.4640504647491861,False,False,-0.20998199999999656,-0.20998199999999656,-0.20998199999999656,-0.20998199999999656,-0.20998199999999656,-0.20998199999999656,-0.20998199999999656,-0.20998199999999656,-0.20998199999999656,-0.20998199999999656,-0.20998199999999656,-0.20998199999999656,-0.20998199999999656
616eb97a0d6daf36e46a,SHADOW_RSI_LONG_15X_10_RSI25,BTC,LONG,2026-07-24T16:53:36+00:00,-0.20998199999999656,0.6481112626155956,-0.4640504647491861,False,False,-0.20998199999999656,-0.20998199999999656,-0.20998199999999656,-0.20998199999999656,-0.20998199999999656,-0.20998199999999656,-0.20998199999999656,-0.20998199999999656,-0.20998199999999656,-0.20998199999999656,-0.20998199999999656,-0.20998199999999656,-0.20998199999999656
91f89b3a888cda005a6c,SHADOW_RSI_LONG_15X_50_RSI20,BTC,LONG,2026-07-24T16:53:36+00:00,-1.0499099999999828,3.2405563130779775,-2.3202523237459305,False,False,-1.0499099999999828,-1.0499099999999828,-1.0499099999999828,-1.0499099999999828,-1.0499099999999828,-1.0499099999999828,-1.0499099999999828,-1.0499099999999828,-1.0499099999999828,-1.0499099999999828,-1.0499099999999828,-1.0499099999999828,-1.0499099999999828
d99dd50a4b1928af748f,SHADOW_RSI_LONG_15X_50_RSI25,BTC,LONG,2026-07-24T16:53:36+00:00,-1.0499099999999828,3.2405563130779775,-2.3202523237459305,False,False,-1.0499099999999828,-1.0499099999999828,-1.0499099999999828,-1.0499099999999828,-1.0499099999999828,-1.0499099999999828,-1.0499099999999828,-1.0499099999999828,-1.0499099999999828,-1.0499099999999828,-1.0499099999999828,-1.0499099999999828,-1.0499099999999828
9ae07f64ac153e96913b,SHADOW_RSI_LONG_5X_RSI20,BTC,LONG,2026-07-24T16:53:36+00:00,-3.013300557293086,9.30057828207909,-6.659254241034283,False,False,-3.013300557293086,-3.013300557293086,-3.013300557293086,-3.013300557293086,-3.013300557293086,-3.013300557293086,-3.013300557293086,-3.013300557293086,-3.013300557293086,-3.013300557293086,-3.013300557293086,-3.013300557293086,-3.013300557293086
1bb11c254db865a1336c,SHADOW_RSI_LONG_5X_RSI25,BTC,LONG,2026-07-24T16:53:36+00:00,-3.007273237484033,9.281974907258233,-6.645934144270832,False,False,-3.007273237484033,-3.007273237484033,-3.007273237484033,-3.007273237484033,-3.007273237484033,-3.007273237484033,-3.007273237484033,-3.007273237484033,-3.007273237484033,-3.007273237484033,-3.007273237484033,-3.007273237484033,-3.007273237484033
54bc6586bc43b55acf44,SHADOW_1H_FAST,ZEC,SHORT,2026-07-24T17:23:35+00:00,71.26256292173643,71.76231836751019,-42.36280114746709,True,False,25.0,50.0,71.26256292173643,71.26256292173643,71.26256292173643,71.26256292173643,71.26256292173643,50.0,71.26256292173643,71.26256292173643,71.26256292173643,60.631281460868216,71.26256292173643
840894a043cd39ed2f41,SHADOW_1H_FAST_NO_PEPE_V1,ZEC,SHORT,2026-07-24T17:23:35+00:00,72.1451534018943,72.65109834437955,-39.794690889660565,True,False,25.0,50.0,72.1451534018943,72.1451534018943,72.1451534018943,72.1451534018943,72.1451534018943,50.0,72.1451534018943,72.1451534018943,72.1451534018943,61.07257670094715,72.1451534018943
c7b5dbe2400738eb1797,SHADOW_1H_FAST_V2,ZEC,SHORT,2026-07-24T17:23:35+00:00,71.71623760844794,72.21917461808916,-42.63249297092714,True,False,25.0,50.0,71.71623760844794,71.71623760844794,71.71623760844794,71.71623760844794,71.71623760844794,50.0,71.71623760844794,71.71623760844794,71.71623760844794,60.85811880422397,71.71623760844794
4adb9d6b9feff3872cab,SHADOW_1H_FAST_V3,ZEC,SHORT,2026-07-24T17:23:35+00:00,72.90963238908652,73.42093852714706,-43.34191940340248,True,False,25.0,50.0,72.90963238908652,72.90963238908652,72.90963238908652,72.90963238908652,72.90963238908652,50.0,72.90963238908652,72.90963238908652,72.90963238908652,61.45481619454326,72.90963238908652
773269c18e2fdbfd0a3c,SHADOW_1H_FAST_LONG_BTC_1_3_CAP75_V1,AKE,LONG,2026-07-24T17:38:34+00:00,73.15594054837821,73.25262785167601,-11.459262469110985,True,False,25.0,50.0,73.15594054837821,73.15594054837821,73.15594054837821,73.15594054837821,73.15594054837821,50.0,73.15594054837821,73.15594054837821,73.15594054837821,61.577970274189106,73.15594054837821
df78617b569ffaf80a24,SHADOW_1H_FAST_SCORE_6_75_V1,AKE,LONG,2026-07-24T17:38:34+00:00,74.98605353146657,75.0851596224628,-11.562670465612365,True,False,25.0,50.0,74.98605353146657,74.98605353146657,74.98605353146657,74.98605353146657,74.98605353146657,50.0,74.98605353146657,74.98605353146657,74.98605353146657,62.49302676573328,74.98605353146657
7c542b1f63b90038b84a,SHADOW_1H_FAST_V3_LONG_NOHIGH_CAP75_LOCK_V1,AKE,LONG,2026-07-24T17:38:34+00:00,72.28442159049139,72.37995704177033,-11.322746358315761,True,False,25.0,50.0,72.28442159049139,72.28442159049139,72.28442159049139,72.28442159049139,72.28442159049139,50.0,72.28442159049139,72.28442159049139,72.28442159049139,61.142210795245695,72.28442159049139
88c0e0730055af3533c2,SHADOW_1H_FAST_V3_LONG_NOHIGH_CAP75_V1,AKE,LONG,2026-07-24T17:38:34+00:00,72.54405552648257,72.63993412563067,-11.363415829531753,True,False,25.0,50.0,72.54405552648257,72.54405552648257,72.54405552648257,72.54405552648257,72.54405552648257,50.0,72.54405552648257,72.54405552648257,72.54405552648257,61.27202776324128,72.54405552648257
3cd8725e30d8c47a4706,SHADOW_MASTER_ADAPTIVE_STRICT3_V1,AKE,LONG,2026-07-24T17:38:34+00:00,94.46916149355245,94.56792508780212,-16.160045586534476,True,False,25.0,50.0,75.0,94.46916149355245,94.46916149355245,94.46916149355245,94.46916149355245,50.0,94.46916149355245,20.0,30.0,72.23458074677623,45.28552915560419
805b75f18ec004291b7f,SHADOW_1H_BALANCED_V3,AKE,LONG,2026-07-24T18:08:34+00:00,102.08124208216374,102.18736663568637,-3.1243925583015857,True,False,25.0,50.0,75.0,100.0,102.08124208216374,102.08124208216374,102.08124208216374,50.0,102.08124208216374,102.08124208216374,102.08124208216374,76.04062104108186,42.22875919353368
22a529c17739462df20f,SHADOW_1H_FAST,AKE,LONG,2026-07-24T18:08:34+00:00,73.04282169480663,73.14092887529122,-40.15051783907607,True,False,25.0,50.0,73.04282169480663,73.04282169480663,73.04282169480663,73.04282169480663,73.04282169480663,50.0,73.04282169480663,73.04282169480663,73.04282169480663,61.52141084740332,73.04282169480663
8431788008f09da06933,SHADOW_1H_FAST_NO_PEPE_V1,AKE,LONG,2026-07-24T18:08:34+00:00,74.33654224009065,74.43638707626936,-40.8616561635132,True,False,25.0,50.0,74.33654224009065,74.33654224009065,74.33654224009065,74.33654224009065,74.33654224009065,50.0,74.33654224009065,74.33654224009065,74.33654224009065,62.168271120045326,74.33654224009065
d95e84093db0f0af5433,SHADOW_1H_FAST_V3,AKE,LONG,2026-07-24T18:08:34+00:00,74.7275147618778,74.8278847312711,-41.076567757101316,True,False,25.0,50.0,74.7275147618778,74.7275147618778,74.7275147618778,74.7275147618778,74.7275147618778,50.0,74.7275147618778,74.7275147618778,74.7275147618778,62.3637573809389,74.7275147618778
a71379779b027ba9fa2c,SHADOW_1H_FAST_V3_NOHIGH_V1,AKE,LONG,2026-07-24T18:08:34+00:00,73.65490889992635,73.75383820294827,-40.48697277986291,True,False,25.0,50.0,73.65490889992635,73.65490889992635,73.65490889992635,73.65490889992635,73.65490889992635,50.0,73.65490889992635,73.65490889992635,73.65490889992635,61.82745444996318,73.65490889992635
32bd22ad74b27504ba04,SHADOW_1H_FAST_V3_NO_ESPORTS_V1,AKE,LONG,2026-07-24T18:08:34+00:00,73.85458131394897,73.9537788061934,-40.59672964077229,True,False,25.0,50.0,73.85458131394897,73.85458131394897,73.85458131394897,73.85458131394897,73.85458131394897,50.0,73.85458131394897,73.85458131394897,73.85458131394897,61.927290656974485,73.85458131394897
466adeb238ebcc1a21d3,SHADOW_COMBO_TREND,AKE,LONG,2026-07-24T18:08:34+00:00,108.70261539069962,108.80728265272506,-3.0229794402755625,True,False,25.0,50.0,75.0,100.0,108.70261539069962,108.70261539069962,108.70261539069962,50.0,108.70261539069962,108.70261539069962,108.70261539069962,79.35130769534982,40.858076713572096
026bfac55726acbbecec,SHADOW_MASTER_ADAPTIVE_GB20_V1,AKE,LONG,2026-07-24T18:08:34+00:00,20.68909657052797,30.698817291720335,-3.9912245790004737,False,False,25.0,20.68909657052797,20.68909657052797,20.68909657052797,20.68909657052797,20.68909657052797,20.68909657052797,20.68909657052797,20.68909657052797,20.68909657052797,20.68909657052797,20.68909657052797,20.68909657052797
90a70c7c6e0a34811122,SHADOW_1H_FAST_NOHIGH_CAP75_V1,ZEC,SHORT,2026-07-24T18:23:34+00:00,6.543026188552427,67.23549628769005,-25.38684268848889,True,False,25.0,6.543026188552427,6.543026188552427,6.543026188552427,6.543026188552427,6.543026188552427,6.543026188552427,6.543026188552427,6.543026188552427,6.543026188552427,6.543026188552427,28.271513094276212,6.543026188552427
ba20d5f0f14d6c8d4223,SHADOW_1H_FAST_SCORE_6_75_V1,ZEC,SHORT,2026-07-24T18:23:34+00:00,6.665610993552381,68.49516573787835,-25.862469878546243,True,False,25.0,50.0,6.665610993552381,6.665610993552381,6.665610993552381,6.665610993552381,6.665610993552381,50.0,6.665610993552381,20.0,30.0,28.33280549677619,38.73673352717049
72fc6ff34964f1539ad2,SHADOW_1H_FAST_V3_CAP75_V1,ZEC,SHORT,2026-07-24T18:23:34+00:00,6.577124120960837,67.58588330155753,-25.51914215071167,True,False,25.0,6.577124120960837,6.577124120960837,6.577124120960837,6.577124120960837,6.577124120960837,6.577124120960837,6.577124120960837,6.577124120960837,6.577124120960837,6.577124120960837,28.28856206048042,6.577124120960837
edf17e4987ebe9749282,SHADOW_SCANNER_TOP5_BTC_GUARD_BTC_LE3_MFE_V1,AKE,LONG,2026-07-24T18:23:34+00:00,30.73677095706813,74.04274712508288,-39.15737684810358,True,False,25.0,50.0,30.73677095706813,30.73677095706813,30.73677095706813,30.73677095706813,30.73677095706813,50.0,30.73677095706813,30.73677095706813,30.73677095706813,40.368385478534066,49.84061758696715
1c78308fcba48231b786,SHADOW_SCANNER_TOP5_BTC_GUARD_MFE_V1,AKE,LONG,2026-07-24T18:23:34+00:00,30.38779724863364,73.20209369135009,-38.712798755292965,True,False,25.0,50.0,30.38779724863364,30.38779724863364,30.38779724863364,30.38779724863364,30.38779724863364,50.0,30.38779724863364,30.38779724863364,30.38779724863364,40.193898624316816,49.274746006823506
05c62ac24db9692cb24c,SHADOW_SCANNER_TOP5_BTC_MFE_V1,AKE,LONG,2026-07-24T18:23:34+00:00,30.65105783233554,73.83627015882182,-39.04818186693035,True,False,25.0,50.0,30.65105783233554,30.65105783233554,30.65105783233554,30.65105783233554,30.65105783233554,50.0,30.65105783233554,30.65105783233554,30.65105783233554,40.32552891616777,49.70163112420734
0ba9452b10c262086066,SHADOW_1H_BALANCED_LONG_NO_RHV_V1,AKE,LONG,2026-07-24T19:23:38+00:00,-69.85139470439131,25.886434577861017,-69.85139470439131,False,False,-69.85139470439131,-69.85139470439131,-69.85139470439131,-69.85139470439131,-69.85139470439131,-69.85139470439131,-50.0,-50.0,-69.85139470439131,-69.85139470439131,-69.85139470439131,-69.85139470439131,-69.85139470439131
046b8850f4b2786279e6,SHADOW_1H_BALANCED_V2,AKE,LONG,2026-07-24T19:23:38+00:00,-14.578757078896826,81.56660018782232,-40.246780356253154,True,True,25.0,50.0,-14.578757078896826,-14.578757078896826,-14.578757078896826,-14.578757078896826,-14.578757078896826,50.0,0.0,20.0,30.0,17.710621460551586,51.22724120729306
1156f4f546a30b64e6cc,SHADOW_1H_FAST,AKE,LONG,2026-07-24T19:23:38+00:00,-77.47535759499387,13.772535493708709,-77.47535759499387,False,False,-77.47535759499387,-77.47535759499387,-77.47535759499387,-77.47535759499387,-77.47535759499387,-77.47535759499387,-50.0,-50.0,-77.47535759499387,-77.47535759499387,-77.47535759499387,-77.47535759499387,-77.47535759499387
ba5907075b4d6e8df016,SHADOW_1H_FAST_NO_PEPE_V1,AKE,LONG,2026-07-24T19:23:38+00:00,-78.82164184203263,14.011859946703046,-78.82164184203263,False,False,-78.82164184203263,-78.82164184203263,-78.82164184203263,-78.82164184203263,-78.82164184203263,-78.82164184203263,-50.0,-50.0,-78.82164184203263,-78.82164184203263,-78.82164184203263,-78.82164184203263,-78.82164184203263
ad6669f295a6b64a5419,SHADOW_1H_FAST_TP2_V1,AKE,LONG,2026-07-24T19:23:38+00:00,-9.50804337863198,81.77648200883269,-40.350340729390254,True,True,25.0,50.0,-9.50804337863198,-9.50804337863198,-9.50804337863198,-9.50804337863198,-9.50804337863198,50.0,0.0,20.0,30.0,20.24597831068401,51.35905578145904
caf0d05cca08c7c3eaaf,SHADOW_1H_FAST_V2,AKE,LONG,2026-07-24T19:23:38+00:00,-75.17533376701276,23.209442924455047,-75.17533376701276,False,False,-75.17533376701276,-75.17533376701276,-75.17533376701276,-75.17533376701276,-75.17533376701276,-75.17533376701276,-50.0,-50.0,-75.17533376701276,-75.17533376701276,-75.17533376701276,-75.17533376701276,-75.17533376701276
b8e2b56c69f95a2779c6,SHADOW_1H_FAST_V3,AKE,LONG,2026-07-24T19:23:38+00:00,-79.26202262515064,14.090144967314963,-79.26202262515064,False,False,-79.26202262515064,-79.26202262515064,-79.26202262515064,-79.26202262515064,-79.26202262515064,-79.26202262515064,-50.0,-50.0,-79.26202262515064,-79.26202262515064,-79.26202262515064,-79.26202262515064,-79.26202262515064
0989db26e9a63bb66668,SHADOW_1H_FAST_V3_NOHIGH_V1,AKE,LONG,2026-07-24T19:23:38+00:00,-78.2758464922243,13.914835730734506,-78.2758464922243,False,False,-78.2758464922243,-78.2758464922243,-78.2758464922243,-78.2758464922243,-78.2758464922243,-78.2758464922243,-50.0,-50.0,-78.2758464922243,-78.2758464922243,-78.2758464922243,-78.2758464922243,-78.2758464922243
58308b5733989d9cfdbb,SHADOW_1H_FAST_V3_NO_ESPORTS_LONG_ONLY_V1,AKE,LONG,2026-07-24T19:23:38+00:00,-73.56354544081823,28.374626890893648,-73.56354544081823,False,False,-73.56354544081823,-73.56354544081823,-73.56354544081823,-73.56354544081823,-73.56354544081823,-73.56354544081823,-50.0,-50.0,-73.56354544081823,-73.56354544081823,-73.56354544081823,-73.56354544081823,-73.56354544081823
02fe3955bb6a478a594f,SHADOW_1H_FAST_V3_NO_ESPORTS_MFE_LOCK_V1,AKE,LONG,2026-07-24T19:23:38+00:00,-73.56354544081823,28.374626890893648,-73.56354544081823,False,False,-73.56354544081823,-73.56354544081823,-73.56354544081823,-73.56354544081823,-73.56354544081823,-73.56354544081823,-50.0,-50.0,-73.56354544081823,-73.56354544081823,-73.56354544081823,-73.56354544081823,-73.56354544081823
76d54fa414cad24700ba,SHADOW_1H_FAST_V3_NO_ESPORTS_V1,AKE,LONG,2026-07-24T19:23:38+00:00,-78.48813461495565,13.952573481110495,-78.48813461495565,False,False,-78.48813461495565,-78.48813461495565,-78.48813461495565,-78.48813461495565,-78.48813461495565,-78.48813461495565,-50.0,-50.0,-78.48813461495565,-78.48813461495565,-78.48813461495565,-78.48813461495565,-78.48813461495565
792143681a01184924a4,SHADOW_COMBO_ADAPTIVE_QUALITY7_REGIME_PARTIAL_1R_V1,AKE,LONG,2026-07-24T19:23:38+00:00,26.636229692643024,77.6895230054579,-39.6621679100425,True,False,25.0,26.636229692643024,26.636229692643024,26.636229692643024,26.636229692643024,26.636229692643024,26.636229692643024,26.636229692643024,26.636229692643024,26.636229692643024,26.636229692643024,38.318114846321514,26.636229692643024
2299bdd4d9f963bd65c7,SHADOW_COMBO_ADAPTIVE_QUALITY7_REGIME_V1,AKE,LONG,2026-07-24T19:23:38+00:00,-11.829778874875915,80.20105500586635,-39.572989896945444,True,True,25.0,50.0,-11.829778874875915,-11.829778874875915,-11.829778874875915,-11.829778874875915,-11.829778874875915,50.0,0.0,20.0,30.0,19.085110562562043,50.36962163930281
4716b2231c7a185da041,SHADOW_COMBO_ADAPTIVE_QUALITY7_V1,AKE,LONG,2026-07-24T19:23:38+00:00,-11.998546064142877,81.34522741794171,-40.13755009257018,True,True,25.0,50.0,-11.998546064142877,-11.998546064142877,-11.998546064142877,-11.998546064142877,-11.998546064142877,50.0,0.0,20.0,30.0,19.00072696792856,51.088209835956185
a20dd2a2897bd98cf537,SHADOW_COMBO_TREND,AKE,LONG,2026-07-24T19:23:38+00:00,-74.22663611113852,12.706024767015077,-74.22663611113852,False,False,-74.22663611113852,-74.22663611113852,-74.22663611113852,-74.22663611113852,-74.22663611113852,-74.22663611113852,-50.0,-50.0,-74.22663611113852,-74.22663611113852,-74.22663611113852,-74.22663611113852,-74.22663611113852
d704f69e6f9fbd03bcda,SHADOW_DONCHIAN_1H,AKE,LONG,2026-07-24T19:23:38+00:00,-29.901328417565463,64.87433804098832,-50.67829635806092,True,True,25.0,50.0,-29.901328417565463,-29.901328417565463,-29.901328417565463,-29.901328417565463,-29.901328417565463,50.0,0.0,20.0,30.0,10.049335791217269,40.169242957711305
758ed05eecf9298c35e9,SHADOW_MASTER_ADAPTIVE_GB20_V1,AKE,LONG,2026-07-24T19:23:38+00:00,-71.8864286859579,12.305430922781369,-71.8864286859579,False,False,-71.8864286859579,-71.8864286859579,-71.8864286859579,-71.8864286859579,-71.8864286859579,-71.8864286859579,-50.0,-50.0,-71.8864286859579,-71.8864286859579,-71.8864286859579,-71.8864286859579,-71.8864286859579
e517abafd47c0fa0f778,SHADOW_MASTER_ADAPTIVE_STRICT3_V1,AKE,LONG,2026-07-24T19:23:38+00:00,-69.00894702676266,20.490876730067374,-69.00894702676266,False,False,-69.00894702676266,-69.00894702676266,-69.00894702676266,-69.00894702676266,-69.00894702676266,-69.00894702676266,-50.0,-50.0,-69.00894702676266,-69.00894702676266,-69.00894702676266,-69.00894702676266,-69.00894702676266
1299b892f3f02c475196,SHADOW_RELATIVE_STRENGTH_V2,AKE,LONG,2026-07-24T19:23:38+00:00,-20.218670032249744,81.83472102817927,-40.3790771609003,True,True,25.0,50.0,-20.218670032249744,-20.218670032249744,-20.218670032249744,-20.218670032249744,-20.218670032249744,50.0,0.0,20.0,30.0,14.890664983875128,51.39563232485883
157b05fcb66c1c3700a1,SHADOW_SCANNER_TOP5_BTC_BTC_2_3_V1,AKE,LONG,2026-07-24T19:23:38+00:00,-17.481557334720954,80.8614823164598,-39.898859466714434,True,True,25.0,50.0,-17.481557334720954,-17.481557334720954,-17.481557334720954,-17.481557334720954,-17.481557334720954,50.0,0.0,20.0,30.0,16.259221332639523,50.78439765131935
0241466dba2422d5d9ce,SHADOW_SCANNER_TOP5_BTC_GUARD_BTC_LE3_MFE_V1,AKE,LONG,2026-07-24T19:23:38+00:00,-68.38831291164067,25.344226776994898,-68.38831291164067,False,False,-68.38831291164067,-68.38831291164067,-68.38831291164067,-68.38831291164067,-68.38831291164067,-68.38831291164067,-50.0,-50.0,-68.38831291164067,-68.38831291164067,-68.38831291164067,-68.38831291164067,-68.38831291164067
835c9279fc1962083a22,SHADOW_SCANNER_TOP5_BTC_GUARD_MFE_V1,AKE,LONG,2026-07-24T19:23:38+00:00,-67.61185779201574,25.0564779819726,-67.61185779201574,False,False,-67.61185779201574,-67.61185779201574,-67.61185779201574,-67.61185779201574,-67.61185779201574,-67.61185779201574,-50.0,-50.0,-67.61185779201574,-67.61185779201574,-67.61185779201574,-67.61185779201574,-67.61185779201574
8e1fd70288b8fef6e13f,SHADOW_SCANNER_TOP5_BTC_MFE_V1,AKE,LONG,2026-07-24T19:23:38+00:00,-68.22565719837675,25.283947716026383,-68.22565719837675,False,False,-68.22565719837675,-68.22565719837675,-68.22565719837675,-68.22565719837675,-68.22565719837675,-68.22565719837675,-50.0,-50.0,-68.22565719837675,-68.22565719837675,-68.22565719837675,-68.22565719837675,-68.22565719837675
20aa4d610e7edb355876,SHADOW_EMA_TREND_1H,PEPE,SHORT,2026-07-24T19:53:35+00:00,55.627696609957155,96.59525383545892,-24.821485086872542,True,False,25.0,50.0,75.0,55.627696609957155,55.627696609957155,55.627696609957155,55.627696609957155,50.0,55.627696609957155,55.627696609957155,55.627696609957155,52.81384830497858,56.04812825640096
681da607b8656ba63c7a,SHADOW_1H_FAST,ONDO,LONG,2026-07-24T21:08:39+00:00,-3.4274113673880184,36.982447448012095,-48.48440028669768,False,False,25.0,-3.4274113673880184,-3.4274113673880184,-3.4274113673880184,-3.4274113673880184,-3.4274113673880184,-3.4274113673880184,-3.4274113673880184,-3.4274113673880184,-3.4274113673880184,-3.4274113673880184,-3.4274113673880184,-3.4274113673880184
cea66bd3a3d1b15bf18d,SHADOW_1H_FAST_NOHIGH_CAP75_V1,ONDO,LONG,2026-07-24T21:08:39+00:00,-3.4098929810642944,36.79342059008788,-48.236583971744,False,False,25.0,-3.4098929810642944,-3.4098929810642944,-3.4098929810642944,-3.4098929810642944,-3.4098929810642944,-3.4098929810642944,-3.4098929810642944,-3.4098929810642944,-3.4098929810642944,-3.4098929810642944,-3.4098929810642944,-3.4098929810642944
0f993a13f5ffae107d2a,SHADOW_1H_FAST_NO_PEPE_V1,ONDO,LONG,2026-07-24T21:08:39+00:00,-3.454889777214728,37.27894493210186,-48.87311178889924,False,False,25.0,-3.454889777214728,-3.454889777214728,-3.454889777214728,-3.454889777214728,-3.454889777214728,-3.454889777214728,-3.454889777214728,-3.454889777214728,-3.454889777214728,-3.454889777214728,-3.454889777214728,-3.454889777214728
ce95913fb85c94c95dfb,SHADOW_1H_FAST_TP2_V1,ONDO,LONG,2026-07-24T21:08:39+00:00,-3.4512001420955762,37.23913303843928,-48.82091795312832,False,False,25.0,-3.4512001420955762,-3.4512001420955762,-3.4512001420955762,-3.4512001420955762,-3.4512001420955762,-3.4512001420955762,-3.4512001420955762,-3.4512001420955762,-3.4512001420955762,-3.4512001420955762,-3.4512001420955762,-3.4512001420955762
e4436c2cfb6701d2d54f,SHADOW_1H_FAST_V3,ONDO,LONG,2026-07-24T21:08:39+00:00,-3.461931280114888,37.35492414295412,-48.97272138011428,False,False,25.0,-3.461931280114888,-3.461931280114888,-3.461931280114888,-3.461931280114888,-3.461931280114888,-3.461931280114888,-3.461931280114888,-3.461931280114888,-3.461931280114888,-3.461931280114888,-3.461931280114888,-3.461931280114888
4fa47700cc494d0cd287,SHADOW_1H_FAST_V3_CAP75_V1,ONDO,LONG,2026-07-24T21:08:39+00:00,-3.448113761334917,37.2058303787785,-48.777257795593464,False,False,25.0,-3.448113761334917,-3.448113761334917,-3.448113761334917,-3.448113761334917,-3.448113761334917,-3.448113761334917,-3.448113761334917,-3.448113761334917,-3.448113761334917,-3.448113761334917,-3.448113761334917,-3.448113761334917
7ca6002f0e2542da7670,SHADOW_1H_FAST_V3_NOHIGH_V1,ONDO,LONG,2026-07-24T21:08:39+00:00,-3.4244996747151166,36.95102970741494,-48.44321127903783,False,False,25.0,-3.4244996747151166,-3.4244996747151166,-3.4244996747151166,-3.4244996747151166,-3.4244996747151166,-3.4244996747151166,-3.4244996747151166,-3.4244996747151166,-3.4244996747151166,-3.4244996747151166,-3.4244996747151166,-3.4244996747151166
b56ed9a50656d711047c,SHADOW_1H_FAST_V3_NO_ESPORTS_V1,ONDO,LONG,2026-07-24T21:08:39+00:00,-3.448113761334917,37.2058303787785,-48.777257795593464,False,False,25.0,-3.448113761334917,-3.448113761334917,-3.448113761334917,-3.448113761334917,-3.448113761334917,-3.448113761334917,-3.448113761334917,-3.448113761334917,-3.448113761334917,-3.448113761334917,-3.448113761334917,-3.448113761334917
c8b464cd3b07a1b74b7c,SHADOW_SOL_EMA_1H,SOL,SHORT,2026-07-24T21:23:40+00:00,94.71155136049111,95.38217182503506,-29.216946509121495,True,False,25.0,50.0,75.0,94.71155136049111,94.71155136049111,94.71155136049111,94.71155136049111,50.0,94.71155136049111,94.71155136049111,94.71155136049111,72.35577568024556,43.1360994564336
0761dc310e65ab63bf31,SHADOW_1H_BALANCED,BANK,LONG,2026-07-24T22:38:38+00:00,102.86948883413828,102.97647773224904,-49.35079508325268,True,False,25.0,50.0,75.0,100.0,102.86948883413828,102.86948883413828,102.86948883413828,50.0,102.86948883413828,102.86948883413828,102.86948883413828,76.43474441706914,53.26436935239447
18c471f2a41f71cca7f3,SHADOW_1H_FAST_LONG_BTC_1_3_CAP75_V1,BANK,LONG,2026-07-24T22:38:38+00:00,73.41280815762838,73.55120701733208,-9.117773185712442,True,False,25.0,50.0,73.41280815762838,73.41280815762838,73.41280815762838,73.41280815762838,73.41280815762838,50.0,73.41280815762838,73.41280815762838,73.41280815762838,61.70640407881419,73.41280815762838
8cd9c1db4ca4daef6d3d,SHADOW_COMBO_TREND,BANK,LONG,2026-07-24T22:38:38+00:00,107.83562228064243,107.93950343117241,-28.244531602624875,True,False,25.0,50.0,75.0,100.0,107.83562228064243,107.83562228064243,107.83562228064243,50.0,107.83562228064243,107.83562228064243,107.83562228064243,78.91781114032122,74.5411532617515
6d71cb89132fd42b2e8a,SHADOW_MASTER_ADAPTIVE_EXPANDED_V1,BANK,LONG,2026-07-24T22:38:38+00:00,96.85934878807686,96.960152434593,-40.84840958644069,True,False,25.0,50.0,75.0,96.85934878807686,96.85934878807686,96.85934878807686,96.85934878807686,50.0,0.0,20.0,30.0,73.42967439403843,46.0300606732049
83c81db9d9eec1aab100,SHADOW_MASTER_ADAPTIVE_NO_ALT_V1,BANK,LONG,2026-07-24T22:38:38+00:00,96.41480815145866,96.51527866997948,-37.32853090464834,True,False,25.0,50.0,75.0,96.41480815145866,96.41480815145866,96.41480815145866,96.41480815145866,50.0,0.0,20.0,30.0,73.20740407572933,50.26199497822105
a1b42d0416c9286070b4,SHADOW_MASTER_ADAPTIVE_V1,BANK,LONG,2026-07-24T22:38:38+00:00,96.41480815145866,96.51527866997948,-37.32853090464834,True,False,25.0,50.0,75.0,96.41480815145866,96.41480815145866,96.41480815145866,96.41480815145866,50.0,0.0,20.0,30.0,73.20740407572933,50.26199497822105
333ad7d9307c6c5ca5f4,SHADOW_SCANNER_TOP5_BTC,BANK,LONG,2026-07-24T22:38:38+00:00,113.4340755780717,113.54334029716098,-49.44359085399512,True,False,25.0,50.0,75.0,100.0,113.4340755780717,113.4340755780717,113.4340755780717,50.0,113.4340755780717,113.4340755780717,113.4340755780717,81.71703778903586,53.36452393346712
9ebe3fa7c3ee128e64e6,SHADOW_SCANNER_TOP5_BTC_BTC_LE3_V1,BANK,LONG,2026-07-24T22:38:38+00:00,108.9428699060543,109.04780849718226,-47.485966264058426,True,False,25.0,50.0,75.0,100.0,108.9428699060543,108.9428699060543,108.9428699060543,50.0,108.9428699060543,108.9428699060543,108.9428699060543,79.47143495302714,51.251657483477494
3d24d2c7d5a4ee046d38,SHADOW_SCANNER_TOP5_BTC_GUARD_BTC_LE3_V1,BANK,LONG,2026-07-24T22:38:38+00:00,109.25137249624527,109.35660825071399,-47.620436226184594,True,False,25.0,50.0,75.0,100.0,109.25137249624527,109.25137249624527,109.25137249624527,50.0,109.25137249624527,109.25137249624527,109.25137249624527,79.62568624812263,51.39679106678467
c1a1d44091f5ef0112dd,SHADOW_SCANNER_TOP5_BTC_GUARD_V1,BANK,LONG,2026-07-24T22:38:38+00:00,107.46414778285789,107.56766200342895,-46.84142156905843,True,False,25.0,50.0,75.0,100.0,107.46414778285789,107.46414778285789,107.46414778285789,50.0,107.46414778285789,107.46414778285789,107.46414778285789,78.73207389142894,50.55599965991678
be164f138b9ce3a29a55,SHADOW_SCANNER_TOP5_LONG,BANK,LONG,2026-07-24T22:38:38+00:00,105.51633941601929,105.6260811578588,-50.620599980339406,True,False,25.0,50.0,75.0,100.0,105.51633941601929,105.51633941601929,105.51633941601929,50.0,105.51633941601929,105.51633941601929,105.51633941601929,77.75816970800965,54.63487122434625
daeacb5d5e930e568696,SHADOW_1H_FAST_V3_NO_ESPORTS_MFE_LOCK_V1,BANK,LONG,2026-07-24T22:53:38+00:00,32.013388148180866,71.61194326670088,-8.873473551181464,True,False,25.0,32.013388148180866,32.013388148180866,32.013388148180866,32.013388148180866,32.013388148180866,32.013388148180866,32.013388148180866,32.013388148180866,32.013388148180866,32.013388148180866,41.00669407409043,32.013388148180866
daf1e832ed8a4df1b652,SHADOW_1H_FAST_V3_NO_ESPORTS_MFE_LOCK_V1,ZEC,SHORT,2026-07-24T22:53:38+00:00,35.975871848416254,63.38180451425853,-19.141903513838347,True,False,25.0,50.0,35.975871848416254,35.975871848416254,35.975871848416254,35.975871848416254,35.975871848416254,50.0,35.975871848416254,35.975871848416254,35.975871848416254,42.98793592420813,43.639877333688354
0a9efbd5866537d24a71,SHADOW_COMBO_ADAPTIVE_RUNNER25_V1,BANK,LONG,2026-07-24T22:53:38+00:00,93.96779991094726,112.55866616926377,-47.326098199967,True,False,25.0,50.0,75.0,93.96779991094726,93.96779991094726,93.96779991094726,93.96779991094726,50.0,93.96779991094726,20.0,30.0,71.98389995547363,51.0791116997864
bddd036597b9efbf633c,SHADOW_MASTER_ADAPTIVE_GB20_V1,BANK,LONG,2026-07-24T22:53:38+00:00,10.171502790783594,37.60342147804815,-20.67755384255324,False,False,10.171502790783594,10.171502790783594,10.171502790783594,10.171502790783594,10.171502790783594,10.171502790783594,10.171502790783594,10.171502790783594,10.171502790783594,10.171502790783594,10.171502790783594,10.171502790783594,10.171502790783594
d4db0a1e28ac9a41efcd,SHADOW_MASTER_ADAPTIVE_GB20_V1,AKE,LONG,2026-07-24T22:53:38+00:00,14.517791282501488,24.544254843615764,-12.220954910546986,False,False,14.517791282501488,14.517791282501488,14.517791282501488,14.517791282501488,14.517791282501488,14.517791282501488,14.517791282501488,14.517791282501488,14.517791282501488,14.517791282501488,14.517791282501488,14.517791282501488,14.517791282501488
0ec1a24c368685f1c5b9,SHADOW_MASTER_ADAPTIVE_RUNNER25_V1,BANK,LONG,2026-07-24T22:53:38+00:00,93.98455594781952,123.24866455890482,-37.32853090464834,True,False,25.0,50.0,75.0,93.98455594781952,93.98455594781952,93.98455594781952,93.98455594781952,50.0,0.0,20.0,30.0,71.99227797390975,50.26199497822105
d67d625f2ac4e8ab666c,SHADOW_SCANNER_TOP5_BTC_RUNNER25_V1,BANK,LONG,2026-07-24T22:53:38+00:00,103.03654207338451,114.36058657652072,-48.0837285543826,True,False,25.0,50.0,75.0,100.0,103.03654207338451,103.03654207338451,103.03654207338451,50.0,103.03654207338451,20.0,30.0,76.51827103669225,51.8968230043784
3c8e2a9d30bd6484fd87,SHADOW_1H_BALANCED,DOGE,SHORT,2026-07-24T23:08:35+00:00,1.7632495571133602,62.8897473366817,-21.29632027614042,True,False,25.0,1.7632495571133602,1.7632495571133602,1.7632495571133602,1.7632495571133602,1.7632495571133602,1.7632495571133602,1.7632495571133602,1.7632495571133602,1.7632495571133602,1.7632495571133602,25.88162477855668,1.7632495571133602
e41ab3039de8b11def27,SHADOW_1H_FAST_V2,DOGE,SHORT,2026-07-24T23:08:35+00:00,-56.06122643093091,22.9162357622122,-55.154315298540375,False,False,-56.06122643093091,-56.06122643093091,-56.06122643093091,-56.06122643093091,-56.06122643093091,-56.06122643093091,-50.0,-50.0,-56.06122643093091,-56.06122643093091,-56.06122643093091,-56.06122643093091,-56.06122643093091
8d6c9616cf010eb0549d,SHADOW_GLOBAL_PURE,DOGE,SHORT,2026-07-24T23:08:35+00:00,-4.3528256999890935,58.65183953762312,-26.605452149145908,True,True,25.0,-4.3528256999890935,-4.3528256999890935,-4.3528256999890935,-4.3528256999890935,-4.3528256999890935,-4.3528256999890935,-4.3528256999890935,-4.3528256999890935,-4.3528256999890935,-4.3528256999890935,22.82358715000545,-4.3528256999890935
ae77a624bb43086bf2da,SHADOW_SCANNER_TOP5_BTC_MFE_V1,BANK,LONG,2026-07-24T23:23:35+00:00,11.495150276397933,51.28141513622423,-10.269260265563732,True,False,11.495150276397933,11.495150276397933,11.495150276397933,11.495150276397933,11.495150276397933,11.495150276397933,11.495150276397933,11.495150276397933,11.495150276397933,11.495150276397933,11.495150276397933,30.747575138198968,11.495150276397933
2b61e7bdaafec723bdbb,SHADOW_1H_FAST_SCORE_6_75_V1,BANK,LONG,2026-07-25T00:53:40+00:00,-0.816945039152043,63.47459016943606,-18.04204731649843,True,True,-0.816945039152043,-0.816945039152043,-0.816945039152043,-0.816945039152043,-0.816945039152043,-0.816945039152043,-0.816945039152043,-0.816945039152043,-0.816945039152043,-0.816945039152043,-0.816945039152043,24.591527480423977,-0.816945039152043
31fe41bdea81f65d9d63,SHADOW_1H_FAST_TP2_V1,SOL,SHORT,2026-07-25T00:53:40+00:00,16.36672545205047,55.167705901018245,-12.249382703456352,True,False,25.0,16.36672545205047,16.36672545205047,16.36672545205047,16.36672545205047,16.36672545205047,16.36672545205047,16.36672545205047,16.36672545205047,16.36672545205047,16.36672545205047,33.18336272602524,16.36672545205047
10c01e7283983a032129,SHADOW_1H_FAST_V3_LONG_NOHIGH_CAP75_LOCK_V1,BANK,LONG,2026-07-25T00:53:40+00:00,11.469081654802528,69.9253692200006,-5.065222160335781,True,False,25.0,11.469081654802528,11.469081654802528,11.469081654802528,11.469081654802528,11.469081654802528,11.469081654802528,11.469081654802528,11.469081654802528,11.469081654802528,11.469081654802528,30.734540827401265,11.469081654802528
eb91dc24a0df275f0830,SHADOW_1H_FAST_V3_NOHIGH_V1,SOL,SHORT,2026-07-25T00:53:40+00:00,16.422326541030206,55.3551217975943,-12.290996343254795,True,False,25.0,16.422326541030206,16.422326541030206,16.422326541030206,16.422326541030206,16.422326541030206,16.422326541030206,16.422326541030206,16.422326541030206,16.422326541030206,16.422326541030206,33.2111632705151,16.422326541030206
5aeb53f8db5d06b42f21,SHADOW_1H_FAST_V3_NO_ESPORTS_V1,SOL,SHORT,2026-07-25T00:53:40+00:00,16.46677867144692,55.50495763767652,-12.324265744580892,True,False,25.0,16.46677867144692,16.46677867144692,16.46677867144692,16.46677867144692,16.46677867144692,16.46677867144692,16.46677867144692,16.46677867144692,16.46677867144692,16.46677867144692,33.23338933572346,16.46677867144692
099e57832b2b671a58aa,SHADOW_1H_FAST,HYPE,SHORT,2026-07-25T02:08:36+00:00,-53.87773452776295,16.46366881672347,-53.24906177844118,False,False,-53.87773452776295,-53.87773452776295,-53.87773452776295,-53.87773452776295,-53.87773452776295,-53.87773452776295,-50.0,-50.0,-53.87773452776295,-53.87773452776295,-53.87773452776295,-53.87773452776295,-53.87773452776295
014060a27e72760a5b16,SHADOW_1H_FAST_NO_PEPE_V1,HYPE,SHORT,2026-07-25T02:08:36+00:00,-54.81451883363933,16.749926334784213,-54.17491520962027,False,False,-54.81451883363933,-54.81451883363933,-54.81451883363933,-54.81451883363933,-54.81451883363933,-54.81451883363933,-50.0,-50.0,-54.81451883363933,-54.81451883363933,-54.81451883363933,-54.81451883363933,-54.81451883363933
d4c4654d745f423b977b,SHADOW_1H_FAST_TP2_V1,HYPE,SHORT,2026-07-25T02:08:36+00:00,-54.15156748936095,16.547345222763315,-53.51969951807353,False,False,-54.15156748936095,-54.15156748936095,-54.15156748936095,-54.15156748936095,-54.15156748936095,-54.15156748936095,-50.0,-50.0,-54.15156748936095,-54.15156748936095,-54.15156748936095,-54.15156748936095,-54.15156748936095
12ec43f265b667d5a632,SHADOW_1H_FAST_V3,HYPE,SHORT,2026-07-25T02:08:36+00:00,-55.12075949393529,16.843505711376768,-54.47758249847532,False,False,-55.12075949393529,-55.12075949393529,-55.12075949393529,-55.12075949393529,-55.12075949393529,-55.12075949393529,-50.0,-50.0,-55.12075949393529,-55.12075949393529,-55.12075949393529,-55.12075949393529,-55.12075949393529
8d5acf041975a7220b1d,SHADOW_1H_FAST_V3_NOHIGH_V1,HYPE,SHORT,2026-07-25T02:08:36+00:00,-54.36204161776964,16.61166077676686,-53.727717727536714,False,False,-54.36204161776964,-54.36204161776964,-54.36204161776964,-54.36204161776964,-54.36204161776964,-54.36204161776964,-50.0,-50.0,-54.36204161776964,-54.36204161776964,-54.36204161776964,-54.36204161776964,-54.36204161776964
493b78686c0a104fc27a,SHADOW_1H_FAST_V3_NO_ESPORTS_STRESS_GUARD_V1,HYPE,SHORT,2026-07-25T02:08:36+00:00,-54.57868208102294,16.677860606261664,-53.941830319920136,False,False,-54.57868208102294,-54.57868208102294,-54.57868208102294,-54.57868208102294,-54.57868208102294,-54.57868208102294,-50.0,-50.0,-54.57868208102294,-54.57868208102294,-54.57868208102294,-54.57868208102294,-54.57868208102294
a43f5ce513d78499b87f,SHADOW_1H_FAST_V3_NO_ESPORTS_V1,HYPE,SHORT,2026-07-25T02:08:36+00:00,-54.50929744462401,16.656658421636546,-53.87325529867128,False,False,-54.50929744462401,-54.50929744462401,-54.50929744462401,-54.50929744462401,-54.50929744462401,-54.50929744462401,-50.0,-50.0,-54.50929744462401,-54.50929744462401,-54.50929744462401,-54.50929744462401,-54.50929744462401
bed73062c556afc3f629,SHADOW_1H_FAST,BANK,LONG,2026-07-25T02:23:39+00:00,-0.7281392333282823,56.0309135737257,-15.02781327817995,True,True,-0.7281392333282823,-0.7281392333282823,-0.7281392333282823,-0.7281392333282823,-0.7281392333282823,-0.7281392333282823,-0.7281392333282823,-0.7281392333282823,-0.7281392333282823,-0.7281392333282823,-0.7281392333282823,24.635930383335857,-0.7281392333282823
1a49bb3c866c2fb75a70,SHADOW_1H_FAST_NO_PEPE_V1,BANK,LONG,2026-07-25T02:23:39+00:00,-0.7519558786515317,57.863624042605764,-15.519356766633983,True,True,-0.7519558786515317,-0.7519558786515317,-0.7519558786515317,-0.7519558786515317,-0.7519558786515317,-0.7519558786515317,-0.7519558786515317,-0.7519558786515317,-0.7519558786515317,-0.7519558786515317,-0.7519558786515317,24.624022060674235,-0.7519558786515317
dc3851f72445e27995b4,SHADOW_1H_FAST_TP2_V1,BANK,LONG,2026-07-25T02:23:39+00:00,-0.7255076349468215,55.82840991134451,-14.973500631244296,True,True,-0.7255076349468215,-0.7255076349468215,-0.7255076349468215,-0.7255076349468215,-0.7255076349468215,-0.7255076349468215,-0.7255076349468215,-0.7255076349468215,-0.7255076349468215,-0.7255076349468215,-0.7255076349468215,24.63724618252659,-0.7255076349468215
aaad175ac40f10fb4100,SHADOW_1H_FAST_V3,BANK,LONG,2026-07-25T02:23:39+00:00,-0.7545574929393732,58.063820404293224,-15.573050582253309,True,True,-0.7545574929393732,-0.7545574929393732,-0.7545574929393732,-0.7545574929393732,-0.7545574929393732,-0.7545574929393732,-0.7545574929393732,-0.7545574929393732,-0.7545574929393732,-0.7545574929393732,-0.7545574929393732,24.62272125353031,-0.7545574929393732
8e74ad2aa720f00cc57d,SHADOW_1H_FAST_V3_NOHIGH_V1,BANK,LONG,2026-07-25T02:23:39+00:00,-0.7362746404195365,56.656939848307175,-15.195717125567096,True,True,-0.7362746404195365,-0.7362746404195365,-0.7362746404195365,-0.7362746404195365,-0.7362746404195365,-0.7362746404195365,-0.7362746404195365,-0.7362746404195365,-0.7362746404195365,-0.7362746404195365,-0.7362746404195365,24.63186267979023,-0.7362746404195365
e2a92428714cafe08d07,SHADOW_1H_FAST_V3_NO_ESPORTS_V1,BANK,LONG,2026-07-25T02:23:39+00:00,-0.7351660111897251,56.571629916198546,-15.172836511121718,True,True,-0.7351660111897251,-0.7351660111897251,-0.7351660111897251,-0.7351660111897251,-0.7351660111897251,-0.7351660111897251,-0.7351660111897251,-0.7351660111897251,-0.7351660111897251,-0.7351660111897251,-0.7351660111897251,24.632416994405137,-0.7351660111897251
cb33c44a0753d7e41e5d,SHADOW_COMBO_ADAPTIVE_QUALITY7_V1,BANK,LONG,2026-07-25T02:23:39+00:00,-0.6390651556374146,52.94867001428082,-10.603133155504704,True,True,-0.6390651556374146,-0.6390651556374146,-0.6390651556374146,-0.6390651556374146,-0.6390651556374146,-0.6390651556374146,-0.6390651556374146,-0.6390651556374146,-0.6390651556374146,-0.6390651556374146,-0.6390651556374146,24.68046742218129,-0.6390651556374146
2db6cc56a0b55575d339,SHADOW_SCANNER_TOP5_BTC_GUARD_BTC_LE3_MFE_V1,BANK,LONG,2026-07-25T02:23:39+00:00,-0.6126113592530008,47.1409485349239,-12.643473524788744,False,False,-0.6126113592530008,-0.6126113592530008,-0.6126113592530008,-0.6126113592530008,-0.6126113592530008,-0.6126113592530008,-0.6126113592530008,-0.6126113592530008,-0.6126113592530008,-0.6126113592530008,-0.6126113592530008,-0.6126113592530008,-0.6126113592530008
e336250a846a182e608e,SHADOW_SCANNER_TOP5_BTC_GUARD_MFE_V1,BANK,LONG,2026-07-25T02:23:39+00:00,-0.6056560008594265,46.605727979312185,-12.499924293491752,False,False,-0.6056560008594265,-0.6056560008594265,-0.6056560008594265,-0.6056560008594265,-0.6056560008594265,-0.6056560008594265,-0.6056560008594265,-0.6056560008594265,-0.6056560008594265,-0.6056560008594265,-0.6056560008594265,-0.6056560008594265,-0.6056560008594265
580f56298d30370c4a17,SHADOW_1H_FAST_V3_NO_ESPORTS_MFE_LOCK_V1,AKE,LONG,2026-07-25T04:38:35+00:00,-3.490223785978369,37.026088775749045,-12.226353826072858,False,False,25.0,-3.490223785978369,-3.490223785978369,-3.490223785978369,-3.490223785978369,-3.490223785978369,-3.490223785978369,-3.490223785978369,-3.490223785978369,-3.490223785978369,-3.490223785978369,-3.490223785978369,-3.490223785978369
2f62eb373bf47df9b858,SHADOW_SCANNER_TOP5_BTC_GUARD_BTC_LE3_MFE_V1,AKE,LONG,2026-07-25T04:38:35+00:00,-3.513346651862963,37.27138802802972,-12.307353887133019,False,False,25.0,-3.513346651862963,-3.513346651862963,-3.513346651862963,-3.513346651862963,-3.513346651862963,-3.513346651862963,-3.513346651862963,-3.513346651862963,-3.513346651862963,-3.513346651862963,-3.513346651862963,-3.513346651862963
52304bd998ae6879ff2f,SHADOW_SCANNER_TOP5_BTC_GUARD_MFE_V1,AKE,LONG,2026-07-25T04:38:35+00:00,-3.47345743865221,36.84822274118777,-12.167620831471199,False,False,25.0,-3.47345743865221,-3.47345743865221,-3.47345743865221,-3.47345743865221,-3.47345743865221,-3.47345743865221,-3.47345743865221,-3.47345743865221,-3.47345743865221,-3.47345743865221,-3.47345743865221,-3.47345743865221
a6401a3cd1b03e9f0339,SHADOW_1H_BALANCED_LONG_NO_RHV_V1,BEAT,LONG,2026-07-25T05:53:41+00:00,-69.04948002955186,30.7370649380214,-69.04948002955186,False,False,-69.04948002955186,-69.04948002955186,-69.04948002955186,-69.04948002955186,-69.04948002955186,-69.04948002955186,-50.0,-50.0,-69.04948002955186,-69.04948002955186,-69.04948002955186,-69.04948002955186,-69.04948002955186
456571a599c834016fa7,SHADOW_1H_FAST,ZEC,SHORT,2026-07-25T05:53:41+00:00,70.46519472592249,71.06157783385731,-36.275340828989535,True,False,25.0,50.0,70.46519472592249,70.46519472592249,70.46519472592249,70.46519472592249,70.46519472592249,50.0,70.46519472592249,70.46519472592249,70.46519472592249,60.23259736296124,70.46519472592249
dba4decb3eb4fd27f7de,SHADOW_1H_FAST_NOHIGH_CAP75_V1,ZEC,SHORT,2026-07-25T05:53:41+00:00,71.8925391406426,72.49051829136738,-19.351583929633367,True,False,25.0,50.0,75.0,71.8925391406426,71.8925391406426,71.8925391406426,71.8925391406426,50.0,71.8925391406426,71.8925391406426,30.0,60.9462695703213,44.11790856072678
41c3c58170dd37bfb98d,SHADOW_1H_FAST_NO_PEPE_V1,ZEC,SHORT,2026-07-25T05:53:41+00:00,71.68939995226629,72.29614413733256,-36.90555922266573,True,False,25.0,50.0,71.68939995226629,71.68939995226629,71.68939995226629,71.68939995226629,71.68939995226629,50.0,71.68939995226629,71.68939995226629,71.68939995226629,60.84469997613314,71.68939995226629
ad2d2602ac04b2d02471,SHADOW_1H_FAST_SCORE_6_75_COST_AWARE_V1,ZEC,SHORT,2026-07-25T05:53:41+00:00,71.11615943791503,71.70768091054379,-19.142602898247,True,False,25.0,50.0,75.0,71.11615943791503,71.11615943791503,71.11615943791503,71.11615943791503,50.0,71.11615943791503,71.11615943791503,30.0,60.558079718957515,43.641471796317454
033b614a794274805b4a,SHADOW_1H_FAST_SCORE_6_75_NO_TREND_UP_V1,ZEC,SHORT,2026-07-25T05:53:41+00:00,71.11615943791503,71.70768091054379,-19.142602898247,True,False,25.0,50.0,75.0,71.11615943791503,71.11615943791503,71.11615943791503,71.11615943791503,50.0,71.11615943791503,71.11615943791503,30.0,60.558079718957515,43.641471796317454
4d4b16734d408c7c82e3,SHADOW_1H_FAST_SCORE_6_75_RANGE_ONLY_V1,ZEC,SHORT,2026-07-25T05:53:41+00:00,71.11615943791503,71.70768091054379,-19.142602898247,True,False,25.0,50.0,75.0,71.11615943791503,71.11615943791503,71.11615943791503,71.11615943791503,50.0,71.11615943791503,71.11615943791503,30.0,60.558079718957515,43.641471796317454
dc670f7eff6b205c0fca,SHADOW_1H_FAST_SCORE_6_75_V1,ZEC,SHORT,2026-07-25T05:53:41+00:00,73.12764440961736,73.73589677100667,-19.684041839177222,True,False,25.0,50.0,75.0,73.12764440961736,73.12764440961736,73.12764440961736,73.12764440961736,50.0,73.12764440961736,73.12764440961736,73.12764440961736,61.56382220480868,44.875848980843294
6ed3327a3c510398ae84,SHADOW_1H_FAST_TP2_V1,BEAT,LONG,2026-07-25T05:53:41+00:00,-85.94757969893152,30.8855700606402,-85.94757969893152,False,False,-85.94757969893152,-85.94757969893152,-85.94757969893152,-85.94757969893152,-85.94757969893152,-85.94757969893152,-50.0,-50.0,-85.94757969893152,-85.94757969893152,-85.94757969893152,-85.94757969893152,-85.94757969893152
feb86a5dd4ef2b384c48,SHADOW_1H_FAST_V2,ZEC,SHORT,2026-07-25T05:53:41+00:00,71.34956771718407,71.95343572763218,-36.73061427005142,True,False,25.0,50.0,71.34956771718407,71.34956771718407,71.34956771718407,71.34956771718407,71.34956771718407,50.0,71.34956771718407,71.34956771718407,71.34956771718407,60.674783858592036,71.34956771718407
374d3a626bbec44daf72,SHADOW_1H_FAST_V3,ZEC,SHORT,2026-07-25T05:53:41+00:00,72.09002551635085,72.7001604011797,-37.11180045904491,True,False,25.0,50.0,72.09002551635085,72.09002551635085,72.09002551635085,72.09002551635085,72.09002551635085,50.0,72.09002551635085,72.09002551635085,72.09002551635085,61.045012758175424,72.09002551635085
1e9636488e7bdedfdc9f,SHADOW_1H_FAST_V3_CAP75_V1,ZEC,SHORT,2026-07-25T05:53:41+00:00,72.26611804430273,72.86720450488484,-19.452141561829063,True,False,25.0,50.0,75.0,72.26611804430273,72.26611804430273,72.26611804430273,72.26611804430273,50.0,72.26611804430273,72.26611804430273,30.0,61.133059022151365,44.34716072108868
6e676af93047c2d003fb,SHADOW_1H_FAST_V3_LONG_NOHIGH_CAP75_LOCK_V1,BEAT,LONG,2026-07-25T05:53:41+00:00,-74.03150613542361,6.237118660423457,-74.03150613542361,False,False,-74.03150613542361,-74.03150613542361,-74.03150613542361,-74.03150613542361,-74.03150613542361,-74.03150613542361,-50.0,-50.0,-74.03150613542361,-74.03150613542361,-74.03150613542361,-74.03150613542361,-74.03150613542361
78e768b23b4d6c49d882,SHADOW_1H_FAST_V3_LONG_NOHIGH_CAP75_V1,BEAT,LONG,2026-07-25T05:53:41+00:00,-74.29741531616226,6.259521380558978,-74.29741531616226,False,False,-74.29741531616226,-74.29741531616226,-74.29741531616226,-74.29741531616226,-74.29741531616226,-74.29741531616226,-50.0,-50.0,-74.29741531616226,-74.29741531616226,-74.29741531616226,-74.29741531616226,-74.29741531616226
c6c66fa0214a035a86b7,SHADOW_1H_FAST_V3_LONG_ONLY_V1,BEAT,LONG,2026-07-25T05:53:41+00:00,-84.73402043583933,30.449473200504432,-84.73402043583933,False,False,-84.73402043583933,-84.73402043583933,-84.73402043583933,-84.73402043583933,-84.73402043583933,-84.73402043583933,-50.0,-50.0,-84.73402043583933,-84.73402043583933,-84.73402043583933,-84.73402043583933,-84.73402043583933
8612cfb91d9414bfc0dd,SHADOW_1H_FAST_V3_NOHIGH_V1,BEAT,LONG,2026-07-25T05:53:41+00:00,-86.2822106604105,31.005820893082745,-86.2822106604105,False,False,-86.2822106604105,-86.2822106604105,-86.2822106604105,-86.2822106604105,-86.2822106604105,-86.2822106604105,-50.0,-50.0,-86.2822106604105,-86.2822106604105,-86.2822106604105,-86.2822106604105,-86.2822106604105
65bf9c8ac6cd15585b2d,SHADOW_1H_FAST_V3_NO_ESPORTS_LONG_ONLY_V1,BEAT,LONG,2026-07-25T05:53:41+00:00,-86.4529840181818,31.067188909778643,-86.4529840181818,False,False,-86.4529840181818,-86.4529840181818,-86.4529840181818,-86.4529840181818,-86.4529840181818,-86.4529840181818,-50.0,-50.0,-86.4529840181818,-86.4529840181818,-86.4529840181818,-86.4529840181818,-86.4529840181818
00fe19039d256d5e9d8e,SHADOW_1H_FAST_V3_NO_ESPORTS_STRESS_GUARD_V1,ZEC,SHORT,2026-07-25T05:53:41+00:00,71.11938687563071,71.71093519305433,-19.143471639740614,True,False,25.0,50.0,75.0,71.11938687563071,71.11938687563071,71.11938687563071,71.11938687563071,50.0,71.11938687563071,71.11938687563071,30.0,60.559693437815355,43.6434523606949
c2dcd3dfe6b99530ed4e,SHADOW_1H_FAST_V3_NO_ESPORTS_V1,BEAT,LONG,2026-07-25T05:53:41+00:00,-86.51574770692604,31.089743265733336,-86.51574770692604,False,False,-86.51574770692604,-86.51574770692604,-86.51574770692604,-86.51574770692604,-86.51574770692604,-86.51574770692604,-50.0,-50.0,-86.51574770692604,-86.51574770692604,-86.51574770692604,-86.51574770692604,-86.51574770692604
2e309065d5a748860136,SHADOW_4H_WIDE,ZEC,LONG,2026-07-25T05:53:41+00:00,-52.9209520187873,73.25557531731667,-52.79801280855783,True,True,25.0,50.0,-52.9209520187873,-52.9209520187873,-52.9209520187873,-52.9209520187873,-50.0,50.0,0.0,20.0,30.0,-1.4604760093936484,54.60214273930611
4c2b20d0cb1d3430dab1,SHADOW_DONCHIAN_1H,ZEC,SHORT,2026-07-25T05:53:41+00:00,125.99820114463195,126.3661515936145,-34.35761418507989,True,False,25.0,50.0,75.0,100.0,125.99820114463195,125.99820114463195,125.99820114463195,50.0,125.99820114463195,20.0,30.0,87.99910057231597,38.44977600546149
098f4b54c81813d2d158,SHADOW_MASTER_ADAPTIVE_GB20_BE_V1,BEAT,LONG,2026-07-25T05:53:41+00:00,-73.00505879091445,23.565016038842842,-73.00505879091445,False,False,-73.00505879091445,-73.00505879091445,-73.00505879091445,-73.00505879091445,-73.00505879091445,-73.00505879091445,-50.0,-50.0,-73.00505879091445,-73.00505879091445,-73.00505879091445,-73.00505879091445,-73.00505879091445
03dbd4108ddbd9b8005b,SHADOW_MASTER_ADAPTIVE_GB20_LOSS_CAP_V1,BEAT,LONG,2026-07-25T05:53:41+00:00,-86.92929204348172,31.41961712397151,-86.92929204348172,False,False,-86.92929204348172,-86.92929204348172,-86.92929204348172,-86.92929204348172,-86.92929204348172,-86.92929204348172,-50.0,-50.0,-86.92929204348172,-86.92929204348172,-86.92929204348172,-86.92929204348172,-86.92929204348172
7faa00b3d408622c1b1e,SHADOW_MASTER_ADAPTIVE_GB20_PARTIAL_V1,BEAT,LONG,2026-07-25T05:53:41+00:00,-73.00505879091445,23.565016038842842,-73.00505879091445,False,False,-73.00505879091445,-73.00505879091445,-73.00505879091445,-73.00505879091445,-73.00505879091445,-73.00505879091445,-50.0,-50.0,-73.00505879091445,-73.00505879091445,-73.00505879091445,-73.00505879091445,-73.00505879091445
c4053bbd8e668bc4556a,SHADOW_MASTER_ADAPTIVE_GB20_V1,BANK,LONG,2026-07-25T05:53:41+00:00,18.215160417809344,30.277842912534307,-16.20606107226935,False,False,18.215160417809344,18.215160417809344,18.215160417809344,18.215160417809344,18.215160417809344,18.215160417809344,18.215160417809344,18.215160417809344,18.215160417809344,18.215160417809344,18.215160417809344,18.215160417809344,18.215160417809344
80337eba2301b622a0d7,SHADOW_1H_BALANCED_V2,ESPORTS,SHORT,2026-07-25T06:08:39+00:00,-0.7436468801908218,61.57375066435967,-19.05464031055552,True,True,25.0,50.0,-0.7436468801908218,-0.7436468801908218,-0.7436468801908218,-0.7436468801908218,-0.7436468801908218,50.0,0.0,20.0,30.0,24.62817655990459,33.865613580136134
74e7addde74ab0528fcf,SHADOW_1H_FAST,AKE,LONG,2026-07-25T06:08:39+00:00,73.77888909579187,73.87558855088992,-12.456005529313595,True,False,25.0,50.0,73.77888909579187,73.77888909579187,73.77888909579187,73.77888909579187,73.77888909579187,50.0,73.77888909579187,73.77888909579187,73.77888909579187,61.889444547895934,73.77888909579187
98a8b8aee40b5d8fc090,SHADOW_1H_FAST_LONG_BTC_1_3_CAP75_V1,AKE,LONG,2026-07-25T06:08:39+00:00,74.31443706268261,74.41183844210093,-12.546421480523474,True,False,25.0,50.0,74.31443706268261,74.31443706268261,74.31443706268261,74.31443706268261,74.31443706268261,50.0,74.31443706268261,74.31443706268261,74.31443706268261,62.15721853134131,74.31443706268261
206a8a09c31ab6955668,SHADOW_1H_FAST_NOHIGH_CAP75_V1,AKE,LONG,2026-07-25T06:08:39+00:00,75.90244177772577,76.00192450036464,-17.227530578854275,True,False,25.0,50.0,75.0,75.90244177772577,75.90244177772577,75.90244177772577,75.90244177772577,50.0,75.90244177772577,75.90244177772577,75.90244177772577,62.951220888862885,75.90244177772577
9c395f89d4647259eac0,SHADOW_1H_FAST_NO_PEPE_V1,AKE,LONG,2026-07-25T06:08:39+00:00,75.06090533319534,75.15928508292919,-12.672446865547789,True,False,25.0,50.0,75.0,75.06090533319534,75.06090533319534,75.06090533319534,75.06090533319534,50.0,75.06090533319534,75.06090533319534,75.06090533319534,62.53045266659767,75.06090533319534
b3c0dadc5bca556a1637,SHADOW_1H_FAST_SCORE_6_75_COST_AWARE_V1,AKE,LONG,2026-07-25T06:08:39+00:00,74.55244242139457,74.65015574625932,-12.586603653235143,True,False,25.0,50.0,74.55244242139457,74.55244242139457,74.55244242139457,74.55244242139457,74.55244242139457,50.0,74.55244242139457,74.55244242139457,74.55244242139457,62.27622121069729,74.55244242139457
0274bf3c4c2b8d8dca51,SHADOW_1H_FAST_SCORE_6_75_NO_TREND_UP_V1,AKE,LONG,2026-07-25T06:08:39+00:00,74.55244242139457,74.65015574625932,-12.586603653235143,True,False,25.0,50.0,74.55244242139457,74.55244242139457,74.55244242139457,74.55244242139457,74.55244242139457,50.0,74.55244242139457,74.55244242139457,74.55244242139457,62.27622121069729,74.55244242139457
408ff84d11cfc6782b5f,SHADOW_1H_FAST_SCORE_6_75_RANGE_ONLY_V1,AKE,LONG,2026-07-25T06:08:39+00:00,74.55244242139457,74.65015574625932,-12.586603653235143,True,False,25.0,50.0,74.55244242139457,74.55244242139457,74.55244242139457,74.55244242139457,74.55244242139457,50.0,74.55244242139457,74.55244242139457,74.55244242139457,62.27622121069729,74.55244242139457
6c400a4d014b6901da3b,SHADOW_1H_FAST_V3,AKE,LONG,2026-07-25T06:08:39+00:00,75.48037355838719,75.57930309071202,-12.743265206626049,True,False,25.0,50.0,75.0,75.48037355838719,75.48037355838719,75.48037355838719,75.48037355838719,50.0,75.48037355838719,75.48037355838719,75.48037355838719,62.74018677919359,75.48037355838719
324854a4a2cdb824fca0,SHADOW_1H_FAST_V3_CAP75_V1,AKE,LONG,2026-07-25T06:08:39+00:00,76.29674318892134,76.39674270887275,-17.31702492791026,True,False,25.0,50.0,75.0,76.29674318892134,76.29674318892134,76.29674318892134,76.29674318892134,50.0,76.29674318892134,76.29674318892134,76.29674318892134,63.14837159446067,76.29674318892134
286d54949219dec58b86,SHADOW_1H_FAST_V3_LONG_NOHIGH_CAP75_LOCK_V1,AKE,LONG,2026-07-25T06:08:39+00:00,73.45279734654588,73.54906940439182,-12.400951831955837,True,False,25.0,50.0,73.45279734654588,73.45279734654588,73.45279734654588,73.45279734654588,73.45279734654588,50.0,73.45279734654588,73.45279734654588,73.45279734654588,61.72639867327294,73.45279734654588
622aee0f3fd82ea3d04d,SHADOW_1H_FAST_V3_LONG_NOHIGH_CAP75_V1,AKE,LONG,2026-07-25T06:08:39+00:00,73.71662789903597,73.81324575052257,-12.445494042619265,True,False,25.0,50.0,73.71662789903597,73.71662789903597,73.71662789903597,73.71662789903597,73.71662789903597,50.0,73.71662789903597,73.71662789903597,73.71662789903597,61.858313949517985,73.71662789903597
90fbebd8e9a212905e9c,SHADOW_1H_FAST_V3_NOHIGH_RANGE_ONLY_V1,ZEC,SHORT,2026-07-25T06:08:39+00:00,70.38406121306853,71.03754820313493,-14.245852326698857,True,False,25.0,50.0,70.38406121306853,70.38406121306853,70.38406121306853,70.38406121306853,70.38406121306853,50.0,70.38406121306853,70.38406121306853,70.38406121306853,60.19203060653427,70.38406121306853
3b7f127d73cabbbd9539,SHADOW_1H_FAST_V3_NOHIGH_REGIME_GUARD_V1,ZEC,SHORT,2026-07-25T06:08:39+00:00,70.38406121306853,71.03754820313493,-14.245852326698857,True,False,25.0,50.0,70.38406121306853,70.38406121306853,70.38406121306853,70.38406121306853,70.38406121306853,50.0,70.38406121306853,70.38406121306853,70.38406121306853,60.19203060653427,70.38406121306853
06b2d6bb396bb1413c3e,SHADOW_1H_FAST_V3_NOHIGH_V1,AKE,LONG,2026-07-25T06:08:39+00:00,74.79103818325261,74.88906422738495,-12.626885503035238,True,False,25.0,50.0,74.79103818325261,74.79103818325261,74.79103818325261,74.79103818325261,74.79103818325261,50.0,74.79103818325261,74.79103818325261,74.79103818325261,62.395519091626305,74.79103818325261
9ceb38959afaeac4400a,SHADOW_1H_FAST_V3_NO_ESPORTS_LONG_ONLY_V1,AKE,LONG,2026-07-25T06:08:39+00:00,74.42766019760639,74.52520997469762,-12.565536812997856,True,False,25.0,50.0,74.42766019760639,74.42766019760639,74.42766019760639,74.42766019760639,74.42766019760639,50.0,74.42766019760639,74.42766019760639,74.42766019760639,62.21383009880319,74.42766019760639
ed9a6b4d90de4fb5481a,SHADOW_1H_FAST_V3_NO_ESPORTS_V1,AKE,LONG,2026-07-25T06:08:39+00:00,74.99385407314043,75.09214594109145,-12.661126677940912,True,False,25.0,50.0,74.99385407314043,74.99385407314043,74.99385407314043,74.99385407314043,74.99385407314043,50.0,74.99385407314043,74.99385407314043,74.99385407314043,62.49692703657021,74.99385407314043
3032e23b501be7a4dbb4,SHADOW_1H_FAST_V3_NOHIGH_V1,ZEC,SHORT,2026-07-25T06:23:41+00:00,69.67931777526556,70.33243450310678,-29.935873318029763,True,False,25.0,50.0,69.67931777526556,69.67931777526556,69.67931777526556,69.67931777526556,69.67931777526556,50.0,69.67931777526556,69.67931777526556,69.67931777526556,59.83965888763278,69.67931777526556
050fc0be86fb88f008cc,SHADOW_1H_FAST_V3_NO_ESPORTS_MFE_LOCK_V1,ZEC,SHORT,2026-07-25T06:23:41+00:00,70.71606168973065,71.33034767419709,-24.483180223308082,True,False,25.0,50.0,70.71606168973065,70.71606168973065,70.71606168973065,70.71606168973065,70.71606168973065,50.0,70.71606168973065,70.71606168973065,70.71606168973065,60.358030844865326,70.71606168973065
30560cdf7fad2170a52d,SHADOW_1H_FAST_V3_NO_ESPORTS_V1,ZEC,SHORT,2026-07-25T06:23:41+00:00,69.86815812438364,70.52304488664595,-30.017003572300677,True,False,25.0,50.0,69.86815812438364,69.86815812438364,69.86815812438364,69.86815812438364,69.86815812438364,50.0,69.86815812438364,69.86815812438364,69.86815812438364,59.93407906219182,69.86815812438364
7618247d6ae3adb2160e,MAIN_DYNAMIC_ASSET_SELECTOR_V1,AKE,LONG,2026-07-25T06:53:38+00:00,99.3367286666667,99.44000000000003,-18.80035655657052,True,False,25.0,50.0,75.0,99.3367286666667,99.3367286666667,99.3367286666667,99.3367286666667,50.0,99.3367286666667,99.3367286666667,99.3367286666667,74.66836433333336,99.3367286666667
1fe7a86091454b1f24dc,MAIN_SIDE_REGIME_GUARD_V1,AKE,LONG,2026-07-25T06:53:38+00:00,99.3367286666667,99.44000000000003,-18.80035655657052,True,False,25.0,50.0,75.0,99.3367286666667,99.3367286666667,99.3367286666667,99.3367286666667,50.0,99.3367286666667,99.3367286666667,99.3367286666667,74.66836433333336,99.3367286666667
9d0bca193cecfecace83,SHADOW_1H_BALANCED_LONG_NO_RHV_V1,AKE,LONG,2026-07-25T06:53:38+00:00,99.26096279547434,99.36351144382586,-12.570282215684154,True,False,25.0,50.0,75.0,99.26096279547434,99.26096279547434,99.26096279547434,99.26096279547434,50.0,99.26096279547434,99.26096279547434,99.26096279547434,74.63048139773717,99.26096279547434
6c0ca5ef8202e3977d44,SHADOW_1H_FAST_NOHIGH_CAP75_V1,BANK,LONG,2026-07-25T06:53:38+00:00,74.54218267264797,74.66661498011916,-6.112722666552231,True,False,25.0,50.0,74.54218267264797,74.54218267264797,74.54218267264797,74.54218267264797,74.54218267264797,50.0,74.54218267264797,74.54218267264797,74.54218267264797,62.271091336323984,74.54218267264797
359a727a7477012c80b1,SHADOW_1H_FAST_SCORE_6_75_COST_AWARE_V1,BANK,LONG,2026-07-25T06:53:38+00:00,73.46400051976447,73.59238052119012,-9.555674784528893,True,False,25.0,50.0,73.46400051976447,73.46400051976447,73.46400051976447,73.46400051976447,73.46400051976447,50.0,73.46400051976447,73.46400051976447,73.46400051976447,61.732000259882234,73.46400051976447
563d0d19284443e02466,SHADOW_1H_FAST_SCORE_6_75_COST_AWARE_V1,PEPE,SHORT,2026-07-25T06:53:38+00:00,68.64912583218701,70.87062149388493,-18.655439360778104,True,False,25.0,50.0,68.64912583218701,68.64912583218701,68.64912583218701,68.64912583218701,68.64912583218701,50.0,68.64912583218701,68.64912583218701,68.64912583218701,59.324562916093505,68.64912583218701
b0a18c564d38e0db4f41,SHADOW_1H_FAST_SCORE_6_75_NO_TREND_UP_V1,PEPE,SHORT,2026-07-25T06:53:38+00:00,68.64912583218701,70.87062149388493,-18.655439360778104,True,False,25.0,50.0,68.64912583218701,68.64912583218701,68.64912583218701,68.64912583218701,68.64912583218701,50.0,68.64912583218701,68.64912583218701,68.64912583218701,59.324562916093505,68.64912583218701
e7883e195c857496ee6b,SHADOW_1H_FAST_SCORE_6_75_NO_TREND_UP_V1,BANK,LONG,2026-07-25T06:53:38+00:00,73.46400051976447,73.59238052119012,-9.555674784528893,True,False,25.0,50.0,73.46400051976447,73.46400051976447,73.46400051976447,73.46400051976447,73.46400051976447,50.0,73.46400051976447,73.46400051976447,73.46400051976447,61.732000259882234,73.46400051976447
44491ea722e196c62fbb,SHADOW_1H_FAST_SCORE_6_75_RANGE_ONLY_V1,BANK,LONG,2026-07-25T06:53:38+00:00,73.46400051976447,73.59238052119012,-9.555674784528893,True,False,25.0,50.0,73.46400051976447,73.46400051976447,73.46400051976447,73.46400051976447,73.46400051976447,50.0,73.46400051976447,73.46400051976447,73.46400051976447,61.732000259882234,73.46400051976447
da7f59ba57992db194e5,SHADOW_1H_FAST_SCORE_6_75_RANGE_ONLY_V1,PEPE,SHORT,2026-07-25T06:53:38+00:00,68.64912583218701,70.87062149388493,-18.655439360778104,True,False,25.0,50.0,68.64912583218701,68.64912583218701,68.64912583218701,68.64912583218701,68.64912583218701,50.0,68.64912583218701,68.64912583218701,68.64912583218701,59.324562916093505,68.64912583218701
a3fe3a9a4e0bcc9f6d0e,SHADOW_1H_FAST_TP2_V1,AKE,LONG,2026-07-25T06:53:38+00:00,99.32266112757537,99.42527351780873,-12.578095614072652,True,False,25.0,50.0,75.0,99.32266112757537,99.32266112757537,99.32266112757537,99.32266112757537,50.0,99.32266112757537,99.32266112757537,99.32266112757537,74.66133056378769,99.32266112757537
f5e3d048ada63543a28a,SHADOW_1H_FAST_V3_CAP75_V1,BANK,LONG,2026-07-25T06:53:38+00:00,74.92953606006918,75.05461497157151,-6.144487014554404,True,False,25.0,50.0,74.92953606006918,74.92953606006918,74.92953606006918,74.92953606006918,74.92953606006918,50.0,74.92953606006918,74.92953606006918,74.92953606006918,62.46476803003459,74.92953606006918
9505654d707f6031cad8,SHADOW_1H_FAST_V3_LONG_NOHIGH_CAP75_V1,BANK,LONG,2026-07-25T06:53:38+00:00,71.93628738542563,72.05636970538654,-5.899030034840355,True,False,25.0,50.0,71.93628738542563,71.93628738542563,71.93628738542563,71.93628738542563,71.93628738542563,50.0,71.93628738542563,71.93628738542563,71.93628738542563,60.968143692712815,71.93628738542563
b89637b2be08806f8775,SHADOW_1H_FAST_V3_LONG_ONLY_V1,AKE,LONG,2026-07-25T06:53:38+00:00,72.63935259376977,72.73535714326972,-30.184954279728032,True,False,25.0,50.0,72.63935259376977,72.63935259376977,72.63935259376977,72.63935259376977,72.63935259376977,50.0,72.63935259376977,72.63935259376977,72.63935259376977,61.319676296884886,72.63935259376977
aa732fbe8fdc67db5f40,SHADOW_1H_FAST_V3_NOHIGH_RANGE_ONLY_V1,AKE,LONG,2026-07-25T06:53:38+00:00,74.35672566666666,74.45499999999996,-27.956257092954647,True,False,25.0,50.0,74.35672566666666,74.35672566666666,74.35672566666666,74.35672566666666,74.35672566666666,50.0,74.35672566666666,74.35672566666666,74.35672566666666,62.17836283333333,74.35672566666666
e60fb6fc302f60aa7fcf,SHADOW_1H_FAST_V3_NOHIGH_REGIME_GUARD_V1,AKE,LONG,2026-07-25T06:53:38+00:00,74.35672566666666,74.45499999999996,-27.956257092954647,True,False,25.0,50.0,74.35672566666666,74.35672566666666,74.35672566666666,74.35672566666666,74.35672566666666,50.0,74.35672566666666,74.35672566666666,74.35672566666666,62.17836283333333,74.35672566666666
77ad16baa77fb8ece316,SHADOW_1H_FAST_V3_NO_ESPORTS_LONG_ONLY_V1,BANK,LONG,2026-07-25T06:53:38+00:00,73.46131647638576,73.58969178738492,-9.555325663252445,True,False,25.0,50.0,73.46131647638576,73.46131647638576,73.46131647638576,73.46131647638576,73.46131647638576,50.0,73.46131647638576,73.46131647638576,73.46131647638576,61.73065823819288,73.46131647638576
95cd28cc96840de4115d,SHADOW_1H_FAST_V3_NO_ESPORTS_MFE_LOCK_V1,PEPE,SHORT,2026-07-25T06:53:38+00:00,68.58792623451815,70.80744146836545,-18.638808334972968,True,False,25.0,50.0,68.58792623451815,68.58792623451815,68.58792623451815,68.58792623451815,68.58792623451815,50.0,68.58792623451815,68.58792623451815,68.58792623451815,59.293963117259075,68.58792623451815
053607f9dce385081960,SHADOW_1H_FAST_V3_NO_ESPORTS_STRESS_GUARD_V1,PEPE,SHORT,2026-07-25T06:53:38+00:00,68.6522413094514,70.87383778844514,-18.6562859935135,True,False,25.0,50.0,68.6522413094514,68.6522413094514,68.6522413094514,68.6522413094514,68.6522413094514,50.0,68.6522413094514,68.6522413094514,68.6522413094514,59.3261206547257,68.6522413094514
6fe94df7bd8678b729b3,SHADOW_MASTER_ADAPTIVE_STRICT3_V1,AKE,LONG,2026-07-25T06:53:38+00:00,95.57280905625612,95.67154739317989,-12.103219112011363,True,False,25.0,50.0,75.0,95.57280905625612,95.57280905625612,95.57280905625612,95.57280905625612,50.0,95.57280905625612,95.57280905625612,95.57280905625612,72.78640452812806,95.57280905625612
318797dd61c5f3331d55,SHADOW_1H_BALANCED_V3,ESPORTS,SHORT,2026-07-25T07:08:39+00:00,-0.764279856310087,56.359321613255275,-27.37262480851658,True,True,25.0,-0.764279856310087,-0.764279856310087,-0.764279856310087,-0.764279856310087,-0.764279856310087,-0.764279856310087,-0.764279856310087,-0.764279856310087,-0.764279856310087,-0.764279856310087,24.617860071844955,-0.764279856310087
26c575c3b670a615a5c1,SHADOW_1H_FAST_LONG_BTC_1_3_CAP75_V1,ONDO,LONG,2026-07-25T07:08:39+00:00,-4.227696670680703,33.03593879389004,-7.184216323298217,False,False,-4.227696670680703,-4.227696670680703,-4.227696670680703,-4.227696670680703,-4.227696670680703,-4.227696670680703,-4.227696670680703,-4.227696670680703,-4.227696670680703,-4.227696670680703,-4.227696670680703,-4.227696670680703,-4.227696670680703
e04279843abc7e74d635,SHADOW_SCANNER_TOP5_BTC_GUARD_BTC_LE3_MFE_V1,AKE,LONG,2026-07-25T07:38:36+00:00,54.033259449282845,90.53309128923688,-7.359568913337313,True,False,25.0,50.0,54.033259449282845,54.033259449282845,54.033259449282845,54.033259449282845,54.033259449282845,50.0,54.033259449282845,54.033259449282845,54.033259449282845,52.01662972464142,54.033259449282845
4ef7e64f1f6a5280d119,SHADOW_SCANNER_TOP5_BTC_GUARD_MFE_V1,AKE,LONG,2026-07-25T07:38:36+00:00,53.41978619423089,89.50521270539436,-7.276011142751917,True,False,25.0,50.0,53.41978619423089,53.41978619423089,53.41978619423089,53.41978619423089,53.41978619423089,50.0,53.41978619423089,53.41978619423089,53.41978619423089,51.70989309711544,53.41978619423089
a9ac25408f6d0095b431,SHADOW_1H_BALANCED_V2,ZEC,SHORT,2026-07-25T08:08:35+00:00,97.60491226912191,98.06646044574697,-14.322125819709449,True,False,25.0,50.0,75.0,97.60491226912191,97.60491226912191,97.60491226912191,97.60491226912191,50.0,97.60491226912191,97.60491226912191,97.60491226912191,73.80245613456096,97.60491226912191
2d0efe5dbb9f2fc282e4,SHADOW_1H_BALANCED_V3,ZEC,SHORT,2026-07-25T08:08:35+00:00,99.6691546223275,100.14046406272588,-14.625023881063846,True,False,25.0,50.0,75.0,99.6691546223275,99.6691546223275,99.6691546223275,99.6691546223275,50.0,99.6691546223275,99.6691546223275,99.6691546223275,74.83457731116374,99.6691546223275
bb7965504cc3ba5c5d3a,SHADOW_RSI_LONG_15X_10_RSI20,ZEC,LONG,2026-07-25T08:08:35+00:00,-0.8278174101995918,0.4004948046712309,-0.7979590019999893,False,False,-0.8278174101995918,-0.8278174101995918,-0.8278174101995918,-0.8278174101995918,-0.8278174101995918,-0.8278174101995918,-0.8278174101995918,-0.8278174101995918,-0.8278174101995918,-0.8278174101995918,-0.8278174101995918,-0.8278174101995918,-0.8278174101995918
a25b376a263592db40c6,SHADOW_RSI_LONG_15X_50_RSI20,ZEC,LONG,2026-07-25T08:08:35+00:00,-4.13908705099796,2.0024740233561547,-3.9897950099999466,False,False,-4.13908705099796,-4.13908705099796,-4.13908705099796,-4.13908705099796,-4.13908705099796,-4.13908705099796,-4.13908705099796,-4.13908705099796,-4.13908705099796,-4.13908705099796,-4.13908705099796,-4.13908705099796,-4.13908705099796
be02ccc7bbce9bad1a99,SHADOW_RSI_LONG_5X_RSI20,ZEC,LONG,2026-07-25T08:08:35+00:00,-13.383920623829392,6.475088117177235,-12.901178221490904,False,False,-13.383920623829392,-13.383920623829392,-13.383920623829392,-13.383920623829392,-13.383920623829392,-13.383920623829392,-13.383920623829392,-13.383920623829392,-13.383920623829392,-13.383920623829392,-13.383920623829392,-13.383920623829392,-13.383920623829392
76f33b227ef9a080dea5,SHADOW_SCANNER_BOTTOM5_SHORT,ZEC,SHORT,2026-07-25T08:08:35+00:00,94.83179027771263,95.28022508361751,-13.915209803383782,True,False,25.0,50.0,75.0,94.83179027771263,94.83179027771263,94.83179027771263,94.83179027771263,50.0,94.83179027771263,94.83179027771263,94.83179027771263,72.41589513885631,94.83179027771263
5a2e752cebd968a7e04a,SHADOW_SCANNER_BOTTOM5_SHORT,ESPORTS,SHORT,2026-07-25T08:23:36+00:00,-0.7467935811108282,59.105744708042664,-21.791920411542044,True,True,25.0,50.0,-0.7467935811108282,-0.7467935811108282,-0.7467935811108282,-0.7467935811108282,-0.7467935811108282,50.0,0.0,20.0,30.0,24.626603209444585,31.30320586026175
c3fc36753e97194a9451,SHADOW_RELATIVE_STRENGTH_V2,AKE,LONG,2026-07-25T08:38:37+00:00,110.15574561482642,110.26123034460153,-18.315805263623794,True,False,25.0,50.0,75.0,100.0,110.15574561482642,110.15574561482642,110.15574561482642,50.0,110.15574561482642,110.15574561482642,110.15574561482642,80.0778728074132,110.15574561482642
753cb4f9bbc1d65f01fb,SHADOW_COMBO_ADAPTIVE_SIDE_REGIME_GUARD_V1,AKE,LONG,2026-07-25T08:47:01+00:00,99.45536267885974,99.55862999802842,-27.955170431108385,True,False,25.0,50.0,75.0,99.45536267885974,99.45536267885974,99.45536267885974,99.45536267885974,50.0,99.45536267885974,99.45536267885974,99.45536267885974,74.72768133942986,99.45536267885974
4912553fa28c8ae61a8e,SHADOW_COMBO_TREND_SIDE_REGIME_GUARD_V1,AKE,LONG,2026-07-25T08:47:01+00:00,109.32872986666666,109.43400000000001,-28.410645133791693,True,False,25.0,50.0,75.0,100.0,109.32872986666666,109.32872986666666,109.32872986666666,50.0,109.32872986666666,109.32872986666666,109.32872986666666,79.66436493333333,109.32872986666666
876458173edb78735d52,SHADOW_MASTER_ADAPTIVE_GB20_BE_V1,AKE,LONG,2026-07-25T08:47:01+00:00,99.45536267923544,99.55862999840451,-27.955170431213986,True,False,25.0,50.0,75.0,99.45536267923544,99.45536267923544,99.45536267923544,99.45536267923544,50.0,99.45536267923544,99.45536267923544,99.45536267923544,74.72768133961772,99.45536267923544
0cf97c9da0b707713ddb,SHADOW_MASTER_ADAPTIVE_GB20_PARTIAL_V1,AKE,LONG,2026-07-25T08:47:01+00:00,68.47284083801429,99.49738237919645,-27.955170431213986,True,False,25.0,50.0,68.47284083801429,68.47284083801429,68.47284083801429,68.47284083801429,68.47284083801429,50.0,68.47284083801429,68.47284083801429,68.47284083801429,59.236420419007146,68.47284083801429
c23dd5cdb1f20b689118,SHADOW_1H_FAST_V3_NO_ESPORTS_MFE_LOCK_V1,AKE,LONG,2026-07-25T09:08:36+00:00,-4.110724868134696,41.10770855813005,-15.31587600427419,False,False,25.0,-4.110724868134696,-4.110724868134696,-4.110724868134696,-4.110724868134696,-4.110724868134696,-4.110724868134696,-4.110724868134696,-4.110724868134696,-4.110724868134696,-4.110724868134696,-4.110724868134696,-4.110724868134696
442e61c70bb914fe4a29,SHADOW_MASTER_ADAPTIVE_GB20_V1,AKE,LONG,2026-07-25T12:48:03+00:00,9.054123709773654,24.276775366025195,-8.790330416766189,False,False,9.054123709773654,9.054123709773654,9.054123709773654,9.054123709773654,9.054123709773654,9.054123709773654,9.054123709773654,9.054123709773654,9.054123709773654,9.054123709773654,9.054123709773654,9.054123709773654,9.054123709773654
c8baed969bae952bfb7a,SHADOW_SCANNER_BOTTOM10_SHORT,WLD,SHORT,2026-07-25T12:48:03+00:00,-53.49768925249397,-1.1456612852410184,-52.321322570482,False,False,-53.49768925249397,-53.49768925249397,-53.49768925249397,-53.49768925249397,-53.49768925249397,-53.49768925249397,-50.0,-50.0,-53.49768925249397,-53.49768925249397,-53.49768925249397,-53.49768925249397,-53.49768925249397
bcaffa3089cdedb1a985,SHADOW_SCANNER_BOTTOM15_SHORT,WLD,SHORT,2026-07-25T12:48:03+00:00,-53.49768925249397,-1.1456612852410184,-52.321322570482,False,False,-53.49768925249397,-53.49768925249397,-53.49768925249397,-53.49768925249397,-53.49768925249397,-53.49768925249397,-50.0,-50.0,-53.49768925249397,-53.49768925249397,-53.49768925249397,-53.49768925249397,-53.49768925249397
2dad18fecf62aa3fe303,SHADOW_SCANNER_BOTTOM20_SHORT,WLD,SHORT,2026-07-25T12:48:03+00:00,-53.49768925249397,-1.1456612852410184,-52.321322570482,False,False,-53.49768925249397,-53.49768925249397,-53.49768925249397,-53.49768925249397,-53.49768925249397,-53.49768925249397,-50.0,-50.0,-53.49768925249397,-53.49768925249397,-53.49768925249397,-53.49768925249397,-53.49768925249397
f704c3187a2797d373fd,SHADOW_SCANNER_BOTTOM5_SHORT,WLD,SHORT,2026-07-25T12:48:03+00:00,-53.081579201226134,-1.1367502241690677,-51.91436240974592,False,False,-53.081579201226134,-53.081579201226134,-53.081579201226134,-53.081579201226134,-53.081579201226134,-53.081579201226134,-50.0,-50.0,-53.081579201226134,-53.081579201226134,-53.081579201226134,-53.081579201226134,-53.081579201226134
af52a3a4e51aae632ff0,SHADOW_1H_FAST,BANK,LONG,2026-07-25T13:08:37+00:00,72.75394890024538,72.8981440035326,-10.860871099391218,True,False,25.0,50.0,72.75394890024538,72.75394890024538,72.75394890024538,72.75394890024538,72.75394890024538,50.0,72.75394890024538,72.75394890024538,30.0,61.37697445012269,34.39108935632594
47eaa2308894c8e95ebd,SHADOW_1H_FAST_NO_PEPE_V1,BANK,LONG,2026-07-25T13:08:37+00:00,74.01858795448236,74.16528951634403,-11.049659226536816,True,False,25.0,50.0,74.01858795448236,74.01858795448236,74.01858795448236,74.01858795448236,74.01858795448236,50.0,74.01858795448236,74.01858795448236,30.0,62.00929397724118,34.98888941220191
0137f975ec7575464d5f,SHADOW_1H_FAST_SCORE_6_75_V1,BANK,LONG,2026-07-25T13:08:37+00:00,76.03718746303021,76.18641298532538,-13.335764311140691,True,False,25.0,50.0,75.0,76.03718746303021,76.03718746303021,76.03718746303021,76.03718746303021,50.0,76.03718746303021,76.03718746303021,76.03718746303021,63.018593731515104,38.38118468036452
6b01fb764ec36f43c0ab,SHADOW_1H_FAST_V3,BANK,LONG,2026-07-25T13:08:37+00:00,74.4321691395827,74.57969040102914,-11.111399544532027,True,False,25.0,50.0,74.4321691395827,74.4321691395827,74.4321691395827,74.4321691395827,74.4321691395827,50.0,74.4321691395827,74.4321691395827,30.0,62.21608456979135,35.184390930784545
8f40bd2f18a5a0e9db2b,SHADOW_1H_FAST_V3_LONG_NOHIGH_CAP75_LOCK_V1,BANK,LONG,2026-07-25T13:08:37+00:00,72.53080787167063,72.6731520068006,-12.72079874789573,True,False,25.0,50.0,72.53080787167063,72.53080787167063,72.53080787167063,72.53080787167063,72.53080787167063,50.0,72.53080787167063,72.53080787167063,72.53080787167063,61.265403935835316,36.61127436219466
05e52988ee7e0a28e93b,SHADOW_1H_FAST_V3_LONG_ONLY_V1,BANK,LONG,2026-07-25T13:08:37+00:00,72.1781490905111,72.31980112099377,-12.658947770174017,True,False,25.0,50.0,72.1781490905111,72.1781490905111,72.1781490905111,72.1781490905111,72.1781490905111,50.0,72.1781490905111,72.1781490905111,72.1781490905111,61.08907454525555,36.433263282873554
21cfde8572801f4aef6c,SHADOW_1H_FAST_V3_NOHIGH_RANGE_ONLY_V1,BANK,LONG,2026-07-25T13:08:37+00:00,73.88810882005156,74.03311670366686,-12.958848656773492,True,False,25.0,50.0,73.88810882005156,73.88810882005156,73.88810882005156,73.88810882005156,73.88810882005156,50.0,73.88810882005156,73.88810882005156,73.88810882005156,61.94405441002578,37.296397261985916
2794e0ec21221a547229,SHADOW_1H_FAST_V3_NOHIGH_REGIME_GUARD_V1,BANK,LONG,2026-07-25T13:08:37+00:00,73.88810882005156,74.03311670366686,-12.958848656773492,True,False,25.0,50.0,73.88810882005156,73.88810882005156,73.88810882005156,73.88810882005156,73.88810882005156,50.0,73.88810882005156,73.88810882005156,73.88810882005156,61.94405441002578,37.296397261985916
103ff9d9ed472c9d76bf,SHADOW_1H_FAST_V3_NOHIGH_V1,BANK,LONG,2026-07-25T13:08:37+00:00,71.28126199833997,71.42253830143643,-10.641025127411238,True,False,25.0,50.0,71.28126199833997,71.28126199833997,71.28126199833997,71.28126199833997,71.28126199833997,50.0,71.28126199833997,71.28126199833997,30.0,60.640630999169986,33.69494423151954
3fbf59ef837befeff9f6,SHADOW_1H_FAST_V3_NO_ESPORTS_V1,BANK,LONG,2026-07-25T13:08:37+00:00,71.47458076190483,71.6162402142255,-10.669884181853089,True,False,25.0,50.0,71.47458076190483,71.47458076190483,71.47458076190483,71.47458076190483,71.47458076190483,50.0,71.47458076190483,71.47458076190483,30.0,60.737290380952416,33.78632680212242
542906a0d675168d9c52,SHADOW_1H_FAST_V3_NO_ESPORTS_MFE_LOCK_V1,BANK,LONG,2026-07-25T13:23:36+00:00,35.98749314452735,65.75391585073415,-21.621271770501494,True,False,25.0,50.0,35.98749314452735,35.98749314452735,35.98749314452735,35.98749314452735,35.98749314452735,50.0,35.98749314452735,35.98749314452735,35.98749314452735,42.993746572263674,39.873426785726835
eb7a82236ef0fcb5c74c,SHADOW_MASTER_ADAPTIVE_GB20_V1,BANK,LONG,2026-07-25T13:23:36+00:00,-0.41542688118592025,23.85139592123338,-20.173627109770578,False,False,-0.41542688118592025,-0.41542688118592025,-0.41542688118592025,-0.41542688118592025,-0.41542688118592025,-0.41542688118592025,-0.41542688118592025,-0.41542688118592025,-0.41542688118592025,-0.41542688118592025,-0.41542688118592025,-0.41542688118592025,-0.41542688118592025
4a1b56c6d178bff59d65,SHADOW_1H_BALANCED_V2,PEPE,SHORT,2026-07-25T13:38:37+00:00,2.2858034026716307,62.97069838405192,-13.285885509907398,True,False,25.0,50.0,2.2858034026716307,2.2858034026716307,2.2858034026716307,2.2858034026716307,2.2858034026716307,50.0,2.2858034026716307,20.0,30.0,26.142901701335816,35.064087111031355
7ea024c3377e3f0b2ac2,SHADOW_1H_FAST_NOHIGH_CAP75_V1,PEPE,SHORT,2026-07-25T13:38:37+00:00,-60.03510704437816,20.98754882195541,-57.234515091677,False,False,-60.03510704437816,-60.03510704437816,-60.03510704437816,-60.03510704437816,-60.03510704437816,-60.03510704437816,-50.0,-50.0,-60.03510704437816,-60.03510704437816,-60.03510704437816,-60.03510704437816,-60.03510704437816
232904a2e52f760134c8,SHADOW_1H_FAST_SCORE_6_75_NO_TREND_UP_V1,PEPE,SHORT,2026-07-25T13:38:37+00:00,-59.757355838757704,20.89045035282122,-56.96972076794798,False,False,-59.757355838757704,-59.757355838757704,-59.757355838757704,-59.757355838757704,-59.757355838757704,-59.757355838757704,-50.0,-50.0,-59.757355838757704,-59.757355838757704,-59.757355838757704,-59.757355838757704,-59.757355838757704
90a508e349226b286d92,SHADOW_1H_FAST_SCORE_6_75_RANGE_ONLY_V1,PEPE,SHORT,2026-07-25T13:38:37+00:00,-59.757355838757704,20.89045035282122,-56.96972076794798,False,False,-59.757355838757704,-59.757355838757704,-59.757355838757704,-59.757355838757704,-59.757355838757704,-59.757355838757704,-50.0,-50.0,-59.757355838757704,-59.757355838757704,-59.757355838757704,-59.757355838757704,-59.757355838757704
346c364fc979b3609f80,SHADOW_1H_FAST_V3_CAP75_V1,PEPE,SHORT,2026-07-25T13:38:37+00:00,-60.34698219325092,21.096576609787675,-57.53184150273316,False,False,-60.34698219325092,-60.34698219325092,-60.34698219325092,-60.34698219325092,-60.34698219325092,-60.34698219325092,-50.0,-50.0,-60.34698219325092,-60.34698219325092,-60.34698219325092,-60.34698219325092,-60.34698219325092
cdca4a169ce67163777e,SHADOW_1H_FAST_V2,BANK,LONG,2026-07-25T14:31:05+00:00,73.73722311107711,73.87868434024034,-21.541281509191492,True,False,25.0,50.0,73.73722311107711,73.73722311107711,73.73722311107711,73.73722311107711,73.73722311107711,50.0,73.73722311107711,73.73722311107711,73.73722311107711,61.86861155553856,39.725910679284524
26308040a504794299b2,SHADOW_COMBO_ADAPTIVE,DOGE,SHORT,2026-07-25T14:31:05+00:00,-57.02134696410899,23.402552047672984,-54.90725550182593,False,False,-57.02134696410899,-57.02134696410899,-57.02134696410899,-57.02134696410899,-57.02134696410899,-57.02134696410899,-50.0,-50.0,-57.02134696410899,-57.02134696410899,-57.02134696410899,-57.02134696410899,-57.02134696410899
750182482ee1156ae092,SHADOW_COMBO_ADAPTIVE_PARTIAL_1R_V1,DOGE,SHORT,2026-07-25T14:31:05+00:00,-54.776262302694526,22.481130274293008,-52.74540833947978,False,False,-54.776262302694526,-54.776262302694526,-54.776262302694526,-54.776262302694526,-54.776262302694526,-54.776262302694526,-50.0,-50.0,-54.776262302694526,-54.776262302694526,-54.776262302694526,-54.776262302694526,-54.776262302694526
672d61f733ece3674967,SHADOW_COMBO_ADAPTIVE_QUALITY7_V1,DOGE,SHORT,2026-07-25T14:31:05+00:00,-55.556242978417615,22.80124790271869,-53.49647088935905,False,False,-55.556242978417615,-55.556242978417615,-55.556242978417615,-55.556242978417615,-55.556242978417615,-55.556242978417615,-50.0,-50.0,-55.556242978417615,-55.556242978417615,-55.556242978417615,-55.556242978417615,-55.556242978417615
d96a0edc13376f5a7267,SHADOW_COMBO_ADAPTIVE_RUNNER25_V1,DOGE,SHORT,2026-07-25T14:31:05+00:00,-55.495676042896946,22.776390179491237,-53.43814949955237,False,False,-55.495676042896946,-55.495676042896946,-55.495676042896946,-55.495676042896946,-55.495676042896946,-55.495676042896946,-50.0,-50.0,-55.495676042896946,-55.495676042896946,-55.495676042896946,-55.495676042896946,-55.495676042896946
75b20bdf08639bd87767,SHADOW_COMBO_ADAPTIVE_TP3_V1,DOGE,SHORT,2026-07-25T14:31:05+00:00,-55.49571267608462,22.776405214388287,-53.43818477454853,False,False,-55.49571267608462,-55.49571267608462,-55.49571267608462,-55.49571267608462,-55.49571267608462,-55.49571267608462,-50.0,-50.0,-55.49571267608462,-55.49571267608462,-55.49571267608462,-55.49571267608462,-55.49571267608462
60bcf2e99c385fc74c82,SHADOW_COMBO_SCANNER,DOGE,SHORT,2026-07-25T14:31:05+00:00,-56.223684440748144,23.075177481597223,-54.13916666656967,False,False,-56.223684440748144,-56.223684440748144,-56.223684440748144,-56.223684440748144,-56.223684440748144,-56.223684440748144,-50.0,-50.0,-56.223684440748144,-56.223684440748144,-56.223684440748144,-56.223684440748144,-56.223684440748144
b4a8b628e255baeade32,SHADOW_DOGE_EMA_1H,DOGE,SHORT,2026-07-25T14:31:05+00:00,-56.37860841304483,23.1387609730112,-54.2883467646057,False,False,-56.37860841304483,-56.37860841304483,-56.37860841304483,-56.37860841304483,-56.37860841304483,-56.37860841304483,-50.0,-50.0,-56.37860841304483,-56.37860841304483,-56.37860841304483,-56.37860841304483,-56.37860841304483
7f8bf1a33a7be42e3eab,SHADOW_1H_FAST_TP2_V1,BANK,LONG,2026-07-25T14:53:38+00:00,95.00813653059684,95.15366811130578,-10.599887086131591,True,False,25.0,50.0,75.0,95.00813653059684,95.00813653059684,95.00813653059684,95.00813653059684,50.0,95.00813653059684,95.00813653059684,30.0,72.50406826529843,33.56468008966155
df49bd38fc3b1282d84e,SHADOW_EMA_TREND_1H,DOGE,SHORT,2026-07-25T14:53:38+00:00,-55.06548555417055,20.543050604491484,-53.206704772773946,False,False,-55.06548555417055,-55.06548555417055,-55.06548555417055,-55.06548555417055,-55.06548555417055,-55.06548555417055,-50.0,-50.0,-55.06548555417055,-55.06548555417055,-55.06548555417055,-55.06548555417055,-55.06548555417055
63a39fe153b0fb2c1f19,SHADOW_MASTER_ADAPTIVE_GB20_V1,BANK,LONG,2026-07-25T14:53:38+00:00,6.316647637489759,24.386481550413617,-0.7024288472204554,False,False,25.0,6.316647637489759,6.316647637489759,6.316647637489759,6.316647637489759,6.316647637489759,6.316647637489759,6.316647637489759,6.316647637489759,6.316647637489759,6.316647637489759,6.316647637489759,6.316647637489759
00a303b767116233c5d9,MAIN_DYNAMIC_ASSET_SELECTOR_V1,BANK,LONG,2026-07-25T15:08:37+00:00,99.30300195507745,99.40626984620503,-3.6353805587666512,True,False,25.0,50.0,75.0,99.30300195507745,99.30300195507745,99.30300195507745,99.30300195507745,50.0,99.30300195507745,99.30300195507745,99.30300195507745,74.65150097753872,99.30300195507745
f103c2145fc3cef6380a,MAIN_SIDE_REGIME_GUARD_V1,BANK,LONG,2026-07-25T15:08:37+00:00,99.30300195507745,99.40626984620503,-3.6353805587666512,True,False,25.0,50.0,75.0,99.30300195507745,99.30300195507745,99.30300195507745,99.30300195507745,50.0,99.30300195507745,99.30300195507745,99.30300195507745,74.65150097753872,99.30300195507745
9db79dddadbda01d10c1,SHADOW_1H_BALANCED,BANK,LONG,2026-07-25T15:08:37+00:00,104.028363994441,104.1529046030628,-17.659616953544774,True,False,25.0,50.0,75.0,100.0,104.028363994441,104.028363994441,104.028363994441,50.0,104.028363994441,104.028363994441,104.028363994441,77.0141819972205,104.028363994441
4586d2f1d73fd63ec290,SHADOW_1H_BALANCED_LONG_NO_RHV_V1,BANK,LONG,2026-07-25T15:08:37+00:00,98.66238223619885,98.77055807483919,-7.538274624997247,True,False,25.0,50.0,75.0,98.66238223619885,98.66238223619885,98.66238223619885,98.66238223619885,50.0,98.66238223619885,98.66238223619885,98.66238223619885,74.33119111809943,36.660990470045064
77a3cdee98dc9e044bae,SHADOW_1H_BALANCED_V2,BANK,LONG,2026-07-25T15:08:37+00:00,99.29706132155331,99.4018461791195,-17.86403654031838,True,False,25.0,50.0,75.0,99.29706132155331,99.29706132155331,99.29706132155331,99.29706132155331,50.0,99.29706132155331,99.29706132155331,99.29706132155331,74.64853066077666,99.29706132155331
18d05a8a7b35dae94e83,SHADOW_1H_BALANCED_V3,BANK,LONG,2026-07-25T15:08:37+00:00,102.39465780177262,102.50699110270718,-9.813645854398024,True,False,25.0,50.0,75.0,100.0,102.39465780177262,102.39465780177262,102.39465780177262,50.0,102.39465780177262,102.39465780177262,102.39465780177262,76.1973289008863,35.90995276464381
30c36132b40a7b1e9bd4,SHADOW_1H_FAST_NO_PEPE_V1,BANK,LONG,2026-07-25T15:08:37+00:00,2.9846217337559455,2.9917888356520246,-0.559095631642905,False,False,2.9846217337559455,2.9846217337559455,2.9846217337559455,2.9846217337559455,2.9846217337559455,2.9846217337559455,2.9846217337559455,2.9846217337559455,2.9846217337559455,2.9846217337559455,2.9846217337559455,2.9846217337559455,2.9846217337559455
ced5cc17159fb8cbd86b,SHADOW_1H_FAST_V3,BANK,LONG,2026-07-25T15:08:37+00:00,3.0012984220655894,3.00850557041816,-0.56221959990955,False,False,3.0012984220655894,3.0012984220655894,3.0012984220655894,3.0012984220655894,3.0012984220655894,3.0012984220655894,3.0012984220655894,3.0012984220655894,3.0012984220655894,3.0012984220655894,3.0012984220655894,3.0012984220655894,3.0012984220655894
0b4c2221b903f3cf68ae,SHADOW_1H_FAST_V3_LONG_ONLY_V1,BANK,LONG,2026-07-25T15:08:37+00:00,72.61631182551305,72.78408626294627,-7.93226725251085,True,False,25.0,50.0,72.61631182551305,72.61631182551305,72.61631182551305,72.61631182551305,72.61631182551305,50.0,72.61631182551305,72.61631182551305,72.61631182551305,61.308155912756526,72.61631182551305
2ad5408b0858b5f184f0,SHADOW_1H_FAST_V3_NOHIGH_REGIME_GUARD_V1,BANK,LONG,2026-07-25T15:08:37+00:00,75.30625040730352,75.48023974220186,-8.226103598466738,True,False,25.0,50.0,75.0,75.30625040730352,75.30625040730352,75.30625040730352,75.30625040730352,50.0,75.30625040730352,75.30625040730352,75.30625040730352,62.65312520365176,75.30625040730352
76aa1393c875d0c09048,SHADOW_1H_FAST_V3_NOHIGH_V1,BANK,LONG,2026-07-25T15:08:37+00:00,2.7984654032546676,2.8051854798630154,-0.5242238118713053,False,False,2.7984654032546676,2.7984654032546676,2.7984654032546676,2.7984654032546676,2.7984654032546676,2.7984654032546676,2.7984654032546676,2.7984654032546676,2.7984654032546676,2.7984654032546676,2.7984654032546676,2.7984654032546676,2.7984654032546676
4d2836be25ab3e5100f7,SHADOW_1H_FAST_V3_NO_ESPORTS_LONG_ONLY_V1,BANK,LONG,2026-07-25T15:08:37+00:00,73.86980505735774,74.02460878518198,-14.689757880199446,True,False,25.0,50.0,73.86980505735774,73.86980505735774,73.86980505735774,73.86980505735774,73.86980505735774,50.0,73.86980505735774,73.86980505735774,73.86980505735774,61.93490252867887,73.86980505735774
cad749533dc1e63f756c,SHADOW_1H_FAST_V3_NO_ESPORTS_MFE_LOCK_V1,BANK,LONG,2026-07-25T15:08:37+00:00,73.83709599291477,74.00769095884587,-0.9342000464084049,True,False,25.0,50.0,73.83709599291477,73.83709599291477,73.83709599291477,73.83709599291477,73.83709599291477,50.0,73.83709599291477,73.83709599291477,73.83709599291477,61.918547996457384,73.83709599291477
e483f2675a12db6bdfb6,SHADOW_1H_FAST_V3_NO_ESPORTS_V1,BANK,LONG,2026-07-25T15:08:37+00:00,2.806051015741189,2.812789308010509,-0.525644790200513,False,False,2.806051015741189,2.806051015741189,2.806051015741189,2.806051015741189,2.806051015741189,2.806051015741189,2.806051015741189,2.806051015741189,2.806051015741189,2.806051015741189,2.806051015741189,2.806051015741189,2.806051015741189
803a8006c8a30605a9ec,SHADOW_COMBO_ADAPTIVE_LONG_ONLY_V1,BANK,LONG,2026-07-25T15:08:37+00:00,97.74433119721927,97.8831193779912,-16.520049558208342,True,False,25.0,50.0,75.0,97.74433119721927,97.74433119721927,97.74433119721927,97.74433119721927,50.0,97.74433119721927,97.74433119721927,97.74433119721927,73.87216559860963,97.74433119721927
b0c3ec2cbb5f2a0a7200,SHADOW_COMBO_ADAPTIVE_QUALITY7_V1,BANK,LONG,2026-07-25T15:08:37+00:00,99.06263842426992,99.18448721937841,-15.697759715063633,True,False,25.0,50.0,75.0,99.06263842426992,99.06263842426992,99.06263842426992,99.06263842426992,50.0,99.06263842426992,99.06263842426992,99.06263842426992,74.53131921213496,99.06263842426992
de72a21d19538b7a7d08,SHADOW_COMBO_ADAPTIVE_RUNNER25_V1,BANK,LONG,2026-07-25T15:08:37+00:00,111.61251690522516,149.2104428592498,-16.826852366339246,True,False,25.0,50.0,75.0,100.0,111.61251690522516,111.61251690522516,111.61251690522516,50.0,111.61251690522516,111.61251690522516,111.61251690522516,80.80625845261258,111.61251690522516
1eef275af5432149feeb,SHADOW_COMBO_ADAPTIVE_SIDE_REGIME_GUARD_V1,BANK,LONG,2026-07-25T15:08:37+00:00,99.12951061119999,99.24662035195122,-9.507230263454211,True,False,25.0,50.0,75.0,99.12951061119999,99.12951061119999,99.12951061119999,99.12951061119999,50.0,99.12951061119999,99.12951061119999,99.12951061119999,74.56475530559999,99.12951061119999
aa01d0af4113bd43c4f9,SHADOW_COMBO_SCANNER,BANK,LONG,2026-07-25T15:08:37+00:00,109.95502189337064,110.10445264751733,-10.844431869811158,True,False,25.0,50.0,75.0,100.0,109.95502189337064,109.95502189337064,109.95502189337064,50.0,109.95502189337064,109.95502189337064,109.95502189337064,79.97751094668533,109.95502189337064
90c3d2a3ba7f8ef86a13,SHADOW_COMBO_TREND,DOGE,SHORT,2026-07-25T15:08:37+00:00,-55.223325423924635,16.211936636368907,-53.32246412422706,False,False,-55.223325423924635,-55.223325423924635,-55.223325423924635,-55.223325423924635,-55.223325423924635,-55.223325423924635,-50.0,-50.0,-55.223325423924635,-55.223325423924635,-55.223325423924635,-55.223325423924635,-55.223325423924635
b7ea68daf812adf54320,SHADOW_COMBO_TREND,BANK,LONG,2026-07-25T15:08:37+00:00,109.05870116058075,109.16936224849879,-15.12538984890274,True,False,25.0,50.0,75.0,100.0,109.05870116058075,109.05870116058075,109.05870116058075,50.0,109.05870116058075,109.05870116058075,109.05870116058075,79.52935058029038,109.05870116058075
21ddfec97d36789bbb4a,SHADOW_COMBO_TREND_SIDE_REGIME_GUARD_V1,BANK,LONG,2026-07-25T15:08:37+00:00,109.15309067830391,109.26607871382242,-8.180204582889973,True,False,25.0,50.0,75.0,100.0,109.15309067830391,109.15309067830391,109.15309067830391,50.0,109.15309067830391,109.15309067830391,109.15309067830391,79.57654533915195,109.15309067830391
adec77dd998c9b33adc1,SHADOW_DONCHIAN_1H,BANK,LONG,2026-07-25T15:08:37+00:00,127.24612159015393,127.36272625554305,-15.517866203243539,True,False,25.0,50.0,75.0,100.0,127.24612159015393,127.24612159015393,127.24612159015393,50.0,127.24612159015393,127.24612159015393,127.24612159015393,88.62306079507697,127.24612159015393
d9134880e5752ed780e2,SHADOW_EMA_TREND_1H,BANK,LONG,2026-07-25T15:08:37+00:00,108.7719472106497,108.89849305197302,-16.3692186051858,True,False,25.0,50.0,75.0,100.0,108.7719472106497,108.7719472106497,108.7719472106497,50.0,108.7719472106497,108.7719472106497,108.7719472106497,79.38597360532485,108.7719472106497
10faff5471ff25b35804,SHADOW_GLOBAL_PURE,DOGE,SHORT,2026-07-25T15:08:37+00:00,-54.958755583987184,3.6877101813481765,-53.08203979920877,False,False,-54.958755583987184,-54.958755583987184,-54.958755583987184,-54.958755583987184,-54.958755583987184,-54.958755583987184,-50.0,-50.0,-54.958755583987184,-54.958755583987184,-54.958755583987184,-54.958755583987184,-54.958755583987184
d5b4c931ed3188ca38cc,SHADOW_MASTER_ADAPTIVE_EXPANDED_V1,BANK,LONG,2026-07-25T15:08:37+00:00,97.80837084879704,97.92546500524791,-16.60372432822512,True,False,25.0,50.0,75.0,97.80837084879704,97.80837084879704,97.80837084879704,97.80837084879704,50.0,97.80837084879704,97.80837084879704,97.80837084879704,73.90418542439852,97.80837084879704
833f44621caa19b2be11,SHADOW_MASTER_ADAPTIVE_GB20_BE_V1,BANK,LONG,2026-07-25T15:08:37+00:00,99.12951068802086,99.24662041933375,-9.5072293395412,True,False,25.0,50.0,75.0,99.12951068802086,99.12951068802086,99.12951068802086,99.12951068802086,50.0,99.12951068802086,99.12951068802086,99.12951068802086,74.56475534401042,99.12951068802086
13e4bf4f420083dfdf02,SHADOW_MASTER_ADAPTIVE_GB20_LOSS_CAP_V1,BANK,LONG,2026-07-25T15:08:37+00:00,132.1726851988768,132.32883151235205,-12.676306196682914,True,False,25.0,50.0,75.0,100.0,132.1726851988768,132.1726851988768,132.1726851988768,50.0,132.1726851988768,132.1726851988768,132.1726851988768,91.0863425994384,37.39736890574698
e27397f54116efe63153,SHADOW_MASTER_ADAPTIVE_GB20_PARTIAL_V1,BANK,LONG,2026-07-25T15:08:37+00:00,69.98097020398119,99.30177009165725,-9.452079667217715,True,False,25.0,50.0,69.98097020398119,69.98097020398119,69.98097020398119,69.98097020398119,69.98097020398119,50.0,69.98097020398119,69.98097020398119,69.98097020398119,59.99048510199059,69.98097020398119
54987f4912a675e3df25,SHADOW_MASTER_ADAPTIVE_NO_ALT_V1,BANK,LONG,2026-07-25T15:08:37+00:00,97.37734126712988,97.49391940389009,-16.53055373669798,True,False,25.0,50.0,75.0,97.37734126712988,97.37734126712988,97.37734126712988,97.37734126712988,50.0,97.37734126712988,97.37734126712988,97.37734126712988,73.68867063356494,97.37734126712988
72be9622484fb7ec28ad,SHADOW_MASTER_ADAPTIVE_RUNNER25_V1,BANK,LONG,2026-07-25T15:08:37+00:00,109.62004402561986,146.54678640871924,-16.526464306827403,True,False,25.0,50.0,75.0,100.0,109.62004402561986,109.62004402561986,109.62004402561986,50.0,109.62004402561986,109.62004402561986,109.62004402561986,79.81002201280992,109.62004402561986
d9736faeaa855a490dbd,SHADOW_MASTER_ADAPTIVE_STRICT3_V1,BANK,LONG,2026-07-25T15:08:37+00:00,94.71083082215605,94.80988300341967,-12.945793810868052,True,False,25.0,50.0,75.0,94.71083082215605,94.71083082215605,94.71083082215605,94.71083082215605,50.0,94.71083082215605,94.71083082215605,94.71083082215605,72.35541541107803,94.71083082215605
c7ef7a720a9bef2a828a,SHADOW_MASTER_ADAPTIVE_V1,BANK,LONG,2026-07-25T15:08:37+00:00,97.37734126712988,97.49391940389009,-16.53055373669798,True,False,25.0,50.0,75.0,97.37734126712988,97.37734126712988,97.37734126712988,97.37734126712988,50.0,97.37734126712988,97.37734126712988,97.37734126712988,73.68867063356494,97.37734126712988
2a815566acbe5ac8350b,SHADOW_RELATIVE_STRENGTH,BANK,LONG,2026-07-25T15:08:37+00:00,105.83061576840927,105.93397088154634,-17.288342244756414,True,False,25.0,50.0,75.0,100.0,105.83061576840927,105.83061576840927,105.83061576840927,50.0,105.83061576840927,105.83061576840927,105.83061576840927,77.91530788420464,105.83061576840927
788fb4892df1594430e0,SHADOW_RELATIVE_STRENGTH_V2,BANK,LONG,2026-07-25T15:08:37+00:00,110.46344395300277,110.57132352702182,-14.11409974759581,True,False,25.0,50.0,75.0,100.0,110.46344395300277,110.46344395300277,110.46344395300277,50.0,110.46344395300277,110.46344395300277,110.46344395300277,80.23172197650138,40.16861465894258
f7d8d2bcc1adf441611e,SHADOW_SCANNER_TOP10_LONG,BANK,LONG,2026-07-25T15:08:37+00:00,99.071450114148,99.21212268471413,-16.744349729980577,True,False,25.0,50.0,75.0,99.071450114148,99.071450114148,99.071450114148,99.071450114148,50.0,99.071450114148,99.071450114148,99.071450114148,74.535725057074,99.071450114148
3cb65a9405b6aae4b57b,SHADOW_SCANNER_TOP15_LONG,BANK,LONG,2026-07-25T15:08:37+00:00,99.071450114148,99.21212268471413,-16.744349729980577,True,False,25.0,50.0,75.0,99.071450114148,99.071450114148,99.071450114148,99.071450114148,50.0,99.071450114148,99.071450114148,99.071450114148,74.535725057074,99.071450114148
53e9297bcdd5b30fa6cf,SHADOW_SCANNER_TOP20_LONG,BANK,LONG,2026-07-25T15:08:37+00:00,99.071450114148,99.21212268471413,-16.744349729980577,True,False,25.0,50.0,75.0,99.071450114148,99.071450114148,99.071450114148,99.071450114148,50.0,99.071450114148,99.071450114148,99.071450114148,74.535725057074,99.071450114148
8cb0d1bb18cc5e5a1b23,SHADOW_SCANNER_TOP5_BTC,BANK,LONG,2026-07-25T15:08:37+00:00,114.49500965907878,114.62162621080701,-17.65658578435878,True,False,25.0,50.0,75.0,100.0,114.49500965907878,114.49500965907878,114.49500965907878,50.0,114.49500965907878,114.49500965907878,114.49500965907878,82.2475048295394,114.49500965907878
0b51e5560cd8fbf8f1ab,SHADOW_SCANNER_TOP5_BTC_BTC_LE3_V1,BANK,LONG,2026-07-25T15:08:37+00:00,109.96179832749243,110.08340173857138,-16.957506977403675,True,False,25.0,50.0,75.0,100.0,109.96179832749243,109.96179832749243,109.96179832749243,50.0,109.96179832749243,109.96179832749243,109.96179832749243,79.98089916374622,109.96179832749243
79e1331af8b9de1fb426,SHADOW_SCANNER_TOP5_BTC_GUARD_BTC_LE3_MFE_V1,BANK,LONG,2026-07-25T15:08:37+00:00,106.13400197045829,106.25453467800932,-15.277647860889012,True,False,25.0,50.0,75.0,100.0,106.13400197045829,106.13400197045829,106.13400197045829,50.0,106.13400197045829,106.13400197045829,106.13400197045829,78.06700098522914,106.13400197045829
adf6f6c37bc4248c7223,SHADOW_SCANNER_TOP5_BTC_GUARD_BTC_LE3_V1,BANK,LONG,2026-07-25T15:08:37+00:00,110.2731863020826,110.3951340676597,-17.00552696099894,True,False,25.0,50.0,75.0,100.0,110.2731863020826,110.2731863020826,110.2731863020826,50.0,110.2731863020826,110.2731863020826,110.2731863020826,80.1365931510413,110.2731863020826
ca81975cd0df599efe1b,SHADOW_SCANNER_TOP5_BTC_GUARD_MFE_V1,BANK,LONG,2026-07-25T15:08:37+00:00,104.92899652891865,105.04816075355387,-15.104191207370734,True,False,25.0,50.0,75.0,100.0,104.92899652891865,104.92899652891865,104.92899652891865,50.0,104.92899652891865,104.92899652891865,104.92899652891865,77.46449826445932,104.92899652891865
3c2490186356e003ade0,SHADOW_SCANNER_TOP5_BTC_GUARD_V1,BANK,LONG,2026-07-25T15:08:37+00:00,108.46924590957332,108.58919875229132,-16.727336423393407,True,False,25.0,50.0,75.0,100.0,108.46924590957332,108.46924590957332,108.46924590957332,50.0,108.46924590957332,108.46924590957332,108.46924590957332,79.23462295478666,108.46924590957332
bea9fb3518a770247def,SHADOW_SCANNER_TOP5_BTC_MFE_V1,BANK,LONG,2026-07-25T15:08:37+00:00,105.99546869652734,106.11264451090364,-20.298582549098196,True,False,25.0,50.0,75.0,100.0,105.99546869652734,105.99546869652734,105.99546869652734,50.0,105.99546869652734,105.99546869652734,105.99546869652734,77.99773434826366,105.99546869652734
77ed55230b087c1a55f6,SHADOW_SCANNER_TOP5_BTC_RUNNER25_V1,BANK,LONG,2026-07-25T15:08:37+00:00,121.45548098667723,152.15328974255658,-17.158724915560587,True,False,25.0,50.0,75.0,100.0,121.45548098667723,121.45548098667723,121.45548098667723,50.0,121.45548098667723,121.45548098667723,121.45548098667723,85.72774049333862,121.45548098667723
68712767bb4d4947cd13,SHADOW_SCANNER_TOP5_BTC_TP3_V1,BANK,LONG,2026-07-25T15:08:37+00:00,150.73837110224108,150.8532247405716,-48.913667641611354,True,False,25.0,50.0,75.0,100.0,150.0,150.73837110224108,150.73837110224108,50.0,150.73837110224108,150.73837110224108,150.73837110224108,100.36918555112054,52.13454753865001
d6c9d92b88550785bf47,SHADOW_SCANNER_TOP5_LONG,BANK,LONG,2026-07-25T15:08:37+00:00,106.38123658447576,106.50859400356269,-18.059035218766454,True,False,25.0,50.0,75.0,100.0,106.38123658447576,106.38123658447576,106.38123658447576,50.0,106.38123658447576,106.38123658447576,106.38123658447576,78.19061829223787,106.38123658447576
e0ca9d862007b446c998,SHADOW_1H_FAST_V3_NO_ESPORTS_MFE_LOCK_V1,AKE,LONG,2026-07-25T15:23:44+00:00,-6.651747790063872,45.615649302943126,-29.92353387770804,False,False,25.0,-6.651747790063872,-6.651747790063872,-6.651747790063872,-6.651747790063872,-6.651747790063872,-6.651747790063872,-6.651747790063872,-6.651747790063872,-6.651747790063872,-6.651747790063872,-6.651747790063872,-6.651747790063872
0e247b208a46fb3310c8,SHADOW_4H_WIDE,DOGE,SHORT,2026-07-25T15:23:44+00:00,30.44856094041835,80.72633460940938,-48.648415852786144,True,False,25.0,50.0,30.44856094041835,30.44856094041835,30.44856094041835,30.44856094041835,30.44856094041835,50.0,30.44856094041835,30.44856094041835,30.44856094041835,40.22428047020917,47.94994677037898
f9ae6f839f5cb353e7c7,SHADOW_4H_WIDE,BANK,LONG,2026-07-25T15:23:44+00:00,-13.290670124817456,98.5252044120818,-13.290670124817456,True,True,25.0,-13.290670124817456,-13.290670124817456,-13.290670124817456,-13.290670124817456,-13.290670124817456,-13.290670124817456,-13.290670124817456,-13.290670124817456,-13.290670124817456,-13.290670124817456,18.354664937591274,-13.290670124817456
172dae5fa172e539cd3d,SHADOW_MASTER_ADAPTIVE_GB20_BE_V1,XMR,LONG,2026-07-25T15:23:44+00:00,-4.969995519870075,25.962797922085976,-6.775239036078277,False,False,-4.969995519870075,-4.969995519870075,-4.969995519870075,-4.969995519870075,-4.969995519870075,-4.969995519870075,-4.969995519870075,-4.969995519870075,-4.969995519870075,-4.969995519870075,-4.969995519870075,-4.969995519870075,-4.969995519870075
f1ca96af72c5d667e439,SHADOW_MASTER_ADAPTIVE_GB20_BE_V1,AKE,LONG,2026-07-25T15:23:44+00:00,-5.946893134186274,38.11797979366736,-26.274981765203684,False,False,-5.946893134186274,-5.946893134186274,-5.946893134186274,-5.946893134186274,-5.946893134186274,-5.946893134186274,-5.946893134186274,-5.946893134186274,-5.946893134186274,-5.946893134186274,-5.946893134186274,-5.946893134186274,-5.946893134186274
5f2fb59ffee15d7cfc89,SHADOW_MASTER_ADAPTIVE_GB20_PARTIAL_V1,AKE,LONG,2026-07-25T15:23:44+00:00,-5.9272600467707965,37.99213700273366,-26.188237476682534,False,False,-5.9272600467707965,-5.9272600467707965,-5.9272600467707965,-5.9272600467707965,-5.9272600467707965,-5.9272600467707965,-5.9272600467707965,-5.9272600467707965,-5.9272600467707965,-5.9272600467707965,-5.9272600467707965,-5.9272600467707965,-5.9272600467707965
d2755d808773b3001163,SHADOW_MASTER_ADAPTIVE_GB20_V1,AKE,LONG,2026-07-25T15:23:44+00:00,8.546167225077841,30.95739225186842,-9.348303811757983,False,False,8.546167225077841,8.546167225077841,8.546167225077841,8.546167225077841,8.546167225077841,8.546167225077841,8.546167225077841,8.546167225077841,8.546167225077841,8.546167225077841,8.546167225077841,8.546167225077841,8.546167225077841
d579d3a2aa0c912dabb6,SHADOW_SCANNER_TOP5_BTC_MFE_V1,AKE,LONG,2026-07-25T15:23:44+00:00,-4.884351145371254,36.87138313122642,-8.416956050856589,False,False,-4.884351145371254,-4.884351145371254,-4.884351145371254,-4.884351145371254,-4.884351145371254,-4.884351145371254,-4.884351145371254,-4.884351145371254,-4.884351145371254,-4.884351145371254,-4.884351145371254,-4.884351145371254,-4.884351145371254
79481c3616183e28849e,SHADOW_1H_BALANCED,ZEC,SHORT,2026-07-25T15:38:38+00:00,28.893997909474066,72.30462610456404,-19.968033244710853,True,False,25.0,50.0,28.893997909474066,28.893997909474066,28.893997909474066,28.893997909474066,28.893997909474066,50.0,28.893997909474066,28.893997909474066,30.0,39.44699895473703,50.77639136881284
be92c15dd04a1b807dd8,SHADOW_1H_FAST_TP2_V1,ZEC,SHORT,2026-07-25T15:38:38+00:00,42.09273310632338,88.11672931979204,-29.820036939895274,True,False,25.0,50.0,75.0,42.09273310632338,42.09273310632338,42.09273310632338,42.09273310632338,50.0,42.09273310632338,42.09273310632338,42.09273310632338,46.04636655316169,60.44393371614028
49af476cd23bd696794d,SHADOW_1H_FAST_V3_NOHIGH_RANGE_ONLY_V1,ZEC,SHORT,2026-07-25T15:38:38+00:00,-55.36105060050072,18.19882991615239,-54.687065853314714,False,False,-55.36105060050072,-55.36105060050072,-55.36105060050072,-55.36105060050072,-55.36105060050072,-55.36105060050072,-50.0,-50.0,-55.36105060050072,-55.36105060050072,-55.36105060050072,-55.36105060050072,-55.36105060050072
c53848b67dab93a2b78e,SHADOW_1H_FAST_V3_NOHIGH_REGIME_GUARD_V1,ZEC,SHORT,2026-07-25T15:38:38+00:00,-55.36105060050072,18.19882991615239,-54.687065853314714,False,False,-55.36105060050072,-55.36105060050072,-55.36105060050072,-55.36105060050072,-55.36105060050072,-55.36105060050072,-50.0,-50.0,-55.36105060050072,-55.36105060050072,-55.36105060050072,-55.36105060050072,-55.36105060050072
2734d15aa5217b410428,SHADOW_COMBO_ADAPTIVE_SIDE_REGIME_GUARD_V1,ZEC,SHORT,2026-07-25T15:38:38+00:00,33.9205603530415,72.67805831483116,-17.9632941994244,True,False,25.0,50.0,33.9205603530415,33.9205603530415,33.9205603530415,33.9205603530415,33.9205603530415,50.0,33.9205603530415,33.9205603530415,33.9205603530415,41.960280176520754,51.71809073396657
5c5ff4d530d020dd2ad9,SHADOW_COMBO_TREND_SIDE_REGIME_GUARD_V1,ZEC,SHORT,2026-07-25T15:38:38+00:00,-54.91884374298427,0.9847563374356159,-54.34316797291355,False,False,-54.91884374298427,-54.91884374298427,-54.91884374298427,-54.91884374298427,-54.91884374298427,-54.91884374298427,-50.0,-50.0,-54.91884374298427,-54.91884374298427,-54.91884374298427,-54.91884374298427,-54.91884374298427
9532ef9c90c8757d86d5,SHADOW_RELATIVE_STRENGTH_V2,ZEC,SHORT,2026-07-25T15:38:38+00:00,53.90203605909871,97.7602783563072,-20.366866902880822,True,False,25.0,50.0,75.0,53.90203605909871,53.90203605909871,53.90203605909871,53.90203605909871,50.0,53.90203605909871,53.90203605909871,53.90203605909871,51.95101802954936,72.59955045580605
b75029981259e13a234f,SHADOW_SCANNER_BOTTOM5_SHORT_MFE_TRAIL_V1,ZEC,SHORT,2026-07-25T15:38:38+00:00,-54.34128254342964,1.074069765933512,-53.71450677606401,False,False,-54.34128254342964,-54.34128254342964,-54.34128254342964,-54.34128254342964,-54.34128254342964,-54.34128254342964,-50.0,-50.0,-54.34128254342964,-54.34128254342964,-54.34128254342964,-54.34128254342964,-54.34128254342964
5aeed2bace2b25597d21,SHADOW_SCANNER_BOTTOM5_SHORT_PROFIT_LOCK_V1,ZEC,SHORT,2026-07-25T15:38:38+00:00,-54.34128254342964,1.074069765933512,-53.71450677606401,False,False,-54.34128254342964,-54.34128254342964,-54.34128254342964,-54.34128254342964,-54.34128254342964,-54.34128254342964,-50.0,-50.0,-54.34128254342964,-54.34128254342964,-54.34128254342964,-54.34128254342964,-54.34128254342964
4e93f9b615c7cf3fdd5f,MAIN_SIDE_REGIME_GUARD_V1,DOGE,SHORT,2026-07-25T15:53:36+00:00,-54.14757892086221,-0.19771548077372403,-52.969350128620306,False,False,-54.14757892086221,-54.14757892086221,-54.14757892086221,-54.14757892086221,-54.14757892086221,-54.14757892086221,-50.0,-50.0,-54.14757892086221,-54.14757892086221,-54.14757892086221,-54.14757892086221,-54.14757892086221
82b3cdd7d85a02b3e456,SHADOW_SCANNER_BOTTOM10_SHORT,PEPE,SHORT,2026-07-25T16:08:40+00:00,-56.28574498765062,4.744538141200507,-54.172102094747814,False,False,-56.28574498765062,-56.28574498765062,-56.28574498765062,-56.28574498765062,-56.28574498765062,-56.28574498765062,-50.0,-50.0,-56.28574498765062,-56.28574498765062,-56.28574498765062,-56.28574498765062,-56.28574498765062
266ef910fa09c8923ab3,SHADOW_SCANNER_BOTTOM15_SHORT,PEPE,SHORT,2026-07-25T16:08:40+00:00,-56.28574498765062,4.744538141200507,-54.172102094747814,False,False,-56.28574498765062,-56.28574498765062,-56.28574498765062,-56.28574498765062,-56.28574498765062,-56.28574498765062,-50.0,-50.0,-56.28574498765062,-56.28574498765062,-56.28574498765062,-56.28574498765062,-56.28574498765062
86773b9ded31efe448a2,SHADOW_SCANNER_BOTTOM20_SHORT,PEPE,SHORT,2026-07-25T16:08:40+00:00,-56.28574498765062,4.744538141200507,-54.172102094747814,False,False,-56.28574498765062,-56.28574498765062,-56.28574498765062,-56.28574498765062,-56.28574498765062,-56.28574498765062,-50.0,-50.0,-56.28574498765062,-56.28574498765062,-56.28574498765062,-56.28574498765062,-56.28574498765062
24de8a7142b9b2cf4282,MAIN,DOGE,SHORT,2026-07-25T16:23:40+00:00,-52.60190770488658,29.86842871039766,-51.627407450148745,False,False,-52.60190770488658,-52.60190770488658,-52.60190770488658,-52.60190770488658,-52.60190770488658,-52.60190770488658,-50.0,-50.0,-52.60190770488658,-52.60190770488658,-52.60190770488658,-52.60190770488658,-52.60190770488658
9033b9dfdbc9101a05c0,SHADOW_COMBO_ADAPTIVE_MFE_TRAIL,ESPORTS,SHORT,2026-07-25T16:38:37+00:00,-201.2024100694001,58.70969957157293,-527.0320315724255,True,True,25.0,50.0,-201.2024100694001,-201.2024100694001,-201.2024100694001,-201.2024100694001,-50.0,50.0,0.0,20.0,30.0,-75.60120503470004,31.623376744104792
c0099f98a9d49ed40775,SHADOW_COMBO_TREND,ESPORTS,SHORT,2026-07-25T16:38:37+00:00,-208.10010200062771,2.5863343613734586,-684.7856717596248,False,False,-208.10010200062771,-208.10010200062771,-208.10010200062771,-208.10010200062771,-208.10010200062771,-208.10010200062771,-50.0,-50.0,-208.10010200062771,-208.10010200062771,-208.10010200062771,-208.10010200062771,-208.10010200062771
664b7bc153ae40e6d7a1,SHADOW_RELATIVE_STRENGTH,ESPORTS,SHORT,2026-07-25T16:38:37+00:00,-206.5938295637645,55.24251170686601,-554.720403778812,True,True,25.0,-206.5938295637645,-206.5938295637645,-206.5938295637645,-206.5938295637645,-206.5938295637645,-50.0,-50.0,-206.5938295637645,-206.5938295637645,-206.5938295637645,-78.29691478188225,-206.5938295637645
95dd02903e7bcdb64391,SHADOW_RELATIVE_STRENGTH_V2,ESPORTS,SHORT,2026-07-25T16:38:37+00:00,-213.8259666717181,57.17636142394324,-574.1392510172748,True,True,25.0,-213.8259666717181,-213.8259666717181,-213.8259666717181,-213.8259666717181,-213.8259666717181,-50.0,-50.0,-213.8259666717181,-213.8259666717181,-213.8259666717181,-81.91298333585905,-213.8259666717181
456c936cfba4b571b889,SHADOW_MASTER_ADAPTIVE_EXPANDED_V1,DOGE,LONG,2026-07-25T16:53:38+00:00,1.112487843817061,1.137938755804047,-0.1447985232628557,False,False,1.112487843817061,1.112487843817061,1.112487843817061,1.112487843817061,1.112487843817061,1.112487843817061,1.112487843817061,1.112487843817061,1.112487843817061,1.112487843817061,1.112487843817061,1.112487843817061,1.112487843817061
efe996365b42b832b417,SHADOW_1H_FAST_V3_NO_ESPORTS_MFE_LOCK_V1,ALLO,SHORT,2026-07-25T17:08:41+00:00,40.77874358904312,68.97375465731449,-3.3131174502215397,True,False,25.0,50.0,40.77874358904312,40.77874358904312,40.77874358904312,40.77874358904312,40.77874358904312,50.0,40.77874358904312,40.77874358904312,40.77874358904312,45.38937179452156,43.28202944047441
f94a08bf25b88d9bcc98,SHADOW_RSI_SHORT_15X_10_RSI75,PEPE,SHORT,2026-07-25T17:08:41+00:00,-1.2998100960677081,0.38394818094193117,-1.2091386128999813,False,False,-1.2998100960677081,-1.2998100960677081,-1.2998100960677081,-1.2998100960677081,-1.2998100960677081,-1.2998100960677081,-1.2998100960677081,-1.2998100960677081,-1.2998100960677081,-1.2998100960677081,-1.2998100960677081,-1.2998100960677081,-1.2998100960677081
d797d17603d882367f92,SHADOW_RSI_SHORT_15X_50_RSI75,PEPE,SHORT,2026-07-25T17:08:41+00:00,-6.49905048033854,1.9197409047096559,-6.045693064499907,False,False,-6.49905048033854,-6.49905048033854,-6.49905048033854,-6.49905048033854,-6.49905048033854,-6.49905048033854,-6.49905048033854,-6.49905048033854,-6.49905048033854,-6.49905048033854,-6.49905048033854,-6.49905048033854,-6.49905048033854
cf832783ecff9786a197,SHADOW_RSI_SHORT_5X_RSI75,PEPE,SHORT,2026-07-25T17:08:41+00:00,-12.593245628773778,3.7198924411730006,-11.714772486804177,False,False,-12.593245628773778,-12.593245628773778,-12.593245628773778,-12.593245628773778,-12.593245628773778,-12.593245628773778,-12.593245628773778,-12.593245628773778,-12.593245628773778,-12.593245628773778,-12.593245628773778,-12.593245628773778,-12.593245628773778
9a4c83102041e731569b,SHADOW_SCANNER_BOTTOM5_SHORT_MFE_TRAIL_V1,ALLO,SHORT,2026-07-25T17:08:41+00:00,32.76688290732102,55.37095422592706,-9.365284927138745,True,False,25.0,50.0,32.76688290732102,32.76688290732102,32.76688290732102,32.76688290732102,32.76688290732102,50.0,32.76688290732102,32.76688290732102,32.76688290732102,41.38344145366051,36.151418236197955
fc0784dcc9e909d21a2d::SHADOW_1H_FAST_NOHIGH_CAP75_SHORT_ONLY_V1,SHADOW_1H_FAST_NOHIGH_CAP75_SHORT_ONLY_V1,ALLO,SHORT,2026-07-25T17:38:38+00:00,27.993508612812214,67.32733327205693,-3.2340324787129426,True,False,25.0,50.0,27.993508612812214,27.993508612812214,27.993508612812214,27.993508612812214,27.993508612812214,50.0,27.993508612812214,27.993508612812214,30.0,38.9967543064061,42.248876189325614
fc0784dcc9e909d21a2d,SHADOW_1H_FAST_NOHIGH_CAP75_V1,ALLO,SHORT,2026-07-25T17:38:38+00:00,28.73856878370856,69.11928136714907,-3.320107747969165,True,False,25.0,50.0,28.73856878370856,28.73856878370856,28.73856878370856,28.73856878370856,28.73856878370856,50.0,28.73856878370856,28.73856878370856,30.0,39.36928439185428,43.373349557390334
0a97e3e411d6dc801550,SHADOW_1H_FAST_SCORE_6_75_NO_TREND_UP_V1,ALLO,SHORT,2026-07-25T17:38:38+00:00,28.273878372339375,68.00165204003203,-3.2664230204239155,True,False,25.0,50.0,28.273878372339375,28.273878372339375,28.273878372339375,28.273878372339375,28.273878372339375,50.0,28.273878372339375,28.273878372339375,30.0,39.136939186169684,42.672020976973734
3b259be92979fa9d7630,SHADOW_1H_FAST_SCORE_6_75_V1,ALLO,SHORT,2026-07-25T17:38:38+00:00,29.13454724602049,70.07165122793992,-3.3658543253525184,True,False,25.0,50.0,29.13454724602049,29.13454724602049,29.13454724602049,29.13454724602049,29.13454724602049,50.0,29.13454724602049,29.13454724602049,30.0,39.567273623010244,43.970975430561495
2233e21fbbba230f1061,SHADOW_1H_FAST_TP2_V1,ALLO,SHORT,2026-07-25T17:38:38+00:00,27.55728825252026,66.27817741297355,-3.183636837617264,True,False,25.0,50.0,27.55728825252026,27.55728825252026,27.55728825252026,27.55728825252026,27.55728825252026,50.0,27.55728825252026,27.55728825252026,30.0,38.77864412626013,41.590515701251505
a1976f06b8894d35267a,SHADOW_1H_FAST_V3_CAP75_V1,ALLO,SHORT,2026-07-25T17:38:38+00:00,28.887861608980057,69.47834631828495,-3.3373552410378204,True,False,25.0,50.0,28.887861608980057,28.887861608980057,28.887861608980057,28.887861608980057,28.887861608980057,50.0,28.887861608980057,28.887861608980057,30.0,39.44393080449003,43.598668011682385
d430279eebe626cfd42e,SHADOW_1H_FAST_V3_NOHIGH_RANGE_ONLY_V1,HYPE,SHORT,2026-07-25T17:38:38+00:00,-54.15508161705696,25.26267603113124,-53.51140927672893,False,False,-54.15508161705696,-54.15508161705696,-54.15508161705696,-54.15508161705696,-54.15508161705696,-54.15508161705696,-50.0,-50.0,-54.15508161705696,-54.15508161705696,-54.15508161705696,-54.15508161705696,-54.15508161705696
2d63c1138a279b1c8c08,SHADOW_1H_FAST_V3_NOHIGH_REGIME_GUARD_V1,HYPE,SHORT,2026-07-25T17:38:38+00:00,-54.15508161705696,25.26267603113124,-53.51140927672893,False,False,-54.15508161705696,-54.15508161705696,-54.15508161705696,-54.15508161705696,-54.15508161705696,-54.15508161705696,-50.0,-50.0,-54.15508161705696,-54.15508161705696,-54.15508161705696,-54.15508161705696,-54.15508161705696
231892d58e5225ee27eb,SHADOW_1H_FAST,ZEC,SHORT,2026-07-25T17:53:38+00:00,-54.27964512015666,28.598720402924645,-53.61882578062419,False,False,-54.27964512015666,-54.27964512015666,-54.27964512015666,-54.27964512015666,-54.27964512015666,-54.27964512015666,-50.0,-50.0,-54.27964512015666,-54.27964512015666,-54.27964512015666,-54.27964512015666,-54.27964512015666
56593f4ce789d0c82e94,SHADOW_1H_FAST_NOHIGH_CAP75_V1,ZEC,SHORT,2026-07-25T17:53:38+00:00,-55.983504472656406,29.49644545474068,-55.30194175483761,False,False,-55.983504472656406,-55.983504472656406,-55.983504472656406,-55.983504472656406,-55.983504472656406,-55.983504472656406,-50.0,-50.0,-55.983504472656406,-55.983504472656406,-55.983504472656406,-55.983504472656406,-55.983504472656406
63ea24659978eb97dd5c,SHADOW_1H_FAST_NO_PEPE_V1,ZEC,SHORT,2026-07-25T17:53:38+00:00,-55.2231516594859,29.09583271191039,-54.55084574212515,False,False,-55.2231516594859,-55.2231516594859,-55.2231516594859,-55.2231516594859,-55.2231516594859,-55.2231516594859,-50.0,-50.0,-55.2231516594859,-55.2231516594859,-55.2231516594859,-55.2231516594859,-55.2231516594859
d86fc0f785921a9997c7,SHADOW_1H_FAST_SCORE_6_75_COST_AWARE_V1,ZEC,SHORT,2026-07-25T17:53:38+00:00,-55.5056213698084,29.24465962943953,-54.829876567631814,False,False,-55.5056213698084,-55.5056213698084,-55.5056213698084,-55.5056213698084,-55.5056213698084,-55.5056213698084,-50.0,-50.0,-55.5056213698084,-55.5056213698084,-55.5056213698084,-55.5056213698084,-55.5056213698084
a134eecf0d1d61a86ec1,SHADOW_1H_FAST_SCORE_6_75_NO_TREND_UP_V1,ZEC,SHORT,2026-07-25T17:53:38+00:00,-55.5056213698084,29.24465962943953,-54.829876567631814,False,False,-55.5056213698084,-55.5056213698084,-55.5056213698084,-55.5056213698084,-55.5056213698084,-55.5056213698084,-50.0,-50.0,-55.5056213698084,-55.5056213698084,-55.5056213698084,-55.5056213698084,-55.5056213698084
1661b414fe5ba5cbfc2f,SHADOW_1H_FAST_SCORE_6_75_RANGE_ONLY_V1,ZEC,SHORT,2026-07-25T17:53:38+00:00,-55.5056213698084,29.24465962943953,-54.829876567631814,False,False,-55.5056213698084,-55.5056213698084,-55.5056213698084,-55.5056213698084,-55.5056213698084,-55.5056213698084,-50.0,-50.0,-55.5056213698084,-55.5056213698084,-55.5056213698084,-55.5056213698084,-55.5056213698084
8c1d0a8b098512ef6906,SHADOW_1H_FAST_SCORE_6_75_V1,ZEC,SHORT,2026-07-25T17:53:38+00:00,-56.43125977297269,29.732357620605555,-55.74424592589223,False,False,25.0,-56.43125977297269,-56.43125977297269,-56.43125977297269,-56.43125977297269,-56.43125977297269,-50.0,-50.0,-56.43125977297269,-56.43125977297269,-56.43125977297269,-56.43125977297269,-56.43125977297269
afd8adf9e876d79e18dd,SHADOW_1H_FAST_SCORE_6_75_V1,XRP,SHORT,2026-07-25T17:53:38+00:00,-56.320938134917654,37.336912662809745,-55.395021698279955,False,False,25.0,-56.320938134917654,-56.320938134917654,-56.320938134917654,-56.320938134917654,-56.320938134917654,-50.0,-50.0,-56.320938134917654,-56.320938134917654,-56.320938134917654,-56.320938134917654,-56.320938134917654
ba20cd0c5347e0da6df0,SHADOW_1H_FAST_V3,ZEC,SHORT,2026-07-25T17:53:38+00:00,-55.53171327246759,29.258406864287487,-54.85565081836375,False,False,-55.53171327246759,-55.53171327246759,-55.53171327246759,-55.53171327246759,-55.53171327246759,-55.53171327246759,-50.0,-50.0,-55.53171327246759,-55.53171327246759,-55.53171327246759,-55.53171327246759,-55.53171327246759
3cbe0c53d2ce9a69c191,SHADOW_1H_FAST_V3_CAP75_V1,ZEC,SHORT,2026-07-25T17:53:38+00:00,-56.27433172231013,29.649675771187795,-55.58922837207547,False,False,25.0,-56.27433172231013,-56.27433172231013,-56.27433172231013,-56.27433172231013,-56.27433172231013,-50.0,-50.0,-56.27433172231013,-56.27433172231013,-56.27433172231013,-56.27433172231013,-56.27433172231013
1fd56a9ca7126def6733,SHADOW_1H_FAST_V3_NOHIGH_V1,ZEC,SHORT,2026-07-25T17:53:38+00:00,-54.321378083573336,25.446464792347232,-53.660050672382475,False,False,-54.321378083573336,-54.321378083573336,-54.321378083573336,-54.321378083573336,-54.321378083573336,-54.321378083573336,-50.0,-50.0,-54.321378083573336,-54.321378083573336,-54.321378083573336,-54.321378083573336,-54.321378083573336
26ea2b2d21cb460faab9,SHADOW_1H_FAST_V3_NO_ESPORTS_MFE_LOCK_V1,ZEC,SHORT,2026-07-25T17:53:38+00:00,-55.20431173776384,25.860068808629197,-54.53223518418412,False,False,-55.20431173776384,-55.20431173776384,-55.20431173776384,-55.20431173776384,-55.20431173776384,-55.20431173776384,-50.0,-50.0,-55.20431173776384,-55.20431173776384,-55.20431173776384,-55.20431173776384,-55.20431173776384
311e64196ebca1f5a2da,SHADOW_1H_FAST_V3_NO_ESPORTS_STRESS_GUARD_V1,ZEC,SHORT,2026-07-25T17:53:38+00:00,-54.50195362542829,28.715849738818093,-53.83842782458237,False,False,-54.50195362542829,-54.50195362542829,-54.50195362542829,-54.50195362542829,-54.50195362542829,-54.50195362542829,-50.0,-50.0,-54.50195362542829,-54.50195362542829,-54.50195362542829,-54.50195362542829,-54.50195362542829
576b66c35a18433ee767,SHADOW_1H_FAST_V3_NO_ESPORTS_V1,ZEC,SHORT,2026-07-25T17:53:38+00:00,-54.46859902715634,25.51542940056865,-53.80547929682838,False,False,-54.46859902715634,-54.46859902715634,-54.46859902715634,-54.46859902715634,-54.46859902715634,-54.46859902715634,-50.0,-50.0,-54.46859902715634,-54.46859902715634,-54.46859902715634,-54.46859902715634,-54.46859902715634
e5019096a0e85b63e179,SHADOW_COMBO_MEAN_REVERSION,HYPE,LONG,2026-07-25T17:53:38+00:00,75.84432528291143,76.44359377285384,-23.781766285841286,True,False,25.0,50.0,75.0,75.84432528291143,75.84432528291143,75.84432528291143,75.84432528291143,50.0,75.84432528291143,75.84432528291143,30.0,62.922162641455714,40.268681689307975
ff30ce83947a3ee7c624,SHADOW_COMBO_TREND,ZEC,SHORT,2026-07-25T17:53:38+00:00,-54.30980910536366,2.9119459177126723,-53.72399113885801,False,False,-54.30980910536366,-54.30980910536366,-54.30980910536366,-54.30980910536366,-54.30980910536366,-54.30980910536366,-50.0,-50.0,-54.30980910536366,-54.30980910536366,-54.30980910536366,-54.30980910536366,-54.30980910536366
2f7b348b849c338d8bd6,SHADOW_EMA_TREND_1H,ZEC,SHORT,2026-07-25T17:53:38+00:00,-54.27276495328991,2.9099597098952774,-53.687346567084695,False,False,-54.27276495328991,-54.27276495328991,-54.27276495328991,-54.27276495328991,-54.27276495328991,-54.27276495328991,-50.0,-50.0,-54.27276495328991,-54.27276495328991,-54.27276495328991,-54.27276495328991,-54.27276495328991
d910ffcd48398a3d3d5b,SHADOW_SCANNER_BOTTOM5_SHORT,ZEC,SHORT,2026-07-25T17:53:38+00:00,-53.24486642768676,8.541299009373075,-52.71654052109272,False,False,-53.24486642768676,-53.24486642768676,-53.24486642768676,-53.24486642768676,-53.24486642768676,-53.24486642768676,-50.0,-50.0,-53.24486642768676,-53.24486642768676,-53.24486642768676,-53.24486642768676,-53.24486642768676
5e259dec188bec065268,SHADOW_SCANNER_BOTTOM5_SHORT_PROFIT_LOCK_V1,ALLO,SHORT,2026-07-25T18:08:39+00:00,8.183303053803535,55.37095422592706,-9.365284927138745,True,False,25.0,50.0,8.183303053803535,8.183303053803535,8.183303053803535,8.183303053803535,8.183303053803535,50.0,8.183303053803535,20.0,30.0,29.091651526901767,36.151418236197955
3649f58d302c2d35d712,SHADOW_COMBO_ADAPTIVE_RUNNER25_V1,ZEC,SHORT,2026-07-25T18:23:37+00:00,-0.8884435536548042,0.3664397792441277,-0.8790496634187858,False,False,-0.8884435536548042,-0.8884435536548042,-0.8884435536548042,-0.8884435536548042,-0.8884435536548042,-0.8884435536548042,-0.8884435536548042,-0.8884435536548042,-0.8884435536548042,-0.8884435536548042,-0.8884435536548042,-0.8884435536548042,-0.8884435536548042
60433a5cd14bfaff568d,SHADOW_DONCHIAN_1H,ZEC,SHORT,2026-07-25T18:23:37+00:00,-54.562060170470154,20.604764341204838,-54.082863687003886,False,False,-54.562060170470154,-54.562060170470154,-54.562060170470154,-54.562060170470154,-54.562060170470154,-54.562060170470154,-50.0,-50.0,-54.562060170470154,-54.562060170470154,-54.562060170470154,-54.562060170470154,-54.562060170470154
90fcc02d5ff3b7944b42,SHADOW_SCANNER_BOTTOM10_SHORT,ZEC,SHORT,2026-07-25T18:23:37+00:00,-53.94951188320006,22.25155120264333,-53.37908082898987,False,False,-53.94951188320006,-53.94951188320006,-53.94951188320006,-53.94951188320006,-53.94951188320006,-53.94951188320006,-50.0,-50.0,-53.94951188320006,-53.94951188320006,-53.94951188320006,-53.94951188320006,-53.94951188320006
1cb03dd6e5406e26eec3,SHADOW_SCANNER_BOTTOM15_SHORT,ZEC,SHORT,2026-07-25T18:23:37+00:00,-53.94951188320006,22.25155120264333,-53.37908082898987,False,False,-53.94951188320006,-53.94951188320006,-53.94951188320006,-53.94951188320006,-53.94951188320006,-53.94951188320006,-50.0,-50.0,-53.94951188320006,-53.94951188320006,-53.94951188320006,-53.94951188320006,-53.94951188320006
7403ae9fb2e09ce92dfc,SHADOW_SCANNER_BOTTOM20_SHORT,ZEC,SHORT,2026-07-25T18:23:37+00:00,-53.94951188320006,22.25155120264333,-53.37908082898987,False,False,-53.94951188320006,-53.94951188320006,-53.94951188320006,-53.94951188320006,-53.94951188320006,-53.94951188320006,-50.0,-50.0,-53.94951188320006,-53.94951188320006,-53.94951188320006,-53.94951188320006,-53.94951188320006
788b03537302e8704e99,EVO_CAND_SHADOW_1H_FAST_V3_LONG_ONLY_V1_TP_R200_751e55c4,SHIB,LONG,2026-07-25T19:08:37+00:00,-53.541641804928304,16.038702511676846,-52.37574524511596,False,False,-53.541641804928304,-53.541641804928304,-53.541641804928304,-53.541641804928304,-53.541641804928304,-53.541641804928304,-50.0,-50.0,-53.541641804928304,-53.541641804928304,-53.541641804928304,-53.541641804928304,-53.541641804928304
115f07e376b693f4547e,EVO_CAND_SHADOW_1H_FAST_V3_NO_ESPORTS_V1_TP_R200_68f866e1,SHIB,LONG,2026-07-25T19:08:37+00:00,-53.52271818657276,16.03303383445632,-52.3572336982023,False,False,-53.52271818657276,-53.52271818657276,-53.52271818657276,-53.52271818657276,-53.52271818657276,-53.52271818657276,-50.0,-50.0,-53.52271818657276,-53.52271818657276,-53.52271818657276,-53.52271818657276,-53.52271818657276
941c5a4b63426a79df9d,SHADOW_1H_FAST_V3_LONG_ONLY_V1,SHIB,LONG,2026-07-25T19:08:37+00:00,-1.0897274943930126,0.3264340523034869,-1.0659981223749733,False,False,-1.0897274943930126,-1.0897274943930126,-1.0897274943930126,-1.0897274943930126,-1.0897274943930126,-1.0897274943930126,-1.0897274943930126,-1.0897274943930126,-1.0897274943930126,-1.0897274943930126,-1.0897274943930126,-1.0897274943930126,-1.0897274943930126
0ebadb9c799e6ca5a0c6,SHADOW_1H_FAST_V3_NO_ESPORTS_LONG_ONLY_V1,SHIB,LONG,2026-07-25T19:08:37+00:00,-53.870081233688246,16.137088405598032,-52.697032737790465,False,False,-53.870081233688246,-53.870081233688246,-53.870081233688246,-53.870081233688246,-53.870081233688246,-53.870081233688246,-50.0,-50.0,-53.870081233688246,-53.870081233688246,-53.870081233688246,-53.870081233688246,-53.870081233688246
b80b9a102f6b728ec1e8,SHADOW_MASTER_ADAPTIVE_GB20_LOSS_CAP_V1,SHIB,LONG,2026-07-25T19:08:37+00:00,-1.5186234015727142,0.47059257989996883,-1.4843833312036376,False,False,-1.5186234015727142,-1.5186234015727142,-1.5186234015727142,-1.5186234015727142,-1.5186234015727142,-1.5186234015727142,-1.5186234015727142,-1.5186234015727142,-1.5186234015727142,-1.5186234015727142,-1.5186234015727142,-1.5186234015727142,-1.5186234015727142
9777095ccf816f2d20ab,SHADOW_1H_BALANCED,ALLO,SHORT,2026-07-25T19:23:51+00:00,-6.4586211574082,54.64628130493543,-6.4586211574082,True,True,25.0,50.0,-6.4586211574082,-6.4586211574082,-6.4586211574082,-6.4586211574082,-6.4586211574082,50.0,0.0,20.0,30.0,21.7706894212959,34.291332522113734
7f3e044cbdbe686c092f,SHADOW_1H_BALANCED_SHORT_TREND_DOWN_STRICT_V1,ALLO,SHORT,2026-07-25T19:23:51+00:00,-4.1348710167738725,55.37095422592706,-9.365284927138745,True,True,25.0,50.0,-4.1348710167738725,-4.1348710167738725,-4.1348710167738725,-4.1348710167738725,-4.1348710167738725,50.0,0.0,20.0,30.0,22.932564491613064,36.151418236197955
baa97d3cd8cdd49bea33,SHADOW_1H_BALANCED_V3,ALLO,SHORT,2026-07-25T19:23:51+00:00,-6.526461380119654,55.220276249634615,-6.526461380119654,True,True,25.0,50.0,-6.526461380119654,-6.526461380119654,-6.526461380119654,-6.526461380119654,-6.526461380119654,50.0,0.0,20.0,30.0,21.736769309940172,34.65152265847192
05097bb52d73ac4ab8f6,SHADOW_1H_BALANCED_V3_LONG_ONLY_V1,ALLO,SHORT,2026-07-25T19:23:51+00:00,-6.183995701344361,52.32268009659592,-6.183995701344361,True,True,25.0,50.0,-6.183995701344361,-6.183995701344361,-6.183995701344361,-6.183995701344361,-6.183995701344361,50.0,0.0,20.0,30.0,21.90800214932782,32.83323912982358
25041e77de7431d4c780,SHADOW_BOLLINGER_MR_1H,SHIB,SHORT,2026-07-25T19:23:51+00:00,-3.3891923082022304,45.88016786410853,-21.960885407619106,False,False,25.0,-3.3891923082022304,-3.3891923082022304,-3.3891923082022304,-3.3891923082022304,-3.3891923082022304,-3.3891923082022304,-3.3891923082022304,-3.3891923082022304,-3.3891923082022304,-3.3891923082022304,-3.3891923082022304,-3.3891923082022304
820b783b1520aaf2eebc,SHADOW_COMBO_ADAPTIVE,ALLO,SHORT,2026-07-25T19:23:51+00:00,-2.494273320416623,55.89334747975928,-9.4536410288991,True,True,25.0,50.0,-2.494273320416623,-2.494273320416623,-2.494273320416623,-2.494273320416623,-2.494273320416623,50.0,0.0,20.0,30.0,23.752863339791688,36.492486170949455
77c5213f720faa761086,SHADOW_COMBO_ADAPTIVE_PARTIAL_1R_V1,ALLO,SHORT,2026-07-25T19:23:51+00:00,25.104722403929895,53.69225635115803,-9.081354766938748,True,False,25.0,25.104722403929895,25.104722403929895,25.104722403929895,25.104722403929895,25.104722403929895,25.104722403929895,25.104722403929895,25.104722403929895,25.104722403929895,25.104722403929895,37.55236120196495,25.104722403929895
805052958ba89d7b1019,SHADOW_COMBO_ADAPTIVE_QUALITY7_V1,ALLO,SHORT,2026-07-25T19:23:51+00:00,-2.474224651669066,55.44408347984342,-9.377653800115747,True,True,25.0,50.0,-2.474224651669066,-2.474224651669066,-2.474224651669066,-2.474224651669066,-2.474224651669066,50.0,0.0,20.0,30.0,23.762887674165466,36.199163959214474
1bfe31ec50d632ef48b2,SHADOW_COMBO_ADAPTIVE_RUNNER25_V1,ALLO,SHORT,2026-07-25T19:23:51+00:00,-2.437481951916829,54.62072844982881,-9.2383938837918,True,True,25.0,50.0,-2.437481951916829,-2.437481951916829,-2.437481951916829,-2.437481951916829,-2.437481951916829,50.0,0.0,20.0,30.0,23.781259024041585,35.66159959061997
1a800559bdea008fb2af,SHADOW_COMBO_ADAPTIVE_TP3_V1,ALLO,SHORT,2026-07-25T19:23:51+00:00,-2.4274803852598525,54.39660664412109,-9.20048656219728,True,True,25.0,50.0,-2.4274803852598525,-2.4274803852598525,-2.4274803852598525,-2.4274803852598525,-2.4274803852598525,50.0,0.0,20.0,30.0,23.786259807370072,35.51527158801897
7578ce3ea4ce4369ebc0,SHADOW_SCANNER_BOTTOM5_SHORT,ALLO,SHORT,2026-07-25T19:23:51+00:00,-3.9509065014031854,52.90744551707917,-8.948614105741829,True,True,25.0,50.0,-3.9509065014031854,-3.9509065014031854,-3.9509065014031854,-3.9509065014031854,-3.9509065014031854,50.0,0.0,20.0,30.0,23.02454674929841,34.54300575880607
15c439db67d6c1c845c9,SHADOW_1H_FAST_V3_NO_ESPORTS_MFE_LOCK_V1,ALLO,SHORT,2026-07-25T20:08:40+00:00,-54.63165163930355,13.658484196422522,-54.63165163930355,False,False,-54.63165163930355,-54.63165163930355,-54.63165163930355,-54.63165163930355,-54.63165163930355,-54.63165163930355,-50.0,-50.0,-54.63165163930355,-54.63165163930355,-54.63165163930355,-54.63165163930355,-54.63165163930355
f8a81ff5e5ce5ed9fb6d,EVO_CAND_SHADOW_1H_FAST_V3_LONG_ONLY_V1_TP_R200_751e55c4,SHIB,LONG,2026-07-25T20:23:43+00:00,-7.183120988997738,44.179196337863566,-12.878338605755374,False,False,25.0,-7.183120988997738,-7.183120988997738,-7.183120988997738,-7.183120988997738,-7.183120988997738,-7.183120988997738,-7.183120988997738,-7.183120988997738,-7.183120988997738,-7.183120988997738,-7.183120988997738,-7.183120988997738
01982d9ae07587604339,EVO_CAND_SHADOW_1H_FAST_V3_NO_ESPORTS_LONG_ONL_TP_R200_7bbb9481,SHIB,LONG,2026-07-25T20:23:43+00:00,96.28802561733885,97.54352597153257,-31.560565942857668,True,False,25.0,50.0,75.0,96.28802561733885,96.28802561733885,96.28802561733885,96.28802561733885,50.0,96.28802561733885,96.28802561733885,96.28802561733885,73.14401280866943,96.28802561733885
81a79c24b87b37156b07,EVO_CAND_SHADOW_1H_FAST_V3_NO_ESPORTS_MFE_LOCK_TP_R200_6b7c560f,SHIB,LONG,2026-07-25T20:23:43+00:00,24.577458549788165,68.57117304699595,-31.55857761021785,True,False,25.0,50.0,24.577458549788165,24.577458549788165,24.577458549788165,24.577458549788165,24.577458549788165,50.0,24.577458549788165,24.577458549788165,30.0,37.28872927489408,24.577458549788165
ec0c0b0346f795537780,EVO_CAND_SHADOW_1H_FAST_V3_NO_ESPORTS_V1_TP_R200_68f866e1,SHIB,LONG,2026-07-25T20:23:43+00:00,-7.113232255833048,43.74935141822256,-12.753037810766571,False,False,25.0,-7.113232255833048,-7.113232255833048,-7.113232255833048,-7.113232255833048,-7.113232255833048,-7.113232255833048,-7.113232255833048,-7.113232255833048,-7.113232255833048,-7.113232255833048,-7.113232255833048,-7.113232255833048
b51b8e664a40b55434fd,SHADOW_1H_FAST_V3_LONG_ONLY_V1,SHIB,LONG,2026-07-25T20:23:43+00:00,-0.11151697485973594,0.6858760049954691,-0.1999344525496536,False,False,-0.11151697485973594,-0.11151697485973594,-0.11151697485973594,-0.11151697485973594,-0.11151697485973594,-0.11151697485973594,-0.11151697485973594,-0.11151697485973594,-0.11151697485973594,-0.11151697485973594,-0.11151697485973594,-0.11151697485973594,-0.11151697485973594
9dd59e6b357c31aeb8f0,SHADOW_1H_FAST_V3_NO_ESPORTS_LONG_ONLY_V1,SHIB,LONG,2026-07-25T20:23:43+00:00,-7.3366038220827345,45.12317991098445,-13.153512015428795,False,False,25.0,-7.3366038220827345,-7.3366038220827345,-7.3366038220827345,-7.3366038220827345,-7.3366038220827345,-7.3366038220827345,-7.3366038220827345,-7.3366038220827345,-7.3366038220827345,-7.3366038220827345,-7.3366038220827345,-7.3366038220827345
58dec7e3872b7fa6bee0,SHADOW_BOLLINGER_MR_1H,SHIB,SHORT,2026-07-25T20:23:43+00:00,-60.98210513567522,19.63942875605614,-60.98210513567522,False,False,-60.98210513567522,-60.98210513567522,-60.98210513567522,-60.98210513567522,-60.98210513567522,-60.98210513567522,-50.0,-50.0,-60.98210513567522,-60.98210513567522,-60.98210513567522,-60.98210513567522,-60.98210513567522
83bd029805cde180b441,EVO_CAND_SHADOW_1H_FAST_V3_CAP75_V1_TP_R200_86882aa9,SHIB,LONG,2026-07-25T20:38:43+00:00,-21.069515831936318,63.75749958558199,-25.280275024998442,True,True,-21.069515831936318,-21.069515831936318,-21.069515831936318,-21.069515831936318,-21.069515831936318,-21.069515831936318,-21.069515831936318,-21.069515831936318,-21.069515831936318,-21.069515831936318,-21.069515831936318,14.465242084031841,-21.069515831936318
a34b1f643f6f57b926e3,EVO_CAND_SHADOW_1H_FAST_V3_LONG_NOHIGH_CAP75_L_TP_R200_903364ad,SHIB,LONG,2026-07-25T20:38:43+00:00,-21.068790347365308,63.75530422985553,-25.279404551769353,True,True,-21.068790347365308,-21.068790347365308,-21.068790347365308,-21.068790347365308,-21.068790347365308,-21.068790347365308,-21.068790347365308,-21.068790347365308,-21.068790347365308,-21.068790347365308,-21.068790347365308,14.465604826317346,-21.068790347365308
b5cf7ac1e997bd592409,EVO_CAND_SHADOW_1H_FAST_V3_LONG_NOHIGH_CAP75_V_TP_R200_051501d0,SHIB,LONG,2026-07-25T20:38:43+00:00,-21.059132316520934,63.72607850381277,-25.267816355918377,True,True,-21.059132316520934,-21.059132316520934,-21.059132316520934,-21.059132316520934,-21.059132316520934,-21.059132316520934,-21.059132316520934,-21.059132316520934,-21.059132316520934,-21.059132316520934,-21.059132316520934,14.470433841739533,-21.059132316520934
ab4a90d053616207fd0b,SHADOW_1H_BALANCED_LONG_NO_RHV_V1,SHIB,LONG,2026-07-25T20:38:43+00:00,-0.29186120518593583,1.0120638984670922,-0.7400225522073984,False,False,-0.29186120518593583,-0.29186120518593583,-0.29186120518593583,-0.29186120518593583,-0.29186120518593583,-0.29186120518593583,-0.29186120518593583,-0.29186120518593583,-0.29186120518593583,-0.29186120518593583,-0.29186120518593583,-0.29186120518593583,-0.29186120518593583
162ba6a82853a34c1fbd,SHADOW_1H_FAST_NOHIGH_CAP75_SHORT_ONLY_V1,SHIB,LONG,2026-07-25T20:38:43+00:00,-21.101902321316842,63.85550286196139,-25.319133979573603,True,True,-21.101902321316842,-21.101902321316842,-21.101902321316842,-21.101902321316842,-21.101902321316842,-21.101902321316842,-21.101902321316842,-21.101902321316842,-21.101902321316842,-21.101902321316842,-21.101902321316842,14.449048839341579,-21.101902321316842
3200d55e51dcaed32692,SHADOW_1H_FAST_NOHIGH_CAP75_V1,SHIB,LONG,2026-07-25T20:38:43+00:00,-21.534501329449565,65.16457096308682,-25.83818823731597,True,True,25.0,-21.534501329449565,-21.534501329449565,-21.534501329449565,-21.534501329449565,-21.534501329449565,-21.534501329449565,-21.534501329449565,-21.534501329449565,-21.534501329449565,-21.534501329449565,14.232749335275217,-21.534501329449565
5c2be9d29803cde2f412,SHADOW_1H_FAST_SCORE_6_75_NO_TREND_UP_V1,SHIB,LONG,2026-07-25T20:38:43+00:00,-21.483900521498544,65.01145016915396,-25.77747481837969,True,True,25.0,-21.483900521498544,-21.483900521498544,-21.483900521498544,-21.483900521498544,-21.483900521498544,-21.483900521498544,-21.483900521498544,-21.483900521498544,-21.483900521498544,-21.483900521498544,14.258049739250728,-21.483900521498544
109ebf73f1b4e5c68c4f,SHADOW_1H_FAST_SCORE_6_75_RANGE_ONLY_V1,SHIB,LONG,2026-07-25T20:38:43+00:00,-21.42432841281845,64.83118173181633,-25.705997177257572,True,True,25.0,-21.42432841281845,-21.42432841281845,-21.42432841281845,-21.42432841281845,-21.42432841281845,-21.42432841281845,-21.42432841281845,-21.42432841281845,-21.42432841281845,-21.42432841281845,14.287835793590775,-21.42432841281845
4c408f2b7df917091125,SHADOW_1H_FAST_SCORE_6_75_V1,SHIB,LONG,2026-07-25T20:38:43+00:00,-21.712095813465424,65.70198152018563,-26.05127511765322,True,True,25.0,-21.712095813465424,-21.712095813465424,-21.712095813465424,-21.712095813465424,-21.712095813465424,-21.712095813465424,-21.712095813465424,-21.712095813465424,-21.712095813465424,-21.712095813465424,14.143952093267288,-21.712095813465424
10a4e8ee1676e178ea12,SHADOW_1H_FAST_V3_CAP75_V1,SHIB,LONG,2026-07-25T20:38:43+00:00,-21.646369600818083,65.50309042989902,-25.97241347008001,True,True,25.0,-21.646369600818083,-21.646369600818083,-21.646369600818083,-21.646369600818083,-21.646369600818083,-21.646369600818083,-21.646369600818083,-21.646369600818083,-21.646369600818083,-21.646369600818083,14.176815199590958,-21.646369600818083
3d5c1974bde61672b6e2,SHADOW_1H_FAST_V3_LONG_NOHIGH_CAP75_LOCK_V1,SHIB,LONG,2026-07-25T20:38:43+00:00,-20.802109402965236,62.94831320368785,-24.959427212368837,True,True,-20.802109402965236,-20.802109402965236,-20.802109402965236,-20.802109402965236,-20.802109402965236,-20.802109402965236,-20.802109402965236,-20.802109402965236,-20.802109402965236,-20.802109402965236,-20.802109402965236,14.598945298517382,-20.802109402965236
b9d617e0cb3de9510f71,SHADOW_1H_FAST_V3_LONG_NOHIGH_CAP75_V1,SHIB,LONG,2026-07-25T20:38:43+00:00,-20.85076043541761,63.09553387103317,-25.0178011916504,True,True,-20.85076043541761,-20.85076043541761,-20.85076043541761,-20.85076043541761,-20.85076043541761,-20.85076043541761,-20.85076043541761,-20.85076043541761,-20.85076043541761,-20.85076043541761,-20.85076043541761,14.574619782291196,-20.85076043541761
31d1b5a26e08d26b66f0,SHADOW_1H_FAST_V3_NO_ESPORTS_MFE_LOCK_V1,SHIB,LONG,2026-07-25T20:38:43+00:00,-42.20440896569225,39.85211628669778,-42.20440896569225,False,False,-42.20440896569225,-42.20440896569225,-42.20440896569225,-42.20440896569225,-42.20440896569225,-42.20440896569225,-42.20440896569225,-42.20440896569225,-42.20440896569225,-42.20440896569225,-42.20440896569225,-42.20440896569225,-42.20440896569225
89acdf07b1546b39e0df,SHADOW_COMBO_ADAPTIVE_LONG_ONLY_V1,SHIB,LONG,2026-07-25T20:38:43+00:00,-0.510487349221915,1.7701763975192386,-1.2943554824291357,False,False,-0.510487349221915,-0.510487349221915,-0.510487349221915,-0.510487349221915,-0.510487349221915,-0.510487349221915,-0.510487349221915,-0.510487349221915,-0.510487349221915,-0.510487349221915,-0.510487349221915,-0.510487349221915,-0.510487349221915
295a11499bcb75215a8b,SHADOW_COMBO_ADAPTIVE_QUALITY7_V1,SHIB,LONG,2026-07-25T20:38:43+00:00,-0.38992402296959705,1.352108535771916,-0.988663671354024,False,False,-0.38992402296959705,-0.38992402296959705,-0.38992402296959705,-0.38992402296959705,-0.38992402296959705,-0.38992402296959705,-0.38992402296959705,-0.38992402296959705,-0.38992402296959705,-0.38992402296959705,-0.38992402296959705,-0.38992402296959705,-0.38992402296959705
9f4c0c3febcb3faf568c,SHADOW_COMBO_SCANNER,SHIB,LONG,2026-07-25T20:38:43+00:00,-0.5421483534496051,1.8799647448525045,-1.374632877086977,False,False,-0.5421483534496051,-0.5421483534496051,-0.5421483534496051,-0.5421483534496051,-0.5421483534496051,-0.5421483534496051,-0.5421483534496051,-0.5421483534496051,-0.5421483534496051,-0.5421483534496051,-0.5421483534496051,-0.5421483534496051,-0.5421483534496051
28bbff425aa59937e9f6,SHADOW_SCANNER_TOP10_LONG,SHIB,LONG,2026-07-25T20:38:43+00:00,-0.30752783269650347,1.0663898171998534,-0.7797457407259509,False,False,-0.30752783269650347,-0.30752783269650347,-0.30752783269650347,-0.30752783269650347,-0.30752783269650347,-0.30752783269650347,-0.30752783269650347,-0.30752783269650347,-0.30752783269650347,-0.30752783269650347,-0.30752783269650347,-0.30752783269650347,-0.30752783269650347
85cb0c73c43ac651aac6,SHADOW_SCANNER_TOP15_LONG,SHIB,LONG,2026-07-25T20:38:43+00:00,-0.30752783269650347,1.0663898171998534,-0.7797457407259509,False,False,-0.30752783269650347,-0.30752783269650347,-0.30752783269650347,-0.30752783269650347,-0.30752783269650347,-0.30752783269650347,-0.30752783269650347,-0.30752783269650347,-0.30752783269650347,-0.30752783269650347,-0.30752783269650347,-0.30752783269650347,-0.30752783269650347
82661ecd8c9278befdaa,SHADOW_SCANNER_TOP20_LONG,SHIB,LONG,2026-07-25T20:38:43+00:00,-0.30752783269650347,1.0663898171998534,-0.7797457407259509,False,False,-0.30752783269650347,-0.30752783269650347,-0.30752783269650347,-0.30752783269650347,-0.30752783269650347,-0.30752783269650347,-0.30752783269650347,-0.30752783269650347,-0.30752783269650347,-0.30752783269650347,-0.30752783269650347,-0.30752783269650347,-0.30752783269650347
d1329914916686e7a025,SHADOW_SCANNER_TOP5_BTC,SHIB,LONG,2026-07-25T20:38:43+00:00,-0.3081478783558412,1.0685399002395541,-0.7813178844818018,False,False,-0.3081478783558412,-0.3081478783558412,-0.3081478783558412,-0.3081478783558412,-0.3081478783558412,-0.3081478783558412,-0.3081478783558412,-0.3081478783558412,-0.3081478783558412,-0.3081478783558412,-0.3081478783558412,-0.3081478783558412,-0.3081478783558412
530d224b7bf1b89f27ae,SHADOW_SCANNER_TOP5_BTC_BTC_LE3_V1,SHIB,LONG,2026-07-25T20:38:43+00:00,-0.295935434541,1.026191779703341,-0.7503528789244833,False,False,-0.295935434541,-0.295935434541,-0.295935434541,-0.295935434541,-0.295935434541,-0.295935434541,-0.295935434541,-0.295935434541,-0.295935434541,-0.295935434541,-0.295935434541,-0.295935434541,-0.295935434541
88e1ed1bcc74753681f8,SHADOW_SCANNER_TOP5_BTC_RUNNER25_V1,SHIB,LONG,2026-07-25T20:38:43+00:00,-0.3514207423367335,1.2185937705044896,-0.8910374863866275,False,False,-0.3514207423367335,-0.3514207423367335,-0.3514207423367335,-0.3514207423367335,-0.3514207423367335,-0.3514207423367335,-0.3514207423367335,-0.3514207423367335,-0.3514207423367335,-0.3514207423367335,-0.3514207423367335,-0.3514207423367335,-0.3514207423367335
c5590f8016779a848eba,EVO_CAND_SHADOW_1H_FAST_V3_NO_ESPORTS_MFE_LOCK_TP_R200_6b7c560f,ALLO,SHORT,2026-07-25T21:37:42+00:00,-55.67223253109819,15.600416980111248,-55.67223253109819,False,False,-55.67223253109819,-55.67223253109819,-55.67223253109819,-55.67223253109819,-55.67223253109819,-55.67223253109819,-50.0,-50.0,-55.67223253109819,-55.67223253109819,-55.67223253109819,-55.67223253109819,-55.67223253109819
d2d528234bd24228cdc8,SHADOW_1H_FAST_NOHIGH_CAP75_SHORT_ONLY_V1,AKE,LONG,2026-07-25T21:37:42+00:00,-51.88136642425044,0.6948763261942963,-51.88136642425044,False,False,-51.88136642425044,-51.88136642425044,-51.88136642425044,-51.88136642425044,-51.88136642425044,-51.88136642425044,-50.0,-50.0,-51.88136642425044,-51.88136642425044,-51.88136642425044,-51.88136642425044,-51.88136642425044
a1465b9adca325dc3480,SHADOW_SCANNER_BOTTOM5_SHORT_MFE_TRAIL_V1,ALLO,SHORT,2026-07-25T21:37:42+00:00,-53.65900960485692,11.286161252590825,-53.65900960485692,False,False,-53.65900960485692,-53.65900960485692,-53.65900960485692,-53.65900960485692,-53.65900960485692,-53.65900960485692,-50.0,-50.0,-53.65900960485692,-53.65900960485692,-53.65900960485692,-53.65900960485692,-53.65900960485692
36efa84b8468ca3eebf8,SHADOW_RSI_SHORT_15X_10_RSI75,XRP,SHORT,2026-07-25T22:22:16+00:00,0.2282052881516284,0.658248863784559,-0.5557000371218482,False,False,0.2282052881516284,0.2282052881516284,0.2282052881516284,0.2282052881516284,0.2282052881516284,0.2282052881516284,0.2282052881516284,0.2282052881516284,0.2282052881516284,0.2282052881516284,0.2282052881516284,0.2282052881516284,0.2282052881516284
3a5ac0864f551f7b343f,SHADOW_RSI_SHORT_15X_10_RSI80,XRP,SHORT,2026-07-25T22:22:16+00:00,0.2282052881516284,0.658248863784559,-0.5557000371218482,False,False,0.2282052881516284,0.2282052881516284,0.2282052881516284,0.2282052881516284,0.2282052881516284,0.2282052881516284,0.2282052881516284,0.2282052881516284,0.2282052881516284,0.2282052881516284,0.2282052881516284,0.2282052881516284,0.2282052881516284
2fce3387055ad9ae0d13,SHADOW_RSI_SHORT_15X_50_RSI75,XRP,SHORT,2026-07-25T22:22:16+00:00,1.1410264407581419,3.291244318922794,-2.778500185609241,False,False,1.1410264407581419,1.1410264407581419,1.1410264407581419,1.1410264407581419,1.1410264407581419,1.1410264407581419,1.1410264407581419,1.1410264407581419,1.1410264407581419,1.1410264407581419,1.1410264407581419,1.1410264407581419,1.1410264407581419
55e07d3578b5026da093,SHADOW_RSI_SHORT_15X_50_RSI80,XRP,SHORT,2026-07-25T22:22:16+00:00,1.1410264407581419,3.291244318922794,-2.778500185609241,False,False,1.1410264407581419,1.1410264407581419,1.1410264407581419,1.1410264407581419,1.1410264407581419,1.1410264407581419,1.1410264407581419,1.1410264407581419,1.1410264407581419,1.1410264407581419,1.1410264407581419,1.1410264407581419,1.1410264407581419
528acb73b93e35090cb8,SHADOW_RSI_SHORT_5X_RSI75,XRP,SHORT,2026-07-25T22:38:40+00:00,2.7655862326378307,9.631528924354484,-8.131029577524192,False,False,2.7655862326378307,2.7655862326378307,2.7655862326378307,2.7655862326378307,2.7655862326378307,2.7655862326378307,2.7655862326378307,2.7655862326378307,2.7655862326378307,2.7655862326378307,2.7655862326378307,2.7655862326378307,2.7655862326378307
6752d70feba5d10df576,SHADOW_RSI_SHORT_5X_RSI80,XRP,SHORT,2026-07-25T22:38:40+00:00,2.778850964317394,9.677725150434068,-8.170028876968052,False,False,2.778850964317394,2.778850964317394,2.778850964317394,2.778850964317394,2.778850964317394,2.778850964317394,2.778850964317394,2.778850964317394,2.778850964317394,2.778850964317394,2.778850964317394,2.778850964317394,2.778850964317394
8356f94682e381af8f2a,SHADOW_1H_BALANCED_V3,SHIB,LONG,2026-07-25T22:53:38+00:00,-54.65371034935927,32.325644823239415,-53.86184399091705,False,False,-54.65371034935927,-54.65371034935927,-54.65371034935927,-54.65371034935927,-54.65371034935927,-54.65371034935927,-50.0,-50.0,-54.65371034935927,-54.65371034935927,-54.65371034935927,-54.65371034935927,-54.65371034935927
8356f94682e381af8f2a::SHADOW_1H_BALANCED_V3_LONG_ONLY_V1,SHADOW_1H_BALANCED_V3_LONG_ONLY_V1,SHIB,LONG,2026-07-25T22:53:38+00:00,-51.586382619325306,30.511434111400465,-50.83895814093487,False,False,-51.586382619325306,-51.586382619325306,-51.586382619325306,-51.586382619325306,-51.586382619325306,-51.586382619325306,-50.0,-50.0,-51.586382619325306,-51.586382619325306,-51.586382619325306,-51.586382619325306,-51.586382619325306
2b896bce54058bca2439,SHADOW_MASTER_ADAPTIVE_GB20_LOSS_CAP_V1,SHIB,LONG,2026-07-25T23:08:44+00:00,-1.3270955341494417,1.9128486514185772,-1.3010347936256406,False,False,-1.3270955341494417,-1.3270955341494417,-1.3270955341494417,-1.3270955341494417,-1.3270955341494417,-1.3270955341494417,-1.3270955341494417,-1.3270955341494417,-1.3270955341494417,-1.3270955341494417,-1.3270955341494417,-1.3270955341494417,-1.3270955341494417
fd11571d5090ddb1a092,SHADOW_MASTER_ADAPTIVE_RUNNER25_V1,SHIB,LONG,2026-07-25T23:08:44+00:00,-0.9300656868361327,1.0440072834904721,-0.9141929383422548,False,False,-0.9300656868361327,-0.9300656868361327,-0.9300656868361327,-0.9300656868361327,-0.9300656868361327,-0.9300656868361327,-0.9300656868361327,-0.9300656868361327,-0.9300656868361327,-0.9300656868361327,-0.9300656868361327,-0.9300656868361327,-0.9300656868361327
1642a75b88f417fe38e2,EVO_CAND_SHADOW_1H_FAST_V3_NOHIGH_V1_TP_R200_8346046b,ALLO,SHORT,2026-07-26T00:37:51+00:00,-65.67194073528668,24.956900924396102,-65.67194073528668,False,False,-65.67194073528668,-65.67194073528668,-65.67194073528668,-65.67194073528668,-65.67194073528668,-65.67194073528668,-50.0,-50.0,-65.67194073528668,-65.67194073528668,-65.67194073528668,-65.67194073528668,-65.67194073528668
9c0e2334cce94abd52da,EVO_CAND_SHADOW_1H_FAST_V3_NO_ESPORTS_V1_TP_R200_68f866e1,ALLO,SHORT,2026-07-26T00:37:51+00:00,-63.385826988544466,26.891970198872766,-63.385826988544466,False,False,-63.385826988544466,-63.385826988544466,-63.385826988544466,-63.385826988544466,-63.385826988544466,-63.385826988544466,-50.0,-50.0,-63.385826988544466,-63.385826988544466,-63.385826988544466,-63.385826988544466,-63.385826988544466
5f63240189e430df978e,EVO_CAND_SHADOW_1H_FAST_V3_TP_R200_3ee5afb4,ALLO,SHORT,2026-07-26T00:37:51+00:00,-65.67194073528668,24.956900924396102,-65.67194073528668,False,False,-65.67194073528668,-65.67194073528668,-65.67194073528668,-65.67194073528668,-65.67194073528668,-65.67194073528668,-50.0,-50.0,-65.67194073528668,-65.67194073528668,-65.67194073528668,-65.67194073528668,-65.67194073528668
9730e2024f903df3c1bd,SHADOW_1H_BALANCED_V2,ALLO,SHORT,2026-07-26T00:37:51+00:00,-50.40818729064512,19.72861548476458,-50.31519495908434,False,False,-50.40818729064512,-50.40818729064512,-50.40818729064512,-50.40818729064512,-50.40818729064512,-50.40818729064512,-50.0,-50.0,-50.40818729064512,-50.40818729064512,-50.40818729064512,-50.40818729064512,-50.40818729064512
806273909e116b67a7f8,SHADOW_1H_BALANCED_V3,SOL,SHORT,2026-07-26T00:37:51+00:00,-57.61050096394005,-2.192230212650096,-56.86879009503698,False,False,-57.61050096394005,-57.61050096394005,-57.61050096394005,-57.61050096394005,-57.61050096394005,-57.61050096394005,-50.0,-50.0,-57.61050096394005,-57.61050096394005,-57.61050096394005,-57.61050096394005,-57.61050096394005
be279c2470a4facfb3b5,SHADOW_1H_FAST_NOHIGH_CAP75_V1,BTC,SHORT,2026-07-26T00:37:51+00:00,-55.56325071930692,-1.8039540819198487,-54.653191628677874,False,False,-55.56325071930692,-55.56325071930692,-55.56325071930692,-55.56325071930692,-55.56325071930692,-55.56325071930692,-50.0,-50.0,-55.56325071930692,-55.56325071930692,-55.56325071930692,-55.56325071930692,-55.56325071930692
42702dcd8aa9420583f1,SHADOW_1H_FAST_NO_PEPE_V1,ALLO,SHORT,2026-07-26T00:37:51+00:00,-66.12510764177189,25.129115137357374,-66.12510764177189,False,False,-66.12510764177189,-66.12510764177189,-66.12510764177189,-66.12510764177189,-66.12510764177189,-66.12510764177189,-50.0,-50.0,-66.12510764177189,-66.12510764177189,-66.12510764177189,-66.12510764177189,-66.12510764177189
263af6ae320f558f5328,SHADOW_1H_FAST_SCORE_6_75_V1,BTC,SHORT,2026-07-26T00:37:51+00:00,-56.34383628447211,-1.8292971008818077,-55.42099214292549,False,False,-56.34383628447211,-56.34383628447211,-56.34383628447211,-56.34383628447211,-56.34383628447211,-56.34383628447211,-50.0,-50.0,-56.34383628447211,-56.34383628447211,-56.34383628447211,-56.34383628447211,-56.34383628447211
05ddcc4a7a65e648e5af,SHADOW_1H_FAST_TP2_V1,ALLO,SHORT,2026-07-26T00:37:51+00:00,-63.93363489850955,24.29630332275653,-63.93363489850955,False,False,-63.93363489850955,-63.93363489850955,-63.93363489850955,-63.93363489850955,-63.93363489850955,-63.93363489850955,-50.0,-50.0,-63.93363489850955,-63.93363489850955,-63.93363489850955,-63.93363489850955,-63.93363489850955
c2a7dffbf482503f2bf9,SHADOW_1H_FAST_V3,ALLO,SHORT,2026-07-26T00:37:51+00:00,-66.49458437184174,25.26952509087757,-66.49458437184174,False,False,-66.49458437184174,-66.49458437184174,-66.49458437184174,-66.49458437184174,-66.49458437184174,-66.49458437184174,-50.0,-50.0,-66.49458437184174,-66.49458437184174,-66.49458437184174,-66.49458437184174,-66.49458437184174
4d35835ab90dcb92bd33,SHADOW_1H_FAST_V3_CAP75_V1,BTC,SHORT,2026-07-26T00:37:51+00:00,-55.85273789777595,-1.8133527684708002,-54.937937356008334,False,False,-55.85273789777595,-55.85273789777595,-55.85273789777595,-55.85273789777595,-55.85273789777595,-55.85273789777595,-50.0,-50.0,-55.85273789777595,-55.85273789777595,-55.85273789777595,-55.85273789777595,-55.85273789777595
e429b66c5dd61fec4647,SHADOW_1H_FAST_V3_NOHIGH_V1,ALLO,SHORT,2026-07-26T00:37:51+00:00,-65.01392616558746,24.706839722626736,-65.01392616558746,False,False,-65.01392616558746,-65.01392616558746,-65.01392616558746,-65.01392616558746,-65.01392616558746,-65.01392616558746,-50.0,-50.0,-65.01392616558746,-65.01392616558746,-65.01392616558746,-65.01392616558746,-65.01392616558746
235b0e120f6ee9107c72,SHADOW_1H_FAST_V3_NO_ESPORTS_V1,ALLO,SHORT,2026-07-26T00:37:51+00:00,-65.19012703438317,24.773800247564655,-65.19012703438317,False,False,-65.19012703438317,-65.19012703438317,-65.19012703438317,-65.19012703438317,-65.19012703438317,-65.19012703438317,-50.0,-50.0,-65.19012703438317,-65.19012703438317,-65.19012703438317,-65.19012703438317,-65.19012703438317
066d0a3f8a807d68a3b5,SHADOW_RELATIVE_STRENGTH_V2,ALLO,SHORT,2026-07-26T00:37:51+00:00,-46.86491423388715,18.341859176880497,-46.778458483794864,False,False,-46.86491423388715,-46.86491423388715,-46.86491423388715,-46.86491423388715,-46.86491423388715,-46.86491423388715,-46.86491423388715,-46.86491423388715,-46.86491423388715,-46.86491423388715,-46.86491423388715,-46.86491423388715,-46.86491423388715
dda5f155b478f95cc211,SHADOW_SCANNER_BOTTOM10_SHORT,ALLO,SHORT,2026-07-26T00:37:51+00:00,-59.06322586824257,37.75517364191028,-59.06322586824257,False,False,25.0,-59.06322586824257,-59.06322586824257,-59.06322586824257,-59.06322586824257,-59.06322586824257,-50.0,-50.0,-59.06322586824257,-59.06322586824257,-59.06322586824257,-59.06322586824257,-59.06322586824257
0ec4d0473473e19fbb10,SHADOW_SCANNER_BOTTOM15_SHORT,ALLO,SHORT,2026-07-26T00:37:51+00:00,-59.06322586824257,37.75517364191028,-59.06322586824257,False,False,25.0,-59.06322586824257,-59.06322586824257,-59.06322586824257,-59.06322586824257,-59.06322586824257,-50.0,-50.0,-59.06322586824257,-59.06322586824257,-59.06322586824257,-59.06322586824257,-59.06322586824257
c980edd85b4b980be7f6,SHADOW_SCANNER_BOTTOM20_SHORT,ALLO,SHORT,2026-07-26T00:37:51+00:00,-59.06322586824257,37.75517364191028,-59.06322586824257,False,False,25.0,-59.06322586824257,-59.06322586824257,-59.06322586824257,-59.06322586824257,-59.06322586824257,-50.0,-50.0,-59.06322586824257,-59.06322586824257,-59.06322586824257,-59.06322586824257,-59.06322586824257
1e8d54ce2f77309d3ad9,SHADOW_SCANNER_BOTTOM5_SHORT,SOL,SHORT,2026-07-26T00:37:51+00:00,-54.525325532867896,-2.0748312197901733,-53.82333499465819,False,False,-54.525325532867896,-54.525325532867896,-54.525325532867896,-54.525325532867896,-54.525325532867896,-54.525325532867896,-50.0,-50.0,-54.525325532867896,-54.525325532867896,-54.525325532867896,-54.525325532867896,-54.525325532867896
923b270eee6287a3b40c,SHADOW_SCANNER_BOTTOM5_SHORT_MFE_TRAIL_V1,SOL,SHORT,2026-07-26T00:37:51+00:00,-54.73170780498683,-2.079651052101461,-54.02808654296431,False,False,-54.73170780498683,-54.73170780498683,-54.73170780498683,-54.73170780498683,-54.73170780498683,-54.73170780498683,-50.0,-50.0,-54.73170780498683,-54.73170780498683,-54.73170780498683,-54.73170780498683,-54.73170780498683
38aa35789ed8e2314b82,SHADOW_SCANNER_BOTTOM5_SHORT_PROFIT_LOCK_V1,SOL,SHORT,2026-07-26T00:37:51+00:00,-54.73170780498683,-2.079651052101461,-54.02808654296431,False,False,-54.73170780498683,-54.73170780498683,-54.73170780498683,-54.73170780498683,-54.73170780498683,-54.73170780498683,-50.0,-50.0,-54.73170780498683,-54.73170780498683,-54.73170780498683,-54.73170780498683,-54.73170780498683
f5eaf42de1cd91693d93,SHADOW_SCANNER_BOTTOM5_SHORT_PROFIT_LOCK_V1,ALLO,SHORT,2026-07-26T00:37:51+00:00,-50.21021857937197,21.174814115385384,-50.117591457770665,False,False,-50.21021857937197,-50.21021857937197,-50.21021857937197,-50.21021857937197,-50.21021857937197,-50.21021857937197,-50.0,-50.0,-50.21021857937197,-50.21021857937197,-50.21021857937197,-50.21021857937197,-50.21021857937197
2fad23cbdaedb0955086,SHADOW_SOL_EMA_1H,SOL,SHORT,2026-07-26T00:37:51+00:00,-54.95906435633357,3.9909385153310577,-54.25193808068767,False,False,-54.95906435633357,-54.95906435633357,-54.95906435633357,-54.95906435633357,-54.95906435633357,-54.95906435633357,-50.0,-50.0,-54.95906435633357,-54.95906435633357,-54.95906435633357,-54.95906435633357,-54.95906435633357
5da89630703b78a3c2bf,SHADOW_ETH_DONCHIAN_1H,ETH,SHORT,2026-07-26T01:08:38+00:00,-55.221232809616346,17.812530814030783,-54.43089042218309,False,False,-55.221232809616346,-55.221232809616346,-55.221232809616346,-55.221232809616346,-55.221232809616346,-55.221232809616346,-50.0,-50.0,-55.221232809616346,-55.221232809616346,-55.221232809616346,-55.221232809616346,-55.221232809616346
c3024348611942234274,SHADOW_1H_FAST_NOHIGH_CAP75_V1,ALLO,SHORT,2026-07-26T01:38:36+00:00,73.9704904958364,74.08533652803172,-26.653548045006026,True,False,25.0,50.0,73.9704904958364,73.9704904958364,73.9704904958364,73.9704904958364,73.9704904958364,50.0,73.9704904958364,73.9704904958364,73.9704904958364,61.9852452479182,73.9704904958364
33c6831dd54f74ddd098,SHADOW_1H_FAST_V3,ALLO,SHORT,2026-07-26T01:38:36+00:00,72.50975521880157,72.62233332429354,-23.082123290245875,True,False,25.0,50.0,72.50975521880157,72.50975521880157,72.50975521880157,72.50975521880157,72.50975521880157,50.0,72.50975521880157,72.50975521880157,72.50975521880157,61.254877609400786,72.50975521880157
a26c295392cf0a1ea200,SHADOW_1H_FAST_V3_CAP75_V1,ALLO,SHORT,2026-07-26T01:38:36+00:00,74.35588144452568,74.47132583183539,-26.792414721408264,True,False,25.0,50.0,74.35588144452568,74.35588144452568,74.35588144452568,74.35588144452568,74.35588144452568,50.0,74.35588144452568,74.35588144452568,74.35588144452568,62.17794072226284,74.35588144452568
6ebd4c72849db9069bec,SHADOW_1H_FAST_V3_NOHIGH_V1,ALLO,SHORT,2026-07-26T01:38:36+00:00,70.89573031957546,71.00580250203922,-22.568328675920604,True,False,25.0,50.0,70.89573031957546,70.89573031957546,70.89573031957546,70.89573031957546,70.89573031957546,50.0,70.89573031957546,70.89573031957546,70.89573031957546,60.44786515978773,70.89573031957546
9e19c7439eb85d67a3d0,SHADOW_1H_FAST_V3_NO_ESPORTS_V1,ALLO,SHORT,2026-07-26T01:38:36+00:00,71.0878720779614,71.1982425782871,-22.629493408071284,True,False,25.0,50.0,71.0878720779614,71.0878720779614,71.0878720779614,71.0878720779614,71.0878720779614,50.0,71.0878720779614,71.0878720779614,71.0878720779614,60.5439360389807,71.0878720779614
b97ef8f3565e1296c4c6,SHADOW_1H_FAST_SCORE_6_75_COST_AWARE_V1,ALLO,SHORT,2026-07-26T01:53:36+00:00,75.79384861129195,75.89904158825242,-35.08135349121807,True,False,25.0,50.0,75.0,75.79384861129195,75.79384861129195,75.79384861129195,75.79384861129195,50.0,75.79384861129195,75.79384861129195,75.79384861129195,62.896924305645975,75.79384861129195
4d4242996c70d7e79277,SHADOW_1H_FAST_V3_NOHIGH_RANGE_ONLY_V1,ALLO,SHORT,2026-07-26T01:53:36+00:00,74.88271153045831,74.99247299559673,-28.17974579041415,True,False,25.0,50.0,74.88271153045831,74.88271153045831,74.88271153045831,74.88271153045831,74.88271153045831,50.0,74.88271153045831,74.88271153045831,74.88271153045831,62.441355765229154,74.88271153045831
135efff73033fda508a3,SHADOW_1H_FAST_V3_NOHIGH_REGIME_GUARD_V1,ALLO,SHORT,2026-07-26T01:53:36+00:00,75.39299923710352,75.49763588212207,-34.895819455801075,True,False,25.0,50.0,75.0,75.39299923710352,75.39299923710352,75.39299923710352,75.39299923710352,50.0,75.39299923710352,75.39299923710352,75.39299923710352,62.69649961855176,75.39299923710352
38268350fd57d8372b36,SHADOW_1H_FAST_NOHIGH_CAP75_SHORT_ONLY_V1,SHIB,LONG,2026-07-26T02:08:37+00:00,72.02943470627946,72.3354498101301,-32.81295267006749,True,False,25.0,50.0,72.02943470627946,72.02943470627946,72.02943470627946,72.02943470627946,72.02943470627946,50.0,72.02943470627946,72.02943470627946,72.02943470627946,61.01471735313973,72.02943470627946
948d819d61374ca9d749,SHADOW_1H_FAST_NOHIGH_CAP75_V1,SHIB,LONG,2026-07-26T02:08:37+00:00,74.07688511858196,74.3915987600944,-33.74566710475867,True,False,25.0,50.0,74.07688511858196,74.07688511858196,74.07688511858196,74.07688511858196,74.07688511858196,50.0,74.07688511858196,74.07688511858196,74.07688511858196,62.03844255929098,74.07688511858196
20d4f27a8b2b5e4ea677,SHADOW_1H_FAST_NO_PEPE_V1,SHIB,LONG,2026-07-26T02:08:37+00:00,70.85431130842736,71.16007339115939,-26.495877265205216,True,False,25.0,50.0,70.85431130842736,70.85431130842736,70.85431130842736,70.85431130842736,70.85431130842736,50.0,70.85431130842736,70.85431130842736,70.85431130842736,60.42715565421368,70.85431130842736
4f8f0ff2b97d35d8b139,SHADOW_1H_FAST_SCORE_6_75_COST_AWARE_V1,BANK,LONG,2026-07-26T02:08:37+00:00,75.70903480511143,75.8394710893943,-11.761952050232269,True,False,25.0,50.0,75.0,75.70903480511143,75.70903480511143,75.70903480511143,75.70903480511143,50.0,75.70903480511143,75.70903480511143,75.70903480511143,62.854517402555715,75.70903480511143
fa83ed7a2b82fd8ca9b2,SHADOW_1H_FAST_SCORE_6_75_NO_TREND_UP_V1,SHIB,LONG,2026-07-26T02:08:37+00:00,74.10075217634952,74.41556721641092,-33.756539724266155,True,False,25.0,50.0,74.10075217634952,74.10075217634952,74.10075217634952,74.10075217634952,74.10075217634952,50.0,74.10075217634952,74.10075217634952,74.10075217634952,62.05037608817476,74.10075217634952
05d963810674e16c7b7c,SHADOW_1H_FAST_SCORE_6_75_RANGE_ONLY_V1,SHIB,LONG,2026-07-26T02:08:37+00:00,73.89513592638411,74.20907741137259,-33.662871402338816,True,False,25.0,50.0,73.89513592638411,73.89513592638411,73.89513592638411,73.89513592638411,73.89513592638411,50.0,73.89513592638411,73.89513592638411,73.89513592638411,61.94756796319206,73.89513592638411
7c4500db5bb1720a37ef,SHADOW_1H_FAST_SCORE_6_75_V1,SHIB,LONG,2026-07-26T02:08:37+00:00,74.94020982182255,75.25859127497056,-34.13895399839944,True,False,25.0,50.0,74.94020982182255,74.94020982182255,74.94020982182255,74.94020982182255,74.94020982182255,50.0,74.94020982182255,74.94020982182255,74.94020982182255,62.470104910911274,74.94020982182255
18f10d17c7311912b28a,SHADOW_1H_FAST_V3_CAP75_V1,SHIB,LONG,2026-07-26T02:08:37+00:00,74.46058592599915,74.77692971000691,-33.920461707612176,True,False,25.0,50.0,74.46058592599915,74.46058592599915,74.46058592599915,74.46058592599915,74.46058592599915,50.0,74.46058592599915,74.46058592599915,74.46058592599915,62.23029296299958,74.46058592599915
276a10c652450972c712,SHADOW_1H_FAST_V3_LONG_NOHIGH_CAP75_LOCK_V1,BANK,LONG,2026-07-26T02:08:37+00:00,73.00423293584235,73.12437032194234,-3.6606730060349646,True,False,25.0,50.0,75.0,73.00423293584235,73.00423293584235,73.00423293584235,73.00423293584235,50.0,73.00423293584235,73.00423293584235,73.00423293584235,61.50211646792118,73.00423293584235
7e7dac57ee7820735907,SHADOW_1H_FAST_V3_LONG_NOHIGH_CAP75_LOCK_V1,SHIB,LONG,2026-07-26T02:08:37+00:00,71.74996752950113,72.0547953246151,-32.6856416161649,True,False,25.0,50.0,71.74996752950113,71.74996752950113,71.74996752950113,71.74996752950113,71.74996752950113,50.0,71.74996752950113,71.74996752950113,71.74996752950113,60.87498376475057,71.74996752950113
9e11b8dd0c7372110aa2,SHADOW_1H_FAST_V3_LONG_NOHIGH_CAP75_V1,BANK,LONG,2026-07-26T02:08:37+00:00,72.70878138004873,72.82843256451076,-3.6458580906336184,True,False,25.0,50.0,75.0,72.70878138004873,72.70878138004873,72.70878138004873,72.70878138004873,50.0,72.70878138004873,72.70878138004873,72.70878138004873,61.35439069002437,72.70878138004873
f884987cf38753163373,SHADOW_1H_FAST_V3_LONG_NOHIGH_CAP75_V1,SHIB,LONG,2026-07-26T02:08:37+00:00,71.91763624133773,72.22317637243593,-32.76202296676386,True,False,25.0,50.0,71.91763624133773,71.91763624133773,71.91763624133773,71.91763624133773,71.91763624133773,50.0,71.91763624133773,71.91763624133773,71.91763624133773,60.958818120668866,71.91763624133773
d4c85ecb669637b9610f,SHADOW_1H_FAST_V3_NO_ESPORTS_LONG_ONLY_V1,SHIB,LONG,2026-07-26T02:08:37+00:00,71.78324538560922,72.13202032401153,-48.85424527726545,True,False,25.0,50.0,71.78324538560922,71.78324538560922,71.78324538560922,71.78324538560922,71.78324538560922,50.0,71.78324538560922,71.78324538560922,71.78324538560922,60.89162269280461,71.78324538560922
1d92349979b108d9b641,SHADOW_1H_FAST_V3_NO_ESPORTS_MFE_LOCK_V1,SHIB,LONG,2026-07-26T02:08:37+00:00,71.64519866193376,71.94958134934947,-32.63791424044963,True,False,25.0,50.0,71.64519866193376,71.64519866193376,71.64519866193376,71.64519866193376,71.64519866193376,50.0,71.64519866193376,71.64519866193376,71.64519866193376,60.82259933096688,71.64519866193376
e7e5bb056eca7395f5ca,SHADOW_BOLLINGER_MR_1H,SHIB,SHORT,2026-07-26T02:08:37+00:00,-83.19503578121206,40.70907289750879,-83.19503578121206,False,False,25.0,-83.19503578121206,-83.19503578121206,-83.19503578121206,-83.19503578121206,-83.19503578121206,-50.0,-50.0,-83.19503578121206,-83.19503578121206,-83.19503578121206,-83.19503578121206,-83.19503578121206
4e3e49a5495df39a47e5,EVO_CAND_SHADOW_1H_FAST_V3_CAP75_V1_TP_R200_86882aa9,SHIB,LONG,2026-07-26T02:23:36+00:00,97.5816834704764,97.89541083055329,-33.10560546215627,True,False,25.0,50.0,75.0,97.5816834704764,97.5816834704764,97.5816834704764,97.5816834704764,50.0,97.5816834704764,97.5816834704764,97.5816834704764,73.7908417352382,97.5816834704764
fbbe9706b3b2b2f41fcd,EVO_CAND_SHADOW_1H_FAST_V3_LONG_NOHIGH_CAP75_L_TP_R200_903364ad,SHIB,LONG,2026-07-26T02:23:36+00:00,97.57403137636514,97.88773413478322,-33.10300940929474,True,False,25.0,50.0,75.0,97.57403137636514,97.57403137636514,97.57403137636514,97.57403137636514,50.0,97.57403137636514,97.57403137636514,97.57403137636514,73.78701568818258,97.57403137636514
8163ffc7c7870ebc9a05,EVO_CAND_SHADOW_1H_FAST_V3_LONG_NOHIGH_CAP75_V_TP_R200_051501d0,SHIB,LONG,2026-07-26T02:23:36+00:00,97.53424839262769,97.84782324783667,-33.08951261648609,True,False,25.0,50.0,75.0,97.53424839262769,97.53424839262769,97.53424839262769,97.53424839262769,50.0,97.53424839262769,97.53424839262769,97.53424839262769,73.76712419631384,97.53424839262769
8b1a07a03a1ee14312a8,EVO_CAND_SHADOW_1H_FAST_V3_LONG_ONLY_V1_TP_R200_751e55c4,SHIB,LONG,2026-07-26T02:23:36+00:00,94.4601876311863,94.80646187831964,-47.82622243536569,True,False,25.0,50.0,75.0,94.4601876311863,94.4601876311863,94.4601876311863,94.4601876311863,50.0,94.4601876311863,94.4601876311863,94.4601876311863,72.23009381559315,94.4601876311863
3e1ccb5f178f3e461cb7,EVO_CAND_SHADOW_1H_FAST_V3_NO_ESPORTS_LONG_ONL_TP_R200_7bbb9481,SHIB,LONG,2026-07-26T02:23:36+00:00,98.34843724237071,98.70896512101321,-49.79488558808777,True,False,25.0,50.0,75.0,98.34843724237071,98.34843724237071,98.34843724237071,98.34843724237071,50.0,98.34843724237071,98.34843724237071,98.34843724237071,74.17421862118536,98.34843724237071
09ea81e22b6ec76d4ec6,EVO_CAND_SHADOW_1H_FAST_V3_NO_ESPORTS_MFE_LOCK_TP_R200_6b7c560f,SHIB,LONG,2026-07-26T02:23:36+00:00,96.42391454632478,96.77738746705987,-48.820478773416,True,False,25.0,50.0,75.0,96.42391454632478,96.42391454632478,96.42391454632478,96.42391454632478,50.0,96.42391454632478,96.42391454632478,96.42391454632478,73.2119572731624,96.42391454632478
4adf0600dbdb91f4ea62,EVO_CAND_SHADOW_1H_FAST_V3_NO_ESPORTS_V1_TP_R200_68f866e1,SHIB,LONG,2026-07-26T02:23:36+00:00,93.31142466926123,93.65348775569554,-47.244591228395706,True,False,25.0,50.0,75.0,93.31142466926123,93.31142466926123,93.31142466926123,93.31142466926123,50.0,93.31142466926123,93.31142466926123,93.31142466926123,71.6557123346306,93.31142466926123
25e16ab8aab09d087c09,SHADOW_1H_BALANCED_V3,SHIB,LONG,2026-07-26T02:23:36+00:00,100.63442506126563,100.883770808482,-6.994616805015533,True,False,25.0,50.0,75.0,100.0,100.63442506126563,100.63442506126563,100.63442506126563,50.0,100.63442506126563,100.63442506126563,100.63442506126563,75.31721253063282,100.63442506126563
25e16ab8aab09d087c09::SHADOW_1H_BALANCED_V3_LONG_ONLY_V1,SHADOW_1H_BALANCED_V3_LONG_ONLY_V1,SHIB,LONG,2026-07-26T02:23:36+00:00,94.94859384151299,95.18385158819504,-6.599421914440544,True,False,25.0,50.0,75.0,94.94859384151299,94.94859384151299,94.94859384151299,94.94859384151299,50.0,94.94859384151299,94.94859384151299,94.94859384151299,72.4742969207565,94.94859384151299
c59a5cadf897754d6cbd,SHADOW_1H_FAST_TP2_V1,SHIB,LONG,2026-07-26T02:23:36+00:00,91.33173222412431,91.62988305084289,-25.432041825814053,True,False,25.0,50.0,75.0,91.33173222412431,91.33173222412431,91.33173222412431,91.33173222412431,50.0,91.33173222412431,91.33173222412431,91.33173222412431,70.66586611206216,91.33173222412431
d8b3222e181a308c1d27,EVO_CAND_SHADOW_1H_FAST_V3_NO_ESPORTS_MFE_LOCK_TP_R200_6b7c560f,BANK,LONG,2026-07-26T02:38:36+00:00,36.80552770125169,61.91642888693925,-16.26690946964385,True,False,25.0,50.0,36.80552770125169,36.80552770125169,36.80552770125169,36.80552770125169,36.80552770125169,50.0,36.80552770125169,36.80552770125169,36.80552770125169,43.402763850625846,44.11415320449492
6ef41204cc7836625762,SHADOW_COMBO_ADAPTIVE_MFE_TRAIL,SHIB,LONG,2026-07-26T02:38:36+00:00,43.120070330068295,73.05873614927339,-22.326099626873074,True,False,25.0,50.0,43.120070330068295,43.120070330068295,43.120070330068295,43.120070330068295,43.120070330068295,50.0,43.120070330068295,43.120070330068295,43.120070330068295,46.56003516503415,43.120070330068295
8ec1c4ad3b0d3a70a0ed,SHADOW_COMBO_ADAPTIVE_LONG_ONLY_V1,SHIB,LONG,2026-07-26T02:53:36+00:00,2.5446908793508225,2.5511393545163927,-0.6683339214839131,False,False,2.5446908793508225,2.5446908793508225,2.5446908793508225,2.5446908793508225,2.5446908793508225,2.5446908793508225,2.5446908793508225,2.5446908793508225,2.5446908793508225,2.5446908793508225,2.5446908793508225,2.5446908793508225,2.5446908793508225
e4b7aeb679e095b03157,SHADOW_1H_BALANCED_V3_LONG_ONLY_V1,SOL,SHORT,2026-07-26T03:23:37+00:00,-54.856394888888694,4.11047560721056,-54.151527777777936,False,False,-54.856394888888694,-54.856394888888694,-54.856394888888694,-54.856394888888694,-54.856394888888694,-54.856394888888694,-50.0,-50.0,-54.856394888888694,-54.856394888888694,-54.856394888888694,-54.856394888888694,-54.856394888888694
cfdfd9637d0a9f54ef2f,SHADOW_COMBO_ADAPTIVE_SIDE_REGIME_GUARD_V1,SOL,SHORT,2026-07-26T03:23:37+00:00,-55.66652819132353,4.773471428311146,-54.94861582092127,False,False,-55.66652819132353,-55.66652819132353,-55.66652819132353,-55.66652819132353,-55.66652819132353,-55.66652819132353,-50.0,-50.0,-55.66652819132353,-55.66652819132353,-55.66652819132353,-55.66652819132353,-55.66652819132353
56b97584ac81c569b7c0,SHADOW_COMBO_TREND_SIDE_REGIME_GUARD_V1,SOL,SHORT,2026-07-26T03:23:37+00:00,-55.3393934187322,-1.9091412785758188,-54.69244296821369,False,False,-55.3393934187322,-55.3393934187322,-55.3393934187322,-55.3393934187322,-55.3393934187322,-55.3393934187322,-50.0,-50.0,-55.3393934187322,-55.3393934187322,-55.3393934187322,-55.3393934187322,-55.3393934187322
726f84ee88c4caef694f,SHADOW_EMA_TREND_1H,SOL,SHORT,2026-07-26T03:23:37+00:00,-54.33470171914257,14.080031644700858,-53.69982524955382,False,False,-54.33470171914257,-54.33470171914257,-54.33470171914257,-54.33470171914257,-54.33470171914257,-54.33470171914257,-50.0,-50.0,-54.33470171914257,-54.33470171914257,-54.33470171914257,-54.33470171914257,-54.33470171914257
24b1411b88b03a19bb58,SHADOW_SCANNER_BOTTOM10_SHORT,SOL,SHORT,2026-07-26T03:23:37+00:00,-53.25058991871696,3.9901501251369043,-52.566356301889314,False,False,-53.25058991871696,-53.25058991871696,-53.25058991871696,-53.25058991871696,-53.25058991871696,-53.25058991871696,-50.0,-50.0,-53.25058991871696,-53.25058991871696,-53.25058991871696,-53.25058991871696,-53.25058991871696
ad5c9e85ec58067933ef,SHADOW_SCANNER_BOTTOM15_SHORT,SOL,SHORT,2026-07-26T03:23:37+00:00,-53.25058991871696,3.9901501251369043,-52.566356301889314,False,False,-53.25058991871696,-53.25058991871696,-53.25058991871696,-53.25058991871696,-53.25058991871696,-53.25058991871696,-50.0,-50.0,-53.25058991871696,-53.25058991871696,-53.25058991871696,-53.25058991871696,-53.25058991871696
c3163f384d5e3822f547,SHADOW_SCANNER_BOTTOM20_SHORT,SOL,SHORT,2026-07-26T03:23:37+00:00,-53.25058991871696,3.9901501251369043,-52.566356301889314,False,False,-53.25058991871696,-53.25058991871696,-53.25058991871696,-53.25058991871696,-53.25058991871696,-53.25058991871696,-50.0,-50.0,-53.25058991871696,-53.25058991871696,-53.25058991871696,-53.25058991871696,-53.25058991871696
711843a8912e026a0549,SHADOW_1H_FAST_NOHIGH_CAP75_SHORT_ONLY_V1,AKE,LONG,2026-07-26T03:53:36+00:00,73.5756442409617,73.70210962444379,-13.547474609013136,True,False,25.0,50.0,73.5756442409617,73.5756442409617,73.5756442409617,73.5756442409617,73.5756442409617,50.0,73.5756442409617,73.5756442409617,73.5756442409617,61.78782212048085,73.5756442409617
9213e8c466076abc4ef2,SHADOW_COMBO_ADAPTIVE_SIDE_REGIME_GUARD_V1,SHIB,LONG,2026-07-26T03:53:36+00:00,2.6653617834549945,2.67220909905808,-0.20390016106494754,False,False,2.6653617834549945,2.6653617834549945,2.6653617834549945,2.6653617834549945,2.6653617834549945,2.6653617834549945,2.6653617834549945,2.6653617834549945,2.6653617834549945,2.6653617834549945,2.6653617834549945,2.6653617834549945,2.6653617834549945
1b0ad1965e4755dea5ce,SHADOW_COMBO_SCANNER,SHIB,LONG,2026-07-26T03:53:36+00:00,2.9924640986531634,2.999402903170243,-0.7134290106506821,False,False,2.9924640986531634,2.9924640986531634,2.9924640986531634,2.9924640986531634,2.9924640986531634,2.9924640986531634,2.9924640986531634,2.9924640986531634,2.9924640986531634,2.9924640986531634,2.9924640986531634,2.9924640986531634,2.9924640986531634
99f5aabaa9f008f79d7c,SHADOW_DONCHIAN_1H,SHIB,LONG,2026-07-26T03:53:36+00:00,127.08444730085569,127.39899024697331,-48.86601191568385,True,False,25.0,50.0,75.0,100.0,127.08444730085569,127.08444730085569,127.08444730085569,50.0,127.08444730085569,127.08444730085569,127.08444730085569,88.54222365042784,127.08444730085569
2872228ab92375a21182,SHADOW_MASTER_ADAPTIVE_GB20_LOSS_CAP_V1,SHIB,LONG,2026-07-26T03:53:36+00:00,2.257523112273232,2.2633299059533334,-0.4866129635257198,False,False,2.257523112273232,2.257523112273232,2.257523112273232,2.257523112273232,2.257523112273232,2.257523112273232,2.257523112273232,2.257523112273232,2.257523112273232,2.257523112273232,2.257523112273232,2.257523112273232,2.257523112273232
27f5ec5df9cd4f8d6242,SHADOW_SCANNER_TOP10_LONG,SHIB,LONG,2026-07-26T03:53:36+00:00,2.667958454478639,2.6748124409307357,-0.20409880638328315,False,False,2.667958454478639,2.667958454478639,2.667958454478639,2.667958454478639,2.667958454478639,2.667958454478639,2.667958454478639,2.667958454478639,2.667958454478639,2.667958454478639,2.667958454478639,2.667958454478639,2.667958454478639
29211125c3f4ef684e60,SHADOW_SCANNER_TOP15_LONG,SHIB,LONG,2026-07-26T03:53:36+00:00,2.667958454478639,2.6748124409307357,-0.20409880638328315,False,False,2.667958454478639,2.667958454478639,2.667958454478639,2.667958454478639,2.667958454478639,2.667958454478639,2.667958454478639,2.667958454478639,2.667958454478639,2.667958454478639,2.667958454478639,2.667958454478639,2.667958454478639
58e0499df99ca04c14ae,SHADOW_SCANNER_TOP20_LONG,SHIB,LONG,2026-07-26T03:53:36+00:00,2.667958454478639,2.6748124409307357,-0.20409880638328315,False,False,2.667958454478639,2.667958454478639,2.667958454478639,2.667958454478639,2.667958454478639,2.667958454478639,2.667958454478639,2.667958454478639,2.667958454478639,2.667958454478639,2.667958454478639,2.667958454478639,2.667958454478639
c7225a27ed1e8d0994aa,EVO_CAND_SHADOW_1H_FAST_V3_CAP75_V1_TP_R200_86882aa9,BANK,LONG,2026-07-26T04:08:36+00:00,98.53356334458674,98.65983344029625,-3.6962559747487336,True,False,25.0,50.0,75.0,98.53356334458674,98.53356334458674,98.53356334458674,98.53356334458674,50.0,98.53356334458674,98.53356334458674,98.53356334458674,74.26678167229338,47.867290443598236
25490fbb827965af492b,EVO_CAND_SHADOW_1H_FAST_V3_LONG_NOHIGH_CAP75_L_TP_R200_903364ad,BANK,LONG,2026-07-26T04:08:36+00:00,98.86609376669863,98.99278999789743,-3.708730075124241,True,False,25.0,50.0,75.0,98.86609376669863,98.86609376669863,98.86609376669863,98.86609376669863,50.0,98.86609376669863,98.86609376669863,98.86609376669863,74.4330468833493,48.02883266085163
afa4ce350381139134fc,EVO_CAND_SHADOW_1H_FAST_V3_LONG_NOHIGH_CAP75_V_TP_R200_051501d0,BANK,LONG,2026-07-26T04:08:36+00:00,98.8257839819636,98.9524285564456,-3.7072179479098155,True,False,25.0,50.0,75.0,98.8257839819636,98.8257839819636,98.8257839819636,98.8257839819636,50.0,98.8257839819636,98.8257839819636,98.8257839819636,74.41289199098179,48.00925029614122
cd2148e5c795faf4bfaa,SHADOW_1H_FAST_NOHIGH_CAP75_SHORT_ONLY_V1,PEPE,LONG,2026-07-26T04:08:36+00:00,2.775600168303553,2.801746068290338,-0.5460266233821962,False,False,2.775600168303553,2.775600168303553,2.775600168303553,2.775600168303553,2.775600168303553,2.775600168303553,2.775600168303553,2.775600168303553,2.775600168303553,2.775600168303553,2.775600168303553,2.775600168303553,2.775600168303553
bc777f26fbac4bc42008,SHADOW_1H_FAST_NOHIGH_CAP75_V1,PEPE,LONG,2026-07-26T04:08:36+00:00,72.87053246738427,73.55696622525527,-14.335368343614032,True,False,25.0,50.0,72.87053246738427,72.87053246738427,72.87053246738427,72.87053246738427,72.87053246738427,50.0,72.87053246738427,72.87053246738427,72.87053246738427,61.43526623369213,72.87053246738427
22d936d5415ee3d3991a,SHADOW_BOLLINGER_MR_1H,PEPE,SHORT,2026-07-26T04:08:36+00:00,-54.29382271460871,4.4668218999951055,-53.67794394598887,False,False,-54.29382271460871,-54.29382271460871,-54.29382271460871,-54.29382271460871,-54.29382271460871,-54.29382271460871,-50.0,-50.0,-54.29382271460871,-54.29382271460871,-54.29382271460871,-54.29382271460871,-54.29382271460871
7ecfdab65d9f00813324,SHADOW_MASTER_ADAPTIVE_GB20_V1,AKE,LONG,2026-07-26T04:08:36+00:00,21.154096054871754,32.63656859206422,-37.306376354345986,False,False,25.0,21.154096054871754,21.154096054871754,21.154096054871754,21.154096054871754,21.154096054871754,21.154096054871754,21.154096054871754,21.154096054871754,21.154096054871754,21.154096054871754,21.154096054871754,21.154096054871754
ec889f04b43d7c493103,SHADOW_BOLLINGER_MR_1H,SOL,LONG,2026-07-26T04:23:37+00:00,66.62431109034735,67.4428100533311,-25.01229337802481,True,False,25.0,50.0,66.62431109034735,66.62431109034735,66.62431109034735,66.62431109034735,66.62431109034735,50.0,66.62431109034735,66.62431109034735,66.62431109034735,58.312155545173674,66.62431109034735
032e60367c5d4d483d7b,SHADOW_COMBO_TREND_SIDE_REGIME_GUARD_V1,SHIB,LONG,2026-07-26T04:23:37+00:00,2.8484689430683336,2.8545431871644364,-0.17775279927030876,False,False,2.8484689430683336,2.8484689430683336,2.8484689430683336,2.8484689430683336,2.8484689430683336,2.8484689430683336,2.8484689430683336,2.8484689430683336,2.8484689430683336,2.8484689430683336,2.8484689430683336,2.8484689430683336,2.8484689430683336
08e5bad9df22d91bff0a,SHADOW_SOL_BOLLINGER_1H,SOL,LONG,2026-07-26T04:23:37+00:00,67.86150754212004,68.6952058219329,-25.476765281922265,True,False,25.0,50.0,67.86150754212004,67.86150754212004,67.86150754212004,67.86150754212004,67.86150754212004,50.0,67.86150754212004,67.86150754212004,67.86150754212004,58.93075377106002,67.86150754212004
6362da70954d6e9ce9ec,SHADOW_1H_FAST_V3_NO_ESPORTS_MFE_LOCK_V1,BANK,LONG,2026-07-26T04:38:36+00:00,41.413065531515336,74.42909157009814,-19.5677509777944,True,False,25.0,50.0,41.413065531515336,41.413065531515336,41.413065531515336,41.413065531515336,41.413065531515336,50.0,41.413065531515336,41.413065531515336,30.0,45.70653276575767,41.15482182957462
18910d6a25366468c74e,SHADOW_SCANNER_TOP5_BTC_GUARD_BTC_LE3_MFE_V1,BANK,LONG,2026-07-26T04:38:36+00:00,34.227939618032174,61.515717790744525,-16.172765535044654,True,False,25.0,50.0,34.227939618032174,34.227939618032174,34.227939618032174,34.227939618032174,34.227939618032174,50.0,34.227939618032174,34.227939618032174,34.227939618032174,42.11396980901608,36.571184100011116
00dc99b6a008d970ff98,SHADOW_SCANNER_TOP5_BTC_GUARD_MFE_V1,BANK,LONG,2026-07-26T04:38:36+00:00,33.839328496933604,60.81729152487456,-15.989146052949769,True,False,25.0,50.0,33.839328496933604,33.839328496933604,33.839328496933604,33.839328496933604,33.839328496933604,50.0,33.839328496933604,33.839328496933604,33.839328496933604,41.9196642484668,36.15596866456258
86ae029bf34a1d80e447,EVO_CAND_SHADOW_1H_FAST_V3_NO_ESPORTS_MFE_LOCK_TP_R200_6b7c560f,BANK,LONG,2026-07-26T04:53:36+00:00,7.9705614879000635,53.07568344411193,-16.97894211245342,True,False,25.0,7.9705614879000635,7.9705614879000635,7.9705614879000635,7.9705614879000635,7.9705614879000635,7.9705614879000635,7.9705614879000635,7.9705614879000635,7.9705614879000635,7.9705614879000635,28.98528074395003,7.9705614879000635
ddc08ad5a39e16a0edb8,SHADOW_SOL_ADAPTIVE_1H,SOL,SHORT,2026-07-26T04:53:36+00:00,-54.167032269040995,27.36496812452118,-53.46996406674216,False,False,-54.167032269040995,-54.167032269040995,-54.167032269040995,-54.167032269040995,-54.167032269040995,-54.167032269040995,-50.0,-50.0,-54.167032269040995,-54.167032269040995,-54.167032269040995,-54.167032269040995,-54.167032269040995
f1ccd3296540904b3f83,EVO_CAND_SHADOW_1H_FAST_V3_NOHIGH_RANGE_ONLY_V_TP_R200_52488eb5,BANK,LONG,2026-07-26T05:08:37+00:00,21.836692739662436,79.9457630514147,-17.24059525362238,True,False,25.0,50.0,21.836692739662436,21.836692739662436,21.836692739662436,21.836692739662436,21.836692739662436,50.0,21.836692739662436,21.836692739662436,30.0,35.91834636983122,45.47201225635133
c1d3fa3c32aa6eb67391,EVO_CAND_SHADOW_1H_FAST_V3_NOHIGH_REGIME_GUARD_TP_R200_934590ed,BANK,LONG,2026-07-26T05:08:37+00:00,21.836692739662436,79.9457630514147,-17.24059525362238,True,False,25.0,50.0,21.836692739662436,21.836692739662436,21.836692739662436,21.836692739662436,21.836692739662436,50.0,21.836692739662436,21.836692739662436,30.0,35.91834636983122,45.47201225635133
a86c490cc247fa571cdc,EVO_CAND_SHADOW_1H_FAST_V3_LONG_ONLY_V1_TP_R200_751e55c4,BANK,LONG,2026-07-26T05:23:36+00:00,15.48287335383167,73.92225588911289,-19.434501542889777,True,False,25.0,50.0,15.48287335383167,15.48287335383167,15.48287335383167,15.48287335383167,15.48287335383167,50.0,15.48287335383167,20.0,30.0,32.74143667691583,40.87457210856097
074a0e5ce81913a421e5,EVO_CAND_SHADOW_1H_FAST_V3_NOHIGH_RANGE_ONLY_V_TP_R200_52488eb5,SHIB,LONG,2026-07-26T05:23:36+00:00,99.17377870603637,99.47530181069895,-15.162089650839544,True,False,25.0,50.0,75.0,99.17377870603637,99.17377870603637,99.17377870603637,99.17377870603637,50.0,99.17377870603637,99.17377870603637,99.17377870603637,74.5868893530182,99.17377870603637
5233da280e7964fa510e,EVO_CAND_SHADOW_1H_FAST_V3_NOHIGH_RANGE_ONLY_V_TP_R200_52488eb5,AKE,LONG,2026-07-26T05:23:36+00:00,-0.3825011814819454,45.23782987523488,-44.52171465050388,False,False,25.0,-0.3825011814819454,-0.3825011814819454,-0.3825011814819454,-0.3825011814819454,-0.3825011814819454,-0.3825011814819454,-0.3825011814819454,-0.3825011814819454,-0.3825011814819454,-0.3825011814819454,-0.3825011814819454,-0.3825011814819454
8879f8239efd18ef9f2a,EVO_CAND_SHADOW_1H_FAST_V3_NOHIGH_REGIME_GUARD_TP_R200_934590ed,AKE,LONG,2026-07-26T05:23:36+00:00,-0.3825011814819454,45.23782987523488,-44.52171465050388,False,False,25.0,-0.3825011814819454,-0.3825011814819454,-0.3825011814819454,-0.3825011814819454,-0.3825011814819454,-0.3825011814819454,-0.3825011814819454,-0.3825011814819454,-0.3825011814819454,-0.3825011814819454,-0.3825011814819454,-0.3825011814819454
eaf4aff06ee369407252,EVO_CAND_SHADOW_1H_FAST_V3_NOHIGH_REGIME_GUARD_TP_R200_934590ed,SHIB,LONG,2026-07-26T05:23:36+00:00,99.07474662971552,99.37596864209846,-15.146949225224262,True,False,25.0,50.0,75.0,99.07474662971552,99.07474662971552,99.07474662971552,99.07474662971552,50.0,99.07474662971552,99.07474662971552,99.07474662971552,74.53737331485776,99.07474662971552
21c1d5969c203ae5523b,EVO_CAND_SHADOW_1H_FAST_V3_NOHIGH_V1_TP_R200_8346046b,BANK,LONG,2026-07-26T05:23:36+00:00,15.481897924477726,73.91759874720803,-19.433277158833217,True,False,25.0,50.0,15.481897924477726,15.481897924477726,15.481897924477726,15.481897924477726,15.481897924477726,50.0,15.481897924477726,20.0,30.0,32.74094896223886,40.87199698852006
da0054eda92867423c37,EVO_CAND_SHADOW_1H_FAST_V3_NOHIGH_V1_TP_R200_8346046b,SHIB,LONG,2026-07-26T05:23:36+00:00,5.200643250247939,5.216455031542523,-0.7950954398543386,False,False,5.200643250247939,5.200643250247939,5.200643250247939,5.200643250247939,5.200643250247939,5.200643250247939,5.200643250247939,5.200643250247939,5.200643250247939,5.200643250247939,5.200643250247939,5.200643250247939,5.200643250247939
3caf6877282df295de25,EVO_CAND_SHADOW_1H_FAST_V3_NO_ESPORTS_LONG_ONL_TP_R200_7bbb9481,BANK,LONG,2026-07-26T05:23:36+00:00,18.623092867412705,77.41557319695212,-16.505257017791468,True,False,25.0,50.0,18.623092867412705,18.623092867412705,18.623092867412705,18.623092867412705,18.623092867412705,50.0,18.623092867412705,20.0,30.0,34.311546433706354,44.11693259499146
59d3e9ea2d20a5109a7e,EVO_CAND_SHADOW_1H_FAST_V3_NO_ESPORTS_MFE_LOCK_TP_R200_6b7c560f,AKE,LONG,2026-07-26T05:23:36+00:00,-0.3037526087434961,43.700598369470434,-40.8242008023552,False,False,25.0,-0.3037526087434961,-0.3037526087434961,-0.3037526087434961,-0.3037526087434961,-0.3037526087434961,-0.3037526087434961,-0.3037526087434961,-0.3037526087434961,-0.3037526087434961,-0.3037526087434961,-0.3037526087434961,-0.3037526087434961
f6329b264c0ac6a4a362,EVO_CAND_SHADOW_1H_FAST_V3_NO_ESPORTS_STRESS_G_TP_R200_89ab3f19,SHIB,LONG,2026-07-26T05:23:36+00:00,97.97380369170307,98.27167845104131,-14.978632602177331,True,False,25.0,50.0,75.0,97.97380369170307,97.97380369170307,97.97380369170307,97.97380369170307,50.0,97.97380369170307,97.97380369170307,97.97380369170307,73.98690184585153,97.97380369170307
7f953945e4a293f85ea7,EVO_CAND_SHADOW_1H_FAST_V3_NO_ESPORTS_V1_TP_R200_68f866e1,BANK,LONG,2026-07-26T05:23:36+00:00,16.990802228911914,75.59572003488354,-18.025479549685596,True,False,25.0,50.0,16.990802228911914,16.990802228911914,16.990802228911914,16.990802228911914,16.990802228911914,50.0,16.990802228911914,20.0,30.0,33.49540111445596,42.42585110207328
0455c6569bbf0f2d2349,EVO_CAND_SHADOW_1H_FAST_V3_TP_R200_3ee5afb4,SHIB,LONG,2026-07-26T05:23:36+00:00,5.200643250247939,5.216455031542523,-0.7950954398543386,False,False,5.200643250247939,5.200643250247939,5.200643250247939,5.200643250247939,5.200643250247939,5.200643250247939,5.200643250247939,5.200643250247939,5.200643250247939,5.200643250247939,5.200643250247939,5.200643250247939,5.200643250247939
2ae385a44dd7944edfbf,EVO_CAND_SHADOW_1H_FAST_V3_TP_R200_3ee5afb4,BANK,LONG,2026-07-26T05:23:36+00:00,15.481897924477726,73.91759874720803,-19.433277158833217,True,False,25.0,50.0,15.481897924477726,15.481897924477726,15.481897924477726,15.481897924477726,15.481897924477726,50.0,15.481897924477726,20.0,30.0,32.74094896223886,40.87199698852006
36b167351acb3479e6fe,SHADOW_1H_FAST_V3_LONG_ONLY_V1,BANK,LONG,2026-07-26T05:23:36+00:00,15.354672002548913,73.31016452349381,-19.2735799037104,True,False,25.0,50.0,15.354672002548913,15.354672002548913,15.354672002548913,15.354672002548913,15.354672002548913,50.0,15.354672002548913,20.0,30.0,32.677336001274455,40.536122309375266
6ea4acd6db70c33e8d6a,SHADOW_1H_FAST_V3_LONG_ONLY_V1,SHIB,LONG,2026-07-26T05:23:36+00:00,2.573147705060576,2.583472111503687,-0.5280206000028766,False,False,2.573147705060576,2.573147705060576,2.573147705060576,2.573147705060576,2.573147705060576,2.573147705060576,2.573147705060576,2.573147705060576,2.573147705060576,2.573147705060576,2.573147705060576,2.573147705060576,2.573147705060576
5b030e84fc0d7dcfd21a,SHADOW_1H_FAST_V3_NOHIGH_RANGE_ONLY_V1,SHIB,LONG,2026-07-26T05:23:36+00:00,74.63855077159229,74.93802784124325,-15.316140726882033,True,False,25.0,50.0,75.0,74.63855077159229,74.63855077159229,74.63855077159229,74.63855077159229,50.0,74.63855077159229,74.63855077159229,74.63855077159229,62.319275385796146,74.63855077159229
63760e260a992d1a4193,SHADOW_1H_FAST_V3_NOHIGH_RANGE_ONLY_V1,BANK,LONG,2026-07-26T05:23:36+00:00,15.651119348475627,74.72553853466337,-19.645688250148083,True,False,25.0,50.0,15.651119348475627,15.651119348475627,15.651119348475627,15.651119348475627,15.651119348475627,50.0,15.651119348475627,20.0,30.0,32.825559674237816,41.31873921390962
98dae7f2adf4a858b39f,SHADOW_1H_FAST_V3_NOHIGH_REGIME_GUARD_V1,BANK,LONG,2026-07-26T05:23:36+00:00,15.767715062256451,75.28221932592922,-19.792042194121084,True,False,25.0,50.0,15.767715062256451,15.767715062256451,15.767715062256451,15.767715062256451,15.767715062256451,50.0,15.767715062256451,20.0,30.0,32.88385753112823,41.6265502901595
f0329e3e905be2f4e2a0,SHADOW_1H_FAST_V3_NOHIGH_REGIME_GUARD_V1,SHIB,LONG,2026-07-26T05:23:36+00:00,75.19420679910343,75.49591336326002,-15.43016365236922,True,False,25.0,50.0,75.0,75.19420679910343,75.19420679910343,75.19420679910343,75.19420679910343,50.0,75.19420679910343,75.19420679910343,75.19420679910343,62.59710339955171,75.19420679910343
6a94b644ef37df83a04d,SHADOW_1H_FAST_V3_NO_ESPORTS_LONG_ONLY_V1,BANK,LONG,2026-07-26T05:23:36+00:00,15.577096107926947,74.37211802901629,-19.552772371436394,True,False,25.0,50.0,15.577096107926947,15.577096107926947,15.577096107926947,15.577096107926947,15.577096107926947,50.0,15.577096107926947,20.0,30.0,32.788548053963474,41.123318879817205
e3c1f752e39dc5394e88,SHADOW_1H_FAST_V3_NO_ESPORTS_LONG_ONLY_V1,SHIB,LONG,2026-07-26T05:23:36+00:00,73.71986671878955,74.01565769318239,-34.80219246847136,True,False,25.0,50.0,73.71986671878955,73.71986671878955,73.71986671878955,73.71986671878955,73.71986671878955,50.0,73.71986671878955,73.71986671878955,73.71986671878955,61.85993335939477,73.71986671878955
cb344f22257366c6b18d,SHADOW_1H_FAST_V3_NO_ESPORTS_MFE_LOCK_V1,AKE,LONG,2026-07-26T05:23:36+00:00,-0.287882166501505,42.75148760888583,-48.86858990540642,False,False,25.0,-0.287882166501505,-0.287882166501505,-0.287882166501505,-0.287882166501505,-0.287882166501505,-0.287882166501505,-0.287882166501505,-0.287882166501505,-0.287882166501505,-0.287882166501505,-0.287882166501505,-0.287882166501505
a851eccb967e4f588c20,SHADOW_1H_FAST_V3_NO_ESPORTS_STRESS_GUARD_V1,SHIB,LONG,2026-07-26T05:23:36+00:00,73.21783287760145,73.51160950924425,-15.024603512230687,True,False,25.0,50.0,75.0,73.21783287760145,73.21783287760145,73.21783287760145,73.21783287760145,50.0,73.21783287760145,73.21783287760145,73.21783287760145,61.608916438800726,73.21783287760145
3cee4a8d456fc87ffe4e,SHADOW_BOLLINGER_MR_1H,EUL,SHORT,2026-07-26T05:23:36+00:00,-57.97075695839528,26.971152779879862,-57.97075695839528,False,False,-57.97075695839528,-57.97075695839528,-57.97075695839528,-57.97075695839528,-57.97075695839528,-57.97075695839528,-50.0,-50.0,-57.97075695839528,-57.97075695839528,-57.97075695839528,-57.97075695839528,-57.97075695839528
86a921057f4adf5582a4,SHADOW_MASTER_ADAPTIVE_GB20_BE_V1,AKE,LONG,2026-07-26T05:23:36+00:00,-0.228364338152664,33.91288627388454,-38.76531612160057,False,False,25.0,-0.228364338152664,-0.228364338152664,-0.228364338152664,-0.228364338152664,-0.228364338152664,-0.228364338152664,-0.228364338152664,-0.228364338152664,-0.228364338152664,-0.228364338152664,-0.228364338152664,-0.228364338152664
9e839333ae3798444f4d,SHADOW_RSI_SHORT_15X_10_RSI75,PEPE,SHORT,2026-07-26T05:23:36+00:00,-2.4121735800473973,0.33499873025327465,-2.3817152370000003,False,False,-2.4121735800473973,-2.4121735800473973,-2.4121735800473973,-2.4121735800473973,-2.4121735800473973,-2.4121735800473973,-2.4121735800473973,-2.4121735800473973,-2.4121735800473973,-2.4121735800473973,-2.4121735800473973,-2.4121735800473973,-2.4121735800473973
b785ef8cba7c01c19af4,SHADOW_RSI_SHORT_15X_10_RSI80,PEPE,SHORT,2026-07-26T05:23:36+00:00,0.28546470842770566,1.8148746414808512,-0.7599330280297577,False,False,0.28546470842770566,0.28546470842770566,0.28546470842770566,0.28546470842770566,0.28546470842770566,0.28546470842770566,0.28546470842770566,0.28546470842770566,0.28546470842770566,0.28546470842770566,0.28546470842770566,0.28546470842770566,0.28546470842770566
9c035797180a9385800d,SHADOW_RSI_SHORT_15X_10_RSI85,PEPE,SHORT,2026-07-26T05:23:36+00:00,0.28546470842770566,1.8148746414808512,-0.7599330280297577,False,False,0.28546470842770566,0.28546470842770566,0.28546470842770566,0.28546470842770566,0.28546470842770566,0.28546470842770566,0.28546470842770566,0.28546470842770566,0.28546470842770566,0.28546470842770566,0.28546470842770566,0.28546470842770566,0.28546470842770566
04e2c93f37ffc51d2859,SHADOW_RSI_SHORT_15X_50_RSI75,PEPE,SHORT,2026-07-26T05:23:36+00:00,-12.060867900236985,1.6749936512663732,-11.908576185000001,False,False,-12.060867900236985,-12.060867900236985,-12.060867900236985,-12.060867900236985,-12.060867900236985,-12.060867900236985,-12.060867900236985,-12.060867900236985,-12.060867900236985,-12.060867900236985,-12.060867900236985,-12.060867900236985,-12.060867900236985
e6dd551be021b83c7644,SHADOW_RSI_SHORT_15X_50_RSI80,PEPE,SHORT,2026-07-26T05:23:36+00:00,1.4273235421385282,9.074373207404257,-3.7996651401487886,False,False,1.4273235421385282,1.4273235421385282,1.4273235421385282,1.4273235421385282,1.4273235421385282,1.4273235421385282,1.4273235421385282,1.4273235421385282,1.4273235421385282,1.4273235421385282,1.4273235421385282,1.4273235421385282,1.4273235421385282
c1aef2c3e7e4218b3bac,SHADOW_RSI_SHORT_15X_50_RSI85,PEPE,SHORT,2026-07-26T05:23:36+00:00,1.4273235421385282,9.074373207404257,-3.7996651401487886,False,False,1.4273235421385282,1.4273235421385282,1.4273235421385282,1.4273235421385282,1.4273235421385282,1.4273235421385282,1.4273235421385282,1.4273235421385282,1.4273235421385282,1.4273235421385282,1.4273235421385282,1.4273235421385282,1.4273235421385282
f8ca09ac3c42fb4a52f1,SHADOW_RSI_SHORT_5X_RSI75,PEPE,SHORT,2026-07-26T05:23:36+00:00,-10.913160024917094,1.5156018545424024,-10.77536033482865,False,False,-10.913160024917094,-10.913160024917094,-10.913160024917094,-10.913160024917094,-10.913160024917094,-10.913160024917094,-10.913160024917094,-10.913160024917094,-10.913160024917094,-10.913160024917094,-10.913160024917094,-10.913160024917094,-10.913160024917094
1c9667b812d3cb055ee4,SHADOW_RSI_SHORT_5X_RSI80,PEPE,SHORT,2026-07-26T05:23:36+00:00,0.9727170384891376,10.66952402166849,-4.467594351754747,False,False,0.9727170384891376,0.9727170384891376,0.9727170384891376,0.9727170384891376,0.9727170384891376,0.9727170384891376,0.9727170384891376,0.9727170384891376,0.9727170384891376,0.9727170384891376,0.9727170384891376,0.9727170384891376,0.9727170384891376
ce825fc7f800569c0167,SHADOW_RSI_SHORT_5X_RSI85,PEPE,SHORT,2026-07-26T05:23:36+00:00,0.9724468100135621,10.666559943629956,-4.466353218759853,False,False,0.9724468100135621,0.9724468100135621,0.9724468100135621,0.9724468100135621,0.9724468100135621,0.9724468100135621,0.9724468100135621,0.9724468100135621,0.9724468100135621,0.9724468100135621,0.9724468100135621,0.9724468100135621,0.9724468100135621
307baea468fd3a0556cd,SHADOW_1H_BALANCED_V3,BANK,LONG,2026-07-26T05:38:36+00:00,-7.084528427691693,59.299559568464545,-7.084528427691693,True,True,25.0,50.0,-7.084528427691693,-7.084528427691693,-7.084528427691693,-7.084528427691693,-7.084528427691693,50.0,0.0,20.0,30.0,21.457735786154153,30.602780449113382
f4da025ff555c156203e,SHADOW_1H_FAST_NO_PEPE_V1,BANK,LONG,2026-07-26T05:38:36+00:00,-54.020439741868245,39.19932707274859,-54.020439741868245,False,False,25.0,-54.020439741868245,-54.020439741868245,-54.020439741868245,-54.020439741868245,-54.020439741868245,-50.0,-50.0,-54.020439741868245,-54.020439741868245,-54.020439741868245,-54.020439741868245,-54.020439741868245
79e796c57aaf3d19719d,SHADOW_1H_FAST_TP2_V1,BANK,LONG,2026-07-26T05:38:36+00:00,-2.109643385234314,1.5308390946060162,-2.109643385234314,False,False,-2.109643385234314,-2.109643385234314,-2.109643385234314,-2.109643385234314,-2.109643385234314,-2.109643385234314,-2.109643385234314,-2.109643385234314,-2.109643385234314,-2.109643385234314,-2.109643385234314,-2.109643385234314,-2.109643385234314
d5f948ff0245daf13b31,SHADOW_1H_FAST_V3,BANK,LONG,2026-07-26T05:38:36+00:00,-54.34925455787614,39.43792786127696,-54.34925455787614,False,False,25.0,-54.34925455787614,-54.34925455787614,-54.34925455787614,-54.34925455787614,-54.34925455787614,-50.0,-50.0,-54.34925455787614,-54.34925455787614,-54.34925455787614,-54.34925455787614,-54.34925455787614
7345990e113e69912f39,SHADOW_1H_FAST_V3_NOHIGH_V1,BANK,LONG,2026-07-26T05:38:36+00:00,-53.139041717870654,38.55975046824388,-53.139041717870654,False,False,25.0,-53.139041717870654,-53.139041717870654,-53.139041717870654,-53.139041717870654,-53.139041717870654,-50.0,-50.0,-53.139041717870654,-53.139041717870654,-53.139041717870654,-53.139041717870654,-53.139041717870654
d9a0c44b6a855d0846e0,SHADOW_1H_FAST_V3_NO_ESPORTS_V1,BANK,LONG,2026-07-26T05:38:36+00:00,-53.283059251826515,38.664255178770524,-53.283059251826515,False,False,25.0,-53.283059251826515,-53.283059251826515,-53.283059251826515,-53.283059251826515,-53.283059251826515,-50.0,-50.0,-53.283059251826515,-53.283059251826515,-53.283059251826515,-53.283059251826515,-53.283059251826515
d55c13f7e5a879280a00,SHADOW_COMBO_ADAPTIVE_SIDE_REGIME_GUARD_V1,BANK,LONG,2026-07-26T05:38:36+00:00,0.8630192401183303,63.412290207088034,-16.671383158496518,True,False,25.0,50.0,0.8630192401183303,0.8630192401183303,0.8630192401183303,0.8630192401183303,0.8630192401183303,50.0,0.8630192401183303,20.0,30.0,25.431509620059167,37.69869917238726
dc71270f171a8f7e68ec,SHADOW_COMBO_TREND,BANK,LONG,2026-07-26T05:38:36+00:00,-2.7544805721517647,60.83373157657379,-15.993468218260755,True,True,25.0,50.0,-2.7544805721517647,-2.7544805721517647,-2.7544805721517647,-2.7544805721517647,-2.7544805721517647,50.0,0.0,20.0,30.0,23.62275971392412,36.1657422993164
0b46fbd774dbd4b334f3,SHADOW_COMBO_TREND_SIDE_REGIME_GUARD_V1,BANK,LONG,2026-07-26T05:38:36+00:00,-2.8508533326485033,62.96215996435224,-16.553041844480443,True,True,25.0,50.0,-2.8508533326485033,-2.8508533326485033,-2.8508533326485033,-2.8508533326485033,-2.8508533326485033,50.0,0.0,20.0,30.0,23.574573333675747,37.431096085448225
d90494fdc170bbc1c21a,SHADOW_EMA_TREND_1H,BANK,LONG,2026-07-26T05:38:36+00:00,-2.7511515800201636,60.760209542763924,-15.974138936945833,True,True,25.0,50.0,-2.7511515800201636,-2.7511515800201636,-2.7511515800201636,-2.7511515800201636,-2.7511515800201636,50.0,0.0,20.0,30.0,23.624424209989918,36.122033342802
98b875ad9673dc71f783,SHADOW_MASTER_ADAPTIVE_GB20_V1,EUL,LONG,2026-07-26T05:38:36+00:00,26.814487551952688,38.4030264423596,-39.52237977824351,False,False,25.0,26.814487551952688,26.814487551952688,26.814487551952688,26.814487551952688,26.814487551952688,26.814487551952688,26.814487551952688,26.814487551952688,26.814487551952688,26.814487551952688,26.814487551952688,26.814487551952688
78e6f62c1d8c34291b5a,SHADOW_SCANNER_TOP10_LONG,BANK,LONG,2026-07-26T05:38:36+00:00,-1.3411834408245285,62.88119855062599,-16.531756715921357,True,True,25.0,50.0,-1.3411834408245285,-1.3411834408245285,-1.3411834408245285,-1.3411834408245285,-1.3411834408245285,50.0,0.0,20.0,30.0,24.329408279587735,37.38296440670473
b30645071867344e8b55,SHADOW_SCANNER_TOP15_LONG,BANK,LONG,2026-07-26T05:38:36+00:00,-1.3411834408245285,62.88119855062599,-16.531756715921357,True,True,25.0,50.0,-1.3411834408245285,-1.3411834408245285,-1.3411834408245285,-1.3411834408245285,-1.3411834408245285,50.0,0.0,20.0,30.0,24.329408279587735,37.38296440670473
534b1b682d1cffedd559,SHADOW_SCANNER_TOP20_LONG,BANK,LONG,2026-07-26T05:38:36+00:00,-1.3411834408245285,62.88119855062599,-16.531756715921357,True,True,25.0,50.0,-1.3411834408245285,-1.3411834408245285,-1.3411834408245285,-1.3411834408245285,-1.3411834408245285,50.0,0.0,20.0,30.0,24.329408279587735,37.38296440670473
a556364c1240fd90238d,SHADOW_SCANNER_TOP5_BTC_GUARD_BTC_LE3_V1,BANK,LONG,2026-07-26T05:38:36+00:00,-0.10722165057569556,5.027072131632635,-1.3216404169941127,False,False,-0.10722165057569556,-0.10722165057569556,-0.10722165057569556,-0.10722165057569556,-0.10722165057569556,-0.10722165057569556,-0.10722165057569556,-0.10722165057569556,-0.10722165057569556,-0.10722165057569556,-0.10722165057569556,-0.10722165057569556,-0.10722165057569556
4ce4b5ab931d396a7f7a,SHADOW_SCANNER_TOP5_BTC_GUARD_V1,BANK,LONG,2026-07-26T05:38:36+00:00,-0.09151061659734047,4.290462494981274,-1.1279823508565947,False,False,-0.09151061659734047,-0.09151061659734047,-0.09151061659734047,-0.09151061659734047,-0.09151061659734047,-0.09151061659734047,-0.09151061659734047,-0.09151061659734047,-0.09151061659734047,-0.09151061659734047,-0.09151061659734047,-0.09151061659734047,-0.09151061659734047
e09625857be2273685f1,EVO_CAND_SHADOW_1H_FAST_V3_LONG_ONLY_V1_TP_R200_751e55c4,SHIB,LONG,2026-07-26T05:53:36+00:00,98.72953591267397,99.02970836328232,-13.864832813239234,True,False,25.0,50.0,75.0,98.72953591267397,98.72953591267397,98.72953591267397,98.72953591267397,50.0,98.72953591267397,98.72953591267397,98.72953591267397,74.36476795633698,98.72953591267397
a888bed21483de5f4d5b,EVO_CAND_SHADOW_1H_FAST_V3_NO_ESPORTS_LONG_ONL_TP_R200_7bbb9481,SHIB,LONG,2026-07-26T05:53:36+00:00,100.34989200458956,100.65499090658322,-14.092383425167505,True,False,25.0,50.0,75.0,100.0,100.34989200458956,100.34989200458956,100.34989200458956,50.0,100.34989200458956,100.34989200458956,100.34989200458956,75.17494600229477,100.34989200458956
1f1e605679d7dcd94be3,EVO_CAND_SHADOW_1H_FAST_V3_NO_ESPORTS_MFE_LOCK_TP_R200_6b7c560f,SHIB,LONG,2026-07-26T05:53:36+00:00,99.68981193324747,99.99290396008692,-13.999686748859782,True,False,25.0,50.0,75.0,99.68981193324747,99.68981193324747,99.68981193324747,99.68981193324747,50.0,99.68981193324747,99.68981193324747,99.68981193324747,74.84490596662374,99.68981193324747
8173b962a3b905e765e5,EVO_CAND_SHADOW_1H_FAST_V3_NO_ESPORTS_V1_TP_R200_68f866e1,SHIB,LONG,2026-07-26T05:53:36+00:00,98.81200511069898,99.11242829662216,-13.876414166603132,True,False,25.0,50.0,75.0,98.81200511069898,98.81200511069898,98.81200511069898,98.81200511069898,50.0,98.81200511069898,98.81200511069898,98.81200511069898,74.40600255534949,98.81200511069898
1f492bd40a259d2dd21c,SHADOW_1H_FAST_NOHIGH_CAP75_SHORT_ONLY_V1,EUL,LONG,2026-07-26T05:53:36+00:00,74.96509172238638,75.06417010899146,-28.359023960808695,True,False,25.0,50.0,74.96509172238638,74.96509172238638,74.96509172238638,74.96509172238638,74.96509172238638,50.0,74.96509172238638,74.96509172238638,74.96509172238638,62.48254586119319,74.96509172238638
676398942224e1605689,SHADOW_1H_FAST_NOHIGH_CAP75_V1,EUL,LONG,2026-07-26T05:53:36+00:00,76.86663844001073,76.96823002544622,-29.078372229298882,True,False,25.0,50.0,75.0,76.86663844001073,76.86663844001073,76.86663844001073,76.86663844001073,50.0,76.86663844001073,76.86663844001073,76.86663844001073,63.433319220005366,76.86663844001073
f9ccb04a948ab0ab5d45,SHADOW_1H_FAST_NO_PEPE_V1,SHIB,LONG,2026-07-26T05:53:36+00:00,1.4816036819896414,1.4874621417378806,-0.41599915995169084,False,False,1.4816036819896414,1.4816036819896414,1.4816036819896414,1.4816036819896414,1.4816036819896414,1.4816036819896414,1.4816036819896414,1.4816036819896414,1.4816036819896414,1.4816036819896414,1.4816036819896414,1.4816036819896414,1.4816036819896414
8c0ee43853e6a83915fb,SHADOW_1H_FAST_TP2_V1,SHIB,LONG,2026-07-26T05:53:36+00:00,92.48592722538687,92.76711691361336,-12.988027409463289,True,False,25.0,50.0,75.0,92.48592722538687,92.48592722538687,92.48592722538687,92.48592722538687,50.0,92.48592722538687,92.48592722538687,92.48592722538687,71.24296361269344,92.48592722538687
fa7b7746ff44218dbad1,SHADOW_1H_FAST_V3,SHIB,LONG,2026-07-26T05:53:36+00:00,1.4901758229051636,1.496068178048724,-0.41840601372992664,False,False,1.4901758229051636,1.4901758229051636,1.4901758229051636,1.4901758229051636,1.4901758229051636,1.4901758229051636,1.4901758229051636,1.4901758229051636,1.4901758229051636,1.4901758229051636,1.4901758229051636,1.4901758229051636,1.4901758229051636
b34f28c7661cec26cbcb,SHADOW_1H_FAST_V3_NOHIGH_V1,SHIB,LONG,2026-07-26T05:53:36+00:00,1.4561269440945452,1.461884665402884,-0.40884589643628383,False,False,1.4561269440945452,1.4561269440945452,1.4561269440945452,1.4561269440945452,1.4561269440945452,1.4561269440945452,1.4561269440945452,1.4561269440945452,1.4561269440945452,1.4561269440945452,1.4561269440945452,1.4561269440945452,1.4561269440945452
db5c43d6c8ef9a639660,SHADOW_1H_FAST_V3_NO_ESPORTS_MFE_LOCK_V1,SHIB,LONG,2026-07-26T05:53:36+00:00,1.2906394545755768,2.2003826092527365,-0.6455979731717902,False,False,1.2906394545755768,1.2906394545755768,1.2906394545755768,1.2906394545755768,1.2906394545755768,1.2906394545755768,1.2906394545755768,1.2906394545755768,1.2906394545755768,1.2906394545755768,1.2906394545755768,1.2906394545755768,1.2906394545755768
e3e313b9665b1ecc2658,SHADOW_1H_FAST_V3_NO_ESPORTS_V1,SHIB,LONG,2026-07-26T05:53:36+00:00,1.4600733232346108,1.4658466490555626,-0.4099539460632349,False,False,1.4600733232346108,1.4600733232346108,1.4600733232346108,1.4600733232346108,1.4600733232346108,1.4600733232346108,1.4600733232346108,1.4600733232346108,1.4600733232346108,1.4600733232346108,1.4600733232346108,1.4600733232346108,1.4600733232346108
2a2bb4c8a704073e81a1,SHADOW_COMBO_ADAPTIVE_QUALITY7_V1,SHIB,LONG,2026-07-26T05:53:36+00:00,3.876686001684159,3.885987961993986,-0.45895009104965345,False,False,3.876686001684159,3.876686001684159,3.876686001684159,3.876686001684159,3.876686001684159,3.876686001684159,3.876686001684159,3.876686001684159,3.876686001684159,3.876686001684159,3.876686001684159,3.876686001684159,3.876686001684159
37b554bead19e6cd03dc,SHADOW_MASTER_ADAPTIVE_RUNNER25_V1,DOGE,LONG,2026-07-26T05:53:36+00:00,0.7718673178639903,0.8924155953956947,-0.07814334230636147,False,False,0.7718673178639903,0.7718673178639903,0.7718673178639903,0.7718673178639903,0.7718673178639903,0.7718673178639903,0.7718673178639903,0.7718673178639903,0.7718673178639903,0.7718673178639903,0.7718673178639903,0.7718673178639903,0.7718673178639903
c25a3bab7455cf25ab74,EVO_CAND_SHADOW_1H_FAST_V3_NOHIGH_V1_TP_R200_8346046b,ALLO,SHORT,2026-07-26T06:23:37+00:00,96.21456188552362,96.32140160869847,-22.90078089459298,True,False,25.0,50.0,75.0,96.21456188552362,96.21456188552362,96.21456188552362,96.21456188552362,50.0,96.21456188552362,96.21456188552362,96.21456188552362,73.1072809427618,67.40375801120257
8aa1710d39f30a843e29,EVO_CAND_SHADOW_1H_FAST_V3_NO_ESPORTS_MFE_LOCK_TP_R200_6b7c560f,EUL,LONG,2026-07-26T06:23:37+00:00,2.2004748526694837,4.671060362471936,-3.044706947856615,False,False,2.2004748526694837,2.2004748526694837,2.2004748526694837,2.2004748526694837,2.2004748526694837,2.2004748526694837,2.2004748526694837,2.2004748526694837,2.2004748526694837,2.2004748526694837,2.2004748526694837,2.2004748526694837,2.2004748526694837
8ce8a5db2d221aeac7c3,EVO_CAND_SHADOW_1H_FAST_V3_NO_ESPORTS_V1_TP_R200_68f866e1,ALLO,SHORT,2026-07-26T06:23:37+00:00,97.8626619589468,97.97133178509316,-23.29305809187143,True,False,25.0,50.0,75.0,97.8626619589468,97.8626619589468,97.8626619589468,97.8626619589468,50.0,97.8626619589468,97.8626619589468,97.8626619589468,73.9313309794734,68.55834559493479
31654e0513de6c3258b5,EVO_CAND_SHADOW_1H_FAST_V3_TP_R200_3ee5afb4,ALLO,SHORT,2026-07-26T06:23:37+00:00,96.21456188552362,96.32140160869847,-22.90078089459298,True,False,25.0,50.0,75.0,96.21456188552362,96.21456188552362,96.21456188552362,96.21456188552362,50.0,96.21456188552362,96.21456188552362,96.21456188552362,73.1072809427618,67.40375801120257
7e10a101b49d400fe373,SHADOW_1H_FAST_SCORE_6_75_NO_TREND_UP_V1,ALLO,SHORT,2026-07-26T06:23:37+00:00,72.75728644209259,72.85361973984234,-34.40804261578257,True,False,25.0,50.0,72.75728644209259,72.75728644209259,72.75728644209259,72.75728644209259,72.75728644209259,50.0,72.75728644209259,72.75728644209259,72.75728644209259,61.378643221046296,49.07386778307353
ed7dab761de2f38586bb,SHADOW_1H_FAST_SCORE_6_75_RANGE_ONLY_V1,ALLO,SHORT,2026-07-26T06:23:37+00:00,72.13382985850782,72.22933767702878,-34.11320038421929,True,False,25.0,50.0,72.13382985850782,72.13382985850782,72.13382985850782,72.13382985850782,72.13382985850782,50.0,72.13382985850782,72.13382985850782,72.13382985850782,61.06691492925391,48.65335421738859
1f904893cd3119714b7e,SHADOW_1H_FAST_SCORE_6_75_V1,ALLO,SHORT,2026-07-26T06:23:37+00:00,75.74745308023056,75.847745467539,-35.82213852486005,True,False,25.0,50.0,75.0,75.74745308023056,75.74745308023056,75.74745308023056,75.74745308023056,50.0,75.74745308023056,75.74745308023056,75.74745308023056,62.87372654011528,51.09069729149848
d9e04432a53274f4ed92,SHADOW_1H_FAST_TP2_V1,PEPE,LONG,2026-07-26T06:23:37+00:00,-0.06181988915773432,0.6269573026237273,-0.5659109089964264,False,False,-0.06181988915773432,-0.06181988915773432,-0.06181988915773432,-0.06181988915773432,-0.06181988915773432,-0.06181988915773432,-0.06181988915773432,-0.06181988915773432,-0.06181988915773432,-0.06181988915773432,-0.06181988915773432,-0.06181988915773432,-0.06181988915773432
348ea514a73029cc3a9e,SHADOW_COMBO_ADAPTIVE_RUNNER25_V1,PEPE,LONG,2026-07-26T06:23:37+00:00,0.7467578753981479,1.4042930335217456,-0.1671175478277634,False,False,0.7467578753981479,0.7467578753981479,0.7467578753981479,0.7467578753981479,0.7467578753981479,0.7467578753981479,0.7467578753981479,0.7467578753981479,0.7467578753981479,0.7467578753981479,0.7467578753981479,0.7467578753981479,0.7467578753981479
f86189641ab965e4eef8,EVO_CAND_SHADOW_1H_FAST_V3_CAP75_V1_TP_R200_86882aa9,SHIB,LONG,2026-07-26T06:38:37+00:00,1.3766092900167606,55.70885861179474,-32.87693759450621,True,False,25.0,1.3766092900167606,1.3766092900167606,1.3766092900167606,1.3766092900167606,1.3766092900167606,1.3766092900167606,1.3766092900167606,1.3766092900167606,1.3766092900167606,1.3766092900167606,25.68830464500838,1.3766092900167606
fbfe2533ebe3481c4015,EVO_CAND_SHADOW_1H_FAST_V3_LONG_NOHIGH_CAP75_L_TP_R200_903364ad,SHIB,LONG,2026-07-26T06:38:37+00:00,10.844031150500648,55.421492126897604,-32.70734643385164,True,False,25.0,10.844031150500648,10.844031150500648,10.844031150500648,10.844031150500648,10.844031150500648,10.844031150500648,10.844031150500648,10.844031150500648,10.844031150500648,10.844031150500648,30.422015575250324,10.844031150500648
00d7d12697c9f553b7bf,EVO_CAND_SHADOW_1H_FAST_V3_LONG_NOHIGH_CAP75_V_TP_R200_051501d0,SHIB,LONG,2026-07-26T06:38:37+00:00,1.3687984439123193,55.39276796470525,-32.69039468665407,True,False,25.0,1.3687984439123193,1.3687984439123193,1.3687984439123193,1.3687984439123193,1.3687984439123193,1.3687984439123193,1.3687984439123193,1.3687984439123193,1.3687984439123193,1.3687984439123193,25.68439922195616,1.3687984439123193
ea42be7610b35614ff57,SHADOW_1H_BALANCED_LONG_NO_RHV_V1,PEPE,LONG,2026-07-26T06:38:37+00:00,1.0412041982515974,2.0823214693178556,-0.24780615543523352,False,False,1.0412041982515974,1.0412041982515974,1.0412041982515974,1.0412041982515974,1.0412041982515974,1.0412041982515974,1.0412041982515974,1.0412041982515974,1.0412041982515974,1.0412041982515974,1.0412041982515974,1.0412041982515974,1.0412041982515974
43623296a9e7b04de441,SHADOW_1H_FAST_NOHIGH_CAP75_SHORT_ONLY_V1,SHIB,LONG,2026-07-26T06:38:37+00:00,0.06810191010314277,2.7559596674543316,-1.6264471442731845,False,False,0.06810191010314277,0.06810191010314277,0.06810191010314277,0.06810191010314277,0.06810191010314277,0.06810191010314277,0.06810191010314277,0.06810191010314277,0.06810191010314277,0.06810191010314277,0.06810191010314277,0.06810191010314277,0.06810191010314277
b3603f42d35533e73b01,SHADOW_1H_FAST_NOHIGH_CAP75_V1,SHIB,LONG,2026-07-26T06:38:37+00:00,0.06968902310921224,2.8201872262084846,-1.664351446993196,False,False,0.06968902310921224,0.06968902310921224,0.06968902310921224,0.06968902310921224,0.06968902310921224,0.06968902310921224,0.06968902310921224,0.06968902310921224,0.06968902310921224,0.06968902310921224,0.06968902310921224,0.06968902310921224,0.06968902310921224
21fe4cacded104bf5bcd,SHADOW_1H_FAST_SCORE_6_75_COST_AWARE_V1,SHIB,LONG,2026-07-26T06:38:37+00:00,1.391941382526764,56.32932033616122,-33.243107031470004,True,False,25.0,1.391941382526764,1.391941382526764,1.391941382526764,1.391941382526764,1.391941382526764,1.391941382526764,1.391941382526764,1.391941382526764,1.391941382526764,1.391941382526764,25.695970691263383,1.391941382526764
1be48275f0ce7423dd12,SHADOW_1H_FAST_SCORE_6_75_NO_TREND_UP_V1,SHIB,LONG,2026-07-26T06:38:37+00:00,1.381547069956711,55.90868152925266,-32.994864361467926,True,False,25.0,1.381547069956711,1.381547069956711,1.381547069956711,1.381547069956711,1.381547069956711,1.381547069956711,1.381547069956711,1.381547069956711,1.381547069956711,1.381547069956711,25.690773534978355,1.381547069956711
6af46818849748c3a370,SHADOW_1H_FAST_SCORE_6_75_V1,SHIB,LONG,2026-07-26T06:38:37+00:00,1.3950853093305327,56.45654930015787,-33.3181920146085,True,False,25.0,1.3950853093305327,1.3950853093305327,1.3950853093305327,1.3950853093305327,1.3950853093305327,1.3950853093305327,1.3950853093305327,1.3950853093305327,1.3950853093305327,1.3950853093305327,25.697542654665266,1.3950853093305327
349812b46565236d8527,SHADOW_1H_FAST_V3_CAP75_V1,SHIB,LONG,2026-07-26T06:38:37+00:00,1.3985299347574223,56.595946987118744,-33.400458447079636,True,False,25.0,1.3985299347574223,1.3985299347574223,1.3985299347574223,1.3985299347574223,1.3985299347574223,1.3985299347574223,1.3985299347574223,1.3985299347574223,1.3985299347574223,1.3985299347574223,25.69926496737871,1.3985299347574223
18446c336ad6a44ff0b9,SHADOW_1H_FAST_V3_LONG_NOHIGH_CAP75_LOCK_V1,SHIB,LONG,2026-07-26T06:38:37+00:00,10.653913079520544,54.44983988542297,-32.13391967727185,True,False,25.0,10.653913079520544,10.653913079520544,10.653913079520544,10.653913079520544,10.653913079520544,10.653913079520544,10.653913079520544,10.653913079520544,10.653913079520544,10.653913079520544,30.32695653976027,10.653913079520544
f11fdca15e9ecc7174f1,SHADOW_1H_FAST_V3_LONG_NOHIGH_CAP75_V1,SHIB,LONG,2026-07-26T06:38:37+00:00,1.348585720211637,54.57479602817494,-32.2076633404823,True,False,25.0,1.348585720211637,1.348585720211637,1.348585720211637,1.348585720211637,1.348585720211637,1.348585720211637,1.348585720211637,1.348585720211637,1.348585720211637,1.348585720211637,25.67429286010582,1.348585720211637
386f4a2df7b09b0ef829,SHADOW_COMBO_SCANNER,PEPE,LONG,2026-07-26T06:38:37+00:00,0.49938643495172175,0.998731177546402,-0.11885375868604613,False,False,0.49938643495172175,0.49938643495172175,0.49938643495172175,0.49938643495172175,0.49938643495172175,0.49938643495172175,0.49938643495172175,0.49938643495172175,0.49938643495172175,0.49938643495172175,0.49938643495172175,0.49938643495172175,0.49938643495172175
39cebd65bf3030282db2,SHADOW_DONCHIAN_1H,PEPE,LONG,2026-07-26T06:38:37+00:00,37.18807378935835,85.19078852744944,-10.138108882102097,True,False,25.0,50.0,75.0,37.18807378935835,37.18807378935835,37.18807378935835,37.18807378935835,50.0,37.18807378935835,37.18807378935835,30.0,43.59403689467918,28.425629913043174
64ae4530484e60fc861c,SHADOW_SCANNER_TOP5_BTC_BTC_LE3_V1,PEPE,LONG,2026-07-26T06:38:37+00:00,1.0552229533828081,2.110357809194173,-0.25114261318183767,False,False,1.0552229533828081,1.0552229533828081,1.0552229533828081,1.0552229533828081,1.0552229533828081,1.0552229533828081,1.0552229533828081,1.0552229533828081,1.0552229533828081,1.0552229533828081,1.0552229533828081,1.0552229533828081,1.0552229533828081
15a414632e821417125c,SHADOW_SCANNER_TOP5_BTC_GUARD_BTC_LE3_MFE_V1,SHIB,LONG,2026-07-26T06:38:37+00:00,1.5667806489360894,2.654252948417983,-0.5603258820536962,False,False,1.5667806489360894,1.5667806489360894,1.5667806489360894,1.5667806489360894,1.5667806489360894,1.5667806489360894,1.5667806489360894,1.5667806489360894,1.5667806489360894,1.5667806489360894,1.5667806489360894,1.5667806489360894,1.5667806489360894
5c2ee19c7d2dddaf169f,SHADOW_SCANNER_TOP5_BTC_GUARD_MFE_V1,SHIB,LONG,2026-07-26T06:38:37+00:00,1.3001693046709741,2.2025918003958336,-0.4649779871570405,False,False,1.3001693046709741,1.3001693046709741,1.3001693046709741,1.3001693046709741,1.3001693046709741,1.3001693046709741,1.3001693046709741,1.3001693046709741,1.3001693046709741,1.3001693046709741,1.3001693046709741,1.3001693046709741,1.3001693046709741
bdfcaf8b2f3dfc2d6d73,SHADOW_SCANNER_TOP5_LONG,PEPE,LONG,2026-07-26T06:38:37+00:00,0.98337714795528,1.9666721965416352,-0.2340433421099,False,False,0.98337714795528,0.98337714795528,0.98337714795528,0.98337714795528,0.98337714795528,0.98337714795528,0.98337714795528,0.98337714795528,0.98337714795528,0.98337714795528,0.98337714795528,0.98337714795528,0.98337714795528
2be457aba6ada6a868c0,EVO_CAND_SHADOW_1H_FAST_V3_LONG_ONLY_V1_TP_R200_751e55c4,ESPORTS,LONG,2026-07-26T06:53:38+00:00,-137.21803345622791,-0.24999009140727482,-192.36655743468785,False,False,-137.21803345622791,-137.21803345622791,-137.21803345622791,-137.21803345622791,-137.21803345622791,-137.21803345622791,-50.0,-50.0,-137.21803345622791,-137.21803345622791,-137.21803345622791,-137.21803345622791,-137.21803345622791
0f6dad3348845fc82e26,EVO_CAND_SHADOW_1H_FAST_V3_NOHIGH_V1_TP_R200_8346046b,ESPORTS,LONG,2026-07-26T06:53:38+00:00,-137.20938864627152,-0.24997434189697526,-192.3544382380407,False,False,-137.20938864627152,-137.20938864627152,-137.20938864627152,-137.20938864627152,-137.20938864627152,-137.20938864627152,-50.0,-50.0,-137.20938864627152,-137.20938864627152,-137.20938864627152,-137.20938864627152,-137.20938864627152
461a9893aab67ce5d1d1,EVO_CAND_SHADOW_1H_FAST_V3_TP_R200_3ee5afb4,ESPORTS,LONG,2026-07-26T06:53:38+00:00,-137.20938864627152,-0.24997434189697526,-192.3544382380407,False,False,-137.20938864627152,-137.20938864627152,-137.20938864627152,-137.20938864627152,-137.20938864627152,-137.20938864627152,-50.0,-50.0,-137.20938864627152,-137.20938864627152,-137.20938864627152,-137.20938864627152,-137.20938864627152
90be6cbee303bb339725,MAIN,ESPORTS,LONG,2026-07-26T06:53:38+00:00,-134.45445098836026,19.012118867923597,-179.51807358013562,False,False,-134.45445098836026,-134.45445098836026,-134.45445098836026,-134.45445098836026,-134.45445098836026,-134.45445098836026,-50.0,-50.0,-134.45445098836026,-134.45445098836026,-134.45445098836026,-134.45445098836026,-134.45445098836026
d4beef5bcd83c4cf9335,SHADOW_1H_BALANCED,ESPORTS,LONG,2026-07-26T06:53:38+00:00,-145.65138507916913,20.59538695853663,-194.46776117478257,False,False,-145.65138507916913,-145.65138507916913,-145.65138507916913,-145.65138507916913,-145.65138507916913,-145.65138507916913,-50.0,-50.0,-145.65138507916913,-145.65138507916913,-145.65138507916913,-145.65138507916913,-145.65138507916913
6337d1277b59d84fa2a7,SHADOW_1H_BALANCED_LONG_NO_RHV_V1,ESPORTS,LONG,2026-07-26T06:53:38+00:00,-138.06733403859735,19.522987504120405,-184.34184698801656,False,False,-138.06733403859735,-138.06733403859735,-138.06733403859735,-138.06733403859735,-138.06733403859735,-138.06733403859735,-50.0,-50.0,-138.06733403859735,-138.06733403859735,-138.06733403859735,-138.06733403859735,-138.06733403859735
ee0df82bbf4102735093,SHADOW_1H_BALANCED_V2,ESPORTS,LONG,2026-07-26T06:53:38+00:00,-141.2009339279621,19.966084576349516,-188.52570115851466,False,False,-141.2009339279621,-141.2009339279621,-141.2009339279621,-141.2009339279621,-141.2009339279621,-141.2009339279621,-50.0,-50.0,-141.2009339279621,-141.2009339279621,-141.2009339279621,-141.2009339279621,-141.2009339279621
60f22529891bc10e53fd,SHADOW_1H_FAST_TP2_V1,ESPORTS,LONG,2026-07-26T06:53:38+00:00,-137.63986087826305,19.462541974222507,-183.77110234039557,False,False,-137.63986087826305,-137.63986087826305,-137.63986087826305,-137.63986087826305,-137.63986087826305,-137.63986087826305,-50.0,-50.0,-137.63986087826305,-137.63986087826305,-137.63986087826305,-137.63986087826305,-137.63986087826305
477271076903fde8a7f7,SHADOW_1H_FAST_V3_LONG_ONLY_V1,ESPORTS,LONG,2026-07-26T06:53:38+00:00,-135.93751745569486,19.221827328734893,-181.4982031574766,False,False,-135.93751745569486,-135.93751745569486,-135.93751745569486,-135.93751745569486,-135.93751745569486,-135.93751745569486,-50.0,-50.0,-135.93751745569486,-135.93751745569486,-135.93751745569486,-135.93751745569486,-135.93751745569486
659f97949d86a148aee5,SHADOW_COMBO_ADAPTIVE_PARTIAL_1R_V1,ESPORTS,LONG,2026-07-26T06:53:38+00:00,-97.9609059596977,9.866538787354775,-97.9609059596977,False,False,-97.9609059596977,-97.9609059596977,-97.9609059596977,-97.9609059596977,-97.9609059596977,-97.9609059596977,-50.0,-50.0,-97.9609059596977,-97.9609059596977,-97.9609059596977,-97.9609059596977,-97.9609059596977
a430f806ea2a46ea16e3,SHADOW_COMBO_SCANNER,ESPORTS,LONG,2026-07-26T06:53:38+00:00,-196.11452976813746,19.752487951849293,-196.11452976813746,False,False,-196.11452976813746,-196.11452976813746,-196.11452976813746,-196.11452976813746,-196.11452976813746,-196.11452976813746,-50.0,-50.0,-196.11452976813746,-196.11452976813746,-196.11452976813746,-196.11452976813746,-196.11452976813746
4554c36766888ff8bfb7,SHADOW_COMBO_TREND,ESPORTS,LONG,2026-07-26T06:53:38+00:00,-184.83848774747514,5.569544228788129,-184.83848774747514,False,False,-184.83848774747514,-184.83848774747514,-184.83848774747514,-184.83848774747514,-184.83848774747514,-184.83848774747514,-50.0,-50.0,-184.83848774747514,-184.83848774747514,-184.83848774747514,-184.83848774747514,-184.83848774747514
0c56c46a15d6cb8b65bb,SHADOW_MASTER_ADAPTIVE_EXPANDED_V1,ESPORTS,LONG,2026-07-26T06:53:38+00:00,-192.1014934106306,19.348298357148163,-192.1014934106306,False,False,-192.1014934106306,-192.1014934106306,-192.1014934106306,-192.1014934106306,-192.1014934106306,-192.1014934106306,-50.0,-50.0,-192.1014934106306,-192.1014934106306,-192.1014934106306,-192.1014934106306,-192.1014934106306
07effcaf167c132b5de8,SHADOW_MASTER_ADAPTIVE_GB20_BE_V1,ESPORTS,LONG,2026-07-26T06:53:38+00:00,-194.85006387157446,19.62513202663094,-194.85006387157446,False,False,-194.85006387157446,-194.85006387157446,-194.85006387157446,-194.85006387157446,-194.85006387157446,-194.85006387157446,-50.0,-50.0,-194.85006387157446,-194.85006387157446,-194.85006387157446,-194.85006387157446,-194.85006387157446
ff797527b2c7de886b4d,SHADOW_MASTER_ADAPTIVE_GB20_LOSS_CAP_V1,ESPORTS,LONG,2026-07-26T06:53:38+00:00,-194.9034747883362,19.630511528553008,-194.9034747883362,False,False,-194.9034747883362,-194.9034747883362,-194.9034747883362,-194.9034747883362,-194.9034747883362,-194.9034747883362,-50.0,-50.0,-194.9034747883362,-194.9034747883362,-194.9034747883362,-194.9034747883362,-194.9034747883362
f5711a33ecfbd3fd5bf6,SHADOW_MASTER_ADAPTIVE_GB20_PARTIAL_V1,ESPORTS,LONG,2026-07-26T06:53:38+00:00,-193.78825139417626,19.518187180720094,-193.78825139417626,False,False,-193.78825139417626,-193.78825139417626,-193.78825139417626,-193.78825139417626,-193.78825139417626,-193.78825139417626,-50.0,-50.0,-193.78825139417626,-193.78825139417626,-193.78825139417626,-193.78825139417626,-193.78825139417626
db78fc700d5d9114b4df,SHADOW_MASTER_ADAPTIVE_NO_ALT_V1,ESPORTS,LONG,2026-07-26T06:53:38+00:00,-191.23820391660945,19.261348576579785,-191.23820391660945,False,False,-191.23820391660945,-191.23820391660945,-191.23820391660945,-191.23820391660945,-191.23820391660945,-191.23820391660945,-50.0,-50.0,-191.23820391660945,-191.23820391660945,-191.23820391660945,-191.23820391660945,-191.23820391660945
e85fd3afceada57f9926,SHADOW_MASTER_ADAPTIVE_RUNNER25_V1,ESPORTS,LONG,2026-07-26T06:53:38+00:00,-191.42723084074694,19.28038720694549,-191.42723084074694,False,False,-191.42723084074694,-191.42723084074694,-191.42723084074694,-191.42723084074694,-191.42723084074694,-191.42723084074694,-50.0,-50.0,-191.42723084074694,-191.42723084074694,-191.42723084074694,-191.42723084074694,-191.42723084074694
d6fe04d457028283ff5d,SHADOW_MASTER_ADAPTIVE_STRICT3_V1,ESPORTS,LONG,2026-07-26T06:53:38+00:00,-187.98662524122392,18.933852349319224,-187.98662524122392,False,False,-187.98662524122392,-187.98662524122392,-187.98662524122392,-187.98662524122392,-187.98662524122392,-187.98662524122392,-50.0,-50.0,-187.98662524122392,-187.98662524122392,-187.98662524122392,-187.98662524122392,-187.98662524122392
e94a54a68ef0123119a9,SHADOW_MASTER_ADAPTIVE_V1,ESPORTS,LONG,2026-07-26T06:53:38+00:00,-191.23820391660945,19.261348576579785,-191.23820391660945,False,False,-191.23820391660945,-191.23820391660945,-191.23820391660945,-191.23820391660945,-191.23820391660945,-191.23820391660945,-50.0,-50.0,-191.23820391660945,-191.23820391660945,-191.23820391660945,-191.23820391660945,-191.23820391660945
492f14041ae77a016598,SHADOW_RELATIVE_STRENGTH,ESPORTS,LONG,2026-07-26T06:53:38+00:00,-182.17863731861945,5.48939774638609,-182.17863731861945,False,False,-182.17863731861945,-182.17863731861945,-182.17863731861945,-182.17863731861945,-182.17863731861945,-182.17863731861945,-50.0,-50.0,-182.17863731861945,-182.17863731861945,-182.17863731861945,-182.17863731861945,-182.17863731861945
9c4a5f8a5c8bbca5ade9,SHADOW_RELATIVE_STRENGTH_V2,ESPORTS,LONG,2026-07-26T06:53:38+00:00,-203.3275925836324,6.126657027051029,-203.3275925836324,False,False,-203.3275925836324,-203.3275925836324,-203.3275925836324,-203.3275925836324,-203.3275925836324,-203.3275925836324,-50.0,-50.0,-203.3275925836324,-203.3275925836324,-203.3275925836324,-203.3275925836324,-203.3275925836324
fb623c76cb52b55a3fb9,SHADOW_SCANNER_TOP10_LONG,ESPORTS,LONG,2026-07-26T06:53:38+00:00,-194.6372163640332,19.60369420744813,-194.6372163640332,False,False,-194.6372163640332,-194.6372163640332,-194.6372163640332,-194.6372163640332,-194.6372163640332,-194.6372163640332,-50.0,-50.0,-194.6372163640332,-194.6372163640332,-194.6372163640332,-194.6372163640332,-194.6372163640332
d1c65babde906ebfea8b,SHADOW_SCANNER_TOP15_LONG,ESPORTS,LONG,2026-07-26T06:53:38+00:00,-194.6372163640332,19.60369420744813,-194.6372163640332,False,False,-194.6372163640332,-194.6372163640332,-194.6372163640332,-194.6372163640332,-194.6372163640332,-194.6372163640332,-50.0,-50.0,-194.6372163640332,-194.6372163640332,-194.6372163640332,-194.6372163640332,-194.6372163640332
53c9fe9ac0db88625f64,SHADOW_SCANNER_TOP20_LONG,ESPORTS,LONG,2026-07-26T06:53:38+00:00,-194.6372163640332,19.60369420744813,-194.6372163640332,False,False,-194.6372163640332,-194.6372163640332,-194.6372163640332,-194.6372163640332,-194.6372163640332,-194.6372163640332,-50.0,-50.0,-194.6372163640332,-194.6372163640332,-194.6372163640332,-194.6372163640332,-194.6372163640332
a40687741bfab862396b,SHADOW_SCANNER_TOP5_BTC,ESPORTS,LONG,2026-07-26T06:53:38+00:00,-204.46666960381282,20.593708343175663,-204.46666960381282,False,False,-204.46666960381282,-204.46666960381282,-204.46666960381282,-204.46666960381282,-204.46666960381282,-204.46666960381282,-50.0,-50.0,-204.46666960381282,-204.46666960381282,-204.46666960381282,-204.46666960381282,-204.46666960381282
362ee91e860715d49e71,SHADOW_SCANNER_TOP5_BTC_BTC_LE3_V1,ESPORTS,LONG,2026-07-26T06:53:38+00:00,-196.3711573229213,19.77833526000119,-196.3711573229213,False,False,-196.3711573229213,-196.3711573229213,-196.3711573229213,-196.3711573229213,-196.3711573229213,-196.3711573229213,-50.0,-50.0,-196.3711573229213,-196.3711573229213,-196.3711573229213,-196.3711573229213,-196.3711573229213
eef5c80fa6f71bdf8ad9,SHADOW_SCANNER_TOP5_BTC_GUARD_BTC_LE3_MFE_V1,ESPORTS,LONG,2026-07-26T06:53:38+00:00,-190.40988048136904,19.177920547589967,-190.40988048136904,False,False,-190.40988048136904,-190.40988048136904,-190.40988048136904,-190.40988048136904,-190.40988048136904,-190.40988048136904,-50.0,-50.0,-190.40988048136904,-190.40988048136904,-190.40988048136904,-190.40988048136904,-190.40988048136904
2f689909fb32d02509f9,SHADOW_SCANNER_TOP5_BTC_GUARD_BTC_LE3_V1,ESPORTS,LONG,2026-07-26T06:53:38+00:00,-196.92811023069308,19.83443108122115,-196.92811023069308,False,False,-196.92811023069308,-196.92811023069308,-196.92811023069308,-196.92811023069308,-196.92811023069308,-196.92811023069308,-50.0,-50.0,-196.92811023069308,-196.92811023069308,-196.92811023069308,-196.92811023069308,-196.92811023069308
a0cd6385c3890a977a7d,SHADOW_SCANNER_TOP5_BTC_GUARD_MFE_V1,ESPORTS,LONG,2026-07-26T06:53:38+00:00,-188.24803849064847,18.960181668548234,-188.24803849064847,False,False,-188.24803849064847,-188.24803849064847,-188.24803849064847,-188.24803849064847,-188.24803849064847,-188.24803849064847,-50.0,-50.0,-188.24803849064847,-188.24803849064847,-188.24803849064847,-188.24803849064847,-188.24803849064847
56c4c1ac1996ab57276e,SHADOW_SCANNER_TOP5_BTC_GUARD_V1,ESPORTS,LONG,2026-07-26T06:53:38+00:00,-193.70659660277894,19.50996297986566,-193.70659660277894,False,False,-193.70659660277894,-193.70659660277894,-193.70659660277894,-193.70659660277894,-193.70659660277894,-193.70659660277894,-50.0,-50.0,-193.70659660277894,-193.70659660277894,-193.70659660277894,-193.70659660277894,-193.70659660277894
871349be4dd0095356df,SHADOW_SCANNER_TOP5_BTC_RUNNER25_V1,ESPORTS,LONG,2026-07-26T06:53:38+00:00,-198.896834940955,20.032719352701758,-198.896834940955,False,False,-198.896834940955,-198.896834940955,-198.896834940955,-198.896834940955,-198.896834940955,-198.896834940955,-50.0,-50.0,-198.896834940955,-198.896834940955,-198.896834940955,-198.896834940955,-198.896834940955
0297afd09e1f869d4390,SHADOW_SCANNER_TOP5_BTC_TP3_V1,ESPORTS,LONG,2026-07-26T06:53:38+00:00,-198.3665789129751,19.979312418414676,-198.3665789129751,False,False,-198.3665789129751,-198.3665789129751,-198.3665789129751,-198.3665789129751,-198.3665789129751,-198.3665789129751,-50.0,-50.0,-198.3665789129751,-198.3665789129751,-198.3665789129751,-198.3665789129751,-198.3665789129751
09be97a4c3fa1f3c6e4d,SHADOW_SCANNER_TOP5_LONG,ESPORTS,LONG,2026-07-26T06:53:38+00:00,-208.91976657885232,21.04222046745262,-208.91976657885232,False,False,-208.91976657885232,-208.91976657885232,-208.91976657885232,-208.91976657885232,-208.91976657885232,-208.91976657885232,-50.0,-50.0,-208.91976657885232,-208.91976657885232,-208.91976657885232,-208.91976657885232,-208.91976657885232
ac4c2474f5048dc4d0a5,EVO_CAND_SHADOW_1H_FAST_V3_NO_ESPORTS_MFE_LOCK_TP_R200_6b7c560f,ALLO,SHORT,2026-07-26T07:08:37+00:00,47.61727129561179,80.36177624770815,-31.487236619492663,True,False,25.0,50.0,47.61727129561179,47.61727129561179,47.61727129561179,47.61727129561179,47.61727129561179,50.0,47.61727129561179,47.61727129561179,47.61727129561179,48.8086356478059,51.67000634403778
3d6173eefc390729e1bb,SHADOW_1H_FAST_NOHIGH_CAP75_SHORT_ONLY_V1,PEPE,LONG,2026-07-26T07:08:37+00:00,71.88568899715253,72.51036633248124,-45.362447114003395,True,False,25.0,50.0,71.88568899715253,71.88568899715253,71.88568899715253,71.88568899715253,71.88568899715253,50.0,71.88568899715253,71.88568899715253,71.88568899715253,60.942844498576264,71.88568899715253
34259e1f452b07a2af43,SHADOW_1H_FAST_NOHIGH_CAP75_V1,PEPE,LONG,2026-07-26T07:08:37+00:00,73.93405020650742,74.57652753568613,-46.65503647811755,True,False,25.0,50.0,73.93405020650742,73.93405020650742,73.93405020650742,73.93405020650742,73.93405020650742,50.0,73.93405020650742,73.93405020650742,73.93405020650742,61.96702510325371,73.93405020650742
3e23c777f584ce51820b,SHADOW_1H_FAST_SCORE_6_75_COST_AWARE_V1,PEPE,LONG,2026-07-26T07:08:37+00:00,74.03465060346524,74.62827617721416,-54.023882092229854,True,False,25.0,50.0,74.03465060346524,74.03465060346524,74.03465060346524,74.03465060346524,74.03465060346524,50.0,74.03465060346524,74.03465060346524,74.03465060346524,62.01732530173262,74.03465060346524
d0aaebc04e223f67a1ce,SHADOW_1H_FAST_SCORE_6_75_NO_TREND_UP_V1,PEPE,LONG,2026-07-26T07:08:37+00:00,4.134795838686594,4.167949511082803,-3.017205066058512,False,False,4.134795838686594,4.134795838686594,4.134795838686594,4.134795838686594,4.134795838686594,4.134795838686594,4.134795838686594,4.134795838686594,4.134795838686594,4.134795838686594,4.134795838686594,4.134795838686594,4.134795838686594
6c1e96197e9e88abd5be,SHADOW_1H_FAST_SCORE_6_75_V1,PEPE,LONG,2026-07-26T07:08:37+00:00,74.2492820087626,74.84462854276563,-54.18050094081711,True,False,25.0,50.0,74.2492820087626,74.2492820087626,74.2492820087626,74.2492820087626,74.2492820087626,50.0,74.2492820087626,74.2492820087626,74.2492820087626,62.1246410043813,74.2492820087626
0f1cc8a09e22e77b2142,SHADOW_1H_FAST_TP2_V1,PEPE,LONG,2026-07-26T07:08:37+00:00,1.116658907518519,1.1233416597811372,-0.1531780743124425,False,False,1.116658907518519,1.116658907518519,1.116658907518519,1.116658907518519,1.116658907518519,1.116658907518519,1.116658907518519,1.116658907518519,1.116658907518519,1.116658907518519,1.116658907518519,1.116658907518519,1.116658907518519
b7f7364ee73704819ea6,SHADOW_1H_FAST_V3_CAP75_V1,PEPE,LONG,2026-07-26T07:08:37+00:00,2.417387595225584,2.4367707230784514,-1.7639937698250363,False,False,2.417387595225584,2.417387595225584,2.417387595225584,2.417387595225584,2.417387595225584,2.417387595225584,2.417387595225584,2.417387595225584,2.417387595225584,2.417387595225584,2.417387595225584,2.417387595225584,2.417387595225584
51dd2e4439acadcbd87f,SHADOW_1H_FAST_V3_LONG_NOHIGH_CAP75_LOCK_V1,PEPE,LONG,2026-07-26T07:08:37+00:00,3.695202641581328,3.7248315622333106,-2.6964291745619744,False,False,3.695202641581328,3.695202641581328,3.695202641581328,3.695202641581328,3.695202641581328,3.695202641581328,3.695202641581328,3.695202641581328,3.695202641581328,3.695202641581328,3.695202641581328,3.695202641581328,3.695202641581328
dc8a59b77400e5d3a2b4,SHADOW_1H_FAST_V3_LONG_NOHIGH_CAP75_V1,PEPE,LONG,2026-07-26T07:08:37+00:00,3.249551708859601,3.2756073055548645,-2.371232888128444,False,False,3.249551708859601,3.249551708859601,3.249551708859601,3.249551708859601,3.249551708859601,3.249551708859601,3.249551708859601,3.249551708859601,3.249551708859601,3.249551708859601,3.249551708859601,3.249551708859601,3.249551708859601
1bac086ccc0a3afe9bae,SHADOW_1H_FAST_V3_NOHIGH_REGIME_GUARD_V1,PEPE,LONG,2026-07-26T07:08:37+00:00,3.0582821974336984,3.082804154508387,-2.2316614651679134,False,False,3.0582821974336984,3.0582821974336984,3.0582821974336984,3.0582821974336984,3.0582821974336984,3.0582821974336984,3.0582821974336984,3.0582821974336984,3.0582821974336984,3.0582821974336984,3.0582821974336984,3.0582821974336984,3.0582821974336984
eb5c963c8d2258d748e5,SHADOW_1H_FAST_V3_NO_ESPORTS_LONG_ONLY_V1,PEPE,LONG,2026-07-26T07:08:37+00:00,3.8742481515071656,3.9053126971359733,-2.8270806119434306,False,False,3.8742481515071656,3.8742481515071656,3.8742481515071656,3.8742481515071656,3.8742481515071656,3.8742481515071656,3.8742481515071656,3.8742481515071656,3.8742481515071656,3.8742481515071656,3.8742481515071656,3.8742481515071656,3.8742481515071656
26926775ca61d8269a42,SHADOW_1H_FAST_V3_NO_ESPORTS_STRESS_GUARD_V1,PEPE,LONG,2026-07-26T07:08:37+00:00,72.00769435682541,72.58506736430886,-52.54479028343495,True,False,25.0,50.0,72.00769435682541,72.00769435682541,72.00769435682541,72.00769435682541,72.00769435682541,50.0,72.00769435682541,72.00769435682541,72.00769435682541,61.003847178412705,72.00769435682541
11c52a502b6c78137015,SHADOW_BOLLINGER_MR_1H,PEPE,SHORT,2026-07-26T07:08:37+00:00,-76.76620324832979,33.68918315673699,-76.76620324832979,False,False,-76.76620324832979,-76.76620324832979,-76.76620324832979,-76.76620324832979,-76.76620324832979,-76.76620324832979,-50.0,-50.0,-76.76620324832979,-76.76620324832979,-76.76620324832979,-76.76620324832979,-76.76620324832979
8d60b4a1a4204c857be6,SHADOW_COMBO_TREND,SHIB,LONG,2026-07-26T07:08:37+00:00,3.043147512328897,3.0492172161715296,-0.29394406747511964,False,False,3.043147512328897,3.043147512328897,3.043147512328897,3.043147512328897,3.043147512328897,3.043147512328897,3.043147512328897,3.043147512328897,3.043147512328897,3.043147512328897,3.043147512328897,3.043147512328897,3.043147512328897
20cff67e9615cfe3f1bf,SHADOW_SCANNER_BOTTOM5_SHORT_MFE_TRAIL_V1,ALLO,SHORT,2026-07-26T07:08:37+00:00,37.044415388786945,62.51838754513419,-24.495865492506756,True,False,25.0,50.0,37.044415388786945,37.044415388786945,37.044415388786945,37.044415388786945,37.044415388786945,50.0,37.044415388786945,37.044415388786945,37.044415388786945,43.52220769439347,40.1972882122329
cea29b2a68b077cb5aa4,EVO_CAND_SHADOW_1H_FAST_V3_CAP75_V1_TP_R200_86882aa9,ALLO,SHORT,2026-07-26T07:23:37+00:00,23.78464063748008,78.61070817103862,-34.737841846892124,True,False,25.0,50.0,23.78464063748008,23.78464063748008,23.78464063748008,23.78464063748008,23.78464063748008,50.0,23.78464063748008,23.78464063748008,30.0,36.89232031874004,49.544238156743255
57c4327f03f8f7dabf6f,EVO_CAND_SHADOW_1H_FAST_V3_NOHIGH_RANGE_ONLY_V_TP_R200_52488eb5,ALLO,SHORT,2026-07-26T07:23:37+00:00,37.380809999797776,95.08586047455033,-28.50606557943955,True,False,25.0,50.0,75.0,37.380809999797776,37.380809999797776,37.380809999797776,37.380809999797776,50.0,37.380809999797776,37.380809999797776,37.380809999797776,43.69040499989889,62.90685333424374
5761a7955c7ba97bc049,EVO_CAND_SHADOW_1H_FAST_V3_NOHIGH_REGIME_GUARD_TP_R200_934590ed,BANK,LONG,2026-07-26T07:23:37+00:00,-7.804330470701065,47.41643787418478,-10.138434358631896,False,False,25.0,-7.804330470701065,-7.804330470701065,-7.804330470701065,-7.804330470701065,-7.804330470701065,-7.804330470701065,-7.804330470701065,-7.804330470701065,-7.804330470701065,-7.804330470701065,-7.804330470701065,-7.804330470701065
af5b90798b412bb887c1,EVO_CAND_SHADOW_1H_FAST_V3_NOHIGH_REGIME_GUARD_TP_R200_934590ed,ALLO,SHORT,2026-07-26T07:23:37+00:00,27.52489762732255,84.33529186426348,-34.895975624242126,True,False,25.0,50.0,27.52489762732255,27.52489762732255,27.52489762732255,27.52489762732255,27.52489762732255,50.0,27.52489762732255,27.52489762732255,30.0,38.76244881366127,53.29842465076635
2695a857af6d3f293799,EVO_CAND_SHADOW_1H_FAST_V3_NOHIGH_V1_TP_R200_8346046b,ALLO,SHORT,2026-07-26T07:23:37+00:00,-54.81581392044772,1.7531754557610444,-54.81581392044772,False,False,-54.81581392044772,-54.81581392044772,-54.81581392044772,-54.81581392044772,-54.81581392044772,-54.81581392044772,-50.0,-50.0,-54.81581392044772,-54.81581392044772,-54.81581392044772,-54.81581392044772,-54.81581392044772
e6bddc37f227d0bfc9f7,EVO_CAND_SHADOW_1H_FAST_V3_NO_ESPORTS_V1_TP_R200_68f866e1,ALLO,SHORT,2026-07-26T07:23:37+00:00,-56.03657384360739,1.792219048870257,-56.03657384360739,False,False,-56.03657384360739,-56.03657384360739,-56.03657384360739,-56.03657384360739,-56.03657384360739,-56.03657384360739,-50.0,-50.0,-56.03657384360739,-56.03657384360739,-56.03657384360739,-56.03657384360739,-56.03657384360739
a96880a3b32c63bb86bd,EVO_CAND_SHADOW_1H_FAST_V3_TP_R200_3ee5afb4,ALLO,SHORT,2026-07-26T07:23:37+00:00,-54.81581392044772,1.7531754557610444,-54.81581392044772,False,False,-54.81581392044772,-54.81581392044772,-54.81581392044772,-54.81581392044772,-54.81581392044772,-54.81581392044772,-50.0,-50.0,-54.81581392044772,-54.81581392044772,-54.81581392044772,-54.81581392044772,-54.81581392044772
1bfb59fa873327490bc0,MAIN_DYNAMIC_ASSET_SELECTOR_V1,BANK,LONG,2026-07-26T07:23:37+00:00,-2.5609173687483597,69.7202736535292,-11.286887948257322,True,True,25.0,50.0,-2.5609173687483597,-2.5609173687483597,-2.5609173687483597,-2.5609173687483597,-2.5609173687483597,50.0,0.0,20.0,30.0,23.71954131562582,40.85221980809354
20ac0b7cd8e97026d38c,MAIN_SIDE_REGIME_GUARD_V1,BANK,LONG,2026-07-26T07:23:37+00:00,-2.547278866368596,69.34896916329248,-11.22677814150566,True,True,25.0,50.0,-2.547278866368596,-2.547278866368596,-2.547278866368596,-2.547278866368596,-2.547278866368596,50.0,0.0,20.0,30.0,23.726360566815703,40.63465593669708
8103a8764054332acda6::SHADOW_1H_FAST_NOHIGH_CAP75_SHORT_ONLY_V1,SHADOW_1H_FAST_NOHIGH_CAP75_SHORT_ONLY_V1,ALLO,SHORT,2026-07-26T07:23:37+00:00,17.320004011361885,72.6895694657198,-41.16277478653055,True,False,25.0,50.0,17.320004011361885,17.320004011361885,17.320004011361885,17.320004011361885,17.320004011361885,50.0,17.320004011361885,20.0,30.0,33.660002005680944,43.56028412886136
c67f49079943357e0301,SHADOW_COMBO_ADAPTIVE_SIDE_REGIME_GUARD_V1,ALLO,SHORT,2026-07-26T07:23:37+00:00,20.158191602490735,66.68579368642266,-27.593025168040285,True,False,25.0,50.0,20.158191602490735,20.158191602490735,20.158191602490735,20.158191602490735,20.158191602490735,50.0,20.158191602490735,20.158191602490735,30.0,35.079095801245366,42.14425149310994
cc95f42da738db0d3910,SHADOW_COMBO_TREND_SIDE_REGIME_GUARD_V1,ALLO,SHORT,2026-07-26T07:23:37+00:00,15.153622329561639,59.634285749747,-24.675275746262873,True,False,25.0,50.0,15.153622329561639,15.153622329561639,15.153622329561639,15.153622329561639,15.153622329561639,50.0,15.153622329561639,20.0,30.0,32.57681116478082,37.68782220794081
68166914b467d4b0f344,SHADOW_SCANNER_BOTTOM10_SHORT,ALLO,SHORT,2026-07-26T07:23:37+00:00,30.764558237566536,78.11451083526691,-17.87117591435069,True,False,25.0,50.0,30.764558237566536,30.764558237566536,30.764558237566536,30.764558237566536,30.764558237566536,50.0,30.764558237566536,30.764558237566536,30.764558237566536,40.382279118783266,52.600145918645765
9fc25947bbcf49d7f799,SHADOW_SCANNER_BOTTOM15_SHORT,ALLO,SHORT,2026-07-26T07:23:37+00:00,30.764558237566536,78.11451083526691,-17.87117591435069,True,False,25.0,50.0,30.764558237566536,30.764558237566536,30.764558237566536,30.764558237566536,30.764558237566536,50.0,30.764558237566536,30.764558237566536,30.764558237566536,40.382279118783266,52.600145918645765
0b9bbe49e1a0ebec8642,SHADOW_SCANNER_BOTTOM20_SHORT,ALLO,SHORT,2026-07-26T07:23:37+00:00,30.764558237566536,78.11451083526691,-17.87117591435069,True,False,25.0,50.0,30.764558237566536,30.764558237566536,30.764558237566536,30.764558237566536,30.764558237566536,50.0,30.764558237566536,30.764558237566536,30.764558237566536,40.382279118783266,52.600145918645765
bc49842b8be97364e3c9,SHADOW_SCANNER_BOTTOM5_SHORT_PROFIT_LOCK_V1,ALLO,SHORT,2026-07-26T07:23:37+00:00,31.122825543307805,79.02418992508639,-18.07929390505352,True,False,25.0,50.0,31.122825543307805,31.122825543307805,31.122825543307805,31.122825543307805,31.122825543307805,50.0,31.122825543307805,31.122825543307805,31.122825543307805,40.561412771653906,53.21269859742466
b7281f0b79125d4beaac,EVO_CAND_SHADOW_1H_FAST_V3_CAP75_V1_TP_R200_86882aa9,PEPE,LONG,2026-07-26T07:38:37+00:00,7.036257133393861,7.078366288626441,-3.798894386887856,False,False,7.036257133393861,7.036257133393861,7.036257133393861,7.036257133393861,7.036257133393861,7.036257133393861,7.036257133393861,7.036257133393861,7.036257133393861,7.036257133393861,7.036257133393861,7.036257133393861,7.036257133393861
4ea93bba6270277b87b4,EVO_CAND_SHADOW_1H_FAST_V3_LONG_NOHIGH_CAP75_L_TP_R200_903364ad,PEPE,LONG,2026-07-26T07:38:37+00:00,98.42143401885944,99.01044652433538,-53.13800024010146,True,False,25.0,50.0,75.0,98.42143401885944,98.42143401885944,98.42143401885944,98.42143401885944,50.0,98.42143401885944,98.42143401885944,98.42143401885944,74.21071700942971,98.42143401885944
ae7aacebe25de85ceeb5,EVO_CAND_SHADOW_1H_FAST_V3_LONG_NOHIGH_CAP75_L_TP_R200_903364ad,EUL,LONG,2026-07-26T07:38:37+00:00,12.154324032051065,63.46922415819167,-41.370732290697546,True,False,25.0,50.0,12.154324032051065,12.154324032051065,12.154324032051065,12.154324032051065,12.154324032051065,50.0,12.154324032051065,20.0,30.0,31.077162016025532,35.369366930812724
74aa23a2fa56d11447b5,EVO_CAND_SHADOW_1H_FAST_V3_LONG_NOHIGH_CAP75_V_TP_R200_051501d0,PEPE,LONG,2026-07-26T07:38:37+00:00,98.38375680854112,98.9725438311406,-53.11765821165107,True,False,25.0,50.0,75.0,98.38375680854112,98.38375680854112,98.38375680854112,98.38375680854112,50.0,98.38375680854112,98.38375680854112,98.38375680854112,74.19187840427057,98.38375680854112
34df2788e43e46698892,EVO_CAND_SHADOW_1H_FAST_V3_LONG_ONLY_V1_TP_R200_751e55c4,PEPE,LONG,2026-07-26T07:38:37+00:00,3.492190080557971,3.5130894268177855,-1.8854429341439083,False,False,3.492190080557971,3.492190080557971,3.492190080557971,3.492190080557971,3.492190080557971,3.492190080557971,3.492190080557971,3.492190080557971,3.492190080557971,3.492190080557971,3.492190080557971,3.492190080557971,3.492190080557971
7aa882bc2b136e684319,EVO_CAND_SHADOW_1H_FAST_V3_NOHIGH_REGIME_GUARD_TP_R200_934590ed,PEPE,LONG,2026-07-26T07:38:37+00:00,2.1824404443005827,2.195501468324102,-1.1783055389238624,False,False,2.1824404443005827,2.1824404443005827,2.1824404443005827,2.1824404443005827,2.1824404443005827,2.1824404443005827,2.1824404443005827,2.1824404443005827,2.1824404443005827,2.1824404443005827,2.1824404443005827,2.1824404443005827,2.1824404443005827
1b58dccf1119c5c4d0ca,EVO_CAND_SHADOW_1H_FAST_V3_NOHIGH_V1_TP_R200_8346046b,PEPE,LONG,2026-07-26T07:38:37+00:00,1.1757723782009828,1.1828089006948623,-0.6348027087593184,False,False,1.1757723782009828,1.1757723782009828,1.1757723782009828,1.1757723782009828,1.1757723782009828,1.1757723782009828,1.1757723782009828,1.1757723782009828,1.1757723782009828,1.1757723782009828,1.1757723782009828,1.1757723782009828,1.1757723782009828
b4627dc38d02cc9e5817,EVO_CAND_SHADOW_1H_FAST_V3_NO_ESPORTS_LONG_ONL_TP_R200_7bbb9481,PEPE,LONG,2026-07-26T07:38:37+00:00,4.3092839630814215,4.33507328599878,-2.3265941463625466,False,False,4.3092839630814215,4.3092839630814215,4.3092839630814215,4.3092839630814215,4.3092839630814215,4.3092839630814215,4.3092839630814215,4.3092839630814215,4.3092839630814215,4.3092839630814215,4.3092839630814215,4.3092839630814215,4.3092839630814215
08783e5ef34c9c6c6150,EVO_CAND_SHADOW_1H_FAST_V3_NO_ESPORTS_STRESS_G_TP_R200_89ab3f19,PEPE,LONG,2026-07-26T07:38:37+00:00,97.26553191839665,97.84762681696039,-52.51392554840214,True,False,25.0,50.0,75.0,97.26553191839665,97.26553191839665,97.26553191839665,97.26553191839665,50.0,97.26553191839665,97.26553191839665,97.26553191839665,73.63276595919832,97.26553191839665
08ab15686752da41cd70,EVO_CAND_SHADOW_1H_FAST_V3_TP_R200_3ee5afb4,PEPE,LONG,2026-07-26T07:38:37+00:00,1.1757723782009828,1.1828089006948623,-0.6348027087593184,False,False,1.1757723782009828,1.1757723782009828,1.1757723782009828,1.1757723782009828,1.1757723782009828,1.1757723782009828,1.1757723782009828,1.1757723782009828,1.1757723782009828,1.1757723782009828,1.1757723782009828,1.1757723782009828,1.1757723782009828
e828a9ce4ab8a3dd24da,SHADOW_1H_BALANCED,PEPE,LONG,2026-07-26T07:38:37+00:00,1.1506962843605089,1.156487595757461,-0.35603773868861427,False,False,1.1506962843605089,1.1506962843605089,1.1506962843605089,1.1506962843605089,1.1506962843605089,1.1506962843605089,1.1506962843605089,1.1506962843605089,1.1506962843605089,1.1506962843605089,1.1506962843605089,1.1506962843605089,1.1506962843605089
fec5446f9897182ee206,SHADOW_1H_FAST_V3_LONG_NOHIGH_CAP75_LOCK_V1,EUL,LONG,2026-07-26T07:38:37+00:00,11.9395759472956,62.34782124899287,-40.639775513427956,True,False,25.0,50.0,11.9395759472956,11.9395759472956,11.9395759472956,11.9395759472956,11.9395759472956,50.0,11.9395759472956,20.0,30.0,30.9697879736478,34.74444498637748
cd769f39da2765d86178,SHADOW_COMBO_ADAPTIVE,PEPE,LONG,2026-07-26T07:38:37+00:00,1.0571573790954722,1.0624779208067283,-0.3270958008700871,False,False,1.0571573790954722,1.0571573790954722,1.0571573790954722,1.0571573790954722,1.0571573790954722,1.0571573790954722,1.0571573790954722,1.0571573790954722,1.0571573790954722,1.0571573790954722,1.0571573790954722,1.0571573790954722,1.0571573790954722
c45497683189bad5f4aa,SHADOW_COMBO_ADAPTIVE_SIDE_REGIME_GUARD_V1,PEPE,LONG,2026-07-26T07:38:37+00:00,3.3571990198197463,3.374095385272184,-1.038753286675057,False,False,3.3571990198197463,3.3571990198197463,3.3571990198197463,3.3571990198197463,3.3571990198197463,3.3571990198197463,3.3571990198197463,3.3571990198197463,3.3571990198197463,3.3571990198197463,3.3571990198197463,3.3571990198197463,3.3571990198197463
a7cba92c47c98cbd9def,SHADOW_COMBO_ADAPTIVE_RUNNER25_V1,PEPE,LONG,2026-07-26T07:53:36+00:00,1.6304824785397132,1.9563402824212963,-0.18353254063551608,False,False,1.6304824785397132,1.6304824785397132,1.6304824785397132,1.6304824785397132,1.6304824785397132,1.6304824785397132,1.6304824785397132,1.6304824785397132,1.6304824785397132,1.6304824785397132,1.6304824785397132,1.6304824785397132,1.6304824785397132
6e75b159f82a4f01f4cc,EVO_CAND_SHADOW_1H_FAST_V3_NOHIGH_REGIME_GUARD_TP_R200_934590ed,SHIB,LONG,2026-07-26T08:08:37+00:00,-1.8320327412569966,49.29774482997311,-15.60665527788162,False,False,25.0,-1.8320327412569966,-1.8320327412569966,-1.8320327412569966,-1.8320327412569966,-1.8320327412569966,-1.8320327412569966,-1.8320327412569966,-1.8320327412569966,-1.8320327412569966,-1.8320327412569966,-1.8320327412569966,-1.8320327412569966
04cad8fa54ac8072e908,EVO_CAND_SHADOW_1H_FAST_V3_NOHIGH_V1_TP_R200_8346046b,SHIB,LONG,2026-07-26T08:08:37+00:00,-0.06899761348973638,1.8566408050984629,-0.5877744128044349,False,False,-0.06899761348973638,-0.06899761348973638,-0.06899761348973638,-0.06899761348973638,-0.06899761348973638,-0.06899761348973638,-0.06899761348973638,-0.06899761348973638,-0.06899761348973638,-0.06899761348973638,-0.06899761348973638,-0.06899761348973638,-0.06899761348973638
5918aa6304b1180133e0,EVO_CAND_SHADOW_1H_FAST_V3_NO_ESPORTS_STRESS_G_TP_R200_89ab3f19,SHIB,LONG,2026-07-26T08:08:37+00:00,-1.9008544956938032,51.149653484536195,-16.192931588848264,True,True,25.0,-1.9008544956938032,-1.9008544956938032,-1.9008544956938032,-1.9008544956938032,-1.9008544956938032,-1.9008544956938032,-1.9008544956938032,-1.9008544956938032,-1.9008544956938032,-1.9008544956938032,24.049572752153097,-1.9008544956938032
bc34621723f42640be51,EVO_CAND_SHADOW_1H_FAST_V3_TP_R200_3ee5afb4,SHIB,LONG,2026-07-26T08:08:37+00:00,-0.06899761348973638,1.8566408050984629,-0.5877744128044349,False,False,-0.06899761348973638,-0.06899761348973638,-0.06899761348973638,-0.06899761348973638,-0.06899761348973638,-0.06899761348973638,-0.06899761348973638,-0.06899761348973638,-0.06899761348973638,-0.06899761348973638,-0.06899761348973638,-0.06899761348973638,-0.06899761348973638
556b73493de5f897466e,SHADOW_1H_FAST_V3_LONG_ONLY_V1,SHIB,LONG,2026-07-26T08:08:37+00:00,-0.046496135426562946,1.2511537420809833,-0.3960896227532396,False,False,-0.046496135426562946,-0.046496135426562946,-0.046496135426562946,-0.046496135426562946,-0.046496135426562946,-0.046496135426562946,-0.046496135426562946,-0.046496135426562946,-0.046496135426562946,-0.046496135426562946,-0.046496135426562946,-0.046496135426562946,-0.046496135426562946
1e51c3d1b4d28772a968,SHADOW_1H_FAST_V3_NOHIGH_REGIME_GUARD_V1,SHIB,LONG,2026-07-26T08:08:37+00:00,-1.945662592604958,52.35538418906892,-16.574641209207176,True,True,25.0,-1.945662592604958,-1.945662592604958,-1.945662592604958,-1.945662592604958,-1.945662592604958,-1.945662592604958,-1.945662592604958,-1.945662592604958,-1.945662592604958,-1.945662592604958,24.02716870369752,-1.945662592604958
ee2a235b0493d436c630,SHADOW_1H_FAST_V3_NO_ESPORTS_LONG_ONLY_V1,SHIB,LONG,2026-07-26T08:08:37+00:00,-1.9119552113351195,51.44836007137384,-16.28749596995913,True,True,25.0,-1.9119552113351195,-1.9119552113351195,-1.9119552113351195,-1.9119552113351195,-1.9119552113351195,-1.9119552113351195,-1.9119552113351195,-1.9119552113351195,-1.9119552113351195,-1.9119552113351195,24.04402239433244,-1.9119552113351195
baa6244105b700b2bf7e,SHADOW_1H_FAST_V3_NO_ESPORTS_STRESS_GUARD_V1,SHIB,LONG,2026-07-26T08:08:37+00:00,-1.901971711170133,51.17971637709913,-16.202448884264193,True,True,25.0,-1.901971711170133,-1.901971711170133,-1.901971711170133,-1.901971711170133,-1.901971711170133,-1.901971711170133,-1.901971711170133,-1.901971711170133,-1.901971711170133,-1.901971711170133,24.049014144414933,-1.901971711170133
490e3d80f9054b356a05,SHADOW_1H_BALANCED_V3,PEPE,LONG,2026-07-26T08:23:37+00:00,28.138870295587633,82.25503681142426,-41.829936829246975,True,False,25.0,50.0,28.138870295587633,28.138870295587633,28.138870295587633,28.138870295587633,28.138870295587633,50.0,28.138870295587633,28.138870295587633,30.0,39.06943514779382,38.836721909531946
490e3d80f9054b356a05::SHADOW_1H_BALANCED_V3_LONG_ONLY_V1,SHADOW_1H_BALANCED_V3_LONG_ONLY_V1,PEPE,LONG,2026-07-26T08:23:37+00:00,27.127186710983167,79.29770165123473,-40.32601503030301,True,False,25.0,50.0,27.127186710983167,27.127186710983167,27.127186710983167,27.127186710983167,27.127186710983167,50.0,27.127186710983167,27.127186710983167,30.0,38.563593355491584,37.44041588789741
c0900703494dd286aefb::SHADOW_1H_BALANCED_V3_LONG_ONLY_V1,SHADOW_1H_BALANCED_V3_LONG_ONLY_V1,SHIB,LONG,2026-07-26T08:23:37+00:00,-1.4610559894128698,52.63306977840053,-24.832674283804575,True,True,25.0,-1.4610559894128698,-1.4610559894128698,-1.4610559894128698,-1.4610559894128698,-1.4610559894128698,-1.4610559894128698,-1.4610559894128698,-1.4610559894128698,-1.4610559894128698,-1.4610559894128698,24.269472005293565,-1.4610559894128698
ad5839ad7c6d36748644,SHADOW_COMBO_ADAPTIVE_LONG_ONLY_V1,SHIB,LONG,2026-07-26T08:23:37+00:00,1.50941245208338,3.603925171050702,-0.6143977218738417,False,False,1.50941245208338,1.50941245208338,1.50941245208338,1.50941245208338,1.50941245208338,1.50941245208338,1.50941245208338,1.50941245208338,1.50941245208338,1.50941245208338,1.50941245208338,1.50941245208338,1.50941245208338
8b8bfef695a463561517,SHADOW_COMBO_ADAPTIVE_SIDE_REGIME_GUARD_V1,SHIB,LONG,2026-07-26T08:23:37+00:00,31.02910657888021,89.23653136421625,-16.42680664782611,True,False,25.0,50.0,31.02910657888021,31.02910657888021,31.02910657888021,31.02910657888021,31.02910657888021,50.0,31.02910657888021,31.02910657888021,31.02910657888021,40.5145532894401,55.98725704768555
d275e154d05109bc00b7,SHADOW_COMBO_ADAPTIVE_TP3_V1,PEPE,LONG,2026-07-26T08:23:37+00:00,0.38522722245785096,1.0184894867485121,-0.517942153373705,False,False,0.38522722245785096,0.38522722245785096,0.38522722245785096,0.38522722245785096,0.38522722245785096,0.38522722245785096,0.38522722245785096,0.38522722245785096,0.38522722245785096,0.38522722245785096,0.38522722245785096,0.38522722245785096,0.38522722245785096
9d4152d0e8d827f44f49,SHADOW_COMBO_SCANNER,SHIB,LONG,2026-07-26T08:23:37+00:00,0.8471169899739107,2.701535252433592,-0.4973030278696835,False,False,0.8471169899739107,0.8471169899739107,0.8471169899739107,0.8471169899739107,0.8471169899739107,0.8471169899739107,0.8471169899739107,0.8471169899739107,0.8471169899739107,0.8471169899739107,0.8471169899739107,0.8471169899739107,0.8471169899739107
69ff3400aea32e64bc60,SHADOW_COMBO_TREND_SIDE_REGIME_GUARD_V1,PEPE,LONG,2026-07-26T08:23:37+00:00,43.92793209650113,95.87791521348792,-27.525480917941707,True,False,25.0,50.0,75.0,43.92793209650113,43.92793209650113,43.92793209650113,43.92793209650113,50.0,43.92793209650113,43.92793209650113,43.92793209650113,46.96396604825057,53.908979774994485
c5e11b85ea93b0baec10,SHADOW_EMA_TREND_1H,PEPE,LONG,2026-07-26T08:23:37+00:00,0.595046223110989,1.2987588671875088,-0.37285919636630005,False,False,0.595046223110989,0.595046223110989,0.595046223110989,0.595046223110989,0.595046223110989,0.595046223110989,0.595046223110989,0.595046223110989,0.595046223110989,0.595046223110989,0.595046223110989,0.595046223110989,0.595046223110989
dcd5b8cda96d71b36f66,SHADOW_MASTER_ADAPTIVE_GB20_LOSS_CAP_V1,SHIB,LONG,2026-07-26T08:23:37+00:00,-1.169163506295899,0.43311775997576546,-1.1633325740583604,False,False,-1.169163506295899,-1.169163506295899,-1.169163506295899,-1.169163506295899,-1.169163506295899,-1.169163506295899,-1.169163506295899,-1.169163506295899,-1.169163506295899,-1.169163506295899,-1.169163506295899,-1.169163506295899,-1.169163506295899
4b60aa396cb620659e24,SHADOW_SCANNER_TOP10_LONG,SHIB,LONG,2026-07-26T08:23:37+00:00,1.3174935694296623,4.201610125631425,-0.7734392640341055,False,False,1.3174935694296623,1.3174935694296623,1.3174935694296623,1.3174935694296623,1.3174935694296623,1.3174935694296623,1.3174935694296623,1.3174935694296623,1.3174935694296623,1.3174935694296623,1.3174935694296623,1.3174935694296623,1.3174935694296623
a6ce4b3904b4d96d4823,SHADOW_SCANNER_TOP15_LONG,SHIB,LONG,2026-07-26T08:23:37+00:00,1.3174935694296623,4.201610125631425,-0.7734392640341055,False,False,1.3174935694296623,1.3174935694296623,1.3174935694296623,1.3174935694296623,1.3174935694296623,1.3174935694296623,1.3174935694296623,1.3174935694296623,1.3174935694296623,1.3174935694296623,1.3174935694296623,1.3174935694296623,1.3174935694296623
79dfb705c9f44afced3e,SHADOW_SCANNER_TOP20_LONG,SHIB,LONG,2026-07-26T08:23:37+00:00,1.3174935694296623,4.201610125631425,-0.7734392640341055,False,False,1.3174935694296623,1.3174935694296623,1.3174935694296623,1.3174935694296623,1.3174935694296623,1.3174935694296623,1.3174935694296623,1.3174935694296623,1.3174935694296623,1.3174935694296623,1.3174935694296623,1.3174935694296623,1.3174935694296623
a5ff915a6b8a4c75fb90,SHADOW_SCANNER_TOP5_BTC,SHIB,LONG,2026-07-26T08:23:37+00:00,0.9271161365116409,2.386763135266711,-0.40689574931790523,False,False,0.9271161365116409,0.9271161365116409,0.9271161365116409,0.9271161365116409,0.9271161365116409,0.9271161365116409,0.9271161365116409,0.9271161365116409,0.9271161365116409,0.9271161365116409,0.9271161365116409,0.9271161365116409,0.9271161365116409
f97b7276d7631286c928,SHADOW_SCANNER_TOP5_BTC_RUNNER25_V1,SHIB,LONG,2026-07-26T08:23:37+00:00,1.016433558461354,2.6167014586883535,-0.4460956703419482,False,False,1.016433558461354,1.016433558461354,1.016433558461354,1.016433558461354,1.016433558461354,1.016433558461354,1.016433558461354,1.016433558461354,1.016433558461354,1.016433558461354,1.016433558461354,1.016433558461354,1.016433558461354
7d68727e6b7187f56c6f,SHADOW_MASTER_ADAPTIVE_GB20_BE_V1,EUL,LONG,2026-07-26T08:53:37+00:00,-11.1443490113923,23.354890751093233,-26.254108584830707,False,False,-11.1443490113923,-11.1443490113923,-11.1443490113923,-11.1443490113923,-11.1443490113923,-11.1443490113923,-11.1443490113923,-11.1443490113923,-11.1443490113923,-11.1443490113923,-11.1443490113923,-11.1443490113923,-11.1443490113923
f3c79aeb3fd50b7b40bf,SHADOW_COMBO_TREND,PEPE,LONG,2026-07-26T09:23:36+00:00,20.887632535012877,68.27092863086864,-34.71846518591104,True,False,25.0,50.0,20.887632535012877,20.887632535012877,20.887632535012877,20.887632535012877,20.887632535012877,50.0,20.887632535012877,20.887632535012877,30.0,35.443816267506435,32.23412416459215
964eeff78f1ed453f988,EVO_CAND_SHADOW_1H_FAST_V3_CAP75_V1_TP_R200_86882aa9,SHIB,LONG,2026-07-26T09:38:37+00:00,-51.82595363703482,13.924073054586406,-51.58869244002712,False,False,-51.82595363703482,-51.82595363703482,-51.82595363703482,-51.82595363703482,-51.82595363703482,-51.82595363703482,-50.0,-50.0,-51.82595363703482,-51.82595363703482,-51.82595363703482,-51.82595363703482,-51.82595363703482
2412700cbeb7b77c0e18,EVO_CAND_SHADOW_1H_FAST_V3_LONG_NOHIGH_CAP75_L_TP_R200_903364ad,SHIB,LONG,2026-07-26T09:38:37+00:00,-53.17005450424932,14.285192481329647,-52.9266399620878,False,False,-53.17005450424932,-53.17005450424932,-53.17005450424932,-53.17005450424932,-53.17005450424932,-53.17005450424932,-50.0,-50.0,-53.17005450424932,-53.17005450424932,-53.17005450424932,-53.17005450424932,-53.17005450424932
6b579411b3ce02c65bb1,EVO_CAND_SHADOW_1H_FAST_V3_LONG_NOHIGH_CAP75_V_TP_R200_051501d0,SHIB,LONG,2026-07-26T09:38:37+00:00,-53.12093249550886,14.271994876842122,-52.87774283578124,False,False,-53.12093249550886,-53.12093249550886,-53.12093249550886,-53.12093249550886,-53.12093249550886,-53.12093249550886,-50.0,-50.0,-53.12093249550886,-53.12093249550886,-53.12093249550886,-53.12093249550886,-53.12093249550886
c19a98b054f26ceeead4,EVO_CAND_SHADOW_1H_FAST_V3_LONG_ONLY_V1_TP_R200_751e55c4,SHIB,LONG,2026-07-26T09:38:37+00:00,-52.622675504942386,18.822292529007168,-52.3696395054242,False,False,-52.622675504942386,-52.622675504942386,-52.622675504942386,-52.622675504942386,-52.622675504942386,-52.622675504942386,-50.0,-50.0,-52.622675504942386,-52.622675504942386,-52.622675504942386,-52.622675504942386,-52.622675504942386
023744f01ce4e6143205,EVO_CAND_SHADOW_1H_FAST_V3_NOHIGH_REGIME_GUARD_TP_R200_934590ed,SHIB,LONG,2026-07-26T09:38:37+00:00,-50.78325270391167,5.631799022357113,-50.558930421435676,False,False,-50.78325270391167,-50.78325270391167,-50.78325270391167,-50.78325270391167,-50.78325270391167,-50.78325270391167,-50.0,-50.0,-50.78325270391167,-50.78325270391167,-50.78325270391167,-50.78325270391167,-50.78325270391167
37ca46f98723bcfdcd5e,EVO_CAND_SHADOW_1H_FAST_V3_NO_ESPORTS_LONG_ONL_TP_R200_7bbb9481,SHIB,LONG,2026-07-26T09:38:37+00:00,-53.67673289999894,19.199312063680093,-53.41862846821371,False,False,-53.67673289999894,-53.67673289999894,-53.67673289999894,-53.67673289999894,-53.67673289999894,-53.67673289999894,-50.0,-50.0,-53.67673289999894,-53.67673289999894,-53.67673289999894,-53.67673289999894,-53.67673289999894
761b153cf902dde4c476,EVO_CAND_SHADOW_1H_FAST_V3_NO_ESPORTS_MFE_LOCK_TP_R200_6b7c560f,SHIB,LONG,2026-07-26T09:38:37+00:00,-53.296031358508245,19.06314118845523,-53.03975752910392,False,False,-53.296031358508245,-53.296031358508245,-53.296031358508245,-53.296031358508245,-53.296031358508245,-53.296031358508245,-50.0,-50.0,-53.296031358508245,-53.296031358508245,-53.296031358508245,-53.296031358508245,-53.296031358508245
c201509be12097ecb453,EVO_CAND_SHADOW_1H_FAST_V3_NO_ESPORTS_STRESS_G_TP_R200_89ab3f19,SHIB,LONG,2026-07-26T09:38:37+00:00,-52.625323968538865,5.836082414910274,-52.39286479823936,False,False,-52.625323968538865,-52.625323968538865,-52.625323968538865,-52.625323968538865,-52.625323968538865,-52.625323968538865,-50.0,-50.0,-52.625323968538865,-52.625323968538865,-52.625323968538865,-52.625323968538865,-52.625323968538865
033e20287b0f5dfe1366,EVO_CAND_SHADOW_1H_FAST_V3_NO_ESPORTS_V1_TP_R200_68f866e1,SHIB,LONG,2026-07-26T09:38:37+00:00,-52.70580098699323,18.852025189400475,-52.45236527880888,False,False,-52.70580098699323,-52.70580098699323,-52.70580098699323,-52.70580098699323,-52.70580098699323,-52.70580098699323,-50.0,-50.0,-52.70580098699323,-52.70580098699323,-52.70580098699323,-52.70580098699323,-52.70580098699323
00e81acf6cf35420dc0b,SHADOW_1H_BALANCED,SHIB,LONG,2026-07-26T09:38:37+00:00,-51.03303376917756,10.743925122681238,-50.852170334455394,False,False,-51.03303376917756,-51.03303376917756,-51.03303376917756,-51.03303376917756,-51.03303376917756,-51.03303376917756,-50.0,-50.0,-51.03303376917756,-51.03303376917756,-51.03303376917756,-51.03303376917756,-51.03303376917756
171b012788a7721e84eb,SHADOW_1H_BALANCED_LONG_NO_RHV_V1,SHIB,LONG,2026-07-26T09:38:37+00:00,-49.60554602748845,10.443397792097258,-49.429741675421525,False,False,-49.60554602748845,-49.60554602748845,-49.60554602748845,-49.60554602748845,-49.60554602748845,-49.60554602748845,-49.60554602748845,-49.60554602748845,-49.60554602748845,-49.60554602748845,-49.60554602748845,-49.60554602748845,-49.60554602748845
dbea97fc447f37a74165,SHADOW_1H_BALANCED_V3,SHIB,LONG,2026-07-26T09:38:37+00:00,-1.4418704455879394,0.3035553044733971,-1.436760389964107,False,False,-1.4418704455879394,-1.4418704455879394,-1.4418704455879394,-1.4418704455879394,-1.4418704455879394,-1.4418704455879394,-1.4418704455879394,-1.4418704455879394,-1.4418704455879394,-1.4418704455879394,-1.4418704455879394,-1.4418704455879394,-1.4418704455879394
54e9c521b67760f5cafd,SHADOW_1H_FAST_NOHIGH_CAP75_SHORT_ONLY_V1,PEPE,LONG,2026-07-26T09:38:37+00:00,-53.30061978954374,14.6858314103471,-52.83158322440781,False,False,-53.30061978954374,-53.30061978954374,-53.30061978954374,-53.30061978954374,-53.30061978954374,-53.30061978954374,-50.0,-50.0,-53.30061978954374,-53.30061978954374,-53.30061978954374,-53.30061978954374,-53.30061978954374
d866fb3f64441a75b504,SHADOW_1H_FAST_NOHIGH_CAP75_SHORT_ONLY_V1,SHIB,LONG,2026-07-26T09:38:37+00:00,-53.07526663784645,14.259725836070679,-52.832286038160966,False,False,-53.07526663784645,-53.07526663784645,-53.07526663784645,-53.07526663784645,-53.07526663784645,-53.07526663784645,-50.0,-50.0,-53.07526663784645,-53.07526663784645,-53.07526663784645,-53.07526663784645,-53.07526663784645
0b6a3e1504ef02ead7da,SHADOW_1H_FAST_NOHIGH_CAP75_V1,SHIB,LONG,2026-07-26T09:38:37+00:00,-54.609609895737094,14.671957664225877,-54.35960501396048,False,False,-54.609609895737094,-54.609609895737094,-54.609609895737094,-54.609609895737094,-54.609609895737094,-54.609609895737094,-50.0,-50.0,-54.609609895737094,-54.609609895737094,-54.609609895737094,-54.609609895737094,-54.609609895737094
a542dc9787ba818c9b2d,SHADOW_1H_FAST_SCORE_6_75_COST_AWARE_V1,SHIB,LONG,2026-07-26T09:38:37+00:00,-54.06240444378875,14.524940037842018,-53.81490468949032,False,False,-54.06240444378875,-54.06240444378875,-54.06240444378875,-54.06240444378875,-54.06240444378875,-54.06240444378875,-50.0,-50.0,-54.06240444378875,-54.06240444378875,-54.06240444378875,-54.06240444378875,-54.06240444378875
d0e291b74dd1d6ed0e44,SHADOW_1H_FAST_SCORE_6_75_COST_AWARE_V1,PEPE,LONG,2026-07-26T09:38:37+00:00,-55.734980741018255,15.356566847691868,-55.24452220549082,False,False,-55.734980741018255,-55.734980741018255,-55.734980741018255,-55.734980741018255,-55.734980741018255,-55.734980741018255,-50.0,-50.0,-55.734980741018255,-55.734980741018255,-55.734980741018255,-55.734980741018255,-55.734980741018255
4894ef9e9158158ff264,SHADOW_1H_FAST_SCORE_6_75_NO_TREND_UP_V1,PEPE,LONG,2026-07-26T09:38:37+00:00,-55.053005873477446,15.168663442997076,-54.56854860305055,False,False,-55.053005873477446,-55.053005873477446,-55.053005873477446,-55.053005873477446,-55.053005873477446,-55.053005873477446,-50.0,-50.0,-55.053005873477446,-55.053005873477446,-55.053005873477446,-55.053005873477446,-55.053005873477446
5ede5dc7e00cf90ef0d3,SHADOW_1H_FAST_SCORE_6_75_NO_TREND_UP_V1,SHIB,LONG,2026-07-26T09:38:37+00:00,-53.400895269132185,14.34721244331079,-53.156423929124195,False,False,-53.400895269132185,-53.400895269132185,-53.400895269132185,-53.400895269132185,-53.400895269132185,-53.400895269132185,-50.0,-50.0,-53.400895269132185,-53.400895269132185,-53.400895269132185,-53.400895269132185,-53.400895269132185
c2862eb2728e3d7d0baf,SHADOW_1H_FAST_SCORE_6_75_V1,SHIB,LONG,2026-07-26T09:38:37+00:00,-54.27063133367339,14.580884332605777,-54.022178308712746,False,False,-54.27063133367339,-54.27063133367339,-54.27063133367339,-54.27063133367339,-54.27063133367339,-54.27063133367339,-50.0,-50.0,-54.27063133367339,-54.27063133367339,-54.27063133367339,-54.27063133367339,-54.27063133367339
f4f8a14cfafad63c6e6c,SHADOW_1H_FAST_SCORE_6_75_V1,PEPE,LONG,2026-07-26T09:38:37+00:00,-55.949649729881834,15.415714238321254,-55.45730214305301,False,False,-55.949649729881834,-55.949649729881834,-55.949649729881834,-55.949649729881834,-55.949649729881834,-55.949649729881834,-50.0,-50.0,-55.949649729881834,-55.949649729881834,-55.949649729881834,-55.949649729881834,-55.949649729881834
15d05061f8aa9f939396,SHADOW_1H_FAST_TP2_V1,SHIB,LONG,2026-07-26T09:38:37+00:00,-1.1240202194033406,0.3345485246293132,-1.1190551419862664,False,False,-1.1240202194033406,-1.1240202194033406,-1.1240202194033406,-1.1240202194033406,-1.1240202194033406,-1.1240202194033406,-1.1240202194033406,-1.1240202194033406,-1.1240202194033406,-1.1240202194033406,-1.1240202194033406,-1.1240202194033406,-1.1240202194033406
781eedc34c8711a9ab21,SHADOW_1H_FAST_V3_CAP75_V1,SHIB,LONG,2026-07-26T09:38:37+00:00,-53.942258848190114,14.492660534371257,-53.69530912502138,False,False,-53.942258848190114,-53.942258848190114,-53.942258848190114,-53.942258848190114,-53.942258848190114,-53.942258848190114,-50.0,-50.0,-53.942258848190114,-53.942258848190114,-53.942258848190114,-53.942258848190114,-53.942258848190114
e24b260c743c27b8c09c,SHADOW_1H_FAST_V3_CAP75_V1,PEPE,LONG,2026-07-26T09:38:37+00:00,-0.6355456953724187,0.17511085185621353,-0.6299529992439041,False,False,-0.6355456953724187,-0.6355456953724187,-0.6355456953724187,-0.6355456953724187,-0.6355456953724187,-0.6355456953724187,-0.6355456953724187,-0.6355456953724187,-0.6355456953724187,-0.6355456953724187,-0.6355456953724187,-0.6355456953724187,-0.6355456953724187
3a4a4a35c769c379f3ef,SHADOW_1H_FAST_V3_LONG_NOHIGH_CAP75_LOCK_V1,PEPE,LONG,2026-07-26T09:38:37+00:00,-1.86327672286818,0.5133855465642112,-1.8468801984479652,False,False,-1.86327672286818,-1.86327672286818,-1.86327672286818,-1.86327672286818,-1.86327672286818,-1.86327672286818,-1.86327672286818,-1.86327672286818,-1.86327672286818,-1.86327672286818,-1.86327672286818,-1.86327672286818,-1.86327672286818
9d2c4b396687cc710479,SHADOW_1H_FAST_V3_LONG_NOHIGH_CAP75_LOCK_V1,SHIB,LONG,2026-07-26T09:38:37+00:00,-51.970615231754216,13.962939268745686,-51.73269176843561,False,False,-51.970615231754216,-51.970615231754216,-51.970615231754216,-51.970615231754216,-51.970615231754216,-51.970615231754216,-50.0,-50.0,-51.970615231754216,-51.970615231754216,-51.970615231754216,-51.970615231754216,-51.970615231754216
16dff612f457ab02f1cf,SHADOW_1H_FAST_V3_LONG_NOHIGH_CAP75_V1,PEPE,LONG,2026-07-26T09:38:37+00:00,-1.371269606003319,0.3778236412899735,-1.3592026621588633,False,False,-1.371269606003319,-1.371269606003319,-1.371269606003319,-1.371269606003319,-1.371269606003319,-1.371269606003319,-1.371269606003319,-1.371269606003319,-1.371269606003319,-1.371269606003319,-1.371269606003319,-1.371269606003319,-1.371269606003319
bbbd081deef03742610b,SHADOW_1H_FAST_V3_LONG_NOHIGH_CAP75_V1,SHIB,LONG,2026-07-26T09:38:37+00:00,-52.03922510376502,13.981372675236086,-51.80098754182945,False,False,-52.03922510376502,-52.03922510376502,-52.03922510376502,-52.03922510376502,-52.03922510376502,-52.03922510376502,-50.0,-50.0,-52.03922510376502,-52.03922510376502,-52.03922510376502,-52.03922510376502,-52.03922510376502
b53a1275974cb58dfab6,SHADOW_1H_FAST_V3_LONG_ONLY_V1,SHIB,LONG,2026-07-26T09:38:37+00:00,-1.6931096657081486,0.18776373809045238,-1.685630778388578,False,False,-1.6931096657081486,-1.6931096657081486,-1.6931096657081486,-1.6931096657081486,-1.6931096657081486,-1.6931096657081486,-1.6931096657081486,-1.6931096657081486,-1.6931096657081486,-1.6931096657081486,-1.6931096657081486,-1.6931096657081486,-1.6931096657081486
d4bd6cd828f8fe201b2f,SHADOW_1H_FAST_V3_NOHIGH_REGIME_GUARD_V1,SHIB,LONG,2026-07-26T09:38:37+00:00,-1.4781343923723886,0.1639232499424762,-1.471605104407388,False,False,-1.4781343923723886,-1.4781343923723886,-1.4781343923723886,-1.4781343923723886,-1.4781343923723886,-1.4781343923723886,-1.4781343923723886,-1.4781343923723886,-1.4781343923723886,-1.4781343923723886,-1.4781343923723886,-1.4781343923723886,-1.4781343923723886
14ffc3eb0628e97f979d,SHADOW_1H_FAST_V3_NO_ESPORTS_LONG_ONLY_V1,PEPE,LONG,2026-07-26T09:38:37+00:00,-1.9908626206418145,0.548539077469474,-1.9733433615988543,False,False,-1.9908626206418145,-1.9908626206418145,-1.9908626206418145,-1.9908626206418145,-1.9908626206418145,-1.9908626206418145,-1.9908626206418145,-1.9908626206418145,-1.9908626206418145,-1.9908626206418145,-1.9908626206418145,-1.9908626206418145,-1.9908626206418145
0a02cf653018b2c25c74,SHADOW_1H_FAST_V3_NO_ESPORTS_MFE_LOCK_V1,SHIB,LONG,2026-07-26T09:38:37+00:00,-2.1771727148962223,0.7787399886594626,-2.166703785508819,False,False,-2.1771727148962223,-2.1771727148962223,-2.1771727148962223,-2.1771727148962223,-2.1771727148962223,-2.1771727148962223,-2.1771727148962223,-2.1771727148962223,-2.1771727148962223,-2.1771727148962223,-2.1771727148962223,-2.1771727148962223,-2.1771727148962223
262ec8a4cfe3ff22f298,SHADOW_1H_FAST_V3_NO_ESPORTS_STRESS_GUARD_V1,SHIB,LONG,2026-07-26T09:38:37+00:00,-52.35048218959639,5.805602806387051,-52.11923706392557,False,False,-52.35048218959639,-52.35048218959639,-52.35048218959639,-52.35048218959639,-52.35048218959639,-52.35048218959639,-50.0,-50.0,-52.35048218959639,-52.35048218959639,-52.35048218959639,-52.35048218959639,-52.35048218959639
a9f58f0c580eee2b439f,SHADOW_1H_FAST_V3_NO_ESPORTS_STRESS_GUARD_V1,PEPE,LONG,2026-07-26T09:38:37+00:00,-54.32946866267884,14.969308434765336,-53.85137839904175,False,False,-54.32946866267884,-54.32946866267884,-54.32946866267884,-54.32946866267884,-54.32946866267884,-54.32946866267884,-50.0,-50.0,-54.32946866267884,-54.32946866267884,-54.32946866267884,-54.32946866267884,-54.32946866267884
7bb6817b1c9fe012e223,SHADOW_COMBO_ADAPTIVE_PARTIAL_1R_V1,SHIB,LONG,2026-07-26T09:38:37+00:00,-24.14279984658785,5.082755514336732,-24.05723664601832,False,False,-24.14279984658785,-24.14279984658785,-24.14279984658785,-24.14279984658785,-24.14279984658785,-24.14279984658785,-24.14279984658785,-24.14279984658785,-24.14279984658785,-24.14279984658785,-24.14279984658785,-24.14279984658785,-24.14279984658785
7aab537c0c8eb995a5bd,SHADOW_COMBO_ADAPTIVE_QUALITY7_V1,SHIB,LONG,2026-07-26T09:38:37+00:00,-1.727134737154562,0.48425614383567983,-1.720699346787745,False,False,-1.727134737154562,-1.727134737154562,-1.727134737154562,-1.727134737154562,-1.727134737154562,-1.727134737154562,-1.727134737154562,-1.727134737154562,-1.727134737154562,-1.727134737154562,-1.727134737154562,-1.727134737154562,-1.727134737154562
52a27276e6320a25f46f,SHADOW_COMBO_TREND,SHIB,LONG,2026-07-26T09:38:37+00:00,-46.014494042343756,9.326038921991195,-45.86823767860776,False,False,-46.014494042343756,-46.014494042343756,-46.014494042343756,-46.014494042343756,-46.014494042343756,-46.014494042343756,-46.014494042343756,-46.014494042343756,-46.014494042343756,-46.014494042343756,-46.014494042343756,-46.014494042343756,-46.014494042343756
04b88ae339e62063268d,SHADOW_COMBO_TREND_SIDE_REGIME_GUARD_V1,SHIB,LONG,2026-07-26T09:38:37+00:00,0.5402446638684325,2.4713266308483917,-0.5487451852179163,False,False,0.5402446638684325,0.5402446638684325,0.5402446638684325,0.5402446638684325,0.5402446638684325,0.5402446638684325,0.5402446638684325,0.5402446638684325,0.5402446638684325,0.5402446638684325,0.5402446638684325,0.5402446638684325,0.5402446638684325
3c818a93d884febcafaa,SHADOW_DONCHIAN_1H,SHIB,LONG,2026-07-26T09:38:37+00:00,20.156144101716432,82.17903015708565,-15.12765028244521,True,False,25.0,50.0,20.156144101716432,20.156144101716432,20.156144101716432,20.156144101716432,20.156144101716432,50.0,20.156144101716432,20.0,30.0,35.07807205085822,51.5593604434881
cfe4b9a1823f9da409aa,SHADOW_EMA_TREND_1H,SHIB,LONG,2026-07-26T09:38:37+00:00,21.811647492534025,78.06045573861122,-14.369496367196867,True,False,25.0,50.0,21.811647492534025,21.811647492534025,21.811647492534025,21.811647492534025,21.811647492534025,50.0,21.811647492534025,20.0,30.0,35.90582374626701,48.97535497944768
1d05fc789f71a87c57c4,SHADOW_MASTER_ADAPTIVE_GB20_V1,SHIB,LONG,2026-07-26T09:38:37+00:00,-50.23372633944613,14.084593450835133,-50.04655296401696,False,False,-50.23372633944613,-50.23372633944613,-50.23372633944613,-50.23372633944613,-50.23372633944613,-50.23372633944613,-50.0,-50.0,-50.23372633944613,-50.23372633944613,-50.23372633944613,-50.23372633944613,-50.23372633944613
f06af88bdf0d6d236bf6,SHADOW_SCANNER_TOP5_BTC_BTC_LE3_V1,SHIB,LONG,2026-07-26T09:38:37+00:00,-49.0750633110475,10.331715884059085,-48.90113901429122,False,False,-49.0750633110475,-49.0750633110475,-49.0750633110475,-49.0750633110475,-49.0750633110475,-49.0750633110475,-49.0750633110475,-49.0750633110475,-49.0750633110475,-49.0750633110475,-49.0750633110475,-49.0750633110475,-49.0750633110475
b0f997d6d5bfb120a6b3,SHADOW_SCANNER_TOP5_BTC_GUARD_BTC_LE3_MFE_V1,SHIB,LONG,2026-07-26T09:38:37+00:00,-48.16941486545939,10.141050772302629,-47.998700228729604,False,False,-48.16941486545939,-48.16941486545939,-48.16941486545939,-48.16941486545939,-48.16941486545939,-48.16941486545939,-48.16941486545939,-48.16941486545939,-48.16941486545939,-48.16941486545939,-48.16941486545939,-48.16941486545939,-48.16941486545939
d9ed0b5cb71e82cb2c03,SHADOW_SCANNER_TOP5_BTC_GUARD_BTC_LE3_V1,SHIB,LONG,2026-07-26T09:38:37+00:00,-48.49962201927219,10.210568899553003,-48.32773711309931,False,False,-48.49962201927219,-48.49962201927219,-48.49962201927219,-48.49962201927219,-48.49962201927219,-48.49962201927219,-48.49962201927219,-48.49962201927219,-48.49962201927219,-48.49962201927219,-48.49962201927219,-48.49962201927219,-48.49962201927219
c4b94ad77268750aa354,SHADOW_SCANNER_TOP5_BTC_GUARD_MFE_V1,SHIB,LONG,2026-07-26T09:38:37+00:00,-47.33464031987607,9.965306660113788,-47.16688416278942,False,False,-47.33464031987607,-47.33464031987607,-47.33464031987607,-47.33464031987607,-47.33464031987607,-47.33464031987607,-47.33464031987607,-47.33464031987607,-47.33464031987607,-47.33464031987607,-47.33464031987607,-47.33464031987607,-47.33464031987607
a4ee472481e67ae48262,SHADOW_SCANNER_TOP5_BTC_GUARD_V1,SHIB,LONG,2026-07-26T09:38:37+00:00,-3.0441614713991476,0.853525705690776,-3.032818773584875,False,False,-3.0441614713991476,-3.0441614713991476,-3.0441614713991476,-3.0441614713991476,-3.0441614713991476,-3.0441614713991476,-3.0441614713991476,-3.0441614713991476,-3.0441614713991476,-3.0441614713991476,-3.0441614713991476,-3.0441614713991476,-3.0441614713991476
d42adac3338f0f332bc0,SHADOW_SCANNER_TOP5_BTC_TP3_V1,SHIB,LONG,2026-07-26T09:38:37+00:00,-48.6683270644912,10.246086176104694,-48.49584425982631,False,False,-48.6683270644912,-48.6683270644912,-48.6683270644912,-48.6683270644912,-48.6683270644912,-48.6683270644912,-48.6683270644912,-48.6683270644912,-48.6683270644912,-48.6683270644912,-48.6683270644912,-48.6683270644912,-48.6683270644912
f13ad7ee16cb59ef6829,SHADOW_SCANNER_TOP5_LONG,SHIB,LONG,2026-07-26T09:38:37+00:00,-52.049914164496265,10.95800776717856,-51.865446858567246,False,False,-52.049914164496265,-52.049914164496265,-52.049914164496265,-52.049914164496265,-52.049914164496265,-52.049914164496265,-50.0,-50.0,-52.049914164496265,-52.049914164496265,-52.049914164496265,-52.049914164496265,-52.049914164496265
d7e84f2f05c93f33b8fb,SHADOW_MASTER_ADAPTIVE_GB20_BE_V1,EUL,LONG,2026-07-26T10:23:37+00:00,-1.9066960973047824,28.967014272095817,-2.4331262472947808,False,False,-1.9066960973047824,-1.9066960973047824,-1.9066960973047824,-1.9066960973047824,-1.9066960973047824,-1.9066960973047824,-1.9066960973047824,-1.9066960973047824,-1.9066960973047824,-1.9066960973047824,-1.9066960973047824,-1.9066960973047824,-1.9066960973047824
4731cbdca3ec0de2ec7d,EVO_CAND_SHADOW_1H_FAST_V3_NO_ESPORTS_MFE_LOCK_TP_R200_6b7c560f,PEPE,LONG,2026-07-26T10:53:37+00:00,-51.737621670871945,33.526313615947394,-51.28233922851744,False,False,-51.737621670871945,-51.737621670871945,-51.737621670871945,-51.737621670871945,-51.737621670871945,-51.737621670871945,-50.0,-50.0,-51.737621670871945,-51.737621670871945,-51.737621670871945,-51.737621670871945,-51.737621670871945
6d5411e61a1b1bd31007,SHADOW_1H_FAST_V3_LONG_ONLY_V1,PEPE,LONG,2026-07-26T10:53:37+00:00,-49.54230496795209,32.103734187448936,-49.106340946467505,False,False,-49.54230496795209,-49.54230496795209,-49.54230496795209,-49.54230496795209,-49.54230496795209,-49.54230496795209,-49.54230496795209,-49.54230496795209,-49.54230496795209,-49.54230496795209,-49.54230496795209,-49.54230496795209,-49.54230496795209
787da7dc49d8ebd7e317,SHADOW_1H_FAST_V3_CAP75_V1,EUL,LONG,2026-07-26T11:08:37+00:00,77.50237279747529,77.60480460778076,-42.242461183574584,True,False,25.0,50.0,75.0,77.50237279747529,77.50237279747529,77.50237279747529,77.50237279747529,50.0,77.50237279747529,20.0,30.0,63.751186398737644,36.11464015584799
b226d8abbb2394b3ccdd,SHADOW_1H_FAST_V3_LONG_NOHIGH_CAP75_V1,EUL,LONG,2026-07-26T11:08:37+00:00,74.73346351331557,74.8322357661093,-40.733274577603126,True,False,25.0,50.0,74.73346351331557,74.73346351331557,74.73346351331557,74.73346351331557,74.73346351331557,50.0,74.73346351331557,20.0,30.0,62.366731756657785,34.82438078942931
93ecb4bc237d627d1cc9,SHADOW_1H_FAST_NOHIGH_CAP75_SHORT_ONLY_V1,EUL,LONG,2026-07-26T11:23:36+00:00,-0.5927791465072461,51.0332626577778,-10.67792946957401,True,True,-0.5927791465072461,-0.5927791465072461,-0.5927791465072461,-0.5927791465072461,-0.5927791465072461,-0.5927791465072461,-0.5927791465072461,-0.5927791465072461,-0.5927791465072461,-0.5927791465072461,-0.5927791465072461,24.703610426746376,-0.5927791465072461
c8d11dfa291f3f82fcf2,SHADOW_1H_FAST_V3_LONG_NOHIGH_CAP75_LOCK_V1,EUL,LONG,2026-07-26T11:23:36+00:00,-1.3350695212981036,50.25610450684829,-10.51532101598604,True,True,-1.3350695212981036,-1.3350695212981036,-1.3350695212981036,-1.3350695212981036,-1.3350695212981036,-1.3350695212981036,-1.3350695212981036,-1.3350695212981036,-1.3350695212981036,-1.3350695212981036,-1.3350695212981036,24.33246523935095,-1.3350695212981036
71c5ead13c7f709441d8,SHADOW_MASTER_ADAPTIVE_GB20_BE_V1,EUL,LONG,2026-07-26T11:23:36+00:00,-8.57470745022461,38.80243113487935,-12.74461568441176,False,False,-8.57470745022461,-8.57470745022461,-8.57470745022461,-8.57470745022461,-8.57470745022461,-8.57470745022461,-8.57470745022461,-8.57470745022461,-8.57470745022461,-8.57470745022461,-8.57470745022461,-8.57470745022461,-8.57470745022461
b94d7093e23af7ca0646,SHADOW_MASTER_ADAPTIVE_GB20_V1,EUL,LONG,2026-07-26T11:23:36+00:00,-1.2950649288681697,48.75020916144498,-10.200235453171732,False,False,-1.2950649288681697,-1.2950649288681697,-1.2950649288681697,-1.2950649288681697,-1.2950649288681697,-1.2950649288681697,-1.2950649288681697,-1.2950649288681697,-1.2950649288681697,-1.2950649288681697,-1.2950649288681697,-1.2950649288681697,-1.2950649288681697
e1824f15339794ce41ce,SHADOW_MASTER_ADAPTIVE_GB20_BE_V1,EUL,LONG,2026-07-26T12:08:38+00:00,-11.898583429494387,23.54290403518,-11.898583429494387,False,False,-11.898583429494387,-11.898583429494387,-11.898583429494387,-11.898583429494387,-11.898583429494387,-11.898583429494387,-11.898583429494387,-11.898583429494387,-11.898583429494387,-11.898583429494387,-11.898583429494387,-11.898583429494387,-11.898583429494387
33fb20a0af6cc954ebb3,SHADOW_MASTER_ADAPTIVE_GB20_PARTIAL_V1,EUL,LONG,2026-07-26T12:08:38+00:00,-8.440206723514658,34.663399434420896,-27.356577356638734,False,False,-8.440206723514658,-8.440206723514658,-8.440206723514658,-8.440206723514658,-8.440206723514658,-8.440206723514658,-8.440206723514658,-8.440206723514658,-8.440206723514658,-8.440206723514658,-8.440206723514658,-8.440206723514658,-8.440206723514658
17f220b98cc4a986cdb2,SHADOW_MASTER_ADAPTIVE_GB20_V1,EUL,LONG,2026-07-26T12:08:38+00:00,0.4099471794776366,24.477403272066994,-6.790495202488858,False,False,0.4099471794776366,0.4099471794776366,0.4099471794776366,0.4099471794776366,0.4099471794776366,0.4099471794776366,0.4099471794776366,0.4099471794776366,0.4099471794776366,0.4099471794776366,0.4099471794776366,0.4099471794776366,0.4099471794776366
ccbbb02b481cdf36fc9f,SHADOW_1H_FAST_V3_LONG_ONLY_V1,PEPE,LONG,2026-07-26T13:08:37+00:00,68.56588730618981,69.03323594968555,-7.394832936182095,True,False,25.0,50.0,68.56588730618981,68.56588730618981,68.56588730618981,68.56588730618981,68.56588730618981,50.0,68.56588730618981,68.56588730618981,68.56588730618981,59.282943653094904,68.56588730618981
a72eef0b4a91081cebe9,SHADOW_1H_FAST_V3_NOHIGH_REGIME_GUARD_V1,PEPE,LONG,2026-07-26T13:08:37+00:00,2.39768687279626,2.414029630857931,-0.2585905988268981,False,False,2.39768687279626,2.39768687279626,2.39768687279626,2.39768687279626,2.39768687279626,2.39768687279626,2.39768687279626,2.39768687279626,2.39768687279626,2.39768687279626,2.39768687279626,2.39768687279626,2.39768687279626
5865859e204e3c3cc254,SHADOW_1H_FAST_V3_NO_ESPORTS_LONG_ONLY_V1,PEPE,LONG,2026-07-26T13:08:37+00:00,3.527902119072952,3.551948482862744,-0.3804843459437321,False,False,3.527902119072952,3.527902119072952,3.527902119072952,3.527902119072952,3.527902119072952,3.527902119072952,3.527902119072952,3.527902119072952,3.527902119072952,3.527902119072952,3.527902119072952,3.527902119072952,3.527902119072952
8132fbc5090dd10b6f49,SHADOW_1H_FAST_V3_NO_ESPORTS_MFE_LOCK_V1,PEPE,LONG,2026-07-26T13:08:37+00:00,3.248477905736419,3.2706196995980252,-0.3503484364247542,False,False,3.248477905736419,3.248477905736419,3.248477905736419,3.248477905736419,3.248477905736419,3.248477905736419,3.248477905736419,3.248477905736419,3.248477905736419,3.248477905736419,3.248477905736419,3.248477905736419,3.248477905736419
68bec63801e4dc955e46,SHADOW_1H_FAST_V3_NO_ESPORTS_STRESS_GUARD_V1,PEPE,LONG,2026-07-26T13:08:37+00:00,72.10809447049812,72.59958698171378,-7.776860081669682,True,False,25.0,50.0,72.10809447049812,72.10809447049812,72.10809447049812,72.10809447049812,72.10809447049812,50.0,72.10809447049812,72.10809447049812,72.10809447049812,61.05404723524906,72.10809447049812
59781e841c1a972d163a,EVO_CAND_SHADOW_1H_FAST_V3_NO_ESPORTS_MFE_LOCK_TP_R200_6b7c560f,PEPE,LONG,2026-07-26T13:23:37+00:00,42.71497828915865,73.94109948220907,-7.872904838474821,True,False,25.0,50.0,42.71497828915865,42.71497828915865,42.71497828915865,42.71497828915865,42.71497828915865,50.0,42.71497828915865,42.71497828915865,42.71497828915865,46.357489144579326,49.33968559556995
99a449782f24631d69d0::SHADOW_1H_BALANCED_V3_LONG_ONLY_V1,SHADOW_1H_BALANCED_V3_LONG_ONLY_V1,SHIB,LONG,2026-07-26T13:23:37+00:00,-51.290435702776286,9.444794618609242,-51.11516900180098,False,False,-51.290435702776286,-51.290435702776286,-51.290435702776286,-51.290435702776286,-51.290435702776286,-51.290435702776286,-50.0,-50.0,-51.290435702776286,-51.290435702776286,-51.290435702776286,-51.290435702776286,-51.290435702776286
769a76f21ad11c913c51,SHADOW_BOLLINGER_MR_1H,SHIB,SHORT,2026-07-26T13:23:37+00:00,72.6279934910291,72.85267224325953,-33.36701014208689,True,False,25.0,50.0,72.6279934910291,72.6279934910291,72.6279934910291,72.6279934910291,72.6279934910291,50.0,72.6279934910291,72.6279934910291,72.6279934910291,61.31399674551455,34.663149448821336
0f8293cdd6281b917355,SHADOW_COMBO_ADAPTIVE_LONG_ONLY_V1,SHIB,LONG,2026-07-26T13:23:37+00:00,-1.5088021966604463,0.27783594879450463,-1.5036464053358143,False,False,-1.5088021966604463,-1.5088021966604463,-1.5088021966604463,-1.5088021966604463,-1.5088021966604463,-1.5088021966604463,-1.5088021966604463,-1.5088021966604463,-1.5088021966604463,-1.5088021966604463,-1.5088021966604463,-1.5088021966604463,-1.5088021966604463
38a8db07203aeaddeb64,SHADOW_COMBO_ADAPTIVE_SIDE_REGIME_GUARD_V1,SHIB,LONG,2026-07-26T13:23:37+00:00,-52.528272603522645,9.672734099697571,-52.348776038110294,False,False,-52.528272603522645,-52.528272603522645,-52.528272603522645,-52.528272603522645,-52.528272603522645,-52.528272603522645,-50.0,-50.0,-52.528272603522645,-52.528272603522645,-52.528272603522645,-52.528272603522645,-52.528272603522645
3c3194d2cdbcb800496e,SHADOW_SCANNER_TOP10_LONG,SHIB,LONG,2026-07-26T13:23:37+00:00,-2.6708163679207892,0.4918131755637697,-2.6616898091910297,False,False,-2.6708163679207892,-2.6708163679207892,-2.6708163679207892,-2.6708163679207892,-2.6708163679207892,-2.6708163679207892,-2.6708163679207892,-2.6708163679207892,-2.6708163679207892,-2.6708163679207892,-2.6708163679207892,-2.6708163679207892,-2.6708163679207892
f54cd61f7b0e134e3e4b,SHADOW_SCANNER_TOP15_LONG,SHIB,LONG,2026-07-26T13:23:37+00:00,-2.6708163679207892,0.4918131755637697,-2.6616898091910297,False,False,-2.6708163679207892,-2.6708163679207892,-2.6708163679207892,-2.6708163679207892,-2.6708163679207892,-2.6708163679207892,-2.6708163679207892,-2.6708163679207892,-2.6708163679207892,-2.6708163679207892,-2.6708163679207892,-2.6708163679207892,-2.6708163679207892
dbf6d8741af8d2f1b5bb,SHADOW_SCANNER_TOP20_LONG,SHIB,LONG,2026-07-26T13:23:37+00:00,-2.6708163679207892,0.4918131755637697,-2.6616898091910297,False,False,-2.6708163679207892,-2.6708163679207892,-2.6708163679207892,-2.6708163679207892,-2.6708163679207892,-2.6708163679207892,-2.6708163679207892,-2.6708163679207892,-2.6708163679207892,-2.6708163679207892,-2.6708163679207892,-2.6708163679207892,-2.6708163679207892
36ecdcbf4c0383c699a3,EVO_CAND_SHADOW_1H_FAST_V3_LONG_NOHIGH_CAP75_L_TP_R200_903364ad,SHIB,LONG,2026-07-26T13:38:37+00:00,-1.5454843404394862,0.8155460279647673,-1.5387108056662293,False,False,-1.5454843404394862,-1.5454843404394862,-1.5454843404394862,-1.5454843404394862,-1.5454843404394862,-1.5454843404394862,-1.5454843404394862,-1.5454843404394862,-1.5454843404394862,-1.5454843404394862,-1.5454843404394862,-1.5454843404394862,-1.5454843404394862
0fbdf1d49442d27aecaa,EVO_CAND_SHADOW_1H_FAST_V3_LONG_NOHIGH_CAP75_V_TP_R200_051501d0,SHIB,LONG,2026-07-26T13:38:37+00:00,-2.156592296868969,1.1380253009556571,-2.1471404036777213,False,False,-2.156592296868969,-2.156592296868969,-2.156592296868969,-2.156592296868969,-2.156592296868969,-2.156592296868969,-2.156592296868969,-2.156592296868969,-2.156592296868969,-2.156592296868969,-2.156592296868969,-2.156592296868969,-2.156592296868969
6f61d0e6c60b8e92e87d,EVO_CAND_SHADOW_1H_FAST_V3_LONG_ONLY_V1_TP_R200_751e55c4,SHIB,LONG,2026-07-26T13:38:37+00:00,-2.27008689169261,1.1979159537315827,-2.2601375754188378,False,False,-2.27008689169261,-2.27008689169261,-2.27008689169261,-2.27008689169261,-2.27008689169261,-2.27008689169261,-2.27008689169261,-2.27008689169261,-2.27008689169261,-2.27008689169261,-2.27008689169261,-2.27008689169261,-2.27008689169261
7e302c266ed2845ca22c,EVO_CAND_SHADOW_1H_FAST_V3_LONG_ONLY_V1_TP_R200_751e55c4,PEPE,LONG,2026-07-26T13:38:37+00:00,26.292454754347137,72.52881194677839,-7.7225310213572484,True,False,25.0,50.0,26.292454754347137,26.292454754347137,26.292454754347137,26.292454754347137,26.292454754347137,50.0,26.292454754347137,26.292454754347137,30.0,38.14622737717357,48.39728923608035
f9f1cc5fcd222a1799b5,EVO_CAND_SHADOW_1H_FAST_V3_NOHIGH_REGIME_GUARD_TP_R200_934590ed,PEPE,LONG,2026-07-26T13:38:37+00:00,25.61356299372412,70.65606125466955,-7.523129226030845,True,False,25.0,50.0,25.61356299372412,25.61356299372412,25.61356299372412,25.61356299372412,25.61356299372412,50.0,25.61356299372412,25.61356299372412,30.0,37.80678149686206,47.147633347885595
0d653813e2a402a9df5b,EVO_CAND_SHADOW_1H_FAST_V3_NOHIGH_V1_TP_R200_8346046b,PEPE,LONG,2026-07-26T13:38:37+00:00,0.300068098001334,0.8277501227825782,-0.08813498842103491,False,False,0.300068098001334,0.300068098001334,0.300068098001334,0.300068098001334,0.300068098001334,0.300068098001334,0.300068098001334,0.300068098001334,0.300068098001334,0.300068098001334,0.300068098001334,0.300068098001334,0.300068098001334
854eca27e4ff497314f1,EVO_CAND_SHADOW_1H_FAST_V3_NO_ESPORTS_LONG_ONL_TP_R200_7bbb9481,PEPE,LONG,2026-07-26T13:38:37+00:00,27.186564385358583,74.99524993795572,-7.9851458827877355,True,False,25.0,50.0,27.186564385358583,27.186564385358583,27.186564385358583,27.186564385358583,27.186564385358583,50.0,27.186564385358583,27.186564385358583,30.0,38.59328219267929,50.043102942907076
f41369c2b9ecd37d45a7,EVO_CAND_SHADOW_1H_FAST_V3_NO_ESPORTS_LONG_ONL_TP_R200_7bbb9481,SHIB,LONG,2026-07-26T13:38:37+00:00,-3.2151860363660147,1.6966410674730206,-3.2010945481186335,False,False,-3.2151860363660147,-3.2151860363660147,-3.2151860363660147,-3.2151860363660147,-3.2151860363660147,-3.2151860363660147,-3.2151860363660147,-3.2151860363660147,-3.2151860363660147,-3.2151860363660147,-3.2151860363660147,-3.2151860363660147,-3.2151860363660147
86b71f4b96f731d275ce,EVO_CAND_SHADOW_1H_FAST_V3_NO_ESPORTS_STRESS_G_TP_R200_89ab3f19,PEPE,LONG,2026-07-26T13:38:37+00:00,26.670413824170332,73.57142750150341,-7.833543882985561,True,False,25.0,50.0,26.670413824170332,26.670413824170332,26.670413824170332,26.670413824170332,26.670413824170332,50.0,26.670413824170332,26.670413824170332,30.0,38.33520691208517,49.09300953274108
b9271f6d1c3778e0056a,EVO_CAND_SHADOW_1H_FAST_V3_NO_ESPORTS_V1_TP_R200_68f866e1,SHIB,LONG,2026-07-26T13:38:37+00:00,-1.7854929439345484,0.9421976271664174,-1.7776675016271188,False,False,-1.7854929439345484,-1.7854929439345484,-1.7854929439345484,-1.7854929439345484,-1.7854929439345484,-1.7854929439345484,-1.7854929439345484,-1.7854929439345484,-1.7854929439345484,-1.7854929439345484,-1.7854929439345484,-1.7854929439345484,-1.7854929439345484
c3bd950a4b4973ffc299,EVO_CAND_SHADOW_1H_FAST_V3_NO_ESPORTS_V1_TP_R200_68f866e1,PEPE,LONG,2026-07-26T13:38:37+00:00,26.66094796111468,73.54531553105821,-7.830763601654883,True,False,25.0,50.0,26.66094796111468,26.66094796111468,26.66094796111468,26.66094796111468,26.66094796111468,50.0,26.66094796111468,26.66094796111468,30.0,38.33047398055734,49.075585442200506
25e179a28613b8b3aef3,EVO_CAND_SHADOW_1H_FAST_V3_TP_R200_3ee5afb4,PEPE,LONG,2026-07-26T13:38:37+00:00,0.300068098001334,0.8277501227825782,-0.08813498842103491,False,False,0.300068098001334,0.300068098001334,0.300068098001334,0.300068098001334,0.300068098001334,0.300068098001334,0.300068098001334,0.300068098001334,0.300068098001334,0.300068098001334,0.300068098001334,0.300068098001334,0.300068098001334
f69a2dca98bbe7f3c55a,SHADOW_1H_FAST_TP2_V1,PEPE,LONG,2026-07-26T13:38:37+00:00,0.8652908134248906,2.386940104015676,-0.2541502956495281,False,False,0.8652908134248906,0.8652908134248906,0.8652908134248906,0.8652908134248906,0.8652908134248906,0.8652908134248906,0.8652908134248906,0.8652908134248906,0.8652908134248906,0.8652908134248906,0.8652908134248906,0.8652908134248906,0.8652908134248906
d82d6358a5d5c2c8f0c4,SHADOW_SCANNER_TOP5_BTC_GUARD_V1,SHIB,LONG,2026-07-26T13:53:36+00:00,-2.7252825388164292,0.8956060013526113,-2.716242490391884,False,False,-2.7252825388164292,-2.7252825388164292,-2.7252825388164292,-2.7252825388164292,-2.7252825388164292,-2.7252825388164292,-2.7252825388164292,-2.7252825388164292,-2.7252825388164292,-2.7252825388164292,-2.7252825388164292,-2.7252825388164292,-2.7252825388164292
a188b5c427d2432a8a83,SHADOW_1H_BALANCED,PEPE,LONG,2026-07-26T14:08:37+00:00,-2.4905247934537362,51.35298682980965,-13.379462327135409,True,True,25.0,50.0,-2.4905247934537362,-2.4905247934537362,-2.4905247934537362,-2.4905247934537362,-2.4905247934537362,50.0,0.0,20.0,30.0,23.75473760327313,33.24474594111038
7eeb7a17e40b475e559d,SHADOW_1H_BALANCED_LONG_NO_RHV_V1,PEPE,LONG,2026-07-26T14:08:37+00:00,-2.3707658731572208,48.88363648529422,-12.736099945577406,False,False,25.0,-2.3707658731572208,-2.3707658731572208,-2.3707658731572208,-2.3707658731572208,-2.3707658731572208,-2.3707658731572208,-2.3707658731572208,-2.3707658731572208,-2.3707658731572208,-2.3707658731572208,-2.3707658731572208,-2.3707658731572208
6c855261d91f169d9e50,SHADOW_1H_BALANCED_V2,PEPE,LONG,2026-07-26T14:08:37+00:00,-0.07894039719694426,1.6276991854286975,-0.4240793238283579,False,False,-0.07894039719694426,-0.07894039719694426,-0.07894039719694426,-0.07894039719694426,-0.07894039719694426,-0.07894039719694426,-0.07894039719694426,-0.07894039719694426,-0.07894039719694426,-0.07894039719694426,-0.07894039719694426,-0.07894039719694426,-0.07894039719694426
0a67b044fb07e91bd7ea,SHADOW_1H_BALANCED_V3,PEPE,LONG,2026-07-26T14:08:37+00:00,-0.07664693443087497,1.5804094882812583,-0.4117585074454144,False,False,-0.07664693443087497,-0.07664693443087497,-0.07664693443087497,-0.07664693443087497,-0.07664693443087497,-0.07664693443087497,-0.07664693443087497,-0.07664693443087497,-0.07664693443087497,-0.07664693443087497,-0.07664693443087497,-0.07664693443087497,-0.07664693443087497
1b583297a209445ae927,SHADOW_COMBO_ADAPTIVE_QUALITY7_V1,PEPE,LONG,2026-07-26T14:08:37+00:00,-0.09387059692456848,1.9355501058428959,-0.5042865336973033,False,False,-0.09387059692456848,-0.09387059692456848,-0.09387059692456848,-0.09387059692456848,-0.09387059692456848,-0.09387059692456848,-0.09387059692456848,-0.09387059692456848,-0.09387059692456848,-0.09387059692456848,-0.09387059692456848,-0.09387059692456848,-0.09387059692456848
50b1ba5caf3cc1f4632a,EVO_CAND_SHADOW_1H_FAST_V3_CAP75_V1_TP_R200_86882aa9,PEPE,LONG,2026-07-26T14:38:37+00:00,-0.845111468792228,0.38032578333473793,-0.8379053012776703,False,False,-0.845111468792228,-0.845111468792228,-0.845111468792228,-0.845111468792228,-0.845111468792228,-0.845111468792228,-0.845111468792228,-0.845111468792228,-0.845111468792228,-0.845111468792228,-0.845111468792228,-0.845111468792228,-0.845111468792228
86ba513222f61efe3924,EVO_CAND_SHADOW_1H_FAST_V3_CAP75_V1_TP_R200_86882aa9,EUL,LONG,2026-07-26T14:38:37+00:00,-3.6372591363571756,87.26119623331527,-41.578755446870524,True,True,25.0,50.0,-3.6372591363571756,-3.6372591363571756,-3.6372591363571756,-3.6372591363571756,-3.6372591363571756,50.0,0.0,20.0,30.0,23.181370431821414,35.54721360969402
8dca35a9209c949867b9,EVO_CAND_SHADOW_1H_FAST_V3_LONG_NOHIGH_CAP75_L_TP_R200_903364ad,PEPE,LONG,2026-07-26T14:38:37+00:00,-54.72460237969297,24.627730230052933,-54.25797203981695,False,False,-54.72460237969297,-54.72460237969297,-54.72460237969297,-54.72460237969297,-54.72460237969297,-54.72460237969297,-50.0,-50.0,-54.72460237969297,-54.72460237969297,-54.72460237969297,-54.72460237969297,-54.72460237969297
92ced8b73051b39b0d8f,EVO_CAND_SHADOW_1H_FAST_V3_LONG_NOHIGH_CAP75_V_TP_R200_051501d0,PEPE,LONG,2026-07-26T14:38:37+00:00,-54.83059183946602,24.675428700375463,-54.363057739754645,False,False,-54.83059183946602,-54.83059183946602,-54.83059183946602,-54.83059183946602,-54.83059183946602,-54.83059183946602,-50.0,-50.0,-54.83059183946602,-54.83059183946602,-54.83059183946602,-54.83059183946602,-54.83059183946602
fe43be3b89f37359e50a,EVO_CAND_SHADOW_1H_FAST_V3_LONG_NOHIGH_CAP75_V_TP_R200_051501d0,EUL,LONG,2026-07-26T14:38:37+00:00,-3.6166407503527718,86.76654216559697,-41.34305961183445,True,True,25.0,50.0,-3.6166407503527718,-3.6166407503527718,-3.6166407503527718,-3.6166407503527718,-3.6166407503527718,50.0,0.0,20.0,30.0,23.191679624823614,35.34570853565089
a72822a5c93a2f9feaf0,EVO_CAND_SHADOW_1H_FAST_V3_NOHIGH_REGIME_GUARD_TP_R200_934590ed,EUL,LONG,2026-07-26T14:38:37+00:00,-0.24425166084025218,5.859822274923396,-2.792124424695247,False,False,-0.24425166084025218,-0.24425166084025218,-0.24425166084025218,-0.24425166084025218,-0.24425166084025218,-0.24425166084025218,-0.24425166084025218,-0.24425166084025218,-0.24425166084025218,-0.24425166084025218,-0.24425166084025218,-0.24425166084025218,-0.24425166084025218
bed3411ff5a4d27f2654,EVO_CAND_SHADOW_1H_FAST_V3_NO_ESPORTS_LONG_ONL_TP_R200_7bbb9481,EUL,LONG,2026-07-26T14:38:37+00:00,-3.6549271892284754,87.68506909220847,-41.78072501296911,True,True,25.0,50.0,-3.6549271892284754,-3.6549271892284754,-3.6549271892284754,-3.6549271892284754,-3.6549271892284754,50.0,0.0,20.0,30.0,23.172536405385763,35.71988485085076
0992aa0fbcb1152d97e8,EVO_CAND_SHADOW_1H_FAST_V3_NO_ESPORTS_MFE_LOCK_TP_R200_6b7c560f,EUL,LONG,2026-07-26T14:38:37+00:00,-4.0231792199744465,1.6557340090694872,-4.0231792199744465,False,False,-4.0231792199744465,-4.0231792199744465,-4.0231792199744465,-4.0231792199744465,-4.0231792199744465,-4.0231792199744465,-4.0231792199744465,-4.0231792199744465,-4.0231792199744465,-4.0231792199744465,-4.0231792199744465,-4.0231792199744465,-4.0231792199744465
f021b82543542a9e62ea,EVO_CAND_SHADOW_1H_FAST_V3_NO_ESPORTS_V1_TP_R200_68f866e1,EUL,LONG,2026-07-26T14:38:37+00:00,-0.23181216520581535,5.561387319121152,-2.6499242878678566,False,False,-0.23181216520581535,-0.23181216520581535,-0.23181216520581535,-0.23181216520581535,-0.23181216520581535,-0.23181216520581535,-0.23181216520581535,-0.23181216520581535,-0.23181216520581535,-0.23181216520581535,-0.23181216520581535,-0.23181216520581535,-0.23181216520581535
bdff72735cd8236a071c,SHADOW_1H_FAST_NOHIGH_CAP75_SHORT_ONLY_V1,EUL,LONG,2026-07-26T14:38:37+00:00,-59.24075681438509,26.169410479510482,-59.24075681438509,False,False,-59.24075681438509,-59.24075681438509,-59.24075681438509,-59.24075681438509,-59.24075681438509,-59.24075681438509,-50.0,-50.0,-59.24075681438509,-59.24075681438509,-59.24075681438509,-59.24075681438509,-59.24075681438509
d088c643a682e7494ef7,SHADOW_1H_FAST_NOHIGH_CAP75_V1,PEPE,LONG,2026-07-26T14:38:37+00:00,-0.5743614456763907,0.258480064240911,-0.5694639322189496,False,False,-0.5743614456763907,-0.5743614456763907,-0.5743614456763907,-0.5743614456763907,-0.5743614456763907,-0.5743614456763907,-0.5743614456763907,-0.5743614456763907,-0.5743614456763907,-0.5743614456763907,-0.5743614456763907,-0.5743614456763907,-0.5743614456763907
3fa77dd8162177e25051,SHADOW_1H_FAST_SCORE_6_75_COST_AWARE_V1,PEPE,LONG,2026-07-26T14:38:37+00:00,-54.92927042823823,24.719837057094125,-54.46089490764091,False,False,-54.92927042823823,-54.92927042823823,-54.92927042823823,-54.92927042823823,-54.92927042823823,-54.92927042823823,-50.0,-50.0,-54.92927042823823,-54.92927042823823,-54.92927042823823,-54.92927042823823,-54.92927042823823
731f942fec630ab687aa,SHADOW_1H_FAST_SCORE_6_75_V1,PEPE,LONG,2026-07-26T14:38:37+00:00,-55.21648345016197,24.84909162478233,-54.745658897425365,False,False,-55.21648345016197,-55.21648345016197,-55.21648345016197,-55.21648345016197,-55.21648345016197,-55.21648345016197,-50.0,-50.0,-55.21648345016197,-55.21648345016197,-55.21648345016197,-55.21648345016197,-55.21648345016197
e78d8c8cf110d7cfc11e,SHADOW_1H_FAST_V3_CAP75_V1,PEPE,LONG,2026-07-26T14:38:37+00:00,-1.0153821185285758,0.4569527380398245,-1.0067240729244138,False,False,-1.0153821185285758,-1.0153821185285758,-1.0153821185285758,-1.0153821185285758,-1.0153821185285758,-1.0153821185285758,-1.0153821185285758,-1.0153821185285758,-1.0153821185285758,-1.0153821185285758,-1.0153821185285758,-1.0153821185285758,-1.0153821185285758
27897ad1d0b3baf10750,SHADOW_1H_FAST_V3_LONG_NOHIGH_CAP75_LOCK_V1,PEPE,LONG,2026-07-26T14:38:37+00:00,-2.00074845231677,0.900397462917661,-1.983688302224982,False,False,-2.00074845231677,-2.00074845231677,-2.00074845231677,-2.00074845231677,-2.00074845231677,-2.00074845231677,-2.00074845231677,-2.00074845231677,-2.00074845231677,-2.00074845231677,-2.00074845231677,-2.00074845231677,-2.00074845231677
894e93f824604cd62c1c,SHADOW_1H_FAST_V3_LONG_NOHIGH_CAP75_LOCK_V1,EUL,LONG,2026-07-26T14:38:37+00:00,-58.49310014378094,25.839135591698234,-58.49310014378094,False,False,-58.49310014378094,-58.49310014378094,-58.49310014378094,-58.49310014378094,-58.49310014378094,-58.49310014378094,-50.0,-50.0,-58.49310014378094,-58.49310014378094,-58.49310014378094,-58.49310014378094,-58.49310014378094
3d8d9b43bf1e23362659,SHADOW_1H_FAST_V3_LONG_NOHIGH_CAP75_V1,PEPE,LONG,2026-07-26T14:38:37+00:00,-1.9433284323117086,0.8745567130355999,-1.926757896073389,False,False,-1.9433284323117086,-1.9433284323117086,-1.9433284323117086,-1.9433284323117086,-1.9433284323117086,-1.9433284323117086,-1.9433284323117086,-1.9433284323117086,-1.9433284323117086,-1.9433284323117086,-1.9433284323117086,-1.9433284323117086,-1.9433284323117086
6b027052ac122e9d9246,SHADOW_1H_FAST_V3_LONG_NOHIGH_CAP75_V1,EUL,LONG,2026-07-26T14:38:37+00:00,-55.467171342006296,37.50766246721116,-55.467171342006296,False,False,-55.467171342006296,-55.467171342006296,-55.467171342006296,-55.467171342006296,-55.467171342006296,-55.467171342006296,-50.0,-50.0,-55.467171342006296,-55.467171342006296,-55.467171342006296,-55.467171342006296,-55.467171342006296
109d59b4746841b3b547,SHADOW_1H_FAST_V3_LONG_ONLY_V1,EUL,LONG,2026-07-26T14:38:37+00:00,-56.7193927534128,8.31279762924469,-56.7193927534128,False,False,-56.7193927534128,-56.7193927534128,-56.7193927534128,-56.7193927534128,-56.7193927534128,-56.7193927534128,-50.0,-50.0,-56.7193927534128,-56.7193927534128,-56.7193927534128,-56.7193927534128,-56.7193927534128
afe88fc69f15452ee3ec,SHADOW_COMBO_ADAPTIVE_PARTIAL_1R_V1,SHIB,LONG,2026-07-26T14:38:37+00:00,-23.790125564593662,9.890536105631798,-23.714304072159237,False,False,-23.790125564593662,-23.790125564593662,-23.790125564593662,-23.790125564593662,-23.790125564593662,-23.790125564593662,-23.790125564593662,-23.790125564593662,-23.790125564593662,-23.790125564593662,-23.790125564593662,-23.790125564593662,-23.790125564593662
27ab8b1f77cbc8a8408f,SHADOW_COMBO_SCANNER,SHIB,LONG,2026-07-26T14:38:37+00:00,-1.63660205731549,0.6765296558910576,-1.6310540517316394,False,False,-1.63660205731549,-1.63660205731549,-1.63660205731549,-1.63660205731549,-1.63660205731549,-1.63660205731549,-1.63660205731549,-1.63660205731549,-1.63660205731549,-1.63660205731549,-1.63660205731549,-1.63660205731549,-1.63660205731549
77262110e553d4817d01,SHADOW_COMBO_SCANNER,PEPE,LONG,2026-07-26T14:38:37+00:00,-49.42695882940094,25.264822931607323,-49.085954326335916,False,False,-49.42695882940094,-49.42695882940094,-49.42695882940094,-49.42695882940094,-49.42695882940094,-49.42695882940094,-49.42695882940094,-49.42695882940094,-49.42695882940094,-49.42695882940094,-49.42695882940094,-49.42695882940094,-49.42695882940094
0efc4a2085a9cfbbcada,SHADOW_DONCHIAN_1H,PEPE,LONG,2026-07-26T14:38:37+00:00,-55.26039370995141,25.548799534553936,-54.91661210269645,False,False,-55.26039370995141,-55.26039370995141,-55.26039370995141,-55.26039370995141,-55.26039370995141,-55.26039370995141,-50.0,-50.0,-55.26039370995141,-55.26039370995141,-55.26039370995141,-55.26039370995141,-55.26039370995141
cb4cf5f0d6ff6a9a5d09,SHADOW_MASTER_ADAPTIVE_EXPANDED_V1,EUL,LONG,2026-07-26T14:38:37+00:00,-51.459690451000604,35.23161909597796,-51.459690451000604,False,False,-51.459690451000604,-51.459690451000604,-51.459690451000604,-51.459690451000604,-51.459690451000604,-51.459690451000604,-50.0,-50.0,-51.459690451000604,-51.459690451000604,-51.459690451000604,-51.459690451000604,-51.459690451000604
08ab29ee86a95159610c,SHADOW_MASTER_ADAPTIVE_RUNNER25_V1,EUL,LONG,2026-07-26T14:38:37+00:00,-51.45846607038956,35.23078082993054,-51.45846607038956,False,False,-51.45846607038956,-51.45846607038956,-51.45846607038956,-51.45846607038956,-51.45846607038956,-51.45846607038956,-50.0,-50.0,-51.45846607038956,-51.45846607038956,-51.45846607038956,-51.45846607038956,-51.45846607038956
bf6a494bfe545362ac60,SHADOW_MASTER_ADAPTIVE_V1,EUL,LONG,2026-07-26T14:38:37+00:00,-51.2091579854499,35.06009329937678,-51.2091579854499,False,False,-51.2091579854499,-51.2091579854499,-51.2091579854499,-51.2091579854499,-51.2091579854499,-51.2091579854499,-50.0,-50.0,-51.2091579854499,-51.2091579854499,-51.2091579854499,-51.2091579854499,-51.2091579854499
36ef7ecbcb2ddd6c89a1,SHADOW_SCANNER_TOP5_BTC,PEPE,LONG,2026-07-26T14:38:37+00:00,-51.09727358975026,26.118612192766022,-50.74474531770764,False,False,-51.09727358975026,-51.09727358975026,-51.09727358975026,-51.09727358975026,-51.09727358975026,-51.09727358975026,-50.0,-50.0,-51.09727358975026,-51.09727358975026,-51.09727358975026,-51.09727358975026,-51.09727358975026
e8c96309bf8df5fa3425,SHADOW_SCANNER_TOP5_BTC_GUARD_BTC_LE3_MFE_V1,SHIB,LONG,2026-07-26T14:38:37+00:00,-48.07873346346936,19.98831187092196,-47.92550176590395,False,False,-48.07873346346936,-48.07873346346936,-48.07873346346936,-48.07873346346936,-48.07873346346936,-48.07873346346936,-48.07873346346936,-48.07873346346936,-48.07873346346936,-48.07873346346936,-48.07873346346936,-48.07873346346936,-48.07873346346936
88b187bd15045ea1c6ec,SHADOW_SCANNER_TOP5_BTC_GUARD_MFE_V1,SHIB,LONG,2026-07-26T14:38:37+00:00,-47.25154626110753,19.644416044526977,-47.10095089129227,False,False,-47.25154626110753,-47.25154626110753,-47.25154626110753,-47.25154626110753,-47.25154626110753,-47.25154626110753,-47.25154626110753,-47.25154626110753,-47.25154626110753,-47.25154626110753,-47.25154626110753,-47.25154626110753,-47.25154626110753
12524f19cc96b7ca2af3,SHADOW_SCANNER_TOP5_BTC_GUARD_V1,PEPE,LONG,2026-07-26T14:38:37+00:00,-48.92549752691089,25.00849862368878,-48.58795268566426,False,False,-48.92549752691089,-48.92549752691089,-48.92549752691089,-48.92549752691089,-48.92549752691089,-48.92549752691089,-48.92549752691089,-48.92549752691089,-48.92549752691089,-48.92549752691089,-48.92549752691089,-48.92549752691089,-48.92549752691089
6637462d29b8471e97e0,SHADOW_SCANNER_TOP5_BTC_RUNNER25_V1,SHIB,LONG,2026-07-26T14:38:37+00:00,-1.4057410367761312,0.581097583026418,-1.400975639417243,False,False,-1.4057410367761312,-1.4057410367761312,-1.4057410367761312,-1.4057410367761312,-1.4057410367761312,-1.4057410367761312,-1.4057410367761312,-1.4057410367761312,-1.4057410367761312,-1.4057410367761312,-1.4057410367761312,-1.4057410367761312,-1.4057410367761312
dcfb8db1a451817e2954,SHADOW_SCANNER_TOP5_BTC_RUNNER25_V1,PEPE,LONG,2026-07-26T14:38:37+00:00,-49.71029887788179,25.409653532636405,-49.36733956645472,False,False,-49.71029887788179,-49.71029887788179,-49.71029887788179,-49.71029887788179,-49.71029887788179,-49.71029887788179,-49.71029887788179,-49.71029887788179,-49.71029887788179,-49.71029887788179,-49.71029887788179,-49.71029887788179,-49.71029887788179
b8934f675ab8c956bb82,SHADOW_COMBO_ADAPTIVE_RUNNER25_V1,PEPE,LONG,2026-07-26T14:53:37+00:00,-0.7866867765600258,0.5178992297521413,-0.7814740670197934,False,False,-0.7866867765600258,-0.7866867765600258,-0.7866867765600258,-0.7866867765600258,-0.7866867765600258,-0.7866867765600258,-0.7866867765600258,-0.7866867765600258,-0.7866867765600258,-0.7866867765600258,-0.7866867765600258,-0.7866867765600258,-0.7866867765600258
b66beaad33f7903b1a1e,SHADOW_COMBO_TREND_SIDE_REGIME_GUARD_V1,PEPE,LONG,2026-07-26T14:53:37+00:00,-53.152523676558786,30.299537894678423,-52.83504326720753,False,False,25.0,-53.152523676558786,-53.152523676558786,-53.152523676558786,-53.152523676558786,-53.152523676558786,-50.0,-50.0,-53.152523676558786,-53.152523676558786,-53.152523676558786,-53.152523676558786,-53.152523676558786
b4f7056bdcad46a47964,SHADOW_SCANNER_TOP10_LONG,PEPE,LONG,2026-07-26T14:53:37+00:00,-48.73038269635353,32.08065575263028,-48.40748756407329,False,False,25.0,-48.73038269635353,-48.73038269635353,-48.73038269635353,-48.73038269635353,-48.73038269635353,-48.73038269635353,-48.73038269635353,-48.73038269635353,-48.73038269635353,-48.73038269635353,-48.73038269635353,-48.73038269635353
a42ca24d3a81caa1cf19,SHADOW_SCANNER_TOP15_LONG,PEPE,LONG,2026-07-26T14:53:37+00:00,-48.73038269635353,32.08065575263028,-48.40748756407329,False,False,25.0,-48.73038269635353,-48.73038269635353,-48.73038269635353,-48.73038269635353,-48.73038269635353,-48.73038269635353,-48.73038269635353,-48.73038269635353,-48.73038269635353,-48.73038269635353,-48.73038269635353,-48.73038269635353
49aba35dff0520a43541,SHADOW_SCANNER_TOP20_LONG,PEPE,LONG,2026-07-26T14:53:37+00:00,-48.73038269635353,32.08065575263028,-48.40748756407329,False,False,25.0,-48.73038269635353,-48.73038269635353,-48.73038269635353,-48.73038269635353,-48.73038269635353,-48.73038269635353,-48.73038269635353,-48.73038269635353,-48.73038269635353,-48.73038269635353,-48.73038269635353,-48.73038269635353
a6a0dad0a16307f10f2d,SHADOW_ETH_ADAPTIVE_1H,ETH,SHORT,2026-07-26T15:23:36+00:00,-53.89991938469656,45.66172957033893,-53.201551566226456,False,False,25.0,-53.89991938469656,-53.89991938469656,-53.89991938469656,-53.89991938469656,-53.89991938469656,-50.0,-50.0,-53.89991938469656,-53.89991938469656,-53.89991938469656,-53.89991938469656,-53.89991938469656
8fccae72422ff7f87fc8,SHADOW_ETH_EMA_1H,ETH,SHORT,2026-07-26T15:23:36+00:00,-53.505348193710326,45.32746556355129,-52.81209273579709,False,False,25.0,-53.505348193710326,-53.505348193710326,-53.505348193710326,-53.505348193710326,-53.505348193710326,-50.0,-50.0,-53.505348193710326,-53.505348193710326,-53.505348193710326,-53.505348193710326,-53.505348193710326
95533d86eb2450387e38,SHADOW_1H_FAST_NOHIGH_CAP75_SHORT_ONLY_V1,BANK,LONG,2026-07-26T16:23:37+00:00,3.9159121278007047,3.922163469415757,-0.3034831157550144,False,False,3.9159121278007047,3.9159121278007047,3.9159121278007047,3.9159121278007047,3.9159121278007047,3.9159121278007047,3.9159121278007047,3.9159121278007047,3.9159121278007047,3.9159121278007047,3.9159121278007047,3.9159121278007047,3.9159121278007047
5d00a3fbab5afcfe16d2,SHADOW_1H_FAST_NOHIGH_CAP75_V1,BANK,LONG,2026-07-26T16:23:37+00:00,5.0697100510695465,5.077803309647415,-0.3929024329606721,False,False,5.0697100510695465,5.0697100510695465,5.0697100510695465,5.0697100510695465,5.0697100510695465,5.0697100510695465,5.0697100510695465,5.0697100510695465,5.0697100510695465,5.0697100510695465,5.0697100510695465,5.0697100510695465,5.0697100510695465
262dfaa9db7226c322cf,MAIN,SOL,SHORT,2026-07-26T16:38:37+00:00,-1.517773373656052,-0.015552213598415411,-1.5052702796727813,False,False,-1.517773373656052,-1.517773373656052,-1.517773373656052,-1.517773373656052,-1.517773373656052,-1.517773373656052,-1.517773373656052,-1.517773373656052,-1.517773373656052,-1.517773373656052,-1.517773373656052,-1.517773373656052,-1.517773373656052
0221e89cece2850f41f0,MAIN_DYNAMIC_ASSET_SELECTOR_V1,SOL,SHORT,2026-07-26T16:38:37+00:00,-53.354672357008155,-0.5467109091331981,-52.91514792305439,False,False,-53.354672357008155,-53.354672357008155,-53.354672357008155,-53.354672357008155,-53.354672357008155,-53.354672357008155,-50.0,-50.0,-53.354672357008155,-53.354672357008155,-53.354672357008155,-53.354672357008155,-53.354672357008155
36a18310a58d4d3c1f65,MAIN_SIDE_REGIME_GUARD_V1,SOL,SHORT,2026-07-26T16:38:37+00:00,-53.34661516551963,-0.5466283492693818,-52.90715710499431,False,False,-53.34661516551963,-53.34661516551963,-53.34661516551963,-53.34661516551963,-53.34661516551963,-53.34661516551963,-50.0,-50.0,-53.34661516551963,-53.34661516551963,-53.34661516551963,-53.34661516551963,-53.34661516551963
c1e5cd8818865f537f88,SHADOW_RSI_SHORT_15X_10_RSI80,ETH,SHORT,2026-07-26T16:53:39+00:00,-0.8104980719999927,0.1946058375325254,-0.7803599999999957,False,False,-0.8104980719999927,-0.8104980719999927,-0.8104980719999927,-0.8104980719999927,-0.8104980719999927,-0.8104980719999927,-0.8104980719999927,-0.8104980719999927,-0.8104980719999927,-0.8104980719999927,-0.8104980719999927,-0.8104980719999927,-0.8104980719999927
879685cd5483ac312214,SHADOW_RSI_SHORT_15X_50_RSI80,ETH,SHORT,2026-07-26T16:53:39+00:00,-4.052490359999964,0.9730291876626269,-3.9017999999999793,False,False,-4.052490359999964,-4.052490359999964,-4.052490359999964,-4.052490359999964,-4.052490359999964,-4.052490359999964,-4.052490359999964,-4.052490359999964,-4.052490359999964,-4.052490359999964,-4.052490359999964,-4.052490359999964,-4.052490359999964
da6c96ccfa879ab88389,SHADOW_RSI_SHORT_5X_RSI80,ETH,SHORT,2026-07-26T16:53:39+00:00,-13.5133689310553,3.2446474205975004,-13.010879289344382,False,False,-13.5133689310553,-13.5133689310553,-13.5133689310553,-13.5133689310553,-13.5133689310553,-13.5133689310553,-13.5133689310553,-13.5133689310553,-13.5133689310553,-13.5133689310553,-13.5133689310553,-13.5133689310553,-13.5133689310553
244c64fa0bcbf83faf3e,EVO_CAND_SHADOW_1H_FAST_V3_NO_ESPORTS_MFE_LOCK_TP_R200_6b7c560f,ETH,LONG,2026-07-26T17:08:37+00:00,32.607021562925404,59.52169824616867,-13.448393026231198,True,False,25.0,32.607021562925404,32.607021562925404,32.607021562925404,32.607021562925404,32.607021562925404,32.607021562925404,32.607021562925404,32.607021562925404,32.607021562925404,32.607021562925404,41.303510781462705,32.607021562925404
ac979b526cefafadebb5,SHADOW_1H_FAST_V3_NO_ESPORTS_MFE_LOCK_V1,ETH,LONG,2026-07-26T17:08:37+00:00,1.3197471942429122,2.409100570727097,-0.5443146326380456,False,False,1.3197471942429122,1.3197471942429122,1.3197471942429122,1.3197471942429122,1.3197471942429122,1.3197471942429122,1.3197471942429122,1.3197471942429122,1.3197471942429122,1.3197471942429122,1.3197471942429122,1.3197471942429122,1.3197471942429122
722427df380bb60f32b5,EVO_CAND_SHADOW_1H_FAST_V3_LONG_NOHIGH_CAP75_V_TP_R200_051501d0,ETH,LONG,2026-07-26T17:23:38+00:00,20.408116458773495,59.30404920274557,-13.39921718004429,True,False,25.0,20.408116458773495,20.408116458773495,20.408116458773495,20.408116458773495,20.408116458773495,20.408116458773495,20.408116458773495,20.408116458773495,20.408116458773495,20.408116458773495,35.204058229386746,20.408116458773495
5bfa487f23aa661f68e7,EVO_CAND_SHADOW_1H_FAST_V3_LONG_ONLY_V1_TP_R200_751e55c4,ETH,LONG,2026-07-26T17:23:38+00:00,20.019138009206216,58.173714751815446,-13.143828264823345,True,False,25.0,20.019138009206216,20.019138009206216,20.019138009206216,20.019138009206216,20.019138009206216,20.019138009206216,20.019138009206216,20.019138009206216,20.019138009206216,20.019138009206216,35.00956900460311,20.019138009206216
b2a5bb6c7e654aeea8cf,EVO_CAND_SHADOW_1H_FAST_V3_NOHIGH_REGIME_GUARD_TP_R200_934590ed,ETH,LONG,2026-07-26T17:23:38+00:00,1.3349458769845537,3.8792259996958185,-0.8764762669526497,False,False,1.3349458769845537,1.3349458769845537,1.3349458769845537,1.3349458769845537,1.3349458769845537,1.3349458769845537,1.3349458769845537,1.3349458769845537,1.3349458769845537,1.3349458769845537,1.3349458769845537,1.3349458769845537,1.3349458769845537
ba12a8745ea833c1e31d,EVO_CAND_SHADOW_1H_FAST_V3_NO_ESPORTS_LONG_ONL_TP_R200_7bbb9481,ETH,LONG,2026-07-26T17:23:38+00:00,20.66746781875708,60.057699636107984,-13.569497725305778,True,False,25.0,20.66746781875708,20.66746781875708,20.66746781875708,20.66746781875708,20.66746781875708,20.66746781875708,20.66746781875708,20.66746781875708,20.66746781875708,20.66746781875708,35.33373390937854,20.66746781875708
b37e9b311dd35da72bee,EVO_CAND_SHADOW_1H_FAST_V3_NO_ESPORTS_STRESS_G_TP_R200_89ab3f19,ETH,LONG,2026-07-26T17:23:38+00:00,20.402251440856723,59.28700601741222,-13.395366425419752,True,False,25.0,20.402251440856723,20.402251440856723,20.402251440856723,20.402251440856723,20.402251440856723,20.402251440856723,20.402251440856723,20.402251440856723,20.402251440856723,20.402251440856723,35.201125720428365,20.402251440856723
e8fa8cb9e3be56018180,EVO_CAND_SHADOW_1H_FAST_V3_NO_ESPORTS_V1_TP_R200_68f866e1,ETH,LONG,2026-07-26T17:23:38+00:00,20.29305191345184,58.96968255646384,-13.323670039983499,True,False,25.0,20.29305191345184,20.29305191345184,20.29305191345184,20.29305191345184,20.29305191345184,20.29305191345184,20.29305191345184,20.29305191345184,20.29305191345184,20.29305191345184,35.146525956725924,20.29305191345184
5c42ec91b1458a46fcca,SHADOW_1H_FAST_V3_CAP75_V1,ETH,LONG,2026-07-26T17:23:38+00:00,0.21735797161560672,0.6316216329586549,-0.14270923401357594,False,False,0.21735797161560672,0.21735797161560672,0.21735797161560672,0.21735797161560672,0.21735797161560672,0.21735797161560672,0.21735797161560672,0.21735797161560672,0.21735797161560672,0.21735797161560672,0.21735797161560672,0.21735797161560672,0.21735797161560672
a875f92ea05d680c9374,SHADOW_1H_FAST_V3_LONG_NOHIGH_CAP75_V1,ETH,LONG,2026-07-26T17:23:38+00:00,19.99563227818976,58.10540932874701,-13.128395268079062,True,False,25.0,19.99563227818976,19.99563227818976,19.99563227818976,19.99563227818976,19.99563227818976,19.99563227818976,19.99563227818976,19.99563227818976,19.99563227818976,19.99563227818976,34.99781613909488,19.99563227818976
4cac28e326bbd7998770,SHADOW_1H_FAST_V3_LONG_ONLY_V1,ETH,LONG,2026-07-26T17:23:38+00:00,19.116998031952715,55.552181612935044,-12.551516401725209,True,False,25.0,19.116998031952715,19.116998031952715,19.116998031952715,19.116998031952715,19.116998031952715,19.116998031952715,19.116998031952715,19.116998031952715,19.116998031952715,19.116998031952715,34.55849901597636,19.116998031952715
261a4b4140deec03b963,SHADOW_1H_FAST_V3_NOHIGH_REGIME_GUARD_V1,ETH,LONG,2026-07-26T17:23:38+00:00,0.3985189120974557,1.1580581294209507,-0.2616528313299182,False,False,0.3985189120974557,0.3985189120974557,0.3985189120974557,0.3985189120974557,0.3985189120974557,0.3985189120974557,0.3985189120974557,0.3985189120974557,0.3985189120974557,0.3985189120974557,0.3985189120974557,0.3985189120974557,0.3985189120974557
ba0264e3ecd9f19d7557,SHADOW_1H_FAST_V3_NO_ESPORTS_LONG_ONLY_V1,ETH,LONG,2026-07-26T17:23:38+00:00,0.649582127518273,1.8876240014304082,-0.4264916863089901,False,False,0.649582127518273,0.649582127518273,0.649582127518273,0.649582127518273,0.649582127518273,0.649582127518273,0.649582127518273,0.649582127518273,0.649582127518273,0.649582127518273,0.649582127518273,0.649582127518273,0.649582127518273
be4b2587ea83b05d5911,SHADOW_1H_FAST_V3_NO_ESPORTS_STRESS_GUARD_V1,ETH,LONG,2026-07-26T17:23:38+00:00,20.346184229268133,59.12408002267737,-13.358554760498468,True,False,25.0,20.346184229268133,20.346184229268133,20.346184229268133,20.346184229268133,20.346184229268133,20.346184229268133,20.346184229268133,20.346184229268133,20.346184229268133,20.346184229268133,35.173092114634066,20.346184229268133
b2aeca92ab46c8387c7e,SHADOW_1H_FAST_LONG_BTC_1_3_CAP75_V1,HYPE,LONG,2026-07-26T17:38:37+00:00,5.585733128224619,44.27268560323404,-8.035657308613743,False,False,25.0,5.585733128224619,5.585733128224619,5.585733128224619,5.585733128224619,5.585733128224619,5.585733128224619,5.585733128224619,5.585733128224619,5.585733128224619,5.585733128224619,5.585733128224619,5.585733128224619
73f41724d7a86bfe55c5,SHADOW_1H_FAST_NO_PEPE_V1,HYPE,LONG,2026-07-26T17:38:37+00:00,0.047700662913239,0.37807686184515354,-0.06862235838437208,False,False,0.047700662913239,0.047700662913239,0.047700662913239,0.047700662913239,0.047700662913239,0.047700662913239,0.047700662913239,0.047700662913239,0.047700662913239,0.047700662913239,0.047700662913239,0.047700662913239,0.047700662913239
c1bc10ea682099c87c5b,SHADOW_1H_FAST_V2,HYPE,LONG,2026-07-26T17:38:37+00:00,5.603079848800865,44.41017622240428,-8.060612368008659,False,False,25.0,5.603079848800865,5.603079848800865,5.603079848800865,5.603079848800865,5.603079848800865,5.603079848800865,5.603079848800865,5.603079848800865,5.603079848800865,5.603079848800865,5.603079848800865,5.603079848800865
84bd8906665bdf30d6aa,SHADOW_SCANNER_BOTTOM5_SHORT_MFE_TRAIL_V1,ESPORTS,SHORT,2026-07-26T17:38:37+00:00,18.2084008148987,56.85670317762091,-4.5400140006851935,True,False,25.0,50.0,18.2084008148987,18.2084008148987,18.2084008148987,18.2084008148987,18.2084008148987,50.0,18.2084008148987,20.0,30.0,34.10420040744935,18.2084008148987
9176009f06cb1bd6b9a2,SHADOW_MASTER_ADAPTIVE_GB20_V1,BANK,LONG,2026-07-26T17:53:37+00:00,17.500306218162113,35.18972145283887,-17.519909212130585,False,False,17.500306218162113,17.500306218162113,17.500306218162113,17.500306218162113,17.500306218162113,17.500306218162113,17.500306218162113,17.500306218162113,17.500306218162113,17.500306218162113,17.500306218162113,17.500306218162113,17.500306218162113
1e7cdce90b95ab3263ea,EVO_CAND_SHADOW_1H_FAST_V3_NO_ESPORTS_MFE_LOCK_TP_R200_6b7c560f,BANK,LONG,2026-07-26T18:53:38+00:00,44.420272095344274,74.91226579031493,-28.08757920273685,True,False,25.0,50.0,44.420272095344274,44.420272095344274,44.420272095344274,44.420272095344274,44.420272095344274,50.0,44.420272095344274,44.420272095344274,44.420272095344274,47.21013604767214,48.30965681859964
04baceae02e276b2c2c6,SHADOW_1H_FAST_V3_NO_ESPORTS_MFE_LOCK_V1,BANK,LONG,2026-07-26T18:53:38+00:00,43.31029710818224,73.04035602172081,-27.385725997109184,True,False,25.0,50.0,43.31029710818224,43.31029710818224,43.31029710818224,43.31029710818224,43.31029710818224,50.0,43.31029710818224,43.31029710818224,43.31029710818224,46.65514855409112,47.102493778446906
64ba1ab563f8c91f7cac,SHADOW_SCANNER_TOP5_LONG,ONDO,LONG,2026-07-26T19:38:36+00:00,-2.670143358540692,20.873015913193232,-45.52469900302731,False,False,-2.670143358540692,-2.670143358540692,-2.670143358540692,-2.670143358540692,-2.670143358540692,-2.670143358540692,-2.670143358540692,-2.670143358540692,-2.670143358540692,-2.670143358540692,-2.670143358540692,-2.670143358540692,-2.670143358540692
7031bee17346495d53b5,SHADOW_1H_BALANCED_V3,ONDO,LONG,2026-07-26T20:08:37+00:00,-2.707618099994967,20.20303217143877,-46.74715450916113,False,False,-2.707618099994967,-2.707618099994967,-2.707618099994967,-2.707618099994967,-2.707618099994967,-2.707618099994967,-2.707618099994967,-2.707618099994967,-2.707618099994967,-2.707618099994967,-2.707618099994967,-2.707618099994967,-2.707618099994967
8b24726d6d34e7c7451e,SHADOW_SCANNER_TOP5_BTC_MFE_V1,SUI,LONG,2026-07-26T20:23:37+00:00,-5.449451675496808,-1.816847261284438,-9.784205411320224,False,False,-5.449451675496808,-5.449451675496808,-5.449451675496808,-5.449451675496808,-5.449451675496808,-5.449451675496808,-5.449451675496808,-5.449451675496808,-5.449451675496808,-5.449451675496808,-5.449451675496808,-5.449451675496808,-5.449451675496808
8a16b1c23962e207e707,SHADOW_1H_FAST_V3_LONG_NOHIGH_CAP75_LOCK_V1,ETH,LONG,2026-07-26T22:23:37+00:00,68.14095558922928,69.04100866287993,-13.069430076047833,True,False,25.0,50.0,75.0,68.14095558922928,68.14095558922928,68.14095558922928,68.14095558922928,50.0,68.14095558922928,68.14095558922928,68.14095558922928,59.07047779461464,68.14095558922928
82e783f502189b45a657,SHADOW_BTC_EMA_1H,BTC,SHORT,2026-07-26T22:23:37+00:00,-53.81337736478256,15.412571194250338,-53.11093007428875,False,False,-53.81337736478256,-53.81337736478256,-53.81337736478256,-53.81337736478256,-53.81337736478256,-53.81337736478256,-50.0,-50.0,-53.81337736478256,-53.81337736478256,-53.81337736478256,-53.81337736478256,-53.81337736478256
0c3bc1540152b3ca4fea,SHADOW_COMBO_MEAN_REVERSION,BTC,LONG,2026-07-26T22:23:37+00:00,69.56416028606311,70.37848218566147,-10.087935285173618,True,False,25.0,50.0,75.0,69.56416028606311,69.56416028606311,69.56416028606311,69.56416028606311,50.0,69.56416028606311,69.56416028606311,69.56416028606311,59.78208014303156,69.56416028606311
d049a11afbb351f00b09,SHADOW_1H_BALANCED,ONDO,LONG,2026-07-26T22:38:37+00:00,-3.0466437918934544,40.45694657489433,-12.713341312274785,False,False,25.0,-3.0466437918934544,-3.0466437918934544,-3.0466437918934544,-3.0466437918934544,-3.0466437918934544,-3.0466437918934544,-3.0466437918934544,-3.0466437918934544,-3.0466437918934544,-3.0466437918934544,-3.0466437918934544,-3.0466437918934544
d3d95fa5116eabbf30a9,EVO_CAND_SHADOW_1H_FAST_V3_LONG_NOHIGH_CAP75_L_TP_R200_903364ad,ETH,LONG,2026-07-26T22:53:38+00:00,94.95091021477468,95.87568980402813,-13.35492528956597,True,False,25.0,50.0,75.0,100.0,94.95091021477468,94.95091021477468,94.95091021477468,50.0,94.95091021477468,94.95091021477468,94.95091021477468,72.47545510738735,94.95091021477468
db97d5147234dfd5d717,SHADOW_1H_FAST_LONG_BTC_1_3_CAP75_V1,ETH,LONG,2026-07-26T22:53:38+00:00,69.05219141463564,69.96428072403295,-13.415832873738028,True,False,25.0,50.0,75.0,69.05219141463564,69.05219141463564,69.05219141463564,69.05219141463564,50.0,69.05219141463564,69.05219141463564,69.05219141463564,59.52609570731782,69.05219141463564
dc8ccdcfe1947f879750,SHADOW_1H_FAST_V3,ETH,LONG,2026-07-26T22:53:38+00:00,0.5933596129349221,0.6011971188633924,-0.11528111183845191,False,False,0.5933596129349221,0.5933596129349221,0.5933596129349221,0.5933596129349221,0.5933596129349221,0.5933596129349221,0.5933596129349221,0.5933596129349221,0.5933596129349221,0.5933596129349221,0.5933596129349221,0.5933596129349221,0.5933596129349221
64d68ab9787feb38947f,SHADOW_1H_FAST_V3_NOHIGH_V1,ETH,LONG,2026-07-26T22:53:38+00:00,0.5798967512427284,0.587556430342364,-0.1126654743218931,False,False,0.5798967512427284,0.5798967512427284,0.5798967512427284,0.5798967512427284,0.5798967512427284,0.5798967512427284,0.5798967512427284,0.5798967512427284,0.5798967512427284,0.5798967512427284,0.5798967512427284,0.5798967512427284,0.5798967512427284
71e4d57e88897b57eaec,SHADOW_1H_FAST_V3_NO_ESPORTS_V1,ETH,LONG,2026-07-26T22:53:38+00:00,0.5814683830754321,0.5891488213800047,-0.11297081944671317,False,False,0.5814683830754321,0.5814683830754321,0.5814683830754321,0.5814683830754321,0.5814683830754321,0.5814683830754321,0.5814683830754321,0.5814683830754321,0.5814683830754321,0.5814683830754321,0.5814683830754321,0.5814683830754321,0.5814683830754321
92becce59fe061607163,SHADOW_BOLLINGER_MR_1H,BTC,LONG,2026-07-26T22:53:38+00:00,65.3943910331665,66.21593438645102,-32.18112444228451,True,False,25.0,50.0,75.0,65.3943910331665,65.3943910331665,65.3943910331665,65.3943910331665,50.0,65.3943910331665,65.3943910331665,65.3943910331665,57.69719551658325,65.3943910331665
2f7e23e3097f38bd8986,SHADOW_BTC_BOLLINGER_1H,BTC,LONG,2026-07-26T22:53:38+00:00,68.16091045693287,69.01720932377779,-33.5425516907326,True,False,25.0,50.0,75.0,68.16091045693287,68.16091045693287,68.16091045693287,68.16091045693287,50.0,68.16091045693287,68.16091045693287,68.16091045693287,59.080455228466434,68.16091045693287
88ba418c7cd5ccc8ac1f,EVO_CAND_SHADOW_1H_FAST_V3_CAP75_V1_TP_R200_86882aa9,ETH,LONG,2026-07-26T23:23:38+00:00,0.9602196135248655,0.9695717250294302,-0.13680584315018288,False,False,0.9602196135248655,0.9602196135248655,0.9602196135248655,0.9602196135248655,0.9602196135248655,0.9602196135248655,0.9602196135248655,0.9602196135248655,0.9602196135248655,0.9602196135248655,0.9602196135248655,0.9602196135248655,0.9602196135248655
38a56479fe431a4425c0,EVO_CAND_SHADOW_1H_FAST_V3_LONG_NOHIGH_CAP75_L_TP_R200_903364ad,EUL,LONG,2026-07-27T00:38:37+00:00,-48.798549515241426,48.81747165728015,-51.18915435994547,False,False,25.0,-48.798549515241426,-48.798549515241426,-48.798549515241426,-48.798549515241426,-48.798549515241426,-48.798549515241426,-48.798549515241426,-48.798549515241426,-48.798549515241426,-48.798549515241426,-48.798549515241426,-48.798549515241426
8fa6ff2db3d209d0492b,EVO_CAND_SHADOW_1H_FAST_V3_LONG_NOHIGH_CAP75_L_TP_R200_903364ad,BANK,LONG,2026-07-27T00:38:37+00:00,11.442907368560459,65.57425381717766,-12.179694923223517,True,False,25.0,50.0,11.442907368560459,11.442907368560459,11.442907368560459,11.442907368560459,11.442907368560459,50.0,11.442907368560459,20.0,30.0,30.721453684280227,40.17575122073118
d3438b891ff62e2d7e3e,EVO_CAND_SHADOW_1H_FAST_V3_LONG_NOHIGH_CAP75_V_TP_R200_051501d0,BANK,LONG,2026-07-27T00:38:37+00:00,9.63472072211897,65.66468577869485,-12.196491663384052,True,False,25.0,50.0,9.63472072211897,9.63472072211897,9.63472072211897,9.63472072211897,9.63472072211897,50.0,9.63472072211897,20.0,30.0,29.817360361059485,40.23115668517529
079d6e44797f861c32f2,EVO_CAND_SHADOW_1H_FAST_V3_LONG_ONLY_V1_TP_R200_751e55c4,EUL,LONG,2026-07-27T00:38:37+00:00,-45.85567856333329,45.87345957673793,-48.10211433693057,False,False,25.0,-45.85567856333329,-45.85567856333329,-45.85567856333329,-45.85567856333329,-45.85567856333329,-45.85567856333329,-45.85567856333329,-45.85567856333329,-45.85567856333329,-45.85567856333329,-45.85567856333329,-45.85567856333329
c6022c9d73f8b8e3715b,EVO_CAND_SHADOW_1H_FAST_V3_LONG_ONLY_V1_TP_R200_751e55c4,BANK,LONG,2026-07-27T00:38:37+00:00,18.114611124026847,73.77935485892911,-28.857964248163146,True,False,25.0,50.0,18.114611124026847,18.114611124026847,18.114611124026847,18.114611124026847,18.114611124026847,50.0,18.114611124026847,20.0,30.0,34.057305562013426,47.323800729453154
f9160ff4ffc0916c3073,EVO_CAND_SHADOW_1H_FAST_V3_NOHIGH_RANGE_ONLY_V_TP_R200_52488eb5,BANK,LONG,2026-07-27T00:38:37+00:00,-51.75238138296159,13.899053569538989,-51.61932650151072,False,False,-51.75238138296159,-51.75238138296159,-51.75238138296159,-51.75238138296159,-51.75238138296159,-51.75238138296159,-50.0,-50.0,-51.75238138296159,-51.75238138296159,-51.75238138296159,-51.75238138296159,-51.75238138296159
c74dc5d00ac8481fd454,EVO_CAND_SHADOW_1H_FAST_V3_NOHIGH_REGIME_GUARD_TP_R200_934590ed,BANK,LONG,2026-07-27T00:38:37+00:00,24.35440875642498,79.58733364374316,-6.162022955618136,True,False,25.0,50.0,24.35440875642498,24.35440875642498,24.35440875642498,24.35440875642498,24.35440875642498,50.0,24.35440875642498,24.35440875642498,30.0,37.177204378212494,36.741237335441134
532c27d2076946e4fa14,EVO_CAND_SHADOW_1H_FAST_V3_NOHIGH_V1_TP_R200_8346046b,EUL,LONG,2026-07-27T00:38:37+00:00,-46.04326407828712,46.061117829914394,-48.2988895275059,False,False,25.0,-46.04326407828712,-46.04326407828712,-46.04326407828712,-46.04326407828712,-46.04326407828712,-46.04326407828712,-46.04326407828712,-46.04326407828712,-46.04326407828712,-46.04326407828712,-46.04326407828712,-46.04326407828712
c1ee491e33f5b57f2704,EVO_CAND_SHADOW_1H_FAST_V3_NOHIGH_V1_TP_R200_8346046b,BANK,LONG,2026-07-27T00:38:37+00:00,17.928840875073206,73.02272756917168,-28.56201799980202,True,False,25.0,50.0,17.928840875073206,17.928840875073206,17.928840875073206,17.928840875073206,17.928840875073206,50.0,17.928840875073206,20.0,30.0,33.9644204375366,46.83848232086296
50821a9f09ed7c26edda,EVO_CAND_SHADOW_1H_FAST_V3_NO_ESPORTS_LONG_ONL_TP_R200_7bbb9481,BANK,LONG,2026-07-27T00:38:37+00:00,18.50458107602279,75.36767112338734,-29.479216278113157,True,False,25.0,50.0,18.50458107602279,18.50458107602279,18.50458107602279,18.50458107602279,18.50458107602279,50.0,18.50458107602279,20.0,30.0,34.252290538011394,48.342583863817666
6681d6f1e3b0041e71c0,EVO_CAND_SHADOW_1H_FAST_V3_NO_ESPORTS_MFE_LOCK_TP_R200_6b7c560f,BANK,LONG,2026-07-27T00:38:37+00:00,-51.872071826432396,10.825826429931608,-51.738452247246876,False,False,-51.872071826432396,-51.872071826432396,-51.872071826432396,-51.872071826432396,-51.872071826432396,-51.872071826432396,-50.0,-50.0,-51.872071826432396,-51.872071826432396,-51.872071826432396,-51.872071826432396,-51.872071826432396
1385fa4a753710279acf,EVO_CAND_SHADOW_1H_FAST_V3_NO_ESPORTS_V1_TP_R200_68f866e1,BANK,LONG,2026-07-27T00:38:37+00:00,17.782622355250243,72.42719129256581,-28.329080688115887,True,False,25.0,50.0,17.782622355250243,17.782622355250243,17.782622355250243,17.782622355250243,17.782622355250243,50.0,17.782622355250243,20.0,30.0,33.89131117762512,46.45649144909207
5ff3416c405f9f033f28,EVO_CAND_SHADOW_1H_FAST_V3_TP_R200_3ee5afb4,BANK,LONG,2026-07-27T00:38:37+00:00,17.928840875073206,73.02272756917168,-28.56201799980202,True,False,25.0,50.0,17.928840875073206,17.928840875073206,17.928840875073206,17.928840875073206,17.928840875073206,50.0,17.928840875073206,20.0,30.0,33.9644204375366,46.83848232086296
9253179e7a6f8e224566,EVO_CAND_SHADOW_1H_FAST_V3_TP_R200_3ee5afb4,EUL,LONG,2026-07-27T00:38:37+00:00,-46.04326407828712,46.061117829914394,-48.2988895275059,False,False,25.0,-46.04326407828712,-46.04326407828712,-46.04326407828712,-46.04326407828712,-46.04326407828712,-46.04326407828712,-46.04326407828712,-46.04326407828712,-46.04326407828712,-46.04326407828712,-46.04326407828712,-46.04326407828712
fbd9b09c32ef5028065f,SHADOW_1H_BALANCED_V2,BANK,LONG,2026-07-27T00:38:37+00:00,4.049766544240533,51.44145038949393,-36.35748533598605,True,False,25.0,4.049766544240533,4.049766544240533,4.049766544240533,4.049766544240533,4.049766544240533,4.049766544240533,4.049766544240533,4.049766544240533,4.049766544240533,4.049766544240533,27.024883272120267,4.049766544240533
75a0d67ea22efc0d1c90,SHADOW_1H_FAST_NOHIGH_CAP75_V1,EUL,LONG,2026-07-27T00:38:37+00:00,-51.20291888998002,48.21534121156971,-51.20291888998002,False,False,25.0,-51.20291888998002,-51.20291888998002,-51.20291888998002,-51.20291888998002,-51.20291888998002,-50.0,-50.0,-51.20291888998002,-51.20291888998002,-51.20291888998002,-51.20291888998002,-51.20291888998002
d0b7513002c9d6fc644c,SHADOW_1H_FAST_V2,BANK,LONG,2026-07-27T00:38:37+00:00,-51.421551501075584,13.81020312192941,-51.28934718011176,False,False,-51.421551501075584,-51.421551501075584,-51.421551501075584,-51.421551501075584,-51.421551501075584,-51.421551501075584,-50.0,-50.0,-51.421551501075584,-51.421551501075584,-51.421551501075584,-51.421551501075584,-51.421551501075584
f6aac111dbf50c62f178,SHADOW_1H_FAST_V3_LONG_NOHIGH_CAP75_LOCK_V1,BANK,LONG,2026-07-27T00:38:37+00:00,11.050685013345944,63.32660053770845,-11.76221809895889,True,False,25.0,50.0,11.050685013345944,11.050685013345944,11.050685013345944,11.050685013345944,11.050685013345944,50.0,11.050685013345944,20.0,30.0,30.52534250667297,38.79866869626696
b32bd5238d7d8ba72c51,SHADOW_1H_FAST_V3_LONG_ONLY_V1,BANK,LONG,2026-07-27T00:38:37+00:00,17.736441509219468,72.23910041920057,-28.255511060008427,True,False,25.0,50.0,17.736441509219468,17.736441509219468,17.736441509219468,17.736441509219468,17.736441509219468,50.0,17.736441509219468,20.0,30.0,33.86822075460974,46.335845571567326
a32b68a86c527be127de,SHADOW_1H_FAST_V3_NOHIGH_RANGE_ONLY_V1,BANK,LONG,2026-07-27T00:38:37+00:00,-52.34145244379268,14.057259433925589,-52.20688306623419,False,False,-52.34145244379268,-52.34145244379268,-52.34145244379268,-52.34145244379268,-52.34145244379268,-52.34145244379268,-50.0,-50.0,-52.34145244379268,-52.34145244379268,-52.34145244379268,-52.34145244379268,-52.34145244379268
06fc8235fa0336122b36,SHADOW_1H_FAST_V3_NOHIGH_REGIME_GUARD_V1,EUL,LONG,2026-07-27T00:38:37+00:00,-49.15214072933957,49.17119998002688,-51.560067746072605,False,False,25.0,-49.15214072933957,-49.15214072933957,-49.15214072933957,-49.15214072933957,-49.15214072933957,-49.15214072933957,-49.15214072933957,-49.15214072933957,-49.15214072933957,-49.15214072933957,-49.15214072933957,-49.15214072933957
5ffbf3e00ff24291c07a,SHADOW_1H_FAST_V3_NOHIGH_REGIME_GUARD_V1,BANK,LONG,2026-07-27T00:38:37+00:00,18.49210791561202,75.31686894376242,-29.459345577343978,True,False,25.0,50.0,18.49210791561202,18.49210791561202,18.49210791561202,18.49210791561202,18.49210791561202,50.0,18.49210791561202,20.0,30.0,34.24605395780601,48.30999815973027
d375feb1601a94f9bbf8,SHADOW_1H_FAST_V3_NO_ESPORTS_LONG_ONLY_V1,BANK,LONG,2026-07-27T00:38:37+00:00,18.171743771097123,74.01205153750348,-28.94898093492878,True,False,25.0,50.0,18.171743771097123,18.171743771097123,18.171743771097123,18.171743771097123,18.171743771097123,50.0,18.171743771097123,20.0,30.0,34.08587188554856,47.47305781184857
f18f15662ccdd9171e10,SHADOW_1H_FAST_V3_NO_ESPORTS_LONG_ONLY_V1,EUL,LONG,2026-07-27T00:38:37+00:00,-48.27373166136544,48.29245029985593,-50.6386260676133,False,False,25.0,-48.27373166136544,-48.27373166136544,-48.27373166136544,-48.27373166136544,-48.27373166136544,-48.27373166136544,-48.27373166136544,-48.27373166136544,-48.27373166136544,-48.27373166136544,-48.27373166136544,-48.27373166136544
be686ece71781c5a8461,SHADOW_1H_FAST_V3_NO_ESPORTS_MFE_LOCK_V1,BANK,LONG,2026-07-27T00:38:37+00:00,-50.22204295381569,10.481461426754274,-50.09267375746316,False,False,-50.22204295381569,-50.22204295381569,-50.22204295381569,-50.22204295381569,-50.22204295381569,-50.22204295381569,-50.0,-50.0,-50.22204295381569,-50.22204295381569,-50.22204295381569,-50.22204295381569,-50.22204295381569
4d06c6a75cba30c4fc20,SHADOW_SCANNER_TOP5_BTC_GUARD_BTC_LE3_MFE_V1,BANK,LONG,2026-07-27T00:38:37+00:00,11.249148491671887,55.99861044026002,-21.109019547249908,True,False,25.0,50.0,11.249148491671887,11.249148491671887,11.249148491671887,11.249148491671887,11.249148491671887,50.0,11.249148491671887,20.0,30.0,30.624574245835944,36.11255946068535
5522dd5a136ddf451890,SHADOW_SCANNER_TOP5_BTC_GUARD_MFE_V1,BANK,LONG,2026-07-27T00:38:37+00:00,11.120647409330125,55.358928062830714,-20.86788735302177,True,False,25.0,50.0,11.120647409330125,11.120647409330125,11.120647409330125,11.120647409330125,11.120647409330125,50.0,11.120647409330125,20.0,30.0,30.560323704665063,35.70003908367506
cd85e571a23d047d6c3f,EVO_CAND_SHADOW_1H_FAST_V3_LONG_NOHIGH_CAP75_V_TP_R200_051501d0,EUL,LONG,2026-07-27T00:53:37+00:00,-50.407685293928616,25.41804363544293,-50.33280806366504,False,False,-50.407685293928616,-50.407685293928616,-50.407685293928616,-50.407685293928616,-50.407685293928616,-50.407685293928616,-50.0,-50.0,-50.407685293928616,-50.407685293928616,-50.407685293928616,-50.407685293928616,-50.407685293928616
7ef213127384340ab5c1,EVO_CAND_SHADOW_1H_FAST_V3_NO_ESPORTS_LONG_ONL_TP_R200_7bbb9481,EUL,LONG,2026-07-27T00:53:37+00:00,-51.05465018602257,25.744275275756404,-50.97881193287299,False,False,-51.05465018602257,-51.05465018602257,-51.05465018602257,-51.05465018602257,-51.05465018602257,-51.05465018602257,-50.0,-50.0,-51.05465018602257,-51.05465018602257,-51.05465018602257,-51.05465018602257,-51.05465018602257
b3d976599e2e00c105ed,EVO_CAND_SHADOW_1H_FAST_V3_NO_ESPORTS_MFE_LOCK_TP_R200_6b7c560f,EUL,LONG,2026-07-27T00:53:37+00:00,-4.7202607206701215,2.3801885023891685,-4.713249090462848,False,False,-4.7202607206701215,-4.7202607206701215,-4.7202607206701215,-4.7202607206701215,-4.7202607206701215,-4.7202607206701215,-4.7202607206701215,-4.7202607206701215,-4.7202607206701215,-4.7202607206701215,-4.7202607206701215,-4.7202607206701215,-4.7202607206701215
ce97d4fc24721538d38b,EVO_CAND_SHADOW_1H_FAST_V3_NO_ESPORTS_V1_TP_R200_68f866e1,EUL,LONG,2026-07-27T00:53:37+00:00,-4.641477905003407,2.3404623170929595,-4.634583301376407,False,False,-4.641477905003407,-4.641477905003407,-4.641477905003407,-4.641477905003407,-4.641477905003407,-4.641477905003407,-4.641477905003407,-4.641477905003407,-4.641477905003407,-4.641477905003407,-4.641477905003407,-4.641477905003407,-4.641477905003407
7b3dab78c11f8a6bb21c,SHADOW_1H_FAST_LONG_BTC_1_3_CAP75_V1,EUL,LONG,2026-07-27T00:53:37+00:00,-49.61784083629794,25.01976506398693,-49.54413686691673,False,False,-49.61784083629794,-49.61784083629794,-49.61784083629794,-49.61784083629794,-49.61784083629794,-49.61784083629794,-49.61784083629794,-49.61784083629794,-49.61784083629794,-49.61784083629794,-49.61784083629794,-49.61784083629794,-49.61784083629794
3cf2d230e3ded23bc73f,SHADOW_SCANNER_TOP5_BTC_MFE_V1,EUL,LONG,2026-07-27T00:53:37+00:00,-49.565128273236,3.4766704816177527,-49.49325730370392,False,False,-49.565128273236,-49.565128273236,-49.565128273236,-49.565128273236,-49.565128273236,-49.565128273236,-49.565128273236,-49.565128273236,-49.565128273236,-49.565128273236,-49.565128273236,-49.565128273236,-49.565128273236
a0ffad364b8aab54cd19,SHADOW_1H_FAST_NOHIGH_CAP75_V1,ESPORTS,SHORT,2026-07-27T01:08:37+00:00,-0.976911522499759,3.2773392111970168,-2.5870955086220837,False,False,-0.976911522499759,-0.976911522499759,-0.976911522499759,-0.976911522499759,-0.976911522499759,-0.976911522499759,-0.976911522499759,-0.976911522499759,-0.976911522499759,-0.976911522499759,-0.976911522499759,-0.976911522499759,-0.976911522499759
83aa359b9179771896f9,SHADOW_MASTER_ADAPTIVE_GB20_V1,BANK,LONG,2026-07-27T01:08:37+00:00,-49.434807175014264,10.370928576605591,-49.3376911165113,False,False,-49.434807175014264,-49.434807175014264,-49.434807175014264,-49.434807175014264,-49.434807175014264,-49.434807175014264,-49.434807175014264,-49.434807175014264,-49.434807175014264,-49.434807175014264,-49.434807175014264,-49.434807175014264,-49.434807175014264
5203056b4534664d3bde,SHADOW_MASTER_ADAPTIVE_NO_ALT_V1,BANK,LONG,2026-07-27T01:08:37+00:00,-47.09286582686255,9.879612683204943,-47.000350577505515,False,False,-47.09286582686255,-47.09286582686255,-47.09286582686255,-47.09286582686255,-47.09286582686255,-47.09286582686255,-47.09286582686255,-47.09286582686255,-47.09286582686255,-47.09286582686255,-47.09286582686255,-47.09286582686255,-47.09286582686255
877ccb6e7cdabf753e6a,SHADOW_MASTER_ADAPTIVE_STRICT3_V1,BANK,LONG,2026-07-27T01:08:37+00:00,-45.95892652277092,9.64172354789779,-45.868638928826904,False,False,-45.95892652277092,-45.95892652277092,-45.95892652277092,-45.95892652277092,-45.95892652277092,-45.95892652277092,-45.95892652277092,-45.95892652277092,-45.95892652277092,-45.95892652277092,-45.95892652277092,-45.95892652277092,-45.95892652277092
33af2e6b3024cf0e0207,EVO_CAND_SHADOW_1H_FAST_V3_LONG_NOHIGH_CAP75_L_TP_R200_903364ad,ETH,LONG,2026-07-27T01:53:36+00:00,-57.89312318757132,13.580084327259934,-56.98436723853966,False,False,-57.89312318757132,-57.89312318757132,-57.89312318757132,-57.89312318757132,-57.89312318757132,-57.89312318757132,-50.0,-50.0,-57.89312318757132,-57.89312318757132,-57.89312318757132,-57.89312318757132,-57.89312318757132
835e64971868d88cb01e,EVO_CAND_SHADOW_1H_FAST_V3_LONG_NOHIGH_CAP75_V_TP_R200_051501d0,ETH,LONG,2026-07-27T01:53:36+00:00,-1.1117831706082475,0.26079279159929186,-1.0943313643367139,False,False,-1.1117831706082475,-1.1117831706082475,-1.1117831706082475,-1.1117831706082475,-1.1117831706082475,-1.1117831706082475,-1.1117831706082475,-1.1117831706082475,-1.1117831706082475,-1.1117831706082475,-1.1117831706082475,-1.1117831706082475,-1.1117831706082475
0da8c49e7bea5634fbb8,EVO_CAND_SHADOW_1H_FAST_V3_LONG_ONLY_V1_TP_R200_751e55c4,ETH,LONG,2026-07-27T01:53:36+00:00,-2.293442918475247,0.5379766458918099,-2.2574424441326166,False,False,-2.293442918475247,-2.293442918475247,-2.293442918475247,-2.293442918475247,-2.293442918475247,-2.293442918475247,-2.293442918475247,-2.293442918475247,-2.293442918475247,-2.293442918475247,-2.293442918475247,-2.293442918475247,-2.293442918475247
f316fd615ec68e2b05bf,EVO_CAND_SHADOW_1H_FAST_V3_NO_ESPORTS_LONG_ONL_TP_R200_7bbb9481,ETH,LONG,2026-07-27T01:53:36+00:00,-2.286020047734843,0.5362354509958559,-2.250136091167948,False,False,-2.286020047734843,-2.286020047734843,-2.286020047734843,-2.286020047734843,-2.286020047734843,-2.286020047734843,-2.286020047734843,-2.286020047734843,-2.286020047734843,-2.286020047734843,-2.286020047734843,-2.286020047734843,-2.286020047734843
70256cf42be8d0aea382,EVO_CAND_SHADOW_1H_FAST_V3_NO_ESPORTS_MFE_LOCK_TP_R200_6b7c560f,SHIB,LONG,2026-07-27T01:53:36+00:00,-1.6593742457944518,41.104474437025914,-11.212942054342149,False,False,25.0,-1.6593742457944518,-1.6593742457944518,-1.6593742457944518,-1.6593742457944518,-1.6593742457944518,-1.6593742457944518,-1.6593742457944518,-1.6593742457944518,-1.6593742457944518,-1.6593742457944518,-1.6593742457944518,-1.6593742457944518
5626d4c30f4fad0c4210,EVO_CAND_SHADOW_1H_FAST_V3_NO_ESPORTS_STRESS_G_TP_R200_89ab3f19,ETH,LONG,2026-07-27T01:53:36+00:00,-57.30842895998631,13.442931648684613,-56.4088510329446,False,False,-57.30842895998631,-57.30842895998631,-57.30842895998631,-57.30842895998631,-57.30842895998631,-57.30842895998631,-50.0,-50.0,-57.30842895998631,-57.30842895998631,-57.30842895998631,-57.30842895998631,-57.30842895998631
9e68f74b8c0173da5bea,SHADOW_1H_BALANCED_V2,HYPE,LONG,2026-07-27T01:53:36+00:00,0.20949381989120552,1.1149159455646818,-0.28611188984834524,False,False,0.20949381989120552,0.20949381989120552,0.20949381989120552,0.20949381989120552,0.20949381989120552,0.20949381989120552,0.20949381989120552,0.20949381989120552,0.20949381989120552,0.20949381989120552,0.20949381989120552,0.20949381989120552,0.20949381989120552
ad6f514998cdf7288e8f,SHADOW_1H_FAST_LONG_BTC_1_3_CAP75_V1,ETH,LONG,2026-07-27T01:53:36+00:00,-57.336340494605835,13.449478902882806,-56.4363244365438,False,False,-57.336340494605835,-57.336340494605835,-57.336340494605835,-57.336340494605835,-57.336340494605835,-57.336340494605835,-50.0,-50.0,-57.336340494605835,-57.336340494605835,-57.336340494605835,-57.336340494605835,-57.336340494605835
410d6f3ce55255dd3ed3,SHADOW_1H_FAST_NO_PEPE_V1,ETH,LONG,2026-07-27T01:53:36+00:00,-0.45742619455161493,0.10729920849808507,-0.4502459155710721,False,False,-0.45742619455161493,-0.45742619455161493,-0.45742619455161493,-0.45742619455161493,-0.45742619455161493,-0.45742619455161493,-0.45742619455161493,-0.45742619455161493,-0.45742619455161493,-0.45742619455161493,-0.45742619455161493,-0.45742619455161493,-0.45742619455161493
797f23383bd58ec7c4ed,SHADOW_1H_FAST_V3,ETH,LONG,2026-07-27T01:53:36+00:00,-0.47236693091131576,0.11080388139366752,-0.4649521252322254,False,False,-0.47236693091131576,-0.47236693091131576,-0.47236693091131576,-0.47236693091131576,-0.47236693091131576,-0.47236693091131576,-0.47236693091131576,-0.47236693091131576,-0.47236693091131576,-0.47236693091131576,-0.47236693091131576,-0.47236693091131576,-0.47236693091131576
ae9e435379710479072f,SHADOW_1H_FAST_V3_LONG_NOHIGH_CAP75_LOCK_V1,ETH,LONG,2026-07-27T01:53:36+00:00,-56.27402228163187,13.200289187070968,-55.39068157191262,False,False,-56.27402228163187,-56.27402228163187,-56.27402228163187,-56.27402228163187,-56.27402228163187,-56.27402228163187,-50.0,-50.0,-56.27402228163187,-56.27402228163187,-56.27402228163187,-56.27402228163187,-56.27402228163187
63997f4a63922fa7b25a,SHADOW_1H_FAST_V3_LONG_NOHIGH_CAP75_V1,ETH,LONG,2026-07-27T01:53:36+00:00,-1.8043761901033637,0.42325546577117795,-1.7760526603512234,False,False,-1.8043761901033637,-1.8043761901033637,-1.8043761901033637,-1.8043761901033637,-1.8043761901033637,-1.8043761901033637,-1.8043761901033637,-1.8043761901033637,-1.8043761901033637,-1.8043761901033637,-1.8043761901033637,-1.8043761901033637,-1.8043761901033637
d74b84f3bfb171ba9a2a,SHADOW_1H_FAST_V3_NOHIGH_V1,ETH,LONG,2026-07-27T01:53:36+00:00,-0.46163802065807874,0.10828718341718246,-0.45439162809064004,False,False,-0.46163802065807874,-0.46163802065807874,-0.46163802065807874,-0.46163802065807874,-0.46163802065807874,-0.46163802065807874,-0.46163802065807874,-0.46163802065807874,-0.46163802065807874,-0.46163802065807874,-0.46163802065807874,-0.46163802065807874,-0.46163802065807874
15a02b439966087d8d48,SHADOW_1H_FAST_V3_NO_ESPORTS_MFE_LOCK_V1,SHIB,LONG,2026-07-27T01:53:36+00:00,-0.09526966301200307,2.359931424647429,-0.643768705943035,False,False,-0.09526966301200307,-0.09526966301200307,-0.09526966301200307,-0.09526966301200307,-0.09526966301200307,-0.09526966301200307,-0.09526966301200307,-0.09526966301200307,-0.09526966301200307,-0.09526966301200307,-0.09526966301200307,-0.09526966301200307,-0.09526966301200307
61904d243137d03d5dbd,SHADOW_1H_FAST_V3_NO_ESPORTS_STRESS_GUARD_V1,ETH,LONG,2026-07-27T01:53:36+00:00,-57.15094027195484,13.40598927027591,-56.25383446550835,False,False,-57.15094027195484,-57.15094027195484,-57.15094027195484,-57.15094027195484,-57.15094027195484,-57.15094027195484,-50.0,-50.0,-57.15094027195484,-57.15094027195484,-57.15094027195484,-57.15094027195484,-57.15094027195484
ba70e9a248dfce305fc8,SHADOW_1H_FAST_V3_NO_ESPORTS_V1,ETH,LONG,2026-07-27T01:53:36+00:00,-0.462889148318359,0.10858066247298885,-0.45562311663591526,False,False,-0.462889148318359,-0.462889148318359,-0.462889148318359,-0.462889148318359,-0.462889148318359,-0.462889148318359,-0.462889148318359,-0.462889148318359,-0.462889148318359,-0.462889148318359,-0.462889148318359,-0.462889148318359,-0.462889148318359
3bc5b7d8767e9e12d6fa,SHADOW_MASTER_ADAPTIVE_GB20_LOSS_CAP_V1,SHIB,LONG,2026-07-27T01:53:36+00:00,-48.35714767537155,8.246486732384026,-48.1112694941828,False,False,-48.35714767537155,-48.35714767537155,-48.35714767537155,-48.35714767537155,-48.35714767537155,-48.35714767537155,-48.35714767537155,-48.35714767537155,-48.35714767537155,-48.35714767537155,-48.35714767537155,-48.35714767537155,-48.35714767537155
5e9694dcaff04b70e1cf,EVO_CAND_SHADOW_1H_FAST_V3_CAP75_V1_TP_R200_86882aa9,ESPORTS,SHORT,2026-07-27T02:08:38+00:00,-0.7444440858302905,66.41566696113252,-42.53643892694797,True,True,25.0,-0.7444440858302905,-0.7444440858302905,-0.7444440858302905,-0.7444440858302905,-0.7444440858302905,-0.7444440858302905,-0.7444440858302905,-0.7444440858302905,-0.7444440858302905,-0.7444440858302905,24.627777957084856,-0.7444440858302905
26dbbd7d7293ab6479ed,EVO_CAND_SHADOW_1H_FAST_V3_NO_ESPORTS_STRESS_G_TP_R200_89ab3f19,SHIB,LONG,2026-07-27T02:08:38+00:00,-52.70523933548106,20.075158866064733,-52.45740303267799,False,False,-52.70523933548106,-52.70523933548106,-52.70523933548106,-52.70523933548106,-52.70523933548106,-52.70523933548106,-50.0,-50.0,-52.70523933548106,-52.70523933548106,-52.70523933548106,-52.70523933548106,-52.70523933548106
9e52a6691665b6e5cfbe::SHADOW_1H_FAST_NOHIGH_CAP75_SHORT_ONLY_V1,SHADOW_1H_FAST_NOHIGH_CAP75_SHORT_ONLY_V1,ESPORTS,SHORT,2026-07-27T02:08:38+00:00,-0.7298722114904792,65.1156354724372,-41.70382348314976,True,True,25.0,-0.7298722114904792,-0.7298722114904792,-0.7298722114904792,-0.7298722114904792,-0.7298722114904792,-0.7298722114904792,-0.7298722114904792,-0.7298722114904792,-0.7298722114904792,-0.7298722114904792,24.63506389425476,-0.7298722114904792
8a9a3e51a91a90377df6,SHADOW_1H_FAST_SCORE_6_75_COST_AWARE_V1,ESPORTS,SHORT,2026-07-27T02:08:38+00:00,-0.7404909413401413,66.06298670897608,-42.31056207148596,True,True,25.0,-0.7404909413401413,-0.7404909413401413,-0.7404909413401413,-0.7404909413401413,-0.7404909413401413,-0.7404909413401413,-0.7404909413401413,-0.7404909413401413,-0.7404909413401413,-0.7404909413401413,24.62975452932993,-0.7404909413401413
62b4473322d90f749a3d,SHADOW_1H_FAST_SCORE_6_75_V1,ESPORTS,SHORT,2026-07-27T02:08:38+00:00,-0.7443666662425347,66.40875996347545,-42.53201528569807,True,True,25.0,-0.7443666662425347,-0.7443666662425347,-0.7443666662425347,-0.7443666662425347,-0.7443666662425347,-0.7443666662425347,-0.7443666662425347,-0.7443666662425347,-0.7443666662425347,-0.7443666662425347,24.627816666878733,-0.7443666662425347
121876790e0d40344739,SHADOW_1H_FAST_V3_NO_ESPORTS_STRESS_GUARD_V1,SHIB,LONG,2026-07-27T02:08:38+00:00,-52.56040062421355,20.019990534124457,-52.31324539773526,False,False,-52.56040062421355,-52.56040062421355,-52.56040062421355,-52.56040062421355,-52.56040062421355,-52.56040062421355,-50.0,-50.0,-52.56040062421355,-52.56040062421355,-52.56040062421355,-52.56040062421355,-52.56040062421355
6da25a4e1fb953903fc4,SHADOW_COMBO_ADAPTIVE_PARTIAL_1R_V1,ESPORTS,SHORT,2026-07-27T02:08:38+00:00,-0.3320622890419198,29.624976299948887,-18.97355025934635,False,False,-0.3320622890419198,-0.3320622890419198,-0.3320622890419198,-0.3320622890419198,-0.3320622890419198,-0.3320622890419198,-0.3320622890419198,-0.3320622890419198,-0.3320622890419198,-0.3320622890419198,-0.3320622890419198,-0.3320622890419198,-0.3320622890419198
0dfb6e787469fbb64a82,SHADOW_COMBO_ADAPTIVE_QUALITY7_REGIME_PARTIAL_1R_V1,SHIB,LONG,2026-07-27T02:08:38+00:00,-51.02161991830539,4.064238380067074,-50.820270100269795,False,False,-51.02161991830539,-51.02161991830539,-51.02161991830539,-51.02161991830539,-51.02161991830539,-51.02161991830539,-50.0,-50.0,-51.02161991830539,-51.02161991830539,-51.02161991830539,-51.02161991830539,-51.02161991830539
61abcb569ac15d1ab509,SHADOW_COMBO_ADAPTIVE_QUALITY7_REGIME_V1,SHIB,LONG,2026-07-27T02:08:38+00:00,-50.70929342186859,4.039359332009353,-50.50917615747057,False,False,-50.70929342186859,-50.70929342186859,-50.70929342186859,-50.70929342186859,-50.70929342186859,-50.70929342186859,-50.0,-50.0,-50.70929342186859,-50.70929342186859,-50.70929342186859,-50.70929342186859,-50.70929342186859
cd0313e1d54fcf00471d,SHADOW_COMBO_ADAPTIVE_REGIME_V1,SHIB,LONG,2026-07-27T02:08:38+00:00,-51.3245941903204,4.088372456297266,-51.122048725916905,False,False,-51.3245941903204,-51.3245941903204,-51.3245941903204,-51.3245941903204,-51.3245941903204,-51.3245941903204,-50.0,-50.0,-51.3245941903204,-51.3245941903204,-51.3245941903204,-51.3245941903204,-51.3245941903204
ad0bee506cd5c203c0cc,SHADOW_COMBO_TREND_SIDE_REGIME_GUARD_V1,ESPORTS,SHORT,2026-07-27T02:08:38+00:00,-0.7289602100276562,65.03427115431603,-41.65171306241696,True,True,25.0,-0.7289602100276562,-0.7289602100276562,-0.7289602100276562,-0.7289602100276562,-0.7289602100276562,-0.7289602100276562,-0.7289602100276562,-0.7289602100276562,-0.7289602100276562,-0.7289602100276562,24.63551989498617,-0.7289602100276562
a14c7d1c3fb66a2598f6,SHADOW_MASTER_ADAPTIVE_GB20_V1,SHIB,LONG,2026-07-27T02:08:38+00:00,-49.274990220154926,3.925107595633065,-49.080533194130304,False,False,-49.274990220154926,-49.274990220154926,-49.274990220154926,-49.274990220154926,-49.274990220154926,-49.274990220154926,-49.274990220154926,-49.274990220154926,-49.274990220154926,-49.274990220154926,-49.274990220154926,-49.274990220154926,-49.274990220154926
c9f8767b26fb17fc117e,SHADOW_MASTER_ADAPTIVE_NO_ALT_V1,SHIB,LONG,2026-07-27T02:08:38+00:00,-46.79588360975358,3.7276289123620074,-46.61121003972769,False,False,-46.79588360975358,-46.79588360975358,-46.79588360975358,-46.79588360975358,-46.79588360975358,-46.79588360975358,-46.79588360975358,-46.79588360975358,-46.79588360975358,-46.79588360975358,-46.79588360975358,-46.79588360975358,-46.79588360975358
5e7b4c039af0277137dd,SHADOW_MASTER_ADAPTIVE_STRICT3_V1,SHIB,LONG,2026-07-27T02:08:38+00:00,-45.669095278589246,3.637872112460812,-45.48886842497787,False,False,-45.669095278589246,-45.669095278589246,-45.669095278589246,-45.669095278589246,-45.669095278589246,-45.669095278589246,-45.669095278589246,-45.669095278589246,-45.669095278589246,-45.669095278589246,-45.669095278589246,-45.669095278589246,-45.669095278589246
86f5efaabc62428de369,SHADOW_SCANNER_TOP5_BTC_MFE_V1,SHIB,LONG,2026-07-27T02:08:38+00:00,-49.454656861458126,3.9394185212310955,-49.25949084799146,False,False,-49.454656861458126,-49.454656861458126,-49.454656861458126,-49.454656861458126,-49.454656861458126,-49.454656861458126,-49.454656861458126,-49.454656861458126,-49.454656861458126,-49.454656861458126,-49.454656861458126,-49.454656861458126,-49.454656861458126
9802c81053726c5be2d3,EVO_CAND_SHADOW_1H_FAST_V3_NOHIGH_RANGE_ONLY_V_TP_R200_52488eb5,EUL,LONG,2026-07-27T02:23:37+00:00,-49.62722734683233,32.21077945408865,-49.55282328247127,False,False,-49.62722734683233,-49.62722734683233,-49.62722734683233,-49.62722734683233,-49.62722734683233,-49.62722734683233,-49.62722734683233,-49.62722734683233,-49.62722734683233,-49.62722734683233,-49.62722734683233,-49.62722734683233,-49.62722734683233
2aac71720be2e4aba117,SHADOW_RSI_SHORT_15X_10_RSI85,SOL,SHORT,2026-07-27T02:23:37+00:00,-0.16377678434691886,1.0560508480927848,-0.5432015976677274,False,False,-0.16377678434691886,-0.16377678434691886,-0.16377678434691886,-0.16377678434691886,-0.16377678434691886,-0.16377678434691886,-0.16377678434691886,-0.16377678434691886,-0.16377678434691886,-0.16377678434691886,-0.16377678434691886,-0.16377678434691886,-0.16377678434691886
8e5c0b6702f28370c2b3,SHADOW_RSI_SHORT_15X_50_RSI85,SOL,SHORT,2026-07-27T02:23:37+00:00,-0.8188839217345942,5.2802542404639246,-2.716007988338637,False,False,-0.8188839217345942,-0.8188839217345942,-0.8188839217345942,-0.8188839217345942,-0.8188839217345942,-0.8188839217345942,-0.8188839217345942,-0.8188839217345942,-0.8188839217345942,-0.8188839217345942,-0.8188839217345942,-0.8188839217345942,-0.8188839217345942
9a294211e32e48a4f14e,SHADOW_RSI_SHORT_5X_RSI85,SOL,SHORT,2026-07-27T02:23:37+00:00,-2.33154628436077,11.871041941854166,-6.1061159701177825,False,False,-2.33154628436077,-2.33154628436077,-2.33154628436077,-2.33154628436077,-2.33154628436077,-2.33154628436077,-2.33154628436077,-2.33154628436077,-2.33154628436077,-2.33154628436077,-2.33154628436077,-2.33154628436077,-2.33154628436077
b8a3438495a36c95ad0f,SHADOW_1H_BALANCED,SHIB,LONG,2026-07-27T02:53:36+00:00,-51.714584056749096,6.288289782494534,-51.52420066780223,False,False,-51.714584056749096,-51.714584056749096,-51.714584056749096,-51.714584056749096,-51.714584056749096,-51.714584056749096,-50.0,-50.0,-51.714584056749096,-51.714584056749096,-51.714584056749096,-51.714584056749096,-51.714584056749096
97dfbee6bfd4cb5250fa,SHADOW_1H_FAST_LONG_BTC_1_3_CAP75_V1,PEPE,LONG,2026-07-27T02:53:36+00:00,7.722726859264402,58.89506191129206,-14.223151658105383,True,False,25.0,50.0,7.722726859264402,7.722726859264402,7.722726859264402,7.722726859264402,7.722726859264402,50.0,7.722726859264402,20.0,30.0,28.8613634296322,35.05337495299723
7fe64aeaac435d9d9f6d,SHADOW_COMBO_ADAPTIVE_SIDE_REGIME_GUARD_V1,PEPE,LONG,2026-07-27T02:53:36+00:00,0.14311817130407076,0.805417189760723,-0.12105806368109699,False,False,0.14311817130407076,0.14311817130407076,0.14311817130407076,0.14311817130407076,0.14311817130407076,0.14311817130407076,0.14311817130407076,0.14311817130407076,0.14311817130407076,0.14311817130407076,0.14311817130407076,0.14311817130407076,0.14311817130407076
02db8f7fd8092294ed0c,SHADOW_COMBO_SCANNER,SHIB,LONG,2026-07-27T02:53:36+00:00,-48.85655454615461,6.307015356707812,-48.67087881949136,False,False,-48.85655454615461,-48.85655454615461,-48.85655454615461,-48.85655454615461,-48.85655454615461,-48.85655454615461,-48.85655454615461,-48.85655454615461,-48.85655454615461,-48.85655454615461,-48.85655454615461,-48.85655454615461,-48.85655454615461
e8ffadecb166d55805ad,SHADOW_MASTER_ADAPTIVE_EXPANDED_V1,SHIB,LONG,2026-07-27T02:53:36+00:00,-46.8904055761713,6.0532014559442375,-46.71220201597364,False,False,-46.8904055761713,-46.8904055761713,-46.8904055761713,-46.8904055761713,-46.8904055761713,-46.8904055761713,-46.8904055761713,-46.8904055761713,-46.8904055761713,-46.8904055761713,-46.8904055761713,-46.8904055761713,-46.8904055761713
889638a1e22f3cac06a1,SHADOW_MASTER_ADAPTIVE_GB20_BE_V1,SHIB,LONG,2026-07-27T02:53:36+00:00,-47.722753511024884,6.160651363216276,-47.54138667331893,False,False,-47.722753511024884,-47.722753511024884,-47.722753511024884,-47.722753511024884,-47.722753511024884,-47.722753511024884,-47.722753511024884,-47.722753511024884,-47.722753511024884,-47.722753511024884,-47.722753511024884,-47.722753511024884,-47.722753511024884
6b5a756a3546de54dea6,SHADOW_MASTER_ADAPTIVE_RUNNER25_V1,SHIB,LONG,2026-07-27T02:53:36+00:00,-46.889289912572714,6.053057432098926,-46.711090592373054,False,False,-46.889289912572714,-46.889289912572714,-46.889289912572714,-46.889289912572714,-46.889289912572714,-46.889289912572714,-46.889289912572714,-46.889289912572714,-46.889289912572714,-46.889289912572714,-46.889289912572714,-46.889289912572714,-46.889289912572714
74388af7794bf393d568,SHADOW_MASTER_ADAPTIVE_V1,SHIB,LONG,2026-07-27T02:53:36+00:00,-46.66211875950544,6.023731331426549,-46.48478278667403,False,False,-46.66211875950544,-46.66211875950544,-46.66211875950544,-46.66211875950544,-46.66211875950544,-46.66211875950544,-46.66211875950544,-46.66211875950544,-46.66211875950544,-46.66211875950544,-46.66211875950544,-46.66211875950544,-46.66211875950544
7e9f4079d37c64051ff9,SHADOW_RELATIVE_STRENGTH,SHIB,LONG,2026-07-27T02:53:36+00:00,-43.34204985382313,5.595134093236494,-43.1773315949029,False,False,-43.34204985382313,-43.34204985382313,-43.34204985382313,-43.34204985382313,-43.34204985382313,-43.34204985382313,-43.34204985382313,-43.34204985382313,-43.34204985382313,-43.34204985382313,-43.34204985382313,-43.34204985382313,-43.34204985382313
6e72bfae5859d76b519a,SHADOW_SCANNER_TOP5_BTC,SHIB,LONG,2026-07-27T02:53:36+00:00,-50.138459333451976,6.472499665915166,-49.947911822335115,False,False,-50.138459333451976,-50.138459333451976,-50.138459333451976,-50.138459333451976,-50.138459333451976,-50.138459333451976,-50.0,-50.0,-50.138459333451976,-50.138459333451976,-50.138459333451976,-50.138459333451976,-50.138459333451976
8565b4c28854a66f156b,SHADOW_SCANNER_TOP5_BTC_BTC_LE3_V1,SHIB,LONG,2026-07-27T02:53:36+00:00,-48.156646254046294,6.216662437071531,-47.97363047714704,False,False,-48.156646254046294,-48.156646254046294,-48.156646254046294,-48.156646254046294,-48.156646254046294,-48.156646254046294,-48.156646254046294,-48.156646254046294,-48.156646254046294,-48.156646254046294,-48.156646254046294,-48.156646254046294,-48.156646254046294
c7eb115badac47e79e7c,SHADOW_SCANNER_TOP5_BTC_GUARD_BTC_LE3_V1,SHIB,LONG,2026-07-27T02:53:36+00:00,-47.637543394824455,6.14965014495973,-47.45650042999708,False,False,-47.637543394824455,-47.637543394824455,-47.637543394824455,-47.637543394824455,-47.637543394824455,-47.637543394824455,-47.637543394824455,-47.637543394824455,-47.637543394824455,-47.637543394824455,-47.637543394824455,-47.637543394824455,-47.637543394824455
8279f7b97657435e0f1d,SHADOW_SCANNER_TOP5_BTC_GUARD_V1,SHIB,LONG,2026-07-27T02:53:36+00:00,-49.76659369383075,6.42449459634958,-49.577459430608656,False,False,-49.76659369383075,-49.76659369383075,-49.76659369383075,-49.76659369383075,-49.76659369383075,-49.76659369383075,-49.76659369383075,-49.76659369383075,-49.76659369383075,-49.76659369383075,-49.76659369383075,-49.76659369383075,-49.76659369383075
e5b447a031de6fce2236,SHADOW_SCANNER_TOP5_BTC_MFE_V1,PEPE,LONG,2026-07-27T02:53:36+00:00,0.15780407269493887,0.8862030598737157,-0.1332005671352099,False,False,0.15780407269493887,0.15780407269493887,0.15780407269493887,0.15780407269493887,0.15780407269493887,0.15780407269493887,0.15780407269493887,0.15780407269493887,0.15780407269493887,0.15780407269493887,0.15780407269493887,0.15780407269493887,0.15780407269493887
a8d33771f1882a5debab,SHADOW_SCANNER_TOP5_BTC_RUNNER25_V1,SHIB,LONG,2026-07-27T02:53:36+00:00,-48.9006115832499,6.312702790300136,-48.714768421071525,False,False,-48.9006115832499,-48.9006115832499,-48.9006115832499,-48.9006115832499,-48.9006115832499,-48.9006115832499,-48.9006115832499,-48.9006115832499,-48.9006115832499,-48.9006115832499,-48.9006115832499,-48.9006115832499,-48.9006115832499
2ea26d39c3f11a7da9e6,SHADOW_SCANNER_TOP5_BTC_TP3_V1,SHIB,LONG,2026-07-27T02:53:36+00:00,-47.75752188776763,6.165138470006319,-47.57602295354028,False,False,-47.75752188776763,-47.75752188776763,-47.75752188776763,-47.75752188776763,-47.75752188776763,-47.75752188776763,-47.75752188776763,-47.75752188776763,-47.75752188776763,-47.75752188776763,-47.75752188776763,-47.75752188776763,-47.75752188776763
5a42eaf9b63ee5ee6a9e,SHADOW_SCANNER_TOP5_LONG,SHIB,LONG,2026-07-27T02:53:36+00:00,-54.36205659869186,7.017734446792969,-54.155457618153115,False,False,-54.36205659869186,-54.36205659869186,-54.36205659869186,-54.36205659869186,-54.36205659869186,-54.36205659869186,-50.0,-50.0,-54.36205659869186,-54.36205659869186,-54.36205659869186,-54.36205659869186,-54.36205659869186
7fb87a194dbcfe8416af,SHADOW_BOLLINGER_MR_1H,ETH,SHORT,2026-07-27T04:23:38+00:00,-1.516103656711501,40.88690109432581,-22.888207113536463,False,False,25.0,-1.516103656711501,-1.516103656711501,-1.516103656711501,-1.516103656711501,-1.516103656711501,-1.516103656711501,-1.516103656711501,-1.516103656711501,-1.516103656711501,-1.516103656711501,-1.516103656711501,-1.516103656711501
936947bee44d1d5f9a86,SHADOW_BOLLINGER_MR_1H,HYPE,SHORT,2026-07-27T04:38:37+00:00,-54.91713570974614,29.669656735370417,-52.501915917285956,False,False,-54.91713570974614,-54.91713570974614,-54.91713570974614,-54.91713570974614,-54.91713570974614,-54.91713570974614,-50.0,-50.0,-54.91713570974614,-54.91713570974614,-54.91713570974614,-54.91713570974614,-54.91713570974614
9ce30a92d23c2a551729,SHADOW_SCANNER_TOP5_BTC_BTC_2_3_V1,SHIB,LONG,2026-07-27T04:53:37+00:00,-51.044633419900045,10.258065071413322,-50.85064206110391,False,False,-51.044633419900045,-51.044633419900045,-51.044633419900045,-51.044633419900045,-51.044633419900045,-51.044633419900045,-50.0,-50.0,-51.044633419900045,-51.044633419900045,-51.044633419900045,-51.044633419900045,-51.044633419900045
