timestamp,open,high,low,close,volume,turnover
1784455620000,0.14043,0.14059,0.13917,0.13917,17364,24248.8929
1784455680000,0.13931,0.13977,0.13875,0.13955,14515,20176.0674
1784455740000,0.13952,0.14021,0.13952,0.13966,1314,1839.0757
1784455800000,0.13973,0.14168,0.13973,0.14117,4166,5875.6221
1784455860000,0.14111,0.14164,0.14079,0.14164,8361,11819.2936
1784455920000,0.14149,0.14249,0.14138,0.14205,7130,10120.1135
1784455980000,0.14225,0.1437,0.1415,0.14268,15094,21533.9331
1784456040000,0.14286,0.14329,0.14232,0.14232,3254,4648.6239
1784456100000,0.1424,0.14282,0.14094,0.14244,12065,17058.4492
1784456160000,0.1423,0.1423,0.14,0.14093,7470,10545.4168
1784456220000,0.1412,0.14133,0.14081,0.14104,591,833.9455
1784456280000,0.14098,0.14141,0.14038,0.14059,2492,3510.2702
1784456340000,0.14068,0.14068,0.13978,0.14012,3988,5587.8783
1784456400000,0.14018,0.14081,0.14,0.14013,1142,1603.2461
1784456460000,0.14004,0.14045,0.13977,0.14012,834,1168.3043
1784456520000,0.14022,0.14163,0.14022,0.14132,3316,4683.047
1784456580000,0.14137,0.14167,0.14083,0.14157,1276,1804.425
1784456640000,0.14159,0.1459,0.14159,0.14315,10780,15492.7089
1784456700000,0.14314,0.14385,0.1419,0.1419,5842,8378.137
1784456760000,0.14247,0.1436,0.14247,0.14285,5284,7550.4291
1784456820000,0.143,0.14383,0.143,0.14308,8126,11670.9801
1784456880000,0.14323,0.14328,0.14217,0.14289,1459,2083.5574
1784456940000,0.1432,0.14324,0.14259,0.1431,2740,3913.6513
1784457000000,0.14324,0.14488,0.14324,0.1437,4876,7024.7184
1784457060000,0.14379,0.14386,0.1433,0.14371,3067,4405.7509
1784457120000,0.14375,0.14504,0.14323,0.14428,9254,13379.0718
1784457180000,0.14427,0.14567,0.14413,0.14552,4061,5884.307
1784457240000,0.14551,0.14684,0.14501,0.14532,18252,26568.6231
1784457300000,0.14532,0.14618,0.1448,0.14501,14193,20623.6191
1784457360000,0.14503,0.14554,0.14463,0.14554,1849,2683.274
1784457420000,0.14542,0.14564,0.14516,0.14524,13102,19051.852
1784457480000,0.14534,0.14773,0.14509,0.14683,13201,19305.8957
1784457540000,0.14708,0.1474,0.14662,0.14704,2856,4197.5222
1784457600000,0.14705,0.14706,0.1454,0.14583,10029,14634.299
1784457660000,0.14593,0.14594,0.14489,0.14564,6691,9743.0498
1784457720000,0.14579,0.14609,0.14506,0.14528,6422,9353.6926
1784457780000,0.14524,0.1455,0.14479,0.1451,571,828.4614
1784457840000,0.14501,0.14528,0.14452,0.14519,2131,3089.2246
1784457900000,0.14513,0.14515,0.14402,0.1444,1925,2782.9224
1784457960000,0.14443,0.14577,0.14323,0.14575,10500,15118.7216
1784458020000,0.14576,0.1467,0.14474,0.1462,6263,9142.3709
1784458080000,0.14598,0.14744,0.14598,0.14702,5987,8777.0763
1784458140000,0.14707,0.14777,0.14633,0.14633,3391,4988.164
1784458200000,0.14672,0.148,0.14667,0.14696,10135,14915.8888
1784458260000,0.14693,0.148,0.14638,0.14734,9737,14363.0644
1784458320000,0.14744,0.14904,0.14733,0.14875,38313,56926.8623
1784458380000,0.14888,0.14911,0.14818,0.14882,7840,11654.8012
1784458440000,0.14887,0.15,0.1488,0.1492,7199,10778.2531
1784458500000,0.1494,0.15026,0.1483,0.1498,6721,10047.7747
1784458560000,0.14993,0.15101,0.14869,0.15002,6814,10227.1516
1784458620000,0.1502,0.15048,0.14788,0.14827,7891,11746.1813
1784458680000,0.14833,0.14887,0.14776,0.1479,4525,6706.5978
1784458740000,0.14808,0.14917,0.14784,0.14854,3709,5497.9379
1784458800000,0.14855,0.15395,0.14836,0.15058,30266,45860.2048
1784458860000,0.15067,0.15169,0.15042,0.15073,5242,7902.1423
1784458920000,0.15087,0.15365,0.15075,0.15317,4072,6214.5087
1784458980000,0.15308,0.15741,0.15292,0.15574,61615,96137.3954
1784459040000,0.15594,0.1579,0.15563,0.15725,42325,66594.7486
1784459100000,0.15734,0.18595,0.15734,0.17232,290511,499890.8636
1784459160000,0.17308,0.17977,0.16994,0.17247,55883,96474.5338
1784459220000,0.17266,0.17357,0.1704,0.17287,24808,42746.2469
1784459280000,0.17287,0.17467,0.17187,0.17321,17845,30827.0959
1784459340000,0.1732,0.17326,0.16938,0.1708,69923,120266.6189
1784459400000,0.17087,0.17139,0.16757,0.17042,59522,101039.9396
1784459460000,0.17043,0.17275,0.17,0.17181,55773,95903.7982
1784459520000,0.17189,0.175,0.17156,0.175,44434,76886.1836
1784459580000,0.17514,0.17703,0.17372,0.17418,30214,52886.895
1784459640000,0.17417,0.17542,0.17268,0.17444,26891,46784.4661
1784459700000,0.17409,0.17409,0.17095,0.17095,15940,27545.4917
1784459760000,0.17089,0.17152,0.17034,0.17079,14359,24528.6519
1784459820000,0.17077,0.1712,0.165,0.16725,48889,81627.7043
1784459880000,0.1673,0.1676,0.16508,0.16573,25983,43294.9853
1784459940000,0.16571,0.16742,0.1652,0.16742,7089,11821.6829
1784460000000,0.16736,0.16993,0.16736,0.16946,18732,31657.6958
1784460060000,0.16975,0.16998,0.16401,0.16675,16624,27643.4631
1784460120000,0.16744,0.16787,0.1662,0.16703,19019,31764.5572
1784460180000,0.16725,0.16955,0.16725,0.16899,7405,12502.5963
1784460240000,0.16903,0.17119,0.16903,0.17061,5657,9651.1872
1784460300000,0.17045,0.17122,0.16861,0.17113,13530,23053.7671
1784460360000,0.17124,0.17199,0.17048,0.17084,19456,33357.7747
1784460420000,0.17113,0.17268,0.17009,0.17268,36390,62505.9935
1784460480000,0.17268,0.17383,0.17175,0.17203,18452,31968.9286
1784460540000,0.17219,0.17348,0.172,0.1723,5023,8665.7141
1784460600000,0.1716,0.178,0.1716,0.17596,14550,25494.4361
1784460660000,0.17596,0.17614,0.17425,0.17472,14558,25482.521
1784460720000,0.17516,0.17538,0.17464,0.17488,12687,22205.8914
1784460780000,0.17469,0.17567,0.1746,0.17554,6377,11169.1671
1784460840000,0.17587,0.17864,0.17527,0.17666,23014,40887.505
1784460900000,0.17669,0.17669,0.17447,0.17613,31821,55745.4783
1784460960000,0.17605,0.17617,0.17442,0.17617,3509,6160.1663
1784461020000,0.17666,0.1769,0.17423,0.17578,12590,22214.5338
1784461080000,0.17598,0.17698,0.17502,0.17654,5153,9092.0596
1784461140000,0.17654,0.18034,0.17654,0.17844,23014,41086.5478
1784461200000,0.17871,0.17871,0.1766,0.17737,4141,7347.9903
1784461260000,0.17738,0.17868,0.17693,0.17811,4448,7908.2443
1784461320000,0.17826,0.17827,0.17516,0.17665,4084,7212.5286
1784461380000,0.17687,0.17753,0.17651,0.1768,2946,5215.4161
1784461440000,0.17685,0.1783,0.17663,0.17773,7310,12977.1907
1784461500000,0.17774,0.18448,0.17758,0.18308,18369,33460.6283
1784461560000,0.18298,0.18803,0.18257,0.18374,24588,45566.8162
1784461620000,0.18348,0.18461,0.18317,0.18381,2337,4300.1539
1784461680000,0.18356,0.18356,0.17224,0.18036,39600,70425.5642
1784461740000,0.18026,0.18071,0.17723,0.17936,24543,43843.646
1784461800000,0.17945,0.18076,0.17921,0.1802,17918,32261.41
1784461860000,0.18065,0.18226,0.17799,0.17904,9404,16862.7336
1784461920000,0.17943,0.18,0.17804,0.18,8042,14436.7873
1784461980000,0.18111,0.18112,0.17969,0.18009,119,215.1737
1784462040000,0.18061,0.18311,0.18035,0.18275,6647,12080.9863
1784462100000,0.18275,0.18624,0.18161,0.1857,40295,74653.9836
1784462160000,0.18475,0.18618,0.18406,0.18501,15741,29163.4272
1784462220000,0.1849,0.19408,0.18446,0.18875,28791,54384.4339
1784462280000,0.1879,0.19098,0.1879,0.18998,7750,14701.9873
1784462340000,0.19003,0.19004,0.18733,0.18856,7373,13887.6873
1784462400000,0.18853,0.19144,0.18848,0.18958,8520,16190.2711
1784462460000,0.18934,0.18934,0.1859,0.18647,9371,17498.9832
1784462520000,0.18641,0.18924,0.185,0.18896,10033,18732.7939
1784462580000,0.1884,0.18921,0.18726,0.18873,15261,28786.6781
1784462640000,0.18802,0.18821,0.18562,0.1876,8473,15826.472
1784462700000,0.1874,0.19036,0.18627,0.19027,12549,23712.0995
1784462760000,0.19002,0.19032,0.18582,0.18582,31629,59626.9671
1784462820000,0.18583,0.18774,0.1772,0.17798,75006,135988.0381
1784462880000,0.17798,0.18473,0.17742,0.18423,32471,59278.9579
1784462940000,0.1842,0.18522,0.18371,0.18402,10104,18658.85
1784463000000,0.18439,0.18777,0.18414,0.1861,27209,50683.6519
1784463060000,0.18563,0.18625,0.18352,0.18352,3411,6327.9667
1784463120000,0.18346,0.18456,0.18027,0.18151,11705,21320.9765
1784463180000,0.18149,0.18247,0.17969,0.18108,21334,38631.8165
1784463240000,0.18179,0.18366,0.18049,0.18147,24256,44409.7463
1784463300000,0.18144,0.18188,0.17196,0.17415,82730,146210.0733
1784463360000,0.17398,0.17669,0.17118,0.17531,21019,36676.5167
1784463420000,0.17504,0.17622,0.16965,0.17448,35692,62055.529
1784463480000,0.17432,0.17569,0.17209,0.17294,5249,9150.7416
1784463540000,0.17283,0.17344,0.17126,0.17158,5872,10094.658
1784463600000,0.17152,0.18,0.17152,0.17599,32169,56709.1353
1784463660000,0.17665,0.17822,0.17452,0.17527,6072,10733.2507
1784463720000,0.17514,0.17609,0.17304,0.17556,4218,7370.2767
1784463780000,0.17625,0.17646,0.17267,0.17447,1199,2088.3132
1784463840000,0.17438,0.17527,0.17357,0.17446,6085,10635.1342
1784463900000,0.17502,0.17508,0.17253,0.1734,3153,5466.8911
1784463960000,0.17351,0.17501,0.17287,0.17386,19419,33820.7271
1784464020000,0.17426,0.17426,0.17246,0.17304,4443,7709.5057
1784464080000,0.17276,0.17496,0.17044,0.17239,8148,14029.9815
1784464140000,0.17192,0.17297,0.16883,0.17023,29583,50254.8026
1784464200000,0.17047,0.17287,0.16656,0.17258,30659,51945.8445
1784464260000,0.17251,0.17531,0.17209,0.17435,8713,15192.1305
1784464320000,0.17416,0.17424,0.17143,0.17377,4109,7122.5384
1784464380000,0.17427,0.176,0.17402,0.17545,35257,61712.4771
1784464440000,0.17557,0.18196,0.17557,0.17923,25193,45028.279
1784464500000,0.1785,0.18048,0.17777,0.18019,17156,30624.7112
1784464560000,0.17985,0.18041,0.17862,0.17947,17435,31373.3204
1784464620000,0.17933,0.17948,0.17536,0.17808,16489,29282.9593
1784464680000,0.17812,0.18,0.17688,0.17705,4681,8340.6038
1784464740000,0.17732,0.17955,0.17732,0.17939,5092,9119.8755
1784464800000,0.1794,0.18011,0.17885,0.17954,4277,7674.6167
1784464860000,0.179,0.17934,0.17814,0.17865,1084,1936.6965
1784464920000,0.17866,0.1794,0.17828,0.17916,569,1018.376
1784464980000,0.17948,0.18001,0.17899,0.17917,1914,3434.8183
1784465040000,0.17913,0.17971,0.17897,0.17938,2072,3715.6847
1784465100000,0.17969,0.18524,0.17965,0.18483,8559,15647.6164
1784465160000,0.18498,0.18519,0.18197,0.18197,7157,13111.5026
1784465220000,0.18225,0.18397,0.18151,0.18354,3437,6277.5541
1784465280000,0.18285,0.18368,0.18239,0.18309,2696,4930.8176
1784465340000,0.18361,0.18369,0.18173,0.18173,3531,6438.7876
1784465400000,0.1815,0.1819,0.17967,0.18166,15861,28628.5942
1784465460000,0.18176,0.18255,0.18106,0.18197,2575,4689.847
1784465520000,0.18212,0.18212,0.18079,0.18145,1080,1960.769
1784465580000,0.18143,0.18157,0.17899,0.17899,5281,9513.744
1784465640000,0.17918,0.17963,0.17489,0.17625,14633,25821.7831
1784465700000,0.17639,0.17813,0.17623,0.17709,4371,7738.1971
1784465760000,0.17722,0.17836,0.17602,0.17675,1691,2995.7871
1784465820000,0.17706,0.17783,0.17647,0.17647,1286,2280.5724
1784465880000,0.17648,0.17718,0.17555,0.1765,3898,6892.6211
1784465940000,0.17631,0.17718,0.17623,0.17696,1741,3074.4028
1784466000000,0.1771,0.17814,0.17689,0.178,1578,2800.324
1784466060000,0.17805,0.18,0.17789,0.17972,2370,4244.6454
1784466120000,0.17975,0.18159,0.17941,0.18027,3627,6537.309
1784466180000,0.17947,0.18011,0.17929,0.18011,2464,4434.5681
1784466240000,0.18015,0.18236,0.17981,0.18073,4566,8273.7694
1784466300000,0.18085,0.1813,0.17892,0.17979,561,1013.441
1784466360000,0.18025,0.18037,0.17742,0.17757,2433,4352.2495
1784466420000,0.17821,0.17983,0.17821,0.17978,2171,3890.8512
1784466480000,0.18,0.18199,0.18,0.18152,1607,2912.5965
1784466540000,0.18175,0.18246,0.18075,0.18132,3077,5593.2077
1784466600000,0.18091,0.18113,0.17933,0.1809,855,1543.1872
1784466660000,0.18041,0.18058,0.1794,0.17963,1148,2065.7241
1784466720000,0.17945,0.17964,0.17694,0.17915,3230,5742.7934
1784466780000,0.17915,0.18082,0.17858,0.17969,1153,2073.0625
1784466840000,0.17991,0.18124,0.17988,0.18124,520,939.5087
1784466900000,0.18111,0.18169,0.18049,0.18096,527,954.7391
1784466960000,0.18095,0.18105,0.18,0.18078,533,962.9559
1784467020000,0.1809,0.18319,0.1809,0.18172,4908,8950.8552
1784467080000,0.18163,0.18558,0.18162,0.18435,3367,6199.3159
1784467140000,0.18448,0.18454,0.1789,0.18034,6978,12595.0088
1784467200000,0.18041,0.18129,0.1769,0.18076,10724,19316.919
1784467260000,0.18074,0.18119,0.17996,0.17996,4420,7977.4016
1784467320000,0.18013,0.18108,0.18013,0.18066,1694,3058.2725
1784467380000,0.1806,0.18082,0.17932,0.18025,2029,3652.4209
1784467440000,0.18023,0.1803,0.17866,0.17932,1714,3077.8837
1784467500000,0.17925,0.18088,0.17924,0.18072,4498,8111.8466
1784467560000,0.18085,0.18224,0.18085,0.18204,2287,4157.1047
1784485620000,0.20121,0.20138,0.20056,0.20097,924,1857.3922
1784485680000,0.20108,0.20108,0.19613,0.19874,5964,11833.2071
1784485740000,0.199,0.19993,0.19838,0.19838,3426,6838.5954
1784485800000,0.1984,0.19937,0.19722,0.19747,1839,3646.0661
1784485860000,0.19727,0.19923,0.19641,0.19923,2916,5770.5475
1784485920000,0.19944,0.20139,0.19856,0.20105,12276,24556.9247
1784485980000,0.20088,0.202,0.20005,0.20161,5463,10980.1842
1784486040000,0.2019,0.2019,0.19979,0.2002,1690,3390.7083
1784486100000,0.20051,0.2024,0.20051,0.20218,1371,2764.8146
1784486160000,0.20155,0.20232,0.20114,0.20115,4499,9060.236
1784486220000,0.20121,0.20133,0.19873,0.20089,10018,20033.1986
1784486280000,0.20107,0.20169,0.20036,0.20089,4864,9784.8319
1784486340000,0.20129,0.20658,0.20129,0.20461,57583,117879.8691
1784486400000,0.20461,0.212,0.19941,0.20002,76877,155867.8438
1784486460000,0.19994,0.20224,0.19994,0.20104,14879,29920.9517
1784486520000,0.20128,0.20319,0.20128,0.20201,5578,11267.9328
1784486580000,0.20219,0.203,0.20106,0.20275,2702,5468.5396
1784486640000,0.20264,0.20441,0.20246,0.20304,5865,11948.1747
1784486700000,0.20318,0.20664,0.20318,0.20535,7388,15154.1521
1784486760000,0.20516,0.20516,0.204,0.20514,1878,3842.058
1784486820000,0.20502,0.20553,0.20452,0.20463,1570,3215.1296
1784486880000,0.20491,0.206,0.2047,0.206,4809,9860.5763
1784486940000,0.20614,0.20737,0.20553,0.20626,6011,12401.0745
1784487000000,0.20615,0.20707,0.20556,0.20594,715,1475.9109
1784487060000,0.20555,0.206,0.20483,0.206,1858,3819.0588
1784487120000,0.20529,0.20861,0.20529,0.20743,7351,15228.7846
1784487180000,0.20708,0.2123,0.20549,0.20588,18374,38341.361
1784487240000,0.20588,0.20596,0.20385,0.20469,7348,15054.0154
1784487300000,0.20492,0.20901,0.20492,0.20835,4908,10198.2197
1784487360000,0.20805,0.20847,0.20757,0.20772,2003,4165.7866
1784487420000,0.2079,0.2079,0.20681,0.20699,461,955.2162
1784487480000,0.2068,0.20792,0.2068,0.20742,530,1098.4689
1784487540000,0.20785,0.21247,0.20785,0.20995,37161,78406.1427
1784487600000,0.21014,0.21108,0.20743,0.21062,25754,53841.9964
1784487660000,0.21055,0.21172,0.20999,0.21121,5602,11809.2762
1784487720000,0.21146,0.21181,0.2107,0.21181,4700,9934.291
1784487780000,0.21172,0.21172,0.2085,0.21034,8482,17774.9804
1784487840000,0.21003,0.21152,0.21003,0.21071,7416,15626.2816
1784487900000,0.21048,0.215,0.20539,0.20689,34053,71235.072
1784487960000,0.20655,0.20757,0.20449,0.20529,25063,51574.8879
1784488020000,0.20576,0.20804,0.20254,0.20393,27995,57328.1447
1784488080000,0.20433,0.20541,0.20339,0.20536,5893,12058.43
1784488140000,0.20526,0.20592,0.20425,0.20463,4990,10210.3649
1784488200000,0.20474,0.20502,0.20122,0.20126,8372,16993.1717
1784488260000,0.20136,0.2032,0.19869,0.20289,15477,30925.7612
1784488320000,0.20297,0.20369,0.20214,0.20269,3487,7071.0234
1784488380000,0.20263,0.20622,0.20263,0.20584,5588,11462.7734
1784488440000,0.2059,0.20799,0.2059,0.20677,16365,33909.855
1784488500000,0.20689,0.20886,0.20508,0.20886,3399,7007.6933
1784488560000,0.20863,0.21,0.20805,0.20928,1799,3761.8528
1784488620000,0.20915,0.21185,0.20914,0.21102,27589,58080.0314
1784488680000,0.21067,0.21075,0.20984,0.21059,5908,12433.2708
1784488740000,0.21054,0.2119,0.20979,0.21031,6839,14422.8085
1784488800000,0.21026,0.21154,0.20998,0.21053,4031,8486.5269
1784488860000,0.20995,0.20995,0.20713,0.20949,25152,52219.5474
1784488920000,0.20932,0.21034,0.20743,0.20843,11672,24446.4254
1784488980000,0.20843,0.21027,0.20843,0.2101,5526,11590.4909
1784489040000,0.2099,0.21183,0.20975,0.2109,3305,6976.2402
1784489100000,0.21177,0.23318,0.21145,0.22199,61992,138925.8592
1784489160000,0.22233,0.22954,0.22159,0.22417,32194,73025.3039
1784489220000,0.22454,0.22757,0.22228,0.22557,17719,39902.4068
1784489280000,0.22585,0.2278,0.22465,0.22522,7643,17307.205
1784489340000,0.2253,0.227,0.22493,0.22535,23352,52824.0363
1784489400000,0.22493,0.22493,0.22286,0.2234,5213,11661.5305
1784489460000,0.22228,0.22331,0.22152,0.22255,12314,27414.1103
1784489520000,0.22168,0.22341,0.22101,0.22279,2897,6446.0745
1784489580000,0.2226,0.224,0.22181,0.22345,13180,29485.4726
1784489640000,0.22336,0.22336,0.21893,0.22231,15087,33502.9792
1784489700000,0.22162,0.22257,0.22045,0.22053,7009,15554.2072
1784489760000,0.22092,0.227,0.22017,0.22548,20779,46674.3157
1784489820000,0.22499,0.22746,0.22358,0.22746,32659,74015.8136
1784489880000,0.22724,0.2307,0.22506,0.22926,18996,43463.4143
1784489940000,0.22917,0.22917,0.22295,0.22571,15685,35319.1984
1784490000000,0.22559,0.22559,0.22351,0.22442,3991,8948.8366
1784490060000,0.224,0.22949,0.22369,0.22732,12303,27981.6588
1784490120000,0.22705,0.22788,0.21913,0.22464,12617,28263.3961
1784490180000,0.22465,0.22478,0.22272,0.22358,5948,13305.9494
1784490240000,0.22315,0.22443,0.22223,0.22384,19563,43579.9141
1784490300000,0.2234,0.22541,0.22311,0.22447,4890,10939.6239
1784490360000,0.22372,0.22382,0.22212,0.22313,3488,7784.8841
1784490420000,0.22264,0.22316,0.22078,0.22265,2936,6531.6807
1784490480000,0.2223,0.22371,0.22183,0.22271,1783,3968.8604
1784490540000,0.22288,0.22307,0.22241,0.22279,771,1718.574
1784490600000,0.22267,0.22872,0.22264,0.22627,15089,34302.9284
1784490660000,0.22589,0.22637,0.22511,0.2259,1547,3496.5612
1784490720000,0.2255,0.2268,0.2248,0.22621,997,2252.0548
1784490780000,0.22597,0.22597,0.22417,0.2257,1540,3468.4148
1784490840000,0.2252,0.22585,0.22416,0.2253,1394,3137.3555
1784490900000,0.22493,0.22635,0.22484,0.22631,6655,15026.7671
1784490960000,0.22636,0.22636,0.22472,0.22573,4903,11062.1678
1784491020000,0.22542,0.23504,0.2251,0.23177,27410,63203.6153
1784491080000,0.23195,0.23441,0.22954,0.23079,47816,111002.8517
1784491140000,0.23102,0.23102,0.22896,0.23093,13082,30126.756
1784491200000,0.23106,0.23106,0.22838,0.22997,8955,20572.604
1784491260000,0.22937,0.22937,0.22776,0.22842,40248,91876.1912
1784491320000,0.22834,0.23071,0.22683,0.22744,10242,23346.3744
1784491380000,0.227,0.22887,0.22675,0.22887,6784,15465.7163
1784491440000,0.22846,0.23305,0.22823,0.23219,13333,30829.5661
1784491500000,0.23158,0.23178,0.22415,0.22498,31210,70620.034
1784491560000,0.22499,0.22831,0.22499,0.22607,10256,23258.1752
1784491620000,0.22642,0.22761,0.22572,0.22639,6722,15247.1233
1784491680000,0.22674,0.22722,0.22555,0.22555,2957,6697.4525
1784491740000,0.22611,0.22628,0.22279,0.22404,5134,11516.0053
1784491800000,0.22461,0.22565,0.22251,0.22376,2454,5504.5631
1784491860000,0.22382,0.2253,0.22382,0.22474,589,1324.2023
1784491920000,0.22498,0.22498,0.22316,0.22324,7649,17112.7164
1784491980000,0.2235,0.22391,0.2228,0.22287,1870,4171.941
1784492040000,0.22293,0.22499,0.22291,0.22431,4180,9383.3395
1784492100000,0.22387,0.22423,0.22256,0.22423,4433,9906.5643
1784492160000,0.22442,0.22478,0.223,0.223,2659,5952.5422
1784492220000,0.22292,0.22311,0.21522,0.2192,22957,50086.7006
1784492280000,0.21914,0.222,0.21847,0.21956,57800,127236.5042
1784492340000,0.21954,0.22034,0.21816,0.21816,5628,12384.0141
1784492400000,0.21801,0.2245,0.21799,0.22416,16195,35849.8231
1784492460000,0.22418,0.22807,0.22418,0.22675,13739,31162.4413
1784492520000,0.22675,0.22702,0.22488,0.22641,5584,12629.6599
1784492580000,0.22685,0.22687,0.22458,0.22669,4662,10519.5864
1784492640000,0.22694,0.22845,0.22664,0.22688,2915,6634.7435
1784492700000,0.22693,0.22743,0.22578,0.22743,7488,16956.3284
1784492760000,0.22708,0.22795,0.2262,0.2262,1787,4061.0071
1784492820000,0.22625,0.22719,0.22569,0.22673,3796,8587.0198
1784492880000,0.22647,0.227,0.22598,0.227,2057,4661.369
1784492940000,0.22693,0.22985,0.22644,0.22934,2952,6718.3002
1784493000000,0.22883,0.22948,0.22729,0.22729,10199,23385.7625
1784493060000,0.22814,0.2297,0.228,0.22872,2695,6169.5149
1784493120000,0.22864,0.2292,0.22767,0.22915,2264,5165.1972
1784493180000,0.229,0.23305,0.2286,0.23065,19149,44355.7165
1784493240000,0.23072,0.23072,0.22778,0.22778,2877,6600.3411
1784493300000,0.228,0.22929,0.22697,0.22785,3853,8764.2987
1784493360000,0.22804,0.22833,0.22583,0.22637,2185,4957.8566
1784493420000,0.22675,0.22804,0.22576,0.22799,7573,17145.6204
1784493480000,0.22795,0.2283,0.2277,0.22774,1545,3522.6487
1784493540000,0.22768,0.22957,0.22768,0.22913,9736,22311.9574
1784493600000,0.2292,0.23041,0.22874,0.22921,1581,3629.6872
1784493660000,0.22932,0.232,0.22932,0.22984,7037,16201.8753
1784493720000,0.22992,0.22994,0.22917,0.22917,878,2017.1829
1784493780000,0.22963,0.23016,0.22856,0.22873,2750,6324.1059
1784493840000,0.22869,0.22977,0.22857,0.22977,785,1798.5222
1784493900000,0.23001,0.23017,0.22927,0.22948,513,1178.2944
1784493960000,0.22912,0.22912,0.22717,0.22761,10616,24156.2619
1784494020000,0.22771,0.22771,0.22622,0.22637,3533,8006.3835
1784494080000,0.22626,0.22662,0.22312,0.22521,9823,22090.7987
1784494140000,0.22555,0.22572,0.22435,0.22435,3629,8176.5419
1784494200000,0.22437,0.22859,0.22437,0.22802,9695,22034.9415
1784494260000,0.22817,0.22823,0.22687,0.22797,1624,3695.2425
1784494320000,0.22791,0.2305,0.22786,0.22989,30003,68884.7581
1784494380000,0.22967,0.23159,0.22967,0.23083,17377,40113.7713
1784494440000,0.23085,0.23143,0.22935,0.23052,4219,9696.7372
1784494500000,0.23038,0.23107,0.22994,0.23003,639,1472.0096
1784494560000,0.23016,0.23138,0.23016,0.23086,5425,12539.075
1784494620000,0.23087,0.23879,0.23053,0.23426,35601,84207.3565
1784494680000,0.23401,0.23529,0.23326,0.23519,16296,38200.5447
1784494740000,0.23505,0.2354,0.2338,0.23434,7796,18281.9548
1784494800000,0.23403,0.23403,0.23234,0.2326,8827,20553.1738
1784494860000,0.23226,0.23226,0.22754,0.23063,10129,23240.0284
1784494920000,0.23024,0.23118,0.22927,0.22977,2589,5954.3706
1784494980000,0.23018,0.23127,0.22857,0.22974,11434,26224.6372
1784495040000,0.22993,0.23033,0.22883,0.22896,961,2209.2289
1784495100000,0.22942,0.23026,0.22928,0.22963,2109,4845.7557
1784495160000,0.22985,0.23053,0.22985,0.23009,1345,3096.1681
1784495220000,0.23002,0.23092,0.22924,0.23069,14738,33866.217
1784495280000,0.23078,0.23103,0.22979,0.23051,5344,12316.8296
1784495340000,0.23033,0.2338,0.23033,0.23237,26823,62512.3659
1784495400000,0.2323,0.23248,0.23125,0.23161,2700,6260.3926
1784495460000,0.23182,0.23211,0.23136,0.2319,834,1934.1277
1784495520000,0.23237,0.23463,0.23219,0.23463,9413,22015.3439
1784495580000,0.23452,0.23896,0.23409,0.23598,36617,86669.8029
1784495640000,0.23595,0.23769,0.23443,0.23491,12319,29113.079
1784495700000,0.23526,0.23703,0.23492,0.23703,3119,7342.7124
1784495760000,0.23703,0.23703,0.23365,0.23387,31883,74916.2931
1784495820000,0.2338,0.23383,0.23016,0.23211,24207,56084.1373
1784495880000,0.23244,0.23389,0.23004,0.23116,7759,18052.9933
1784495940000,0.23147,0.2325,0.23113,0.23237,9526,22058.3072
1784496000000,0.23227,0.23579,0.23227,0.23429,5008,11744.8384
1784496060000,0.23476,0.23666,0.23381,0.2346,8785,20643.6682
1784496120000,0.2353,0.2353,0.23311,0.23355,4743,11074.7338
1784496180000,0.23283,0.23538,0.23069,0.23445,8038,18631.0456
1784496240000,0.23481,0.2352,0.23362,0.23447,1417,3324.9258
1784496300000,0.23492,0.23585,0.23492,0.23557,12104,28530.911
1784496360000,0.23593,0.23599,0.2351,0.23569,1208,2845.6963
1784496420000,0.23569,0.23569,0.23499,0.23518,2780,6535.612
1784496480000,0.23589,0.23616,0.2327,0.23271,21047,49181.994
1784496540000,0.23284,0.23285,0.23091,0.23153,7122,16502.6534
1784496600000,0.23203,0.23343,0.22403,0.22905,20706,47562.5178
1784496660000,0.22936,0.231,0.22308,0.22736,34874,79374.4349
1784496720000,0.22806,0.22961,0.22736,0.22803,3752,8590.4589
1784496780000,0.22837,0.22971,0.22574,0.22633,24413,55323.7247
1784496840000,0.22628,0.22864,0.22436,0.22721,11915,26901.7787
1784496900000,0.228,0.23677,0.228,0.23372,15920,36726.1783
1784496960000,0.2339,0.23393,0.231,0.23173,5341,12388.2494
1784497020000,0.23255,0.23442,0.23215,0.23219,1178,2744.0413
1784497080000,0.23312,0.23403,0.23209,0.23277,900,2095.8322
1784497140000,0.23333,0.23469,0.23264,0.23396,3525,8225.0226
1784497200000,0.23469,0.23665,0.23407,0.23407,916,2152.051
1784497260000,0.23504,0.23506,0.23293,0.234,1412,3299.7863
1784497320000,0.23499,0.23504,0.23319,0.23398,5176,12116.8263
1784497380000,0.23421,0.23421,0.23357,0.23367,7226,16895.2275
1784497440000,0.23408,0.23652,0.23408,0.23495,7570,17804.1392
1784497500000,0.23518,0.23582,0.23431,0.23447,6106,14381.9069
1784497560000,0.23446,0.23446,0.23217,0.23342,7329,17086.9731
1784515620000,0.252,0.25608,0.2512,0.2523,18567,47010.1263
1784515680000,0.25262,0.25447,0.23704,0.24462,21464,52545.3397
1784515740000,0.24369,0.24455,0.2401,0.24261,6818,16486.0838
1784515800000,0.24283,0.24385,0.23997,0.24113,8120,19707.9871
1784515860000,0.24054,0.24258,0.2399,0.24114,755,1824.9757
1784515920000,0.24041,0.24548,0.23991,0.24494,12126,29520.1707
1784515980000,0.24487,0.24805,0.24486,0.24661,11170,27568.4633
1784516040000,0.24621,0.24816,0.23902,0.24318,9087,22110.826
1784516100000,0.24319,0.24319,0.2414,0.24247,5851,14171.8499
1784516160000,0.24207,0.24606,0.23967,0.24414,16868,41042.3975
1784516220000,0.2441,0.24831,0.24324,0.24591,17275,42440.5919
1784516280000,0.24584,0.24657,0.2441,0.24436,9831,24099.7799
1784516340000,0.24433,0.24546,0.24418,0.24472,6138,15025.7585
1784516400000,0.24472,0.24498,0.24189,0.24247,5177,12593.0304
1784516460000,0.24219,0.24471,0.24044,0.2428,7160,17374.6392
1784516520000,0.24244,0.24244,0.24038,0.241,9476,22857.4998
1784516580000,0.24063,0.2425,0.24005,0.24221,4001,9649.394
1784516640000,0.2423,0.24419,0.24136,0.24413,5394,13069.5682
1784516700000,0.24398,0.24425,0.2436,0.24397,2414,5890.9405
1784516760000,0.244,0.24668,0.24244,0.24255,3956,9625.9247
1784516820000,0.2421,0.24512,0.2413,0.24422,2521,6137.6372
1784516880000,0.24383,0.24408,0.24232,0.24279,707,1719.3429
1784516940000,0.24274,0.24306,0.24142,0.24283,1822,4411.9713
1784517000000,0.24292,0.24292,0.24104,0.24236,3308,8008.1241
1784517060000,0.24233,0.24318,0.24195,0.24264,716,1736.5387
1784517120000,0.24178,0.243,0.24096,0.24294,1355,3280.3524
1784517180000,0.24181,0.2444,0.24179,0.24429,2356,5729.1917
1784517240000,0.24397,0.24422,0.24219,0.24259,1726,4205.2925
1784517300000,0.24265,0.24503,0.24252,0.2433,4085,9963.0286
1784517360000,0.24328,0.24428,0.24276,0.24357,12252,29822.352
1784517420000,0.24321,0.24436,0.24286,0.24286,2807,6835.9131
1784517480000,0.24302,0.24302,0.23906,0.23932,2070,5001.7203
1784517540000,0.2393,0.24067,0.23769,0.24011,5619,13435.3258
1784517600000,0.23976,0.24454,0.23929,0.24408,8067,19655.4204
1784517660000,0.24423,0.24551,0.24359,0.24432,2371,5798.1937
1784517720000,0.24397,0.24483,0.24378,0.24483,1293,3158.2504
1784517780000,0.24427,0.2449,0.24208,0.24267,2179,5306.3879
1784517840000,0.2422,0.2422,0.23895,0.23923,2815,6763.279
1784517900000,0.23882,0.24167,0.23843,0.24163,7147,17114.388
1784517960000,0.24125,0.24229,0.24118,0.24229,537,1297.43
1784518020000,0.24247,0.24249,0.24217,0.24217,365,884.525
1784518080000,0.2421,0.2421,0.24166,0.24166,295,713.4142
1784518140000,0.24204,0.24204,0.24184,0.24189,71,171.7839
1784518200000,0.24199,0.24199,0.24051,0.24128,2433,5867.3711
1784518260000,0.24078,0.24105,0.23988,0.24086,1814,4361.1005
1784518320000,0.24101,0.24264,0.23839,0.23912,6526,15611.7825
1784518380000,0.23925,0.23962,0.23884,0.2392,702,1679.3372
1784518440000,0.23868,0.23901,0.232,0.23576,7437,17613.0973
1784518500000,0.23551,0.23643,0.23434,0.23555,2920,6883.6368
1784518560000,0.23687,0.23693,0.2357,0.2365,1754,4143.0823
1784518620000,0.2365,0.23656,0.23596,0.23598,437,1032.0308
1784518680000,0.23589,0.23854,0.23527,0.23821,1664,3938.6005
1784518740000,0.23805,0.23805,0.23786,0.23794,611,1453.5876
1784518800000,0.23523,0.23566,0.23523,0.2354,566,1333.0742
1784518860000,0.23568,0.23568,0.235,0.23532,2742,6450.1376
1784518920000,0.2351,0.2389,0.23506,0.23845,3514,8357.7949
1784518980000,0.2385,0.23911,0.23794,0.23807,573,1366.9755
1784519040000,0.23843,0.23858,0.23778,0.23778,1854,4414.0454
1784519100000,0.238,0.24245,0.23799,0.24062,6188,14879.8561
1784519160000,0.24094,0.24145,0.24048,0.24145,1423,3428.862
1784519220000,0.2416,0.245,0.2416,0.24323,3871,9410.2584
1784519280000,0.24328,0.24346,0.24191,0.24191,2903,7046.5803
1784519340000,0.242,0.242,0.24162,0.24162,762,1842.2631
1784519400000,0.24134,0.24191,0.24069,0.24183,1240,2995.9936
1784519460000,0.24193,0.2436,0.24162,0.24341,5136,12451.1394
1784519520000,0.2437,0.24584,0.24297,0.24321,5881,14371.0606
1784519580000,0.24328,0.24343,0.2424,0.24313,1321,3208.3851
1784519640000,0.24284,0.24284,0.24223,0.24228,821,1989.4698
1784519700000,0.24221,0.24316,0.24212,0.24309,234,568.2951
1784519760000,0.24319,0.24404,0.24306,0.24394,333,811.2199
1784519820000,0.24458,0.25,0.24395,0.24755,10666,26341.6954
1784519880000,0.24755,0.25111,0.24755,0.25033,8249,20637.6888
1784519940000,0.25072,0.25084,0.2493,0.25084,2670,6685.454
1784520000000,0.25124,0.2593,0.25124,0.25718,13159,33884.3837
1784520060000,0.25777,0.25871,0.25478,0.25478,3688,9488.4162
1784520120000,0.25454,0.25727,0.25454,0.25529,801,2052.0706
1784520180000,0.25516,0.2552,0.25193,0.25193,1166,2959.6094
1784520240000,0.25193,0.25307,0.25193,0.25273,3302,8332.7452
1784520300000,0.25279,0.25438,0.2487,0.25028,4203,10549.1468
1784520360000,0.25028,0.2529,0.24978,0.25241,2157,5397.4405
1784520420000,0.25216,0.25253,0.25112,0.25161,1478,3718.401
1784520480000,0.25224,0.25268,0.25016,0.25055,1146,2880.1756
1784520540000,0.2507,0.25131,0.25065,0.25089,1848,4634.9493
1784520600000,0.25117,0.25118,0.24918,0.24948,6923,17268.3948
1784520660000,0.24987,0.25076,0.24987,0.25016,1536,3843.3782
1784520720000,0.25037,0.25104,0.24996,0.25054,9059,22697.3266
1784520780000,0.25074,0.25156,0.25017,0.25058,1312,3293.0277
1784520840000,0.25007,0.25072,0.25007,0.25022,1241,3106.9881
1784520900000,0.25035,0.25155,0.24999,0.25155,3300,8275.9925
1784520960000,0.25134,0.25134,0.25059,0.25079,189,474.0627
1784521020000,0.25085,0.25085,0.24799,0.24994,17273,43142.1705
1784521080000,0.25021,0.2523,0.24952,0.2516,21330,53459.1395
1784521140000,0.25095,0.25418,0.25095,0.25418,19375,48901.6493
1784521200000,0.2539,0.25402,0.25328,0.25398,3519,8931.9075
1784521260000,0.25387,0.25487,0.25376,0.25429,7428,18888.6562
1784521320000,0.25419,0.258,0.25407,0.258,2779,7118.4746
1784521380000,0.2571,0.25892,0.25675,0.25717,2874,7407.514
1784521440000,0.25706,0.26056,0.25706,0.26056,1111,2883.4049
1784521500000,0.26125,0.26262,0.25713,0.25769,5518,14277.4361
1784521560000,0.25767,0.26033,0.25695,0.25885,650,1681.7542
1784521620000,0.25913,0.26578,0.25913,0.2618,12684,33527.4477
1784521680000,0.26184,0.26361,0.26173,0.26316,902,2365.5427
1784521740000,0.26293,0.26591,0.26293,0.26447,2074,5496.4296
1784521800000,0.26408,0.26521,0.26109,0.26109,2778,7300.5166
1784521860000,0.26087,0.26143,0.25918,0.26086,1834,4770.5699
1784521920000,0.26072,0.26452,0.25941,0.26234,3162,8262.6726
1784521980000,0.26257,0.2652,0.26211,0.2652,3862,10213.2402
1784522040000,0.26497,0.26544,0.26389,0.26544,793,2100.0075
1784522100000,0.26506,0.26528,0.26453,0.26495,1163,3082.0322
1784522160000,0.26538,0.2679,0.263,0.26619,52583,139316.4879
1784522220000,0.26604,0.26613,0.26182,0.26233,8243,21706.532
1784522280000,0.26203,0.26398,0.26203,0.26309,673,1768.2531
1784522340000,0.26353,0.26353,0.26151,0.26151,1110,2916.708
1784522400000,0.26141,0.26361,0.26092,0.26361,332,869.1357
1784522460000,0.26339,0.26389,0.26214,0.26214,762,2005.9867
1784522520000,0.26226,0.26232,0.26157,0.26205,6343,16618.3266
1784522580000,0.26205,0.26296,0.26178,0.26241,2135,5594.2257
1784522640000,0.26251,0.26251,0.26159,0.2618,1180,3091.617
1784522700000,0.26161,0.26271,0.26146,0.26231,32745,85945.5712
1784522760000,0.26241,0.26309,0.26217,0.26217,1865,4896.6412
1784522820000,0.26202,0.26209,0.25542,0.25802,5677,14636.0566
1784522880000,0.2578,0.25946,0.25422,0.25703,4531,11628.3287
1784522940000,0.25722,0.25892,0.25558,0.25618,9118,23440.8502
1784523000000,0.25543,0.25931,0.25543,0.25879,4280,11001.0529
1784523060000,0.25887,0.25943,0.25751,0.25751,975,2517.2989
1784523120000,0.25738,0.25867,0.25707,0.25867,197,507.725
1784523180000,0.25659,0.25706,0.2552,0.25628,2675,6844.6774
1784523240000,0.25646,0.25959,0.25574,0.25959,4558,11733.3356
1784523300000,0.26019,0.26019,0.257,0.25712,1687,4352.3953
1784523360000,0.25588,0.25616,0.25548,0.25585,2520,6449.2854
1784523420000,0.25556,0.2593,0.25556,0.25837,2058,5317.4916
1784523480000,0.25869,0.25963,0.25827,0.25848,303,785.1731
1784523540000,0.25784,0.25784,0.25577,0.25612,1358,3489.4538
1784523600000,0.25625,0.25714,0.25625,0.25676,161,413.2414
1784523660000,0.2561,0.25704,0.25484,0.25694,1908,4880.7661
1784523720000,0.25725,0.25872,0.25707,0.25872,991,2557.9665
1784523780000,0.25836,0.25836,0.25616,0.25717,1022,2620.6413
1784523840000,0.25734,0.25734,0.25313,0.25467,3777,9623.1982
1784523900000,0.25432,0.26002,0.2523,0.25622,10583,27102.281
1784523960000,0.2564,0.25843,0.25512,0.25512,1925,4943.2652
1784524020000,0.25606,0.25687,0.25429,0.25432,4023,10293.8987
1784524080000,0.25424,0.25622,0.25181,0.25622,6571,16606.6187
1784524140000,0.25633,0.25794,0.25585,0.25686,2574,6614.6487
1784524200000,0.25716,0.25716,0.25535,0.25656,2718,6958.4263
1784524260000,0.25657,0.25674,0.25558,0.25573,1107,2835.6349
1784524320000,0.25615,0.25828,0.25615,0.25828,1984,5105.9278
1784524380000,0.25861,0.26239,0.25836,0.2591,13007,33892.4969
1784524440000,0.25931,0.25931,0.25631,0.25648,880,2266.2263
1784524500000,0.25641,0.25728,0.25518,0.25552,461,1180.0528
1784524560000,0.25595,0.25644,0.25462,0.25528,734,1871.7926
1784524620000,0.25546,0.25563,0.2533,0.25563,510,1298.1072
1784524680000,0.25549,0.25551,0.25268,0.25289,2169,5519.8733
1784524740000,0.25363,0.2537,0.25043,0.25226,3938,9928.9514
1784524800000,0.25154,0.25479,0.25154,0.25479,600,1524.6286
1784524860000,0.25504,0.25639,0.24094,0.24361,19843,48423.0808
1784524920000,0.24363,0.24812,0.24315,0.24737,2515,6177.0767
1784524980000,0.2479,0.24831,0.23984,0.24134,12323,30020.8639
1784525040000,0.24247,0.24263,0.24059,0.24237,2422,5853.0718
1784525100000,0.24271,0.24695,0.24267,0.24478,3347,8189.4491
1784525160000,0.24429,0.24778,0.24282,0.24653,7418,18176.5856
1784525220000,0.24678,0.248,0.24541,0.24664,697,1720.5898
1784525280000,0.24715,0.24738,0.24599,0.24599,1357,3349.0001
1784525340000,0.24695,0.24746,0.24347,0.24348,1974,4830.7381
1784525400000,0.24406,0.24617,0.24249,0.24617,1682,4107.3461
1784525460000,0.24641,0.24641,0.24426,0.24493,2892,7087.7467
1784525520000,0.24561,0.24568,0.24451,0.24512,1648,4036.1578
1784525580000,0.24528,0.24685,0.24528,0.24616,935,2301.4543
1784525640000,0.24675,0.255,0.24624,0.25121,5039,12661.3667
1784525700000,0.25191,0.25191,0.24941,0.25106,313,783.3525
1784525760000,0.25068,0.251,0.24952,0.251,2890,7230.838
1784525820000,0.25101,0.25273,0.25074,0.25177,995,2506.4097
1784525880000,0.25249,0.25536,0.25171,0.25402,6644,16907.3489
1784525940000,0.25419,0.25419,0.25129,0.25153,895,2256.3257
1784526000000,0.25116,0.25123,0.24848,0.249,891,2222.0867
1784526060000,0.24898,0.24969,0.24748,0.24806,1361,3379.8324
1784526120000,0.24917,0.2525,0.24917,0.25248,1544,3890.3785
1784526180000,0.25255,0.25264,0.25034,0.25049,593,1491.3732
1784526240000,0.25009,0.2506,0.24961,0.25026,1905,4770.2739
1784526300000,0.25048,0.25071,0.24923,0.24931,3115,7782.896
1784526360000,0.24937,0.25003,0.24899,0.24943,759,1893.2881
1784526420000,0.24989,0.24995,0.24855,0.24882,2069,5151.8693
1784526480000,0.24906,0.24909,0.24783,0.24906,667,1658.4805
1784526540000,0.24891,0.24905,0.24817,0.24818,1686,4187.0546
1784526600000,0.24837,0.24927,0.24837,0.24899,1234,3073.065
1784526660000,0.24889,0.25039,0.24845,0.24994,53387,133458.7878
1784526720000,0.25019,0.25312,0.24962,0.25164,2259,5678.9377
1784526780000,0.2515,0.25238,0.2515,0.25171,329,829.1093
1784526840000,0.25176,0.25249,0.25146,0.25158,4765,12001.8122
1784526900000,0.25158,0.25333,0.25156,0.25316,41405,104859.0611
1784526960000,0.25306,0.25322,0.25067,0.25069,15111,38228.769
1784527020000,0.25043,0.25137,0.25007,0.2504,12271,30733.5149
1784527080000,0.24986,0.24988,0.24467,0.24755,20961,51704.0123
1784527140000,0.24755,0.24816,0.2462,0.2478,4169,10310.7559
1784527200000,0.24985,0.25077,0.2498,0.25077,397,993.9245
1784527260000,0.25029,0.25108,0.25009,0.25061,2913,7299.7626
1784527320000,0.25048,0.25122,0.25048,0.25069,2427,6085.7214
1784527380000,0.25086,0.25144,0.25078,0.25144,733,1840.907
1784527440000,0.25158,0.25263,0.25153,0.25245,315,793.9493
1784527500000,0.25289,0.25333,0.25158,0.25248,15379,38823.252
1784527560000,0.25305,0.25328,0.25268,0.25316,5086,12869.0729
1784545620000,0.28654,0.28985,0.28254,0.28985,6936,19831.1563
1784545680000,0.29,0.29339,0.28882,0.28966,13518,39413.9751
1784545740000,0.29028,0.29064,0.28859,0.29064,570,1650.256
1784545800000,0.29124,0.29271,0.29084,0.29271,1376,4015.8463
1784545860000,0.29236,0.29255,0.29107,0.29188,1582,4617.6482
1784545920000,0.29215,0.29216,0.29046,0.29078,564,1642.7556
1784545980000,0.29109,0.29156,0.29057,0.29156,383,1115.1591
1784546040000,0.29136,0.30485,0.29136,0.29639,69285,206913.5299
1784546100000,0.29639,0.29929,0.29476,0.29582,16963,50469.6922
1784546160000,0.29582,0.29678,0.29305,0.29432,4558,13446.0992
1784546220000,0.29352,0.29409,0.29243,0.29313,10511,30815.8646
1784546280000,0.29312,0.29423,0.29233,0.29297,1696,4972.423
1784546340000,0.29306,0.29356,0.29201,0.29251,2860,8367.7607
1784546400000,0.29279,0.29378,0.29073,0.292,1321,3866.1097
1784546460000,0.29263,0.29365,0.29018,0.29074,827,2414.7931
1784546520000,0.29091,0.29131,0.2858,0.28816,4225,12186.196
1784546580000,0.28812,0.29093,0.2879,0.2891,2650,7673.0971
1784546640000,0.28917,0.28956,0.28609,0.28711,1416,4073.9004
1784546700000,0.28731,0.28812,0.2858,0.28596,637,1826.6574
1784546760000,0.28657,0.28695,0.28587,0.28683,2796,8011.8771
1784546820000,0.28696,0.28724,0.28505,0.28602,863,2469.5602
1784546880000,0.28593,0.28615,0.28535,0.28571,1480,4229.1037
1784546940000,0.28566,0.28849,0.28566,0.2881,3344,9599.4906
1784547000000,0.28829,0.28829,0.28393,0.28432,1793,5115.8517
1784547060000,0.28449,0.28449,0.27833,0.27977,16144,45445.7725
1784547120000,0.27991,0.28252,0.27948,0.28129,8564,24068.3396
1784547180000,0.2815,0.28181,0.27787,0.27796,2666,7432.4013
1784547240000,0.27852,0.28263,0.27752,0.28182,15899,44556.7176
1784547300000,0.28184,0.28512,0.28149,0.28489,9745,27637.7795
1784547360000,0.28468,0.287,0.28149,0.28652,7332,20818.3911
1784547420000,0.28693,0.29067,0.28606,0.2887,17832,51583.5456
1784547480000,0.28905,0.28977,0.2876,0.2888,20351,58636.3096
1784547540000,0.28855,0.29165,0.28846,0.29053,3920,11343.905
1784547600000,0.2905,0.29091,0.2889,0.28945,681,1972.883
1784547660000,0.2896,0.291,0.28626,0.28653,6227,17903.1306
1784547720000,0.28671,0.28895,0.2851,0.28811,3314,9518.9839
1784547780000,0.28803,0.28803,0.28475,0.28475,2302,6568.3659
1784547840000,0.28536,0.28594,0.28343,0.28367,1324,3766.6695
1784547900000,0.28425,0.28876,0.28369,0.28726,5051,14465.0675
1784547960000,0.28719,0.28907,0.28719,0.28803,1521,4388.6206
1784548020000,0.28735,0.28806,0.2867,0.2878,829,2385.7161
1784548080000,0.2879,0.28797,0.28564,0.28568,1984,5674.871
1784548140000,0.28541,0.28616,0.28213,0.28232,1415,4009.4193
1784548200000,0.28333,0.28376,0.28161,0.28219,4556,12868.547
1784548260000,0.28248,0.28262,0.28128,0.28199,1581,4461.3926
1784548320000,0.28229,0.28714,0.28229,0.28651,3215,9185.9849
1784548380000,0.28578,0.28611,0.28516,0.28527,361,1030.8177
1784548440000,0.28517,0.28721,0.28476,0.28548,1837,5243.869
1784548500000,0.28577,0.29027,0.28577,0.28864,1032,2980.8877
1784548560000,0.28867,0.28879,0.28654,0.28719,1221,3511.3147
1784548620000,0.28745,0.28785,0.28652,0.28662,769,2207.3476
1784548680000,0.28742,0.28837,0.28692,0.28705,1906,5488.1491
1784548740000,0.2873,0.2873,0.28448,0.28465,2125,6068.9151
1784548800000,0.28546,0.2877,0.28546,0.28721,2504,7184.826
1784548860000,0.28719,0.28835,0.28592,0.28772,1669,4795.4937
1784548920000,0.28812,0.28893,0.28764,0.28764,692,1993.9138
1784548980000,0.28788,0.28805,0.28702,0.28791,719,2067.4879
1784549040000,0.28881,0.28975,0.28778,0.28874,2148,6207.0647
1784549100000,0.28979,0.29342,0.28921,0.291,9897,28958.5585
1784549160000,0.29076,0.29195,0.28929,0.28949,1355,3930.928
1784549220000,0.28935,0.28942,0.28655,0.28883,4261,12240.1525
1784549280000,0.28863,0.29096,0.287,0.28748,1493,4312.9072
1784549340000,0.28799,0.28826,0.28526,0.28545,1443,4128.8226
1784549400000,0.28528,0.28674,0.28279,0.28295,4434,12583.743
1784549460000,0.28369,0.28574,0.28366,0.28404,1835,5219.5761
1784549520000,0.28455,0.28493,0.28403,0.28406,445,1265.8087
1784549580000,0.28444,0.28731,0.28433,0.28557,973,2777.0015
1784549640000,0.28638,0.28826,0.28601,0.28826,2167,6212.1427
1784549700000,0.28839,0.28843,0.2865,0.28681,5901,16944.7687
1784549760000,0.28691,0.28714,0.28351,0.2856,3017,8595.2485
1784549820000,0.28577,0.28744,0.2856,0.28626,1312,3756.2093
1784549880000,0.28629,0.28656,0.28594,0.28594,966,2766.3466
1784549940000,0.28582,0.28595,0.28389,0.28389,2214,6307.0248
1784550000000,0.28399,0.28462,0.28221,0.28253,2498,7075.4286
1784550060000,0.28292,0.28333,0.28169,0.2828,5527,15608.0741
1784550120000,0.28295,0.28331,0.28136,0.2818,2949,8333.645
1784550180000,0.28221,0.28295,0.28203,0.28237,1491,4207.0435
1784550240000,0.28226,0.28316,0.28176,0.28262,781,2207.9711
1784550300000,0.28308,0.28308,0.28085,0.28164,2132,6011.0782
1784550360000,0.28177,0.28501,0.28175,0.28416,7542,21424.1998
1784550420000,0.28407,0.28459,0.28212,0.28223,6593,18677.5611
1784550480000,0.28262,0.28277,0.27896,0.28237,10848,30451.3448
1784550540000,0.28216,0.28297,0.281,0.28106,1723,4865.5363
1784550600000,0.28091,0.28388,0.2809,0.28314,3284,9292.3448
1784550660000,0.28335,0.28536,0.28333,0.28402,2976,8467.7703
1784550720000,0.28348,0.28356,0.28218,0.28341,1188,3363.4364
1784550780000,0.28441,0.28458,0.28262,0.28285,249,705.4987
1784550840000,0.28286,0.28493,0.28286,0.28443,1701,4838.4791
1784550900000,0.2845,0.2852,0.28382,0.28437,2376,6756.5919
1784550960000,0.28437,0.28468,0.28204,0.2834,3838,10870.8329
1784551020000,0.28341,0.28341,0.28181,0.28196,4846,13683.7216
1784551080000,0.28207,0.28305,0.28203,0.28229,707,1996.9101
1784551140000,0.28234,0.28524,0.28097,0.28307,29543,83523.4945
1784551200000,0.28342,0.28361,0.28255,0.28287,7459,21107.7763
1784551260000,0.28315,0.28516,0.28288,0.28468,4390,12482.8085
1784551320000,0.28476,0.28705,0.28399,0.28565,10191,29138.0703
1784551380000,0.2856,0.28669,0.28527,0.28597,1015,2902.141
1784551440000,0.28601,0.28659,0.28566,0.28641,1476,4226.411
1784551500000,0.28672,0.28672,0.28583,0.28634,798,2282.6457
1784551560000,0.28594,0.28771,0.28577,0.28685,1283,3682.0557
1784551620000,0.28631,0.28674,0.28618,0.28674,102,292.0572
1784551680000,0.2863,0.2863,0.28251,0.28376,818,2318.6855
1784551740000,0.284,0.28422,0.28285,0.28422,205,581.1069
1784551800000,0.28468,0.28661,0.28455,0.28661,709,2025.8497
1784551860000,0.2869,0.29178,0.28657,0.28776,7043,20330.8244
1784551920000,0.28742,0.2884,0.28666,0.28796,571,1642.5944
1784551980000,0.28765,0.28765,0.28458,0.2852,3420,9778.0155
1784552040000,0.28507,0.28508,0.28334,0.28412,323,917.5948
1784552100000,0.28379,0.28398,0.28311,0.28371,121,343.2125
1784552160000,0.285,0.28576,0.285,0.2857,390,1112.8708
1784552220000,0.28624,0.28657,0.285,0.285,405,1157.8349
1784552280000,0.28496,0.28617,0.2843,0.286,1992,5673.2237
1784552340000,0.28556,0.28639,0.28553,0.28562,595,1701.8109
1784552400000,0.28574,0.28657,0.28545,0.2856,360,1028.729
1784552460000,0.286,0.28612,0.28484,0.28484,266,759.5219
1784552520000,0.28453,0.28458,0.28266,0.28293,6352,17996.2512
1784552580000,0.28274,0.28275,0.28082,0.28226,5891,16600.2863
1784552640000,0.28225,0.28499,0.28225,0.28414,1729,4911.5902
1784552700000,0.28424,0.28435,0.28077,0.28162,1756,4954.5661
1784552760000,0.28187,0.28208,0.2796,0.28,5730,16104.6401
1784552820000,0.28056,0.28077,0.2714,0.27604,22379,61824.5762
1784552880000,0.27609,0.27637,0.27203,0.27581,5091,13976.9762
1784552940000,0.27585,0.27621,0.27167,0.27185,12264,33483.0092
1784553000000,0.27198,0.27396,0.26893,0.27044,8489,23019.5024
1784553060000,0.27041,0.27206,0.26902,0.27038,2326,6299.8722
1784553120000,0.27091,0.27615,0.27091,0.27593,6640,18251.415
1784553180000,0.27622,0.27648,0.27141,0.27512,5048,13837.8628
1784553240000,0.27543,0.27544,0.27246,0.27361,5801,15868.8461
1784553300000,0.27377,0.27406,0.26982,0.27181,3073,8351.6854
1784553360000,0.27224,0.27719,0.27224,0.27669,5252,14477.1106
1784553420000,0.27711,0.27985,0.27682,0.27719,3689,10272.563
1784553480000,0.27708,0.27842,0.2763,0.27744,1105,3062.0718
1784553540000,0.27797,0.27799,0.27665,0.27728,549,1523.535
1784553600000,0.27683,0.27697,0.27456,0.27643,1058,2917.6303
1784553660000,0.27643,0.27774,0.27517,0.27552,1779,4916.8468
1784553720000,0.27582,0.27588,0.27273,0.27351,2873,7871.6889
1784553780000,0.27383,0.27552,0.27383,0.27522,955,2623.7272
1784553840000,0.27543,0.27555,0.27423,0.27428,2192,6019.0626
1784553900000,0.27465,0.27689,0.27464,0.276,1574,4345.5312
1784553960000,0.2756,0.2758,0.274,0.27491,633,1737.7693
1784554020000,0.27487,0.27538,0.27243,0.27243,242,663.1935
1784554080000,0.27216,0.27216,0.2688,0.27007,4604,12456.6976
1784554140000,0.27025,0.27113,0.2695,0.26997,1259,3402.6898
1784554200000,0.26974,0.27266,0.26962,0.27266,1944,5267.2404
1784554260000,0.27348,0.27349,0.26735,0.26887,5063,13662.2053
1784554320000,0.26892,0.27242,0.26892,0.27242,2527,6837.8129
1784554380000,0.27238,0.27272,0.27087,0.27127,1079,2933.3438
1784554440000,0.27141,0.27179,0.27019,0.27024,506,1372.3861
1784554500000,0.26953,0.26962,0.26346,0.26799,6822,18174.3401
1784554560000,0.26875,0.27182,0.26841,0.26844,3824,10335.0715
1784554620000,0.26842,0.27087,0.26841,0.27023,2307,6220.2291
1784554680000,0.27049,0.27101,0.26955,0.27074,966,2612.275
1784554740000,0.27085,0.27362,0.27063,0.27294,2017,5503.0429
1784554800000,0.2734,0.27508,0.27261,0.27307,1909,5233.3773
1784554860000,0.27286,0.27397,0.27202,0.27376,3727,10155.8678
1784554920000,0.27401,0.27434,0.2722,0.2722,1548,4230.9172
1784554980000,0.2721,0.27312,0.27003,0.27075,1982,5368.6821
1784555040000,0.27106,0.27348,0.27106,0.27348,961,2617.7849
1784555100000,0.27364,0.27402,0.27027,0.27125,911,2477.0848
1784555160000,0.27134,0.27208,0.27031,0.27117,4674,12678.44
1784555220000,0.2705,0.27125,0.26997,0.2711,5072,13735.2056
1784555280000,0.27131,0.27597,0.27103,0.27421,4335,11880.6617
1784555340000,0.27432,0.28933,0.27432,0.28662,14030,40038.6818
1784555400000,0.28639,0.28639,0.28218,0.28247,5925,16829.3264
1784555460000,0.28255,0.28486,0.28157,0.28415,1628,4616.1746
1784555520000,0.2833,0.28444,0.28238,0.28432,3369,9541.8604
1784555580000,0.28442,0.28719,0.2837,0.28543,4743,13524.1162
1784555640000,0.28508,0.28508,0.2836,0.28408,2877,8182.4987
1784555700000,0.28373,0.28649,0.28337,0.28553,1452,4137.6993
1784555760000,0.2853,0.2869,0.28439,0.28684,2418,6899.5757
1784555820000,0.28656,0.288,0.28528,0.28591,5525,15821.4256
1784555880000,0.28569,0.29211,0.28569,0.28966,13914,40292.1147
1784555940000,0.28975,0.29499,0.28878,0.29185,3664,10707.5672
1784556000000,0.29252,0.29579,0.28779,0.28779,4045,11814.7109
1784556060000,0.28865,0.29136,0.28819,0.29045,1132,3270.6949
1784556120000,0.29073,0.29331,0.28985,0.28989,5639,16447.193
1784556180000,0.29025,0.2934,0.29024,0.2922,3318,9704.4081
1784556240000,0.29236,0.29375,0.29161,0.29289,2287,6693.1852
1784556300000,0.29224,0.2923,0.29015,0.29158,224,652.4944
1784556360000,0.29145,0.29238,0.29047,0.29119,2356,6854.9317
1784556420000,0.28932,0.28932,0.28441,0.28646,7679,22008.839
1784556480000,0.28602,0.28665,0.28406,0.28647,1373,3922.1516
1784556540000,0.28646,0.28646,0.28345,0.28414,2204,6264.3352
1784556600000,0.28418,0.29227,0.28332,0.28985,6077,17550.905
1784556660000,0.28962,0.28997,0.28774,0.28774,1264,3648.0462
1784556720000,0.28753,0.28846,0.2844,0.285,1595,4561.7377
1784556780000,0.28581,0.28596,0.28426,0.28519,5317,15139.5951
1784556840000,0.28486,0.28545,0.28304,0.28339,7448,21202.2847
1784556900000,0.28331,0.28982,0.28242,0.28809,15009,42995.3432
1784556960000,0.28674,0.28846,0.28618,0.28632,1977,5674.2391
1784557020000,0.28643,0.28643,0.28493,0.28493,2068,5910.3899
1784557080000,0.28505,0.28702,0.28384,0.28512,2201,6268.0805
1784557140000,0.28458,0.28585,0.28421,0.28561,807,2301.1942
1784557200000,0.28698,0.28699,0.28548,0.28609,1036,2966.722
1784557260000,0.28612,0.28832,0.28598,0.28758,1402,4030.2179
1784557320000,0.28805,0.28855,0.28706,0.28777,982,2824.8848
1784557380000,0.28761,0.28977,0.28761,0.28868,4984,14420.9275
1784557440000,0.28749,0.28801,0.28636,0.28636,488,1401.0628
1784557500000,0.28709,0.28718,0.28605,0.28671,854,2445.2722
1784557560000,0.28694,0.28808,0.28675,0.28684,822,2361.2319
1784575620000,0.28418,0.2843,0.28307,0.28424,245,695.3336
1784575680000,0.28424,0.28431,0.28312,0.28427,1157,3281.0553
1784575740000,0.28403,0.28438,0.28353,0.28422,1055,2995.208
1784575800000,0.28402,0.28447,0.28402,0.28447,314,892.5571
1784575860000,0.28397,0.28397,0.28239,0.28239,524,1482.7739
1784575920000,0.28237,0.28422,0.28228,0.28371,899,2545.8564
1784575980000,0.28377,0.2839,0.28349,0.28362,146,414.1693
1784576040000,0.28342,0.28342,0.28277,0.28327,313,886.1316
1784576100000,0.28333,0.28339,0.28182,0.28202,2957,8340.7222
1784576160000,0.28232,0.28347,0.28226,0.28311,681,1925.5323
1784576220000,0.28296,0.28438,0.28255,0.28389,487,1379.719
1784576280000,0.28413,0.28478,0.2838,0.28411,393,1117.8663
1784576340000,0.28419,0.28419,0.28364,0.28401,1823,5176.052
1784576400000,0.28402,0.28532,0.28398,0.28511,287,817.3424
1784576460000,0.28625,0.28692,0.28576,0.28669,2499,7156.0633
1784576520000,0.28583,0.2878,0.28519,0.28676,3338,9557.1394
1784576580000,0.28721,0.28721,0.2862,0.2862,852,2443.5998
1784576640000,0.28597,0.2862,0.28536,0.2862,1622,4633.6728
1784576700000,0.2862,0.2862,0.28608,0.28608,527,1508.189
1784576760000,0.2858,0.2858,0.28416,0.285,3636,10345.7046
1784576820000,0.28473,0.28667,0.28473,0.28667,451,1284.8607
1784576880000,0.28666,0.28846,0.28654,0.28803,13647,39268.1984
1784576940000,0.28757,0.28757,0.28648,0.28689,812,2330.7502
1784577000000,0.28659,0.28724,0.28647,0.28724,1719,4932.4096
1784577060000,0.28693,0.28715,0.28481,0.28481,4904,13987.0033
1784577120000,0.28448,0.28561,0.28377,0.28516,5464,15532.958
1784577180000,0.28492,0.28528,0.2847,0.28506,995,2836.1372
1784577240000,0.28462,0.28462,0.28402,0.28436,454,1291.0527
1784577300000,0.28374,0.28374,0.28253,0.28253,1296,3671.2587
1784577360000,0.28283,0.283,0.2795,0.27972,1530,4296.8359
1784577420000,0.28017,0.28228,0.28016,0.28198,5426,15278.9875
1784577480000,0.28193,0.28256,0.281,0.2814,753,2119.8091
1784577540000,0.28167,0.2819,0.28058,0.28137,2372,6672.3282
1784577600000,0.28132,0.28285,0.28132,0.2821,424,1195.9355
1784577660000,0.28196,0.28214,0.27988,0.28044,1144,3211.8312
1784577720000,0.28128,0.28348,0.28128,0.28313,1918,5421.8219
1784577780000,0.28288,0.28477,0.28288,0.28426,3423,9736.4909
1784577840000,0.28449,0.28557,0.2838,0.28431,6089,17360.0675
1784577900000,0.28442,0.28487,0.28398,0.284,633,1800.7722
1784577960000,0.28416,0.28416,0.28091,0.28167,2695,7619.1511
1784578020000,0.28139,0.2832,0.28018,0.28263,2262,6354.375
1784578080000,0.28255,0.28272,0.2811,0.2815,1577,4444.7632
1784578140000,0.28101,0.28168,0.27675,0.27779,5518,15374.6446
1784578200000,0.27819,0.27877,0.27589,0.27775,6358,17602.136
1784578260000,0.27796,0.27833,0.27663,0.27713,813,2255.8878
1784578320000,0.27695,0.27716,0.27644,0.27698,4929,13651.219
1784578380000,0.27698,0.2773,0.27509,0.2773,11286,31224.35
1784578440000,0.27715,0.27734,0.27634,0.27634,2137,5910.9634
1784578500000,0.27634,0.27869,0.27634,0.27863,2457,6800.761
1784578560000,0.27855,0.27993,0.27767,0.27993,2539,7082.5249
1784578620000,0.2795,0.2798,0.27843,0.2798,323,902.283
1784578680000,0.2795,0.28106,0.27859,0.28106,4439,12457.1247
1784578740000,0.28079,0.28191,0.2807,0.28111,2007,5647.5829
1784578800000,0.28138,0.28159,0.27993,0.28062,594,1664.9906
1784578860000,0.28099,0.28265,0.28099,0.28188,314,885.1137
1784578920000,0.28214,0.28332,0.28214,0.28321,967,2737.1073
1784578980000,0.28319,0.2832,0.2807,0.28081,1053,2972.2787
1784579040000,0.28087,0.28109,0.27993,0.28006,1146,3212.5263
1784579100000,0.28063,0.28143,0.27996,0.28025,4733,13270.9733
1784579160000,0.28031,0.28081,0.27969,0.27972,368,1031.8403
1784579220000,0.28015,0.28242,0.27885,0.28242,3301,9247.9114
1784579280000,0.28255,0.28616,0.28245,0.28486,4424,12592.3781
1784579340000,0.28431,0.28447,0.28363,0.28366,534,1517.6779
1784579400000,0.28387,0.28555,0.28313,0.28481,1719,4891.5514
1784579460000,0.28485,0.285,0.28411,0.285,666,1897.6877
1784579520000,0.28409,0.28555,0.28409,0.28512,280,798.0475
1784579580000,0.28482,0.28538,0.28434,0.28447,429,1221.0814
1784579640000,0.28381,0.28411,0.28256,0.28411,2234,6325.5557
1784579700000,0.28372,0.28372,0.2819,0.28238,1726,4873.5047
1784579760000,0.28235,0.28263,0.28111,0.28155,308,869.2375
1784579820000,0.28125,0.28125,0.28071,0.28103,480,1348.7878
1784579880000,0.281,0.28168,0.28085,0.28085,290,815.4155
1784579940000,0.28102,0.28172,0.28102,0.28141,182,512.2955
1784580000000,0.28168,0.28188,0.28161,0.28161,16280,45889.4121
1784580060000,0.28158,0.28188,0.28103,0.28188,4355,12271.5527
1784580120000,0.2818,0.28192,0.2813,0.28162,6330,17809.7679
1784580180000,0.28161,0.28173,0.2813,0.28146,10277,28909.7696
1784580240000,0.2813,0.28398,0.2813,0.28397,818,2312.8459
1784580300000,0.28412,0.28451,0.28321,0.28321,118,335.0013
1784580360000,0.2833,0.28376,0.28293,0.28293,442,1251.9459
1784580420000,0.28377,0.28377,0.28231,0.28231,338,957.6188
1784580480000,0.28175,0.28175,0.2791,0.27979,12714,35587.1188
1784580540000,0.27979,0.27979,0.27841,0.27964,1674,4668.8224
1784580600000,0.27971,0.28084,0.27971,0.28017,746,2090.955
1784580660000,0.28028,0.28278,0.28028,0.28224,757,2137.0952
1784580720000,0.28229,0.28233,0.28149,0.28149,640,1803.1776
1784580780000,0.28186,0.28205,0.28154,0.28187,869,2449.3526
1784580840000,0.28245,0.28245,0.28213,0.28213,60,169.3868
1784580900000,0.28216,0.28272,0.28136,0.28272,324,913.9045
1784580960000,0.28271,0.28271,0.28176,0.28176,100,282.2874
1784581020000,0.28175,0.28215,0.28174,0.28197,209,589.2111
1784581080000,0.28224,0.28245,0.28206,0.28206,315,889.2709
1784581140000,0.28238,0.28335,0.28238,0.28324,539,1524.9736
1784581200000,0.28338,0.28371,0.28262,0.28329,1957,5538.3839
1784581260000,0.28277,0.28325,0.28277,0.28316,68,192.439
1784581320000,0.28279,0.28367,0.28274,0.28299,234,662.2967
1784581380000,0.28292,0.28544,0.28292,0.28532,13388,38168.4414
1784581440000,0.28532,0.28722,0.28517,0.28602,25726,73476.0796
1784581500000,0.28603,0.29111,0.2857,0.286,9037,26035.0902
1784581560000,0.28584,0.28802,0.28584,0.28626,3279,9412.0429
1784581620000,0.2863,0.28632,0.28448,0.28528,1178,3364.3591
1784581680000,0.28531,0.28533,0.28433,0.28483,1503,4281.5129
1784581740000,0.2849,0.28597,0.284,0.28511,2442,6956.9384
1784581800000,0.28479,0.28531,0.28429,0.28445,2040,5809.5265
1784581860000,0.28441,0.28451,0.283,0.28407,2794,7919.4987
1784581920000,0.28358,0.28358,0.28107,0.28135,13015,36736.1256
1784581980000,0.28134,0.28521,0.28134,0.28305,1573,4446.6218
1784582040000,0.283,0.28333,0.28105,0.28105,6558,18526.5783
1784582100000,0.2811,0.28222,0.2811,0.28187,951,2677.5639
1784582160000,0.28184,0.28211,0.28043,0.28077,2954,8304.2264
1784582220000,0.28113,0.2816,0.28,0.28078,3735,10488.2831
1784582280000,0.28108,0.28416,0.28108,0.28336,1098,3106.5259
1784582340000,0.28355,0.28386,0.2832,0.28349,770,2183.7433
1784582400000,0.2836,0.28494,0.28342,0.28456,386,1095.758
1784582460000,0.28459,0.28475,0.28435,0.28456,115,327.1862
1784582520000,0.2843,0.28459,0.28376,0.28376,161,457.4935
1784582580000,0.28391,0.28399,0.28134,0.28134,654,1850.1974
1784582640000,0.28185,0.2842,0.28185,0.28378,1053,2980.4097
1784582700000,0.28392,0.28447,0.28276,0.28276,437,1242.244
1784582760000,0.28302,0.28389,0.28302,0.28389,278,788.6607
1784582820000,0.28363,0.28372,0.28267,0.28309,151,427.6838
1784582880000,0.28326,0.28339,0.28267,0.28267,1318,3727.0537
1784582940000,0.28314,0.28447,0.28274,0.28396,783,2220.8906
1784583000000,0.28437,0.28604,0.28387,0.28528,202,575.885
1784583060000,0.28518,0.28631,0.28393,0.28503,2510,7157.0382
1784583120000,0.28524,0.28526,0.28435,0.2844,733,2086.2461
1784583180000,0.28452,0.28469,0.28267,0.2829,947,2681.4002
1784583240000,0.28268,0.28268,0.28182,0.28264,377,1065.3651
1784583300000,0.28262,0.28265,0.28095,0.28095,1008,2844.8909
1784583360000,0.28144,0.28144,0.28,0.28035,6066,16995.5721
1784583420000,0.28069,0.28069,0.27973,0.27973,3472,9721.8765
1784583480000,0.27971,0.2798,0.27804,0.2788,1649,4597.0195
1784583540000,0.27884,0.28414,0.27781,0.28076,31679,88812.0117
1784583600000,0.28075,0.28252,0.28025,0.28083,4571,12855.7279
1784583660000,0.2806,0.28076,0.27939,0.28043,3533,9894.7841
1784583720000,0.28012,0.28054,0.27701,0.27946,6612,18475.8612
1784583780000,0.27941,0.27952,0.27778,0.27866,1723,4803.3989
1784583840000,0.27864,0.27976,0.27864,0.27976,721,2014.2685
1784583900000,0.28008,0.28015,0.27864,0.27898,2245,6271.7106
1784583960000,0.27911,0.27911,0.2775,0.27789,1445,4014.504
1784584020000,0.27809,0.27911,0.27794,0.27893,9704,26994.8048
1784584080000,0.27886,0.27886,0.27807,0.27857,746,2077.8295
1784584140000,0.27879,0.2792,0.2786,0.2786,500,1394.8831
1784584200000,0.27907,0.27907,0.27727,0.2774,1734,4811.6292
1784584260000,0.27709,0.27726,0.27585,0.27676,4327,11958.4744
1784584320000,0.27735,0.2774,0.27546,0.27607,2011,5551.2424
1784584380000,0.27644,0.27714,0.26918,0.27378,19948,54213.1828
1784584440000,0.27336,0.27377,0.27043,0.27237,8100,21967.7646
1784584500000,0.2722,0.27336,0.27217,0.27324,1669,4555.428
1784584560000,0.27343,0.27471,0.273,0.27456,3028,8290.4114
1784584620000,0.27448,0.2748,0.27336,0.27351,1615,4428.9365
1784584680000,0.27371,0.27478,0.27371,0.27463,2072,5688.08
1784584740000,0.27473,0.27494,0.27407,0.27494,1340,3680.3416
1784584800000,0.27379,0.27379,0.27116,0.27208,3748,10188.0671
1784584860000,0.27252,0.27496,0.27184,0.27496,1120,3054.3653
1784584920000,0.27475,0.27485,0.27341,0.27355,1262,3455.6327
1784584980000,0.27384,0.27418,0.27216,0.27216,299,818.2551
1784585040000,0.27272,0.27308,0.27109,0.27192,335,910.6372
1784585100000,0.2723,0.27304,0.27121,0.27213,1367,3722.5098
1784585160000,0.27226,0.27262,0.2691,0.26955,43191,116653.2034
1784585220000,0.26963,0.27103,0.26907,0.26996,4721,12728.0346
1784585280000,0.2697,0.27049,0.26885,0.26942,11377,30670.3642
1784585340000,0.2697,0.26992,0.26873,0.26917,2390,6434.3171
1784585400000,0.26864,0.26935,0.26815,0.26901,792,2127.7361
1784585460000,0.26917,0.27035,0.26917,0.27035,490,1322.0046
1784585520000,0.27033,0.27133,0.26994,0.27127,5340,14454.5742
1784585580000,0.27111,0.27112,0.26924,0.27039,1908,5149.6743
1784585640000,0.27039,0.2704,0.26978,0.27008,641,1731.3079
1784585700000,0.2702,0.27241,0.26995,0.27222,1650,4482.8252
1784585760000,0.27195,0.273,0.27114,0.27235,1793,4877.613
1784585820000,0.27233,0.27239,0.2706,0.27073,1391,3781.7779
1784585880000,0.27068,0.27161,0.27038,0.27092,1133,3067.3577
1784585940000,0.27103,0.27125,0.26904,0.26919,479,1293.0326
1784586000000,0.26905,0.26905,0.26733,0.26837,3314,8877.2365
1784586060000,0.26858,0.27142,0.26858,0.2708,2408,6491.6816
1784586120000,0.27059,0.2708,0.26945,0.26979,7055,19071.9386
1784586180000,0.2702,0.27218,0.26981,0.27218,1627,4403.434
1784586240000,0.27144,0.27264,0.27093,0.27093,5215,14192.1151
1784586300000,0.2715,0.27637,0.27146,0.2747,6699,18388.1365
1784586360000,0.27461,0.27461,0.27221,0.27314,1130,3092.71
1784586420000,0.27305,0.27375,0.27305,0.27375,1137,3108.1784
1784586480000,0.27359,0.27359,0.27173,0.27202,920,2504.4404
1784586540000,0.27231,0.27249,0.27204,0.27249,114,310.4128
1784586600000,0.27246,0.27246,0.27172,0.27183,943,2566.4001
1784586660000,0.27203,0.27386,0.27203,0.27295,783,2139.0604
1784586720000,0.27289,0.27294,0.2719,0.27194,117,318.5561
1784586780000,0.27097,0.27186,0.27015,0.2715,1045,2829.7687
1784586840000,0.27193,0.27371,0.27139,0.27139,1881,5138.6403
1784586900000,0.27159,0.27326,0.27159,0.27307,326,888.1055
1784586960000,0.27309,0.27309,0.27197,0.27197,121,329.7805
1784587020000,0.27137,0.27236,0.27131,0.27136,91,247.4827
1784587080000,0.27224,0.27266,0.27126,0.27235,9265,25213.814
1784587140000,0.27252,0.2727,0.27173,0.27194,1013,2758.0081
1784587200000,0.27224,0.27224,0.2703,0.2706,859,2329.6393
1784587260000,0.27042,0.27116,0.26968,0.27042,1285,3476.1404
1784587320000,0.27012,0.27012,0.27012,0.27012,3,8.1036
1784587380000,0.2702,0.2718,0.2701,0.2718,896,2426.9798
1784587440000,0.27185,0.27185,0.27069,0.27087,9724,26390.0818
1784587500000,0.27143,0.27198,0.27103,0.27103,139,377.2954
1784587560000,0.27139,0.27258,0.27139,0.2724,877,2384.6205
1784605620000,0.26712,0.26744,0.26675,0.26675,22,58.78
1784605680000,0.26703,0.26914,0.26655,0.26816,535,1431.0735
1784605740000,0.26865,0.2692,0.26793,0.26896,2020,5423.2852
1784605800000,0.26864,0.26922,0.26742,0.26777,14286,38323.0842
1784605860000,0.26799,0.26976,0.26792,0.26976,4028,10823.783
1784605920000,0.27016,0.27018,0.26919,0.26922,312,840.6788
1784605980000,0.2691,0.2713,0.2691,0.27101,857,2313.4857
1784606040000,0.27115,0.27135,0.27072,0.27079,243,658.3843
1784606100000,0.27073,0.27264,0.27067,0.27183,1037,2813.8146
1784606160000,0.27187,0.27257,0.26937,0.26981,1481,4009.9143
1784606220000,0.2701,0.27104,0.26895,0.26928,19498,52601.3066
1784606280000,0.26921,0.27021,0.26916,0.27021,1631,4399.9344
1784606340000,0.2703,0.27052,0.26879,0.26881,1466,3951.8419
1784606400000,0.26947,0.27143,0.26947,0.27013,4745,12824.4172
1784606460000,0.27047,0.27082,0.26772,0.26826,8725,23474.0019
1784606520000,0.26845,0.26852,0.26659,0.267,6069,16238.1501
1784606580000,0.26692,0.26739,0.26505,0.26531,3777,10044.784
1784606640000,0.26521,0.26526,0.26242,0.264,2342,6176.1802
1784606700000,0.2646,0.2646,0.26296,0.26318,982,2587.1305
1784606760000,0.26286,0.2661,0.26286,0.2661,2489,6586.7291
1784606820000,0.26605,0.26665,0.26456,0.26456,1494,3964.8453
1784606880000,0.26489,0.26607,0.2648,0.2648,1024,2718.3732
1784606940000,0.2649,0.26535,0.26371,0.26535,1615,4276.2056
1784607000000,0.26542,0.26728,0.25774,0.25934,7521,19652.6027
1784607060000,0.25916,0.25987,0.25828,0.25872,6797,17613.7649
1784607120000,0.25896,0.25924,0.25786,0.25815,5488,14172.2059
1784607180000,0.25777,0.26218,0.25717,0.26123,3763,9739.9962
1784607240000,0.26075,0.26156,0.25812,0.26131,809,2102.7368
1784607300000,0.26045,0.2607,0.25815,0.25883,584,1514.2748
1784607360000,0.25872,0.25872,0.25611,0.25719,11221,28817.272
1784607420000,0.25702,0.2572,0.25186,0.25395,36173,91831.2087
1784607480000,0.25357,0.25846,0.25339,0.25831,3555,9123.4318
1784607540000,0.25829,0.26596,0.25816,0.26596,6290,16474.5197
1784607600000,0.26641,0.26747,0.26551,0.26571,2385,6346.3376
1784607660000,0.26574,0.27135,0.26574,0.26958,1070,2878.9003
1784607720000,0.26914,0.26977,0.26788,0.26859,1571,4220.0665
1784607780000,0.26847,0.26847,0.26293,0.26293,971,2573.246
1784607840000,0.26293,0.26321,0.25875,0.25912,601,1569.5151
1784607900000,0.2585,0.26796,0.25823,0.26228,5152,13557.158
1784607960000,0.26238,0.26397,0.26042,0.26042,1550,4063.2348
1784608020000,0.26003,0.26428,0.25976,0.26428,1035,2720.8158
1784608080000,0.26371,0.26382,0.26098,0.2614,2351,6181.2551
1784608140000,0.26139,0.26403,0.2613,0.2623,1022,2689.3162
1784608200000,0.26258,0.26292,0.26147,0.26189,291,763.5689
1784608260000,0.2624,0.2647,0.26216,0.26463,366,963.1768
1784608320000,0.26496,0.26496,0.26363,0.26437,94,248.4184
1784608380000,0.26403,0.26403,0.26282,0.26285,215,566.042
1784608440000,0.26287,0.26287,0.26042,0.26067,581,1517.8387
1784608500000,0.26039,0.26296,0.26015,0.26199,17405,45504.3604
1784608560000,0.26206,0.26217,0.26101,0.26163,1245,3258.8278
1784608620000,0.26183,0.26293,0.26175,0.26256,273,716.0081
1784608680000,0.26175,0.26175,0.2601,0.2601,482,1258.638
1784608740000,0.26008,0.26008,0.25875,0.25955,397,1030.8821
1784608800000,0.26004,0.26291,0.2598,0.26244,915,2398.6519
1784608860000,0.26207,0.26276,0.26207,0.26241,95,249.3959
1784608920000,0.26166,0.26228,0.26166,0.26206,36,94.3814
1784608980000,0.26093,0.26096,0.2556,0.25949,6623,17143.6615
1784609040000,0.25925,0.26141,0.25892,0.26057,802,2083.922
1784609100000,0.2604,0.26252,0.2603,0.26072,487,1274.6132
1784609160000,0.25956,0.26055,0.25927,0.26037,831,2163.5713
1784609220000,0.25952,0.26067,0.25939,0.25953,869,2258.0704
1784609280000,0.25969,0.26012,0.25892,0.25986,353,916.121
1784609340000,0.2596,0.2596,0.25792,0.25851,772,1995.8611
1784609400000,0.2588,0.2588,0.25708,0.25766,495,1274.985
1784609460000,0.25803,0.25888,0.25717,0.25717,3477,8983.7519
1784609520000,0.25719,0.25793,0.25719,0.25793,944,2431.6484
1784609580000,0.258,0.25826,0.25713,0.25725,1169,3009.2189
1784609640000,0.25767,0.25795,0.25753,0.25789,609,1569.7675
1784609700000,0.2581,0.2581,0.25764,0.25764,65,167.6406
1784609760000,0.25798,0.25852,0.25798,0.25852,75,193.7688
1784609820000,0.25829,0.25829,0.25782,0.25808,194,500.6284
1784609880000,0.25784,0.25795,0.25761,0.25772,195,502.6871
1784609940000,0.25743,0.25782,0.25675,0.2574,1261,3245.6173
1784610000000,0.25666,0.25691,0.25645,0.25653,413,1060.1014
1784610060000,0.25702,0.25867,0.25702,0.25705,1151,2966.0006
1784610120000,0.25692,0.25813,0.25692,0.25813,140,360.594
1784610180000,0.25797,0.25832,0.25594,0.25596,575,1475.6172
1784610240000,0.2562,0.25627,0.2559,0.25613,177,453.2887
1784610300000,0.25597,0.25829,0.25579,0.25583,2093,5367.9718
1784610360000,0.25586,0.25611,0.2532,0.25494,2476,6310.2351
1784610420000,0.25544,0.25699,0.25465,0.25697,1615,4118.6843
1784610480000,0.25701,0.26004,0.25701,0.25883,359,929.697
1784610540000,0.25907,0.25916,0.25784,0.25833,385,994.9356
1784610600000,0.2577,0.25808,0.25756,0.25756,107,275.8777
1784610660000,0.25724,0.25783,0.25612,0.2568,411,1054.6728
1784610720000,0.25589,0.25589,0.25417,0.25532,3172,8091.0859
1784610780000,0.25702,0.25702,0.25541,0.25693,972,2490.1682
1784610840000,0.25699,0.25742,0.25597,0.25609,577,1479.84
1784610900000,0.25602,0.25697,0.25602,0.25696,322,826.9387
1784610960000,0.25725,0.25743,0.25662,0.25743,908,2335.3096
1784611020000,0.25763,0.25796,0.25723,0.25723,46,118.5363
1784611080000,0.25769,0.25963,0.25769,0.2595,574,1483.9246
1784611140000,0.25944,0.26129,0.25882,0.25926,2134,5556.4143
1784611200000,0.25878,0.25901,0.25771,0.25876,100,258.2201
1784611260000,0.25716,0.25716,0.25613,0.25708,962,2465.6051
1784611320000,0.25787,0.25787,0.2563,0.25688,853,2187.961
1784611380000,0.25662,0.25929,0.25658,0.25844,1162,2995.5135
1784611440000,0.25845,0.25901,0.25745,0.25745,445,1149.451
1784611500000,0.25769,0.25812,0.25769,0.25808,30,77.4128
1784611560000,0.25804,0.25848,0.25786,0.25843,420,1083.9208
1784611620000,0.25885,0.25981,0.25844,0.25844,1497,3879.6749
1784611680000,0.25834,0.25851,0.25805,0.25808,103,266.0843
1784611740000,0.25772,0.2584,0.25772,0.25814,442,1140.2233
1784611800000,0.25792,0.25792,0.25722,0.25733,44,113.2473
1784611860000,0.25722,0.25794,0.25698,0.25794,130,334.5714
1784611920000,0.25857,0.26588,0.25857,0.26444,3206,8436.3921
1784611980000,0.26438,0.26892,0.26412,0.26737,2590,6900.3365
1784612040000,0.26693,0.26972,0.26693,0.26903,1044,2807.2398
1784612100000,0.26921,0.2695,0.26784,0.26848,580,1558.2339
1784612160000,0.26852,0.27236,0.26813,0.27178,2794,7562.2716
1784612220000,0.27196,0.28119,0.2676,0.26781,20176,55546.6653
1784612280000,0.26761,0.26946,0.26431,0.26553,1832,4900.4823
1784612340000,0.26579,0.2663,0.2586,0.25971,10852,28503.537
1784612400000,0.26064,0.26345,0.26043,0.26203,6634,17381.1185
1784612460000,0.26187,0.26209,0.2598,0.26047,1793,4686.5421
1784612520000,0.26008,0.26148,0.25456,0.25539,14017,36117.3342
1784612580000,0.25551,0.25592,0.2395,0.2444,154046,377446.4515
1784612640000,0.24485,0.24737,0.2379,0.24516,19382,46708.7564
1784612700000,0.24542,0.24931,0.24542,0.24687,11197,27728.5085
1784612760000,0.24749,0.2506,0.24578,0.248,8409,20909.3263
1784612820000,0.24796,0.24796,0.24202,0.24482,17045,41645.0679
1784612880000,0.24523,0.24669,0.24371,0.24374,4159,10203.4585
1784612940000,0.24345,0.2457,0.2429,0.24327,3066,7479.7973
1784613000000,0.24383,0.24693,0.24328,0.24655,3984,9814.0375
1784613060000,0.24644,0.24644,0.24453,0.2452,1398,3436.3175
1784613120000,0.24535,0.24591,0.24439,0.24439,1548,3793.3382
1784613180000,0.24412,0.24483,0.24342,0.24471,735,1796.0301
1784613240000,0.24454,0.24485,0.24301,0.24353,3493,8533.1388
1784613300000,0.24371,0.24371,0.24071,0.2423,5101,12334.2234
1784613360000,0.24141,0.24149,0.23802,0.23964,4241,10187.5652
1784613420000,0.23954,0.24365,0.23954,0.24279,1409,3423.1285
1784613480000,0.24233,0.24233,0.24151,0.24151,2954,7148.4959
1784613540000,0.24172,0.24328,0.24152,0.24213,520,1261.0066
1784613600000,0.24254,0.24641,0.24254,0.24577,2505,6136.8039
1784613660000,0.24405,0.24569,0.24379,0.24569,454,1110.5361
1784613720000,0.24465,0.24465,0.24221,0.24243,1012,2456.1772
1784613780000,0.24181,0.24321,0.24017,0.24296,1048,2538.8615
1784613840000,0.24265,0.24321,0.24144,0.24178,635,1538.1651
1784613900000,0.24194,0.24301,0.24194,0.24301,343,832.4305
1784613960000,0.24327,0.24579,0.24327,0.24457,1459,3565.4757
1784614020000,0.24353,0.2454,0.24353,0.24506,1696,4143.6108
1784614080000,0.24539,0.24653,0.24514,0.24653,744,1828.8582
1784614140000,0.24626,0.24882,0.24513,0.24526,3095,7662.6234
1784614200000,0.24532,0.2487,0.24516,0.2487,3530,8712.4712
1784614260000,0.24868,0.2533,0.248,0.25129,2570,6425.0456
1784614320000,0.25088,0.25088,0.24577,0.24614,954,2364.1686
1784614380000,0.24546,0.24594,0.2446,0.24566,3978,9748.0641
1784614440000,0.24552,0.24558,0.24302,0.24305,3465,8450.9573
1784614500000,0.24298,0.24752,0.24267,0.24623,4779,11791.0213
1784614560000,0.24715,0.24753,0.24461,0.24461,618,1526.5138
1784614620000,0.24424,0.24424,0.24092,0.24092,662,1600.8475
1784614680000,0.24104,0.24128,0.23892,0.23921,1392,3342.3325
1784614740000,0.23912,0.24146,0.23905,0.24023,758,1821.519
1784614800000,0.24038,0.24038,0.2383,0.23882,664,1588.0783
1784614860000,0.23854,0.23963,0.23854,0.23911,417,997.1462
1784614920000,0.23891,0.2406,0.23836,0.23836,809,1938.0645
1784614980000,0.23826,0.23845,0.23142,0.23203,53423,125487.6989
1784615040000,0.23151,0.23328,0.22734,0.22923,18618,42888.1912
1784615100000,0.22976,0.23013,0.22484,0.22565,17384,39352.8406
1784615160000,0.2252,0.23316,0.22496,0.23299,5103,11766.7862
1784615220000,0.23274,0.23274,0.23108,0.23157,5074,11756.0129
1784615280000,0.23154,0.23203,0.23028,0.23135,2903,6716.875
1784615340000,0.23203,0.23502,0.23203,0.23424,4084,9569.907
1784615400000,0.23465,0.23519,0.23261,0.23456,5592,13088.8623
1784615460000,0.23531,0.23749,0.23473,0.23749,3189,7530.4739
1784615520000,0.23731,0.23852,0.23511,0.23653,8784,20834.9454
1784615580000,0.23633,0.24421,0.23633,0.24295,3961,9555.4657
1784615640000,0.24181,0.24329,0.24148,0.24188,7182,17431.726
1784615700000,0.24214,0.24343,0.24187,0.24227,588,1426.86
1784615760000,0.24255,0.24917,0.24211,0.24812,2251,5558.4682
1784615820000,0.24744,0.25,0.24469,0.24606,5578,13842.2456
1784615880000,0.24592,0.25067,0.24577,0.24892,424,1057.6705
1784615940000,0.2486,0.24955,0.24698,0.24698,936,2325.9205
1784616000000,0.24777,0.24777,0.24184,0.24538,4792,11677.5294
1784616060000,0.24599,0.24642,0.24427,0.24576,2830,6928.1168
1784616120000,0.24603,0.253,0.24601,0.253,7375,18479.3866
1784616180000,0.25292,0.25557,0.25017,0.25466,4458,11295.8967
1784616240000,0.25436,0.25448,0.25197,0.25365,1341,3401.4427
1784616300000,0.25334,0.25969,0.2531,0.25697,1827,4692.8865
1784616360000,0.25603,0.25704,0.25479,0.2564,1470,3767.0654
1784616420000,0.25688,0.25714,0.2559,0.25603,666,1708.4973
1784616480000,0.25563,0.25977,0.25543,0.2574,1915,4908.8817
1784616540000,0.25791,0.25791,0.25453,0.25575,2995,7651.7771
1784616600000,0.25585,0.25594,0.25208,0.25529,2369,5994.2865
1784616660000,0.25565,0.25781,0.25544,0.25665,766,1964.0681
1784616720000,0.2569,0.26341,0.2569,0.26119,4509,11815.8916
1784616780000,0.2607,0.26501,0.2603,0.2637,2232,5856.4412
1784616840000,0.26381,0.26381,0.26137,0.26208,1979,5193.7684
1784616900000,0.2621,0.26704,0.26201,0.265,5688,15117.6828
1784616960000,0.26498,0.26513,0.26184,0.26234,5747,15115.4714
1784617020000,0.26314,0.2643,0.26209,0.26337,1246,3280.5134
1784617080000,0.26352,0.2644,0.26309,0.26394,477,1257.483
1784617140000,0.26461,0.26842,0.26421,0.26509,3195,8544.1872
1784617200000,0.2649,0.27163,0.2649,0.27021,10929,29482.7426
1784617260000,0.27009,0.27024,0.26695,0.26965,2496,6714.3003
1784617320000,0.26924,0.26961,0.26565,0.26798,5477,14692.7703
1784617380000,0.26839,0.27096,0.268,0.26947,6120,16503.5852
1784617440000,0.26985,0.27285,0.26965,0.27206,4482,12168.3863
1784617500000,0.27213,0.27456,0.26914,0.27216,3692,10020.9048
1784617560000,0.27247,0.27464,0.26894,0.2692,1457,3956.8267
1784635620000,0.14015,0.14148,0.13993,0.14142,1008,1418.7398
1784635680000,0.14142,0.142,0.14049,0.14107,8083,11407.2066
1784635740000,0.14102,0.14102,0.13995,0.14011,4866,6835.9867
1784635800000,0.14005,0.14034,0.13945,0.13982,1348,1887.3297
1784635860000,0.13984,0.14086,0.1393,0.1393,3227,4510.7943
1784635920000,0.13949,0.14072,0.13949,0.13994,6858,9627.6604
1784635980000,0.14011,0.14011,0.13947,0.13994,2709,3784.0035
1784636040000,0.14008,0.14017,0.13915,0.13931,9942,13880.3743
1784636100000,0.13938,0.141,0.13926,0.14016,3550,4987.7427
1784636160000,0.14006,0.14115,0.14006,0.14016,650,914.3622
1784636220000,0.14029,0.14029,0.13831,0.13926,7491,10397.7194
1784636280000,0.13896,0.139,0.1385,0.13881,1043,1448.1684
1784636340000,0.13871,0.13892,0.13802,0.13865,2646,3659.977
1784636400000,0.13814,0.13863,0.13624,0.13768,9295,12759.6559
1784636460000,0.1375,0.13799,0.13713,0.13739,2365,3251.7683
1784636520000,0.13719,0.13892,0.13719,0.13866,3217,4442.5463
1784636580000,0.13854,0.13867,0.13795,0.13795,665,920.5972
1784636640000,0.13784,0.13801,0.13723,0.1375,2620,3607.597
1784636700000,0.13733,0.13799,0.13694,0.13799,2822,3874.3393
1784636760000,0.13791,0.13833,0.13641,0.13709,811,1115.2866
1784636820000,0.1371,0.13747,0.1366,0.13738,4130,5661.8081
1784636880000,0.13711,0.13722,0.13664,0.13697,563,770.6743
1784636940000,0.13715,0.14044,0.13715,0.14019,5573,7757.9041
1784637000000,0.14029,0.14098,0.13859,0.13859,4258,5974.7112
1784637060000,0.1386,0.14018,0.13852,0.14016,1685,2347.992
1784637120000,0.14012,0.14068,0.13946,0.14036,994,1393.4394
1784637180000,0.14006,0.14089,0.14006,0.14056,4217,5930.8888
1784637240000,0.14039,0.14076,0.14013,0.14073,1774,2490.9637
1784637300000,0.14055,0.14055,0.13999,0.13999,1092,1531.1759
1784637360000,0.14004,0.14061,0.13991,0.14016,2000,2807.0723
1784637420000,0.14011,0.14038,0.13956,0.13956,753,1055.3498
1784637480000,0.14004,0.14064,0.14,0.14036,2533,3552.9125
1784637540000,0.14027,0.14126,0.14027,0.14116,1190,1675.012
1784637600000,0.14122,0.1445,0.14095,0.14258,11002,15747.3202
1784637660000,0.14245,0.14305,0.14202,0.14289,2351,3354.45
1784637720000,0.14257,0.14257,0.14047,0.14221,1958,2767.5324
1784637780000,0.14221,0.14225,0.14061,0.14088,4754,6713.3504
1784637840000,0.14112,0.14242,0.13985,0.14204,7029,9938.2442
1784637900000,0.14146,0.14162,0.1411,0.14136,1416,2002.366
1784637960000,0.14134,0.14144,0.14,0.14,644,906.9781
1784638020000,0.13971,0.13971,0.13868,0.13943,874,1216.7139
1784638080000,0.13954,0.14061,0.13934,0.13996,1260,1764.6309
1784638140000,0.13987,0.1407,0.13974,0.14016,961,1348.4856
1784638200000,0.14006,0.14006,0.13893,0.13893,930,1296.2022
1784638260000,0.13922,0.13922,0.13861,0.13911,511,709.8035
1784638320000,0.13898,0.13964,0.13886,0.13926,1097,1528.1691
1784638380000,0.1393,0.13971,0.13895,0.13931,3635,5055.7388
1784638440000,0.1393,0.13963,0.139,0.13926,4977,6939.3977
1784638500000,0.13913,0.14026,0.13907,0.13966,10829,15134.2419
1784638560000,0.13956,0.13982,0.13904,0.13955,1449,2018.1414
1784638620000,0.13942,0.13955,0.13887,0.13897,2789,3888.0533
1784638680000,0.1391,0.13932,0.13895,0.13908,965,1342.7978
1784638740000,0.13906,0.13988,0.13856,0.13981,1050,1462.3952
1784638800000,0.13975,0.14006,0.13972,0.14003,127,177.7706
1784638860000,0.14019,0.14023,0.13947,0.13947,82,114.7843
1784638920000,0.13967,0.13987,0.13943,0.13943,111,155.0394
1784638980000,0.13955,0.13977,0.13951,0.13977,90,125.5655
1784639040000,0.13965,0.14145,0.13965,0.14081,2408,3395.8022
1784639100000,0.14106,0.14117,0.14083,0.14107,539,759.9817
1784639160000,0.14067,0.1413,0.13999,0.14072,16755,23601.9271
1784639220000,0.14092,0.14157,0.1409,0.14113,14008,19789.5988
1784639280000,0.14133,0.14232,0.14123,0.1416,4626,6553.9134
1784639340000,0.14154,0.14373,0.14153,0.14372,13580,19425.14
1784639400000,0.14362,0.14705,0.14265,0.14574,19671,28584.3007
1784639460000,0.14572,0.1465,0.14421,0.14434,19757,28784.1096
1784639520000,0.14434,0.1465,0.14434,0.14594,8485,12379.8042
1784639580000,0.14576,0.14606,0.14492,0.14606,1430,2081.925
1784639640000,0.14607,0.14638,0.14532,0.14638,2099,3054.8748
1784639700000,0.14608,0.1468,0.14534,0.1457,9789,14312.8224
1784639760000,0.14553,0.14553,0.1441,0.14424,8195,11882.9474
1784639820000,0.14451,0.14451,0.14324,0.14324,4592,6603.7939
1784639880000,0.1431,0.14366,0.1431,0.14359,4213,6036.2746
1784639940000,0.14384,0.14572,0.14379,0.14532,5142,7465.28
1784640000000,0.14538,0.14756,0.14525,0.14724,4397,6459.5615
1784640060000,0.14727,0.14973,0.14712,0.14973,6040,8989.4077
1784640120000,0.14979,0.1526,0.14968,0.15172,14050,21324.0466
1784640180000,0.15157,0.15291,0.15141,0.1523,18051,27470.3651
1784640240000,0.152,0.154,0.15018,0.15045,9337,14224.837
1784640300000,0.15034,0.15078,0.14955,0.15013,4830,7244.9154
1784640360000,0.15018,0.15328,0.15005,0.15283,7062,10769.3537
1784640420000,0.15273,0.15273,0.15148,0.1519,2786,4234.805
1784640480000,0.1517,0.1517,0.14924,0.15027,7553,11332.9706
1784640540000,0.14986,0.1568,0.14969,0.15593,15735,24093.3615
1784640600000,0.15606,0.1585,0.15421,0.1544,12058,18795.7603
1784640660000,0.15445,0.15711,0.15442,0.15711,13320,20761.3335
1784640720000,0.15684,0.15684,0.15439,0.1548,21621,33645.9462
1784640780000,0.15475,0.15606,0.15269,0.15421,11294,17424.2341
1784640840000,0.154,0.15449,0.15268,0.15386,14361,22024.3519
1784640900000,0.1537,0.15774,0.1537,0.15656,8864,13865.5517
1784640960000,0.15613,0.16308,0.15613,0.16261,16942,27150.1844
1784641020000,0.16247,0.16488,0.16154,0.16203,11326,18465.1368
1784641080000,0.16148,0.1637,0.16143,0.16311,16394,26733.6726
1784641140000,0.16287,0.16311,0.15996,0.16032,9516,15321.0295
1784641200000,0.1603,0.1603,0.15815,0.16013,11539,18337.5699
1784641260000,0.15967,0.16194,0.15964,0.16187,2128,3415.465
1784641320000,0.16172,0.16212,0.1607,0.16134,3811,6152.7581
1784641380000,0.16126,0.16126,0.1584,0.15934,3041,4863.4345
1784641440000,0.15928,0.15942,0.15709,0.15709,8533,13490.6251
1784641500000,0.15686,0.15828,0.15564,0.15594,21105,33012.4333
1784641560000,0.15578,0.16046,0.15578,0.15985,8054,12827.9529
1784641620000,0.15988,0.16178,0.15984,0.16137,3916,6311.1279
1784641680000,0.16111,0.16317,0.16111,0.16304,5632,9124.7828
1784641740000,0.16318,0.16503,0.16194,0.16241,9623,15778.4004
1784641800000,0.16234,0.16437,0.16223,0.16273,5307,8677.4418
1784641860000,0.16282,0.16468,0.16282,0.16453,3378,5521.8376
1784641920000,0.16457,0.16695,0.16382,0.16601,7385,12177.5928
1784641980000,0.16535,0.16565,0.16429,0.16548,4624,7621.852
1784642040000,0.16514,0.16654,0.16372,0.16654,6053,9954.4844
1784642100000,0.16632,0.16814,0.16598,0.16756,6789,11371.2937
1784642160000,0.16782,0.16797,0.16475,0.16475,2378,3954.0073
1784642220000,0.16488,0.16729,0.1647,0.16712,2956,4912.9486
1784642280000,0.16691,0.16885,0.16647,0.16836,8249,13806.5952
1784642340000,0.16837,0.1699,0.16792,0.16792,3506,5921.8021
1784642400000,0.16775,0.16842,0.16559,0.16829,11745,19571.5884
1784642460000,0.16815,0.16967,0.16726,0.16733,6150,10376.8513
1784642520000,0.16699,0.16957,0.16699,0.16957,3516,5939.3452
1784642580000,0.16937,0.16973,0.16613,0.16792,13359,22433.5568
1784642640000,0.16776,0.16978,0.16764,0.16978,3337,5636.6482
1784642700000,0.16954,0.17414,0.16923,0.17216,34721,59758.3857
1784642760000,0.17191,0.17412,0.1705,0.17313,13606,23553.2481
1784642820000,0.17312,0.17536,0.1718,0.17401,31901,55546.7031
1784642880000,0.17355,0.17446,0.1726,0.17262,7170,12441.7724
1784642940000,0.17292,0.17453,0.17252,0.17453,1677,2899.7935
1784643000000,0.17396,0.17396,0.16308,0.16478,41291,68675.5912
1784643060000,0.16439,0.16675,0.156,0.16142,59375,95486.6679
1784643120000,0.16146,0.16277,0.1591,0.16079,25849,41660.111
1784643180000,0.16042,0.16204,0.15857,0.16113,15959,25623.255
1784643240000,0.16114,0.16174,0.15954,0.15984,5311,8547.381
1784643300000,0.15954,0.16439,0.15954,0.16331,11804,19216.3892
1784643360000,0.163,0.16378,0.16127,0.16291,4974,8090.8819
1784643420000,0.16197,0.16232,0.1586,0.15944,7353,11740.0205
1784643480000,0.1588,0.16155,0.15867,0.16013,4644,7442.7975
1784643540000,0.16006,0.16094,0.15479,0.15688,26285,41443.1214
1784643600000,0.15662,0.15877,0.15302,0.15847,38209,59435.4456
1784643660000,0.15799,0.16017,0.15782,0.15959,8767,13963.1624
1784643720000,0.15938,0.16144,0.15931,0.15945,8544,13726.4322
1784643780000,0.15923,0.16013,0.15738,0.15982,12091,19169.3824
1784643840000,0.15964,0.1597,0.15838,0.15918,5308,8454.7144
1784643900000,0.15909,0.15999,0.157,0.1592,13813,21885.5791
1784643960000,0.15909,0.15913,0.15671,0.1572,3396,5356.7086
1784644020000,0.15747,0.15923,0.15592,0.15861,5996,9462.472
1784644080000,0.15828,0.15947,0.15828,0.15947,1851,2937.8459
1784644140000,0.15923,0.16,0.15876,0.16,477,759.1898
1784644200000,0.16005,0.16015,0.15886,0.15886,1024,1633.1534
1784644260000,0.15836,0.15938,0.15804,0.15814,7108,11309.1321
1784644320000,0.15849,0.15851,0.15716,0.15825,1836,2897.3867
1784644380000,0.15842,0.15842,0.15735,0.15743,8140,12817.4315
1784644440000,0.15743,0.15851,0.15694,0.15769,1427,2248.4065
1784644500000,0.1574,0.15755,0.15643,0.15724,448,703.3515
1784644560000,0.15713,0.15779,0.15586,0.15586,2023,3172.6377
1784644620000,0.15641,0.15645,0.15416,0.1548,7260,11269.688
1784644680000,0.15474,0.1551,0.15,0.1528,28872,43784.6384
1784644740000,0.15267,0.15275,0.15053,0.15095,21596,32653.566
1784644800000,0.15086,0.15377,0.15071,0.15365,24733,37906.1559
1784644860000,0.1537,0.15382,0.15151,0.15353,17145,26122.5991
1784644920000,0.15326,0.15363,0.15265,0.15311,4789,7329.3055
1784644980000,0.1526,0.15308,0.15122,0.15182,19022,28903.4948
1784645040000,0.15127,0.15213,0.15052,0.15137,29186,44129.0353
1784645100000,0.1513,0.1516,0.14954,0.1516,29739,44756.8132
1784645160000,0.15146,0.15484,0.15115,0.15412,10196,15673.4232
1784645220000,0.15394,0.15403,0.15235,0.15319,2638,4040.648
1784645280000,0.15324,0.15351,0.15244,0.15255,2578,3949.7083
1784645340000,0.15247,0.15247,0.1507,0.15143,4906,7415.0477
1784645400000,0.15128,0.15223,0.15064,0.15162,1852,2805.2917
1784645460000,0.15184,0.15201,0.15111,0.15164,935,1417.5496
1784645520000,0.15117,0.15127,0.15022,0.15027,3609,5435.1919
1784645580000,0.15041,0.15041,0.1451,0.14739,44438,65501.8331
1784645640000,0.14751,0.14751,0.14581,0.14617,7573,11087.6512
1784645700000,0.14642,0.14843,0.14642,0.14777,881,1299.6817
1784645760000,0.14755,0.1485,0.14755,0.14826,10051,14898.18
1784645820000,0.14834,0.14885,0.14795,0.14802,3119,4629.6552
1784645880000,0.14805,0.14868,0.14777,0.14831,1186,1757.8862
1784645940000,0.14767,0.14842,0.14704,0.14744,1740,2566.2888
1784646000000,0.1477,0.148,0.1473,0.1473,19311,28476.0745
1784646060000,0.1473,0.148,0.14637,0.14649,40257,59283.7601
1784646120000,0.1465,0.14746,0.14533,0.14694,19478,28493.6536
1784646180000,0.14712,0.14865,0.1464,0.14849,11179,16525.2827
1784646240000,0.14835,0.14835,0.14739,0.14806,2422,3582.2285
1784646300000,0.14818,0.15201,0.14649,0.15035,77589,116374.2178
1784646360000,0.15027,0.15346,0.14937,0.15304,25352,38338.3233
1784646420000,0.15291,0.15292,0.15025,0.15133,11150,16914.4682
1784646480000,0.15106,0.15309,0.15054,0.15275,13699,20792.8228
1784646540000,0.15237,0.15318,0.15196,0.15276,5913,9020.1577
1784646600000,0.15285,0.153,0.15119,0.1525,3789,5768.6504
1784646660000,0.15261,0.15476,0.15206,0.15459,4850,7474.2165
1784646720000,0.15445,0.15603,0.1543,0.15526,7657,11900.5473
1784646780000,0.15537,0.15579,0.15447,0.15473,6720,10425.1599
1784646840000,0.15466,0.15792,0.15417,0.157,5132,8006.9947
1784646900000,0.15699,0.15809,0.15641,0.15798,2227,3500.9873
1784646960000,0.15774,0.15776,0.15612,0.15691,1721,2699.08
1784647020000,0.15673,0.16227,0.15658,0.16202,6566,10537.5949
1784647080000,0.16144,0.16144,0.15683,0.15738,7063,11310.0769
1784647140000,0.15684,0.15698,0.15512,0.15677,8655,13506.2899
1784647200000,0.15783,0.16181,0.15752,0.16107,11190,17916.2091
1784647260000,0.16111,0.16193,0.15952,0.15987,5143,8275.353
1784647320000,0.15987,0.15987,0.159,0.15952,1206,1924.1093
1784647380000,0.1595,0.16095,0.15938,0.15998,2404,3852.9856
1784647440000,0.16017,0.16024,0.15783,0.15813,3928,6223.0372
1784647500000,0.15808,0.16011,0.157,0.157,5295,8338.7824
1784647560000,0.15685,0.15838,0.15662,0.15732,9647,15144.4991
1784665620000,0.17002,0.17191,0.16997,0.17163,6460,11019.887
1784665680000,0.17156,0.17235,0.17119,0.17128,1452,2494.9973
1784665740000,0.17158,0.17198,0.17158,0.17198,201,345.2681
1784665800000,0.17202,0.17277,0.17202,0.17217,379,653.3049
1784665860000,0.17233,0.17244,0.17209,0.17218,382,657.7034
1784665920000,0.17225,0.17237,0.17174,0.17198,1320,2271.0357
1784665980000,0.17188,0.17188,0.17163,0.17163,134,230.2032
1784666040000,0.17165,0.17165,0.1705,0.1705,451,771.1002
1784666100000,0.17076,0.17102,0.17051,0.17054,536,915.3697
1784666160000,0.17052,0.1706,0.17016,0.1706,79,134.5158
1784666220000,0.17064,0.17069,0.17035,0.17043,208,354.643
1784666280000,0.17053,0.17107,0.17051,0.17051,5114,8737.0448
1784666340000,0.17063,0.1707,0.16964,0.17033,22605,38477.2268
1784666400000,0.17055,0.17055,0.16906,0.16954,23143,39246.5542
1784666460000,0.1695,0.1698,0.16896,0.16902,1194,2021.4744
1784666520000,0.1691,0.16969,0.16883,0.16895,8870,15013.8068
1784666580000,0.16881,0.16941,0.16881,0.16935,7769,13150.6919
1784666640000,0.16938,0.16997,0.16928,0.16969,28467,48234.4214
1784666700000,0.16969,0.17012,0.16904,0.16974,2750,4665.3
1784666760000,0.16969,0.17071,0.16969,0.17044,1352,2305.2927
1784666820000,0.17056,0.17168,0.17056,0.17126,7713,13195.9293
1784666880000,0.17124,0.17195,0.17115,0.17144,982,1683.24
1784666940000,0.17172,0.17203,0.17162,0.17175,390,670.1212
1784667000000,0.17193,0.17244,0.17176,0.17176,1277,2196.9258
1784667060000,0.17205,0.1721,0.17187,0.17194,197,338.8946
1784667120000,0.17187,0.17187,0.17119,0.1712,575,985.3484
1784667180000,0.17188,0.17222,0.17158,0.17222,165,283.573
1784667240000,0.1719,0.17226,0.17178,0.17179,10039,17259.8983
1784667300000,0.17213,0.17276,0.17213,0.1726,1434,2473.3547
1784667360000,0.17278,0.17342,0.1725,0.1729,692,1196.8964
1784667420000,0.17295,0.1772,0.17295,0.17538,23317,40912.5502
1784667480000,0.17532,0.17583,0.17428,0.17515,27502,48122.2364
1784667540000,0.17515,0.17558,0.17503,0.17503,4710,8249.6842
1784667600000,0.17516,0.17534,0.17467,0.17488,5684,9937.1357
1784667660000,0.17495,0.17528,0.17463,0.1749,5902,10327.4399
1784667720000,0.1749,0.17597,0.17413,0.17581,43187,75570.7698
1784667780000,0.17575,0.17583,0.17536,0.17541,1835,3224.2177
1784667840000,0.17544,0.17559,0.175,0.17525,1766,3094.8497
1784667900000,0.17534,0.17546,0.17506,0.17546,220,385.4454
1784667960000,0.17518,0.17518,0.17518,0.17518,6,10.5108
1784668020000,0.17547,0.17547,0.17469,0.17509,203,355.4975
1784668080000,0.175,0.17501,0.17314,0.1742,26044,45289.2475
1784668140000,0.17423,0.17461,0.17411,0.17411,1844,3215.2306
1784668200000,0.17419,0.1743,0.1736,0.1736,313,545.046
1784668260000,0.17362,0.17407,0.17242,0.17391,30527,52901.7535
1784668320000,0.17403,0.17425,0.17395,0.17397,1279,2225.809
1784668380000,0.1735,0.1735,0.17153,0.17237,24907,42920.9692
1784668440000,0.17254,0.17265,0.17193,0.17211,2224,3826.3996
1784668500000,0.17215,0.17282,0.17215,0.17262,410,707.3159
1784668560000,0.17265,0.17265,0.17222,0.17222,520,896.143
1784668620000,0.17205,0.17236,0.17194,0.17194,1650,2840.1394
1784668680000,0.17223,0.17224,0.17101,0.17176,18084,31012.0159
1784668740000,0.17172,0.17208,0.17172,0.17182,856,1471.7921
1784668800000,0.17188,0.17208,0.17131,0.17188,477,819.6364
1784668860000,0.17183,0.17219,0.17141,0.17199,62427,107061.7062
1784668920000,0.17197,0.17359,0.17196,0.17341,18126,31270.1245
1784668980000,0.1732,0.17392,0.17262,0.17364,10171,17626.5465
1784669040000,0.17364,0.17375,0.17228,0.17292,5502,9519.2504
1784669100000,0.17295,0.17363,0.17286,0.17339,1798,3115.9096
1784669160000,0.17365,0.17438,0.1728,0.17286,8104,14079.4071
1784669220000,0.17297,0.17325,0.17272,0.17325,1249,2161.3511
1784669280000,0.17343,0.17369,0.17316,0.17316,432,750.1951
1784669340000,0.17355,0.17461,0.17355,0.17423,1248,2172.8448
1784669400000,0.17437,0.17437,0.17316,0.17316,452,786.1203
1784669460000,0.17307,0.17332,0.17234,0.17332,954,1648.0468
1784669520000,0.17325,0.1739,0.17325,0.1736,1280,2222.4391
1784669580000,0.17357,0.1745,0.17357,0.17434,489,851.0732
1784669640000,0.17434,0.17442,0.17409,0.17413,242,421.5292
1784669700000,0.17421,0.17462,0.17414,0.17462,479,835.6396
1784669760000,0.17501,0.17541,0.17475,0.1751,5511,9654.3821
1784669820000,0.17532,0.17532,0.17478,0.17484,302,528.4024
1784669880000,0.1748,0.17543,0.1748,0.17543,3829,6713.0791
1784669940000,0.1755,0.1755,0.17463,0.17498,564,985.977
1784670000000,0.17488,0.17505,0.17337,0.1736,1738,3021.5277
1784670060000,0.17369,0.17404,0.17369,0.17404,260,452.2143
1784670120000,0.17477,0.17528,0.17477,0.17498,1161,2031.426
1784670180000,0.17517,0.17517,0.17423,0.17429,754,1318.034
1784670240000,0.17448,0.17479,0.17409,0.1744,2371,4132.2308
1784670300000,0.17442,0.17442,0.17353,0.1739,1263,2197.4343
1784670360000,0.17393,0.1741,0.17293,0.17301,724,1254.0936
1784670420000,0.17302,0.1731,0.17144,0.17182,13394,23096.5604
1784670480000,0.1721,0.17224,0.17094,0.17094,4603,7877.8834
1784670540000,0.171,0.17118,0.17054,0.17118,1971,3364.1
1784670600000,0.17144,0.17173,0.17109,0.17109,40321,69144.0271
1784670660000,0.17111,0.17113,0.17083,0.17083,14247,24366.6074
1784670720000,0.17133,0.17207,0.17126,0.17207,1910,3277.5566
1784670780000,0.17206,0.17206,0.17148,0.17148,175,300.8858
1784670840000,0.17127,0.17127,0.17069,0.17069,684,1169.084
1784670900000,0.1713,0.17203,0.1713,0.17195,364,625.0579
1784670960000,0.172,0.17299,0.172,0.17299,611,1054.0316
1784671020000,0.17286,0.17286,0.1718,0.17215,2374,4083.4095
1784671080000,0.17227,0.1725,0.17192,0.17222,120,206.6625
1784671140000,0.1719,0.1728,0.1719,0.17269,6484,11165.3475
1784671200000,0.17278,0.17278,0.17183,0.17195,437,754.0063
1784671260000,0.17255,0.17255,0.1718,0.1718,160,275.789
1784671320000,0.17155,0.17226,0.17155,0.17199,350,601.6785
1784671380000,0.17235,0.17235,0.17209,0.17209,82,141.3244
1784671440000,0.17201,0.17201,0.17161,0.17161,1807,3102.4428
1784671500000,0.1718,0.17306,0.1718,0.17301,7858,13593.4683
1784671560000,0.1732,0.17389,0.1732,0.17361,11828,20530.9462
1784671620000,0.17326,0.17338,0.17185,0.17263,3906,6734.0124
1784671680000,0.17271,0.17366,0.17264,0.17358,2756,4777.4419
1784671740000,0.17375,0.17383,0.17336,0.17336,1118,1940.8133
1784671800000,0.17346,0.17448,0.17322,0.17448,1454,2522.8073
1784671860000,0.1745,0.17496,0.1745,0.17496,230,401.9568
1784671920000,0.17492,0.17521,0.17435,0.17435,1634,2855.3423
1784671980000,0.17444,0.17452,0.17424,0.17431,682,1189.3632
1784672040000,0.17484,0.17484,0.1737,0.174,1394,2429.2504
1784672100000,0.17403,0.17485,0.17385,0.17385,2365,4124.2505
1784672160000,0.17391,0.17437,0.17267,0.17269,10242,17731.8153
1784672220000,0.17271,0.17343,0.1727,0.17318,1963,3396.9957
1784672280000,0.17335,0.17408,0.17335,0.17398,1397,2428.3675
1784672340000,0.17402,0.17451,0.17402,0.17436,484,843.653
1784672400000,0.17467,0.17471,0.17431,0.1744,337,587.8785
1784672460000,0.17416,0.17431,0.17403,0.17403,556,968.7563
1784672520000,0.17412,0.17412,0.17303,0.17357,1054,1826.82
1784672580000,0.17341,0.17455,0.17338,0.17454,17583,30569.6535
1784672640000,0.17468,0.17502,0.17464,0.1747,1095,1913.8185
1784672700000,0.1749,0.17516,0.17487,0.17495,453,792.7677
1784672760000,0.17497,0.1755,0.17494,0.1753,924,1619.4977
1784672820000,0.17528,0.17536,0.17517,0.17532,247,432.9776
1784672880000,0.17558,0.17558,0.17413,0.17414,808,1412.5535
1784672940000,0.17414,0.17423,0.1725,0.17373,1322,2290.3276
1784673000000,0.17354,0.17362,0.17158,0.17212,1736,2989.6264
1784673060000,0.1723,0.17336,0.1723,0.17325,1327,2292.4424
1784673120000,0.17331,0.17338,0.17267,0.17268,484,837.5276
1784673180000,0.17276,0.17304,0.17191,0.17212,787,1358.5248
1784673240000,0.17252,0.17304,0.17252,0.17258,579,999.8576
1784673300000,0.17245,0.17284,0.17245,0.17246,509,878.3839
1784673360000,0.17277,0.17287,0.17222,0.17257,21473,37080.3646
1784673420000,0.17243,0.17264,0.17198,0.17242,12405,21384.8708
1784673480000,0.17263,0.17332,0.17249,0.17282,1884,3256.2664
1784673540000,0.17276,0.17298,0.1726,0.1726,458,790.924
1784673600000,0.17236,0.17369,0.17234,0.17362,500,865.9873
1784673660000,0.17371,0.17443,0.17371,0.17411,1005,1750.5102
1784673720000,0.17398,0.17404,0.17308,0.17356,470,816.1937
1784673780000,0.17327,0.17356,0.17307,0.17344,516,894.1719
1784673840000,0.17372,0.17465,0.17372,0.17465,353,615.2958
1784673900000,0.17453,0.17517,0.17437,0.17463,871,1520.3445
1784673960000,0.17515,0.17517,0.17498,0.17498,70,122.6037
1784674020000,0.17485,0.179,0.17485,0.17752,16964,30224.056
1784674080000,0.17716,0.17716,0.17525,0.17619,1966,3467.8415
1784674140000,0.17605,0.17643,0.1759,0.17609,358,631.0748
1784674200000,0.17588,0.176,0.17528,0.17542,672,1179.7246
1784674260000,0.17528,0.1758,0.17499,0.1755,1737,3048.7871
1784674320000,0.17575,0.17588,0.17547,0.17553,793,1392.5524
1784674380000,0.17593,0.17595,0.17557,0.17577,6392,11234.3172
1784674440000,0.17558,0.17591,0.17558,0.17575,8025,14102.8878
1784674500000,0.17579,0.17608,0.17532,0.17608,1339,2351.7091
1784674560000,0.17618,0.17626,0.1755,0.17595,1098,1930.124
1784674620000,0.17598,0.17602,0.17548,0.17568,944,1658.9363
1784674680000,0.17573,0.17582,0.1753,0.17544,2029,3562.2466
1784674740000,0.17534,0.17555,0.17528,0.17555,477,836.8691
1784674800000,0.17558,0.17587,0.17543,0.17574,1075,1888.9557
1784674860000,0.17581,0.17585,0.175,0.17504,890,1562.6185
1784674920000,0.17502,0.17567,0.17502,0.17543,907,1590.2863
1784674980000,0.17521,0.17547,0.17509,0.17509,378,662.4864
1784675040000,0.17535,0.17612,0.17533,0.17607,820,1439.4589
1784675100000,0.17603,0.17635,0.17585,0.17635,683,1202.5351
1784675160000,0.17633,0.1764,0.17592,0.17596,5028,8859.5073
1784675220000,0.17594,0.17622,0.17555,0.17622,7652,13461.3113
1784675280000,0.17633,0.17643,0.17614,0.17614,264,465.5496
1784675340000,0.1763,0.17631,0.17593,0.1762,3986,7013.9906
1784675400000,0.17627,0.17649,0.17577,0.17599,2823,4976.5784
1784675460000,0.17599,0.17599,0.17422,0.17536,5799,10154.021
1784675520000,0.17555,0.17576,0.17491,0.17542,4736,8295.9524
1784675580000,0.17538,0.17545,0.17526,0.17529,3329,5839.0135
1784675640000,0.17529,0.17567,0.17525,0.17554,3931,6896.4743
1784675700000,0.17578,0.17656,0.17578,0.17605,4554,8021.3663
1784675760000,0.1762,0.17623,0.17584,0.17584,3323,5847.1024
1784675820000,0.17588,0.17602,0.17556,0.17581,3328,5850.5601
1784675880000,0.17585,0.17602,0.17585,0.17602,216,379.9262
1784675940000,0.17614,0.17618,0.17588,0.17617,946,1665.8294
1784676000000,0.17617,0.17617,0.17461,0.17523,2657,4658.9807
1784676060000,0.17527,0.17574,0.17476,0.17563,6749,11827.2586
1784676120000,0.17565,0.17606,0.17565,0.17606,469,824.8602
1784676180000,0.17606,0.17611,0.17595,0.17599,252,443.6446
1784676240000,0.17605,0.17624,0.17605,0.17622,3360,5919.8351
1784676300000,0.17629,0.17743,0.17572,0.17652,5522,9742.4048
1784676360000,0.17658,0.17743,0.17555,0.17735,4882,8605.9408
1784676420000,0.17702,0.17809,0.17694,0.17797,1668,2957.5991
1784676480000,0.17797,0.17865,0.17785,0.17855,796,1419.5897
1784676540000,0.17862,0.17863,0.17767,0.17828,8218,14642.2496
1784676600000,0.17832,0.179,0.17811,0.17858,5455,9756.7012
1784676660000,0.17847,0.179,0.17801,0.179,3981,7103.7799
1784676720000,0.17855,0.17861,0.17689,0.17699,4337,7699.4554
1784676780000,0.17713,0.17864,0.17713,0.17864,825,1468.0803
1784676840000,0.17882,0.17976,0.17882,0.17907,54624,97790.9094
1784676900000,0.179,0.18034,0.17879,0.17977,4692,8414.1497
1784676960000,0.17969,0.17984,0.17824,0.17876,4603,8226.685
1784677020000,0.17886,0.17886,0.178,0.17837,1058,1886.9054
1784677080000,0.17867,0.17932,0.17851,0.17924,1390,2487.5273
1784677140000,0.17925,0.17925,0.1784,0.17855,1208,2157.9162
1784677200000,0.17858,0.17895,0.17843,0.1786,1517,2708.0582
1784677260000,0.17871,0.17889,0.17822,0.17822,1473,2630.169
1784677320000,0.17886,0.17944,0.1787,0.1787,651,1165.8163
1784677380000,0.1788,0.17882,0.17862,0.17881,251,448.7132
1784677440000,0.17838,0.17945,0.17835,0.17894,692,1238.5564
1784677500000,0.17908,0.18009,0.17908,0.17973,3951,7107.8215
1784677560000,0.17974,0.1798,0.17854,0.17892,681,1218.9814
1784695620000,0.19833,0.19833,0.195,0.19582,1542,3031.1649
1784695680000,0.19573,0.19653,0.19388,0.19653,546,1066.3453
1784695740000,0.19683,0.19683,0.19449,0.19481,259,505.255
1784695800000,0.19463,0.1959,0.19352,0.19422,1506,2937.0122
1784695860000,0.19357,0.19464,0.19325,0.19452,542,1050.6241
1784695920000,0.19496,0.19676,0.19496,0.19626,498,976.6011
1784695980000,0.19544,0.19629,0.1945,0.1945,255,497.4231
1784696040000,0.19557,0.19557,0.19392,0.19405,188,365.8799
1784696100000,0.19405,0.19405,0.19343,0.1936,1013,1962.7846
1784696160000,0.19361,0.19463,0.19282,0.19408,411,795.1852
1784696220000,0.19447,0.19447,0.19323,0.19408,341,661.0562
1784696280000,0.19417,0.19622,0.19394,0.19622,45227,88197.6754
1784696340000,0.19617,0.19692,0.19593,0.19633,1760,3457.2811
1784696400000,0.19619,0.19638,0.19354,0.19474,2074,4031.4961
1784696460000,0.19508,0.19604,0.19452,0.19452,954,1861.8914
1784696520000,0.19464,0.19529,0.19437,0.19512,430,837.9757
1784696580000,0.19511,0.19579,0.19418,0.19454,1441,2806.4323
1784696640000,0.19484,0.19484,0.19375,0.19474,1134,2202.1141
1784696700000,0.19463,0.19599,0.19452,0.19573,2749,5384.9594
1784696760000,0.19569,0.19666,0.19462,0.19529,35698,69956.3538
1784696820000,0.19565,0.19666,0.19458,0.19555,5638,11063.6478
1784696880000,0.19532,0.19666,0.19491,0.19622,1460,2864.0488
1784696940000,0.19646,0.19658,0.19532,0.19614,1426,2796.1677
1784697000000,0.19616,0.19638,0.19526,0.19633,1014,1985.2591
1784697060000,0.19662,0.20149,0.19653,0.19932,163112,323312.7638
1784697120000,0.19941,0.20014,0.19809,0.19959,14186,28301.4066
1784697180000,0.19958,0.19959,0.19767,0.19806,7575,15062.3747
1784697240000,0.19774,0.19873,0.19619,0.19856,15579,30791.4431
1784697300000,0.19831,0.19847,0.19623,0.19687,3100,6105.2698
1784697360000,0.19712,0.19977,0.19712,0.19907,7276,14455.0364
1784697420000,0.199,0.19995,0.199,0.19988,2636,5263.9624
1784697480000,0.20001,0.20187,0.19994,0.20184,2158,4338.1275
1784697540000,0.20174,0.20328,0.20045,0.20086,2222,4482.7013
1784697600000,0.20012,0.20127,0.20012,0.20023,1330,2670.2808
1784697660000,0.19942,0.20008,0.19758,0.19758,10200,20295.4081
1784697720000,0.19765,0.19801,0.19491,0.19491,2876,5640.599
1784697780000,0.19492,0.19529,0.19285,0.19327,2430,4712.4362
1784697840000,0.19353,0.19373,0.19072,0.19232,4009,7726.8482
1784697900000,0.19211,0.19686,0.19145,0.19629,12380,24211.6449
1784697960000,0.19696,0.19722,0.19558,0.19663,2324,4566.0633
1784698020000,0.19644,0.19869,0.19634,0.19732,1519,3004.3831
1784698080000,0.1973,0.1973,0.19556,0.19612,832,1633.7469
1784698140000,0.19605,0.19629,0.19423,0.1943,641,1251.9218
1784698200000,0.19422,0.19465,0.19261,0.19333,946,1834.6604
1784698260000,0.193,0.19363,0.1927,0.19298,1115,2152.9404
1784698320000,0.19293,0.19503,0.19285,0.19409,746,1447.1554
1784698380000,0.19331,0.19417,0.1927,0.19295,4317,8370.5719
1784698440000,0.19283,0.1929,0.19154,0.19154,1045,2008.8221
1784698500000,0.19175,0.19182,0.18825,0.18988,2743,5217.8477
1784698560000,0.18974,0.18974,0.18668,0.18721,6107,11480.2916
1784698620000,0.18704,0.18854,0.18567,0.18743,6243,11689.4008
1784698680000,0.18705,0.18705,0.18379,0.18488,8948,16507.4845
1784698740000,0.1847,0.18551,0.18271,0.18296,50782,93627.5523
1784698800000,0.18282,0.18602,0.18094,0.18602,9822,17936.271
1784698860000,0.18597,0.18654,0.18397,0.18442,15679,29012.939
1784698920000,0.1843,0.18579,0.18292,0.18579,14403,26457.9329
1784698980000,0.18582,0.18864,0.18582,0.18723,21103,39501.5416
1784699040000,0.18712,0.18846,0.18488,0.18488,9528,17801.4484
1784699100000,0.18483,0.18483,0.18307,0.18405,6261,11513.022
1784699160000,0.18373,0.18749,0.18313,0.18749,3045,5643.0368
1784699220000,0.18735,0.18923,0.18704,0.18843,4953,9300.7698
1784699280000,0.18865,0.18899,0.18646,0.18798,3025,5680.0508
1784699340000,0.18765,0.1899,0.18735,0.18949,3000,5662.295
1784699400000,0.18937,0.19014,0.18766,0.188,2387,4514.7645
1784699460000,0.18782,0.18876,0.185,0.18522,4083,7626.6448
1784699520000,0.18511,0.18662,0.18511,0.18607,2893,5380.7435
1784699580000,0.18612,0.1864,0.18363,0.18398,1350,2493.3419
1784699640000,0.1837,0.18581,0.1826,0.18576,6889,12637.5933
1784699700000,0.18557,0.18575,0.18332,0.18356,2346,4334.5707
1784699760000,0.1833,0.1852,0.18248,0.18408,1126,2069.5707
1784699820000,0.18427,0.18427,0.18263,0.18287,1824,3338.6786
1784699880000,0.18295,0.18355,0.18267,0.18326,2686,4918.0891
1784699940000,0.18332,0.18363,0.18248,0.18248,1466,2680.2005
1784700000000,0.18282,0.18282,0.18162,0.18197,17749,32280.0519
1784700060000,0.18211,0.18211,0.17843,0.17925,14933,26920.046
1784700120000,0.17896,0.17896,0.17598,0.17698,24639,43814.2474
1784700180000,0.17688,0.17688,0.17563,0.17604,20811,36643.1681
1784700240000,0.17591,0.17598,0.17378,0.174,24565,42953.0011
1784700300000,0.17395,0.17565,0.17365,0.17448,37380,65168.026
1784700360000,0.1743,0.17529,0.17285,0.17529,19606,34083.5442
1784700420000,0.17536,0.17536,0.17238,0.17303,14429,25052.7726
1784700480000,0.17305,0.17305,0.17064,0.1712,8430,14480.0496
1784700540000,0.171,0.17244,0.17051,0.17156,6414,11011.7904
1784700600000,0.1718,0.17265,0.17067,0.17094,6593,11327.0871
1784700660000,0.17055,0.17371,0.17029,0.17371,11018,18957.0094
1784700720000,0.17383,0.17383,0.17101,0.17116,9142,15725.0134
1784700780000,0.17086,0.17207,0.16942,0.17207,27672,47108.6489
1784700840000,0.1723,0.1728,0.17065,0.17158,8089,13901.8997
1784700900000,0.17158,0.172,0.16996,0.17015,20133,34403.2022
1784700960000,0.16998,0.17655,0.16979,0.17622,17738,30818.7988
1784701020000,0.17641,0.17859,0.1758,0.1774,11603,20550.4151
1784701080000,0.17724,0.17907,0.17684,0.1775,10800,19269.6151
1784701140000,0.17721,0.18051,0.17476,0.18036,10670,18934.9918
1784701200000,0.18045,0.18263,0.18006,0.1816,17111,31051.1055
1784701260000,0.1815,0.18347,0.1815,0.18242,89110,162888.5535
1784701320000,0.1825,0.18286,0.17777,0.17859,22111,39551.484
1784701380000,0.17856,0.1822,0.17777,0.1822,66571,118894.0969
1784701440000,0.1822,0.18234,0.17901,0.17953,61483,111213.0111
1784701500000,0.17953,0.17973,0.17616,0.17735,9470,16830.2213
1784701560000,0.17748,0.17778,0.17641,0.17735,4865,8616.6637
1784701620000,0.17725,0.17809,0.17564,0.17564,25405,45085.2167
1784701680000,0.17547,0.17591,0.17354,0.17393,6407,11213.1395
1784701740000,0.17401,0.17401,0.17157,0.17158,4841,8362.9834
1784701800000,0.17152,0.17152,0.16605,0.1679,55635,94198.8608
1784701860000,0.16767,0.16814,0.165,0.16655,36276,60394.6133
1784701920000,0.16629,0.16647,0.16317,0.16366,27572,45223.142
1784701980000,0.16389,0.16753,0.16321,0.16469,17341,28674.1263
1784702040000,0.16416,0.1645,0.16122,0.16292,26787,43843.528
1784702100000,0.16276,0.16279,0.16,0.16086,10233,16526.0263
1784702160000,0.16099,0.1613,0.15767,0.15956,27345,43454.2887
1784702220000,0.15966,0.16041,0.15592,0.15809,26945,42677.5316
1784702280000,0.15787,0.15787,0.15472,0.15648,11739,18372.8112
1784702340000,0.15673,0.16129,0.15589,0.15795,17104,27150.1173
1784702400000,0.1575,0.1575,0.1531,0.15426,11257,17404.1004
1784702460000,0.15417,0.15688,0.1537,0.15538,9470,14650.4223
1784702520000,0.15519,0.15581,0.15144,0.15181,8784,13472.6077
1784702580000,0.15172,0.15374,0.15095,0.15313,10874,16543.7335
1784702640000,0.15271,0.15616,0.152,0.15229,9147,14062.6181
1784702700000,0.15229,0.15616,0.14928,0.15538,27800,42106.6271
1784702760000,0.15543,0.15563,0.15393,0.15516,6698,10378.1474
1784702820000,0.15443,0.15528,0.1462,0.14621,22988,34511.4108
1784702880000,0.1464,0.14809,0.14469,0.14543,14995,21927.8296
1784702940000,0.14536,0.14635,0.14283,0.14395,18845,27171.1736
1784703000000,0.14394,0.14681,0.14268,0.14383,22392,32228.4127
1784703060000,0.1439,0.1439,0.14096,0.14253,13961,19899.2276
1784703120000,0.14237,0.14575,0.1417,0.14299,13560,19503.2586
1784703180000,0.14245,0.1429,0.13802,0.13985,38909,54544.2333
1784703240000,0.13985,0.13999,0.13452,0.13987,28544,39318.1209
1784703300000,0.14006,0.14081,0.1367,0.14081,12410,17211.9165
1784703360000,0.14084,0.14879,0.14078,0.14663,23081,33486.1734
1784703420000,0.14659,0.14664,0.1382,0.1397,14730,20957.3332
1784703480000,0.13978,0.14152,0.13658,0.13882,13118,18160.1509
1784703540000,0.1386,0.13874,0.13594,0.13711,5168,7094.7332
1784703600000,0.13712,0.13839,0.13382,0.13524,13182,17947.0368
1784703660000,0.13519,0.14062,0.13407,0.13709,31027,42939.5947
1784703720000,0.13708,0.14388,0.13703,0.13882,25857,36363.2877
1784703780000,0.13872,0.14155,0.13862,0.1404,5746,8053.9548
1784703840000,0.14039,0.14071,0.1333,0.13462,38262,52231.6636
1784703900000,0.13466,0.13936,0.13411,0.13657,17826,24424.767
1784703960000,0.13671,0.1374,0.13446,0.13525,7183,9748.3574
1784704020000,0.1352,0.13888,0.13421,0.13866,32112,43910.5156
1784704080000,0.13855,0.14095,0.13771,0.13775,9139,12695.0149
1784704140000,0.13766,0.14001,0.13667,0.14001,2676,3727.1287
1784704200000,0.13985,0.14013,0.13777,0.13824,3123,4349.1601
1784704260000,0.13822,0.13822,0.13526,0.13636,4791,6549.7223
1784704320000,0.13644,0.13718,0.13304,0.134,12323,16588.4553
1784704380000,0.13396,0.13589,0.1308,0.13501,25730,34372.0237
1784704440000,0.13495,0.13743,0.13371,0.13388,15737,21418.2398
1784704500000,0.13389,0.13509,0.12796,0.12856,40980,53210.5267
1784704560000,0.12813,0.12845,0.12025,0.12133,74529,91884.1036
1784704620000,0.12144,0.12432,0.11757,0.1234,63488,76500.5641
1784704680000,0.12385,0.12702,0.12241,0.12561,20571,25605.653
1784704740000,0.12547,0.12697,0.12365,0.12575,13038,16369.6912
1784704800000,0.12544,0.12978,0.12509,0.12901,13718,17604.2336
1784704860000,0.12899,0.12901,0.12623,0.12801,11945,15255.8777
1784704920000,0.12815,0.133,0.12723,0.13213,16484,21514.2101
1784704980000,0.13206,0.13671,0.12971,0.13318,23349,31269.4613
1784705040000,0.1327,0.13513,0.13133,0.13243,35804,47451.5138
1784705100000,0.13236,0.13236,0.12818,0.1302,11770,15272.3032
1784705160000,0.13018,0.13521,0.12973,0.13474,19836,26448.6722
1784705220000,0.13494,0.13642,0.13372,0.13407,11046,14877.1846
1784705280000,0.13387,0.13554,0.13328,0.13495,10485,14121.872
1784705340000,0.13457,0.13542,0.12581,0.12827,82491,107511.8719
1784705400000,0.12795,0.12999,0.12597,0.12659,41146,52289.4509
1784705460000,0.12646,0.12827,0.12604,0.12776,16244,20664.2962
1784705520000,0.12752,0.12771,0.12601,0.127,6073,7706.9947
1784705580000,0.1269,0.1315,0.12671,0.13054,13780,17911.9402
1784705640000,0.13013,0.13254,0.12872,0.13155,7237,9524.0496
1784705700000,0.13115,0.13202,0.13056,0.13125,1873,2463.7863
1784705760000,0.13125,0.13304,0.13053,0.13283,1720,2273.0043
1784705820000,0.13288,0.13601,0.13263,0.13486,3391,4566.0
1784705880000,0.13479,0.13515,0.13274,0.13295,4539,6084.8528
1784705940000,0.13256,0.13495,0.13223,0.13423,3274,4398.804
1784706000000,0.1342,0.13443,0.13217,0.13407,5431,7220.9823
1784706060000,0.13389,0.13493,0.13298,0.13471,2329,3125.067
1784706120000,0.13464,0.13488,0.13339,0.13448,2726,3662.4307
1784706180000,0.13442,0.1382,0.13422,0.13519,5404,7357.8411
1784706240000,0.13527,0.1372,0.13521,0.13663,1909,2609.9175
1784706300000,0.13661,0.13661,0.13412,0.13605,7761,10514.709
1784706360000,0.13589,0.13883,0.13584,0.13775,7497,10332.0497
1784706420000,0.1376,0.14048,0.13743,0.13855,9477,13161.7743
1784706480000,0.13877,0.13929,0.13759,0.1383,953,1320.5757
1784706540000,0.13824,0.13826,0.13659,0.13775,10373,14277.8848
1784706600000,0.13798,0.14244,0.13796,0.14244,5369,7574.2844
1784706660000,0.14218,0.14314,0.14035,0.14172,11137,15797.1614
1784706720000,0.14136,0.14159,0.14032,0.14112,2005,2827.0837
1784706780000,0.14101,0.14102,0.13921,0.14102,11103,15536.0391
1784706840000,0.14143,0.1438,0.14143,0.1418,2667,3801.3584
1784706900000,0.14192,0.1424,0.14071,0.1416,3322,4699.8395
1784706960000,0.14165,0.1422,0.13975,0.14025,2430,3420.001
1784707020000,0.14021,0.14153,0.13785,0.14139,11591,16211.4064
1784707080000,0.14125,0.14136,0.14047,0.14075,9028,12722.9194
1784707140000,0.14106,0.142,0.13994,0.14075,1916,2707.164
1784707200000,0.14085,0.14216,0.13947,0.13963,3358,4724.14
1784707260000,0.1395,0.14027,0.13816,0.13885,4138,5745.4768
1784707320000,0.13885,0.1391,0.13636,0.13723,2017,2769.8264
1784707380000,0.13809,0.13825,0.13417,0.13498,4080,5527.3882
1784707440000,0.13476,0.13612,0.13358,0.13611,8055,10821.4601
1784707500000,0.13554,0.1357,0.13363,0.1353,5900,7921.6092
1784707560000,0.1353,0.13963,0.1353,0.13783,3004,4134.8099
1784725620000,0.18338,0.18489,0.1828,0.18489,3161,5815.7507
1784725680000,0.18456,0.18492,0.18364,0.18425,2702,4984.7167
1784725740000,0.18445,0.18445,0.18244,0.18281,6038,11075.9022
1784725800000,0.1827,0.18332,0.18263,0.18281,920,1683.4284
1784725860000,0.18277,0.18304,0.18082,0.183,22855,41754.4002
1784725920000,0.18288,0.18288,0.18153,0.18232,5732,10434.893
1784725980000,0.18243,0.18243,0.17664,0.17839,27642,49255.9844
1784726040000,0.17837,0.17865,0.17556,0.17745,10596,18788.4378
1784726100000,0.17753,0.17793,0.17675,0.17792,7324,13001.4439
1784726160000,0.17816,0.17968,0.17816,0.17921,10019,17946.0497
1784726220000,0.1792,0.18021,0.1791,0.17936,3468,6227.3207
1784726280000,0.17928,0.17954,0.1787,0.17954,1333,2387.3355
1784726340000,0.17939,0.18263,0.17939,0.18263,4266,7733.8236
1784726400000,0.18211,0.18216,0.18052,0.18085,5189,9417.389
1784726460000,0.18141,0.18344,0.18141,0.18252,1485,2706.5976
1784726520000,0.18239,0.18261,0.18207,0.18234,508,926.4469
1784726580000,0.18203,0.18254,0.18033,0.18096,2134,3868.4096
1784726640000,0.18113,0.18113,0.1793,0.18035,4896,8819.5009
1784726700000,0.18026,0.1814,0.18026,0.18086,1516,2742.065
1784726760000,0.18085,0.18152,0.18085,0.18106,325,588.5938
1784726820000,0.1816,0.18212,0.18106,0.18212,1575,2860.0733
1784726880000,0.18204,0.18209,0.18095,0.18095,4142,7527.398
1784726940000,0.1811,0.18218,0.18007,0.18027,4808,8702.5695
1784727000000,0.18029,0.18082,0.18006,0.18048,5018,9054.0896
1784727060000,0.18074,0.18194,0.18074,0.18141,2497,4535.2793
1784727120000,0.18152,0.1821,0.18137,0.1821,1297,2357.6276
1784727180000,0.18201,0.18223,0.18043,0.18197,9981,18109.8874
1784727240000,0.18196,0.18225,0.18035,0.18068,1943,3523.5687
1784727300000,0.18099,0.18099,0.179,0.17972,3572,6417.8427
1784727360000,0.17974,0.17977,0.17942,0.17942,331,594.7011
1784727420000,0.17931,0.17935,0.17732,0.17744,5258,9370.2212
1784727480000,0.17726,0.1773,0.1759,0.17603,5168,9124.5649
1784727540000,0.17615,0.17678,0.16875,0.17135,32753,56162.0958
1784727600000,0.17115,0.17382,0.16959,0.17024,17610,30245.1357
1784727660000,0.17027,0.17187,0.1669,0.17171,19572,33049.0062
1784727720000,0.1716,0.17312,0.16996,0.17023,5638,9662.7393
1784727780000,0.17037,0.17176,0.17037,0.1715,3994,6837.5401
1784727840000,0.17146,0.17309,0.17024,0.17199,8048,13821.338
1784727900000,0.17194,0.17243,0.17046,0.17237,4136,7096.5379
1784727960000,0.17235,0.17235,0.17166,0.17229,1821,3131.5895
1784728020000,0.17225,0.17561,0.17225,0.17482,9183,16065.1234
1784728080000,0.1753,0.1753,0.17401,0.17434,1264,2204.3123
1784728140000,0.17444,0.17444,0.17375,0.17413,2157,3753.6969
1784728200000,0.17422,0.17422,0.1733,0.17362,887,1541.8431
1784728260000,0.17314,0.17384,0.17314,0.1736,1081,1874.453
1784728320000,0.17338,0.1738,0.17147,0.1721,8656,14929.8705
1784728380000,0.17214,0.1725,0.16964,0.1708,3940,6749.8704
1784728440000,0.17139,0.1714,0.1701,0.17065,736,1258.1163
1784728500000,0.17114,0.17248,0.17075,0.17199,12014,20588.6954
1784728560000,0.17206,0.17405,0.17184,0.17368,4289,7414.8334
1784728620000,0.17396,0.17444,0.17346,0.17412,2045,3558.1807
1784728680000,0.17429,0.17604,0.17429,0.17588,17363,30473.7751
1784728740000,0.17573,0.17809,0.17573,0.17681,5362,9487.5758
1784728800000,0.17654,0.17684,0.17562,0.17684,3518,6193.1511
1784728860000,0.17672,0.17672,0.1758,0.17617,982,1729.3471
1784728920000,0.17584,0.17646,0.17584,0.17596,965,1699.797
1784728980000,0.17589,0.17867,0.17584,0.17859,4328,7701.9469
1784729040000,0.17841,0.17841,0.17761,0.17794,7052,12543.4512
1784729100000,0.17811,0.17868,0.17765,0.17765,5108,9092.5552
1784729160000,0.17764,0.17781,0.1769,0.17781,3882,6883.0965
1784729220000,0.17784,0.17923,0.17784,0.17903,3163,5655.174
1784729280000,0.17877,0.17922,0.17825,0.17922,4198,7508.0833
1784729340000,0.17921,0.17944,0.17877,0.17877,1565,2802.5259
1784729400000,0.17845,0.17871,0.17785,0.17842,1079,1925.2927
1784729460000,0.17822,0.17822,0.17682,0.17774,4854,8602.6877
1784729520000,0.17792,0.17833,0.17761,0.17766,774,1377.4506
1784729580000,0.17754,0.17814,0.17751,0.17798,375,667.0791
1784729640000,0.17816,0.17937,0.17799,0.17937,1076,1922.9529
1784729700000,0.17894,0.1797,0.17856,0.1797,2552,4566.958
1784729760000,0.17974,0.17993,0.17864,0.17909,734,1316.2436
1784729820000,0.179,0.18064,0.179,0.18,708,1273.7719
1784729880000,0.18,0.18083,0.17982,0.17988,852,1537.1968
1784729940000,0.17942,0.17962,0.17842,0.17889,434,777.5468
1784730000000,0.179,0.18012,0.17851,0.17956,2584,4631.1035
1784730060000,0.17934,0.18051,0.17934,0.18018,622,1119.316
1784730120000,0.18006,0.18034,0.17949,0.17952,2058,3703.6893
1784730180000,0.17958,0.18051,0.17954,0.18051,382,687.945
1784730240000,0.18048,0.18097,0.18001,0.18051,789,1424.6768
1784730300000,0.18065,0.18106,0.18062,0.18095,633,1144.7497
1784730360000,0.18093,0.18093,0.1799,0.18027,1414,2553.2705
1784730420000,0.18039,0.18049,0.18021,0.18025,418,754.1711
1784730480000,0.18069,0.18245,0.18052,0.18245,2462,4472.3403
1784730540000,0.18239,0.18395,0.18219,0.18313,7497,13745.3176
1784730600000,0.18315,0.18471,0.1831,0.18367,5636,10382.9938
1784730660000,0.18326,0.18375,0.18326,0.18333,1136,2084.4811
1784730720000,0.1834,0.18376,0.1833,0.18344,4479,8221.9711
1784730780000,0.18333,0.18334,0.1816,0.18235,1661,3026.7008
1784730840000,0.18246,0.18445,0.18246,0.18416,1696,3116.4441
1784730900000,0.18403,0.1877,0.18397,0.1862,8731,16235.5315
1784730960000,0.18612,0.18612,0.18432,0.1858,2300,4256.0821
1784731020000,0.18568,0.18612,0.18473,0.18608,1915,3548.4107
1784731080000,0.1862,0.18984,0.1862,0.18724,19082,35896.6637
1784731140000,0.18724,0.18751,0.18535,0.18622,4331,8068.6752
1784731200000,0.18573,0.18624,0.18435,0.18569,1824,3376.459
1784731260000,0.18567,0.18791,0.18567,0.18741,15748,29422.384
1784731320000,0.1873,0.18883,0.18707,0.1887,1677,3153.2199
1784731380000,0.1884,0.18843,0.18772,0.18783,8621,16211.5818
1784731440000,0.18806,0.18946,0.18696,0.18697,7749,14559.7835
1784731500000,0.18691,0.18796,0.18681,0.18785,7355,13789.4851
1784731560000,0.18813,0.18866,0.18726,0.18762,2370,4452.1939
1784731620000,0.187,0.187,0.18395,0.18395,7372,13668.2452
1784731680000,0.18407,0.18541,0.18262,0.18521,4709,8639.1421
1784731740000,0.18521,0.18549,0.18332,0.18338,9202,16900.4336
1784731800000,0.18318,0.18483,0.1815,0.18403,8171,14943.7107
1784731860000,0.18427,0.18506,0.18387,0.18473,3376,6226.7404
1784731920000,0.18493,0.18493,0.18272,0.18281,2970,5468.7677
1784731980000,0.18252,0.18275,0.18052,0.18165,4272,7759.5545
1784732040000,0.18178,0.1839,0.18178,0.1839,808,1478.0363
1784732100000,0.18377,0.18377,0.18218,0.18297,1134,2075.2958
1784732160000,0.18339,0.18339,0.17968,0.1815,9710,17610.2013
1784732220000,0.18171,0.1818,0.18098,0.18153,1224,2222.5274
1784732280000,0.18133,0.1825,0.18118,0.18147,3093,5628.5636
1784732340000,0.18141,0.18215,0.1811,0.18164,654,1187.6438
1784732400000,0.18174,0.18189,0.18054,0.1815,2640,4779.3187
1784732460000,0.18161,0.18172,0.18112,0.18151,1742,3159.5004
1784732520000,0.18147,0.18205,0.18136,0.18179,1090,1981.4485
1784732580000,0.18169,0.18196,0.18011,0.18054,4827,8725.6694
1784732640000,0.18083,0.18132,0.18049,0.18119,660,1194.1962
1784732700000,0.18079,0.1812,0.18032,0.18079,2801,5061.9592
1784732760000,0.18066,0.18066,0.17958,0.18003,1213,2183.8853
1784732820000,0.17997,0.18003,0.17645,0.17762,12320,21924.3563
1784732880000,0.17788,0.1781,0.17658,0.17748,2643,4687.7906
1784732940000,0.17791,0.17928,0.17791,0.17893,3206,5738.3439
1784733000000,0.1789,0.1789,0.17472,0.17703,10335,18318.1422
1784733060000,0.17678,0.17731,0.17622,0.17709,2089,3694.4322
1784733120000,0.17714,0.17751,0.1764,0.1764,2060,3643.3506
1784733180000,0.17646,0.17772,0.1763,0.17747,1431,2536.4468
1784733240000,0.17731,0.17737,0.17684,0.17684,298,528.3358
1784733300000,0.17705,0.17743,0.17623,0.17719,1864,3297.6702
1784733360000,0.178,0.17928,0.17775,0.17908,1810,3233.9726
1784733420000,0.17903,0.17903,0.17795,0.17795,596,1064.3727
1784733480000,0.17825,0.17825,0.17596,0.17667,4371,7725.6145
1784733540000,0.17676,0.1779,0.17668,0.17676,985,1746.7099
1784733600000,0.1769,0.17823,0.17675,0.17799,1104,1955.5425
1784733660000,0.17797,0.17863,0.17786,0.17837,989,1763.4576
1784733720000,0.17842,0.17856,0.17791,0.17824,859,1530.5307
1784733780000,0.17813,0.17883,0.17813,0.17883,434,774.9353
1784733840000,0.17872,0.17881,0.17714,0.17744,1086,1932.1445
1784733900000,0.1771,0.17893,0.17664,0.17888,2179,3874.6936
1784733960000,0.17884,0.18086,0.17779,0.18056,3155,5674.4445
1784734020000,0.18066,0.18095,0.17966,0.1803,778,1401.0289
1784734080000,0.18004,0.18004,0.17961,0.17968,678,1219.2775
1784734140000,0.17972,0.18048,0.17972,0.18023,603,1086.405
1784734200000,0.18044,0.18078,0.17959,0.18039,890,1604.6073
1784734260000,0.18016,0.18016,0.17821,0.17833,1383,2473.0815
1784734320000,0.178,0.17967,0.17793,0.17967,435,778.2559
1784734380000,0.17986,0.17986,0.17858,0.17858,76,136.1379
1784734440000,0.17852,0.17852,0.17665,0.17828,5285,9380.4048
1784734500000,0.17859,0.17859,0.17683,0.17722,1416,2517.2118
1784734560000,0.17723,0.17852,0.17723,0.17852,787,1396.109
1784734620000,0.17827,0.17827,0.17784,0.17797,449,798.9669
1784734680000,0.1782,0.17877,0.17819,0.17877,893,1594.7573
1784734740000,0.17848,0.17974,0.17848,0.1795,1248,2238.4354
1784734800000,0.17941,0.18255,0.17941,0.18233,3412,6181.2757
1784734860000,0.18271,0.18271,0.18152,0.18195,1362,2477.3292
1784734920000,0.18205,0.18205,0.18159,0.18192,587,1067.4115
1784734980000,0.18175,0.18193,0.18174,0.18191,1497,2722.8118
1784735040000,0.18191,0.18191,0.18022,0.18072,1908,3456.801
1784735100000,0.18066,0.18097,0.18003,0.18023,990,1786.4499
1784735160000,0.18022,0.18139,0.18022,0.18116,951,1720.2638
1784735220000,0.18118,0.18187,0.18118,0.18187,1138,2066.0927
1784735280000,0.18176,0.18236,0.18176,0.18236,250,454.9942
1784735340000,0.18265,0.18301,0.18201,0.18282,803,1466.5676
1784735400000,0.18264,0.18283,0.18252,0.18278,426,778.6155
1784735460000,0.18271,0.18279,0.18217,0.18256,2152,3931.4078
1784735520000,0.18208,0.18274,0.18204,0.18256,1638,2990.4374
1784735580000,0.18259,0.18261,0.18138,0.18164,1228,2236.3318
1784735640000,0.1822,0.18251,0.1822,0.18231,266,485.1038
1784735700000,0.18243,0.18354,0.18231,0.18313,4138,7568.6201
1784735760000,0.18308,0.18319,0.18241,0.18319,3413,6236.6822
1784735820000,0.18307,0.18477,0.18307,0.18434,2795,5148.6139
1784735880000,0.18401,0.18578,0.18392,0.18518,1446,2678.6297
1784735940000,0.1852,0.1852,0.18466,0.18483,1042,1926.416
1784736000000,0.18483,0.18518,0.18447,0.185,2253,4161.8691
1784736060000,0.1853,0.186,0.1849,0.186,1039,1929.6541
1784736120000,0.18572,0.18572,0.18499,0.1855,972,1802.2315
1784736180000,0.18579,0.18677,0.18547,0.18647,2037,3787.1578
1784736240000,0.18676,0.18775,0.18531,0.18552,3243,6057.6303
1784736300000,0.18551,0.18565,0.18464,0.1852,2043,3779.3418
1784736360000,0.18499,0.18734,0.18499,0.18694,1676,3129.5472
1784736420000,0.18706,0.18823,0.18703,0.18808,5988,11229.1881
1784736480000,0.18814,0.18948,0.18763,0.18948,1824,3439.4484
1784736540000,0.18949,0.19538,0.18947,0.19143,26448,50956.3911
1784736600000,0.19124,0.19404,0.19124,0.19263,14082,27189.8515
1784736660000,0.19244,0.19298,0.19149,0.19244,6757,12997.2359
1784736720000,0.19269,0.19489,0.19269,0.1946,3942,7652.504
1784736780000,0.19446,0.19467,0.19342,0.19345,2876,5584.5329
1784736840000,0.19334,0.19474,0.19207,0.19474,3366,6503.2155
1784736900000,0.1944,0.19778,0.1944,0.19735,6898,13539.8205
1784736960000,0.19724,0.19724,0.19514,0.19619,2692,5277.3842
1784737020000,0.19591,0.19699,0.1959,0.19699,6450,12681.5581
1784737080000,0.19693,0.19863,0.19692,0.19771,2925,5787.1082
1784737140000,0.19782,0.19998,0.19678,0.19854,13219,26295.7663
1784737200000,0.19834,0.19842,0.197,0.19791,7824,15472.1492
1784737260000,0.19784,0.19798,0.19453,0.1954,5904,11557.1023
1784737320000,0.19569,0.19569,0.19354,0.1945,5876,11402.5576
1784737380000,0.19404,0.19518,0.19304,0.19304,2612,5067.4801
1784737440000,0.19329,0.19356,0.1912,0.19351,6914,13309.092
1784737500000,0.194,0.19568,0.194,0.19434,6470,12609.3618
1784737560000,0.19434,0.19464,0.19157,0.19261,3515,6767.804
1784755620000,0.2189,0.21999,0.21847,0.21855,10065,22066.9728
1784755680000,0.21836,0.22169,0.21682,0.21859,75563,165991.3871
1784755740000,0.2193,0.22057,0.21916,0.21989,4545,9986.3794
1784755800000,0.21979,0.22197,0.21978,0.22128,5312,11752.1552
1784755860000,0.2211,0.22398,0.22091,0.22367,8243,18402.0547
1784755920000,0.22291,0.22291,0.22173,0.22187,4758,10588.6263
1784755980000,0.22221,0.22242,0.22168,0.22236,1890,4196.2502
1784756040000,0.22221,0.2225,0.22198,0.2225,373,828.686
1784756100000,0.22291,0.22518,0.22291,0.22353,6014,13495.18
1784756160000,0.22349,0.22349,0.22018,0.22046,5986,13273.0957
1784756220000,0.22145,0.22251,0.21994,0.21994,1714,3790.0096
1784756280000,0.22087,0.22279,0.22079,0.22252,5796,12862.2479
1784756340000,0.22311,0.22464,0.22306,0.22351,7785,17438.5493
1784756400000,0.22368,0.22368,0.22245,0.22279,5116,11408.9414
1784756460000,0.22279,0.22283,0.22096,0.22157,3043,6738.9836
1784756520000,0.22185,0.22219,0.21862,0.21862,1610,3550.1465
1784756580000,0.21862,0.22005,0.21797,0.21972,3573,7824.0015
1784756640000,0.2199,0.22015,0.21839,0.21839,1380,3025.9504
1784756700000,0.21859,0.21986,0.21859,0.21944,2620,5748.827
1784756760000,0.21956,0.22032,0.21955,0.22017,711,1564.5652
1784756820000,0.22053,0.22231,0.22053,0.22138,2098,4642.6279
1784756880000,0.22125,0.22326,0.22125,0.22238,4824,10734.3584
1784756940000,0.2223,0.22279,0.22192,0.22244,1020,2268.0556
1784757000000,0.22218,0.22289,0.22218,0.22253,671,1493.1392
1784757060000,0.22275,0.22312,0.22235,0.22235,188,418.8997
1784757120000,0.2226,0.22273,0.22214,0.22214,470,1045.3371
1784757180000,0.22222,0.22229,0.22122,0.22194,1103,2447.6291
1784757240000,0.2223,0.22232,0.22116,0.22219,589,1307.1655
1784757300000,0.22187,0.22389,0.22186,0.22389,1316,2941.75
1784757360000,0.22378,0.22378,0.2227,0.2227,481,1072.8902
1784757420000,0.22227,0.22322,0.22103,0.22268,21278,47253.1845
1784757480000,0.22258,0.22267,0.22178,0.22187,2894,6433.7939
1784757540000,0.22144,0.22144,0.22,0.22097,14463,31914.8192
1784757600000,0.22108,0.22126,0.22051,0.22051,1167,2579.0537
1784757660000,0.22058,0.22246,0.22019,0.22217,3358,7426.7534
1784757720000,0.22234,0.22244,0.22132,0.22206,1432,3176.7865
1784757780000,0.22212,0.22439,0.22212,0.22404,6995,15655.7121
1784757840000,0.2242,0.22471,0.22337,0.22356,7285,16310.5979
1784757900000,0.22348,0.22376,0.22157,0.22376,5145,11468.3299
1784757960000,0.22367,0.22443,0.22301,0.22396,3409,7630.6775
1784758020000,0.22393,0.22431,0.22321,0.22368,1296,2898.1929
1784758080000,0.22362,0.22395,0.2236,0.22395,6152,13758.3387
1784758140000,0.22409,0.22635,0.22409,0.22499,3399,7660.5623
1784758200000,0.22507,0.22507,0.2236,0.22373,2069,4630.4072
1784758260000,0.22419,0.22419,0.2236,0.22361,1316,2943.5782
1784758320000,0.22464,0.22644,0.22464,0.22591,4148,9352.1195
1784758380000,0.22544,0.22972,0.22541,0.22851,38483,87635.081
1784758440000,0.22832,0.22834,0.22607,0.22614,18152,41237.4127
1784758500000,0.22586,0.22717,0.22586,0.22717,3564,8077.4197
1784758560000,0.22676,0.22676,0.22455,0.22495,1690,3802.0528
1784758620000,0.22545,0.22545,0.22253,0.22431,11195,25060.3279
1784758680000,0.22441,0.22504,0.22333,0.22386,5810,13036.9257
1784758740000,0.2237,0.22593,0.22369,0.2258,1660,3742.6232
1784758800000,0.22599,0.22708,0.22596,0.22672,320,724.6869
1784758860000,0.22642,0.22642,0.22447,0.22495,594,1337.3101
1784758920000,0.22489,0.22529,0.22426,0.22512,424,951.5151
1784758980000,0.22463,0.22463,0.22358,0.22384,682,1527.694
1784759040000,0.22398,0.22478,0.22398,0.22478,312,700.5649
1784759100000,0.22546,0.22577,0.22319,0.22319,757,1698.3553
1784759160000,0.2235,0.22397,0.22325,0.22325,295,659.7846
1784759220000,0.22324,0.22344,0.2211,0.22196,4762,10592.0089
1784759280000,0.2219,0.22249,0.22077,0.22077,3856,8532.6664
1784759340000,0.22165,0.22289,0.22144,0.22144,1078,2392.6243
1784759400000,0.22138,0.22276,0.22134,0.22252,1108,2459.6944
1784759460000,0.22252,0.22322,0.22232,0.22259,854,1902.7017
1784759520000,0.223,0.22398,0.223,0.22314,805,1797.7504
1784759580000,0.22335,0.22345,0.22241,0.22241,395,881.0779
1784759640000,0.22243,0.22437,0.22243,0.22375,4404,9856.7563
1784759700000,0.22404,0.22665,0.22393,0.22596,6724,15136.0426
1784759760000,0.22567,0.22755,0.22523,0.22755,2908,6572.2005
1784759820000,0.227,0.22765,0.22664,0.22686,754,1712.1719
1784759880000,0.22692,0.22734,0.22544,0.22544,1653,3745.4435
1784759940000,0.22604,0.22663,0.22516,0.22516,1258,2839.9783
1784760000000,0.22558,0.22642,0.22541,0.22624,834,1883.1038
1784760060000,0.22624,0.22656,0.22575,0.22644,231,522.7312
1784760120000,0.22641,0.22659,0.22496,0.22551,429,970.9487
1784760180000,0.2252,0.22521,0.22324,0.22375,407,911.3126
1784760240000,0.22407,0.22441,0.22367,0.22441,1161,2603.5804
1784760300000,0.22412,0.22544,0.22412,0.22492,1840,4142.8319
1784760360000,0.22475,0.22519,0.22439,0.2248,1026,2308.2543
1784760420000,0.22516,0.22516,0.22381,0.22412,616,1380.0774
1784760480000,0.2246,0.2251,0.2246,0.2251,102,229.396
1784760540000,0.22467,0.22467,0.22377,0.22377,271,607.779
1784760600000,0.22367,0.22447,0.22229,0.22308,3995,8898.98
1784760660000,0.22361,0.22396,0.22279,0.22389,734,1638.4362
1784760720000,0.22388,0.22514,0.22374,0.224,3810,8543.3805
1784760780000,0.22418,0.22506,0.22313,0.22345,23120,51822.7217
1784760840000,0.22362,0.22388,0.22273,0.22286,5829,13012.9011
1784760900000,0.22307,0.2241,0.22186,0.22251,33881,75486.0972
1784760960000,0.22251,0.22334,0.22189,0.22285,12620,28073.2096
1784761020000,0.22294,0.22358,0.22269,0.22269,2093,4667.835
1784761080000,0.22274,0.22349,0.22264,0.22337,498,1111.6969
1784761140000,0.22322,0.2233,0.22264,0.22264,183,408.1922
1784761200000,0.22279,0.22325,0.22044,0.22212,8225,18229.0893
1784761260000,0.22224,0.22224,0.21952,0.2215,8574,18903.5822
1784761320000,0.22151,0.22291,0.22131,0.22226,7107,15793.4513
1784761380000,0.22232,0.22437,0.22232,0.22368,5296,11856.9983
1784761440000,0.22392,0.22392,0.22222,0.22337,1401,3119.1525
1784761500000,0.22354,0.22354,0.22289,0.22315,630,1405.0476
1784761560000,0.22359,0.22409,0.22295,0.22307,2112,4727.2852
1784761620000,0.22284,0.22284,0.22061,0.22201,3167,7019.5895
1784761680000,0.2218,0.22242,0.2218,0.22223,5845,12977.7485
1784761740000,0.22227,0.22296,0.22227,0.22276,5985,13329.8092
1784761800000,0.22268,0.22326,0.22263,0.22304,261,582.0171
1784761860000,0.22263,0.22345,0.22221,0.22235,4373,9737.9634
1784761920000,0.22217,0.22229,0.22093,0.22093,3182,7048.8775
1784761980000,0.22112,0.22208,0.22112,0.22138,1253,2778.5004
1784762040000,0.22142,0.22217,0.22112,0.22135,3561,7899.4126
1784762100000,0.22163,0.22169,0.22066,0.2216,2364,5225.9128
1784762160000,0.2218,0.22201,0.2216,0.2216,664,1473.6999
1784762220000,0.22186,0.22336,0.2218,0.22284,1087,2421.5893
1784762280000,0.22336,0.22432,0.2226,0.22417,771,1725.1006
1784762340000,0.2241,0.2241,0.22298,0.22334,1354,3025.5021
1784762400000,0.22331,0.2254,0.22331,0.22474,6713,15088.2096
1784762460000,0.22469,0.22611,0.22448,0.22487,3162,7121.3348
1784762520000,0.22503,0.22561,0.22428,0.22561,3711,8345.032
1784762580000,0.2254,0.2254,0.22393,0.22489,4314,9677.3017
1784762640000,0.22476,0.22573,0.22476,0.2257,1801,4059.7299
1784762700000,0.22551,0.22738,0.22511,0.2272,9480,21477.4754
1784762760000,0.22709,0.22739,0.22584,0.22655,8683,19686.0411
1784762820000,0.22639,0.22797,0.22638,0.22745,4052,9215.6811
1784762880000,0.22713,0.22713,0.2259,0.2259,2825,6396.6448
1784762940000,0.22614,0.22631,0.2249,0.22605,2470,5567.6289
1784763000000,0.22599,0.22726,0.22577,0.22594,1230,2785.8658
1784763060000,0.22595,0.22712,0.22577,0.22655,3493,7919.087
1784763120000,0.2268,0.22721,0.22645,0.22711,2279,5169.4521
1784763180000,0.22724,0.22724,0.22598,0.22701,1185,2687.7373
1784763240000,0.22716,0.2274,0.22613,0.22643,2012,4559.9979
1784763300000,0.22643,0.22907,0.22643,0.22777,13954,31746.501
1784763360000,0.22787,0.2281,0.22666,0.22718,2029,4606.4668
1784763420000,0.2271,0.2271,0.2252,0.22556,8097,18306.0109
1784763480000,0.22558,0.22576,0.22395,0.22415,1949,4385.8409
1784763540000,0.2247,0.2253,0.22455,0.22481,3457,7769.5432
1784763600000,0.22492,0.22568,0.22492,0.22524,690,1554.444
1784763660000,0.22524,0.22541,0.2248,0.22498,1291,2905.9801
1784763720000,0.22493,0.22493,0.22349,0.22368,3548,7939.9935
1784763780000,0.22356,0.22375,0.2227,0.22271,1286,2871.2381
1784763840000,0.22344,0.22385,0.22295,0.2231,2266,5058.7866
1784763900000,0.22317,0.22378,0.22303,0.22331,816,1823.0478
1784763960000,0.22332,0.22645,0.22332,0.22539,7466,16849.8644
1784764020000,0.22569,0.22604,0.22502,0.22502,757,1709.2973
1784764080000,0.22505,0.2267,0.22505,0.2267,1013,2286.189
1784764140000,0.2264,0.22642,0.22508,0.22527,4756,10728.6709
1784764200000,0.22486,0.22584,0.22486,0.22566,3490,7868.8478
1784764260000,0.22535,0.22549,0.22456,0.22549,4321,9728.1208
1784764320000,0.22517,0.22646,0.22517,0.22608,5048,11410.4672
1784764380000,0.22614,0.2264,0.22594,0.22633,2298,5196.6162
1784764440000,0.22634,0.22743,0.226,0.22716,10223,23154.9064
1784764500000,0.22732,0.22895,0.22716,0.22799,8364,19101.1731
1784764560000,0.22794,0.24075,0.22794,0.23141,78727,185924.0588
1784764620000,0.23148,0.23205,0.2305,0.23092,15070,34866.9784
1784764680000,0.23092,0.2313,0.22918,0.2294,9839,22667.8215
1784764740000,0.22978,0.23286,0.22813,0.23125,18702,43023.0361
1784764800000,0.23079,0.23292,0.22943,0.23032,13871,32018.2358
1784764860000,0.22978,0.23068,0.22928,0.23054,7106,16343.5311
1784764920000,0.2305,0.23218,0.2301,0.23218,9695,22434.8371
1784764980000,0.23202,0.23431,0.23122,0.23431,6265,14577.8525
1784765040000,0.23356,0.23357,0.2321,0.23319,2890,6725.0585
1784765100000,0.23304,0.23395,0.23255,0.23375,2575,6009.6766
1784765160000,0.23356,0.23411,0.2314,0.23171,12135,28218.6584
1784765220000,0.23183,0.23285,0.22901,0.23008,8639,19883.4132
1784765280000,0.23014,0.23109,0.22763,0.22774,10126,23246.7098
1784765340000,0.22777,0.23112,0.22776,0.23104,3096,7108.8752
1784765400000,0.23123,0.23186,0.23078,0.23134,1664,3849.3421
1784765460000,0.23121,0.23318,0.23112,0.23201,3370,7828.5123
1784765520000,0.23178,0.23232,0.22964,0.23026,554,1280.6885
1784765580000,0.23008,0.23012,0.22854,0.23012,1858,4259.3527
1784765640000,0.23007,0.23027,0.22854,0.22932,1429,3280.7593
1784765700000,0.22896,0.23292,0.22896,0.23282,3350,7738.65
1784765760000,0.23231,0.23322,0.23175,0.23175,3123,7258.4754
1784765820000,0.232,0.23341,0.23179,0.23264,1320,3073.6104
1784765880000,0.23259,0.23259,0.23177,0.23186,665,1544.1355
1784765940000,0.23175,0.23268,0.23059,0.23089,1445,3350.608
1784766000000,0.2304,0.23263,0.2304,0.23201,1599,3705.6913
1784766060000,0.23252,0.23532,0.23252,0.23362,1570,3670.6689
1784766120000,0.23318,0.23384,0.23302,0.23302,2059,4805.9948
1784766180000,0.23307,0.23342,0.23046,0.23306,12816,29752.631
1784766240000,0.23293,0.23293,0.23069,0.23097,2596,6013.3559
1784766300000,0.23097,0.23097,0.22976,0.23073,1140,2626.2012
1784766360000,0.23076,0.23182,0.22948,0.22948,3701,8531.5886
1784766420000,0.22968,0.23054,0.22923,0.22929,2912,6689.9552
1784766480000,0.22935,0.2327,0.22935,0.23226,3766,8733.8726
1784766540000,0.23239,0.23313,0.22998,0.23032,3289,7623.7393
1784766600000,0.23005,0.23111,0.22863,0.23111,2240,5150.4255
1784766660000,0.23131,0.232,0.23131,0.23176,1175,2721.3783
1784766720000,0.23215,0.23422,0.2321,0.2331,2480,5786.8575
1784766780000,0.23334,0.23426,0.23252,0.234,1077,2513.7249
1784766840000,0.23408,0.23632,0.23356,0.23583,2692,6333.0838
1784766900000,0.23562,0.23664,0.23454,0.23476,1143,2692.0981
1784766960000,0.23455,0.23526,0.23289,0.23473,3158,7395.1667
1784767020000,0.23431,0.23443,0.23307,0.23389,2234,5229.0399
1784767080000,0.23397,0.23518,0.23397,0.23518,942,2210.8247
1784767140000,0.23518,0.23568,0.23459,0.23513,700,1645.3982
1784767200000,0.23505,0.23651,0.23464,0.23604,1015,2387.3062
1784767260000,0.23598,0.237,0.23563,0.23621,1622,3830.5447
1784767320000,0.2362,0.2362,0.23467,0.23564,968,2277.5617
1784767380000,0.23547,0.23577,0.23511,0.23575,349,821.9069
1784767440000,0.23546,0.23653,0.23546,0.23575,1940,4584.8466
1784767500000,0.23571,0.23799,0.23562,0.23735,8203,19486.9557
1784767560000,0.23713,0.23873,0.23593,0.23827,6104,14474.8491
1784785620000,0.23642,0.23799,0.23642,0.23665,2095,4974.7107
1784785680000,0.23673,0.23673,0.23556,0.23632,445,1050.9434
1784785740000,0.23658,0.23707,0.2364,0.23657,856,2026.5964
1784785800000,0.23702,0.23758,0.23684,0.23753,1639,3888.5777
1784785860000,0.23735,0.23741,0.23634,0.2367,2307,5457.0509
1784785920000,0.23684,0.23877,0.23668,0.23785,1018,2419.4164
1784785980000,0.23811,0.23892,0.23811,0.23892,722,1722.4231
1784786040000,0.23885,0.24556,0.23821,0.24338,16298,39574.5834
1784786100000,0.24334,0.24469,0.2416,0.24305,10218,24857.7195
1784786160000,0.24327,0.24714,0.24327,0.24559,3227,7921.6187
1784786220000,0.24548,0.24651,0.24515,0.24592,1684,4138.1394
1784786280000,0.24592,0.24601,0.24435,0.24487,2638,6460.0754
1784786340000,0.24505,0.24582,0.24505,0.24543,218,534.8236
1784786400000,0.24559,0.2475,0.24492,0.24503,11961,29467.3375
1784786460000,0.24503,0.24514,0.2418,0.24332,16379,39797.7641
1784786520000,0.24334,0.2434,0.24185,0.24234,2580,6251.4153
1784786580000,0.24274,0.2428,0.24158,0.2416,7233,17515.6276
1784786640000,0.2415,0.24157,0.24,0.24064,6391,15393.7985
1784786700000,0.24058,0.24133,0.24003,0.241,1214,2920.7047
1784786760000,0.2413,0.24132,0.23905,0.23915,3880,9309.4514
1784786820000,0.23936,0.23984,0.23882,0.23949,5578,13356.9575
1784786880000,0.23977,0.2416,0.23977,0.24063,4673,11258.4154
1784786940000,0.24068,0.24087,0.24037,0.24048,2748,6608.6412
1784787000000,0.24063,0.24102,0.23972,0.24044,921,2212.363
1784787060000,0.24062,0.24207,0.24025,0.24105,2717,6561.0529
1784787120000,0.24113,0.24113,0.2405,0.2405,1923,4626.1195
1784787180000,0.24065,0.24107,0.2405,0.24085,252,606.6613
1784787240000,0.24111,0.24111,0.24067,0.24084,266,640.7394
1784787300000,0.24124,0.2427,0.24054,0.24054,4169,10095.471
1784787360000,0.24087,0.24179,0.24073,0.24179,455,1097.4862
1784787420000,0.24211,0.24307,0.24187,0.24203,933,2264.4489
1784787480000,0.24205,0.24416,0.24172,0.24377,5128,12489.9189
1784787540000,0.24376,0.24395,0.24299,0.24299,467,1137.9948
1784787600000,0.24339,0.24383,0.2428,0.2428,1611,3913.6981
1784787660000,0.24279,0.2435,0.24259,0.2435,515,1251.2656
1784787720000,0.24342,0.24353,0.24036,0.24194,3052,7352.7267
1784787780000,0.24218,0.24315,0.24218,0.24236,759,1841.9257
1784787840000,0.2424,0.24295,0.24238,0.24294,2504,6074.8524
1784787900000,0.24331,0.24395,0.24135,0.24155,1415,3433.0012
1784787960000,0.24153,0.24193,0.23956,0.24193,2252,5418.8528
1784788020000,0.24175,0.24198,0.23892,0.23906,2398,5752.1814
1784788080000,0.23924,0.23997,0.23873,0.23931,1972,4722.2973
1784788140000,0.2393,0.23982,0.2393,0.23959,310,742.8448
1784788200000,0.23982,0.24033,0.23956,0.24033,3445,8262.0081
1784788260000,0.24055,0.24139,0.2402,0.24056,4498,10849.4155
1784788320000,0.24072,0.24248,0.24072,0.24212,732,1766.8129
1784788380000,0.24181,0.24263,0.24165,0.24263,1448,3511.4447
1784788440000,0.24242,0.24276,0.24182,0.24224,1178,2854.9144
1784788500000,0.2417,0.24195,0.24079,0.24079,1258,3037.256
1784788560000,0.2408,0.24095,0.23953,0.24024,1342,3229.1755
1784788620000,0.24092,0.24246,0.24092,0.24216,676,1636.273
1784788680000,0.24227,0.2438,0.24227,0.2424,6771,16478.1903
1784788740000,0.24232,0.24247,0.2413,0.24142,1743,4213.0057
1784788800000,0.24165,0.2418,0.23989,0.23989,2677,6437.2044
1784788860000,0.24,0.24079,0.23977,0.24008,1396,3354.486
1784788920000,0.24029,0.24213,0.24023,0.24155,5463,13202.6676
1784788980000,0.24154,0.2421,0.24087,0.24179,3695,8926.3495
1784789040000,0.24213,0.2443,0.24182,0.24375,8564,20859.6191
1784789100000,0.24372,0.24428,0.24239,0.243,1982,4830.4174
1784789160000,0.24326,0.24391,0.24163,0.24163,1926,4678.6896
1784789220000,0.24184,0.24198,0.24026,0.24083,10726,25828.2385
1784789280000,0.24083,0.24223,0.23974,0.24223,4960,11953.6794
1784789340000,0.24228,0.24253,0.24163,0.24239,669,1620.2751
1784789400000,0.24235,0.24236,0.24127,0.24173,2587,6250.8423
1784789460000,0.24207,0.24244,0.24163,0.24203,1758,4251.2373
1784789520000,0.24237,0.24275,0.24174,0.24181,550,1332.2986
1784789580000,0.24214,0.24215,0.24141,0.24159,2420,5849.6127
1784789640000,0.24167,0.24339,0.24162,0.24306,3110,7531.4726
1784789700000,0.24326,0.2433,0.24202,0.24202,538,1304.8686
1784789760000,0.24217,0.24246,0.24121,0.24154,515,1245.9297
1784789820000,0.24165,0.24173,0.24096,0.2412,3241,7824.4623
1784789880000,0.24131,0.24141,0.24007,0.24113,3614,8687.4829
1784789940000,0.24129,0.24129,0.24008,0.24028,470,1130.5289
1784790000000,0.24029,0.24068,0.24,0.24022,2948,7085.3295
1784790060000,0.24015,0.24101,0.23963,0.24039,1873,4499.3089
1784790120000,0.2404,0.24101,0.24008,0.24076,801,1925.9864
1784790180000,0.24087,0.24214,0.24087,0.24214,3954,9554.6194
1784790240000,0.24212,0.24297,0.24212,0.24281,661,1604.9389
1784790300000,0.24197,0.24277,0.24168,0.2427,1045,2531.7025
1784790360000,0.24238,0.24261,0.24212,0.24212,272,659.3735
1784790420000,0.24214,0.24291,0.24203,0.24291,1601,3884.0397
1784790480000,0.24293,0.24386,0.24293,0.2436,2427,5910.1021
1784790540000,0.24362,0.24445,0.24347,0.24418,6147,14997.3516
1784790600000,0.24462,0.25412,0.24419,0.24916,21253,52941.3249
1784790660000,0.24933,0.24951,0.24754,0.24754,4511,11196.164
1784790720000,0.24766,0.24938,0.24761,0.24827,2687,6667.4044
1784790780000,0.24836,0.24873,0.2463,0.247,1770,4377.6397
1784790840000,0.24761,0.24787,0.24665,0.24752,2472,6111.5163
1784790900000,0.24751,0.25122,0.24751,0.24973,13629,34061.2901
1784790960000,0.25006,0.25055,0.24949,0.24953,3818,9544.8146
1784791020000,0.25004,0.25035,0.24812,0.249,4965,12351.2699
1784791080000,0.24893,0.25042,0.24893,0.24966,5083,12698.4237
1784791140000,0.24969,0.25001,0.24888,0.24965,2407,6013.6497
1784791200000,0.25009,0.25092,0.24943,0.24973,12802,32044.227
1784791260000,0.24972,0.24977,0.24872,0.24916,5586,13929.0493
1784791320000,0.24892,0.24903,0.24744,0.24796,3582,8881.4616
1784791380000,0.24823,0.25005,0.24801,0.25005,583,1448.8271
1784791440000,0.2496,0.25006,0.2496,0.24971,1394,3483.7403
1784791500000,0.24993,0.25315,0.24993,0.2529,40920,103362.7145
1784791560000,0.2529,0.2529,0.24976,0.24989,28787,72130.0388
1784791620000,0.24991,0.25021,0.24945,0.24976,227,567.3038
1784791680000,0.24965,0.24975,0.24892,0.24975,547,1364.4284
1784791740000,0.24955,0.24955,0.24837,0.24855,5269,13104.1776
1784791800000,0.24881,0.24995,0.2458,0.24699,8032,19897.9561
1784791860000,0.24714,0.24848,0.24714,0.24848,4516,11207.335
1784791920000,0.2485,0.25091,0.2485,0.25021,5525,13835.9777
1784791980000,0.24966,0.24987,0.24783,0.24983,1208,3012.961
1784792040000,0.24992,0.24992,0.24951,0.24951,363,906.5791
1784792100000,0.24941,0.25064,0.24937,0.25058,3478,8696.548
1784792160000,0.25047,0.251,0.24929,0.24994,6134,15338.9171
1784792220000,0.25013,0.251,0.25013,0.2504,2124,5327.4546
1784792280000,0.2505,0.25088,0.2505,0.25088,100,250.6644
1784792340000,0.25,0.25044,0.24961,0.24961,1793,4482.4564
1784792400000,0.24969,0.24971,0.24826,0.24904,2592,6444.1872
1784792460000,0.2486,0.25,0.24817,0.2499,3701,9223.4176
1784792520000,0.25,0.25073,0.24846,0.24873,557,1386.9876
1784792580000,0.24833,0.24909,0.24713,0.24874,7207,17884.3899
1784792640000,0.24856,0.24856,0.24709,0.24749,2357,5834.8411
1784792700000,0.24778,0.24958,0.24778,0.2484,3535,8787.5441
1784792760000,0.24863,0.24959,0.24853,0.24886,3157,7856.9357
1784792820000,0.24895,0.2492,0.24844,0.24844,177,440.9464
1784792880000,0.24855,0.24907,0.24826,0.24829,1499,3726.0403
1784792940000,0.24846,0.24861,0.24782,0.24785,1404,3486.336
1784793000000,0.24795,0.24894,0.2479,0.24802,713,1769.829
1784793060000,0.24792,0.2486,0.24787,0.24858,1357,3366.2937
1784793120000,0.2487,0.24881,0.24733,0.2476,1382,3427.1118
1784793180000,0.24763,0.24791,0.24682,0.24745,2927,7242.652
1784793240000,0.24758,0.24785,0.24677,0.24743,781,1932.1685
1784793300000,0.24723,0.24873,0.2471,0.24872,2268,5637.2287
1784793360000,0.24895,0.24964,0.24893,0.24964,2205,5494.8075
1784793420000,0.24937,0.25003,0.24846,0.24922,4070,10133.6048
1784793480000,0.24915,0.24958,0.24835,0.24868,2125,5289.0665
1784793540000,0.24866,0.2493,0.24847,0.2493,343,853.7889
1784793600000,0.24935,0.25118,0.24935,0.25018,6699,16788.7543
1784793660000,0.25045,0.25063,0.24834,0.24849,3593,8954.1273
1784793720000,0.24851,0.24972,0.24814,0.24972,665,1654.7297
1784793780000,0.24972,0.25073,0.2496,0.2502,4952,12380.8264
1784793840000,0.25029,0.25045,0.24965,0.24994,9178,22948.8747
1784793900000,0.24986,0.24986,0.24768,0.24863,6123,15225.6664
1784793960000,0.24876,0.24921,0.24831,0.24847,2780,6913.8242
1784794020000,0.2484,0.25033,0.24831,0.24964,4250,10606.5602
1784794080000,0.2497,0.25288,0.24969,0.25134,6852,17217.2739
1784794140000,0.25139,0.25157,0.24975,0.25037,836,2095.4428
1784794200000,0.25003,0.25008,0.24836,0.24893,2359,5871.4651
1784794260000,0.24921,0.2498,0.24921,0.2498,86,214.4457
1784794320000,0.24978,0.25701,0.24978,0.25349,10953,27766.5456
1784794380000,0.25363,0.25408,0.25256,0.25281,9537,24163.2647
1784794440000,0.25297,0.25369,0.25277,0.25347,1116,2827.1021
1784794500000,0.25305,0.25507,0.25298,0.25411,7521,19125.5952
1784794560000,0.25383,0.25383,0.25269,0.25269,2770,7020.8039
1784794620000,0.25304,0.25344,0.2526,0.25264,1528,3861.0605
1784794680000,0.25261,0.25327,0.25188,0.25313,3419,8622.1618
1784794740000,0.25293,0.25298,0.25199,0.25213,2099,5302.3206
1784794800000,0.25188,0.2529,0.25185,0.2526,1203,3034.5675
1784794860000,0.25249,0.25273,0.25215,0.25215,451,1138.6868
1784794920000,0.25225,0.25251,0.25086,0.25192,18124,45720.6427
1784794980000,0.25196,0.253,0.25139,0.25211,2513,6341.7456
1784795040000,0.25181,0.25231,0.25144,0.25174,1232,3099.8088
1784795100000,0.25119,0.25119,0.24875,0.2491,8289,20705.8014
1784795160000,0.24917,0.24931,0.24725,0.24931,9256,22964.3307
1784795220000,0.24956,0.25013,0.24828,0.2484,1900,4736.4258
1784795280000,0.24808,0.24903,0.24694,0.24902,2322,5756.0407
1784795340000,0.24908,0.24991,0.24883,0.24883,5913,14748.4809
1784795400000,0.24904,0.2497,0.24885,0.2497,212,528.1293
1784795460000,0.24954,0.24972,0.2485,0.24911,975,2425.5876
1784795520000,0.24834,0.24868,0.24716,0.24852,4012,9936.4557
1784795580000,0.24817,0.24974,0.24817,0.24974,572,1422.5876
1784795640000,0.2497,0.25058,0.2493,0.2505,1825,4561.3537
1784795700000,0.25066,0.25088,0.24961,0.24969,1807,4516.2734
1784795760000,0.24969,0.25047,0.24958,0.25005,412,1029.5382
1784795820000,0.25019,0.25163,0.25019,0.25073,1187,2980.4435
1784795880000,0.25077,0.25328,0.25073,0.25307,1429,3604.1759
1784795940000,0.25307,0.255,0.25267,0.25378,1694,4299.042
1784796000000,0.25377,0.255,0.25377,0.25497,1824,4649.7393
1784796060000,0.25497,0.2587,0.25491,0.25808,7602,19562.5047
1784796120000,0.25799,0.25813,0.25627,0.25675,1088,2793.6565
1784796180000,0.25684,0.25684,0.25419,0.25455,1017,2591.6237
1784796240000,0.25495,0.25524,0.25443,0.25468,564,1437.7856
1784796300000,0.25472,0.25647,0.25465,0.25641,3061,7819.1236
1784796360000,0.2564,0.2587,0.25594,0.25777,3059,7878.1473
1784796420000,0.25775,0.25823,0.25697,0.25758,2548,6562.5197
1784796480000,0.25733,0.25733,0.25643,0.2571,196,503.9758
1784796540000,0.25619,0.25803,0.25619,0.25803,545,1403.7418
1784796600000,0.2579,0.2585,0.25738,0.25796,1359,3507.281
1784796660000,0.25771,0.25791,0.25704,0.25791,425,1094.61
1784796720000,0.25781,0.25954,0.25739,0.25775,2922,7559.0159
1784796780000,0.25816,0.26,0.25811,0.25844,3415,8847.7821
1784796840000,0.25846,0.25861,0.25698,0.25741,840,2164.3408
1784796900000,0.25737,0.26,0.25597,0.25899,30931,79436.5125
1784796960000,0.25905,0.25905,0.25722,0.25734,2212,5700.1674
1784797020000,0.25732,0.25783,0.25639,0.25652,1804,4637.678
1784797080000,0.25641,0.25659,0.25552,0.25552,623,1595.9698
1784797140000,0.2553,0.25586,0.25449,0.25546,1666,4243.2683
1784797200000,0.25575,0.25794,0.25575,0.25695,3163,8141.9166
1784797260000,0.25705,0.25938,0.25705,0.25908,1009,2609.3726
1784797320000,0.25899,0.25957,0.25854,0.25864,2372,6142.0548
1784797380000,0.25887,0.25968,0.25856,0.25944,341,883.3469
1784797440000,0.25924,0.25924,0.25814,0.25876,324,838.7313
1784797500000,0.25885,0.2591,0.25836,0.25877,1972,5099.5468
1784797560000,0.25852,0.25891,0.25743,0.25801,2209,5709.6371
1784815620000,0.25387,0.25409,0.25285,0.25334,1050,2659.2182
1784815680000,0.25354,0.25431,0.25319,0.25365,2142,5434.065
1784815740000,0.25377,0.25403,0.25323,0.25323,4297,10895.5025
1784815800000,0.25302,0.25326,0.25194,0.25265,1782,4505.0037
1784815860000,0.2525,0.25256,0.25118,0.25177,433,1091.2418
1784815920000,0.25147,0.25147,0.2476,0.2503,10714,26658.4065
1784815980000,0.2509,0.25102,0.24105,0.24711,20340,49768.5553
1784816040000,0.24712,0.2492,0.24712,0.24877,5595,13891.7916
1784816100000,0.24885,0.25235,0.24806,0.25192,3181,7966.0954
1784816160000,0.25064,0.25114,0.25018,0.25107,1250,3133.1858
1784816220000,0.25099,0.25205,0.25099,0.25205,969,2434.7207
1784816280000,0.2521,0.25296,0.25159,0.25283,702,1774.1692
1784816340000,0.25271,0.25365,0.25236,0.25243,227,574.3318
1784816400000,0.25222,0.25234,0.2491,0.24934,2184,5451.457
1784816460000,0.24971,0.25076,0.24928,0.25008,802,2005.9189
1784816520000,0.24988,0.25237,0.24978,0.25205,1222,3074.6397
1784816580000,0.25172,0.25382,0.25172,0.25381,4841,12216.5344
1784816640000,0.25376,0.25441,0.25267,0.25267,1018,2582.9982
1784816700000,0.25279,0.25603,0.25279,0.25453,973,2480.7801
1784816760000,0.25418,0.25418,0.2526,0.25308,281,711.302
1784816820000,0.25293,0.2533,0.25272,0.25272,170,430.199
1784816880000,0.25291,0.25392,0.25291,0.25366,168,425.9996
1784816940000,0.25354,0.25354,0.25182,0.25182,135,341.2646
1784817000000,0.25215,0.25215,0.2511,0.25137,452,1136.2718
1784817060000,0.25213,0.25384,0.25213,0.25291,1124,2844.1578
1784817120000,0.253,0.25448,0.25293,0.25388,1146,2907.9833
1784817180000,0.25399,0.25443,0.25312,0.25324,723,1836.2842
1784817240000,0.25307,0.25307,0.25067,0.25067,1764,4434.657
1784817300000,0.25049,0.25049,0.24942,0.24991,643,1607.7566
1784817360000,0.2503,0.25335,0.2503,0.25296,1668,4210.5469
1784817420000,0.25278,0.2528,0.25134,0.25134,956,2409.0017
1784817480000,0.25119,0.25119,0.24987,0.25021,1229,3076.0666
1784817540000,0.25053,0.25191,0.25021,0.25191,1366,3432.2024
1784817600000,0.2523,0.25279,0.2517,0.25223,890,2244.2975
1784817660000,0.25169,0.25226,0.25157,0.25157,529,1333.3882
1784817720000,0.25158,0.25195,0.25113,0.25128,786,1976.2524
1784817780000,0.25155,0.2521,0.25052,0.25186,1192,2995.296
1784817840000,0.25226,0.25346,0.25226,0.25281,979,2476.333
1784817900000,0.25285,0.25416,0.25266,0.25416,390,989.1455
1784817960000,0.2538,0.2538,0.25282,0.25326,588,1488.9131
1784818020000,0.25332,0.25332,0.25221,0.25305,2806,7090.4861
1784818080000,0.25355,0.2541,0.25307,0.25404,661,1676.8976
1784818140000,0.25442,0.25442,0.25341,0.25341,290,735.9669
1784818200000,0.25368,0.25532,0.25368,0.25532,5830,14811.4562
1784818260000,0.25539,0.25704,0.25539,0.2556,4186,10748.4801
1784818320000,0.25554,0.25569,0.25388,0.25392,4558,11618.2559
1784818380000,0.25457,0.25528,0.25344,0.2548,2712,6907.8866
1784818440000,0.25517,0.25517,0.25484,0.25493,52,132.5616
1784818500000,0.255,0.25602,0.255,0.25582,367,938.3158
1784818560000,0.25539,0.25583,0.25539,0.25573,105,268.5558
1784818620000,0.25535,0.25584,0.25468,0.25572,2064,5270.0886
1784818680000,0.25588,0.25589,0.2555,0.25551,1226,3136.3155
1784818740000,0.25555,0.25567,0.25517,0.25563,663,1692.9417
1784818800000,0.25582,0.25616,0.25513,0.25592,2656,6785.4331
1784818860000,0.25607,0.25607,0.25498,0.25505,5675,14478.9309
1784818920000,0.25488,0.25526,0.2537,0.2537,3486,8870.7626
1784818980000,0.25378,0.25378,0.25219,0.25338,2879,7286.2779
1784819040000,0.25339,0.25339,0.25287,0.25327,622,1574.8913
1784819100000,0.25298,0.25442,0.2528,0.25428,1473,3742.2326
1784819160000,0.2543,0.25492,0.25413,0.25486,1253,3190.7527
1784819220000,0.2541,0.25486,0.25377,0.25467,272,691.7852
1784819280000,0.2549,0.25696,0.2549,0.25664,2129,5456.8227
1784819340000,0.25667,0.25822,0.25667,0.25714,6623,17057.5549
1784819400000,0.2571,0.25716,0.25526,0.25611,3035,7773.2345
1784819460000,0.25608,0.25608,0.25464,0.25523,1658,4230.5875
1784819520000,0.2556,0.25649,0.2555,0.25638,805,2061.5766
1784819580000,0.25616,0.25616,0.25557,0.25591,1031,2638.7233
1784819640000,0.25545,0.25623,0.25545,0.25617,112,286.7649
1784819700000,0.25667,0.25667,0.25566,0.25593,1152,2950.4387
1784819760000,0.2561,0.258,0.25601,0.25709,1479,3802.4631
1784819820000,0.25717,0.2576,0.25681,0.25711,1346,3461.9146
1784819880000,0.25719,0.25747,0.25629,0.25721,3464,8895.7824
1784819940000,0.25725,0.2579,0.25725,0.25761,2894,7457.7109
1784820000000,0.25758,0.25768,0.2558,0.2563,1746,4473.9831
1784820060000,0.25633,0.25635,0.25597,0.25623,32,81.9771
1784820120000,0.25624,0.25636,0.25606,0.25633,752,1926.6172
1784820180000,0.25622,0.25622,0.25537,0.25617,261,668.153
1784820240000,0.25627,0.25627,0.25522,0.25522,1277,3264.7297
1784820300000,0.25526,0.256,0.25509,0.25531,407,1039.2589
1784820360000,0.25516,0.2564,0.25516,0.25556,1182,3025.3932
1784820420000,0.25496,0.25496,0.25402,0.25419,3098,7881.4283
1784820480000,0.25448,0.25505,0.25429,0.25473,1667,4245.3804
1784820540000,0.25421,0.25421,0.25214,0.25243,6384,16155.9925
1784820600000,0.25264,0.2531,0.25132,0.25302,5833,14704.4209
1784820660000,0.25324,0.25324,0.25,0.25223,2769,6959.9249
1784820720000,0.25133,0.25214,0.25095,0.25177,5462,13757.5152
1784820780000,0.25164,0.25325,0.25149,0.25234,1284,3241.5622
1784820840000,0.25232,0.25232,0.25147,0.25207,784,1974.423
1784820900000,0.25231,0.25231,0.25079,0.25125,2199,5527.9
1784820960000,0.25144,0.25226,0.25144,0.25179,1163,2927.5298
1784821020000,0.25217,0.25327,0.25217,0.25295,1010,2553.3615
1784821080000,0.25255,0.25265,0.25203,0.25213,266,671.0575
1784821140000,0.2525,0.25342,0.25228,0.25308,46,116.3476
1784821200000,0.25272,0.25272,0.25248,0.25248,140,353.5356
1784821260000,0.25268,0.2532,0.25268,0.2532,41,103.7828
1784821320000,0.25256,0.254,0.25248,0.25393,3652,9238.4166
1784821380000,0.25383,0.25611,0.2534,0.2534,4138,10546.9032
1784821440000,0.25338,0.25338,0.25209,0.25261,427,1078.6166
1784821500000,0.25255,0.25306,0.25236,0.25264,1571,3967.7076
1784821560000,0.25246,0.25505,0.25222,0.25481,1508,3818.739
1784821620000,0.25496,0.25508,0.25373,0.25462,1462,3716.2604
1784821680000,0.25484,0.25547,0.25484,0.25537,110,280.6464
1784821740000,0.25561,0.2559,0.25511,0.25525,703,1796.956
1784821800000,0.25565,0.25795,0.25565,0.2575,4336,11103.7612
1784821860000,0.25753,0.25868,0.25728,0.25764,4258,10983.2071
1784821920000,0.25763,0.26057,0.25755,0.25867,3926,10189.239
1784821980000,0.25864,0.25915,0.25725,0.2585,1079,2785.3897
1784822040000,0.25857,0.25862,0.2568,0.25706,361,929.8473
1784822100000,0.25737,0.25791,0.25706,0.25706,2071,5332.4645
1784822160000,0.25717,0.25779,0.25717,0.25738,283,728.9378
1784822220000,0.25727,0.25829,0.25727,0.25829,724,1867.4325
1784822280000,0.25808,0.2596,0.25801,0.25877,2798,7240.4299
1784822340000,0.25894,0.25894,0.2573,0.25741,1484,3824.6888
1784822400000,0.2574,0.25866,0.2574,0.25823,967,2497.8457
1784822460000,0.25831,0.25831,0.25712,0.25813,1389,3579.3648
1784822520000,0.2582,0.25831,0.25709,0.25709,1705,4394.1806
1784822580000,0.2571,0.25764,0.25641,0.25651,613,1574.8769
1784822640000,0.25665,0.25758,0.25664,0.25698,1232,3169.6445
1784822700000,0.25705,0.25963,0.25658,0.25848,5020,12975.1282
1784822760000,0.25824,0.25913,0.25752,0.25913,815,2104.7941
1784822820000,0.25885,0.25888,0.25796,0.25867,510,1317.4849
1784822880000,0.2584,0.25872,0.25735,0.25737,1499,3868.1135
1784822940000,0.25755,0.25794,0.25681,0.25721,2586,6649.1592
1784823000000,0.25714,0.25749,0.25646,0.25646,6262,16086.9221
1784823060000,0.25625,0.25796,0.2552,0.25794,6693,17240.0321
1784823120000,0.25794,0.25982,0.25794,0.25856,4035,10444.8788
1784823180000,0.25876,0.25898,0.25846,0.25887,51,132.0151
1784823240000,0.25834,0.25871,0.25832,0.25871,38,98.1836
1784823300000,0.25848,0.265,0.25848,0.26338,24040,63268.9538
1784823360000,0.26309,0.26309,0.26017,0.26028,12426,32428.5464
1784823420000,0.26086,0.26219,0.26086,0.26179,2650,6934.7761
1784823480000,0.26216,0.2638,0.26191,0.26201,4222,11092.7373
1784823540000,0.2621,0.26321,0.2621,0.26302,615,1615.1121
1784823600000,0.26265,0.26265,0.26077,0.26088,4492,11738.1143
1784823660000,0.26119,0.26232,0.26102,0.26201,3229,8454.2024
1784823720000,0.2625,0.26318,0.26133,0.26152,7905,20762.6316
1784823780000,0.26156,0.26326,0.26156,0.2627,12125,31812.639
1784823840000,0.26264,0.26264,0.26176,0.26235,306,801.9273
1784823900000,0.26229,0.26241,0.26176,0.2619,2329,6102.9171
1784823960000,0.26179,0.26282,0.26167,0.26273,647,1696.2776
1784824020000,0.26273,0.2647,0.2623,0.26354,14390,37909.1533
1784824080000,0.26362,0.26959,0.26274,0.26371,21640,57505.4071
1784824140000,0.26418,0.26472,0.26232,0.2626,4617,12166.7999
1784824200000,0.26248,0.2631,0.26125,0.26269,4332,11352.9565
1784824260000,0.26277,0.26346,0.26149,0.26216,3438,9024.1853
1784824320000,0.26195,0.26303,0.26172,0.26274,3617,9502.8037
1784824380000,0.26297,0.26344,0.26152,0.26152,5710,14982.3241
1784824440000,0.26179,0.26221,0.2611,0.26185,2366,6191.0002
1784824500000,0.2615,0.26189,0.26042,0.26064,5199,13574.3518
1784824560000,0.26061,0.26143,0.2589,0.26006,4859,12608.9314
1784824620000,0.26038,0.26147,0.26038,0.26081,3178,8301.3883
1784824680000,0.26075,0.26138,0.26012,0.26012,930,2424.232
1784824740000,0.25965,0.25965,0.25789,0.25862,2882,7443.4043
1784824800000,0.25873,0.26141,0.25853,0.26084,1265,3295.8893
1784824860000,0.26078,0.2631,0.26078,0.26178,3241,8482.8623
1784824920000,0.26129,0.26416,0.26074,0.26344,5492,14399.215
1784824980000,0.26373,0.26625,0.26325,0.26625,6463,17047.6107
1784825040000,0.26612,0.26612,0.26108,0.26137,9607,25413.269
1784825100000,0.26115,0.26124,0.25976,0.26075,6773,17656.2081
1784825160000,0.26084,0.26216,0.26084,0.26182,6121,16017.345
1784825220000,0.2617,0.26256,0.26163,0.26177,2346,6144.9568
1784825280000,0.26171,0.26174,0.26129,0.26149,146,381.8489
1784825340000,0.26202,0.26212,0.26066,0.26066,196,512.3221
1784825400000,0.2603,0.26044,0.259,0.26015,1533,3976.3077
1784825460000,0.25973,0.25973,0.25816,0.25894,2183,5655.2306
1784825520000,0.25925,0.26066,0.2592,0.26066,656,1707.0096
1784825580000,0.26066,0.26087,0.25951,0.25951,3859,10032.9025
1784825640000,0.25971,0.26,0.25955,0.25987,1644,4271.8998
1784825700000,0.25976,0.25988,0.25941,0.25954,1539,3995.6186
1784825760000,0.25934,0.2595,0.25716,0.25809,7259,18741.8482
1784825820000,0.25775,0.26057,0.2576,0.26057,1877,4870.288
1784825880000,0.2609,0.2609,0.26004,0.26043,386,1004.7601
1784825940000,0.26104,0.26181,0.2609,0.26127,1462,3823.0298
1784826000000,0.26115,0.26396,0.26089,0.26374,25576,67300.4479
1784826060000,0.26369,0.26384,0.26248,0.26272,2707,7114.5072
1784826120000,0.26268,0.2644,0.26267,0.2644,1295,3412.9098
1784826180000,0.26411,0.26475,0.2626,0.26271,891,2347.86
1784826240000,0.26326,0.26388,0.26293,0.26318,5043,13289.6036
1784826300000,0.26364,0.26364,0.26314,0.26325,654,1722.9467
1784826360000,0.26301,0.26333,0.26044,0.2605,5473,14339.3441
1784826420000,0.2605,0.26099,0.25974,0.26032,3191,8303.1453
1784826480000,0.26077,0.26165,0.26058,0.26081,602,1572.896
1784826540000,0.26073,0.26133,0.26073,0.26133,87,227.1743
1784826600000,0.26127,0.26165,0.2609,0.26124,4890,12762.4475
1784826660000,0.26159,0.26159,0.26059,0.26079,394,1027.3649
1784826720000,0.26078,0.26196,0.26078,0.26196,168,439.2644
1784826780000,0.26186,0.26274,0.26186,0.26229,2121,5569.1029
1784826840000,0.26131,0.26131,0.25955,0.26002,2748,7144.4583
1784826900000,0.25997,0.25997,0.25823,0.25881,1042,2695.4881
1784826960000,0.25864,0.25879,0.25798,0.25879,1002,2588.358
1784827020000,0.25852,0.25852,0.2566,0.25693,3174,8174.4138
1784827080000,0.25707,0.25707,0.25534,0.25639,6405,16415.2073
1784827140000,0.25658,0.25719,0.25511,0.25629,4835,12395.1739
1784827200000,0.25571,0.25594,0.25358,0.25399,5997,15263.2406
1784827260000,0.25405,0.25521,0.25232,0.25521,4291,10882.549
1784827320000,0.25526,0.25533,0.25332,0.25332,4767,12090.1301
1784827380000,0.25279,0.25397,0.25246,0.25375,712,1804.1241
1784827440000,0.2536,0.25373,0.25261,0.25261,413,1046.9457
1784827500000,0.25309,0.25439,0.25309,0.25439,294,745.8312
1784827560000,0.25393,0.25393,0.25231,0.25236,1182,2993.313
1784845620000,0.26099,0.26256,0.26099,0.26256,97,253.6397
1784845680000,0.263,0.263,0.26157,0.26157,3433,9007.1347
1784845740000,0.26197,0.26224,0.26194,0.26224,79,207.0585
1784845800000,0.2607,0.26153,0.26058,0.26153,143,372.9281
1784845860000,0.26195,0.26216,0.26139,0.26139,145,379.3792
1784845920000,0.26211,0.26224,0.26211,0.26224,23,60.2905
1784845980000,0.2621,0.26252,0.26199,0.26252,758,1988.0732
1784846040000,0.26228,0.26255,0.26177,0.26209,411,1077.5545
1784846100000,0.26162,0.26185,0.26101,0.26185,125,326.7781
1784846160000,0.26208,0.26232,0.26208,0.26232,22,57.66
1784846220000,0.26226,0.26232,0.26161,0.26167,1995,5232.2559
1784846280000,0.26178,0.2622,0.26178,0.26199,1989,5212.5115
1784846340000,0.26191,0.26206,0.26191,0.26206,43,112.6588
1784846400000,0.26158,0.26166,0.26024,0.26071,2168,5652.0844
1784846460000,0.26044,0.26049,0.26004,0.26015,482,1254.2867
1784846520000,0.2601,0.26041,0.2596,0.25988,391,1016.6248
1784846580000,0.25972,0.25995,0.25768,0.258,7551,19544.7253
1784846640000,0.25843,0.25922,0.25658,0.25678,1212,3129.9353
1784846700000,0.25685,0.2598,0.25685,0.2598,324,834.3344
1784846760000,0.25999,0.26098,0.25895,0.25895,903,2347.2517
1784846820000,0.25889,0.25906,0.25816,0.25816,1583,4091.153
1784846880000,0.25823,0.25823,0.25699,0.25808,1173,3020.9607
1784846940000,0.25833,0.25851,0.25829,0.25841,75,193.7901
1784847000000,0.25857,0.25885,0.25838,0.25845,418,1080.5445
1784847060000,0.25817,0.25819,0.2578,0.2578,705,1820.0346
1784847120000,0.25684,0.25684,0.25684,0.25684,19,48.7996
1784847180000,0.25718,0.25843,0.25675,0.25822,6129,15760.3465
1784847240000,0.25856,0.26018,0.25856,0.26007,373,969.9303
1784847300000,0.26013,0.26054,0.25998,0.26025,324,843.6223
1784847360000,0.26005,0.26005,0.25933,0.25972,65,168.9091
1784847420000,0.25961,0.25997,0.25961,0.25997,47,122.0563
1784847480000,0.26001,0.26084,0.26001,0.26084,35,91.1819
1784847540000,0.26043,0.26056,0.25999,0.26014,1244,3238.0339
1784847600000,0.26035,0.2605,0.25984,0.25985,1357,3534.011
1784847660000,0.25983,0.26081,0.25926,0.26081,1364,3548.8498
1784847720000,0.2609,0.26092,0.25966,0.25966,379,987.5798
1784847780000,0.25931,0.26067,0.25917,0.26067,107,277.5567
1784847840000,0.26052,0.26174,0.26043,0.26119,1240,3239.8876
1784847900000,0.26095,0.26104,0.2608,0.26084,356,928.9887
1784847960000,0.26043,0.26087,0.26042,0.26087,60,156.4189
1784848020000,0.26095,0.2618,0.2609,0.2618,242,632.5739
1784848080000,0.26174,0.26223,0.26172,0.26172,223,584.2377
1784848140000,0.26193,0.2621,0.26169,0.26169,323,846.4372
1784848260000,0.26134,0.26184,0.26069,0.26123,846,2208.0358
1784848320000,0.26152,0.2619,0.26049,0.26049,1671,4363.25
1784848380000,0.26112,0.2613,0.26021,0.26095,1823,4753.0103
1784848440000,0.26109,0.26196,0.26109,0.26148,346,904.0954
1784848500000,0.26146,0.26163,0.2609,0.26107,1055,2758.3383
1784848560000,0.26094,0.26107,0.26094,0.26107,45,117.449
1784848620000,0.26146,0.26245,0.26135,0.26195,1451,3802.4486
1784848680000,0.26169,0.26245,0.26164,0.26245,343,898.9951
1784848740000,0.26216,0.26285,0.2615,0.26285,482,1263.2914
1784848800000,0.26253,0.2681,0.26253,0.26451,9041,23990.6212
1784848860000,0.26431,0.26431,0.26276,0.2635,2671,7028.0809
1784848920000,0.26268,0.26349,0.26221,0.26325,4832,12702.8523
1784848980000,0.26299,0.263,0.26103,0.26216,921,2412.4594
1784849040000,0.26193,0.26235,0.26096,0.26096,1527,3991.2405
1784849100000,0.26154,0.26459,0.26113,0.26385,7818,20571.4666
1784849160000,0.26371,0.26528,0.26371,0.26408,3263,8629.2948
1784849220000,0.26428,0.26597,0.26427,0.26537,487,1292.0745
1784849280000,0.26493,0.26586,0.26487,0.26563,1058,2806.7863
1784849340000,0.2662,0.2662,0.26516,0.26526,234,620.9065
1784849400000,0.26545,0.28375,0.26545,0.27583,79788,221581.9751
1784849460000,0.27573,0.27768,0.27458,0.27485,23712,65558.3887
1784849520000,0.27523,0.27606,0.27424,0.27567,12612,34686.0754
1784849580000,0.27571,0.27584,0.27296,0.27335,10312,28246.3445
1784849640000,0.27322,0.27383,0.27274,0.27345,900,2459.8044
1784849700000,0.27383,0.27404,0.27084,0.27117,4286,11663.4614
1784849760000,0.27079,0.27227,0.27027,0.27164,3536,9599.5212
1784849820000,0.27178,0.27195,0.26755,0.26948,8313,22365.8568
1784849880000,0.26969,0.26979,0.26815,0.2688,5033,13526.2258
1784849940000,0.26883,0.27098,0.26883,0.26997,1213,3275.0213
1784850000000,0.27043,0.27054,0.26883,0.26941,1564,4216.6353
1784850060000,0.26981,0.26981,0.26869,0.26916,231,621.5791
1784850120000,0.26904,0.26953,0.26898,0.26918,997,2684.1324
1784850180000,0.26927,0.26998,0.26908,0.26985,154,415.1516
1784850240000,0.26953,0.26965,0.26908,0.26965,223,600.7612
1784850300000,0.26961,0.27048,0.26929,0.26977,2225,5999.5193
1784850360000,0.26958,0.2696,0.26829,0.26829,2610,7014.9288
1784850420000,0.26874,0.26945,0.26857,0.26935,584,1570.7516
1784850480000,0.26913,0.27129,0.26908,0.27102,720,1947.9298
1784850540000,0.27081,0.27195,0.27031,0.27195,1627,4402.8696
1784850600000,0.27175,0.27206,0.27041,0.27078,2329,6311.846
1784850660000,0.27048,0.27073,0.26892,0.269,164,442.871
1784850720000,0.26934,0.2701,0.2687,0.2701,793,2131.9142
1784850780000,0.27012,0.27185,0.27012,0.27131,299,810.9081
1784850840000,0.27117,0.27134,0.27082,0.27134,119,322.6426
1784850900000,0.2718,0.27302,0.27167,0.27268,234,637.2744
1784850960000,0.27271,0.27526,0.27262,0.2747,3512,9640.3112
1784851020000,0.27467,0.2758,0.27437,0.27478,809,2222.4989
1784851080000,0.27514,0.2757,0.27486,0.27522,10386,28567.2654
1784851140000,0.27496,0.27522,0.27408,0.27496,257,705.7435
1784851200000,0.27498,0.2766,0.27481,0.27586,2595,7162.3442
1784851260000,0.27564,0.27564,0.27319,0.27441,3373,9230.2575
1784851320000,0.27391,0.27554,0.27366,0.27483,1839,5060.275
1784851380000,0.27481,0.27608,0.27463,0.27559,2072,5706.8788
1784851440000,0.27506,0.27532,0.27388,0.27443,2768,7597.3415
1784851500000,0.27425,0.27425,0.27201,0.27266,3236,8827.9951
1784851560000,0.27276,0.27593,0.27276,0.274,3623,9967.4396
1784851620000,0.27352,0.27421,0.27344,0.27344,874,2391.1706
1784851680000,0.27292,0.27368,0.27151,0.27211,2482,6766.6996
1784851740000,0.27242,0.27306,0.27238,0.27238,177,482.5245
1784851800000,0.27244,0.27346,0.27232,0.27232,278,759.0585
1784851860000,0.27292,0.27364,0.27282,0.27286,1830,5003.5971
1784851920000,0.27259,0.27293,0.27259,0.27293,101,275.4693
1784851980000,0.27305,0.27317,0.27107,0.2724,4642,12634.4369
1784852040000,0.27232,0.27261,0.27182,0.27227,1042,2838.321
1784852100000,0.27194,0.27411,0.27194,0.27374,341,931.0578
1784852160000,0.2732,0.27384,0.27285,0.27384,3245,8858.5836
1784852220000,0.27401,0.27401,0.27214,0.27225,283,773.0049
1784852280000,0.27251,0.27343,0.27238,0.27307,143,390.3148
1784852340000,0.27311,0.27629,0.27282,0.27629,364,1000.6344
1784852400000,0.27574,0.28735,0.2754,0.28609,7037,19806.1992
1784852460000,0.2861,0.28769,0.2801,0.28024,26363,74871.0887
1784852520000,0.27998,0.28477,0.27974,0.28142,6083,17197.4185
1784852580000,0.28162,0.2831,0.28,0.2818,946,2663.5332
1784852640000,0.28145,0.28157,0.28033,0.28106,1662,4671.2802
1784852700000,0.28103,0.28269,0.28101,0.28206,3456,9754.6658
1784852760000,0.28188,0.28365,0.28182,0.283,1038,2934.8346
1784852820000,0.28294,0.28598,0.2829,0.28493,6636,18930.141
1784852880000,0.28466,0.28466,0.28321,0.28335,1319,3746.4412
1784852940000,0.28318,0.28479,0.28297,0.28392,358,1015.4228
1784853000000,0.28331,0.289,0.28319,0.28614,5560,15938.1395
1784853060000,0.28666,0.28666,0.28482,0.28585,5186,14823.2071
1784853120000,0.28593,0.29058,0.28591,0.28718,8847,25561.7866
1784853180000,0.28676,0.28718,0.28557,0.28583,7506,21503.9396
1784853240000,0.28582,0.28651,0.28464,0.28517,3583,10246.9358
1784853300000,0.28531,0.28642,0.2824,0.28369,5900,16722.0963
1784853360000,0.28345,0.28421,0.28191,0.28224,1829,5185.1124
1784853420000,0.28187,0.28208,0.27993,0.28109,3851,10812.7166
1784853480000,0.2811,0.28139,0.27978,0.28045,519,1455.2464
1784853540000,0.2801,0.28301,0.27884,0.28261,1628,4578.2215
1784853600000,0.28234,0.28254,0.28038,0.28154,1164,3275.6152
1784853660000,0.28136,0.28401,0.28136,0.28335,2285,6457.9561
1784853720000,0.28336,0.2864,0.28314,0.28505,3003,8561.8228
1784853780000,0.2848,0.2848,0.28144,0.28317,5647,15964.8129
1784853840000,0.28315,0.28316,0.281,0.28153,998,2817.4484
1784853900000,0.28167,0.28213,0.27942,0.28076,2385,6692.3077
1784853960000,0.28073,0.28234,0.27959,0.28234,330,926.8082
1784854020000,0.28249,0.28397,0.28249,0.28275,3241,9185.2374
1784854080000,0.28269,0.28466,0.28269,0.2846,811,2301.7219
1784854140000,0.2846,0.28686,0.2846,0.28533,16468,47123.7428
1784854200000,0.28533,0.29345,0.28533,0.28973,8115,23600.7673
1784854260000,0.2898,0.2918,0.28571,0.28571,4422,12730.0131
1784854320000,0.28594,0.28722,0.28395,0.2868,1763,5044.2113
1784854380000,0.28677,0.28677,0.28442,0.28452,695,1981.059
1784854440000,0.28442,0.2868,0.28394,0.2868,1553,4441.4261
1784854500000,0.28668,0.28781,0.2861,0.28696,1616,4631.4937
1784854560000,0.28684,0.29072,0.28684,0.29039,6049,17508.0066
1784854620000,0.29009,0.296,0.29009,0.29212,19666,57564.4761
1784854680000,0.29177,0.29177,0.28887,0.29056,4238,12299.5046
1784854740000,0.28994,0.29318,0.28982,0.29313,5023,14679.8027
1784854800000,0.29263,0.29682,0.29178,0.2946,7963,23467.6463
1784854860000,0.2943,0.29644,0.29308,0.294,2178,6429.1498
1784854920000,0.29523,0.29523,0.29387,0.29437,737,2169.902
1784854980000,0.29524,0.29728,0.29372,0.29557,4747,14041.6634
1784855040000,0.29502,0.29502,0.29259,0.29345,1324,3890.0511
1784855100000,0.29328,0.29348,0.29169,0.29254,4293,12545.9943
1784855160000,0.29181,0.2941,0.29168,0.29407,290,849.2229
1784855220000,0.29383,0.29462,0.29308,0.29384,512,1503.7956
1784855280000,0.29308,0.29377,0.29221,0.29263,361,1057.792
1784855340000,0.29278,0.29293,0.29136,0.29234,530,1546.6512
1784855400000,0.29292,0.29368,0.29232,0.2926,1764,5164.8253
1784855460000,0.29312,0.29366,0.29277,0.29294,4913,14406.2299
1784855520000,0.29319,0.29426,0.29319,0.29377,175,513.5654
1784855580000,0.29338,0.29478,0.29323,0.29426,13669,40174.1576
1784855640000,0.29442,0.29442,0.29263,0.29315,1066,3129.0209
1784855700000,0.29314,0.29438,0.29287,0.29437,1033,3029.5499
1784855760000,0.29425,0.29425,0.29339,0.29406,767,2254.0278
1784855820000,0.29449,0.29454,0.29402,0.29451,560,1648.0242
1784855880000,0.29454,0.29628,0.29437,0.29437,1405,4148.8788
1784855940000,0.29394,0.29394,0.29199,0.29275,269,788.1339
1784856000000,0.29233,0.29347,0.29127,0.29225,341,997.5393
1784856060000,0.2927,0.29277,0.29043,0.29233,4117,11978.0927
1784856120000,0.29206,0.29515,0.29206,0.29483,2559,7513.9859
1784856180000,0.29469,0.29998,0.29469,0.29629,7428,22114.9912
1784856240000,0.29627,0.298,0.29603,0.29717,834,2478.6073
1784856300000,0.29724,0.30684,0.29695,0.30359,28755,87017.2312
1784856360000,0.30274,0.30659,0.30274,0.30439,3366,10253.1831
1784856420000,0.30457,0.30562,0.30293,0.30329,4667,14175.792
1784856480000,0.3032,0.3033,0.29813,0.30085,36814,110640.7869
1784856540000,0.30039,0.3013,0.29816,0.29816,6390,19175.1162
1784856600000,0.29837,0.30125,0.29813,0.30052,829,2484.4316
1784856660000,0.30099,0.30123,0.29934,0.30018,1286,3855.9782
1784856720000,0.30033,0.30307,0.29944,0.30246,1898,5725.4174
1784856780000,0.3028,0.3028,0.30098,0.30125,983,2969.195
1784856840000,0.30182,0.30277,0.30156,0.30183,3899,11782.638
1784856900000,0.30152,0.3017,0.29684,0.29844,2082,6203.0475
1784856960000,0.29909,0.30095,0.29904,0.30095,1535,4600.4408
1784857020000,0.30051,0.30173,0.29833,0.29833,1314,3955.283
1784857080000,0.29844,0.29858,0.29686,0.29825,1889,5617.3298
1784857140000,0.29817,0.30047,0.2945,0.2945,5209,15410.1037
1784857200000,0.29452,0.2949,0.29133,0.29145,3656,10703.7124
1784857260000,0.29147,0.29324,0.28772,0.29309,3175,9260.5236
1784857320000,0.29293,0.29727,0.29293,0.29674,2936,8663.2907
1784857380000,0.29644,0.29695,0.29,0.29,701,2052.3528
1784857440000,0.29005,0.29116,0.28635,0.28762,9897,28652.0019
1784857500000,0.28857,0.29055,0.28806,0.28856,4529,13114.1964
1784857560000,0.28942,0.2896,0.28628,0.28932,3641,10486.3569
1784857620000,0.28889,0.29351,0.28696,0.29273,1236,3578.8061
1784875620000,0.27022,0.27331,0.2649,0.26678,7092,18973.4108
1784875680000,0.26669,0.27054,0.26492,0.26905,4090,10970.3096
1784875740000,0.26927,0.26987,0.26641,0.26812,3592,9649.7914
1784875800000,0.2677,0.26864,0.26472,0.26513,11498,30533.3617
1784875860000,0.26595,0.26936,0.26595,0.26814,4253,11412.1442
1784875920000,0.26868,0.27082,0.26754,0.26847,2149,5772.2959
1784875980000,0.2694,0.27012,0.26782,0.26841,764,2054.6453
1784876040000,0.26892,0.2711,0.26859,0.2711,4414,11875.4434
1784876100000,0.27132,0.2728,0.27132,0.27198,3095,8415.1867
1784876160000,0.27344,0.27352,0.27176,0.27226,2149,5849.6093
1784876220000,0.27338,0.27389,0.27232,0.27342,923,2520.0162
1784876280000,0.27368,0.27394,0.27006,0.27192,1616,4395.1054
1784876340000,0.27201,0.27228,0.26923,0.26934,1187,3208.3408
1784876400000,0.26983,0.2719,0.26916,0.27151,734,1982.801
1784876460000,0.27158,0.27272,0.27145,0.27245,20926,57011.8042
1784876520000,0.27245,0.27272,0.27201,0.27262,100224,273311.7555
1784876580000,0.27263,0.27263,0.27052,0.27119,7298,19815.3574
1784876640000,0.27149,0.27191,0.27079,0.27142,328,890.638
1784876700000,0.27143,0.27188,0.27013,0.27041,431,1169.2758
1784876760000,0.26968,0.27101,0.26838,0.27002,1807,4866.8774
1784876820000,0.27094,0.27119,0.26482,0.26607,23026,61619.706
1784876880000,0.26606,0.2712,0.2658,0.26884,7595,20436.7458
1784876940000,0.26922,0.27261,0.26922,0.27168,2734,7423.1948
1784877000000,0.27164,0.27217,0.27011,0.27032,1506,4084.6532
1784877060000,0.27017,0.27125,0.2697,0.26979,5297,14303.6734
1784877120000,0.26962,0.2714,0.26809,0.27129,10531,28291.2541
1784877180000,0.27175,0.27272,0.26972,0.27017,17715,48304.2717
1784877240000,0.27035,0.27145,0.26966,0.26966,1449,3917.2555
1784877300000,0.269,0.26927,0.26666,0.26694,5268,14085.6354
1784877360000,0.26664,0.26723,0.2646,0.2652,24233,64522.757
1784877420000,0.26496,0.27246,0.26483,0.27211,6916,18685.9136
1784877480000,0.27232,0.27232,0.27015,0.27015,1550,4199.7451
1784877540000,0.2701,0.27018,0.26756,0.26794,1389,3733.4548
1784877600000,0.26769,0.27168,0.26769,0.27064,1850,4996.7712
1784877660000,0.27032,0.27165,0.27032,0.27119,2745,7444.922
1784877720000,0.27077,0.27128,0.27072,0.27127,1695,4591.264
1784877780000,0.27002,0.27002,0.2675,0.26799,1060,2844.3332
1784877840000,0.26923,0.26933,0.26672,0.2671,3984,10641.2505
1784877900000,0.26706,0.26953,0.26675,0.26953,6127,16387.5036
1784877960000,0.26965,0.27151,0.26965,0.27104,3195,8646.7534
1784878020000,0.27078,0.27272,0.27078,0.27227,4893,13332.5173
1784878080000,0.27235,0.2792,0.27221,0.27436,70001,191317.4899
1784878140000,0.27475,0.27498,0.27156,0.27228,3453,9423.781
1784878200000,0.27245,0.27603,0.27245,0.27553,5190,14241.8083
1784878260000,0.27582,0.2796,0.27582,0.2783,3051,8487.504
1784878320000,0.27859,0.27885,0.27637,0.27703,1422,3940.0862
1784878380000,0.27748,0.27965,0.27748,0.27759,5840,16267.608
1784878440000,0.27763,0.27926,0.2747,0.27596,5709,15781.0368
1784878500000,0.27623,0.2784,0.2762,0.27787,371,1026.9015
1784878560000,0.27805,0.2792,0.27805,0.2788,584,1627.187
1784878620000,0.27889,0.27954,0.27773,0.27821,1929,5379.7391
1784878680000,0.27812,0.2788,0.27801,0.27852,271,754.1125
1784878740000,0.27836,0.2788,0.27744,0.27876,320,889.7506
1784878800000,0.27895,0.27916,0.27789,0.27813,570,1587.7706
1784878860000,0.27833,0.27904,0.27719,0.27776,1132,3148.5625
1784878920000,0.278,0.2825,0.278,0.28006,9137,25598.8883
1784878980000,0.28003,0.28088,0.27861,0.27941,2224,6220.9814
1784879040000,0.27919,0.27937,0.27665,0.27804,10218,28373.0827
1784879100000,0.27825,0.28039,0.27799,0.27995,1270,3546.8374
1784879160000,0.27917,0.27967,0.27768,0.27904,3023,8426.7407
1784879220000,0.27861,0.27938,0.27857,0.27885,2210,6163.8779
1784879280000,0.27889,0.27929,0.27819,0.27834,1618,4511.1487
1784879340000,0.27834,0.27854,0.27676,0.27676,299,830.9701
1784879400000,0.27667,0.27682,0.27566,0.27575,2209,6093.7763
1784879460000,0.27647,0.27659,0.273,0.27346,7180,19678.0294
1784879520000,0.27342,0.27364,0.27002,0.27072,20738,56544.0291
1784879580000,0.2702,0.27041,0.26753,0.26995,6374,17191.0129
1784879640000,0.27016,0.27016,0.26806,0.26852,6038,16233.4645
1784879700000,0.26829,0.27307,0.26806,0.27194,2559,6931.7619
1784879760000,0.27219,0.27219,0.26899,0.26996,1460,3955.1745
1784879820000,0.26903,0.27135,0.26883,0.27117,492,1333.6328
1784879880000,0.27075,0.27159,0.26776,0.26776,3449,9287.9491
1784879940000,0.26879,0.27046,0.2682,0.26965,440,1184.0502
1784880000000,0.26991,0.27114,0.26972,0.27037,768,2076.0938
1784880060000,0.26997,0.27052,0.26926,0.2701,323,872.3593
1784880120000,0.27081,0.27183,0.27009,0.27183,142,384.2252
1784880180000,0.27198,0.27198,0.27066,0.27066,135,366.3881
1784880240000,0.27071,0.27227,0.27063,0.27152,673,1828.6862
1784880300000,0.27179,0.2745,0.27179,0.27353,11671,31954.7653
1784880360000,0.27409,0.27419,0.27352,0.27394,76,208.204
1784880420000,0.27265,0.27405,0.27265,0.27321,174,475.9282
1784880480000,0.27381,0.27388,0.27286,0.27318,422,1152.1784
1784880540000,0.27314,0.27432,0.27314,0.27388,149,407.7899
1784880600000,0.27398,0.27398,0.27146,0.27236,2255,6143.0754
1784880660000,0.27214,0.27251,0.27197,0.2721,146,397.3677
1784880720000,0.27285,0.27373,0.27285,0.27342,2887,7889.1759
1784880780000,0.27326,0.27444,0.27326,0.27444,686,1878.3777
1784880840000,0.27445,0.27462,0.27278,0.27329,576,1576.3242
1784880900000,0.27326,0.2749,0.27326,0.27449,548,1501.9318
1784880960000,0.27414,0.27414,0.27216,0.27304,391,1067.225
1784881020000,0.27307,0.27332,0.27276,0.27308,562,1535.2042
1784881080000,0.27275,0.27344,0.27275,0.27344,145,395.9301
1784881140000,0.27338,0.27351,0.27205,0.27297,390,1063.886
1784881200000,0.27295,0.2731,0.272,0.272,1383,3766.8998
1784881260000,0.27219,0.27316,0.2715,0.27316,4763,12946.3026
1784881320000,0.27333,0.27471,0.27333,0.27471,974,2672.4967
1784881380000,0.2745,0.277,0.27439,0.27627,4452,12297.6281
1784881440000,0.27611,0.27746,0.27591,0.27648,1996,5523.713
1784881500000,0.27679,0.27778,0.27539,0.27683,456,1262.0824
1784881560000,0.27693,0.27693,0.27604,0.27604,121,334.3285
1784881620000,0.27614,0.27789,0.27614,0.27772,261,723.0512
1784881680000,0.27802,0.27813,0.27732,0.27808,5700,15834.1204
1784881740000,0.27826,0.27984,0.27826,0.27919,679,1894.4277
1784881800000,0.2788,0.27998,0.27812,0.27902,584,1630.3275
1784881860000,0.2791,0.27958,0.27888,0.27927,84,234.5783
1784881920000,0.27888,0.28158,0.27888,0.28081,13318,37299.3711
1784881980000,0.28094,0.283,0.28094,0.283,8215,23222.8282
1784882040000,0.283,0.28591,0.28229,0.28539,109938,311671.2844
1784882100000,0.28571,0.28782,0.28468,0.28666,27427,78603.4493
1784882160000,0.28666,0.28877,0.28608,0.28649,16083,46171.1694
1784882220000,0.28623,0.28674,0.2835,0.28572,8177,23298.5435
1784882280000,0.28591,0.28671,0.28535,0.28535,2245,6417.1366
1784882340000,0.2854,0.28806,0.2854,0.2873,13958,39949.183
1784882400000,0.28787,0.29061,0.28694,0.28825,49170,142284.0947
1784882460000,0.28838,0.28904,0.28646,0.28824,7048,20288.0337
1784882520000,0.28813,0.28993,0.28787,0.28809,9290,26859.0661
1784882580000,0.28806,0.29009,0.28805,0.2899,3869,11186.2329
1784882640000,0.29006,0.29024,0.28712,0.2872,2991,8635.846
1784882700000,0.28723,0.28839,0.2847,0.28552,1771,5072.4548
1784882760000,0.28598,0.28772,0.28522,0.28542,1180,3379.7473
1784882820000,0.28558,0.28674,0.2855,0.28576,2686,7674.9315
1784882880000,0.28565,0.28825,0.28548,0.28825,1556,4467.1086
1784882940000,0.28876,0.2902,0.28658,0.288,3236,9356.2522
1784883000000,0.28834,0.28936,0.28711,0.28749,2281,6564.9356
1784883060000,0.28762,0.28895,0.28708,0.2889,1885,5430.5367
1784883120000,0.28914,0.28987,0.28818,0.28879,1214,3508.5175
1784883180000,0.28908,0.295,0.28908,0.29408,5974,17498.7313
1784883240000,0.29393,0.29393,0.2915,0.29151,3258,9515.4062
1784883300000,0.29154,0.29297,0.28958,0.29044,1831,5321.4068
1784883360000,0.29034,0.29123,0.28986,0.29003,758,2202.8465
1784883420000,0.28973,0.29255,0.28973,0.29172,3116,9077.9257
1784883480000,0.29174,0.29382,0.29174,0.29217,1043,3051.965
1784883540000,0.29244,0.29481,0.29205,0.29473,777,2278.684
1784883600000,0.295,0.29665,0.2944,0.29561,3414,10090.8097
1784883660000,0.29552,0.29686,0.29414,0.2946,608,1796.3705
1784883720000,0.29415,0.29454,0.29056,0.29332,11452,33384.7122
1784883780000,0.29343,0.29404,0.29106,0.29242,4585,13373.1829
1784883840000,0.29215,0.29354,0.29209,0.29209,2907,8515.9129
1784883900000,0.29231,0.29332,0.29195,0.29278,798,2335.3234
1784883960000,0.29329,0.29375,0.29165,0.29271,681,1993.8449
1784884020000,0.29305,0.29354,0.29136,0.29158,524,1534.3632
1784884080000,0.29158,0.2918,0.28787,0.28829,8161,23624.9255
1784884140000,0.28871,0.29061,0.28807,0.28854,3255,9415.7976
1784884200000,0.28884,0.29248,0.28884,0.29223,1121,3272.0924
1784884260000,0.29225,0.29255,0.29003,0.29046,940,2744.6465
1784884320000,0.29035,0.29059,0.2869,0.28981,6502,18734.0373
1784884380000,0.29002,0.29097,0.28967,0.28967,1871,5430.7345
1784884440000,0.28994,0.29133,0.28956,0.29106,2302,6680.9062
1784884500000,0.29118,0.29138,0.28952,0.29126,922,2680.0341
1784884560000,0.29166,0.29179,0.28952,0.29027,371,1079.6969
1784884620000,0.29102,0.29169,0.29063,0.29074,551,1603.6373
1784884680000,0.2908,0.29111,0.28843,0.28948,971,2815.5565
1784884740000,0.28946,0.29012,0.28789,0.28797,1117,3224.9959
1784884800000,0.28832,0.28921,0.28667,0.28668,2392,6887.8513
1784884860000,0.28646,0.28668,0.28263,0.28392,7380,20941.3669
1784884920000,0.28416,0.28502,0.28295,0.28478,7431,21083.5572
1784884980000,0.28488,0.28591,0.28405,0.28511,1272,3629.0357
1784885040000,0.28501,0.28581,0.28485,0.28543,586,1671.9897
1784885100000,0.28537,0.29052,0.28521,0.28979,1273,3672.0099
1784885160000,0.28874,0.28882,0.28738,0.28819,597,1720.1601
1784885220000,0.28843,0.28931,0.28797,0.289,2880,8325.6492
1784885280000,0.28907,0.29243,0.28876,0.29076,2042,5950.4908
1784885340000,0.29079,0.29087,0.28901,0.29021,1101,3197.1552
1784885400000,0.29007,0.29007,0.28717,0.28956,971,2797.7531
1784885460000,0.28979,0.29086,0.28939,0.29048,1377,3996.3201
1784885520000,0.29074,0.29393,0.29074,0.29214,3231,9467.7731
1784885580000,0.29197,0.29518,0.29194,0.29392,35704,104954.8247
1784885640000,0.29417,0.29488,0.29267,0.29317,8530,25052.8451
1784885700000,0.293,0.29322,0.28986,0.29036,5130,14918.6723
1784885760000,0.29019,0.29049,0.28821,0.29029,6211,17974.1868
1784885820000,0.29048,0.29049,0.2876,0.28785,1884,5437.1276
1784885880000,0.28762,0.28869,0.28632,0.28773,1532,4408.7047
1784885940000,0.28751,0.28894,0.28635,0.28894,7114,20405.6729
1784886000000,0.28917,0.29172,0.28917,0.29172,3477,10124.6639
1784886060000,0.29182,0.29404,0.29165,0.29398,4315,12638.0374
1784886120000,0.29368,0.29668,0.29368,0.29455,4962,14667.727
1784886180000,0.29443,0.29443,0.29139,0.2928,1003,2935.6433
1784886240000,0.29272,0.29272,0.29104,0.29194,3564,10418.3283
1784886300000,0.29224,0.29585,0.29224,0.29412,4100,12073.8022
1784886360000,0.29399,0.29675,0.29346,0.29584,1649,4877.1145
1784886420000,0.29597,0.29691,0.29403,0.29451,1286,3802.5924
1784886480000,0.29484,0.29575,0.29484,0.29523,4029,11909.2999
1784886540000,0.29505,0.29531,0.29363,0.29518,399,1174.8347
1784886600000,0.29476,0.29484,0.2932,0.29484,456,1340.6248
1784886660000,0.29507,0.29681,0.29502,0.29549,4287,12678.0645
1784886720000,0.2956,0.29574,0.29457,0.29531,787,2324.1499
1784886780000,0.29499,0.29499,0.29341,0.29432,212,624.0463
1784886840000,0.29444,0.29477,0.29392,0.29412,153,450.5114
1784886900000,0.29347,0.29499,0.29347,0.29428,689,2029.6496
1784886960000,0.29437,0.29461,0.29409,0.29458,85,250.2497
1784887020000,0.29425,0.29516,0.29405,0.29467,1083,3190.4973
1784887080000,0.29495,0.29577,0.2946,0.29496,594,1753.9129
1784887140000,0.29484,0.29484,0.29345,0.29378,377,1108.7761
1784887200000,0.29379,0.29417,0.29273,0.29403,333,977.9307
1784887260000,0.29416,0.29591,0.29376,0.29477,1561,4596.8367
1784887320000,0.29479,0.295,0.29451,0.29463,292,860.5376
1784887380000,0.29467,0.29612,0.29467,0.29528,1177,3483.0229
1784887440000,0.29495,0.29503,0.2946,0.2946,151,445.2009
1784887500000,0.29455,0.29513,0.2934,0.29431,1984,5838.3304
1784887560000,0.29435,0.299,0.29425,0.29647,21058,62516.9705
1784905620000,0.29862,0.29862,0.29727,0.29771,1915,5703.6387
1784905680000,0.29783,0.29783,0.29706,0.29751,605,1798.5497
1784905740000,0.29716,0.29793,0.29677,0.29761,2153,6397.4811
1784905800000,0.29818,0.29829,0.29688,0.29701,1851,5505.255
1784905860000,0.29673,0.29761,0.29597,0.29761,598,1773.5126
1784905920000,0.29743,0.29751,0.29634,0.29729,497,1476.1291
1784905980000,0.29712,0.29777,0.29712,0.29777,1419,4221.8123
1784906040000,0.29738,0.29793,0.29738,0.29762,217,646.0385
1784906100000,0.29758,0.29786,0.29601,0.29706,966,2864.4339
1784906160000,0.29701,0.29736,0.29639,0.29736,235,697.7718
1784906220000,0.29777,0.29792,0.29688,0.29688,77,229.0491
1784906280000,0.29661,0.29685,0.29629,0.29646,181,536.5605
1784906340000,0.29649,0.29655,0.29619,0.29619,179,530.5889
1784906400000,0.29678,0.2977,0.29665,0.29667,417,1238.6676
1784906460000,0.29634,0.29714,0.29586,0.29694,1545,4586.4998
1784906520000,0.29743,0.29772,0.29694,0.29772,2429,7224.2527
1784906580000,0.29722,0.29766,0.29695,0.29748,376,1117.8877
1784906640000,0.29738,0.29761,0.2973,0.2973,967,2877.0813
1784906700000,0.29777,0.29779,0.29755,0.29779,116,345.3529
1784906760000,0.2971,0.29863,0.29694,0.29812,575,1713.3134
1784906820000,0.2981,0.29887,0.2976,0.29841,171,509.7321
1784906880000,0.29812,0.29827,0.29786,0.29827,101,300.9784
1784906940000,0.29845,0.29845,0.29753,0.29769,215,640.4164
1784907000000,0.2972,0.29962,0.2972,0.29897,1233,3684.139
1784907060000,0.2991,0.3011,0.2991,0.30081,1540,4629.7229
1784907120000,0.30068,0.30132,0.29985,0.30084,1220,3669.0042
1784907180000,0.30063,0.30063,0.29858,0.29914,675,2020.8369
1784907240000,0.29939,0.30093,0.29939,0.3003,3495,10490.5606
1784907300000,0.30114,0.3017,0.30099,0.30099,2328,7017.8979
1784907360000,0.30105,0.3011,0.3001,0.3005,871,2618.2455
1784907420000,0.30023,0.30076,0.30008,0.30076,211,633.5861
1784907480000,0.30056,0.30071,0.29956,0.29994,294,882.1798
1784907540000,0.29939,0.29939,0.29913,0.2992,148,442.9353
1784907600000,0.29922,0.2994,0.29902,0.29928,160,478.6584
1784907660000,0.29899,0.29915,0.2989,0.29905,158,472.3855
1784907720000,0.30011,0.30023,0.29911,0.29959,638,1911.584
1784907780000,0.29947,0.29947,0.2985,0.2993,1145,3423.4328
1784907840000,0.29936,0.29974,0.29929,0.29929,172,515.06
1784907900000,0.29999,0.3009,0.29999,0.30043,608,1826.766
1784907960000,0.30041,0.30041,0.29941,0.30016,917,2751.9456
1784908020000,0.29979,0.30035,0.29979,0.30011,321,963.3052
1784908080000,0.30025,0.30077,0.30014,0.3007,189,567.7857
1784908140000,0.30062,0.30208,0.30062,0.3015,8800,26572.3038
1784908200000,0.30098,0.30102,0.30025,0.30041,1301,3910.3692
1784908260000,0.30092,0.30112,0.30045,0.30078,2556,7684.0577
1784908320000,0.30064,0.30064,0.29897,0.29969,3850,11545.9541
1784908380000,0.29965,0.30026,0.29897,0.29999,583,1747.1397
1784908440000,0.30025,0.30025,0.29943,0.29961,900,2695.5166
1784908500000,0.29954,0.29954,0.29873,0.29904,869,2597.8042
1784908560000,0.29915,0.3001,0.29875,0.29978,1459,4365.6292
1784908620000,0.29996,0.30061,0.29996,0.30012,218,654.8286
1784908680000,0.30063,0.30068,0.30028,0.30068,353,1060.5926
1784908740000,0.30035,0.30035,0.30035,0.30035,8,24.028
1784908800000,0.30006,0.30031,0.29934,0.29959,606,1817.2667
1784908860000,0.29961,0.30011,0.29895,0.30011,757,2266.1056
1784908920000,0.29994,0.30033,0.29907,0.30033,1065,3191.285
1784908980000,0.30013,0.3002,0.29919,0.29944,507,1520.1884
1784909040000,0.2992,0.29959,0.29896,0.29913,885,2648.1436
1784909100000,0.29908,0.29968,0.29871,0.29942,544,1627.4469
1784909160000,0.29951,0.29951,0.2992,0.29936,67,200.6141
1784909220000,0.29971,0.29976,0.29937,0.29976,305,913.7233
1784909280000,0.2997,0.2997,0.29923,0.29923,185,553.9334
1784909340000,0.29915,0.29942,0.29902,0.29925,2003,5990.9158
1784909400000,0.29895,0.29955,0.29889,0.29917,438,1310.7396
1784909460000,0.29916,0.29916,0.29673,0.298,2331,6935.0908
1784909520000,0.29799,0.30032,0.29798,0.3,1045,3128.8505
1784909580000,0.29953,0.29962,0.29905,0.29956,268,802.2988
1784909640000,0.29915,0.29938,0.29897,0.29897,23,68.8088
1784909700000,0.29903,0.2996,0.29776,0.29956,724,2164.527
1784909760000,0.29946,0.29952,0.29921,0.29933,226,676.4769
1784909820000,0.29904,0.29921,0.29841,0.29881,389,1161.8852
1784909880000,0.29862,0.30047,0.29798,0.29948,2748,8240.6604
1784909940000,0.29956,0.29979,0.29913,0.2992,435,1302.7157
1784910000000,0.29941,0.29946,0.29938,0.29941,104,311.4179
1784910060000,0.29938,0.29938,0.29754,0.29754,137,408.6853
1784910120000,0.29746,0.29746,0.29606,0.29681,1834,5444.8589
1784910180000,0.29671,0.29728,0.29418,0.29586,3522,10392.1327
1784910240000,0.29537,0.29573,0.2939,0.29533,1201,3540.4918
1784910300000,0.29518,0.29585,0.29418,0.29418,528,1557.8805
1784910360000,0.29393,0.29498,0.29133,0.29498,4414,12922.6674
1784910420000,0.29447,0.2956,0.29401,0.29401,1846,5447.9045
1784910480000,0.29423,0.29538,0.29397,0.29474,692,2040.1297
1784910540000,0.29458,0.29528,0.2944,0.29528,199,586.5875
1784910600000,0.29503,0.29503,0.2931,0.29378,6711,19703.9919
1784910660000,0.293,0.29375,0.2918,0.29267,3137,9188.2099
1784910720000,0.29275,0.29375,0.29264,0.2927,971,2847.4864
1784910780000,0.29297,0.29306,0.29255,0.29255,313,916.3331
1784910840000,0.29226,0.29226,0.29101,0.29124,1168,3404.4146
1784910900000,0.29139,0.29174,0.28867,0.28952,5519,15975.4263
1784910960000,0.28975,0.29402,0.28967,0.29351,5093,14884.2759
1784911020000,0.29334,0.29404,0.29266,0.29267,1532,4498.0489
1784911080000,0.29268,0.29587,0.29268,0.29342,2309,6810.1621
1784911140000,0.29353,0.29371,0.29261,0.2928,297,869.8889
1784911200000,0.29296,0.29354,0.29173,0.29199,1094,3199.2923
1784911260000,0.29171,0.29246,0.29126,0.29152,222,647.137
1784911320000,0.29157,0.29174,0.28924,0.28954,2528,7337.9935
1784911380000,0.28931,0.29013,0.28852,0.28903,1388,4014.0434
1784911440000,0.28939,0.29084,0.28925,0.2898,4919,14268.6347
1784911500000,0.28972,0.28979,0.28787,0.28909,5209,15042.2136
1784911560000,0.28906,0.2916,0.28897,0.29159,2121,6167.7314
1784911620000,0.29157,0.29338,0.29129,0.29296,2515,7364.0382
1784911680000,0.29285,0.29285,0.29144,0.29189,585,1707.2189
1784911740000,0.29179,0.29297,0.29157,0.29184,924,2697.4015
1784911800000,0.29192,0.2941,0.29192,0.29284,930,2726.8676
1784911860000,0.29288,0.29288,0.29174,0.29218,381,1113.2803
1784911920000,0.29238,0.29246,0.28835,0.28912,523,1515.2368
1784911980000,0.28863,0.29177,0.2884,0.29152,5864,17077.8049
1784912040000,0.29143,0.2925,0.29113,0.29237,502,1465.2204
1784912100000,0.29186,0.29252,0.29108,0.2918,821,2394.2171
1784912160000,0.29145,0.29145,0.28968,0.28968,426,1240.4402
1784912220000,0.28956,0.29047,0.28893,0.29046,880,2547.3826
1784912280000,0.29064,0.29102,0.28991,0.29008,367,1065.8572
1784912340000,0.2902,0.29121,0.28996,0.29068,262,762.0124
1784912400000,0.29146,0.29247,0.29081,0.29081,356,1038.6951
1784912460000,0.29158,0.29376,0.29137,0.29376,127,371.1505
1784912520000,0.29275,0.29275,0.29258,0.29258,37,108.2597
1784912580000,0.29206,0.2936,0.29202,0.2936,432,1266.0393
1784912640000,0.29351,0.29399,0.29328,0.29334,526,1543.1564
1784912700000,0.29367,0.29592,0.2934,0.29491,1350,3981.8164
1784912760000,0.29504,0.29579,0.29399,0.29399,760,2239.7854
1784912820000,0.29341,0.29341,0.29156,0.2923,2878,8410.3666
1784912880000,0.29213,0.29315,0.29156,0.29315,6296,18386.8314
1784912940000,0.2937,0.29433,0.29337,0.29372,1485,4361.9057
1784913000000,0.29474,0.2969,0.29474,0.29581,3049,9027.193
1784913060000,0.29545,0.29941,0.29542,0.29848,5510,16435.3626
1784913120000,0.2973,0.29796,0.29642,0.29775,2780,8269.9922
1784913180000,0.298,0.29952,0.29787,0.29912,1368,4091.858
1784913240000,0.29904,0.30333,0.29904,0.3005,23985,72575.3694
1784913300000,0.3002,0.30224,0.29815,0.29897,8280,24893.4458
1784913360000,0.29947,0.3,0.29784,0.29966,4554,13597.6313
1784913420000,0.29935,0.29935,0.29897,0.29906,301,900.001
1784913480000,0.29887,0.30043,0.29887,0.29947,1458,4366.9463
1784913540000,0.29978,0.29983,0.29902,0.29959,449,1344.5838
1784913600000,0.2991,0.29966,0.29884,0.29961,534,1597.7446
1784913660000,0.29947,0.29947,0.29825,0.29915,698,2086.6476
1784913720000,0.29878,0.29974,0.29878,0.29889,469,1403.4168
1784913780000,0.29912,0.2992,0.29849,0.29899,345,1031.1059
1784913840000,0.29884,0.29926,0.29857,0.29875,194,579.5411
1784913900000,0.29844,0.29927,0.29755,0.29859,2434,7257.7292
1784913960000,0.29896,0.29926,0.2987,0.29903,557,1665.9707
1784914020000,0.29877,0.29877,0.29716,0.29823,7555,22492.303
1784914080000,0.29824,0.29866,0.29754,0.29793,1386,4130.4303
1784914140000,0.29778,0.29908,0.29762,0.29778,1584,4723.8854
1784914200000,0.29785,0.2984,0.29722,0.29771,1332,3968.5879
1784914260000,0.29753,0.29753,0.29688,0.29724,682,2025.4639
1784914320000,0.29667,0.29667,0.29667,0.29667,25,74.1675
1784914380000,0.29702,0.2972,0.29667,0.29716,952,2825.2427
1784914440000,0.29641,0.29659,0.29641,0.29654,211,625.692
1784914500000,0.29646,0.29646,0.29382,0.29437,8917,26245.0133
1784914560000,0.29356,0.29356,0.2916,0.29308,6881,20123.0362
1784914620000,0.29256,0.2943,0.29256,0.2943,327,959.2662
1784914680000,0.2942,0.2955,0.29413,0.29445,5337,15744.7552
1784914740000,0.29445,0.29448,0.29371,0.29428,2391,7026.3343
1784914800000,0.29425,0.29425,0.29315,0.29344,289,848.4594
1784914860000,0.29363,0.29364,0.29326,0.29345,421,1236.0346
1784914920000,0.29395,0.29397,0.29313,0.29325,230,675.1654
1784914980000,0.2933,0.29365,0.29226,0.29285,1353,3962.3472
1784915040000,0.29284,0.29339,0.29236,0.29339,733,2147.7117
1784915100000,0.29308,0.29411,0.29292,0.29371,420,1234.6927
1784915160000,0.29443,0.29634,0.29443,0.2962,1209,3568.982
1784915220000,0.29623,0.2963,0.29518,0.29537,253,748.3358
1784915280000,0.29581,0.29671,0.29581,0.29671,3475,10286.5065
1784915340000,0.29645,0.29645,0.2961,0.29624,567,1679.6128
1784915400000,0.29672,0.2971,0.29657,0.29657,275,816.1516
1784915460000,0.29706,0.29868,0.29706,0.29868,3918,11683.1649
1784915520000,0.29876,0.29907,0.29819,0.2983,959,2863.9886
1784915580000,0.29816,0.30172,0.29808,0.30065,11673,35034.9355
1784915640000,0.30067,0.30121,0.3002,0.30055,1928,5800.321
1784915700000,0.30097,0.30333,0.30017,0.30079,43612,132160.5011
1784915760000,0.30059,0.30104,0.29976,0.2999,4071,12247.5324
1784915820000,0.30033,0.30033,0.29812,0.29812,6004,17964.351
1784915880000,0.29832,0.29936,0.29808,0.29893,2155,6446.6999
1784915940000,0.29904,0.29916,0.29778,0.29916,1071,3201.1188
1784916000000,0.29788,0.29902,0.29788,0.29885,127,379.0025
1784916060000,0.29889,0.299,0.29838,0.29838,611,1824.0144
1784916120000,0.29842,0.29883,0.29828,0.29861,78,232.8732
1784916180000,0.29851,0.29851,0.29718,0.29743,1461,4344.9194
1784916240000,0.29734,0.29873,0.29707,0.29839,828,2466.4438
1784916300000,0.29825,0.29839,0.29778,0.2982,555,1654.1741
1784916360000,0.29802,0.29825,0.29793,0.29813,3455,10301.9256
1784916420000,0.29817,0.29856,0.29811,0.29856,252,751.8053
1784916480000,0.29879,0.299,0.29771,0.29771,3764,11249.1043
1784916540000,0.29794,0.29795,0.297,0.297,201,598.2018
1784916600000,0.29673,0.29679,0.29614,0.29676,5828,17286.6554
1784916660000,0.29688,0.29701,0.29622,0.29635,2036,6039.6987
1784916720000,0.29645,0.29675,0.29624,0.29675,609,1805.9017
1784916780000,0.29627,0.2965,0.29596,0.29596,333,986.2962
1784916840000,0.29607,0.29607,0.29526,0.2958,579,1711.0241
1784916900000,0.29593,0.2963,0.29577,0.29625,1588,4701.4872
1784916960000,0.29609,0.29729,0.29592,0.29697,2291,6804.6965
1784917020000,0.29681,0.29775,0.29638,0.29775,1161,3449.6654
1784917080000,0.29743,0.29752,0.29487,0.29557,2196,6499.2007
1784917140000,0.29541,0.29733,0.29541,0.2972,239,709.4786
1784917200000,0.29754,0.29772,0.29675,0.29716,3116,9262.2622
1784917260000,0.29717,0.29717,0.29543,0.29558,970,2871.9722
1784917320000,0.29492,0.29533,0.29473,0.29513,1351,3986.2412
1784917380000,0.29516,0.29666,0.29509,0.29509,4440,13142.7418
1784917440000,0.29539,0.29559,0.29478,0.29559,2365,6980.2373
1784917500000,0.29533,0.29554,0.29533,0.29541,110,325.0418
1784917560000,0.2958,0.29597,0.2947,0.29533,4079,12066.9122
1784935620000,0.30693,0.30709,0.30477,0.30553,7563,23103.7435
1784935680000,0.30546,0.3076,0.30546,0.3076,1401,4296.6353
1784935740000,0.30741,0.3076,0.30693,0.30738,207,635.8964
1784935800000,0.30748,0.30896,0.30748,0.3084,1610,4968.0898
1784935860000,0.30856,0.30917,0.30804,0.30836,1861,5740.5281
1784935920000,0.30905,0.30911,0.30818,0.30886,547,1687.7248
1784935980000,0.30899,0.30928,0.30837,0.30873,697,2153.3396
1784936040000,0.30887,0.30914,0.3083,0.3083,469,1448.3496
1784936100000,0.3085,0.30863,0.30778,0.30863,527,1623.5889
1784936160000,0.30835,0.30835,0.30819,0.30819,22,67.8138
1784936220000,0.30858,0.30925,0.30858,0.30925,2093,6462.7398
1784936280000,0.30925,0.30925,0.30582,0.30602,2616,8035.8954
1784936340000,0.30595,0.30632,0.30442,0.30553,3120,9526.8204
1784936400000,0.30562,0.3061,0.30515,0.30537,541,1652.1589
1784936460000,0.30559,0.30573,0.30467,0.30468,1576,4809.201
1784936520000,0.30528,0.30556,0.30474,0.30556,169,516.0783
1784936580000,0.30616,0.30675,0.30581,0.30581,1618,4955.8956
1784936640000,0.30602,0.30653,0.30585,0.30599,569,1742.4337
1784936700000,0.30613,0.3062,0.3059,0.3059,55,168.3196
1784936760000,0.30644,0.30686,0.305,0.305,847,2584.721
1784936820000,0.3053,0.30551,0.30467,0.30467,683,2082.8189
1784936880000,0.30527,0.30532,0.30301,0.30401,2661,8086.1022
1784936940000,0.30413,0.30452,0.30276,0.30276,4625,14028.8425
1784937000000,0.30306,0.3043,0.30253,0.30253,2788,8461.2681
1784937060000,0.30335,0.30347,0.30249,0.30347,982,2974.8657
1784937120000,0.3036,0.3042,0.30319,0.30319,1084,3290.2577
1784937180000,0.30316,0.30335,0.30177,0.30177,3289,9937.0124
1784937240000,0.30187,0.30244,0.30172,0.3021,1854,5599.7117
1784937300000,0.30214,0.30246,0.30061,0.30246,4538,13686.0722
1784937360000,0.30241,0.30333,0.30223,0.30314,1657,5015.8433
1784937420000,0.3033,0.30464,0.3033,0.30417,1406,4274.9652
1784937480000,0.30446,0.30449,0.30366,0.30377,1804,5484.4749
1784937540000,0.30376,0.30376,0.30166,0.30248,1411,4270.2887
1784937600000,0.30228,0.30438,0.30228,0.30429,3375,10243.5058
1784937660000,0.30428,0.30629,0.30428,0.30629,8561,26134.9489
1784937720000,0.30587,0.30587,0.3044,0.30522,2371,7232.5437
1784937780000,0.30528,0.30577,0.30475,0.30513,2964,9045.7133
1784937840000,0.30546,0.30581,0.30466,0.30466,2225,6796.9653
1784937900000,0.30491,0.30562,0.30472,0.30489,991,3024.4013
1784937960000,0.3051,0.30545,0.30453,0.30495,1530,4667.0184
1784938020000,0.30505,0.306,0.30481,0.30512,1675,5118.6275
1784938080000,0.30528,0.30583,0.30525,0.30553,1421,4341.7857
1784938140000,0.30544,0.30576,0.30494,0.30494,2207,6739.7423
1784938200000,0.30518,0.30588,0.30451,0.30547,855,2609.6417
1784938260000,0.30555,0.30581,0.3046,0.30473,1420,4332.1611
1784938320000,0.30476,0.3057,0.30476,0.3055,1424,4345.9786
1784938380000,0.3055,0.30703,0.30542,0.30703,2625,8040.433
1784938440000,0.30706,0.30779,0.30704,0.30758,1622,4984.1693
1784938500000,0.30734,0.30939,0.30681,0.30709,2929,9023.0167
1784938560000,0.30713,0.30717,0.30394,0.30546,3499,10678.0215
1784938620000,0.30497,0.30597,0.30441,0.30559,3947,12043.1892
1784938680000,0.30564,0.30643,0.30541,0.30541,1719,5261.0244
1784938740000,0.30554,0.3058,0.30532,0.30565,340,1039.2386
1784938800000,0.30553,0.30569,0.30521,0.30521,97,296.2503
1784938860000,0.30554,0.30554,0.3036,0.30387,981,2987.7726
1784938920000,0.30413,0.30413,0.30188,0.30316,4255,12864.0953
1784938980000,0.3036,0.30445,0.3036,0.30398,863,2622.3145
1784939040000,0.30393,0.30446,0.30375,0.30446,92,279.844
1784939100000,0.30459,0.30507,0.30448,0.30448,1111,3387.6131
1784939160000,0.30471,0.30526,0.30359,0.30359,1087,3310.4241
1784939220000,0.3036,0.30412,0.30352,0.30358,467,1418.8007
1784939280000,0.30401,0.30426,0.30324,0.30361,2169,6584.1124
1784939340000,0.30356,0.30578,0.30345,0.30552,1105,3359.1288
1784939400000,0.30527,0.30543,0.30438,0.3047,151,460.1235
1784939460000,0.30547,0.30547,0.30282,0.30285,351,1066.3454
1784939520000,0.30283,0.30336,0.3023,0.30279,237,717.2697
1784939580000,0.30258,0.30258,0.30188,0.30198,134,404.974
1784939640000,0.30201,0.30269,0.30174,0.30174,850,2566.4647
1784939700000,0.30181,0.30204,0.30091,0.30204,1279,3857.2678
1784939760000,0.30254,0.30257,0.30133,0.30133,1170,3533.7502
1784939820000,0.30144,0.30166,0.30075,0.30121,522,1572.672
1784939880000,0.30121,0.30155,0.29978,0.30054,3244,9743.897
1784939940000,0.30077,0.30106,0.2999,0.30035,450,1352.9179
1784940000000,0.30053,0.30056,0.29849,0.29974,14709,44102.7927
1784940060000,0.29988,0.30009,0.29828,0.29925,2239,6701.5637
1784940120000,0.29925,0.30034,0.29887,0.29984,1760,5274.1926
1784940180000,0.30012,0.30064,0.29952,0.29969,1293,3883.1956
1784940240000,0.2998,0.30066,0.29976,0.29985,615,1845.3816
1784940300000,0.3001,0.30166,0.3001,0.30156,660,1984.789
1784940360000,0.30178,0.30402,0.30131,0.30236,2342,7085.0692
1784940420000,0.30239,0.30251,0.30071,0.30071,604,1823.4155
1784940480000,0.30138,0.30241,0.30138,0.30241,38,114.6208
1784940540000,0.30267,0.30312,0.30223,0.30249,950,2877.2929
1784940600000,0.30245,0.30308,0.30184,0.30215,212,640.6963
1784940660000,0.30257,0.30621,0.30234,0.30584,3098,9449.2914
1784940720000,0.30563,0.30574,0.30437,0.30437,1013,3090.9175
1784940780000,0.3045,0.30577,0.30448,0.30545,1074,3280.1281
1784940840000,0.30539,0.30546,0.30483,0.30483,58,176.9864
1784940900000,0.30531,0.30594,0.30497,0.30504,2146,6556.6132
1784940960000,0.30494,0.30545,0.30461,0.30509,2182,6654.8574
1784941020000,0.30495,0.30547,0.30438,0.30514,1342,4091.7907
1784941080000,0.30519,0.306,0.30514,0.306,877,2679.076
1784941140000,0.30554,0.3069,0.30514,0.30688,635,1944.1632
1784941200000,0.30649,0.30714,0.306,0.30645,710,2177.5579
1784941260000,0.30694,0.30694,0.30492,0.30492,483,1477.8073
1784941320000,0.30505,0.30505,0.30435,0.30459,1487,4528.023
1784941380000,0.30443,0.30483,0.30385,0.30445,2363,7188.7039
1784941440000,0.30458,0.30539,0.30412,0.30471,390,1188.8529
1784941500000,0.30523,0.30523,0.30263,0.30308,1205,3653.0322
1784941560000,0.30285,0.30352,0.30225,0.30225,1159,3511.7169
1784941620000,0.30214,0.30239,0.30164,0.30205,1304,3939.8566
1784941680000,0.30128,0.30177,0.30101,0.30177,227,683.9914
1784941740000,0.3015,0.30219,0.30137,0.3017,104,313.6471
1784941800000,0.30149,0.30149,0.30074,0.30087,649,1953.1839
1784941860000,0.30085,0.30512,0.30085,0.30313,3076,9320.9198
1784941920000,0.30283,0.30357,0.30256,0.30256,2091,6334.9733
1784941980000,0.30221,0.30234,0.30167,0.30222,760,2294.6618
1784942040000,0.30221,0.30252,0.30188,0.30205,691,2088.0587
1784942100000,0.30167,0.30168,0.29965,0.30058,6138,18450.8328
1784942160000,0.30076,0.30149,0.3003,0.30068,686,2062.7869
1784942220000,0.30082,0.30189,0.30082,0.30161,197,593.975
1784942280000,0.30143,0.30214,0.30113,0.30113,386,1164.2377
1784942340000,0.30082,0.30107,0.30072,0.30072,282,848.3951
1784942400000,0.30104,0.30158,0.30104,0.30158,149,449.0438
1784942460000,0.3017,0.30211,0.30163,0.30181,394,1189.2205
1784942520000,0.30142,0.30142,0.30077,0.30077,237,713.8234
1784942580000,0.30109,0.30162,0.30095,0.30162,226,680.7453
1784942640000,0.30187,0.30187,0.30097,0.30105,244,734.9846
1784942700000,0.30113,0.30163,0.30098,0.30163,385,1159.4238
1784942760000,0.30102,0.30102,0.30098,0.30098,61,183.609
1784942820000,0.30096,0.30096,0.29983,0.29983,448,1344.9784
1784942880000,0.30012,0.30047,0.30012,0.30015,1101,3307.4327
1784942940000,0.29995,0.30011,0.29985,0.30011,131,392.9715
1784943000000,0.30033,0.30099,0.30004,0.30073,654,1966.3991
1784943060000,0.30028,0.30042,0.29992,0.29992,181,543.2496
1784943120000,0.3005,0.30061,0.30004,0.3004,252,756.5585
1784943180000,0.30029,0.30056,0.30029,0.30056,56,168.2767
1784943240000,0.30014,0.30044,0.29946,0.29946,604,1811.3294
1784943300000,0.29948,0.29984,0.29912,0.29976,218,653.1305
1784943360000,0.29993,0.30255,0.29973,0.30128,1697,5120.7271
1784943420000,0.3013,0.3013,0.30016,0.30044,327,982.9339
1784943480000,0.30043,0.30128,0.30018,0.30042,597,1794.157
1784943540000,0.30053,0.30095,0.30022,0.30064,384,1154.3921
1784943600000,0.30105,0.30105,0.30017,0.30053,317,952.8532
1784943660000,0.30055,0.30093,0.30029,0.30029,588,1767.4836
1784943720000,0.30055,0.30106,0.30039,0.30102,2125,6396.1625
1784943780000,0.30084,0.30084,0.2991,0.29956,5129,15378.0389
1784943840000,0.29965,0.29983,0.29957,0.29971,363,1087.8356
1784943900000,0.29991,0.30074,0.29991,0.30041,215,645.8431
1784943960000,0.30039,0.30112,0.3003,0.30088,221,664.1561
1784944020000,0.30084,0.30136,0.30084,0.3013,68,204.8505
1784944080000,0.3014,0.3014,0.30071,0.30071,4715,14193.2046
1784944140000,0.301,0.301,0.3004,0.3004,45,135.2602
1784944200000,0.30071,0.301,0.30071,0.301,121,364.1298
1784944260000,0.301,0.301,0.30018,0.30018,1796,5396.9802
1784944320000,0.30016,0.30051,0.29955,0.3005,2277,6829.8412
1784944380000,0.30031,0.30031,0.29886,0.29894,1858,5565.4456
1784944440000,0.29911,0.29945,0.29911,0.29936,180,538.7492
1784944500000,0.2994,0.29953,0.2985,0.29867,1511,4515.9297
1784944560000,0.29831,0.29884,0.298,0.29884,1535,4582.5734
1784944620000,0.29907,0.29914,0.29821,0.29847,644,1923.7408
1784944680000,0.29907,0.29934,0.29833,0.2987,171,511.0086
1784944740000,0.29896,0.29911,0.29884,0.29911,82,245.1193
1784944800000,0.2988,0.29897,0.29818,0.29818,218,650.8101
1784944860000,0.29858,0.29864,0.298,0.298,2659,7926.3585
1784944920000,0.29765,0.29904,0.29716,0.29716,4786,14249.9734
1784944980000,0.29742,0.29761,0.29607,0.29676,9048,26832.4761
1784945040000,0.29679,0.29769,0.29592,0.2966,5095,15115.8483
1784945100000,0.29663,0.29731,0.2965,0.29731,133,394.9032
1784945160000,0.29733,0.29884,0.29733,0.29866,901,2684.9639
1784945220000,0.29877,0.29987,0.29849,0.29963,709,2120.2431
1784945280000,0.29898,0.29921,0.29868,0.29909,75,224.3414
1784945340000,0.29953,0.30021,0.29946,0.29987,756,2265.2663
1784945400000,0.29988,0.30002,0.29931,0.29931,282,844.5806
1784945460000,0.29895,0.29895,0.29704,0.29704,469,1396.2986
1784945520000,0.29668,0.29749,0.29661,0.29749,332,986.1471
1784945580000,0.29798,0.29802,0.29798,0.29802,68,202.6326
1784945640000,0.2982,0.2982,0.29789,0.298,105,312.8925
1784945760000,0.29768,0.29768,0.29687,0.29687,3080,9150.017
1784945820000,0.29713,0.29869,0.29703,0.29868,2005,5965.306
1784945880000,0.2986,0.29887,0.29852,0.29883,420,1254.7685
1784945940000,0.29886,0.29899,0.29886,0.29898,211,630.709
1784946000000,0.29917,0.29963,0.29917,0.29962,124,371.404
1784946060000,0.29968,0.30103,0.29968,0.30103,77,231.196
1784946120000,0.30058,0.30058,0.3001,0.3001,196,588.5871
1784946180000,0.30018,0.30018,0.30017,0.30017,32,96.0574
1784946240000,0.29996,0.30007,0.29979,0.30007,62,185.9335
1784946300000,0.30071,0.30148,0.30056,0.30141,167,502.4998
1784946360000,0.30147,0.30251,0.30098,0.30173,66,199.1075
1784946420000,0.30143,0.30143,0.30115,0.30115,17,51.2403
1784946480000,0.30083,0.30101,0.30046,0.30046,94,282.4688
1784946540000,0.30072,0.30074,0.3002,0.3002,170,511.0488
1784946600000,0.30062,0.30076,0.3,0.30043,560,1682.6933
1784946660000,0.30078,0.30185,0.30067,0.30128,537,1618.3048
1784946720000,0.30128,0.30166,0.30118,0.30138,163,491.1642
1784946780000,0.30178,0.30347,0.30165,0.30298,3088,9362.8691
1784946840000,0.30315,0.3055,0.30308,0.30537,2034,6195.305
1784946900000,0.30518,0.30701,0.30507,0.30658,4898,14973.3375
1784946960000,0.30659,0.31326,0.30659,0.30744,17135,52945.3947
1784947020000,0.30733,0.30827,0.30687,0.30774,2104,6469.2257
1784947080000,0.30823,0.30823,0.30659,0.30659,509,1563.7759
1784947140000,0.30675,0.30709,0.3063,0.30684,563,1727.3108
1784947200000,0.30687,0.30796,0.30608,0.30722,903,2771.2358
1784947260000,0.30726,0.30891,0.30699,0.30784,674,2077.4642
1784947320000,0.30799,0.3097,0.30729,0.30752,1530,4718.7571
1784947380000,0.30777,0.30777,0.30667,0.30667,485,1489.7917
1784947440000,0.30667,0.3067,0.30667,0.3067,63,193.2198
1784947500000,0.30719,0.30757,0.30647,0.30647,762,2340.8151
1784947560000,0.30669,0.3082,0.30668,0.30778,123,378.2842
1784947620000,0.30773,0.30789,0.3071,0.30717,195,599.9006
1784965620000,0.31959,0.31962,0.31857,0.31883,2223,7093.8048
1784965680000,0.31874,0.31902,0.3179,0.31797,7617,24281.1451
1784965740000,0.31812,0.31814,0.31743,0.31767,809,2568.7795
1784965800000,0.31825,0.31862,0.31729,0.31759,847,2690.5938
1784965860000,0.31743,0.3177,0.31673,0.31685,1175,3726.0953
1784965920000,0.31646,0.31704,0.31614,0.31648,354,1120.6174
1784965980000,0.31613,0.31694,0.31539,0.31685,524,1658.5044
1784966040000,0.31669,0.31969,0.31653,0.31916,1932,6152.4858
1784966100000,0.31932,0.32027,0.3193,0.31963,629,2012.3938
1784966160000,0.31922,0.31967,0.3184,0.31967,476,1518.0646
1784966220000,0.31907,0.31907,0.31858,0.31858,28,89.2318
1784966280000,0.31845,0.31907,0.31815,0.31815,141,449.3169
1784966340000,0.31815,0.31815,0.31815,0.31815,166,528.129
1784966400000,0.31797,0.31932,0.31797,0.3187,495,1579.0558
1784966460000,0.31873,0.31873,0.31796,0.31796,177,563.0702
1784966520000,0.31782,0.31814,0.3177,0.31781,2169,6896.3838
1784966580000,0.31839,0.31944,0.31839,0.31873,434,1384.9538
1784966640000,0.31873,0.32006,0.31873,0.31981,1738,5559.1224
1784966700000,0.31972,0.32592,0.31972,0.32366,8486,27445.142
1784966760000,0.32378,0.32591,0.3227,0.32383,5467,17745.7701
1784966820000,0.32398,0.32398,0.32252,0.32289,2792,9024.1351
1784966880000,0.32289,0.32362,0.32167,0.32228,6872,22204.3542
1784966940000,0.32169,0.32323,0.32169,0.32244,511,1649.0327
1784967000000,0.32306,0.32306,0.32169,0.32188,11620,37419.0787
1784967060000,0.32149,0.32255,0.3214,0.32243,3197,10304.2756
1784967120000,0.32274,0.32274,0.32188,0.32188,1337,4306.0327
1784967180000,0.32243,0.3227,0.32243,0.3227,1588,5120.3231
1784967240000,0.3225,0.32495,0.32151,0.32427,2752,8880.0449
1784967300000,0.32422,0.32728,0.32414,0.32637,2687,8768.2221
1784967360000,0.32603,0.32657,0.32594,0.32605,268,874.4774
1784967420000,0.32529,0.32583,0.3247,0.3247,989,3220.661
1784967480000,0.32452,0.327,0.32452,0.327,1462,4770.0071
1784967540000,0.32679,0.327,0.326,0.32696,483,1577.5833
1784967600000,0.32693,0.328,0.326,0.326,1348,4413.1368
1784967660000,0.3257,0.32597,0.32475,0.32546,1480,4820.8124
1784967720000,0.32584,0.32659,0.32524,0.32549,685,2233.3534
1784967780000,0.32567,0.3265,0.3256,0.3265,445,1450.2103
1784967840000,0.3271,0.32728,0.32528,0.32549,1735,5655.5834
1784967900000,0.32528,0.3254,0.32306,0.32306,2533,8191.7676
1784967960000,0.32304,0.32346,0.31981,0.32048,5330,17184.6491
1784968020000,0.32063,0.32106,0.31956,0.31978,672,2150.9426
1784968080000,0.31984,0.32068,0.31974,0.31982,202,647.3696
1784968140000,0.31946,0.32045,0.31915,0.32045,3696,11820.5475
1784968200000,0.31965,0.32001,0.31965,0.32001,32,102.336
1784968260000,0.31949,0.32131,0.31929,0.32088,1501,4810.0678
1784968320000,0.32116,0.3212,0.31981,0.32008,2520,8076.5076
1784968380000,0.31999,0.32044,0.31984,0.32029,1608,5147.123
1784968440000,0.32024,0.32048,0.32008,0.32036,3132,10026.4592
1784968500000,0.32008,0.32195,0.32008,0.3215,3897,12489.3615
1784968560000,0.3214,0.32315,0.32088,0.32315,1070,3447.6743
1784968620000,0.32321,0.32321,0.32198,0.32199,735,2372.1641
1784968680000,0.32241,0.32386,0.32241,0.32373,2803,9057.0661
1784968740000,0.32413,0.32424,0.32338,0.32338,1170,3789.2415
1784968800000,0.32356,0.32657,0.32356,0.32582,1678,5465.5418
1784968860000,0.32618,0.32618,0.32474,0.32513,1903,6190.2246
1784968920000,0.3257,0.32604,0.32563,0.32563,760,2476.334
1784968980000,0.32539,0.32539,0.32462,0.32462,178,578.9326
1784969040000,0.3238,0.32429,0.3238,0.32394,289,936.4636
1784969100000,0.32403,0.32495,0.32403,0.32495,146,474.2587
1784969160000,0.32537,0.32718,0.32537,0.32702,1904,6212.3177
1784969220000,0.32708,0.32832,0.32688,0.32744,2401,7865.1919
1784969280000,0.3275,0.32842,0.32698,0.32718,3669,12007.2302
1784969340000,0.32699,0.32718,0.32649,0.32674,3183,10406.0274
1784969400000,0.32685,0.32887,0.32685,0.32798,2904,9524.28
1784969460000,0.32808,0.32842,0.32761,0.3282,788,2583.7389
1784969520000,0.32818,0.32989,0.32818,0.32894,1561,5137.1489
1784969580000,0.32902,0.33093,0.32902,0.32987,3385,11169.0842
1784969640000,0.32951,0.32992,0.32855,0.32855,677,2229.9427
1784969700000,0.32868,0.32982,0.32851,0.32908,15795,51973.6655
1784969760000,0.32912,0.32966,0.32865,0.32929,6039,19878.1336
1784969820000,0.32933,0.32966,0.32869,0.32869,13773,45346.8932
1784969880000,0.32872,0.32966,0.32829,0.32949,4527,14894.1644
1784969940000,0.32949,0.33045,0.32889,0.3292,31345,103324.9948
1784970000000,0.32976,0.33561,0.32952,0.33234,23366,77687.0684
1784970060000,0.33172,0.33172,0.32871,0.33021,9512,31332.4993
1784970120000,0.33014,0.3318,0.32976,0.33085,6657,22023.3046
1784970180000,0.33108,0.3318,0.33009,0.33059,2732,9044.8763
1784970240000,0.33096,0.33096,0.32959,0.33017,1352,4464.0932
1784970300000,0.33096,0.33145,0.32913,0.32916,3422,11306.3039
1784970360000,0.32917,0.32956,0.32744,0.32879,1954,6414.976
1784970420000,0.3294,0.3294,0.3286,0.32922,623,2050.1292
1784970480000,0.32976,0.33014,0.328,0.32872,654,2156.8648
1784970540000,0.32879,0.3288,0.32816,0.32848,1088,3573.2972
1784970600000,0.32846,0.32875,0.32836,0.32875,333,1093.8449
1784970660000,0.32912,0.32975,0.32813,0.32907,4050,13329.402
1784970720000,0.32931,0.32971,0.32867,0.32906,7113,23407.4104
1784970780000,0.32923,0.32923,0.32788,0.32803,2373,7795.7959
1784970840000,0.32812,0.32816,0.32455,0.3275,7885,25795.2476
1784970900000,0.32762,0.32795,0.32634,0.32677,2345,7665.7302
1784970960000,0.32673,0.32751,0.3265,0.32728,5894,19264.7348
1784971020000,0.32708,0.32758,0.32702,0.32703,4399,14388.4722
1784971080000,0.32693,0.32747,0.32633,0.32637,8011,26178.9228
1784971140000,0.3265,0.32666,0.32585,0.32666,8035,26186.5003
1784971200000,0.32667,0.32706,0.32541,0.32589,8974,29251.0609
1784971260000,0.32595,0.32672,0.32559,0.32585,4484,14621.4724
1784971320000,0.32594,0.32645,0.32466,0.32612,5970,19449.9464
1784971380000,0.32618,0.32618,0.32465,0.32465,490,1593.9777
1784971440000,0.32469,0.32562,0.32385,0.32533,3149,10211.4408
1784971500000,0.32498,0.32536,0.32435,0.32502,2850,9265.9523
1784971560000,0.32465,0.3249,0.32337,0.32337,1184,3840.8212
1784971620000,0.323,0.32457,0.32222,0.32328,7804,25237.4393
1784971680000,0.32296,0.32312,0.32222,0.32289,5024,16204.2913
1784971740000,0.32291,0.32378,0.32291,0.32324,412,1332.0505
1784971800000,0.32327,0.32327,0.32279,0.32279,111,358.3875
1784971860000,0.32275,0.32381,0.32254,0.32381,177,571.6878
1784971920000,0.32395,0.32428,0.32306,0.32414,331,1071.3414
1784971980000,0.32428,0.32604,0.324,0.3257,1029,3347.48
1784972040000,0.32536,0.32536,0.3247,0.32501,114,370.706
1784972100000,0.3249,0.3249,0.32303,0.32303,5278,17071.6796
1784972160000,0.32319,0.32403,0.3227,0.32385,1456,4707.6054
1784972220000,0.32385,0.32388,0.3209,0.3229,16829,54227.8453
1784972280000,0.32317,0.32589,0.32316,0.32586,5789,18818.5988
1784972340000,0.32588,0.32637,0.32495,0.32525,5084,16550.9011
1784972400000,0.3251,0.32649,0.32494,0.32626,1350,4397.7128
1784972460000,0.3258,0.3258,0.32474,0.32478,787,2560.0668
1784972520000,0.3249,0.3249,0.32399,0.32401,1082,3506.8573
1784972580000,0.32391,0.32398,0.32343,0.32364,840,2718.6631
1784972640000,0.3235,0.32413,0.32305,0.32376,270,873.5011
1784972700000,0.32442,0.32469,0.32405,0.32405,261,847.0049
1784972760000,0.32348,0.32389,0.32348,0.32375,6539,21176.0441
1784972820000,0.32428,0.32488,0.32428,0.32463,247,801.9931
1784972880000,0.32591,0.32606,0.32541,0.32541,33,107.5693
1784972940000,0.32589,0.32589,0.32519,0.32519,349,1136.4674
1784973000000,0.32564,0.32586,0.32531,0.32586,954,3106.0234
1784973060000,0.32561,0.32561,0.32449,0.32514,3539,11506.4719
1784973120000,0.32493,0.32493,0.32384,0.32384,262,850.2422
1784973180000,0.32434,0.32438,0.32237,0.32246,1380,4454.9697
1784973240000,0.32246,0.32264,0.32158,0.32221,4297,13847.4129
1784973300000,0.32235,0.32344,0.32235,0.32331,1431,4621.3852
1784973360000,0.32323,0.32557,0.32272,0.32447,2872,9293.7426
1784973420000,0.32459,0.32479,0.32419,0.32419,1898,6160.0696
1784973480000,0.32445,0.32445,0.32371,0.32406,1015,3289.03
1784973540000,0.32412,0.32478,0.32404,0.32428,897,2908.5202
1784973600000,0.32424,0.32677,0.32424,0.32677,4446,14488.9809
1784973660000,0.32675,0.32888,0.32653,0.32794,10269,33703.8449
1784973720000,0.32794,0.32815,0.32536,0.3259,2934,9562.9782
1784973780000,0.32585,0.3277,0.32585,0.32754,3129,10235.0356
1784973840000,0.32759,0.32955,0.32755,0.3284,13189,43367.4178
1784973900000,0.3283,0.32918,0.32822,0.32899,4917,16166.2878
1784973960000,0.32923,0.33169,0.32833,0.32844,17348,57142.8831
1784974020000,0.32837,0.3285,0.32777,0.32817,3541,11621.4778
1784974080000,0.32885,0.32911,0.32834,0.32878,1910,6280.0486
1784974140000,0.32879,0.32879,0.32699,0.32736,956,3132.5258
1784974200000,0.32742,0.32748,0.32664,0.32748,322,1052.5483
1784974260000,0.32744,0.32899,0.32744,0.32811,1157,3799.5122
1784974320000,0.32835,0.3294,0.32835,0.32932,470,1547.2988
1784974380000,0.3295,0.32955,0.32916,0.32946,147,484.2948
1784974440000,0.32945,0.32945,0.3289,0.32899,179,589.0836
1784974500000,0.32962,0.33042,0.32962,0.32991,2797,9236.3293
1784974560000,0.32993,0.33008,0.32964,0.32997,1208,3984.9988
1784974620000,0.3297,0.32991,0.329,0.329,160,527.5691
1784974680000,0.32962,0.33061,0.3292,0.33014,7454,24587.4681
1784974740000,0.33023,0.33027,0.32887,0.32888,3798,12503.065
1784974800000,0.32894,0.32894,0.32769,0.32776,3837,12601.9201
1784974860000,0.3279,0.32855,0.32742,0.32806,3290,10787.0924
1784974920000,0.32818,0.32871,0.32817,0.32817,846,2779.1746
1784974980000,0.3288,0.33101,0.3288,0.33053,4479,14817.3661
1784975040000,0.33091,0.33091,0.33038,0.33061,207,684.5269
1784975100000,0.33037,0.33166,0.32952,0.3299,36817,121687.2521
1784975160000,0.32992,0.33051,0.32985,0.33004,5865,19369.6541
1784975220000,0.33004,0.33038,0.3298,0.33025,2055,6784.9096
1784975280000,0.33038,0.33044,0.32966,0.32966,479,1580.9539
1784975340000,0.32963,0.33026,0.32921,0.32984,2331,7681.4518
1784975400000,0.3299,0.3307,0.32941,0.3307,2492,8223.1759
1784975460000,0.33034,0.3305,0.32978,0.33031,794,2620.1337
1784975520000,0.33,0.33125,0.33,0.33088,655,2167.2771
1784975580000,0.33099,0.33218,0.33099,0.33194,13333,44204.1244
1784975640000,0.33203,0.3333,0.33184,0.3333,4465,14842.8363
1784975700000,0.3333,0.33437,0.33225,0.33312,45136,150421.7851
1784975760000,0.33309,0.33361,0.33216,0.3328,4376,14562.1928
1784975820000,0.33279,0.33305,0.33199,0.33211,3179,10577.7383
1784975880000,0.33206,0.33343,0.33206,0.3332,2879,9584.1637
1784975940000,0.33333,0.33334,0.33271,0.33282,906,3017.4364
1784976000000,0.3324,0.33294,0.3324,0.33269,424,1410.432
1784976060000,0.33216,0.33236,0.33,0.33077,2450,8109.0049
1784976120000,0.33023,0.3304,0.32951,0.32951,6934,22882.021
1784976180000,0.32959,0.32969,0.32799,0.32799,1927,6337.7871
1784976240000,0.32815,0.32859,0.32815,0.32841,488,1602.1083
1784976300000,0.32843,0.32926,0.32837,0.32909,1210,3980.6244
1784976360000,0.32922,0.3297,0.32859,0.32859,865,2847.7264
1784976420000,0.32835,0.32881,0.32787,0.32881,885,2903.5241
1784976480000,0.32873,0.32893,0.32794,0.32794,2622,8612.9082
1784976540000,0.32826,0.32849,0.32826,0.32849,182,597.6343
1784976600000,0.32842,0.32843,0.32722,0.32748,27221,89265.5785
1784976660000,0.32759,0.32766,0.32632,0.32746,1145,3744.6426
1784976720000,0.32738,0.32738,0.32533,0.3257,3079,10025.823
1784976780000,0.3257,0.3257,0.32472,0.32526,4294,13961.8165
1784976840000,0.32599,0.32651,0.32509,0.32629,12525,40851.335
1784976900000,0.32615,0.32617,0.32548,0.32617,4648,15146.1514
1784976960000,0.32627,0.32659,0.32595,0.32659,2209,7208.9264
1784977020000,0.32673,0.32894,0.32661,0.32894,2967,9707.7301
1784977080000,0.32853,0.32853,0.32741,0.32759,829,2716.2104
1784977140000,0.32781,0.32787,0.32688,0.32714,199,651.6367
1784977200000,0.32731,0.32925,0.32663,0.3279,2295,7515.1662
1784977260000,0.3279,0.32867,0.32788,0.32788,2026,6651.4701
1784977320000,0.32771,0.32909,0.32771,0.32909,791,2598.8897
1784977380000,0.32896,0.32899,0.32896,0.32899,61,200.6776
1784977440000,0.32867,0.33,0.32865,0.32999,859,2830.1271
1784977500000,0.32998,0.33,0.32941,0.32941,313,1032.5273
1784977560000,0.32938,0.32938,0.327,0.32932,2113,6937.0113
1784995620000,0.306,0.30806,0.30262,0.30794,4159,12728.152
1784995680000,0.30837,0.30837,0.30563,0.30705,2394,7344.2485
1784995740000,0.3068,0.30766,0.30356,0.30744,1048,3202.1892
1784995800000,0.30729,0.30729,0.29696,0.30536,12758,38465.6662
1784995860000,0.30546,0.30589,0.30173,0.3057,7333,22261.1544
1784995920000,0.30568,0.31968,0.30564,0.31938,31379,97905.4316
1784995980000,0.31924,0.31924,0.31524,0.31581,6525,20717.0988
1784996040000,0.31607,0.32704,0.31607,0.32331,33236,107011.5678
1784996100000,0.32479,0.33686,0.32174,0.33224,27850,92174.3006
1784996160000,0.33142,0.34339,0.33019,0.33635,46487,157740.8899
1784996220000,0.33635,0.34084,0.33578,0.33944,11900,40359.5574
1784996280000,0.33927,0.34069,0.33513,0.33993,5658,19103.8389
1784996340000,0.34009,0.34142,0.33822,0.33976,3818,12966.2426
1784996400000,0.33993,0.34417,0.3385,0.34116,8312,28364.8556
1784996460000,0.34115,0.34861,0.34032,0.34392,13689,47065.2152
1784996520000,0.34359,0.345,0.3419,0.34329,5462,18772.1272
1784996580000,0.34262,0.3444,0.34088,0.34323,2119,7273.6289
1784996640000,0.34338,0.34617,0.34261,0.34559,5970,20505.6176
1784996700000,0.34591,0.34972,0.3451,0.34746,11616,40306.1877
1784996760000,0.34705,0.34861,0.3442,0.34861,2896,10024.3677
1784996820000,0.34889,0.34999,0.34234,0.34312,10282,35668.7289
1784996880000,0.34313,0.34397,0.33878,0.34072,7727,26401.9835
1784996940000,0.34091,0.34523,0.34091,0.3428,3350,11507.9582
1784997000000,0.343,0.34728,0.343,0.34636,4897,16866.451
1784997060000,0.34623,0.34772,0.34391,0.34484,7672,26467.6819
1784997120000,0.34486,0.34517,0.34281,0.34348,782,2689.7326
1784997180000,0.34384,0.34509,0.34318,0.34443,710,2444.6061
1784997240000,0.34439,0.34712,0.34336,0.34697,1163,4021.3681
1784997300000,0.34705,0.34915,0.34596,0.34661,6682,23238.3913
1784997360000,0.34578,0.3478,0.34473,0.34751,6485,22437.1112
1784997420000,0.34771,0.34822,0.34671,0.34803,885,3075.2135
1784997480000,0.34818,0.34929,0.34674,0.34861,1314,4579.589
1784997540000,0.34813,0.35,0.3474,0.3474,1610,5617.7503
1784997600000,0.34805,0.34907,0.34559,0.34843,4767,16572.4769
1784997660000,0.34856,0.34905,0.34766,0.34791,1887,6574.5023
1784997720000,0.34791,0.34891,0.34698,0.34815,3058,10646.423
1784997780000,0.34811,0.34894,0.34735,0.34748,765,2663.3893
1784997840000,0.34727,0.34748,0.34347,0.34545,6032,20785.9963
1784997900000,0.34506,0.34915,0.34453,0.34823,2531,8774.781
1784997960000,0.3482,0.34876,0.34715,0.34722,958,3331.2593
1784998020000,0.34748,0.35924,0.34735,0.35313,38639,136664.2367
1784998080000,0.35313,0.35702,0.3521,0.35464,4481,15881.4983
1784998140000,0.35458,0.35494,0.35076,0.35151,5634,19860.7387
1784998200000,0.3513,0.35473,0.3513,0.35436,5160,18241.6651
1784998260000,0.35484,0.35814,0.35473,0.35586,3814,13591.2745
1784998320000,0.35571,0.35571,0.35338,0.35465,959,3397.6686
1784998380000,0.35495,0.35625,0.3529,0.3556,26041,92452.1748
1784998440000,0.35585,0.35587,0.35473,0.35587,15190,53933.3623
1784998500000,0.35635,0.35691,0.35448,0.35494,2925,10413.1228
1784998560000,0.35466,0.359,0.35466,0.35897,7641,27271.2174
1784998620000,0.35838,0.35929,0.35793,0.35914,4761,17071.361
1784998680000,0.35859,0.35862,0.3569,0.35732,2147,7670.3677
1784998740000,0.35762,0.35871,0.35709,0.35709,1968,7044.4229
1784998800000,0.35741,0.358,0.35383,0.35488,6571,23355.3481
1784998860000,0.35559,0.35698,0.352,0.35211,16038,56993.6452
1784998920000,0.35244,0.35244,0.34799,0.3502,10241,35828.5333
1784998980000,0.35007,0.35027,0.34655,0.34777,4232,14776.8063
1784999040000,0.3482,0.34876,0.34725,0.34876,1765,6146.1686
1784999100000,0.34982,0.35362,0.34982,0.35152,7358,25909.011
1784999160000,0.3514,0.35421,0.3514,0.35372,1864,6592.2217
1784999220000,0.35387,0.35387,0.34862,0.35009,12092,42337.1912
1784999280000,0.35033,0.35151,0.34835,0.34837,5545,19454.3987
1784999340000,0.34812,0.34877,0.34515,0.34733,5186,18009.6095
1784999400000,0.34715,0.35394,0.34708,0.35267,7168,25137.0942
1784999460000,0.35294,0.35342,0.34996,0.34996,2225,7826.46
1784999520000,0.34961,0.35075,0.34657,0.35047,2485,8656.1257
1784999580000,0.35033,0.35051,0.34796,0.34797,1111,3877.2372
1784999640000,0.34845,0.3491,0.34845,0.34874,89,310.3598
1784999700000,0.34806,0.34806,0.34,0.34363,5345,18361.4477
1784999760000,0.34342,0.34626,0.34241,0.34607,1180,4051.557
1784999820000,0.34548,0.34548,0.34289,0.34475,1064,3658.3059
1784999880000,0.34515,0.34571,0.34381,0.34467,443,1528.1832
1784999940000,0.34514,0.3462,0.34428,0.3451,488,1685.0261
1785000000000,0.34505,0.34986,0.34467,0.345,895,3106.4637
1785000060000,0.346,0.34802,0.346,0.34625,2706,9399.7786
1785000120000,0.34626,0.34724,0.34612,0.34724,1772,6136.2992
1785000180000,0.34764,0.35175,0.34764,0.35116,2026,7095.7391
1785000240000,0.35126,0.35169,0.35043,0.35114,591,2075.5888
1785000300000,0.35133,0.35362,0.35109,0.35299,3075,10852.6911
1785000360000,0.35278,0.35278,0.35053,0.35212,2993,10535.5882
1785000420000,0.35173,0.35197,0.35,0.35084,585,2054.5226
1785000480000,0.35086,0.35121,0.35017,0.35017,335,1175.2987
1785000540000,0.34949,0.3506,0.34549,0.34711,10330,35782.9689
1785000600000,0.34711,0.34732,0.34336,0.34572,4248,14641.883
1785000660000,0.34566,0.34668,0.34388,0.34668,757,2612.8669
1785000720000,0.34724,0.34918,0.34696,0.34814,5280,18352.0336
1785000780000,0.34834,0.35027,0.34834,0.34964,891,3116.3824
1785000840000,0.35,0.35043,0.34781,0.34781,949,3307.2585
1785000900000,0.34828,0.34885,0.34482,0.34482,1346,4663.1144
1785000960000,0.3458,0.34811,0.3458,0.34794,336,1169.2955
1785001020000,0.34598,0.34598,0.34498,0.34506,258,890.7304
1785001080000,0.34484,0.3458,0.34389,0.34542,4252,14673.5774
1785001140000,0.34528,0.34554,0.34368,0.34554,1307,4503.2609
1785001200000,0.34515,0.34626,0.34474,0.34474,57,196.8202
1785001260000,0.34594,0.34613,0.34521,0.34521,132,456.2056
1785001320000,0.34552,0.34692,0.34468,0.34471,532,1839.8005
1785001380000,0.34417,0.34418,0.34194,0.34266,998,3421.3637
1785001440000,0.34248,0.34266,0.3415,0.34266,1195,4089.9077
1785001500000,0.34324,0.34549,0.34324,0.34548,2413,8317.8492
1785001560000,0.34573,0.34615,0.34469,0.34609,1235,4271.0333
1785001620000,0.34661,0.34697,0.34378,0.34422,413,1425.7452
1785001680000,0.34429,0.34429,0.34332,0.34392,9202,31647.7145
1785001740000,0.34495,0.34502,0.34418,0.34418,112,386.1056
1785001800000,0.34469,0.34527,0.34348,0.34348,489,1681.637
1785001860000,0.34363,0.34411,0.34243,0.3431,526,1803.7353
1785001920000,0.34259,0.34266,0.3405,0.34172,1011,3455.9446
1785001980000,0.34184,0.34317,0.34184,0.34317,566,1937.1213
1785002040000,0.34342,0.34414,0.34229,0.34414,373,1280.4835
1785002100000,0.34461,0.34597,0.34328,0.34382,2334,8056.0169
1785002160000,0.34442,0.34442,0.3438,0.34395,2149,7388.5221
1785002220000,0.34335,0.34652,0.34335,0.34602,6688,23116.3968
1785002280000,0.34588,0.34924,0.34583,0.34775,18969,65991.5308
1785002340000,0.34767,0.35112,0.3476,0.34984,6557,22915.0241
1785002400000,0.34959,0.35079,0.3479,0.34858,4692,16370.2083
1785002460000,0.34885,0.349,0.34706,0.34706,584,2033.0709
1785002520000,0.34707,0.34744,0.34587,0.34632,1329,4605.4253
1785002580000,0.34604,0.34604,0.34361,0.34459,4584,15796.4348
1785002640000,0.34454,0.34682,0.34454,0.34607,731,2530.3861
1785002700000,0.34621,0.34894,0.34608,0.34893,9985,34740.3138
1785002760000,0.34863,0.34863,0.3456,0.3464,3066,10648.1881
1785002820000,0.34653,0.34679,0.34503,0.34569,2067,7139.815
1785002880000,0.34571,0.34707,0.34571,0.34584,1240,4292.5697
1785002940000,0.34607,0.34683,0.34596,0.34596,240,831.1457
1785003000000,0.34605,0.34605,0.34501,0.34506,527,1819.0839
1785003060000,0.34498,0.3452,0.34358,0.34364,1758,6045.5315
1785003120000,0.34354,0.34496,0.34293,0.34358,9742,33477.0307
1785003180000,0.34351,0.34351,0.34161,0.34286,1138,3896.7386
1785003240000,0.34279,0.34317,0.34214,0.34263,1513,5186.3445
1785003300000,0.34212,0.34313,0.34152,0.34289,709,2422.633
1785003360000,0.34246,0.34437,0.34194,0.34437,3469,11881.672
1785003420000,0.34422,0.34478,0.34331,0.34411,3405,11722.4605
1785003480000,0.34415,0.34439,0.34365,0.34439,85,292.4884
1785003540000,0.34496,0.34723,0.34496,0.34645,425,1471.1324
1785003600000,0.34601,0.34601,0.34464,0.34504,71,244.8381
1785003660000,0.34587,0.34723,0.34461,0.34539,413,1427.151
1785003720000,0.34588,0.34588,0.34478,0.34507,225,776.7758
1785003780000,0.34565,0.34638,0.34477,0.34477,221,764.0287
1785003840000,0.34511,0.34622,0.34507,0.34606,1111,3842.9516
1785003900000,0.3462,0.34746,0.34598,0.3467,1018,3529.1078
1785003960000,0.34669,0.34684,0.34529,0.34529,222,767.7193
1785004020000,0.34567,0.34567,0.34498,0.34498,118,407.2181
1785004080000,0.34496,0.34496,0.3444,0.3444,327,1127.6124
1785004140000,0.34445,0.34689,0.34445,0.34674,239,826.7436
1785004200000,0.34655,0.34736,0.34632,0.34735,491,1704.1075
1785004260000,0.3474,0.34753,0.34565,0.34566,146,505.8844
1785004320000,0.34607,0.34648,0.34607,0.34621,89,308.1386
1785004380000,0.3473,0.34835,0.34689,0.34745,2967,10324.6541
1785004440000,0.34771,0.34781,0.34581,0.34608,1208,4189.3071
1785004500000,0.34555,0.34562,0.34404,0.34493,5279,18201.2642
1785004560000,0.34503,0.34626,0.345,0.34521,451,1558.841
1785004620000,0.34458,0.34473,0.34353,0.34452,3557,12236.0064
1785004680000,0.34352,0.34583,0.34339,0.34485,396,1365.7549
1785004740000,0.34484,0.34519,0.34458,0.34487,823,2838.5725
1785004800000,0.34492,0.34551,0.34431,0.34551,558,1923.5245
1785004860000,0.34534,0.34562,0.34534,0.34553,108,373.0979
1785004920000,0.34423,0.34506,0.34423,0.34464,317,1092.2729
1785004980000,0.34494,0.34594,0.34494,0.34556,466,1610.4276
1785005040000,0.34566,0.34656,0.34566,0.34613,952,3295.9882
1785005100000,0.34598,0.34659,0.34561,0.34659,409,1414.7674
1785005160000,0.34666,0.34761,0.34643,0.34753,5536,19203.367
1785005220000,0.34765,0.34783,0.34641,0.34665,356,1236.019
1785005280000,0.34669,0.34672,0.34582,0.34582,252,873.0788
1785005340000,0.3466,0.34665,0.34656,0.34665,30,103.9908
1785005400000,0.34664,0.34668,0.34571,0.34609,128,443.0012
1785005460000,0.34633,0.34653,0.34589,0.34589,208,720.05
1785005520000,0.34498,0.34672,0.34498,0.34672,69,238.6335
1785005580000,0.34582,0.34583,0.34564,0.34567,180,622.3442
1785005640000,0.34567,0.34604,0.34492,0.34576,7919,27372.1137
1785005700000,0.34578,0.34648,0.34555,0.34555,1121,3878.7369
1785005760000,0.34562,0.34689,0.34543,0.34635,3622,12549.7816
1785005820000,0.34646,0.35111,0.34629,0.34847,2570,8966.4176
1785005880000,0.34879,0.34879,0.34743,0.34783,216,752.0433
1785005940000,0.34702,0.34702,0.34527,0.3461,485,1679.4853
1785006000000,0.34608,0.34671,0.34586,0.34662,584,2022.3169
1785006060000,0.34633,0.34633,0.34393,0.34526,2555,8837.9014
1785006120000,0.34527,0.34569,0.34416,0.34531,2192,7562.9651
1785006180000,0.34493,0.34493,0.3446,0.34464,674,2323.8824
1785006240000,0.3445,0.34473,0.34397,0.34414,707,2433.8578
1785006300000,0.34413,0.34464,0.34201,0.34414,5602,19238.6624
1785006360000,0.34398,0.34495,0.34268,0.34308,1768,6079.3009
1785006420000,0.34314,0.34745,0.3389,0.34542,11460,39553.3785
1785006480000,0.34524,0.34532,0.34266,0.34335,5059,17429.1423
1785006540000,0.34327,0.34448,0.34313,0.3443,793,2727.1523
1785006600000,0.34413,0.34413,0.34121,0.34274,8415,28781.1351
1785006660000,0.34248,0.34257,0.34164,0.34197,944,3229.4085
1785006720000,0.34174,0.34306,0.34123,0.34303,3886,13292.7858
1785006780000,0.34294,0.34294,0.34168,0.34174,392,1340.7701
1785006840000,0.34185,0.34185,0.34078,0.34078,778,2653.6285
1785006900000,0.34104,0.34131,0.33433,0.3366,30967,104325.7582
1785006960000,0.33619,0.33624,0.33408,0.33544,11216,37604.414
1785007020000,0.33514,0.33782,0.33489,0.33753,1756,5905.6553
1785007080000,0.3379,0.3393,0.33685,0.33839,4143,14018.9716
1785007140000,0.3381,0.3402,0.3381,0.339,3900,13241.4132
1785007200000,0.33881,0.34437,0.33878,0.34252,9762,33469.3405
1785007260000,0.34252,0.3426,0.33997,0.34142,5047,17224.5909
1785007320000,0.34139,0.34383,0.34067,0.3408,6470,22198.6602
1785007380000,0.34113,0.34163,0.34014,0.34094,497,1693.6104
1785007440000,0.34074,0.34074,0.33957,0.33961,463,1572.6539
1785007500000,0.33952,0.33974,0.33824,0.33939,422,1431.1182
1785007560000,0.33938,0.33946,0.33852,0.33852,1622,5501.8974
1785025620000,0.35596,0.35656,0.35596,0.35652,123,438.0999
1785025680000,0.35767,0.35947,0.35731,0.35809,1358,4865.3198
1785025740000,0.3581,0.3581,0.35626,0.35663,153,546.2444
1785025800000,0.35679,0.35696,0.35505,0.35505,200,711.8743
1785025860000,0.35507,0.35823,0.35507,0.35728,2400,8580.3953
1785025920000,0.35711,0.35765,0.35681,0.3572,1518,5423.7291
1785025980000,0.35765,0.365,0.35474,0.35488,21124,75593.748
1785026040000,0.35497,0.35611,0.35398,0.35398,3675,13045.8336
1785026100000,0.35418,0.35454,0.35313,0.35361,794,2808.7781
1785026160000,0.35361,0.35473,0.35282,0.35366,420,1485.8936
1785026220000,0.3537,0.35537,0.3537,0.35422,316,1120.9448
1785026280000,0.35466,0.3551,0.35425,0.35467,694,2461.0206
1785026340000,0.35457,0.35464,0.35242,0.35364,804,2844.5675
1785026400000,0.35357,0.35357,0.352,0.35226,1866,6574.3187
1785026460000,0.3528,0.35432,0.3528,0.35357,1011,3576.8976
1785026520000,0.35367,0.35416,0.35346,0.35408,171,605.1467
1785026580000,0.35397,0.35481,0.3531,0.35323,649,2299.1694
1785026640000,0.35345,0.35434,0.35317,0.35366,3655,12922.1252
1785026700000,0.35365,0.35967,0.35365,0.35963,1281,4566.7688
1785026760000,0.35893,0.36063,0.35746,0.358,1205,4328.2075
1785026820000,0.35797,0.35977,0.35797,0.359,5730,20571.4384
1785026880000,0.35904,0.36227,0.35904,0.36203,992,3587.5126
1785026940000,0.36202,0.36357,0.36112,0.362,838,3033.2524
1785027000000,0.36223,0.36487,0.36189,0.36201,9550,34731.0401
1785027060000,0.36202,0.36371,0.36183,0.36322,1832,6653.637
1785027120000,0.36309,0.36344,0.36077,0.36119,1529,5528.118
1785027180000,0.36104,0.36318,0.36047,0.36241,1394,5048.6158
1785027240000,0.36275,0.36666,0.36275,0.36414,2306,8423.0712
1785027300000,0.36427,0.36521,0.36386,0.36432,863,3148.6404
1785027360000,0.36395,0.36997,0.36347,0.36417,28222,103518.5694
1785027420000,0.36412,0.36446,0.36236,0.36357,9458,34399.9413
1785027480000,0.36373,0.36636,0.36373,0.36514,5772,21099.0291
1785027540000,0.3648,0.3652,0.36364,0.36443,1730,6306.9393
1785027600000,0.36349,0.36366,0.36184,0.36211,2121,7688.4605
1785027660000,0.36192,0.36209,0.35917,0.35989,4103,14778.3463
1785027720000,0.36027,0.36464,0.36027,0.36464,1946,7053.2096
1785027780000,0.36427,0.36531,0.36319,0.36376,653,2381.9271
1785027840000,0.36398,0.36623,0.36398,0.36623,920,3362.7691
1785027900000,0.36649,0.36959,0.36617,0.36793,783,2881.0015
1785027960000,0.36827,0.37061,0.36778,0.36872,5522,20411.114
1785028020000,0.36833,0.36962,0.36813,0.3685,2506,9241.86
1785028080000,0.36821,0.37036,0.36821,0.36944,6125,22585.7056
1785028140000,0.36887,0.37038,0.3681,0.37037,468,1729.6788
1785028200000,0.37051,0.37052,0.36954,0.36987,1589,5874.5669
1785028260000,0.36988,0.37043,0.36913,0.37024,2392,8844.4752
1785028320000,0.3698,0.37096,0.36917,0.37041,776,2872.4297
1785028380000,0.37007,0.378,0.3692,0.37553,9386,35036.125
1785028440000,0.37564,0.3779,0.37446,0.37544,7406,27844.6756
1785028500000,0.37535,0.37712,0.37235,0.3725,3826,14317.4405
1785028560000,0.37255,0.3744,0.3716,0.37422,3741,13954.4616
1785028620000,0.37375,0.37547,0.37,0.37091,27540,102159.7474
1785028680000,0.37063,0.37109,0.36868,0.36936,5227,19358.5031
1785028740000,0.36966,0.37033,0.36731,0.36809,3909,14397.0211
1785028800000,0.36856,0.37099,0.36817,0.36817,1714,6341.379
1785028860000,0.36816,0.36858,0.36625,0.36653,3729,13710.8616
1785028920000,0.36719,0.36831,0.36673,0.36831,673,2473.4103
1785028980000,0.3686,0.37275,0.36839,0.37239,954,3535.0959
1785029040000,0.37214,0.37463,0.37214,0.37359,1156,4314.0506
1785029100000,0.37361,0.37422,0.37138,0.37227,1509,5633.3284
1785029160000,0.37238,0.37257,0.36902,0.36921,2324,8617.424
1785029220000,0.36907,0.37087,0.36769,0.37027,1379,5089.6765
1785029280000,0.36995,0.37091,0.36935,0.37021,3743,13862.7597
1785029340000,0.37029,0.37268,0.36932,0.3712,721,2679.9959
1785029400000,0.36991,0.36991,0.366,0.36788,3370,12386.7288
1785029460000,0.36769,0.36884,0.36685,0.36844,1836,6760.123
1785029520000,0.36843,0.37335,0.36843,0.37019,28365,105372.3601
1785029580000,0.37012,0.37042,0.368,0.36958,6733,24875.0284
1785029640000,0.36961,0.37078,0.36936,0.36936,7649,28329.9836
1785029700000,0.36936,0.3706,0.36866,0.36991,1059,3911.8834
1785029760000,0.36946,0.36946,0.36721,0.36721,1180,4346.3522
1785029820000,0.36728,0.36763,0.36567,0.36567,2270,8317.6857
1785029880000,0.36554,0.36875,0.3655,0.36721,2335,8560.866
1785029940000,0.36798,0.36906,0.36798,0.36886,393,1449.0268
1785030000000,0.36924,0.36924,0.36707,0.36858,922,3395.9186
1785030060000,0.36869,0.36957,0.36849,0.36849,653,2409.9985
1785030120000,0.36926,0.37223,0.36926,0.37149,903,3353.7555
1785030180000,0.37156,0.37372,0.37153,0.37223,2238,8341.3069
1785030240000,0.37193,0.37199,0.3705,0.37199,1538,5712.0617
1785030300000,0.372,0.372,0.36849,0.37013,1609,5958.6393
1785030360000,0.37047,0.37075,0.36947,0.36976,1879,6953.1386
1785030420000,0.36947,0.37051,0.36947,0.37051,627,2319.7185
1785030480000,0.37055,0.37322,0.37055,0.37184,708,2634.2375
1785030540000,0.37129,0.37724,0.37129,0.37543,10728,40359.1144
1785030600000,0.3756,0.38017,0.37554,0.37894,14311,54138.816
1785030660000,0.37977,0.38385,0.37769,0.38064,16677,63604.6461
1785030720000,0.38085,0.38636,0.37934,0.38508,46897,180024.6719
1785030780000,0.38484,0.38619,0.38146,0.38168,5204,19968.4837
1785030840000,0.38146,0.38393,0.37968,0.3802,3324,12693.7281
1785030900000,0.381,0.38779,0.381,0.38489,11128,42879.9622
1785030960000,0.38475,0.38612,0.38419,0.38489,3124,12032.9797
1785031020000,0.3848,0.38516,0.38116,0.38198,739,2827.9962
1785031080000,0.38171,0.38422,0.38168,0.38353,674,2581.6865
1785031140000,0.38309,0.3862,0.38309,0.38515,1328,5116.2504
1785031200000,0.38605,0.38641,0.38416,0.3849,1297,4998.042
1785031260000,0.38483,0.38511,0.38143,0.38177,4333,16577.4611
1785031320000,0.38168,0.3831,0.38108,0.38176,2527,9649.529
1785031380000,0.38187,0.38187,0.37819,0.37948,2266,8606.6794
1785031440000,0.37928,0.38086,0.37778,0.38047,2260,8587.9814
1785031500000,0.38067,0.38067,0.37651,0.37883,3750,14204.6376
1785031560000,0.37936,0.37951,0.3751,0.3751,1889,7118.6202
1785031620000,0.3751,0.37621,0.3718,0.37586,4140,15476.2899
1785031680000,0.37547,0.37729,0.37533,0.37642,1819,6841.4105
1785031740000,0.37682,0.3785,0.37653,0.37739,4628,17490.7228
1785031800000,0.37757,0.37867,0.37401,0.37407,823,3091.16
1785031860000,0.37425,0.37553,0.37249,0.3743,2778,10404.3348
1785031920000,0.37456,0.37682,0.37418,0.37506,747,2803.1844
1785031980000,0.37502,0.37545,0.37351,0.37474,1508,5650.8807
1785032040000,0.37427,0.37443,0.37147,0.37178,1335,4976.544
1785032100000,0.37256,0.37317,0.36691,0.36747,1671,6172.7044
1785032160000,0.36758,0.36758,0.36217,0.36473,28232,102597.8473
1785032220000,0.36432,0.36602,0.36233,0.36233,5993,21857.1653
1785032280000,0.36212,0.3636,0.35941,0.36228,4052,14646.3271
1785032340000,0.36324,0.36407,0.36097,0.36147,5558,20119.6455
1785032400000,0.36063,0.36495,0.36058,0.36391,4588,16667.4633
1785032460000,0.36373,0.36394,0.36051,0.36304,411,1489.1993
1785032520000,0.36408,0.36672,0.36304,0.3658,2951,10804.643
1785032580000,0.3658,0.36817,0.36564,0.36752,982,3605.0784
1785032640000,0.36773,0.36773,0.36624,0.3666,1748,6409.4576
1785032700000,0.36616,0.36682,0.36391,0.36509,2832,10360.4001
1785032760000,0.36549,0.36566,0.36368,0.36444,741,2699.0473
1785032820000,0.36497,0.3671,0.36497,0.36651,693,2540.6593
1785032880000,0.3666,0.3666,0.36444,0.36485,260,949.3336
1785032940000,0.36439,0.36439,0.36262,0.36382,1979,7195.8403
1785033000000,0.36476,0.36604,0.36476,0.36588,413,1509.8778
1785033060000,0.36533,0.36578,0.36533,0.36578,51,186.4769
1785033120000,0.36547,0.36547,0.364,0.36539,97,353.5251
1785033180000,0.36562,0.36601,0.36477,0.36545,1325,4838.2624
1785033240000,0.36518,0.36672,0.3641,0.36512,786,2873.4461
1785033300000,0.36442,0.36442,0.36398,0.36417,106,386.1333
1785033360000,0.36428,0.36757,0.36428,0.36757,186,681.4752
1785033420000,0.36779,0.36819,0.3671,0.36734,4804,17677.3926
1785033480000,0.36735,0.37125,0.36735,0.37106,1928,7127.0837
1785033540000,0.37025,0.3722,0.37025,0.37103,1040,3866.0443
1785033600000,0.37004,0.3701,0.36794,0.36794,1865,6891.2843
1785033660000,0.36789,0.3688,0.36672,0.36782,1084,3982.3624
1785033720000,0.36782,0.36841,0.36579,0.3673,784,2877.9831
1785033780000,0.36761,0.36924,0.36741,0.36843,2673,9842.7755
1785033840000,0.3685,0.36926,0.36778,0.36778,715,2636.3292
1785033900000,0.36787,0.37028,0.36773,0.36948,243,897.8392
1785033960000,0.36845,0.36865,0.36768,0.36768,631,2321.9424
1785034020000,0.3677,0.3677,0.36559,0.36651,535,1958.6405
1785034080000,0.36656,0.3669,0.36417,0.36417,1243,4547.3986
1785034140000,0.36428,0.36612,0.36428,0.36495,484,1767.3228
1785034200000,0.36524,0.36524,0.35618,0.36056,6768,24334.5385
1785034260000,0.3604,0.36243,0.35864,0.36228,2630,9468.7737
1785034320000,0.36159,0.36519,0.36159,0.36483,1836,6682.5816
1785034380000,0.36463,0.36507,0.3638,0.36493,661,2410.0855
1785034440000,0.3663,0.36712,0.3663,0.3667,162,594.002
1785034500000,0.36736,0.3701,0.36736,0.36859,1159,4277.3707
1785034560000,0.36887,0.36887,0.36621,0.36703,1673,6147.8586
1785034620000,0.36711,0.36927,0.36687,0.36882,2745,10108.0156
1785034680000,0.36921,0.36921,0.36745,0.36752,656,2416.1098
1785034740000,0.36766,0.36766,0.36667,0.36667,39,143.1987
1785034800000,0.36811,0.36855,0.36765,0.36765,42,154.5842
1785034860000,0.36765,0.36813,0.36732,0.36813,147,540.416
1785034920000,0.36793,0.36855,0.36788,0.36855,1399,5149.9969
1785034980000,0.36817,0.36817,0.36517,0.36569,621,2272.0233
1785035040000,0.36484,0.36484,0.3638,0.36469,437,1592.1678
1785035100000,0.36451,0.36786,0.36438,0.36783,151,552.9071
1785035160000,0.36673,0.36673,0.36586,0.3661,142,520.0601
1785035220000,0.36574,0.3669,0.36548,0.36637,4095,14997.672
1785035280000,0.36592,0.36702,0.36536,0.3665,475,1741.1154
1785035340000,0.36576,0.36656,0.36504,0.36656,121,443.2803
1785035400000,0.36647,0.36647,0.36557,0.36557,50,183.1103
1785035460000,0.36595,0.36638,0.36595,0.36638,31,113.5176
1785035520000,0.36818,0.36968,0.36818,0.36968,1569,5782.1029
1785035580000,0.36967,0.37148,0.36928,0.37118,1153,4267.2472
1785035640000,0.37136,0.37487,0.37136,0.37348,373,1394.6961
1785035700000,0.3734,0.37634,0.37266,0.37589,212,793.6974
1785035760000,0.37577,0.37577,0.37347,0.37357,175,655.798
1785035820000,0.37282,0.37363,0.37282,0.37363,21,78.3003
1785035880000,0.37312,0.37312,0.36996,0.36996,461,1715.7155
1785035940000,0.37171,0.37305,0.37151,0.37206,312,1160.7832
1785036000000,0.37214,0.37363,0.37125,0.37363,616,2299.3607
1785036060000,0.37354,0.37354,0.37143,0.37166,996,3710.9235
1785036120000,0.37331,0.37401,0.37193,0.37193,402,1498.2722
1785036180000,0.37201,0.3721,0.37107,0.37154,688,2556.0378
1785036240000,0.37164,0.37267,0.3714,0.37214,1151,4283.63
1785036300000,0.3733,0.3751,0.37286,0.37424,542,2024.0925
1785036360000,0.3745,0.37535,0.37327,0.37327,257,962.2718
1785036420000,0.37347,0.37378,0.37334,0.37334,43,160.581
1785036480000,0.37204,0.37257,0.37204,0.37257,53,197.319
1785036540000,0.37264,0.37324,0.37261,0.37264,38,141.6038
1785036600000,0.37292,0.37395,0.37292,0.37343,79,295.0986
1785036660000,0.37299,0.37299,0.37239,0.37239,139,517.6521
1785036720000,0.37326,0.3738,0.37326,0.37357,30,112.1
1785036780000,0.37256,0.37385,0.3723,0.37385,144,537.5033
1785036840000,0.37385,0.37426,0.37385,0.37426,89,332.9719
1785036900000,0.37415,0.37563,0.37405,0.37473,1448,5426.6092
1785036960000,0.37432,0.37748,0.37432,0.37682,1188,4473.9982
1785037020000,0.37645,0.38028,0.37637,0.37738,4898,18551.9001
1785037080000,0.37738,0.38105,0.37738,0.38091,338,1280.125
1785037140000,0.37988,0.38166,0.37936,0.37936,8638,32877.0118
1785037200000,0.37972,0.38038,0.37972,0.38023,179,680.3908
1785037260000,0.38067,0.38207,0.38052,0.38189,833,3180.1594
1785037320000,0.3817,0.38207,0.37992,0.37992,1752,6672.1501
1785037380000,0.38124,0.38126,0.38065,0.38065,63,240.0672
1785037440000,0.38244,0.38555,0.38228,0.38515,1708,6541.1109
1785037500000,0.38492,0.38685,0.38406,0.38407,5711,22027.5794
1785037560000,0.38457,0.38457,0.38214,0.38276,2207,8457.3556
1785055620000,0.37356,0.37696,0.37356,0.37656,1011,3805.5907
1785055680000,0.37664,0.3775,0.37508,0.37508,2911,10971.5548
1785055740000,0.37525,0.37561,0.37106,0.37266,3890,14505.3066
1785055800000,0.37232,0.37328,0.37232,0.37262,5542,20669.1534
1785055860000,0.37322,0.37373,0.37164,0.37331,2726,10151.9055
1785055920000,0.37341,0.37387,0.37264,0.37333,444,1657.8337
1785055980000,0.37358,0.3749,0.37348,0.37348,2112,7894.5762
1785056040000,0.37314,0.37728,0.37314,0.37458,4564,17120.9924
1785056100000,0.37465,0.37532,0.37439,0.375,1418,5313.8752
1785056160000,0.3751,0.37561,0.37443,0.37555,576,2160.4847
1785056220000,0.37565,0.37604,0.3735,0.3735,842,3150.8291
1785056280000,0.37362,0.3744,0.37248,0.37324,2068,7722.3249
1785056340000,0.37357,0.37366,0.37183,0.37339,384,1431.9437
1785056400000,0.37344,0.37521,0.3732,0.37484,1099,4108.1385
1785056460000,0.37507,0.37531,0.37422,0.37479,1696,6353.7596
1785056520000,0.37469,0.37652,0.37469,0.37612,431,1617.7185
1785056580000,0.37649,0.37854,0.37532,0.37532,3915,14778.7227
1785056640000,0.37484,0.37484,0.3704,0.37123,2499,9321.4587
1785056700000,0.3713,0.37182,0.36855,0.37018,2041,7554.1445
1785056760000,0.3701,0.37121,0.3686,0.36936,3033,11200.7666
1785056820000,0.36937,0.37404,0.36937,0.37312,1296,4829.1845
1785056880000,0.37349,0.3735,0.37131,0.3735,625,2326.8251
1785056940000,0.37318,0.37318,0.37129,0.37138,266,991.1747
1785057000000,0.3738,0.37552,0.3738,0.37507,1825,6845.5245
1785057060000,0.37519,0.37553,0.37469,0.37489,176,660.1831
1785057120000,0.3745,0.37537,0.37419,0.37537,117,438.9971
1785057180000,0.37538,0.37576,0.37436,0.37436,1137,4267.8091
1785057240000,0.37469,0.37673,0.37467,0.37538,1608,6050.2952
1785057300000,0.37534,0.37541,0.37437,0.37472,128,479.7755
1785057360000,0.37429,0.37444,0.37222,0.37358,1714,6409.5636
1785057420000,0.37335,0.37358,0.3731,0.37352,369,1377.6379
1785057480000,0.37343,0.37606,0.37327,0.37573,1101,4126.2454
1785057540000,0.37581,0.37597,0.37539,0.37564,61,229.1472
1785057600000,0.37571,0.37857,0.37571,0.3776,25609,96848.3942
1785057660000,0.3769,0.37836,0.37639,0.37674,370,1396.9073
1785057720000,0.37598,0.37616,0.37458,0.37613,415,1557.0757
1785057780000,0.37678,0.37699,0.37457,0.37592,494,1854.5488
1785057840000,0.37628,0.37731,0.37628,0.37685,209,787.6977
1785057900000,0.37679,0.37785,0.37679,0.37763,27,101.9163
1785057960000,0.37735,0.37866,0.37735,0.37866,5167,19559.311
1785058020000,0.37879,0.38762,0.37879,0.38353,26386,101237.1714
1785058080000,0.38312,0.38329,0.38059,0.38238,2472,9438.2476
1785058140000,0.38225,0.38426,0.38114,0.38183,1915,7319.5626
1785058200000,0.38232,0.38857,0.38232,0.38295,1834,7058.8234
1785058260000,0.38323,0.38472,0.38239,0.38371,1447,5546.4939
1785058320000,0.38384,0.385,0.38381,0.38443,285,1095.307
1785058380000,0.38423,0.38439,0.38207,0.38273,1287,4926.2686
1785058440000,0.38321,0.38351,0.38237,0.38335,4192,16045.9904
1785058500000,0.38299,0.38469,0.38291,0.38376,2667,10235.2833
1785058560000,0.38398,0.38597,0.38374,0.38543,1017,3914.9207
1785058620000,0.38474,0.38474,0.38314,0.38362,783,3003.6768
1785058680000,0.38379,0.38593,0.38379,0.38579,1302,5006.1234
1785058740000,0.38605,0.38615,0.38396,0.38405,1053,4048.5065
1785058800000,0.38396,0.38396,0.38203,0.38233,2629,10053.1421
1785058860000,0.38266,0.38344,0.38239,0.38248,1496,5725.7089
1785058920000,0.38253,0.38394,0.38253,0.38271,387,1483.275
1785058980000,0.38306,0.38311,0.38289,0.38311,20,76.6118
1785059040000,0.38252,0.38284,0.38131,0.38218,412,1573.3527
1785059100000,0.38273,0.38368,0.38193,0.38282,685,2622.8909
1785059160000,0.38303,0.38372,0.38303,0.38315,421,1613.8712
1785059220000,0.38316,0.38319,0.38175,0.38213,1836,7017.0951
1785059280000,0.38203,0.3822,0.38127,0.38138,638,2435.8067
1785059340000,0.38157,0.38188,0.37886,0.38044,1526,5798.9369
1785059400000,0.38058,0.3811,0.3781,0.37814,811,3078.8666
1785059460000,0.37839,0.37891,0.37742,0.37854,3814,14410.1916
1785059520000,0.37856,0.3791,0.37721,0.3773,566,2140.6627
1785059580000,0.37759,0.37788,0.37661,0.37661,1250,4719.7318
1785059640000,0.37669,0.37711,0.376,0.37711,1643,6186.811
1785059700000,0.37733,0.37936,0.37708,0.37904,1475,5585.011
1785059760000,0.37928,0.38006,0.37894,0.37987,1443,5482.1212
1785059820000,0.37963,0.38039,0.37883,0.37986,1699,6453.9933
1785059880000,0.37949,0.38136,0.37949,0.38136,1425,5427.1886
1785059940000,0.38152,0.38537,0.38108,0.38404,1508,5796.0396
1785060000000,0.38459,0.38479,0.38051,0.381,1451,5537.3549
1785060060000,0.38118,0.38268,0.37951,0.38256,3051,11618.4697
1785060120000,0.38284,0.38597,0.38278,0.38551,2630,10112.1622
1785060180000,0.3851,0.38739,0.38496,0.3865,2723,10518.9872
1785060240000,0.38657,0.38709,0.38425,0.38488,5261,20329.0008
1785060300000,0.38498,0.38685,0.38464,0.38662,1076,4152.2262
1785060360000,0.38645,0.38645,0.38547,0.38591,762,2939.4211
1785060420000,0.38565,0.38709,0.38552,0.38552,3831,14817.1616
1785060480000,0.38624,0.38764,0.3858,0.3858,1388,5371.2806
1785060540000,0.38551,0.38578,0.38381,0.38401,588,2263.8324
1785060600000,0.38433,0.3845,0.38135,0.38188,742,2836.5507
1785060660000,0.38158,0.38237,0.38146,0.38218,242,924.1755
1785060720000,0.38375,0.38404,0.38357,0.38357,939,3604.5802
1785060780000,0.38385,0.38452,0.38261,0.38261,226,866.3889
1785060840000,0.38246,0.38291,0.38062,0.38182,1573,6015.3232
1785060900000,0.38194,0.3828,0.38194,0.38259,218,834.0249
1785060960000,0.38221,0.38541,0.38221,0.38531,1066,4102.2994
1785061020000,0.38542,0.38635,0.38446,0.38635,1457,5610.7663
1785061080000,0.38643,0.38665,0.38554,0.3862,368,1420.688
1785061140000,0.38621,0.38715,0.3857,0.3862,402,1551.8086
1785061200000,0.38554,0.38584,0.38475,0.38475,86,331.4558
1785061260000,0.38481,0.38504,0.38262,0.38278,879,3371.3217
1785061320000,0.38255,0.3842,0.38255,0.38372,785,3009.2775
1785061380000,0.38409,0.38717,0.38365,0.3868,601,2317.4296
1785061440000,0.38673,0.38763,0.3855,0.38625,1924,7445.3933
1785061500000,0.386,0.38612,0.38409,0.38499,251,967.2711
1785061560000,0.38463,0.38515,0.384,0.38411,900,3457.1041
1785061620000,0.38444,0.38483,0.38287,0.38287,958,3671.2854
1785061680000,0.38287,0.38519,0.38201,0.3844,746,2862.5442
1785061740000,0.38515,0.38527,0.38461,0.38476,263,1012.3397
1785061800000,0.38552,0.38611,0.38552,0.38608,360,1389.3583
1785061860000,0.38626,0.38888,0.38258,0.38275,5526,21423.6822
1785061920000,0.38267,0.38312,0.38088,0.38141,1519,5799.5153
1785061980000,0.38159,0.38196,0.37884,0.38032,1223,4661.7133
1785062040000,0.38029,0.38057,0.37861,0.37926,1243,4718.6478
1785062100000,0.37926,0.38271,0.37926,0.38119,2857,10899.313
1785062160000,0.38109,0.3827,0.38109,0.3827,402,1535.8475
1785062220000,0.38189,0.38223,0.38051,0.38188,306,1167.4509
1785062280000,0.38212,0.38232,0.38006,0.38049,2187,8331.3185
1785062340000,0.3805,0.38093,0.37969,0.38035,2331,8866.1177
1785062400000,0.38071,0.38204,0.37996,0.38148,1171,4457.681
1785062460000,0.38187,0.38466,0.38162,0.38413,708,2716.0397
1785062520000,0.3842,0.38647,0.38288,0.38288,2107,8105.172
1785062580000,0.3833,0.38349,0.38167,0.38167,1131,4325.094
1785062640000,0.382,0.38377,0.382,0.38377,1136,4349.3305
1785062700000,0.3841,0.38537,0.38292,0.38307,2134,8199.755
1785062760000,0.38307,0.3831,0.38256,0.38291,617,2362.9227
1785062820000,0.38291,0.38316,0.38237,0.38263,868,3321.5333
1785062880000,0.38258,0.38286,0.38161,0.38161,358,1368.0139
1785062940000,0.38153,0.3819,0.38077,0.38143,1121,4272.4263
1785063000000,0.38168,0.38214,0.38109,0.38109,587,2239.3746
1785063060000,0.38069,0.38124,0.37937,0.37943,818,3109.3017
1785063120000,0.3794,0.38053,0.37886,0.38047,1443,5478.4906
1785063180000,0.38024,0.38034,0.37942,0.37972,1601,6080.8121
1785063240000,0.37975,0.38025,0.37974,0.38006,129,490.136
1785063300000,0.38056,0.38062,0.38035,0.38052,96,365.2981
1785063360000,0.38049,0.38065,0.3795,0.38018,98,372.5423
1785063420000,0.38036,0.38045,0.37972,0.37972,362,1376.1753
1785063480000,0.37943,0.37989,0.37919,0.37989,154,584.5686
1785063540000,0.37996,0.38047,0.3798,0.38047,194,737.3642
1785063600000,0.38037,0.38071,0.38014,0.38014,36,136.9676
1785063660000,0.37959,0.38051,0.37954,0.38035,206,782.9482
1785063720000,0.38048,0.3823,0.38018,0.38173,670,2553.7947
1785063780000,0.38145,0.38334,0.3814,0.3825,3529,13494.2917
1785063840000,0.38257,0.38331,0.38143,0.38317,5345,20442.8056
1785063900000,0.3834,0.38346,0.38153,0.38191,431,1650.3151
1785063960000,0.3822,0.38396,0.38208,0.38352,4199,16076.5293
1785064020000,0.38376,0.38394,0.38248,0.38289,111,425.3322
1785064080000,0.38337,0.38383,0.3829,0.3829,301,1154.5068
1785064140000,0.38247,0.38297,0.38222,0.38282,713,2728.6402
1785064200000,0.38315,0.38323,0.38166,0.38166,141,539.3594
1785064260000,0.38174,0.38297,0.38154,0.38207,509,1943.736
1785064320000,0.38167,0.38192,0.38145,0.38172,123,469.5001
1785064380000,0.38155,0.38215,0.38113,0.38185,381,1453.653
1785064440000,0.38196,0.38219,0.37996,0.37996,186,708.9367
1785064500000,0.37991,0.38185,0.37976,0.38175,327,1246.8538
1785064560000,0.38187,0.38206,0.38026,0.38041,757,2880.8551
1785064620000,0.38048,0.38063,0.37742,0.37753,4470,16916.6588
1785064680000,0.3778,0.37815,0.3765,0.37678,3801,14350.9711
1785064740000,0.37659,0.37686,0.37437,0.37592,4474,16804.7297
1785064800000,0.37654,0.37996,0.37654,0.37975,1560,5908.6146
1785064860000,0.37985,0.37998,0.37877,0.37877,478,1813.038
1785064920000,0.3787,0.37878,0.37713,0.37752,4688,17698.8501
1785064980000,0.37781,0.37818,0.37702,0.37708,967,3649.1046
1785065040000,0.37725,0.37751,0.37695,0.37744,281,1060.0054
1785065100000,0.3776,0.37776,0.37497,0.37553,808,3034.3945
1785065160000,0.37588,0.376,0.37452,0.37528,532,1996.7755
1785065220000,0.37576,0.37616,0.37576,0.37598,153,575.4222
1785065280000,0.376,0.37648,0.37566,0.37622,377,1418.0271
1785065340000,0.37621,0.37634,0.37574,0.37618,548,2060.0322
1785065400000,0.37611,0.37649,0.37525,0.37547,286,1074.531
1785065460000,0.3756,0.3767,0.3756,0.37591,184,691.8024
1785065520000,0.37577,0.37736,0.37577,0.37686,1273,4798.7061
1785065580000,0.37674,0.37921,0.37674,0.3786,3000,11349.731
1785065640000,0.37873,0.38002,0.37872,0.38002,1475,5596.7802
1785065700000,0.3793,0.383,0.3793,0.38181,2317,8841.8632
1785065760000,0.3817,0.38302,0.38118,0.38173,2057,7868.2085
1785065820000,0.38136,0.38228,0.38131,0.38158,1166,4449.4953
1785065880000,0.38179,0.3821,0.38112,0.3813,1112,4241.1675
1785065940000,0.38175,0.38675,0.38175,0.38474,7665,29543.68
1785066000000,0.3851,0.3855,0.3834,0.38389,834,3208.2147
1785066060000,0.38391,0.38586,0.38338,0.38455,4218,16241.197
1785066120000,0.38468,0.38523,0.38443,0.38457,1753,6748.9373
1785066180000,0.38451,0.38457,0.3834,0.38342,1025,3932.4555
1785066240000,0.3835,0.3838,0.38322,0.3838,230,882.028
1785066300000,0.38396,0.38396,0.3834,0.3834,50,191.8686
1785066360000,0.38331,0.3834,0.38285,0.38316,117,448.2116
1785066420000,0.38293,0.38311,0.38085,0.38133,1086,4142.7119
1785066480000,0.38114,0.38114,0.38011,0.38062,4798,18260.3864
1785066540000,0.38071,0.38092,0.38065,0.38067,201,765.4262
1785066600000,0.38048,0.38061,0.37904,0.37939,1604,6100.4126
1785066660000,0.37903,0.38069,0.37903,0.38022,628,2386.6639
1785066720000,0.38005,0.38067,0.37919,0.38045,3912,14863.6227
1785066780000,0.3802,0.3802,0.37904,0.37933,38,144.1541
1785066840000,0.37902,0.37919,0.37779,0.37847,420,1589.2045
1785066900000,0.37898,0.37906,0.37787,0.37872,237,896.6813
1785066960000,0.37935,0.38049,0.37929,0.37929,567,2156.1564
1785067020000,0.37944,0.38125,0.37944,0.37986,4576,17418.6161
1785067080000,0.3799,0.38101,0.37979,0.38054,1905,7245.4543
1785067140000,0.38002,0.38002,0.3791,0.37927,419,1589.476
1785067200000,0.37938,0.38026,0.37938,0.37976,788,2993.3041
1785067260000,0.38023,0.38026,0.37818,0.37819,1663,6298.8648
1785067320000,0.3784,0.37857,0.37722,0.37722,4141,15652.0126
1785067380000,0.37717,0.37719,0.37643,0.37696,2210,8322.4271
1785067440000,0.37726,0.37787,0.37666,0.37702,1752,6607.3026
1785067500000,0.37702,0.37736,0.37626,0.37715,4045,15238.1864
1785067560000,0.37687,0.37702,0.37572,0.37572,799,3008.9181
1785085620000,0.39465,0.39497,0.38997,0.39017,12714,50029.3215
1785085680000,0.3903,0.39153,0.38857,0.3895,10179,39685.7237
1785085740000,0.38952,0.39036,0.38952,0.39019,1022,3985.5282
1785085800000,0.39069,0.3911,0.38965,0.39005,2074,8093.3132
1785085860000,0.39016,0.39074,0.39001,0.39057,57,222.4537
1785085920000,0.39027,0.39027,0.38936,0.38936,40,155.835
1785085980000,0.38968,0.38968,0.38857,0.38869,100,388.987
1785086040000,0.38896,0.38918,0.38656,0.38656,700,2713.909
1785086100000,0.38671,0.38768,0.38411,0.38613,8775,33842.2244
1785086160000,0.38602,0.38812,0.385,0.38547,2577,9957.8915
1785086220000,0.38507,0.38526,0.38446,0.38526,924,3555.8574
1785086280000,0.38574,0.38694,0.38503,0.38576,1242,4792.0597
1785086340000,0.38644,0.38695,0.38627,0.38658,933,3607.5855
1785086400000,0.38655,0.39244,0.38617,0.3912,1311,5114.8583
1785086460000,0.39118,0.3923,0.39,0.39,8307,32506.2381
1785086520000,0.39,0.39252,0.39,0.39232,391,1531.0535
1785086580000,0.39209,0.3943,0.39209,0.3943,324,1272.1653
1785086640000,0.394,0.39422,0.3936,0.3936,8,31.5169
1785086700000,0.3933,0.39559,0.3933,0.39445,2217,8756.5817
1785086760000,0.39422,0.39487,0.39392,0.39487,1505,5938.8461
1785086820000,0.39473,0.399,0.39445,0.39613,9558,37954.2597
1785086880000,0.3962,0.407,0.39498,0.39601,45418,181966.5796
1785086940000,0.39593,0.39593,0.39201,0.3949,21194,83432.7886
1785087000000,0.39497,0.39678,0.39354,0.39599,8417,33214.0824
1785087060000,0.39605,0.40216,0.39535,0.39761,11167,44617.5384
1785087120000,0.39822,0.39855,0.3942,0.39542,5962,23644.0247
1785087180000,0.39533,0.39598,0.3937,0.39598,2234,8817.4241
1785087240000,0.39538,0.39559,0.39408,0.39521,3166,12502.099
1785087300000,0.39588,0.3984,0.39561,0.39611,2291,9093.8831
1785087360000,0.39551,0.39551,0.39226,0.39424,2399,9447.5108
1785087420000,0.39416,0.39468,0.39261,0.39464,317,1246.8995
1785087480000,0.3949,0.3984,0.3949,0.39691,4442,17649.6475
1785087540000,0.39685,0.39821,0.39666,0.39754,2226,8851.0107
1785087600000,0.39744,0.39752,0.396,0.397,2869,11376.8012
1785087660000,0.39704,0.39915,0.39704,0.39915,2911,11582.6686
1785087720000,0.39849,0.39953,0.39753,0.39887,3287,13100.9694
1785087780000,0.39911,0.39928,0.39806,0.39845,4008,15963.8202
1785087840000,0.39866,0.40025,0.39856,0.39966,1798,7182.768
1785087900000,0.39968,0.40003,0.3982,0.39934,4089,16320.4205
1785087960000,0.39937,0.40363,0.39937,0.40159,7549,30333.9478
1785088020000,0.40171,0.40266,0.39991,0.40027,2869,11515.4721
1785088080000,0.40003,0.4012,0.39816,0.401,4371,17450.409
1785088140000,0.40127,0.40127,0.40029,0.40064,741,2970.4008
1785088200000,0.40019,0.402,0.39991,0.402,755,3026.12
1785088260000,0.40263,0.40293,0.40183,0.40183,887,3568.5642
1785088320000,0.40152,0.40285,0.40116,0.40265,1514,6091.4673
1785088380000,0.40239,0.40548,0.40138,0.40475,6510,26276.4093
1785088440000,0.40472,0.40508,0.40189,0.40226,1795,7247.8766
1785088500000,0.40232,0.40281,0.40139,0.40157,669,2691.4956
1785088560000,0.40168,0.40294,0.40161,0.40255,175,704.062
1785088620000,0.4022,0.4022,0.40034,0.40106,2886,11568.7512
1785088680000,0.4008,0.40097,0.3995,0.40014,1509,6039.7191
1785088740000,0.40002,0.40167,0.39981,0.40078,605,2422.1132
1785088800000,0.40083,0.40197,0.40053,0.40136,1007,4038.2
1785088860000,0.40124,0.40127,0.40005,0.40095,1110,4448.5025
1785088920000,0.40082,0.40115,0.39971,0.39971,142,569.2212
1785088980000,0.39955,0.39955,0.39724,0.39752,211,840.14
1785089040000,0.39869,0.3988,0.39687,0.39703,595,2364.6799
1785089100000,0.3973,0.3974,0.39553,0.3967,2558,10136.5572
1785089160000,0.39655,0.39727,0.39584,0.39725,653,2589.061
1785089220000,0.39742,0.39768,0.39624,0.39681,529,2100.5132
1785089340000,0.39648,0.39648,0.39483,0.39522,1021,4038.0589
1785089400000,0.39501,0.39523,0.39428,0.39498,1210,4777.3808
1785089460000,0.39421,0.39621,0.39315,0.39621,3248,12818.7945
1785089520000,0.39573,0.39573,0.3934,0.39354,191,754.2726
1785089580000,0.39366,0.39406,0.39323,0.39331,1302,5122.5027
1785089640000,0.39339,0.39526,0.39307,0.39421,1232,4860.2975
1785089700000,0.395,0.39527,0.39394,0.39396,1113,4389.0121
1785089760000,0.39473,0.39728,0.39473,0.39634,2662,10561.9371
1785089820000,0.39624,0.39672,0.39323,0.39369,1784,7038.8288
1785089880000,0.3936,0.39528,0.393,0.39505,562,2214.2529
1785089940000,0.39522,0.39896,0.39522,0.39829,1183,4705.5457
1785090000000,0.39838,0.39918,0.39719,0.39719,1002,3986.2532
1785090060000,0.39716,0.39925,0.3968,0.39867,1050,4175.6954
1785090120000,0.39854,0.39867,0.39593,0.39665,616,2448.9299
1785090180000,0.39589,0.39752,0.39561,0.39662,219,868.3565
1785090240000,0.39709,0.39758,0.39709,0.39713,147,584.0621
1785090300000,0.39714,0.39738,0.39577,0.39577,102,404.8902
1785090360000,0.3959,0.39638,0.39495,0.39638,1143,4524.8008
1785090420000,0.39643,0.39643,0.39501,0.39544,143,565.9153
1785090480000,0.3955,0.39592,0.3955,0.3959,407,1611.2304
1785090540000,0.39639,0.39658,0.39519,0.39535,230,910.8097
1785090600000,0.39519,0.3962,0.39497,0.3962,70,276.9427
1785090660000,0.39503,0.39576,0.3947,0.39561,219,865.6204
1785090720000,0.39561,0.3959,0.39431,0.39431,292,1152.8279
1785090780000,0.39457,0.39482,0.39398,0.3945,563,2222.0984
1785090840000,0.39406,0.39408,0.39328,0.39346,101,397.6662
1785090900000,0.39328,0.39328,0.38832,0.3888,6483,25352.1004
1785090960000,0.38885,0.39044,0.38794,0.38987,7766,30198.7804
1785091020000,0.38967,0.391,0.3891,0.39054,1917,7467.9695
1785091080000,0.39033,0.39075,0.38896,0.38986,2076,8096.9388
1785091140000,0.38963,0.39032,0.38949,0.39007,233,908.2957
1785091200000,0.38995,0.38995,0.38891,0.38904,263,1023.793
1785091260000,0.38903,0.38905,0.38876,0.38896,1317,5121.3796
1785091320000,0.38807,0.3883,0.38691,0.38796,982,3809.4501
1785091380000,0.38816,0.38873,0.38791,0.38862,1484,5763.5093
1785091440000,0.38853,0.3887,0.38663,0.38747,3389,13140.6218
1785091500000,0.38741,0.38878,0.3873,0.38837,826,3204.1836
1785091560000,0.38849,0.38901,0.38796,0.38862,440,1709.3392
1785091620000,0.38851,0.39002,0.38822,0.38906,1956,7617.3809
1785091680000,0.38903,0.38929,0.38876,0.38923,361,1404.3157
1785091740000,0.38908,0.391,0.38908,0.39072,1431,5592.3406
1785091800000,0.39129,0.39277,0.39111,0.3924,1394,5467.5421
1785091860000,0.39276,0.39636,0.39276,0.39499,4332,17111.0211
1785091920000,0.39497,0.39497,0.39391,0.39418,2253,8890.4147
1785091980000,0.39383,0.39557,0.39383,0.39537,428,1690.8775
1785092040000,0.39549,0.39549,0.39468,0.3947,340,1342.7039
1785092100000,0.395,0.396,0.3948,0.39492,199,786.3766
