timestamp,open,high,low,close,volume,turnover
1783865760000,0.46949,0.47528,0.46949,0.47405,2208,10455.3376
1783865820000,0.47377,0.47377,0.47211,0.47334,651,3079.2542
1783865880000,0.47267,0.4744,0.47265,0.47393,598,2833.2156
1783865940000,0.47307,0.47879,0.47163,0.4776,1129,5367.1279
1783866000000,0.47739,0.4778,0.47483,0.47542,364,1733.7816
1783866060000,0.4756,0.47612,0.47503,0.47508,435,2068.1374
1783866120000,0.47472,0.47773,0.47451,0.47596,551,2625.5706
1783866180000,0.47578,0.47814,0.47552,0.47783,155,738.4741
1783866240000,0.47804,0.48089,0.47782,0.47858,1397,6694.9146
1783866300000,0.47829,0.47979,0.47632,0.47632,604,2891.1312
1783866360000,0.47625,0.47736,0.47393,0.47606,985,4679.6519
1783866420000,0.47578,0.4776,0.4741,0.47593,750,3567.9171
1783866480000,0.47553,0.47553,0.47328,0.47423,960,4556.508
1783866540000,0.47442,0.47469,0.47153,0.47177,1320,6249.0592
1783866600000,0.47174,0.47182,0.46744,0.46773,1885,8841.7909
1783866660000,0.4676,0.46932,0.4321,0.45137,33667,151257.9504
1783866720000,0.45216,0.45553,0.44942,0.45362,8089,36641.7684
1783866780000,0.454,0.45865,0.45371,0.45858,4528,20657.2436
1783866840000,0.45819,0.45957,0.45655,0.45801,2381,10915.3402
1783866900000,0.45761,0.46031,0.45734,0.45939,2743,12583.3307
1783866960000,0.45967,0.46282,0.45967,0.46178,3168,14600.6923
1783867020000,0.46158,0.46247,0.45861,0.46175,3119,14370.4426
1783867080000,0.46172,0.46349,0.45762,0.45843,2854,13140.4695
1783867140000,0.45875,0.46024,0.45502,0.4576,1243,5682.8101
1783867200000,0.45696,0.46088,0.45663,0.45928,451,2069.6039
1783867260000,0.4597,0.46035,0.45711,0.46035,784,3599.6925
1783867320000,0.46059,0.46131,0.45955,0.46119,283,1302.6655
1783867380000,0.4616,0.46359,0.4616,0.46213,1097,5072.3144
1783867440000,0.46326,0.47005,0.46285,0.46669,2203,10285.4775
1783867500000,0.46669,0.46832,0.46494,0.46666,1138,5309.5904
1783867560000,0.46735,0.46763,0.46435,0.46623,1076,5017.2145
1783867620000,0.46602,0.46603,0.46101,0.462,1159,5362.2459
1783867680000,0.46224,0.46373,0.46201,0.46281,17368,80407.9452
1783867740000,0.46342,0.46385,0.46051,0.46145,1348,6225.1676
1783867800000,0.46203,0.46735,0.4619,0.4667,1234,5731.8322
1783867860000,0.4667,0.46728,0.46341,0.4641,1114,5181.8063
1783867920000,0.46417,0.46856,0.46415,0.46459,1535,7145.6573
1783867980000,0.46433,0.47,0.46336,0.4688,4181,19547.3719
1783868040000,0.46835,0.46857,0.46538,0.46538,1545,7211.8524
1783868100000,0.46545,0.46851,0.46476,0.46783,1363,6354.9445
1783868160000,0.46731,0.46762,0.4647,0.46496,663,3087.4678
1783868220000,0.46513,0.46724,0.46513,0.46571,857,3995.5167
1783868280000,0.46562,0.4681,0.4649,0.4649,719,3355.8536
1783868340000,0.46548,0.46548,0.46206,0.46206,690,3202.3835
1783868400000,0.46276,0.47645,0.46111,0.46501,24439,114043.8374
1783868460000,0.46455,0.46634,0.46174,0.46245,7915,36766.8966
1783868520000,0.46193,0.46193,0.45721,0.46072,5831,26819.2075
1783868580000,0.46034,0.46146,0.4543,0.45676,6473,29691.4286
1783868640000,0.45755,0.45902,0.45743,0.45871,835,3827.1438
1783868700000,0.45919,0.45948,0.45413,0.45804,1333,6085.8651
1783868760000,0.45784,0.45895,0.45656,0.45753,1159,5305.3977
1783868820000,0.45783,0.46118,0.45697,0.45883,854,3919.3162
1783868880000,0.45907,0.46182,0.45887,0.4599,271,1246.4672
1783868940000,0.45931,0.45931,0.45301,0.45531,2075,9456.7504
1783869000000,0.45605,0.45694,0.45493,0.45605,501,2284.4653
1783869060000,0.45616,0.45742,0.45396,0.45423,213,971.4665
1783869120000,0.45372,0.45655,0.4536,0.45521,690,3144.3738
1783869180000,0.45542,0.45813,0.45536,0.45676,993,4537.5256
1783869240000,0.45723,0.45808,0.45288,0.45456,1239,5635.3836
1783869300000,0.45444,0.45845,0.4533,0.45781,1964,8966.3955
1783869360000,0.45901,0.46203,0.45901,0.45984,18498,85408.4688
1783869420000,0.45987,0.47133,0.45504,0.46156,25098,115888.3216
1783869480000,0.46168,0.46168,0.45834,0.45902,9313,42805.9163
1783869540000,0.45929,0.46155,0.45879,0.45962,3207,14751.1995
1783869600000,0.4591,0.45941,0.45735,0.45803,909,4168.9271
1783869660000,0.45814,0.45872,0.45284,0.45459,1511,6909.0021
1783869720000,0.45362,0.45538,0.45266,0.45442,1850,8399.69
1783869780000,0.4543,0.45722,0.45419,0.45627,729,3326.5087
1783869840000,0.45685,0.45819,0.45652,0.45652,164,749.9513
1783869900000,0.45625,0.45636,0.4543,0.45561,698,3177.0485
1783869960000,0.4552,0.45547,0.45396,0.45418,1149,5224.5369
1783870020000,0.4543,0.45587,0.45335,0.45569,361,1642.5318
1783870080000,0.45539,0.45539,0.45408,0.45531,406,1847.076
1783870140000,0.45571,0.45921,0.45487,0.45707,2228,10193.4336
1783870200000,0.45726,0.45934,0.45636,0.45934,1238,5658.6141
1783870260000,0.45954,0.46253,0.45919,0.46022,1508,6952.4511
1783870320000,0.46037,0.46079,0.45821,0.45972,504,2315.4134
1783870380000,0.45903,0.46002,0.45821,0.45974,502,2304.4672
1783870440000,0.45836,0.45939,0.45566,0.45617,4236,19405.9342
1783870500000,0.45613,0.45693,0.45477,0.45672,529,2412.1906
1783870560000,0.45609,0.45791,0.45551,0.45719,1024,4680.2393
1783870620000,0.45749,0.45889,0.45588,0.458,1392,6369.328
1783870680000,0.458,0.45813,0.45389,0.45503,674,3079.5601
1783870740000,0.45387,0.45406,0.44575,0.4511,8381,37627.5808
1783870800000,0.45016,0.45551,0.45016,0.4516,4789,21692.4375
1783870860000,0.45181,0.45591,0.45181,0.45499,1031,4686.599
1783870920000,0.45541,0.46478,0.45438,0.46313,4485,20566.7795
1783870980000,0.46159,0.46211,0.45553,0.45699,5776,26544.3579
1783871040000,0.45766,0.45992,0.45543,0.45958,1366,6248.7646
1783871100000,0.46001,0.46001,0.45617,0.45617,440,2013.3429
1783871160000,0.45538,0.45734,0.45527,0.45706,1240,5660.8414
1783871220000,0.45707,0.45725,0.4557,0.4564,654,2985.8023
1783871280000,0.45595,0.45616,0.45207,0.45272,2290,10393.2848
1783871340000,0.45242,0.45586,0.45179,0.45523,1055,4788.1971
1783871400000,0.45504,0.45609,0.45344,0.4547,1000,4550.0425
1783871460000,0.45458,0.45711,0.45456,0.45676,438,1996.5864
1783871520000,0.45636,0.45895,0.45632,0.45804,746,3414.1395
1783871580000,0.45783,0.46061,0.45783,0.46061,970,4453.4321
1783871640000,0.46061,0.46465,0.45967,0.46392,1733,8018.7771
1783871700000,0.46373,0.4671,0.46243,0.46289,4708,21903.653
1783871760000,0.4625,0.46969,0.46082,0.46688,3711,17253.058
1783871820000,0.4666,0.4666,0.46256,0.46377,3236,14992.156
1783871880000,0.46297,0.46444,0.46245,0.46245,973,4510.6816
1783871940000,0.46264,0.46849,0.46264,0.46554,1681,7835.4117
1783872000000,0.46537,0.46562,0.46387,0.4651,346,1607.6823
1783872060000,0.46473,0.46553,0.46254,0.46394,1206,5599.2047
1783872120000,0.46324,0.46416,0.46212,0.46311,7645,35427.461
1783872180000,0.4628,0.46296,0.45579,0.45766,5930,27165.8309
1783872240000,0.45732,0.45732,0.45342,0.45477,1772,8065.584
1783872300000,0.4537,0.4537,0.45097,0.45225,1562,7060.7925
1783872360000,0.45215,0.45377,0.451,0.45113,8626,38920.2085
1783872420000,0.45103,0.45549,0.4499,0.45508,27903,126451.9502
1783872480000,0.45387,0.45805,0.45277,0.45677,3079,14020.0916
1783872540000,0.45652,0.45694,0.45514,0.45536,1645,7500.4953
1783872600000,0.4557,0.45806,0.4557,0.45697,1446,6614.6893
1783872660000,0.45684,0.45827,0.45268,0.45379,2585,11773.6508
1783872720000,0.45411,0.4543,0.45217,0.45338,2818,12763.442
1783872780000,0.45304,0.45315,0.44967,0.45154,2166,9787.0267
1783872840000,0.45132,0.45132,0.4286,0.43565,24135,106260.9848
1783872900000,0.43565,0.44548,0.41778,0.44235,46455,200125.6598
1783872960000,0.44275,0.44718,0.44257,0.44596,21290,94766.9908
1783873020000,0.4452,0.44575,0.44257,0.44359,811,3604.4586
1783873080000,0.44322,0.44604,0.44236,0.44464,3448,15332.0597
1783873140000,0.44527,0.44729,0.44344,0.44561,1784,7947.8141
1783873200000,0.44577,0.44903,0.44577,0.44903,3579,16006.7496
1783873260000,0.4488,0.45,0.44709,0.4483,1930,8651.9383
1783873320000,0.44865,0.44972,0.44775,0.449,1048,4704.9922
1783873380000,0.44902,0.4509,0.4482,0.4506,1732,7796.2275
1783873440000,0.45115,0.45881,0.45097,0.45116,7275,33031.3489
1783873500000,0.45113,0.45393,0.45113,0.45393,991,4482.71
1783873560000,0.45337,0.45337,0.445,0.44622,1755,7866.614
1783873620000,0.44674,0.45006,0.44674,0.44929,2262,10141.0311
1783873680000,0.44929,0.4527,0.44886,0.45172,1124,5063.3951
1783873740000,0.45123,0.4519,0.45104,0.45146,357,1611.8945
1783873800000,0.45283,0.45366,0.4492,0.44942,1166,5266.961
1783873860000,0.44944,0.44965,0.44598,0.44736,2601,11637.025
1783873920000,0.44722,0.4483,0.44667,0.44749,603,2698.2471
1783873980000,0.44746,0.4494,0.44593,0.44647,712,3186.4537
1783874040000,0.44652,0.44957,0.44439,0.44754,2777,12410.1829
1783874100000,0.44728,0.44851,0.44486,0.44605,2205,9844.5484
1783874160000,0.44625,0.44646,0.43946,0.44414,4228,18707.71
1783874220000,0.44435,0.44482,0.43999,0.44176,2925,12912.0949
1783874280000,0.44217,0.44555,0.44127,0.4436,2012,8909.5032
1783874340000,0.4447,0.44967,0.44401,0.44666,3642,16250.8614
1783874400000,0.44669,0.4493,0.44622,0.4493,1297,5806.7283
1783874460000,0.44941,0.44945,0.44784,0.44915,486,2179.9416
1783874520000,0.4495,0.45183,0.4495,0.4512,1081,4876.8249
1783874580000,0.45174,0.45588,0.45082,0.45082,1380,6252.6822
1783874640000,0.45149,0.45357,0.45101,0.45348,198,895.735
1783874700000,0.45376,0.45397,0.45192,0.45321,1426,6463.2272
1783874760000,0.45535,0.46153,0.45535,0.45881,2721,12494.2238
1783874820000,0.45788,0.45831,0.4549,0.45631,1605,7330.1155
1783874880000,0.45715,0.45919,0.45715,0.4586,993,4550.2738
1783874940000,0.45899,0.45909,0.45727,0.45828,362,1658.4014
1783875000000,0.45825,0.45865,0.45073,0.45212,4536,20629.7527
1783875060000,0.4514,0.45317,0.44991,0.45317,1478,6667.3211
1783875120000,0.45273,0.45293,0.44809,0.45124,1854,8363.8074
1783875180000,0.45144,0.45179,0.44961,0.44967,1754,7908.3227
1783875240000,0.45087,0.45263,0.45008,0.45008,1006,4544.1365
1783875300000,0.45001,0.45041,0.44722,0.4497,3757,16865.1345
1783875360000,0.45014,0.45214,0.44815,0.45014,1954,8806.3193
1783875420000,0.45109,0.45271,0.44907,0.44964,3505,15797.741
1783875480000,0.44938,0.44941,0.44675,0.44708,932,4170.3857
1783875540000,0.44626,0.44671,0.44521,0.44629,413,1841.5124
1783875600000,0.44612,0.44625,0.44355,0.44544,2978,13243.2751
1783875660000,0.44471,0.44545,0.44208,0.44353,1773,7863.7048
1783875720000,0.44347,0.44393,0.44234,0.44288,1060,4699.5344
1783875780000,0.44244,0.4469,0.44207,0.44404,2022,8988.9675
1783875840000,0.44406,0.44798,0.44406,0.44777,586,2616.7968
1783875900000,0.44706,0.44792,0.44524,0.44553,481,2148.8892
1783875960000,0.44614,0.44697,0.44351,0.44474,534,2375.5229
1783876020000,0.44439,0.44499,0.44238,0.44238,832,3697.0629
1783876080000,0.44193,0.45693,0.4419,0.44672,23487,105327.5456
1783876140000,0.44661,0.44828,0.44544,0.44583,4987,22294.5912
1783876200000,0.44582,0.45194,0.44555,0.45028,6260,28102.1012
1783876260000,0.45101,0.45101,0.44682,0.44817,2854,12832.0221
1783876320000,0.44752,0.44765,0.44295,0.44393,4654,20779.809
1783876380000,0.44375,0.44479,0.44242,0.44479,1468,6507.9319
1783876440000,0.44473,0.44668,0.44422,0.44522,282,1257.0462
1783876500000,0.44479,0.44744,0.44472,0.44674,961,4291.1616
1783876560000,0.44748,0.4496,0.44689,0.44859,1216,5452.1952
1783876620000,0.44839,0.44886,0.44755,0.44886,384,1720.6298
1783876680000,0.44787,0.4479,0.44608,0.44672,1272,5684.5127
1783876740000,0.44735,0.44867,0.44576,0.44586,1653,7405.3776
1783876800000,0.44545,0.44761,0.44536,0.447,1612,7200.3572
1783876860000,0.44617,0.44881,0.44617,0.44801,337,1510.077
1783876920000,0.44845,0.45041,0.44845,0.44961,18297,82180.4583
1783876980000,0.44972,0.45703,0.44953,0.45432,3017,13668.2196
1783877040000,0.45451,0.45544,0.45345,0.45438,1561,7094.0008
1783877100000,0.45399,0.46036,0.45391,0.45729,2919,13313.265
1783877160000,0.45729,0.45739,0.45167,0.45167,1135,5163.7157
1783877220000,0.45351,0.45549,0.45246,0.45246,1869,8482.2729
1783877280000,0.45404,0.45474,0.45337,0.45391,150,681.0497
1783877340000,0.45354,0.45425,0.45251,0.45315,628,2848.7378
1783877400000,0.45292,0.45593,0.45286,0.45593,1847,8393.7452
1783877460000,0.45527,0.45758,0.45464,0.45665,352,1605.3691
1783877520000,0.45553,0.45714,0.45524,0.45663,522,2381.7642
1783877580000,0.45635,0.45635,0.45309,0.45513,2473,11220.5831
1783877640000,0.45501,0.45522,0.45337,0.45454,1434,6517.656
1783877700000,0.4545,0.45623,0.45374,0.45456,672,3059.1248
1783895760000,0.40854,0.41037,0.408,0.40856,1129,4617.2587
1783895820000,0.40825,0.41022,0.40799,0.40886,569,2327.2781
1783895880000,0.4085,0.40918,0.40785,0.40817,1188,4853.769
1783895940000,0.40834,0.40931,0.40415,0.40465,4084,16590.0716
1783896000000,0.40513,0.40628,0.40307,0.40593,919,3720.0888
1783896060000,0.40553,0.40553,0.39064,0.401,16196,64407.7444
1783896120000,0.40195,0.40255,0.3961,0.39917,4564,18214.2822
1783896180000,0.39979,0.40197,0.3986,0.40027,2758,11048.6017
1783896240000,0.4009,0.40217,0.39958,0.40149,2537,10184.2241
1783896300000,0.40167,0.40241,0.39572,0.40111,2097,8369.8382
1783896360000,0.40118,0.40126,0.39947,0.39993,351,1404.8334
1783896420000,0.40056,0.40277,0.40043,0.40188,1139,4574.791
1783896480000,0.40285,0.40885,0.40278,0.40843,2126,8621.6405
1783896540000,0.40857,0.40875,0.40593,0.40689,396,1612.2041
1783896600000,0.40674,0.40849,0.40674,0.40849,780,3180.9259
1783896660000,0.40846,0.40883,0.40428,0.40428,1687,6850.982
1783896720000,0.40496,0.40733,0.40471,0.4059,718,2913.0105
1783896780000,0.40588,0.40756,0.40511,0.40511,544,2210.6651
1783896840000,0.40649,0.40811,0.40649,0.407,289,1176.9099
1783896900000,0.40711,0.40783,0.4068,0.40719,356,1450.3179
1783896960000,0.40744,0.40806,0.40593,0.40633,665,2704.9855
1783897020000,0.40596,0.40767,0.40596,0.40767,1878,7641.7102
1783897080000,0.40747,0.40804,0.40628,0.40689,295,1200.8098
1783897140000,0.40676,0.40754,0.40667,0.40677,327,1331.6237
1783897200000,0.40701,0.40899,0.40673,0.40805,1111,4535.7353
1783897260000,0.40801,0.41822,0.40759,0.41784,5957,24666.0766
1783897320000,0.41784,0.41843,0.41413,0.41524,3907,16268.9038
1783897380000,0.41552,0.41918,0.41552,0.41892,2707,11315.3091
1783897440000,0.41882,0.419,0.4165,0.41687,913,3813.6708
1783897500000,0.41768,0.41854,0.41696,0.41789,1471,6146.425
1783897560000,0.41777,0.42165,0.41771,0.42094,1851,7776.9118
1783897620000,0.42098,0.42123,0.41847,0.41894,377,1582.0479
1783897680000,0.41921,0.41928,0.41775,0.41819,352,1473.1101
1783897740000,0.41936,0.42037,0.41681,0.41714,1278,5356.394
1783897800000,0.41687,0.4174,0.41579,0.41642,980,4082.9379
1783897860000,0.41708,0.41708,0.41308,0.4131,1133,4703.525
1783897920000,0.41369,0.41591,0.41341,0.4138,652,2702.2106
1783897980000,0.41274,0.41306,0.40661,0.40976,2784,11398.799
1783898040000,0.41005,0.41024,0.40886,0.40948,1128,4621.9374
1783898100000,0.40974,0.41169,0.40971,0.40971,1605,6592.4554
1783898160000,0.41017,0.41023,0.40454,0.4076,3448,14053.6721
1783898220000,0.40828,0.40903,0.40745,0.40745,224,914.6503
1783898280000,0.40765,0.41008,0.40752,0.40903,764,3121.0495
1783898340000,0.40901,0.40918,0.4065,0.40734,456,1860.063
1783898400000,0.40784,0.40814,0.40511,0.40633,1969,7992.6679
1783898460000,0.40693,0.407,0.4049,0.40511,286,1161.4075
1783898520000,0.40538,0.4067,0.40444,0.40585,893,3622.2966
1783898580000,0.40584,0.40646,0.40345,0.40503,2467,9984.5053
1783898640000,0.4048,0.4074,0.40415,0.40706,1489,6054.9179
1783898700000,0.40701,0.40703,0.40554,0.40617,652,2649.7435
1783898760000,0.40586,0.40586,0.40361,0.4038,479,1936.6988
1783898820000,0.40455,0.40455,0.40226,0.40236,1170,4719.176
1783898880000,0.40275,0.40431,0.4024,0.40315,339,1366.8553
1783898940000,0.40281,0.40385,0.40121,0.40122,769,3093.1389
1783899000000,0.40098,0.40223,0.40046,0.40186,927,3719.5077
1783899060000,0.4018,0.40267,0.39946,0.39977,951,3816.8135
1783899120000,0.39977,0.4006,0.3996,0.3999,1806,7225.8821
1783899180000,0.39962,0.40118,0.39777,0.39851,2770,11038.1261
1783899240000,0.39947,0.40017,0.39786,0.39883,5658,22578.0899
1783899300000,0.39897,0.39929,0.39776,0.39929,2404,9577.061
1783899360000,0.39984,0.40192,0.39704,0.39849,3734,14923.7343
1783899420000,0.39879,0.39955,0.396,0.39877,1370,5457.2636
1783899480000,0.39897,0.39967,0.39852,0.3991,180,718.4555
1783899540000,0.3995,0.40107,0.3995,0.40038,990,3963.3093
1783899600000,0.40088,0.40107,0.39821,0.39821,701,2802.7411
1783899660000,0.3982,0.39858,0.39629,0.39729,1507,5987.7506
1783899720000,0.39743,0.40215,0.39632,0.39908,4770,19051.5784
1783899780000,0.39936,0.4047,0.39936,0.40219,4786,19272.6883
1783899840000,0.40231,0.40277,0.40178,0.40206,694,2792.8151
1783899900000,0.40201,0.40659,0.40113,0.40571,3166,12802.8553
1783899960000,0.40515,0.40683,0.40402,0.40682,3188,12930.218
1783900020000,0.40673,0.40692,0.40598,0.40665,452,1837.5735
1783900080000,0.40609,0.40679,0.40523,0.40523,1288,5230.5891
1783900140000,0.40528,0.40554,0.40333,0.40333,706,2855.8533
1783900200000,0.40375,0.40408,0.40172,0.4023,410,1649.6444
1783900260000,0.40216,0.4102,0.40216,0.40889,5664,23108.8956
1783900320000,0.409,0.4091,0.40709,0.40737,715,2916.7466
1783900380000,0.40777,0.40831,0.40654,0.4066,1901,7739.4289
1783900440000,0.40651,0.40733,0.40581,0.40648,1139,4636.226
1783900500000,0.40632,0.40689,0.40439,0.40635,578,2344.9742
1783900560000,0.40642,0.40782,0.40493,0.40625,2222,9023.9793
1783900620000,0.40635,0.407,0.40561,0.40585,1605,6522.3498
1783900680000,0.40617,0.40739,0.4054,0.40716,1330,5404.516
1783900740000,0.40682,0.4081,0.40615,0.40631,2298,9348.3606
1783900800000,0.40597,0.40655,0.40519,0.40642,1737,7050.0747
1783900860000,0.40583,0.40736,0.40486,0.40667,650,2640.1066
1783900920000,0.40647,0.40967,0.40618,0.40957,5888,24037.2417
1783900980000,0.40931,0.41363,0.40856,0.41309,2719,11180.275
1783901040000,0.41329,0.4133,0.40986,0.41064,1319,5426.0076
1783901100000,0.41028,0.4135,0.41028,0.41212,2419,9982.918
1783901160000,0.41146,0.41314,0.41044,0.41215,778,3198.497
1783901220000,0.41199,0.41247,0.41077,0.41191,799,3288.9689
1783901280000,0.41179,0.41455,0.41179,0.41389,744,3074.261
1783901340000,0.41397,0.43031,0.41378,0.43027,9946,42242.5796
1783901400000,0.43028,0.43093,0.42242,0.42445,7437,31795.8688
1783901460000,0.42396,0.42644,0.42091,0.42195,2503,10614.9359
1783901520000,0.4214,0.42301,0.42007,0.42064,1490,6287.2929
1783901580000,0.42113,0.42184,0.4182,0.4189,970,4071.0965
1783901640000,0.41892,0.42,0.418,0.41898,1690,7083.8977
1783901700000,0.4187,0.41872,0.41442,0.41605,1772,7374.9542
1783901760000,0.4159,0.4176,0.41564,0.41738,691,2880.5573
1783901820000,0.4168,0.42432,0.4168,0.42327,942,3958.1893
1783901880000,0.4236,0.42508,0.42142,0.42472,6354,26890.3807
1783901940000,0.42421,0.42746,0.42421,0.4262,1293,5511.655
1783902000000,0.42635,0.4286,0.42098,0.42104,1400,5948.3991
1783902060000,0.42108,0.42243,0.41815,0.41984,9733,40845.2066
1783902120000,0.41947,0.4196,0.41631,0.41664,1222,5105.4254
1783902180000,0.41614,0.41615,0.41209,0.413,1425,5896.9311
1783902240000,0.41248,0.41756,0.41248,0.41751,1756,7289.8208
1783902300000,0.41719,0.41719,0.41293,0.41306,944,3918.3689
1783902360000,0.4135,0.41555,0.41336,0.41434,1818,7529.497
1783902420000,0.41354,0.41664,0.41353,0.41556,683,2837.9181
1783902480000,0.41503,0.41559,0.4131,0.41419,2096,8686.1701
1783902540000,0.41411,0.41518,0.41367,0.41448,638,2644.5969
1783902600000,0.414,0.41645,0.41299,0.41599,1479,6132.5918
1783902660000,0.41656,0.41872,0.41656,0.41836,1198,5009.1993
1783902720000,0.41786,0.42014,0.4154,0.41677,2209,9222.3403
1783902780000,0.41667,0.41667,0.4135,0.41582,958,3979.7549
1783902840000,0.41586,0.41646,0.41044,0.4127,1924,7962.4341
1783902900000,0.41288,0.41365,0.40918,0.40927,1433,5903.5953
1783902960000,0.41012,0.41012,0.40641,0.40846,2582,10516.7415
1783903020000,0.40862,0.40988,0.40697,0.4077,2767,11295.4365
1783903080000,0.4077,0.41083,0.40763,0.41015,2492,10197.3095
1783903140000,0.41047,0.41075,0.40685,0.40887,2878,11760.3412
1783903200000,0.40834,0.40896,0.40278,0.40455,2079,8425.9767
1783903260000,0.40475,0.40734,0.40475,0.40677,916,3715.4516
1783903320000,0.4068,0.41071,0.4068,0.40972,1553,6363.781
1783903380000,0.41016,0.41524,0.41016,0.41358,3122,12883.6313
1783903440000,0.41398,0.41724,0.41398,0.41698,2967,12330.9997
1783903500000,0.41651,0.41713,0.41475,0.41506,482,2003.9354
1783903560000,0.41411,0.42132,0.41335,0.42075,1319,5516.9785
1783903620000,0.42024,0.42024,0.41794,0.41932,566,2371.0824
1783903680000,0.41929,0.4206,0.41886,0.4203,401,1682.4121
1783903740000,0.42058,0.42058,0.41759,0.41872,246,1029.1037
1783903800000,0.4197,0.42108,0.41779,0.41923,587,2462.2856
1783903860000,0.41882,0.42424,0.41875,0.42352,1371,5777.5003
1783903920000,0.42366,0.42418,0.42219,0.42388,1183,5006.0938
1783903980000,0.42279,0.42567,0.42228,0.42534,1507,6391.6496
1783904040000,0.42587,0.44669,0.42339,0.444,9416,41147.8067
1783904100000,0.44367,0.44467,0.43207,0.43273,14322,62682.2625
1783904160000,0.43192,0.43427,0.43097,0.43112,2687,11615.7686
1783904220000,0.4327,0.43485,0.43133,0.43337,3190,13816.6532
1783904280000,0.43333,0.43333,0.42477,0.42655,4334,18571.0549
1783904340000,0.42715,0.42922,0.42655,0.42869,1597,6831.7877
1783904400000,0.42924,0.42947,0.42477,0.42559,7476,31807.2276
1783904460000,0.42613,0.4267,0.42247,0.42595,4032,17106.4313
1783904520000,0.42631,0.42649,0.42327,0.4246,1976,8403.3989
1783904580000,0.4247,0.42541,0.42197,0.42276,845,3576.1344
1783904640000,0.42337,0.42421,0.42078,0.42337,1078,4562.7168
1783904700000,0.42336,0.42639,0.4227,0.42476,1567,6659.2248
1783904760000,0.4244,0.42454,0.42164,0.42213,1617,6841.0788
1783904820000,0.42265,0.42294,0.42067,0.42067,680,2871.6979
1783904880000,0.42097,0.42177,0.41866,0.42019,1255,5276.4903
1783904940000,0.41996,0.42012,0.41596,0.41634,1638,6839.6448
1783905000000,0.41698,0.41723,0.41323,0.4139,3620,15008.2692
1783905060000,0.41457,0.41593,0.41331,0.41593,1941,8039.0511
1783905120000,0.41569,0.43443,0.41518,0.42972,25682,110152.8779
1783905180000,0.42931,0.43273,0.42671,0.4277,7624,32775.3155
1783905240000,0.42781,0.4283,0.42357,0.42357,2824,12021.539
1783905300000,0.42367,0.42906,0.42313,0.42799,2088,8910.5639
1783905360000,0.42766,0.42775,0.42594,0.426,1541,6572.4423
1783905420000,0.42508,0.4257,0.42487,0.42513,724,3079.2488
1783905480000,0.42548,0.42548,0.42306,0.42362,1324,5620.005
1783905540000,0.42318,0.43547,0.4231,0.4327,10067,43342.2327
1783905600000,0.43251,0.43475,0.43207,0.43245,1625,7040.9614
1783905660000,0.43239,0.43293,0.42846,0.42959,410,1762.6241
1783905720000,0.42955,0.4324,0.42783,0.42783,1112,4791.7141
1783905780000,0.4272,0.42943,0.42701,0.4273,746,3190.2474
1783905840000,0.42749,0.42821,0.42488,0.42488,691,2941.0287
1783905900000,0.42488,0.42838,0.42444,0.42703,931,3967.5089
1783905960000,0.42711,0.42711,0.42481,0.4251,267,1137.5293
1783906020000,0.42477,0.42702,0.42469,0.42535,734,3124.4509
1783906080000,0.4254,0.42676,0.42438,0.42438,868,3693.6883
1783906140000,0.42433,0.42481,0.42387,0.42444,359,1523.4514
1783906200000,0.42364,0.42481,0.42234,0.42234,824,3493.9433
1783906260000,0.42234,0.42248,0.41833,0.41958,4865,20437.4619
1783906320000,0.41943,0.42233,0.41721,0.42154,2102,8814.9844
1783906380000,0.4219,0.422,0.41943,0.41943,293,1234.0103
1783906440000,0.41954,0.42035,0.41731,0.41864,612,2565.7747
1783906500000,0.41836,0.4185,0.41615,0.41663,1857,7741.7627
1783906560000,0.41654,0.41722,0.41528,0.41663,1759,7321.7767
1783906620000,0.41669,0.42103,0.41669,0.42053,1302,5458.8893
1783906680000,0.42085,0.42441,0.4208,0.42276,1206,5100.3168
1783906740000,0.4224,0.4224,0.42051,0.42077,457,1927.4068
1783906800000,0.42048,0.42279,0.42011,0.42251,2006,8455.862
1783906860000,0.4216,0.4224,0.42021,0.42095,1594,6723.3728
1783906920000,0.42042,0.42135,0.41998,0.42121,1020,4291.3664
1783906980000,0.42168,0.42175,0.42045,0.42045,268,1127.5256
1783907040000,0.42067,0.42141,0.41949,0.41989,1197,5034.2574
1783907100000,0.42005,0.42071,0.41944,0.41987,651,2733.5486
1783907160000,0.41943,0.42023,0.4175,0.4175,1614,6764.7978
1783907220000,0.41728,0.4195,0.41581,0.41931,1942,8103.3782
1783907280000,0.42025,0.42029,0.41873,0.41949,596,2502.5286
1783907340000,0.41965,0.42003,0.41756,0.41821,719,3010.937
1783907400000,0.41877,0.4204,0.41814,0.41866,1239,5196.9052
1783907460000,0.41869,0.41996,0.41812,0.41996,1089,4563.1135
1783907520000,0.41997,0.42428,0.41921,0.42251,1628,6860.138
1783907580000,0.42199,0.42615,0.4215,0.42573,1093,4641.2023
1783907640000,0.42629,0.42709,0.42438,0.42485,615,2615.8029
1783907700000,0.42508,0.42662,0.42462,0.42605,1135,4831.4384
1783925760000,0.38336,0.38363,0.38302,0.38363,101,387.211
1783925820000,0.3837,0.3837,0.38223,0.38238,206,788.778
1783925880000,0.38303,0.38316,0.3809,0.38134,1043,3983.122
1783925940000,0.38099,0.38268,0.38069,0.38246,527,2013.1724
1783926000000,0.38261,0.38287,0.37965,0.37965,1254,4782.8167
1783926060000,0.37952,0.37953,0.35228,0.36383,43388,158123.2423
1783926120000,0.36399,0.3668,0.35665,0.36619,9435,34105.6304
1783926180000,0.36601,0.36778,0.36539,0.36678,3074,11261.1846
1783926240000,0.36678,0.36723,0.36532,0.36684,1409,5160.871
1783926300000,0.36622,0.36721,0.36546,0.36641,1296,4749.0114
1783926360000,0.36661,0.36758,0.36364,0.36554,2928,10703.3549
1783926420000,0.36469,0.36529,0.36163,0.36181,1443,5235.7217
1783926480000,0.36221,0.36409,0.36119,0.36256,7065,25688.7488
1783926540000,0.36221,0.36386,0.36061,0.36386,984,3568.8805
1783926600000,0.36328,0.36373,0.36075,0.36122,1562,5658.0074
1783926660000,0.36127,0.36414,0.36081,0.36284,2187,7927.8046
1783926720000,0.36234,0.36398,0.36151,0.36371,2594,9403.5833
1783926780000,0.3632,0.36369,0.36193,0.36211,5484,19915.317
1783926840000,0.36196,0.3629,0.36151,0.362,3128,11336.0009
1783926900000,0.36208,0.36272,0.36069,0.36135,1267,4585.2278
1783926960000,0.36178,0.36336,0.36134,0.36274,2553,9246.4113
1783927020000,0.36246,0.36364,0.36113,0.36118,1050,3804.7587
1783927080000,0.36158,0.36209,0.36009,0.36097,4590,16582.974
1783927140000,0.36145,0.36267,0.36135,0.36219,871,3153.4997
1783927200000,0.36227,0.36257,0.36095,0.3618,3775,13651.463
1783927260000,0.36185,0.36221,0.3607,0.36123,2020,7303.8052
1783927320000,0.36218,0.36218,0.35864,0.35942,2744,9890.2089
1783927380000,0.3593,0.36005,0.3543,0.35666,7553,26990.1082
1783927440000,0.35731,0.36046,0.35731,0.3597,847,3043.1171
1783927500000,0.35929,0.3599,0.35814,0.35917,780,2800.7783
1783927560000,0.35899,0.35899,0.35823,0.35853,497,1782.0789
1783927620000,0.35852,0.35875,0.35623,0.35691,2711,9699.4805
1783927680000,0.35765,0.35781,0.355,0.35624,3715,13247.8172
1783927740000,0.3568,0.35745,0.34636,0.35392,12780,45035.3565
1783927800000,0.35369,0.35798,0.35365,0.35717,3488,12402.5535
1783927860000,0.35766,0.35945,0.35647,0.35727,12570,44895.3658
1783927920000,0.35725,0.36098,0.35718,0.36007,4992,17901.4936
1783927980000,0.36012,0.36199,0.35955,0.36164,1154,4167.0561
1783928040000,0.36138,0.36138,0.35834,0.35957,1226,4400.3192
1783928100000,0.35905,0.36005,0.3583,0.35932,547,1964.0682
1783928160000,0.35963,0.36147,0.35939,0.35947,1830,6602.6507
1783928220000,0.36002,0.36002,0.35672,0.35753,2705,9687.6584
1783928280000,0.35706,0.35916,0.35701,0.35886,700,2508.0878
1783928340000,0.3588,0.3591,0.35818,0.35843,194,695.9557
1783928400000,0.35834,0.36013,0.3581,0.36013,667,2396.3112
1783928460000,0.36013,0.36071,0.35966,0.35994,499,1797.1189
1783928520000,0.36,0.36031,0.35733,0.35796,931,3334.3833
1783928580000,0.35791,0.35859,0.35758,0.35792,957,3427.9655
1783928640000,0.35783,0.35878,0.35745,0.35868,1734,6209.4272
1783928700000,0.35827,0.3594,0.35272,0.35469,4153,14801.3123
1783928760000,0.35501,0.35807,0.3547,0.35651,916,3265.7148
1783928820000,0.35674,0.35869,0.3562,0.35754,1097,3919.6455
1783928880000,0.35742,0.35897,0.35649,0.35838,980,3508.6962
1783928940000,0.35845,0.35863,0.35674,0.35674,474,1695.4269
1783929000000,0.3569,0.3572,0.35411,0.35605,2681,9529.9836
1783929060000,0.35594,0.35605,0.35254,0.3534,2778,9828.036
1783929120000,0.35393,0.3545,0.3524,0.35337,849,3002.2644
1783929180000,0.35353,0.35427,0.35147,0.35363,1180,4166.5081
1783929240000,0.35294,0.35337,0.34799,0.35165,2946,10324.4511
1783929300000,0.35205,0.35398,0.35183,0.35316,1900,6703.0077
1783929360000,0.35305,0.35496,0.35271,0.354,1008,3568.9929
1783929420000,0.35462,0.35462,0.35164,0.35266,1893,6690.1961
1783929480000,0.35291,0.35291,0.35066,0.35155,1010,3553.4623
1783929540000,0.35213,0.3529,0.35142,0.35203,1441,5074.2562
1783929600000,0.35193,0.35284,0.34785,0.34833,5239,18323.0764
1783929660000,0.34944,0.35143,0.33664,0.34871,21856,75243.6614
1783929720000,0.34903,0.3491,0.34374,0.34588,5893,20389.6749
1783929780000,0.3461,0.348,0.34554,0.34741,3178,11036.8791
1783929840000,0.34825,0.35095,0.34825,0.34958,7982,27963.3244
1783929900000,0.35017,0.35113,0.34944,0.35113,2652,9295.8967
1783929960000,0.35082,0.35082,0.34757,0.3482,2044,7130.9774
1783930020000,0.34882,0.34917,0.34583,0.34595,2126,7391.4342
1783930080000,0.3457,0.34842,0.34563,0.34674,1559,5408.6102
1783930140000,0.34658,0.34859,0.34658,0.34828,1503,5224.7405
1783930200000,0.34823,0.34948,0.34803,0.34921,1503,5239.9175
1783930260000,0.34906,0.34946,0.34755,0.34755,1039,3623.4376
1783930320000,0.34732,0.34866,0.34732,0.34791,1496,5207.7485
1783930380000,0.3481,0.34829,0.34645,0.34669,2580,8955.1538
1783930440000,0.3466,0.34726,0.34557,0.34671,1551,5375.201
1783930500000,0.34706,0.349,0.34673,0.349,736,2559.1002
1783930560000,0.349,0.35258,0.34852,0.35107,2337,8193.6296
1783930620000,0.35093,0.3528,0.35065,0.35166,1700,5977.8913
1783930680000,0.35171,0.35255,0.35086,0.35152,1547,5438.8645
1783930740000,0.35099,0.35316,0.35077,0.35241,735,2587.3025
1783930800000,0.35195,0.35226,0.348,0.34897,3601,12614.057
1783930860000,0.34872,0.35193,0.34788,0.35193,1231,4300.7431
1783930920000,0.35211,0.35391,0.35202,0.35387,887,3132.4722
1783930980000,0.35312,0.35336,0.35151,0.35274,478,1685.5882
1783931040000,0.35265,0.35303,0.35176,0.35275,1760,6201.9429
1783931100000,0.35281,0.35495,0.35226,0.35376,1969,6964.765
1783931160000,0.35373,0.35975,0.35371,0.35975,1585,5641.6649
1783931220000,0.35944,0.3637,0.35793,0.36131,3606,13013.1579
1783931280000,0.36154,0.36496,0.35846,0.35919,4888,17671.8969
1783931340000,0.35855,0.36178,0.35845,0.36017,1248,4497.5141
1783931400000,0.35955,0.36056,0.35873,0.35964,1073,3859.0664
1783931460000,0.35885,0.35952,0.35669,0.35733,710,2539.0901
1783931520000,0.35674,0.35888,0.35646,0.35713,780,2787.858
1783931580000,0.35671,0.35753,0.35517,0.35586,2202,7837.6063
1783931640000,0.35586,0.35701,0.3547,0.35663,1373,4883.9631
1783931700000,0.35659,0.35756,0.35325,0.35349,3586,12742.5594
1783931760000,0.35344,0.35455,0.35232,0.3537,1370,4840.9731
1783931820000,0.35391,0.35436,0.35287,0.35411,629,2225.2983
1783931880000,0.3543,0.35617,0.35429,0.35563,1151,4085.5576
1783931940000,0.35617,0.35833,0.35617,0.35763,935,3339.4335
1783932000000,0.35753,0.36017,0.35701,0.35871,2375,8522.1389
1783932060000,0.35857,0.36173,0.35857,0.36091,1003,3610.731
1783932120000,0.35997,0.36035,0.3582,0.36018,1157,4161.2673
1783932180000,0.36037,0.36268,0.36027,0.36148,2205,7967.7592
1783932240000,0.36111,0.3627,0.36104,0.3624,1300,4702.8636
1783932300000,0.36226,0.36283,0.36069,0.36157,1296,4688.5461
1783932360000,0.3619,0.36288,0.36079,0.36139,1573,5693.3103
1783932420000,0.36148,0.36148,0.3586,0.36029,1030,3704.4273
1783932480000,0.36073,0.36131,0.35948,0.36007,1414,5103.9705
1783932540000,0.35967,0.36037,0.3588,0.35903,2674,9613.1388
1783932600000,0.35885,0.3598,0.35853,0.3588,345,1239.2661
1783932660000,0.35891,0.36007,0.35864,0.35948,6031,21663.154
1783932720000,0.35978,0.36173,0.35926,0.36133,2174,7829.1674
1783932780000,0.36098,0.36199,0.35967,0.36199,1727,6231.9817
1783932840000,0.36195,0.36217,0.36068,0.36098,2245,8119.0146
1783932900000,0.36079,0.36165,0.35913,0.36103,1410,5073.6078
1783932960000,0.36121,0.37467,0.36121,0.37153,11989,44212.9187
1783933020000,0.37141,0.37637,0.36869,0.36958,6175,22963.7939
1783933080000,0.37016,0.37102,0.36902,0.36902,1586,5858.5599
1783933140000,0.36895,0.36983,0.36816,0.36983,3012,11113.3011
1783933200000,0.36959,0.37024,0.36642,0.36674,1360,5017.5907
1783933260000,0.36646,0.36781,0.36612,0.36772,5645,20709.4313
1783933320000,0.36834,0.36865,0.3664,0.36679,3364,12346.1505
1783933380000,0.36679,0.36876,0.36679,0.3669,977,3595.3905
1783933440000,0.36716,0.36782,0.36562,0.36582,847,3104.4579
1783933500000,0.36575,0.36704,0.36544,0.36549,1333,4880.5137
1783933560000,0.36584,0.36839,0.36567,0.36804,610,2240.7073
1783933620000,0.36831,0.37321,0.36831,0.37161,4311,15974.1365
1783933680000,0.37072,0.37189,0.36908,0.36981,5868,21728.6182
1783933740000,0.37019,0.3709,0.36978,0.3709,313,1159.2061
1783933800000,0.37109,0.37188,0.36999,0.36999,649,2408.2489
1783933860000,0.37052,0.37322,0.37012,0.37322,7851,29184.3173
1783933920000,0.37293,0.37513,0.37225,0.37438,1272,4753.7188
1783933980000,0.37392,0.37527,0.37303,0.37322,1049,3923.886
1783934040000,0.37295,0.3732,0.37079,0.37184,1847,6873.7982
1783934100000,0.37168,0.37238,0.3709,0.37207,2121,7887.1489
1783934160000,0.37257,0.37445,0.36868,0.36868,3567,13244.8097
1783934220000,0.36923,0.37084,0.36833,0.36851,734,2710.8522
1783934280000,0.36835,0.36902,0.36544,0.36674,5526,20311.2263
1783934340000,0.36738,0.3678,0.36531,0.36662,534,1956.438
1783934400000,0.36673,0.36881,0.36673,0.36813,415,1527.9396
1783934460000,0.36824,0.3703,0.36809,0.36941,502,1853.2272
1783934520000,0.36959,0.37022,0.36828,0.36913,1672,6173.388
1783934580000,0.36898,0.36898,0.36664,0.36664,630,2316.9104
1783934640000,0.36675,0.3677,0.36675,0.36716,233,855.7805
1783934700000,0.36749,0.36799,0.36583,0.36674,2548,9347.6539
1783934760000,0.36675,0.36791,0.36623,0.36687,1834,6731.3777
1783934820000,0.3674,0.36805,0.36654,0.36654,1385,5091.2111
1783934880000,0.36642,0.36644,0.36461,0.36494,2130,7778.8226
1783934940000,0.365,0.36582,0.36491,0.36505,563,2057.2617
1783935000000,0.36476,0.36642,0.36476,0.3658,493,1802.8094
1783935060000,0.36648,0.36943,0.36648,0.36841,2766,10203.3188
1783935120000,0.36848,0.36905,0.3676,0.36811,325,1197.2366
1783935180000,0.36798,0.36836,0.36586,0.36696,2334,8560.7553
1783935240000,0.36676,0.36715,0.36676,0.36701,40,146.7815
1783935300000,0.36731,0.36801,0.3659,0.36695,1343,4927.0351
1783935360000,0.36684,0.36821,0.36563,0.36687,796,2921.1205
1783935420000,0.36675,0.36675,0.35609,0.35896,4916,17751.5588
1783935480000,0.35962,0.36289,0.35962,0.36217,1912,6916.3903
1783935540000,0.36186,0.3622,0.35934,0.35939,1148,4132.654
1783935600000,0.36016,0.36201,0.35997,0.36106,2468,8920.3438
1783935660000,0.36124,0.36167,0.36019,0.36019,790,2851.0134
1783935720000,0.36056,0.3606,0.35762,0.35786,388,1392.5144
1783935780000,0.35844,0.35898,0.35797,0.35797,423,1516.1443
1783935840000,0.35848,0.35848,0.3561,0.3572,847,3023.8211
1783935900000,0.35686,0.35926,0.35679,0.35895,739,2647.597
1783935960000,0.35876,0.36033,0.35746,0.35893,1994,7151.5403
1783936020000,0.35888,0.35888,0.35714,0.35759,1745,6248.3781
1783936080000,0.3578,0.35794,0.35436,0.35529,2735,9736.6278
1783936140000,0.35593,0.35872,0.35547,0.35843,1454,5192.6827
1783936200000,0.35836,0.35836,0.35636,0.35636,1608,5735.0936
1783936260000,0.3558,0.35678,0.35391,0.35562,3025,10736.2098
1783936320000,0.35586,0.35586,0.35401,0.35401,1306,4633.9722
1783936380000,0.35485,0.35562,0.35222,0.35456,4137,14641.716
1783936440000,0.3545,0.3545,0.35173,0.35267,5008,17688.8105
1783936500000,0.35227,0.35359,0.35111,0.35359,2704,9514.939
1783936560000,0.35335,0.35335,0.35165,0.35196,1663,5864.5517
1783936620000,0.35212,0.35243,0.34821,0.35134,5673,19855.0526
1783936680000,0.35116,0.35349,0.3505,0.35349,694,2440.6609
1783936740000,0.35333,0.35395,0.35195,0.35195,5886,20812.2836
1783936800000,0.35235,0.35352,0.35189,0.35243,548,1931.4876
1783936860000,0.35262,0.35438,0.35221,0.35221,1666,5894.7454
1783936920000,0.35236,0.35403,0.35233,0.35393,250,882.5517
1783936980000,0.3538,0.35815,0.3534,0.35597,4329,15454.3378
1783937040000,0.35565,0.35566,0.35444,0.35564,2239,7953.1587
1783937100000,0.35597,0.35611,0.35236,0.35439,4625,16366.1455
1783937160000,0.3547,0.3547,0.35076,0.35162,2288,8062.8708
1783937220000,0.35165,0.35196,0.34908,0.35116,2331,8170.984
1783937280000,0.35126,0.35149,0.34862,0.3489,2558,8952.9584
1783937340000,0.34904,0.35086,0.34904,0.35014,1193,4176.3841
1783937400000,0.35001,0.35059,0.34822,0.34832,1366,4777.4086
1783937460000,0.34864,0.34872,0.34629,0.34629,3147,10928.1254
1783937520000,0.34667,0.34714,0.3445,0.34455,1076,3725.112
1783937580000,0.34505,0.34684,0.34431,0.34559,3339,11545.2844
1783937640000,0.34556,0.34625,0.3445,0.34482,628,2167.1854
1783937700000,0.34398,0.3469,0.3433,0.3469,2888,9953.3637
1783955760000,0.28787,0.28939,0.28746,0.28933,3477,10020.9686
1783955820000,0.28884,0.28959,0.28857,0.28947,1830,5288.6899
1783955880000,0.28956,0.2901,0.28878,0.28888,1234,3572.0752
1783955940000,0.28897,0.28957,0.28718,0.28762,742,2142.6441
1783956000000,0.28744,0.28935,0.28672,0.28935,1213,3488.5284
1783956060000,0.28916,0.29127,0.28878,0.29032,1003,2911.4454
1783956120000,0.29039,0.29347,0.29022,0.29329,4730,13781.0054
1783956180000,0.29315,0.29399,0.29177,0.29196,1852,5426.4998
1783956240000,0.29195,0.29389,0.29195,0.29386,1051,3081.6358
1783956300000,0.29392,0.29527,0.29274,0.29274,4249,12498.9126
1783956360000,0.2928,0.29295,0.29044,0.29056,3251,9494.9257
1783956420000,0.29072,0.2923,0.29051,0.29093,3822,11144.793
1783956480000,0.29084,0.29097,0.28819,0.28964,2444,7078.7312
1783956540000,0.28952,0.29098,0.28952,0.28988,497,1442.0557
1783956600000,0.28966,0.2904,0.28919,0.29008,2260,6548.3807
1783956660000,0.29007,0.29022,0.28919,0.29004,1367,3960.431
1783956720000,0.28991,0.29265,0.28991,0.29174,1187,3458.5249
1783956780000,0.29244,0.29356,0.29142,0.29185,1646,4811.7157
1783956840000,0.29083,0.29121,0.28975,0.2912,1672,4852.8299
1783956900000,0.29121,0.29203,0.29059,0.29107,773,2251.8883
1783956960000,0.29124,0.29133,0.28859,0.28911,812,2352.1209
1783957020000,0.28903,0.28916,0.28675,0.28766,4707,13544.0629
1783957080000,0.28767,0.29031,0.28753,0.28973,1472,4252.3942
1783957140000,0.2902,0.2915,0.29,0.29113,3156,9186.2814
1783957200000,0.29122,0.29144,0.28995,0.2911,2072,6025.9604
1783957260000,0.29091,0.29178,0.29071,0.29129,492,1432.3723
1783957320000,0.29117,0.29129,0.29016,0.29047,965,2804.8885
1783957380000,0.29025,0.29171,0.29024,0.2912,2507,7301.0486
1783957440000,0.29124,0.29319,0.29087,0.2922,2270,6623.0317
1783957500000,0.29227,0.29341,0.29198,0.29232,1078,3153.4759
1783957560000,0.29213,0.29226,0.28999,0.29028,322,937.3481
1783957620000,0.28999,0.28999,0.28812,0.28897,2784,8041.9914
1783957680000,0.28823,0.28951,0.28823,0.28943,6148,17758.2903
1783957740000,0.28929,0.29,0.2891,0.28946,476,1377.3316
1783957800000,0.28946,0.29109,0.28933,0.29102,1233,3578.3768
1783957860000,0.29086,0.2919,0.2888,0.2905,1348,3910.9247
1783957920000,0.29105,0.29113,0.29023,0.29087,395,1148.5537
1783957980000,0.29086,0.29086,0.28933,0.28983,183,530.2068
1783958040000,0.2898,0.29022,0.28847,0.28898,725,2096.2308
1783958100000,0.28903,0.28919,0.2881,0.28873,7382,21295.3077
1783958160000,0.28887,0.29192,0.28887,0.29143,4003,11607.6319
1783958220000,0.29135,0.30538,0.29135,0.30081,26976,80428.1895
1783958280000,0.30036,0.32819,0.29949,0.32085,68498,215262.3938
1783958340000,0.32059,0.32059,0.30989,0.31284,17947,56586.4549
1783958400000,0.3131,0.33287,0.31235,0.32922,28250,91561.2793
1783958460000,0.32888,0.33477,0.32595,0.33249,39552,130564.3813
1783958520000,0.3324,0.33313,0.32305,0.32863,21074,69096.2547
1783958580000,0.32819,0.34245,0.32608,0.34239,35795,119523.2379
1783958640000,0.34194,0.34194,0.334,0.33619,22138,74886.4112
1783958700000,0.33533,0.34048,0.32889,0.3373,25799,86374.0015
1783958760000,0.3374,0.34252,0.33682,0.34015,11536,39231.4803
1783958820000,0.33951,0.34002,0.33056,0.33181,6288,21084.523
1783958880000,0.33006,0.33098,0.32574,0.32879,8802,28970.5896
1783958940000,0.3287,0.33131,0.31627,0.32031,18476,59525.8873
1783959000000,0.32066,0.32379,0.31442,0.31442,9109,29157.017
1783959060000,0.31479,0.31644,0.30664,0.3089,19695,61151.1611
1783959120000,0.30843,0.30873,0.30295,0.30564,18123,55472.0693
1783959180000,0.30533,0.3063,0.29639,0.29942,21943,65972.2815
1783959240000,0.29924,0.3055,0.29869,0.30261,9147,27747.4333
1783959300000,0.30221,0.30246,0.29806,0.30175,5785,17361.3538
1783959360000,0.30185,0.30492,0.29854,0.30043,13645,41124.3171
1783959420000,0.29982,0.30111,0.29822,0.29879,13830,41438.3387
1783959480000,0.29909,0.30182,0.29822,0.29899,4957,14821.169
1783959540000,0.29928,0.29989,0.29366,0.29495,4621,13710.8702
1783959600000,0.29558,0.29625,0.29016,0.29297,43901,128049.9227
1783959660000,0.29254,0.29372,0.29063,0.29206,5860,17121.3231
1783959720000,0.29267,0.29678,0.29243,0.29519,9483,27977.1629
1783959780000,0.29569,0.29743,0.29492,0.29652,5767,17073.1997
1783959840000,0.297,0.30692,0.2957,0.30679,12808,38425.8689
1783959900000,0.30604,0.322,0.30604,0.31672,30944,96929.8846
1783959960000,0.3166,0.32386,0.31501,0.32056,35048,112542.9164
1783960020000,0.3198,0.32952,0.31861,0.32785,28629,93134.128
1783960080000,0.32814,0.32881,0.31804,0.31804,4611,14921.3825
1783960140000,0.31718,0.31763,0.30757,0.3086,6876,21506.0825
1783960200000,0.30742,0.32137,0.30722,0.31823,11173,35385.0887
1783960260000,0.31776,0.31816,0.31328,0.31586,6560,20704.3764
1783960320000,0.31506,0.31514,0.31038,0.31472,2533,7921.8244
1783960380000,0.31535,0.32061,0.31478,0.31722,15006,47718.4952
1783960440000,0.31692,0.31908,0.31443,0.31661,8179,25925.4194
1783960500000,0.31571,0.31571,0.3094,0.31332,34550,107776.4815
1783960560000,0.31326,0.31527,0.31175,0.31319,8026,25187.9377
1783960620000,0.31255,0.31266,0.30921,0.30955,6443,20045.2052
1783960680000,0.30942,0.31298,0.30837,0.31269,5376,16714.6968
1783960740000,0.31255,0.31264,0.30988,0.31011,2323,7221.7387
1783960800000,0.31046,0.31046,0.30366,0.30459,3599,11043.1248
1783960860000,0.30471,0.30483,0.2994,0.30116,12555,37910.9246
1783960920000,0.30084,0.30293,0.29931,0.30189,6872,20742.2513
1783960980000,0.29985,0.30063,0.29499,0.30062,15703,46892.6522
1783961040000,0.30062,0.30364,0.29868,0.30353,2653,7977.0175
1783961100000,0.30367,0.30367,0.30055,0.30247,2448,7394.3802
1783961160000,0.30215,0.30222,0.29733,0.29908,2490,7440.5294
1783961220000,0.29944,0.30031,0.29749,0.2983,4071,12152.2889
1783961280000,0.29817,0.30092,0.29694,0.29932,1215,3628.1529
1783961340000,0.29808,0.30024,0.29765,0.29916,810,2422.3335
1783961400000,0.29861,0.30291,0.29845,0.30242,2456,7386.9384
1783961460000,0.3017,0.3017,0.29451,0.29917,6004,17881.402
1783961520000,0.29902,0.30819,0.2968,0.30672,8838,26729.3195
1783961580000,0.30611,0.31086,0.30563,0.30863,8479,26202.3254
1783961640000,0.30864,0.30864,0.30156,0.3035,3677,11186.898
1783961700000,0.30234,0.30752,0.30133,0.30707,3341,10143.5633
1783961760000,0.30694,0.30903,0.3036,0.30391,6198,19022.8112
1783961820000,0.30389,0.30389,0.30051,0.30143,2102,6356.0328
1783961880000,0.30129,0.30367,0.30032,0.30032,1527,4607.6514
1783961940000,0.30002,0.3002,0.29826,0.29952,9094,27257.4187
1783962000000,0.29868,0.30232,0.29843,0.30209,920,2765.155
1783962060000,0.30178,0.30178,0.28689,0.29142,25956,76207.5927
1783962120000,0.29151,0.2924,0.26724,0.27715,86181,238065.9655
1783962180000,0.27706,0.27709,0.27,0.27559,35376,96800.7217
1783962240000,0.2755,0.27652,0.26996,0.27147,35912,97878.9625
1783962300000,0.27123,0.27332,0.26574,0.26762,50609,135475.636
1783962360000,0.26762,0.26762,0.2545,0.25929,44894,116191.8626
1783962420000,0.25933,0.26689,0.25898,0.26352,44703,117957.906
1783962480000,0.26332,0.26591,0.25722,0.26113,18542,48559.1469
1783962540000,0.26132,0.26241,0.2572,0.25984,7569,19700.6914
1783962600000,0.25994,0.26007,0.25564,0.25858,9558,24692.0047
1783962660000,0.25826,0.26464,0.25732,0.2642,5848,15222.8793
1783962720000,0.26436,0.26635,0.26141,0.26586,5898,15560.0999
1783962780000,0.26477,0.26565,0.26265,0.265,4143,10932.5277
1783962840000,0.26479,0.26479,0.25851,0.25995,15776,41101.8823
1783962900000,0.26021,0.262,0.25271,0.262,21095,54263.8926
1783962960000,0.26168,0.26376,0.2596,0.2596,5708,14984.6159
1783963020000,0.26034,0.2611,0.25864,0.25988,3412,8866.4911
1783963080000,0.25999,0.26253,0.25945,0.26066,2755,7189.5277
1783963140000,0.26067,0.26342,0.26067,0.26213,6677,17495.4925
1783963200000,0.26189,0.26584,0.26189,0.26578,3269,8590.264
1783963260000,0.26611,0.2669,0.26362,0.26497,3006,7968.7853
1783963320000,0.2647,0.26569,0.26391,0.26495,5646,14950.6527
1783963380000,0.26465,0.26512,0.26101,0.26153,4648,12255.7284
1783963440000,0.26074,0.26128,0.25811,0.25942,12649,32919.735
1783963500000,0.25979,0.2669,0.25814,0.26427,7840,20452.1272
1783963560000,0.26383,0.26553,0.26136,0.2621,6925,18216.2718
1783963620000,0.2624,0.26401,0.26218,0.26371,2859,7533.6059
1783963680000,0.26329,0.26332,0.26039,0.26247,29973,78406.8315
1783963740000,0.26225,0.26235,0.25752,0.25936,88996,230862.6827
1783963800000,0.25915,0.26168,0.25859,0.26039,8204,21364.6231
1783963860000,0.26045,0.26081,0.25912,0.25992,5822,15147.778
1783963920000,0.26045,0.26045,0.25822,0.25948,6923,17938.4923
1783963980000,0.25949,0.26207,0.25935,0.26074,3312,8643.177
1783964040000,0.26056,0.26184,0.26046,0.26125,2096,5474.636
1783964100000,0.26126,0.26133,0.25927,0.2606,4111,10713.5126
1783964160000,0.26044,0.26059,0.25883,0.25944,5575,14471.8703
1783964220000,0.2593,0.25993,0.25591,0.25664,9356,24135.4748
1783964280000,0.25648,0.25864,0.25593,0.25794,8366,21513.8251
1783964340000,0.25789,0.25857,0.23994,0.24426,56861,139200.1969
1783964400000,0.24448,0.24846,0.24394,0.24617,25404,62831.689
1783964460000,0.24638,0.24848,0.24562,0.24765,40440,99997.8002
1783964520000,0.24761,0.25131,0.24702,0.24906,72552,180695.368
1783964580000,0.24906,0.25284,0.24884,0.25284,10695,26783.8086
1783964640000,0.25248,0.25252,0.24659,0.24753,3162,7864.1473
1783964700000,0.24776,0.24916,0.24669,0.24754,9374,23258.1535
1783964760000,0.24725,0.24751,0.24609,0.24689,5371,13253.2141
1783964820000,0.24689,0.24777,0.24513,0.24608,1824,4497.9178
1783964880000,0.246,0.24748,0.24567,0.24707,2138,5279.3156
1783964940000,0.24676,0.24727,0.24621,0.24635,4490,11080.6119
1783965000000,0.24632,0.24663,0.24382,0.24487,4375,10729.6804
1783965060000,0.24525,0.24567,0.243,0.24421,11914,29070.1342
1783965120000,0.2441,0.24834,0.2441,0.24723,9647,23811.6738
1783965180000,0.24651,0.24752,0.24529,0.24596,17130,42281.6581
1783965240000,0.24602,0.24661,0.23198,0.23379,34883,82611.0138
1783965300000,0.23379,0.23677,0.23083,0.23486,52923,124199.7168
1783965360000,0.23506,0.23781,0.23466,0.23721,7619,18005.8949
1783965420000,0.23686,0.23711,0.23515,0.23539,3114,7346.7154
1783965480000,0.23479,0.23579,0.23415,0.23503,5340,12549.0385
1783965540000,0.23515,0.23559,0.22655,0.22937,27387,63000.7227
1783965600000,0.22917,0.23201,0.22817,0.23096,12682,29243.7692
1783965660000,0.23116,0.23389,0.22771,0.22847,10299,23956.7663
1783965720000,0.22816,0.23282,0.22681,0.23244,19361,44647.5722
1783965780000,0.23244,0.23258,0.22993,0.23092,3058,7071.3349
1783965840000,0.23069,0.233,0.22999,0.23245,8473,19582.6394
1783965900000,0.23176,0.2372,0.23152,0.23524,14512,34267.0131
1783965960000,0.23477,0.23498,0.23313,0.23417,4046,9479.3775
1783966020000,0.2331,0.23339,0.23143,0.23143,4587,10670.1138
1783966080000,0.2316,0.23598,0.23125,0.23538,5469,12825.4042
1783966140000,0.23485,0.23669,0.23356,0.23606,6546,15358.7613
1783966200000,0.23637,0.23637,0.23197,0.23256,8778,20494.089
1783966260000,0.23215,0.23408,0.23149,0.23327,1392,3242.4452
1783966320000,0.23297,0.23324,0.23222,0.233,658,1530.7734
1783966380000,0.23283,0.2329,0.22807,0.23226,9581,22106.6794
1783966440000,0.23263,0.23283,0.22219,0.22689,23770,53806.1602
1783966500000,0.22695,0.22977,0.22685,0.228,9060,20664.3006
1783966560000,0.22765,0.22765,0.22293,0.22477,11576,25994.6556
1783966620000,0.22496,0.2254,0.22067,0.22121,6483,14516.4862
1783966680000,0.22133,0.22513,0.2201,0.22498,9362,20873.5083
1783966740000,0.22493,0.226,0.22389,0.22389,7808,17585.273
1783966800000,0.22428,0.2251,0.22365,0.22365,3421,7676.1971
1783966860000,0.22375,0.22678,0.22375,0.22579,6990,15771.3979
1783966920000,0.22599,0.22599,0.22383,0.2243,4969,11163.8262
1783966980000,0.22419,0.22607,0.22408,0.22602,2579,5810.7382
1783967040000,0.22612,0.22656,0.22499,0.22522,3393,7667.9914
1783967100000,0.22514,0.22578,0.2243,0.2253,2067,4653.3022
1783967160000,0.22478,0.22526,0.22327,0.22393,4162,9338.6572
1783967220000,0.22401,0.22501,0.22359,0.22428,5355,12004.264
1783967280000,0.22427,0.23288,0.22407,0.23129,14820,33970.682
1783967340000,0.23087,0.23192,0.22839,0.23048,18238,42086.2841
1783967400000,0.23,0.231,0.22844,0.23062,8541,19628.9404
1783967460000,0.23002,0.2426,0.22993,0.23553,42865,101743.9427
1783967520000,0.23501,0.23728,0.23447,0.23506,6434,15151.966
1783967580000,0.23423,0.23462,0.23163,0.23369,11844,27613.5881
1783967640000,0.23381,0.23403,0.22928,0.23035,6139,14206.8121
1783967700000,0.23039,0.23186,0.22919,0.22919,1954,4506.1808
1783985760000,0.25252,0.25252,0.24831,0.24977,7052,17600.0939
1783985820000,0.24975,0.2507,0.24855,0.25,3792,9465.0589
1783985880000,0.24998,0.25069,0.24833,0.24942,4205,10483.506
1783985940000,0.2491,0.25472,0.24864,0.25314,13060,32883.6595
1783986000000,0.25295,0.25295,0.2491,0.24949,5817,14553.7133
1783986060000,0.24975,0.25074,0.24919,0.2492,1720,4301.4775
1783986120000,0.24912,0.24959,0.24453,0.24646,10343,25488.6464
1783986180000,0.24594,0.24662,0.2444,0.24564,1487,3652.9981
1783986240000,0.24439,0.2451,0.24237,0.24334,1637,3994.5938
1783986300000,0.24324,0.24546,0.24272,0.24358,5157,12574.4006
1783986360000,0.24358,0.24358,0.2371,0.23939,7647,18341.9775
1783986420000,0.23927,0.24123,0.23927,0.24071,2692,6472.8512
1783986480000,0.24082,0.24152,0.23684,0.2382,3591,8577.5731
1783986540000,0.23826,0.24028,0.23826,0.23916,1844,4417.3763
1783986600000,0.23939,0.24069,0.2391,0.24032,3424,8222.8616
1783986660000,0.2403,0.2403,0.23722,0.23881,4045,9634.4915
1783986720000,0.23915,0.23935,0.23744,0.23825,1932,4603.6198
1783986780000,0.23845,0.23867,0.23753,0.23753,551,1312.0367
1783986840000,0.23778,0.24117,0.23778,0.24052,2453,5891.3276
1783986900000,0.24037,0.24245,0.23963,0.24145,1776,4292.8962
1783986960000,0.24163,0.25355,0.24163,0.25,17292,43195.9768
1783987020000,0.24984,0.2508,0.24823,0.25024,10382,25919.1414
1783987080000,0.25001,0.25238,0.24828,0.25012,4733,11818.4285
1783987140000,0.25014,0.25783,0.24948,0.25442,6415,16203.914
1783987200000,0.25419,0.25443,0.24861,0.24861,9350,23530.7634
1783987260000,0.2499,0.25223,0.24895,0.25131,2991,7495.4252
1783987320000,0.2493,0.2493,0.24618,0.24622,3186,7903.9239
1783987380000,0.2463,0.25172,0.24408,0.2485,7723,19089.4458
1783987440000,0.24873,0.2528,0.24873,0.24874,6491,16251.6184
1783987500000,0.24917,0.25142,0.24917,0.24943,6113,15286.8834
1783987560000,0.24943,0.25117,0.24909,0.25082,3335,8331.1371
1783987620000,0.25064,0.25077,0.24847,0.25027,3940,9832.6086
1783987680000,0.25044,0.25637,0.25029,0.25623,7030,17875.1452
1783987740000,0.25636,0.25644,0.25094,0.2538,10248,25921.3126
1783987800000,0.25407,0.25506,0.25192,0.25266,4129,10487.8871
1783987860000,0.25221,0.25248,0.2486,0.24861,3012,7524.1762
1783987920000,0.24909,0.27171,0.24733,0.2702,65370,171158.2721
1783987980000,0.2703,0.2703,0.26169,0.26331,17372,46303.4286
1783988040000,0.26308,0.27035,0.26283,0.268,5408,14450.9901
1783988100000,0.26812,0.26826,0.26279,0.26464,8216,21720.6574
1783988160000,0.26462,0.26462,0.26236,0.26242,3265,8596.1641
1783988220000,0.26226,0.26357,0.26022,0.26163,7398,19359.0646
1783988280000,0.26271,0.26298,0.25629,0.25767,4900,12658.0023
1783988340000,0.25779,0.25954,0.25569,0.25816,2828,7297.1614
1783988400000,0.2571,0.25836,0.25514,0.25651,4663,11975.406
1783988460000,0.25647,0.25975,0.25568,0.25915,2027,5236.5635
1783988520000,0.25947,0.26035,0.25798,0.25806,2601,6729.3553
1783988580000,0.25783,0.25912,0.257,0.25856,2353,6071.5277
1783988640000,0.25885,0.25894,0.25704,0.25734,1142,2945.4579
1783988700000,0.2574,0.25838,0.25589,0.25762,1552,3993.5339
1783988760000,0.25789,0.26118,0.25789,0.26092,4778,12413.4418
1783988820000,0.26013,0.26085,0.2582,0.26085,12128,31478.3258
1783988880000,0.26078,0.26184,0.25832,0.25883,6072,15833.4318
1783988940000,0.25897,0.25961,0.25626,0.25875,1603,4125.0404
1783989000000,0.25855,0.261,0.25855,0.26006,3222,8372.5845
1783989060000,0.25966,0.2667,0.25966,0.26247,14450,38214.1578
1783989120000,0.26242,0.26428,0.26209,0.26352,2474,6511.5633
1783989180000,0.26351,0.26504,0.26265,0.2635,3920,10315.7886
1783989240000,0.263,0.26336,0.25487,0.2555,12188,31396.5841
1783989300000,0.25512,0.25678,0.25,0.25268,18095,45925.0087
1783989360000,0.2529,0.25476,0.25194,0.25476,4953,12556.328
1783989420000,0.2535,0.25383,0.24789,0.24879,9528,23815.3083
1783989480000,0.24961,0.25187,0.24931,0.25109,5395,13531.9566
1783989540000,0.25112,0.25251,0.25061,0.25206,2040,5128.6624
1783989600000,0.25248,0.26474,0.25248,0.26321,13304,34618.1258
1783989660000,0.26375,0.26407,0.26116,0.26217,6570,17272.4785
1783989720000,0.26217,0.26232,0.25902,0.2606,8677,22675.8469
1783989780000,0.26079,0.26461,0.25944,0.26429,5225,13747.4937
1783989840000,0.26471,0.26667,0.26209,0.26226,2404,6341.9227
1783989900000,0.26194,0.26591,0.26194,0.26371,1961,5185.5604
1783989960000,0.26308,0.26308,0.25789,0.25921,5217,13551.0644
1783990020000,0.25887,0.25913,0.25666,0.25899,1701,4391.9013
1783990080000,0.25798,0.26052,0.25721,0.25999,1802,4664.7365
1783990140000,0.2602,0.2615,0.25766,0.25856,2956,7686.1167
1783990200000,0.25813,0.26027,0.25813,0.25933,658,1704.6893
1783990260000,0.2595,0.26099,0.2592,0.25951,852,2217.3373
1783990320000,0.25898,0.26173,0.25898,0.26173,5835,15197.984
1783990380000,0.26184,0.26241,0.2598,0.26043,2920,7610.1952
1783990440000,0.2596,0.2604,0.25724,0.25823,5014,12998.0153
1783990500000,0.25799,0.25996,0.25708,0.25708,5401,13956.4573
1783990560000,0.25724,0.25786,0.25354,0.25394,5885,15031.5752
1783990620000,0.25466,0.25612,0.25466,0.25472,913,2332.7209
1783990680000,0.25449,0.2549,0.24865,0.25167,6707,16946.8818
1783990740000,0.25208,0.25259,0.24822,0.25037,1894,4748.394
1783990800000,0.25023,0.25303,0.25023,0.25204,4134,10413.2911
1783990860000,0.25192,0.25249,0.25108,0.2515,1305,3289.0614
1783990920000,0.25213,0.25269,0.25099,0.25099,961,2423.4693
1783990980000,0.25075,0.25171,0.24438,0.24587,16414,40621.3531
1783991040000,0.2459,0.25057,0.24579,0.24865,4526,11271.9131
1783991100000,0.24851,0.24938,0.24715,0.24868,1717,4269.1254
1783991160000,0.24918,0.24968,0.24722,0.2477,2868,7140.2525
1783991220000,0.24722,0.25305,0.24714,0.25299,4540,11392.0318
1783991280000,0.25318,0.25451,0.24919,0.24972,4400,11038.8526
1783991340000,0.24962,0.25106,0.24927,0.25099,971,2430.7178
1783991400000,0.25001,0.25134,0.2497,0.25132,1560,3906.3436
1783991460000,0.25091,0.25109,0.24913,0.25049,1868,4677.0821
1783991520000,0.25046,0.25103,0.24885,0.24885,2283,5710.9984
1783991580000,0.24934,0.25016,0.24819,0.24894,409,1019.2145
1783991640000,0.24904,0.25004,0.24903,0.25,580,1447.9565
1783991700000,0.25026,0.25054,0.2494,0.25023,956,2392.2161
1783991760000,0.25018,0.2503,0.24938,0.25022,517,1292.3162
1783991820000,0.25024,0.25024,0.24775,0.24933,3157,7840.0024
1783991880000,0.24918,0.25052,0.24859,0.25052,860,2146.9939
1783991940000,0.25019,0.25019,0.24866,0.2491,1756,4375.8359
1783992000000,0.24877,0.24877,0.24449,0.24655,4759,11716.8835
1783992060000,0.24696,0.24735,0.24531,0.24631,1159,2857.0545
1783992120000,0.24651,0.24651,0.244,0.24488,974,2386.2012
1783992180000,0.24521,0.24606,0.24134,0.24218,5216,12679.868
1783992240000,0.24202,0.24492,0.24202,0.24366,4478,10923.5967
1783992300000,0.24418,0.24475,0.24339,0.24339,1888,4611.6082
1783992360000,0.24339,0.24384,0.24179,0.24227,1698,4124.5091
1783992420000,0.24287,0.24315,0.24256,0.24315,1669,4054.1287
1783992480000,0.2424,0.24363,0.24175,0.24212,2321,5632.4377
1783992540000,0.24226,0.24412,0.24226,0.2438,2843,6915.0613
1783992600000,0.24333,0.24354,0.23864,0.24163,9457,22745.3
1783992660000,0.24161,0.24261,0.24104,0.24231,2455,5935.6175
1783992720000,0.24226,0.24558,0.24221,0.24538,4610,11248.9541
1783992780000,0.24477,0.24507,0.24187,0.2421,2583,6287.6303
1783992840000,0.24208,0.24465,0.24191,0.24311,1830,4453.5896
1783992900000,0.24363,0.24363,0.24202,0.24205,528,1282.5635
1783992960000,0.24204,0.24493,0.24204,0.2448,1099,2681.9723
1783993020000,0.24486,0.24487,0.24312,0.24323,1528,3729.1469
1783993080000,0.24346,0.2444,0.24329,0.24408,1345,3281.2516
1783993140000,0.24457,0.2465,0.24457,0.24532,2637,6480.1134
1783993200000,0.24536,0.24639,0.24441,0.24467,3249,7973.6657
1783993260000,0.24472,0.24729,0.24458,0.24597,2014,4958.7975
1783993320000,0.24616,0.24945,0.24616,0.24895,2649,6557.9688
1783993380000,0.24844,0.2495,0.24804,0.24921,2454,6104.5126
1783993440000,0.24911,0.24941,0.24688,0.24789,1897,4702.3526
1783993500000,0.24799,0.24817,0.24607,0.24723,1759,4349.5123
1783993560000,0.24703,0.24891,0.24703,0.24733,1879,4654.3358
1783993620000,0.24748,0.2483,0.24658,0.24729,992,2455.8465
1783993680000,0.24722,0.24815,0.24641,0.24705,1668,4120.7383
1783993740000,0.24709,0.2491,0.24644,0.2491,1928,4780.7512
1783993800000,0.24911,0.2533,0.24911,0.25231,8705,21876.8631
1783993860000,0.25193,0.25747,0.25167,0.25746,5514,14069.2433
1783993920000,0.25738,0.25909,0.25504,0.25518,6161,15864.5196
1783993980000,0.25456,0.25665,0.25395,0.25544,2553,6514.2231
1783994040000,0.25558,0.25654,0.25452,0.25654,1004,2561.6005
1783994100000,0.25619,0.25861,0.2561,0.2568,3270,8424.8334
1783994160000,0.25696,0.25827,0.25613,0.25714,1726,4438.6468
1783994220000,0.25697,0.25759,0.25537,0.25596,865,2217.2666
1783994280000,0.25592,0.25718,0.25543,0.25562,1144,2932.4607
1783994340000,0.25611,0.25625,0.25552,0.25576,1005,2570.9707
1783994400000,0.25601,0.25695,0.25223,0.25259,5785,14732.9199
1783994460000,0.25202,0.25311,0.24889,0.25044,3535,8866.7318
1783994520000,0.25046,0.25064,0.24926,0.25049,2481,6207.0897
1783994580000,0.25011,0.25011,0.24842,0.24842,1385,3454.2631
1783994640000,0.24833,0.25041,0.24809,0.24967,2447,6106.8029
1783994700000,0.24963,0.25017,0.24837,0.24838,2635,6567.0052
1783994760000,0.24861,0.251,0.24815,0.25063,3067,7649.6623
1783994820000,0.25069,0.25679,0.2496,0.2539,13795,34971.1228
1783994880000,0.25417,0.25417,0.2503,0.25155,3323,8391.822
1783994940000,0.25139,0.25139,0.25002,0.25018,3127,7845.2377
1783995000000,0.25056,0.25056,0.24692,0.24849,4338,10795.6596
1783995060000,0.24818,0.24821,0.24605,0.24636,1761,4353.0421
1783995120000,0.24638,0.24757,0.24601,0.24669,2609,6436.2723
1783995180000,0.24647,0.24818,0.24557,0.24759,4575,11304.8699
1783995240000,0.24777,0.24929,0.24746,0.24915,912,2267.9516
1783995300000,0.24908,0.24972,0.24864,0.24879,1544,3849.5369
1783995360000,0.24854,0.24914,0.24749,0.24792,995,2466.7968
1783995420000,0.24772,0.24829,0.24763,0.24771,854,2117.9024
1783995480000,0.24804,0.24816,0.24741,0.2477,411,1018.3277
1783995540000,0.24788,0.24803,0.24619,0.24619,2260,5579.7196
1783995600000,0.24655,0.24824,0.24655,0.24778,2646,6548.3437
1783995660000,0.24803,0.24984,0.24695,0.24844,1879,4668.6019
1783995720000,0.24832,0.24875,0.24742,0.24783,2175,5397.428
1783995780000,0.24814,0.24866,0.24734,0.24849,1901,4717.2347
1783995840000,0.24821,0.24821,0.24597,0.24636,3549,8761.0769
1783995900000,0.24608,0.24714,0.24577,0.24682,526,1296.6859
1783995960000,0.24679,0.2474,0.24623,0.24725,1474,3638.5492
1783996020000,0.24744,0.25149,0.24744,0.25124,2854,7133.7396
1783996080000,0.25098,0.25168,0.24887,0.24904,1645,4117.6346
1783996140000,0.24915,0.24918,0.24829,0.24918,1332,3313.0517
1783996200000,0.24914,0.24969,0.2487,0.24969,2035,5072.3201
1783996260000,0.24975,0.25138,0.24975,0.25097,1356,3397.5989
1783996320000,0.2511,0.25234,0.2511,0.25168,1237,3112.7522
1783996380000,0.25183,0.25651,0.25183,0.2555,6957,17723.0267
1783996440000,0.25515,0.2553,0.25317,0.25363,5396,13720.6507
1783996500000,0.25384,0.25852,0.25384,0.25819,2845,7294.9326
1783996560000,0.25795,0.25896,0.25666,0.25724,3454,8908.195
1783996620000,0.25756,0.25853,0.25679,0.25787,2677,6899.3344
1783996680000,0.25835,0.2643,0.25808,0.26188,13559,35376.7581
1783996740000,0.2622,0.26865,0.25932,0.26618,13029,34409.7273
1783996800000,0.26621,0.26772,0.26383,0.26429,7784,20630.6876
1783996860000,0.26355,0.26355,0.26074,0.2616,2387,6264.822
1783996920000,0.26171,0.26313,0.2603,0.26116,3254,8523.2176
1783996980000,0.26091,0.26244,0.26015,0.26069,3869,10117.3482
1783997040000,0.26044,0.26161,0.25989,0.26096,1015,2648.061
1783997100000,0.26112,0.26445,0.26112,0.26396,1423,3736.6519
1783997160000,0.26359,0.26404,0.25951,0.26017,4361,11403.081
1783997220000,0.25976,0.25976,0.25761,0.25895,6519,16859.5653
1783997280000,0.2591,0.25981,0.258,0.2598,1149,2974.1244
1783997340000,0.26049,0.26129,0.25939,0.25939,1018,2650.7158
1783997400000,0.25971,0.25988,0.258,0.25829,3974,10272.8702
1783997460000,0.25852,0.25876,0.25748,0.25798,1117,2885.3126
1783997520000,0.25794,0.25871,0.25752,0.25806,5022,12976.9592
1783997580000,0.25784,0.25907,0.2565,0.25676,1483,3821.0859
1783997640000,0.25661,0.25721,0.25633,0.25721,833,2140.5068
1783997700000,0.25756,0.25768,0.256,0.25679,880,2261.8638
1784015760000,0.27979,0.27999,0.27846,0.27888,692,1931.728
1784015820000,0.2793,0.28051,0.27919,0.28026,421,1179.0439
1784015880000,0.28,0.28126,0.27952,0.28126,244,683.4236
1784015940000,0.28101,0.28101,0.27887,0.28001,2239,6261.5321
1784016000000,0.27957,0.28027,0.27719,0.27813,1001,2789.4743
1784016060000,0.27823,0.2795,0.276,0.276,1273,3535.7995
1784016120000,0.27628,0.27628,0.27368,0.27472,1411,3873.1504
1784016180000,0.27407,0.27638,0.27407,0.27535,4420,12184.4549
1784016240000,0.27499,0.27515,0.27265,0.27265,433,1185.1447
1784016300000,0.27265,0.27675,0.27236,0.27675,745,2042.9504
1784016360000,0.27643,0.27723,0.27409,0.27449,1331,3670.4449
1784016420000,0.27499,0.27636,0.27352,0.27636,780,2145.4129
1784016480000,0.27647,0.27647,0.27436,0.27475,2048,5629.0074
1784016540000,0.27483,0.27501,0.27213,0.27434,1215,3328.2456
1784016600000,0.27433,0.27433,0.27126,0.27161,1207,3288.8456
1784016660000,0.2718,0.27189,0.26566,0.26878,4061,10889.7761
1784016720000,0.26912,0.27125,0.26912,0.2704,3211,8682.3104
1784016780000,0.27037,0.27037,0.26608,0.26847,5097,13638.7639
1784016840000,0.26847,0.26912,0.26654,0.26715,1122,3004.1102
1784016900000,0.2676,0.26902,0.26552,0.2667,3450,9206.6325
1784016960000,0.26662,0.268,0.26615,0.26745,5730,15311.8385
1784017020000,0.26721,0.2682,0.267,0.26803,1509,4036.8729
1784017080000,0.26804,0.2682,0.26711,0.26734,308,824.1284
1784017140000,0.26712,0.27333,0.267,0.27211,5994,16223.7599
1784017200000,0.27158,0.27158,0.26835,0.27051,3697,9981.6502
1784017260000,0.27015,0.27272,0.26762,0.27167,3219,8728.9712
1784017320000,0.27156,0.27177,0.2701,0.27057,3902,10562.5333
1784017380000,0.27016,0.27049,0.26862,0.26927,4735,12763.5422
1784017440000,0.26905,0.27164,0.26893,0.27139,1780,4815.1988
1784017500000,0.27086,0.27285,0.27008,0.27008,1667,4518.0756
1784017560000,0.27002,0.27138,0.26955,0.27116,223,604.1121
1784017620000,0.27042,0.27237,0.27039,0.27236,908,2464.1151
1784017680000,0.27183,0.27183,0.26933,0.27081,2597,7034.691
1784017740000,0.27082,0.27231,0.27043,0.27231,940,2548.583
1784017800000,0.27143,0.27143,0.26987,0.27075,467,1264.3768
1784017860000,0.27067,0.27169,0.26938,0.27011,1341,3626.5083
1784017920000,0.26973,0.27078,0.26731,0.26809,5073,13643.1689
1784017980000,0.26766,0.26802,0.255,0.25992,24230,62935.8671
1784018040000,0.25954,0.26071,0.252,0.25778,8712,22358.1217
1784018100000,0.25778,0.26214,0.25778,0.26168,7364,19252.9178
1784018160000,0.26185,0.26248,0.25818,0.26012,9157,23897.4139
1784018220000,0.26027,0.26225,0.26027,0.26155,1648,4309.4116
1784018280000,0.26167,0.26206,0.2585,0.25854,1220,3174.3256
1784018340000,0.25853,0.25994,0.2583,0.25959,1544,4005.6449
1784018400000,0.2598,0.25986,0.25647,0.2568,5453,14098.0152
1784018460000,0.25706,0.25899,0.25621,0.25733,2174,5605.975
1784018520000,0.25717,0.25845,0.25598,0.25629,7287,18725.6414
1784018580000,0.25638,0.26007,0.25638,0.25823,2729,7047.9825
1784018640000,0.25856,0.25999,0.25856,0.25889,939,2434.3144
1784018700000,0.2593,0.26048,0.25858,0.25915,1234,3201.9685
1784018760000,0.25941,0.26105,0.25919,0.26022,2189,5695.5034
1784018820000,0.26031,0.26113,0.25859,0.26,1144,2968.7594
1784018880000,0.26034,0.26098,0.25924,0.25956,1645,4274.0397
1784018940000,0.25981,0.26054,0.25826,0.25848,3565,9245.662
1784019000000,0.25867,0.25967,0.25788,0.25839,2145,5550.0916
1784019060000,0.25938,0.26109,0.25938,0.26067,1478,3847.2399
1784019120000,0.26078,0.26628,0.26078,0.26628,5441,14294.3038
1784019180000,0.26634,0.26634,0.2632,0.2637,2593,6866.3485
1784019240000,0.26321,0.26386,0.26209,0.26386,1950,5128.1873
1784019300000,0.26394,0.26494,0.26378,0.26461,687,1816.9819
1784019360000,0.26457,0.26605,0.26411,0.26469,1038,2752.263
1784019420000,0.26464,0.26467,0.26341,0.26373,492,1298.4888
1784019480000,0.26376,0.26839,0.26369,0.2672,1816,4838.9727
1784019540000,0.2673,0.26776,0.26531,0.26619,4643,12369.963
1784019600000,0.2663,0.26663,0.26425,0.26426,3645,9688.4702
1784019660000,0.26436,0.26436,0.26076,0.26291,3135,8221.8759
1784019720000,0.26305,0.26305,0.26072,0.26134,1914,5013.5949
1784019780000,0.26128,0.26358,0.26124,0.26341,1522,3999.7033
1784019840000,0.26306,0.26306,0.25947,0.26,2424,6326.668
1784019900000,0.25989,0.26063,0.25946,0.2606,311,808.5706
1784019960000,0.2601,0.26159,0.25939,0.26056,1078,2811.0035
1784020020000,0.26038,0.26161,0.26027,0.26087,918,2394.8361
1784020080000,0.26053,0.26053,0.25868,0.26027,1271,3297.9738
1784020140000,0.25944,0.26045,0.25857,0.25956,762,1976.6029
1784020200000,0.2594,0.25993,0.2592,0.25969,3315,8607.3807
1784020260000,0.25896,0.25938,0.25782,0.25854,1309,3388.3751
1784020320000,0.2585,0.2601,0.25814,0.25953,1497,3875.3189
1784020380000,0.25926,0.25926,0.25698,0.2576,1333,3437.8298
1784020440000,0.25716,0.25855,0.25695,0.25761,615,1586.6693
1784020500000,0.25731,0.25759,0.25481,0.25759,2218,5674.7798
1784020560000,0.25741,0.26098,0.25707,0.25976,1214,3154.4251
1784020620000,0.25975,0.2614,0.25825,0.26072,827,2146.5461
1784020680000,0.26041,0.26041,0.25859,0.25895,850,2205.0237
1784020740000,0.25896,0.25896,0.25325,0.25629,3787,9701.2358
1784020800000,0.25597,0.25872,0.25426,0.25857,2169,5571.7463
1784020860000,0.25878,0.25915,0.25817,0.25857,1477,3822.0912
1784020920000,0.25811,0.26309,0.25811,0.26185,2085,5444.9941
1784020980000,0.2614,0.2627,0.25976,0.25976,2328,6073.798
1784021040000,0.25958,0.25958,0.25719,0.25826,2149,5539.6643
1784021100000,0.25849,0.25928,0.25763,0.25875,1554,4018.0265
1784021160000,0.25862,0.25894,0.2579,0.25894,563,1454.7034
1784021220000,0.25894,0.26065,0.2584,0.26037,1195,3103.841
1784021280000,0.2603,0.2625,0.25984,0.26195,1927,5021.5965
1784021340000,0.26193,0.28544,0.26193,0.28434,48806,135315.2434
1784021400000,0.28515,0.28632,0.2776,0.28046,22376,63062.4658
1784021460000,0.28046,0.28229,0.27754,0.28229,9725,27259.1946
1784021520000,0.28128,0.29549,0.28058,0.28134,14459,41686.2115
1784021580000,0.28129,0.28129,0.27187,0.27211,9549,26365.0864
1784021640000,0.27163,0.27732,0.27163,0.27357,5959,16406.0776
1784021700000,0.27326,0.27499,0.27222,0.27396,6343,17375.5534
1784021760000,0.27332,0.27342,0.27138,0.2718,2078,5659.0885
1784021820000,0.27143,0.27252,0.2705,0.27175,2865,7791.1393
1784021880000,0.27173,0.2812,0.27139,0.28115,8369,23280.0059
1784021940000,0.28116,0.28116,0.27634,0.27743,10003,27845.5105
1784022000000,0.2773,0.28213,0.2773,0.28196,8780,24632.5133
1784022060000,0.28158,0.28468,0.28122,0.28122,6683,18903.7705
1784022120000,0.28151,0.28151,0.27669,0.27709,7186,19967.6284
1784022180000,0.27699,0.27808,0.27501,0.2775,1759,4864.3766
1784022240000,0.27724,0.28026,0.2749,0.27819,6922,19238.5293
1784022300000,0.27849,0.2797,0.27567,0.27719,9930,27516.6995
1784022360000,0.27641,0.28231,0.27344,0.27391,21972,60757.1815
1784022420000,0.27367,0.27635,0.27201,0.27441,5022,13763.3885
1784022480000,0.27436,0.27614,0.27353,0.27567,1194,3285.4743
1784022540000,0.27523,0.27647,0.27465,0.27647,6459,17785.4135
1784022600000,0.27608,0.27654,0.27386,0.27527,1207,3321.2895
1784022660000,0.27513,0.27539,0.27312,0.27388,1656,4548.5938
1784022720000,0.27347,0.27803,0.27347,0.27745,3652,10094.7549
1784022780000,0.27741,0.27741,0.27335,0.27508,1088,2986.0237
1784022840000,0.27459,0.27459,0.27275,0.27352,1191,3258.7065
1784022900000,0.27353,0.27428,0.27258,0.27283,504,1378.7343
1784022960000,0.27281,0.27322,0.27065,0.2716,5331,14476.3096
1784023020000,0.27107,0.27139,0.26626,0.26739,7712,20658.605
1784023080000,0.26716,0.26954,0.26716,0.26934,5749,15456.4512
1784023140000,0.26921,0.2699,0.26724,0.26738,2899,7790.0257
1784023200000,0.26713,0.27023,0.26713,0.2693,1631,4393.5419
1784023260000,0.26925,0.27043,0.26925,0.26994,1091,2944.4746
1784023320000,0.26985,0.2713,0.26945,0.2713,2820,7626.5745
1784023380000,0.27089,0.27089,0.26938,0.27027,1636,4421.0941
1784023440000,0.27009,0.27649,0.27009,0.27559,5561,15271.169
1784023500000,0.27597,0.27973,0.27595,0.27851,10136,28269.6025
1784023560000,0.27833,0.28106,0.27833,0.28106,1863,5211.489
1784023620000,0.28088,0.28388,0.27995,0.28127,2576,7242.0803
1784023680000,0.28091,0.28368,0.28075,0.28172,1657,4674.3023
1784023740000,0.28193,0.28257,0.27884,0.27986,1902,5332.3573
1784023800000,0.2793,0.285,0.2793,0.2798,1589,4482.9432
1784023860000,0.27938,0.28069,0.27579,0.27878,3235,8996.5615
1784023920000,0.27903,0.28156,0.27903,0.28009,2739,7690.5151
1784023980000,0.28006,0.28114,0.2793,0.28051,1475,4130.7067
1784024040000,0.28053,0.28071,0.27885,0.27972,1995,5581.5379
1784024100000,0.27967,0.28028,0.27857,0.27882,1208,3376.6971
1784024160000,0.27855,0.28049,0.27821,0.28037,535,1492.0214
1784024220000,0.28025,0.28026,0.278,0.27963,1013,2829.5336
1784024280000,0.27962,0.28014,0.27862,0.27871,1650,4614.605
1784024340000,0.27962,0.28144,0.27887,0.27964,1673,4689.6286
1784024400000,0.28004,0.28004,0.277,0.2786,5538,15391.1327
1784024460000,0.27836,0.27836,0.27574,0.27677,1771,4901.9617
1784024520000,0.27724,0.27763,0.2763,0.27752,843,2336.1448
1784024580000,0.27772,0.2795,0.27763,0.27763,741,2065.0868
1784024640000,0.27748,0.27837,0.27652,0.27768,496,1376.2267
1784024700000,0.27741,0.27767,0.27432,0.27483,7504,20708.2335
1784024760000,0.27526,0.27556,0.27375,0.27524,1449,3978.6451
1784024820000,0.27435,0.27472,0.27315,0.27349,1651,4524.571
1784024880000,0.27342,0.27374,0.27188,0.27225,761,2074.9917
1784024940000,0.27226,0.27516,0.27204,0.2746,1497,4093.3844
1784025000000,0.2747,0.27508,0.27268,0.27268,2948,8081.8038
1784025060000,0.27261,0.27264,0.27077,0.27114,1666,4524.4479
1784025120000,0.27101,0.2734,0.27075,0.27284,797,2171.8683
1784025180000,0.2727,0.27353,0.27184,0.27283,170,463.5346
1784025240000,0.27252,0.27304,0.27159,0.27212,394,1073.8648
1784025300000,0.27193,0.27377,0.27154,0.27242,913,2494.1532
1784025360000,0.27219,0.27219,0.26966,0.27138,2278,6166.1804
1784025420000,0.2714,0.2714,0.2689,0.26949,1214,3276.85
1784025480000,0.26934,0.27044,0.26922,0.27044,544,1467.7477
1784025540000,0.27012,0.27268,0.27007,0.27189,905,2452.1221
1784025600000,0.2718,0.27491,0.27151,0.27468,3246,8901.122
1784025660000,0.2745,0.27538,0.27365,0.2738,912,2501.8064
1784025720000,0.2734,0.2734,0.26912,0.27066,3216,8704.3497
1784025780000,0.27063,0.2715,0.26964,0.27132,1433,3880.3576
1784025840000,0.27119,0.2727,0.27098,0.2727,672,1828.1199
1784025900000,0.27267,0.27286,0.26836,0.26868,1171,3163.1683
1784025960000,0.26892,0.26987,0.26464,0.26723,18037,48161.2403
1784026020000,0.26746,0.26951,0.26629,0.26951,1970,5271.9838
1784026080000,0.26962,0.26962,0.26526,0.26561,5959,15920.4886
1784026140000,0.26561,0.26812,0.26561,0.26647,4664,12445.7459
1784026200000,0.26647,0.26916,0.26647,0.26828,3297,8837.0579
1784026260000,0.26871,0.26901,0.26713,0.26811,806,2162.521
1784026320000,0.26829,0.26952,0.26829,0.26835,1702,4579.5521
1784026380000,0.26814,0.26883,0.26685,0.26729,1147,3071.9311
1784026440000,0.2678,0.2692,0.2678,0.2687,983,2639.3803
1784026500000,0.26851,0.26851,0.2671,0.26754,1633,4373.5927
1784026560000,0.26735,0.26903,0.26735,0.26898,1007,2702.7055
1784026620000,0.26838,0.26912,0.26785,0.26912,689,1850.939
1784026680000,0.2689,0.2689,0.26565,0.26628,1062,2833.5785
1784026740000,0.26657,0.26847,0.2659,0.26749,474,1267.6392
1784026800000,0.26748,0.26748,0.26613,0.26704,763,2036.3637
1784026860000,0.26688,0.26765,0.26618,0.26739,598,1597.0726
1784026920000,0.26756,0.27115,0.26756,0.26956,2075,5605.8639
1784026980000,0.26996,0.27088,0.26929,0.27058,346,934.3652
1784027040000,0.27034,0.27068,0.26866,0.27004,888,2396.7497
1784027100000,0.26959,0.27102,0.26862,0.26971,6537,17647.6141
1784027160000,0.2695,0.26988,0.26775,0.26988,953,2561.0358
1784027220000,0.26954,0.27043,0.26941,0.26953,989,2669.7961
1784027280000,0.2694,0.26981,0.26817,0.26964,676,1820.0984
1784027340000,0.2696,0.26984,0.26768,0.26943,1963,5277.8147
1784027400000,0.26955,0.27038,0.26869,0.26909,739,1992.5467
1784027460000,0.26879,0.27202,0.26879,0.27048,1598,4330.478
1784027520000,0.27029,0.27209,0.27029,0.27095,1021,2773.0481
1784027580000,0.27081,0.27081,0.26759,0.2683,4072,10947.0111
1784027640000,0.2683,0.26899,0.26767,0.26815,1212,3249.9934
1784027700000,0.26762,0.26807,0.26406,0.26617,4044,10740.7472
1784045760000,0.32927,0.33036,0.32919,0.32979,370,1220.4229
1784045820000,0.32985,0.3302,0.32949,0.3302,309,1019.2927
1784045880000,0.33016,0.33066,0.32911,0.32929,850,2803.7349
1784045940000,0.329,0.32919,0.3272,0.32734,656,2150.8274
1784046000000,0.32773,0.3302,0.32737,0.32886,641,2110.1199
1784046060000,0.32822,0.32822,0.32717,0.3276,3358,11012.7011
1784046120000,0.32726,0.3304,0.31829,0.32813,14800,47895.548
1784046180000,0.3281,0.3281,0.32201,0.3242,25058,81246.1266
1784046240000,0.32441,0.3257,0.32359,0.32486,497,1613.6362
1784046300000,0.32554,0.32742,0.32554,0.32704,2888,9422.4519
1784046360000,0.32729,0.32789,0.32284,0.32423,5293,17204.0815
1784046420000,0.32323,0.32323,0.32058,0.32192,2360,7584.1668
1784046480000,0.32188,0.32572,0.32184,0.32482,5669,18400.385
1784046540000,0.32499,0.32499,0.32119,0.32277,2084,6731.3579
1784046600000,0.32282,0.32359,0.32242,0.32317,143,462.086
1784046660000,0.32317,0.32317,0.31466,0.32227,11939,38152.7131
1784046720000,0.32221,0.32323,0.31862,0.31862,992,3179.3588
1784046780000,0.31829,0.32113,0.31829,0.32112,483,1547.896
1784046840000,0.32204,0.32341,0.32204,0.32282,154,497.2059
1784046900000,0.32282,0.32602,0.32239,0.32519,1079,3500.9983
1784046960000,0.3251,0.32679,0.32493,0.32679,552,1797.3797
1784047020000,0.3268,0.32862,0.32575,0.3281,476,1557.2194
1784047080000,0.32773,0.32854,0.32654,0.32775,1059,3470.4102
1784047140000,0.32805,0.32805,0.32591,0.32651,422,1379.905
1784047200000,0.32676,0.32768,0.32567,0.32754,3411,11133.9988
1784047260000,0.32726,0.32862,0.3271,0.32862,404,1324.7794
1784047320000,0.32825,0.32825,0.32747,0.32788,84,275.4732
1784047380000,0.32799,0.32886,0.32731,0.32731,118,387.0402
1784047440000,0.32713,0.32852,0.32672,0.32817,210,688.1168
1784047500000,0.32851,0.32917,0.32724,0.32724,3400,11176.4107
1784047560000,0.32772,0.32944,0.32594,0.3289,8008,26320.7663
1784047620000,0.32893,0.3292,0.32714,0.32756,2294,7543.0577
1784047680000,0.32777,0.32842,0.32742,0.32749,7825,25652.872
1784047740000,0.32752,0.32777,0.32653,0.32705,293,958.0416
1784047800000,0.32704,0.32882,0.32704,0.32874,252,826.8862
1784047860000,0.32819,0.32866,0.32737,0.32766,365,1198.1988
1784047920000,0.32768,0.32768,0.32676,0.32728,548,1793.0196
1784047980000,0.32728,0.32741,0.32373,0.32618,2180,7113.9603
1784048040000,0.32615,0.32615,0.32407,0.32421,1115,3626.7479
1784048100000,0.32477,0.32477,0.3216,0.3232,11090,35847.5226
1784048160000,0.32226,0.32646,0.32226,0.32579,1346,4365.6696
1784048220000,0.32584,0.32631,0.32453,0.32453,460,1495.9054
1784048280000,0.32329,0.3241,0.32291,0.32367,283,915.8613
1784048340000,0.32368,0.32514,0.32365,0.324,466,1511.0112
1784048400000,0.32422,0.32425,0.32122,0.32202,716,2309.6848
1784048460000,0.32141,0.32246,0.3191,0.32123,26381,84572.0977
1784048520000,0.32162,0.32185,0.318,0.31962,1382,4425.6626
1784048580000,0.31978,0.32321,0.31978,0.3224,678,2185.8151
1784048640000,0.32201,0.32409,0.32201,0.32365,1069,3454.0923
1784048700000,0.32483,0.32787,0.32479,0.32649,1627,5316.9311
1784048760000,0.32709,0.32775,0.32606,0.32702,702,2292.8776
1784048820000,0.32731,0.32805,0.32675,0.32741,486,1591.6822
1784048880000,0.32779,0.32809,0.32548,0.32692,1502,4904.4019
1784048940000,0.3273,0.32737,0.32512,0.32659,726,2368.2091
1784049000000,0.32585,0.32705,0.32525,0.32618,510,1665.0852
1784049060000,0.32651,0.32708,0.32533,0.32708,1233,4021.0365
1784049120000,0.32708,0.32748,0.32661,0.32689,285,931.9445
1784049180000,0.32692,0.3273,0.32567,0.32717,3976,12964.8408
1784049240000,0.32735,0.32777,0.32668,0.32707,1346,4404.2932
1784049300000,0.32734,0.328,0.32664,0.32761,1069,3498.4855
1784049360000,0.32786,0.3286,0.32766,0.32802,343,1125.7402
1784049420000,0.32811,0.32845,0.32717,0.32745,559,1830.808
1784049480000,0.32766,0.32769,0.326,0.32634,362,1184.472
1784049540000,0.32656,0.32776,0.32567,0.32724,784,2559.6614
1784049600000,0.32764,0.32797,0.32624,0.32624,145,474.5779
1784049660000,0.32615,0.32722,0.32592,0.32722,412,1346.4409
1784049720000,0.32759,0.32837,0.32725,0.32805,238,779.9443
1784049780000,0.32769,0.32829,0.32733,0.32796,189,619.6025
1784049840000,0.32791,0.32794,0.32713,0.32731,174,570.105
1784049900000,0.32701,0.3275,0.32602,0.32681,1229,4018.6567
1784049960000,0.32667,0.32701,0.32606,0.32655,707,2309.3402
1784050020000,0.32643,0.32643,0.32412,0.32483,1078,3506.7927
1784050080000,0.32429,0.32471,0.32258,0.32471,1475,4772.5662
1784050140000,0.32395,0.32456,0.3226,0.32302,300,971.2306
1784050200000,0.32326,0.32326,0.31995,0.32229,2420,7790.1767
1784050260000,0.32262,0.32289,0.3208,0.3208,930,2996.1245
1784050320000,0.32097,0.32352,0.32033,0.32352,653,2103.1924
1784050380000,0.32283,0.32388,0.32256,0.32332,701,2266.0145
1784050440000,0.32162,0.32162,0.31756,0.31956,3792,12118.0914
1784050500000,0.3201,0.32095,0.31582,0.32023,29188,93217.7607
1784050560000,0.32008,0.32021,0.30764,0.31279,15361,48067.1422
1784050620000,0.31346,0.31523,0.30804,0.30814,5094,15839.5174
1784050680000,0.30874,0.31628,0.30874,0.31499,6447,20238.3531
1784050740000,0.31451,0.31451,0.31314,0.31314,1062,3333.052
1784050800000,0.314,0.31782,0.314,0.31741,1419,4489.2432
1784050860000,0.31677,0.31808,0.31631,0.31799,802,2541.388
1784050920000,0.31825,0.3183,0.31648,0.31654,691,2192.5866
1784050980000,0.31657,0.3183,0.31657,0.31743,1787,5678.5765
1784051040000,0.3173,0.31834,0.31704,0.31704,2120,6738.2327
1784051100000,0.31736,0.31803,0.31459,0.31499,1279,4052.6122
1784051160000,0.31461,0.31595,0.31434,0.31434,945,2974.4463
1784051220000,0.31362,0.31597,0.31085,0.31537,3809,11932.8732
1784051280000,0.31537,0.3168,0.31534,0.31541,595,1879.8217
1784051340000,0.31473,0.3167,0.31469,0.31613,743,2344.5254
1784051400000,0.31667,0.31667,0.31519,0.31551,715,2260.6611
1784051460000,0.31533,0.3154,0.31237,0.31378,1309,4103.1243
1784051520000,0.31388,0.31544,0.31317,0.31324,1136,3569.8519
1784051580000,0.31325,0.31434,0.31318,0.31407,532,1669.1184
1784051640000,0.31415,0.31464,0.31128,0.31301,1407,4397.6016
1784051700000,0.31394,0.31447,0.31337,0.31374,400,1255.7985
1784051760000,0.31403,0.31755,0.31403,0.31731,1521,4814.0419
1784051820000,0.31686,0.31711,0.31599,0.31663,822,2601.8946
1784051880000,0.31682,0.31713,0.31624,0.31638,432,1367.9031
1784051940000,0.31673,0.31685,0.31523,0.31593,508,1605.8022
1784052000000,0.31647,0.31681,0.31487,0.31659,250,789.9924
1784052060000,0.31645,0.31684,0.31441,0.31631,722,2278.5389
1784052120000,0.3163,0.31867,0.31568,0.31831,1898,6008.5024
1784052180000,0.31773,0.31858,0.31724,0.31725,1402,4452.3316
1784052240000,0.31698,0.32563,0.3161,0.32312,19893,64222.1923
1784052300000,0.32311,0.32487,0.3213,0.32276,16674,53757.1244
1784052360000,0.32318,0.32376,0.32182,0.32253,2891,9323.5863
1784052420000,0.32236,0.32328,0.32178,0.32326,653,2106.5812
1784052480000,0.32268,0.32268,0.32081,0.32138,2186,7023.9796
1784052540000,0.32158,0.32214,0.3207,0.32102,676,2173.444
1784052600000,0.32135,0.32256,0.32072,0.32239,772,2486.3126
1784052660000,0.32227,0.32409,0.31966,0.32231,6806,21955.2173
1784052720000,0.32269,0.32279,0.32208,0.32267,380,1226.014
1784052780000,0.32326,0.32358,0.3228,0.32326,443,1432.0546
1784052840000,0.32281,0.32332,0.32224,0.32332,355,1146.2915
1784052900000,0.32352,0.32493,0.32313,0.32472,547,1773.5302
1784052960000,0.32433,0.32514,0.32433,0.32513,867,2815.9525
1784053020000,0.32535,0.32544,0.32234,0.3235,584,1889.9074
1784053080000,0.32319,0.3243,0.32306,0.32306,209,676.5945
1784053140000,0.32296,0.32662,0.32296,0.32606,1203,3920.6493
1784053200000,0.327,0.32762,0.32624,0.32671,1286,4203.854
1784053260000,0.32656,0.32835,0.32652,0.32689,2184,7153.0911
1784053320000,0.32771,0.3278,0.32602,0.32649,1647,5381.7993
1784053380000,0.326,0.326,0.32312,0.3236,559,1811.0505
1784053440000,0.32361,0.32361,0.31993,0.32102,14857,47735.2317
1784053500000,0.32108,0.32209,0.31793,0.32133,19280,61817.2058
1784053560000,0.32188,0.32188,0.31903,0.31903,2734,8741.3169
1784053620000,0.31973,0.32037,0.31882,0.31882,458,1462.4364
1784053680000,0.31875,0.32013,0.31821,0.31951,15905,50793.087
1784053740000,0.3195,0.32201,0.31944,0.32077,9273,29755.4277
1784053800000,0.32062,0.32335,0.32022,0.32282,1781,5731.412
1784053860000,0.32288,0.3244,0.32217,0.32255,9614,31113.1451
1784053920000,0.32206,0.32402,0.32182,0.32387,15350,49604.4941
1784053980000,0.32351,0.32357,0.32221,0.32221,1355,4377.1756
1784054040000,0.32222,0.32356,0.32222,0.32347,991,3202.6249
1784054100000,0.32349,0.32349,0.32235,0.32291,1107,3572.6578
1784054160000,0.32275,0.32275,0.31925,0.31925,1228,3939.7984
1784054220000,0.32002,0.32226,0.32002,0.32177,1112,3567.6847
1784054280000,0.32204,0.32261,0.32085,0.3209,548,1763.1744
1784054340000,0.32104,0.32197,0.32083,0.3212,447,1436.4562
1784054400000,0.3211,0.32184,0.32082,0.32095,393,1263.007
1784054460000,0.32172,0.32314,0.32172,0.32178,1318,4247.565
1784054520000,0.32155,0.32288,0.32149,0.32288,587,1893.5006
1784054580000,0.32298,0.32298,0.31965,0.32227,3646,11728.2553
1784054640000,0.32212,0.32267,0.3213,0.32257,1436,4624.2339
1784054700000,0.32253,0.32282,0.32201,0.32282,753,2427.7829
1784054760000,0.32297,0.32431,0.32294,0.32376,2278,7378.5319
1784054820000,0.32352,0.32383,0.32271,0.32339,604,1952.9481
1784054880000,0.32317,0.32379,0.321,0.321,2001,6446.7482
1784054940000,0.32049,0.32117,0.31846,0.31993,2508,8019.4394
1784055000000,0.32014,0.32019,0.31856,0.31942,826,2636.7532
1784055060000,0.31993,0.32072,0.31919,0.32003,1088,3481.016
1784055120000,0.3204,0.32145,0.32016,0.32126,1077,3453.5261
1784055180000,0.321,0.32175,0.321,0.32175,3078,9885.0957
1784055240000,0.3219,0.3219,0.32071,0.32071,486,1562.0737
1784055300000,0.32014,0.32055,0.31912,0.31977,448,1432.5871
1784055360000,0.31949,0.32031,0.31945,0.31997,491,1570.7995
1784055420000,0.32023,0.32092,0.3199,0.32008,584,1871.8748
1784055480000,0.32052,0.32113,0.3199,0.32024,430,1379.0687
1784055540000,0.3203,0.32049,0.31727,0.31814,1704,5426.0642
1784055600000,0.31849,0.31849,0.31469,0.31547,2219,7023.9137
1784055660000,0.31535,0.31625,0.31184,0.31334,2281,7155.1299
1784055720000,0.31367,0.31537,0.31364,0.31496,1496,4709.1124
1784055780000,0.31503,0.31623,0.31503,0.31578,340,1073.7996
1784055840000,0.31579,0.31612,0.31555,0.31594,510,1610.4056
1784055900000,0.31603,0.31606,0.31538,0.31572,1877,5925.0984
1784055960000,0.31547,0.31722,0.31463,0.31607,566,1788.8954
1784056020000,0.31627,0.31694,0.31627,0.31656,261,826.3489
1784056080000,0.31618,0.31618,0.31311,0.31446,15473,48640.594
1784056140000,0.31502,0.31502,0.31308,0.31374,1191,3737.8364
1784056200000,0.31325,0.3141,0.31325,0.31372,269,844.0545
1784056260000,0.31397,0.31532,0.31371,0.31522,574,1806.0967
1784056320000,0.31534,0.32062,0.31534,0.31932,5312,16894.8766
1784056380000,0.31926,0.31977,0.31804,0.31804,1105,3524.0997
1784056440000,0.31773,0.31826,0.31719,0.31784,749,2378.2129
1784056500000,0.31765,0.32095,0.31702,0.31989,3522,11227.7502
1784056560000,0.32054,0.32224,0.32054,0.32138,1238,3979.601
1784056620000,0.32203,0.32255,0.32085,0.32085,426,1370.2786
1784056680000,0.32122,0.3228,0.32072,0.3228,792,2551.0187
1784056740000,0.32199,0.32301,0.32168,0.32299,832,2682.7962
1784056800000,0.323,0.32654,0.323,0.324,2656,8637.0626
1784056860000,0.32455,0.32564,0.32455,0.32459,576,1873.2662
1784056920000,0.32468,0.32548,0.32411,0.32528,831,2699.5321
1784056980000,0.32553,0.32579,0.32373,0.32373,182,591.0707
1784057040000,0.32422,0.32514,0.32381,0.32497,1164,3776.9225
1784057100000,0.32527,0.32582,0.32399,0.32452,1359,4411.7224
1784057160000,0.32489,0.3252,0.32393,0.32474,704,2285.7574
1784057220000,0.325,0.32523,0.32402,0.32523,364,1180.7482
1784057280000,0.32531,0.32549,0.32335,0.32375,714,2313.9385
1784057340000,0.32382,0.32445,0.32358,0.32409,976,3163.6136
1784057400000,0.32404,0.32425,0.32147,0.32228,1886,6086.8801
1784057460000,0.32226,0.32226,0.31894,0.32019,5218,16703.1794
1784057520000,0.32002,0.32063,0.31924,0.32063,678,2169.4836
1784057580000,0.31897,0.31997,0.31889,0.3193,1618,5173.4753
1784057640000,0.31898,0.31988,0.31834,0.31894,774,2469.4321
1784057700000,0.31892,0.32041,0.31803,0.32041,773,2462.6589
1784075760000,0.26021,0.26138,0.26021,0.26111,389,1014.4238
1784075820000,0.26115,0.26121,0.25942,0.25955,1231,3202.0227
1784075880000,0.25904,0.25911,0.25778,0.25778,4393,11363.5377
1784075940000,0.25814,0.25838,0.2575,0.25813,698,1800.2251
1784076000000,0.25782,0.25918,0.25705,0.25892,768,1984.1534
1784076060000,0.25869,0.26118,0.25869,0.26021,442,1151.4153
1784076120000,0.2605,0.26087,0.25891,0.26087,23925,62124.8808
1784076180000,0.26079,0.26133,0.26002,0.26024,1577,4111.9757
1784076240000,0.26013,0.26086,0.2599,0.26086,1048,2726.0412
1784076300000,0.26075,0.2652,0.26075,0.26431,14776,39019.1495
1784076360000,0.26345,0.26362,0.26189,0.26284,4071,10681.8628
1784076420000,0.26262,0.26451,0.26262,0.26363,618,1627.9688
1784076480000,0.26352,0.26665,0.26352,0.26514,3065,8132.4819
1784076540000,0.26504,0.26623,0.26413,0.2652,1481,3926.4786
1784076600000,0.26479,0.26494,0.26376,0.26415,511,1350.0276
1784076660000,0.26395,0.26509,0.26395,0.26444,860,2274.993
1784076720000,0.26438,0.26452,0.26229,0.26255,1851,4876.4729
1784076780000,0.26282,0.26305,0.25955,0.25955,2112,5521.6207
1784076840000,0.25956,0.26383,0.259,0.26209,2230,5836.8209
1784076900000,0.2617,0.2617,0.26016,0.26119,555,1448.4064
1784076960000,0.2611,0.26118,0.25948,0.26074,1057,2751.9597
1784077020000,0.26033,0.26045,0.25939,0.2604,502,1304.8206
1784077080000,0.26021,0.26164,0.25921,0.26117,885,2304.2315
1784077140000,0.26098,0.26169,0.26001,0.26059,936,2438.4784
1784077200000,0.26032,0.26165,0.26011,0.2602,1166,3038.652
1784077260000,0.26027,0.2605,0.25878,0.25955,1539,3995.0667
1784077320000,0.25909,0.25909,0.25759,0.25759,1466,3785.2546
1784077380000,0.25802,0.2582,0.25703,0.25735,1434,3691.6082
1784077440000,0.2572,0.2572,0.25447,0.25447,1659,4241.0374
1784077500000,0.25406,0.25615,0.25343,0.25564,2069,5277.8018
1784077560000,0.25549,0.25549,0.25204,0.25277,2866,7257.7874
1784077620000,0.25289,0.25387,0.25184,0.25387,2367,5991.6337
1784077680000,0.25393,0.254,0.25262,0.2529,847,2146.0439
1784077740000,0.25246,0.25391,0.25238,0.25365,894,2264.7732
1784077800000,0.25321,0.25359,0.25172,0.25172,1652,4172.9228
1784077860000,0.25196,0.25905,0.25196,0.2579,4573,11747.497
1784077920000,0.25767,0.25767,0.25515,0.25565,3260,8371.4755
1784077980000,0.25542,0.25761,0.25542,0.25696,706,1808.3971
1784078040000,0.2566,0.25662,0.25567,0.25617,1987,5089.4726
1784078100000,0.25585,0.25834,0.25584,0.25702,1280,3290.583
1784078160000,0.25665,0.25708,0.25586,0.25586,410,1051.0664
1784078220000,0.25556,0.25627,0.25482,0.25584,572,1460.9985
1784078280000,0.25554,0.25554,0.25374,0.25465,1939,4938.892
1784078340000,0.25453,0.25531,0.25424,0.25453,632,1609.4532
1784078400000,0.25453,0.25453,0.25295,0.25311,1968,4994.2179
1784078460000,0.25221,0.25221,0.24768,0.25051,6576,16459.6319
1784078520000,0.25031,0.25192,0.24928,0.24955,1834,4597.6849
1784078580000,0.24975,0.24975,0.24623,0.24789,5005,12406.7694
1784078640000,0.24766,0.24789,0.24695,0.24785,2221,5496.3052
1784078700000,0.2478,0.24998,0.24685,0.2491,1833,4547.4014
1784078760000,0.24857,0.25075,0.24857,0.25058,421,1049.7355
1784078820000,0.25049,0.25049,0.24926,0.24926,634,1583.9971
1784078880000,0.24958,0.25108,0.24947,0.25108,2137,5345.9197
1784078940000,0.25078,0.25078,0.24923,0.25014,1549,3869.9729
1784079000000,0.24972,0.25073,0.24907,0.24987,954,2382.9859
1784079060000,0.2497,0.25013,0.24883,0.24889,1686,4205.7816
1784079120000,0.24893,0.24996,0.248,0.24942,1726,4299.8817
1784079180000,0.24952,0.25283,0.24914,0.25248,1124,2832.8177
1784079240000,0.2526,0.2535,0.25206,0.25275,771,1949.7092
1784079300000,0.25284,0.2539,0.25252,0.25352,1528,3867.0551
1784079360000,0.25392,0.25413,0.25241,0.25287,506,1279.4151
1784079420000,0.25284,0.25303,0.25065,0.25224,205,515.8936
1784079480000,0.25203,0.25227,0.25073,0.25101,369,926.5389
1784079540000,0.25065,0.25109,0.25012,0.25089,913,2288.2802
1784079600000,0.25083,0.25103,0.24962,0.24994,1194,2989.7747
1784079660000,0.24975,0.25214,0.24919,0.25214,1251,3141.0554
1784079720000,0.25226,0.25226,0.25013,0.25131,1471,3693.2691
1784079780000,0.25161,0.25333,0.2514,0.25307,8991,22701.9676
1784079840000,0.25275,0.25275,0.2509,0.2511,1685,4239.855
1784079900000,0.25094,0.25106,0.25001,0.25106,940,2354.1285
1784079960000,0.25083,0.25222,0.25016,0.25222,646,1620.4467
1784080020000,0.25184,0.25252,0.25183,0.25218,326,822.1307
1784080080000,0.25192,0.25237,0.25116,0.25163,1170,2948.5333
1784080140000,0.25102,0.25103,0.24973,0.25023,625,1565.8445
1784080200000,0.2502,0.2502,0.24729,0.24731,1333,3311.0293
1784080260000,0.24702,0.24916,0.24702,0.24916,840,2086.0945
1784080320000,0.24886,0.24886,0.24732,0.24771,938,2328.5737
1784080380000,0.24798,0.25023,0.24793,0.25023,296,737.6935
1784080440000,0.25005,0.25009,0.24875,0.25009,1935,4819.324
1784080500000,0.24974,0.24977,0.24779,0.24867,1031,2565.3774
1784080560000,0.2485,0.24865,0.2477,0.24852,415,1030.1518
1784080620000,0.24893,0.24905,0.24844,0.24872,291,724.2602
1784080680000,0.24874,0.24914,0.24809,0.24902,917,2280.0932
1784080740000,0.24825,0.24873,0.24791,0.24845,496,1230.7034
1784080800000,0.24863,0.24962,0.24863,0.24959,688,1715.5989
1784080860000,0.2492,0.2492,0.24446,0.24528,9510,23404.475
1784080920000,0.24524,0.24752,0.24504,0.24685,2462,6075.1029
1784080980000,0.2467,0.24691,0.24506,0.2463,6982,17145.5264
1784081040000,0.24683,0.24705,0.24615,0.24672,936,2307.3448
1784081100000,0.24688,0.24779,0.24573,0.24779,3704,9128.6685
1784081160000,0.24755,0.248,0.24667,0.24667,949,2351.0992
1784081220000,0.24679,0.24706,0.24606,0.24684,485,1195.8556
1784081280000,0.24694,0.24694,0.24586,0.24648,553,1362.4353
1784081340000,0.24623,0.24677,0.24586,0.24641,379,933.7226
1784081400000,0.24625,0.24796,0.24602,0.24777,1847,4561.7897
1784081460000,0.24764,0.2486,0.24722,0.2486,1357,3361.4316
1784081520000,0.24838,0.24838,0.24773,0.24818,518,1284.7046
1784081580000,0.24786,0.24804,0.2467,0.24672,443,1095.1459
1784081640000,0.24676,0.24771,0.24632,0.24728,1367,3374.1847
1784081700000,0.24723,0.24805,0.24673,0.24707,1454,3596.6966
1784081760000,0.24713,0.24819,0.24697,0.24744,405,1002.5533
1784081820000,0.24716,0.24732,0.24666,0.24697,294,726.0911
1784081880000,0.24678,0.24678,0.24369,0.24591,2138,5237.1407
1784081940000,0.24577,0.24595,0.24463,0.24463,695,1706.4525
1784082000000,0.24485,0.2456,0.24351,0.24425,903,2206.7212
1784082060000,0.24467,0.24523,0.22741,0.23461,66004,154875.7314
1784082120000,0.23474,0.2357,0.23216,0.23442,9995,23435.1208
1784082180000,0.23463,0.23585,0.23234,0.23287,6482,15187.1399
1784082240000,0.23329,0.23469,0.23329,0.23444,1428,3340.39
1784082300000,0.23425,0.2343,0.23061,0.23178,2866,6660.7769
1784082360000,0.2323,0.23436,0.23194,0.23394,2372,5538.511
1784082420000,0.23387,0.2342,0.2334,0.23396,1757,4108.0759
1784082480000,0.23339,0.23365,0.2315,0.2318,2308,5363.9375
1784082540000,0.23175,0.23191,0.22926,0.23095,8532,19685.5401
1784082600000,0.23104,0.23364,0.23077,0.23293,15609,36355.9882
1784082660000,0.23298,0.23438,0.23296,0.23401,1128,2632.132
1784082720000,0.23412,0.23441,0.23342,0.23414,2072,4851.6694
1784082780000,0.23423,0.23458,0.23346,0.23411,2640,6185.4377
1784082840000,0.23403,0.23517,0.23378,0.23378,2835,6651.3222
1784082900000,0.23378,0.23419,0.23309,0.23326,1690,3946.0988
1784082960000,0.23343,0.23343,0.23162,0.23254,14366,33341.3879
1784083020000,0.23245,0.23308,0.23173,0.23289,3165,7348.7906
1784083080000,0.2329,0.23339,0.23017,0.23295,11708,27207.4586
1784083140000,0.23316,0.23319,0.23093,0.23237,4557,10570.3569
1784083200000,0.23239,0.23241,0.22927,0.22963,2056,4753.8226
1784083260000,0.22963,0.23055,0.22133,0.22729,34701,78309.7483
1784083320000,0.22712,0.2283,0.22576,0.228,12882,29209.3158
1784083380000,0.22856,0.23051,0.22852,0.23038,8112,18643.4164
1784083440000,0.23036,0.23214,0.23018,0.23178,3044,7046.2632
1784083500000,0.23187,0.23235,0.23107,0.2316,654,1514.4798
1784083560000,0.23198,0.23198,0.22795,0.22826,3388,7788.1409
1784083620000,0.22884,0.22924,0.22807,0.22898,2742,6271.1804
1784083680000,0.22901,0.22909,0.22697,0.22697,2089,4766.3935
1784083740000,0.22715,0.23306,0.22526,0.23211,26069,60160.5606
1784083800000,0.23228,0.23229,0.22835,0.22918,10340,23805.9004
1784083860000,0.22948,0.23194,0.22948,0.2318,2009,4633.6627
1784083920000,0.23252,0.23318,0.23215,0.23313,5998,13942.5154
1784083980000,0.23316,0.23565,0.23311,0.235,5010,11755.6769
1784084040000,0.23494,0.23595,0.23436,0.23575,4653,10940.6138
1784084100000,0.23583,0.23813,0.23546,0.23626,8687,20558.8919
1784084160000,0.23646,0.23729,0.23612,0.23632,1897,4489.976
1784084220000,0.23683,0.23734,0.23575,0.23606,858,2025.92
1784084280000,0.23564,0.23564,0.23311,0.23365,3387,7925.8712
1784084340000,0.2335,0.23414,0.23321,0.23383,1102,2575.3668
1784084400000,0.2338,0.23579,0.2338,0.23579,1791,4205.2406
1784084460000,0.23602,0.2375,0.23406,0.2354,2514,5914.3203
1784084520000,0.23541,0.23623,0.23391,0.23391,2780,6538.8566
1784084580000,0.23447,0.23447,0.23119,0.23145,2498,5806.6473
1784084640000,0.23156,0.23345,0.23156,0.23296,4990,11593.6851
1784084700000,0.23224,0.23387,0.23211,0.23345,3727,8667.0809
1784084760000,0.23384,0.23701,0.23381,0.23535,20113,47490.4719
1784084820000,0.23527,0.23527,0.23335,0.23456,785,1836.7316
1784084880000,0.23422,0.23445,0.23326,0.23384,763,1785.3144
1784084940000,0.234,0.235,0.23393,0.2349,605,1419.6473
1784085000000,0.23438,0.23438,0.23344,0.23344,256,598.3988
1784085060000,0.2335,0.23422,0.23291,0.23365,1197,2791.7396
1784085120000,0.23325,0.23418,0.23325,0.23347,642,1499.319
1784085180000,0.23339,0.23454,0.23339,0.2341,846,1979.649
1784085240000,0.23303,0.23525,0.23276,0.2342,990,2317.5027
1784085300000,0.2341,0.23527,0.2341,0.23464,809,1900.4256
1784085360000,0.23431,0.23501,0.23322,0.23494,4137,9692.4397
1784085420000,0.23447,0.23471,0.23329,0.23443,1119,2617.0278
1784085480000,0.23421,0.2353,0.23409,0.23449,1224,2872.2907
1784085540000,0.23447,0.23628,0.23409,0.23584,1384,3257.2343
1784085600000,0.23585,0.2377,0.2356,0.23756,2251,5334.297
1784085660000,0.2374,0.23808,0.23327,0.23352,7945,18684.7945
1784085720000,0.23357,0.23432,0.23232,0.2339,23032,53666.4092
1784085780000,0.23363,0.23363,0.23134,0.23288,1123,2608.2667
1784085840000,0.23302,0.2333,0.23267,0.23273,1572,3662.9486
1784085900000,0.23313,0.23328,0.23199,0.23328,714,1660.7429
1784085960000,0.23281,0.23351,0.23271,0.23311,433,1009.027
1784086020000,0.23342,0.23602,0.2331,0.23554,15885,37427.6811
1784086080000,0.23554,0.23588,0.23475,0.23566,5523,13014.2513
1784086140000,0.23552,0.23771,0.23552,0.2374,1152,2727.3734
1784086200000,0.23741,0.23764,0.23641,0.23682,1580,3741.1376
1784086260000,0.23658,0.23739,0.23642,0.23717,369,874.551
1784086320000,0.23684,0.23727,0.23573,0.23577,1053,2492.3716
1784086380000,0.23585,0.23605,0.23509,0.23562,432,1017.3633
1784086440000,0.23548,0.2368,0.23548,0.23636,895,2114.6979
1784086500000,0.23656,0.23667,0.23532,0.23614,586,1382.9051
1784086560000,0.23612,0.23717,0.23529,0.23656,654,1546.6234
1784086620000,0.23644,0.23667,0.2356,0.23641,834,1968.9557
1784086680000,0.23611,0.23611,0.23452,0.23478,1244,2925.898
1784086740000,0.23441,0.23536,0.23336,0.23359,1062,2487.55
1784086800000,0.23355,0.23516,0.23324,0.23494,1003,2350.2939
1784086860000,0.23492,0.23526,0.23436,0.23505,403,946.125
1784086920000,0.23493,0.23703,0.23475,0.23671,1200,2833.5324
1784086980000,0.23646,0.23742,0.23613,0.23664,805,1904.0897
1784087040000,0.23658,0.23658,0.23538,0.23565,1584,3738.0206
1784087100000,0.23573,0.23595,0.23532,0.23587,249,586.8558
1784087160000,0.23556,0.23668,0.23546,0.23638,483,1140.4649
1784087220000,0.2364,0.24151,0.2364,0.24015,5860,14084.1739
1784087280000,0.23972,0.24046,0.23834,0.24028,2217,5307.4577
1784087340000,0.23969,0.23969,0.23788,0.2393,647,1544.2772
1784087400000,0.23924,0.24069,0.23908,0.2399,2062,4950.0426
1784087460000,0.23942,0.24731,0.23934,0.24559,7065,17197.2406
1784087520000,0.24504,0.24609,0.24357,0.24393,5265,12887.5613
1784087580000,0.24381,0.24381,0.24198,0.24273,2159,5245.7674
1784087640000,0.24205,0.24451,0.24205,0.24442,744,1807.5278
1784087700000,0.24389,0.24389,0.24116,0.2416,1588,3839.6277
1784105760000,0.23481,0.23553,0.23415,0.2343,2576,6046.328
1784105820000,0.23403,0.2342,0.23064,0.23295,5342,12415.1317
1784105880000,0.23274,0.23325,0.23231,0.2327,2611,6075.9555
1784105940000,0.23276,0.23318,0.23154,0.23161,1099,2555.4261
1784106000000,0.23172,0.23199,0.22549,0.22826,25859,58948.2477
1784106060000,0.22861,0.22916,0.22744,0.22832,4930,11259.9485
1784106120000,0.22832,0.22861,0.22676,0.22695,2529,5767.1262
1784106180000,0.22705,0.22949,0.22699,0.22949,7611,17379.4628
1784106240000,0.22927,0.22996,0.22881,0.22968,1454,3334.7886
1784106300000,0.22918,0.23364,0.22918,0.23316,13670,31742.6117
1784106360000,0.23311,0.23326,0.23144,0.23209,4037,9361.477
1784106420000,0.23164,0.23271,0.23164,0.23209,912,2119.4922
1784106480000,0.23196,0.23339,0.23196,0.23258,2568,5979.5811
1784106540000,0.23221,0.23272,0.232,0.23235,1571,3652.5386
1784106600000,0.23224,0.23358,0.23216,0.23239,3751,8731.5023
1784106660000,0.23263,0.23335,0.23214,0.23249,1408,3275.8992
1784106720000,0.23245,0.23342,0.23227,0.23304,2317,5397.0474
1784106780000,0.23298,0.2336,0.23268,0.23284,2184,5090.4676
1784106840000,0.23287,0.23518,0.23267,0.23422,3043,7137.9825
1784106900000,0.23416,0.23493,0.23344,0.23479,377,882.6039
1784106960000,0.23453,0.23453,0.23409,0.23409,636,1490.2438
1784107020000,0.23428,0.23465,0.2341,0.23414,975,2285.2762
1784107080000,0.23413,0.23413,0.23212,0.23229,2341,5457.4739
1784107140000,0.23275,0.23417,0.23275,0.23334,1675,3909.1437
1784107200000,0.23326,0.23369,0.23227,0.23245,4791,11151.9054
1784107260000,0.23246,0.23338,0.23229,0.23324,1269,2957.743
1784107320000,0.23323,0.23335,0.23257,0.23296,3035,7076.1446
1784107380000,0.23296,0.23379,0.23253,0.2334,1435,3348.002
1784107440000,0.23371,0.23445,0.23363,0.23363,2740,6412.4342
1784107500000,0.23321,0.23381,0.2326,0.23329,2832,6605.4563
1784107560000,0.23301,0.23353,0.23259,0.23278,1473,3433.3742
1784107620000,0.23283,0.23325,0.23228,0.23268,1193,2775.1975
1784107680000,0.23247,0.23276,0.23216,0.23222,950,2208.7208
1784107740000,0.23218,0.23218,0.23086,0.2311,4580,10587.5193
1784107800000,0.23141,0.23143,0.22958,0.23008,4027,9273.1195
1784107860000,0.23045,0.2314,0.22969,0.23137,2984,6881.5272
1784107920000,0.23137,0.23552,0.23119,0.2336,12418,29038.1297
1784107980000,0.23425,0.23425,0.23183,0.23248,6366,14807.0139
1784108040000,0.23235,0.23373,0.23136,0.23169,2560,5944.998
1784108100000,0.23106,0.23277,0.23105,0.23226,2053,4771.2573
1784108160000,0.23229,0.23231,0.23216,0.23216,56,130.0481
1784108220000,0.23205,0.23206,0.23121,0.23187,1153,2671.5407
1784108280000,0.23168,0.23238,0.23115,0.23115,1937,4487.4236
1784108340000,0.23136,0.23216,0.23136,0.232,1726,3999.4353
1784108400000,0.23219,0.23219,0.23147,0.23167,1096,2539.7962
1784108460000,0.2316,0.23232,0.23117,0.23232,8512,19731.5385
1784108520000,0.23205,0.2326,0.23201,0.23222,1176,2731.968
1784108580000,0.23206,0.23296,0.23189,0.23296,918,2134.1885
1784108640000,0.2327,0.23407,0.2327,0.23338,1881,4388.6625
1784108700000,0.23321,0.23352,0.23293,0.23335,471,1097.6744
1784108760000,0.23342,0.23447,0.23317,0.23405,2261,5292.2722
1784108820000,0.23397,0.23446,0.23342,0.23439,1708,3994.8302
1784108880000,0.23426,0.23426,0.2332,0.23338,401,937.4383
1784108940000,0.2334,0.23376,0.23239,0.23242,1646,3839.9901
1784109000000,0.23236,0.23328,0.23236,0.23297,748,1740.7812
1784109060000,0.2332,0.23345,0.23218,0.23237,686,1597.3427
1784109120000,0.23215,0.23319,0.23205,0.23308,671,1561.2081
1784109180000,0.23293,0.23369,0.23268,0.23357,268,625.011
1784109240000,0.23353,0.23353,0.23264,0.23315,474,1103.9011
1784109300000,0.23343,0.23591,0.23337,0.23576,2927,6867.9626
1784109360000,0.23569,0.23944,0.23545,0.23677,10545,25046.4774
1784109420000,0.23684,0.23757,0.23656,0.23672,1689,4003.1834
1784109480000,0.23667,0.23703,0.23601,0.23646,1947,4602.8885
1784109540000,0.23632,0.23792,0.23615,0.23665,5240,12437.146
1784109600000,0.23629,0.23703,0.23626,0.23657,1724,4082.3297
1784109660000,0.23658,0.23812,0.23609,0.23793,903,2147.0413
1784109720000,0.23796,0.24148,0.23753,0.24038,12653,30367.1543
1784109780000,0.24021,0.24261,0.23972,0.24146,7286,17574.8228
1784109840000,0.24126,0.24234,0.2402,0.24159,7070,17067.7953
1784109900000,0.24124,0.2435,0.24118,0.24173,2903,7040.3252
1784109960000,0.24136,0.24136,0.23919,0.23919,3104,7463.2534
1784110020000,0.23955,0.24006,0.23922,0.23952,2895,6940.2394
1784110080000,0.23973,0.24075,0.23944,0.24073,1876,4504.2333
1784110140000,0.24066,0.24101,0.24029,0.2403,2279,5483.7391
1784110200000,0.24039,0.24172,0.24039,0.24122,1621,3909.7241
1784110260000,0.24101,0.24143,0.24031,0.24143,1212,2919.6849
1784110320000,0.24091,0.24096,0.23983,0.24053,3483,8375.3847
1784110380000,0.24004,0.24056,0.2391,0.24056,1095,2625.0217
1784110440000,0.24025,0.24059,0.24003,0.24041,557,1337.9686
1784110500000,0.24035,0.24125,0.23997,0.24106,4158,10001.2527
1784110560000,0.24102,0.24102,0.24015,0.24047,706,1698.6083
1784110620000,0.24018,0.24032,0.23917,0.24006,2362,5664.8365
1784110680000,0.23991,0.24001,0.23923,0.23963,579,1387.8279
1784110740000,0.23972,0.24032,0.2393,0.23974,1364,3270.6614
1784110800000,0.24014,0.24291,0.23988,0.24277,3324,8011.3993
1784110860000,0.24243,0.24523,0.24215,0.24451,7915,19303.0651
1784110920000,0.24439,0.2444,0.24254,0.24278,3212,7817.7771
1784110980000,0.24306,0.24364,0.24245,0.24302,3124,7591.2365
1784111040000,0.2427,0.24335,0.24213,0.24335,1995,4840.5929
1784111100000,0.24334,0.24375,0.24246,0.24315,2196,5335.9358
1784111160000,0.24317,0.24317,0.24175,0.24255,3865,9379.4848
1784111220000,0.24264,0.24289,0.24207,0.24255,1502,3643.0695
1784111280000,0.24244,0.24378,0.24244,0.24318,2432,5916.4133
1784111340000,0.24301,0.2488,0.24257,0.24576,14812,36508.8763
1784111400000,0.24563,0.25522,0.24342,0.25108,37120,92689.688
1784111460000,0.25078,0.25434,0.24902,0.25273,11837,29787.6549
1784111520000,0.25239,0.25369,0.25116,0.25135,6258,15766.1796
1784111580000,0.25095,0.25244,0.25018,0.25199,2497,6275.009
1784111640000,0.25169,0.25286,0.25082,0.25129,1407,3541.15
1784111700000,0.25149,0.25384,0.24717,0.24925,12391,31138.1644
1784111760000,0.24889,0.24937,0.24787,0.24839,4941,12288.5831
1784111820000,0.24863,0.25092,0.24857,0.2509,2328,5814.7885
1784111880000,0.25067,0.25083,0.2489,0.24895,2090,5220.3044
1784111940000,0.24875,0.25066,0.24872,0.24927,1363,3398.3038
1784112000000,0.24897,0.24998,0.24833,0.24833,1977,4928.0937
1784112060000,0.24859,0.24975,0.24815,0.24932,4157,10365.8721
1784112120000,0.2493,0.2493,0.24737,0.24888,2640,6552.9987
1784112180000,0.24896,0.24899,0.24695,0.24744,12353,30568.0574
1784112240000,0.24788,0.24813,0.24763,0.24796,173,428.8652
1784112300000,0.24803,0.24803,0.24358,0.24459,10742,26389.4787
1784112360000,0.2448,0.2458,0.24342,0.24342,4757,11612.7522
1784112420000,0.2436,0.24505,0.2436,0.24431,2055,5022.3501
1784112480000,0.24428,0.24428,0.24255,0.24343,4215,10246.3929
1784112540000,0.24355,0.24361,0.24234,0.24315,1551,3767.1392
1784112600000,0.24311,0.24311,0.24006,0.24104,3298,7963.69
1784112660000,0.24104,0.24321,0.24084,0.24277,1369,3318.4297
1784112720000,0.24284,0.24288,0.24215,0.24267,1110,2692.3971
1784112780000,0.24274,0.24375,0.24236,0.24353,1716,4173.961
1784112840000,0.24337,0.2453,0.24335,0.24518,1468,3588.502
1784112900000,0.24505,0.24505,0.24382,0.24393,1675,4090.5349
1784112960000,0.24379,0.24516,0.2434,0.24444,2121,5182.4153
1784113020000,0.24415,0.24446,0.244,0.24428,691,1687.1203
1784113080000,0.24345,0.24404,0.24253,0.24309,2691,6549.7169
1784113140000,0.24291,0.2434,0.24243,0.2429,1315,3194.1501
1784113200000,0.24268,0.24317,0.24203,0.24239,2710,6575.0686
1784113260000,0.24243,0.24417,0.24243,0.24326,3474,8463.0763
1784113320000,0.24304,0.24525,0.24279,0.24471,3252,7936.0154
1784113380000,0.24479,0.24543,0.24419,0.24521,1781,4357.6449
1784113440000,0.24497,0.24497,0.24307,0.24416,2380,5800.9196
1784113500000,0.24378,0.24547,0.24378,0.24476,1359,3325.6878
1784113560000,0.24432,0.24434,0.2421,0.24345,2244,5453.9727
1784113620000,0.24319,0.24324,0.24112,0.24309,1740,4214.8667
1784113680000,0.24283,0.24534,0.24283,0.24492,1370,3348.5665
1784113740000,0.24481,0.24552,0.24455,0.24517,677,1658.2574
1784113800000,0.24515,0.24664,0.24325,0.24569,5065,12432.8966
1784113860000,0.24547,0.24619,0.24485,0.24588,2846,6990.3073
1784113920000,0.24514,0.24725,0.245,0.24677,1335,3290.068
1784113980000,0.24669,0.24793,0.24608,0.24793,1845,4560.4676
1784114040000,0.24744,0.24797,0.24691,0.24725,1506,3726.293
1784114100000,0.24704,0.24966,0.24702,0.24897,4500,11188.0684
1784114160000,0.24874,0.24879,0.24742,0.24801,1920,4766.3869
1784114220000,0.24749,0.24985,0.24709,0.24919,3632,9028.9349
1784114280000,0.24906,0.24908,0.24743,0.24812,4148,10286.7713
1784114340000,0.24789,0.24789,0.24438,0.24614,7433,18271.2754
1784114400000,0.24594,0.24594,0.24344,0.24397,4570,11163.3259
1784114460000,0.2439,0.24508,0.24377,0.24419,3087,7538.9825
1784114520000,0.24404,0.24463,0.24351,0.2441,1338,3267.0437
1784114580000,0.24366,0.24433,0.24324,0.24417,1032,2514.4183
1784114640000,0.24401,0.24453,0.24386,0.24446,611,1491.7467
1784114700000,0.24417,0.2458,0.24417,0.24569,1556,3815.856
1784114760000,0.24568,0.24721,0.24519,0.24674,3111,7664.0131
1784114820000,0.24637,0.24701,0.24595,0.24604,3315,8175.4769
1784114880000,0.24585,0.2475,0.24585,0.24727,927,2288.5778
1784114940000,0.24712,0.24759,0.246,0.24708,2627,6483.317
1784115000000,0.24689,0.24814,0.24643,0.24643,1361,3370.9166
1784115060000,0.24654,0.24654,0.24484,0.24504,889,2181.6144
1784115120000,0.24515,0.24516,0.24436,0.24459,371,907.911
1784115180000,0.24474,0.24498,0.24323,0.24337,2644,6456.2407
1784115240000,0.24385,0.245,0.24379,0.24482,683,1669.8067
1784115300000,0.24454,0.24506,0.24407,0.24407,418,1023.5552
1784115360000,0.24461,0.24577,0.24443,0.24465,1133,2778.9664
1784115420000,0.24433,0.24508,0.24329,0.24413,1690,4129.9849
1784115480000,0.24358,0.24419,0.24285,0.24344,1839,4479.4057
1784115540000,0.24371,0.24371,0.24292,0.243,746,1813.6145
1784115600000,0.24277,0.2434,0.24193,0.24223,1757,4262.2575
1784115660000,0.24196,0.242,0.23645,0.24005,17361,41486.3834
1784115720000,0.24055,0.24138,0.23999,0.24044,2183,5256.5752
1784115780000,0.24062,0.24167,0.24061,0.24113,1472,3548.4118
1784115840000,0.24115,0.24115,0.2392,0.2398,2775,6651.2091
1784115900000,0.23997,0.24098,0.23947,0.24047,1148,2757.9584
1784115960000,0.24107,0.24191,0.24025,0.24178,1096,2639.219
1784116020000,0.24194,0.24218,0.2416,0.2419,903,2184.4368
1784116080000,0.24184,0.24326,0.24138,0.24196,3117,7548.8912
1784116140000,0.24185,0.242,0.24034,0.24097,1033,2488.4301
1784116200000,0.24069,0.24069,0.23937,0.23953,997,2390.7808
1784116260000,0.23983,0.2408,0.23936,0.2408,1537,3687.5565
1784116320000,0.24083,0.245,0.23952,0.24281,12397,30115.4836
1784116380000,0.2428,0.24433,0.24179,0.24219,7355,17845.0733
1784116440000,0.24192,0.24298,0.24192,0.24211,2614,6339.2374
1784116500000,0.24209,0.24217,0.24014,0.24032,2008,4835.5449
1784116560000,0.24042,0.24125,0.2403,0.24075,1347,3242.2785
1784116620000,0.24024,0.24089,0.24,0.24076,1573,3783.1167
1784116680000,0.24065,0.24079,0.24011,0.24062,302,726.1348
1784116740000,0.24061,0.24073,0.23976,0.23984,403,967.9224
1784116800000,0.23987,0.24024,0.23831,0.23846,1472,3522.9168
1784116860000,0.23826,0.23905,0.23753,0.23794,2553,6082.0567
1784116920000,0.2382,0.24082,0.2382,0.24068,928,2222.3477
1784116980000,0.24026,0.24098,0.24004,0.24016,2375,5712.4796
1784117040000,0.24004,0.24101,0.24004,0.24047,768,1848.2338
1784117100000,0.24052,0.24065,0.24003,0.24003,411,987.5242
1784117160000,0.24003,0.24052,0.23999,0.2402,237,569.237
1784117220000,0.24028,0.24084,0.2385,0.23905,1595,3821.8383
1784117280000,0.23891,0.23992,0.23877,0.23992,1068,2553.5729
1784117340000,0.23971,0.2401,0.23815,0.23829,1049,2506.6233
1784117400000,0.23815,0.23904,0.23787,0.23859,2260,5388.1472
1784117460000,0.23848,0.2392,0.23848,0.2389,544,1299.8225
1784117520000,0.23896,0.24,0.23896,0.23966,1252,3000.71
1784117580000,0.23979,0.23996,0.23956,0.23962,490,1175.0419
1784117640000,0.23993,0.24024,0.23992,0.24024,299,717.5967
1784117700000,0.24004,0.2435,0.24004,0.2432,2749,6643.4473
1784135760000,0.22201,0.22248,0.22137,0.22137,270,598.9093
1784135820000,0.22113,0.22225,0.22061,0.22218,534,1183.3051
1784135880000,0.22191,0.22223,0.22125,0.22133,836,1853.2951
1784135940000,0.22139,0.22168,0.22108,0.22115,252,558.0687
1784136000000,0.22124,0.22173,0.22124,0.22147,203,449.9039
1784136060000,0.22144,0.22177,0.22129,0.22129,246,544.7577
1784136120000,0.22123,0.22132,0.22013,0.22132,1340,2956.829
1784136180000,0.22115,0.2223,0.22115,0.22176,2122,4708.7766
1784136240000,0.2217,0.2223,0.22148,0.22148,407,903.1228
1784136300000,0.22161,0.22212,0.22134,0.22134,402,891.4062
1784136360000,0.22121,0.22147,0.2206,0.2206,257,567.8306
1784136420000,0.22067,0.22102,0.21917,0.21952,1858,4083.9896
1784136480000,0.21943,0.21969,0.21897,0.21929,644,1412.76
1784136540000,0.21927,0.2204,0.21927,0.21993,451,992.7231
1784136600000,0.22038,0.22038,0.21993,0.22024,817,1797.9821
1784136660000,0.22036,0.22247,0.22036,0.22247,3659,8113.7309
1784136720000,0.22246,0.22336,0.22146,0.22308,5332,11848.9264
1784136780000,0.22301,0.22485,0.2229,0.22397,3467,7767.1974
1784136840000,0.22371,0.22374,0.22146,0.22246,4010,8921.8102
1784136900000,0.22208,0.22208,0.22114,0.22125,891,1974.5273
1784136960000,0.2215,0.22157,0.22017,0.22109,782,1727.0361
1784137020000,0.22135,0.22135,0.21931,0.21997,3989,8780.8671
1784137080000,0.22002,0.22032,0.21992,0.2203,122,268.5313
1784137140000,0.21996,0.22273,0.21771,0.22132,8988,19804.8309
1784137200000,0.22117,0.22406,0.22117,0.22252,10459,23321.244
1784137260000,0.22247,0.22297,0.22183,0.22227,1023,2275.8264
1784137320000,0.22236,0.22249,0.22123,0.22199,1622,3595.4771
1784137380000,0.22205,0.22219,0.2211,0.22121,555,1230.5086
1784137440000,0.22109,0.22216,0.22099,0.22212,1315,2916.5257
1784137500000,0.22205,0.22217,0.22124,0.22136,1078,2388.9905
1784137560000,0.22149,0.22226,0.22129,0.22129,733,1625.6191
1784137620000,0.22121,0.22201,0.22104,0.22137,704,1560.0778
1784137680000,0.22135,0.22136,0.21945,0.22016,2562,5642.5554
1784137740000,0.22025,0.22083,0.21963,0.22044,806,1774.9956
1784137800000,0.22067,0.22167,0.22044,0.22121,580,1282.6229
1784137860000,0.22115,0.22194,0.22091,0.22159,370,819.2366
1784137920000,0.22145,0.22205,0.22127,0.22198,377,835.6692
1784137980000,0.22203,0.22212,0.22146,0.22205,749,1661.681
1784138040000,0.22195,0.22206,0.22133,0.22164,344,762.629
1784138100000,0.22176,0.22245,0.22175,0.22211,435,965.9892
1784138160000,0.22203,0.22203,0.22119,0.22179,819,1814.7756
1784138220000,0.22186,0.22216,0.22186,0.22187,88,195.3593
1784138280000,0.22191,0.22253,0.22182,0.22251,116,257.8579
1784138340000,0.22246,0.22246,0.22182,0.22209,386,857.8331
1784138400000,0.22204,0.22286,0.22164,0.22226,4786,10634.329
1784138460000,0.22201,0.22286,0.22201,0.22255,544,1210.295
1784138520000,0.22264,0.22458,0.22255,0.22446,2053,4596.0977
1784138580000,0.22426,0.22426,0.22307,0.22351,2440,5458.3934
1784138640000,0.22307,0.22374,0.22307,0.22353,194,433.1948
1784138700000,0.2235,0.22419,0.22342,0.22419,585,1309.3632
1784138760000,0.22406,0.22806,0.22406,0.22607,5198,11771.8276
1784138820000,0.22595,0.22755,0.22577,0.22738,1688,3832.3672
1784138880000,0.22708,0.22708,0.22627,0.2267,1117,2530.6153
1784138940000,0.22686,0.22793,0.22672,0.22764,3500,7962.3634
1784139000000,0.22733,0.22791,0.22579,0.22579,1386,3148.12
1784139060000,0.22608,0.22608,0.22539,0.2255,1421,3207.9521
1784139120000,0.22554,0.22566,0.2248,0.22509,484,1089.9412
1784139180000,0.22536,0.22555,0.22486,0.2255,1400,3152.0534
1784139240000,0.22555,0.22601,0.22506,0.22559,1332,3005.6166
1784139300000,0.22557,0.22557,0.22494,0.22547,259,583.3926
1784139360000,0.22564,0.22588,0.22451,0.22525,1123,2529.4773
1784139420000,0.22526,0.22541,0.22426,0.22473,1316,2959.9118
1784139480000,0.22473,0.22559,0.22473,0.22553,1504,3386.4877
1784139540000,0.22569,0.2262,0.22518,0.22538,1338,3019.0473
1784139600000,0.22515,0.22546,0.22424,0.22454,643,1444.8426
1784139660000,0.22444,0.22444,0.22379,0.22417,284,636.6309
1784139720000,0.22416,0.22424,0.22325,0.2239,2344,5240.3028
1784139780000,0.22386,0.22492,0.22386,0.22458,1862,4174.603
1784139840000,0.22436,0.22489,0.22413,0.22489,273,612.6031
1784139900000,0.2248,0.2248,0.22433,0.22455,245,550.1859
1784139960000,0.22446,0.2262,0.2242,0.2261,826,1860.9511
1784140020000,0.22588,0.22611,0.22525,0.22582,913,2061.0111
1784140080000,0.22589,0.22648,0.2252,0.2252,5391,12187.5017
1784140140000,0.22506,0.22507,0.2241,0.22479,1023,2298.4599
1784140200000,0.22468,0.2256,0.22453,0.22466,1072,2412.5399
1784140260000,0.22509,0.22523,0.22219,0.22263,759,1698.134
1784140320000,0.22277,0.22321,0.22231,0.22292,1655,3684.9571
1784140380000,0.22239,0.22246,0.22189,0.22244,260,577.7929
1784140440000,0.22249,0.2234,0.22224,0.22303,360,802.698
1784140500000,0.22298,0.22328,0.2229,0.22324,225,501.8173
1784140560000,0.223,0.22415,0.22271,0.2237,756,1691.2837
1784140620000,0.2237,0.2251,0.2237,0.22483,852,1913.6781
1784140680000,0.22488,0.22488,0.22338,0.22387,1350,3021.2925
1784140740000,0.22392,0.224,0.22333,0.22348,564,1261.6983
1784140800000,0.22328,0.22447,0.22328,0.22356,834,1867.9938
1784140860000,0.22368,0.22462,0.22368,0.2241,1086,2433.5161
1784140920000,0.22406,0.22417,0.22365,0.2237,235,525.999
1784140980000,0.22342,0.22392,0.22308,0.22373,672,1502.5876
1784141040000,0.22371,0.22462,0.22337,0.22446,1751,3923.1368
1784141100000,0.2244,0.22462,0.22399,0.22431,295,661.8847
1784141160000,0.22368,0.22415,0.22343,0.22377,949,2123.5207
1784141220000,0.2237,0.22429,0.22293,0.22294,774,1730.536
1784141280000,0.22302,0.22326,0.22255,0.22303,629,1402.9178
1784141340000,0.22302,0.22316,0.22137,0.22233,3570,7930.5032
1784141400000,0.22225,0.22234,0.22,0.22226,3710,8197.6726
1784141460000,0.22209,0.22209,0.22069,0.22104,739,1634.4314
1784141520000,0.22118,0.22202,0.22009,0.22134,1007,2227.6727
1784141580000,0.22141,0.22212,0.22133,0.22149,1052,2332.9033
1784141640000,0.22138,0.2221,0.22138,0.222,799,1772.1813
1784141700000,0.22187,0.22311,0.22178,0.22303,639,1421.9822
1784141760000,0.22299,0.22329,0.22253,0.22253,553,1232.829
1784141820000,0.22242,0.2225,0.22212,0.22246,355,789.2271
1784141880000,0.22245,0.22594,0.22239,0.22528,2777,6221.6071
1784141940000,0.22508,0.22508,0.22411,0.22446,777,1743.2142
1784142000000,0.22438,0.22438,0.22265,0.22277,996,2225.7933
1784142060000,0.22256,0.22366,0.2223,0.2223,1079,2403.6602
1784142120000,0.22234,0.22299,0.22226,0.2227,498,1108.7293
1784142180000,0.22254,0.22268,0.22195,0.22213,341,758.3174
1784142240000,0.22193,0.22264,0.22108,0.22215,2312,5126.0126
1784142300000,0.22217,0.22287,0.22214,0.22262,284,632.0867
1784142360000,0.22252,0.22307,0.22239,0.22299,861,1917.2886
1784142420000,0.22276,0.22276,0.22181,0.22202,368,817.9534
1784142480000,0.22194,0.2221,0.22182,0.2221,133,295.2096
1784142540000,0.22226,0.22245,0.22198,0.222,213,473.0384
1784142600000,0.22195,0.2222,0.22159,0.22164,227,503.8505
1784142660000,0.22178,0.22195,0.22125,0.2218,668,1480.4069
1784142720000,0.22199,0.22229,0.22175,0.22219,485,1076.7008
1784142780000,0.22224,0.22225,0.22194,0.22214,143,317.6261
1784142840000,0.22193,0.22206,0.22178,0.22183,146,323.9977
1784142900000,0.22192,0.22262,0.22192,0.2224,624,1387.9138
1784142960000,0.22231,0.22346,0.2223,0.22315,413,920.9243
1784143020000,0.223,0.22347,0.22246,0.22295,6003,13403.6238
1784143080000,0.22289,0.22328,0.22258,0.22304,280,623.9158
1784143140000,0.22313,0.2234,0.22298,0.2234,303,676.061
1784143200000,0.22319,0.22327,0.22289,0.22302,514,1146.6586
1784143260000,0.22288,0.22288,0.22151,0.22151,1434,3183.8885
1784143320000,0.22156,0.22265,0.22146,0.22217,1909,4242.7419
1784143380000,0.22215,0.22602,0.22215,0.22489,6157,13864.0434
1784143440000,0.22489,0.22526,0.22412,0.22414,1010,2269.6431
1784143500000,0.22416,0.22431,0.22321,0.22321,557,1246.4261
1784143560000,0.22322,0.22351,0.22226,0.22308,1377,3069.6977
1784143620000,0.2234,0.22411,0.22339,0.22369,1020,2283.1714
1784143680000,0.22378,0.22415,0.22378,0.22384,156,349.3546
1784143740000,0.2239,0.2239,0.22322,0.22322,377,842.9979
1784143800000,0.22355,0.22398,0.22329,0.22334,276,617.3351
1784143860000,0.22359,0.22459,0.22337,0.22423,6029,13527.6884
1784143920000,0.22454,0.22454,0.22369,0.22371,356,797.5217
1784143980000,0.22349,0.22418,0.22327,0.22338,493,1101.9474
1784144040000,0.22336,0.22798,0.22303,0.22547,15224,34402.8734
1784144100000,0.22538,0.2266,0.22538,0.2259,987,2230.7268
1784144160000,0.22558,0.22558,0.22498,0.22541,464,1044.7415
1784144220000,0.22485,0.22535,0.22474,0.22523,673,1514.8167
1784144280000,0.22528,0.22602,0.22522,0.22577,776,1750.2985
1784144340000,0.22618,0.22642,0.22598,0.22605,641,1449.2143
1784144400000,0.22598,0.22614,0.2252,0.2252,797,1798.8823
1784144460000,0.22501,0.22554,0.22465,0.2254,612,1377.3718
1784144520000,0.22537,0.22537,0.22475,0.22491,297,668.0546
1784144580000,0.22506,0.22609,0.22505,0.22573,574,1294.5837
1784144640000,0.22563,0.2261,0.22523,0.226,486,1097.5146
1784144700000,0.22563,0.2279,0.22563,0.22627,4766,10804.469
1784144760000,0.22613,0.22715,0.22611,0.22666,1057,2395.3178
1784144820000,0.22674,0.22674,0.22542,0.2256,897,2026.523
1784144880000,0.22578,0.22578,0.225,0.22518,818,1842.4437
1784144940000,0.22516,0.22523,0.22464,0.22464,220,495.0289
1784145000000,0.22478,0.22478,0.22336,0.22377,1162,2603.6352
1784145060000,0.22393,0.2244,0.22385,0.2244,183,410.0157
1784145120000,0.22423,0.22524,0.22423,0.22524,262,588.8401
1784145180000,0.22523,0.22624,0.2249,0.22594,593,1337.6188
1784145240000,0.22566,0.22607,0.2253,0.22563,595,1342.7909
1784145300000,0.22557,0.22596,0.22524,0.22524,439,990.8299
1784145360000,0.2251,0.22527,0.22486,0.22508,152,342.1252
1784145420000,0.22494,0.22494,0.22453,0.22463,163,366.3158
1784145480000,0.22444,0.22462,0.22402,0.22442,217,486.7933
1784145540000,0.22425,0.22515,0.22425,0.22443,590,1324.9643
1784145600000,0.22441,0.22563,0.22432,0.22551,3235,7276.4625
1784145660000,0.22534,0.22656,0.22534,0.22656,914,2064.9655
1784145720000,0.22655,0.22715,0.22542,0.22547,1527,3453.5405
1784145780000,0.22574,0.22595,0.22518,0.22518,361,814.6494
1784145840000,0.22504,0.22536,0.22427,0.22526,755,1697.6316
1784145900000,0.22512,0.22592,0.22512,0.22533,947,2136.3655
1784145960000,0.22543,0.22594,0.22543,0.22566,849,1915.3923
1784146020000,0.22545,0.22593,0.22519,0.22539,1723,3885.3423
1784146080000,0.22539,0.22539,0.2247,0.2253,335,754.081
1784146140000,0.22502,0.22551,0.22496,0.22496,314,707.4379
1784146200000,0.22497,0.22612,0.22497,0.22612,279,628.7974
1784146260000,0.22598,0.22627,0.2259,0.22596,154,348.1606
1784146320000,0.22596,0.22627,0.22516,0.22516,337,760.8253
1784146380000,0.22532,0.22614,0.22532,0.22609,1430,3228.9173
1784146440000,0.22601,0.22607,0.22556,0.22595,266,600.8453
1784146500000,0.22588,0.22615,0.22536,0.22572,724,1634.7682
1784146560000,0.22559,0.22632,0.22559,0.22622,187,422.6604
1784146620000,0.22642,0.22918,0.22641,0.22841,4106,9362.2204
1784146680000,0.22833,0.24306,0.22819,0.23988,62932,149810.1869
1784146740000,0.23993,0.24199,0.23738,0.23957,20235,48579.2879
1784146800000,0.23898,0.23904,0.23708,0.23834,7226,17199.9909
1784146860000,0.23811,0.2402,0.23748,0.23815,5401,12887.2726
1784146920000,0.23884,0.2406,0.23878,0.23958,9549,22912.6124
1784146980000,0.23953,0.24108,0.23823,0.24026,4936,11829.1964
1784147040000,0.24044,0.24158,0.23844,0.23938,3307,7949.0292
1784147100000,0.23911,0.24055,0.23874,0.24055,2003,4798.1933
1784147160000,0.24056,0.24056,0.23817,0.23891,3002,7171.5589
1784147220000,0.23888,0.2411,0.23862,0.23992,13275,31757.9389
1784147280000,0.23975,0.23981,0.23843,0.23913,3532,8452.1412
1784147340000,0.23904,0.2394,0.23824,0.23927,1981,4731.9928
1784147400000,0.23899,0.24101,0.23899,0.24018,992,2383.5723
1784147460000,0.24019,0.24797,0.23943,0.2463,20075,49077.185
1784147520000,0.2463,0.24631,0.24379,0.24382,8680,21268.8937
1784147580000,0.24372,0.24435,0.24159,0.24179,3255,7912.2551
1784147640000,0.24178,0.24178,0.23837,0.2388,5501,13190.6617
1784147700000,0.23857,0.23857,0.23649,0.23779,4219,10017.8548
1784165760000,0.22495,0.226,0.2243,0.22537,1191,2683.6972
1784165820000,0.22575,0.22575,0.22491,0.22518,779,1753.8898
1784165880000,0.22478,0.22617,0.22477,0.2259,841,1898.2078
1784165940000,0.2257,0.22616,0.22521,0.22572,1424,3214.0779
1784166000000,0.22557,0.22588,0.22534,0.22557,183,412.7578
1784166060000,0.22528,0.22533,0.22504,0.22523,469,1056.1591
1784166120000,0.22512,0.22512,0.22421,0.22452,748,1680.5576
1784166180000,0.2244,0.2246,0.22402,0.22438,411,921.9555
1784166240000,0.22416,0.22494,0.22416,0.22473,395,887.6728
1784166300000,0.22468,0.22468,0.22112,0.22308,7065,15733.5575
1784166360000,0.22306,0.22387,0.22306,0.22377,1197,2675.398
1784166420000,0.22369,0.22618,0.22361,0.2252,581,1308.0125
1784166480000,0.2251,0.22531,0.22439,0.22439,175,393.6188
1784166540000,0.22455,0.22521,0.22414,0.22499,278,624.4006
1784166600000,0.22503,0.22538,0.22491,0.22538,65,146.4005
1784166660000,0.22531,0.22594,0.22488,0.22491,3871,8736.4612
1784166720000,0.2247,0.22498,0.22418,0.22498,635,1426.105
1784166780000,0.22482,0.2251,0.22469,0.22498,113,254.1825
1784166840000,0.22495,0.22557,0.22375,0.22376,1975,4438.7895
1784166900000,0.22372,0.22401,0.22355,0.22362,1073,2401.1061
1784166960000,0.22368,0.2248,0.22325,0.22475,1300,2909.2249
1784167020000,0.22449,0.22513,0.22442,0.22494,961,2161.7832
1784167080000,0.22497,0.22497,0.22404,0.2244,448,1005.0398
1784167140000,0.22419,0.22448,0.22395,0.22429,810,1815.3163
1784167200000,0.22432,0.22506,0.22415,0.22473,374,839.9777
1784167260000,0.22468,0.22512,0.22443,0.22457,371,833.9846
1784167320000,0.22437,0.22487,0.22402,0.22429,2530,5672.9598
1784167380000,0.22438,0.22496,0.22421,0.22443,708,1589.4115
1784167440000,0.2247,0.22542,0.22435,0.2252,2928,6594.3023
1784167500000,0.2252,0.2252,0.22468,0.22476,1070,2409.1631
1784167560000,0.22456,0.22587,0.22423,0.22587,2093,4710.7547
1784167620000,0.22579,0.22579,0.22498,0.22498,275,619.6345
1784167680000,0.22516,0.22568,0.22484,0.22536,1088,2450.2418
1784167740000,0.22529,0.22565,0.22511,0.22542,365,822.2862
1784167800000,0.22524,0.22602,0.22519,0.22553,741,1672.1467
1784167860000,0.22533,0.22679,0.22519,0.22637,350,791.7203
1784167920000,0.22655,0.2292,0.22655,0.22886,1117,2549.3181
1784167980000,0.22885,0.22935,0.228,0.22931,1432,3278.2573
1784168040000,0.22889,0.22953,0.22803,0.22803,426,973.9482
1784168100000,0.22791,0.229,0.22791,0.22886,679,1551.519
1784168160000,0.22903,0.22915,0.22861,0.22885,266,608.7715
1784168220000,0.22872,0.23434,0.2283,0.23283,18702,43494.8482
1784168280000,0.23296,0.23512,0.23203,0.23483,16900,39631.5941
1784168340000,0.23478,0.23478,0.23264,0.23304,2045,4775.7558
1784168400000,0.23295,0.23416,0.23289,0.23395,1385,3237.2351
1784168460000,0.23385,0.23431,0.23261,0.23261,2302,5378.5866
1784168520000,0.23281,0.23362,0.23229,0.23333,1279,2981.2628
1784168580000,0.23343,0.23373,0.23158,0.23167,2556,5941.5974
1784168640000,0.23223,0.23307,0.23223,0.2327,180,418.585
1784168700000,0.23301,0.23697,0.23297,0.23614,2626,6173.7337
1784168760000,0.23584,0.23724,0.23441,0.23498,2409,5671.8113
1784168820000,0.23532,0.23535,0.2343,0.23474,1126,2643.7918
1784168880000,0.23474,0.23474,0.23224,0.23277,1316,3069.2192
1784168940000,0.23287,0.23347,0.23277,0.23287,262,611.0037
1784169000000,0.23323,0.23409,0.23306,0.23386,474,1107.2589
1784169060000,0.23369,0.23414,0.2333,0.23401,1226,2865.3363
1784169120000,0.234,0.23523,0.23394,0.23491,245,574.8772
1784169180000,0.23495,0.23508,0.23352,0.23388,494,1156.1512
1784169240000,0.23366,0.23387,0.23356,0.23356,160,373.9539
1784169300000,0.23367,0.23575,0.23367,0.23494,1563,3671.0531
1784169360000,0.23494,0.23542,0.23469,0.23542,187,439.2797
1784169420000,0.23507,0.23627,0.23471,0.23514,1128,2659.9835
1784169480000,0.23533,0.23533,0.234,0.23435,421,987.3166
1784169540000,0.23479,0.23511,0.23422,0.23452,319,748.7284
1784169600000,0.23455,0.23488,0.23455,0.23485,240,563.3636
1784169660000,0.23455,0.2353,0.23376,0.23376,497,1166.179
1784169720000,0.23442,0.23523,0.23408,0.23468,1115,2616.4342
1784169780000,0.23507,0.23619,0.23507,0.23586,357,841.4816
1784169840000,0.2354,0.2375,0.23538,0.23681,1658,3920.6268
1784169900000,0.23714,0.23908,0.23702,0.23763,1878,4470.0556
1784169960000,0.23786,0.23786,0.2342,0.23442,2299,5417.0918
1784170020000,0.23478,0.23499,0.23298,0.233,2103,4912.936
1784170080000,0.23339,0.23399,0.23325,0.23382,899,2099.8151
1784170140000,0.23413,0.23506,0.23353,0.23393,2431,5699.0323
1784170200000,0.23404,0.23412,0.23268,0.23327,2330,5440.312
1784170260000,0.23328,0.23362,0.23073,0.23108,2901,6713.7005
1784170320000,0.23142,0.23198,0.23101,0.23162,804,1861.8922
1784170380000,0.23182,0.2319,0.22859,0.23007,5264,12113.2695
1784170440000,0.23007,0.23248,0.22897,0.23248,3991,9210.2727
1784170500000,0.23298,0.2333,0.22914,0.22981,7781,18007.3774
1784170560000,0.22989,0.22996,0.22674,0.22889,2842,6487.613
1784170620000,0.22869,0.2294,0.2281,0.229,1110,2541.9675
1784170680000,0.22902,0.22916,0.22726,0.22795,1854,4230.9835
1784170740000,0.22802,0.22909,0.22621,0.22674,2540,5790.2855
1784170800000,0.22714,0.22749,0.22671,0.22712,598,1358.0084
1784170860000,0.22726,0.22786,0.22577,0.22786,7103,16070.8966
1784170920000,0.22786,0.22823,0.22717,0.22722,3155,7184.8325
1784170980000,0.22746,0.22766,0.22599,0.22765,1123,2548.2799
1784171040000,0.22766,0.22844,0.22762,0.22803,1339,3053.0188
1784171100000,0.2278,0.22869,0.22753,0.22844,366,835.1523
1784171160000,0.22816,0.22816,0.22733,0.22776,173,394.0346
1784171220000,0.22774,0.22785,0.22727,0.22785,553,1258.0926
1784171280000,0.22779,0.22782,0.22687,0.22782,701,1593.4667
1784171340000,0.22728,0.22816,0.22728,0.22743,710,1617.1215
1784171400000,0.22771,0.22788,0.2273,0.22776,449,1021.8338
1784171460000,0.22766,0.22766,0.22678,0.22712,470,1067.2498
1784171520000,0.22681,0.22778,0.22681,0.22714,137,311.7178
1784171580000,0.22762,0.22821,0.22749,0.2279,1659,3781.4316
1784171640000,0.22775,0.22819,0.22766,0.22809,525,1196.7949
1784171700000,0.2278,0.2278,0.22633,0.22692,2399,5444.7056
1784171760000,0.22657,0.22689,0.22563,0.22624,1243,2814.3554
1784171820000,0.2267,0.2273,0.22659,0.22723,707,1604.3062
1784171880000,0.22729,0.22729,0.22628,0.227,1012,2293.9078
1784171940000,0.22696,0.22738,0.22694,0.22737,136,308.9653
1784172000000,0.2276,0.22805,0.22709,0.22768,952,2168.3467
1784172060000,0.22768,0.22834,0.22768,0.22833,456,1039.8398
1784172120000,0.22845,0.22846,0.22803,0.22803,319,728.2166
1784172180000,0.22796,0.22814,0.2277,0.22814,455,1037.1058
1784172240000,0.22811,0.22811,0.22785,0.22808,243,553.839
1784172300000,0.22807,0.22814,0.22707,0.22733,577,1313.3447
1784172360000,0.22708,0.22732,0.22699,0.22699,444,1008.6832
1784172420000,0.22691,0.22791,0.22689,0.22753,271,616.4923
1784172480000,0.22777,0.22796,0.22769,0.22796,161,366.7703
1784172540000,0.22769,0.22769,0.22717,0.22736,463,1052.9233
1784172600000,0.22737,0.22751,0.22687,0.22712,596,1353.6508
1784172660000,0.22723,0.22756,0.22669,0.22669,1251,2842.1642
1784172720000,0.22682,0.22689,0.22572,0.22572,447,1012.5037
1784172780000,0.22581,0.2263,0.2224,0.22478,12510,28097.2268
1784172840000,0.22468,0.2252,0.22381,0.22511,1895,4252.3122
1784172900000,0.22512,0.22516,0.22381,0.22381,881,1977.0814
1784172960000,0.22435,0.22508,0.22344,0.22508,1452,3253.607
1784173020000,0.22478,0.22478,0.22318,0.22422,1029,2304.3091
1784173080000,0.22446,0.22542,0.22446,0.22542,1013,2281.1057
1784173140000,0.22515,0.22549,0.22498,0.22529,442,995.4614
1784173200000,0.22513,0.22535,0.22505,0.2251,219,492.9965
1784173260000,0.22504,0.22508,0.22426,0.22453,964,2166.3061
1784173320000,0.2245,0.2245,0.22378,0.22403,794,1779.5195
1784173380000,0.22467,0.22507,0.22467,0.22492,125,281.1309
1784173440000,0.22447,0.22499,0.22444,0.22494,217,487.4948
1784173500000,0.22499,0.22514,0.22457,0.22514,133,299.2001
1784173560000,0.22493,0.22526,0.22474,0.2251,56,125.9515
1784173620000,0.22519,0.22658,0.22518,0.22651,356,804.8133
1784173680000,0.22635,0.22711,0.22595,0.22694,540,1223.0741
1784173740000,0.22686,0.22688,0.22525,0.22566,1013,2288.7683
1784173800000,0.22565,0.22565,0.22494,0.22558,500,1126.0857
1784173860000,0.22541,0.2262,0.2253,0.22585,603,1362.0
1784173920000,0.2258,0.22596,0.22503,0.22516,1317,2969.8627
1784173980000,0.22493,0.22493,0.22408,0.2245,955,2143.8628
1784174040000,0.22416,0.2243,0.22344,0.22383,1114,2493.0014
1784174100000,0.22399,0.22517,0.22386,0.22471,622,1396.8066
1784174160000,0.22495,0.22676,0.22495,0.22641,1694,3823.6567
1784174220000,0.22641,0.22641,0.22514,0.22528,971,2190.7033
1784174280000,0.2252,0.22591,0.2252,0.2259,464,1047.6883
1784174340000,0.22566,0.22581,0.22506,0.22518,915,2062.8382
1784174400000,0.22537,0.22618,0.22537,0.22617,738,1666.6392
1784174460000,0.22604,0.22621,0.22516,0.22516,834,1883.402
1784174520000,0.22538,0.22584,0.22533,0.22584,554,1249.3756
1784174580000,0.22573,0.22573,0.22427,0.22427,781,1759.3571
1784174640000,0.2242,0.22561,0.2242,0.22561,799,1797.9191
1784174700000,0.22569,0.22607,0.22493,0.22493,1253,2824.4497
1784174760000,0.22544,0.22617,0.22536,0.22617,808,1823.1007
1784174820000,0.22589,0.22604,0.22531,0.22604,824,1860.0993
1784174880000,0.22586,0.22631,0.2257,0.2257,361,815.9261
1784174940000,0.22564,0.2259,0.22524,0.22533,9327,21045.3809
1784175000000,0.22535,0.22584,0.22501,0.22524,496,1117.919
1784175060000,0.22489,0.22573,0.22476,0.22572,438,986.4383
1784175120000,0.22594,0.22607,0.22527,0.22607,387,873.3201
1784175180000,0.22589,0.22677,0.22589,0.22677,402,910.4821
1784175240000,0.22653,0.22674,0.226,0.226,199,450.1738
1784175300000,0.2259,0.22668,0.2259,0.22658,921,2085.4141
1784175360000,0.22646,0.22704,0.22629,0.227,590,1337.7118
1784175420000,0.22678,0.22818,0.22669,0.2278,5133,11699.8034
1784175480000,0.2278,0.22781,0.22666,0.2268,3541,8059.4685
1784175540000,0.22664,0.22684,0.22638,0.22655,1116,2528.0219
1784175600000,0.22648,0.22652,0.22521,0.22595,1552,3505.0529
1784175660000,0.22557,0.22574,0.22275,0.22407,15645,35034.7853
1784175720000,0.22418,0.22516,0.22418,0.22471,1161,2608.851
1784175780000,0.22469,0.22469,0.2108,0.21886,50919,109983.9071
1784175840000,0.21862,0.22042,0.21835,0.22007,7406,16249.2865
1784175900000,0.22042,0.22042,0.21641,0.21926,26660,58363.4814
1784175960000,0.21954,0.22043,0.21952,0.22032,2049,4508.0838
1784176020000,0.22042,0.22277,0.2203,0.22239,4425,9807.5215
1784176080000,0.22229,0.2235,0.22225,0.22291,3512,7824.7425
1784176140000,0.22289,0.22289,0.22188,0.22214,671,1490.877
1784176200000,0.22189,0.22308,0.22189,0.22299,279,620.7865
1784176260000,0.22267,0.22277,0.22175,0.22186,3949,8788.1864
1784176320000,0.22197,0.2221,0.22085,0.22124,514,1138.6611
1784176380000,0.22131,0.22197,0.22105,0.22125,837,1853.2055
1784176440000,0.22131,0.22133,0.22082,0.22124,393,869.0415
1784176500000,0.22103,0.22139,0.22086,0.22095,732,1618.7932
1784176560000,0.22104,0.22108,0.22052,0.22075,4933,10896.4149
1784176620000,0.22087,0.22087,0.22031,0.22039,638,1406.9532
1784176680000,0.22051,0.22187,0.22022,0.22141,2186,4835.8032
1784176740000,0.22163,0.22163,0.21954,0.21992,1521,3352.2856
1784176800000,0.22004,0.22016,0.21922,0.2194,1113,2445.0366
1784176860000,0.21969,0.21991,0.21922,0.21984,1538,3377.5291
1784176920000,0.21972,0.21983,0.21936,0.21937,917,2013.1481
1784176980000,0.2195,0.22031,0.21944,0.22003,1733,3811.5088
1784177040000,0.22001,0.22103,0.22001,0.221,2071,4570.3287
1784177100000,0.22093,0.22093,0.22018,0.22018,675,1489.2148
1784177160000,0.22022,0.22031,0.21929,0.21986,1009,2217.2807
1784177220000,0.21998,0.21998,0.21943,0.21948,466,1023.6325
1784177280000,0.21958,0.21988,0.21958,0.21987,647,1421.7498
1784177340000,0.21985,0.22081,0.21985,0.22042,558,1228.9528
1784177400000,0.22042,0.2213,0.22042,0.2209,563,1243.6612
1784177460000,0.22059,0.2211,0.22026,0.22066,1375,3035.793
1784177520000,0.22044,0.22091,0.22038,0.22038,584,1288.6626
1784177580000,0.22052,0.22141,0.22044,0.22141,397,876.661
1784177640000,0.22114,0.2215,0.22051,0.22091,801,1769.8865
1784177700000,0.22086,0.22139,0.22082,0.22099,1039,2298.0097
1784195760000,0.21274,0.21333,0.21251,0.21333,2210,4705.1891
1784195820000,0.2132,0.214,0.21317,0.2134,1478,3158.0615
1784195880000,0.21324,0.21375,0.21319,0.21349,609,1299.3453
1784195940000,0.2137,0.21434,0.2137,0.21422,3209,6865.3612
1784196000000,0.21428,0.21488,0.21427,0.21461,497,1067.1107
1784196060000,0.21459,0.21615,0.21459,0.21582,1806,3897.0588
1784196120000,0.21589,0.21623,0.21573,0.21588,811,1751.0359
1784196180000,0.21602,0.2163,0.21493,0.21509,5923,12766.8368
1784196240000,0.215,0.21521,0.21366,0.21379,1598,3426.8881
1784196300000,0.21367,0.21497,0.21358,0.21497,2668,5711.7999
1784196360000,0.21515,0.21609,0.21508,0.21558,1259,2714.068
1784196420000,0.21571,0.2161,0.21528,0.21528,766,1651.3205
1784196480000,0.21541,0.21572,0.2151,0.21533,171,368.3749
1784196540000,0.21535,0.21535,0.21401,0.21402,1489,3199.4438
1784196600000,0.21391,0.21391,0.21247,0.21326,4797,10220.5242
1784196660000,0.21326,0.21418,0.21322,0.21411,1995,4269.4278
1784196720000,0.21417,0.21417,0.21377,0.21408,83,177.6029
1784196780000,0.21399,0.21399,0.21325,0.21325,6180,13200.6663
1784196840000,0.21324,0.21432,0.21319,0.21403,2185,4670.3026
1784196900000,0.21402,0.21428,0.21339,0.21339,4986,10663.714
1784196960000,0.21348,0.2138,0.21348,0.21364,633,1352.1004
1784197020000,0.21374,0.21429,0.21336,0.21429,976,2087.1699
1784197080000,0.21428,0.21521,0.21428,0.21521,1194,2563.2984
1784197140000,0.21508,0.21513,0.21485,0.21506,90,193.5237
1784197200000,0.21503,0.21513,0.21421,0.21502,1263,2709.1658
1784197260000,0.21499,0.21499,0.21456,0.21473,1094,2349.9996
1784197320000,0.21507,0.21685,0.21507,0.21633,3735,8068.2788
1784197380000,0.21687,0.2172,0.21645,0.21646,4305,9334.0581
1784197440000,0.21651,0.21693,0.21593,0.21628,2204,4768.8903
1784197500000,0.2158,0.21625,0.2158,0.2159,676,1461.0823
1784197560000,0.21605,0.21711,0.21605,0.21686,319,691.662
1784197620000,0.21659,0.21708,0.21647,0.2168,703,1524.0182
1784197680000,0.21674,0.218,0.2167,0.21737,5038,10953.0616
1784197740000,0.21699,0.21705,0.21664,0.21696,170,368.6793
1784197800000,0.21698,0.21704,0.21664,0.21677,601,1303.1103
1784197860000,0.2171,0.21769,0.21635,0.21697,3309,7181.0441
1784197920000,0.21699,0.21727,0.21626,0.21708,1683,3648.4465
1784197980000,0.21707,0.21828,0.21703,0.21747,2416,5258.228
1784198040000,0.2176,0.21901,0.2175,0.21886,4175,9135.5939
1784198100000,0.2188,0.2188,0.21732,0.21732,2527,5505.5754
1784198160000,0.21728,0.21728,0.21638,0.21642,1593,3452.5345
1784198220000,0.21643,0.2169,0.21583,0.21612,6145,13291.492
1784198280000,0.21621,0.2165,0.21528,0.2165,1499,3238.5913
1784198340000,0.2165,0.21701,0.21634,0.21638,963,2086.4097
1784198400000,0.21651,0.21761,0.21651,0.21716,1451,3146.2763
1784198460000,0.21724,0.2173,0.21674,0.21714,665,1443.0568
1784198520000,0.21707,0.21813,0.21347,0.21767,18090,39138.2359
1784198580000,0.21768,0.21807,0.21722,0.21797,2828,6156.6302
1784198640000,0.21797,0.21866,0.21757,0.21785,494,1077.1338
1784198700000,0.21766,0.21811,0.21733,0.21811,605,1317.4628
1784198760000,0.21804,0.21888,0.21793,0.21863,4144,9057.3215
1784198820000,0.21845,0.21885,0.21721,0.2174,4552,9925.2049
1784198880000,0.21735,0.21735,0.21573,0.21645,2311,4999.9546
1784198940000,0.2165,0.21681,0.21612,0.21612,1637,3544.646
1784199000000,0.21624,0.21624,0.2154,0.21554,736,1587.4679
1784199060000,0.21551,0.21566,0.21443,0.21487,1720,3693.4455
1784199120000,0.21504,0.21635,0.21504,0.21626,566,1220.8651
1784199180000,0.21616,0.21616,0.21508,0.21508,1628,3505.2164
1784199240000,0.21509,0.21539,0.21469,0.21478,1045,2247.3702
1784199300000,0.2148,0.21512,0.21432,0.215,3381,7257.9332
1784199360000,0.21509,0.21509,0.21257,0.21261,7895,16904.8862
1784199420000,0.21273,0.21532,0.21094,0.2143,19679,41929.4908
1784199480000,0.21411,0.21411,0.21294,0.21323,2421,5163.9661
1784199540000,0.21339,0.21406,0.21305,0.2135,2340,4991.1219
1784199600000,0.2129,0.21405,0.2129,0.21391,9013,19261.1646
1784199660000,0.21373,0.2144,0.21343,0.21399,6522,13961.3943
1784199720000,0.21441,0.21499,0.21234,0.2132,20460,43641.7609
1784199780000,0.21318,0.21334,0.21149,0.2123,7144,15163.1529
1784199840000,0.21236,0.21299,0.21178,0.21249,14335,30465.058
1784199900000,0.21238,0.21238,0.21141,0.2115,4503,9539.1981
1784199960000,0.21151,0.21428,0.20962,0.2136,11942,25417.6489
1784200020000,0.2136,0.21366,0.21334,0.21334,2158,4605.9655
1784200080000,0.21347,0.21444,0.21337,0.21411,962,2058.9181
1784200140000,0.21382,0.21454,0.21379,0.21454,373,798.9659
1784200200000,0.21441,0.21492,0.2143,0.21486,1167,2504.6105
1784200260000,0.21496,0.21531,0.21473,0.21527,706,1517.9725
1784200320000,0.21503,0.21503,0.20965,0.21301,13888,29540.9936
1784200380000,0.21299,0.21299,0.21182,0.21248,2279,4841.3677
1784200440000,0.21209,0.21237,0.2119,0.21236,885,1877.1572
1784200500000,0.2121,0.2121,0.21105,0.21186,1976,4176.9931
1784200560000,0.21149,0.21197,0.21108,0.21123,7669,16232.8687
1784200620000,0.21118,0.21207,0.21091,0.21207,615,1300.0277
1784200680000,0.21187,0.21321,0.21187,0.21321,1903,4047.5711
1784200740000,0.21312,0.21342,0.21292,0.21309,580,1237.1641
1784200800000,0.21305,0.21334,0.213,0.21303,639,1361.5001
1784200860000,0.21299,0.21299,0.21091,0.21114,5008,10628.9442
1784200920000,0.21153,0.21416,0.21069,0.21392,6827,14515.2236
1784200980000,0.21349,0.21366,0.21212,0.21239,3799,8079.385
1784201040000,0.21267,0.21298,0.21221,0.21261,2241,4764.38
1784201100000,0.21279,0.21388,0.2126,0.2135,1874,3996.7955
1784201160000,0.21336,0.21349,0.21295,0.2131,188,400.6865
1784201220000,0.21344,0.21344,0.21265,0.21284,534,1136.278
1784201280000,0.21283,0.21419,0.21249,0.21308,4860,10369.7601
1784201340000,0.213,0.21323,0.21283,0.21323,89,189.5653
1784201400000,0.21321,0.21322,0.21264,0.21264,378,805.5653
1784201460000,0.21265,0.21275,0.2117,0.21179,826,1753.2576
1784201520000,0.2119,0.21233,0.21122,0.21228,2706,5731.5975
1784201580000,0.21207,0.21338,0.21207,0.2129,2022,4303.6238
1784201640000,0.21309,0.21401,0.21276,0.21401,3492,7451.1282
1784201700000,0.21397,0.21442,0.21389,0.21412,1088,2330.7966
1784201760000,0.21423,0.215,0.21414,0.21477,1352,2903.6796
1784201820000,0.21481,0.21485,0.2141,0.2141,2155,4622.1918
1784201880000,0.21413,0.21415,0.21331,0.21348,3670,7843.9505
1784201940000,0.21377,0.21418,0.21342,0.21418,2689,5747.9551
1784202000000,0.21426,0.21515,0.21426,0.21451,1437,3083.6632
1784202060000,0.21456,0.21522,0.2144,0.2144,4281,9201.9043
1784202120000,0.2148,0.21505,0.2143,0.21465,1843,3958.3888
1784202180000,0.21458,0.21459,0.21401,0.21422,1034,2215.0144
1784202240000,0.21419,0.21432,0.21362,0.21386,659,1409.8663
1784202300000,0.2138,0.21439,0.21377,0.21377,914,1957.7207
1784202360000,0.21384,0.21388,0.21326,0.21378,1302,2781.7757
1784202420000,0.21361,0.21387,0.2133,0.2133,601,1283.4686
1784202480000,0.2132,0.214,0.21317,0.21383,1956,4180.2833
1784202540000,0.21343,0.21366,0.21239,0.21259,4009,8530.4282
1784202600000,0.21253,0.21297,0.21217,0.21297,1870,3973.3612
1784202660000,0.21301,0.2134,0.21298,0.21308,285,607.4831
1784202720000,0.21326,0.2143,0.21326,0.21391,1456,3113.0087
1784202780000,0.21308,0.2131,0.21279,0.2128,457,973.0756
1784202840000,0.21279,0.21302,0.212,0.21296,6641,14127.6912
1784202900000,0.21279,0.21401,0.21276,0.21383,3069,6548.6526
1784202960000,0.21369,0.2146,0.21338,0.21456,4474,9574.2563
1784203020000,0.2142,0.2142,0.2134,0.21397,1521,3249.7041
1784203080000,0.21387,0.21418,0.21332,0.21397,1146,2449.5688
1784203140000,0.21384,0.21384,0.21293,0.21308,3525,7517.9526
1784203200000,0.21297,0.21336,0.2125,0.21261,1766,3757.9266
1784203260000,0.21269,0.21395,0.21269,0.21353,1137,2428.9083
1784203320000,0.21333,0.21394,0.2133,0.21355,979,2091.1731
1784203380000,0.21349,0.21367,0.21172,0.21174,1926,4086.2957
1784203440000,0.21184,0.21206,0.21104,0.21196,5092,10784.1283
1784203500000,0.21187,0.21312,0.21178,0.21277,641,1363.0223
1784203560000,0.21274,0.21408,0.21274,0.21362,2913,6225.5962
1784203620000,0.21374,0.21398,0.21372,0.21388,382,817.2826
1784203680000,0.21386,0.21388,0.21349,0.21378,182,388.7947
1784203740000,0.21406,0.21592,0.21406,0.21558,4844,10439.6
1784203800000,0.21551,0.21622,0.21527,0.21585,3047,6573.8458
1784203860000,0.2158,0.21593,0.21525,0.21541,529,1139.9204
1784203920000,0.21512,0.21554,0.21482,0.21506,442,951.2664
1784203980000,0.21492,0.21496,0.21429,0.2149,189,405.4399
1784204040000,0.21504,0.21598,0.21504,0.21581,1085,2340.0509
1784204100000,0.21595,0.21674,0.21542,0.21674,2123,4592.2023
1784204160000,0.21646,0.21661,0.21498,0.21498,2528,5454.6097
1784204220000,0.21514,0.21554,0.21505,0.21549,248,533.8697
1784204280000,0.21499,0.21519,0.21424,0.21519,786,1686.783
1784204340000,0.21488,0.21503,0.21401,0.21502,1428,3066.1513
1784204400000,0.2145,0.21518,0.2145,0.21506,506,1088.2131
1784204460000,0.21515,0.21515,0.21448,0.21511,1489,3196.5865
1784204520000,0.215,0.215,0.21453,0.21483,393,843.4862
1784204580000,0.2146,0.21586,0.2146,0.21586,220,473.5851
1784204640000,0.21579,0.21579,0.21448,0.21448,782,1682.3148
1784204700000,0.21459,0.2146,0.21345,0.21371,597,1278.1336
1784204760000,0.21382,0.21416,0.21354,0.21364,1229,2626.3159
1784204820000,0.21383,0.21421,0.21371,0.2138,312,667.388
1784204880000,0.21362,0.2138,0.21315,0.21347,952,2033.0136
1784204940000,0.21362,0.21411,0.21325,0.21397,674,1439.8618
1784205000000,0.21394,0.21419,0.21379,0.21379,396,847.1779
1784205060000,0.21386,0.21394,0.21318,0.21385,2088,4458.6216
1784205120000,0.21368,0.21434,0.21366,0.2141,288,615.5636
1784205180000,0.21367,0.21369,0.21341,0.21358,393,839.0168
1784205240000,0.21349,0.21363,0.2124,0.21304,2764,5889.2334
1784205300000,0.21285,0.21324,0.2124,0.2125,1654,3521.5991
1784205360000,0.21248,0.21384,0.21242,0.21358,1292,2755.1456
1784205420000,0.21339,0.2135,0.21283,0.2135,243,517.9919
1784205480000,0.21378,0.214,0.21351,0.21382,1708,3651.3907
1784205540000,0.21397,0.21397,0.21333,0.21353,721,1539.3428
1784205600000,0.21414,0.21414,0.21346,0.21348,383,818.8332
1784205660000,0.2135,0.21453,0.2135,0.21406,1319,2821.5274
1784205720000,0.21395,0.21455,0.21205,0.21294,4268,9100.2402
1784205780000,0.21289,0.21316,0.21236,0.21285,2378,5057.9038
1784205840000,0.21273,0.21291,0.21163,0.21248,2751,5834.2868
1784205900000,0.2122,0.2122,0.21,0.21095,9677,20410.6935
1784205960000,0.21089,0.21122,0.21053,0.21097,1868,3938.8097
1784206020000,0.21073,0.21184,0.21,0.21071,4246,8948.3457
1784206080000,0.21038,0.21133,0.2101,0.2101,1763,3715.6537
1784206140000,0.21037,0.21042,0.2049,0.20915,17238,35790.9581
1784206200000,0.20885,0.20938,0.20863,0.20938,2508,5240.9462
1784206260000,0.20911,0.20969,0.20782,0.20858,4683,9785.3037
1784206320000,0.2086,0.20898,0.20753,0.20855,2777,5783.7544
1784206380000,0.20847,0.20897,0.20793,0.20881,2015,4199.7299
1784206440000,0.209,0.209,0.20814,0.20893,3451,7196.7668
1784206500000,0.20906,0.20906,0.20854,0.20889,1218,2543.4107
1784206560000,0.20884,0.20944,0.2088,0.20919,879,1839.2382
1784206620000,0.20907,0.20907,0.20829,0.20829,556,1159.2982
1784206680000,0.20837,0.20907,0.20829,0.20895,391,816.3306
1784206740000,0.20884,0.20895,0.20838,0.20856,654,1365.6072
1784206800000,0.20841,0.20914,0.20703,0.20703,2997,6239.704
1784206860000,0.2068,0.2075,0.20679,0.20719,2057,4260.5144
1784206920000,0.20712,0.20722,0.20442,0.2066,13940,28706.1993
1784206980000,0.20671,0.20717,0.20628,0.20666,1207,2493.7029
1784207040000,0.20648,0.20681,0.20541,0.20664,4506,9292.6525
1784207100000,0.2067,0.20698,0.20618,0.20656,5166,10674.7158
1784207160000,0.20723,0.21329,0.20673,0.21043,11769,24778.3695
1784207220000,0.21026,0.21106,0.20947,0.20977,2369,4984.2802
1784207280000,0.20995,0.21161,0.20974,0.21121,1720,3623.2086
1784207340000,0.21115,0.21115,0.21016,0.21028,881,1855.1623
1784207400000,0.21016,0.21035,0.20936,0.2097,2424,5083.2625
1784207460000,0.2097,0.21031,0.20964,0.21011,2095,4400.6833
1784207520000,0.20987,0.20987,0.20835,0.20905,6057,12665.4511
1784207580000,0.20905,0.20954,0.20839,0.20943,2327,4857.6737
1784207640000,0.20931,0.2098,0.20913,0.20946,315,659.9498
1784207700000,0.20894,0.2095,0.20893,0.2093,974,2037.6322
1784225760000,0.21051,0.2113,0.21051,0.21091,1248,2630.7644
1784225820000,0.21109,0.21119,0.21089,0.21089,369,778.7843
1784225880000,0.2111,0.21129,0.21047,0.21097,867,1830.2701
1784225940000,0.21098,0.21138,0.21095,0.21117,187,394.7315
1784226000000,0.21117,0.21227,0.21117,0.21163,897,1898.7468
1784226060000,0.2118,0.21198,0.21135,0.2119,364,770.6584
1784226120000,0.21189,0.21197,0.21154,0.21183,374,791.9353
1784226180000,0.21179,0.21212,0.21179,0.21189,453,960.3677
1784226240000,0.21212,0.21212,0.21131,0.21149,247,522.6284
1784226300000,0.21166,0.21256,0.21152,0.21236,961,2038.7713
1784226360000,0.21238,0.21284,0.21236,0.21238,990,2104.7565
1784226420000,0.21203,0.2123,0.21197,0.2123,546,1158.5103
1784226480000,0.21245,0.21263,0.21221,0.2124,338,717.6907
1784226540000,0.21202,0.21204,0.21173,0.21181,385,815.7655
1784226600000,0.21196,0.21212,0.21137,0.21141,199,421.6762
1784226660000,0.21179,0.2121,0.21163,0.21163,368,780.0944
1784226720000,0.21183,0.21211,0.21159,0.21187,595,1260.9054
1784226780000,0.21209,0.21234,0.21196,0.21199,1824,3870.5055
1784226840000,0.21209,0.21298,0.21204,0.21278,1151,2444.7033
1784226900000,0.21278,0.21299,0.21245,0.21245,547,1163.2272
1784226960000,0.21248,0.21273,0.21162,0.21173,451,957.2202
1784227020000,0.21152,0.21152,0.21126,0.21132,161,340.4184
1784227080000,0.21115,0.21141,0.21113,0.21113,275,580.8304
1784227140000,0.21134,0.21211,0.21134,0.21211,495,1048.2583
1784227200000,0.21214,0.21214,0.21187,0.21187,207,438.7882
1784227260000,0.21186,0.21186,0.2114,0.21148,1244,2631.5646
1784227320000,0.21143,0.21157,0.21115,0.21115,149,314.9342
1784227380000,0.21119,0.2112,0.20948,0.21069,1514,3181.2637
1784227440000,0.21052,0.21065,0.21037,0.21065,763,1605.7725
1784227500000,0.21058,0.2107,0.21026,0.21034,1265,2663.6385
1784227560000,0.21081,0.21112,0.21046,0.21046,428,901.8409
1784227620000,0.21048,0.2106,0.21018,0.21027,2599,5468.5655
1784227680000,0.21028,0.21061,0.21028,0.2106,847,1781.7874
1784227740000,0.21101,0.21111,0.21099,0.21099,48,101.2844
1784227800000,0.21115,0.2114,0.21112,0.21112,554,1170.1703
1784227860000,0.21112,0.21125,0.2111,0.2111,115,242.839
1784227920000,0.21118,0.21135,0.21109,0.21109,202,426.7509
1784227980000,0.21121,0.21161,0.21121,0.21147,3306,6991.6288
1784228040000,0.21144,0.21224,0.21139,0.21212,1855,3933.1162
1784228100000,0.21196,0.21216,0.21188,0.21216,129,273.5132
1784228160000,0.21229,0.21229,0.21205,0.21224,87,184.5859
1784228220000,0.21219,0.21232,0.21192,0.21232,104,220.6597
1784228280000,0.21234,0.21257,0.21203,0.21234,365,774.9558
1784228340000,0.2125,0.21292,0.21247,0.21292,2725,5796.6547
1784228400000,0.2131,0.21418,0.2131,0.21402,2904,6207.2924
1784228460000,0.21391,0.21391,0.21336,0.21374,726,1550.6111
1784228520000,0.21364,0.21435,0.21338,0.21435,638,1365.0481
1784228580000,0.21425,0.21432,0.21395,0.21413,1235,2643.9105
1784228640000,0.21415,0.21415,0.21359,0.21395,1251,2675.0434
1784228700000,0.2138,0.21397,0.21366,0.21381,168,359.2865
1784228760000,0.21401,0.21401,0.21318,0.21371,369,787.5969
1784228820000,0.21363,0.21363,0.21214,0.2126,6124,13033.7231
1784228880000,0.21269,0.21294,0.21268,0.21294,639,1359.4903
1784228940000,0.21299,0.21299,0.21231,0.21244,105,223.2651
1784229000000,0.21238,0.21333,0.2123,0.21311,4039,8592.675
1784229060000,0.21311,0.21333,0.21293,0.21306,413,880.1533
1784229120000,0.21344,0.21357,0.21316,0.21336,338,721.2353
1784229180000,0.21324,0.21324,0.21313,0.21324,77,164.1649
1784229240000,0.21312,0.21313,0.21255,0.21279,628,1336.7336
1784229300000,0.21272,0.21297,0.21241,0.21241,70,148.8714
1784229360000,0.21219,0.21249,0.21187,0.21198,709,1504.3672
1784229420000,0.21211,0.21211,0.21102,0.2111,765,1616.4407
1784229480000,0.21153,0.21182,0.21112,0.21147,377,797.0804
1784229540000,0.2114,0.2114,0.21107,0.21122,315,665.353
1784229600000,0.21142,0.21148,0.21081,0.21135,592,1248.8134
1784229660000,0.21167,0.21169,0.21135,0.21138,1332,2818.2691
1784229720000,0.21152,0.21202,0.21149,0.21184,785,1662.8824
1784229780000,0.21178,0.21191,0.21111,0.21111,259,548.1312
1784229840000,0.21091,0.21118,0.21085,0.21105,4211,8881.1047
1784229900000,0.21115,0.21191,0.21115,0.21185,134,283.4853
1784229960000,0.21165,0.21165,0.21138,0.21148,253,535.2926
1784230020000,0.21158,0.21196,0.2114,0.21141,532,1126.4335
1784230080000,0.21166,0.21184,0.21131,0.21142,1093,2310.7316
1784230140000,0.21153,0.21163,0.21133,0.21133,1090,2305.1156
1784230200000,0.21134,0.21134,0.21121,0.21134,76,160.579
1784230260000,0.21093,0.21157,0.21088,0.21139,432,911.752
1784230320000,0.21139,0.21139,0.21096,0.21101,100,211.0445
1784230380000,0.21115,0.21121,0.21088,0.21102,553,1167.2899
1784230440000,0.21102,0.21104,0.2105,0.21075,3031,6389.4764
1784230500000,0.21074,0.2113,0.21074,0.21121,127,267.9578
1784230560000,0.21139,0.21184,0.21139,0.21158,1044,2209.5984
1784230620000,0.21165,0.21207,0.21153,0.21154,563,1192.1636
1784230680000,0.21155,0.212,0.21147,0.212,176,372.6166
1784230740000,0.21195,0.21197,0.21145,0.21161,108,228.7415
1784230800000,0.21179,0.21203,0.21137,0.21198,212,449.0655
1784230860000,0.21175,0.21188,0.21131,0.21188,526,1112.6632
1784230920000,0.21195,0.21195,0.21108,0.21128,472,998.2305
1784230980000,0.21121,0.21139,0.21121,0.21129,87,183.7977
1784231040000,0.21134,0.21182,0.21109,0.21164,457,965.7118
1784231100000,0.21159,0.21167,0.21111,0.21125,107,226.1648
1784231160000,0.21128,0.21151,0.21086,0.21151,348,735.3616
1784231220000,0.2115,0.2115,0.21117,0.21117,78,164.8395
1784231280000,0.21099,0.21129,0.21099,0.21122,135,285.0755
1784231340000,0.21125,0.21146,0.21125,0.21146,211,445.9534
1784231400000,0.21147,0.21221,0.21143,0.212,371,785.7411
1784231460000,0.21217,0.21344,0.21217,0.21297,1062,2256.5564
1784231520000,0.2129,0.21319,0.21284,0.21284,107,227.9301
1784231580000,0.21287,0.21309,0.21262,0.21302,548,1166.9191
1784231640000,0.21301,0.21373,0.21301,0.21373,647,1379.6189
1784231700000,0.21359,0.21391,0.21315,0.21315,694,1482.4967
1784231760000,0.21304,0.21304,0.21212,0.21226,1476,3138.5715
1784231820000,0.21213,0.21299,0.21213,0.21299,731,1553.3694
1784231880000,0.21272,0.21295,0.21243,0.21243,189,401.7927
1784231940000,0.2126,0.2126,0.21189,0.21233,416,882.7453
1784232000000,0.21235,0.21349,0.21235,0.21345,1309,2784.8869
1784232060000,0.21335,0.21335,0.21237,0.21251,621,1320.7292
1784232120000,0.21276,0.21283,0.21233,0.21236,1134,2409.9014
1784232180000,0.2124,0.2124,0.21147,0.21183,1781,3776.8616
1784232240000,0.21185,0.21185,0.21106,0.21117,712,1505.3696
1784232300000,0.21134,0.21151,0.21091,0.21117,465,982.4122
1784232360000,0.21104,0.21193,0.21099,0.21168,1385,2931.4894
1784232420000,0.21172,0.21182,0.21136,0.21177,404,855.235
1784232480000,0.21161,0.21209,0.2114,0.2114,1574,3336.1232
1784232540000,0.2114,0.21167,0.2114,0.21161,274,579.8059
1784232600000,0.21152,0.2116,0.21131,0.2115,311,657.8398
1784232660000,0.21168,0.21213,0.21154,0.21166,804,1703.3083
1784232720000,0.21161,0.21215,0.21161,0.21209,113,239.4807
1784232780000,0.21184,0.21259,0.21184,0.21206,1176,2496.364
1784232840000,0.21219,0.21294,0.21219,0.21294,1055,2241.2214
1784232900000,0.21277,0.21346,0.21277,0.21293,2139,4557.4498
1784232960000,0.21285,0.21296,0.2119,0.21273,3072,6528.1663
1784233020000,0.21276,0.21305,0.2127,0.2129,221,470.4358
1784233080000,0.21281,0.21297,0.21239,0.21243,147,312.6641
1784233140000,0.21226,0.21307,0.21226,0.21291,215,457.2588
1784233200000,0.21307,0.21307,0.21236,0.21248,92,195.6194
1784233260000,0.21244,0.21296,0.21242,0.2126,310,659.5692
1784233320000,0.21256,0.21274,0.21254,0.21274,66,140.3574
1784233380000,0.21257,0.21288,0.2125,0.21288,87,184.9741
1784233440000,0.2129,0.2129,0.21226,0.21237,529,1124.5052
1784233500000,0.21235,0.21235,0.21184,0.21184,434,920.1916
1784233560000,0.2116,0.21167,0.21118,0.21161,683,1443.8565
1784233620000,0.21182,0.21182,0.21136,0.2116,401,848.2603
1784233680000,0.21178,0.21189,0.21162,0.21162,141,298.6664
1784233740000,0.21157,0.21157,0.21111,0.21111,897,1896.1366
1784233800000,0.21108,0.21197,0.21096,0.21159,2719,5752.9803
1784233860000,0.21141,0.2115,0.21128,0.21149,481,1017.0034
1784233920000,0.21124,0.21143,0.21119,0.21143,116,245.1028
1784233980000,0.21151,0.21186,0.21145,0.21186,208,440.1309
1784234040000,0.2119,0.21203,0.21142,0.21142,636,1347.4246
1784234100000,0.21143,0.21172,0.21102,0.21126,752,1590.1798
1784234160000,0.21113,0.2114,0.21113,0.21114,91,192.2161
1784234220000,0.21125,0.21126,0.21092,0.21107,70,147.771
1784234280000,0.21106,0.21106,0.21052,0.21072,360,758.3838
1784234340000,0.21082,0.2111,0.21074,0.21094,714,1506.1235
1784234400000,0.2111,0.21124,0.21101,0.21112,405,854.9405
1784234460000,0.21112,0.21113,0.21023,0.21024,319,672.7674
1784234520000,0.21029,0.21083,0.21013,0.21036,800,1684.1551
1784234580000,0.21067,0.21104,0.21067,0.21097,745,1571.4262
1784234640000,0.21083,0.21099,0.21064,0.21092,73,153.8616
1784234700000,0.21086,0.21086,0.21032,0.21032,173,364.4073
1784234760000,0.21035,0.21082,0.20858,0.20993,4391,9216.3715
1784234820000,0.20993,0.21077,0.20993,0.21074,236,496.1566
1784234880000,0.21069,0.21113,0.21037,0.21113,1670,3518.8925
1784234940000,0.21082,0.21172,0.21082,0.21155,423,894.4875
1784235000000,0.21161,0.21196,0.21161,0.21196,280,593.2319
1784235060000,0.21178,0.21194,0.21126,0.21185,574,1215.8535
1784235120000,0.21176,0.21289,0.21176,0.21255,1719,3652.5172
1784235180000,0.21244,0.21304,0.21244,0.21264,455,967.877
1784235240000,0.21263,0.21285,0.21235,0.21281,879,1868.6768
1784235300000,0.21268,0.21269,0.21238,0.2124,127,269.9332
1784235360000,0.2126,0.2126,0.21233,0.21241,97,206.1053
1784235420000,0.21253,0.21283,0.21211,0.21211,809,1718.7632
1784235480000,0.21207,0.21274,0.21207,0.21274,974,2070.8384
1784235540000,0.21264,0.2129,0.21228,0.21245,1463,3111.3031
1784235600000,0.21266,0.21266,0.21207,0.21213,1351,2866.252
1784235660000,0.21213,0.21298,0.21213,0.21298,910,1931.83
1784235720000,0.21281,0.21349,0.21281,0.21314,2033,4336.8542
1784235780000,0.21313,0.21391,0.21313,0.21391,405,865.1214
1784235840000,0.21392,0.21406,0.21331,0.21348,538,1148.6512
1784235900000,0.21296,0.21296,0.21243,0.2126,516,1097.4626
1784235960000,0.21245,0.21289,0.21225,0.21225,565,1201.2235
1784236020000,0.21241,0.21266,0.21231,0.21259,519,1102.8152
1784236080000,0.2127,0.21275,0.21212,0.21226,232,492.6649
1784236140000,0.21228,0.21228,0.21214,0.21214,329,698.3231
1784236200000,0.21221,0.21249,0.21221,0.21246,92,195.3773
1784236260000,0.21268,0.21312,0.21231,0.21231,1140,2427.0303
1784236320000,0.21235,0.21249,0.21235,0.21249,39,82.8471
1784236380000,0.21248,0.21271,0.21172,0.21172,1384,2936.2034
1784236440000,0.21162,0.21189,0.2112,0.21189,940,1988.2619
1784236500000,0.21191,0.21238,0.21191,0.21211,95,201.511
1784236560000,0.21224,0.21224,0.21168,0.21168,1586,3363.3885
1784236620000,0.21189,0.2121,0.21189,0.2121,115,243.7737
1784236680000,0.21218,0.21239,0.21211,0.21211,357,758.1069
1784236740000,0.21218,0.21218,0.21192,0.21217,136,288.4116
1784236800000,0.21214,0.21236,0.21209,0.21212,847,1797.2823
1784236860000,0.21202,0.21223,0.21202,0.21223,60,127.2896
1784236920000,0.21208,0.2122,0.21206,0.2122,43,91.2171
1784236980000,0.21188,0.21201,0.21188,0.21195,112,237.3554
1784237040000,0.21192,0.21197,0.21192,0.21196,71,150.4749
1784237100000,0.21198,0.21201,0.21113,0.21127,569,1202.1759
1784237160000,0.21138,0.2126,0.21138,0.21229,344,730.3971
1784237220000,0.21268,0.2127,0.21231,0.21231,92,195.5313
1784237280000,0.21233,0.2125,0.21197,0.21197,73,154.9415
1784237340000,0.21208,0.21224,0.21204,0.21224,53,112.422
1784237400000,0.21232,0.21262,0.21232,0.21245,54,114.7635
1784237460000,0.21284,0.21358,0.21278,0.21309,770,1642.6817
1784237520000,0.21299,0.21331,0.21273,0.21331,134,285.5263
1784237580000,0.21296,0.21315,0.21296,0.21306,49,104.3969
1784237640000,0.21306,0.21309,0.21269,0.21283,1884,4011.1283
1784237700000,0.21274,0.21274,0.21169,0.21169,501,1064.3967
1784255760000,0.20447,0.20447,0.20386,0.20391,278,567.36
1784255820000,0.2039,0.20396,0.20326,0.20381,573,1167.5457
1784255880000,0.20374,0.204,0.20321,0.20344,1507,3073.1706
1784255940000,0.2033,0.2039,0.20265,0.2033,3310,6731.878
1784256000000,0.20363,0.20411,0.20324,0.20411,876,1783.2209
1784256060000,0.20394,0.20497,0.20394,0.20497,899,1839.1498
1784256120000,0.20478,0.20514,0.20307,0.20316,2253,4597.3295
1784256180000,0.20325,0.20388,0.2031,0.20342,642,1305.885
1784256240000,0.20378,0.20414,0.20291,0.20291,612,1244.4764
1784256300000,0.20304,0.20375,0.20287,0.20313,670,1361.9517
1784256360000,0.20307,0.20314,0.202,0.2027,283,572.885
1784256420000,0.20284,0.20308,0.20221,0.20224,598,1211.2714
1784256480000,0.20239,0.20247,0.20108,0.20159,2056,4144.5174
1784256540000,0.20139,0.20316,0.2011,0.20287,1468,2972.9375
1784256600000,0.20278,0.20294,0.20229,0.20267,172,348.6084
1784256660000,0.2024,0.20303,0.20051,0.20186,3262,6584.2695
1784256720000,0.20166,0.20166,0.192,0.19823,87403,172444.473
1784256780000,0.19823,0.19915,0.19739,0.19889,8566,17002.2813
1784256840000,0.19903,0.19903,0.19767,0.19862,1516,3011.2275
1784256900000,0.19827,0.199,0.19827,0.19848,1737,3452.0243
1784256960000,0.19835,0.19851,0.19747,0.19755,1385,2739.0515
1784257020000,0.19765,0.19767,0.19617,0.19653,1423,2797.8439
1784257080000,0.19619,0.1973,0.19568,0.19648,5002,9847.4897
1784257140000,0.19644,0.19748,0.19644,0.19713,4399,8676.2564
1784257200000,0.19718,0.19799,0.19707,0.19732,1560,3083.8391
1784257260000,0.19713,0.19726,0.19659,0.19704,1107,2181.035
1784257320000,0.19709,0.19768,0.19695,0.19764,120,236.9404
1784257380000,0.19756,0.19828,0.19745,0.19774,483,955.4173
1784257440000,0.19753,0.19875,0.19734,0.19853,2974,5882.815
1784257500000,0.19854,0.1992,0.19831,0.19831,972,1931.9505
1784257560000,0.19835,0.19935,0.19813,0.19866,759,1509.0523
1784257620000,0.19856,0.19863,0.19795,0.19804,195,386.6466
1784257680000,0.19783,0.19829,0.19783,0.19815,1139,2255.3534
1784257740000,0.19776,0.19827,0.19712,0.19795,1319,2610.6235
1784257800000,0.19813,0.19855,0.19701,0.19721,1192,2354.9533
1784257860000,0.19746,0.19804,0.19746,0.19802,197,389.8031
1784257920000,0.19836,0.19855,0.19802,0.19833,1252,2484.9138
1784257980000,0.19837,0.19882,0.19835,0.19841,998,1981.5499
1784258040000,0.19842,0.1991,0.19842,0.1991,304,604.1686
1784258100000,0.19896,0.19904,0.19719,0.19783,1777,3518.5576
1784258160000,0.19787,0.19897,0.19744,0.1988,893,1767.3828
1784258220000,0.19857,0.19896,0.19845,0.19879,275,546.0428
1784258280000,0.19879,0.1991,0.19851,0.19885,397,789.4741
1784258340000,0.19869,0.1988,0.19794,0.1982,727,1442.0174
1784258400000,0.19808,0.2,0.19807,0.2,1931,3845.1557
1784258460000,0.19975,0.20013,0.19908,0.19973,1011,2017.0038
1784258520000,0.19968,0.19995,0.19916,0.19949,1449,2891.6953
1784258580000,0.19941,0.19977,0.19897,0.19897,1143,2277.3959
1784258640000,0.19887,0.19954,0.19884,0.19954,509,1013.3375
1784258700000,0.19945,0.19978,0.19924,0.19948,772,1540.3766
1784258760000,0.19933,0.20001,0.19928,0.19983,424,846.226
1784258820000,0.20002,0.20025,0.19958,0.19958,2045,4087.7066
1784258880000,0.19935,0.20001,0.19909,0.19909,1371,2738.2122
1784258940000,0.19923,0.19923,0.19874,0.19893,315,626.3353
1784259000000,0.19837,0.19868,0.19784,0.19803,1049,2082.3874
1784259060000,0.19775,0.19806,0.19707,0.1975,1101,2175.0929
1784259120000,0.19747,0.1983,0.19746,0.19788,115,227.5282
1784259180000,0.1975,0.19777,0.1963,0.19634,1361,2678.5789
1784259240000,0.19629,0.19709,0.19513,0.19696,2195,4299.8775
1784259300000,0.19701,0.19718,0.19651,0.19685,893,1758.1066
1784259360000,0.19706,0.19758,0.19694,0.19694,118,232.7399
1784259420000,0.19704,0.19704,0.19632,0.19703,1010,1985.8951
1784259480000,0.19693,0.19724,0.19647,0.19671,507,998.4914
1784259540000,0.19649,0.1977,0.19647,0.1977,259,509.6729
1784259600000,0.19758,0.19808,0.19751,0.19808,440,870.1501
1784259660000,0.19794,0.19794,0.19743,0.19759,163,322.3665
1784259720000,0.19757,0.19759,0.19724,0.19759,520,1026.6103
1784259780000,0.19756,0.19793,0.19743,0.19766,409,808.2346
1784259840000,0.19751,0.1981,0.19751,0.19797,1091,2158.7914
1784259900000,0.19801,0.19801,0.19724,0.19748,368,726.4993
1784259960000,0.19749,0.19785,0.19703,0.19703,552,1090.0069
1784260020000,0.19707,0.19734,0.19689,0.19692,285,561.7968
1784260080000,0.19676,0.19763,0.19653,0.19763,216,426.3418
1784260140000,0.19751,0.19802,0.19743,0.19787,503,994.6439
1784260200000,0.19771,0.19779,0.19744,0.19777,241,476.4316
1784260260000,0.19792,0.19826,0.19734,0.19777,387,765.1164
1784260320000,0.19759,0.1979,0.1973,0.19744,287,566.8485
1784260380000,0.19776,0.19777,0.19753,0.19765,184,363.7138
1784260440000,0.19735,0.1979,0.19735,0.19774,221,436.7315
1784260500000,0.19783,0.19845,0.19751,0.19841,1485,2940.616
1784260560000,0.19807,0.19823,0.19794,0.19819,483,956.8241
1784260620000,0.19804,0.19814,0.19762,0.19809,451,892.1921
1784260680000,0.19809,0.19809,0.19731,0.19737,1022,2020.7235
1784260740000,0.19716,0.19795,0.19716,0.19756,159,314.0213
1784260800000,0.19746,0.1975,0.1968,0.1968,404,796.5011
1784260860000,0.19677,0.19704,0.19585,0.19688,1723,3385.0304
1784260920000,0.1968,0.1968,0.19581,0.19606,927,1818.5809
1784260980000,0.19607,0.19689,0.19581,0.19689,651,1278.7165
1784261040000,0.19688,0.19688,0.19634,0.19634,636,1249.9758
1784261100000,0.19639,0.19639,0.196,0.19608,203,398.3679
1784261160000,0.19588,0.19755,0.19584,0.19754,284,558.4923
1784261220000,0.19736,0.19736,0.19704,0.19724,289,569.8846
1784261280000,0.19705,0.19769,0.19705,0.19762,467,921.8914
1784261340000,0.19792,0.19832,0.19788,0.19824,513,1016.591
1784261400000,0.19819,0.19819,0.19732,0.19762,231,456.8212
1784261460000,0.19757,0.19815,0.1974,0.19795,297,587.3637
1784261520000,0.19787,0.19787,0.19732,0.19732,256,506.113
1784261580000,0.19731,0.19733,0.19642,0.19695,717,1411.7793
1784261640000,0.1968,0.19709,0.19639,0.19685,615,1209.696
1784261700000,0.19676,0.197,0.19641,0.19691,1377,2708.2174
1784261760000,0.19647,0.19701,0.19634,0.19685,287,564.6527
1784261820000,0.19672,0.19741,0.19671,0.19676,337,664.2746
1784261880000,0.19675,0.19702,0.19643,0.19651,857,1685.2989
1784261940000,0.19631,0.19631,0.19375,0.19497,18579,36270.3999
1784262000000,0.195,0.19606,0.19439,0.19558,3011,5873.9621
1784262060000,0.19551,0.19605,0.19547,0.19576,1589,3111.4449
1784262120000,0.1957,0.19608,0.19555,0.19555,807,1579.8066
1784262180000,0.19587,0.19609,0.19541,0.19547,619,1211.9614
1784262240000,0.19513,0.19513,0.1942,0.19439,1083,2107.835
1784262300000,0.19403,0.19403,0.19019,0.1919,11609,22312.1717
1784262360000,0.19212,0.19311,0.19212,0.19276,2095,4038.8707
1784262420000,0.19283,0.19303,0.19195,0.1929,1558,3003.4056
1784262480000,0.1929,0.19337,0.19283,0.193,704,1358.8862
1784262540000,0.19288,0.1933,0.19256,0.19294,2122,4097.7077
1784262600000,0.19298,0.19316,0.19258,0.193,636,1226.7153
1784262660000,0.19263,0.19332,0.19257,0.1933,805,1554.453
1784262720000,0.19325,0.19413,0.19325,0.19413,740,1433.1579
1784262780000,0.19413,0.19742,0.19413,0.19607,2306,4523.5561
1784262840000,0.19615,0.1968,0.19599,0.19627,447,876.932
1784262900000,0.19624,0.19668,0.19549,0.19562,1398,2736.6189
1784262960000,0.19534,0.19534,0.19457,0.19513,1051,2048.9248
1784263020000,0.19511,0.19622,0.19511,0.19622,342,669.0165
1784263080000,0.19606,0.19606,0.1955,0.19604,674,1319.1575
1784263140000,0.19598,0.19598,0.1954,0.1954,880,1720.1165
1784263200000,0.19541,0.1955,0.19511,0.19522,740,1444.6687
1784263260000,0.19603,0.19604,0.19567,0.1958,608,1190.7939
1784263320000,0.19597,0.19597,0.19559,0.19565,262,512.8961
1784263380000,0.19571,0.1972,0.19571,0.19708,1275,2501.709
1784263440000,0.19694,0.1971,0.1965,0.1971,352,692.8869
1784263500000,0.197,0.1979,0.197,0.19753,1202,2375.7751
1784263560000,0.19763,0.19819,0.1975,0.19782,4302,8514.1811
1784263620000,0.19757,0.19759,0.19635,0.19655,543,1068.5289
1784263680000,0.19649,0.19654,0.19614,0.19629,1812,3557.2749
1784263740000,0.19615,0.19679,0.19615,0.19646,403,792.2013
1784263800000,0.19633,0.19648,0.19607,0.19648,206,404.3166
1784263860000,0.19618,0.1962,0.19596,0.19596,57,111.7661
1784263920000,0.19592,0.19614,0.19539,0.19588,703,1376.6434
1784263980000,0.19617,0.19628,0.19539,0.1957,781,1530.0309
1784264040000,0.19586,0.19599,0.19548,0.19568,537,1050.826
1784264100000,0.19552,0.19553,0.19517,0.19548,275,537.3044
1784264160000,0.19538,0.19586,0.19529,0.1958,918,1796.0666
1784264220000,0.19565,0.19612,0.19565,0.19588,1270,2489.1325
1784264280000,0.1959,0.19688,0.19582,0.19665,211,413.9251
1784264340000,0.19657,0.19674,0.19603,0.1961,118,231.6306
1784264400000,0.19588,0.19588,0.19418,0.19434,660,1286.566
1784264460000,0.19436,0.19511,0.19406,0.19511,1199,2333.8123
1784264520000,0.19482,0.19492,0.19442,0.19443,510,992.6184
1784264580000,0.19442,0.19478,0.19409,0.19409,102,198.4134
1784264640000,0.19449,0.19491,0.19437,0.19463,295,574.0843
1784264700000,0.19461,0.19462,0.19421,0.19432,793,1542.1137
1784264760000,0.194,0.19432,0.19325,0.19432,836,1619.099
1784264820000,0.19416,0.19434,0.19388,0.19425,432,839.225
1784264880000,0.19423,0.19429,0.19395,0.19406,505,980.5843
1784264940000,0.19409,0.19435,0.19391,0.19432,917,1780.6593
1784265000000,0.19431,0.19502,0.19431,0.19492,135,262.7118
1784265060000,0.19457,0.195,0.19448,0.19461,209,406.9566
1784265120000,0.19447,0.19502,0.19446,0.19465,716,1395.0128
1784265180000,0.1944,0.19486,0.1944,0.19478,271,527.4044
1784265240000,0.19466,0.19489,0.19443,0.1948,139,270.5676
1784265300000,0.19439,0.19489,0.19429,0.19446,155,301.6306
1784265360000,0.1945,0.19494,0.19441,0.19471,84,163.4832
1784265420000,0.19447,0.19502,0.1944,0.19463,472,918.6607
1784265480000,0.19457,0.19503,0.19437,0.19498,332,646.9042
1784265540000,0.19488,0.19502,0.19459,0.19466,895,1743.189
1784265600000,0.19479,0.19547,0.19477,0.19528,244,476.477
1784265660000,0.19524,0.19593,0.19524,0.19569,3123,6105.0129
1784265720000,0.19564,0.1961,0.19556,0.19556,1073,2101.2413
1784265780000,0.19548,0.1958,0.19508,0.19537,517,1011.106
1784265840000,0.19555,0.19628,0.19555,0.19586,1407,2757.6057
1784265900000,0.19587,0.19617,0.19558,0.19617,712,1394.7203
1784265960000,0.19612,0.19624,0.19562,0.19562,176,344.5004
1784266020000,0.19581,0.19608,0.19576,0.19606,101,197.9184
1784266080000,0.19577,0.1958,0.19556,0.19556,95,185.908
1784266140000,0.19605,0.19607,0.19584,0.19603,530,1038.5222
1784266200000,0.19639,0.1964,0.19544,0.1964,836,1635.5856
1784266260000,0.19574,0.19599,0.19554,0.19576,262,512.9258
1784266320000,0.19593,0.19593,0.19555,0.19567,281,549.8829
1784266380000,0.19587,0.19597,0.19515,0.19515,508,993.2213
1784266440000,0.19476,0.19515,0.19465,0.19515,663,1291.6053
1784266500000,0.19514,0.19571,0.19505,0.19555,89,173.8822
1784266560000,0.19604,0.19604,0.19323,0.19496,11982,23334.7139
1784266620000,0.19501,0.19504,0.19449,0.19496,468,911.7202
1784266680000,0.19463,0.19522,0.19437,0.19522,269,523.8738
1784266740000,0.19539,0.19552,0.19492,0.19492,108,210.9041
1784266800000,0.19473,0.19497,0.19435,0.19455,527,1026.4116
1784266860000,0.19432,0.19506,0.19429,0.19447,227,442.0049
1784266920000,0.19415,0.19434,0.19405,0.19405,382,741.84
1784266980000,0.19401,0.19427,0.19398,0.19418,199,386.3854
1784267040000,0.19413,0.19438,0.19413,0.19437,55,106.9008
1784267100000,0.19425,0.1945,0.19249,0.19392,4222,8143.0097
1784267160000,0.19363,0.19363,0.19279,0.19307,592,1144.2679
1784267220000,0.19307,0.19372,0.19241,0.19258,4363,8430.04
1784267280000,0.19276,0.19297,0.19141,0.19282,3959,7610.1254
1784267340000,0.19285,0.19285,0.19034,0.19245,4680,8956.5371
1784267400000,0.19236,0.19237,0.19153,0.19237,709,1361.4434
1784267460000,0.19245,0.19245,0.19052,0.19108,10604,20254.1278
1784267520000,0.19104,0.19184,0.19079,0.19167,1364,2608.873
1784267580000,0.19158,0.19263,0.19148,0.19208,7533,14474.4851
1784267640000,0.19212,0.19227,0.19202,0.19227,4324,8311.849
1784267700000,0.19245,0.19245,0.19184,0.19191,404,776.1722
1784285760000,0.19398,0.19462,0.19389,0.19462,843,1638.2866
1784285820000,0.1946,0.1948,0.19332,0.19332,567,1099.7135
1784285880000,0.19318,0.19378,0.19318,0.19318,411,795.1117
1784285940000,0.19334,0.19521,0.19289,0.19293,2074,4021.2105
1784286000000,0.19298,0.19421,0.19298,0.19421,813,1574.7192
1784286060000,0.19406,0.19502,0.19189,0.19441,5119,9894.1608
1784286120000,0.19425,0.19497,0.19272,0.1941,2384,4626.6061
1784286180000,0.1941,0.1941,0.19307,0.19308,1501,2906.678
1784286240000,0.19291,0.19329,0.19205,0.19226,5207,10034.2013
1784286300000,0.19234,0.19262,0.19216,0.19262,298,573.1241
1784286360000,0.1924,0.19269,0.19234,0.19234,117,225.1657
1784286420000,0.19181,0.1921,0.19148,0.19184,252,483.0446
1784286480000,0.19187,0.19213,0.19186,0.19207,206,395.523
1784286540000,0.19183,0.19202,0.19158,0.19158,362,694.255
1784286600000,0.1919,0.1919,0.19135,0.19183,1768,3385.3193
1784286660000,0.19185,0.19248,0.1917,0.19226,263,505.2596
1784286720000,0.19242,0.19246,0.19194,0.19216,269,516.7421
1784286780000,0.19198,0.19241,0.19198,0.19224,349,670.6075
1784286840000,0.19245,0.19282,0.19224,0.19282,481,926.3721
1784286900000,0.1927,0.19356,0.1927,0.19328,671,1296.4776
1784286960000,0.19321,0.19338,0.19236,0.19249,384,740.257
1784287020000,0.1927,0.19318,0.19247,0.19313,294,567.2394
1784287080000,0.19321,0.19321,0.19235,0.19235,7999,15428.9298
1784287140000,0.19238,0.19265,0.19173,0.19189,437,839.6149
1784287200000,0.192,0.19293,0.19198,0.19293,142,273.276
1784287260000,0.19291,0.19366,0.19291,0.19323,476,919.9881
1784287320000,0.19345,0.19548,0.19323,0.1942,7916,15420.2867
1784287380000,0.19412,0.19425,0.19366,0.19408,1857,3599.6569
1784287440000,0.19431,0.19437,0.19391,0.19428,225,436.9226
1784287500000,0.19446,0.19459,0.19412,0.19459,900,1750.4323
1784287560000,0.19454,0.19627,0.19454,0.19465,3012,5882.7278
1784287620000,0.19463,0.19479,0.19391,0.19443,928,1801.0922
1784287680000,0.19421,0.19421,0.19338,0.1935,92,178.3186
1784287740000,0.19342,0.19345,0.19342,0.19345,23,44.4872
1784287800000,0.19304,0.19346,0.1924,0.1924,475,916.8976
1784287860000,0.19259,0.19263,0.18983,0.19155,17844,34118.7516
1784287920000,0.19156,0.19199,0.19035,0.19101,1153,2203.5372
1784287980000,0.19143,0.19189,0.19138,0.19181,692,1325.9675
1784288040000,0.19176,0.19176,0.19107,0.19132,443,848.3941
1784288100000,0.19122,0.19181,0.19119,0.19167,136,260.4085
1784288160000,0.19161,0.1917,0.19113,0.19118,852,1631.0526
1784288220000,0.19123,0.19165,0.19115,0.19156,271,518.8855
1784288280000,0.19139,0.1915,0.19122,0.19124,426,814.8082
1784288340000,0.19118,0.19185,0.19117,0.19185,1022,1956.0156
1784288400000,0.19134,0.19174,0.19134,0.19154,166,317.9424
1784288460000,0.19146,0.19168,0.19142,0.19162,173,331.4243
1784288520000,0.19153,0.19161,0.19062,0.19126,919,1756.8753
1784288580000,0.1916,0.1916,0.19099,0.19136,522,998.2989
1784288640000,0.19155,0.19155,0.19034,0.19075,623,1187.585
1784288700000,0.19089,0.19092,0.18732,0.18906,5946,11233.2948
1784288760000,0.18906,0.18952,0.18886,0.18952,789,1492.6097
1784288820000,0.18939,0.18952,0.18887,0.18895,1736,3283.3064
1784288880000,0.18888,0.19234,0.18888,0.19186,7863,15023.7154
1784288940000,0.19158,0.19533,0.19115,0.19479,8322,16049.5824
1784289000000,0.19451,0.19462,0.19348,0.19402,1528,2967.4889
1784289060000,0.19401,0.19401,0.19313,0.19313,161,311.6367
1784289120000,0.19334,0.19334,0.1929,0.19334,91,175.7928
1784289180000,0.19335,0.19415,0.19315,0.19407,257,497.8628
1784289240000,0.19378,0.19379,0.19336,0.19353,202,391.0976
1784289300000,0.19366,0.19409,0.19365,0.19406,306,593.2553
1784289360000,0.19369,0.19389,0.19362,0.19363,171,331.3103
1784289420000,0.19346,0.19387,0.19346,0.19366,133,257.5856
1784289480000,0.19368,0.19492,0.19323,0.19409,537,1040.2625
1784289540000,0.19406,0.1945,0.19396,0.19406,1112,2161.1262
1784289600000,0.19427,0.19465,0.19401,0.19445,271,526.8777
1784289660000,0.19445,0.19502,0.19419,0.19498,708,1379.0517
1784289720000,0.19501,0.19847,0.195,0.19668,11103,21909.2613
1784289780000,0.19618,0.19691,0.19613,0.19691,681,1338.8774
1784289840000,0.19665,0.19717,0.19594,0.19617,1452,2850.9991
1784289900000,0.19617,0.19645,0.19518,0.19523,248,484.9365
1784289960000,0.19563,0.1958,0.19521,0.1958,207,404.9237
1784290020000,0.19558,0.19576,0.19523,0.1956,1570,3067.9465
1784290080000,0.19523,0.19523,0.19437,0.19437,360,701.9062
1784290140000,0.19425,0.1947,0.19425,0.1943,234,455.035
1784290200000,0.19451,0.19476,0.19423,0.19425,225,437.5411
1784290260000,0.19425,0.19441,0.194,0.194,407,790.0061
1784290320000,0.19421,0.19471,0.19384,0.19404,1545,3003.4551
1784290380000,0.1945,0.19453,0.19407,0.19407,216,419.7084
1784290440000,0.19435,0.19453,0.19411,0.1944,294,571.1992
1784290500000,0.19441,0.19515,0.19441,0.19464,926,1805.5109
1784290560000,0.19465,0.19481,0.19403,0.19481,179,348.203
1784290620000,0.19474,0.19475,0.19433,0.19471,186,361.9737
1784290680000,0.19498,0.19585,0.1935,0.1954,16669,32525.8932
1784290740000,0.19552,0.19552,0.19412,0.19481,957,1866.4759
1784290800000,0.19508,0.19508,0.1946,0.1946,77,150.02
1784290860000,0.19463,0.19463,0.19402,0.1942,137,266.1441
1784290920000,0.19431,0.19431,0.19395,0.19396,674,1307.6593
1784290980000,0.19405,0.19486,0.194,0.19459,670,1302.0523
1784291040000,0.19455,0.19486,0.19441,0.19446,519,1009.5232
1784291100000,0.19453,0.1947,0.19426,0.19451,376,731.086
1784291160000,0.1947,0.19471,0.19452,0.19454,248,482.7528
1784291220000,0.19471,0.19471,0.19439,0.19439,99,192.5664
1784291280000,0.1944,0.19524,0.1944,0.19485,408,795.6027
1784291340000,0.19491,0.19538,0.19477,0.19501,188,366.8977
1784291400000,0.19463,0.19517,0.1944,0.19517,586,1141.1938
1784291460000,0.19526,0.19537,0.19477,0.1951,730,1423.975
1784291520000,0.19518,0.19518,0.19462,0.19499,330,642.9538
1784291580000,0.195,0.1953,0.19489,0.19489,327,637.8641
1784291640000,0.19487,0.19507,0.19464,0.19503,788,1535.7362
1784291700000,0.19511,0.19559,0.1949,0.19531,1745,3405.1904
1784291760000,0.19544,0.1967,0.19543,0.19571,5433,10651.6673
1784291820000,0.19586,0.19633,0.19568,0.19594,778,1523.5866
1784291880000,0.1961,0.19624,0.19538,0.19563,500,978.8067
1784291940000,0.19548,0.19564,0.19493,0.19525,537,1049.0814
1784292000000,0.19535,0.19563,0.19485,0.1955,1399,2734.413
1784292060000,0.19549,0.19586,0.19549,0.19569,640,1252.7481
1784292120000,0.1958,0.19592,0.19549,0.19588,300,587.3369
1784292180000,0.19589,0.19607,0.19555,0.19585,519,1016.3797
1784292240000,0.19588,0.19588,0.1948,0.19526,832,1624.2138
1784292300000,0.19525,0.19578,0.19521,0.19521,552,1079.4247
1784292360000,0.19523,0.19555,0.19504,0.1955,1658,3238.44
1784292420000,0.19553,0.19623,0.19553,0.19584,320,626.8126
1784292480000,0.19572,0.19595,0.19547,0.19583,1160,2270.8068
1784292540000,0.19575,0.19594,0.19567,0.19576,227,444.5655
1784292600000,0.19567,0.19589,0.19541,0.19544,292,571.4762
1784292660000,0.19555,0.19577,0.19555,0.19568,1325,2592.5571
1784292720000,0.19555,0.19578,0.19553,0.19553,402,786.4731
1784292780000,0.1954,0.19574,0.1954,0.19548,452,883.939
1784292840000,0.19548,0.1956,0.19534,0.19534,390,762.1907
1784292900000,0.19534,0.19647,0.19528,0.19611,2885,5646.3757
1784292960000,0.19628,0.19633,0.19579,0.19605,322,631.3744
1784293020000,0.19596,0.19667,0.19596,0.19654,795,1561.4604
1784293080000,0.1966,0.19719,0.19616,0.19616,493,970.2294
1784293140000,0.19614,0.19614,0.19543,0.19543,850,1663.7561
1784293200000,0.19553,0.21387,0.19553,0.20978,82401,170082.3843
1784293260000,0.20977,0.21379,0.20686,0.20824,30203,63499.5707
1784293320000,0.20847,0.2091,0.20596,0.20646,5493,11396.0722
1784293380000,0.20644,0.20728,0.20619,0.20636,5016,10354.7978
1784293440000,0.20636,0.20739,0.20603,0.20621,3039,6285.211
1784293500000,0.20627,0.2067,0.20402,0.20537,9277,19057.5524
1784293560000,0.20555,0.20764,0.20555,0.20719,5882,12159.9948
1784293620000,0.20695,0.20763,0.20499,0.20598,10336,21303.6636
1784293680000,0.20626,0.2073,0.2056,0.20565,5024,10372.643
1784293740000,0.20599,0.20656,0.20578,0.2059,937,1931.4404
1784293800000,0.20641,0.20646,0.20545,0.20545,445,917.2575
1784293860000,0.20541,0.20541,0.20224,0.20245,4346,8816.1042
1784293920000,0.20266,0.20266,0.20126,0.20173,9119,18425.0289
1784293980000,0.20135,0.20205,0.2011,0.20137,2182,4397.7798
1784294040000,0.20179,0.20179,0.2006,0.20111,5447,10961.4871
1784294100000,0.20116,0.20174,0.19405,0.19771,11377,22445.1064
1784294160000,0.19815,0.19831,0.19731,0.19751,1148,2271.1094
1784294220000,0.19778,0.19781,0.197,0.19735,2010,3971.6226
1784294280000,0.19729,0.19784,0.19712,0.19716,386,761.6655
1784294340000,0.19706,0.19706,0.19592,0.19644,648,1272.9471
1784294400000,0.1966,0.19686,0.19582,0.19582,2671,5237.4151
1784294460000,0.1959,0.19763,0.1959,0.19696,637,1253.6836
1784294520000,0.19711,0.19715,0.19434,0.19534,1657,3240.7149
1784294580000,0.1951,0.19568,0.19483,0.19497,1007,1964.4078
1784294640000,0.19502,0.19533,0.1912,0.1929,18838,36271.4152
1784294700000,0.19355,0.19413,0.19267,0.193,3541,6848.0179
1784294760000,0.19312,0.19347,0.19246,0.193,1144,2207.452
1784294820000,0.19288,0.19288,0.19167,0.19234,2409,4634.9128
1784294880000,0.19248,0.19317,0.19073,0.19212,5761,11030.4759
1784294940000,0.19205,0.19208,0.19127,0.19208,2039,3910.2551
1784295000000,0.19187,0.19226,0.19149,0.19207,9479,18177.7128
1784295060000,0.19212,0.19212,0.19035,0.19052,1860,3554.8206
1784295120000,0.19031,0.19062,0.186,0.18735,29522,55346.8624
1784295180000,0.18735,0.18829,0.18712,0.18819,3694,6927.2111
1784295240000,0.18845,0.18855,0.18713,0.18713,3188,5984.7961
1784295300000,0.18765,0.19118,0.18765,0.19004,6519,12383.5284
1784295360000,0.19012,0.19159,0.18949,0.1898,2157,4110.4876
1784295420000,0.1895,0.1895,0.18805,0.18822,8275,15629.8526
1784295480000,0.18821,0.18847,0.18696,0.18777,2257,4243.9985
1784295540000,0.18775,0.1882,0.18691,0.1873,1962,3678.732
1784295600000,0.1872,0.18773,0.18637,0.18668,3562,6656.9558
1784295660000,0.18655,0.18677,0.18535,0.18677,1854,3447.8113
1784295720000,0.18712,0.18785,0.18694,0.18768,3507,6568.7335
1784295780000,0.1874,0.1901,0.18659,0.18659,3997,7532.8843
1784295840000,0.18708,0.18743,0.18659,0.18663,832,1554.639
1784295900000,0.18645,0.18727,0.18631,0.18631,951,1775.2718
1784295960000,0.1866,0.18779,0.1866,0.18695,1104,2066.6566
1784296020000,0.18699,0.18699,0.1858,0.18667,2324,4325.7226
1784296080000,0.18621,0.18667,0.18621,0.18653,134,249.8187
1784296140000,0.18704,0.18767,0.18688,0.18726,911,1706.8463
1784296200000,0.18724,0.18887,0.18679,0.18877,1779,3344.5194
1784296260000,0.18867,0.18872,0.18712,0.18749,1040,1954.5328
1784296320000,0.18759,0.18834,0.18759,0.18827,954,1793.7142
1784296380000,0.18839,0.18972,0.18821,0.18939,1223,2314.9379
1784296440000,0.18926,0.19021,0.18919,0.18972,5378,10198.2259
1784296500000,0.18948,0.18948,0.18843,0.18843,1085,2052.926
1784296560000,0.18759,0.18811,0.18752,0.18788,632,1186.4385
1784296620000,0.18787,0.18838,0.18786,0.18809,1490,2803.9157
1784296680000,0.1881,0.18859,0.1881,0.18854,853,1606.5829
1784296740000,0.1886,0.1886,0.18805,0.18805,93,175.0055
1784296800000,0.18813,0.18856,0.18803,0.1881,849,1598.2345
1784296860000,0.1886,0.18928,0.18818,0.18818,331,624.9044
1784296920000,0.18799,0.18874,0.18799,0.18857,3923,7399.904
1784296980000,0.18877,0.18921,0.18824,0.18858,758,1431.5324
1784297040000,0.18857,0.18908,0.18789,0.18835,2747,5183.6947
1784297100000,0.18795,0.18859,0.1877,0.18794,1143,2150.0951
1784297160000,0.18792,0.18793,0.18698,0.18785,652,1221.2728
1784297220000,0.18837,0.18895,0.18837,0.18856,431,812.7582
1784297280000,0.18862,0.18918,0.18823,0.18834,2632,4967.0752
1784297340000,0.18846,0.18862,0.18833,0.18837,222,418.4494
1784297400000,0.18879,0.18989,0.18867,0.18925,4471,8465.5812
1784297460000,0.18964,0.18974,0.18908,0.18944,394,745.8251
1784297520000,0.18968,0.19138,0.18968,0.19044,1065,2029.7566
1784297580000,0.19078,0.19164,0.19077,0.191,975,1864.0066
1784297640000,0.19103,0.19246,0.19099,0.19235,13200,25277.2872
1784297700000,0.19243,0.1932,0.19168,0.19212,5444,10477.3645
1784315760000,0.18729,0.18729,0.18558,0.18651,2127,3961.155
1784315820000,0.18647,0.18659,0.1861,0.18628,672,1251.6192
1784315880000,0.18643,0.1865,0.18614,0.18649,992,1848.7439
1784315940000,0.18645,0.18655,0.1863,0.18637,131,244.2332
1784316000000,0.18638,0.18687,0.18638,0.18687,180,336.0409
1784316060000,0.18687,0.18687,0.18649,0.18675,229,427.4651
1784316120000,0.18664,0.18709,0.18649,0.18709,189,353.0283
1784316180000,0.18718,0.1872,0.18662,0.18664,185,345.6697
1784316240000,0.1866,0.18678,0.18617,0.18617,308,574.6555
1784316300000,0.18606,0.18608,0.18526,0.18584,2936,5451.4211
1784316360000,0.18549,0.18559,0.18491,0.18518,666,1233.7486
1784316420000,0.18562,0.18615,0.18561,0.18598,205,380.9021
1784316480000,0.18604,0.18607,0.18515,0.18523,548,1017.3314
1784316540000,0.18527,0.18543,0.18514,0.18529,872,1616.2128
1784316600000,0.1854,0.18605,0.185,0.18574,648,1202.334
1784316660000,0.1859,0.1861,0.18567,0.18599,462,858.6352
1784316720000,0.18604,0.18604,0.1855,0.18577,557,1034.3162
1784316780000,0.18592,0.18617,0.1858,0.18606,160,297.6302
1784316840000,0.18617,0.18617,0.18546,0.18565,305,566.1387
1784316900000,0.18557,0.18591,0.18549,0.18565,265,491.9328
1784316960000,0.18575,0.18603,0.18547,0.18565,1050,1949.0448
1784317020000,0.18586,0.18587,0.18561,0.18581,185,343.6639
1784317080000,0.18562,0.18593,0.18562,0.1859,147,273.1887
1784317140000,0.1859,0.186,0.18588,0.18598,84,156.2057
1784317200000,0.18584,0.18601,0.1857,0.1857,788,1463.8918
1784317260000,0.18579,0.18579,0.18555,0.18576,314,583.0682
1784317320000,0.18596,0.18668,0.18595,0.1864,339,631.9301
1784317380000,0.18625,0.18641,0.1861,0.18625,198,368.7182
1784317440000,0.18656,0.18656,0.18632,0.18641,63,117.4204
1784317500000,0.18666,0.18682,0.18654,0.18682,315,588.0463
1784317560000,0.18671,0.18671,0.18635,0.18635,397,740.08
1784317620000,0.18644,0.18649,0.18597,0.18619,7308,13598.8461
1784317680000,0.18621,0.18647,0.18612,0.18624,192,357.6129
1784317740000,0.18627,0.18634,0.18602,0.18602,113,210.4518
1784317800000,0.18592,0.18609,0.18546,0.18546,12627,23452.5428
1784317860000,0.18519,0.18544,0.18491,0.18519,7151,13245.4812
1784317920000,0.1852,0.18527,0.18401,0.18412,1310,2413.7013
1784317980000,0.18412,0.18451,0.18402,0.18431,3314,6103.355
1784318040000,0.1843,0.18454,0.18406,0.18454,627,1155.2001
1784318100000,0.18475,0.18486,0.18422,0.1843,349,643.8856
1784318160000,0.18432,0.1846,0.18423,0.18429,482,888.9429
1784318220000,0.18443,0.18473,0.18436,0.18468,158,291.7389
1784318280000,0.1846,0.1846,0.18412,0.18437,148,272.6345
1784318340000,0.18414,0.1842,0.1839,0.18393,556,1023.4544
1784318400000,0.18407,0.18449,0.179,0.18177,21264,38678.1183
1784318460000,0.18183,0.18302,0.18183,0.18235,1669,3049.1656
1784318520000,0.18254,0.18254,0.1817,0.18227,649,1181.7973
1784318580000,0.18231,0.18263,0.18231,0.1825,1860,3393.7433
1784318640000,0.18259,0.18259,0.18228,0.18228,169,308.3721
1784318700000,0.1823,0.18261,0.18226,0.18226,134,244.4464
1784318760000,0.18228,0.18231,0.18146,0.18171,1273,2314.2903
1784318820000,0.18175,0.18221,0.18175,0.18197,1061,1929.8034
1784318880000,0.18216,0.18265,0.18216,0.18253,162,295.4169
1784318940000,0.18261,0.18398,0.18252,0.18398,4961,9081.8967
1784319000000,0.18341,0.18364,0.18311,0.18321,4538,8323.357
1784319060000,0.18326,0.18338,0.18296,0.18309,294,538.7665
1784319120000,0.18308,0.18403,0.18308,0.184,510,935.4777
1784319180000,0.18397,0.18445,0.18332,0.18424,1304,2395.1548
1784319240000,0.18412,0.18463,0.18391,0.18458,3104,5719.279
1784319300000,0.18419,0.18426,0.18401,0.18423,118,217.2832
1784319360000,0.18411,0.18418,0.18375,0.18399,5284,9712.4329
1784319420000,0.18411,0.18411,0.18394,0.18394,232,427.0676
1784319480000,0.184,0.1849,0.18397,0.18452,1239,2286.3288
1784319540000,0.18453,0.1852,0.18449,0.18485,1112,2056.3164
1784319600000,0.18478,0.18646,0.18467,0.18522,778,1445.9145
1784319660000,0.18505,0.18508,0.18472,0.18508,167,308.8569
1784319720000,0.18489,0.18519,0.18489,0.18508,110,203.5913
1784319780000,0.18542,0.18603,0.18532,0.18603,5527,10261.6069
1784319840000,0.18572,0.18573,0.18521,0.18541,1481,2745.4419
1784319900000,0.18528,0.18531,0.18484,0.18526,570,1055.5138
1784319960000,0.18514,0.18531,0.18501,0.1851,1074,1989.1829
1784320020000,0.18506,0.18544,0.18506,0.18515,2072,3840.2112
1784320080000,0.18526,0.18526,0.18497,0.18497,98,181.4336
1784320140000,0.18511,0.18511,0.18481,0.18504,3101,5732.944
1784320200000,0.18492,0.18503,0.18481,0.18488,225,416.0659
1784320260000,0.18479,0.18489,0.18434,0.18434,1941,3579.296
1784320320000,0.18435,0.18435,0.18403,0.18428,2058,3791.481
1784320380000,0.18422,0.18429,0.18397,0.18409,1425,2622.1297
1784320440000,0.18421,0.18429,0.18382,0.18388,329,605.5324
1784320500000,0.18391,0.18413,0.18391,0.18411,46,84.6838
1784320560000,0.18422,0.18422,0.18401,0.18404,80,147.2916
1784320620000,0.18415,0.18415,0.18401,0.18415,112,206.1839
1784320680000,0.18415,0.18415,0.18393,0.18397,67,123.2755
1784320740000,0.18418,0.18444,0.18394,0.18427,321,591.2081
1784320800000,0.18423,0.18423,0.18308,0.18338,6562,12031.1402
1784320860000,0.18328,0.18328,0.1798,0.18123,10186,18503.0777
1784320920000,0.18139,0.18211,0.18139,0.18189,1561,2834.7595
1784320980000,0.18189,0.18189,0.18142,0.18172,789,1433.6617
1784321040000,0.18185,0.18209,0.18166,0.18194,575,1045.8536
1784321100000,0.18207,0.1824,0.18206,0.18211,2576,4691.9519
1784321160000,0.18225,0.18285,0.18191,0.18254,456,832.5454
1784321220000,0.18247,0.18304,0.18244,0.18295,519,949.3065
1784321280000,0.18305,0.18306,0.18219,0.18219,424,774.9285
1784321340000,0.18218,0.18224,0.18207,0.18207,381,694.1627
1784321400000,0.18204,0.18204,0.1817,0.18204,178,323.5928
1784321460000,0.18211,0.18211,0.18168,0.18184,9205,16731.3499
1784321520000,0.18184,0.18241,0.18184,0.18215,1630,2967.4213
1784321580000,0.18226,0.18226,0.18139,0.18139,2574,4678.5996
1784321640000,0.18162,0.18162,0.18102,0.18118,1055,1912.4792
1784321700000,0.18135,0.18138,0.18073,0.18105,746,1349.6869
1784321760000,0.18105,0.18122,0.18074,0.18122,224,405.2771
1784321820000,0.18117,0.18134,0.18084,0.18119,306,553.7799
1784321880000,0.18132,0.18193,0.18129,0.18171,1320,2399.4985
1784321940000,0.18178,0.18191,0.1816,0.18175,240,436.1533
1784322000000,0.18175,0.18182,0.18169,0.18182,52,94.5245
1784322060000,0.18179,0.18209,0.18169,0.18185,272,494.876
1784322120000,0.18199,0.18219,0.18181,0.18201,141,256.6816
1784322180000,0.18213,0.18275,0.18209,0.18275,388,707.4202
1784322240000,0.18244,0.18368,0.18244,0.18333,17943,32877.9705
1784322300000,0.18325,0.18325,0.18262,0.18279,2616,4780.5413
1784322360000,0.18266,0.18266,0.18226,0.18239,7983,14559.2068
1784322420000,0.18248,0.18248,0.18235,0.18243,93,169.6508
1784322480000,0.18255,0.18287,0.18255,0.18287,277,506.1843
1784322540000,0.18296,0.18335,0.18296,0.18322,126,230.8655
1784322600000,0.18305,0.18334,0.18287,0.18313,357,653.6709
1784322660000,0.18314,0.18332,0.18289,0.1831,410,750.7558
1784322720000,0.18287,0.18335,0.18287,0.1833,228,417.6768
1784322780000,0.18329,0.18329,0.18315,0.18315,39,71.4383
1784322840000,0.18324,0.18342,0.18324,0.18329,106,194.3481
1784322900000,0.18318,0.18336,0.18318,0.18336,73,133.7424
1784322960000,0.18306,0.18306,0.18231,0.18261,2707,4942.9363
1784323020000,0.18261,0.18261,0.18245,0.18253,137,250.039
1784323080000,0.18254,0.18267,0.18232,0.18244,311,567.3659
1784323140000,0.18261,0.18275,0.18254,0.18275,95,173.5004
1784323200000,0.18263,0.18266,0.18232,0.18266,331,603.9797
1784323260000,0.18266,0.18266,0.18238,0.18255,70,127.7982
1784323320000,0.18214,0.18294,0.18214,0.18291,468,855.4133
1784323380000,0.18302,0.1832,0.18287,0.18313,423,774.3376
1784323440000,0.18285,0.18306,0.18285,0.18306,60,109.7793
1784323500000,0.18314,0.18329,0.18302,0.18329,216,395.6848
1784323560000,0.18313,0.18329,0.18302,0.1831,173,316.841
1784323620000,0.1831,0.1831,0.18266,0.18285,509,930.6791
1784323680000,0.18288,0.18297,0.18273,0.18297,94,171.8928
1784323740000,0.18269,0.18305,0.18268,0.18305,1131,2069.5128
1784323800000,0.18309,0.18309,0.18276,0.1829,165,301.9602
1784323860000,0.18281,0.18308,0.18267,0.18308,157,287.0485
1784323920000,0.18334,0.18353,0.18314,0.18332,120,219.9878
1784323980000,0.18337,0.18359,0.18327,0.18327,126,231.1284
1784324040000,0.18328,0.18374,0.18328,0.18374,430,788.8271
1784324100000,0.18371,0.1838,0.18371,0.1838,1058,1944.0192
1784324160000,0.18366,0.18376,0.18366,0.18376,141,258.9939
1784324220000,0.18399,0.18421,0.1839,0.18393,3697,6803.3752
1784324280000,0.18402,0.18407,0.18364,0.18371,1712,3147.7955
1784324340000,0.18366,0.18366,0.1834,0.1834,262,480.9747
1784324400000,0.18351,0.18353,0.18339,0.1835,155,284.3759
1784324460000,0.18335,0.18354,0.18335,0.18353,98,179.7921
1784324520000,0.18335,0.18335,0.1831,0.18323,123,225.4034
1784324580000,0.18366,0.18373,0.18348,0.18373,92,168.9427
1784324640000,0.1836,0.18363,0.18348,0.18363,119,218.4534
1784324700000,0.18363,0.18363,0.18336,0.18358,232,425.7686
1784324760000,0.18357,0.18371,0.18344,0.18365,133,244.1414
1784324820000,0.18368,0.18392,0.18356,0.18392,2926,5378.3447
1784324880000,0.18384,0.18387,0.18354,0.18355,453,832.661
1784324940000,0.18365,0.18458,0.18365,0.18445,4709,8677.0695
1784325000000,0.1843,0.1843,0.18411,0.18429,242,445.7195
1784325060000,0.18427,0.18455,0.18427,0.18443,143,263.769
1784325120000,0.18446,0.18462,0.18419,0.18419,857,1581.0977
1784325180000,0.18411,0.18411,0.18337,0.1839,138,253.7401
1784325240000,0.18371,0.18401,0.18369,0.18401,112,205.9374
1784325300000,0.18394,0.18419,0.18389,0.18397,184,338.513
1784325360000,0.18421,0.18421,0.18384,0.18384,89,163.7983
1784325420000,0.18328,0.18357,0.18328,0.18337,121,221.9264
1784325480000,0.18331,0.18352,0.1831,0.18319,137,251.1183
1784325540000,0.18335,0.18347,0.18326,0.18332,1133,2077.2489
1784325600000,0.18338,0.18343,0.1828,0.18291,675,1236.3232
1784325660000,0.18291,0.18411,0.18288,0.18383,1692,3104.6337
1784325720000,0.18392,0.18392,0.18349,0.18365,145,266.3009
1784325780000,0.18339,0.18341,0.18339,0.18341,66,121.0438
1784325840000,0.18312,0.18312,0.18278,0.18298,166,303.6329
1784325900000,0.18309,0.18334,0.18309,0.18318,161,295.0036
1784325960000,0.18335,0.18337,0.18323,0.18328,447,819.4455
1784326020000,0.18347,0.18412,0.18347,0.1837,967,1779.1991
1784326080000,0.18392,0.18398,0.18382,0.18398,406,746.4946
1784326140000,0.18433,0.18488,0.18386,0.18488,1012,1865.1601
1784326200000,0.18457,0.18566,0.18442,0.18566,201,371.7425
1784326260000,0.18602,0.18717,0.18561,0.18695,8334,15551.227
1784326320000,0.18643,0.18681,0.1863,0.18654,1487,2772.7275
1784326380000,0.18615,0.18724,0.18615,0.18723,1839,3431.2025
1784326440000,0.18723,0.18759,0.1869,0.18751,1730,3241.4415
1784326500000,0.18748,0.18865,0.18748,0.18835,2281,4296.4984
1784326560000,0.18794,0.18794,0.18723,0.18726,839,1572.2246
1784326620000,0.18743,0.18753,0.18733,0.18744,183,343.0512
1784326680000,0.18731,0.18749,0.1866,0.18681,284,531.9326
1784326740000,0.18685,0.1876,0.18685,0.18751,1014,1896.7088
1784326800000,0.18749,0.18784,0.18737,0.18749,143,268.1662
1784326860000,0.18741,0.18751,0.18734,0.18738,140,262.3646
1784326920000,0.18751,0.18808,0.18751,0.18792,326,611.9769
1784326980000,0.1883,0.18877,0.18829,0.18829,1144,2158.5805
1784327040000,0.18851,0.18856,0.18802,0.18804,2340,4403.3553
1784327100000,0.18786,0.18911,0.18786,0.18911,602,1134.3382
1784327160000,0.18893,0.18971,0.18882,0.18915,4607,8711.4775
1784327220000,0.18918,0.18918,0.18855,0.18866,988,1864.266
1784327280000,0.18865,0.18905,0.18857,0.18857,1529,2887.3889
1784327340000,0.18861,0.18873,0.18831,0.18849,236,445.0182
1784327400000,0.18823,0.18928,0.18823,0.18902,4247,8033.8
1784327460000,0.18865,0.1887,0.18834,0.18834,161,303.5939
1784327520000,0.18849,0.18883,0.18849,0.18866,150,282.9369
1784327580000,0.18871,0.18891,0.18839,0.18839,290,547.2893
1784327640000,0.18838,0.18873,0.18838,0.18857,391,737.0304
1784327700000,0.18861,0.18944,0.18861,0.18898,826,1562.4161
1784345760000,0.18233,0.18245,0.18229,0.18239,114,207.9234
1784345820000,0.18226,0.18226,0.18179,0.18197,76,138.379
1784345880000,0.18177,0.18247,0.18177,0.18225,1207,2199.4828
1784345940000,0.18211,0.18241,0.1821,0.18241,402,732.9095
1784346000000,0.18224,0.18238,0.18199,0.18231,2914,5305.6101
1784346060000,0.18235,0.18307,0.18235,0.18257,376,687.4708
1784346120000,0.18304,0.1831,0.18268,0.18297,254,464.7502
1784346180000,0.18291,0.18291,0.18186,0.18194,678,1238.493
1784346240000,0.18158,0.18158,0.18125,0.18152,227,411.9749
1784346300000,0.1816,0.1816,0.17996,0.18098,1734,3127.6407
1784346360000,0.18052,0.18074,0.18039,0.18039,480,866.675
1784346420000,0.18083,0.18092,0.18052,0.18052,194,350.5527
1784346480000,0.18065,0.18085,0.18038,0.18085,296,534.6901
1784346540000,0.18092,0.18105,0.18092,0.18105,41,74.2045
1784346600000,0.1812,0.1812,0.18065,0.18065,161,291.2498
1784346660000,0.18073,0.18077,0.18021,0.18065,317,572.1206
1784346720000,0.1808,0.18122,0.1808,0.18122,1526,2761.7037
1784346780000,0.18079,0.18091,0.18071,0.18076,113,204.3373
1784346840000,0.18064,0.1809,0.18064,0.1809,55,99.43
1784346900000,0.18094,0.18094,0.18068,0.18078,292,527.9951
1784346960000,0.18077,0.18092,0.18077,0.18085,161,291.157
1784347020000,0.18066,0.18079,0.18063,0.18074,118,213.2484
1784347080000,0.18046,0.18059,0.18024,0.18041,646,1164.9518
1784347140000,0.18065,0.18065,0.18052,0.18064,63,113.782
1784347200000,0.18065,0.18065,0.18,0.1804,184,331.8532
1784347260000,0.18032,0.18032,0.17963,0.18028,288,518.2229
1784347320000,0.18009,0.18025,0.18009,0.18017,162,291.8607
1784347380000,0.18022,0.18026,0.18021,0.18021,43,77.5014
1784347440000,0.18035,0.18038,0.18024,0.18032,347,625.5389
1784347500000,0.1803,0.1817,0.18029,0.18127,2289,4142.2445
1784347560000,0.18114,0.18156,0.181,0.1813,586,1061.4021
1784347620000,0.18131,0.18145,0.18031,0.18105,4711,8527.347
1784347680000,0.18088,0.181,0.18076,0.1809,266,481.1198
1784347740000,0.18089,0.18163,0.18089,0.18134,564,1022.3858
1784347800000,0.18121,0.18125,0.18109,0.18121,1318,2387.3198
1784347860000,0.1811,0.18182,0.1811,0.18123,364,659.9804
1784347920000,0.18111,0.18147,0.18109,0.18137,301,545.3437
1784347980000,0.18134,0.18134,0.18111,0.18124,110,199.3869
1784348040000,0.1813,0.18143,0.1813,0.18141,83,150.5407
1784348100000,0.18148,0.18164,0.18133,0.18154,90,163.3393
1784348160000,0.18151,0.18152,0.18123,0.18136,272,493.255
1784348220000,0.18135,0.18172,0.18101,0.18113,91,165.0251
1784348280000,0.18111,0.18124,0.18084,0.18084,409,740.607
1784348340000,0.18084,0.18105,0.18032,0.18044,389,702.5463
1784348400000,0.18044,0.18044,0.17938,0.18005,3778,6792.5905
1784348460000,0.17993,0.18046,0.17993,0.18044,327,589.6456
1784348520000,0.18034,0.18041,0.18014,0.18016,170,306.5036
1784348580000,0.17999,0.18029,0.17999,0.18029,79,142.3452
1784348640000,0.18041,0.18056,0.18009,0.18035,121,218.2382
1784348700000,0.18037,0.18037,0.18006,0.18018,77,138.7674
1784348760000,0.18034,0.18034,0.17785,0.17895,9227,16476.4171
1784348820000,0.17918,0.17943,0.17902,0.17902,282,505.4051
1784348880000,0.17884,0.17899,0.17548,0.17781,9440,16699.7225
1784348940000,0.17791,0.17796,0.17764,0.17793,1222,2173.1798
1784349000000,0.17776,0.17776,0.17564,0.17678,10999,19414.5062
1784349060000,0.17677,0.17705,0.17621,0.17626,2319,4100.0618
1784349120000,0.17669,0.17719,0.17599,0.17719,1084,1912.0755
1784349180000,0.17711,0.17718,0.17676,0.17691,196,346.972
1784349240000,0.17707,0.17718,0.17656,0.17684,253,447.1795
1784349300000,0.17674,0.17806,0.17674,0.17732,1764,3128.8776
1784349360000,0.17718,0.17743,0.177,0.1771,465,824.037
1784349420000,0.17669,0.17695,0.17625,0.17678,1134,2003.5431
1784349480000,0.17669,0.17783,0.17669,0.17778,3163,5607.3315
1784349540000,0.17752,0.17752,0.17718,0.17752,954,1691.7892
1784349600000,0.17731,0.17802,0.17731,0.17797,462,820.6269
1784349660000,0.17793,0.17808,0.17781,0.17795,632,1124.199
1784349720000,0.17776,0.17878,0.17776,0.1786,546,974.6124
1784349780000,0.17857,0.17887,0.17814,0.17877,1579,2822.0653
1784349840000,0.17855,0.17868,0.17848,0.17858,80,142.8557
1784349900000,0.17845,0.179,0.17841,0.17873,552,986.8139
1784349960000,0.17892,0.17944,0.17869,0.179,1022,1831.198
1784350020000,0.17915,0.17915,0.1787,0.17889,477,853.5096
1784350080000,0.1789,0.17894,0.17848,0.17876,284,507.8897
1784350140000,0.17891,0.17912,0.17879,0.1788,86,153.8987
1784350200000,0.17892,0.17923,0.17876,0.17915,133,238.1226
1784350260000,0.17914,0.1795,0.17911,0.17941,408,730.994
1784350320000,0.17942,0.17989,0.17942,0.17987,389,699.0009
1784350380000,0.17976,0.1799,0.17972,0.17973,122,219.3803
1784350440000,0.17976,0.18035,0.17976,0.17988,718,1292.3015
1784350500000,0.17985,0.17985,0.17928,0.17928,84,150.8594
1784350560000,0.17927,0.17927,0.17858,0.17865,63,112.7436
1784350620000,0.17864,0.1792,0.17859,0.17913,103,184.3704
1784350680000,0.17913,0.17935,0.17902,0.17921,212,379.8823
1784350740000,0.17907,0.17922,0.17892,0.17904,125,223.8046
1784350800000,0.17909,0.17909,0.17874,0.17884,82,146.6962
1784350860000,0.17892,0.17935,0.17874,0.17934,116,207.5119
1784350920000,0.17927,0.17978,0.17918,0.17973,508,912.2297
1784350980000,0.17974,0.17982,0.17904,0.17905,878,1575.1614
1784351040000,0.17933,0.17943,0.17899,0.17908,88,157.7483
1784351100000,0.17902,0.17902,0.17871,0.1789,82,146.6334
1784351160000,0.17889,0.17909,0.17878,0.17882,84,150.2642
1784351220000,0.17874,0.17894,0.17874,0.17875,115,205.662
1784351280000,0.17884,0.17903,0.1785,0.17903,79,141.3358
1784351340000,0.17881,0.17893,0.17873,0.17873,106,189.5804
1784351400000,0.17868,0.17904,0.17822,0.17822,3600,6433.0956
1784351460000,0.17827,0.17827,0.17796,0.17804,1226,2183.7879
1784351520000,0.17783,0.17793,0.17756,0.17783,435,773.2873
1784351580000,0.17797,0.17804,0.17772,0.17772,130,231.1296
1784351640000,0.17791,0.17839,0.17791,0.17822,362,644.5302
1784351700000,0.17801,0.17808,0.17801,0.17806,81,144.2136
1784351760000,0.178,0.178,0.17768,0.17768,51,90.7699
1784351820000,0.17759,0.17801,0.17749,0.17765,276,490.7519
1784351880000,0.17803,0.17822,0.17664,0.1779,3024,5360.1056
1784351940000,0.17786,0.17811,0.17786,0.17796,297,528.4266
1784352000000,0.17767,0.17786,0.17763,0.17786,122,216.8174
1784352060000,0.17752,0.17796,0.17752,0.1778,1311,2329.6103
1784352120000,0.17759,0.17815,0.17759,0.17815,98,174.2062
1784352180000,0.17851,0.17851,0.17778,0.17808,250,445.5292
1784352240000,0.17784,0.17784,0.17752,0.1776,78,138.5778
1784352300000,0.17764,0.17764,0.1773,0.1776,288,511.206
1784352360000,0.17718,0.17738,0.17705,0.17724,125,221.4772
1784352420000,0.17738,0.17781,0.1773,0.17775,336,596.8173
1784352480000,0.17771,0.17771,0.17756,0.17765,439,779.7655
1784352540000,0.17756,0.17822,0.17751,0.17822,335,596.0174
1784352600000,0.17822,0.17985,0.17803,0.17934,5325,9535.1659
1784352660000,0.17919,0.17926,0.17902,0.17919,149,267.0179
1784352720000,0.17917,0.17941,0.179,0.17915,302,541.4441
1784352780000,0.17918,0.17948,0.17899,0.1791,142,254.4549
1784352840000,0.179,0.17926,0.17896,0.17896,558,999.1661
1784352900000,0.17898,0.17905,0.17871,0.17876,382,683.3143
1784352960000,0.17903,0.17903,0.17869,0.17885,146,261.0906
1784353020000,0.17845,0.17907,0.17845,0.17906,331,591.5325
1784353080000,0.17915,0.17977,0.17915,0.17943,542,973.2025
1784353140000,0.17942,0.17942,0.17904,0.17909,182,326.0568
1784353200000,0.17908,0.17908,0.17859,0.17859,335,598.5228
1784353260000,0.17888,0.17908,0.17882,0.17908,146,261.1989
1784353320000,0.17931,0.17932,0.17924,0.17927,94,168.5265
1784353380000,0.17916,0.17932,0.1791,0.17913,79,141.5389
1784353440000,0.17926,0.17948,0.17908,0.17948,112,200.826
1784353500000,0.17941,0.17941,0.17882,0.17884,255,456.2777
1784353560000,0.17884,0.17884,0.17845,0.17864,1809,3231.0848
1784353620000,0.17862,0.17894,0.17862,0.17894,1062,1898.3161
1784353680000,0.17896,0.17907,0.17883,0.17896,97,173.5864
1784353740000,0.17892,0.17899,0.17874,0.17879,124,221.7883
1784353800000,0.17883,0.17886,0.17834,0.17855,196,349.9958
1784353860000,0.17847,0.17847,0.17812,0.17832,171,304.9554
1784353920000,0.1783,0.1783,0.1773,0.17765,1384,2464.8918
1784353980000,0.17749,0.17753,0.17704,0.17713,212,375.9461
1784354040000,0.17702,0.17727,0.17702,0.17714,268,474.6208
1784354100000,0.17701,0.1775,0.17688,0.17716,4333,7685.7009
1784354160000,0.17718,0.17795,0.17695,0.17795,470,834.6238
1784354220000,0.17784,0.17824,0.1778,0.17802,235,418.2647
1784354280000,0.1781,0.17833,0.17795,0.17808,165,293.915
1784354340000,0.17829,0.17837,0.17825,0.17836,130,231.8101
1784354400000,0.17823,0.17823,0.17781,0.17814,621,1105.2234
1784354460000,0.17792,0.1784,0.17781,0.1784,1584,2819.2775
1784354520000,0.17827,0.18055,0.17827,0.17986,9786,17562.7511
1784354580000,0.17983,0.18,0.17957,0.17967,898,1614.3789
1784354640000,0.17952,0.17993,0.17952,0.17967,1128,2028.4785
1784354700000,0.17953,0.17953,0.17922,0.17925,157,281.5986
1784354760000,0.17913,0.1794,0.17913,0.17932,105,188.2534
1784354820000,0.17919,0.1792,0.17893,0.17905,554,991.9777
1784354880000,0.17909,0.17958,0.17909,0.17943,822,1475.1359
1784354940000,0.17955,0.17985,0.17948,0.17955,743,1334.391
1784355000000,0.17953,0.17981,0.17948,0.1798,169,303.5536
1784355060000,0.17983,0.1802,0.1798,0.1798,421,758.0528
1784355120000,0.17983,0.17985,0.17965,0.17978,468,841.1326
1784355180000,0.17987,0.18003,0.17964,0.17964,709,1275.7795
1784355240000,0.18004,0.18018,0.18004,0.18013,105,189.1083
1784355300000,0.18008,0.18008,0.17988,0.17998,78,140.3444
1784355360000,0.17996,0.17996,0.17961,0.17989,205,368.6888
1784355420000,0.17977,0.17986,0.17971,0.17973,130,233.7224
1784355480000,0.18031,0.1815,0.18031,0.18123,2770,5018.4488
1784355540000,0.18144,0.18297,0.18144,0.18222,2197,4006.1414
1784355600000,0.18233,0.1826,0.18226,0.18226,273,498.0265
1784355660000,0.18226,0.18309,0.18226,0.183,419,766.3145
1784355720000,0.18309,0.18309,0.18241,0.18301,338,617.4325
1784355780000,0.18309,0.18311,0.18215,0.18215,834,1520.5037
1784355840000,0.18266,0.18266,0.18222,0.18251,1211,2210.0148
1784355900000,0.18268,0.18337,0.18254,0.18295,273,498.9124
1784355960000,0.18307,0.184,0.18286,0.18394,603,1103.9481
1784356020000,0.18395,0.18433,0.18392,0.18433,290,534.127
1784356080000,0.18438,0.1844,0.18327,0.1838,618,1135.0925
1784356140000,0.18412,0.18419,0.18312,0.18387,3720,6835.3824
1784356200000,0.18374,0.18441,0.18374,0.18421,3357,6178.7132
1784356260000,0.18428,0.18428,0.18359,0.18359,422,776.7258
1784356320000,0.18344,0.18356,0.18293,0.18309,359,657.3833
1784356380000,0.18326,0.18381,0.18326,0.18372,510,936.1062
1784356440000,0.18382,0.18414,0.18366,0.18366,94,172.8907
1784356500000,0.18343,0.18347,0.1831,0.1831,136,249.2171
1784356560000,0.1831,0.18339,0.18286,0.18339,123,225.277
1784356620000,0.18336,0.18505,0.18336,0.18473,606,1118.8174
1784356680000,0.18482,0.18663,0.18463,0.18586,4498,8350.461
1784356740000,0.1857,0.1857,0.18473,0.18491,2085,3856.9867
1784356800000,0.18474,0.1861,0.18474,0.18555,1610,2984.772
1784356860000,0.18606,0.18652,0.18579,0.18579,1011,1884.297
1784356920000,0.18641,0.18779,0.18624,0.18624,758,1416.2678
1784356980000,0.18619,0.18657,0.18616,0.18655,101,188.3097
1784357040000,0.18672,0.18707,0.18657,0.18679,46,85.9094
1784357100000,0.18659,0.18807,0.18651,0.18785,1281,2404.3486
1784357160000,0.1878,0.18888,0.18752,0.18846,1367,2572.1175
1784357220000,0.18852,0.18876,0.18829,0.1886,478,900.6456
1784357280000,0.18887,0.18923,0.18867,0.18869,1937,3656.896
1784357340000,0.18858,0.18874,0.18642,0.18662,95,178.1971
1784357400000,0.18685,0.18752,0.18685,0.18736,2266,4247.1699
1784357460000,0.18729,0.18798,0.18729,0.18791,217,407.2187
1784357520000,0.18765,0.18834,0.18738,0.18762,209,392.4463
1784357580000,0.18805,0.18868,0.18792,0.18868,1062,1998.0134
1784357640000,0.1888,0.1888,0.18805,0.18823,938,1766.9512
1784357700000,0.1882,0.18858,0.18754,0.18858,583,1097.4759
1784375760000,0.18147,0.18209,0.18147,0.18168,2548,4634.4012
1784375820000,0.18166,0.18166,0.18136,0.18156,510,925.39
1784375880000,0.18156,0.1817,0.18146,0.18148,157,285.0706
1784375940000,0.18135,0.18155,0.18128,0.18155,1055,1912.9704
1784376000000,0.18146,0.18185,0.18146,0.18185,140,254.3452
1784376060000,0.18154,0.18162,0.18105,0.18146,1932,3503.1982
1784376120000,0.1814,0.18193,0.18121,0.18193,701,1272.3583
1784376180000,0.18201,0.18276,0.18181,0.18244,2438,4449.3921
1784376240000,0.18214,0.18274,0.18214,0.18274,769,1402.1308
1784376300000,0.18251,0.18307,0.18251,0.18307,57,104.2299
1784376360000,0.18264,0.1831,0.18264,0.18291,113,206.6365
1784376420000,0.1829,0.18308,0.18289,0.18308,116,212.2378
1784376480000,0.1829,0.18332,0.18287,0.18298,354,648.464
1784376540000,0.18298,0.1831,0.18298,0.18307,94,172.0969
1784376600000,0.18304,0.18319,0.18285,0.18297,403,737.3054
1784376660000,0.18305,0.18331,0.18303,0.18331,157,287.5664
1784376720000,0.18313,0.18334,0.18308,0.18315,157,287.6589
1784376780000,0.18292,0.18304,0.18292,0.18304,34,62.2
1784376840000,0.18301,0.18321,0.18301,0.18315,735,1345.7975
1784376900000,0.18304,0.18335,0.18304,0.18335,179,327.9853
1784376960000,0.18345,0.1837,0.18341,0.18342,181,332.1275
1784377020000,0.18342,0.18366,0.18236,0.18236,2368,4326.9111
1784377080000,0.18262,0.18344,0.18262,0.18285,1304,2386.3006
1784377140000,0.183,0.18317,0.18273,0.18296,462,844.8563
1784377200000,0.18291,0.18291,0.18203,0.18287,257,468.8641
1784377260000,0.18286,0.18323,0.18274,0.18323,227,415.2564
1784377320000,0.18317,0.18334,0.18288,0.18323,241,441.4934
1784377380000,0.18311,0.18326,0.18311,0.18326,232,425.047
1784377440000,0.18317,0.18353,0.18303,0.18353,168,307.8697
1784377500000,0.18321,0.1833,0.18305,0.1831,73,133.7045
1784377560000,0.18297,0.18344,0.18297,0.18344,295,540.4351
1784377620000,0.18331,0.18383,0.18331,0.18357,702,1289.0146
1784377680000,0.18361,0.1892,0.18361,0.18669,38995,72963.5624
1784377740000,0.18633,0.18747,0.18632,0.18649,7563,14128.943
1784377800000,0.18633,0.1868,0.18631,0.18651,2857,5326.9238
1784377860000,0.18674,0.187,0.18659,0.18676,904,1689.285
1784377920000,0.18695,0.18909,0.18651,0.18909,4392,8241.4649
1784377980000,0.18906,0.1909,0.18835,0.18972,21424,40710.6279
1784378040000,0.18979,0.19062,0.18919,0.18922,4909,9321.1692
1784378100000,0.1891,0.18912,0.18882,0.18908,657,1241.3262
1784378160000,0.18917,0.19072,0.18917,0.1894,1234,2347.2213
1784378220000,0.18959,0.18959,0.18868,0.18868,186,351.5596
1784378280000,0.18847,0.18847,0.18772,0.18802,1314,2471.4916
1784378340000,0.18832,0.18836,0.18802,0.18809,326,613.65
1784378400000,0.18808,0.18888,0.18807,0.18886,137,258.2803
1784378460000,0.18862,0.18862,0.18845,0.18858,2184,4117.6636
1784378520000,0.1888,0.1888,0.18834,0.18834,100,188.5216
1784378580000,0.18854,0.18861,0.18834,0.18834,335,631.349
1784378640000,0.18854,0.18876,0.18836,0.18836,328,618.3261
1784378700000,0.18846,0.18892,0.18802,0.18864,3886,7331.9395
1784378760000,0.18868,0.18882,0.18828,0.18835,275,518.3069
1784378820000,0.18837,0.18843,0.18755,0.18755,349,656.7711
1784378880000,0.18773,0.18827,0.1877,0.1878,475,892.4176
1784378940000,0.18792,0.18842,0.18771,0.18827,861,1619.4915
1784379000000,0.18829,0.18836,0.18761,0.18774,362,680.0558
1784379060000,0.18781,0.18787,0.18526,0.18665,17920,33367.6008
1784379120000,0.18666,0.18678,0.1853,0.18592,4938,9190.1712
1784379180000,0.1859,0.1868,0.1859,0.18669,2882,5378.5269
1784379240000,0.18678,0.18705,0.18647,0.18657,2209,4122.9156
1784379300000,0.18659,0.1866,0.18635,0.18639,425,792.3178
1784379360000,0.1865,0.18689,0.18644,0.1867,480,896.0266
1784379420000,0.18649,0.18658,0.18616,0.18633,219,408.0117
1784379480000,0.18648,0.18663,0.18626,0.18637,1012,1887.6495
1784379540000,0.18653,0.18794,0.18642,0.18692,2702,5058.2652
1784379600000,0.18693,0.18718,0.18666,0.18708,561,1048.9865
1784379660000,0.18674,0.18676,0.18639,0.18655,389,725.6759
1784379720000,0.18666,0.18671,0.18605,0.18605,392,730.3402
1784379780000,0.18619,0.18649,0.18552,0.18617,405,753.2
1784379840000,0.18599,0.18613,0.18599,0.18601,253,470.6535
1784379900000,0.18596,0.18596,0.18551,0.18551,381,708.0191
1784379960000,0.18555,0.18555,0.18541,0.18554,86,159.5259
1784380020000,0.18559,0.18559,0.18509,0.18533,531,984.0066
1784380080000,0.18525,0.18526,0.1845,0.18458,2847,5257.2309
1784380140000,0.18486,0.18515,0.18479,0.18486,189,349.4951
1784380200000,0.18495,0.18498,0.18457,0.18493,1315,2429.3555
1784380260000,0.18508,0.18508,0.18475,0.18483,273,504.8612
1784380320000,0.1845,0.18458,0.18439,0.18449,231,426.1768
1784380380000,0.18478,0.18486,0.18394,0.18398,997,1836.2011
1784380440000,0.18399,0.18435,0.18399,0.184,154,283.5939
1784380500000,0.18406,0.18588,0.18406,0.1854,7318,13560.4481
1784380560000,0.18546,0.18549,0.18478,0.18523,815,1509.0381
1784380620000,0.1852,0.1852,0.18498,0.18503,147,272.057
1784380680000,0.18492,0.18492,0.18476,0.18476,67,123.8564
1784380740000,0.18522,0.18544,0.18512,0.18525,2622,4858.5021
1784380800000,0.18517,0.18521,0.18434,0.18464,1341,2477.5434
1784380860000,0.18443,0.18506,0.18443,0.18506,472,872.278
1784380920000,0.18498,0.18507,0.18477,0.18507,119,220.0368
1784380980000,0.1849,0.18528,0.18489,0.185,88,162.8278
1784381040000,0.18499,0.18501,0.1848,0.1848,205,379.0909
1784381100000,0.18489,0.18507,0.18483,0.18485,571,1055.824
1784381160000,0.18486,0.18538,0.18486,0.18538,1439,2664.0567
1784381220000,0.18517,0.18517,0.18476,0.1849,413,763.4907
1784381280000,0.18489,0.1851,0.1847,0.185,496,917.0909
1784381340000,0.18496,0.18521,0.18494,0.18494,160,296.0689
1784381400000,0.18489,0.18489,0.18407,0.18423,114,210.2729
1784381460000,0.18432,0.18437,0.18407,0.18408,591,1088.836
1784381520000,0.18413,0.1873,0.18413,0.18726,3670,6818.2424
1784381580000,0.18734,0.18738,0.1863,0.18642,462,863.5029
1784381640000,0.18681,0.18681,0.18681,0.18681,1,1.8681
1784381700000,0.18653,0.18724,0.18653,0.18691,614,1148.1344
1784381760000,0.18704,0.18707,0.18704,0.18705,62,115.9724
1784381820000,0.18664,0.18664,0.18613,0.18646,68,126.7685
1784381880000,0.18621,0.18662,0.18621,0.18645,82,152.9031
1784381940000,0.1866,0.18678,0.18639,0.18678,261,486.6233
1784382000000,0.18662,0.18679,0.18654,0.18661,75,140.0055
1784382060000,0.18655,0.19001,0.18655,0.18945,4533,8551.6148
1784382120000,0.18969,0.18996,0.18907,0.18907,401,761.0569
1784382180000,0.18911,0.18939,0.18859,0.18933,2131,4022.497
1784382240000,0.18916,0.18981,0.18916,0.18963,429,812.177
1784382300000,0.18971,0.18971,0.189,0.18921,3222,6098.6665
1784382360000,0.18905,0.19037,0.18905,0.19031,2891,5490.806
1784382420000,0.18996,0.19121,0.18987,0.18996,1372,2612.1278
1784382480000,0.18984,0.19044,0.18979,0.19044,454,862.9205
1784382540000,0.19057,0.19068,0.18973,0.18978,1844,3501.5844
1784382600000,0.18952,0.19043,0.1894,0.19017,1304,2470.9345
1784382660000,0.18995,0.19014,0.18975,0.19013,166,315.4331
1784382720000,0.19006,0.19019,0.19006,0.19019,22,41.8405
1784382780000,0.19025,0.19093,0.18996,0.19051,829,1576.0162
1784382840000,0.19057,0.19061,0.19017,0.19017,67,127.5902
1784382900000,0.19076,0.19076,0.19073,0.19073,35,66.7609
1784382960000,0.19102,0.1915,0.19102,0.19141,1072,2052.7385
1784383020000,0.19143,0.19143,0.19082,0.19082,91,173.895
1784383080000,0.19118,0.19118,0.19088,0.19093,420,802.1704
1784383140000,0.19112,0.19112,0.18967,0.18967,424,806.3953
1784383200000,0.18989,0.19009,0.18905,0.1892,566,1072.3549
1784383260000,0.18915,0.18971,0.18865,0.18967,655,1238.4066
1784383320000,0.1895,0.1895,0.18907,0.18938,4303,8145.5661
1784383380000,0.18901,0.18975,0.18901,0.18975,134,253.8035
1784383440000,0.18993,0.19119,0.18993,0.19119,679,1293.4655
1784383500000,0.19066,0.19077,0.1902,0.19032,110,209.5095
1784383560000,0.19029,0.19029,0.18946,0.18983,811,1538.1905
1784383620000,0.18913,0.18923,0.18898,0.18914,292,552.1675
1784383680000,0.18926,0.1895,0.18916,0.18948,248,469.5543
1784383740000,0.18942,0.18951,0.18909,0.18909,187,354.0984
1784383800000,0.18948,0.18948,0.18921,0.18921,317,599.9732
1784383860000,0.18916,0.18917,0.18887,0.18914,118,223.0748
1784383920000,0.18909,0.18926,0.18904,0.1892,238,450.2209
1784383980000,0.18929,0.19046,0.18915,0.19024,535,1015.9185
1784384040000,0.19021,0.19021,0.1897,0.1897,342,648.9992
1784384100000,0.18963,0.19029,0.18961,0.19029,389,738.3819
1784384160000,0.19019,0.19063,0.18998,0.18998,442,841.5137
1784384220000,0.18996,0.19012,0.18916,0.18916,693,1316.3722
1784384280000,0.18929,0.18994,0.1891,0.18984,198,375.0
1784384340000,0.18984,0.19003,0.18984,0.18993,140,265.9448
1784384400000,0.18944,0.18961,0.18941,0.18944,126,238.7566
1784384460000,0.1894,0.1894,0.18899,0.18927,106,200.5821
1784384520000,0.18922,0.18924,0.189,0.18924,224,423.6006
1784384580000,0.18927,0.18941,0.18927,0.18935,174,329.4932
1784384640000,0.18957,0.18965,0.18846,0.18937,581,1098.9054
1784384700000,0.18927,0.18927,0.18899,0.18899,238,450.0345
1784384760000,0.18899,0.18949,0.18899,0.18942,355,671.9278
1784384820000,0.19003,0.19019,0.18998,0.19002,65,123.5104
1784384880000,0.19011,0.19018,0.18965,0.18965,635,1206.0472
1784384940000,0.18976,0.19072,0.18975,0.19054,1373,2612.1083
1784385000000,0.19036,0.19123,0.19031,0.19064,307,586.1569
1784385060000,0.19065,0.19065,0.19026,0.19026,665,1266.7789
1784385120000,0.19002,0.19004,0.1898,0.18984,416,790.0677
1784385180000,0.19,0.19072,0.19,0.19067,753,1435.2358
1784385240000,0.19066,0.1928,0.19062,0.19213,2617,5028.1371
1784385300000,0.19195,0.19258,0.19171,0.19218,1646,3165.1905
1784385360000,0.19202,0.19266,0.19202,0.19255,182,350.2673
1784385420000,0.19212,0.19212,0.19126,0.19148,1011,1936.2746
1784385480000,0.19149,0.19156,0.19083,0.19083,608,1163.8057
1784385540000,0.19094,0.19103,0.19035,0.19067,825,1573.6839
1784385600000,0.19067,0.19081,0.19052,0.19079,365,695.67
1784385660000,0.19071,0.19114,0.19071,0.19114,371,708.3631
1784385720000,0.19133,0.19133,0.19086,0.19096,195,372.5809
1784385780000,0.1906,0.19106,0.1906,0.19075,207,395.1326
1784385840000,0.19127,0.19182,0.19127,0.19179,456,873.2573
1784385900000,0.19158,0.19178,0.19152,0.19158,77,147.572
1784385960000,0.19156,0.19169,0.191,0.19169,142,271.7912
1784386020000,0.19168,0.19199,0.19168,0.19199,82,157.2435
1784386080000,0.19163,0.19168,0.19139,0.1915,571,1093.5386
1784386140000,0.19159,0.19197,0.19159,0.19197,119,228.1749
1784386200000,0.19224,0.19253,0.19154,0.19154,1890,3624.8821
1784386260000,0.19154,0.19211,0.19119,0.19177,787,1508.3035
1784386320000,0.19185,0.19194,0.19151,0.19154,664,1272.4078
1784386380000,0.19151,0.19151,0.1905,0.1905,1043,1992.315
1784386440000,0.19076,0.19097,0.19062,0.19078,645,1230.9653
1784386500000,0.19092,0.19092,0.19066,0.19066,200,381.5803
1784386560000,0.19076,0.19104,0.1906,0.19063,361,688.7963
1784386620000,0.19077,0.19098,0.19059,0.19097,110,209.8583
1784386680000,0.19082,0.19156,0.19082,0.19154,176,336.6534
1784386740000,0.19161,0.19165,0.19089,0.19089,475,908.0834
1784386800000,0.19101,0.19119,0.1909,0.19119,115,219.7321
1784386860000,0.19161,0.19165,0.19014,0.19014,924,1765.0743
1784386920000,0.19026,0.19038,0.18982,0.18993,1111,2110.7705
1784386980000,0.18991,0.18998,0.18891,0.18896,1324,2505.331
1784387040000,0.1893,0.1899,0.18924,0.18982,436,826.4504
1784387100000,0.18982,0.19005,0.18922,0.18953,352,667.4715
1784387160000,0.18955,0.19039,0.18955,0.19026,862,1638.5929
1784387220000,0.19034,0.19034,0.18971,0.19004,351,666.4148
1784387280000,0.19022,0.19029,0.19008,0.19029,136,258.5675
1784387340000,0.19007,0.19017,0.18981,0.19,314,596.5013
1784387400000,0.18988,0.19006,0.18952,0.18952,303,575.2209
1784387460000,0.1899,0.19016,0.18962,0.18979,384,728.943
1784387520000,0.18979,0.19014,0.18979,0.19014,642,1218.954
1784387580000,0.19024,0.19024,0.1895,0.18958,4296,8151.71
1784387640000,0.1897,0.18975,0.1895,0.18975,121,229.446
1784387700000,0.18987,0.19005,0.18986,0.18986,163,309.6054
1784405760000,0.18596,0.18647,0.18591,0.18601,1553,2892.7103
1784405820000,0.18598,0.18632,0.18587,0.18587,378,703.3339
1784405880000,0.18601,0.18601,0.18576,0.18595,115,213.8039
1784405940000,0.18577,0.18579,0.18548,0.18568,138,256.2052
1784406000000,0.18583,0.18596,0.18551,0.18578,287,533.0611
1784406060000,0.18553,0.1857,0.18543,0.1856,79,146.5859
1784406120000,0.18591,0.18997,0.18591,0.18934,14095,26524.3963
1784406180000,0.18937,0.18965,0.18889,0.18958,2145,4057.27
1784406240000,0.18954,0.18992,0.1894,0.1894,1987,3770.75
1784406300000,0.18937,0.18941,0.18905,0.18923,1073,2028.9695
1784406360000,0.18935,0.18937,0.1884,0.18899,1914,3615.3853
1784406420000,0.189,0.18911,0.18865,0.18866,984,1857.2784
1784406480000,0.18835,0.18864,0.18835,0.18864,47,88.597
1784406540000,0.18861,0.18864,0.18848,0.18848,339,639.3122
1784406600000,0.18848,0.18848,0.18738,0.18738,662,1241.9059
1784406660000,0.18726,0.18744,0.18716,0.1873,87,162.9477
1784406720000,0.18717,0.18717,0.18649,0.18698,1699,3173.7829
1784406780000,0.18689,0.18789,0.18689,0.1875,551,1032.0191
1784406840000,0.1875,0.18771,0.18732,0.18732,357,669.4876
1784406900000,0.18732,0.18748,0.18725,0.18748,373,698.8292
1784406960000,0.18743,0.18743,0.18715,0.18724,449,840.7532
1784407020000,0.18714,0.18714,0.18697,0.18701,175,327.3376
1784407080000,0.18721,0.18727,0.18706,0.18727,142,265.7912
1784407140000,0.18731,0.18805,0.18731,0.188,640,1201.8585
1784407200000,0.18784,0.18824,0.18782,0.18819,292,549.035
1784407260000,0.18806,0.18964,0.1875,0.18901,2495,4700.2038
1784407320000,0.18889,0.18953,0.18868,0.18953,1187,2243.9025
1784407380000,0.18931,0.18931,0.18895,0.18895,642,1213.7527
1784407440000,0.18877,0.18974,0.18864,0.1897,808,1528.2402
1784407500000,0.18955,0.18957,0.18924,0.1893,202,382.5387
1784407560000,0.1893,0.18944,0.18901,0.18914,150,283.7422
1784407620000,0.18914,0.18944,0.18911,0.18935,359,679.4339
1784407680000,0.18922,0.18922,0.18904,0.18904,187,353.6783
1784407740000,0.18903,0.18921,0.18888,0.18888,1075,2031.7043
1784407800000,0.18887,0.1889,0.18881,0.1889,69,130.3128
1784407860000,0.18889,0.18899,0.18871,0.18871,202,381.4899
1784407920000,0.18875,0.18903,0.18875,0.18901,255,481.5685
1784407980000,0.18874,0.18883,0.18865,0.18883,136,256.6736
1784408040000,0.18893,0.18902,0.18871,0.18882,236,445.7821
1784408100000,0.18878,0.18878,0.18844,0.18855,477,899.7341
1784408160000,0.1885,0.18858,0.18803,0.18839,2918,5490.7914
1784408220000,0.18823,0.18841,0.18805,0.18832,150,282.2767
1784408280000,0.18818,0.18833,0.18809,0.18833,107,201.3415
1784408340000,0.18815,0.18833,0.18815,0.18833,55,103.545
1784408400000,0.18811,0.18832,0.18794,0.18794,100,188.1388
1784408460000,0.18804,0.18815,0.18794,0.18803,115,216.2888
1784408520000,0.18808,0.18838,0.18804,0.1883,334,628.4142
1784408580000,0.18808,0.18808,0.18796,0.18796,23,43.25
1784408640000,0.18793,0.18802,0.18771,0.18802,329,617.8045
1784408700000,0.18801,0.18815,0.18762,0.18762,125,234.8447
1784408760000,0.1876,0.18811,0.1876,0.18797,99,186.0508
1784408820000,0.18808,0.18808,0.18783,0.18783,70,131.5686
1784408880000,0.18785,0.18825,0.18781,0.18808,147,276.157
1784408940000,0.1879,0.1879,0.1877,0.18777,262,492.0584
1784409000000,0.18769,0.18794,0.18763,0.18786,138,259.1576
1784409060000,0.1879,0.1879,0.1877,0.1877,228,428.036
1784409120000,0.18724,0.18755,0.18684,0.18684,2653,4962.1963
1784409180000,0.18721,0.18971,0.18721,0.18901,713,1347.0875
1784409240000,0.18898,0.18906,0.18855,0.18863,762,1439.1154
1784409300000,0.1888,0.189,0.18869,0.18874,202,381.4494
1784409360000,0.18897,0.18904,0.18888,0.18904,75,141.7111
1784409420000,0.18897,0.18912,0.18897,0.18912,71,134.2322
1784409480000,0.18897,0.18897,0.18873,0.18879,98,185.047
1784409540000,0.18912,0.18939,0.18905,0.18939,82,155.1782
1784409600000,0.18914,0.1892,0.18882,0.189,161,304.3492
1784409660000,0.18911,0.18911,0.18894,0.18906,125,236.3127
1784409720000,0.18906,0.18906,0.18895,0.18905,186,351.5012
1784409780000,0.18897,0.18913,0.18887,0.18899,102,192.7299
1784409840000,0.18888,0.18888,0.18871,0.18879,80,151.0174
1784409900000,0.18879,0.18895,0.18879,0.18895,88,166.1974
1784409960000,0.18889,0.189,0.1886,0.189,251,473.7561
1784410020000,0.18872,0.189,0.18871,0.1889,59,111.4322
1784410080000,0.18874,0.18916,0.18874,0.18916,92,173.8326
1784410140000,0.18899,0.1891,0.18899,0.18905,75,141.7956
1784410200000,0.1893,0.18949,0.18911,0.18949,88,166.6151
1784410260000,0.18947,0.18947,0.18898,0.18912,55,104.0566
1784410320000,0.18898,0.18912,0.18897,0.18911,1331,2516.9671
1784410380000,0.189,0.19191,0.189,0.19131,4126,7865.3718
1784410440000,0.19135,0.193,0.19126,0.19259,723,1392.044
1784410500000,0.1922,0.19225,0.19147,0.19147,431,827.3682
1784410560000,0.19146,0.19267,0.19146,0.19254,1077,2071.2706
1784410620000,0.19247,0.19287,0.19126,0.19211,1297,2490.4074
1784410680000,0.19229,0.19282,0.19229,0.19242,115,221.3224
1784410740000,0.19271,0.19284,0.19204,0.19204,1016,1956.0292
1784410800000,0.19279,0.19308,0.19273,0.19292,612,1180.6056
1784410860000,0.19264,0.19324,0.19232,0.1926,923,1779.4875
1784410920000,0.19285,0.19307,0.19278,0.19307,1187,2290.7869
1784410980000,0.19319,0.1935,0.19297,0.19345,855,1651.7497
1784411040000,0.1935,0.19591,0.1935,0.19488,925,1800.3417
1784411100000,0.19491,0.19501,0.19434,0.19474,444,864.1438
1784411160000,0.19429,0.19443,0.19411,0.19443,247,479.7991
1784411220000,0.19466,0.19466,0.1943,0.19435,93,180.822
1784411280000,0.19434,0.1949,0.19434,0.19451,93,181.0243
1784411340000,0.19465,0.19469,0.1942,0.19444,678,1318.3679
1784411400000,0.19437,0.19444,0.19416,0.19425,784,1523.6695
1784411460000,0.19432,0.19456,0.19431,0.1945,125,243.0588
1784411520000,0.19425,0.19458,0.19425,0.19439,72,139.9606
1784411580000,0.19421,0.19446,0.19413,0.19429,110,213.6877
1784411640000,0.19443,0.19464,0.19425,0.19425,146,283.8453
1784411700000,0.19432,0.1946,0.19422,0.1946,175,340.2518
1784411760000,0.19454,0.19477,0.19443,0.19462,233,453.4372
1784411820000,0.19501,0.19534,0.19478,0.19534,562,1096.6677
1784411880000,0.19532,0.19539,0.19505,0.19539,91,177.6387
1784411940000,0.19531,0.1954,0.19494,0.19494,209,407.8385
1784412000000,0.19476,0.19476,0.19425,0.19425,244,474.3893
1784412060000,0.19445,0.19573,0.19432,0.19573,145,282.8714
1784412120000,0.19551,0.19551,0.19443,0.19443,134,261.1408
1784412180000,0.19458,0.19469,0.19414,0.19414,1028,1996.405
1784412240000,0.19399,0.19459,0.19391,0.19441,1006,1955.043
1784412300000,0.19426,0.19463,0.19426,0.19451,90,175.0062
1784412360000,0.19443,0.19451,0.19401,0.19426,1048,2035.3104
1784412420000,0.1945,0.1945,0.1939,0.1939,521,1011.9771
1784412480000,0.19399,0.1943,0.19399,0.1943,149,289.2378
1784412540000,0.1935,0.19351,0.19332,0.19336,68,131.5192
1784412600000,0.19331,0.1939,0.19331,0.19384,661,1281.1507
1784412660000,0.19374,0.19383,0.19292,0.19294,148,286.1291
1784412720000,0.19338,0.19338,0.19316,0.19316,132,255.1607
1784412780000,0.19312,0.19376,0.19312,0.19371,1350,2612.9676
1784412840000,0.19359,0.19418,0.19356,0.19415,320,619.8937
1784412900000,0.19435,0.19435,0.19381,0.19381,189,367.0814
1784412960000,0.19379,0.19386,0.19348,0.19348,356,689.7893
1784413020000,0.19325,0.19333,0.19289,0.19289,240,463.6124
1784413080000,0.19316,0.19316,0.19297,0.19297,191,368.7609
1784413140000,0.19299,0.1933,0.19266,0.19321,1447,2791.9669
1784413200000,0.19314,0.19314,0.19286,0.19297,239,461.2221
1784413260000,0.19298,0.19379,0.19284,0.19364,541,1047.6113
1784413320000,0.19367,0.19367,0.19327,0.19327,114,220.4923
1784413380000,0.19333,0.19348,0.19321,0.19324,171,330.5249
1784413440000,0.19321,0.1933,0.19321,0.19321,114,220.3144
1784413500000,0.19337,0.19337,0.19297,0.19312,140,270.4481
1784413560000,0.19335,0.19335,0.1928,0.19296,382,737.9974
1784413620000,0.19284,0.19289,0.1926,0.1926,273,526.09
1784413680000,0.19253,0.19303,0.19242,0.19293,332,639.8572
1784413740000,0.19282,0.19282,0.19255,0.19274,148,285.1833
1784413800000,0.19261,0.19261,0.19209,0.19228,378,727.1692
1784413860000,0.19248,0.19318,0.19248,0.19318,189,364.3911
1784413920000,0.19339,0.1934,0.19303,0.19314,768,1483.5776
1784413980000,0.19307,0.19324,0.19301,0.19315,390,753.1439
1784414040000,0.19329,0.19357,0.19329,0.19357,231,446.7873
1784414100000,0.19376,0.19433,0.19376,0.19419,167,324.0098
1784414160000,0.19387,0.19387,0.19348,0.19348,136,263.3276
1784414220000,0.19355,0.19365,0.19349,0.19349,121,234.1836
1784414280000,0.1936,0.19397,0.1935,0.19355,750,1452.8062
1784414340000,0.19358,0.19416,0.19356,0.19388,93,180.318
1784414400000,0.19365,0.19429,0.19365,0.19391,122,236.6608
1784414460000,0.19388,0.19431,0.19375,0.19375,228,442.3222
1784414520000,0.19382,0.19382,0.19347,0.19348,235,454.8775
1784414580000,0.19335,0.19374,0.19319,0.19319,449,868.571
1784414640000,0.19342,0.19342,0.19319,0.19319,159,307.3285
1784414700000,0.19305,0.19309,0.19297,0.19309,254,490.3106
1784414760000,0.19307,0.19307,0.19232,0.1925,147,283.3916
1784414820000,0.19219,0.1923,0.19199,0.19215,501,962.325
1784414880000,0.19215,0.19251,0.19215,0.19246,54,103.9115
1784414940000,0.19227,0.19273,0.19227,0.19228,79,151.9503
1784415000000,0.19227,0.19243,0.19206,0.19243,240,461.3522
1784415060000,0.19236,0.19241,0.19227,0.19227,232,446.1538
1784415120000,0.19249,0.19249,0.19217,0.19233,260,499.9344
1784415180000,0.19233,0.19295,0.19228,0.19295,405,780.6427
1784415240000,0.19256,0.19304,0.19251,0.19297,120,231.1745
1784415300000,0.19303,0.19359,0.19303,0.19335,137,265.0277
1784415360000,0.19318,0.19339,0.19318,0.19325,95,183.5819
1784415420000,0.19325,0.19354,0.19325,0.19334,250,483.4692
1784415480000,0.19333,0.19347,0.19328,0.19347,114,220.4173
1784415540000,0.19333,0.19339,0.19328,0.19328,92,177.8571
1784415600000,0.19332,0.19332,0.19256,0.19276,320,616.995
1784415660000,0.1929,0.19367,0.1929,0.19365,232,448.0233
1784415720000,0.19358,0.19358,0.19336,0.19345,140,270.8456
1784415780000,0.19329,0.19357,0.19329,0.19356,113,218.623
1784415840000,0.19386,0.19444,0.19386,0.19401,368,713.9433
1784415900000,0.19424,0.19424,0.19336,0.19363,170,329.1052
1784415960000,0.19347,0.19347,0.19294,0.19294,61,117.848
1784416020000,0.19309,0.19309,0.19267,0.19267,174,335.6634
1784416080000,0.19256,0.19256,0.19217,0.19221,229,440.4674
1784416140000,0.1923,0.19289,0.1923,0.19281,673,1295.3338
1784416200000,0.19315,0.19342,0.19313,0.1932,281,543.087
1784416260000,0.19325,0.19487,0.19325,0.19487,458,888.5576
1784416320000,0.19463,0.1947,0.19426,0.19426,271,526.6546
1784416380000,0.19438,0.19443,0.19408,0.19413,216,419.6225
1784416440000,0.19434,0.19502,0.19434,0.19501,652,1268.9441
1784416500000,0.19496,0.19564,0.19491,0.19522,726,1417.116
1784416560000,0.19514,0.19535,0.19514,0.19535,63,122.9855
1784416620000,0.19506,0.19506,0.19479,0.19479,248,483.2067
1784416680000,0.1948,0.1948,0.19448,0.19459,209,406.7529
1784416740000,0.19498,0.19498,0.19435,0.19447,130,253.1051
1784416800000,0.19456,0.19492,0.19456,0.19492,520,1012.7027
1784416860000,0.19492,0.19518,0.1947,0.19518,892,1739.302
1784416920000,0.19526,0.19555,0.19521,0.19521,202,394.5142
1784416980000,0.19535,0.19705,0.19535,0.19593,1506,2959.2682
1784417040000,0.19593,0.19631,0.19593,0.19631,184,361.1557
1784417100000,0.1963,0.19703,0.19615,0.19703,433,851.3588
1784417160000,0.19713,0.19713,0.19629,0.19629,79,155.4735
1784417220000,0.19612,0.19647,0.19548,0.19549,660,1292.7356
1784417280000,0.19525,0.19545,0.19522,0.19538,221,431.5865
1784417340000,0.195,0.195,0.19471,0.1948,391,761.902
1784417400000,0.19493,0.19499,0.19444,0.19457,286,557.1295
1784417460000,0.19477,0.19493,0.19393,0.19459,735,1430.0698
1784417520000,0.19439,0.19477,0.19439,0.19477,37,71.9513
1784417580000,0.19475,0.19475,0.19448,0.19458,246,478.551
1784417640000,0.19459,0.19459,0.19421,0.19421,81,157.5057
1784417700000,0.19439,0.195,0.19439,0.19487,1001,1949.5726
1784435760000,0.17773,0.17782,0.17733,0.17773,623,1105.9622
1784435820000,0.17747,0.17747,0.17625,0.17656,4617,8164.1327
1784435880000,0.17656,0.17699,0.17587,0.17594,2776,4895.1155
1784435940000,0.17618,0.17766,0.17617,0.17673,3634,6430.1387
1784436000000,0.17636,0.17642,0.17589,0.17589,1740,3066.1872
1784436060000,0.17598,0.17598,0.17314,0.17358,3672,6390.356
1784436120000,0.17364,0.17406,0.17328,0.1739,6730,11692.0767
1784436180000,0.17362,0.17362,0.17082,0.17278,7162,12377.8513
1784436240000,0.17262,0.17311,0.1722,0.17311,369,637.1052
1784436300000,0.17294,0.17294,0.17207,0.17249,736,1270.1899
1784436360000,0.17247,0.1726,0.172,0.17255,1235,2127.4697
1784436420000,0.17224,0.17257,0.16872,0.16976,17079,29252.3757
1784436480000,0.16976,0.17151,0.16976,0.17095,9105,15582.8508
1784436540000,0.1709,0.17275,0.17065,0.17186,9253,15902.6225
1784436600000,0.17178,0.1725,0.17125,0.1725,818,1405.363
1784436660000,0.17256,0.17319,0.17237,0.17269,619,1069.5798
1784436720000,0.17277,0.17277,0.17236,0.17249,478,824.5994
1784436780000,0.17248,0.17401,0.17248,0.17401,878,1522.2657
1784436840000,0.17381,0.17381,0.17303,0.17303,1327,2301.292
1784436900000,0.17312,0.17349,0.17312,0.17347,94,163.0253
1784436960000,0.17343,0.17354,0.17307,0.17307,530,918.7899
1784437020000,0.17329,0.17455,0.17329,0.17455,287,498.9733
1784437080000,0.17422,0.1743,0.17357,0.17361,641,1114.0341
1784437140000,0.17335,0.17401,0.17335,0.17344,283,491.309
1784437200000,0.17348,0.17385,0.17333,0.17342,740,1284.6473
1784437260000,0.17376,0.17422,0.1737,0.17422,402,698.7885
1784437320000,0.17425,0.17429,0.17352,0.17368,610,1059.7222
1784437380000,0.17408,0.17433,0.17408,0.17426,190,331.0343
1784437440000,0.17409,0.17422,0.174,0.17416,273,475.408
1784437500000,0.1743,0.17477,0.17413,0.17459,270,470.8329
1784437560000,0.17453,0.17453,0.1741,0.17429,469,817.2295
1784437620000,0.17452,0.175,0.17452,0.17462,1676,2928.2205
1784437680000,0.17443,0.17509,0.17441,0.17491,475,830.1384
1784437740000,0.17483,0.1751,0.17475,0.17506,583,1019.8808
1784437800000,0.17509,0.1755,0.17495,0.17495,1769,3100.218
1784437860000,0.17508,0.17515,0.17504,0.17514,618,1082.3171
1784437920000,0.17517,0.17543,0.17482,0.17543,1750,3063.5005
1784437980000,0.17543,0.17575,0.17533,0.17533,1343,2358.8029
1784438040000,0.17516,0.17516,0.17494,0.17495,610,1067.7787
1784438100000,0.17496,0.17546,0.17481,0.17526,2478,4341.999
1784438160000,0.17511,0.17532,0.17483,0.17516,841,1472.3808
1784438220000,0.17518,0.17534,0.17475,0.17523,1988,3477.6362
1784438280000,0.17513,0.17515,0.17478,0.17481,389,680.8238
1784438340000,0.17473,0.17482,0.17445,0.17454,139,242.7532
1784438400000,0.17431,0.17536,0.17431,0.17536,678,1186.4268
1784438460000,0.17537,0.17625,0.17536,0.17599,1454,2554.2403
1784438520000,0.17573,0.17636,0.17573,0.17636,130,228.9898
1784438580000,0.17589,0.17614,0.17583,0.17588,981,1726.5189
1784438640000,0.17598,0.17606,0.17579,0.17579,1308,2301.5138
1784438700000,0.17586,0.17601,0.17497,0.17497,2990,5242.7344
1784438760000,0.17505,0.17522,0.17446,0.17521,3963,6936.9236
1784438820000,0.17484,0.17537,0.17461,0.17461,608,1062.9741
1784438880000,0.17459,0.17503,0.17428,0.17503,2386,4166.5691
1784438940000,0.1748,0.17532,0.1748,0.17532,367,642.6128
1784439000000,0.17516,0.1752,0.17459,0.17516,2341,4097.6966
1784439060000,0.17494,0.17506,0.17419,0.17419,1567,2735.6345
1784439120000,0.1738,0.17423,0.17328,0.17342,2067,3591.2134
1784439180000,0.17347,0.17443,0.17268,0.1733,7486,12985.4206
1784439240000,0.17321,0.17486,0.17196,0.17441,14969,25973.2864
1784439300000,0.17441,0.17472,0.17372,0.17385,3752,6530.7144
1784439360000,0.17372,0.17372,0.17258,0.1727,1569,2719.5788
1784439420000,0.17281,0.17301,0.17232,0.17301,1131,1952.1937
1784439480000,0.17296,0.17296,0.17235,0.17235,663,1143.7106
1784439540000,0.17251,0.17299,0.17251,0.17286,488,842.6634
1784439600000,0.17289,0.1731,0.1728,0.1729,243,420.2298
1784439660000,0.17299,0.17356,0.17299,0.17338,643,1115.0022
1784439720000,0.1734,0.1734,0.1728,0.1728,131,226.7417
1784439780000,0.17259,0.17313,0.17259,0.17311,273,471.7979
1784439840000,0.173,0.17303,0.17269,0.17279,99,171.1968
1784439900000,0.17287,0.17297,0.17269,0.17297,82,141.7086
1784439960000,0.17279,0.17284,0.17279,0.17281,236,407.8489
1784440020000,0.17283,0.17294,0.17237,0.17263,1758,3035.2552
1784440080000,0.17267,0.17324,0.17258,0.17324,152,262.8341
1784440140000,0.17315,0.17324,0.17301,0.17303,224,387.7094
1784440200000,0.17312,0.17371,0.17312,0.17345,528,916.1287
1784440260000,0.17337,0.17344,0.17307,0.17326,1410,2442.6362
1784440320000,0.17335,0.17481,0.17335,0.17401,2022,3519.8036
1784440380000,0.17393,0.17393,0.17365,0.17377,466,809.8628
1784440440000,0.17388,0.17438,0.17387,0.17434,130,226.3898
1784440500000,0.17418,0.17418,0.17361,0.1739,561,975.9265
1784440560000,0.17382,0.17442,0.17374,0.17442,593,1031.6292
1784440620000,0.17446,0.17448,0.17415,0.17448,585,1020.031
1784440680000,0.17444,0.17507,0.17422,0.1748,482,842.0252
1784440740000,0.17484,0.17496,0.17451,0.17474,440,769.1193
1784440800000,0.17475,0.17496,0.17442,0.17442,475,829.488
1784440860000,0.17484,0.17511,0.17484,0.17485,283,495.2746
1784440920000,0.17491,0.17518,0.17464,0.17477,1518,2654.8767
1784440980000,0.17477,0.17506,0.17477,0.17495,1031,1803.1828
1784441040000,0.175,0.17522,0.17456,0.17502,584,1021.4724
1784441100000,0.17487,0.17497,0.17453,0.17454,525,917.5495
1784441160000,0.17434,0.17448,0.17411,0.17411,247,430.5737
1784441220000,0.17419,0.17477,0.17404,0.17466,450,784.8503
1784441280000,0.17465,0.1748,0.17427,0.17453,569,993.101
1784441340000,0.17448,0.17458,0.17347,0.17426,2078,3620.2401
1784441400000,0.17416,0.17417,0.17368,0.17368,116,201.8276
1784441460000,0.17405,0.17407,0.17369,0.17402,60,104.3974
1784441520000,0.17429,0.1743,0.17415,0.17419,218,379.8321
1784441580000,0.17413,0.17418,0.17413,0.17416,81,141.0688
1784441640000,0.17369,0.17418,0.17369,0.17418,388,675.0994
1784441700000,0.17382,0.17388,0.17344,0.17371,1303,2261.3067
1784441760000,0.17387,0.17396,0.17357,0.17357,250,434.6573
1784441820000,0.1736,0.17368,0.17316,0.17339,815,1414.0979
1784441880000,0.17323,0.17371,0.17323,0.17371,77,133.6724
1784441940000,0.17355,0.17367,0.17339,0.17367,168,291.527
1784442000000,0.17376,0.17431,0.17376,0.174,1305,2272.564
1784442060000,0.17405,0.17405,0.17361,0.17361,93,161.6034
1784442120000,0.17381,0.17411,0.1737,0.17408,120,208.7467
1784442180000,0.17419,0.17447,0.17419,0.17429,249,434.0375
1784442240000,0.17439,0.17441,0.17411,0.17411,67,116.7914
1784442300000,0.17422,0.17476,0.17422,0.17476,280,488.3981
1784442360000,0.17456,0.17473,0.17455,0.17473,230,401.5688
1784442420000,0.17484,0.17508,0.17475,0.17508,896,1567.8633
1784442480000,0.17509,0.17514,0.17494,0.17505,254,444.7177
1784442540000,0.17497,0.17527,0.17497,0.17527,356,623.2435
1784442600000,0.17531,0.17541,0.17494,0.17494,1096,1920.7195
1784442660000,0.17494,0.17504,0.17477,0.1749,656,1147.4008
1784442720000,0.1749,0.17538,0.1749,0.17494,695,1216.5914
1784442780000,0.17488,0.1749,0.17404,0.17408,853,1489.1385
1784442840000,0.17424,0.17433,0.1741,0.17414,277,482.5558
1784442900000,0.17428,0.17452,0.17428,0.17444,77,134.3042
1784442960000,0.17443,0.17506,0.17439,0.175,159,277.8459
1784443020000,0.175,0.17536,0.17451,0.1749,2688,4708.302
1784443080000,0.17514,0.17535,0.17514,0.17516,115,201.4706
1784443140000,0.17502,0.17516,0.17499,0.17514,155,271.3593
1784443200000,0.1751,0.17524,0.17499,0.17515,159,278.446
1784443260000,0.17491,0.17574,0.17453,0.17574,1113,1946.8133
1784443320000,0.1756,0.1757,0.17529,0.17534,806,1414.5252
1784443380000,0.17515,0.17515,0.17488,0.17488,177,309.83
1784443440000,0.17485,0.17524,0.17484,0.17524,185,323.7929
1784443500000,0.17495,0.17513,0.17488,0.1749,300,524.9942
1784443560000,0.17504,0.17504,0.17437,0.17437,301,525.6698
1784443620000,0.17443,0.17488,0.17443,0.17469,923,1612.7767
1784443680000,0.17479,0.17479,0.17434,0.17451,513,894.9993
1784443740000,0.1744,0.17484,0.1744,0.17484,199,347.5155
1784443800000,0.17473,0.17521,0.17473,0.17491,209,365.8028
1784443860000,0.17512,0.17517,0.17502,0.17517,127,222.3911
1784443920000,0.17537,0.17604,0.17537,0.17603,1014,1781.5398
1784443980000,0.176,0.17603,0.17576,0.17603,633,1113.2699
1784444040000,0.17597,0.17597,0.17531,0.17542,2847,4995.0256
1784444100000,0.17541,0.17575,0.17537,0.17551,916,1608.6358
1784444160000,0.1755,0.1755,0.17515,0.17515,690,1209.9072
1784444220000,0.17497,0.17524,0.17497,0.17514,106,185.6459
1784444280000,0.17508,0.17519,0.17492,0.17499,399,698.2496
1784444340000,0.1751,0.17544,0.17509,0.17544,101,177.0218
1784444400000,0.17525,0.17531,0.175,0.17516,248,434.2654
1784444460000,0.17469,0.17488,0.17443,0.17452,799,1395.2769
1784444520000,0.17453,0.1747,0.17424,0.17439,610,1064.4729
1784444580000,0.17456,0.17503,0.17442,0.17477,386,674.0033
1784444640000,0.17489,0.1751,0.17479,0.17497,226,395.4497
1784444700000,0.17507,0.17511,0.17483,0.17483,142,248.47
1784444760000,0.17482,0.175,0.17482,0.17491,98,171.4208
1784444820000,0.17498,0.17498,0.17466,0.17466,64,111.8722
1784444880000,0.1747,0.17474,0.17416,0.17416,422,736.791
1784444940000,0.17424,0.17424,0.17348,0.17397,1429,2482.9877
1784445000000,0.17397,0.17397,0.17336,0.17347,203,352.4656
1784445060000,0.17343,0.17356,0.17306,0.17328,296,513.2585
1784445120000,0.17338,0.17369,0.17332,0.17353,441,764.9969
1784445180000,0.17378,0.17378,0.17355,0.17356,201,349.02
1784445240000,0.17352,0.17387,0.17347,0.17387,279,484.2632
1784445300000,0.17372,0.17376,0.17362,0.17362,75,130.293
1784445360000,0.17385,0.1739,0.17363,0.17378,50,86.9127
1784445420000,0.17374,0.17385,0.17374,0.17378,616,1070.5017
1784445480000,0.17356,0.17373,0.1734,0.17341,205,355.7328
1784445540000,0.17327,0.17349,0.17298,0.17346,1320,2286.2097
1784445600000,0.17355,0.1736,0.17325,0.17325,201,348.5921
1784445660000,0.17291,0.17316,0.17271,0.17311,1480,2558.8824
1784445720000,0.17277,0.1729,0.1725,0.17265,116,200.3297
1784445780000,0.17282,0.17282,0.1725,0.17264,210,362.5634
1784445840000,0.17236,0.17259,0.17193,0.1723,1255,2161.435
1784445900000,0.17238,0.17247,0.17205,0.17244,367,632.614
1784445960000,0.17222,0.1728,0.17201,0.17275,865,1491.0315
1784446020000,0.17258,0.17278,0.17244,0.17268,446,769.7561
1784446080000,0.17254,0.17289,0.17254,0.17287,337,582.0991
1784446140000,0.17297,0.17335,0.17297,0.17314,865,1498.5937
1784446200000,0.17312,0.17322,0.1724,0.1727,2697,4656.9132
1784446260000,0.17283,0.17309,0.17283,0.17306,2447,4231.7486
1784446320000,0.17307,0.17335,0.17307,0.17314,456,789.6339
1784446380000,0.1732,0.17329,0.17309,0.17323,571,989.0696
1784446440000,0.17304,0.17353,0.17304,0.17348,711,1233.1854
1784446500000,0.17329,0.17375,0.17329,0.17337,417,723.8245
1784446560000,0.17333,0.17375,0.17332,0.17336,590,1023.9458
1784446620000,0.17325,0.17348,0.17321,0.17325,681,1180.2897
1784446680000,0.17334,0.17335,0.17313,0.1733,257,445.4634
1784446740000,0.17339,0.17339,0.17325,0.17325,181,313.7505
1784446800000,0.17314,0.17323,0.17301,0.17323,284,491.7076
1784446860000,0.17327,0.17347,0.17327,0.17347,116,201.0721
1784446920000,0.17336,0.17343,0.17296,0.17343,356,616.6114
1784446980000,0.17333,0.17338,0.17318,0.17338,120,208.0052
1784447040000,0.1734,0.17358,0.1734,0.17353,114,197.7976
1784447100000,0.17351,0.17352,0.17304,0.17304,738,1278.7581
1784447160000,0.17293,0.17351,0.17285,0.17351,618,1068.8562
1784447220000,0.17338,0.17352,0.17326,0.17346,141,244.548
1784447280000,0.17323,0.17332,0.1729,0.17301,264,456.784
1784447340000,0.17312,0.17314,0.17295,0.17308,157,271.6732
1784447400000,0.17319,0.17319,0.17295,0.17298,75,129.8077
1784447460000,0.17276,0.1729,0.1725,0.1729,300,518.3974
1784447520000,0.17273,0.17313,0.17248,0.17313,1011,1745.8032
1784447580000,0.17305,0.17346,0.17303,0.17346,231,399.9569
1784447640000,0.17343,0.17348,0.17335,0.17342,172,298.2757
1784447700000,0.17327,0.17327,0.17327,0.17327,23,39.8521
1784465760000,0.17124,0.17145,0.17108,0.17126,386,661.2359
1784465820000,0.17147,0.17179,0.17147,0.17161,175,300.2679
1784465880000,0.17167,0.1718,0.1716,0.17163,302,518.4691
1784465940000,0.17169,0.17178,0.17153,0.17178,398,683.0496
1784466000000,0.17173,0.17194,0.17127,0.17127,363,622.2854
1784466060000,0.17112,0.17112,0.17023,0.17025,798,1359.7033
1784466120000,0.17026,0.17087,0.17024,0.17059,352,600.0304
1784466180000,0.1708,0.1708,0.16982,0.16982,654,1113.7292
1784466240000,0.16973,0.17011,0.16973,0.17011,427,725.4134
1784466300000,0.17027,0.17054,0.17027,0.17052,458,780.3381
1784466360000,0.17035,0.17035,0.16986,0.17014,596,1013.5864
1784466420000,0.17006,0.17006,0.16956,0.16956,360,611.7003
1784466480000,0.16968,0.16995,0.16968,0.16986,81,137.5605
1784466540000,0.16995,0.17036,0.16982,0.17034,493,838.4036
1784466600000,0.17046,0.17075,0.17038,0.17063,507,864.5314
1784466660000,0.17072,0.17072,0.17042,0.17059,501,854.3988
1784466720000,0.17056,0.17056,0.1702,0.1703,187,318.5469
1784466780000,0.17019,0.17019,0.16992,0.17008,128,217.6688
1784466840000,0.17008,0.17026,0.16995,0.17025,119,202.3678
1784466900000,0.17031,0.17031,0.1698,0.16986,141,239.7082
1784466960000,0.16979,0.16999,0.16979,0.16988,90,152.8944
1784467020000,0.16985,0.17067,0.16985,0.17041,383,652.2539
1784467080000,0.17051,0.17072,0.17048,0.17048,376,641.5904
1784467140000,0.1707,0.1707,0.17058,0.17058,87,148.4592
1784467200000,0.17069,0.17148,0.17069,0.17141,309,529.5442
1784467260000,0.17123,0.17123,0.17078,0.171,84,143.541
1784467320000,0.17125,0.1713,0.17062,0.17097,6669,11386.7715
1784467380000,0.17086,0.17107,0.17045,0.17075,3999,6827.9109
1784467440000,0.17076,0.17076,0.17048,0.17051,286,487.7703
1784467500000,0.17029,0.17088,0.17002,0.17061,658,1122.136
1784467560000,0.1708,0.17086,0.17077,0.17083,65,111.0287
1784467620000,0.1712,0.1712,0.17106,0.17106,186,318.2108
1784467680000,0.17089,0.17092,0.17075,0.17079,137,234.019
1784467740000,0.17073,0.17073,0.17061,0.17068,57,97.2788
1784467800000,0.17072,0.17072,0.17049,0.17068,85,145.0266
1784467860000,0.17088,0.17088,0.17088,0.17088,1,1.7088
1784467920000,0.17077,0.17159,0.17073,0.17159,440,753.0853
1784467980000,0.17149,0.17158,0.17133,0.17133,27,46.2891
1784468040000,0.17145,0.17174,0.17145,0.17145,288,494.1205
1784468100000,0.17139,0.17148,0.17139,0.17148,333,570.8294
1784468160000,0.17161,0.17161,0.17141,0.17153,141,241.8453
1784468220000,0.17155,0.17164,0.17146,0.1715,230,394.669
1784468280000,0.17149,0.17149,0.17121,0.17126,92,157.666
1784468340000,0.17104,0.17104,0.17049,0.17059,1584,2703.2303
1784468400000,0.17063,0.17067,0.1702,0.17031,908,1547.4863
1784468460000,0.17035,0.1706,0.17035,0.17039,299,509.6512
1784468520000,0.17063,0.17093,0.17049,0.17093,324,553.0575
1784468580000,0.1708,0.1708,0.17051,0.17051,178,303.6169
1784468640000,0.17061,0.17077,0.17046,0.17046,122,208.0329
1784468700000,0.17054,0.17075,0.17049,0.17075,86,146.7485
1784468760000,0.17069,0.17082,0.17069,0.17082,182,310.6832
1784468820000,0.17088,0.171,0.17088,0.17098,285,487.2476
1784468880000,0.17103,0.17103,0.17084,0.17086,117,199.9522
1784468940000,0.1707,0.1707,0.17058,0.17058,59,100.6881
1784469000000,0.17051,0.1709,0.17051,0.1709,578,986.893
1784469060000,0.17081,0.17103,0.1707,0.17072,280,478.64
1784469120000,0.17085,0.17085,0.17061,0.17068,142,242.4739
1784469180000,0.1706,0.17065,0.17025,0.17039,281,478.6678
1784469240000,0.17025,0.17051,0.17001,0.17004,524,891.4289
1784469300000,0.16998,0.17006,0.16948,0.16977,2404,4078.3676
1784469360000,0.16969,0.1697,0.16922,0.16936,509,863.1023
1784469420000,0.16933,0.16965,0.16873,0.16962,696,1176.3511
1784469480000,0.16947,0.16951,0.16857,0.16911,1460,2464.9315
1784469540000,0.16911,0.16956,0.16903,0.16905,194,328.4208
1784469600000,0.16931,0.16953,0.16925,0.16929,485,821.5128
1784469660000,0.16933,0.16964,0.16925,0.16964,963,1631.7473
1784469720000,0.1698,0.17021,0.16977,0.17021,130,220.9011
1784469780000,0.17023,0.17042,0.17021,0.17022,359,611.5523
1784469840000,0.17015,0.17028,0.16985,0.17028,76,129.1733
1784469900000,0.17026,0.17039,0.17016,0.17016,311,529.5372
1784469960000,0.17034,0.17034,0.17,0.17011,181,307.9893
1784470020000,0.17002,0.17006,0.16996,0.16996,53,90.1072
1784470080000,0.17009,0.17028,0.17008,0.17028,164,279.103
1784470140000,0.17028,0.17067,0.17028,0.17057,125,213.0637
1784470200000,0.17054,0.17237,0.17054,0.17159,876,1505.3576
1784470260000,0.17166,0.17199,0.17164,0.17174,197,338.3306
1784470320000,0.17172,0.17192,0.17138,0.17159,473,811.0349
1784470380000,0.17156,0.17172,0.17153,0.17168,387,664.0417
1784470440000,0.17179,0.17188,0.17155,0.17188,114,195.7271
1784470500000,0.17201,0.17237,0.17131,0.17131,1111,1906.7185
1784470560000,0.17121,0.17125,0.17099,0.17099,172,294.4195
1784470620000,0.17105,0.17105,0.17015,0.17032,1188,2023.5072
1784470680000,0.17032,0.17072,0.17032,0.17037,304,518.5958
1784470740000,0.1706,0.1706,0.17044,0.17045,62,105.7191
1784470800000,0.17055,0.17055,0.16999,0.16999,236,401.9136
1784470860000,0.16993,0.17006,0.16986,0.16986,81,137.684
1784470920000,0.16983,0.16986,0.16983,0.16986,78,132.4734
1784470980000,0.16943,0.16966,0.16929,0.16966,250,423.5384
1784471040000,0.16966,0.16984,0.1694,0.16974,175,296.8316
1784471100000,0.16959,0.16962,0.16941,0.16941,529,896.86
1784471160000,0.16954,0.16955,0.15306,0.15945,112083,177931.2576
1784471220000,0.1597,0.1617,0.15823,0.16107,29249,46923.8536
1784471280000,0.16118,0.16172,0.15993,0.16165,7863,12668.1291
1784471340000,0.16141,0.16236,0.16122,0.162,7834,12678.257
1784471400000,0.16168,0.16214,0.16115,0.16126,11525,18618.3661
1784471460000,0.16126,0.16232,0.15941,0.16077,3776,6084.0671
1784471520000,0.16076,0.16119,0.15962,0.16073,3685,5916.9736
1784471580000,0.16056,0.16086,0.16028,0.16028,3408,5475.7821
1784471640000,0.16057,0.16123,0.16018,0.16106,6147,9892.6891
1784471700000,0.16094,0.16114,0.16055,0.16113,2223,3579.2447
1784471760000,0.16101,0.16101,0.15886,0.16027,22292,35672.7196
1784471820000,0.16027,0.16073,0.16002,0.16063,2039,3268.6696
1784471880000,0.16049,0.16092,0.16033,0.1609,12409,19908.9724
1784471940000,0.16103,0.16126,0.16085,0.16126,2186,3519.1523
1784472000000,0.16118,0.16131,0.16053,0.16102,1876,3019.8751
1784472060000,0.16118,0.16153,0.16075,0.16124,3488,5621.3928
1784472120000,0.16131,0.16157,0.16102,0.16152,1744,2811.8978
1784472180000,0.16138,0.16161,0.16015,0.1616,5890,9469.1798
1784472240000,0.16146,0.16231,0.16138,0.16197,1223,1980.4692
1784472300000,0.16164,0.1617,0.16124,0.16127,629,1015.5154
1784472360000,0.16123,0.16133,0.16098,0.16133,403,649.1127
1784472420000,0.16149,0.16199,0.16149,0.1618,52,84.1413
1784472480000,0.162,0.162,0.16154,0.16199,407,657.8535
1784472540000,0.16194,0.16225,0.16163,0.16167,1122,1818.8443
1784472600000,0.1615,0.1615,0.1606,0.16071,737,1186.2009
1784472660000,0.16052,0.16138,0.16052,0.16122,1769,2843.9474
1784472720000,0.16096,0.16174,0.16036,0.16054,6984,11220.9068
1784472780000,0.16054,0.16066,0.16028,0.16049,1399,2244.3526
1784472840000,0.16093,0.1613,0.16022,0.1613,1019,1635.2948
1784472900000,0.16155,0.16155,0.16098,0.16098,98,157.9878
1784472960000,0.16119,0.16171,0.16098,0.16098,659,1061.6069
1784473020000,0.16081,0.16093,0.16,0.16062,890,1430.2878
1784473080000,0.16052,0.16052,0.16002,0.16015,1349,2162.4093
1784473140000,0.16023,0.16072,0.15958,0.16044,12700,20323.951
1784473200000,0.16049,0.16076,0.15969,0.16,1197,1916.1199
1784473260000,0.16005,0.16014,0.15952,0.16011,606,969.1602
1784473320000,0.16024,0.16067,0.16007,0.16067,1059,1697.7342
1784473380000,0.16044,0.16099,0.16031,0.16062,481,772.6102
1784473440000,0.16047,0.16086,0.16023,0.16027,10923,17545.1043
1784473500000,0.16024,0.16024,0.15644,0.15899,11005,17388.0289
1784473560000,0.15894,0.1592,0.15846,0.159,576,915.4353
1784473620000,0.15899,0.15929,0.15882,0.15914,310,493.0275
1784473680000,0.15915,0.15922,0.15888,0.15922,462,734.911
1784473740000,0.1592,0.15939,0.15914,0.15922,317,504.9002
1784473800000,0.15927,0.15969,0.15918,0.15932,1294,2062.0443
1784473860000,0.15951,0.16,0.15947,0.15987,509,812.2492
1784473920000,0.15995,0.16006,0.15973,0.15992,663,1060.2495
1784473980000,0.15997,0.15997,0.1595,0.1599,560,895.317
1784474040000,0.15983,0.16035,0.15964,0.16035,760,1217.0913
1784474100000,0.16024,0.16049,0.1601,0.16038,366,586.4243
1784474160000,0.16041,0.16041,0.16017,0.16033,186,298.122
1784474220000,0.16041,0.16041,0.15969,0.15969,164,262.5615
1784474280000,0.15969,0.15969,0.15929,0.15941,3772,6012.7797
1784474340000,0.15929,0.16019,0.15929,0.15996,1221,1952.3667
1784474400000,0.16001,0.1605,0.16001,0.16047,3013,4834.889
1784474460000,0.16037,0.16045,0.15986,0.15989,538,861.3346
1784474520000,0.16019,0.16033,0.1601,0.1601,255,408.7571
1784474580000,0.16008,0.16055,0.16,0.16045,4429,7106.4259
1784474640000,0.16037,0.1605,0.16033,0.16039,314,503.8163
1784474700000,0.16039,0.16085,0.16039,0.16069,225,361.4139
1784474760000,0.16066,0.16109,0.16062,0.16109,172,276.6492
1784474820000,0.16085,0.16125,0.16077,0.16112,445,716.3916
1784474880000,0.16093,0.16109,0.16041,0.16058,2486,3992.721
1784474940000,0.16057,0.16057,0.16038,0.16038,135,216.5966
1784475000000,0.16039,0.16054,0.16008,0.16019,434,695.8814
1784475060000,0.16037,0.16052,0.16009,0.16013,1349,2160.2985
1784475120000,0.16014,0.16014,0.15918,0.15928,1672,2666.057
1784475180000,0.15928,0.15989,0.15928,0.15974,617,985.2529
1784475240000,0.1595,0.1599,0.15948,0.1599,126,201.1154
1784475300000,0.15969,0.16019,0.15969,0.16019,233,372.6292
1784475360000,0.16023,0.16035,0.16005,0.16005,77,123.3513
1784475420000,0.16009,0.16077,0.16009,0.16056,5288,8491.9561
1784475480000,0.16043,0.16073,0.16036,0.16054,173,277.7334
1784475540000,0.16046,0.1605,0.16046,0.1605,53,85.0471
1784475600000,0.16031,0.16031,0.16013,0.16022,264,422.997
1784475660000,0.16022,0.16044,0.16009,0.16044,189,302.8102
1784475720000,0.16039,0.16083,0.16035,0.16035,1945,3122.6522
1784475780000,0.16034,0.16042,0.16004,0.16004,223,357.2999
1784475840000,0.15992,0.16039,0.1598,0.16018,274,438.8392
1784475900000,0.1601,0.16018,0.16009,0.16015,139,222.5891
1784475960000,0.16023,0.16045,0.16002,0.16006,601,963.391
1784476020000,0.15996,0.15996,0.15858,0.15936,3661,5833.1819
1784476080000,0.15942,0.15999,0.1594,0.15987,345,550.5544
1784476140000,0.15987,0.16032,0.15986,0.16031,2281,3654.0035
1784476200000,0.16007,0.16014,0.15964,0.15975,121,193.4433
1784476260000,0.1597,0.16029,0.15943,0.15979,2597,4150.17
1784476320000,0.15971,0.16005,0.15968,0.15983,1655,2645.9516
1784476380000,0.15994,0.16026,0.15994,0.1601,147,235.4384
1784476440000,0.16008,0.16047,0.16006,0.16047,337,540.0927
1784476500000,0.16011,0.16021,0.16011,0.16011,80,128.114
1784476560000,0.16009,0.16014,0.16007,0.16014,90,144.1036
1784476620000,0.16017,0.16026,0.16017,0.16017,86,137.7661
1784476680000,0.16011,0.16039,0.15958,0.15963,632,1011.9654
1784476740000,0.15968,0.16001,0.15843,0.15967,1490,2369.6563
1784476800000,0.1596,0.16141,0.1596,0.16098,7253,11667.6771
1784476860000,0.16106,0.1611,0.16023,0.16024,592,949.8514
1784476920000,0.16044,0.16112,0.1604,0.16088,1863,2995.3085
1784476980000,0.16115,0.16177,0.16095,0.16164,3249,5241.9756
1784477040000,0.16169,0.16238,0.16163,0.16177,814,1318.2716
1784477100000,0.16172,0.1628,0.16162,0.16265,1507,2444.8807
1784477160000,0.16265,0.16265,0.16127,0.16127,1029,1667.0046
1784477220000,0.16136,0.16177,0.16125,0.16151,211,341.0185
1784477280000,0.16166,0.1618,0.16139,0.16165,163,263.4168
1784477340000,0.1618,0.16299,0.1618,0.16276,634,1030.1628
1784477400000,0.16243,0.1628,0.16243,0.16259,185,300.8652
1784477460000,0.16259,0.16288,0.1625,0.1627,105,170.7934
1784477520000,0.1628,0.16289,0.16238,0.16283,129,209.8198
1784477580000,0.16271,0.16271,0.16171,0.16193,1576,2553.1155
1784477640000,0.16205,0.16241,0.16204,0.16219,1543,2501.997
1784477700000,0.1621,0.16219,0.16124,0.16173,353,570.9186
1784495760000,0.15382,0.15424,0.15382,0.1541,354,544.8641
1784495820000,0.15417,0.1543,0.15409,0.15429,156,240.576
1784495880000,0.1543,0.15484,0.1543,0.15479,444,686.2171
1784495940000,0.15464,0.15488,0.15458,0.15461,357,552.3434
1784496000000,0.15474,0.15489,0.15474,0.15489,156,241.5219
1784496060000,0.15462,0.15462,0.15395,0.15395,236,363.8684
1784496120000,0.15385,0.15416,0.15385,0.15402,603,928.6831
1784496180000,0.15384,0.15446,0.15384,0.15446,526,811.603
1784496240000,0.15443,0.15457,0.15415,0.15415,143,220.7806
1784496300000,0.15417,0.15434,0.15414,0.15434,209,322.3383
1784496360000,0.15434,0.15437,0.15426,0.15437,171,263.8734
1784496420000,0.15436,0.15441,0.15419,0.15441,237,365.7778
1784496480000,0.15437,0.15437,0.15432,0.15432,107,165.1501
1784496540000,0.15438,0.15439,0.15427,0.15439,157,242.33
1784496600000,0.15412,0.15412,0.1527,0.15297,896,1373.5148
1784496660000,0.15322,0.15335,0.15305,0.15312,535,819.8117
1784496720000,0.15312,0.15328,0.15301,0.15301,381,583.3381
1784496780000,0.153,0.1533,0.153,0.15313,129,197.5484
1784496840000,0.15312,0.15353,0.15309,0.15351,241,369.4138
1784496900000,0.15357,0.15357,0.1532,0.15331,311,476.7328
1784496960000,0.15307,0.15307,0.15265,0.15281,192,293.421
1784497020000,0.1531,0.15313,0.15265,0.15265,214,327.2634
1784497080000,0.15276,0.15321,0.15276,0.15291,194,296.9987
1784497140000,0.15317,0.15317,0.15295,0.15297,188,287.7647
1784497200000,0.15288,0.15288,0.15137,0.15222,1178,1792.8406
1784497260000,0.15228,0.15282,0.15221,0.1523,577,878.9747
1784497320000,0.15213,0.15232,0.1521,0.15223,192,292.2593
1784497380000,0.15241,0.15241,0.15206,0.15206,356,542.0608
1784497440000,0.15201,0.15201,0.15165,0.15186,164,248.9608
1784497500000,0.15189,0.15204,0.15178,0.15192,179,271.9113
1784497560000,0.15184,0.15189,0.15171,0.15177,225,341.6109
1784497620000,0.1518,0.15185,0.15119,0.15185,333,504.9349
1784497680000,0.15178,0.15195,0.15178,0.15195,529,803.4854
1784497740000,0.15202,0.15258,0.15199,0.15251,414,631.0747
1784497800000,0.15233,0.15251,0.15161,0.15165,193,293.3522
1784497860000,0.15156,0.15156,0.15018,0.15069,523,787.4504
1784497920000,0.15065,0.15104,0.15065,0.15103,111,167.5247
1784497980000,0.15074,0.15076,0.15056,0.15056,680,1024.8113
1784498040000,0.15044,0.15062,0.15038,0.15054,453,682.0842
1784498100000,0.1501,0.15065,0.14899,0.15049,2980,4455.0348
1784498160000,0.15038,0.15055,0.1502,0.15054,765,1150.7639
1784498220000,0.15051,0.15051,0.15027,0.15045,144,216.5474
1784498280000,0.15039,0.15059,0.15026,0.15026,230,345.9132
1784498340000,0.15036,0.15075,0.1503,0.15041,1493,2246.4629
1784498400000,0.15071,0.1508,0.15051,0.15074,687,1035.5636
1784498460000,0.15084,0.15092,0.15067,0.15082,354,533.8707
1784498520000,0.15093,0.15152,0.15093,0.15112,224,338.7217
1784498580000,0.15119,0.15119,0.15026,0.15056,476,717.7593
1784498640000,0.15064,0.15069,0.15017,0.15061,1457,2191.2189
1784498700000,0.15062,0.15063,0.1495,0.15054,770,1157.164
1784498760000,0.15062,0.15066,0.15047,0.15049,132,198.7849
1784498820000,0.15055,0.15095,0.15055,0.15078,232,349.3576
1784498880000,0.15093,0.15145,0.15093,0.15136,124,187.4197
1784498940000,0.15145,0.1515,0.15145,0.1515,137,207.545
1784499000000,0.15145,0.15157,0.15111,0.15111,84,127.1576
1784499060000,0.15148,0.1515,0.15133,0.15134,997,1508.9565
1784499120000,0.15114,0.15163,0.15097,0.15163,3602,5442.7219
1784499180000,0.1518,0.15192,0.15166,0.15189,526,798.5262
1784499240000,0.15207,0.1522,0.152,0.15214,495,752.9704
1784499300000,0.15218,0.15275,0.15206,0.15239,785,1196.8524
1784499360000,0.15254,0.15262,0.15209,0.15209,351,534.496
1784499420000,0.1522,0.1522,0.15177,0.15198,254,385.9634
1784499480000,0.1521,0.1521,0.15156,0.15183,383,581.4694
1784499540000,0.15187,0.15379,0.15187,0.15278,3803,5818.8637
1784499600000,0.15278,0.15279,0.15256,0.15256,2851,4355.0623
1784499660000,0.1526,0.15303,0.15259,0.15292,394,601.7185
1784499720000,0.15267,0.15291,0.1526,0.15291,343,524.0191
1784499780000,0.15301,0.15314,0.15285,0.15294,421,644.2186
1784499840000,0.15294,0.15297,0.15289,0.15291,89,136.1111
1784499900000,0.15289,0.15289,0.15181,0.15181,209,318.2187
1784499960000,0.15173,0.15185,0.15159,0.15183,229,347.5317
1784500020000,0.15165,0.15165,0.15121,0.15154,746,1129.5391
1784500080000,0.15135,0.15153,0.15135,0.15141,467,707.1198
1784500140000,0.15161,0.15168,0.15124,0.15149,638,966.8427
1784500200000,0.1515,0.15166,0.15099,0.15099,347,524.3135
1784500260000,0.15103,0.15104,0.15066,0.15076,424,639.9371
1784500320000,0.15074,0.15079,0.15043,0.15079,88,132.557
1784500380000,0.15085,0.15097,0.15084,0.15084,236,356.1023
1784500440000,0.15087,0.15087,0.15066,0.1507,28,42.1946
1784500500000,0.15105,0.15123,0.15101,0.15101,113,170.7701
1784500560000,0.15097,0.15125,0.15063,0.15125,492,742.7405
1784500620000,0.15125,0.15129,0.15083,0.15102,85,128.3039
1784500680000,0.15087,0.15108,0.15084,0.15108,113,170.5679
1784500740000,0.15108,0.15147,0.15108,0.15147,109,164.99
1784500800000,0.15161,0.15186,0.15153,0.15179,191,289.6481
1784500860000,0.15183,0.15216,0.15153,0.15216,326,494.7262
1784500920000,0.15197,0.15197,0.15141,0.15156,214,324.5024
1784500980000,0.15154,0.15169,0.15139,0.15169,86,130.3029
1784501040000,0.15167,0.15194,0.15165,0.15177,333,505.5075
1784501100000,0.15173,0.15173,0.15119,0.15119,264,400.087
1784501160000,0.15147,0.15147,0.15093,0.15125,1094,1653.6787
1784501220000,0.15118,0.15122,0.15118,0.15122,38,57.4564
1784501280000,0.15113,0.15153,0.15111,0.15133,605,915.7579
1784501340000,0.15138,0.15224,0.15138,0.15196,395,599.5319
1784501400000,0.15204,0.15215,0.15184,0.15199,448,680.9239
1784501460000,0.15196,0.15215,0.15193,0.15214,91,138.4337
1784501520000,0.15204,0.15234,0.15204,0.15216,86,130.8624
1784501580000,0.15227,0.15232,0.15198,0.15211,1297,1972.3537
1784501640000,0.15224,0.1524,0.15203,0.15219,1568,2386.8958
1784501700000,0.15219,0.15238,0.15217,0.15225,55,83.7384
1784501760000,0.1522,0.15238,0.15215,0.15238,130,197.9301
1784501820000,0.1524,0.15263,0.15238,0.1525,334,509.3834
1784501880000,0.15232,0.15235,0.15187,0.1519,339,516.0874
1784501940000,0.15213,0.15242,0.15213,0.15242,64,97.4695
1784502000000,0.1524,0.1524,0.15194,0.15194,790,1201.435
1784502060000,0.15211,0.15211,0.15151,0.15187,835,1267.2801
1784502120000,0.15178,0.15221,0.15178,0.15221,45,68.3504
1784502180000,0.15184,0.15184,0.15097,0.15136,390,590.1017
1784502240000,0.1513,0.15168,0.1513,0.15168,232,351.4312
1784502300000,0.15176,0.15201,0.15166,0.15193,198,300.6224
1784502360000,0.15197,0.15199,0.15182,0.15184,348,528.713
1784502420000,0.15148,0.15152,0.15086,0.15086,383,578.6588
1784502480000,0.15103,0.15104,0.15096,0.15096,160,241.6056
1784502540000,0.15069,0.15069,0.14731,0.14941,13765,20482.0068
1784502600000,0.14955,0.15002,0.14939,0.15002,1758,2632.6532
1784502660000,0.14992,0.14992,0.14839,0.14921,1461,2174.6653
1784502720000,0.14924,0.14934,0.14904,0.14921,662,987.6506
1784502780000,0.14912,0.14939,0.14911,0.14935,884,1320.0591
1784502840000,0.14914,0.14918,0.14859,0.14894,455,677.7321
1784502900000,0.14886,0.14948,0.14886,0.14948,639,953.1937
1784502960000,0.14935,0.14975,0.14932,0.14963,1642,2456.7179
1784503020000,0.14963,0.15013,0.14963,0.15012,2734,4096.8295
1784503080000,0.15012,0.15018,0.14947,0.14947,969,1453.9839
1784503140000,0.14953,0.14973,0.14934,0.14952,507,757.3148
1784503200000,0.14952,0.15017,0.14952,0.15017,325,486.5438
1784503260000,0.14996,0.15024,0.14996,0.14998,120,180.126
1784503320000,0.14994,0.15014,0.14974,0.15014,767,1149.5036
1784503380000,0.15014,0.15014,0.14997,0.14998,145,217.5053
1784503440000,0.15009,0.15038,0.14999,0.15038,235,352.8985
1784503500000,0.15024,0.15049,0.15022,0.15048,452,679.7912
1784503560000,0.15049,0.15136,0.15049,0.15117,1739,2627.1518
1784503620000,0.15104,0.15111,0.15093,0.15102,292,440.9526
1784503680000,0.1512,0.15127,0.15112,0.15127,1121,1695.0874
1784503740000,0.15122,0.15133,0.15071,0.15133,1414,2136.4315
1784503800000,0.15127,0.15127,0.15104,0.15118,237,358.2291
1784503860000,0.1514,0.1514,0.15092,0.15101,242,365.8008
1784503920000,0.15102,0.15148,0.15102,0.15148,1046,1582.4559
1784503980000,0.15136,0.15147,0.1505,0.15051,890,1345.0031
1784504040000,0.15078,0.15105,0.15075,0.15075,641,967.014
1784504100000,0.15093,0.15093,0.15036,0.15047,292,440.1321
1784504160000,0.15047,0.15071,0.15042,0.15068,262,394.5779
1784504220000,0.15046,0.151,0.1504,0.15087,588,886.7155
1784504280000,0.151,0.15116,0.15082,0.15108,509,768.0598
1784504340000,0.15121,0.15121,0.15092,0.15116,404,610.2056
1784504400000,0.15103,0.15106,0.15098,0.151,298,449.9853
1784504460000,0.15106,0.15112,0.15098,0.151,661,998.4924
1784504520000,0.15077,0.15095,0.15073,0.15085,159,239.7489
1784504580000,0.15083,0.15083,0.15029,0.15033,2249,3384.6144
1784504640000,0.15029,0.15062,0.15,0.15036,985,1479.9827
1784504700000,0.15067,0.15073,0.15012,0.15041,460,692.4966
1784504760000,0.15055,0.15079,0.15047,0.15047,765,1152.3218
1784504820000,0.15031,0.15071,0.15022,0.15054,84,126.467
1784504880000,0.15005,0.15037,0.15005,0.15037,318,477.6096
1784504940000,0.15039,0.15078,0.15039,0.15078,748,1126.2716
1784505000000,0.15062,0.15062,0.15003,0.15027,184,276.426
1784505060000,0.15004,0.15011,0.1495,0.14959,230,344.6279
1784505120000,0.14976,0.15029,0.14965,0.15029,141,211.4112
1784505180000,0.15039,0.15039,0.1501,0.15023,226,339.497
1784505240000,0.15018,0.15035,0.15012,0.15032,453,680.5819
1784505300000,0.15007,0.15021,0.15007,0.15019,90,135.1444
1784505360000,0.15022,0.15114,0.15022,0.15095,3062,4612.1846
1784505420000,0.15089,0.15125,0.1508,0.15118,1065,1608.5518
1784505480000,0.15127,0.15127,0.15095,0.1511,201,303.5939
1784505540000,0.15118,0.15118,0.15031,0.15044,732,1102.8543
1784505600000,0.15043,0.15043,0.14941,0.14961,1843,2762.8394
1784505660000,0.14985,0.15037,0.14969,0.14977,411,616.3005
1784505720000,0.15003,0.1507,0.15003,0.1507,302,454.4589
1784505780000,0.15072,0.15072,0.15042,0.15054,250,376.2678
1784505840000,0.1505,0.15073,0.15028,0.15044,526,790.7427
1784505900000,0.15042,0.15074,0.15034,0.15074,386,580.5525
1784505960000,0.15066,0.15197,0.15065,0.15152,518,784.189
1784506020000,0.15108,0.15108,0.14976,0.15094,480,722.6001
1784506080000,0.15085,0.151,0.14893,0.14945,1181,1767.0078
1784506140000,0.14984,0.15042,0.14984,0.15028,321,482.0972
1784506200000,0.1504,0.15077,0.1504,0.15071,210,316.4549
1784506260000,0.15053,0.15091,0.15053,0.15084,315,474.4553
1784506320000,0.15094,0.15114,0.15071,0.15071,196,295.7351
1784506380000,0.15095,0.15095,0.1503,0.15081,82,123.4655
1784506440000,0.15064,0.15064,0.14993,0.15029,358,537.9481
1784506500000,0.15032,0.15185,0.15032,0.15109,843,1274.0211
1784506560000,0.15124,0.15178,0.15108,0.15178,271,410.1497
1784506620000,0.15152,0.1516,0.15135,0.15158,800,1211.51
1784506680000,0.15144,0.15157,0.15122,0.15122,301,455.4578
1784506740000,0.15114,0.15153,0.15114,0.1515,195,295.192
1784506800000,0.15122,0.15122,0.1509,0.1509,108,163.1694
1784506860000,0.15104,0.15104,0.15056,0.15083,411,620.0095
1784506920000,0.15065,0.15083,0.15061,0.15075,432,651.0845
1784506980000,0.15071,0.15091,0.15071,0.15091,82,123.6944
1784507040000,0.1512,0.15134,0.15112,0.15113,155,234.3733
1784507100000,0.1511,0.1511,0.15059,0.15059,307,463.1027
1784507160000,0.1507,0.15073,0.15035,0.15055,4931,7420.2199
1784507220000,0.15087,0.15155,0.15087,0.15126,700,1058.6188
1784507280000,0.15121,0.15171,0.15121,0.15141,192,291.0081
1784507340000,0.15153,0.15153,0.1513,0.1513,487,737.4186
1784507400000,0.15131,0.15131,0.15095,0.15095,544,822.7138
1784507460000,0.15076,0.15091,0.1505,0.1509,195,294.0842
1784507520000,0.15095,0.15111,0.15091,0.151,161,243.1037
1784507580000,0.151,0.15155,0.151,0.15155,298,451.09
1784507640000,0.15179,0.15188,0.1517,0.15181,324,491.9109
1784507700000,0.15185,0.15185,0.15185,0.15185,32,48.592
1784525760000,0.1486,0.15065,0.14859,0.15047,9848,14774.8517
1784525820000,0.15049,0.15049,0.14981,0.14992,2698,4050.2245
1784525880000,0.14998,0.15024,0.14985,0.14985,951,1427.1061
1784525940000,0.14999,0.15004,0.14982,0.14988,629,943.0625
1784526000000,0.14996,0.15026,0.14965,0.15,266,398.874
1784526060000,0.15022,0.15024,0.14992,0.15,759,1139.6101
1784526120000,0.15,0.15086,0.14996,0.15038,3991,6003.7427
1784526180000,0.15001,0.15001,0.1494,0.14958,1055,1580.6468
1784526240000,0.14946,0.14955,0.1494,0.14954,102,152.5034
1784526300000,0.14942,0.1499,0.14942,0.14987,580,867.776
1784526360000,0.14956,0.15002,0.14945,0.14988,3411,5113.1733
1784526420000,0.14986,0.1499,0.14959,0.14967,890,1332.7207
1784526480000,0.14962,0.14979,0.14962,0.14977,71,106.301
1784526540000,0.14973,0.14994,0.14936,0.14994,630,942.9579
1784526600000,0.14979,0.14995,0.14948,0.14995,380,568.823
1784526660000,0.1498,0.14981,0.14934,0.14936,212,317.3002
1784526720000,0.14926,0.14926,0.14896,0.14896,263,392.0252
1784526780000,0.1489,0.14925,0.1489,0.14913,224,333.878
1784526840000,0.1491,0.14948,0.1491,0.14917,987,1472.482
1784526900000,0.1491,0.15018,0.1491,0.15018,1442,2155.5013
1784526960000,0.15017,0.15034,0.15009,0.1502,212,318.4191
1784527020000,0.15024,0.15061,0.15002,0.15002,327,491.1854
1784527080000,0.15011,0.15037,0.14998,0.15025,178,267.3183
1784527140000,0.15009,0.15131,0.15004,0.15131,3120,4707.1016
1784527200000,0.15075,0.15132,0.15075,0.15127,180,271.8829
1784527260000,0.15143,0.1522,0.15082,0.15151,3178,4812.0578
1784527320000,0.15162,0.15184,0.15152,0.15173,508,770.6284
1784527380000,0.15155,0.15173,0.15105,0.1512,2163,3275.3292
1784527440000,0.15121,0.15121,0.15092,0.15092,388,586.3183
1784527500000,0.15106,0.15117,0.15078,0.15078,1047,1580.6445
1784527560000,0.15071,0.15093,0.15039,0.15089,403,607.8216
1784527620000,0.15095,0.15095,0.15048,0.15048,56,84.4051
1784527680000,0.15054,0.15054,0.1504,0.15053,110,165.5243
1784527740000,0.15047,0.15072,0.15047,0.15064,288,433.8621
1784527800000,0.15058,0.15058,0.15014,0.15019,1217,1828.2974
1784527860000,0.15007,0.15013,0.14957,0.14957,787,1181.0746
1784527920000,0.14956,0.1517,0.14956,0.15036,4590,6924.1256
1784527980000,0.15033,0.1504,0.14998,0.14998,216,324.2701
1784528040000,0.14998,0.15017,0.1499,0.15017,204,306.0777
1784528100000,0.15016,0.15048,0.14997,0.1502,454,682.0556
1784528160000,0.15025,0.1506,0.15025,0.15026,166,249.7119
1784528220000,0.15016,0.15016,0.14995,0.14995,157,235.6191
1784528280000,0.14992,0.15005,0.14963,0.15004,509,762.994
1784528340000,0.15016,0.15047,0.15012,0.15046,185,278.062
1784528400000,0.15038,0.15104,0.15035,0.15104,250,376.7844
1784528460000,0.15099,0.15102,0.15031,0.15041,130,195.6951
1784528520000,0.15018,0.15018,0.14983,0.14987,301,451.2894
1784528580000,0.15005,0.15023,0.14999,0.15013,140,210.1422
1784528640000,0.15003,0.15003,0.14977,0.14999,55,82.4525
1784528700000,0.14997,0.14997,0.14984,0.14993,561,840.8821
1784528760000,0.14986,0.15004,0.14986,0.15004,56,83.9728
1784528820000,0.1504,0.1504,0.15014,0.15014,81,121.7326
1784528880000,0.15001,0.15035,0.15001,0.15027,485,728.0867
1784528940000,0.15039,0.1506,0.14993,0.15012,2230,3348.6805
1784529000000,0.15043,0.15048,0.1503,0.15048,76,114.3094
1784529060000,0.15049,0.15068,0.15049,0.15068,184,277.2028
1784529120000,0.15058,0.15077,0.15047,0.15052,686,1033.7024
1784529180000,0.15059,0.15077,0.14997,0.15034,754,1134.4522
1784529240000,0.15003,0.15009,0.14996,0.15002,79,118.5218
1784529300000,0.15007,0.15007,0.14953,0.14953,263,394.2878
1784529360000,0.14965,0.14968,0.14824,0.14871,1614,2404.7835
1784529420000,0.14874,0.14884,0.14844,0.14863,315,468.2284
1784529480000,0.14874,0.14917,0.14857,0.14887,2275,3385.5043
1784529540000,0.14865,0.14881,0.14856,0.14875,847,1258.7655
1784529600000,0.14909,0.1492,0.14887,0.149,424,631.9942
1784529660000,0.1489,0.14904,0.14843,0.14843,297,441.4941
1784529720000,0.14858,0.14893,0.14855,0.1488,423,629.2495
1784529780000,0.14857,0.14869,0.14838,0.14863,1115,1657.03
1784529840000,0.14866,0.14866,0.14847,0.14847,107,158.9728
1784529900000,0.14839,0.1486,0.14834,0.1485,119,176.771
1784529960000,0.14839,0.1488,0.14836,0.1486,240,356.5163
1784530020000,0.14865,0.14893,0.14861,0.14861,509,757.2018
1784530080000,0.1485,0.14863,0.14796,0.14815,550,815.3263
1784530140000,0.1485,0.1485,0.1482,0.14836,141,209.098
1784530200000,0.14851,0.14882,0.14847,0.14877,225,334.3323
1784530260000,0.1488,0.14898,0.1488,0.14894,723,1076.5209
1784530320000,0.14888,0.14888,0.14873,0.14873,2,2.9761
1784530380000,0.14857,0.14857,0.14846,0.14846,26,38.6015
1784530440000,0.14846,0.14867,0.14846,0.14867,201,298.7726
1784530500000,0.14826,0.14841,0.148,0.14816,380,563.0634
1784530560000,0.14811,0.14821,0.14796,0.14821,192,284.1997
1784530620000,0.14813,0.14826,0.14778,0.1481,1385,2049.1833
1784530680000,0.14811,0.14811,0.14725,0.14786,1305,1927.7944
1784530740000,0.14783,0.14799,0.14775,0.14798,210,310.5125
1784530800000,0.14783,0.14842,0.14783,0.14826,1029,1526.2996
1784530860000,0.14815,0.14829,0.1481,0.14829,389,576.4737
1784530920000,0.14829,0.14832,0.14811,0.14811,220,326.0531
1784530980000,0.14809,0.14814,0.14789,0.14814,646,956.6314
1784531040000,0.14832,0.14869,0.14832,0.14864,281,417.519
1784531100000,0.14878,0.14915,0.14878,0.14887,2639,3932.6063
1784531160000,0.14887,0.14914,0.1488,0.14886,1110,1653.6906
1784531220000,0.14869,0.14928,0.14866,0.14928,160,238.2122
1784531280000,0.14889,0.14891,0.14838,0.14877,2321,3450.087
1784531340000,0.14881,0.14882,0.14875,0.14882,353,525.1638
1784531400000,0.14883,0.14883,0.14854,0.1486,174,258.725
1784531460000,0.14848,0.14848,0.14773,0.1482,433,640.4673
1784531520000,0.14797,0.14812,0.14797,0.14812,240,355.3486
1784531580000,0.1481,0.14844,0.1481,0.14844,303,449.3111
1784531640000,0.14833,0.14878,0.14833,0.14876,427,634.4803
1784531700000,0.14877,0.14911,0.14877,0.14901,999,1488.4152
1784531760000,0.14921,0.14921,0.14912,0.14915,113,168.5522
1784531820000,0.14897,0.14909,0.14879,0.14881,251,373.9023
1784531880000,0.14882,0.14893,0.14879,0.14893,227,337.9202
1784531940000,0.14895,0.14931,0.14895,0.14924,246,366.897
1784532000000,0.14915,0.14925,0.14879,0.14879,100,149.1059
1784532060000,0.14883,0.14923,0.14883,0.14917,187,278.6537
1784532120000,0.14907,0.14933,0.14895,0.1492,114,170.0508
1784532180000,0.14938,0.1494,0.14927,0.14938,229,342.0222
1784532240000,0.14926,0.14942,0.14913,0.14939,191,285.0752
1784532300000,0.14941,0.14967,0.14941,0.14947,2189,3274.3314
1784532360000,0.14953,0.14954,0.14922,0.14922,150,224.124
1784532420000,0.14917,0.14946,0.14917,0.14928,1086,1621.4278
1784532480000,0.14916,0.14939,0.14909,0.14919,327,488.141
1784532540000,0.14924,0.14942,0.14924,0.14942,179,267.334
1784532600000,0.1494,0.14964,0.14934,0.14947,709,1060.0042
1784532660000,0.14938,0.14958,0.14911,0.14957,8016,11972.7519
1784532720000,0.14956,0.14956,0.14922,0.14922,543,811.3302
1784532780000,0.14918,0.14933,0.1491,0.14933,255,380.5391
1784532840000,0.14924,0.14936,0.14914,0.14927,506,755.2347
1784532900000,0.14932,0.14933,0.14883,0.14887,1424,2124.2134
1784532960000,0.14885,0.14886,0.14813,0.14845,2473,3672.1898
1784533020000,0.14836,0.14846,0.14825,0.1483,1623,2408.0235
1784533080000,0.14817,0.14853,0.14815,0.14822,2263,3359.4827
1784533140000,0.14819,0.14834,0.14533,0.14678,53595,78528.4459
1784533200000,0.14672,0.14705,0.14588,0.14694,11733,17176.2269
1784533260000,0.14707,0.14712,0.14675,0.14677,1812,2663.0156
1784533320000,0.14671,0.14693,0.14664,0.14664,1100,1614.9909
1784533380000,0.14695,0.14725,0.14645,0.14665,2954,4341.5171
1784533440000,0.14673,0.14703,0.14668,0.14678,968,1422.2793
1784533500000,0.14671,0.14682,0.14561,0.14682,2523,3686.8043
1784533560000,0.14679,0.14679,0.14649,0.14656,450,660.0339
1784533620000,0.14666,0.1467,0.14653,0.1466,97,142.2032
1784533680000,0.14638,0.14651,0.14419,0.14582,9147,13272.7748
1784533740000,0.14587,0.14669,0.14587,0.14656,449,656.2933
1784533800000,0.1467,0.1467,0.14642,0.14642,108,158.3348
1784533860000,0.14646,0.14651,0.14631,0.14651,344,503.653
1784533920000,0.14661,0.14671,0.14656,0.14671,137,200.8674
1784533980000,0.14633,0.14647,0.1461,0.14621,2080,3043.6249
1784534040000,0.14609,0.14658,0.14606,0.1465,1892,2770.9573
1784534100000,0.14645,0.1467,0.14617,0.14651,449,658.2688
1784534160000,0.14642,0.14642,0.14597,0.14619,802,1173.6336
1784534220000,0.14628,0.14638,0.14605,0.14619,608,888.7523
1784534280000,0.14614,0.14637,0.14594,0.14637,332,485.4884
1784534340000,0.14628,0.14643,0.14623,0.14623,639,935.221
1784534400000,0.14634,0.14643,0.14583,0.14583,202,295.3148
1784534460000,0.14598,0.14685,0.14598,0.14685,325,475.7223
1784534520000,0.14685,0.14696,0.14646,0.14696,803,1178.2737
1784534580000,0.147,0.14705,0.14668,0.14684,773,1135.0495
1784534640000,0.14691,0.14691,0.14595,0.14611,530,777.4733
1784534700000,0.14601,0.14623,0.14567,0.14586,719,1050.0481
1784534760000,0.14584,0.14594,0.14547,0.1456,6362,9268.6185
1784534820000,0.14557,0.14595,0.1455,0.14595,344,500.9214
1784534880000,0.14592,0.146,0.14572,0.14581,2563,3737.0746
1784534940000,0.14591,0.14612,0.14591,0.14598,180,262.778
1784535000000,0.14577,0.14647,0.14558,0.14647,506,737.6661
1784535060000,0.14648,0.14648,0.1461,0.1461,264,385.9701
1784535120000,0.14606,0.14705,0.14606,0.14672,389,569.7729
1784535180000,0.14679,0.14728,0.14675,0.14694,3788,5573.8472
1784535240000,0.14701,0.14714,0.14679,0.14696,8243,12114.8414
1784535300000,0.14695,0.14737,0.14692,0.14718,1286,1892.1622
1784535360000,0.14707,0.14708,0.14674,0.14699,241,353.8608
1784535420000,0.14684,0.14684,0.14668,0.14675,745,1093.4283
1784535480000,0.14674,0.14694,0.14674,0.14686,92,135.0754
1784535540000,0.14682,0.14717,0.14682,0.14717,274,402.7835
1784535600000,0.14696,0.14698,0.1468,0.14687,741,1088.3732
1784535660000,0.14699,0.14735,0.14687,0.14687,850,1249.5676
1784535720000,0.14682,0.14694,0.14682,0.14683,75,110.162
1784535780000,0.14679,0.14679,0.14608,0.14617,995,1457.5967
1784535840000,0.1461,0.1463,0.1461,0.1463,1192,1742.9059
1784535900000,0.14611,0.14631,0.14595,0.14607,725,1059.0748
1784535960000,0.14607,0.14627,0.14607,0.14626,43,62.8881
1784536020000,0.14612,0.14616,0.14594,0.14594,180,262.8539
1784536080000,0.14593,0.14606,0.14574,0.14585,625,912.249
1784536140000,0.14588,0.14636,0.14572,0.14636,224,326.9145
1784536200000,0.14604,0.14612,0.14587,0.14601,152,221.9792
1784536260000,0.14605,0.14605,0.14558,0.14589,299,436.054
1784536320000,0.14585,0.14589,0.1456,0.14585,943,1375.0017
1784536380000,0.1457,0.14598,0.14526,0.14589,1410,2056.8321
1784536440000,0.14586,0.14628,0.14582,0.14628,788,1151.2171
1784536500000,0.14641,0.14654,0.14625,0.14625,936,1370.7389
1784536560000,0.14632,0.14634,0.14576,0.14585,401,585.9378
1784536620000,0.14581,0.14584,0.14374,0.14382,5624,8159.3038
1784536680000,0.1442,0.1453,0.14387,0.1453,2861,4142.5446
1784536740000,0.14512,0.14537,0.14509,0.14518,118,171.3505
1784536800000,0.14528,0.14545,0.14528,0.14544,229,332.929
1784536860000,0.14532,0.14532,0.14517,0.14531,373,541.934
1784536920000,0.14551,0.14554,0.14511,0.14512,240,348.5352
1784536980000,0.1452,0.14532,0.14491,0.14526,301,436.8938
1784537040000,0.14517,0.14531,0.14473,0.145,148,214.4036
1784537100000,0.14503,0.14546,0.14481,0.14541,1296,1883.5351
1784537160000,0.14543,0.14543,0.1451,0.14513,268,388.9695
1784537220000,0.14528,0.14549,0.1452,0.14542,1142,1661.2303
1784537280000,0.14539,0.14551,0.14533,0.14548,285,414.446
1784537340000,0.14534,0.1454,0.14534,0.14538,119,172.9742
1784537400000,0.14546,0.14569,0.14534,0.14559,770,1120.5844
1784537460000,0.14547,0.14566,0.14532,0.14555,270,392.7177
1784537520000,0.14547,0.14547,0.14493,0.14495,370,537.286
1784537580000,0.14495,0.14523,0.14459,0.14499,568,823.2021
1784537640000,0.14508,0.14527,0.14508,0.14512,192,278.7742
1784537700000,0.14513,0.14548,0.14513,0.14548,946,1373.9519
1784555760000,0.15164,0.15247,0.15151,0.15247,318,483.9955
1784555820000,0.15226,0.15226,0.15184,0.1521,166,252.3809
1784555880000,0.15211,0.15238,0.15192,0.15206,4819,7333.7442
1784555940000,0.1521,0.15253,0.15193,0.15195,1553,2362.4959
1784556000000,0.15169,0.15178,0.15118,0.1516,871,1318.9471
1784556060000,0.15188,0.15266,0.15188,0.15239,452,689.1201
1784556120000,0.15233,0.15383,0.15233,0.15278,3835,5881.5233
1784556180000,0.15337,0.15345,0.15311,0.15339,124,190.1287
1784556240000,0.1533,0.1533,0.15308,0.15308,550,842.4509
1784556300000,0.15298,0.15339,0.15298,0.15339,45,68.9716
1784556420000,0.15307,0.15328,0.15283,0.15328,80,122.4262
1784556480000,0.15325,0.15335,0.15315,0.15321,239,366.2305
1784556540000,0.15295,0.15299,0.15285,0.15299,167,255.3768
1784556600000,0.15251,0.15251,0.15181,0.15225,462,703.0903
1784556660000,0.15232,0.15316,0.15232,0.15316,139,212.3732
1784556720000,0.15327,0.15328,0.15308,0.15316,1604,2458.5411
1784556780000,0.15314,0.15458,0.15306,0.15458,441,679.8858
1784556840000,0.15429,0.1543,0.15369,0.15397,235,362.2541
1784556900000,0.15406,0.15476,0.15399,0.15441,221,341.1967
1784556960000,0.15428,0.15446,0.15377,0.15377,42,64.7339
1784557020000,0.15377,0.15436,0.15377,0.1541,80,123.3147
1784557080000,0.154,0.15403,0.15377,0.1538,130,199.9935
1784557140000,0.15392,0.15407,0.1529,0.1529,408,627.3095
1784557200000,0.1525,0.15333,0.15248,0.15291,2801,4279.9082
1784557260000,0.15225,0.15253,0.15137,0.15163,846,1285.8989
1784557320000,0.15175,0.15186,0.15145,0.15184,310,470.4157
1784557380000,0.15179,0.1524,0.15179,0.15206,318,484.2885
1784557440000,0.1522,0.1523,0.15182,0.15182,118,179.6228
1784557500000,0.15179,0.15194,0.15177,0.15181,66,100.2224
1784557560000,0.15141,0.15152,0.15121,0.1514,8950,13545.2502
1784557620000,0.15146,0.15151,0.15057,0.15103,900,1358.3588
1784557680000,0.15099,0.15099,0.15082,0.15094,107,161.4687
1784557740000,0.15111,0.1514,0.15111,0.15112,109,164.8426
1784557800000,0.15138,0.15193,0.15138,0.15184,106,160.8943
1784557860000,0.15207,0.15226,0.15193,0.15193,203,308.8182
1784557920000,0.15189,0.15213,0.15176,0.15176,235,357.0904
1784557980000,0.15182,0.15197,0.15168,0.15168,124,188.1972
1784558040000,0.15124,0.15124,0.15075,0.15088,113,170.5258
1784558100000,0.15088,0.15284,0.15088,0.15178,2980,4535.7879
1784558160000,0.15211,0.15228,0.15205,0.1522,162,246.4435
1784558220000,0.15206,0.15231,0.15206,0.15231,82,124.8415
1784558280000,0.15213,0.15226,0.15188,0.15215,1807,2746.5019
1784558340000,0.15223,0.15283,0.15223,0.15283,2444,3729.2095
1784558400000,0.15281,0.15281,0.15262,0.15267,256,390.9201
1784558460000,0.15261,0.15305,0.15261,0.15278,303,463.0608
1784558520000,0.15283,0.15291,0.15283,0.15287,42,64.2098
1784558580000,0.15299,0.15299,0.15259,0.15259,145,221.4773
1784558640000,0.15274,0.15281,0.15272,0.15275,529,808.2226
1784558700000,0.15285,0.15285,0.15216,0.15217,474,722.0168
1784558760000,0.15214,0.1522,0.15152,0.15185,4829,7333.9659
1784558820000,0.15194,0.15212,0.15172,0.15206,3917,5950.9051
1784558880000,0.152,0.15303,0.15175,0.1519,1561,2375.8304
1784558940000,0.1516,0.1516,0.15096,0.15096,654,989.7982
1784559000000,0.15086,0.15105,0.15,0.15039,470,706.4488
1784559060000,0.15026,0.15036,0.14954,0.15032,4007,5997.697
1784559120000,0.15047,0.15048,0.15026,0.1504,160,240.6115
1784559180000,0.15016,0.15016,0.14952,0.1496,335,501.5748
1784559240000,0.14972,0.14994,0.1495,0.1499,439,657.3126
1784559300000,0.14997,0.15077,0.14997,0.15033,837,1259.5705
1784559360000,0.15023,0.15023,0.15,0.15006,212,318.2202
1784559420000,0.14983,0.14983,0.1479,0.14904,3013,4478.8495
1784559480000,0.14917,0.15003,0.14917,0.15003,3484,5219.9357
1784559540000,0.15022,0.15043,0.15008,0.15015,530,796.527
1784559600000,0.15042,0.15042,0.15001,0.15015,253,379.9056
1784559660000,0.15038,0.15038,0.14984,0.1499,104,156.0364
1784559720000,0.14998,0.15003,0.14916,0.14924,426,637.9779
1784559780000,0.14932,0.14936,0.14911,0.14911,458,683.8283
1784559840000,0.14913,0.1495,0.14883,0.14935,160,238.6577
1784559900000,0.14947,0.14994,0.14947,0.14988,205,306.975
1784559960000,0.14973,0.1506,0.14973,0.15018,11494,17258.6823
1784560020000,0.15041,0.15099,0.15031,0.1508,254,382.7173
1784560080000,0.15101,0.15107,0.15085,0.15085,324,489.1904
1784560140000,0.15093,0.15093,0.15067,0.1509,645,973.2527
1784560200000,0.15125,0.15177,0.15119,0.15154,364,551.3388
1784560260000,0.1515,0.1515,0.15119,0.15128,480,726.6667
1784560320000,0.15131,0.15159,0.15131,0.15159,164,248.5116
1784560380000,0.15149,0.15152,0.15134,0.15137,318,481.7024
1784560440000,0.15117,0.15128,0.15103,0.15121,618,934.4973
1784560500000,0.15126,0.15153,0.15126,0.15153,73,110.5051
1784560560000,0.15144,0.15198,0.15141,0.15198,749,1137.5248
1784560620000,0.15249,0.15264,0.15194,0.15196,246,374.866
1784560680000,0.15209,0.15248,0.15209,0.15233,97,147.7337
1784560740000,0.15224,0.15235,0.15222,0.15235,266,404.951
1784560800000,0.15254,0.15352,0.15244,0.15287,1215,1857.9349
1784560860000,0.15313,0.15329,0.15261,0.15284,560,857.2666
1784560920000,0.15298,0.15298,0.15296,0.15296,30,45.8882
1784560980000,0.1529,0.15304,0.15264,0.15264,126,192.5968
1784561040000,0.15242,0.15251,0.1524,0.1524,163,248.5363
1784561100000,0.15199,0.15199,0.15136,0.15136,169,256.7297
1784561160000,0.15145,0.15175,0.15066,0.15066,832,1258.7631
1784561220000,0.15047,0.15105,0.15047,0.15074,376,566.705
1784561280000,0.15079,0.15081,0.15079,0.15081,139,209.6233
1784561340000,0.1507,0.15086,0.15065,0.15071,144,217.0628
1784561400000,0.15076,0.15088,0.15076,0.15088,37,55.7836
1784561460000,0.15084,0.15084,0.15064,0.15064,63,94.9712
1784561520000,0.15078,0.15121,0.15078,0.15104,632,954.7398
1784561580000,0.15104,0.15104,0.15055,0.15074,114,171.859
1784561640000,0.15074,0.15183,0.15074,0.15093,857,1296.9215
1784561700000,0.15054,0.1508,0.15054,0.15075,70,105.5029
1784561760000,0.15074,0.15095,0.1506,0.15095,563,849.2598
1784561820000,0.15094,0.15105,0.15075,0.15077,196,295.8171
1784561880000,0.15083,0.15084,0.15068,0.15075,87,131.185
1784561940000,0.1508,0.1508,0.15012,0.15015,138,207.5307
1784562000000,0.15016,0.15016,0.14955,0.15002,1457,2183.3
1784562060000,0.15,0.15,0.14873,0.14976,5475,8158.2762
1784562120000,0.14943,0.1495,0.14833,0.14892,3144,4675.7774
1784562180000,0.14902,0.14977,0.14902,0.14977,546,815.0087
1784562240000,0.15,0.15073,0.15,0.15067,539,811.1558
1784562300000,0.15059,0.15075,0.15006,0.15007,480,722.1544
1784562360000,0.15022,0.15022,0.14922,0.14922,974,1462.788
1784562420000,0.14935,0.14963,0.14935,0.14961,393,587.4187
1784562480000,0.14948,0.14948,0.14892,0.14917,258,384.6386
1784562540000,0.14926,0.1494,0.14891,0.14891,1031,1538.4093
1784562600000,0.14894,0.14944,0.14862,0.14904,200,298.3041
1784562660000,0.14919,0.14919,0.1489,0.1489,3604,5373.8081
1784562720000,0.14878,0.14992,0.14878,0.14985,1108,1656.1909
1784562780000,0.14982,0.15028,0.14982,0.15006,7734,11613.7358
1784562840000,0.15024,0.15037,0.14967,0.14985,998,1499.2533
1784562900000,0.14977,0.14991,0.14955,0.14986,320,479.2676
1784562960000,0.15,0.15,0.14958,0.14958,147,220.0152
1784563020000,0.14974,0.1505,0.14974,0.15018,653,980.9122
1784563080000,0.15007,0.15017,0.14994,0.14994,71,106.5793
1784563140000,0.14982,0.15027,0.14982,0.14998,135,202.5805
1784563200000,0.15,0.15044,0.14988,0.15011,895,1343.7555
1784563260000,0.15024,0.15035,0.1496,0.14984,1158,1735.3618
1784563320000,0.1498,0.14983,0.14962,0.14978,341,510.6807
1784563380000,0.14988,0.15016,0.14979,0.14984,711,1066.2456
1784563440000,0.14956,0.15008,0.14956,0.14996,5041,7556.0448
1784563500000,0.14984,0.14984,0.14877,0.14877,1484,2220.6146
1784563560000,0.14888,0.14908,0.14875,0.14875,252,375.432
1784563620000,0.14877,0.15029,0.1486,0.14949,1891,2821.1969
1784563680000,0.14937,0.14937,0.14906,0.14906,94,140.267
1784563740000,0.14901,0.14967,0.14901,0.14927,420,627.6876
1784563800000,0.14918,0.14918,0.14839,0.14843,484,719.1184
1784563860000,0.14886,0.14924,0.14866,0.14897,5136,7647.9265
1784563920000,0.14886,0.1492,0.14886,0.14916,519,773.907
1784563980000,0.14916,0.14916,0.14916,0.14916,25,37.29
1784564040000,0.14863,0.14863,0.14858,0.14858,39,57.9647
1784564100000,0.14909,0.14929,0.14878,0.14899,744,1109.0733
1784564160000,0.1491,0.14915,0.1491,0.14915,77,114.821
1784564220000,0.14904,0.14913,0.14904,0.14908,4,5.9638
1784564280000,0.1482,0.14837,0.14751,0.1481,4652,6878.5691
1784564340000,0.14814,0.14831,0.14776,0.14826,685,1014.2611
1784564400000,0.1482,0.15087,0.1482,0.15059,4109,6157.9536
1784564460000,0.15059,0.15059,0.14925,0.14987,945,1417.946
1784564520000,0.14985,0.15019,0.14985,0.15008,67,100.5631
1784564580000,0.15005,0.15067,0.14994,0.15067,40,60.0377
1784564640000,0.15052,0.15052,0.15004,0.15049,3469,5210.9901
1784564700000,0.1504,0.15059,0.15029,0.15059,78,117.3333
1784564760000,0.15064,0.15064,0.14973,0.15,1624,2440.7192
1784564820000,0.15052,0.15231,0.15043,0.15188,2492,3778.8977
1784564880000,0.15216,0.1525,0.15188,0.15219,2179,3316.4043
1784564940000,0.15208,0.15234,0.15188,0.15213,359,546.3926
1784565000000,0.15248,0.15254,0.15186,0.15203,1040,1582.2111
1784565060000,0.15211,0.15218,0.15195,0.15199,102,155.1035
1784565120000,0.15202,0.15311,0.15202,0.15302,6769,10350.4915
1784565180000,0.15297,0.15345,0.1528,0.15319,886,1357.2554
1784565240000,0.15315,0.15315,0.15252,0.15252,523,799.0935
1784565300000,0.15254,0.15306,0.15254,0.15284,453,692.453
1784565360000,0.15292,0.15315,0.15292,0.15314,166,253.9679
1784565420000,0.15338,0.15438,0.15338,0.15427,7747,11943.919
1784565480000,0.15429,0.15506,0.15378,0.15457,1516,2339.8006
1784565540000,0.15472,0.15578,0.15468,0.1548,3408,5294.1511
1784565600000,0.15492,0.15539,0.15482,0.15511,309,479.0919
1784565660000,0.15505,0.15523,0.15456,0.15489,3245,5026.0317
1784565720000,0.15461,0.15466,0.15232,0.15281,513,786.3676
1784565780000,0.15282,0.1531,0.15282,0.1529,190,290.7291
1784565840000,0.15261,0.15317,0.1524,0.15306,3581,5470.9791
1784565900000,0.15307,0.15395,0.15307,0.15395,1181,1816.2973
1784565960000,0.15459,0.15459,0.15459,0.15459,27,41.7393
1784566020000,0.15378,0.15378,0.15255,0.15255,4159,6362.4576
1784566080000,0.15262,0.15353,0.15261,0.15338,1944,2978.6957
1784566140000,0.1535,0.1535,0.15296,0.15322,200,306.0979
1784566200000,0.15303,0.15327,0.15288,0.15327,159,243.5424
1784566260000,0.1533,0.15334,0.15314,0.15333,124,190.0692
1784566320000,0.15344,0.15355,0.15327,0.15327,106,162.6477
1784566380000,0.15366,0.15405,0.15366,0.15387,43,66.134
1784566440000,0.15364,0.15385,0.1536,0.1536,97,149.0708
1784566500000,0.15359,0.15403,0.15337,0.15403,447,686.7958
1784566560000,0.15406,0.15425,0.15406,0.15415,1651,2546.6144
1784566620000,0.15402,0.15403,0.15383,0.15403,34,52.3597
1784566680000,0.15384,0.15409,0.15384,0.15409,57,87.7639
1784566740000,0.15409,0.15426,0.15409,0.15414,100,154.1653
1784566800000,0.1543,0.1543,0.1536,0.15374,353,543.089
1784566860000,0.1533,0.15389,0.15279,0.15324,2979,4569.7408
1784566920000,0.15307,0.1533,0.15292,0.1533,94,143.8879
1784566980000,0.15332,0.15403,0.15332,0.15389,194,298.4707
1784567040000,0.15364,0.15413,0.15364,0.15413,228,351.1194
1784567100000,0.15412,0.15459,0.15397,0.15423,2331,3596.234
1784567160000,0.15408,0.15423,0.15398,0.15423,6,9.2443
1784567220000,0.15424,0.15712,0.15424,0.15583,3457,5375.883
1784567280000,0.15558,0.15558,0.15496,0.15541,9865,15316.1519
1784567340000,0.15531,0.15559,0.15513,0.15524,4150,6446.8984
1784567400000,0.15524,0.15636,0.15524,0.1563,374,582.4676
1784567460000,0.15612,0.15682,0.15597,0.15682,2821,4415.3719
1784567520000,0.1572,0.15763,0.15681,0.15727,1880,2959.0602
1784567580000,0.15714,0.15737,0.15633,0.15641,3713,5825.9012
1784567640000,0.15667,0.15673,0.15611,0.15618,361,564.6973
1784567700000,0.15621,0.15646,0.15576,0.15576,570,890.8722
1784567760000,0.15572,0.15613,0.15572,0.15609,427,665.6878
1784585760000,0.14887,0.14925,0.14887,0.14925,139,207.1212
1784585820000,0.14903,0.14903,0.14864,0.14869,122,181.3868
1784585880000,0.14881,0.14885,0.14863,0.14874,870,1293.5629
1784585940000,0.14877,0.14891,0.14837,0.14837,244,362.5984
1784586000000,0.14842,0.14856,0.14727,0.1481,1155,1708.3288
1784586060000,0.14833,0.14833,0.14818,0.14821,138,204.5591
1784586120000,0.14811,0.14811,0.14776,0.14805,104,153.8826
1784586180000,0.14799,0.14827,0.1479,0.1482,253,374.688
1784586240000,0.14808,0.14825,0.14799,0.14799,119,176.2166
1784586300000,0.14827,0.14827,0.14766,0.14783,3963,5859.858
1784586360000,0.14771,0.1481,0.14764,0.1481,140,206.8671
1784586420000,0.14795,0.14836,0.14795,0.14809,892,1322.2257
1784586480000,0.148,0.148,0.14769,0.14798,784,1158.7324
1784586540000,0.14782,0.14847,0.14782,0.14847,1208,1790.5614
1784586600000,0.14829,0.1484,0.14815,0.1483,110,163.0941
1784586660000,0.14834,0.14873,0.14834,0.14873,134,199.0205
1784586720000,0.14859,0.14859,0.14827,0.14827,187,277.4912
1784586780000,0.14814,0.1482,0.1481,0.1481,112,165.9174
1784586840000,0.14811,0.14829,0.1477,0.1477,196,290.1367
1784586900000,0.14763,0.14796,0.14763,0.14796,269,397.4388
1784586960000,0.14769,0.14809,0.14769,0.14796,106,156.7482
1784587020000,0.1477,0.14799,0.1477,0.14798,189,279.5029
1784587080000,0.14784,0.14793,0.14779,0.14779,60,88.7104
1784587140000,0.14763,0.1482,0.14763,0.1482,242,357.7061
1784587200000,0.14796,0.14796,0.14766,0.14766,104,153.6773
1784587260000,0.14776,0.14776,0.14762,0.14765,410,605.3871
1784587320000,0.1477,0.14791,0.14766,0.14787,210,310.277
1784587380000,0.14799,0.14808,0.14797,0.14797,101,149.5161
1784587440000,0.14807,0.14822,0.14797,0.14797,190,281.3973
1784587500000,0.14798,0.14798,0.14777,0.14777,90,133.1761
1784587560000,0.14783,0.14807,0.14783,0.14796,132,195.2935
1784587620000,0.14786,0.14793,0.14786,0.14793,89,131.6468
1784587680000,0.14801,0.14811,0.14793,0.14793,71,105.1169
1784587740000,0.14793,0.14849,0.14793,0.14849,497,737.4495
1784587800000,0.14841,0.14842,0.14815,0.14815,98,145.3766
1784587860000,0.14813,0.14823,0.14781,0.14808,170,251.6659
1784587920000,0.14806,0.14808,0.14806,0.14808,53,78.482
1784587980000,0.1477,0.14793,0.1477,0.14779,525,776.1148
1784588040000,0.14777,0.14792,0.14777,0.14789,153,226.1766
1784588100000,0.14776,0.14781,0.147,0.14708,3369,4961.6871
1784588160000,0.14705,0.14725,0.14664,0.14697,1004,1476.1282
1784588220000,0.14685,0.14689,0.14629,0.14629,241,353.1931
1784588280000,0.14662,0.147,0.14662,0.14673,240,352.385
1784588340000,0.14684,0.14696,0.14683,0.14683,173,254.0931
1784588400000,0.14716,0.14736,0.14715,0.14727,374,550.6103
1784588460000,0.14721,0.14734,0.147,0.147,218,320.8703
1784588520000,0.14712,0.14742,0.14712,0.14726,150,220.9008
1784588580000,0.14722,0.1474,0.14718,0.14718,209,307.7955
1784588640000,0.14726,0.14731,0.14714,0.14714,176,259.1074
1784588700000,0.14722,0.14722,0.14678,0.1469,91,133.6936
1784588760000,0.14682,0.14683,0.14664,0.14677,532,780.4181
1784588820000,0.14668,0.14694,0.14668,0.1467,132,193.6386
1784588880000,0.14656,0.14677,0.14497,0.14599,5166,7509.0714
1784588940000,0.1461,0.14616,0.14578,0.14583,627,914.7387
1784589000000,0.14583,0.14598,0.14579,0.14598,145,211.5596
1784589060000,0.14604,0.14604,0.14579,0.14579,121,176.4596
1784589120000,0.14589,0.14589,0.1457,0.14577,328,478.1537
1784589180000,0.14577,0.14592,0.14573,0.1458,137,199.7905
1784589240000,0.14578,0.14638,0.14578,0.14638,266,388.5259
1784589300000,0.14611,0.14614,0.14578,0.14608,530,773.7343
1784589360000,0.14619,0.14628,0.14599,0.14602,936,1367.4598
1784589420000,0.14615,0.14623,0.14572,0.14623,141,205.9498
1784589480000,0.14611,0.14622,0.14601,0.14603,375,547.7634
1784589540000,0.14616,0.14623,0.14597,0.14611,891,1301.6132
1784589600000,0.14623,0.14641,0.14617,0.14641,32,46.8434
1784589660000,0.14627,0.14651,0.14616,0.14637,350,512.0095
1784589720000,0.14645,0.14649,0.14627,0.14641,119,174.2201
1784589780000,0.14631,0.14643,0.14627,0.14643,151,220.9608
1784589840000,0.14651,0.14668,0.14651,0.14656,138,202.3348
1784589900000,0.14662,0.14693,0.14654,0.14693,453,664.8416
1784589960000,0.14719,0.14719,0.14697,0.14713,373,548.7284
1784590020000,0.14712,0.14717,0.14699,0.1471,141,207.4328
1784590080000,0.14694,0.14721,0.14694,0.14721,127,186.7679
1784590140000,0.1473,0.1473,0.14709,0.14709,644,947.5073
1784590200000,0.14715,0.14749,0.14715,0.14726,1012,1491.5538
1784590260000,0.14727,0.1473,0.14713,0.14713,163,239.9023
1784590320000,0.14724,0.14733,0.14712,0.14712,352,518.3447
1784590380000,0.14721,0.14721,0.14707,0.14717,216,317.8912
1784590440000,0.14718,0.14718,0.14696,0.14706,155,227.9479
1784590500000,0.14692,0.14721,0.14692,0.14716,123,180.872
1784590560000,0.14715,0.14715,0.14715,0.14715,30,44.145
1784590620000,0.14695,0.14695,0.14666,0.14666,313,459.5571
1784590680000,0.14657,0.14659,0.1465,0.14654,174,254.9862
1784590740000,0.14645,0.14652,0.14609,0.14637,723,1057.3144
1784590800000,0.14626,0.14632,0.14603,0.14628,1218,1779.8991
1784590860000,0.14627,0.14682,0.14627,0.14666,104,152.4119
1784590920000,0.14681,0.14705,0.14678,0.14689,165,242.3913
1784590980000,0.14716,0.14716,0.14708,0.14715,137,201.5657
1784591040000,0.14721,0.14739,0.14676,0.14696,451,662.8249
1784591100000,0.14703,0.14706,0.14692,0.14706,89,130.8355
1784591160000,0.14714,0.14735,0.14714,0.14731,235,346.1513
1784591220000,0.14702,0.14702,0.14681,0.14687,86,126.3298
1784591280000,0.14707,0.14713,0.14692,0.14694,269,395.5861
1784591340000,0.14689,0.14692,0.14665,0.1468,1409,2067.3611
1784591400000,0.1468,0.1468,0.14669,0.14678,117,171.7069
1784591460000,0.1467,0.1467,0.14596,0.14596,496,725.3426
1784591520000,0.14585,0.14624,0.14579,0.1462,726,1059.6928
1784591580000,0.14626,0.14626,0.14626,0.14626,2,2.9252
1784591640000,0.1462,0.14633,0.14606,0.14633,191,279.1883
1784591700000,0.14617,0.14652,0.14617,0.14639,408,597.4474
1784591760000,0.14643,0.14647,0.14625,0.14647,177,259.0232
1784591820000,0.14634,0.14641,0.14628,0.14641,185,270.75
1784591880000,0.14628,0.14661,0.14628,0.14661,59,86.3925
1784591940000,0.14661,0.14699,0.14649,0.14668,690,1012.6701
1784592000000,0.1467,0.1467,0.141,0.14348,24428,34928.0454
1784592060000,0.14342,0.14365,0.1424,0.14312,1088,1556.9639
1784592120000,0.1428,0.1428,0.11353,0.11994,286415,365191.901
1784592180000,0.11968,0.125,0.11856,0.12401,87170,107075.5838
1784592240000,0.12417,0.13385,0.12417,0.13248,26490,34413.143
1784592300000,0.1322,0.13459,0.13065,0.13459,15480,20637.0899
1784592360000,0.13439,0.13481,0.13303,0.13389,3759,5036.5459
1784592420000,0.13387,0.1353,0.13326,0.13488,5601,7536.7759
1784592480000,0.13448,0.13548,0.13368,0.13527,8513,11465.0184
1784592540000,0.13527,0.13742,0.13524,0.13715,10790,14704.3815
1784592600000,0.13675,0.13845,0.13583,0.13785,16623,22859.8209
1784592660000,0.13758,0.13779,0.1346,0.1346,1788,2432.3423
1784592720000,0.13427,0.13427,0.13248,0.13296,6587,8790.3699
1784592780000,0.13283,0.13385,0.13273,0.13309,4524,6036.1254
1784592840000,0.1326,0.13317,0.132,0.13301,3775,4996.459
1784592900000,0.13321,0.13413,0.133,0.13337,2821,3771.209
1784592960000,0.13325,0.13391,0.13293,0.13342,1864,2483.5037
1784593020000,0.13314,0.13356,0.13293,0.13315,875,1164.5928
1784593080000,0.13299,0.13392,0.13255,0.13351,2603,3470.4527
1784593140000,0.13332,0.13363,0.1332,0.13363,550,733.7064
1784593200000,0.13336,0.13463,0.13325,0.13361,1761,2360.1634
1784593260000,0.13358,0.13435,0.13332,0.13431,2082,2783.9933
1784593320000,0.13412,0.13434,0.13278,0.13344,1693,2260.5361
1784593380000,0.13338,0.13338,0.13229,0.1331,1381,1833.9666
1784593440000,0.13292,0.13334,0.13276,0.13308,1003,1334.4609
1784593500000,0.13306,0.13448,0.13295,0.13377,3939,5277.7994
1784593560000,0.13371,0.13385,0.13341,0.13361,715,955.6261
1784593620000,0.13349,0.13349,0.13315,0.13315,832,1109.0775
1784593680000,0.13315,0.13354,0.13299,0.13341,877,1168.1147
1784593740000,0.13311,0.13336,0.13296,0.13336,381,507.1473
1784593800000,0.13333,0.13436,0.13325,0.13379,2377,3183.6539
1784593860000,0.13347,0.13373,0.13347,0.1336,605,808.3724
1784593920000,0.13347,0.13368,0.13324,0.13332,1199,1600.8733
1784593980000,0.13318,0.1339,0.13317,0.13382,1570,2098.0905
1784594040000,0.13378,0.13378,0.13336,0.13351,233,311.3377
1784594100000,0.13345,0.13371,0.13298,0.13311,1255,1672.3759
1784594160000,0.13306,0.13306,0.13145,0.13216,1769,2341.0427
1784594220000,0.13223,0.13245,0.1306,0.13107,1184,1558.5951
1784594280000,0.13113,0.13137,0.13048,0.13137,1739,2276.9485
1784594340000,0.13115,0.13115,0.1301,0.13027,1282,1675.5287
1784594400000,0.13044,0.13102,0.12997,0.13085,2779,3622.9233
1784594460000,0.13088,0.13088,0.12948,0.12982,2003,2606.5536
1784594520000,0.12991,0.13011,0.12977,0.12979,1163,1511.1874
1784594580000,0.13002,0.13084,0.1298,0.1305,642,836.3246
1784594640000,0.13033,0.13033,0.12823,0.12937,1810,2331.6021
1784594700000,0.12943,0.12979,0.12889,0.12945,1353,1750.8146
1784594760000,0.12954,0.12954,0.12823,0.12895,3763,4847.4835
1784594820000,0.129,0.1292,0.12866,0.12871,219,282.4893
1784594880000,0.12878,0.12893,0.12819,0.12872,936,1203.5601
1784594940000,0.12865,0.12953,0.12853,0.12944,1479,1911.5842
1784595000000,0.12932,0.12934,0.12902,0.12932,676,873.5075
1784595060000,0.1294,0.12957,0.12904,0.12915,422,545.5381
1784595120000,0.12916,0.12916,0.12866,0.12916,352,453.8682
1784595180000,0.12911,0.12991,0.12911,0.12923,2692,3486.8506
1784595240000,0.12922,0.12968,0.12891,0.12921,1709,2211.8173
1784595300000,0.12912,0.12925,0.12804,0.12804,1275,1642.3089
1784595360000,0.12791,0.1285,0.12737,0.12845,688,880.1621
1784595420000,0.12838,0.12875,0.12823,0.12865,149,191.4003
1784595480000,0.12862,0.129,0.12776,0.12887,2893,3712.145
1784595540000,0.12872,0.12872,0.128,0.12841,1200,1540.2392
1784595600000,0.12831,0.12899,0.12819,0.12845,1226,1577.0122
1784595660000,0.12846,0.12877,0.12776,0.12788,1509,1934.81
1784595720000,0.12797,0.12821,0.12609,0.1275,2755,3495.854
1784595780000,0.12765,0.12787,0.12682,0.12715,1132,1440.8298
1784595840000,0.12712,0.12726,0.12521,0.12637,5157,6511.095
1784595900000,0.12668,0.12725,0.1262,0.12725,1922,2430.4977
1784595960000,0.1271,0.12729,0.12677,0.12699,1027,1304.3079
1784596020000,0.127,0.12728,0.12656,0.12668,4588,5818.4362
1784596080000,0.12658,0.12721,0.12623,0.12694,319,404.7161
1784596140000,0.12696,0.1278,0.12696,0.12763,3852,4912.9789
1784596200000,0.12763,0.12772,0.12682,0.12709,417,531.0852
1784596260000,0.12709,0.12756,0.12625,0.12647,2226,2831.9088
1784596320000,0.12638,0.12875,0.12638,0.12864,12851,16470.8727
1784596380000,0.12847,0.12852,0.12772,0.12795,1175,1506.055
1784596440000,0.12787,0.12957,0.12787,0.12924,1150,1482.3859
1784596500000,0.12915,0.12963,0.1291,0.12954,747,966.0494
1784596560000,0.12947,0.12955,0.12884,0.12884,373,482.1664
1784596620000,0.12856,0.12874,0.128,0.128,1024,1313.0848
1784596680000,0.12806,0.12819,0.12789,0.12803,642,822.6748
1784596740000,0.12803,0.12804,0.12774,0.12797,783,1001.5765
1784596800000,0.12795,0.12831,0.1275,0.1275,2596,3320.9591
1784596860000,0.12762,0.12835,0.12754,0.12823,3937,5044.3464
1784596920000,0.12801,0.12801,0.1276,0.12794,455,581.6468
1784596980000,0.12778,0.12792,0.12706,0.12715,1512,1927.5395
1784597040000,0.12661,0.12696,0.12644,0.1269,716,907.1638
1784597100000,0.12684,0.12754,0.12663,0.12719,907,1151.6351
1784597160000,0.1271,0.12766,0.12682,0.12733,987,1254.818
1784597220000,0.1272,0.1272,0.12674,0.12674,1905,2417.4687
1784597280000,0.12691,0.1273,0.12689,0.1273,903,1148.3756
1784597340000,0.12707,0.12727,0.127,0.12702,376,477.8335
1784597400000,0.12694,0.12727,0.12677,0.12687,426,541.174
1784597460000,0.12667,0.12707,0.12648,0.12702,1056,1339.572
1784597520000,0.12687,0.12752,0.12687,0.12735,1075,1368.3554
1784597580000,0.12722,0.1274,0.12693,0.1274,1459,1855.9832
1784597640000,0.12718,0.12733,0.12691,0.12693,544,691.5325
1784597700000,0.12685,0.12727,0.12675,0.12698,853,1082.5298
1784615760000,0.1289,0.12903,0.1286,0.12874,203,261.6733
1784615820000,0.12898,0.12932,0.12894,0.12932,225,290.2419
1784615880000,0.12921,0.12921,0.12905,0.1292,269,347.2964
1784615940000,0.12917,0.12928,0.12906,0.12922,390,503.8767
1784616000000,0.12908,0.12927,0.12903,0.12903,276,356.4727
1784616060000,0.12911,0.12911,0.129,0.129,121,156.1483
1784616120000,0.129,0.1292,0.129,0.12918,145,187.2486
1784616180000,0.12919,0.12925,0.12913,0.12913,301,388.8823
1784616240000,0.12913,0.12939,0.12908,0.12934,245,316.5766
1784616300000,0.12938,0.12938,0.12905,0.12908,498,643.3349
1784616360000,0.12909,0.12909,0.1286,0.1286,390,502.7446
1784616420000,0.12889,0.12918,0.12889,0.12913,475,612.7355
1784616480000,0.12906,0.12923,0.12882,0.12902,7372,9509.7694
1784616540000,0.12893,0.12916,0.12893,0.12906,143,184.5406
1784616600000,0.12918,0.12982,0.12912,0.12982,312,403.4874
1784616660000,0.12958,0.12993,0.12958,0.12975,306,397.0177
1784616720000,0.12982,0.12999,0.12977,0.12992,126,163.6565
1784616780000,0.12976,0.12976,0.1295,0.12962,389,504.3251
1784616840000,0.12958,0.12958,0.12904,0.12917,254,328.3778
1784616900000,0.12893,0.12919,0.12887,0.12911,397,512.1685
1784616960000,0.1292,0.12924,0.12898,0.12904,219,282.6689
1784617020000,0.12912,0.12947,0.12905,0.12947,532,687.1076
1784617080000,0.12939,0.12939,0.1291,0.12919,251,324.2581
1784617140000,0.12911,0.12956,0.12911,0.12952,462,597.7654
1784617200000,0.12939,0.12993,0.12939,0.12978,356,461.662
1784617260000,0.12989,0.13094,0.12978,0.13083,1411,1838.2107
1784617320000,0.13066,0.1307,0.13024,0.13024,723,943.6048
1784617380000,0.13021,0.13076,0.13019,0.13074,170,221.6405
1784617440000,0.13085,0.13123,0.13076,0.13092,5605,7350.1404
1784617500000,0.13101,0.13103,0.13068,0.13075,129,168.7875
1784617560000,0.1309,0.13113,0.13082,0.13083,360,471.4545
1784617620000,0.13068,0.13093,0.13068,0.1309,129,168.7923
1784617680000,0.131,0.1311,0.13092,0.13092,235,307.8398
1784617740000,0.13113,0.13146,0.13113,0.13133,227,298.1642
1784617800000,0.13133,0.1315,0.13121,0.13121,684,898.2517
1784617860000,0.13114,0.13182,0.13113,0.1318,160,210.4042
1784617920000,0.13185,0.13266,0.13183,0.13254,1047,1383.913
1784617980000,0.13251,0.13255,0.13181,0.13214,351,463.4562
1784618040000,0.1322,0.13226,0.1321,0.13225,152,200.9295
1784618100000,0.13207,0.13212,0.13181,0.13182,183,241.4505
1784618160000,0.13186,0.13199,0.13171,0.13197,158,208.3748
1784618220000,0.13193,0.13199,0.13175,0.13183,96,126.5905
1784618280000,0.13189,0.13189,0.13152,0.13171,561,738.5566
1784618340000,0.1316,0.13165,0.13149,0.13165,132,173.723
1784618400000,0.13178,0.13178,0.13125,0.13172,609,800.6264
1784618460000,0.13182,0.13248,0.1318,0.13221,932,1232.2206
1784618520000,0.13236,0.13238,0.13196,0.13196,293,387.1841
1784618580000,0.13206,0.13223,0.132,0.13217,217,286.7254
1784618640000,0.13226,0.13226,0.13165,0.13166,955,1261.1661
1784618700000,0.13177,0.13201,0.13142,0.13201,1824,2400.1
1784618760000,0.132,0.13214,0.13125,0.13158,710,936.1822
1784618820000,0.13169,0.13202,0.13166,0.13182,403,531.3769
1784618880000,0.13185,0.13186,0.13127,0.13127,419,551.7526
1784618940000,0.13117,0.1312,0.13075,0.13084,1373,1797.4057
1784619000000,0.13091,0.13102,0.13087,0.13091,741,970.4752
1784619060000,0.13103,0.13125,0.13099,0.13099,456,597.9714
1784619120000,0.13088,0.13089,0.13019,0.13025,623,813.3894
1784619180000,0.13033,0.13056,0.13006,0.13006,608,792.8612
1784619240000,0.13002,0.13029,0.12995,0.13,574,746.4672
1784619300000,0.12987,0.13019,0.12987,0.13007,192,249.8312
1784619360000,0.1302,0.13039,0.13011,0.13018,216,281.3473
1784619420000,0.13025,0.13032,0.13008,0.13021,135,175.7604
1784619480000,0.13014,0.13014,0.12984,0.12999,181,235.3824
1784619540000,0.12997,0.12997,0.12979,0.12982,684,888.1467
1784619600000,0.12969,0.1297,0.1285,0.12903,4053,5231.5295
1784619660000,0.12904,0.12904,0.12778,0.12803,6916,8857.4911
1784619720000,0.12796,0.12855,0.12769,0.12808,1117,1430.7404
1784619780000,0.12799,0.12813,0.12752,0.1279,1647,2103.7253
1784619840000,0.12784,0.12784,0.1258,0.12716,5677,7207.1392
1784619900000,0.12721,0.12827,0.12721,0.12819,714,911.3799
1784619960000,0.12816,0.12817,0.12787,0.1281,723,925.7658
1784620020000,0.12806,0.1281,0.12773,0.12773,491,628.1955
1784620080000,0.12787,0.12822,0.12784,0.12784,1165,1491.0234
1784620140000,0.12802,0.12829,0.12796,0.12796,464,594.5021
1784620200000,0.1277,0.12808,0.1277,0.12795,242,309.6834
1784620260000,0.12808,0.1282,0.12805,0.12805,162,207.519
1784620320000,0.12804,0.12815,0.12715,0.12715,865,1103.9401
1784620380000,0.12724,0.12754,0.12719,0.1275,748,952.3759
1784620440000,0.12739,0.12751,0.12722,0.1274,767,976.7533
1784620500000,0.12746,0.1276,0.12728,0.1276,467,595.3616
1784620560000,0.12777,0.12841,0.12771,0.12828,675,865.5999
1784620620000,0.12826,0.1284,0.128,0.12813,1461,1872.1665
1784620680000,0.12814,0.12829,0.12809,0.12829,108,138.4581
1784620740000,0.12818,0.12833,0.12818,0.12828,381,488.7138
1784620800000,0.12829,0.12829,0.1275,0.12777,1017,1298.5318
1784620860000,0.12772,0.12819,0.12772,0.1279,1988,2542.0417
1784620920000,0.12772,0.12787,0.12728,0.12728,751,958.1104
1784620980000,0.12748,0.12761,0.12727,0.12733,449,572.2776
1784621040000,0.12734,0.1279,0.12734,0.12781,3293,4210.3356
1784621100000,0.12781,0.12798,0.12766,0.12779,904,1155.3947
1784621160000,0.12765,0.12777,0.12711,0.12712,639,813.5245
1784621220000,0.12723,0.12723,0.12626,0.12685,1881,2379.0195
1784621280000,0.12701,0.12701,0.12678,0.12678,2056,2608.2223
1784621340000,0.12656,0.12689,0.12656,0.12679,501,635.1754
1784621400000,0.12682,0.12682,0.12542,0.12595,5940,7480.6481
1784621460000,0.12607,0.12634,0.12525,0.126,890,1120.6009
1784621520000,0.12607,0.12639,0.12526,0.12601,2930,3695.5882
1784621580000,0.12612,0.12717,0.12608,0.12714,973,1229.4397
1784621640000,0.12738,0.12741,0.1272,0.1272,909,1156.9349
1784621700000,0.12728,0.12734,0.12692,0.12694,1126,1430.7784
1784621760000,0.12687,0.12723,0.12682,0.1271,595,755.3959
1784621820000,0.12694,0.12714,0.12672,0.12708,817,1036.8103
1784621880000,0.12689,0.12691,0.12667,0.12678,889,1126.9598
1784621940000,0.12681,0.12694,0.12662,0.1269,6842,8681.0604
1784622000000,0.12696,0.12696,0.12647,0.12647,754,955.2474
1784622060000,0.12618,0.1266,0.12592,0.12647,1340,1691.2948
1784622120000,0.12661,0.12696,0.12641,0.12696,2189,2771.4093
1784622180000,0.12698,0.12732,0.12694,0.12711,301,382.511
1784622240000,0.12724,0.12726,0.12687,0.12714,1513,1921.1467
1784622300000,0.12727,0.12729,0.1271,0.12718,824,1048.0838
1784622360000,0.12706,0.12707,0.12688,0.12705,421,534.8299
1784622420000,0.12687,0.12694,0.12665,0.12675,412,522.1151
1784622480000,0.12668,0.12716,0.12668,0.12709,915,1161.599
1784622540000,0.12715,0.12756,0.1271,0.12756,1370,1743.9588
1784622600000,0.12739,0.12758,0.12713,0.12737,572,728.6687
1784622660000,0.12737,0.12746,0.12711,0.12731,206,262.2493
1784622720000,0.12741,0.1286,0.12741,0.12843,2858,3660.5687
1784622780000,0.1283,0.1283,0.12804,0.12813,759,972.6234
1784622840000,0.12815,0.12858,0.12811,0.12811,1889,2423.2694
1784622900000,0.12827,0.12839,0.12816,0.12839,892,1144.3838
1784622960000,0.12833,0.12833,0.12794,0.12795,903,1157.4727
1784623020000,0.12798,0.12812,0.12749,0.12812,1220,1558.7766
1784623080000,0.12804,0.12811,0.12773,0.1278,522,668.2523
1784623140000,0.12778,0.12821,0.12777,0.12819,982,1257.0207
1784623200000,0.12809,0.12818,0.12796,0.12805,818,1047.6502
1784623260000,0.1281,0.1281,0.12773,0.1279,488,624.5115
1784623320000,0.128,0.12825,0.1276,0.12798,17470,22321.8692
1784623380000,0.1279,0.12816,0.1279,0.12815,149,190.8021
1784623440000,0.128,0.12878,0.12789,0.12846,479,614.899
1784623500000,0.12859,0.12922,0.12836,0.12922,462,595.0052
1784623560000,0.12868,0.12905,0.12856,0.12899,206,265.4318
1784623620000,0.12888,0.12917,0.12888,0.12917,319,411.5236
1784623680000,0.12907,0.12907,0.12888,0.12888,236,304.4059
1784623740000,0.12918,0.12918,0.12873,0.12873,281,362.3428
1784623800000,0.12876,0.12891,0.12876,0.12884,111,143.011
1784623860000,0.12902,0.12902,0.1283,0.1283,197,253.444
1784623920000,0.12843,0.1285,0.12807,0.12807,221,283.6506
1784623980000,0.12795,0.12817,0.12777,0.12817,1104,1411.8583
1784624040000,0.12813,0.12823,0.12797,0.1282,205,262.6257
1784624100000,0.12819,0.12833,0.12788,0.12821,367,469.8971
1784624160000,0.12827,0.12827,0.1278,0.12797,205,262.4098
1784624220000,0.12798,0.12799,0.12785,0.12787,201,257.1011
1784624280000,0.12796,0.12796,0.12778,0.12786,464,593.1136
1784624340000,0.12797,0.12797,0.12773,0.12773,244,311.898
1784624400000,0.12772,0.1279,0.12768,0.1279,452,577.3293
1784624460000,0.12767,0.12821,0.12767,0.12794,169,216.0886
1784624520000,0.12793,0.12809,0.12791,0.12808,204,261.0349
1784624580000,0.12828,0.12828,0.12799,0.12821,342,438.3245
1784624640000,0.12828,0.12859,0.12827,0.12856,2122,2723.5662
1784624700000,0.1287,0.1287,0.12834,0.12834,514,660.1041
1784624760000,0.12815,0.12841,0.12814,0.12832,450,576.9911
1784624820000,0.12826,0.12861,0.12821,0.12858,447,573.59
1784624880000,0.12852,0.12961,0.12852,0.12921,928,1199.3614
1784624940000,0.12907,0.12966,0.12907,0.12963,3185,4128.9649
1784625000000,0.12957,0.12957,0.12916,0.12932,467,603.7131
1784625060000,0.12929,0.12959,0.12929,0.12959,380,491.9134
1784625120000,0.12946,0.12946,0.1291,0.12928,228,294.8501
1784625180000,0.12925,0.12928,0.12913,0.12917,665,858.9794
1784625240000,0.12904,0.12922,0.12897,0.1292,636,821.0206
1784625300000,0.12916,0.12928,0.12913,0.1292,157,202.8258
1784625360000,0.12937,0.12942,0.12925,0.12942,184,237.9814
1784625420000,0.12926,0.1293,0.12906,0.1293,272,351.3087
1784625480000,0.12931,0.12944,0.1291,0.1291,69,89.1946
1784625540000,0.12927,0.12946,0.12895,0.12895,173,223.714
1784625600000,0.12906,0.12916,0.12899,0.12899,191,246.4418
1784625660000,0.12859,0.12863,0.12827,0.12836,484,621.6807
1784625720000,0.12825,0.12837,0.12787,0.1281,324,415.2236
1784625780000,0.12801,0.12868,0.12797,0.12839,1053,1352.3614
1784625840000,0.12847,0.1286,0.12838,0.1284,160,205.4831
1784625900000,0.12848,0.1285,0.12827,0.12841,315,404.461
1784625960000,0.12853,0.12929,0.12828,0.12929,3905,5037.458
1784626020000,0.12938,0.12941,0.12922,0.12922,329,425.5386
1784626080000,0.12905,0.12917,0.12898,0.12898,174,224.553
1784626140000,0.12891,0.1291,0.12878,0.12909,1073,1383.2782
1784626200000,0.12912,0.12912,0.12811,0.1285,2442,3138.8168
1784626260000,0.12849,0.1287,0.1284,0.1287,2176,2796.6757
1784626320000,0.12861,0.12879,0.12842,0.12879,235,302.0926
1784626380000,0.12872,0.12921,0.12872,0.12912,363,467.9537
1784626440000,0.12911,0.12914,0.12904,0.12904,160,206.5258
1784626500000,0.12892,0.12895,0.12875,0.12894,171,220.3306
1784626560000,0.12898,0.12946,0.12889,0.12946,119,153.5255
1784626620000,0.12929,0.12955,0.12907,0.12907,185,239.2358
1784626680000,0.12903,0.12942,0.12903,0.12926,582,752.5395
1784626740000,0.12919,0.12938,0.12904,0.12904,624,806.2873
1784626800000,0.12904,0.12904,0.1287,0.12884,602,775.6382
1784626860000,0.12877,0.12892,0.12877,0.12892,244,314.3107
1784626920000,0.12888,0.12888,0.12827,0.12827,415,533.1141
1784626980000,0.12829,0.12858,0.1282,0.1282,172,220.7199
1784627040000,0.12828,0.12835,0.12809,0.1282,338,433.292
1784627100000,0.12815,0.12815,0.12797,0.12814,188,240.7954
1784627160000,0.12814,0.12817,0.12792,0.12814,235,301.0199
1784627220000,0.12828,0.12841,0.12801,0.12801,716,917.4479
1784627280000,0.12787,0.12818,0.12778,0.12818,200,255.9375
1784627340000,0.12808,0.12828,0.12792,0.1282,349,447.2299
1784627400000,0.12832,0.12832,0.12794,0.12804,635,813.4773
1784627460000,0.12798,0.12806,0.12763,0.12766,2302,2945.6867
1784627520000,0.12763,0.1278,0.12763,0.12771,131,167.3128
1784627580000,0.12773,0.12795,0.12773,0.12795,221,282.6203
1784627640000,0.12779,0.12783,0.12757,0.12758,709,905.369
1784627700000,0.12774,0.12774,0.12756,0.12756,152,194.062
1784645760000,0.12991,0.12998,0.1298,0.12983,1333,1730.3896
1784645820000,0.12986,0.12999,0.12986,0.12999,405,526.243
1784645880000,0.12995,0.13015,0.1299,0.13001,273,355.0342
1784645940000,0.13006,0.1302,0.12992,0.12994,2171,2822.5081
1784646000000,0.12993,0.12993,0.12907,0.12934,1336,1728.1168
1784646060000,0.12926,0.12926,0.12873,0.12874,287,370.0375
1784646120000,0.12878,0.12893,0.1286,0.12866,527,679.0213
1784646180000,0.12854,0.12875,0.12854,0.12871,1426,1834.3477
1784646240000,0.12893,0.129,0.12747,0.12773,2074,2652.2925
1784646300000,0.12774,0.12848,0.12774,0.12828,615,786.6655
1784646360000,0.12837,0.12846,0.12811,0.12837,1055,1353.0437
1784646420000,0.12846,0.12846,0.12822,0.12839,479,614.523
1784646480000,0.12842,0.12866,0.12841,0.12851,135,173.4733
1784646540000,0.12857,0.1286,0.12821,0.12821,340,436.8574
1784646600000,0.12814,0.12825,0.12783,0.12814,237,303.5238
1784646660000,0.12821,0.12863,0.12821,0.12834,3339,4291.6598
1784646720000,0.12826,0.12838,0.12823,0.12824,163,209.1202
1784646780000,0.12834,0.12861,0.12834,0.12861,429,551.2041
1784646840000,0.12838,0.12878,0.12821,0.12854,1640,2107.5651
1784646900000,0.12859,0.1287,0.12847,0.12858,115,147.8582
1784646960000,0.12866,0.1287,0.12863,0.12863,55,70.7668
1784647020000,0.12875,0.12882,0.12858,0.12867,442,568.909
1784647080000,0.12842,0.12842,0.12831,0.1284,348,446.8299
1784647140000,0.12852,0.12901,0.12846,0.12895,488,628.5334
1784647200000,0.12911,0.12925,0.12897,0.12903,876,1131.1765
1784647260000,0.12903,0.12914,0.12898,0.12905,803,1036.2208
1784647320000,0.12899,0.12917,0.12894,0.12895,354,456.8644
1784647380000,0.12901,0.12909,0.12896,0.12896,118,152.2597
1784647440000,0.12902,0.12927,0.12902,0.12927,88,113.6581
1784647500000,0.12904,0.12925,0.12904,0.12925,178,229.8477
1784647560000,0.12925,0.12925,0.12891,0.12923,144,185.9769
1784647620000,0.12925,0.12942,0.12915,0.12942,4331,5600.0003
1784647680000,0.12932,0.12944,0.12889,0.12901,379,489.0134
1784647740000,0.12917,0.1294,0.12901,0.12929,64,82.6948
1784647800000,0.12954,0.1296,0.12925,0.12925,174,225.2426
1784647860000,0.12933,0.12936,0.12914,0.12919,184,237.8134
1784647920000,0.12929,0.12929,0.12878,0.1291,1885,2429.8572
1784647980000,0.12928,0.1293,0.12895,0.1291,115,148.4154
1784648040000,0.12904,0.12941,0.12893,0.12928,728,939.7901
1784648100000,0.12924,0.12936,0.12904,0.12913,333,429.9122
1784648160000,0.12919,0.12937,0.1291,0.12934,2555,3303.6958
1784648220000,0.1294,0.12954,0.12934,0.12953,662,856.9141
1784648280000,0.12946,0.12992,0.12946,0.1298,202,261.8418
1784648340000,0.12984,0.13063,0.12971,0.13063,1041,1353.8898
1784648400000,0.13053,0.13172,0.1304,0.13119,2126,2784.523
1784648460000,0.13117,0.13142,0.13113,0.13138,373,489.905
1784648520000,0.13148,0.13151,0.13132,0.13142,331,435.0299
1784648580000,0.13139,0.13164,0.13139,0.13143,154,202.4915
1784648640000,0.13145,0.1315,0.13124,0.13137,541,710.3631
1784648700000,0.13137,0.13225,0.13137,0.13219,1894,2499.5502
1784648760000,0.13274,0.13321,0.13236,0.13236,656,872.5588
1784648820000,0.13222,0.13239,0.13217,0.13228,438,579.4853
1784648880000,0.13234,0.13246,0.13222,0.13246,552,730.4326
1784648940000,0.13233,0.13299,0.13226,0.13259,332,440.6977
1784649000000,0.13255,0.13308,0.13243,0.13296,606,803.9122
1784649060000,0.13287,0.13287,0.13177,0.13194,1868,2467.1885
1784649120000,0.13195,0.13195,0.13137,0.13167,720,947.527
1784649180000,0.13178,0.13299,0.13178,0.13273,1093,1449.6004
1784649240000,0.13281,0.13422,0.13281,0.13326,5582,7445.3385
1784649300000,0.1333,0.13409,0.1333,0.13409,785,1050.6594
1784649360000,0.13393,0.13434,0.13378,0.13423,2327,3119.0515
1784649420000,0.13383,0.13428,0.13382,0.13428,431,577.1503
1784649480000,0.13419,0.13738,0.13419,0.13583,14005,19055.9209
1784649540000,0.13572,0.13651,0.13525,0.13561,4423,6016.3789
1784649600000,0.13578,0.13629,0.13554,0.13629,2228,3028.2434
1784649660000,0.13624,0.13625,0.13404,0.13404,4855,6593.0688
1784649720000,0.13437,0.13447,0.13374,0.13382,6033,8086.0581
1784649780000,0.13378,0.13378,0.13323,0.13341,666,889.6481
1784649840000,0.13343,0.13366,0.13313,0.1334,981,1309.7702
1784649900000,0.13344,0.13356,0.13328,0.13329,136,181.4271
1784649960000,0.1332,0.13352,0.1332,0.13352,53,70.6824
1784650020000,0.13349,0.13405,0.13349,0.13378,110,147.1326
1784650080000,0.13407,0.13407,0.13344,0.13367,298,398.9704
1784650140000,0.13353,0.1338,0.13303,0.13318,590,787.986
1784650200000,0.13307,0.13456,0.13307,0.13376,7774,10447.7728
1784650260000,0.13387,0.13397,0.13264,0.13271,2547,3393.1007
1784650320000,0.13275,0.13315,0.13275,0.13305,238,316.4073
1784650380000,0.13287,0.13287,0.13204,0.13227,630,833.6311
1784650440000,0.13227,0.13265,0.13217,0.13237,309,409.2083
1784650500000,0.13239,0.13255,0.13236,0.13255,132,174.8215
1784650560000,0.13249,0.1335,0.13249,0.13324,6275,8344.8275
1784650620000,0.13324,0.13354,0.13322,0.13322,239,318.7164
1784650680000,0.13327,0.13372,0.13326,0.13368,199,265.7794
1784650740000,0.13339,0.1339,0.13339,0.1339,2869,3838.9772
1784650800000,0.1339,0.13482,0.1339,0.13455,4513,6064.6929
1784650860000,0.13476,0.13478,0.13437,0.13474,675,908.506
1784650920000,0.13459,0.13459,0.13397,0.13418,1006,1350.5983
1784650980000,0.13418,0.13436,0.13401,0.13433,442,593.5695
1784651040000,0.13442,0.13444,0.13372,0.13372,572,767.4346
1784651100000,0.13357,0.13357,0.13261,0.13298,810,1078.254
1784651160000,0.13304,0.13304,0.1327,0.13292,235,312.1865
1784651220000,0.1328,0.1328,0.13241,0.13254,933,1236.5872
1784651280000,0.1325,0.13294,0.13245,0.13253,873,1158.2418
1784651340000,0.13253,0.13263,0.13228,0.13228,497,658.7153
1784651400000,0.13238,0.13252,0.13165,0.13174,2141,2824.4353
1784651460000,0.13183,0.13204,0.13149,0.13199,1066,1404.5784
1784651520000,0.13212,0.13224,0.1319,0.13207,1453,1918.8794
1784651580000,0.13213,0.13213,0.13164,0.1318,820,1080.1366
1784651640000,0.13187,0.13199,0.1317,0.13199,116,152.946
1784651700000,0.13203,0.13232,0.132,0.13201,725,958.2689
1784651760000,0.13205,0.13215,0.13194,0.1321,296,390.9589
1784651820000,0.13197,0.13218,0.13197,0.13201,186,245.5603
1784651880000,0.13202,0.13202,0.13127,0.13133,660,868.1591
1784651940000,0.13105,0.13168,0.1309,0.13168,2167,2841.342
1784652000000,0.13175,0.13211,0.13175,0.13193,661,872.4339
1784652060000,0.13198,0.13225,0.13198,0.13225,130,171.7969
1784652120000,0.13243,0.13258,0.13221,0.13233,205,271.2637
1784652180000,0.13224,0.13313,0.13206,0.13299,4947,6562.5092
1784652240000,0.13297,0.13316,0.13297,0.13303,534,710.3209
1784652300000,0.1331,0.13317,0.13234,0.13243,503,666.9287
1784652360000,0.13212,0.13212,0.13193,0.13201,771,1017.9961
1784652420000,0.13206,0.13314,0.13206,0.13312,2977,3941.4397
1784652480000,0.13306,0.13311,0.13288,0.13311,643,854.8927
1784652540000,0.13298,0.13363,0.13298,0.13341,306,407.9134
1784652600000,0.13324,0.13339,0.13319,0.13337,195,259.881
1784652660000,0.13339,0.13372,0.13326,0.1335,958,1278.2081
1784652720000,0.13358,0.13459,0.13358,0.13448,828,1109.702
1784652780000,0.13441,0.13542,0.13441,0.13471,2669,3598.9975
1784652840000,0.13447,0.13487,0.13438,0.13487,787,1058.7064
1784652900000,0.13483,0.13489,0.13453,0.13475,362,487.7853
1784652960000,0.13491,0.13491,0.13454,0.13454,335,451.3372
1784653020000,0.1344,0.1344,0.13427,0.13427,125,167.9388
1784653080000,0.13421,0.13441,0.13396,0.13404,562,753.9754
1784653140000,0.13407,0.13407,0.13365,0.13365,197,263.7907
1784653200000,0.13398,0.13409,0.13393,0.13393,569,762.5864
1784653260000,0.13404,0.13415,0.13365,0.13365,636,851.3376
1784653320000,0.13383,0.13405,0.13364,0.13405,408,545.9609
1784653380000,0.13405,0.13411,0.13393,0.13403,621,832.4447
1784653440000,0.13414,0.13422,0.13388,0.13388,494,662.484
1784653500000,0.13395,0.13421,0.1338,0.13389,290,388.5683
1784653560000,0.13397,0.13419,0.1339,0.13419,403,540.2209
1784653620000,0.13417,0.13447,0.13417,0.13436,574,771.2492
1784653680000,0.13419,0.13472,0.13394,0.13472,855,1149.4079
1784653740000,0.13474,0.13481,0.13454,0.13458,524,705.8447
1784653800000,0.13446,0.13458,0.13399,0.1341,255,342.0491
1784653860000,0.13434,0.13434,0.13408,0.13417,158,212.0001
1784653920000,0.13426,0.13429,0.13398,0.13405,163,218.6471
1784653980000,0.1342,0.13461,0.13419,0.13461,222,298.2592
1784654040000,0.13437,0.13459,0.13437,0.13459,279,375.306
1784654100000,0.13475,0.13492,0.13457,0.13492,319,429.6208
1784654160000,0.13467,0.13486,0.13467,0.13486,199,268.2364
1784654220000,0.13482,0.13482,0.13452,0.13464,1997,2688.5706
1784654280000,0.1346,0.135,0.1346,0.135,1130,1523.5723
1784654340000,0.13504,0.1358,0.13504,0.1358,4186,5670.5864
1784654400000,0.13579,0.13579,0.135,0.13501,1320,1787.0611
1784654460000,0.13514,0.13524,0.13514,0.13523,296,400.2475
1784654520000,0.13471,0.13482,0.13467,0.1347,151,203.4598
1784654580000,0.13501,0.13508,0.13474,0.13491,620,836.3269
1784654640000,0.135,0.13516,0.13493,0.13493,332,448.2547
1784654700000,0.13489,0.13489,0.13395,0.13395,733,985.7886
1784654760000,0.13393,0.13393,0.13335,0.13366,1769,2363.3178
1784654820000,0.13379,0.13395,0.13372,0.13394,161,215.515
1784654880000,0.13405,0.13405,0.13317,0.13317,353,471.4669
1784654940000,0.13339,0.13354,0.13331,0.13342,729,973.0109
1784655000000,0.13351,0.13404,0.13351,0.13394,645,863.2166
1784655060000,0.13402,0.1348,0.13402,0.13435,829,1113.9592
1784655120000,0.1344,0.1344,0.13386,0.13416,505,677.4026
1784655180000,0.13412,0.13445,0.13401,0.13401,713,956.6132
1784655240000,0.13395,0.13409,0.13375,0.13397,594,795.4069
1784655300000,0.13385,0.13388,0.13338,0.13364,1608,2148.888
1784655360000,0.13373,0.13373,0.13326,0.13331,206,275.0197
1784655420000,0.13337,0.13337,0.13277,0.13296,2019,2684.0723
1784655480000,0.13299,0.13318,0.13292,0.13294,7137,9490.5312
1784655540000,0.13296,0.13313,0.13281,0.13313,725,964.0796
1784655600000,0.13318,0.13354,0.13311,0.13317,169,225.367
1784655660000,0.1331,0.13325,0.13301,0.1332,160,213.0439
1784655720000,0.13303,0.13308,0.13287,0.13301,806,1071.5157
1784655780000,0.13296,0.1333,0.13296,0.13315,465,619.3863
1784655840000,0.1331,0.13318,0.13291,0.13299,518,689.3789
1784655900000,0.13309,0.13343,0.13301,0.13323,274,364.8592
1784655960000,0.13335,0.1335,0.13229,0.13237,2019,2682.1951
1784656020000,0.13253,0.13332,0.13246,0.1328,3162,4207.3575
1784656080000,0.13289,0.1336,0.13289,0.13341,5324,7109.3401
1784656140000,0.13328,0.13348,0.13321,0.13321,186,248.0695
1784656200000,0.1334,0.1334,0.1331,0.13331,99,131.9164
1784656260000,0.13341,0.13373,0.13336,0.1337,1039,1387.3519
1784656320000,0.13369,0.13382,0.13358,0.13375,163,217.9679
1784656380000,0.13386,0.13406,0.13361,0.13378,429,573.6661
1784656440000,0.13384,0.13394,0.13366,0.13394,2732,3654.5373
1784656500000,0.13387,0.13388,0.13379,0.13387,310,414.977
1784656560000,0.13369,0.13369,0.13262,0.13301,1076,1434.0386
1784656620000,0.13299,0.13307,0.1328,0.13296,642,853.7169
1784656680000,0.13304,0.13304,0.13265,0.13265,463,614.5846
1784656740000,0.13281,0.13356,0.13277,0.13333,388,516.0698
1784656800000,0.13334,0.13345,0.13322,0.13324,182,242.6145
1784656860000,0.13341,0.13341,0.13298,0.13298,1028,1370.8652
1784656920000,0.1331,0.13341,0.13302,0.13341,184,244.968
1784656980000,0.13342,0.13343,0.13309,0.13329,201,267.8741
1784657040000,0.13332,0.13333,0.13309,0.13333,330,439.6472
1784657100000,0.13324,0.13333,0.13315,0.13319,931,1240.2165
1784657160000,0.13319,0.13323,0.13312,0.13322,956,1273.1106
1784657220000,0.13324,0.13338,0.13309,0.13338,104,138.5645
1784657280000,0.13339,0.13339,0.13297,0.13306,116,154.3701
1784657340000,0.13314,0.13361,0.13314,0.13361,794,1058.3194
1784657400000,0.13363,0.13376,0.13318,0.13318,531,708.6555
1784657460000,0.13285,0.13315,0.13282,0.13315,113,150.3034
1784657520000,0.13295,0.13295,0.13273,0.13273,152,201.9173
1784657580000,0.13272,0.13303,0.13271,0.1328,361,479.7017
1784657640000,0.13287,0.13294,0.1328,0.13294,206,273.6486
1784657700000,0.13301,0.13338,0.13301,0.13321,363,483.1717
1784675760000,0.1399,0.14031,0.13986,0.14019,901,1260.9171
1784675820000,0.14008,0.14021,0.13983,0.1402,1232,1724.6533
1784675880000,0.1401,0.1401,0.13927,0.13927,1019,1421.5843
1784675940000,0.13936,0.13947,0.13902,0.13926,1236,1721.5403
1784676000000,0.13912,0.13917,0.13841,0.13901,6004,8328.2883
1784676060000,0.1391,0.13934,0.13899,0.13926,111,154.4881
1784676120000,0.13925,0.13929,0.13904,0.13924,183,254.6999
1784676180000,0.13927,0.14039,0.13927,0.14039,389,544.6202
1784676240000,0.14006,0.14055,0.13995,0.14052,413,579.5919
1784676300000,0.14037,0.14037,0.13983,0.13983,605,848.2227
1784676360000,0.13993,0.14008,0.13958,0.13958,241,337.0341
1784676420000,0.13982,0.13982,0.13952,0.13952,481,671.8664
1784676480000,0.13915,0.13915,0.13872,0.13882,1059,1470.4117
1784676540000,0.13908,0.13924,0.13867,0.13867,497,690.4515
1784676600000,0.13889,0.13911,0.13886,0.13911,59,81.9728
1784676660000,0.13907,0.13991,0.13901,0.13974,2297,3204.8778
1784676720000,0.13966,0.13966,0.13921,0.13921,250,348.9016
1784676780000,0.13933,0.13936,0.13919,0.13936,196,272.9754
1784676840000,0.13928,0.13937,0.13914,0.13914,334,465.2835
1784676900000,0.13908,0.13916,0.13907,0.13907,59,82.0763
1784676960000,0.13948,0.13978,0.13941,0.13948,1178,1644.1886
1784677020000,0.1394,0.1394,0.13918,0.13926,137,190.7757
1784677080000,0.13931,0.13931,0.13724,0.13781,4026,5550.3876
1784677140000,0.13805,0.13812,0.13792,0.13811,715,986.7571
1784677200000,0.13812,0.13813,0.13775,0.1378,478,659.6038
1784677260000,0.13796,0.13824,0.13789,0.13808,510,703.7798
1784677320000,0.13827,0.13846,0.13825,0.13834,327,452.5474
1784677380000,0.1383,0.1383,0.13784,0.13784,87,120.0905
1784677440000,0.13775,0.13804,0.13731,0.13804,1068,1469.3113
1784677500000,0.1379,0.13811,0.13779,0.13789,349,481.4498
1784677560000,0.1379,0.138,0.13744,0.13744,373,513.9264
1784677620000,0.13754,0.13836,0.13754,0.13807,858,1183.6091
1784677680000,0.13806,0.13835,0.13794,0.13835,497,686.7308
1784677740000,0.13865,0.13875,0.13853,0.13873,576,798.4946
1784677800000,0.13869,0.13883,0.13836,0.13839,264,366.0533
1784677860000,0.13818,0.13883,0.13812,0.13882,180,249.3957
1784677920000,0.13882,0.13909,0.13863,0.13891,619,859.1136
1784677980000,0.1389,0.13903,0.13869,0.13879,769,1067.7405
1784678040000,0.13876,0.13907,0.13876,0.13889,218,302.8472
1784678100000,0.13882,0.13925,0.13882,0.13925,153,212.8136
1784678160000,0.13925,0.13925,0.13903,0.13903,343,477.3577
1784678220000,0.13914,0.13915,0.13891,0.13899,244,339.2661
1784678280000,0.13903,0.13903,0.13801,0.13833,881,1220.2415
1784678340000,0.13843,0.13863,0.13789,0.13801,300,414.9665
1784678400000,0.13812,0.13824,0.13753,0.13824,872,1201.3031
1784678460000,0.13809,0.13845,0.13796,0.1384,990,1367.4202
1784678520000,0.1382,0.13841,0.13777,0.13841,1154,1594.2104
1784678580000,0.13833,0.13942,0.13833,0.1389,1243,1726.1504
1784678640000,0.13875,0.13875,0.1378,0.1379,1751,2414.4999
1784678700000,0.13792,0.13807,0.13739,0.13793,2238,3080.7059
1784678760000,0.13849,0.13907,0.13834,0.13834,1184,1642.7699
1784678820000,0.13824,0.13824,0.13784,0.13793,199,274.6794
1784678880000,0.13777,0.13808,0.13756,0.13785,590,813.1987
1784678940000,0.13812,0.13882,0.13801,0.13845,865,1196.3943
1784679000000,0.13832,0.139,0.13815,0.13832,2398,3322.8938
1784679060000,0.13818,0.13904,0.13812,0.13857,4111,5696.0712
1784679120000,0.13846,0.13911,0.13846,0.13906,2424,3364.5337
1784679180000,0.13894,0.13894,0.13795,0.13796,2864,3965.6504
1784679240000,0.13823,0.1391,0.13811,0.1391,2031,2818.9241
1784679300000,0.13899,0.1392,0.13899,0.13904,498,692.5747
1784679360000,0.13889,0.13919,0.13852,0.13919,328,455.4417
1784679420000,0.13949,0.14027,0.13949,0.14019,514,719.4114
1784679480000,0.14001,0.14044,0.13997,0.14012,1411,1977.0858
1784679540000,0.14011,0.14209,0.14001,0.14102,6776,9542.8883
1784679600000,0.14082,0.14119,0.14021,0.141,4257,5987.2463
1784679660000,0.14105,0.14157,0.1409,0.14114,2867,4048.0057
1784679720000,0.14106,0.14255,0.14106,0.14209,1060,1504.1644
1784679780000,0.1422,0.14224,0.14183,0.14206,1996,2836.7599
1784679840000,0.14227,0.14322,0.142,0.14269,1332,1897.1495
1784679900000,0.14248,0.14319,0.14231,0.14287,2186,3119.157
1784679960000,0.1429,0.14373,0.1429,0.14325,1831,2623.3699
1784680020000,0.14322,0.14342,0.14311,0.14331,245,351.0422
1784680080000,0.14327,0.14382,0.14326,0.14338,3152,4521.1189
1784680140000,0.14341,0.14341,0.14235,0.14273,3744,5345.0263
1784680200000,0.14281,0.14295,0.14228,0.14241,2876,4096.1973
1784680260000,0.14267,0.14394,0.14267,0.14383,2561,3671.3979
1784680320000,0.144,0.14412,0.14305,0.14382,4284,6155.6161
1784680380000,0.14381,0.14394,0.14309,0.14378,4271,6132.3303
1784680440000,0.14376,0.14376,0.14317,0.14329,616,883.6964
1784680500000,0.14343,0.14444,0.14343,0.14413,2710,3901.1272
1784680560000,0.14406,0.14453,0.14399,0.14453,4213,6075.9606
1784680620000,0.14457,0.14532,0.14412,0.14416,5520,7985.4948
1784680680000,0.14421,0.14503,0.14415,0.14449,2587,3741.6949
1784680740000,0.14421,0.1448,0.14421,0.14469,1363,1972.8858
1784680800000,0.14451,0.14485,0.14365,0.1438,2299,3322.2067
1784680860000,0.14366,0.14366,0.14178,0.1422,4676,6675.3367
1784680920000,0.14231,0.14304,0.14184,0.14304,2860,4078.965
1784680980000,0.14306,0.14461,0.14306,0.14416,3934,5665.5152
1784681040000,0.14444,0.1445,0.14325,0.14325,1380,1982.9981
1784681100000,0.14323,0.14416,0.14323,0.14416,1534,2203.9037
1784681160000,0.1441,0.14439,0.14399,0.14421,5867,8463.4948
1784681220000,0.14423,0.14426,0.14392,0.14394,711,1023.817
1784681280000,0.14399,0.14443,0.14228,0.14251,10436,14951.6419
1784681340000,0.14243,0.14314,0.14217,0.14225,5672,8097.547
1784681400000,0.14239,0.14245,0.14178,0.14233,1455,2067.7035
1784681460000,0.14232,0.14292,0.14216,0.14216,7168,10222.7035
1784681520000,0.14205,0.143,0.142,0.14271,2447,3492.6494
1784681580000,0.14256,0.14256,0.14212,0.14232,1900,2703.1354
1784681640000,0.14236,0.14236,0.14128,0.14176,3958,5612.9386
1784681700000,0.14182,0.14224,0.14179,0.14224,787,1118.136
1784681760000,0.1424,0.14245,0.14122,0.14191,4899,6938.7457
1784681820000,0.14175,0.14211,0.14128,0.14204,3376,4784.9531
1784681880000,0.1422,0.1423,0.14122,0.14145,3508,4969.9673
1784681940000,0.14148,0.14197,0.14117,0.1413,4017,5688.6742
1784682000000,0.14133,0.14154,0.14079,0.14079,3470,4897.1274
1784682060000,0.14098,0.14182,0.14095,0.1416,3446,4874.4559
1784682120000,0.14169,0.1424,0.14169,0.14219,2177,3094.3325
1784682180000,0.14224,0.14276,0.14174,0.14231,2764,3930.9993
1784682240000,0.14224,0.1431,0.14215,0.1431,1367,1949.9869
1784682300000,0.14312,0.14312,0.14272,0.14294,1098,1569.4544
1784682360000,0.14297,0.14326,0.14234,0.14326,2349,3352.3561
1784682420000,0.14317,0.1433,0.14304,0.14305,569,814.5692
1784682480000,0.1432,0.14408,0.1432,0.14408,665,956.6951
1784682540000,0.14395,0.14471,0.14391,0.14433,1620,2337.3339
1784682600000,0.14446,0.14612,0.14446,0.14511,8852,12877.6326
1784682660000,0.14495,0.1456,0.1442,0.14519,3334,4831.787
1784682720000,0.14591,0.14717,0.14539,0.14684,2106,3078.929
1784682780000,0.14688,0.14727,0.14684,0.147,1588,2333.9818
1784682840000,0.14702,0.14739,0.14643,0.1468,4279,6286.5609
1784682900000,0.14674,0.14793,0.14674,0.14739,1407,2075.4538
1784682960000,0.14756,0.14756,0.14644,0.14705,2197,3223.8275
1784683020000,0.14698,0.14722,0.14637,0.14722,6746,9894.2318
1784683080000,0.14745,0.14817,0.1472,0.14784,6259,9244.5183
1784683140000,0.14804,0.14804,0.1465,0.14682,1188,1753.1205
1784683200000,0.14692,0.14732,0.14692,0.14704,396,582.5463
1784683260000,0.14716,0.14842,0.14716,0.14806,2529,3742.9335
1784683320000,0.14819,0.14836,0.14721,0.14829,3334,4924.824
1784683380000,0.14832,0.14842,0.1473,0.14806,3982,5888.1684
1784683440000,0.1478,0.1478,0.14679,0.1471,2834,4172.1942
1784683500000,0.14714,0.14728,0.14663,0.14666,2591,3809.7768
1784683560000,0.14656,0.14656,0.14551,0.14582,6624,9670.1142
1784683620000,0.14598,0.14705,0.14592,0.14689,3192,4665.437
1784683680000,0.14691,0.14803,0.14691,0.14801,4646,6844.9686
1784683740000,0.14812,0.14918,0.1473,0.14771,12138,17976.4144
1784683800000,0.14767,0.14805,0.14736,0.14799,3081,4552.3196
1784683860000,0.14778,0.14914,0.14774,0.1481,2057,3055.3463
1784683920000,0.14811,0.14842,0.14809,0.14837,975,1445.7304
1784683980000,0.14841,0.14923,0.1481,0.14886,5112,7602.8025
1784684040000,0.14902,0.1491,0.14824,0.14847,2468,3663.094
1784684100000,0.14874,0.14922,0.14815,0.14922,1721,2559.2928
1784684160000,0.14867,0.14886,0.14748,0.14789,7417,10998.9197
1784684220000,0.14786,0.14786,0.14641,0.14646,4445,6537.4533
1784684280000,0.14637,0.14732,0.14618,0.14645,4584,6722.4791
1784684340000,0.14645,0.14746,0.14645,0.14693,5616,8253.7173
1784684400000,0.14711,0.14718,0.14669,0.14699,2315,3403.097
1784684460000,0.14684,0.14684,0.14549,0.1459,3224,4713.7425
1784684520000,0.14576,0.14576,0.145,0.14534,1591,2313.6107
1784684580000,0.14534,0.14534,0.14427,0.14494,3770,5456.351
1784684640000,0.14462,0.14533,0.14462,0.14533,1067,1547.7188
1784684700000,0.14532,0.14532,0.14485,0.14496,471,682.8572
1784684760000,0.14512,0.14541,0.14506,0.14509,619,898.379
1784684820000,0.14498,0.14498,0.14436,0.14445,871,1259.5244
1784684880000,0.14451,0.14528,0.14431,0.14451,6880,9958.8233
1784684940000,0.14453,0.14457,0.14415,0.14428,1633,2357.4512
1784685000000,0.14418,0.14431,0.14339,0.1434,2651,3811.7445
1784685060000,0.14346,0.14433,0.14345,0.14393,3930,5651.7142
1784685120000,0.14355,0.14356,0.143,0.1433,2404,3448.1314
1784685180000,0.14321,0.1441,0.14319,0.14369,765,1099.3554
1784685240000,0.1438,0.14443,0.1438,0.14443,705,1015.5443
1784685300000,0.14462,0.14532,0.14462,0.14532,2086,3022.9195
1784685360000,0.14506,0.1461,0.14499,0.14572,1446,2106.3743
1784685420000,0.14528,0.14529,0.14457,0.14493,450,652.7587
1784685480000,0.14496,0.14513,0.14481,0.14513,161,233.36
1784685540000,0.14481,0.1454,0.14481,0.1454,487,707.1075
1784685600000,0.14522,0.14561,0.14495,0.14501,1080,1570.4701
1784685660000,0.14509,0.14663,0.14509,0.14635,429,627.1688
1784685720000,0.14607,0.14675,0.14587,0.14653,672,981.5406
1784685780000,0.14651,0.14651,0.14617,0.14621,429,627.7287
1784685840000,0.14621,0.14621,0.14567,0.14594,933,1362.6626
1784685900000,0.14575,0.14659,0.14543,0.14659,3401,4957.1682
1784685960000,0.1464,0.1464,0.14589,0.14597,487,711.8924
1784686020000,0.14603,0.14622,0.14589,0.14604,861,1257.2035
1784686080000,0.14597,0.14597,0.14457,0.14538,1461,2117.5889
1784686140000,0.14558,0.14643,0.14546,0.14625,871,1272.1861
1784686200000,0.14657,0.14709,0.14657,0.14706,407,597.4721
1784686260000,0.14695,0.14739,0.14663,0.14685,555,815.4837
1784686320000,0.14684,0.14774,0.14671,0.14693,3847,5659.7473
1784686380000,0.14693,0.14712,0.1468,0.1469,1509,2218.5586
1784686440000,0.14675,0.14795,0.14672,0.14782,3145,4633.2457
1784686500000,0.14777,0.14811,0.14725,0.14725,1392,2053.0394
1784686560000,0.1472,0.14793,0.14707,0.14748,1066,1572.8225
1784686620000,0.14741,0.14765,0.14719,0.14765,689,1015.7508
1784686680000,0.14773,0.14783,0.14733,0.14733,669,987.1299
1784686740000,0.14723,0.14741,0.14701,0.14701,1433,2109.3452
1784686800000,0.14724,0.14799,0.1472,0.14774,714,1053.4568
1784686860000,0.14804,0.14804,0.14764,0.14769,922,1362.661
1784686920000,0.14773,0.14804,0.14764,0.14793,1111,1641.233
1784686980000,0.14778,0.14785,0.14759,0.14767,545,805.0741
1784687040000,0.14802,0.14802,0.14746,0.14746,1859,2742.6925
1784687100000,0.14757,0.14757,0.14701,0.14711,1400,2064.6931
1784687160000,0.14745,0.14802,0.14745,0.14788,243,359.0614
1784687220000,0.14751,0.1477,0.14751,0.14767,119,175.7065
1784687280000,0.14774,0.148,0.14773,0.14785,716,1058.6727
1784687340000,0.14783,0.14978,0.14773,0.14976,3087,4592.2031
1784687400000,0.14972,0.15019,0.14879,0.14879,4144,6205.6858
1784687460000,0.14883,0.14905,0.14823,0.149,676,1005.2526
1784687520000,0.14848,0.14874,0.14796,0.14817,818,1212.1291
1784687580000,0.14809,0.1488,0.14797,0.14834,4775,7079.5272
1784687640000,0.14834,0.1484,0.14709,0.14731,2852,4213.4664
1784687700000,0.14732,0.14743,0.14667,0.14743,1553,2282.5964
1784705760000,0.15309,0.15518,0.15309,0.15515,945,1458.755
1784705820000,0.15474,0.15478,0.15404,0.15422,2177,3359.3759
1784705880000,0.15446,0.15471,0.15379,0.15401,1111,1714.9207
1784705940000,0.15416,0.15444,0.15337,0.15337,118,181.7695
1784706000000,0.15352,0.15431,0.15347,0.15431,602,927.1328
1784706060000,0.15459,0.15493,0.15445,0.15479,511,790.1931
1784706120000,0.15457,0.15457,0.15362,0.15367,164,252.9475
1784706180000,0.15373,0.15426,0.15353,0.15426,353,542.4842
1784706240000,0.1542,0.1542,0.15366,0.15386,637,980.7435
1784706300000,0.1538,0.15437,0.15368,0.15431,821,1264.8139
1784706360000,0.15421,0.15451,0.15385,0.15451,3932,6056.5564
1784706420000,0.15471,0.15471,0.15394,0.15445,925,1429.1738
1784706480000,0.15433,0.15505,0.15416,0.15416,734,1134.0597
1784706540000,0.15424,0.15424,0.1535,0.15413,560,862.1872
1784706600000,0.15393,0.15393,0.15239,0.15287,1217,1859.5871
1784706660000,0.15305,0.15503,0.15305,0.15479,412,634.2122
1784706720000,0.15481,0.1556,0.1546,0.1556,2595,4028.7633
1784706780000,0.15532,0.1559,0.15518,0.15552,334,519.5808
1784706840000,0.15547,0.157,0.15547,0.15614,6683,10466.8836
1784706900000,0.15605,0.15605,0.15555,0.15582,190,296.1563
1784706960000,0.15586,0.15616,0.15491,0.15562,2606,4046.5622
1784707020000,0.15546,0.15656,0.15546,0.15656,415,648.577
1784707080000,0.15643,0.15643,0.15589,0.15628,709,1107.3315
1784707140000,0.1564,0.15691,0.15589,0.15601,550,859.6901
1784707200000,0.15594,0.15638,0.15535,0.15613,7731,12075.2248
1784707260000,0.15583,0.15613,0.15477,0.15574,8547,13264.9078
1784707320000,0.15581,0.15827,0.15581,0.15784,6059,9560.7843
1784707380000,0.1578,0.15931,0.15749,0.15838,2235,3540.2421
1784707440000,0.15844,0.15846,0.15707,0.15733,3035,4789.7597
1784707500000,0.15734,0.15819,0.15675,0.15774,1282,2020.7785
1784707560000,0.15783,0.15783,0.15712,0.15735,1051,1655.3502
1784707620000,0.15644,0.15723,0.1563,0.15683,1552,2437.1605
1784707680000,0.15683,0.15787,0.15683,0.15787,228,358.6841
1784707740000,0.15784,0.15815,0.15574,0.15574,1549,2426.9055
1784707800000,0.15529,0.15529,0.15361,0.15391,2418,3726.7526
1784707860000,0.15408,0.15465,0.1533,0.1533,2417,3720.3834
1784707920000,0.1535,0.15423,0.15322,0.15381,787,1209.7974
1784707980000,0.15383,0.15501,0.15356,0.15501,568,873.3421
1784708040000,0.1549,0.15642,0.1549,0.15615,2105,3272.6251
1784708100000,0.15621,0.15784,0.15605,0.15739,1413,2220.3394
1784708160000,0.15751,0.1585,0.15751,0.15795,1390,2197.5031
1784708220000,0.15801,0.15843,0.15732,0.15796,976,1541.3439
1784708280000,0.15785,0.15822,0.15758,0.15794,354,558.8272
1784708340000,0.15777,0.15777,0.15616,0.15694,1159,1818.0525
1784708400000,0.15692,0.158,0.15682,0.15781,830,1306.647
1784708460000,0.15776,0.15776,0.15728,0.15729,1746,2751.919
1784708520000,0.15731,0.1583,0.15715,0.15752,1390,2190.267
1784708580000,0.15742,0.1579,0.15731,0.15779,609,959.9744
1784708640000,0.15758,0.15758,0.15591,0.15646,1065,1668.1628
1784708700000,0.15637,0.15637,0.15455,0.15467,990,1537.7133
1784708760000,0.15478,0.15546,0.15416,0.15546,2489,3843.978
1784708820000,0.15523,0.15523,0.15464,0.15508,1687,2613.1627
1784708880000,0.15484,0.15508,0.15432,0.15477,931,1440.8689
1784708940000,0.15487,0.15488,0.15391,0.15432,818,1262.5583
1784709000000,0.15424,0.15436,0.15358,0.15429,1325,2038.9018
1784709060000,0.15417,0.15431,0.15373,0.15373,251,386.545
1784709120000,0.15345,0.15345,0.15118,0.15267,9808,14914.7908
1784709180000,0.1527,0.15406,0.15184,0.15337,2849,4356.7477
1784709240000,0.15323,0.15383,0.15301,0.1532,554,849.1779
1784709300000,0.15296,0.15373,0.15296,0.15349,739,1133.5796
1784709360000,0.15336,0.15358,0.15236,0.15261,5239,8011.4229
1784709420000,0.1526,0.15265,0.15178,0.15179,1368,2083.8084
1784709480000,0.15194,0.15263,0.15179,0.15254,7879,11985.3773
1784709540000,0.15235,0.1528,0.15229,0.1527,2339,3570.2709
1784709600000,0.1527,0.15456,0.1527,0.15421,2670,4097.8608
1784709660000,0.15436,0.15436,0.15379,0.15398,3981,6129.2546
1784709720000,0.15429,0.1544,0.15372,0.1544,7163,11044.5924
1784709780000,0.15444,0.15455,0.15415,0.15415,1841,2842.7488
1784709840000,0.15405,0.15429,0.15363,0.15429,2877,4429.7996
1784709900000,0.15417,0.15431,0.15357,0.15404,2570,3958.2529
1784709960000,0.15399,0.15444,0.15366,0.15418,663,1021.1118
1784710020000,0.15416,0.15487,0.15416,0.15421,599,925.41
1784710080000,0.1542,0.1549,0.1542,0.15479,561,868.1032
1784710140000,0.15474,0.155,0.15429,0.155,697,1077.8915
1784710200000,0.15513,0.15545,0.15459,0.15464,464,719.4524
1784710260000,0.15484,0.15527,0.15484,0.15527,640,992.6291
1784710320000,0.1553,0.15608,0.1551,0.15571,4033,6266.8117
1784710380000,0.15576,0.15616,0.1556,0.1559,2243,3494.7048
1784710440000,0.15587,0.156,0.15498,0.15518,2209,3433.3019
1784710500000,0.15529,0.15606,0.15529,0.15571,749,1166.6029
1784710560000,0.15511,0.15511,0.15487,0.15489,704,1091.0058
1784710620000,0.15499,0.155,0.15426,0.15498,1161,1794.3773
1784710680000,0.15511,0.15511,0.15419,0.15436,579,896.6199
1784710740000,0.15457,0.15487,0.15417,0.15417,876,1352.8421
1784710800000,0.15416,0.15416,0.15308,0.15321,3809,5850.9577
1784710860000,0.15312,0.15312,0.15194,0.15203,1928,2938.6938
1784710920000,0.15213,0.15453,0.15213,0.15325,13081,20068.9224
1784710980000,0.15343,0.15363,0.15327,0.15332,1748,2681.7815
1784711040000,0.15341,0.15342,0.15247,0.15306,1986,3033.7404
1784711100000,0.15291,0.1531,0.15205,0.15258,3903,5949.9746
1784711160000,0.15266,0.15276,0.15211,0.1524,2295,3497.8893
1784711220000,0.15234,0.1528,0.15114,0.1528,13323,20208.6581
1784711280000,0.15269,0.15324,0.15266,0.15287,1275,1949.6621
1784711340000,0.15287,0.15287,0.15172,0.15174,1031,1568.1022
1784711400000,0.1518,0.1526,0.1518,0.1526,3549,5391.5376
1784711460000,0.1527,0.15312,0.1526,0.15289,870,1328.9955
1784711520000,0.15309,0.15321,0.15283,0.15283,313,479.0796
1784711580000,0.15278,0.15279,0.15226,0.15276,1074,1639.0073
1784711640000,0.15283,0.15294,0.15279,0.15279,117,178.8679
1784711700000,0.15249,0.15258,0.14108,0.14539,94240,137417.0687
1784711760000,0.14539,0.14596,0.14167,0.14403,42395,60920.6232
1784711820000,0.14396,0.14586,0.14396,0.14544,8783,12725.4782
1784711880000,0.14519,0.14628,0.14519,0.14605,10861,15834.5932
1784711940000,0.14587,0.14621,0.14527,0.1453,3809,5557.9935
1784712000000,0.14586,0.14706,0.14421,0.1453,16703,24310.6609
1784712060000,0.14553,0.1457,0.14448,0.1448,1341,1947.9512
1784712120000,0.14489,0.14519,0.14489,0.14494,473,685.9378
1784712180000,0.14487,0.14601,0.14487,0.14547,22873,33294.3269
1784712240000,0.1453,0.14604,0.14502,0.1453,3557,5182.1751
1784712300000,0.1452,0.14607,0.1452,0.14591,948,1380.1055
1784712360000,0.14582,0.14692,0.14568,0.146,2733,3996.1282
1784712420000,0.14593,0.14617,0.14561,0.14586,11115,16207.9471
1784712480000,0.14587,0.14604,0.1455,0.14564,2889,4212.7527
1784712540000,0.14561,0.14641,0.1451,0.14624,1026,1493.7691
1784712600000,0.14634,0.14634,0.14584,0.14594,829,1210.8472
1784712660000,0.14595,0.14626,0.14571,0.14626,626,913.267
1784712720000,0.14616,0.14628,0.14577,0.14628,3169,4631.167
1784712780000,0.14627,0.14672,0.14596,0.14649,911,1333.0866
1784712840000,0.1465,0.14712,0.14637,0.14712,2185,3204.8046
1784712900000,0.14703,0.14771,0.14681,0.1469,1968,2898.3022
1784712960000,0.14702,0.14702,0.14564,0.14607,11353,16570.9053
1784713020000,0.14625,0.14651,0.14609,0.14647,3420,5003.2313
1784713080000,0.14658,0.14667,0.14568,0.14568,433,632.9169
1784713140000,0.14569,0.14581,0.14496,0.14581,4389,6380.9632
1784713200000,0.14571,0.14675,0.14565,0.14657,2059,3008.3178
1784713260000,0.14672,0.14691,0.14661,0.14688,708,1039.188
1784713320000,0.14689,0.14689,0.14653,0.14678,637,934.207
1784713380000,0.14681,0.14698,0.14658,0.14668,497,729.2903
1784713440000,0.14644,0.14675,0.14637,0.14667,701,1027.4462
1784713500000,0.14664,0.14697,0.14664,0.14687,334,490.5331
1784713560000,0.147,0.147,0.146,0.14604,435,636.8822
1784713620000,0.146,0.1464,0.14526,0.14636,2671,3892.1842
1784713680000,0.14593,0.14605,0.14575,0.14575,324,472.5283
1784713740000,0.14576,0.1459,0.1444,0.14506,1905,2760.5872
1784713800000,0.14515,0.14616,0.14515,0.14556,796,1159.73
1784713860000,0.14556,0.14601,0.1455,0.14577,1336,1946.8376
1784713920000,0.14578,0.1459,0.14534,0.1459,1617,2353.1275
1784713980000,0.14579,0.14594,0.14514,0.1456,2177,3169.085
1784714040000,0.14555,0.14564,0.14506,0.14564,1254,1822.3876
1784714100000,0.14545,0.14565,0.14511,0.14511,1002,1456.815
1784714160000,0.14527,0.14547,0.14411,0.14472,4298,6221.3164
1784714220000,0.1449,0.14501,0.14476,0.1449,383,554.9191
1784714280000,0.14502,0.14514,0.14487,0.14513,1087,1576.1973
1784714340000,0.14513,0.14518,0.14434,0.1445,4902,7093.2101
1784714400000,0.1444,0.14461,0.14424,0.14449,692,999.2346
1784714460000,0.14441,0.14443,0.14349,0.14381,1402,2015.9777
1784714520000,0.14378,0.1446,0.14378,0.14417,880,1269.827
1784714580000,0.14423,0.14495,0.14412,0.14495,609,880.3328
1784714640000,0.1448,0.14517,0.14461,0.14465,1289,1869.2948
1784714700000,0.14495,0.14548,0.14494,0.14507,1064,1544.5338
1784714760000,0.14501,0.14593,0.14497,0.14593,2529,3681.4117
1784714820000,0.14586,0.14586,0.14541,0.1456,1107,1612.2349
1784714880000,0.14531,0.14546,0.14492,0.1451,2631,3823.3897
1784714940000,0.14508,0.1453,0.14505,0.14511,464,673.3716
1784715000000,0.14512,0.14716,0.14492,0.14627,6335,9277.3646
1784715060000,0.14607,0.14651,0.14573,0.14606,8996,13153.109
1784715120000,0.14608,0.14644,0.14602,0.14644,370,540.9266
1784715180000,0.14624,0.14673,0.14624,0.14669,257,376.5868
1784715240000,0.14667,0.1467,0.14635,0.14658,1556,2277.6564
1784715300000,0.14641,0.14707,0.14641,0.14705,879,1289.6441
1784715360000,0.14701,0.14827,0.14701,0.1481,4856,7165.5561
1784715420000,0.14799,0.14874,0.14775,0.14849,653,967.1478
1784715480000,0.14848,0.14877,0.14804,0.14868,2358,3500.0958
1784715540000,0.14865,0.14918,0.14821,0.14918,1890,2809.8061
1784715600000,0.14892,0.14895,0.14775,0.14782,968,1435.7616
1784715660000,0.14802,0.14806,0.14724,0.14799,3056,4507.4737
1784715720000,0.14782,0.14802,0.14724,0.14802,409,604.0142
1784715780000,0.14796,0.14839,0.14796,0.14803,386,571.7514
1784715840000,0.14793,0.14793,0.14732,0.14777,418,616.944
1784715900000,0.14781,0.14793,0.14729,0.14729,1199,1769.7925
1784715960000,0.14745,0.14819,0.14745,0.14819,342,505.2553
1784716020000,0.14839,0.14855,0.14793,0.14823,349,517.292
1784716080000,0.14844,0.14863,0.14828,0.14839,1345,1997.6086
1784716140000,0.14826,0.14833,0.14796,0.14807,491,727.1142
1784716200000,0.14805,0.14805,0.14721,0.14721,721,1063.5503
1784716260000,0.14759,0.14789,0.1475,0.14775,455,671.7602
1784716320000,0.14793,0.1481,0.14779,0.14788,1076,1593.0723
1784716380000,0.14807,0.14807,0.14755,0.14805,965,1425.0382
1784716440000,0.14803,0.14883,0.14803,0.14861,946,1405.2066
1784716500000,0.14845,0.14883,0.14834,0.14883,499,741.2875
1784716560000,0.14879,0.14899,0.14861,0.14899,732,1089.5346
1784716620000,0.14881,0.14888,0.14769,0.14779,2061,3051.9443
1784716680000,0.14778,0.14837,0.14778,0.14812,1015,1503.7243
1784716740000,0.14799,0.14799,0.14748,0.1477,2030,2996.8463
1784716800000,0.14771,0.14834,0.14771,0.14825,1516,2243.4724
1784716860000,0.14843,0.14864,0.14829,0.14864,257,381.4347
1784716920000,0.14873,0.14965,0.14873,0.14941,1597,2385.0486
1784716980000,0.14941,0.1514,0.14884,0.15066,6422,9666.1036
1784717040000,0.15047,0.15078,0.14985,0.15037,753,1131.4625
1784717100000,0.15024,0.15031,0.14929,0.14975,4253,6364.2144
1784717160000,0.14966,0.14966,0.14919,0.14933,3081,4599.6662
1784717220000,0.14935,0.14964,0.14922,0.14949,1320,1972.0609
1784717280000,0.14946,0.15014,0.14935,0.14998,1336,2000.6801
1784717340000,0.14996,0.14996,0.14907,0.14907,1476,2205.0358
1784717400000,0.14897,0.14928,0.14804,0.14921,8659,12851.034
1784717460000,0.14906,0.14906,0.14811,0.14826,852,1268.1974
1784717520000,0.14824,0.14842,0.14804,0.14826,498,738.3788
1784717580000,0.14827,0.14867,0.14826,0.14866,334,495.526
1784717640000,0.14878,0.14887,0.14842,0.14887,305,453.1522
1784717700000,0.14892,0.14896,0.14852,0.14872,620,922.7825
1784735760000,0.16187,0.16199,0.16159,0.16167,468,756.9633
1784735820000,0.16183,0.16183,0.16077,0.1608,1630,2625.5462
1784735880000,0.1609,0.16317,0.16087,0.16198,10503,17050.8471
1784735940000,0.16199,0.16276,0.16197,0.16246,1397,2270.012
1784736000000,0.16252,0.16266,0.16216,0.16221,764,1240.5976
1784736060000,0.16193,0.16271,0.16186,0.16248,1810,2941.4843
1784736120000,0.16227,0.16269,0.16191,0.16239,2096,3404.0601
1784736180000,0.16215,0.16222,0.16161,0.16169,249,403.4446
1784736240000,0.16148,0.16228,0.1613,0.16217,2619,4231.3107
1784736300000,0.16221,0.16276,0.16197,0.16264,818,1328.3717
1784736360000,0.16253,0.16274,0.16206,0.1621,1368,2220.575
1784736420000,0.16207,0.16226,0.16172,0.16189,337,545.9167
1784736480000,0.16204,0.16213,0.16147,0.16171,862,1394.319
1784736540000,0.16161,0.16207,0.16156,0.16179,393,635.9645
1784736600000,0.16178,0.16325,0.16134,0.16271,6229,10108.4077
1784736660000,0.16272,0.16272,0.16227,0.16227,1356,2204.7401
1784736720000,0.16227,0.1626,0.16218,0.16237,1220,1980.6362
1784736780000,0.1623,0.16267,0.16224,0.16257,970,1576.6359
1784736840000,0.16253,0.16259,0.16197,0.16197,2099,3408.7875
1784736900000,0.16196,0.1621,0.16116,0.16116,1309,2114.2693
1784736960000,0.16112,0.16317,0.16075,0.16282,17110,27737.9941
1784737020000,0.16293,0.16293,0.16224,0.16236,965,1569.114
1784737080000,0.16235,0.16289,0.16235,0.16289,165,268.1718
1784737140000,0.1628,0.163,0.16194,0.16194,1350,2195.3936
1784737200000,0.16198,0.16282,0.16133,0.16243,3713,6022.2213
1784737260000,0.16241,0.16247,0.1616,0.16171,1613,2614.7727
1784737320000,0.1616,0.16281,0.16113,0.16281,5721,9288.1412
1784737380000,0.1626,0.1626,0.16218,0.16237,1649,2677.1743
1784737440000,0.16235,0.16666,0.16235,0.16431,65238,107710.565
1784737500000,0.16428,0.16589,0.16422,0.16573,7486,12353.3497
1784737560000,0.16563,0.16631,0.1652,0.16567,2900,4800.634
1784737620000,0.16571,0.16739,0.16531,0.16707,14215,23633.2369
1784737680000,0.16722,0.16833,0.16694,0.16793,14692,24663.8982
1784737740000,0.1678,0.16806,0.16677,0.16722,5874,9832.6672
1784737800000,0.16721,0.1682,0.16675,0.16807,4151,6938.9302
1784737860000,0.16817,0.17115,0.16808,0.16984,9356,15864.2798
1784737920000,0.16975,0.17038,0.16963,0.16988,17618,29964.3038
1784737980000,0.16991,0.16991,0.16569,0.1657,8304,13926.2123
1784738040000,0.16563,0.16696,0.1644,0.16618,13974,23077.3633
1784738100000,0.1658,0.16646,0.1641,0.16642,9138,15118.6784
1784738160000,0.16642,0.16642,0.16543,0.1658,789,1307.1723
1784738220000,0.16594,0.16767,0.16553,0.16741,13139,21938.6964
1784738280000,0.16737,0.16753,0.16625,0.16625,1698,2834.805
1784738340000,0.16623,0.16875,0.1655,0.16684,15158,25345.2023
1784738400000,0.16683,0.1669,0.16575,0.16587,1070,1779.3709
1784738460000,0.16568,0.16628,0.16553,0.16628,1411,2341.701
1784738520000,0.16625,0.16625,0.16573,0.16617,6777,11247.9464
1784738580000,0.16591,0.16662,0.16591,0.16631,1966,3270.1853
1784738640000,0.16611,0.16815,0.16597,0.1675,8635,14466.5489
1784738700000,0.16765,0.16847,0.16667,0.16667,7476,12547.418
1784738760000,0.16657,0.16753,0.16645,0.16753,2250,3753.0942
1784738820000,0.16758,0.16765,0.16681,0.16707,5761,9639.1191
1784738880000,0.16702,0.16792,0.16667,0.16717,14069,23584.7323
1784738940000,0.16725,0.16768,0.16716,0.16719,3857,6453.2286
1784739000000,0.16725,0.16807,0.16637,0.16776,4750,7928.5279
1784739060000,0.16775,0.16796,0.16766,0.16787,2483,4166.437
1784739120000,0.16792,0.16828,0.16782,0.16783,3739,6284.1805
1784739180000,0.16781,0.16846,0.1671,0.16831,4647,7785.4871
1784739240000,0.16811,0.16811,0.16731,0.16737,945,1584.1948
1784739300000,0.16714,0.16776,0.16693,0.16698,579,969.6425
1784739360000,0.1671,0.16933,0.16671,0.16864,17314,29148.4671
1784739420000,0.1686,0.17068,0.16794,0.16989,20044,34003.3568
1784739480000,0.17,0.17038,0.16911,0.16942,9214,15638.822
1784739540000,0.16938,0.17035,0.16938,0.17006,1148,1951.6112
1784739600000,0.16999,0.17325,0.16998,0.17199,27554,47269.9165
1784739660000,0.17181,0.17228,0.17115,0.17122,6845,11750.8613
1784739720000,0.17123,0.17131,0.17039,0.17111,3002,5125.6679
1784739780000,0.17109,0.1718,0.16963,0.16968,3261,5573.1828
1784739840000,0.16983,0.17029,0.1666,0.16662,17346,29150.7526
1784739900000,0.16657,0.16721,0.15236,0.15584,83475,132853.2214
1784739960000,0.15593,0.15805,0.15593,0.15703,20408,32121.0646
1784740020000,0.15721,0.15855,0.15713,0.15849,14834,23438.6439
1784740080000,0.15848,0.159,0.15715,0.15845,12534,19875.0265
1784740140000,0.15838,0.15854,0.15725,0.15742,1991,3146.2055
1784740200000,0.15748,0.15833,0.15737,0.15778,1217,1920.1766
1784740260000,0.15784,0.15807,0.15747,0.15796,2971,4688.5891
1784740320000,0.15786,0.15828,0.15765,0.15812,1603,2530.9333
1784740380000,0.15808,0.15837,0.15761,0.1581,2471,3903.4742
1784740440000,0.15821,0.15849,0.15808,0.15849,1633,2584.6713
1784740500000,0.15824,0.15883,0.15824,0.15872,701,1110.826
1784740560000,0.15889,0.15896,0.15753,0.15838,716,1133.3849
1784740620000,0.15851,0.15962,0.1585,0.15954,3762,5989.4639
1784740680000,0.15949,0.1597,0.15903,0.15921,1651,2633.1965
1784740740000,0.15932,0.16,0.15923,0.1596,775,1236.7919
1784740800000,0.15968,0.15978,0.15946,0.15969,657,1048.6632
1784740860000,0.1598,0.15989,0.1586,0.15886,2233,3551.6173
1784740920000,0.15907,0.15907,0.15783,0.15895,2233,3536.5619
1784740980000,0.1592,0.15924,0.1585,0.1585,928,1474.0166
1784741040000,0.15854,0.15864,0.15824,0.15862,1049,1661.6281
1784741100000,0.15878,0.15973,0.15867,0.15973,13028,20740.9028
1784741160000,0.15981,0.16006,0.15887,0.15898,8095,12935.6634
1784741220000,0.15903,0.15992,0.15894,0.15981,1572,2505.4358
1784741280000,0.15994,0.16056,0.15972,0.16001,6068,9730.8308
1784741340000,0.16017,0.16095,0.16009,0.16088,1329,2134.7449
1784741400000,0.16073,0.16073,0.1601,0.16029,1142,1831.5067
1784741460000,0.16028,0.16066,0.15987,0.15987,2067,3316.3773
1784741520000,0.15985,0.16071,0.1597,0.16062,8414,13486.222
1784741580000,0.16054,0.16057,0.15977,0.16042,2570,4120.2496
1784741640000,0.16042,0.16307,0.16042,0.163,3182,5156.0613
1784741700000,0.16294,0.164,0.16254,0.16343,2598,4240.9516
1784741760000,0.16334,0.16345,0.16226,0.16282,5728,9331.5098
1784741820000,0.16285,0.16394,0.16267,0.16356,6806,11141.2136
1784741880000,0.16368,0.16368,0.1628,0.1628,4549,7428.1095
1784741940000,0.16264,0.16266,0.16175,0.16233,1310,2123.7786
1784742000000,0.16229,0.16229,0.16163,0.16171,295,478.0344
1784742060000,0.16152,0.16205,0.16152,0.16193,559,904.5883
1784742120000,0.16174,0.16216,0.16174,0.16202,376,609.2922
1784742180000,0.1619,0.16271,0.16176,0.16218,1312,2126.719
1784742240000,0.16218,0.16262,0.1621,0.16232,15042,24401.4353
1784742300000,0.16245,0.16346,0.16245,0.16312,1960,3192.2553
1784742360000,0.16313,0.16341,0.1628,0.1628,692,1129.3494
1784742420000,0.16267,0.1629,0.16264,0.16282,227,369.5326
1784742480000,0.16309,0.1638,0.163,0.16364,1125,1840.0451
1784742540000,0.16362,0.16384,0.16324,0.16324,1338,2190.8705
1784742600000,0.16314,0.16314,0.16266,0.16302,531,864.0931
1784742660000,0.16284,0.16294,0.16106,0.16106,2987,4847.7576
1784742720000,0.16128,0.1623,0.16128,0.16194,1532,2479.7707
1784742780000,0.16167,0.16215,0.16124,0.16215,4337,7002.7814
1784742840000,0.16215,0.1624,0.16184,0.16201,928,1504.0907
1784742900000,0.16194,0.16224,0.16187,0.16214,757,1226.4469
1784742960000,0.16207,0.16226,0.16186,0.16186,601,974.2226
1784743020000,0.16202,0.16218,0.16148,0.16159,673,1090.0012
1784743080000,0.16161,0.16243,0.16148,0.16235,781,1265.4098
1784743140000,0.16209,0.16209,0.16124,0.16148,663,1072.4466
1784743200000,0.1612,0.16127,0.16055,0.16075,1127,1813.4229
1784743260000,0.1607,0.1607,0.1569,0.15832,12281,19507.9263
1784743320000,0.15846,0.15912,0.15758,0.15806,1009,1596.6864
1784743380000,0.158,0.15882,0.1568,0.15772,4760,7519.3307
1784743440000,0.15849,0.15916,0.15844,0.15909,320,508.5828
1784743500000,0.15918,0.15946,0.15913,0.15946,352,560.6712
1784743560000,0.15941,0.15946,0.15895,0.15903,435,692.4854
1784743620000,0.15906,0.15927,0.1581,0.15847,1105,1750.6106
1784743680000,0.15875,0.15893,0.1586,0.15892,995,1579.5575
1784743740000,0.159,0.159,0.15809,0.15828,900,1425.6772
1784743800000,0.15827,0.15859,0.15804,0.15845,875,1384.7072
1784743860000,0.15839,0.1585,0.15806,0.15806,7975,12635.3029
1784743920000,0.15792,0.1586,0.15792,0.1586,662,1047.6671
1784743980000,0.15853,0.15885,0.15737,0.15806,1113,1760.2765
1784744040000,0.15816,0.15832,0.15716,0.15716,4352,6862.4088
1784744100000,0.15709,0.15856,0.15709,0.15832,3193,5043.1744
1784744160000,0.15804,0.15828,0.15779,0.15791,1508,2382.4798
1784744220000,0.15772,0.15787,0.15725,0.1576,1258,1981.9119
1784744280000,0.15775,0.15787,0.15714,0.15726,1795,2825.2227
1784744340000,0.15728,0.15849,0.15718,0.15794,2554,4028.1572
1784744400000,0.15794,0.15805,0.15766,0.15792,1883,2971.9771
1784744460000,0.15788,0.15791,0.15703,0.15707,2837,4467.6114
1784744520000,0.15722,0.15775,0.15619,0.15643,1897,2974.9458
1784744580000,0.15679,0.15692,0.15616,0.15687,2374,3717.7439
1784744640000,0.15709,0.1571,0.15601,0.15618,1333,2084.3326
1784744700000,0.15638,0.15708,0.15638,0.15678,1744,2734.9668
1784744760000,0.15672,0.15685,0.1564,0.1564,659,1032.6919
1784744820000,0.15632,0.15642,0.15479,0.15593,5421,8431.2541
1784744880000,0.15604,0.15613,0.15542,0.15542,1027,1600.0704
1784744940000,0.15565,0.156,0.154,0.15494,7108,11005.3443
1784745000000,0.15522,0.1554,0.15486,0.15493,3017,4679.1789
1784745060000,0.15511,0.15514,0.1545,0.15493,2932,4537.4622
1784745120000,0.15499,0.15588,0.15495,0.15499,1271,1975.8498
1784745180000,0.15505,0.15561,0.15485,0.1554,2235,3470.9201
1784745240000,0.15558,0.15569,0.15525,0.15535,7038,10941.8639
1784745300000,0.1553,0.15599,0.15523,0.15582,5558,8647.894
1784745360000,0.15588,0.15647,0.15564,0.15641,1170,1825.4538
1784745420000,0.15619,0.15646,0.15603,0.15616,681,1063.444
1784745480000,0.15616,0.15678,0.15606,0.15633,2088,3264.9535
1784745540000,0.15632,0.15633,0.15521,0.1558,1310,2039.3939
1784745600000,0.15578,0.1562,0.15565,0.15601,772,1204.3298
1784745660000,0.15614,0.15665,0.15608,0.15657,550,859.9189
1784745720000,0.15657,0.1566,0.15594,0.15646,1390,2173.2746
1784745780000,0.15644,0.15689,0.15638,0.1564,722,1129.8911
1784745840000,0.15673,0.15749,0.15666,0.15749,1488,2334.8721
1784745900000,0.15731,0.15771,0.15731,0.15746,1461,2301.0725
1784745960000,0.15745,0.15755,0.15702,0.15726,738,1160.8133
1784746020000,0.15722,0.15803,0.15717,0.15798,1358,2140.1229
1784746080000,0.15797,0.15797,0.15675,0.15675,641,1009.7189
1784746140000,0.15679,0.15696,0.15646,0.15669,1299,2035.665
1784746200000,0.15683,0.15694,0.15663,0.15667,561,879.3613
1784746260000,0.15667,0.15674,0.15565,0.15582,2482,3873.2175
1784746320000,0.15592,0.15629,0.15591,0.15629,266,415.0667
1784746380000,0.15627,0.15665,0.15627,0.15642,694,1085.52
1784746440000,0.15664,0.15699,0.15656,0.15672,911,1428.9868
1784746500000,0.15693,0.15732,0.15676,0.15715,2357,3702.256
1784746560000,0.1572,0.1572,0.15677,0.15677,1085,1704.3281
1784746620000,0.15663,0.15742,0.15659,0.15742,780,1223.6492
1784746680000,0.15753,0.15803,0.15722,0.15803,1669,2628.697
1784746740000,0.1581,0.15853,0.15793,0.15793,8776,13878.8532
1784746800000,0.15794,0.15844,0.15786,0.15806,1023,1617.4362
1784746860000,0.15812,0.15862,0.15812,0.15829,1389,2200.7085
1784746920000,0.15839,0.15852,0.15823,0.15823,49780,78846.2144
1784746980000,0.15823,0.15823,0.15816,0.15819,662,1047.2291
1784747040000,0.15829,0.15844,0.15799,0.15844,734,1160.9454
1784747100000,0.15822,0.1592,0.15822,0.15908,335,532.0541
1784747160000,0.15904,0.15931,0.15844,0.15868,1601,2543.9691
1784747220000,0.15877,0.15877,0.15837,0.15868,187,296.5802
1784747280000,0.15875,0.15875,0.15831,0.15831,250,396.2391
1784747340000,0.15834,0.15844,0.158,0.15801,436,689.2512
1784747400000,0.15779,0.15784,0.15636,0.15638,15714,24643.7697
1784747460000,0.15688,0.15701,0.15607,0.15607,3266,5119.5772
1784747520000,0.1564,0.15658,0.15567,0.15619,1932,3012.9918
1784747580000,0.1563,0.15661,0.15619,0.15661,126,197.0346
1784747640000,0.15661,0.15688,0.15661,0.15685,334,523.4748
1784747700000,0.15695,0.15695,0.15623,0.15668,1343,2102.3025
1784765760000,0.15303,0.15336,0.1527,0.1528,429,656.2982
1784765820000,0.15293,0.15296,0.15241,0.15265,879,1342.2455
1784765880000,0.15264,0.15292,0.15227,0.15292,191,291.4148
1784765940000,0.15276,0.15277,0.15215,0.15216,365,555.9089
1784766000000,0.15216,0.15243,0.15214,0.15227,132,200.8848
1784766060000,0.15215,0.15287,0.15215,0.15287,1149,1750.4809
1784766120000,0.15269,0.15274,0.15205,0.15205,393,599.1198
1784766180000,0.15184,0.15187,0.15104,0.15163,6503,9855.1093
1784766240000,0.15163,0.15242,0.15163,0.15236,507,770.8943
1784766300000,0.15235,0.15238,0.15177,0.15177,289,439.2788
1784766360000,0.1519,0.1521,0.15173,0.15173,140,212.7174
1784766420000,0.1519,0.15322,0.1519,0.15291,1668,2551.9293
1784766480000,0.15282,0.15286,0.15266,0.15266,2268,3465.1631
1784766540000,0.1523,0.1523,0.15182,0.15199,1294,1964.9739
1784766600000,0.15208,0.1529,0.15208,0.15261,1309,1994.0299
1784766660000,0.15256,0.15266,0.15239,0.15266,109,166.2802
1784766720000,0.15245,0.1531,0.15245,0.15288,339,517.9868
1784766780000,0.15289,0.15303,0.15261,0.15265,201,307.0878
1784766840000,0.15257,0.15328,0.15257,0.15328,101,154.5081
1784766900000,0.1532,0.15342,0.15317,0.1532,116,177.7798
1784766960000,0.15309,0.15313,0.15301,0.15313,90,137.7767
1784767020000,0.15297,0.15324,0.15295,0.15306,175,267.8649
1784767080000,0.15325,0.1533,0.15301,0.15311,98,150.0937
1784767140000,0.15332,0.15344,0.15314,0.15341,124,190.1252
1784767200000,0.1535,0.15388,0.15293,0.15363,2465,3776.9607
1784767260000,0.1536,0.15387,0.15338,0.15378,249,382.5387
1784767320000,0.15405,0.15434,0.15405,0.15422,83,127.9829
1784767380000,0.15447,0.15526,0.15447,0.15481,2093,3243.7456
1784767440000,0.15485,0.15543,0.15485,0.15526,221,342.6772
1784767500000,0.15515,0.15551,0.15482,0.15551,278,431.0738
1784767560000,0.155,0.15506,0.1545,0.15462,1404,2173.939
1784767620000,0.15461,0.15462,0.15383,0.15395,969,1494.6788
1784767680000,0.15402,0.15431,0.1537,0.15431,124,191.0347
1784767740000,0.15419,0.15441,0.15411,0.15412,132,203.5655
1784767800000,0.15409,0.15436,0.15401,0.15405,431,664.7807
1784767860000,0.15414,0.15418,0.15347,0.154,1055,1623.4627
1784767920000,0.15388,0.15408,0.15382,0.15408,2462,3789.3746
1784767980000,0.15405,0.15407,0.15365,0.15365,252,387.9837
1784768040000,0.1536,0.15365,0.15287,0.15313,4489,6876.439
1784768100000,0.15309,0.15316,0.15237,0.15246,1578,2408.098
1784768160000,0.15238,0.15251,0.15179,0.15187,886,1347.4999
1784768220000,0.15154,0.15215,0.1515,0.1521,478,725.1389
1784768280000,0.15217,0.1524,0.15217,0.1524,117,178.1619
1784768340000,0.15223,0.15249,0.15167,0.15167,582,885.7618
1784768400000,0.15181,0.1521,0.15138,0.15169,2767,4190.6311
1784768460000,0.15169,0.15232,0.1513,0.15221,4695,7138.409
1784768520000,0.15212,0.15235,0.15212,0.15225,661,1006.0983
1784768580000,0.1522,0.15225,0.15189,0.15201,486,739.3007
1784768640000,0.15192,0.15258,0.15192,0.15241,1679,2558.7287
1784768700000,0.15224,0.15256,0.15218,0.15253,246,374.9229
1784768760000,0.15242,0.15251,0.15214,0.15214,4301,6558.4607
1784768820000,0.15209,0.15209,0.15157,0.15159,315,477.894
1784768880000,0.1515,0.1515,0.1484,0.149,14179,21207.9461
1784768940000,0.14931,0.15054,0.14931,0.15009,5615,8431.577
1784769000000,0.14999,0.15015,0.14479,0.14621,20829,30587.1854
1784769060000,0.14626,0.14742,0.14603,0.14712,5457,8002.6383
1784769120000,0.14734,0.1477,0.1471,0.1477,2029,2992.6575
1784769180000,0.14771,0.14776,0.14726,0.14726,918,1354.8222
1784769240000,0.14766,0.14791,0.14725,0.14774,1049,1550.0065
1784769300000,0.14775,0.14823,0.14775,0.14783,5232,7744.1314
1784769360000,0.14792,0.14798,0.14757,0.14767,438,647.5156
1784769420000,0.14777,0.14823,0.14769,0.1481,1646,2433.8716
1784769480000,0.14801,0.14845,0.14801,0.1482,1063,1575.3829
1784769540000,0.1482,0.14847,0.14819,0.14847,388,575.523
1784769600000,0.14849,0.15042,0.14793,0.14965,14603,21876.2813
1784769660000,0.14947,0.15001,0.14944,0.14987,1835,2748.6203
1784769720000,0.14949,0.14956,0.14913,0.14917,3195,4767.9267
1784769780000,0.14927,0.14962,0.149,0.14904,2501,3736.208
1784769840000,0.14937,0.14937,0.14902,0.14902,73,108.8769
1784769900000,0.14914,0.1508,0.14914,0.14981,5898,8851.3825
1784769960000,0.14978,0.14996,0.1497,0.14983,644,964.8169
1784770020000,0.14977,0.14977,0.14929,0.14932,850,1270.5362
1784770080000,0.14951,0.14962,0.14908,0.14929,3040,4541.5234
1784770140000,0.14939,0.15038,0.14928,0.14959,6455,9673.6433
1784770200000,0.14943,0.1498,0.14943,0.14966,217,324.7377
1784770260000,0.14964,0.14978,0.14942,0.14956,2454,3669.8057
1784770320000,0.14955,0.14959,0.14917,0.14941,1420,2121.9521
1784770380000,0.14943,0.14943,0.14907,0.14907,457,682.1246
1784770440000,0.14932,0.15011,0.14922,0.15011,515,769.507
1784770500000,0.15001,0.15015,0.1498,0.14984,586,878.5708
1784770560000,0.14971,0.15025,0.1496,0.15025,663,993.0006
1784770620000,0.14993,0.15004,0.14968,0.14975,1617,2424.3777
1784770680000,0.14972,0.1498,0.14961,0.14973,118,176.682
1784770740000,0.1499,0.15341,0.14982,0.15234,30530,46478.6791
1784770800000,0.15211,0.15295,0.15211,0.1522,5479,8355.4712
1784770860000,0.15217,0.15296,0.15193,0.15259,12382,18869.4722
1784770920000,0.15264,0.15293,0.15238,0.15247,699,1066.4972
1784770980000,0.15241,0.15265,0.15183,0.15196,1506,2293.8018
1784771040000,0.15204,0.15228,0.15202,0.15211,482,733.2139
1784771100000,0.1519,0.15215,0.1519,0.15205,294,446.8127
1784771160000,0.15225,0.15227,0.15198,0.15201,672,1022.18
1784771220000,0.15206,0.15206,0.15166,0.1517,509,772.2824
1784771280000,0.15164,0.15306,0.15151,0.15275,6126,9340.5999
1784771340000,0.15274,0.15286,0.15236,0.15262,4457,6802.1999
1784771400000,0.15245,0.15255,0.15202,0.15233,1231,1873.3254
1784771460000,0.15232,0.15232,0.15163,0.15192,1165,1771.9964
1784771520000,0.15164,0.15172,0.15072,0.15119,5416,8189.6123
1784771580000,0.15114,0.15122,0.15051,0.15055,12518,18891.3457
1784771640000,0.15059,0.1506,0.1502,0.15051,918,1381.5866
1784771700000,0.15052,0.15052,0.14879,0.14892,7584,11323.4964
1784771760000,0.149,0.1493,0.14815,0.14838,2846,4225.0892
1784771820000,0.14846,0.1491,0.14834,0.14873,4440,6600.7664
1784771880000,0.14866,0.14879,0.14823,0.14844,1036,1539.7236
1784771940000,0.14845,0.14869,0.14834,0.1485,474,703.753
1784772000000,0.14838,0.15115,0.14781,0.15054,25342,37840.0414
1784772060000,0.15054,0.15325,0.1504,0.15211,21770,33090.6313
1784772120000,0.1525,0.15276,0.15174,0.15188,4396,6689.8545
1784772180000,0.1519,0.1519,0.15144,0.15144,525,796.3845
1784772240000,0.15151,0.15183,0.15134,0.15165,1014,1536.9936
1784772300000,0.15158,0.15226,0.15158,0.15221,1132,1719.1369
1784772360000,0.15212,0.15219,0.15166,0.15166,490,745.1628
1784772420000,0.1517,0.15187,0.15162,0.15182,213,323.1841
1784772480000,0.15168,0.15347,0.15158,0.15271,7182,10972.1805
1784772540000,0.15268,0.15268,0.15185,0.1521,4545,6912.5352
1784772600000,0.15218,0.15258,0.1519,0.15191,3524,5365.8711
1784772660000,0.15202,0.15202,0.15172,0.15189,649,985.5465
1784772720000,0.15176,0.15219,0.15176,0.15219,149,226.6344
1784772780000,0.15217,0.15237,0.15209,0.15219,1501,2285.7433
1784772840000,0.15208,0.15215,0.15168,0.15175,458,695.7957
1784772900000,0.15159,0.15176,0.15128,0.15157,445,674.5081
1784772960000,0.1516,0.15164,0.15122,0.15164,435,658.7695
1784773020000,0.15171,0.15171,0.15137,0.15145,137,207.5145
1784773080000,0.15136,0.15139,0.15107,0.1512,413,624.8086
1784773140000,0.15142,0.15143,0.15097,0.15106,475,718.1086
1784773200000,0.15106,0.15123,0.15088,0.15123,278,419.9323
1784773260000,0.15123,0.15125,0.15106,0.15106,323,488.342
1784773320000,0.15104,0.15139,0.15103,0.15128,2104,3179.4611
1784773380000,0.15129,0.1515,0.15108,0.15137,973,1471.8791
1784773440000,0.15129,0.15136,0.15084,0.15084,455,687.1907
1784773500000,0.15074,0.15075,0.15041,0.15041,572,861.7209
1784773560000,0.15047,0.15287,0.15047,0.15133,9664,14673.9878
1784773620000,0.15137,0.15137,0.15088,0.15098,779,1177.003
1784773680000,0.15098,0.15126,0.15086,0.15117,191,288.4675
1784773740000,0.15105,0.15105,0.15084,0.151,289,436.2487
1784773800000,0.15077,0.15093,0.1507,0.15093,239,360.4207
1784773860000,0.15086,0.15136,0.15082,0.15136,181,273.5041
1784773920000,0.15113,0.15147,0.15095,0.15145,744,1124.1023
1784773980000,0.15134,0.15137,0.15065,0.15067,1137,1716.4702
1784774040000,0.15064,0.15118,0.15063,0.15106,530,800.527
1784774100000,0.15106,0.15112,0.15065,0.15091,964,1454.3634
1784774160000,0.15079,0.15107,0.15069,0.15107,192,289.6133
1784774220000,0.15112,0.15114,0.15104,0.15104,154,232.6658
1784774280000,0.15106,0.15106,0.15076,0.15076,291,439.2282
1784774340000,0.15068,0.15093,0.1506,0.1506,373,562.3919
1784774400000,0.15049,0.15057,0.15049,0.15054,113,170.1037
1784774460000,0.15057,0.15057,0.15022,0.15028,233,350.3328
1784774520000,0.15028,0.15034,0.15017,0.15029,223,335.1144
1784774580000,0.15033,0.15045,0.15007,0.1504,556,835.3442
1784774640000,0.15037,0.15058,0.15019,0.1503,179,269.1764
1784774700000,0.15044,0.15046,0.15031,0.15039,206,309.8307
1784774760000,0.15036,0.15088,0.15034,0.15073,443,667.3808
1784774820000,0.15066,0.15101,0.15066,0.15098,982,1481.3792
1784774880000,0.15096,0.15105,0.15088,0.15103,322,486.1545
1784774940000,0.151,0.15115,0.15077,0.15084,317,478.4534
1784775000000,0.15083,0.15102,0.15077,0.15102,845,1274.7428
1784775060000,0.15093,0.15104,0.15067,0.15104,390,588.4029
1784775120000,0.15113,0.15129,0.15095,0.15129,733,1107.9245
1784775180000,0.15114,0.15149,0.15104,0.15149,401,606.3053
1784775240000,0.15147,0.15164,0.15134,0.15134,402,608.756
1784775300000,0.15135,0.15263,0.15122,0.15229,2311,3515.8186
1784775360000,0.15221,0.15404,0.15221,0.15389,3365,5161.6288
1784775420000,0.1534,0.1562,0.15331,0.15445,10549,16315.6409
1784775480000,0.15428,0.15437,0.1539,0.154,310,477.7465
1784775540000,0.15386,0.15434,0.15386,0.15433,924,1422.9306
1784775600000,0.15411,0.15459,0.15407,0.15454,837,1291.0806
1784775660000,0.1546,0.15477,0.15396,0.15452,862,1330.8566
1784775720000,0.15451,0.15481,0.15394,0.15425,1222,1886.7438
1784775780000,0.15426,0.1548,0.15426,0.1548,270,417.2118
1784775840000,0.15468,0.15499,0.15468,0.15497,137,212.2405
1784775900000,0.15478,0.15478,0.15415,0.1545,566,874.3329
1784775960000,0.15436,0.15436,0.15416,0.15433,219,337.8588
1784776020000,0.15446,0.15526,0.15439,0.1551,472,730.8328
1784776080000,0.15505,0.15581,0.15485,0.15562,4413,6850.7186
1784776140000,0.15562,0.15562,0.15509,0.15535,872,1354.8139
1784776200000,0.15516,0.15528,0.15506,0.15507,175,271.46
1784776260000,0.15512,0.15512,0.1547,0.15483,339,525.3351
1784776320000,0.15472,0.15472,0.15403,0.15443,281,433.4359
1784776380000,0.15443,0.15512,0.15434,0.15504,412,637.7214
1784776440000,0.15523,0.15532,0.1547,0.15472,3457,5359.3246
1784776500000,0.1547,0.1547,0.15417,0.15433,850,1312.9251
1784776560000,0.15412,0.1542,0.15401,0.15406,199,306.6805
1784776620000,0.1542,0.15433,0.15404,0.15415,324,499.6205
1784776680000,0.15413,0.15413,0.15327,0.15333,523,803.285
1784776740000,0.15341,0.15341,0.15268,0.15274,1223,1871.7154
1784776800000,0.15314,0.15321,0.15293,0.15321,421,644.1847
1784776860000,0.15331,0.15355,0.15287,0.15287,1820,2783.3589
1784776920000,0.153,0.15303,0.15231,0.15293,1782,2719.6998
1784776980000,0.15296,0.15323,0.15271,0.15282,1672,2557.7614
1784777040000,0.15248,0.15249,0.1517,0.15174,4298,6534.6412
1784777100000,0.15194,0.15194,0.15117,0.15154,1159,1754.7732
1784777160000,0.15175,0.15175,0.15099,0.15124,559,844.9499
1784777220000,0.15091,0.15103,0.15065,0.1509,2569,3873.3751
1784777280000,0.15097,0.15123,0.15052,0.15122,4273,6441.779
1784777340000,0.15128,0.15197,0.15125,0.1518,268,406.4025
1784777400000,0.15185,0.15245,0.15185,0.15224,2750,4179.7808
1784777460000,0.15214,0.15225,0.15186,0.15195,4431,6743.1775
1784777520000,0.15198,0.15227,0.15197,0.1522,359,545.787
1784777580000,0.15212,0.15232,0.15195,0.15195,179,272.4037
1784777640000,0.15172,0.15223,0.15172,0.15202,173,262.9958
1784777700000,0.15208,0.15208,0.15108,0.15108,508,769.3777
1784795760000,0.15967,0.15967,0.15889,0.15918,448,712.943
1784795820000,0.15922,0.15923,0.15817,0.1584,9913,15705.8592
1784795880000,0.15834,0.15887,0.15834,0.15866,2211,3504.7063
1784795940000,0.1588,0.15922,0.15869,0.15901,1064,1692.0578
1784796000000,0.15914,0.16108,0.15914,0.16004,12674,20323.044
1784796060000,0.16001,0.16035,0.15976,0.16011,4452,7123.3452
1784796120000,0.15984,0.1606,0.15984,0.16032,2161,3464.6031
1784796180000,0.16033,0.16051,0.16002,0.16022,1233,1976.9832
1784796240000,0.16037,0.16148,0.16037,0.16078,1737,2797.512
1784796300000,0.16071,0.16114,0.16059,0.16073,1069,1719.4623
1784796360000,0.16071,0.16074,0.15952,0.15968,8715,13924.6709
1784796420000,0.15962,0.15969,0.15914,0.15928,4837,7705.8111
1784796480000,0.15918,0.15918,0.15875,0.15905,2334,3709.575
1784796540000,0.15906,0.15959,0.15906,0.15923,7069,11275.4454
1784796600000,0.15921,0.15947,0.15864,0.15864,871,1385.0958
1784796660000,0.15879,0.1593,0.15878,0.1593,289,459.7901
1784796720000,0.15928,0.16024,0.15928,0.15991,10754,17212.6476
1784796780000,0.16,0.16037,0.15979,0.16002,2288,3662.669
1784796840000,0.15981,0.15985,0.1595,0.1595,567,905.5928
1784796900000,0.15948,0.15987,0.15945,0.15986,9718,15511.9332
1784796960000,0.15984,0.16001,0.15957,0.15957,958,1531.346
1784797020000,0.15951,0.15957,0.15882,0.15906,1782,2835.9017
1784797080000,0.1591,0.1594,0.15894,0.15894,593,944.0724
1784797140000,0.15886,0.15897,0.15766,0.1579,9565,15175.7005
1784797200000,0.15792,0.15826,0.15726,0.15825,8443,13320.3505
1784797260000,0.15831,0.15878,0.15797,0.15805,2497,3953.1981
1784797320000,0.15828,0.15935,0.15828,0.15902,481,763.8273
1784797380000,0.1591,0.15949,0.15891,0.1591,290,462.1612
1784797440000,0.15915,0.15958,0.15915,0.1593,388,618.1373
1784797500000,0.15923,0.15932,0.15914,0.15932,225,358.2679
1784797560000,0.15932,0.16041,0.15932,0.16022,2710,4337.6139
1784797620000,0.16022,0.16051,0.15978,0.15978,1069,1712.2909
1784797680000,0.15978,0.15985,0.1594,0.15982,811,1295.9955
1784797740000,0.1598,0.15985,0.15925,0.15985,442,705.9733
1784797800000,0.15977,0.16021,0.15977,0.16021,101,161.6433
1784797860000,0.16017,0.16025,0.15985,0.16021,353,565.1692
1784797920000,0.16021,0.16049,0.16006,0.16006,383,613.7513
1784797980000,0.16022,0.16061,0.16016,0.16059,281,450.84
1784798040000,0.16065,0.16067,0.16005,0.16036,344,551.2572
1784798100000,0.16045,0.16045,0.15993,0.16023,638,1021.2819
1784798160000,0.16028,0.16043,0.16018,0.16043,145,232.4215
1784798220000,0.16062,0.16118,0.1606,0.16111,1162,1869.0918
1784798280000,0.16112,0.16112,0.16071,0.16107,2788,4485.4038
1784798340000,0.16082,0.16086,0.1596,0.15983,1795,2870.379
1784798400000,0.15958,0.15979,0.1592,0.15941,948,1511.4202
1784798460000,0.15942,0.15942,0.15873,0.15912,382,607.3352
1784798520000,0.15898,0.15972,0.15898,0.1595,613,977.0591
1784798580000,0.15956,0.15985,0.15946,0.1598,360,574.6455
1784798640000,0.15973,0.16001,0.1596,0.15964,218,348.1339
1784798700000,0.16,0.1609,0.15992,0.1609,542,869.4149
1784798760000,0.16087,0.16094,0.16056,0.16056,286,459.7041
1784798820000,0.16051,0.16068,0.16022,0.16024,204,327.0373
1784798880000,0.16023,0.16037,0.1601,0.1602,498,797.7902
1784798940000,0.16027,0.16062,0.16027,0.16062,260,417.3335
1784799000000,0.16041,0.16102,0.16041,0.16098,270,434.255
1784799060000,0.16099,0.16193,0.16097,0.16193,2295,3708.3412
1784799120000,0.16169,0.16171,0.16106,0.16164,1507,2434.4308
1784799180000,0.16154,0.16278,0.16133,0.16165,7802,12622.6543
1784799240000,0.16173,0.16241,0.16167,0.16232,3577,5795.4372
1784799300000,0.16229,0.1623,0.16184,0.16191,774,1254.5836
1784799360000,0.16195,0.16245,0.16174,0.16229,753,1219.2548
1784799420000,0.16221,0.16221,0.16187,0.16198,366,592.9835
1784799480000,0.16184,0.16298,0.16132,0.16261,23916,38768.6118
1784799540000,0.16261,0.16274,0.16214,0.16229,3718,6043.4973
1784799600000,0.16226,0.16241,0.16161,0.16181,5557,8993.0554
1784799660000,0.16194,0.16263,0.16194,0.16222,9426,15302.1983
1784799720000,0.16214,0.16266,0.16205,0.16218,2717,4409.3402
1784799780000,0.16219,0.16219,0.16129,0.16134,244,394.4581
1784799840000,0.16141,0.16152,0.1613,0.1613,146,235.6658
1784799900000,0.16129,0.16189,0.16129,0.16181,837,1352.7402
1784799960000,0.16195,0.1622,0.16195,0.16217,516,836.3955
1784800020000,0.16242,0.16249,0.16177,0.16177,241,390.8546
1784800080000,0.16186,0.16245,0.16186,0.16219,933,1512.3775
1784800140000,0.16218,0.16284,0.16194,0.16194,614,996.6936
1784800200000,0.1623,0.1623,0.16075,0.16075,437,705.4874
1784800260000,0.16089,0.16117,0.16075,0.16098,8381,13480.2613
1784800320000,0.16131,0.16134,0.16055,0.16055,543,874.5639
1784800380000,0.16074,0.16114,0.16074,0.16111,179,288.1885
1784800440000,0.16108,0.16145,0.16095,0.16106,314,506.124
1784800500000,0.16109,0.16109,0.15985,0.16019,4703,7535.0731
1784800560000,0.16032,0.16046,0.16004,0.16006,457,732.3621
1784800620000,0.16018,0.16113,0.16018,0.16098,336,540.4865
1784800680000,0.16104,0.16104,0.16065,0.16065,491,789.7034
1784800740000,0.16087,0.1614,0.16087,0.16135,150,241.9141
1784800800000,0.16143,0.16183,0.16143,0.16157,268,433.0927
1784800860000,0.1617,0.16242,0.16165,0.16214,863,1397.6216
1784800920000,0.16196,0.16206,0.16179,0.16201,328,531.3506
1784800980000,0.16223,0.16237,0.16191,0.16233,318,515.6268
1784801040000,0.16236,0.1626,0.16227,0.1626,1021,1657.6951
1784801100000,0.16241,0.16244,0.1618,0.1618,139,225.5045
1784801160000,0.16183,0.16193,0.16134,0.16185,324,523.637
1784801220000,0.1619,0.16205,0.16178,0.16205,150,242.8814
1784801280000,0.16205,0.16205,0.16148,0.16161,631,1021.5247
1784801340000,0.16173,0.16173,0.16117,0.16117,591,953.8016
1784801400000,0.16136,0.16154,0.16095,0.16095,537,866.042
1784801460000,0.16088,0.16106,0.16084,0.16098,207,333.1967
1784801520000,0.16097,0.16168,0.16088,0.16097,2737,4414.6283
1784801580000,0.16094,0.16094,0.16053,0.16058,3166,5087.3377
1784801640000,0.16053,0.16079,0.16051,0.16059,157,252.1874
1784801700000,0.16049,0.16089,0.16038,0.16084,316,507.7619
1784801760000,0.1609,0.1609,0.16013,0.16019,3707,5942.0231
1784801820000,0.16027,0.16051,0.16024,0.16038,1135,1819.8703
1784801880000,0.16053,0.16053,0.15987,0.15997,638,1021.0736
1784801940000,0.16006,0.16048,0.15945,0.16026,5579,8924.8656
1784802000000,0.16037,0.16096,0.16037,0.16059,457,734.2499
1784802060000,0.16071,0.16095,0.1606,0.16079,1226,1971.6653
1784802120000,0.16068,0.16071,0.15965,0.15995,897,1436.506
1784802180000,0.15998,0.15998,0.15911,0.15978,462,736.5472
1784802240000,0.15979,0.15988,0.15964,0.15964,196,313.168
1784802300000,0.1592,0.1592,0.15875,0.15877,801,1272.9307
1784802360000,0.15886,0.15897,0.15833,0.15834,376,596.5882
1784802420000,0.15841,0.16501,0.15841,0.16334,27215,44352.9103
1784802480000,0.16321,0.17246,0.16308,0.17056,34976,58809.8751
1784802540000,0.17032,0.17032,0.16766,0.16781,9799,16560.4093
1784802600000,0.16779,0.16924,0.16752,0.16862,1398,2353.5791
1784802660000,0.16836,0.16842,0.16794,0.1682,2264,3805.6935
1784802720000,0.16811,0.16816,0.16724,0.1676,12461,20889.3381
1784802780000,0.16722,0.16755,0.1671,0.16737,589,985.5456
1784802840000,0.16745,0.16745,0.16671,0.16682,5404,9023.3456
1784802900000,0.16684,0.1673,0.16577,0.16673,2503,4169.9557
1784802960000,0.1667,0.16727,0.16591,0.16591,4572,7634.698
1784803020000,0.16609,0.16672,0.16569,0.16639,4646,7720.266
1784803080000,0.166,0.16612,0.16565,0.16565,2023,3357.3118
1784803140000,0.16572,0.16623,0.16512,0.16575,627,1038.4376
1784803200000,0.16551,0.16555,0.16441,0.16446,1620,2671.1043
1784803260000,0.16486,0.1651,0.16457,0.16491,2177,3587.2619
1784803320000,0.16505,0.1654,0.16416,0.16496,2522,4152.4719
1784803380000,0.16506,0.16616,0.1646,0.16558,7940,13122.2265
1784803440000,0.16561,0.16569,0.16554,0.16568,751,1243.8221
1784803500000,0.16548,0.16571,0.16515,0.16515,458,757.9395
1784803560000,0.16509,0.16584,0.16467,0.16569,1073,1771.5889
1784803620000,0.16559,0.16607,0.16542,0.16574,1322,2190.7299
1784803680000,0.16543,0.1655,0.16449,0.16508,2042,3365.9207
1784803740000,0.16503,0.16506,0.16438,0.16506,638,1051.3551
1784803800000,0.16496,0.16596,0.16454,0.16454,4601,7608.2958
1784803860000,0.16444,0.16478,0.16369,0.16444,2166,3557.4098
1784803920000,0.16449,0.16479,0.16411,0.16476,633,1041.7583
1784803980000,0.16496,0.16556,0.16476,0.16526,1993,3290.2571
1784804040000,0.16529,0.16544,0.16522,0.16527,2520,4166.8385
1784804100000,0.16534,0.16553,0.16498,0.16541,961,1587.8612
1784804160000,0.16536,0.16567,0.16536,0.16539,505,835.8677
1784804220000,0.16525,0.16551,0.16525,0.1654,557,921.0892
1784804280000,0.16548,0.16564,0.16548,0.16549,371,614.2442
1784804340000,0.16554,0.16591,0.16547,0.16583,787,1304.733
1784804400000,0.16529,0.16559,0.1649,0.16559,1605,2650.0109
1784804460000,0.16541,0.16541,0.16495,0.16495,243,401.2981
1784804520000,0.1651,0.16536,0.16485,0.16501,5019,8288.9877
1784804580000,0.16489,0.16506,0.16264,0.16316,2731,4476.1376
1784804640000,0.16342,0.1636,0.16285,0.16327,2540,4144.4347
1784804700000,0.16323,0.1649,0.16264,0.16471,4355,7139.2173
1784804760000,0.16466,0.16475,0.16421,0.16425,936,1538.9609
1784804820000,0.1643,0.16455,0.16322,0.1638,2583,4232.189
1784804880000,0.1639,0.16539,0.16359,0.16483,7681,12661.4011
1784804940000,0.16462,0.16487,0.1642,0.16439,925,1522.4344
1784805000000,0.16439,0.16469,0.16377,0.16388,1134,1862.1462
1784805060000,0.16401,0.16427,0.16362,0.16422,641,1050.6294
1784805120000,0.16426,0.16426,0.16385,0.16387,318,521.5296
1784805180000,0.16409,0.16414,0.16406,0.16406,97,159.1655
1784805240000,0.16382,0.16382,0.16311,0.16322,567,926.3017
1784805300000,0.16324,0.16473,0.16302,0.16413,7980,13102.8116
1784805360000,0.16413,0.16432,0.16393,0.16407,1212,1988.6747
1784805420000,0.16422,0.16437,0.16395,0.16404,620,1017.939
1784805480000,0.16403,0.16467,0.16338,0.16338,1404,2301.8881
1784805540000,0.16332,0.1638,0.16324,0.16345,655,1070.5565
1784805600000,0.16333,0.16333,0.16231,0.16262,4090,6655.4371
1784805660000,0.16291,0.16323,0.16284,0.16284,506,825.2586
1784805720000,0.163,0.16322,0.163,0.1631,299,487.6486
1784805780000,0.16309,0.16329,0.16305,0.16314,410,669.0986
1784805840000,0.1631,0.16347,0.1631,0.16342,496,810.1945
1784805900000,0.16351,0.16387,0.16331,0.16363,804,1315.2551
1784805960000,0.16364,0.16386,0.16359,0.16376,1371,2244.8183
1784806020000,0.16384,0.16415,0.16384,0.16413,666,1092.0303
1784806080000,0.16422,0.1644,0.16374,0.16396,2924,4794.5735
1784806140000,0.16393,0.16409,0.16363,0.16363,658,1078.3297
1784806200000,0.16373,0.16408,0.16352,0.16404,741,1214.1224
1784806260000,0.16414,0.1643,0.16373,0.1643,8746,14343.4632
1784806320000,0.16405,0.16431,0.1635,0.16353,3496,5732.9945
1784806380000,0.16358,0.16382,0.16355,0.16382,385,630.1421
1784806440000,0.1639,0.16398,0.16359,0.1637,793,1298.4672
1784806500000,0.16366,0.16384,0.16296,0.16298,1067,1745.6876
1784806560000,0.16303,0.16324,0.1627,0.16318,825,1344.4765
1784806620000,0.16321,0.16321,0.16284,0.1631,116,189.1298
1784806680000,0.16326,0.16361,0.16326,0.16361,102,166.7483
1784806740000,0.16381,0.16415,0.16367,0.16398,924,1514.5848
1784806800000,0.16407,0.16434,0.1638,0.16426,516,847.0135
1784806860000,0.1642,0.16442,0.16389,0.16442,308,505.962
1784806920000,0.16449,0.16455,0.16391,0.16449,839,1377.855
1784806980000,0.16423,0.16448,0.16396,0.16444,1153,1893.2149
1784807040000,0.16445,0.16472,0.16441,0.16472,560,921.7861
1784807100000,0.16467,0.16467,0.16376,0.16376,1117,1833.6573
1784807160000,0.16356,0.16409,0.16346,0.16367,503,823.4314
1784807220000,0.16365,0.16377,0.16105,0.16229,8139,13197.3312
1784807280000,0.16225,0.16247,0.16125,0.16172,11733,18977.3988
1784807340000,0.16179,0.16252,0.16179,0.16226,6862,11125.013
1784807400000,0.16234,0.16246,0.16202,0.16216,4646,7538.0698
1784807460000,0.16226,0.16226,0.16184,0.16205,171,276.9241
1784807520000,0.16219,0.1624,0.16135,0.16144,1827,2955.7222
1784807580000,0.16188,0.16232,0.16183,0.16232,382,618.8129
1784807640000,0.16242,0.16242,0.16202,0.16222,768,1245.6067
1784807700000,0.16222,0.16246,0.16212,0.16246,602,977.2082
1784807760000,0.16235,0.16254,0.16235,0.16254,354,575.1107
1784807820000,0.16268,0.16343,0.16268,0.16284,6858,11182.6474
1784807880000,0.16288,0.16309,0.16264,0.16291,2270,3697.5428
1784807940000,0.1627,0.16329,0.1627,0.16329,1107,1807.2421
1784808000000,0.16338,0.16421,0.16336,0.16408,628,1029.0455
1784808060000,0.16419,0.16429,0.16389,0.16428,1107,1816.2604
1784808120000,0.16416,0.16419,0.16359,0.16369,779,1276.3476
1784808180000,0.16379,0.16382,0.16356,0.16379,428,700.7031
1784808240000,0.16369,0.16397,0.16353,0.16353,194,317.5828
1784808300000,0.16371,0.1639,0.16289,0.16289,1053,1722.557
1784808360000,0.16269,0.16269,0.1617,0.16229,1793,2910.1725
1784808420000,0.16208,0.16226,0.16203,0.16219,610,989.3814
1784808480000,0.16239,0.16239,0.16236,0.16236,21,34.0999
1784808540000,0.16234,0.16253,0.16213,0.16226,676,1097.5904
1784808600000,0.16222,0.16242,0.16178,0.16213,775,1256.4819
1784808660000,0.16212,0.16224,0.16201,0.16208,204,330.7984
1784808720000,0.16204,0.16218,0.1612,0.16142,7884,12768.086
1784808780000,0.1615,0.16216,0.1615,0.16207,2593,4199.7775
1784808840000,0.16201,0.16216,0.16199,0.16199,13363,21647.2652
1784808900000,0.162,0.1623,0.16199,0.16227,8622,13968.2466
1784808960000,0.16227,0.16273,0.16199,0.162,4731,7680.8133
1784809020000,0.162,0.1627,0.162,0.1627,1138,1845.8053
1784809080000,0.16284,0.16289,0.16237,0.16237,431,701.2376
1784809140000,0.16248,0.16284,0.16224,0.16224,580,942.2268
1784809200000,0.16234,0.16249,0.16199,0.16242,362,587.2672
1784809260000,0.16252,0.16262,0.16238,0.16262,446,724.8043
1784809320000,0.16261,0.16293,0.16261,0.16293,425,691.773
1784809380000,0.16289,0.16298,0.15985,0.16191,37391,60538.0885
1784809440000,0.16202,0.16207,0.16158,0.16175,1080,1747.7587
1784809500000,0.16149,0.16194,0.16105,0.16181,885,1428.4622
1784809560000,0.16181,0.16192,0.16167,0.16192,171,276.6817
1784809620000,0.16208,0.16247,0.16208,0.16231,1707,2769.175
1784809680000,0.1624,0.16252,0.1624,0.16244,261,424.0131
1784809740000,0.16257,0.16322,0.16234,0.16308,847,1377.3848
1784809800000,0.16296,0.16324,0.1628,0.16285,459,748.0056
1784809860000,0.16291,0.16299,0.16189,0.16225,6650,10792.8097
1784809920000,0.16226,0.16226,0.1618,0.16187,1489,2412.629
1784809980000,0.1618,0.1618,0.16087,0.16097,946,1524.6886
1784810040000,0.16076,0.16186,0.16076,0.16162,1139,1838.4814
1784810100000,0.16174,0.16235,0.16174,0.16204,501,811.6303
1784810160000,0.16222,0.16222,0.1617,0.16179,240,388.5842
1784810220000,0.16171,0.16186,0.16076,0.16093,1142,1841.6287
1784810280000,0.161,0.16158,0.161,0.16158,379,610.9069
1784810340000,0.16161,0.16188,0.16104,0.16104,272,439.5535
1784810400000,0.1613,0.16152,0.16092,0.16139,2699,4350.1082
1784810460000,0.16131,0.16133,0.15632,0.15883,29123,45918.4732
1784810520000,0.15909,0.15934,0.15716,0.15818,2504,3957.6168
1784810580000,0.15868,0.15915,0.15863,0.15911,2028,3223.2008
1784810640000,0.159,0.15914,0.15856,0.15858,2696,4286.4148
1784810700000,0.15868,0.15917,0.15827,0.15917,413,655.1291
1784810760000,0.15924,0.15955,0.15867,0.15867,2754,4383.4612
1784810820000,0.15853,0.15911,0.15853,0.15874,988,1568.9129
1784810880000,0.15874,0.15915,0.15874,0.15894,300,476.9491
1784810940000,0.15911,0.15926,0.15898,0.15898,1006,1601.1315
1784811000000,0.15888,0.15959,0.15876,0.15959,175,278.2684
1784811060000,0.15944,0.15949,0.15908,0.15908,341,543.4768
1784811120000,0.15892,0.15938,0.15884,0.15938,733,1165.5967
1784811180000,0.1593,0.1594,0.15906,0.15916,857,1364.8756
1784811240000,0.15918,0.15933,0.15891,0.15907,252,400.8789
1784811300000,0.15917,0.15958,0.15917,0.15938,464,739.4279
1784811360000,0.15938,0.15946,0.1593,0.15932,297,473.3353
1784811420000,0.15932,0.15962,0.15926,0.15962,480,765.3256
1784811480000,0.15967,0.1602,0.15965,0.16011,726,1160.7775
1784811540000,0.15987,0.15987,0.15932,0.15967,542,865.3264
1784811600000,0.15937,0.15969,0.15933,0.15953,254,405.3218
1784811660000,0.1594,0.16003,0.15937,0.16002,6481,10358.7513
1784811720000,0.16004,0.16004,0.15943,0.15943,4877,7801.4752
1784811780000,0.1593,0.15981,0.15908,0.15908,652,1040.5997
1784811840000,0.15919,0.15919,0.1588,0.15913,1004,1596.7786
1784811900000,0.15923,0.15923,0.15883,0.15883,173,275.1111
1784811960000,0.15879,0.15928,0.15862,0.15909,1374,2183.2737
1784812020000,0.15911,0.15929,0.15906,0.15906,202,321.47
1784812080000,0.15942,0.1606,0.15938,0.16042,1356,2168.5281
1784812140000,0.16047,0.1609,0.16047,0.16073,621,997.6789
1784812200000,0.1607,0.16077,0.16028,0.16041,289,464.192
1784812260000,0.16049,0.16052,0.1604,0.16044,92,147.6134
1784812320000,0.16056,0.16115,0.16056,0.16091,368,592.4781
1784812380000,0.16081,0.16097,0.16032,0.16035,317,509.3585
1784812440000,0.16032,0.16032,0.16015,0.16031,256,410.2686
1784812500000,0.15994,0.16017,0.15986,0.1599,331,529.5667
1784812560000,0.16001,0.1602,0.15972,0.15972,713,1140.998
1784812620000,0.15947,0.15947,0.15886,0.15891,509,809.1804
1784812680000,0.15886,0.15886,0.15536,0.15716,8644,13534.8746
1784812740000,0.15721,0.15749,0.15691,0.15696,1377,2163.6825
1784812800000,0.15699,0.15774,0.15699,0.15762,1681,2645.0037
1784812860000,0.15747,0.15808,0.15742,0.15781,4047,6380.3052
1784812920000,0.15779,0.15796,0.15721,0.15734,898,1414.5083
1784812980000,0.15755,0.15784,0.15755,0.15776,400,630.826
1784813040000,0.15706,0.15728,0.15659,0.15719,2627,4122.5371
1784813100000,0.1572,0.15739,0.15703,0.15703,224,352.2358
1784813160000,0.15696,0.15701,0.15683,0.15701,2305,3615.4878
1784813220000,0.15704,0.15718,0.15631,0.15652,9692,15194.3769
1784813280000,0.15643,0.15709,0.15642,0.15706,4395,6897.3702
1784813340000,0.15705,0.15712,0.15696,0.15706,193,303.1021
1784813400000,0.15722,0.1573,0.15696,0.15706,212,333.0142
1784813460000,0.15709,0.15754,0.15689,0.15713,1287,2023.5005
1784813520000,0.15721,0.1574,0.15716,0.15733,160,251.6967
1784813580000,0.15672,0.15672,0.15672,0.15672,48,75.2256
1784813640000,0.15712,0.15712,0.15626,0.15706,487,762.7265
1784813700000,0.15699,0.15759,0.15688,0.15756,855,1343.8945
1784813760000,0.15757,0.15795,0.15729,0.15744,161,253.5792
1784813820000,0.15765,0.15793,0.15717,0.15719,216,340.2896
1784813880000,0.15715,0.15715,0.15629,0.15654,1083,1697.92
1784813940000,0.15671,0.15693,0.15622,0.15686,867,1356.8846
1784814000000,0.15707,0.15749,0.15695,0.15716,543,853.4122
