timestamp,open,high,low,close,volume,turnover
1783976700000,74.691,74.705,74.691,74.695,1564,11682.4238
1783976760000,74.654,74.662,74.652,74.662,99,739.0764
1783976820000,74.662,74.673,74.653,74.659,787,5875.7857
1783976880000,74.663,74.67,74.663,74.667,2218,16561.2243
1783976940000,74.642,74.642,74.513,74.519,2543,18964.8167
1783977000000,74.535,74.544,74.445,74.472,26985,201001.5109
1783977060000,74.472,74.499,74.451,74.467,1518,11303.9409
1783977120000,74.461,74.497,74.46,74.49,1055,7858.6856
1783977180000,74.49,74.49,74.411,74.437,321706,2394798.1413
1783977240000,74.441,74.578,74.44,74.578,3644,27141.9823
1783977300000,74.57,74.57,74.526,74.532,993,7401.19
1783977360000,74.536,74.536,74.509,74.529,1162,8658.9255
1783977420000,74.521,74.521,74.488,74.488,372,2771.2889
1783977480000,74.479,74.481,74.471,74.481,359,2673.6308
1783977540000,74.472,74.489,74.452,74.489,2933,21840.8402
1783977600000,74.496,74.536,74.488,74.535,2722,20282.2826
1783977660000,74.543,74.56,74.54,74.557,1787,13321.5529
1783977720000,74.566,74.566,74.527,74.545,998,7438.5749
1783977780000,74.543,74.544,74.524,74.533,6661,49643.7367
1783977840000,74.539,74.547,74.504,74.507,2121,15806.6811
1783977900000,74.504,74.509,74.471,74.491,2112,15731.4428
1783977960000,74.502,74.557,74.493,74.505,23713,176699.8232
1783978020000,74.504,74.514,74.417,74.442,5860,43619.479
1783978080000,74.437,74.492,74.437,74.461,22172,165130.3037
1783978140000,74.465,74.471,74.462,74.462,722,5376.6395
1783978200000,74.462,74.499,74.45,74.499,1010,7521.2438
1783978260000,74.498,74.498,74.428,74.428,1139,8480.1069
1783978320000,74.423,74.472,74.414,74.472,1008,7503.426
1783978380000,74.477,74.477,74.414,74.42,1541,11471.4154
1783978440000,74.419,74.421,74.345,74.378,9273,68965.8207
1783978500000,74.379,74.379,74.348,74.357,1679,12485.2141
1783978560000,74.351,74.357,74.284,74.357,6043,44902.7267
1783978620000,74.35,74.35,74.283,74.283,2696,20034.1366
1783978680000,74.282,74.282,74.075,74.219,72553,538289.9818
1783978740000,74.23,74.29,74.206,74.206,6142,45610.8312
1783978800000,74.182,74.205,74.138,74.149,7156,53067.1145
1783978860000,74.171,74.194,74.171,74.18,4014,29776.3728
1783978920000,74.189,74.3,74.186,74.222,316272,2349125.4741
1783978980000,74.225,74.262,74.225,74.255,4713,34989.32
1783979040000,74.255,74.297,74.225,74.297,3832,28455.1011
1783979100000,74.289,74.294,74.269,74.271,604,4486.0485
1783979160000,74.258,74.294,74.243,74.291,1220,9062.4113
1783979220000,74.286,74.32,74.286,74.314,7258,53938.8947
1783979280000,74.314,74.341,74.3,74.3,3372,25059.11
1783979340000,74.3,74.321,74.285,74.3,1793,13320.8912
1783979400000,74.288,74.288,74.251,74.251,2294,17037.9742
1783979460000,74.245,74.302,74.208,74.302,5825,43255.0928
1783979520000,74.301,74.346,74.301,74.326,3304,24559.8334
1783979580000,74.292,74.323,74.292,74.317,951,7067.0686
1783979640000,74.319,74.37,74.319,74.349,7989,59395.7059
1783979700000,74.35,74.377,74.35,74.377,1421,10566.59
1783979760000,74.377,74.396,74.35,74.35,1093,8130.4357
1783979820000,74.35,74.391,74.349,74.352,2224,16536.8587
1783979880000,74.36,74.423,74.36,74.421,8422,62650.7032
1783979940000,74.421,74.435,74.382,74.382,1270,9451.6337
1783980000000,74.371,74.468,74.371,74.468,2170,16150.5332
1783980060000,74.467,74.519,74.464,74.519,1891,14083.6794
1783980120000,74.482,74.552,74.482,74.552,3751,27956.8273
1783980180000,74.557,74.62,74.542,74.542,3084,23008.3495
1783980240000,74.547,74.547,74.495,74.527,1001,7458.3232
1783980300000,74.525,74.614,74.525,74.569,1798,13410.2464
1783980360000,74.57,74.57,74.53,74.53,768,5725.7171
1783980420000,74.515,74.528,74.489,74.516,3532,26316.9716
1783980480000,74.526,74.552,74.526,74.548,164,1222.5138
1783980540000,74.541,74.574,74.541,74.573,230,1714.8633
1783980600000,74.548,74.567,74.539,74.539,1667,12427.9658
1783980660000,74.543,74.583,74.523,74.583,1789,13339.5827
1783980720000,74.598,74.608,74.591,74.591,400,2983.9739
1783980780000,74.593,74.594,74.584,74.594,743,5542.0746
1783980840000,74.588,74.588,74.576,74.576,523,3900.6441
1783980900000,74.571,74.603,74.567,74.592,852,6355.7511
1783980960000,74.579,74.626,74.579,74.625,941,7020.1429
1783981020000,74.626,74.657,74.614,74.621,2823,21065.3167
1783981080000,74.636,74.652,74.636,74.652,1599,11935.4807
1783981140000,74.649,74.649,74.642,74.642,1190,8882.9689
1783981200000,74.661,74.691,74.652,74.691,1143,8535.4208
1783981260000,74.67,74.684,74.639,74.655,483,3605.8732
1783981320000,74.657,74.682,74.657,74.682,292,2180.298
1783981380000,74.677,74.677,74.607,74.616,3904,29134.5711
1783981440000,74.614,74.614,74.567,74.581,1344,10025.8691
1783981500000,74.582,74.606,74.582,74.602,873,6511.2841
1783981560000,74.61,74.612,74.61,74.612,44,328.2904
1783981620000,74.615,74.615,74.611,74.611,122,910.2968
1783981680000,74.616,74.633,74.616,74.626,42,313.4426
1783981740000,74.602,74.604,74.601,74.604,196,1462.2368
1783981800000,74.602,74.673,74.602,74.626,6752,50392.9212
1783981860000,74.645,74.664,74.645,74.664,337,2516.1711
1783981920000,74.642,74.642,74.427,74.499,303651,2261885.8801
1783981980000,74.486,74.499,74.464,74.47,2297,17109.648
1783982040000,74.491,74.548,74.469,74.544,3089,23016.3008
1783982100000,74.544,74.569,74.544,74.562,4144,30898.9401
1783982160000,74.569,74.595,74.569,74.579,2835,21144.8796
1783982220000,74.576,74.597,74.575,74.597,842,6279.539
1783982280000,74.588,74.588,74.58,74.58,77,574.2735
1783982340000,74.586,74.59,74.518,74.521,2060,15360.148
1783982400000,74.547,74.552,74.521,74.552,6857,51110.0209
1783982460000,74.549,74.569,74.53,74.531,1669,12442.55
1783982520000,74.53,74.538,74.51,74.51,669,4986.2724
1783982580000,74.51,74.551,74.51,74.551,449,3346.1002
1783982640000,74.553,74.585,74.55,74.582,715,5331.6337
1783982700000,74.595,74.624,74.593,74.624,1031,7691.011
1783982760000,74.62,74.62,74.619,74.619,193,1440.1656
1783982820000,74.611,74.611,74.599,74.599,219,1633.8609
1783982880000,74.608,74.608,74.6,74.6,1056,7878.2672
1783982940000,74.597,74.597,74.566,74.566,372,2774.5221
1783983000000,74.562,74.562,74.515,74.515,863,6433.7098
1783983060000,74.513,74.548,74.513,74.541,333,2481.8865
1783983120000,74.521,74.521,74.518,74.52,1858,13845.8554
1783983180000,74.517,74.517,74.498,74.504,836,6228.6707
1783983240000,74.506,74.511,74.501,74.501,379,2823.7969
1783983300000,74.507,74.507,74.452,74.465,1757,13086.2422
1783983360000,74.471,74.486,74.459,74.459,500,3723.7445
1783983420000,74.45,74.451,74.409,74.435,1235,9191.6549
1783983480000,74.435,74.491,74.435,74.488,1717,12783.9863
1783983540000,74.503,74.511,74.501,74.501,599,4462.9259
1783983600000,74.471,74.471,74.387,74.426,1771,13179.3123
1783983660000,74.434,74.451,74.383,74.383,1187,8832.4178
1783983720000,74.403,74.421,74.386,74.39,3011,22401.2933
1783983780000,74.42,74.432,74.411,74.432,1619,12048.0725
1783983840000,74.417,74.441,74.411,74.411,1205,8968.7167
1783983900000,74.391,74.434,74.381,74.434,225,1673.7289
1783983960000,74.481,74.501,74.445,74.45,3161,23545.049
1783984020000,74.449,74.449,74.376,74.392,547,4070.537
1783984080000,74.4,74.4,74.376,74.399,307,2284.0098
1783984140000,74.396,74.448,74.396,74.448,431,3207.4063
1783984200000,74.447,74.447,74.44,74.44,3064,22809.0385
1783984260000,74.439,74.473,74.439,74.471,755,5621.8596
1783984320000,74.477,74.491,74.47,74.49,197,1467.263
1783984380000,74.491,74.491,74.482,74.482,379,2823.0825
1783984440000,74.52,74.52,74.515,74.515,243,1810.8147
1783984500000,74.526,74.527,74.526,74.527,928,6916.0178
1783984560000,74.567,74.578,74.552,74.573,895,6672.7444
1783984620000,74.586,74.616,74.586,74.613,1289,9615.375
1783984680000,74.629,74.682,74.629,74.682,2798,20891.7867
1783984740000,74.663,74.674,74.661,74.664,707,5278.7826
1783984800000,74.667,74.684,74.66,74.679,322,2404.3035
1783984860000,74.678,74.761,74.674,74.747,4870,36389.0825
1783984920000,74.74,74.751,74.726,74.728,831,6210.7153
1783984980000,74.72,74.725,74.708,74.718,654,4886.3228
1783985040000,74.729,74.729,74.729,74.729,913,6822.7577
1783985100000,74.735,74.766,74.735,74.76,834,6235.2564
1783985160000,74.757,74.793,74.757,74.793,445,3328.092
1783985220000,74.794,74.82,74.78,74.78,1143,8549.9168
1783985280000,74.765,74.766,74.751,74.754,1741,13015.6036
1783985340000,74.74,74.74,74.681,74.699,635,4743.0595
1783985400000,74.685,74.694,74.667,74.668,1543,11523.2434
1783985460000,74.652,74.694,74.647,74.689,3797,28354.7966
1783985520000,74.694,74.737,74.668,74.737,1620,12103.1019
1783985580000,74.745,74.745,74.708,74.708,531,3968.0
1783985640000,74.721,74.761,74.706,74.746,1288,9626.5268
1783985700000,74.744,74.789,74.743,74.746,4546,33989.3408
1783985760000,74.744,74.756,74.679,74.684,5323,39780.6199
1783985820000,74.695,74.715,74.683,74.715,1889,14110.0836
1783985880000,74.711,74.713,74.701,74.701,158,1180.4432
1783985940000,74.696,74.715,74.693,74.713,1258,9397.0084
1783986000000,74.706,74.706,74.674,74.674,558,4168.4327
1783986060000,74.669,74.693,74.669,74.693,657,4906.7157
1783986180000,74.677,74.677,74.655,74.655,315,2351.7249
1783986240000,74.65,74.651,74.619,74.63,820,6120.1305
1783986300000,74.636,74.701,74.636,74.699,4897,36566.5403
1783986360000,74.708,74.767,74.708,74.767,938,7009.5419
1783986420000,74.773,74.825,74.773,74.79,5278,39475.0534
1783986480000,74.791,74.855,74.76,74.844,3040,22741.4912
1783986540000,74.861,74.875,74.802,74.802,2852,21346.2879
1783986600000,74.796,74.862,74.782,74.858,11160,83482.0974
1783986660000,74.863,74.898,74.835,74.835,5854,43841.8095
1783986720000,74.857,74.872,74.857,74.872,712,5330.3396
1783986780000,74.862,74.892,74.833,74.892,30501,228393.2147
1783986840000,74.884,74.952,74.875,74.913,8885,66569.8285
1783986900000,74.902,74.909,74.876,74.876,1580,11831.1478
1783986960000,74.878,74.913,74.875,74.902,560,4194.3785
1783987020000,74.906,74.94,74.906,74.918,31760,237940.1105
1783987080000,74.933,74.942,74.933,74.94,10386,77825.6302
1783987140000,74.945,74.966,74.945,74.965,10355,77606.0799
1783987200000,74.965,74.977,74.908,74.949,28957,217022.8835
1783987260000,74.941,74.946,74.924,74.925,2719,20375.8033
1783987320000,74.902,74.902,74.8,74.85,139075,1040907.5006
1783987380000,74.855,74.899,74.855,74.859,2909,21778.7862
1783987440000,74.853,74.868,74.839,74.859,759,5681.1194
1783987500000,74.865,74.874,74.829,74.829,2065,15457.8348
1783987560000,74.829,74.878,74.818,74.878,1047,7836.2164
1783987620000,74.878,74.878,74.784,74.844,1400,10476.1831
1783987680000,74.848,74.85,74.848,74.85,5683,42537.177
1783987740000,74.85,74.957,74.85,74.954,13650,102201.2893
1783987800000,74.978,75.154,74.978,75.015,14638,109873.5307
1783987860000,75.017,75.082,75.017,75.053,1195,8967.8566
1783987920000,75.048,75.118,75.048,75.118,1650,12389.7827
1783987980000,75.098,75.156,75.068,75.156,14454,108519.512
1783988040000,75.166,75.167,75.096,75.096,27573,207155.2522
1783988100000,75.087,75.087,75.048,75.048,1629,12228.3625
1783988160000,75.032,75.05,75.0,75.0,2034,15258.8121
1783988220000,75.018,75.08,74.994,75.048,45064,338171.5943
1783988280000,75.094,75.134,75.09,75.12,2803,21053.5887
1783988340000,75.109,75.109,75.069,75.069,1493,11212.4524
1783988400000,75.053,75.069,75.016,75.069,1113,8353.1194
1783988460000,75.109,75.152,75.073,75.138,532,3996.5116
1783988520000,75.136,75.144,75.087,75.096,3035,22802.8628
1783988580000,75.055,75.113,75.042,75.076,449,3370.34
1783988640000,75.095,75.143,75.081,75.143,1638,12302.4602
1783988700000,75.155,75.156,75.12,75.13,1079,8107.9932
1784006700000,75.365,75.405,75.363,75.405,1655,12477.6896
1784006760000,75.426,75.432,75.393,75.41,1791,13506.4534
1784006820000,75.399,75.425,75.399,75.425,215,1621.6297
1784006880000,75.415,75.415,75.397,75.399,183,1380.0207
1784006940000,75.38,75.39,75.38,75.381,1248,9407.8777
1784007000000,75.385,75.42,75.383,75.383,2455,18508.9315
1784007060000,75.405,75.432,75.364,75.384,1467,11059.2993
1784007120000,75.393,75.418,75.393,75.414,489,3687.7889
1784007180000,75.413,75.42,75.405,75.415,1898,14314.2411
1784007240000,75.435,75.442,75.402,75.404,183,1380.1615
1784007300000,75.369,75.369,75.369,75.369,2,15.0738
1784007360000,75.375,75.385,75.349,75.349,293,2208.4867
1784007420000,75.35,75.352,75.287,75.287,3803,28633.0613
1784007480000,75.297,75.354,75.297,75.339,2115,15935.746
1784007540000,75.302,75.305,75.29,75.305,827,6227.4844
1784007600000,75.305,75.305,75.272,75.295,411,3094.2345
1784007660000,75.265,75.283,75.24,75.242,12149,91428.6803
1784007720000,75.245,75.278,75.219,75.271,3763,28317.4444
1784007780000,75.267,75.312,75.267,75.312,1807,13607.9369
1784007840000,75.329,75.348,75.329,75.348,279,2102.1945
1784007900000,75.354,75.36,75.333,75.36,1044,7866.9459
1784007960000,75.335,75.35,75.329,75.35,29,218.505
1784008020000,75.336,75.336,75.296,75.308,393,2959.6737
1784008080000,75.314,75.347,75.314,75.347,2320,17475.4534
1784008140000,75.354,75.365,75.353,75.365,733,5524.2395
1784008200000,75.363,75.363,75.302,75.302,8,60.266
1784008260000,75.321,75.321,75.316,75.316,817,6153.6899
1784008320000,75.319,75.34,75.319,75.326,569,4286.0832
1784008380000,75.336,75.356,75.33,75.356,391,2945.6568
1784008440000,75.355,75.366,75.35,75.366,209,1574.924
1784008500000,75.348,75.36,75.346,75.36,30,226.0554
1784008560000,75.357,75.365,75.357,75.364,597,4499.1979
1784008620000,75.369,75.369,75.354,75.356,85,640.5169
1784008680000,75.359,75.365,75.359,75.365,127,957.0987
1784008740000,75.346,75.358,75.342,75.358,1356,10217.7252
1784008800000,75.368,75.378,75.352,75.378,167,1258.6364
1784008860000,75.359,75.369,75.354,75.358,1045,7875.4502
1784008920000,75.359,75.375,75.324,75.325,16434,123839.844
1784008980000,75.32,75.32,75.306,75.306,373,2809.3792
1784009040000,75.289,75.312,75.289,75.312,886,6671.5834
1784009100000,75.301,75.308,75.248,75.248,4285,32261.8224
1784009160000,75.223,75.223,75.199,75.209,15615,117443.2392
1784009220000,75.19,75.19,75.166,75.173,2533,19041.9943
1784009280000,75.171,75.171,75.156,75.156,3,22.5483
1784009340000,75.151,75.169,75.151,75.163,1859,13972.6185
1784009400000,75.169,75.242,75.169,75.242,223,1677.4423
1784009460000,75.235,75.235,75.18,75.18,862,6482.3671
1784009520000,75.202,75.202,75.184,75.201,1951,14669.6629
1784009580000,75.244,75.354,75.227,75.271,216325,1629386.3361
1784009640000,75.27,75.27,75.217,75.217,3274,24637.8999
1784009700000,75.21,75.253,75.21,75.231,1616,12156.4307
1784009760000,75.221,75.235,75.221,75.235,91,684.6245
1784009820000,75.227,75.227,75.176,75.219,95752,720030.049
1784009880000,75.227,75.227,75.181,75.207,74366,559182.4038
1784009940000,75.226,75.232,75.205,75.214,5978,44964.7795
1784010000000,75.22,75.247,75.218,75.222,14858,111781.9814
1784010060000,75.231,75.231,75.212,75.213,2776,20881.698
1784010120000,75.224,75.239,75.211,75.238,5316,39986.71
1784010180000,75.263,75.263,75.263,75.263,63,474.1569
1784010240000,75.263,75.275,75.263,75.275,128,963.4912
1784010300000,75.253,75.253,75.213,75.213,292,2196.8381
1784010360000,75.215,75.236,75.215,75.218,1159,8718.2541
1784010420000,75.214,75.214,75.199,75.2,317,2384.2479
1784010480000,75.198,75.198,75.166,75.172,986,7413.746
1784010540000,75.173,75.177,75.159,75.159,4224,31750.3702
1784010600000,75.174,75.188,75.169,75.184,697,5239.9443
1784010660000,75.219,75.238,75.188,75.238,2603,19576.4969
1784010720000,75.22,75.22,75.207,75.207,273,2053.194
1784010780000,75.194,75.194,75.194,75.194,182,1368.5308
1784010840000,75.202,75.215,75.202,75.208,352,2647.1522
1784010900000,75.218,75.236,75.218,75.229,783,5890.4905
1784010960000,75.276,75.276,75.233,75.247,630,4742.3419
1784011020000,75.247,75.247,75.189,75.189,976,7341.982
1784011080000,75.201,75.215,75.181,75.181,1254,9431.1028
1784011140000,75.177,75.177,75.166,75.166,370,2781.5281
1784011200000,75.129,75.152,75.119,75.152,1968,14786.9792
1784011260000,75.166,75.202,75.166,75.196,678,5097.8518
1784011320000,75.216,75.217,75.216,75.216,1400,10530.2461
1784011380000,75.217,75.238,75.212,75.217,2208,16608.1059
1784011440000,75.218,75.23,75.218,75.225,447,3362.5125
1784011500000,75.231,75.234,75.171,75.171,3014,22668.6249
1784011560000,75.179,75.185,75.178,75.185,619,4653.7166
1784011620000,75.183,75.201,75.172,75.201,1589,11948.3479
1784011680000,75.199,75.2,75.199,75.2,96,721.9198
1784011740000,75.173,75.182,75.166,75.166,126,947.1585
1784011800000,75.168,75.168,75.168,75.168,28,210.4704
1784011860000,75.173,75.173,75.173,75.173,48,360.8304
1784011920000,75.166,75.166,75.143,75.143,379,2848.2865
1784011980000,75.161,75.161,75.149,75.149,30,225.4494
1784012040000,75.127,75.127,75.089,75.091,3157,23709.1334
1784012100000,75.101,75.101,75.078,75.078,1084,8139.6952
1784012160000,75.093,75.101,75.089,75.089,2639,19818.3533
1784012220000,75.077,75.077,75.059,75.059,528,3963.3609
1784012280000,75.09,75.111,75.088,75.088,1773,13314.0519
1784012340000,75.08,75.118,75.08,75.108,1183,8884.7056
1784012400000,75.093,75.093,75.065,75.088,385,2890.3897
1784012460000,75.096,75.118,75.094,75.118,334,2508.325
1784012520000,75.11,75.11,75.045,75.045,1984,14895.9027
1784012580000,75.044,75.049,75.039,75.049,956,7174.1815
1784012640000,75.054,75.099,75.048,75.093,389,2920.6084
1784012700000,75.102,75.108,75.064,75.108,2272,17058.8326
1784012760000,75.09,75.09,75.09,75.09,33,247.797
1784012820000,75.05,75.066,75.05,75.066,240,1801.3264
1784012880000,75.055,75.089,75.041,75.075,811,6087.9117
1784012940000,75.081,75.081,75.057,75.057,360,2702.6506
1784013000000,75.041,75.041,74.966,75.005,4314,32352.5245
1784013060000,75.011,75.017,74.97,75.0,882,6615.6813
1784013120000,75.0,75.004,75.0,75.004,11,82.504
1784013180000,74.973,74.973,74.96,74.969,234,1754.2994
1784013240000,74.975,75.004,74.975,75.004,963,7220.9232
1784013300000,75.01,75.021,74.978,74.978,989,7417.4838
1784013360000,74.978,75.015,74.975,75.015,652,4890.5367
1784013420000,75.029,75.054,75.029,75.036,331,2483.9939
1784013480000,75.066,75.076,75.04,75.04,9754,73222.7097
1784013540000,75.058,75.058,75.058,75.058,21,157.6218
1784013600000,75.051,75.051,75.015,75.015,218,1635.4737
1784013660000,75.07,75.07,75.056,75.056,286,2146.7926
1784013720000,75.047,75.047,75.003,75.013,349,2618.4579
1784013780000,75.03,75.078,75.03,75.078,749,5621.5339
1784013840000,75.066,75.088,75.066,75.088,598,4489.4354
1784013900000,75.097,75.129,75.097,75.129,607,4560.1405
1784013960000,75.088,75.19,75.088,75.19,1167,8770.5024
1784014020000,75.206,75.214,75.184,75.187,430,3233.6618
1784014080000,75.191,75.191,75.166,75.166,284,2135.0779
1784014140000,75.176,75.183,75.175,75.183,531,3991.9719
1784014200000,75.184,75.184,75.149,75.167,306,2300.0068
1784014260000,75.179,75.182,75.152,75.152,449,3374.8371
1784014320000,75.158,75.158,75.132,75.132,2046,15373.1573
1784014380000,75.13,75.13,75.05,75.098,2340,17566.7656
1784014440000,75.104,75.16,75.104,75.146,633,4755.9827
1784014500000,75.151,75.151,75.097,75.097,904,6791.3276
1784014560000,75.078,75.096,75.078,75.095,333,2500.6548
1784014620000,75.07,75.07,75.02,75.031,334,2506.5396
1784014680000,75.039,75.054,75.03,75.04,366,2746.5177
1784014740000,75.036,75.04,75.022,75.039,81,607.7068
1784014800000,75.026,75.026,75.005,75.006,297,2228.1127
1784014860000,75.027,75.049,75.027,75.049,191,1433.3127
1784014920000,75.027,75.036,75.027,75.036,27,202.5953
1784014980000,75.031,75.032,75.024,75.024,467,3503.8297
1784015040000,75.031,75.031,74.982,75.009,174,1305.1732
1784015100000,75.009,75.009,74.96,74.967,620,4648.8481
1784015160000,74.967,74.967,74.869,74.869,2157,16158.3882
1784015220000,74.882,74.929,74.882,74.929,833,6239.9196
1784015280000,74.923,74.923,74.88,74.921,805,6030.0342
1784015340000,74.932,74.968,74.932,74.968,515,3859.743
1784015400000,74.957,74.968,74.95,74.958,906,6791.2539
1784015460000,74.978,74.983,74.977,74.983,25,187.4523
1784015520000,74.981,74.981,74.935,74.935,232,1739.4617
1784015580000,74.966,75.0,74.966,75.0,188,1409.5954
1784015640000,74.983,74.984,74.973,74.973,353,2646.8317
1784015700000,74.949,74.949,74.936,74.936,116,869.2937
1784015760000,74.939,74.939,74.919,74.919,245,1835.8646
1784015820000,74.926,74.943,74.885,74.892,3960,29670.5276
1784015880000,74.902,74.92,74.902,74.92,23,172.2908
1784015940000,74.92,74.928,74.92,74.928,105,786.7424
1784016000000,74.92,74.94,74.896,74.94,1185,8877.7098
1784016060000,74.943,74.968,74.906,74.906,2421,18145.6578
1784016120000,74.909,74.909,74.909,74.909,97,726.6173
1784016180000,74.905,74.916,74.815,74.9,144559,1082472.6974
1784016240000,74.912,74.965,74.912,74.965,1778,13326.7128
1784016300000,74.971,74.982,74.966,74.966,1047,7850.0255
1784016360000,74.962,74.964,74.935,74.936,1831,13724.4031
1784016420000,74.946,74.946,74.899,74.899,2126,15930.721
1784016480000,74.865,74.882,74.865,74.882,675,5054.0782
1784016540000,74.895,74.895,74.88,74.88,215,1610.1401
1784016600000,74.883,74.916,74.881,74.916,376,2815.5982
1784016660000,74.909,74.919,74.894,74.918,525,3932.4415
1784016720000,74.96,74.986,74.958,74.986,611,4580.5768
1784016780000,74.988,75.02,74.955,74.997,3756,28167.4928
1784016840000,75.008,75.008,75.005,75.005,30,225.0156
1784016900000,75.035,75.068,75.03,75.037,1223,9178.7393
1784016960000,75.066,75.105,75.066,75.105,402,3018.3741
1784017020000,75.119,75.119,75.079,75.079,445,3341.9057
1784017080000,75.094,75.103,75.094,75.103,918,6894.4255
1784017140000,75.101,75.114,75.073,75.111,1747,13117.7107
1784017200000,75.12,75.12,75.091,75.12,218,1637.5317
1784017260000,75.098,75.101,75.093,75.098,674,5061.4613
1784017320000,75.092,75.131,75.092,75.101,1930,14499.3731
1784017380000,75.112,75.113,75.09,75.09,346,2598.7351
1784017440000,75.102,75.11,75.09,75.09,413,3101.9988
1784017500000,75.12,75.142,75.12,75.142,70,525.9182
1784017560000,75.158,75.221,75.158,75.221,1041,7827.2995
1784017620000,75.229,75.282,75.229,75.269,317,2386.0268
1784017680000,75.261,75.292,75.261,75.283,75,564.5874
1784017740000,75.3,75.422,75.287,75.287,200718,1513000.3843
1784017800000,75.287,75.299,75.239,75.297,1679,12638.3601
1784017860000,75.295,75.295,75.25,75.25,1476,11110.5331
1784017920000,75.249,75.249,75.222,75.222,732,5507.1007
1784017980000,75.233,75.236,75.216,75.235,2733,20559.673
1784018040000,75.238,75.267,75.238,75.245,1038,7811.0576
1784018100000,75.241,75.247,75.209,75.247,2333,17549.7166
1784018160000,75.242,75.299,75.242,75.299,4848,36483.6015
1784018220000,75.275,75.295,75.275,75.295,709,5337.4628
1784018280000,75.288,75.333,75.288,75.332,24108,181611.2693
1784018340000,75.332,75.333,75.328,75.333,38531,290265.5523
1784018400000,75.332,75.332,75.31,75.32,1346,10138.2528
1784018460000,75.314,75.333,75.314,75.333,62156,468239.7742
1784018520000,75.333,75.343,75.316,75.338,4138,31170.87
1784018580000,75.337,75.337,75.293,75.293,1008,7591.5143
1784018640000,75.288,75.296,75.287,75.287,551,4148.7838
1784036700000,77.065,77.168,77.052,77.138,8023,61877.8898
1784036760000,77.151,77.227,76.975,76.992,8866,68336.4937
1784036820000,76.978,76.984,76.827,76.872,10283,79057.4162
1784036880000,76.866,76.934,76.772,76.815,9043,69489.2855
1784036940000,76.811,76.964,76.811,76.964,3542,27224.9321
1784037000000,76.962,76.999,76.92,76.977,3895,29977.3871
1784037060000,76.977,76.999,76.948,76.966,2312,17795.5109
1784037120000,76.926,76.943,76.788,76.794,3420,26298.309
1784037180000,76.796,76.997,76.796,76.945,4504,34653.3637
1784037240000,76.94,76.981,76.865,76.868,12049,92663.997
1784037300000,76.868,76.888,76.852,76.867,7546,58005.0702
1784037360000,76.853,76.874,76.814,76.822,1609,12362.2922
1784037420000,76.818,76.874,76.818,76.858,569,4373.4038
1784037480000,76.864,76.922,76.864,76.875,4763,36621.4971
1784037540000,76.871,76.958,76.871,76.906,2248,17291.5366
1784037600000,76.928,77.064,76.86,76.959,2221,17094.0764
1784037660000,76.956,76.985,76.83,76.945,7154,54989.8317
1784037720000,76.954,76.954,76.846,76.846,6640,51053.7385
1784037780000,76.858,76.898,76.789,76.857,4188,32169.3804
1784037840000,76.849,76.899,76.653,76.701,55024,422161.4772
1784037900000,76.699,76.781,76.667,76.755,6353,48735.8662
1784037960000,76.775,76.786,76.737,76.759,1643,12613.5287
1784038020000,76.756,76.84,76.756,76.796,1900,14591.6899
1784038080000,76.78,76.817,76.767,76.778,2519,19346.2285
1784038140000,76.782,76.798,76.761,76.798,1923,14765.0625
1784038200000,76.798,76.804,76.619,76.673,34230,262392.3302
1784038260000,76.664,76.862,76.664,76.862,1519,11664.1541
1784038320000,76.863,76.911,76.801,76.905,10167,78164.1239
1784038380000,76.922,76.969,76.89,76.907,4934,37954.4147
1784038440000,76.96,76.981,76.883,76.979,1671,12856.2113
1784038500000,76.97,76.97,76.738,76.797,5248,40316.0039
1784038560000,76.776,76.828,76.679,76.796,15329,117636.5933
1784038620000,76.794,76.813,76.751,76.775,4353,33416.7982
1784038680000,76.769,76.869,76.769,76.864,3365,25850.7181
1784038740000,76.837,76.93,76.837,76.881,1267,9741.8942
1784038800000,76.869,76.925,76.84,76.877,4628,35581.0981
1784038860000,76.878,76.908,76.831,76.891,1979,15214.3126
1784038920000,76.911,76.961,76.911,76.935,2206,16972.8109
1784038980000,76.953,76.953,76.856,76.913,1074,8261.2106
1784039040000,76.899,76.954,76.899,76.927,1477,11363.709
1784039100000,76.913,76.917,76.848,76.917,8710,66972.9108
1784039160000,76.93,77.036,76.838,76.976,63913,491891.1898
1784039220000,76.957,76.957,76.825,76.825,2041,15697.1591
1784039280000,76.83,76.863,76.779,76.784,7672,58950.1432
1784039340000,76.785,76.839,76.765,76.837,88490,679530.1582
1784039400000,76.84,76.841,76.754,76.754,46201,354800.9402
1784039460000,76.815,76.849,76.781,76.79,2838,21799.1214
1784039520000,76.839,76.903,76.826,76.903,1407,10813.7129
1784039580000,76.914,76.929,76.858,76.875,1427,10973.7207
1784039640000,76.881,77.203,76.881,76.987,189658,1461111.811
1784039700000,76.985,77.106,76.95,77.093,6684,51481.5379
1784039760000,77.096,77.097,77.047,77.073,3599,27738.1213
1784039820000,77.06,77.06,77.005,77.025,2387,18386.9425
1784039880000,77.02,77.108,76.973,77.108,678,5221.6367
1784039940000,77.101,77.124,77.056,77.081,6445,49689.8695
1784040000000,77.107,77.11,77.066,77.11,295,2274.0131
1784040060000,77.116,77.116,77.039,77.065,1092,8417.5017
1784040120000,77.075,77.091,77.025,77.038,7974,61436.6944
1784040180000,77.034,77.034,76.982,76.986,3815,29381.784
1784040240000,76.986,77.014,76.982,77.014,1792,13798.4008
1784040300000,77.028,77.034,77.008,77.008,1870,14403.9037
1784040360000,77.002,77.007,76.883,76.912,28519,219313.0156
1784040420000,76.935,77.028,76.935,76.969,17223,132610.3866
1784040480000,76.965,77.033,76.925,77.033,4655,35830.0925
1784040540000,77.023,77.033,77.008,77.012,1858,14310.4001
1784040600000,77.009,77.009,76.916,76.995,6202,47723.8453
1784040660000,76.983,77.082,76.983,77.082,7501,57764.4359
1784040720000,77.082,77.134,77.068,77.132,3654,28174.7298
1784040780000,77.133,77.172,77.113,77.164,5421,41817.1756
1784040840000,77.17,77.194,77.136,77.165,13077,100889.8779
1784040900000,77.173,77.244,77.173,77.223,5929,45781.6742
1784040960000,77.224,77.234,77.077,77.077,13647,105310.7269
1784041020000,77.095,77.132,77.057,77.114,4551,35083.1827
1784041080000,77.129,77.168,77.124,77.152,1336,10306.8709
1784041140000,77.175,77.459,77.174,77.328,120961,935590.5409
1784041200000,77.328,77.384,77.252,77.254,12897,99702.769
1784041260000,77.234,77.291,77.216,77.272,16896,130524.8715
1784041320000,77.274,77.317,77.245,77.245,2437,18828.5888
1784041380000,77.245,77.245,77.186,77.218,3252,25106.9934
1784041440000,77.201,77.44,77.187,77.327,42156,326053.4785
1784041500000,77.318,77.331,77.166,77.21,7313,56469.7925
1784041560000,77.204,77.273,77.204,77.261,2354,18183.2475
1784041620000,77.267,77.275,77.244,77.245,498,3847.8655
1784041680000,77.245,77.38,77.245,77.38,4902,37903.3429
1784041740000,77.382,77.414,77.34,77.34,717,5549.811
1784041800000,77.323,77.326,77.283,77.326,388,2999.3469
1784041860000,77.297,77.359,77.297,77.347,2663,20589.9912
1784041920000,77.347,77.352,77.315,77.352,747,5776.8386
1784041980000,77.361,77.405,77.296,77.296,3311,25615.3618
1784042040000,77.283,77.288,77.246,77.262,1190,9195.4973
1784042100000,77.27,77.304,77.266,77.267,207,1599.8134
1784042160000,77.27,77.281,77.245,77.248,667,5154.0765
1784042220000,77.24,77.318,77.24,77.318,1895,14648.1367
1784042280000,77.282,77.287,77.178,77.211,10856,83803.5587
1784042340000,77.184,77.226,77.171,77.226,2760,21307.3481
1784042400000,77.234,77.286,77.226,77.286,2122,16394.5971
1784042460000,77.286,77.352,77.286,77.318,4584,35447.5322
1784042520000,77.313,77.347,77.301,77.308,3591,27763.4633
1784042580000,77.308,77.308,77.245,77.245,8756,67648.522
1784042640000,77.247,77.247,77.228,77.236,563,4348.5337
1784042700000,77.247,77.307,77.247,77.3,4193,32399.5104
1784042760000,77.253,77.317,77.253,77.301,3609,27892.9812
1784042820000,77.265,77.329,77.251,77.288,2556,19761.1497
1784042880000,77.312,77.372,77.312,77.363,1353,10465.9158
1784042940000,77.361,77.49,77.361,77.46,12285,95112.8428
1784043000000,77.428,77.5,77.398,77.413,5971,46260.5161
1784043060000,77.431,77.671,77.402,77.633,99409,771264.2897
1784043120000,77.632,77.644,77.462,77.536,20902,162150.1345
1784043180000,77.506,77.635,77.5,77.573,14141,109752.8225
1784043240000,77.593,77.659,77.539,77.623,3154,24480.2556
1784043300000,77.631,77.631,77.515,77.529,11461,88896.5036
1784043360000,77.541,77.567,77.505,77.546,4810,37305.021
1784043420000,77.52,77.56,77.482,77.536,662,5131.7926
1784043480000,77.537,77.571,77.468,77.468,1478,11459.5637
1784043540000,77.485,77.487,77.424,77.487,8831,68391.8813
1784043600000,77.488,77.49,77.408,77.456,9802,75900.5727
1784043660000,77.464,77.464,77.337,77.337,4569,35350.788
1784043720000,77.376,77.384,77.291,77.384,3557,27507.0116
1784043780000,77.388,77.461,77.388,77.45,1653,12797.8172
1784043840000,77.482,77.499,77.446,77.459,1905,14759.2275
1784043900000,77.45,77.494,77.449,77.485,2367,18338.9213
1784043960000,77.488,77.535,77.488,77.519,2452,19005.305
1784044020000,77.52,77.527,77.464,77.522,3025,23443.737
1784044080000,77.538,77.595,77.484,77.581,10279,79715.7576
1784044140000,77.585,77.747,77.585,77.725,41283,320518.6694
1784044200000,77.748,77.899,77.616,77.616,25079,195073.7651
1784044260000,77.593,77.593,77.483,77.489,6153,47704.044
1784044320000,77.483,77.483,77.439,77.439,1677,12991.6846
1784044380000,77.441,77.441,77.376,77.376,6286,48654.1982
1784044440000,77.414,77.414,77.36,77.378,497,3846.5611
1784044500000,77.37,77.381,77.304,77.304,1903,14721.2024
1784044560000,77.317,77.344,77.315,77.317,1941,15010.0194
1784044620000,77.32,77.33,77.254,77.325,1146,8860.241
1784044680000,77.328,77.392,77.328,77.358,4314,33368.8331
1784044740000,77.358,77.384,77.318,77.343,2159,16699.4032
1784044800000,77.342,77.411,77.3,77.3,5466,42282.7117
1784044860000,77.3,77.3,77.082,77.112,18339,141522.9627
1784044920000,77.128,77.197,77.078,77.191,41114,317208.8068
1784044980000,77.175,77.236,77.175,77.236,26087,201400.0033
1784045040000,77.236,77.254,77.21,77.254,4150,32050.4468
1784045100000,77.251,77.325,77.25,77.302,3028,23403.7233
1784045160000,77.353,77.353,77.313,77.337,777,6008.3655
1784045220000,77.325,77.36,77.236,77.347,2181,16861.9732
1784045280000,77.349,77.375,77.349,77.373,3132,24227.619
1784045340000,77.371,77.437,77.366,77.437,2868,22202.878
1784045400000,77.438,77.457,77.384,77.384,1947,15076.0219
1784045460000,77.371,77.394,77.333,77.392,1953,15111.0496
1784045520000,77.382,77.429,77.374,77.374,6490,50238.688
1784045580000,77.36,77.36,77.301,77.301,1217,9412.8646
1784045640000,77.299,77.312,77.29,77.29,1678,12971.5489
1784045700000,77.282,77.288,77.198,77.251,3623,27985.9526
1784045760000,77.259,77.294,77.252,77.29,771,5958.1581
1784045820000,77.291,77.291,77.228,77.228,964,7446.6472
1784045880000,77.232,77.257,77.218,77.24,25919,200185.735
1784045940000,77.219,77.26,77.209,77.26,595,4594.8339
1784046000000,77.284,77.318,77.274,77.291,795,6144.7112
1784046060000,77.264,77.305,77.257,77.305,1549,11968.9891
1784046120000,77.312,77.313,77.253,77.276,2382,18404.6092
1784046180000,77.278,77.307,77.277,77.307,492,3803.2145
1784046240000,77.31,77.495,77.292,77.47,19719,152601.0344
1784046300000,77.475,77.546,77.469,77.542,9558,74084.9499
1784046360000,77.541,77.56,77.541,77.553,914,7088.5539
1784046420000,77.548,77.554,77.542,77.542,1629,12632.9041
1784046480000,77.529,77.529,77.482,77.488,3345,25924.3005
1784046540000,77.478,77.488,77.474,77.48,1536,11901.3522
1784046600000,77.478,77.535,77.433,77.51,2925,22657.7358
1784046660000,77.524,77.551,77.496,77.551,1024,7937.2872
1784046720000,77.565,77.584,77.499,77.499,414,3210.3801
1784046780000,77.482,77.508,77.462,77.508,6512,50461.8085
1784046840000,77.541,77.564,77.524,77.524,1720,13337.8813
1784046900000,77.545,77.582,77.527,77.572,4475,34708.3454
1784046960000,77.574,77.616,77.572,77.577,2614,20281.7877
1784047020000,77.572,77.572,77.5,77.5,840,6512.4424
1784047080000,77.503,77.556,77.49,77.556,778,6030.3534
1784047140000,77.532,77.543,77.532,77.542,768,5954.9263
1784047200000,77.539,77.551,77.514,77.52,752,5831.0103
1784047260000,77.541,77.572,77.514,77.52,2271,17611.9361
1784047320000,77.559,77.559,77.513,77.513,971,7528.6775
1784047380000,77.506,77.506,77.457,77.457,553,4284.8818
1784047440000,77.457,77.48,77.408,77.408,1450,11231.9859
1784047500000,77.423,77.436,77.4,77.4,781,6045.7986
1784047560000,77.382,77.382,77.353,77.372,706,5461.7066
1784047620000,77.358,77.361,77.323,77.324,2881,22285.3801
1784047680000,77.315,77.328,77.315,77.327,699,5404.7747
1784047740000,77.327,77.327,77.291,77.291,2252,17407.3873
1784047800000,77.298,77.35,77.298,77.335,552,4269.0336
1784047860000,77.346,77.392,77.346,77.383,1296,10026.9489
1784047920000,77.402,77.454,77.402,77.454,9,69.6905
1784047980000,77.458,77.458,77.415,77.44,20187,156319.3999
1784048040000,77.386,77.386,77.346,77.385,1359,10513.8528
1784048100000,77.401,77.401,77.372,77.384,1454,11252.2536
1784048160000,77.381,77.381,77.32,77.328,1713,13249.1684
1784048220000,77.334,77.335,77.324,77.335,691,5343.715
1784048280000,77.341,77.341,77.272,77.3,5186,40093.2431
1784048340000,77.298,77.298,77.217,77.255,3532,27283.746
1784048400000,77.25,77.25,77.153,77.18,1381,10660.0435
1784048460000,77.177,77.251,77.174,77.225,2736,21127.1655
1784048520000,77.22,77.232,77.203,77.232,709,5474.7631
1784048580000,77.245,77.245,77.227,77.227,622,4804.4207
1784048640000,77.207,77.233,77.194,77.228,911,7033.6368
1784066700000,77.156,77.184,77.156,77.159,590,4552.9393
1784066760000,77.178,77.181,77.172,77.172,97,748.6407
1784066820000,77.223,77.262,77.213,77.222,558,4309.8355
1784066880000,77.203,77.203,77.137,77.163,349,2693.23
1784066940000,77.173,77.191,77.171,77.191,690,5325.7126
1784067000000,77.201,77.233,77.147,77.155,1495,11542.1315
1784067060000,77.199,77.231,77.128,77.152,382,2947.5898
1784067120000,77.149,77.149,77.127,77.127,292,2252.4489
1784067180000,77.131,77.135,77.117,77.135,1069,8244.6944
1784067240000,77.142,77.142,77.087,77.128,1898,14634.5718
1784067300000,77.13,77.13,77.099,77.113,134,1033.4137
1784067360000,77.119,77.141,77.112,77.141,258,1989.5579
1784067420000,77.137,77.155,77.137,77.155,398,3070.4849
1784067480000,77.148,77.194,77.138,77.194,470,3626.2512
1784067540000,77.195,77.286,77.181,77.266,20258,156460.9719
1784067600000,77.292,77.658,77.266,77.524,327733,2538614.743
1784067660000,77.526,77.684,77.447,77.599,96537,748969.9778
1784067720000,77.588,77.588,77.462,77.472,6066,47029.4181
1784067780000,77.468,77.484,77.411,77.43,18419,142688.6556
1784067840000,77.435,77.56,77.435,77.56,18467,143115.4678
1784067900000,77.56,77.56,77.488,77.488,1705,13215.5188
1784067960000,77.488,77.504,77.477,77.497,1421,11010.742
1784068020000,77.493,77.563,77.489,77.538,52179,404629.1637
1784068080000,77.535,77.551,77.523,77.551,241,1868.5347
1784068140000,77.55,77.577,77.543,77.545,3971,30801.9759
1784068200000,77.546,77.578,77.546,77.565,5066,39300.4002
1784068260000,77.572,77.582,77.542,77.582,2161,16761.4148
1784068320000,77.586,77.669,77.585,77.653,5343,41479.4043
1784068380000,77.658,77.93,77.658,77.8,32635,254018.325
1784068440000,77.816,77.902,77.796,77.864,5807,45194.7651
1784068500000,77.819,77.849,77.754,77.764,5569,43333.9468
1784068560000,77.754,77.786,77.747,77.786,1088,8460.3255
1784068620000,77.804,77.855,77.804,77.854,2263,17612.777
1784068680000,77.855,77.857,77.805,77.83,2496,19424.4742
1784068740000,77.827,77.827,77.778,77.796,2000,15558.6219
1784068800000,77.796,77.813,77.76,77.76,608,4729.8027
1784068860000,77.761,77.804,77.761,77.803,13195,102637.5519
1784068920000,77.791,77.867,77.787,77.867,4590,35717.0782
1784068980000,77.867,77.867,77.795,77.817,3217,25028.5743
1784069040000,77.801,77.801,77.751,77.76,3162,24588.2615
1784069100000,77.756,77.793,77.748,77.749,158,1228.6317
1784069160000,77.75,77.871,77.75,77.857,5293,41186.0972
1784069220000,77.865,77.891,77.789,77.799,3788,29482.7314
1784069280000,77.795,77.795,77.78,77.781,508,3951.4469
1784069340000,77.777,77.777,77.746,77.747,137,1065.2176
1784069400000,77.754,77.754,77.682,77.726,14445,112231.6402
1784069460000,77.715,77.741,77.715,77.721,547,4251.689
1784069520000,77.722,77.728,77.679,77.679,753,5851.0919
1784069580000,77.687,77.734,77.682,77.734,750,5828.8805
1784069640000,77.733,77.733,77.673,77.677,278,2159.9291
1784069700000,77.674,77.674,77.64,77.645,75,582.3731
1784069760000,77.651,77.651,77.616,77.63,4543,35265.7748
1784069820000,77.634,77.651,77.605,77.608,2408,18688.3306
1784069880000,77.61,77.61,77.583,77.59,4432,34392.9928
1784069940000,77.59,77.607,77.583,77.598,5300,41128.9999
1784070000000,77.591,77.662,77.575,77.662,2102,16318.1758
1784070060000,77.624,77.658,77.569,77.583,8200,63627.7877
1784070120000,77.564,77.572,77.516,77.563,3132,24291.2199
1784070180000,77.556,77.578,77.533,77.573,1539,11937.4084
1784070240000,77.583,77.636,77.58,77.632,621,4818.7446
1784070300000,77.632,77.641,77.592,77.593,383,2972.886
1784070360000,77.586,77.607,77.586,77.598,374,2901.9104
1784070420000,77.598,77.632,77.592,77.632,862,6689.3241
1784070480000,77.642,77.73,77.637,77.714,3322,25807.1602
1784070540000,77.719,77.719,77.687,77.687,922,7165.134
1784070600000,77.69,77.808,77.69,77.749,6730,52327.007
1784070660000,77.75,77.876,77.749,77.83,14654,114038.8971
1784070720000,77.843,77.881,77.821,77.867,5037,39212.8787
1784070780000,77.856,77.888,77.839,77.863,1524,11867.4552
1784070840000,77.842,77.875,77.842,77.861,1185,9226.3203
1784070900000,77.867,77.867,77.772,77.781,806,6270.0777
1784070960000,77.781,77.79,77.74,77.74,191,1485.3813
1784071020000,77.73,77.737,77.682,77.682,274,2129.0055
1784071080000,77.682,77.699,77.673,77.699,3514,27301.0317
1784071140000,77.689,77.767,77.689,77.724,1147,8917.7445
1784071200000,77.724,77.724,77.694,77.71,706,5486.3764
1784071260000,77.702,77.733,77.702,77.712,809,6286.8065
1784071320000,77.701,77.701,77.672,77.678,2956,22964.4063
1784071380000,77.677,77.681,77.677,77.681,84,652.5165
1784071440000,77.684,77.684,77.633,77.646,778,6041.7705
1784071500000,77.643,77.68,77.62,77.671,3743,29063.0023
1784071560000,77.658,77.658,77.583,77.593,599,4648.3315
1784071620000,77.601,77.61,77.601,77.604,445,3453.5069
1784071680000,77.6,77.628,77.599,77.628,296,2297.1754
1784071740000,77.62,77.659,77.62,77.659,394,3058.4015
1784071800000,77.66,77.675,77.652,77.652,277,2151.3161
1784071860000,77.65,77.671,77.65,77.669,170,1320.3576
1784071920000,77.667,77.677,77.647,77.647,734,5699.8799
1784071980000,77.623,77.643,77.621,77.638,4156,32265.2263
1784072040000,77.638,77.638,77.585,77.599,1009,7831.3929
1784072100000,77.613,77.665,77.613,77.661,164,1273.1545
1784072160000,77.663,77.693,77.663,77.693,1088,8450.2764
1784072220000,77.687,77.692,77.679,77.686,1947,15125.5295
1784072280000,77.685,77.685,77.639,77.651,333,2586.4515
1784072340000,77.651,77.695,77.651,77.695,342,2656.0839
1784072400000,77.696,77.743,77.696,77.743,2104,16352.1428
1784072460000,77.726,77.727,77.696,77.711,1293,10047.921
1784072520000,77.699,77.73,77.677,77.713,1523,11832.8928
1784072580000,77.706,77.706,77.662,77.68,560,4349.8002
1784072640000,77.679,77.686,77.669,77.672,222,1724.3341
1784072700000,77.68,77.727,77.68,77.727,1895,14725.913
1784072760000,77.73,77.73,77.697,77.697,473,3675.6913
1784072820000,77.705,77.743,77.705,77.743,429,3334.4826
1784072880000,77.749,77.764,77.728,77.764,1498,11647.4504
1784072940000,77.755,77.768,77.747,77.753,368,2861.2988
1784073000000,77.768,77.774,77.745,77.759,4339,33743.0183
1784073060000,77.773,77.802,77.74,77.74,548,4260.9413
1784073120000,77.725,77.736,77.72,77.733,584,4539.5571
1784073180000,77.735,77.747,77.724,77.743,1409,10953.2147
1784073240000,77.741,77.741,77.721,77.721,2531,19671.6835
1784073300000,77.74,77.81,77.74,77.767,6370,49538.3029
1784073360000,77.78,77.782,77.744,77.753,474,3685.8665
1784073420000,77.785,77.824,77.753,77.762,1892,14717.2356
1784073480000,77.773,77.797,77.768,77.797,263,2045.8859
1784073540000,77.789,77.822,77.789,77.817,631,4909.9425
1784073600000,77.834,77.878,77.793,77.811,5105,39737.9904
1784073660000,77.778,77.822,77.758,77.814,3089,24026.4024
1784073720000,77.85,77.899,77.833,77.852,28943,225409.7807
1784073780000,77.847,77.858,77.831,77.84,4424,34437.7368
1784073840000,77.83,77.839,77.759,77.759,2101,16351.0035
1784073900000,77.744,77.763,77.727,77.746,3702,28778.2358
1784073960000,77.755,77.794,77.755,77.79,2045,15905.2452
1784074020000,77.79,77.792,77.736,77.769,2374,18460.0867
1784074080000,77.768,77.768,77.694,77.694,1970,15311.7379
1784074140000,77.695,77.715,77.674,77.715,1445,11226.2264
1784074200000,77.737,77.747,77.695,77.714,815,6333.508
1784074260000,77.694,77.697,77.642,77.661,1343,10429.0842
1784074320000,77.67,77.686,77.655,77.655,1132,8791.9917
1784074380000,77.655,77.66,77.651,77.66,327,2539.3339
1784074440000,77.655,77.655,77.655,77.655,28,217.434
1784074500000,77.651,77.696,77.651,77.696,1215,9436.4061
1784074560000,77.697,77.704,77.659,77.669,1561,12125.3697
1784074620000,77.691,77.694,77.686,77.686,395,3068.8305
1784074680000,77.656,77.665,77.64,77.665,362,2811.2649
1784074740000,77.642,77.671,77.642,77.645,700,5435.4446
1784074800000,77.641,77.687,77.632,77.681,1229,9544.4351
1784074860000,77.662,77.662,77.605,77.609,1315,10206.3054
1784074920000,77.601,77.614,77.57,77.582,11468,88983.4305
1784074980000,77.583,77.621,77.582,77.612,6313,48999.7358
1784075040000,77.605,77.663,77.605,77.612,927,7194.9232
1784075100000,77.6,77.609,77.568,77.573,1959,15198.1939
1784075160000,77.559,77.573,77.558,77.572,3258,25272.011
1784075220000,77.573,77.604,77.573,77.585,2762,21431.1344
1784075280000,77.583,77.587,77.572,77.583,703,5453.7951
1784075340000,77.575,77.609,77.567,77.572,1072,8316.8274
1784075400000,77.573,77.573,77.507,77.507,448,3473.6248
1784075460000,77.504,77.504,77.474,77.476,1172,9081.1158
1784075520000,77.474,77.493,77.467,77.484,1005,7787.0162
1784075580000,77.506,77.537,77.494,77.509,1421,11015.5664
1784075640000,77.513,77.539,77.497,77.525,1519,11773.1131
1784075700000,77.532,77.532,77.473,77.474,2833,21951.1908
1784075760000,77.483,77.489,77.466,77.489,1688,13077.7061
1784075820000,77.483,77.486,77.454,77.486,1633,12649.9449
1784075880000,77.48,77.488,77.454,77.479,3212,24887.4626
1784075940000,77.486,77.521,77.486,77.521,4555,35296.1566
1784076000000,77.531,77.562,77.531,77.554,1139,8832.846
1784076060000,77.541,77.541,77.481,77.481,1548,11997.6333
1784076120000,77.484,77.502,77.451,77.451,1760,13637.8523
1784076180000,77.451,77.481,77.443,77.443,822,6366.9603
1784076240000,77.435,77.464,77.435,77.464,1667,12910.4889
1784076300000,77.5,77.551,77.5,77.551,472,3658.4045
1784076360000,77.54,77.597,77.54,77.597,1292,10021.2108
1784076420000,77.605,77.605,77.562,77.563,478,3708.5697
1784076480000,77.561,77.568,77.54,77.54,961,7453.4454
1784076540000,77.521,77.522,77.495,77.495,1174,9099.3257
1784076600000,77.488,77.536,77.488,77.536,219,1697.4375
1784076660000,77.548,77.548,77.536,77.537,149,1155.3877
1784076720000,77.539,77.593,77.539,77.593,1159,8987.4506
1784076780000,77.59,77.59,77.56,77.562,504,3910.1306
1784076840000,77.583,77.619,77.583,77.619,209,1621.8233
1784076900000,77.613,77.644,77.613,77.629,50,388.1522
1784077020000,77.61,77.649,77.61,77.649,148,1148.8381
1784077080000,77.657,77.657,77.649,77.649,552,4286.5264
1784077140000,77.649,77.651,77.619,77.625,1767,13720.4855
1784077200000,77.636,77.644,77.534,77.534,1095,8492.5246
1784077260000,77.551,77.629,77.542,77.609,5034,39061.0168
1784077320000,77.605,77.608,77.548,77.552,3883,30124.819
1784077380000,77.558,77.569,77.533,77.559,646,5009.5075
1784077440000,77.561,77.63,77.544,77.63,4807,37291.383
1784077500000,77.632,77.677,77.627,77.632,1336,10375.8726
1784077560000,77.624,77.635,77.597,77.616,204,1583.4651
1784077620000,77.598,77.598,77.539,77.546,257,1993.6237
1784077680000,77.544,77.544,77.526,77.539,52,403.1764
1784077740000,77.551,77.554,77.511,77.529,592,4590.3666
1784077800000,77.539,77.539,77.517,77.517,40,310.1402
1784077860000,77.482,77.502,77.449,77.502,12657,98053.0166
1784077920000,77.526,77.526,77.526,77.526,42,325.6092
1784077980000,77.501,77.55,77.501,77.548,307,2380.1734
1784078040000,77.526,77.545,77.526,77.544,436,3380.8864
1784078100000,77.536,77.601,77.536,77.585,602,4671.0156
1784078160000,77.591,77.593,77.568,77.568,1229,9534.619
1784078220000,77.557,77.567,77.547,77.547,781,6057.6639
1784078280000,77.548,77.571,77.519,77.523,1139,8830.6016
1784078340000,77.524,77.545,77.522,77.545,523,4055.163
1784078400000,77.572,77.572,77.53,77.531,1590,12330.8732
1784078460000,77.531,77.541,77.531,77.541,286,2217.4519
1784078520000,77.575,77.578,77.555,77.578,112,868.8162
1784078580000,77.581,77.62,77.581,77.604,658,5106.144
1784078640000,77.616,77.616,77.588,77.589,1240,9624.1427
1784078700000,77.625,77.625,77.616,77.616,215,1668.7485
1784096700000,78.346,78.357,78.324,78.333,2084,16326.8215
1784096760000,78.322,78.322,78.282,78.286,534,4181.5205
1784096820000,78.286,78.289,78.281,78.286,376,2943.5405
1784096880000,78.262,78.262,78.218,78.247,2022,15816.3637
1784096940000,78.25,78.257,78.249,78.257,1588,12426.5701
1784097000000,78.277,78.297,78.247,78.255,915,7160.1729
1784097060000,78.248,78.371,78.248,78.371,842,6596.3993
1784097120000,78.382,78.456,78.382,78.432,2797,21934.7054
1784097180000,78.429,78.623,78.429,78.536,24116,189477.2695
1784097240000,78.54,78.624,78.496,78.557,10686,83950.9505
1784097300000,78.598,78.657,78.533,78.569,5048,39659.0433
1784097360000,78.57,78.57,78.482,78.482,1770,13898.7149
1784097420000,78.491,78.491,78.306,78.306,5738,44994.829
1784097480000,78.297,78.366,78.287,78.292,1483,11615.9822
1784097540000,78.288,78.352,78.288,78.311,1746,13674.39
1784097600000,78.308,78.332,78.296,78.332,2744,21486.8498
1784097660000,78.315,78.318,78.301,78.301,299,2341.6422
1784097720000,78.292,78.295,78.277,78.277,861,6740.9244
1784097780000,78.268,78.271,78.258,78.261,679,5314.2458
1784097840000,78.278,78.278,78.236,78.268,1155,9039.0544
1784097900000,78.277,78.338,78.259,78.33,606,4746.0614
1784097960000,78.312,78.312,78.209,78.226,1665,13025.0609
1784098020000,78.231,78.231,78.156,78.185,2571,20099.0297
1784098080000,78.182,78.189,78.152,78.161,1771,13843.6813
1784098140000,78.178,78.2,78.159,78.192,3933,30750.2125
1784098200000,78.195,78.218,78.151,78.213,954,7458.6579
1784098260000,78.176,78.176,78.17,78.175,346,2704.8321
1784098320000,78.154,78.158,78.107,78.123,1256,9811.8211
1784098380000,78.127,78.127,78.112,78.12,860,6718.3511
1784098440000,78.134,78.139,78.125,78.134,1245,9727.2251
1784098500000,78.124,78.162,78.12,78.151,1310,10236.6601
1784098560000,78.123,78.134,78.064,78.077,33184,259137.9777
1784098620000,78.062,78.062,77.956,77.979,7980,62233.3282
1784098680000,77.984,78.012,77.957,77.988,1599,12469.2291
1784098740000,77.991,78.022,77.903,77.903,6779,52844.43
1784098800000,77.907,77.907,77.813,77.855,6451,50217.2946
1784098860000,77.843,77.873,77.815,77.84,4228,32909.1905
1784098920000,77.843,77.858,77.838,77.839,911,7091.3936
1784098980000,77.853,77.911,77.814,77.814,1877,14616.1567
1784099040000,77.861,77.87,77.852,77.852,1193,9289.0065
1784099100000,77.839,77.856,77.839,77.845,729,5674.8862
1784099160000,77.86,77.86,77.783,77.797,2310,17971.9645
1784099220000,77.797,77.809,77.784,77.805,613,4769.2475
1784099280000,77.812,77.938,77.812,77.836,161663,1259248.0692
1784099340000,77.837,77.889,77.837,77.889,4106,31971.4423
1784099400000,77.884,77.886,77.865,77.88,383,2982.5714
1784099460000,77.879,77.886,77.879,77.884,789,6144.812
1784099520000,77.885,77.927,77.877,77.927,1102,8585.0
1784099580000,77.933,77.968,77.924,77.934,1793,13976.8496
1784099640000,77.933,77.933,77.918,77.918,381,2969.1008
1784099700000,77.925,77.925,77.915,77.92,380,2961.0201
1784099760000,77.917,77.933,77.9,77.9,192,1496.0476
1784099820000,77.891,77.891,77.842,77.849,1954,15215.9014
1784099880000,77.848,77.901,77.835,77.88,2644,20589.5138
1784099940000,77.85,77.906,77.85,77.881,1088,8473.2228
1784100000000,77.886,77.886,77.849,77.855,502,3908.7196
1784100060000,77.864,77.88,77.732,77.732,4223,32846.2134
1784100120000,77.732,77.738,77.634,77.695,16694,129639.816
1784100180000,77.694,77.725,77.66,77.723,1973,15328.0771
1784100240000,77.689,77.707,77.669,77.707,1641,12748.9089
1784100300000,77.707,77.71,77.683,77.685,1077,8367.0577
1784100360000,77.686,77.686,77.676,77.682,267,2074.1054
1784100420000,77.635,77.635,77.45,77.495,16122,125022.6006
1784100480000,77.508,77.553,77.45,77.45,7728,59892.8074
1784100540000,77.456,77.495,77.456,77.49,2875,22277.5561
1784100600000,77.49,77.501,77.466,77.501,3452,26748.039
1784100660000,77.498,77.52,77.466,77.5,1760,13640.8396
1784100720000,77.507,77.537,77.507,77.531,1133,8783.6507
1784100780000,77.529,77.571,77.526,77.564,1050,8142.5145
1784100840000,77.567,77.572,77.51,77.53,1629,12631.2009
1784100900000,77.543,77.582,77.539,77.582,371,2877.0742
1784100960000,77.59,77.598,77.583,77.598,1996,15487.1499
1784101020000,77.609,77.609,77.557,77.557,283,2195.7458
1784101080000,77.562,77.562,77.54,77.56,693,5374.3629
1784101140000,77.564,77.593,77.561,77.579,1951,15136.5564
1784101200000,77.572,77.573,77.563,77.565,682,5290.1506
1784101260000,77.567,77.585,77.566,77.585,219,1698.7377
1784101320000,77.587,77.59,77.565,77.565,2408,18678.5876
1784101380000,77.563,77.568,77.563,77.568,175,1357.3684
1784101440000,77.567,77.567,77.523,77.541,3093,23984.2635
1784101500000,77.551,77.562,77.501,77.501,3462,26835.8209
1784101560000,77.498,77.503,77.486,77.503,1214,9408.0429
1784101620000,77.503,77.503,77.494,77.494,138,1069.4676
1784101680000,77.494,77.504,77.494,77.504,1121,8687.4315
1784101740000,77.515,77.526,77.509,77.509,759,5883.3717
1784101800000,77.515,77.533,77.496,77.496,528,4092.885
1784101860000,77.488,77.488,77.451,77.451,103,797.8532
1784101920000,77.449,77.464,77.432,77.439,804,6227.1173
1784101980000,77.443,77.457,77.443,77.444,251,1943.8986
1784102040000,77.446,77.457,77.441,77.457,797,6173.067
1784102100000,77.455,77.456,77.432,77.432,1136,8798.7449
1784102160000,77.436,77.436,77.388,77.389,6363,49248.9335
1784102220000,77.387,77.391,77.382,77.382,201,1555.5393
1784102280000,77.38,77.393,77.38,77.382,643,4975.8501
1784102340000,77.38,77.38,77.377,77.378,377,2917.1678
1784102400000,77.39,77.414,77.375,77.393,2813,21773.3387
1784102460000,77.409,77.45,77.402,77.439,4499,34831.5744
1784102520000,77.443,77.473,77.38,77.38,7156,55434.7618
1784102580000,77.375,77.466,77.37,77.462,70560,545950.5276
1784102640000,77.457,77.492,77.387,77.486,2184,16909.3285
1784102700000,77.485,77.499,77.448,77.448,946,7329.6904
1784102760000,77.424,77.446,77.413,77.446,139,1076.3777
1784102820000,77.385,77.385,77.306,77.33,75071,580809.115
1784102880000,77.321,77.39,77.32,77.39,1226,9483.8683
1784102940000,77.403,77.403,77.311,77.32,3125,24174.3882
1784103000000,77.322,77.357,77.307,77.357,1666,12881.5365
1784103060000,77.37,77.386,77.349,77.349,320,2476.0494
1784103120000,77.349,77.379,77.342,77.37,11101,85888.5088
1784103180000,77.381,77.431,77.37,77.37,599,4637.1236
1784103240000,77.407,77.407,77.401,77.405,34,263.1732
1784103300000,77.443,77.45,77.44,77.44,296,2292.4522
1784103360000,77.45,77.486,77.448,77.463,4017,31117.8804
1784103420000,77.472,77.472,77.461,77.463,336,2602.745
1784103480000,77.427,77.481,77.427,77.451,497,3849.6143
1784103540000,77.415,77.416,77.393,77.393,309,2391.8464
1784103600000,77.382,77.394,77.369,77.369,151,1168.4779
1784103660000,77.359,77.359,77.305,77.305,2841,21971.7321
1784103720000,77.308,77.328,77.291,77.328,2681,20725.2504
1784103780000,77.332,77.332,77.203,77.24,9084,70162.6935
1784103840000,77.243,77.303,77.211,77.303,5966,46086.8262
1784103900000,77.316,77.325,77.298,77.298,383,2960.7287
1784103960000,77.308,77.332,77.294,77.33,3784,29260.2586
1784104020000,77.329,77.334,77.319,77.333,1532,11847.1276
1784104080000,77.339,77.364,77.324,77.364,2078,16072.3248
1784104140000,77.373,77.381,77.365,77.368,775,5996.3121
1784104200000,77.372,77.381,77.337,77.337,386,2985.9795
1784104260000,77.337,77.337,77.318,77.321,236,1824.8917
1784104320000,77.32,77.334,77.32,77.334,283,2188.4805
1784104380000,77.355,77.369,77.351,77.369,381,2947.3686
1784104440000,77.382,77.392,77.382,77.391,369,2855.6439
1784104500000,77.37,77.37,77.328,77.361,2282,17651.6433
1784104560000,77.357,77.375,77.334,77.375,714,5522.68
1784104620000,77.378,77.396,77.371,77.391,499,3861.6196
1784104680000,77.391,77.408,77.391,77.394,529,4094.4937
1784104740000,77.391,77.445,77.391,77.445,2000,15485.9085
1784104800000,77.445,77.463,77.426,77.436,2206,17084.7343
1784104860000,77.433,77.433,77.416,77.425,750,5807.2965
1784104920000,77.422,77.425,77.404,77.404,508,3932.6802
1784104980000,77.403,77.478,77.403,77.478,545,4219.6949
1784105040000,77.475,77.489,77.458,77.489,189,1464.1829
1784105100000,77.492,77.514,77.492,77.514,521,4037.4431
1784105160000,77.516,77.516,77.497,77.497,557,4317.0376
1784105220000,77.497,77.498,77.461,77.474,2471,19143.5663
1784105280000,77.461,77.486,77.461,77.48,284,2200.3507
1784105340000,77.452,77.456,77.445,77.452,765,5924.6334
1784105400000,77.459,77.463,77.459,77.463,465,3601.8635
1784105460000,77.467,77.5,77.467,77.5,788,6105.3378
1784105520000,77.491,77.53,77.491,77.53,75627,586335.5581
1784105580000,77.53,77.546,77.53,77.546,53397,413986.989
1784105640000,77.546,77.563,77.525,77.552,22843,177153.4925
1784105700000,77.551,77.552,77.516,77.536,525,4070.535
1784105760000,77.525,77.542,77.525,77.525,637,4939.0507
1784105820000,77.54,77.574,77.54,77.56,2376,18430.2769
1784105880000,77.554,77.559,77.541,77.544,4461,34597.2417
1784105940000,77.54,77.547,77.54,77.547,32,248.1445
1784106000000,77.547,77.573,77.543,77.569,3664,28421.4565
1784106060000,77.573,77.573,77.563,77.565,1587,12309.9654
1784106120000,77.575,77.579,77.572,77.579,125,969.6755
1784106180000,77.578,77.587,77.578,77.587,1280,9930.0325
1784106240000,77.623,77.657,77.617,77.657,2143,16638.8068
1784106300000,77.662,77.662,77.635,77.635,1495,11609.8106
1784106360000,77.639,77.693,77.632,77.632,2188,16993.5724
1784106420000,77.616,77.625,77.606,77.625,278,2157.6129
1784106480000,77.625,77.679,77.617,77.671,2634,20449.4728
1784106540000,77.647,77.656,77.625,77.656,1022,7934.6298
1784106600000,77.689,77.757,77.689,77.757,1938,15062.283
1784106660000,77.764,77.764,77.733,77.733,1005,7812.884
1784106720000,77.735,77.766,77.735,77.766,1477,11483.5312
1784106780000,77.762,77.778,77.751,77.751,599,4657.9543
1784106840000,77.746,77.746,77.712,77.713,206,1601.1385
1784106900000,77.709,77.72,77.709,77.717,326,2533.549
1784106960000,77.707,77.724,77.707,77.724,183,1422.2868
1784107020000,77.737,77.766,77.737,77.762,455,3538.0147
1784107080000,77.782,77.829,77.782,77.824,2795,21749.0024
1784107140000,77.818,77.827,77.788,77.788,437,3400.7529
1784107200000,77.798,77.868,77.798,77.857,1686,13125.253
1784107260000,77.857,77.858,77.842,77.853,1232,9591.1285
1784107320000,77.844,77.844,77.807,77.807,3681,28646.6925
1784107380000,77.811,77.811,77.778,77.784,1612,12540.2278
1784107440000,77.789,77.827,77.777,77.827,2273,17680.9166
1784107500000,77.826,77.85,77.825,77.85,767,5969.5262
1784107560000,77.846,77.847,77.817,77.839,4628,36020.0281
1784107620000,77.835,77.835,77.785,77.785,1500,11672.8772
1784107680000,77.788,77.788,77.769,77.785,2242,17436.7578
1784107740000,77.789,77.789,77.758,77.758,1168,9084.412
1784107800000,77.766,77.783,77.716,77.721,1729,13442.1259
1784107860000,77.712,77.716,77.682,77.691,2476,19235.5788
1784107920000,77.704,77.704,77.687,77.69,38,295.2626
1784107980000,77.687,77.687,77.66,77.663,785,6097.9651
1784108040000,77.665,77.668,77.665,77.667,70,543.669
1784108100000,77.656,77.683,77.656,77.662,1599,12419.0873
1784108160000,77.663,77.663,77.602,77.602,12117,94076.2813
1784108220000,77.606,77.625,77.606,77.621,847,6574.4301
1784108280000,77.615,77.665,77.615,77.622,1586,12312.5342
1784108340000,77.606,77.627,77.595,77.599,756,5866.9751
1784108400000,77.598,77.608,77.582,77.582,1238,9606.3555
1784108460000,77.579,77.579,77.543,77.543,2550,19778.2116
1784108520000,77.541,77.541,77.521,77.538,1646,12761.3466
1784108580000,77.544,77.544,77.524,77.538,469,3636.0335
1784108640000,77.534,77.552,77.533,77.541,344,2667.5708
1784126700000,77.905,77.922,77.812,77.815,2811,21891.3217
1784126760000,77.82,77.835,77.794,77.827,3139,24424.4745
1784126820000,77.881,77.919,77.861,77.918,1490,11603.4602
1784126880000,77.917,78.084,77.905,78.084,1167,9099.4372
1784126940000,78.082,78.152,78.062,78.124,1935,15108.3451
1784127000000,78.115,78.115,78.072,78.072,848,6622.2336
1784127060000,78.078,78.078,78.021,78.023,530,4136.1564
1784127120000,78.052,78.137,78.032,78.078,1944,15180.6647
1784127180000,78.08,78.128,78.079,78.103,1235,9647.4541
1784127240000,78.102,78.111,78.084,78.103,623,4865.2842
1784127300000,78.124,78.179,78.073,78.074,2106,16451.7476
1784127360000,78.095,78.095,78.055,78.079,1664,12990.2682
1784127420000,78.103,78.139,78.1,78.117,1481,11571.1146
1784127480000,78.095,78.119,78.085,78.119,614,4795.7331
1784127540000,78.106,78.17,78.106,78.169,1377,10762.1727
1784127600000,78.18,78.182,78.07,78.07,679,5304.6231
1784127660000,78.072,78.072,77.95,77.986,6355,49560.3264
1784127720000,77.982,78.03,77.959,78.02,1291,10068.9197
1784127780000,78.001,78.001,77.883,77.974,1209,9425.4832
1784127840000,77.926,77.947,77.89,77.921,513,3997.2603
1784127900000,77.928,78.055,77.92,78.005,8720,68019.9151
1784127960000,78.047,78.055,77.989,78.021,2528,19722.7704
1784128020000,78.026,78.179,78.026,78.179,1376,10752.3763
1784128080000,78.174,78.207,78.153,78.16,5020,39250.1581
1784128140000,78.156,78.156,78.123,78.132,523,4086.3359
1784128200000,78.114,78.16,78.042,78.078,1424,11117.3269
1784128260000,78.069,78.075,78.035,78.05,446,3481.4309
1784128320000,78.022,78.054,77.982,77.982,454,3542.6032
1784128380000,77.935,77.995,77.932,77.965,1518,11836.4082
1784128440000,77.971,77.995,77.893,77.894,2264,17646.4458
1784128500000,77.892,77.91,77.701,77.754,3113,24206.3055
1784128560000,77.737,77.792,77.737,77.792,2613,20321.6192
1784128620000,77.818,78.005,77.758,77.987,5098,39674.6726
1784128680000,77.982,78.032,77.977,78.031,1609,12551.3395
1784128740000,78.051,78.157,78.042,78.093,12377,96659.6581
1784128800000,78.086,78.086,78.023,78.057,986,7696.3429
1784128860000,78.058,78.059,78.0,78.029,5904,46075.2857
1784128920000,78.032,78.032,77.882,77.882,2720,21215.8451
1784128980000,77.858,77.858,77.796,77.826,1924,14974.9739
1784129040000,77.85,77.899,77.81,77.899,915,7123.0754
1784129100000,77.923,77.966,77.838,77.838,14898,116119.5641
1784129160000,77.85,77.996,77.85,77.971,3680,28674.3719
1784129220000,77.971,77.998,77.951,77.974,152,1185.2924
1784129280000,77.981,78.006,77.978,77.996,625,4874.5461
1784129340000,78.028,78.051,78.015,78.017,385,3003.9311
1784129400000,77.993,78.002,77.936,77.936,239,1863.2086
1784129460000,77.902,77.936,77.872,77.921,1347,10493.1332
1784129520000,77.92,78.0,77.92,78.0,333,2595.7686
1784129580000,78.001,78.094,78.001,78.018,3041,23736.3251
1784129640000,78.015,78.033,77.981,77.981,4252,33169.8589
1784129700000,77.999,78.061,77.962,78.048,4025,31395.111
1784129760000,78.055,78.117,78.027,78.085,9048,70622.089
1784129820000,78.118,78.15,78.085,78.101,5332,41660.6315
1784129880000,78.108,78.118,78.064,78.118,3886,30346.7832
1784129940000,78.117,78.166,78.116,78.159,4014,31367.7868
1784130000000,78.179,78.179,78.114,78.114,1768,13817.3491
1784130060000,78.093,78.106,78.064,78.106,2036,15898.0339
1784130120000,78.121,78.128,78.084,78.111,265,2069.8494
1784130180000,78.109,78.115,78.073,78.081,37,288.9611
1784130240000,78.085,78.11,78.058,78.075,591,4614.715
1784130300000,78.083,78.098,78.039,78.045,1824,14241.1936
1784130360000,78.033,78.143,78.021,78.143,7064,55152.0578
1784130420000,78.164,78.164,78.125,78.16,3228,25226.638
1784130480000,78.147,78.17,78.129,78.165,3716,29039.2375
1784130540000,78.165,78.165,78.122,78.147,8419,65788.4869
1784130600000,78.146,78.146,78.103,78.128,2576,20125.8166
1784130660000,78.123,78.169,78.119,78.154,2669,20859.2762
1784130720000,78.153,78.161,78.112,78.12,3689,28825.1593
1784130780000,78.1,78.104,77.955,78.018,2421,18881.6772
1784130840000,78.018,78.058,77.999,78.01,2098,16368.4815
1784130900000,78.022,78.025,77.981,77.981,1136,8861.1819
1784130960000,77.98,77.98,77.914,77.936,1540,12004.9723
1784131020000,77.94,77.944,77.892,77.928,2933,22851.6878
1784131080000,77.928,77.96,77.928,77.956,1344,10476.4804
1784131140000,77.962,78.028,77.962,78.023,2647,20645.7325
1784131200000,78.03,78.073,77.983,77.983,3146,24551.8172
1784131260000,77.987,77.987,77.868,77.875,1073,8358.9429
1784131320000,77.86,77.893,77.847,77.893,3249,25303.0588
1784131380000,77.886,77.886,77.782,77.782,524,4079.0084
1784131440000,77.762,77.893,77.762,77.89,3341,26007.3164
1784131500000,77.869,77.926,77.796,77.796,1703,13258.2047
1784131560000,77.805,77.805,77.69,77.69,6186,48082.2872
1784131620000,77.682,77.764,77.629,77.67,6338,49232.734
1784131680000,77.687,77.698,77.673,77.698,1835,14255.165
1784131740000,77.704,77.759,77.703,77.745,908,7057.9468
1784131800000,77.74,77.772,77.694,77.746,15973,124153.446
1784131860000,77.744,77.744,77.654,77.67,2753,21392.8388
1784131920000,77.67,77.67,77.576,77.651,8335,64683.6719
1784131980000,77.655,77.659,77.555,77.579,4551,35311.1789
1784132040000,77.589,77.589,77.48,77.503,13783,106837.4443
1784132100000,77.492,77.596,77.492,77.582,7386,57280.8813
1784132160000,77.574,77.609,77.51,77.51,2261,17540.9288
1784132220000,77.527,77.533,77.461,77.475,5120,39677.5523
1784132280000,77.475,77.543,77.475,77.543,7314,56692.0278
1784132340000,77.555,77.608,77.539,77.553,4344,33698.2165
1784132400000,77.552,77.552,77.382,77.4,18786,145517.4128
1784132460000,77.388,77.442,77.32,77.391,5692,44047.6416
1784132520000,77.39,77.518,77.39,77.503,1741,13487.8195
1784132580000,77.496,77.581,77.49,77.571,4295,33301.3649
1784132640000,77.567,77.567,77.498,77.498,1176,9115.4088
1784132700000,77.506,77.593,77.483,77.562,3152,24445.4224
1784132760000,77.553,77.611,77.553,77.61,820,6363.2746
1784132820000,77.62,77.644,77.62,77.621,1051,8159.209
1784132880000,77.625,77.674,77.621,77.668,839,6515.1299
1784132940000,77.669,77.698,77.669,77.683,125,971.1295
1784133000000,77.676,77.71,77.656,77.657,32238,250468.1358
1784133060000,77.652,77.652,77.526,77.544,4757,36911.0025
1784133120000,77.542,77.577,77.532,77.557,2843,22046.4462
1784133180000,77.55,77.566,77.419,77.427,3857,29901.562
1784133240000,77.418,77.455,77.35,77.352,1594,12340.5652
1784133300000,77.353,77.356,77.224,77.276,6846,52911.8963
1784133360000,77.287,77.291,77.016,77.086,14982,115546.7983
1784133420000,77.094,77.17,77.083,77.088,4002,30871.3232
1784133480000,77.08,77.08,77.035,77.06,2087,16082.4383
1784133540000,77.052,77.2,77.052,77.198,2544,19631.8159
1784133600000,77.194,77.25,77.174,77.229,2962,22870.8777
1784133660000,77.221,77.329,77.159,77.29,2499,19308.5473
1784133720000,77.29,77.304,77.285,77.295,1948,15057.5332
1784133780000,77.253,77.3,77.249,77.292,1882,14543.9125
1784133840000,77.273,77.352,77.273,77.352,501,3872.8348
1784133900000,77.352,77.373,77.307,77.307,921,7122.1534
1784133960000,77.306,77.599,77.302,77.547,109170,846092.8675
1784134020000,77.526,77.526,77.437,77.438,8385,64960.6891
1784134080000,77.417,77.438,77.417,77.418,1957,15151.5987
1784134140000,77.433,77.467,77.421,77.438,1489,11529.4448
1784134200000,77.44,77.488,77.432,77.455,2822,21858.2733
1784134260000,77.459,77.512,77.459,77.476,2744,21260.7435
1784134320000,77.466,77.527,77.458,77.512,561,4347.8533
1784134380000,77.495,77.537,77.488,77.533,1377,10674.6058
1784134440000,77.551,77.591,77.537,77.537,4410,34209.0658
1784134500000,77.542,77.617,77.535,77.587,3102,24065.4426
1784134560000,77.59,77.611,77.565,77.565,257,1994.1047
1784134620000,77.566,77.574,77.502,77.538,1517,11759.6467
1784134680000,77.547,77.619,77.543,77.611,3329,25833.4601
1784134740000,77.622,77.65,77.59,77.59,1556,12079.2731
1784134800000,77.591,77.618,77.584,77.618,914,7093.0342
1784134860000,77.616,77.651,77.571,77.611,5829,45233.4117
1784134920000,77.612,77.726,77.612,77.686,4588,35636.1907
1784134980000,77.682,77.727,77.681,77.716,1206,9370.0959
1784135040000,77.718,77.745,77.706,77.71,997,7748.9354
1784135100000,77.707,77.733,77.68,77.699,1119,8695.8146
1784135160000,77.687,77.735,77.62,77.62,1858,14436.9018
1784135220000,77.617,77.657,77.617,77.643,1782,13836.3177
1784135280000,77.646,77.735,77.646,77.711,1440,11188.9491
1784135340000,77.712,77.725,77.672,77.672,12484,96969.4724
1784135400000,77.672,77.672,77.635,77.635,24983,194046.9831
1784135460000,77.63,77.661,77.63,77.648,394,3059.3058
1784135520000,77.663,77.728,77.663,77.686,12691,98584.3041
1784135580000,77.686,77.696,77.649,77.649,2099,16304.3319
1784135640000,77.636,77.636,77.532,77.539,4618,35824.5627
1784135700000,77.543,77.554,77.536,77.544,587,4551.9118
1784135760000,77.556,77.578,77.518,77.548,768,5955.1278
1784135820000,77.546,77.634,77.537,77.62,2112,16386.4887
1784135880000,77.598,77.598,77.451,77.451,23053,178762.9825
1784135940000,77.452,77.494,77.452,77.494,1873,14510.2677
1784136000000,77.499,77.573,77.499,77.559,2841,22030.1643
1784136060000,77.52,77.551,77.488,77.546,1154,8945.4066
1784136120000,77.542,77.708,77.542,77.698,6369,49438.1063
1784136180000,77.697,77.719,77.666,77.675,1424,11062.6956
1784136240000,77.649,77.673,77.627,77.663,563,4371.5916
1784136300000,77.673,77.692,77.673,77.68,198,1538.2324
1784136360000,77.678,77.678,77.604,77.604,386,2996.0379
1784136420000,77.606,77.609,77.583,77.583,314,2436.5956
1784136480000,77.595,77.605,77.592,77.598,82,636.2855
1784136540000,77.596,77.681,77.596,77.669,1351,10492.4299
1784136600000,77.666,77.72,77.666,77.708,1448,11251.6034
1784136660000,77.729,77.745,77.674,77.679,44110,342673.8692
1784136720000,77.689,77.691,77.662,77.685,520,4039.2941
1784136780000,77.689,77.696,77.634,77.638,2563,19901.206
1784136840000,77.648,77.678,77.624,77.627,1044,8106.9409
1784136900000,77.632,77.635,77.597,77.622,483,3748.8007
1784136960000,77.606,77.655,77.606,77.655,400,3105.2455
1784137020000,77.656,77.695,77.656,77.692,363,2819.3512
1784137080000,77.667,77.678,77.658,77.666,428,3324.1092
1784137140000,77.661,77.736,77.661,77.728,565,4389.4588
1784137200000,77.718,77.745,77.701,77.725,16287,126594.6897
1784137260000,77.729,77.804,77.729,77.778,1554,12087.6434
1784137320000,77.778,77.778,77.677,77.717,9020,70095.3285
1784137380000,77.712,77.755,77.691,77.733,2244,17439.7907
1784137440000,77.731,77.761,77.731,77.759,1170,9097.3274
1784137500000,77.747,77.811,77.624,77.757,52077,404606.299
1784137560000,77.752,78.012,77.752,77.981,21038,163983.7834
1784137620000,77.979,77.992,77.947,77.948,20509,159886.5642
1784137680000,77.935,77.942,77.746,77.749,25596,199309.721
1784137740000,77.747,77.771,77.726,77.738,8060,62668.4973
1784137800000,77.756,77.788,77.756,77.78,856,6656.9206
1784137860000,77.788,77.801,77.716,77.739,1566,12178.0164
1784137920000,77.786,77.901,77.786,77.812,2929,22800.5175
1784137980000,77.813,77.813,77.792,77.796,535,4162.1572
1784138040000,77.796,77.815,77.783,77.814,1506,11717.262
1784138100000,77.802,77.816,77.791,77.816,306,2380.7623
1784138160000,77.793,77.811,77.783,77.803,1281,9965.2726
1784138220000,77.79,77.824,77.785,77.811,284,2209.9357
1784138280000,77.838,77.855,77.794,77.798,1771,13780.9959
1784138340000,77.802,77.802,77.766,77.772,154,1197.8547
1784138400000,77.769,77.855,77.759,77.855,819,6371.4574
1784138460000,77.85,77.856,77.791,77.851,4481,34872.8933
1784138520000,77.852,77.881,77.819,77.819,18471,143754.8673
1784138580000,77.854,77.857,77.835,77.844,522,4063.59
1784138640000,77.83,77.843,77.767,77.792,2843,22117.5745
1784156700000,77.531,77.539,77.478,77.496,630,4882.7789
1784156760000,77.46,77.494,77.46,77.494,407,3153.4036
1784156820000,77.502,77.525,77.502,77.515,1159,8984.3762
1784156880000,77.511,77.511,77.495,77.495,575,4455.9829
1784156940000,77.49,77.492,77.484,77.488,164,1270.8306
1784157000000,77.506,77.532,77.506,77.53,249,1930.4753
1784157060000,77.526,77.526,77.517,77.517,889,6891.9003
1784157120000,77.548,77.556,77.548,77.556,274,2124.976
1784157180000,77.575,77.575,77.55,77.55,475,3684.6459
1784157240000,77.538,77.538,77.519,77.52,1680,13024.6192
1784157300000,77.514,77.531,77.511,77.531,678,5255.5867
1784157360000,77.52,77.52,77.501,77.513,111,860.3323
1784157420000,77.516,77.516,77.502,77.502,223,1728.4696
1784157480000,77.487,77.487,77.454,77.456,725,5616.6231
1784157540000,77.456,77.508,77.439,77.498,2740,21226.9506
1784157600000,77.495,77.495,77.486,77.486,196,1518.8768
1784157660000,77.491,77.532,77.491,77.531,399,3093.1337
1784157720000,77.528,77.528,77.522,77.528,356,2759.9872
1784157780000,77.522,77.522,77.477,77.477,58,449.5868
1784157840000,77.431,77.439,77.416,77.416,865,6697.8143
1784157900000,77.441,77.441,77.417,77.417,399,3089.8695
1784157960000,77.423,77.457,77.423,77.45,721,5583.7767
1784158020000,77.451,77.451,77.419,77.436,6912,53527.4764
1784158080000,77.405,77.407,77.383,77.386,1226,9488.353
1784158140000,77.389,77.402,77.374,77.402,2149,16629.8247
1784158200000,77.402,77.437,77.402,77.405,1118,8655.1024
1784158260000,77.413,77.413,77.392,77.406,805,6230.6594
1784158320000,77.427,77.448,77.427,77.448,148,1146.096
1784158380000,77.451,77.488,77.451,77.488,382,2959.1932
1784158440000,77.474,77.474,77.468,77.468,53,410.5978
1784158500000,77.436,77.453,77.436,77.448,208,1610.9614
1784158560000,77.422,77.442,77.414,77.442,1284,9941.658
1784158620000,77.443,77.443,77.443,77.443,154,1192.6222
1784158680000,77.435,77.435,77.433,77.433,1083,8386.1094
1784158740000,77.43,77.43,77.365,77.365,3169,24522.2713
1784158800000,77.364,77.364,77.35,77.35,401,3102.2152
1784158860000,77.332,77.332,77.292,77.292,3304,25545.003
1784158920000,77.282,77.292,77.243,77.292,2737,21147.1921
1784158980000,77.286,77.286,77.244,77.264,925,7147.131
1784159040000,77.261,77.261,77.261,77.261,53,409.4833
1784159100000,77.257,77.266,77.243,77.244,617,4766.6921
1784159160000,77.252,77.252,77.222,77.222,1192,9205.1132
1784159220000,77.2,77.2,77.121,77.19,61786,476697.1625
1784159280000,77.19,77.244,77.18,77.244,8753,67567.701
1784159340000,77.238,77.258,77.231,77.242,5292,40881.3152
1784159400000,77.236,77.257,77.219,77.251,5977,46163.567
1784159460000,77.259,77.259,77.241,77.255,1340,10352.2938
1784159520000,77.26,77.318,77.26,77.31,974,7528.3702
1784159580000,77.307,77.307,77.257,77.283,1761,13609.7572
1784159640000,77.277,77.289,77.257,77.289,2158,16675.4221
1784159700000,77.286,77.306,77.286,77.304,333,2573.9365
1784159760000,77.297,77.297,77.273,77.278,1832,14159.4965
1784159820000,77.282,77.282,77.238,77.238,1121,8661.5157
1784159880000,77.241,77.246,77.241,77.242,167,1289.9504
1784159940000,77.239,77.259,77.234,77.234,4293,33164.1764
1784160000000,77.216,77.291,77.216,77.291,1904,14709.9445
1784160060000,77.3,77.319,77.284,77.284,896,6926.5654
1784160120000,77.326,77.344,77.326,77.326,3026,23402.0658
1784160180000,77.326,77.352,77.294,77.294,11122,85985.9079
1784160240000,77.335,77.338,77.311,77.311,262,2025.8059
1784160300000,77.346,77.36,77.322,77.322,287,2219.7079
1784160360000,77.321,77.321,77.313,77.314,941,7275.4087
1784160420000,77.313,77.345,77.293,77.332,212,1638.964
1784160480000,77.332,77.332,77.295,77.308,992,7669.2189
1784160540000,77.319,77.373,77.313,77.372,1293,9999.2269
1784160600000,77.373,77.4,77.36,77.4,682,5277.8748
1784160660000,77.414,77.427,77.384,77.384,1600,12386.0688
1784160720000,77.384,77.387,77.348,77.387,325,2514.6418
1784160780000,77.389,77.429,77.388,77.41,132,1021.8917
1784160840000,77.41,77.41,77.373,77.404,709,5486.8749
1784160900000,77.408,77.409,77.401,77.401,472,3653.3948
1784160960000,77.362,77.362,77.282,77.282,2549,19710.8793
1784161020000,77.271,77.278,77.226,77.226,790,6102.3081
1784161080000,77.223,77.223,77.098,77.155,4719,36388.8002
1784161140000,77.156,77.221,77.153,77.153,304,2346.5796
1784161200000,77.157,77.162,77.092,77.162,8361,64498.8054
1784161260000,77.172,77.172,77.088,77.138,7095,54723.3546
1784161320000,77.116,77.155,77.109,77.119,12195,94072.7677
1784161380000,77.119,77.119,77.088,77.11,735,5666.8825
1784161440000,77.106,77.106,77.064,77.08,1311,10104.0545
1784161500000,77.08,77.084,77.021,77.084,4087,31491.9739
1784161560000,77.089,77.089,76.967,76.986,4319,33261.4686
1784161620000,76.979,76.995,76.96,76.979,2156,16595.4673
1784161680000,76.973,77.016,76.973,77.016,1490,11472.0515
1784161740000,77.018,77.02,76.995,77.0,1883,14499.8858
1784161800000,76.992,77.054,76.992,77.054,3019,23254.8572
1784161860000,77.061,77.061,77.039,77.039,583,4492.4211
1784161920000,77.037,77.037,76.952,76.952,848,6527.8079
1784161980000,76.953,76.975,76.951,76.955,1009,7765.5685
1784162040000,76.951,77.0,76.941,76.977,2311,17783.7927
1784162100000,76.978,76.978,76.887,76.932,7771,59766.6257
1784162160000,76.94,76.954,76.885,76.885,9545,73418.5663
1784162220000,76.892,76.896,76.814,76.815,1167,8970.4917
1784162280000,76.814,76.914,76.811,76.895,3000,23051.6209
1784162340000,76.874,76.892,76.86,76.885,484,3720.5055
1784162400000,76.868,76.872,76.818,76.84,1334,10250.9484
1784162460000,76.87,76.898,76.847,76.855,2548,19587.0104
1784162520000,76.855,76.855,76.763,76.779,9785,75126.625
1784162580000,76.779,76.779,76.68,76.697,13868,106409.9071
1784162640000,76.679,76.7,76.644,76.693,7182,55071.2688
1784162700000,76.694,76.694,76.645,76.646,682,5228.5682
1784162760000,76.651,76.716,76.651,76.716,1132,8681.2624
1784162820000,76.747,76.814,76.744,76.754,2928,22483.7182
1784162880000,76.747,76.76,76.742,76.742,952,7306.4708
1784162940000,76.758,76.826,76.758,76.826,2434,18691.6845
1784163000000,76.82,76.838,76.788,76.797,1896,14564.9558
1784163060000,76.797,76.83,76.797,76.817,433,3325.9902
1784163120000,76.835,76.939,76.835,76.938,184,1414.2364
1784163180000,76.927,76.937,76.922,76.937,3094,23801.0934
1784163240000,76.94,76.955,76.938,76.938,86,661.7283
1784163300000,76.927,76.927,76.867,76.881,1477,11358.3293
1784163360000,76.87,76.876,76.852,76.865,810,6225.3326
1784163420000,76.875,76.875,76.841,76.856,231,1775.2728
1784163480000,76.856,76.894,76.856,76.881,640,4920.2861
1784163540000,76.879,76.889,76.879,76.889,624,4797.5564
1784163600000,76.902,76.947,76.902,76.93,1316,10124.4245
1784163660000,76.93,76.94,76.924,76.924,327,2515.7542
1784163720000,76.931,76.944,76.927,76.927,190,1461.7443
1784163780000,76.923,76.981,76.923,76.977,2025,15583.7559
1784163840000,76.982,77.013,76.965,77.013,6804,52384.6081
1784163900000,77.011,77.042,76.979,77.017,1285,9897.1042
1784163960000,76.973,76.989,76.973,76.983,535,4118.5338
1784164020000,76.984,77.03,76.984,77.027,251,1933.201
1784164080000,77.036,77.046,77.035,77.035,290,2234.0808
1784164140000,77.032,77.034,76.978,76.989,2390,18402.6759
1784164200000,76.97,77.005,76.948,76.948,266,2047.8648
1784164260000,76.945,76.968,76.945,76.947,119,915.6912
1784164320000,76.946,76.946,76.845,76.845,354,2721.3761
1784164380000,76.845,76.858,76.841,76.842,8627,66297.1677
1784164440000,76.879,76.9,76.878,76.894,418,3214.0737
1784164500000,76.871,76.871,76.853,76.853,132,1014.5316
1784164560000,76.876,76.876,76.87,76.87,98,753.3686
1784164620000,76.838,76.873,76.779,76.803,4694,36058.0527
1784164680000,76.772,76.791,76.706,76.706,3380,25940.6313
1784164740000,76.718,76.79,76.694,76.694,5079,38991.2846
1784164800000,76.682,76.753,76.658,76.753,3615,27736.0597
1784164860000,76.757,76.806,76.757,76.77,7943,60990.5515
1784164920000,76.764,76.782,76.764,76.782,185,1420.2366
1784164980000,76.79,76.862,76.79,76.862,443,3404.2185
1784165040000,76.865,76.869,76.846,76.85,366,2812.8964
1784165100000,76.859,76.872,76.859,76.872,185,1421.9669
1784165160000,76.877,76.897,76.861,76.863,715,5496.5128
1784165220000,76.86,76.883,76.86,76.866,1884,14482.8705
1784165280000,76.849,76.854,76.832,76.832,1075,8260.8552
1784165400000,76.786,76.807,76.768,76.807,769,5905.7464
1784165460000,76.802,76.832,76.802,76.811,357,2742.4399
1784165520000,76.807,76.828,76.804,76.828,129,990.8135
1784165580000,76.86,76.86,76.796,76.809,277,2128.1379
1784165640000,76.803,76.828,76.803,76.818,800,6145.4955
1784165700000,76.839,76.906,76.839,76.898,376,2891.4148
1784165760000,76.914,76.996,76.901,76.975,2283,17573.0698
1784165820000,76.932,76.962,76.923,76.961,410,3154.3996
1784165880000,76.969,76.969,76.966,76.966,60,461.8073
1784165940000,76.94,77.007,76.94,77.004,1791,13790.8698
1784166000000,77.001,77.033,77.0,77.033,932,7177.422
1784166060000,77.023,77.095,77.023,77.053,1343,10350.1301
1784166120000,77.036,77.036,76.954,76.954,1591,12250.9436
1784166180000,76.947,76.947,76.78,76.788,10685,82128.7017
1784166240000,76.794,76.809,76.75,76.777,4440,34094.1836
1784166300000,76.753,76.837,76.753,76.837,5092,39111.7017
1784166360000,76.844,76.918,76.825,76.918,308,2367.9946
1784166420000,76.935,76.982,76.935,76.966,1085,8350.4554
1784166480000,76.965,76.985,76.962,76.98,364,2802.0394
1784166540000,76.979,77.046,76.928,77.031,13827,106470.726
1784166600000,77.031,77.095,77.024,77.095,3848,29661.3929
1784166660000,77.104,77.105,77.003,77.003,2728,21025.3887
1784166720000,76.988,77.041,76.988,77.041,871,6707.0857
1784166780000,77.042,77.065,76.983,76.983,5373,41395.039
1784166840000,76.99,77.048,76.99,77.048,455,3504.4584
1784166900000,77.036,77.083,77.036,77.065,234,1803.2551
1784166960000,77.066,77.082,77.061,77.061,943,7267.5977
1784167020000,77.057,77.058,77.036,77.052,1297,9993.4392
1784167080000,77.038,77.058,77.038,77.05,704,5424.4259
1784167140000,77.035,77.036,77.035,77.036,187,1440.5699
1784167200000,77.047,77.053,77.032,77.032,257,1980.009
1784167260000,77.022,77.053,77.022,77.042,188,1448.3858
1784167320000,77.03,77.047,77.03,77.035,249,1918.1651
1784167380000,77.017,77.043,76.998,76.998,35416,272803.9236
1784167440000,77.04,77.04,77.003,77.003,245,1886.8115
1784167500000,76.99,76.995,76.969,76.973,209,1608.9983
1784167560000,76.998,76.998,76.973,76.977,627,4826.7321
1784167620000,76.984,76.984,76.984,76.984,244,1878.4096
1784167680000,77.017,77.027,77.017,77.025,659,5075.9191
1784167740000,77.037,77.037,76.965,76.965,93,716.0945
1784167800000,76.949,76.961,76.949,76.961,69,531.0081
1784167860000,76.983,76.983,76.978,76.978,331,2548.0573
1784167980000,76.917,76.917,76.917,76.917,94,723.0198
1784168040000,76.916,76.92,76.916,76.92,181,1392.2504
1784168100000,76.93,76.93,76.93,76.93,27,207.711
1784168160000,76.93,76.93,76.889,76.893,1613,12404.9694
1784168220000,76.885,76.886,76.822,76.852,866,6657.2492
1784168280000,76.864,76.941,76.864,76.886,777,5975.7631
1784168340000,76.922,76.948,76.922,76.944,359,2761.713
1784168400000,76.955,76.981,76.942,76.958,373,2870.317
1784168460000,76.95,76.95,76.906,76.906,125,961.4659
1784168520000,76.906,76.935,76.902,76.906,263,2022.6626
1784168580000,76.929,77.019,76.929,77.019,380,2924.1939
1784168640000,77.016,77.04,77.016,77.035,345,2657.1464
1784168700000,77.034,77.039,77.013,77.034,748,5761.8126
1784168760000,77.034,77.034,77.007,77.007,579,4459.7886
1784186700000,77.092,77.124,77.092,77.115,6615,51003.0723
1784186760000,77.105,77.105,77.078,77.078,109,840.333
1784186820000,77.079,77.101,77.077,77.101,1436,11069.8728
1784186880000,77.101,77.144,76.944,77.005,187468,1444849.4748
1784186940000,76.999,77.001,76.964,76.993,888,6836.2551
1784187000000,76.99,76.991,76.957,76.957,282,2170.4507
1784187060000,76.957,76.962,76.897,76.898,4147,31904.1088
1784187120000,76.898,76.903,76.86,76.86,5057,38876.9552
1784187180000,76.856,76.856,76.761,76.782,4471,34341.9938
1784187240000,76.795,76.827,76.762,76.818,919,7055.7234
1784187300000,76.823,76.831,76.721,76.726,2404,18450.9202
1784187360000,76.726,77.372,76.343,76.458,634700,4873065.2478
1784187420000,76.456,76.456,76.366,76.417,58491,446995.7671
1784187480000,76.414,76.436,76.357,76.357,16387,125206.2418
1784187540000,76.357,76.38,76.329,76.339,8523,65069.2615
1784187600000,76.34,76.34,76.2,76.282,33815,257905.2158
1784187660000,76.282,76.343,76.242,76.273,14964,114176.8288
1784187720000,76.273,76.281,76.242,76.281,4677,35667.5835
1784187780000,76.272,76.295,76.247,76.272,3352,25566.1578
1784187840000,76.29,76.331,76.28,76.293,4324,32990.5297
1784187900000,76.286,76.372,76.222,76.372,4895,37336.2191
1784187960000,76.373,76.373,76.307,76.307,2150,16410.8089
1784188020000,76.307,76.374,76.307,76.317,2606,19894.8926
1784188080000,76.319,76.379,76.319,76.377,1683,12850.0456
1784188140000,76.374,76.381,76.363,76.369,1989,15191.3657
1784188200000,76.364,76.368,76.247,76.254,3648,27851.7678
1784188260000,76.25,76.319,76.25,76.319,2261,17245.6834
1784188320000,76.322,76.322,76.249,76.278,691,5270.1771
1784188380000,76.278,76.279,76.172,76.224,15222,116034.6057
1784188440000,76.226,76.261,76.226,76.25,557,4247.1001
1784188500000,76.251,76.255,76.239,76.255,235,1791.8992
1784188560000,76.256,76.292,76.244,76.284,4593,35030.3218
1784188620000,76.283,76.304,76.259,76.303,13447,102568.7479
1784188680000,76.309,76.382,76.309,76.382,3878,29612.5574
1784188740000,76.381,76.415,76.381,76.398,13508,103202.7274
1784188800000,76.397,76.463,76.366,76.439,18447,140963.6498
1784188860000,76.438,76.439,76.38,76.414,1123,8580.8135
1784188920000,76.414,76.424,76.394,76.424,519,3966.0974
1784188980000,76.412,76.412,76.282,76.285,2082,15895.5791
1784189040000,76.275,76.368,76.225,76.368,7632,58214.3442
1784189100000,76.375,76.381,76.33,76.373,744,5681.5379
1784189160000,76.381,76.399,76.344,76.369,2322,17737.3727
1784189220000,76.373,76.384,76.254,76.254,3965,30257.985
1784189280000,76.243,76.283,76.228,76.248,2302,17552.7345
1784189340000,76.247,76.283,76.209,76.255,2304,17565.1515
1784189400000,76.255,76.255,75.889,76.116,93710,712131.6851
1784189460000,76.115,76.125,76.01,76.112,51917,394919.5289
1784189520000,76.096,76.106,75.994,76.0,14626,111238.1671
1784189580000,75.993,76.058,75.911,75.947,26654,202556.3266
1784189640000,75.944,75.963,75.75,75.751,57276,434083.1557
1784189700000,75.757,75.797,75.704,75.708,190655,1444225.2839
1784189760000,75.708,75.737,75.592,75.736,54677,413776.2111
1784189820000,75.748,75.833,75.705,75.833,24595,186342.4194
1784189880000,75.815,75.847,75.794,75.836,20242,153472.1554
1784189940000,75.829,75.829,75.743,75.743,5878,44545.3798
1784190000000,75.742,75.778,75.711,75.763,11565,87588.7701
1784190060000,75.75,75.802,75.741,75.756,10688,80981.188
1784190120000,75.745,75.827,75.738,75.827,3892,29496.9463
1784190180000,75.832,75.928,75.82,75.905,7576,57488.2584
1784190240000,75.922,76.066,75.913,76.012,35571,270327.7954
1784190300000,76.017,76.156,76.014,76.126,8622,65590.4544
1784190360000,76.121,76.159,76.11,76.159,10954,83387.5093
1784190420000,76.159,76.169,76.141,76.16,2020,15382.9057
1784190480000,76.166,76.25,76.166,76.187,7446,56742.8837
1784190540000,76.186,76.24,76.167,76.24,13994,106629.4141
1784190600000,76.24,76.24,76.19,76.199,2504,19086.3428
1784190660000,76.226,76.289,76.226,76.256,9724,74170.6509
1784190720000,76.255,76.278,76.206,76.216,2477,18887.0332
1784190780000,76.213,76.296,76.213,76.296,1169,8913.6658
1784190840000,76.289,76.312,76.278,76.298,1496,11414.5492
1784190900000,76.304,76.345,76.285,76.345,27863,212682.7691
1784190960000,76.346,76.359,76.327,76.359,1217,9290.5375
1784191020000,76.371,76.414,76.331,76.335,2575,19670.2185
1784191080000,76.374,76.395,76.342,76.346,1687,12883.394
1784191140000,76.343,76.367,76.343,76.359,897,6849.1749
1784191200000,76.353,76.362,76.337,76.338,700,5344.3097
1784191260000,76.339,76.373,76.337,76.34,1959,14957.0092
1784191320000,76.327,76.338,76.278,76.278,5446,41563.0444
1784191380000,76.285,76.285,76.24,76.246,2467,18817.6916
1784191440000,76.258,76.259,76.131,76.139,24391,185871.6145
1784191500000,76.147,76.168,76.106,76.144,3834,29189.0244
1784191560000,76.137,76.223,76.137,76.219,26363,200870.2475
1784191620000,76.215,76.271,76.215,76.247,14822,112981.3489
1784191680000,76.258,76.258,76.21,76.235,1689,12874.3294
1784191740000,76.213,76.213,76.188,76.188,779,5936.7041
1784191800000,76.188,76.188,76.11,76.14,2380,18117.5156
1784191860000,76.137,76.146,76.096,76.105,2624,19975.6201
1784191920000,76.091,76.091,76.057,76.057,203,1544.3146
1784191980000,76.073,76.073,76.046,76.055,9218,70099.3256
1784192040000,76.065,76.065,76.016,76.016,380,2889.9424
1784192100000,76.017,76.054,76.016,76.051,721,5482.1426
1784192160000,76.049,76.057,76.0,76.035,6551,49799.7999
1784192220000,76.034,76.034,76.024,76.024,1278,9717.0952
1784192280000,76.016,76.077,76.01,76.077,783,5955.3521
1784192340000,76.08,76.114,76.074,76.114,337,2564.4568
1784192400000,76.114,76.209,76.105,76.196,24098,183593.7473
1784192460000,76.208,76.208,76.126,76.129,1388,10569.847
1784192520000,76.128,76.154,76.128,76.154,2408,18332.3382
1784192580000,76.147,76.162,76.131,76.162,630,4797.6332
1784192640000,76.162,76.166,76.143,76.149,156,1187.9476
1784192700000,76.156,76.162,76.128,76.128,986,7507.4312
1784192760000,76.131,76.141,76.122,76.122,677,5154.2619
1784192820000,76.119,76.119,76.04,76.068,592,4502.8055
1784192880000,76.056,76.078,76.047,76.078,819,6229.4324
1784192940000,76.104,76.139,76.09,76.139,559,4255.5618
1784193000000,76.137,76.164,76.135,76.164,866,6593.6485
1784193060000,76.149,76.188,76.149,76.188,457,3481.6464
1784193120000,76.187,76.214,76.187,76.199,953,7261.804
1784193180000,76.189,76.191,76.159,76.159,1828,13925.3351
1784193240000,76.136,76.136,76.105,76.105,3587,27306.7311
1784193300000,76.107,76.141,76.107,76.141,434,3304.3078
1784193360000,76.151,76.151,76.101,76.101,692,5267.6779
1784193420000,76.098,76.117,76.098,76.116,249,1895.2093
1784193480000,76.104,76.104,76.07,76.07,5429,41315.2044
1784193540000,76.069,76.104,76.069,76.089,15197,115644.8262
1784193600000,76.106,76.106,76.103,76.103,41,312.0332
1784193660000,76.118,76.156,76.106,76.108,914,6959.2275
1784193720000,76.11,76.11,76.092,76.092,1601,12184.0836
1784193780000,76.079,76.079,76.079,76.079,292,2221.5068
1784193840000,76.078,76.078,76.068,76.068,627,4769.8112
1784193900000,76.075,76.083,76.075,76.078,945,7189.1411
1784193960000,76.078,76.109,76.078,76.109,1744,13269.8482
1784194020000,76.118,76.118,76.032,76.032,991,7539.6167
1784194080000,76.032,76.034,76.016,76.025,142,1079.6694
1784194140000,76.023,76.039,76.003,76.021,13541,102942.0445
1784194200000,76.034,76.116,76.001,76.116,451,3430.8618
1784194260000,76.123,76.149,76.113,76.14,962,7324.4692
1784194320000,76.131,76.137,76.117,76.117,379,2885.3683
1784194380000,76.106,76.108,76.042,76.046,3098,23571.6133
1784194440000,76.071,76.105,76.068,76.105,390,2967.3751
1784194500000,76.112,76.117,76.107,76.116,390,2968.2906
1784194560000,76.117,76.123,76.074,76.074,9929,75572.8624
1784194620000,76.051,76.085,76.05,76.085,501,3811.4059
1784194680000,76.078,76.078,76.067,76.077,61,464.0671
1784194740000,76.092,76.107,76.088,76.088,165,1255.5184
1784194800000,76.034,76.073,76.034,76.073,381,2897.5213
1784194860000,76.075,76.083,76.072,76.072,129,981.3635
1784194920000,76.068,76.083,76.068,76.083,291,2213.9919
1784194980000,76.105,76.12,76.105,76.108,2525,19219.6071
1784195040000,76.104,76.11,76.104,76.11,567,4315.4358
1784195100000,76.081,76.091,76.067,76.091,122,928.1533
1784195160000,76.094,76.104,76.022,76.022,1565,11900.4624
1784195220000,76.025,76.035,76.025,76.035,672,5109.4395
1784195280000,76.042,76.046,76.03,76.03,352,2676.3437
1784195340000,76.014,76.014,76.014,76.014,3,22.8042
1784195400000,76.013,76.013,75.965,76.013,2518,19136.3209
1784195460000,76.015,76.06,76.014,76.06,3689,28050.5811
1784195520000,76.059,76.081,76.032,76.081,2699,20524.9626
1784195580000,76.081,76.081,75.967,75.967,4984,37884.2612
1784195640000,75.966,76.026,75.966,76.026,1933,14691.1098
1784195700000,76.028,76.103,75.982,75.997,16101,122454.1419
1784195760000,75.99,76.012,75.99,76.012,486,3693.7552
1784195820000,76.008,76.008,75.997,76.002,2627,19965.9944
1784195880000,76.005,76.005,75.978,75.978,526,3997.6194
1784195940000,75.975,75.978,75.975,75.978,8,60.7818
1784196000000,75.991,76.064,75.985,76.061,8210,62413.0001
1784196060000,76.065,76.065,75.996,76.002,839,6378.7581
1784196120000,76.016,76.021,75.984,75.992,2123,16139.099
1784196180000,75.988,76.021,75.968,76.021,778,5912.2211
1784196240000,76.007,76.021,75.996,76.021,1956,14869.5563
1784196300000,76.056,76.066,76.05,76.065,9064,68945.3666
1784196360000,76.066,76.076,76.061,76.076,8107,61667.1312
1784196420000,76.077,76.174,76.077,76.146,3360,25583.7158
1784196480000,76.133,76.181,76.133,76.174,458,3488.4095
1784196540000,76.181,76.186,76.174,76.175,3094,23571.2398
1784196600000,76.179,76.179,76.124,76.147,1389,10577.743
1784196660000,76.143,76.143,76.124,76.127,869,6615.4881
1784196720000,76.126,76.126,76.109,76.122,202,1537.4457
1784196780000,76.125,76.125,76.105,76.116,339,2580.3737
1784196840000,76.127,76.127,76.123,76.123,230,1750.891
1784196900000,76.123,76.124,76.108,76.12,247,1880.132
1784196960000,76.121,76.162,76.121,76.162,476,3624.5112
1784197020000,76.166,76.175,76.166,76.174,269,2048.9155
1784197080000,76.183,76.239,76.176,76.231,30263,230619.4985
1784197140000,76.23,76.253,76.23,76.25,567,4322.5812
1784197200000,76.258,76.258,76.24,76.24,905,6900.4495
1784197260000,76.237,76.237,76.18,76.185,5551,42307.8013
1784197320000,76.185,76.2,76.185,76.19,1706,12998.1407
1784197380000,76.177,76.202,76.177,76.202,404,3077.76
1784197440000,76.202,76.202,76.156,76.185,937,7137.7463
1784197500000,76.184,76.184,76.168,76.172,637,4852.1235
1784197560000,76.174,76.174,76.155,76.16,480,3655.8258
1784197620000,76.163,76.163,76.163,76.163,38,289.4194
1784197680000,76.151,76.194,76.151,76.194,180,1371.1807
1784197740000,76.217,76.232,76.217,76.232,602,4588.7365
1784197800000,76.237,76.272,76.237,76.246,1513,11538.1507
1784197860000,76.245,76.261,76.236,76.254,109,831.0967
1784197920000,76.258,76.29,76.258,76.29,505,3852.2684
1784197980000,76.294,76.297,76.273,76.273,851,6492.2026
1784198040000,76.281,76.306,76.281,76.306,2004,15288.9028
1784198100000,76.302,76.302,76.258,76.262,4768,36361.8498
1784198160000,76.261,76.277,76.241,76.25,2248,17142.9505
1784198220000,76.239,76.239,76.183,76.201,926,7056.0614
1784198280000,76.194,76.194,76.167,76.182,1995,15197.5561
1784198340000,76.183,76.186,76.155,76.184,1702,12964.2765
1784198400000,76.189,76.208,76.184,76.195,748,5699.8647
1784198460000,76.202,76.213,76.177,76.186,1547,11786.4581
1784198520000,76.185,76.191,76.177,76.184,1988,15145.4737
1784198580000,76.18,76.193,76.18,76.183,962,7329.6642
1784198640000,76.196,76.197,76.167,76.167,2556,19474.197
1784216700000,76.543,76.547,76.477,76.547,2431,18598.8549
1784216760000,76.525,76.594,76.513,76.528,1139,8716.6956
1784216820000,76.563,76.606,76.53,76.564,1882,14409.7404
1784216880000,76.582,76.626,76.569,76.616,2230,17082.8019
1784216940000,76.617,76.731,76.588,76.731,5374,41213.3199
1784217000000,76.738,76.804,76.738,76.804,1230,9441.3336
1784217060000,76.814,76.822,76.682,76.682,4750,36476.8184
1784217120000,76.664,76.707,76.647,76.665,2443,18735.5795
1784217180000,76.654,76.662,76.645,76.645,392,3004.799
1784217240000,76.644,76.694,76.64,76.668,714,5474.4415
1784217300000,76.682,76.682,76.603,76.606,1743,13358.3145
1784217360000,76.604,76.604,76.5,76.54,95405,730052.8595
1784217420000,76.557,76.63,76.557,76.612,2526,19349.7017
1784217480000,76.614,76.614,76.59,76.613,704,5393.412
1784217540000,76.593,76.596,76.577,76.584,2020,15470.4834
1784217600000,76.594,76.594,76.563,76.565,175,1340.2706
1784217660000,76.548,76.548,76.468,76.468,7457,57053.9682
1784217720000,76.468,76.485,76.415,76.44,20662,157957.8038
1784217780000,76.459,76.505,76.459,76.505,387,2959.4019
1784217840000,76.543,76.553,76.444,76.444,381,2915.0276
1784217900000,76.439,76.439,76.352,76.363,7120,54385.0017
1784217960000,76.355,76.441,76.355,76.441,598,4568.2885
1784218020000,76.442,76.455,76.358,76.376,615,4697.0918
1784218080000,76.379,76.477,76.373,76.456,189,1444.2035
1784218140000,76.436,76.437,76.393,76.403,1197,9145.8315
1784218200000,76.418,76.418,76.265,76.265,6741,51438.4348
1784218260000,76.254,76.254,76.226,76.237,3494,26638.7401
1784218320000,76.241,76.249,76.225,76.248,1226,9346.8711
1784218380000,76.235,76.244,76.185,76.232,12733,97033.6916
1784218440000,76.232,76.301,76.224,76.276,4268,32550.7107
1784218500000,76.271,76.305,76.246,76.291,3701,28227.3353
1784218560000,76.308,76.333,76.307,76.332,1264,9646.4708
1784218620000,76.37,76.37,76.287,76.323,2370,18091.6393
1784218680000,76.323,76.371,76.302,76.359,5244,40043.9406
1784218740000,76.371,76.372,76.295,76.296,1236,9432.402
1784218800000,76.287,76.287,76.169,76.232,1273,9702.4606
1784218860000,76.245,76.297,76.245,76.297,1025,7817.9432
1784218920000,76.297,76.307,76.213,76.26,54326,414146.1668
1784218980000,76.245,76.272,76.211,76.238,1865,14220.9188
1784219040000,76.24,76.267,76.235,76.239,1293,9858.8306
1784219100000,76.209,76.242,76.205,76.242,892,6798.2343
1784219160000,76.308,76.358,76.305,76.318,972,7419.5403
1784219220000,76.317,76.382,76.317,76.359,2662,20326.8148
1784219280000,76.355,76.375,76.355,76.365,1826,13944.806
1784219340000,76.348,76.348,76.286,76.315,12951,98827.32
1784219400000,76.337,76.403,76.337,76.403,624,4764.3104
1784219460000,76.41,76.482,76.39,76.417,52524,401306.2044
1784219520000,76.424,76.472,76.424,76.45,1222,9343.1806
1784219580000,76.454,76.454,76.373,76.373,1372,10482.5564
1784219640000,76.385,76.385,76.342,76.376,2279,17405.0796
1784219700000,76.386,76.386,76.298,76.299,993,7579.1434
1784219760000,76.298,76.302,76.256,76.294,3896,29715.4171
1784219820000,76.296,76.298,76.251,76.267,1927,14698.5566
1784219880000,76.274,76.294,76.159,76.233,4662,35534.8155
1784219940000,76.212,76.218,76.1,76.115,470,3578.639
1784220000000,76.158,76.223,76.158,76.223,1187,9043.6916
1784220060000,76.244,76.244,76.186,76.186,4048,30861.6619
1784220120000,76.196,76.196,76.15,76.19,1277,9728.9206
1784220180000,76.188,76.212,76.115,76.124,2032,15471.9161
1784220240000,76.105,76.126,76.1,76.126,5348,40705.8834
1784220300000,76.118,76.129,76.09,76.09,599,4559.2098
1784220360000,76.082,76.105,76.065,76.095,1791,13629.1507
1784220420000,76.146,76.146,76.088,76.124,836,6363.4235
1784220480000,76.118,76.187,76.117,76.162,375,2856.2328
1784220540000,76.159,76.203,76.159,76.172,2124,16183.5766
1784220600000,76.171,76.22,76.168,76.198,107,815.1682
1784220660000,76.198,76.263,76.198,76.249,501,3819.3999
1784220720000,76.242,76.269,76.242,76.258,1997,15228.8356
1784220780000,76.222,76.267,76.222,76.235,1636,12476.481
1784220840000,76.24,76.251,76.189,76.204,11374,86700.3918
1784220900000,76.209,76.262,76.209,76.262,396,3019.1148
1784220960000,76.267,76.269,76.24,76.24,176,1342.2064
1784221020000,76.281,76.281,76.249,76.249,681,5193.9347
1784221080000,76.246,76.305,76.201,76.273,1056,8051.1891
1784221140000,76.259,76.278,76.228,76.228,442,3370.0185
1784221200000,76.234,76.239,76.141,76.142,1131,8614.8677
1784221260000,76.155,76.176,76.114,76.158,347,2642.9483
1784221320000,76.157,76.157,76.06,76.073,4103,31220.4866
1784221380000,76.06,76.092,76.06,76.074,3666,27892.2962
1784221440000,76.07,76.104,76.07,76.1,3016,22947.6989
1784221500000,76.079,76.079,76.011,76.011,1916,14566.0121
1784221560000,76.021,76.021,75.943,75.98,16635,126381.2258
1784221620000,75.985,76.028,75.985,76.008,2071,15743.294
1784221680000,76.01,76.101,76.01,76.101,382,2905.3703
1784221740000,76.103,76.103,76.029,76.029,2437,18538.4259
1784221800000,76.017,76.021,75.921,75.921,2027,15399.2825
1784221860000,75.92,75.955,75.874,75.941,6169,46826.8074
1784221920000,75.92,75.965,75.907,75.948,1375,10442.5069
1784221980000,75.963,75.986,75.904,75.904,2521,19149.338
1784222040000,75.883,75.885,75.782,75.782,5166,39168.5279
1784222100000,75.787,75.862,75.782,75.846,6414,48646.1605
1784222160000,75.849,75.866,75.807,75.845,620,4701.3892
1784222220000,75.852,75.852,75.668,75.821,29463,223111.1347
1784222280000,75.82,75.85,75.761,75.847,2230,16905.2138
1784222340000,75.847,75.913,75.847,75.903,7634,57943.8228
1784222400000,75.908,75.942,75.874,75.897,2027,15388.9265
1784222460000,75.906,75.928,75.883,75.891,1060,8046.496
1784222520000,75.873,75.901,75.834,75.901,1713,12993.87
1784222580000,75.9,75.9,75.875,75.894,1005,7627.1633
1784222640000,75.902,75.91,75.873,75.873,1860,14117.756
1784222700000,75.847,75.847,75.7,75.7,2710,20525.1693
1784222760000,75.721,75.815,75.691,75.795,1792,13576.1232
1784222820000,75.773,75.826,75.765,75.805,499,3781.8826
1784222880000,75.807,75.862,75.778,75.836,616,4671.1121
1784222940000,75.831,75.855,75.822,75.826,2263,17162.4358
1784223000000,75.831,75.845,75.822,75.844,189,1433.3525
1784223060000,75.838,75.874,75.838,75.872,1459,11067.4727
1784223120000,75.873,75.939,75.873,75.903,784,5949.8937
1784223180000,75.885,75.908,75.866,75.875,847,6427.2293
1784223240000,75.87,75.914,75.87,75.914,428,3248.2856
1784223300000,75.939,75.948,75.921,75.924,1028,7806.2202
1784223360000,75.921,76.008,75.921,75.962,1626,12351.3603
1784223420000,75.952,75.952,75.907,75.912,293,2224.5471
1784223480000,75.914,76.018,75.91,75.941,7604,57751.9041
1784223540000,75.939,75.954,75.92,75.95,706,5361.6536
1784223600000,75.958,75.958,75.859,75.885,3824,29015.4046
1784223660000,75.895,75.946,75.891,75.901,2164,16426.0801
1784223720000,75.903,75.903,75.86,75.86,617,4682.9249
1784223780000,75.848,75.848,75.801,75.807,5059,38358.0537
1784223840000,75.789,75.799,75.782,75.799,3528,26737.7616
1784223900000,75.804,75.804,75.75,75.755,541,4099.2828
1784223960000,75.758,75.79,75.735,75.778,1678,12713.8204
1784224020000,75.777,75.811,75.777,75.81,1248,9460.373
1784224080000,75.817,75.825,75.81,75.825,430,3260.1222
1784224140000,75.856,75.87,75.803,75.837,696,5279.6888
1784224200000,75.849,75.85,75.779,75.784,447,3388.5546
1784224260000,75.767,75.767,75.667,75.682,1638,12398.9784
1784224320000,75.683,75.683,75.429,75.56,48226,364221.9817
1784224380000,75.561,75.667,75.561,75.648,1326,10026.9999
1784224440000,75.654,75.654,75.567,75.6,1303,9851.3256
1784224500000,75.586,75.586,75.255,75.464,208329,1570125.9536
1784224560000,75.421,75.422,75.402,75.422,10611,80028.5952
1784224620000,75.475,75.486,75.438,75.438,2134,16105.6662
1784224680000,75.422,75.467,75.413,75.446,2521,19018.3211
1784224740000,75.468,75.566,75.464,75.566,725,5474.6848
1784224800000,75.566,75.637,75.512,75.601,3670,27744.5095
1784224860000,75.602,75.667,75.602,75.661,7138,53994.7204
1784224920000,75.657,75.672,75.573,75.583,2164,16366.6067
1784224980000,75.575,75.584,75.483,75.483,14097,106515.7352
1784225040000,75.483,75.557,75.483,75.527,13393,101156.7144
1784225100000,75.513,75.55,75.492,75.533,9289,70141.7896
1784225160000,75.517,75.578,75.502,75.578,1476,11144.2993
1784225220000,75.624,75.632,75.597,75.631,8122,61421.3477
1784225280000,75.616,75.691,75.609,75.675,627,4743.5076
1784225340000,75.668,75.705,75.668,75.701,1462,11066.1561
1784225400000,75.695,75.72,75.671,75.696,1603,12135.3006
1784225460000,75.66,75.711,75.66,75.692,1856,14047.9189
1784225520000,75.688,75.713,75.661,75.661,1756,13289.4731
1784225580000,75.651,75.814,75.63,75.799,18896,143117.9832
1784225640000,75.797,75.828,75.673,75.675,39844,301804.4322
1784225700000,75.685,75.685,75.639,75.639,658,4979.2572
1784225760000,75.641,75.74,75.641,75.74,1378,10430.4643
1784225820000,75.737,75.76,75.727,75.744,6140,46507.1067
1784225880000,75.755,75.757,75.751,75.751,345,2613.5063
1784225940000,75.748,75.782,75.739,75.782,918,6953.7986
1784226000000,75.771,75.772,75.744,75.772,679,5143.9979
1784226060000,75.782,75.867,75.758,75.857,3239,24554.5187
1784226120000,75.854,75.854,75.824,75.841,2391,18131.7103
1784226180000,75.834,75.837,75.806,75.806,3764,28538.6889
1784226240000,75.827,75.848,75.827,75.84,203,1539.4859
1784226300000,75.84,75.88,75.812,75.812,1616,12259.8276
1784226360000,75.8,75.871,75.8,75.867,483,3663.0046
1784226420000,75.854,75.854,75.854,75.854,2,15.1708
1784226480000,75.805,75.84,75.805,75.822,841,6376.4835
1784226540000,75.803,75.803,75.782,75.783,661,5009.716
1784226600000,75.77,75.77,75.728,75.743,1565,11852.7998
1784226660000,75.742,75.759,75.707,75.72,1792,13575.3349
1784226720000,75.722,75.727,75.722,75.726,1090,8253.977
1784226780000,75.682,75.697,75.523,75.523,18505,140035.672
1784226840000,75.538,75.552,75.482,75.493,1013,7648.4665
1784226900000,75.48,75.48,75.389,75.472,2508,18921.1529
1784226960000,75.479,75.487,75.408,75.439,438,3304.1832
1784227020000,75.455,75.482,75.432,75.455,5331,40216.8545
1784227080000,75.453,75.471,75.385,75.468,76839,579475.8429
1784227140000,75.473,75.475,75.442,75.455,4759,35917.4995
1784227200000,75.43,75.43,75.356,75.412,7542,56850.7522
1784227260000,75.451,75.482,75.439,75.439,5218,39379.2044
1784227320000,75.424,75.471,75.409,75.471,545,4110.6789
1784227380000,75.487,75.521,75.484,75.486,2674,20188.8776
1784227440000,75.482,75.503,75.476,75.476,1230,9286.0543
1784227500000,75.476,75.559,75.476,75.535,611,4613.3217
1784227560000,75.535,75.535,75.507,75.523,2191,16546.0867
1784227620000,75.529,75.564,75.529,75.541,472,3565.8973
1784227680000,75.534,75.597,75.534,75.596,2025,15307.1016
1784227740000,75.594,75.612,75.591,75.612,211,1595.157
1784227800000,75.612,75.643,75.594,75.643,587,4439.025
1784227860000,75.646,75.671,75.622,75.669,1832,13859.0198
1784227920000,75.667,75.667,75.607,75.611,2207,16689.024
1784227980000,75.618,75.621,75.6,75.618,962,7273.6418
1784228040000,75.611,75.622,75.601,75.622,1560,11796.4265
1784228100000,75.6,75.603,75.584,75.603,783,5919.4325
1784228160000,75.619,75.67,75.619,75.67,362,2738.739
1784228220000,75.682,75.699,75.682,75.688,406,3072.9338
1784228280000,75.692,75.722,75.689,75.713,499,3777.5359
1784228340000,75.713,75.713,75.681,75.697,9115,68993.497
1784228400000,75.679,75.741,75.67,75.741,13146,99514.5777
1784228460000,75.754,75.773,75.741,75.758,9361,70912.8228
1784228520000,75.765,75.781,75.745,75.771,7157,54227.2585
1784228580000,75.771,75.781,75.746,75.764,30335,229845.7534
1784228640000,75.764,75.786,75.753,75.767,9992,75704.6016
1784246700000,75.322,75.322,75.242,75.25,380,2860.4195
1784246760000,75.242,75.271,75.242,75.271,302,2272.5766
1784246820000,75.264,75.264,75.214,75.22,194,1459.5095
1784246880000,75.22,75.267,75.217,75.265,2818,21199.9796
1784246940000,75.235,75.235,75.201,75.202,2640,19857.675
1784247000000,75.253,75.264,75.241,75.262,356,2679.0867
1784247060000,75.286,75.303,75.278,75.296,705,5308.018
1784247120000,75.293,75.293,75.249,75.258,675,5079.9916
1784247180000,75.266,75.266,75.18,75.18,2224,16731.1109
1784247240000,75.177,75.211,75.177,75.211,173,1300.9776
1784247300000,75.203,75.296,75.203,75.296,2857,21509.4326
1784247360000,75.304,75.376,75.304,75.376,1428,10760.2172
1784247420000,75.381,75.389,75.341,75.389,1844,13897.2897
1784247480000,75.398,75.399,75.269,75.269,776,5846.0867
1784247540000,75.27,75.324,75.27,75.324,383,2884.6701
1784247600000,75.307,75.335,75.307,75.334,291,2191.8009
1784247660000,75.312,75.321,75.26,75.27,399,3004.4396
1784247720000,75.271,75.279,75.264,75.279,208,1565.5123
1784247780000,75.285,75.361,75.284,75.35,1634,12311.7892
1784247840000,75.365,75.365,75.288,75.288,159,1197.7759
1784247900000,75.285,75.293,75.262,75.286,624,4697.7236
1784247960000,75.283,75.301,75.277,75.279,753,5668.7962
1784248020000,75.28,75.28,75.253,75.274,4247,31961.7498
1784248080000,75.274,75.296,75.274,75.296,48,361.3706
1784248140000,75.297,75.306,75.286,75.286,119,896.0348
1784248200000,75.274,75.279,75.196,75.196,751,5650.2997
1784248260000,75.191,75.215,75.162,75.209,3544,26649.0796
1784248320000,75.177,75.205,75.17,75.179,1010,7594.6784
1784248380000,75.148,75.167,75.123,75.154,2540,19085.3874
1784248440000,75.172,75.184,75.096,75.125,631,4740.413
1784248500000,75.129,75.133,75.062,75.077,1340,10061.7437
1784248560000,75.064,75.084,74.9,74.993,22394,167866.7559
1784248620000,74.987,75.12,74.969,75.12,2280,17118.2376
1784248680000,75.135,75.246,75.095,75.246,5334,40095.5231
1784248740000,75.243,75.262,75.149,75.153,1850,13917.2134
1784248800000,75.171,75.27,75.17,75.237,492,3701.5221
1784248860000,75.238,75.238,75.156,75.156,1475,11093.1309
1784248920000,75.147,75.236,75.147,75.236,535,4022.6271
1784248980000,75.248,75.248,75.204,75.219,302,2271.8512
1784249040000,75.219,75.286,75.219,75.286,2191,16483.4802
1784249100000,75.283,75.382,75.283,75.311,2665,20079.3281
1784249160000,75.336,75.382,75.336,75.376,1374,10354.567
1784249220000,75.382,75.382,75.321,75.344,796,5997.8255
1784249280000,75.348,75.363,75.332,75.363,874,6586.5704
1784249340000,75.358,75.374,75.347,75.374,545,4106.8826
1784249400000,75.376,75.413,75.36,75.413,1021,7696.5413
1784249460000,75.406,75.42,75.402,75.42,676,5097.3195
1784249520000,75.425,75.45,75.399,75.45,2110,15913.6417
1784249580000,75.46,75.484,75.447,75.479,653,4928.1326
1784249640000,75.472,75.484,75.446,75.473,1729,13047.9993
1784249700000,75.49,75.506,75.479,75.479,1386,10464.5671
1784249760000,75.506,75.506,75.449,75.461,148,1116.9023
1784249820000,75.443,75.444,75.382,75.432,1757,13251.4949
1784249880000,75.463,75.517,75.463,75.508,1162,8772.2976
1784249940000,75.503,75.513,75.503,75.509,1598,12066.4824
1784250000000,75.522,75.53,75.457,75.511,4925,37187.932
1784250060000,75.518,75.582,75.506,75.566,2601,19649.0879
1784250120000,75.566,75.692,75.566,75.615,3175,24014.9793
1784250180000,75.588,75.63,75.588,75.593,496,3750.3899
1784250240000,75.601,75.615,75.567,75.567,1417,10713.3246
1784250300000,75.555,75.611,75.529,75.611,1259,9514.0003
1784250360000,75.622,75.636,75.595,75.595,487,3681.9388
1784250420000,75.61,75.62,75.594,75.606,818,6185.0114
1784250480000,75.612,75.695,75.612,75.682,295,2232.1108
1784250540000,75.682,75.682,75.629,75.663,454,3434.6293
1784250600000,75.674,75.698,75.625,75.625,752,5688.9138
1784250660000,75.63,75.689,75.601,75.668,4184,31644.4097
1784250720000,75.666,75.69,75.633,75.653,558,4221.9692
1784250780000,75.659,75.659,75.659,75.659,32,242.1088
1784250840000,75.66,75.664,75.656,75.658,479,3624.0042
1784250900000,75.661,75.68,75.626,75.626,256,1937.1158
1784250960000,75.62,75.646,75.574,75.612,664,5020.2795
1784251020000,75.599,75.611,75.558,75.572,1175,8880.45
1784251080000,75.538,75.54,75.515,75.515,323,2439.5792
1784251140000,75.525,75.536,75.5,75.5,654,4938.3132
1784251200000,75.5,75.5,75.416,75.441,3304,24938.95
1784251260000,75.421,75.478,75.42,75.478,883,6662.0928
1784251320000,75.474,75.474,75.455,75.46,589,4445.1171
1784251380000,75.47,75.483,75.462,75.462,189,1426.3337
1784251440000,75.473,75.495,75.46,75.495,182,1373.652
1784251500000,75.489,75.498,75.489,75.498,15,113.2459
1784251560000,75.488,75.488,75.466,75.466,94,709.4593
1784251620000,75.481,75.54,75.481,75.54,2441,18436.4773
1784251680000,75.538,75.615,75.538,75.615,3062,23141.9242
1784251740000,75.613,75.645,75.59,75.645,555,4196.1447
1784251800000,75.65,75.65,75.571,75.571,886,6701.0301
1784251860000,75.555,75.574,75.529,75.54,1213,9164.9745
1784251920000,75.54,75.561,75.492,75.492,379,2862.8969
1784251980000,75.49,75.524,75.459,75.503,4146,31292.3304
1784252040000,75.521,75.522,75.413,75.417,592,4468.5963
1784252100000,75.406,75.418,75.352,75.372,4386,33070.9354
1784252160000,75.384,75.426,75.382,75.411,518,3906.1693
1784252220000,75.402,75.461,75.393,75.444,572,4314.4698
1784252280000,75.462,75.462,75.403,75.42,6811,51384.1521
1784252340000,75.419,75.419,75.396,75.404,489,3687.1894
1784252400000,75.415,75.415,75.411,75.411,13,98.0387
1784252460000,75.382,75.382,75.288,75.291,2881,21700.1672
1784252520000,75.299,75.35,75.282,75.35,562,4231.8865
1784252580000,75.358,75.36,75.277,75.277,1159,8729.5599
1784252640000,75.26,75.295,75.209,75.237,12219,91928.9011
1784252700000,75.24,75.24,75.136,75.136,2508,18859.7881
1784252760000,75.136,75.146,75.097,75.101,2124,15955.1715
1784252820000,75.102,75.155,75.0,75.154,4920,36926.303
1784252880000,75.148,75.177,75.113,75.175,1896,14248.2972
1784252940000,75.178,75.178,75.112,75.126,2022,15194.6463
1784253000000,75.117,75.13,75.057,75.128,2289,17192.6923
1784253060000,75.125,75.125,74.976,75.053,6996,52480.8834
1784253120000,75.045,75.056,74.972,75.001,6654,49904.704
1784253180000,75.022,75.073,74.995,75.002,1981,14862.1955
1784253240000,74.993,75.032,74.95,74.993,3997,29970.4206
1784253300000,74.985,75.021,74.944,74.981,5189,38905.05
1784253360000,74.99,75.08,74.986,75.08,2182,16371.0196
1784253420000,75.056,75.065,75.022,75.045,655,4915.3329
1784253480000,75.048,75.091,75.036,75.075,870,6530.1674
1784253540000,75.066,75.066,75.04,75.061,1096,8225.5672
1784253600000,75.056,75.139,75.037,75.135,3050,22900.935
1784253660000,75.134,75.134,75.042,75.042,2415,18134.5638
1784253720000,75.016,75.072,75.016,75.039,2896,21733.1358
1784253780000,75.05,75.143,75.05,75.099,1346,10107.4295
1784253840000,75.124,75.162,75.103,75.162,1163,8736.848
1784253900000,75.145,75.154,75.139,75.139,825,6199.3164
1784253960000,75.155,75.162,75.149,75.156,470,3532.4569
1784254020000,75.156,75.175,75.144,75.175,175,1315.3547
1784254080000,75.166,75.195,75.165,75.173,449,3375.794
1784254140000,75.181,75.181,74.952,74.959,2769,20772.6868
1784254200000,74.958,74.977,74.888,74.977,11121,83323.0824
1784254260000,74.959,75.098,74.944,75.098,3895,29214.5481
1784254320000,75.1,75.148,75.1,75.117,581,4363.9316
1784254380000,75.128,75.17,75.115,75.125,5246,39411.5783
1784254440000,75.157,75.204,75.145,75.174,9531,71652.991
1784254500000,75.165,75.165,75.134,75.161,1495,11235.7652
1784254560000,75.14,75.208,75.126,75.189,3760,28256.9851
1784254620000,75.196,75.219,75.155,75.219,1420,10675.5361
1784254680000,75.219,75.24,75.198,75.221,1585,11922.5334
1784254740000,75.21,75.21,75.151,75.187,1872,14074.5046
1784254800000,75.193,75.193,75.115,75.125,6011,45168.3773
1784254860000,75.114,75.114,75.048,75.1,5065,38034.7615
1784254920000,75.103,75.106,75.103,75.106,136,1021.441
1784254980000,75.11,75.11,75.045,75.045,1192,8948.9616
1784255040000,75.053,75.067,75.04,75.04,980,7356.2142
1784255100000,75.084,75.102,75.084,75.102,161,1209.0277
1784255160000,75.087,75.139,75.066,75.066,2514,18879.7854
1784255220000,75.075,75.103,75.037,75.068,1154,8662.8191
1784255280000,75.091,75.119,75.091,75.109,980,7359.9396
1784255340000,75.153,75.154,75.093,75.093,1966,14768.8528
1784255400000,75.071,75.082,75.059,75.082,385,2890.0561
1784255460000,75.067,75.092,75.058,75.092,798,5991.4048
1784255520000,75.078,75.112,75.061,75.112,346,2597.5856
1784255580000,75.112,75.112,74.962,74.982,14141,106150.4233
1784255640000,74.961,74.994,74.946,74.98,3416,25607.4637
1784255700000,74.976,75.009,74.951,75.009,2204,16524.9035
1784255760000,75.009,75.009,74.972,74.972,147,1102.3338
1784255820000,74.96,74.96,74.911,74.92,3942,29536.195
1784255880000,74.91,74.922,74.768,74.811,20771,155384.1831
1784255940000,74.794,74.847,74.794,74.833,3568,26697.6265
1784256000000,74.81,74.81,74.73,74.785,7315,54689.1203
1784256060000,74.795,74.83,74.784,74.828,1149,8594.5872
1784256120000,74.828,74.875,74.757,74.757,4833,36171.3502
1784256180000,74.739,74.882,74.7,74.882,5362,40087.9632
1784256240000,74.867,74.878,74.846,74.846,734,5494.4672
1784256300000,74.848,74.894,74.848,74.894,3128,23417.9638
1784256360000,74.877,74.885,74.824,74.862,1146,8580.1455
1784256420000,74.863,74.879,74.845,74.863,884,6618.1039
1784256480000,74.874,74.881,74.816,74.816,1460,10929.7396
1784256540000,74.808,74.819,74.808,74.819,395,2955.3131
1784256600000,74.883,74.916,74.853,74.881,5647,42280.2619
1784256660000,74.88,74.899,74.864,74.864,874,6544.6304
1784256720000,74.858,74.858,74.809,74.83,1222,9143.0127
1784256780000,74.843,74.843,74.835,74.835,92,688.498
1784256840000,74.826,74.844,74.814,74.814,768,5746.321
1784256900000,74.808,74.884,74.808,74.884,1271,9513.3853
1784256960000,74.884,74.925,74.878,74.905,2973,22266.1226
1784257020000,74.904,74.931,74.904,74.931,6996,52417.3873
1784257080000,74.929,74.966,74.929,74.966,5292,39668.0139
1784257140000,74.95,74.975,74.95,74.961,610,4572.9191
1784257200000,74.961,74.993,74.945,74.982,725,5435.5664
1784257260000,75.009,75.017,74.956,74.957,346,2595.2009
1784257320000,74.974,75.014,74.974,74.987,1347,10100.9161
1784257380000,75.002,75.058,75.002,75.046,623,4675.0307
1784257440000,75.065,75.1,75.065,75.077,497,3731.7343
1784257500000,75.083,75.17,75.083,75.168,2218,16663.032
1784257560000,75.182,75.239,75.182,75.229,3417,25697.4751
1784257620000,75.218,75.25,75.218,75.218,2046,15392.0125
1784257680000,75.209,75.247,75.195,75.195,2710,20384.8322
1784257740000,75.202,75.23,75.16,75.16,286,2150.6184
1784257800000,75.16,75.166,75.146,75.149,754,5667.0126
1784257860000,75.156,75.163,75.141,75.142,948,7124.2362
1784257920000,75.133,75.134,75.118,75.134,542,4071.4957
1784257980000,75.142,75.18,75.142,75.175,406,3051.2641
1784258040000,75.171,75.206,75.171,75.198,1164,8751.2229
1784258100000,75.193,75.223,75.172,75.208,590,4436.8012
1784258160000,75.224,75.298,75.224,75.298,2406,18106.9281
1784258220000,75.313,75.328,75.279,75.32,2413,18170.2849
1784258280000,75.319,75.362,75.296,75.361,3664,27596.8906
1784258340000,75.341,75.353,75.302,75.348,3559,26805.4096
1784258400000,75.346,75.346,75.322,75.341,375,2825.1374
1784258460000,75.34,75.341,75.316,75.316,781,5883.272
1784258520000,75.32,75.372,75.32,75.358,1553,11699.5757
1784258580000,75.378,75.382,75.348,75.351,4077,30728.4221
1784258640000,75.355,75.363,75.326,75.343,982,7399.4745
1784276700000,74.454,74.454,74.422,74.422,515,3833.4435
1784276760000,74.418,74.441,74.388,74.438,200,1488.2697
1784276820000,74.462,74.525,74.462,74.478,527,3926.1529
1784276880000,74.476,74.498,74.476,74.498,175,1303.6483
1784276940000,74.497,74.497,74.473,74.473,253,1884.4977
1784277000000,74.468,74.48,74.435,74.437,48853,363785.6938
1784277060000,74.429,74.45,74.368,74.368,3045,22662.9605
1784277120000,74.363,74.363,74.323,74.323,778,5784.9537
1784277180000,74.319,74.347,74.319,74.339,1486,11046.5072
1784277240000,74.339,74.347,74.3,74.326,3222,23951.3998
1784277300000,74.327,74.351,74.327,74.334,295,2192.9675
1784277360000,74.334,74.334,74.158,74.197,9594,71203.6831
1784277420000,74.17,74.216,74.156,74.216,813,6030.2148
1784277480000,74.224,74.224,74.193,74.217,4482,33256.8087
1784277540000,74.216,74.238,74.172,74.236,3250,24112.955
1784277600000,74.242,74.247,74.236,74.247,480,3563.4297
1784277660000,74.279,74.325,74.279,74.316,706,5246.7192
1784277720000,74.306,74.306,74.274,74.283,3035,22543.6853
1784277780000,74.294,74.395,74.294,74.386,4330,32188.4863
1784277840000,74.385,74.439,74.379,74.434,669,4978.7486
1784277900000,74.447,74.489,74.447,74.48,1177,8765.1701
1784277960000,74.488,74.492,74.464,74.473,3972,29584.2907
1784278020000,74.465,74.503,74.453,74.496,1308,9741.0408
1784278080000,74.493,74.517,74.489,74.517,862,6421.3603
1784278140000,74.517,74.517,74.476,74.496,795,5922.3155
1784278200000,74.494,74.509,74.494,74.509,2524,18804.2243
1784278260000,74.495,74.511,74.495,74.511,229,1706.0831
1784278320000,74.511,74.528,74.471,74.471,488,3635.5566
1784278380000,74.464,74.48,74.444,74.478,1108,8250.7304
1784278440000,74.474,74.495,74.474,74.474,492,3664.7381
1784278500000,74.459,74.496,74.459,74.496,252,1876.9912
1784278560000,74.51,74.555,74.51,74.555,2503,18657.0755
1784278620000,74.547,74.581,74.546,74.581,2062,15374.6503
1784278680000,74.582,74.598,74.547,74.547,3403,25370.5939
1784278740000,74.537,74.537,74.482,74.482,350,2607.8816
1784278800000,74.488,74.502,74.482,74.502,804,5988.6718
1784278860000,74.498,74.555,74.498,74.511,908,6766.8059
1784278920000,74.504,74.507,74.482,74.482,871,6488.8718
1784278980000,74.47,74.474,74.439,74.462,1105,8227.5701
1784279040000,74.465,74.474,74.434,74.455,2395,17831.2383
1784279100000,74.455,74.455,74.449,74.449,145,1079.5617
1784279160000,74.452,74.491,74.449,74.49,6781,50487.6603
1784279220000,74.485,74.516,74.485,74.516,1865,13894.0646
1784279280000,74.501,74.501,74.445,74.467,637,4743.9135
1784279340000,74.476,74.486,74.468,74.468,630,4691.6853
1784279400000,74.464,74.471,74.459,74.459,710,5286.8873
1784279460000,74.476,74.501,74.476,74.481,1396,10399.5835
1784279520000,74.493,74.517,74.493,74.512,693,5162.8128
1784279580000,74.525,74.581,74.523,74.581,1417,10565.9897
1784279640000,74.582,74.602,74.582,74.602,743,5542.5363
1784279700000,74.601,74.601,74.511,74.511,731,5448.1387
1784279760000,74.524,74.524,74.482,74.482,241,1795.5531
1784279820000,74.483,74.515,74.474,74.478,947,7054.5375
1784279880000,74.479,74.497,74.479,74.497,763,5683.9354
1784279940000,74.522,74.524,74.508,74.508,433,3226.8802
1784280000000,74.535,74.575,74.535,74.564,2013,15008.381
1784280060000,74.557,74.557,74.535,74.555,711,5300.2758
1784280120000,74.559,74.576,74.54,74.55,2092,15598.8771
1784280180000,74.551,74.617,74.551,74.617,1277,9523.2892
1784280240000,74.625,74.625,74.61,74.621,486,3626.6174
1784280300000,74.626,74.668,74.626,74.646,4690,35017.1947
1784280360000,74.642,74.647,74.632,74.646,283,2112.4005
1784280420000,74.649,74.649,74.649,74.649,3,22.3947
1784280480000,74.645,74.65,74.638,74.641,1781,13293.335
1784280540000,74.651,74.653,74.635,74.635,2088,15585.3138
1784280600000,74.626,74.641,74.617,74.641,2107,15724.2577
1784280660000,74.636,74.706,74.636,74.697,3056,22827.9315
1784280720000,74.676,74.676,74.635,74.649,2564,19138.5691
1784280780000,74.636,74.636,74.633,74.633,25,186.5891
1784280840000,74.62,74.62,74.605,74.605,108,805.8168
1784280900000,74.596,74.665,74.596,74.665,448,3343.6841
1784280960000,74.667,74.672,74.647,74.652,376,2807.2222
1784281020000,74.655,74.655,74.643,74.644,183,1366.0558
1784281080000,74.639,74.687,74.639,74.687,131,978.1583
1784281140000,74.687,74.721,74.683,74.721,4092,30573.9578
1784281200000,74.711,74.721,74.707,74.707,939,7015.2997
1784281260000,74.701,74.718,74.701,74.703,1258,9398.4263
1784281320000,74.702,74.754,74.702,74.754,2058,15382.0258
1784281380000,74.758,74.765,74.746,74.756,16344,122165.2072
1784281440000,74.756,74.756,74.737,74.744,5568,41618.3693
1784281500000,74.743,74.743,74.68,74.68,1334,9966.5539
1784281560000,74.686,74.711,74.682,74.684,711,5311.0265
1784281620000,74.683,74.712,74.676,74.676,1748,13057.1778
1784281680000,74.681,74.708,74.672,74.682,1082,8080.7473
1784281740000,74.673,74.673,74.644,74.644,1007,7517.4764
1784281800000,74.643,74.703,74.643,74.703,33,246.4925
1784281860000,74.711,74.718,74.692,74.692,5892,44021.3248
1784281920000,74.701,74.701,74.69,74.694,1239,9255.4474
1784281980000,74.683,74.692,74.683,74.69,136,1015.7592
1784282040000,74.701,74.701,74.698,74.698,9,67.2294
1784282100000,74.692,74.692,74.651,74.651,2051,15315.1946
1784282160000,74.632,74.632,74.604,74.621,812,6059.0598
1784282220000,74.629,74.629,74.622,74.622,4,29.8502
1784282280000,74.617,74.63,74.617,74.625,395,2947.5755
1784282340000,74.602,74.619,74.597,74.613,1820,13576.7019
1784282400000,74.611,74.631,74.592,74.615,592,4417.6404
1784282460000,74.629,74.7,74.622,74.7,1660,12390.2346
1784282520000,74.718,74.738,74.714,74.716,2911,21751.995
1784282580000,74.701,74.706,74.687,74.706,1648,12310.9781
1784282640000,74.7,74.7,74.67,74.67,1998,14921.2116
1784282700000,74.675,74.716,74.675,74.709,2837,21189.7786
1784282760000,74.717,74.717,74.687,74.687,1956,14611.7215
1784282820000,74.692,74.737,74.692,74.707,435,3250.0593
1784282880000,74.729,74.736,74.706,74.706,292,2181.9811
1784282940000,74.7,74.713,74.694,74.696,757,5654.8308
1784283000000,74.725,74.725,74.671,74.674,1721,12854.0574
1784283060000,74.686,74.7,74.673,74.673,554,4137.5528
1784283120000,74.661,74.703,74.643,74.703,7089,52944.4885
1784283180000,74.703,74.745,74.703,74.745,3594,26852.5323
1784283240000,74.745,74.782,74.745,74.782,1757,13137.313
1784283300000,74.783,74.803,74.775,74.778,16968,126911.6648
1784283360000,74.8,74.8,74.8,74.8,240,1795.2
1784283420000,74.769,74.773,74.72,74.732,365,2728.3354
1784283480000,74.737,74.737,74.737,74.737,195,1457.3715
1784283540000,74.744,74.744,74.73,74.73,6329,47301.0634
1784283600000,74.726,74.745,74.716,74.716,1092,8161.2803
1784283660000,74.715,74.715,74.682,74.682,551,4116.2579
1784283720000,74.686,74.724,74.679,74.724,6497,48542.2629
1784283840000,74.711,74.711,74.685,74.694,21563,161064.0048
1784283900000,74.698,74.702,74.688,74.698,689,5146.7108
1784283960000,74.674,74.707,74.667,74.703,5237,39112.2401
1784284020000,74.714,74.739,74.714,74.727,3007,22471.8922
1784284080000,74.727,74.747,74.718,74.718,4842,36182.1347
1784284140000,74.718,74.743,74.715,74.715,624,4662.5852
1784284200000,74.703,74.703,74.689,74.699,12705,94906.3137
1784284320000,74.704,74.706,74.704,74.706,520,3884.7068
1784284380000,74.705,74.752,74.705,74.752,2258,16869.8357
1784284440000,74.752,74.752,74.741,74.741,2167,16197.9062
1784284500000,74.732,74.775,74.732,74.775,346,2586.4011
1784284560000,74.754,74.779,74.754,74.779,1167,8726.5557
1784284620000,74.75,74.75,74.75,74.75,405,3027.375
1784284680000,74.752,74.765,74.75,74.765,1753,13104.1374
1784284740000,74.765,74.792,74.765,74.771,549,4105.5588
1784284800000,74.772,74.772,74.772,74.772,2,14.9544
1784284860000,74.773,74.796,74.751,74.766,7624,57000.4687
1784284920000,74.772,74.78,74.772,74.775,235,1757.2164
1784284980000,74.764,74.779,74.764,74.779,50,373.844
1784285040000,74.779,74.801,74.779,74.791,1444,10799.2295
1784285100000,74.77,74.782,74.77,74.782,9911,74104.7882
1784285160000,74.79,74.838,74.79,74.838,2126,15907.6573
1784285220000,74.838,74.838,74.786,74.816,3896,29145.2781
1784285280000,74.818,74.838,74.818,74.824,1351,10108.3176
1784285340000,74.826,74.835,74.777,74.782,5248,39263.3483
1784285400000,74.789,74.794,74.774,74.774,5810,43448.0748
1784285460000,74.775,74.778,74.763,74.778,746,5577.543
1784285520000,74.763,74.769,74.758,74.769,212,1584.9828
1784285580000,74.778,74.778,74.778,74.778,34,254.2452
1784285640000,74.799,74.802,74.792,74.802,787,5886.6939
1784285700000,74.812,74.821,74.759,74.778,1187,8879.8567
1784285760000,74.793,74.801,74.793,74.801,56,418.8424
1784285820000,74.802,74.811,74.776,74.776,150,1122.0414
1784285880000,74.767,74.767,74.759,74.759,226,1689.7261
1784285940000,74.752,74.756,74.752,74.756,957,7153.8854
1784286000000,74.744,74.799,74.734,74.794,1652,12348.0095
1784286060000,74.772,74.8,74.772,74.798,1088,8136.9545
1784286120000,74.798,74.798,74.755,74.755,6491,48532.9282
1784286180000,74.762,74.762,74.729,74.729,1212,9059.7403
1784286240000,74.711,74.723,74.711,74.718,244,1823.0775
1784286300000,74.712,74.731,74.712,74.731,288,2151.9114
1784286360000,74.725,74.725,74.703,74.703,413,3085.526
1784286420000,74.694,74.699,74.694,74.694,1096,8186.6141
1784286480000,74.695,74.712,74.687,74.687,1700,12698.8171
1784286540000,74.684,74.684,74.673,74.673,53,395.7817
1784286600000,74.675,74.688,74.675,74.688,161,1202.3409
1784286660000,74.688,74.705,74.688,74.705,1006,7513.8971
1784286720000,74.699,74.699,74.699,74.699,22,164.3378
1784286780000,74.696,74.696,74.655,74.656,109,813.8934
1784286840000,74.679,74.68,74.668,74.668,1666,12441.5116
1784286900000,74.653,74.653,74.639,74.639,130,970.3112
1784286960000,74.626,74.633,74.611,74.633,1208,9013.6342
1784287020000,74.632,74.639,74.615,74.639,4219,31481.0391
1784287080000,74.642,74.668,74.64,74.668,1984,14812.2122
1784287140000,74.679,74.71,74.677,74.706,923,6894.2816
1784287200000,74.691,74.714,74.688,74.697,473,3533.4075
1784287260000,74.693,74.732,74.693,74.727,419,3130.9273
1784287320000,74.709,74.724,74.699,74.724,196,1464.4056
1784287380000,74.729,74.746,74.709,74.709,944,7054.6946
1784287440000,74.722,74.722,74.71,74.71,78,582.8292
1784287500000,74.711,74.75,74.711,74.747,2773,20727.0056
1784287560000,74.743,74.799,74.743,74.79,966,7222.7886
1784287620000,74.796,74.796,74.765,74.773,1001,7484.6029
1784287740000,74.771,74.771,74.762,74.762,206,1540.2508
1784287800000,74.753,74.753,74.705,74.732,6040,45129.9336
1784287860000,74.735,74.735,74.729,74.729,1191,8900.2557
1784287920000,74.736,74.817,74.731,74.78,4417,33032.3097
1784287980000,74.771,74.833,74.771,74.833,629,4706.045
1784288040000,74.839,74.864,74.835,74.864,801,5995.5174
1784288100000,74.856,74.921,74.852,74.865,3922,29376.087
1784288160000,74.853,74.868,74.847,74.847,2222,16633.4348
1784288220000,74.84,74.871,74.824,74.857,4320,32333.4868
1784288280000,74.844,74.927,74.844,74.891,1082,8104.7819
1784288340000,74.892,75.001,74.892,74.977,255332,1914861.6363
1784288400000,74.973,74.98,74.964,74.968,8411,63055.8634
1784288460000,74.942,74.953,74.921,74.929,3674,27532.1062
1784288520000,74.926,74.936,74.904,74.904,6753,50589.102
1784288580000,74.883,74.892,74.867,74.888,1869,13994.0117
1784288640000,74.887,74.887,74.868,74.887,4269,31965.7263
1784288700000,74.888,74.912,74.88,74.912,1417,10612.0834
1784288760000,74.9,74.9,74.879,74.896,3281,24569.0965
1784288820000,74.896,74.927,74.896,74.904,7619,57078.9149
1784306700000,75.017,75.078,74.998,74.998,8761,65742.3089
1784306760000,74.996,74.996,74.923,74.923,4877,36562.366
1784306820000,74.882,74.982,74.872,74.959,2230,16708.9929
1784306880000,74.986,75.006,74.951,74.979,5464,40966.3721
1784306940000,74.991,74.992,74.936,74.978,374,2803.321
1784307000000,74.979,75.032,74.961,74.984,727,5453.9208
1784307060000,75.009,75.038,75.001,75.001,2267,17009.129
1784307120000,75.024,75.024,74.935,74.941,2016,15113.3778
1784307180000,74.955,74.955,74.916,74.916,162,1214.1966
1784307240000,74.921,74.937,74.9,74.937,1264,9469.9303
1784307300000,74.948,74.975,74.929,74.929,1563,11712.8534
1784307360000,74.924,74.925,74.904,74.904,1491,11169.1153
1784307420000,74.924,74.924,74.894,74.92,1872,14023.082
1784307480000,74.904,74.905,74.886,74.891,1580,11834.2891
1784307540000,74.898,74.914,74.898,74.906,1712,12824.6322
1784307600000,74.908,75.024,74.908,75.018,1639,12286.3482
1784307660000,75.025,75.068,74.992,74.992,2246,16856.7775
1784307720000,74.972,74.984,74.934,74.94,1123,8418.9925
1784307780000,74.939,74.98,74.939,74.98,3387,25390.059
1784307840000,74.977,74.992,74.947,74.992,2740,20543.4104
1784307900000,75.0,75.003,74.971,75.002,1914,14354.168
1784307960000,75.006,75.142,75.006,75.128,10063,75580.6338
1784308020000,75.137,75.222,75.122,75.209,57980,435666.1249
1784308080000,75.222,75.33,75.222,75.29,10955,82474.3579
1784308140000,75.321,75.485,75.321,75.47,10960,82655.1553
1784308200000,75.46,75.483,75.431,75.452,2619,19762.1601
1784308260000,75.44,75.567,75.415,75.54,8393,63374.9885
1784308320000,75.519,75.547,75.322,75.322,3012,22729.2279
1784308380000,75.318,75.341,75.294,75.341,40558,305476.8798
1784308440000,75.369,75.369,75.275,75.296,4337,32656.1901
1784308500000,75.254,75.292,75.247,75.281,2276,17128.1634
1784308560000,75.3,75.333,75.296,75.321,1996,15034.8875
1784308620000,75.342,75.364,75.29,75.292,2169,16343.144
1784308680000,75.299,75.336,75.266,75.266,1352,10181.1633
1784308740000,75.275,75.275,75.209,75.212,3548,26691.521
1784308800000,75.212,75.244,75.212,75.232,31621,237904.3973
1784308860000,75.232,75.232,75.202,75.221,1065,8009.8597
1784308920000,75.232,75.248,75.2,75.201,2357,17731.8132
1784308980000,75.235,75.235,75.154,75.165,1365,10261.8373
1784309040000,75.165,75.199,75.142,75.16,3043,22869.5699
1784309100000,75.166,75.24,75.166,75.24,614,4616.4864
1784309160000,75.273,75.282,75.227,75.243,3612,27183.7248
1784309220000,75.269,75.353,75.269,75.315,14596,109906.505
1784309280000,75.273,75.282,75.261,75.262,628,4726.6118
1784309340000,75.303,75.303,75.247,75.247,3959,29805.0871
1784309400000,75.215,75.244,75.215,75.235,1301,9787.859
1784309460000,75.264,75.275,75.248,75.256,1015,7639.2233
1784309520000,75.256,75.256,75.22,75.22,265,1993.5976
1784309580000,75.281,75.291,75.281,75.291,142,1069.0618
1784309640000,75.264,75.268,75.242,75.248,1065,8014.7025
1784309700000,75.205,75.207,75.133,75.133,1147,8620.9396
1784309760000,75.151,75.171,75.135,75.135,1602,12039.9985
1784309820000,75.146,75.224,75.146,75.224,134,1007.4762
1784309880000,75.219,75.219,75.215,75.215,25,188.0471
1784309940000,75.232,75.232,75.226,75.227,188,1414.2668
1784310000000,75.209,75.209,75.142,75.142,618,4646.7708
1784310060000,75.166,75.176,75.165,75.176,845,6351.978
1784310120000,75.195,75.195,75.157,75.17,1646,12374.1943
1784310180000,75.161,75.182,75.16,75.181,843,6336.8454
1784310240000,75.173,75.173,75.169,75.169,104,781.794
1784310300000,75.177,75.2,75.177,75.2,147,1105.1065
1784310360000,75.203,75.205,75.18,75.181,716,5383.559
1784310420000,75.178,75.275,75.178,75.275,1359,10224.4236
1784310480000,75.282,75.317,75.282,75.291,1533,11544.3359
1784310540000,75.287,75.288,75.271,75.271,1123,8453.5089
1784310600000,75.296,75.296,75.202,75.21,1542,11600.054
1784310660000,75.209,75.209,75.166,75.175,354,2661.6042
1784310720000,75.185,75.185,75.173,75.183,1703,12803.4885
1784310780000,75.202,75.202,75.142,75.142,1105,8305.6042
1784310840000,75.164,75.201,75.164,75.167,1242,9337.7116
1784310900000,75.161,75.175,75.14,75.17,1055,7930.4134
1784310960000,75.162,75.174,75.162,75.17,1961,14741.3004
1784311020000,75.198,75.198,75.198,75.198,162,1218.2076
1784311080000,75.181,75.193,75.18,75.193,70,526.3192
1784311140000,75.207,75.207,75.191,75.191,45,338.4123
1784311200000,75.211,75.219,75.145,75.145,837,6293.9776
1784311260000,75.182,75.196,75.167,75.167,810,6089.6716
1784311320000,75.205,75.212,75.204,75.212,860,6467.5948
1784311380000,75.21,75.248,75.21,75.248,241,1813.1127
1784311440000,75.223,75.224,75.188,75.188,4656,35014.6941
1784311500000,75.158,75.2,75.158,75.2,3414,25659.9512
1784311560000,75.178,75.178,75.11,75.14,78,586.0697
1784311620000,75.16,75.16,75.126,75.126,193,1450.0814
1784311680000,75.146,75.179,75.146,75.159,137,1029.7926
1784311740000,75.166,75.175,75.166,75.174,166,1247.8335
1784311800000,75.216,75.228,75.202,75.202,977,7348.0513
1784311860000,75.18,75.18,75.159,75.178,1480,11125.1681
1784311920000,75.183,75.183,75.167,75.183,645,4849.1842
1784311980000,75.193,75.211,75.185,75.211,141,1060.3533
1784312040000,75.217,75.224,75.212,75.212,442,3324.8413
1784312100000,75.211,75.211,75.15,75.155,1361,10228.768
1784312160000,75.162,75.165,75.147,75.147,2201,16543.0642
1784312220000,75.154,75.154,75.085,75.089,7873,59132.7449
1784312280000,75.082,75.082,75.052,75.052,588,4413.2982
1784312340000,75.052,75.059,75.011,75.017,6088,45668.2458
1784312400000,75.047,75.06,74.976,75.004,7868,59032.0623
1784312460000,75.01,75.053,75.009,75.013,3321,24915.4427
1784312520000,75.044,75.044,75.006,75.006,186,1395.6958
1784312580000,74.988,75.057,74.988,75.057,558,4186.8811
1784312640000,75.056,75.056,75.011,75.011,1078,8090.3251
1784312700000,75.006,75.017,74.999,74.999,2785,20891.3626
1784312820000,75.015,75.018,75.0,75.0,950,7126.211
1784312880000,75.01,75.018,75.009,75.018,520,3900.5708
1784312940000,75.042,75.081,75.042,75.072,565,4240.4173
1784313000000,75.063,75.146,75.063,75.104,8909,66938.543
1784313060000,75.123,75.123,75.083,75.083,632,4746.4047
1784313120000,75.03,75.062,74.973,74.973,1435,10766.7905
1784313180000,74.978,74.998,74.968,74.968,7605,57016.9722
1784313240000,74.968,75.005,74.955,75.005,4790,35909.5861
1784313300000,75.015,75.018,75.014,75.018,500,3750.8462
1784313360000,75.031,75.041,75.004,75.004,3446,25850.918
1784313420000,74.995,75.015,74.955,74.97,609,4566.428
1784313480000,74.979,75.021,74.979,75.018,478,3584.9754
1784313540000,75.026,75.026,75.001,75.014,887,6653.4305
1784313600000,74.998,74.998,74.948,74.948,90,674.7425
1784313660000,74.964,75.008,74.964,75.008,151,1132.6022
1784313720000,74.991,74.998,74.944,74.944,1559,11689.679
1784313780000,74.943,74.988,74.943,74.97,469,3516.6179
1784313840000,74.997,75.071,74.997,75.071,10003,75069.8062
1784313900000,75.046,75.12,75.046,75.088,1589,11929.0062
1784313960000,75.098,75.127,75.065,75.122,1468,11024.7995
1784314020000,75.134,75.254,75.114,75.247,9540,71763.9952
1784314080000,75.264,75.272,75.233,75.242,4109,30925.4063
1784314140000,75.257,75.324,75.247,75.247,4373,32916.5429
1784314200000,75.238,75.238,75.188,75.218,1316,9898.3461
1784314260000,75.223,75.239,75.218,75.219,6488,48809.2946
1784314320000,75.232,75.28,75.211,75.261,8004,60220.6952
1784314380000,75.269,75.346,75.251,75.314,2705,20370.8815
1784314440000,75.346,75.346,75.3,75.327,1437,10822.2195
1784314500000,75.343,75.37,75.288,75.299,2961,22310.4509
1784314560000,75.312,75.312,75.25,75.25,2150,16184.8731
1784314620000,75.268,75.295,75.241,75.295,3921,29516.7661
1784314680000,75.306,75.325,75.289,75.325,1915,14419.7308
1784314740000,75.33,75.33,75.314,75.314,34,256.0692
1784314800000,75.284,75.328,75.273,75.273,1394,10496.5255
1784314860000,75.268,75.285,75.268,75.275,371,2792.7114
1784314920000,75.273,75.273,75.243,75.243,336,2528.8122
1784314980000,75.244,75.264,75.24,75.264,331,2490.9853
1784315040000,75.277,75.324,75.262,75.262,911,6858.8761
1784315100000,75.204,75.21,75.204,75.21,588,4422.0472
1784315160000,75.256,75.256,75.192,75.195,836,6287.3213
1784315220000,75.197,75.197,75.197,75.197,342,2571.7374
1784315280000,75.215,75.237,75.211,75.211,2019,15188.7508
1784315340000,75.184,75.184,75.131,75.131,373,2803.2353
1784315400000,75.112,75.123,75.11,75.11,705,5295.9859
1784315460000,75.082,75.082,75.052,75.052,162,1216.0613
1784315520000,75.051,75.051,75.01,75.01,3401,25511.1027
1784315580000,75.008,75.029,75.003,75.006,1024,7682.8282
1784315640000,75.019,75.031,75.013,75.031,300,2250.6022
1784315700000,75.006,75.011,74.996,75.011,1042,7815.5018
1784315760000,75.003,75.003,74.98,74.989,1243,9322.0559
1784315820000,74.971,74.971,74.929,74.954,630,4721.1582
1784315880000,74.994,75.004,74.994,75.004,128,960.0012
1784315940000,74.97,75.023,74.97,75.023,586,4395.7701
1784316000000,75.004,75.004,74.921,74.943,690,5171.7338
1784316060000,74.953,74.953,74.922,74.922,2161,16194.1398
1784316120000,74.918,74.918,74.853,74.867,2587,19370.5047
1784316180000,74.875,74.929,74.875,74.918,8391,62843.7781
1784316240000,74.91,74.91,74.87,74.87,78,584.213
1784316300000,74.873,74.885,74.823,74.867,10562,79071.4136
1784316360000,74.881,74.956,74.881,74.956,711,5327.4057
1784316420000,74.963,75.008,74.945,75.003,2195,16455.1965
1784316480000,75.006,75.006,75.006,75.006,160,1200.096
1784316540000,75.012,75.012,75.01,75.01,132,990.1378
1784316600000,75.012,75.085,75.012,75.017,13450,100944.9526
1784316660000,74.983,75.063,74.981,75.063,1077,8080.6557
1784316720000,75.046,75.06,75.039,75.06,923,6927.1901
1784316780000,75.044,75.049,75.04,75.044,87,652.8775
1784316840000,75.081,75.081,75.02,75.02,499,3745.1885
1784316900000,75.022,75.043,75.02,75.039,179,1343.1409
1784316960000,75.04,75.049,75.04,75.049,493,3699.4854
1784317020000,75.079,75.127,75.079,75.127,1407,10567.8635
1784317080000,75.128,75.128,75.107,75.111,1026,7706.5034
1784317140000,75.098,75.106,75.086,75.086,3202,24045.2335
1784317200000,75.051,75.079,75.04,75.079,4437,33302.8048
1784317260000,75.09,75.12,75.084,75.12,135,1013.7212
1784317320000,75.131,75.151,75.115,75.151,1106,8307.9016
1784317380000,75.152,75.152,75.138,75.138,209,1570.5598
1784317500000,75.133,75.182,75.133,75.175,511,3841.2656
1784317560000,75.171,75.184,75.139,75.14,2093,15729.7562
1784317620000,75.142,75.159,75.139,75.139,126,946.8726
1784317680000,75.12,75.12,75.108,75.108,718,5393.5708
1784317740000,75.164,75.164,75.164,75.164,13,97.7132
1784317800000,75.18,75.199,75.142,75.142,14189,106647.1907
1784317860000,75.158,75.171,75.158,75.171,578,4344.3493
1784317920000,75.166,75.166,75.145,75.145,135,1014.6758
1784317980000,75.122,75.122,75.103,75.109,428,3214.5369
1784318040000,75.1,75.1,75.065,75.095,1869,14031.7234
1784318100000,75.118,75.147,75.103,75.119,2276,17097.6893
1784318160000,75.135,75.191,75.135,75.191,2432,18282.494
1784318220000,75.2,75.2,75.158,75.158,102,766.7112
1784318280000,75.168,75.202,75.168,75.202,605,4549.2806
1784318340000,75.201,75.201,75.149,75.149,1300,9772.6479
1784318400000,75.13,75.13,75.022,75.027,6275,47107.0478
1784318460000,75.031,75.031,75.001,75.001,1812,13592.2616
1784318520000,75.001,75.03,75.001,75.001,174,1305.4655
1784318580000,75.011,75.011,74.961,74.965,92,689.7904
1784318640000,74.966,74.966,74.948,74.96,369,2765.6396
1784318700000,74.969,74.981,74.942,74.947,2115,15854.7474
1784318760000,74.955,74.955,74.919,74.919,4090,30650.3262
1784336700000,75.085,75.085,75.05,75.05,341,2559.6814
1784336760000,75.046,75.046,75.025,75.025,2177,16335.2282
1784336820000,75.031,75.031,75.031,75.031,201,1508.1231
1784336880000,75.035,75.035,75.035,75.035,447,3354.0645
1784336940000,75.048,75.053,75.048,75.053,63,472.8158
1784337000000,75.069,75.069,75.058,75.058,335,2514.4573
1784337120000,75.021,75.021,75.021,75.021,1,7.5021
1784337180000,75.028,75.028,75.028,75.028,1,7.5028
1784337240000,75.031,75.031,75.031,75.031,1,7.5031
1784337300000,75.034,75.034,75.034,75.034,10,75.034
1784337360000,75.047,75.047,75.047,75.047,208,1560.9776
1784337480000,75.022,75.022,75.021,75.021,19,142.5417
1784337540000,75.022,75.025,75.022,75.025,32,240.0718
1784337720000,75.042,75.069,75.042,75.069,950,7130.8486
1784337780000,75.081,75.081,75.081,75.081,25,187.7025
1784337840000,75.096,75.096,75.096,75.096,16,120.1536
1784337900000,75.107,75.108,75.104,75.108,262,1967.7594
1784337960000,75.104,75.105,75.104,75.105,9,67.5937
1784338020000,75.125,75.125,75.125,75.125,8,60.1
1784338080000,75.149,75.166,75.149,75.166,455,3419.8031
1784338140000,75.168,75.171,75.168,75.17,9097,68381.9857
1784338200000,75.153,75.153,75.118,75.118,1905,14311.0885
1784338260000,75.125,75.125,75.125,75.125,187,1404.8375
1784338320000,75.094,75.095,75.093,75.093,594,4460.6104
1784338380000,75.076,75.076,75.069,75.073,166,1246.2443
1784338500000,75.054,75.054,75.054,75.054,38,285.2052
1784338560000,75.067,75.103,75.067,75.103,1931,14500.2202
1784338620000,75.099,75.116,75.099,75.116,413,3101.7043
1784338680000,75.107,75.107,75.107,75.107,1,7.5107
1784338740000,75.11,75.11,75.11,75.11,79,593.369
1784338800000,75.129,75.129,75.098,75.109,281,2110.6319
1784338920000,75.094,75.094,75.094,75.094,1,7.5094
1784338980000,75.104,75.104,75.104,75.104,72,540.7488
1784339040000,75.113,75.114,75.113,75.114,883,6632.5192
1784339160000,75.118,75.136,75.118,75.136,24,180.3228
1784339220000,75.156,75.166,75.156,75.166,2799,21037.8646
1784339280000,75.171,75.171,75.159,75.159,175,1315.2981
1784339340000,75.164,75.164,75.152,75.152,549,4126.1118
1784339400000,75.146,75.146,75.136,75.136,348,2614.9268
1784339460000,75.132,75.145,75.132,75.145,28,210.4047
1784339580000,75.177,75.177,75.177,75.177,123,924.6771
1784339640000,75.178,75.185,75.176,75.185,772,5803.9643
1784339700000,75.19,75.19,75.186,75.186,331,2488.6878
1784339760000,75.184,75.186,75.184,75.186,2322,17457.7301
1784339820000,75.186,75.186,75.186,75.186,7,52.6302
1784339880000,75.197,75.197,75.197,75.197,1,7.5197
1784339940000,75.186,75.186,75.186,75.186,1289,9691.4754
1784340000000,75.187,75.23,75.187,75.23,1299,9768.9337
1784340060000,75.232,75.232,75.226,75.226,132,993.0232
1784340120000,75.214,75.221,75.2,75.221,1612,12123.774
1784340180000,75.186,75.197,75.186,75.197,128,962.4336
1784340240000,75.186,75.186,75.163,75.163,2887,21706.1936
1784340300000,75.153,75.156,75.115,75.115,552,4147.4008
1784340360000,75.137,75.137,75.127,75.127,247,1855.8235
1784340420000,75.122,75.122,75.122,75.122,33,247.9026
1784340480000,75.138,75.138,75.133,75.133,557,4184.9683
1784340540000,75.148,75.162,75.148,75.162,38,285.5652
1784340600000,75.184,75.184,75.152,75.152,124,931.9018
1784340660000,75.171,75.171,75.171,75.171,90,676.539
1784340720000,75.208,75.208,75.183,75.183,445,3346.6735
1784340780000,75.184,75.184,75.167,75.181,2862,21514.8571
1784340840000,75.208,75.224,75.208,75.224,49,368.5208
1784340900000,75.232,75.256,75.232,75.256,891,6703.6632
1784340960000,75.282,75.295,75.282,75.295,1059,7973.5318
1784341020000,75.297,75.297,75.272,75.272,346,2604.9726
1784341080000,75.279,75.296,75.258,75.258,193,1452.9724
1784341140000,75.261,75.261,75.26,75.26,323,2430.928
1784341200000,75.272,75.289,75.272,75.289,126,948.5399
1784341320000,75.298,75.298,75.298,75.298,31,233.4238
1784341380000,75.306,75.306,75.306,75.306,6,45.1836
1784341440000,75.293,75.303,75.287,75.293,411,3094.4829
1784341560000,75.315,75.315,75.307,75.307,529,3984.1491
1784341620000,75.303,75.31,75.297,75.297,140,1054.2958
1784341680000,75.296,75.296,75.296,75.296,1,7.5296
1784341800000,75.289,75.314,75.289,75.312,87,655.0946
1784341860000,75.304,75.334,75.304,75.334,411,3095.2514
1784341920000,75.334,75.335,75.334,75.335,144,1084.8112
1784341980000,75.34,75.383,75.34,75.383,772,5818.7718
1784342040000,75.387,75.387,75.351,75.351,768,5787.3614
1784342100000,75.362,75.383,75.358,75.383,4768,35936.234
1784342160000,75.376,75.4,75.355,75.355,806,6075.3967
1784342220000,75.355,75.355,75.313,75.313,1523,11471.4934
1784342280000,75.33,75.335,75.325,75.335,235,1770.2415
1784342340000,75.329,75.342,75.329,75.342,1461,11006.752
1784342400000,75.356,75.356,75.303,75.303,1039,7824.0153
1784342460000,75.301,75.301,75.301,75.301,25,188.2525
1784342520000,75.282,75.284,75.277,75.281,1335,10050.1601
1784342640000,75.265,75.265,75.265,75.265,79,594.5935
1784342700000,75.263,75.269,75.263,75.269,230,1731.0715
1784342760000,75.27,75.28,75.267,75.267,1081,8136.8754
1784342880000,75.266,75.266,75.253,75.254,2404,18091.8803
1784342940000,75.244,75.244,75.222,75.222,1924,14474.9504
1784343000000,75.201,75.201,75.187,75.187,1613,12128.8664
1784343060000,75.185,75.195,75.185,75.195,56,421.086
1784343120000,75.19,75.196,75.185,75.196,250,1879.6978
1784343240000,75.192,75.207,75.192,75.207,468,3519.1669
1784343300000,75.213,75.213,75.21,75.21,50,376.0578
1784343360000,75.213,75.218,75.195,75.195,2484,18682.5493
1784343540000,75.184,75.184,75.164,75.164,169,1270.3622
1784343600000,75.182,75.182,75.182,75.182,24,180.4368
1784343660000,75.189,75.189,75.178,75.179,223,1676.5565
1784343720000,75.195,75.195,75.195,75.195,654,4917.753
1784343900000,75.2,75.2,75.2,75.2,2,15.04
1784343960000,75.201,75.201,75.201,75.201,111,834.7311
1784344020000,75.213,75.222,75.213,75.222,305,2294.2566
1784344080000,75.228,75.248,75.228,75.237,597,4491.6812
1784344140000,75.249,75.249,75.239,75.239,247,1858.4053
1784344200000,75.253,75.271,75.253,75.263,1603,12065.1266
1784344260000,75.254,75.254,75.206,75.206,276,2076.7638
1784344320000,75.178,75.196,75.178,75.185,329,2473.6829
1784344380000,75.181,75.2,75.181,75.194,261,1962.5015
1784344440000,75.187,75.187,75.187,75.187,50,375.935
1784344500000,75.2,75.2,75.2,75.2,247,1857.44
1784344680000,75.224,75.224,75.224,75.224,12,90.2688
1784344740000,75.224,75.234,75.224,75.226,90,677.0606
1784344800000,75.208,75.215,75.207,75.215,757,5693.559
1784344860000,75.218,75.218,75.208,75.208,1224,9206.1766
1784344920000,75.211,75.213,75.207,75.207,109,819.7875
1784344980000,75.176,75.184,75.176,75.184,15,112.766
1784345100000,75.176,75.176,75.176,75.176,1,7.5176
1784345160000,75.167,75.167,75.167,75.167,1,7.5167
1784345220000,75.146,75.146,75.146,75.146,1,7.5146
1784345280000,75.134,75.142,75.134,75.142,91,683.7342
1784345340000,75.133,75.133,75.129,75.129,133,999.2407
1784345400000,75.119,75.132,75.119,75.124,513,3853.6955
1784345460000,75.124,75.163,75.124,75.163,613,4605.6388
1784345520000,75.149,75.149,75.149,75.149,33,247.9917
1784345580000,75.156,75.156,75.156,75.156,100,751.56
1784345760000,75.156,75.172,75.156,75.172,561,4217.1172
1784345820000,75.156,75.156,75.156,75.156,27,202.9212
1784345880000,75.161,75.174,75.161,75.174,87,653.928
1784345940000,75.18,75.18,75.166,75.177,799,6005.8439
1784346060000,75.174,75.235,75.174,75.216,645,4850.7494
1784346120000,75.217,75.245,75.217,75.245,968,7282.2215
1784346180000,75.243,75.243,75.234,75.234,268,2016.4919
1784346240000,75.191,75.203,75.191,75.203,581,4368.7726
1784346300000,75.199,75.199,75.199,75.199,471,3541.8729
1784346360000,75.2,75.2,75.2,75.2,164,1233.28
1784346480000,75.192,75.195,75.185,75.195,1225,9210.5628
1784346540000,75.196,75.203,75.196,75.203,331,2489.0681
1784346600000,75.219,75.219,75.201,75.206,342,2572.2177
1784346660000,75.205,75.205,75.205,75.205,20,150.41
1784346720000,75.206,75.206,75.206,75.206,40,300.824
1784346840000,75.217,75.218,75.217,75.218,199,1496.8375
1784346900000,75.225,75.234,75.225,75.234,104,782.39
1784346960000,75.243,75.309,75.243,75.305,702,5284.3253
1784347020000,75.302,75.321,75.302,75.321,428,3222.9985
1784347080000,75.323,75.323,75.322,75.322,1119,8428.6017
1784347140000,75.329,75.334,75.329,75.331,623,4693.1059
1784347200000,75.322,75.322,75.302,75.308,1208,9097.741
1784347260000,75.287,75.302,75.267,75.293,1693,12744.893
1784347320000,75.301,75.301,75.301,75.301,39,293.6739
1784347440000,75.3,75.3,75.3,75.3,73,549.69
1784347500000,75.29,75.29,75.262,75.262,310,2333.962
1784347560000,75.27,75.27,75.27,75.27,10,75.27
1784347680000,75.273,75.273,75.273,75.273,813,6119.6949
1784347740000,75.255,75.255,75.248,75.248,541,4071.25
1784347800000,75.247,75.247,75.247,75.247,845,6358.3715
1784347920000,75.241,75.241,75.238,75.238,30,225.7152
1784347980000,75.235,75.235,75.222,75.222,466,3505.5437
1784348100000,75.217,75.217,75.205,75.205,74,556.5662
1784348160000,75.198,75.211,75.198,75.211,482,3624.9829
1784348220000,75.21,75.21,75.179,75.179,162,1218.3408
1784348280000,75.162,75.162,75.162,75.162,190,1428.078
1784348340000,75.162,75.183,75.143,75.183,4548,34178.8405
1784348400000,75.192,75.192,75.163,75.163,264,1984.3177
1784348520000,75.155,75.155,75.145,75.145,61,458.4125
1784348580000,75.142,75.144,75.137,75.144,226,1698.1794
1784348640000,75.141,75.141,75.136,75.136,319,2396.8484
1784348700000,75.149,75.166,75.149,75.153,512,3847.9889
1784348760000,75.156,75.156,75.14,75.153,490,3682.508
1784348820000,75.153,75.164,75.153,75.164,420,3156.466
1784348880000,75.164,75.187,75.16,75.187,407,3059.869
1784348940000,75.196,75.202,75.193,75.193,229,1722.0077
1784349000000,75.192,75.193,75.186,75.193,461,3466.2055
1784349060000,75.196,75.196,75.169,75.169,559,4202.939
1784349120000,75.133,75.133,75.111,75.111,169,1269.5778
1784349180000,75.142,75.158,75.142,75.15,514,3862.7141
1784349240000,75.132,75.132,75.132,75.132,56,420.7392
1784349300000,75.132,75.136,75.088,75.098,6544,49151.9954
1784349360000,75.099,75.099,75.082,75.082,864,6487.7719
1784349420000,75.068,75.083,75.062,75.062,359,2695.0698
1784349480000,75.064,75.07,75.052,75.06,373,2799.7518
1784349540000,75.06,75.06,75.051,75.06,61,457.8549
1784349600000,75.06,75.06,75.058,75.06,47,352.7772
1784349660000,75.055,75.055,75.046,75.052,68,510.3539
1784349720000,75.052,75.063,75.052,75.063,532,3992.7785
1784349780000,75.062,75.062,75.026,75.026,834,6258.4301
1784349840000,75.026,75.056,75.017,75.056,493,3698.6885
1784349900000,75.059,75.063,75.056,75.063,50,375.2994
1784349960000,75.063,75.063,75.063,75.063,78,585.4914
1784350020000,75.063,75.063,75.054,75.062,87,653.017
1784350080000,75.061,75.075,75.058,75.063,475,3565.279
1784350140000,75.062,75.064,75.06,75.064,305,2289.4086
1784350200000,75.067,75.067,75.067,75.067,80,600.536
1784350260000,75.067,75.067,75.067,75.067,265,1989.2755
1784350320000,75.065,75.065,75.065,75.065,9,67.5585
1784350380000,75.081,75.081,75.081,75.081,27,202.7187
1784350440000,75.091,75.114,75.091,75.092,416,3124.157
1784350500000,75.092,75.092,75.092,75.092,7,52.5644
1784366700000,74.729,74.729,74.729,74.729,253,1890.6437
1784366760000,74.724,74.724,74.714,74.714,96,717.3374
1784366820000,74.689,74.689,74.628,74.66,5249,39194.7116
1784366880000,74.661,74.688,74.661,74.688,912,6809.9629
1784366940000,74.699,74.699,74.678,74.678,1360,10157.172
1784367000000,74.651,74.665,74.613,74.636,1347,10053.6678
1784367060000,74.644,74.66,74.644,74.647,461,3441.4324
1784367120000,74.665,74.665,74.662,74.662,87,649.5696
1784367180000,74.666,74.666,74.665,74.665,54,403.1951
1784367240000,74.665,74.672,74.665,74.672,461,3442.3687
1784367300000,74.678,74.701,74.676,74.676,357,2666.0301
1784367360000,74.691,74.691,74.691,74.691,247,1844.8677
1784367420000,74.691,74.691,74.687,74.687,188,1404.1436
1784367480000,74.696,74.713,74.696,74.709,1359,10151.8017
1784367540000,74.707,74.707,74.707,74.707,147,1098.1929
1784367600000,74.705,74.705,74.705,74.705,41,306.2905
1784367660000,74.715,74.734,74.715,74.723,126,941.5296
1784367720000,74.72,74.72,74.72,74.72,2,14.944
1784367780000,74.711,74.711,74.702,74.702,211,1576.2302
1784367900000,74.709,74.709,74.709,74.709,73,545.3757
1784367960000,74.719,74.719,74.719,74.719,167,1247.8073
1784368020000,74.729,74.729,74.729,74.729,167,1247.9743
1784368080000,74.73,74.739,74.73,74.739,418,3124.0058
1784368140000,74.732,74.732,74.729,74.729,361,2697.7403
1784368200000,74.718,74.733,74.718,74.733,213,1591.641
1784368260000,74.739,74.754,74.739,74.754,155,1158.6087
1784368320000,74.762,74.766,74.762,74.763,2007,15005.3504
1784368380000,74.767,74.789,74.767,74.774,1231,9206.2269
1784368440000,74.754,74.774,74.754,74.774,183,1368.1648
1784368500000,74.776,74.776,74.776,74.776,98,732.8048
1784368560000,74.781,74.8,74.781,74.799,162,1211.5892
1784368620000,74.799,74.804,74.781,74.804,1901,14218.3976
1784368680000,74.803,74.804,74.801,74.801,256,1914.9649
1784368740000,74.802,74.802,74.802,74.802,108,807.8616
1784368800000,74.801,74.814,74.801,74.814,216,1615.7952
1784368860000,74.813,74.813,74.813,74.813,95,710.7235
1784368920000,74.81,74.813,74.81,74.813,145,1084.7591
1784368980000,74.808,74.815,74.808,74.815,267,1997.5248
1784369040000,74.823,74.826,74.8,74.8,3346,25029.9601
1784369100000,74.802,74.824,74.802,74.824,161,1204.5022
1784369160000,74.832,74.836,74.832,74.836,68,508.8712
1784369220000,74.836,74.848,74.836,74.843,693,5186.9563
1784369340000,74.849,74.86,74.847,74.847,413,3091.4036
1784369400000,74.835,74.854,74.835,74.846,455,3405.4134
1784369460000,74.836,74.836,74.835,74.835,2,14.9671
1784369520000,74.835,74.835,74.809,74.809,349,2611.6103
1784369580000,74.801,74.801,74.801,74.801,22,164.5622
1784369640000,74.792,74.81,74.792,74.8,751,5617.7596
1784369700000,74.799,74.819,74.799,74.817,484,3620.6264
1784369760000,74.813,74.813,74.813,74.813,247,1847.8811
1784369820000,74.787,74.787,74.764,74.767,624,4665.585
1784369880000,74.779,74.792,74.779,74.792,306,2288.5527
1784369940000,74.792,74.792,74.768,74.774,248,1854.5324
1784370000000,74.775,74.775,74.764,74.764,221,1652.4912
1784370060000,74.759,74.759,74.759,74.759,3,22.4277
1784370120000,74.772,74.79,74.772,74.79,251,1876.8486
1784370180000,74.79,74.79,74.79,74.79,24,179.496
1784370240000,74.796,74.796,74.796,74.796,31,231.8676
1784370300000,74.8,74.82,74.8,74.82,789,5902.3184
1784370360000,74.812,74.833,74.812,74.833,70,523.8245
1784370420000,74.839,74.839,74.839,74.839,67,501.4213
1784370480000,74.854,74.86,74.852,74.852,347,2597.5416
1784370540000,74.854,74.88,74.854,74.88,550,4117.9284
1784370600000,74.88,74.904,74.88,74.899,271,2029.745
1784370660000,74.876,74.876,74.871,74.871,72,539.0907
1784370720000,74.879,74.882,74.879,74.882,687,5144.2785
1784370780000,74.883,74.894,74.883,74.894,150,1123.2672
1784370840000,74.895,74.903,74.895,74.903,92,689.0836
1784370900000,74.903,74.903,74.901,74.903,1065,7977.1472
1784370960000,74.899,74.899,74.868,74.875,526,3939.5394
1784371020000,74.868,74.868,74.846,74.846,302,2261.0044
1784371080000,74.835,74.835,74.835,74.835,34,254.439
1784371140000,74.844,74.844,74.844,74.844,50,374.22
1784371200000,74.842,74.842,74.839,74.839,16,119.746
1784371260000,74.817,74.828,74.814,74.828,164,1227.0524
1784371320000,74.81,74.811,74.81,74.811,49,366.57
1784371380000,74.811,74.811,74.811,74.811,211,1578.5121
1784371440000,74.813,74.823,74.813,74.823,62,463.8686
1784371560000,74.827,74.836,74.827,74.836,105,785.7474
1784371620000,74.835,74.838,74.831,74.833,511,3824.0972
1784371680000,74.835,74.837,74.835,74.837,1481,11083.1045
1784371740000,74.836,74.84,74.836,74.84,1187,8883.5076
1784371800000,74.841,74.844,74.841,74.844,103,770.877
1784371980000,74.841,74.841,74.841,74.841,1,7.4841
1784372100000,74.851,74.854,74.851,74.854,136,1017.9838
1784372160000,74.854,74.854,74.854,74.854,33,247.0182
1784372220000,74.854,74.854,74.854,74.854,21,157.1934
1784372280000,74.856,74.856,74.856,74.856,12,89.8272
1784372340000,74.852,74.852,74.851,74.851,5,37.4259
1784372400000,74.856,74.867,74.856,74.867,180,1347.4858
1784372460000,74.867,74.887,74.867,74.883,195,1460.1263
1784372520000,74.879,74.879,74.879,74.879,89,666.4231
1784372580000,74.877,74.877,74.873,74.873,151,1130.6367
1784372700000,74.887,74.891,74.887,74.891,69,516.7337
1784372760000,74.89,74.901,74.89,74.901,134,1003.5994
1784372820000,74.905,74.908,74.905,74.908,74,554.318
1784372880000,74.909,74.918,74.909,74.918,62,464.461
1784372940000,74.92,74.92,74.897,74.897,196,1468.1135
1784373000000,74.891,74.891,74.89,74.89,238,1782.4057
1784373060000,74.89,74.89,74.88,74.88,236,1767.3494
1784373120000,74.876,74.876,74.868,74.868,391,2927.5826
1784373180000,74.867,74.906,74.867,74.906,314,2351.3899
1784373300000,74.906,74.907,74.906,74.907,258,1932.5782
1784373360000,74.911,74.916,74.911,74.916,247,1850.3347
1784373480000,74.92,74.92,74.92,74.92,582,4360.344
1784373540000,74.92,74.92,74.894,74.894,534,4000.67
1784373600000,74.895,74.903,74.895,74.903,489,3662.6447
1784373660000,74.904,74.922,74.904,74.922,633,4742.2313
1784373720000,74.921,74.922,74.914,74.922,962,7207.1742
1784373780000,74.933,74.938,74.933,74.938,290,2173.1506
1784373840000,74.945,74.961,74.945,74.961,226,1693.9832
1784373900000,74.963,74.967,74.963,74.964,1075,8058.6593
1784373960000,74.97,74.97,74.967,74.967,104,779.6877
1784374020000,74.968,74.972,74.968,74.972,148,1109.5707
1784374140000,74.97,74.97,74.97,74.97,37,277.389
1784374200000,74.972,74.972,74.97,74.97,166,1244.504
1784374260000,74.966,74.969,74.953,74.953,166,1244.3656
1784374320000,74.932,74.932,74.926,74.926,16,119.8884
1784374380000,74.926,74.926,74.922,74.922,94,704.2972
1784374500000,74.923,74.923,74.906,74.91,699,5236.5838
1784374560000,74.913,74.918,74.913,74.918,54,404.5402
1784374620000,74.921,74.944,74.913,74.916,3615,27082.4236
1784374680000,74.917,74.917,74.903,74.903,190,1423.3768
1784374740000,74.903,74.903,74.903,74.903,10,74.903
1784374800000,74.893,74.903,74.893,74.896,424,3175.7643
1784374860000,74.886,74.886,74.859,74.877,1793,13423.3832
1784374920000,74.882,74.882,74.882,74.882,3,22.4646
1784374980000,74.895,74.897,74.894,74.894,322,2411.6279
1784375100000,74.898,74.898,74.874,74.874,99,741.3485
1784375160000,74.901,74.912,74.901,74.912,288,2157.3667
1784375220000,74.919,74.95,74.919,74.927,50283,376815.2547
1784375280000,74.927,74.96,74.927,74.941,50081,375381.7201
1784375340000,74.942,74.946,74.939,74.939,181,1356.4397
1784375400000,74.947,74.947,74.947,74.947,525,3934.7175
1784375460000,74.946,74.946,74.917,74.917,307,2300.2694
1784375520000,74.919,74.929,74.919,74.929,444,3326.8112
1784375580000,74.942,74.942,74.942,74.942,1,7.4942
1784375640000,74.943,74.943,74.942,74.943,25,187.3566
1784375700000,74.938,74.938,74.938,74.938,181,1356.3778
1784375760000,74.938,74.938,74.938,74.938,53,397.1714
1784375820000,74.942,74.946,74.942,74.946,280,2098.3984
1784375880000,74.949,74.975,74.924,74.925,1884,14122.3144
1784375940000,74.925,74.94,74.922,74.927,8999,67433.4997
1784376000000,74.927,75.001,74.924,75.0,50285,377120.1843
1784376060000,75.0,75.017,74.977,75.017,6365,47736.0975
1784376120000,75.019,75.05,75.009,75.038,155707,1168503.2865
1784376180000,75.041,75.043,75.03,75.032,4050,30389.9341
1784376240000,75.033,75.042,75.033,75.042,1251,9387.3121
1784376300000,75.047,75.093,75.047,75.093,10768,80841.9614
1784376360000,75.102,75.154,75.102,75.11,7224,54269.5453
1784376420000,75.104,75.104,75.047,75.049,903,6778.3998
1784376480000,75.048,75.051,75.046,75.046,196,1470.9684
1784376540000,75.045,75.045,75.016,75.016,1164,8733.2004
1784376600000,75.009,75.019,75.001,75.005,1840,13800.7759
1784376660000,75.0,75.0,74.988,74.988,391,2932.3252
1784376720000,74.992,74.992,74.992,74.992,360,2699.712
1784376780000,74.99,74.99,74.988,74.988,1167,8751.1016
1784376840000,74.982,74.982,74.976,74.982,1385,10384.2378
1784376900000,74.983,74.99,74.982,74.982,861,6455.991
1784376960000,74.976,74.976,74.976,74.976,228,1709.4528
1784377020000,74.979,74.979,74.825,74.856,1022,7649.161
1784377080000,74.839,74.848,74.822,74.848,488,3651.4633
1784377140000,74.845,74.856,74.843,74.856,4467,33433.5689
1784377200000,74.871,74.871,74.855,74.855,1558,11663.2321
1784377260000,74.847,74.847,74.847,74.847,7,52.3929
1784377320000,74.843,74.843,74.73,74.73,5768,43113.5487
1784377380000,74.724,74.736,74.695,74.736,4684,34998.273
1784377440000,74.736,74.747,74.736,74.747,1273,9514.7602
1784377500000,74.761,74.789,74.754,74.781,721,5390.7889
1784377560000,74.777,74.777,74.714,74.714,917,6854.2717
1784377620000,74.715,74.732,74.715,74.732,760,5678.5444
1784377680000,74.733,74.762,74.733,74.762,1542,11525.8705
1784377740000,74.762,74.762,74.721,74.721,793,5926.3572
1784377800000,74.706,74.746,74.706,74.746,1850,13826.7588
1784377860000,74.754,74.754,74.731,74.737,784,5859.4588
1784377920000,74.728,74.728,74.69,74.696,2915,21773.8517
1784377980000,74.707,74.8,74.69,74.798,12570,93913.0325
1784378040000,74.807,74.849,74.796,74.847,4430,33150.6388
1784378100000,74.85,74.857,74.85,74.857,1065,7971.6432
1784378160000,74.864,74.891,74.828,74.842,51461,385317.7757
1784378220000,74.843,74.896,74.843,74.896,1352,10121.5428
1784378280000,74.895,74.905,74.887,74.887,1072,8028.8379
1784378340000,74.884,74.929,74.884,74.929,169,1265.8004
1784378400000,74.913,74.913,74.903,74.908,425,3183.3955
1784378460000,74.898,74.924,74.894,74.917,536,4015.6163
1784378520000,74.918,74.918,74.909,74.909,401,3004.0221
1784378580000,74.909,74.927,74.909,74.927,673,5041.7174
1784378640000,74.931,74.931,74.926,74.926,179,1341.2554
1784378700000,74.929,74.98,74.929,74.98,1005,7531.8897
1784378760000,74.973,75.03,74.973,75.029,971,7280.8266
1784378820000,75.018,75.056,75.018,75.04,1566,11751.5577
1784378880000,75.015,75.015,74.981,74.996,1023,7671.1767
1784378940000,74.997,74.997,74.984,74.984,393,2947.2182
1784379000000,74.985,75.007,74.979,75.007,869,6517.2359
1784379060000,75.007,75.01,74.984,74.984,830,6224.6096
1784379120000,74.984,74.989,74.97,74.987,231,1732.207
1784379180000,74.989,74.989,74.989,74.989,194,1454.7866
1784379240000,74.983,74.992,74.983,74.992,2041,15304.8338
1784379300000,74.989,74.989,74.989,74.989,160,1199.824
1784379360000,74.983,75.008,74.983,75.008,91,682.4737
1784396700000,75.277,75.299,75.266,75.299,1246,9380.2731
1784396760000,75.294,75.304,75.29,75.304,563,4239.3869
1784396820000,75.296,75.355,75.295,75.314,7943,59832.4368
1784396880000,75.313,75.363,75.289,75.289,1069,8053.5049
1784396940000,75.287,75.31,75.275,75.275,2009,15125.4761
1784397000000,75.288,75.293,75.271,75.271,794,5977.6594
1784397060000,75.233,75.297,75.233,75.297,1287,9688.3038
1784397120000,75.307,75.308,75.29,75.304,1150,8660.2898
1784397180000,75.307,75.328,75.283,75.29,3744,28187.8879
1784397240000,75.284,75.289,75.278,75.286,176,1324.9702
1784397300000,75.282,75.298,75.276,75.294,223,1678.8987
1784397360000,75.296,75.306,75.25,75.283,1374,10345.3686
1784397420000,75.284,75.313,75.279,75.304,340,2560.4189
1784397480000,75.307,75.317,75.307,75.313,112,843.4508
1784397540000,75.314,75.326,75.309,75.317,1331,10025.1082
1784397600000,75.323,75.33,75.311,75.311,674,5076.1884
1784397660000,75.285,75.325,75.285,75.312,763,5746.1495
1784397720000,75.313,75.338,75.291,75.315,35726,269041.7916
1784397780000,75.309,75.349,75.294,75.333,32612,245624.7576
1784397840000,75.333,75.547,75.302,75.512,49778,375422.2953
1784397900000,75.501,75.501,75.336,75.342,5224,39396.1852
1784397960000,75.353,75.358,75.312,75.314,328,2470.7969
1784398020000,75.337,75.337,75.311,75.311,911,6862.1305
1784398080000,75.312,75.312,75.301,75.308,439,3305.8504
1784398140000,75.32,75.32,75.289,75.303,1064,8011.6916
1784398200000,75.311,75.311,75.288,75.295,1813,13652.1337
1784398260000,75.306,75.306,75.254,75.261,1160,8730.2413
1784398320000,75.262,75.262,75.246,75.257,609,4583.047
1784398380000,75.252,75.258,75.252,75.258,865,6509.6806
1784398440000,75.266,75.269,75.258,75.269,685,5155.6736
1784398500000,75.271,75.281,75.263,75.281,2762,20789.3092
1784398560000,75.262,75.262,75.262,75.262,1,7.5262
1784398620000,75.266,75.266,75.266,75.266,18,135.4788
1784398680000,75.26,75.262,75.258,75.262,236,1776.1392
1784398740000,75.258,75.315,75.254,75.296,1116,8401.4985
1784398800000,75.289,75.3,75.286,75.3,898,6760.803
1784398860000,75.321,75.352,75.233,75.25,3146,23697.0658
1784398920000,75.258,75.259,75.251,75.251,88,662.2287
1784398980000,75.264,75.313,75.25,75.299,1412,10628.1168
1784399040000,75.306,75.439,75.306,75.421,4468,33676.5776
1784399100000,75.428,75.6,75.413,75.413,38120,287868.3005
1784399160000,75.414,75.437,75.409,75.426,2452,18493.3624
1784399220000,75.44,75.495,75.416,75.416,2028,15301.8308
1784399280000,75.412,75.418,75.392,75.415,978,7374.3626
1784399340000,75.403,75.428,75.398,75.411,512,3861.1224
1784399400000,75.432,75.435,75.382,75.382,710,5353.6789
1784399460000,75.381,75.381,75.321,75.321,668,5032.2483
1784399520000,75.314,75.314,75.265,75.28,463,3485.4024
1784399580000,75.27,75.276,75.27,75.272,720,5419.7263
1784399640000,75.268,75.268,75.245,75.26,1630,12266.0611
1784399700000,75.267,75.275,75.258,75.258,2867,21577.102
1784399760000,75.266,75.27,75.262,75.262,442,3326.8936
1784399820000,75.266,75.266,75.261,75.261,1055,7940.3175
1784399880000,75.263,75.263,75.262,75.262,389,2927.7143
1784399940000,75.261,75.278,75.229,75.229,9310,70065.363
1784400000000,75.23,75.252,75.23,75.241,897,6749.3188
1784400060000,75.238,75.238,75.217,75.217,812,6108.1055
1784400120000,75.2,75.21,75.186,75.186,1921,14444.6029
1784400180000,75.187,75.192,75.16,75.163,21538,161911.2822
1784400240000,75.163,75.167,75.159,75.159,1385,10410.3439
1784400300000,75.155,75.2,75.155,75.2,208,1563.8272
1784400360000,75.209,75.251,75.199,75.199,848,6378.4378
1784400420000,75.199,75.213,75.191,75.213,511,3842.3607
1784400480000,75.213,75.213,75.172,75.172,1015,7631.2577
1784400540000,75.187,75.195,75.177,75.194,1054,7924.3451
1784400600000,75.193,75.25,75.193,75.25,1294,9730.876
1784400660000,75.255,75.255,75.233,75.233,100,752.3592
1784400720000,75.23,75.23,75.209,75.209,264,1985.9062
1784400780000,75.207,75.207,75.207,75.207,1,7.5207
1784400900000,75.192,75.198,75.187,75.198,951,7150.6083
1784400960000,75.195,75.195,75.168,75.182,1084,8149.4662
1784401020000,75.184,75.225,75.184,75.225,913,6866.0229
1784401080000,75.259,75.272,75.239,75.253,12857,96750.1009
1784401140000,75.247,75.247,75.245,75.245,190,1429.6928
1784401200000,75.272,75.297,75.272,75.274,715,5382.5546
1784401260000,75.254,75.254,75.214,75.225,847,6372.0364
1784401320000,75.244,75.246,75.244,75.246,53,398.7974
1784401380000,75.237,75.237,75.233,75.233,648,4875.2436
1784401440000,75.246,75.246,75.24,75.24,151,1136.1936
1784401500000,75.231,75.24,75.231,75.24,126,947.9187
1784401560000,75.257,75.267,75.243,75.243,1057,7954.3383
1784401620000,75.257,75.284,75.257,75.266,181,1362.4666
1784401680000,75.279,75.279,75.261,75.261,663,4990.5465
1784401740000,75.254,75.254,75.249,75.249,184,1384.6225
1784401800000,75.227,75.227,75.2,75.2,488,3670.4172
1784401860000,75.192,75.225,75.192,75.206,695,5226.5788
1784401920000,75.205,75.205,75.2,75.2,215,1616.8272
1784401980000,75.201,75.209,75.201,75.209,1546,11627.091
1784402040000,75.21,75.228,75.21,75.228,552,4152.0787
1784402100000,75.235,75.373,75.235,75.373,1474,11097.0628
1784402160000,75.373,75.42,75.351,75.367,6235,47008.0222
1784402220000,75.368,75.404,75.368,75.388,2029,15297.2476
1784402280000,75.392,75.405,75.347,75.347,691,5208.7375
1784402340000,75.329,75.347,75.312,75.338,512,3856.1031
1784402400000,75.337,75.337,75.32,75.32,1415,10659.2142
1784402460000,75.324,75.333,75.324,75.333,78,587.5591
1784402520000,75.346,75.346,75.318,75.318,133,1002.0248
1784402580000,75.302,75.302,75.294,75.294,68,512.0013
1784402640000,75.282,75.282,75.222,75.229,100,752.4276
1784402700000,75.234,75.243,75.234,75.238,83,624.4734
1784402760000,75.241,75.251,75.241,75.251,524,3943.0958
1784402820000,75.245,75.245,75.208,75.216,823,6190.5352
1784402940000,75.212,75.219,75.212,75.219,65,488.9011
1784403000000,75.236,75.236,75.208,75.231,818,6153.359
1784403060000,75.237,75.251,75.237,75.251,63,474.0407
1784403120000,75.257,75.257,75.249,75.249,42,316.0466
1784403180000,75.25,75.25,75.25,75.25,132,993.3
1784403240000,75.225,75.248,75.224,75.246,592,4453.4207
1784403300000,75.282,75.301,75.282,75.297,36,271.0651
1784403360000,75.288,75.288,75.288,75.288,312,2348.9856
1784403420000,75.297,75.297,75.297,75.297,25,188.2425
1784403480000,75.301,75.305,75.299,75.299,183,1378.0239
1784403540000,75.287,75.297,75.285,75.285,275,2070.6647
1784403600000,75.275,75.275,75.253,75.255,876,6592.3101
1784403660000,75.259,75.28,75.259,75.28,140,1053.8186
1784403720000,75.285,75.297,75.285,75.292,175,1317.5484
1784403780000,75.293,75.307,75.293,75.307,98,737.8999
1784403840000,75.315,75.323,75.315,75.323,125,941.4537
1784403900000,75.325,75.343,75.325,75.34,520,3917.601
1784403960000,75.344,75.352,75.344,75.352,100,753.4774
1784404020000,75.33,75.337,75.328,75.337,69,519.807
1784404080000,75.347,75.365,75.347,75.361,305,2298.5226
1784404140000,75.362,75.362,75.36,75.36,25,188.4008
1784404200000,75.305,75.33,75.305,75.33,120,903.7523
1784404260000,75.33,75.334,75.33,75.334,61,459.537
1784404320000,75.335,75.351,75.329,75.329,168,1265.6658
1784404380000,75.341,75.377,75.338,75.339,726,5471.5147
1784404440000,75.339,75.349,75.339,75.349,36,271.2544
1784404500000,75.37,75.378,75.362,75.378,29,218.5522
1784404560000,75.378,75.382,75.378,75.38,80,603.0361
1784404620000,75.388,75.393,75.388,75.393,360,2713.9833
1784404680000,75.395,75.397,75.394,75.397,517,3897.9128
1784404740000,75.396,75.399,75.394,75.399,4315,32533.026
1784404800000,75.417,75.429,75.357,75.357,545,4108.8391
1784404860000,75.353,75.36,75.333,75.354,14214,107088.9445
1784404920000,75.363,75.393,75.36,75.392,19814,149352.0335
1784404980000,75.392,75.407,75.376,75.407,28599,215620.0404
1784405040000,75.406,75.413,75.383,75.404,7540,56846.5999
1784405100000,75.403,75.414,75.395,75.396,2188,16498.5939
1784405160000,75.399,75.413,75.364,75.373,7363,55506.6798
1784405220000,75.393,75.393,75.351,75.357,815,6141.9869
1784405280000,75.361,75.392,75.361,75.379,2552,19237.169
1784405340000,75.379,75.405,75.379,75.386,979,7381.2334
1784405400000,75.406,75.415,75.398,75.415,486,3664.6153
1784405460000,75.417,75.44,75.417,75.44,210,1584.0443
1784405520000,75.446,75.45,75.446,75.45,43,324.4254
1784405580000,75.45,75.451,75.444,75.45,4010,30254.8839
1784405640000,75.454,75.456,75.452,75.455,4212,31781.6158
1784405700000,75.456,75.456,75.45,75.45,366,2761.6563
1784405760000,75.457,75.461,75.431,75.436,2913,21980.2819
1784405820000,75.436,75.451,75.43,75.451,888,6698.4272
1784405880000,75.454,75.474,75.451,75.473,1271,9591.2353
1784405940000,75.471,75.484,75.468,75.478,223,1683.0663
1784406000000,75.485,75.55,75.485,75.524,18915,142883.5384
1784406060000,75.519,75.521,75.502,75.515,1344,10149.7701
1784406120000,75.529,75.55,75.525,75.525,4413,33337.1492
1784406180000,75.52,75.521,75.442,75.442,1919,14487.4337
1784406240000,75.443,75.462,75.434,75.434,1033,7793.1354
1784406300000,75.43,75.454,75.428,75.429,452,3409.6809
1784406360000,75.437,75.437,75.422,75.422,307,2315.4614
1784406420000,75.411,75.411,75.395,75.405,4312,32512.1477
1784406480000,75.4,75.403,75.4,75.403,215,1621.1015
1784406540000,75.404,75.411,75.382,75.382,169,1274.3365
1784406600000,75.382,75.382,75.316,75.326,479,3607.9058
1784406660000,75.332,75.344,75.328,75.34,209,1574.5302
1784406720000,75.344,75.365,75.344,75.365,89,670.5856
1784406780000,75.364,75.364,75.364,75.364,13,97.9732
1784406840000,75.364,75.365,75.364,75.365,25,188.4105
1784406900000,75.369,75.369,75.36,75.36,2191,16511.5151
1784406960000,75.347,75.348,75.326,75.326,293,2207.4864
1784407020000,75.314,75.318,75.314,75.318,86,647.7028
1784407080000,75.311,75.331,75.311,75.328,551,4150.5161
1784407140000,75.311,75.319,75.299,75.319,119,896.2132
1784407200000,75.319,75.322,75.319,75.319,182,1370.8064
1784407260000,75.321,75.322,75.318,75.318,29,218.4321
1784407320000,75.333,75.337,75.333,75.337,328,2471.0412
1784407380000,75.339,75.339,75.332,75.332,63,474.604
1784407440000,75.332,75.336,75.332,75.336,157,1182.7289
1784407500000,75.336,75.345,75.336,75.341,1717,12936.2058
1784407560000,75.334,75.335,75.334,75.335,237,1785.4229
1784407620000,75.332,75.332,75.301,75.301,235,1769.7434
1784407680000,75.302,75.309,75.302,75.302,4208,31688.5866
1784407740000,75.306,75.323,75.306,75.323,198,1491.1639
1784407800000,75.324,75.324,75.324,75.324,4,30.1296
1784407860000,75.326,75.333,75.318,75.333,150,1129.9183
1784407920000,75.326,75.326,75.323,75.323,209,1574.2609
1784407980000,75.326,75.406,75.326,75.406,1054,7942.3158
1784408040000,75.409,75.409,75.402,75.409,74,557.9935
1784408100000,75.41,75.426,75.41,75.413,394,2971.5293
1784408160000,75.402,75.437,75.402,75.431,1910,14406.27
1784408220000,75.427,75.44,75.427,75.435,1651,12454.1004
1784408280000,75.421,75.442,75.421,75.44,1347,10159.9935
1784408340000,75.438,75.438,75.433,75.433,307,2315.9265
1784408400000,75.428,75.438,75.398,75.438,5493,41429.7506
1784408460000,75.436,75.442,75.436,75.442,2173,16393.0868
1784408520000,75.449,75.479,75.449,75.479,689,5200.0052
1784408580000,75.479,75.479,75.46,75.46,637,4807.5853
1784408640000,75.461,75.481,75.461,75.477,1294,9765.7846
1784408700000,75.478,75.499,75.47,75.47,5988,45201.0015
1784408760000,75.468,75.47,75.46,75.469,1722,12995.4026
1784426700000,75.92,75.94,75.914,75.924,1699,12899.5074
1784426760000,75.925,76.127,75.925,76.077,34779,264446.3989
1784426820000,76.077,76.241,76.029,76.029,311896,2375532.8341
1784426880000,76.028,76.044,75.967,75.97,5912,44936.5742
1784426940000,75.964,75.964,75.916,75.931,5186,39382.8299
1784427000000,75.947,76.034,75.947,76.032,1866,14178.6638
1784427060000,76.06,76.06,75.997,75.997,5836,44369.797
1784427120000,76.012,76.025,76.005,76.025,6611,50250.2775
1784427180000,76.035,76.088,76.035,76.088,821,6243.8146
1784427240000,76.093,76.101,76.063,76.063,2863,21783.974
1784427300000,76.072,76.181,76.072,76.169,41396,315219.5476
1784427360000,76.173,76.173,76.13,76.13,3550,27037.7125
1784427420000,76.13,76.154,76.038,76.038,11036,83984.4216
1784427480000,76.04,76.082,76.04,76.067,1379,10490.7692
1784427540000,76.061,76.067,76.0,76.0,2567,19518.6164
1784427600000,76.001,76.026,75.975,75.975,1566,11905.077
1784427660000,75.992,75.992,75.946,75.946,3350,25451.5834
1784427720000,75.967,75.967,75.905,75.93,2825,21452.6375
1784427780000,75.937,75.973,75.93,75.973,634,4814.9651
1784427840000,75.977,75.977,75.966,75.966,389,2955.1159
1784427900000,75.966,75.987,75.966,75.987,751,5705.6693
1784427960000,76.002,76.002,75.97,75.973,406,3085.4215
1784428020000,76.007,76.036,76.007,76.036,153,1162.9337
1784428080000,76.051,76.051,76.023,76.023,3625,27561.9693
1784428140000,76.035,76.035,76.033,76.033,247,1878.0424
1784428200000,76.028,76.098,76.028,76.098,5390,41005.0966
1784428260000,76.101,76.137,76.101,76.136,1377,10483.1134
1784428320000,76.145,76.197,76.145,76.187,921,7016.9597
1784428380000,76.187,76.409,76.187,76.361,36311,277245.0427
1784428440000,76.362,76.53,76.333,76.336,166504,1272218.3299
1784428500000,76.334,76.4,76.334,76.372,28414,217008.4643
1784428560000,76.443,76.527,76.429,76.436,9988,76398.2572
1784428620000,76.432,76.453,76.401,76.407,7709,58904.6681
1784428680000,76.392,76.425,76.36,76.36,12862,98238.1922
1784428740000,76.379,76.395,76.325,76.381,6075,46378.0578
1784428800000,76.372,76.396,76.282,76.282,2766,21107.5719
1784428860000,76.245,76.245,76.226,76.237,854,6510.2062
1784428920000,76.252,76.255,76.235,76.235,329,2508.2329
1784428980000,76.208,76.23,76.208,76.23,1576,12012.6051
1784429040000,76.245,76.257,76.234,76.234,1213,9249.0824
1784429100000,76.249,76.262,76.237,76.254,2327,17743.4173
1784429160000,76.263,76.263,76.244,76.247,548,4178.2997
1784429220000,76.259,76.259,76.198,76.198,1894,14438.8794
1784429280000,76.194,76.198,76.194,76.197,389,2964.0934
1784429340000,76.193,76.201,76.183,76.201,2636,20083.5243
1784429400000,76.209,76.209,76.184,76.184,753,5738.2166
1784429460000,76.182,76.185,76.164,76.18,1289,9818.4334
1784429520000,76.198,76.219,76.198,76.219,669,5098.3893
1784429580000,76.22,76.254,76.219,76.239,1279,9751.799
1784429640000,76.248,76.307,76.248,76.299,11665,88996.6119
1784429700000,76.299,76.311,76.299,76.311,74,564.7002
1784429760000,76.308,76.31,76.291,76.291,1558,11886.899
1784429820000,76.28,76.28,76.249,76.249,384,2928.8292
1784429880000,76.199,76.199,76.175,76.175,560,4266.5864
1784429940000,76.165,76.165,76.164,76.164,851,6481.6328
1784430000000,76.162,76.408,76.161,76.222,9961,75996.1508
1784430060000,76.217,76.218,76.176,76.176,135,1028.8107
1784430120000,76.165,76.182,76.151,76.154,1782,13571.9261
1784430180000,76.161,76.166,76.147,76.166,1653,12589.4103
1784430240000,76.167,76.167,76.167,76.167,300,2285.01
1784430300000,76.176,76.176,76.17,76.17,44,335.151
1784430360000,76.168,76.168,76.062,76.062,3166,24088.7507
1784430420000,76.056,76.056,76.048,76.053,8118,61738.9149
1784430480000,76.062,76.062,76.058,76.058,86,654.0992
1784430540000,76.057,76.057,76.05,76.053,233,1772.0829
1784430600000,76.053,76.059,76.032,76.032,837,6364.5961
1784430660000,76.023,76.024,76.017,76.017,432,3284.2241
1784430720000,76.01,76.01,75.976,75.985,8266,62807.2396
1784430780000,75.982,75.985,75.979,75.979,618,4695.8441
1784430840000,75.977,75.984,75.977,75.983,2205,16753.4571
1784430900000,75.982,75.982,75.868,75.885,5889,44701.7268
1784430960000,75.867,75.882,75.808,75.857,26109,198043.2177
1784431020000,75.827,75.876,75.82,75.876,964,7309.9753
1784431080000,75.88,75.883,75.864,75.877,927,7033.2488
1784431140000,75.883,75.883,75.862,75.862,1536,11654.6614
1784431200000,75.858,75.886,75.855,75.886,21805,165442.7533
1784431260000,75.87,75.87,75.831,75.831,883,6697.2755
1784431320000,75.816,75.85,75.788,75.85,1689,12803.6276
1784431380000,75.852,75.861,75.827,75.827,415,3147.3616
1784431440000,75.782,75.783,75.781,75.783,876,6638.4402
1784431500000,75.771,75.792,75.771,75.792,7955,60289.9409
1784431560000,75.783,75.804,75.783,75.804,1350,10233.3867
1784431620000,75.815,75.833,75.815,75.833,2516,19077.4405
1784431680000,75.848,75.872,75.848,75.856,70,530.9464
1784431740000,75.86,75.863,75.853,75.863,1463,11098.3537
1784431800000,75.845,75.882,75.83,75.882,168,1274.2725
1784431860000,75.893,75.893,75.885,75.89,402,3050.6583
1784431920000,75.885,75.913,75.885,75.912,344,2611.2656
1784431980000,75.903,75.903,75.88,75.88,975,7399.9742
1784432040000,75.884,75.884,75.846,75.846,99,750.9477
1784432100000,75.836,75.867,75.836,75.867,1225,9291.4713
1784432160000,75.86,75.887,75.86,75.887,174,1320.1819
1784432220000,75.896,75.905,75.874,75.874,961,7293.8675
1784432280000,75.864,75.871,75.864,75.871,182,1380.7871
1784432340000,75.862,75.862,75.853,75.853,388,2943.4447
1784432400000,75.858,75.887,75.858,75.887,493,3739.8198
1784432460000,75.92,75.924,75.92,75.924,72,546.6252
1784432520000,75.94,75.94,75.939,75.939,1451,11018.7504
1784432580000,75.931,75.931,75.867,75.879,3411,25888.2939
1784432640000,75.862,75.862,75.862,75.862,266,2017.9292
1784432700000,75.871,75.871,75.871,75.871,1,7.5871
1784432760000,75.839,75.839,75.826,75.837,308,2335.5688
1784432820000,75.825,75.853,75.825,75.853,1670,12663.7975
1784432880000,75.867,75.867,75.867,75.867,2,15.1734
1784432940000,75.881,75.881,75.881,75.881,34,257.9954
1784433000000,75.886,75.921,75.886,75.921,52,394.7824
1784433060000,75.915,75.918,75.906,75.914,738,5602.6064
1784433120000,75.902,75.902,75.886,75.886,1431,10860.2356
1784433180000,75.891,75.891,75.891,75.891,10,75.891
1784433240000,75.882,75.882,75.882,75.882,350,2655.87
1784433300000,75.876,75.876,75.843,75.843,376,2852.4055
1784433360000,75.866,75.875,75.845,75.847,384,2913.0664
1784433420000,75.847,75.862,75.846,75.858,146,1107.4251
1784433480000,75.843,75.872,75.843,75.851,451,3421.3328
1784433540000,75.854,75.916,75.849,75.916,451,3422.5411
1784433600000,75.919,75.919,75.783,75.851,5787,43887.9638
1784433660000,75.851,75.859,75.851,75.859,106,804.0588
1784433720000,75.852,75.856,75.852,75.853,95,720.6049
1784433780000,75.843,75.859,75.841,75.841,489,3708.9953
1784433840000,75.83,75.83,75.79,75.79,3991,30250.6967
1784433900000,75.788,75.802,75.783,75.795,891,6752.4767
1784433960000,75.792,75.792,75.762,75.762,847,6417.9137
1784434020000,75.766,75.766,75.731,75.734,9053,68578.1147
1784434080000,75.74,75.743,75.73,75.73,885,6703.2124
1784434140000,75.74,75.768,75.74,75.768,485,3673.5405
1784434200000,75.76,75.784,75.76,75.784,145,1098.7878
1784434260000,75.789,75.789,75.696,75.696,6483,49104.1788
1784434320000,75.708,75.712,75.704,75.704,814,6162.6417
1784434380000,75.714,75.726,75.708,75.709,315,2385.0405
1784434440000,75.713,75.749,75.713,75.749,433,3278.9672
1784434500000,75.744,75.771,75.744,75.757,3381,25613.9907
1784434560000,75.758,75.782,75.758,75.767,562,4258.8067
1784434620000,75.778,75.778,75.771,75.771,65,492.5395
1784434680000,75.773,75.784,75.773,75.78,1446,10958.1378
1784434740000,75.792,75.792,75.784,75.785,33,250.1087
1784434800000,75.797,75.797,75.797,75.797,2,15.1594
1784434860000,75.811,75.832,75.808,75.832,587,4450.9422
1784434920000,75.834,75.834,75.796,75.799,602,4564.726
1784434980000,75.785,75.788,75.765,75.788,137,1038.2271
1784435040000,75.8,75.8,75.793,75.793,693,5252.9393
1784435100000,75.802,75.802,75.802,75.802,2,15.1604
1784435160000,75.836,75.845,75.82,75.82,96,728.0229
1784435220000,75.803,75.803,75.803,75.803,1,7.5803
1784435280000,75.843,75.859,75.843,75.859,40,303.432
1784435340000,75.858,75.858,75.848,75.852,818,6204.7701
1784435400000,75.88,75.88,75.88,75.88,1,7.588
1784435460000,75.881,75.881,75.856,75.856,266,2018.3789
1784435520000,75.862,75.862,75.861,75.861,64,485.5167
1784435580000,75.862,75.862,75.862,75.862,347,2632.4114
1784435640000,75.873,75.873,75.867,75.867,42,318.6644
1784435700000,75.881,75.923,75.88,75.905,7422,56322.7372
1784435760000,75.924,75.93,75.924,75.93,53,402.3984
1784435820000,75.943,75.954,75.943,75.954,107,812.6022
1784435880000,75.982,76.033,75.982,76.033,509,3869.7915
1784435940000,76.005,76.021,75.998,76.021,493,3747.5427
1784436000000,76.006,76.006,75.978,75.978,1994,15151.3652
1784436060000,75.95,75.95,75.95,75.95,5,37.975
1784436240000,75.947,75.947,75.946,75.947,1173,8908.583
1784436300000,75.947,75.947,75.947,75.947,32,243.0304
1784436360000,75.947,76.007,75.947,75.998,20497,155676.8117
1784436420000,76.005,76.005,75.94,75.94,822,6245.2818
1784436480000,75.96,75.971,75.96,75.971,408,3099.4309
1784436540000,75.961,75.961,75.954,75.954,81,615.2834
1784436600000,75.963,75.969,75.963,75.969,186,1412.931
1784436660000,75.98,75.98,75.952,75.952,536,4072.2515
1784436720000,75.952,75.952,75.894,75.907,1531,11625.2125
1784436780000,75.917,75.917,75.885,75.896,860,6526.5243
1784436840000,75.915,75.915,75.91,75.91,580,4403.0695
1784437020000,75.936,75.936,75.936,75.936,97,736.5792
1784437080000,75.944,75.947,75.928,75.928,1069,8118.6438
1784437140000,75.92,75.942,75.917,75.942,6945,52729.9717
1784437200000,75.957,75.975,75.957,75.965,1729,13135.3393
1784437260000,75.967,75.992,75.967,75.992,1240,9421.1486
1784437320000,76.003,76.009,75.995,76.008,1036,7874.3533
1784437380000,76.018,76.042,76.005,76.005,946,7192.7144
1784437440000,76.012,76.018,76.012,76.018,1445,10984.5334
1784437500000,75.988,75.988,75.988,75.988,450,3419.46
1784437560000,75.979,75.995,75.979,75.995,174,1322.2631
1784437620000,75.995,75.996,75.987,75.987,1517,11528.4856
1784437680000,75.986,75.986,75.986,75.986,192,1458.9312
1784437740000,75.981,75.981,75.981,75.981,3,22.7943
1784437800000,75.981,75.981,75.981,75.981,39,296.3259
1784437860000,75.982,76.023,75.982,76.02,1310,9955.3116
1784437980000,76.023,76.049,76.023,76.049,190,1444.9202
1784438040000,76.049,76.051,76.049,76.051,435,3308.1751
1784438100000,76.053,76.053,76.046,76.046,693,5270.2979
1784438160000,76.046,76.046,76.023,76.023,912,6934.1808
1784438220000,76.042,76.051,76.042,76.047,1664,12653.723
1784438280000,76.022,76.022,76.007,76.007,1784,13560.5688
1784438340000,76.001,76.003,76.001,76.003,865,6574.1013
1784438400000,76.0,76.0,76.0,76.0,87,661.2
1784438460000,76.0,76.0,75.983,75.983,49,372.3915
1784438520000,75.983,75.983,75.965,75.966,937,7118.4728
1784438580000,75.946,75.953,75.939,75.951,1660,12607.4097
1784438700000,75.957,76.001,75.957,75.98,99,752.1983
1784438760000,75.981,75.981,75.968,75.968,429,3259.2156
1784438820000,75.981,75.981,75.962,75.962,172,1306.7877
1784438880000,75.962,75.991,75.962,75.983,998,7583.6406
1784438940000,75.963,75.963,75.939,75.939,100,759.5724
1784439000000,75.95,75.95,75.949,75.949,254,1929.1299
1784456700000,75.959,75.959,75.945,75.945,12,91.1472
1784456760000,75.939,76.003,75.939,76.003,1861,14139.6422
1784456820000,75.992,75.992,75.992,75.992,291,2211.3672
1784456880000,76.004,76.025,76.004,76.025,280,2128.4029
1784456940000,76.029,76.037,76.025,76.037,512,3892.7191
1784457000000,76.04,76.04,76.015,76.025,1102,8379.0412
1784457060000,76.018,76.024,76.018,76.024,107,813.41
1784457120000,76.027,76.027,76.027,76.027,159,1208.8293
1784457180000,76.022,76.05,76.005,76.05,798,6066.1454
1784457240000,76.048,76.058,76.048,76.058,94,714.9012
1784457300000,76.058,76.097,76.058,76.093,108,821.596
1784457360000,76.095,76.101,76.095,76.095,404,3074.2512
1784457420000,76.091,76.102,76.091,76.102,41,312.014
1784457480000,76.113,76.113,76.064,76.07,587,4466.2038
1784457600000,76.109,76.113,76.109,76.113,820,6241.2638
1784457660000,76.123,76.125,76.123,76.125,38,289.2718
1784457720000,76.126,76.155,76.113,76.155,1106,8421.5995
1784457780000,76.16,76.16,76.132,76.136,1099,8369.7071
1784457840000,76.141,76.182,76.141,76.169,2009,15302.4464
1784457900000,76.176,76.263,76.176,76.244,2616,19942.0901
1784457960000,76.245,76.378,76.245,76.297,4620,35260.7129
1784458020000,76.298,76.379,76.298,76.369,1659,12664.8824
1784458080000,76.351,76.479,76.331,76.387,11114,84978.492
1784458140000,76.357,76.37,76.282,76.282,971,7413.2937
1784458200000,76.281,76.287,76.272,76.272,619,4721.9274
1784458260000,76.257,76.268,76.225,76.268,2214,16880.4465
1784458320000,76.272,76.295,76.271,76.271,149,1136.5553
1784458380000,76.261,76.285,76.261,76.261,1403,10700.5446
1784458440000,76.268,76.268,76.268,76.268,67,510.9956
1784458500000,76.258,76.258,76.258,76.258,58,442.2964
1784458560000,76.253,76.263,76.251,76.263,657,5010.0933
1784458620000,76.263,76.263,76.236,76.236,1786,13618.0334
1784458680000,76.244,76.244,76.223,76.236,1311,9994.2081
1784458740000,76.236,76.236,76.23,76.23,39,297.3115
1784458800000,76.227,76.227,76.138,76.181,619,4715.6104
1784458860000,76.172,76.172,76.129,76.135,2607,19851.3531
1784458920000,76.148,76.149,76.138,76.149,170,1294.4489
1784458980000,76.15,76.172,76.15,76.172,54,411.2804
1784459040000,76.201,76.253,76.201,76.243,826,6296.2277
1784459100000,76.245,76.246,76.245,76.246,211,1608.7773
1784459160000,76.269,76.285,76.269,76.284,3297,25150.4545
1784459220000,76.287,76.287,76.261,76.261,89,678.8763
1784459280000,76.291,76.36,76.291,76.32,1335,10191.5011
1784459340000,76.295,76.295,76.262,76.262,920,7017.5091
1784459400000,76.288,76.288,76.27,76.27,258,1968.1863
1784459460000,76.271,76.275,76.268,76.27,920,7017.2588
1784459520000,76.242,76.242,76.24,76.24,39,297.3416
1784459580000,76.219,76.219,76.209,76.209,373,2842.8417
1784459640000,76.207,76.249,76.207,76.249,233,1775.941
1784459700000,76.24,76.288,76.24,76.288,595,4538.1979
1784459760000,76.296,76.301,76.271,76.282,418,3188.5887
1784459820000,76.292,76.297,76.263,76.276,3324,25357.0097
1784459880000,76.293,76.293,76.293,76.293,24,183.1032
1784459940000,76.322,76.347,76.317,76.347,755,5762.5084
1784460000000,76.344,76.349,76.344,76.347,168,1282.6464
1784460060000,76.322,76.369,76.321,76.369,911,6954.5353
1784460120000,76.367,76.367,76.318,76.325,2239,17089.1615
1784460180000,76.343,76.343,76.328,76.328,207,1580.0793
1784460240000,76.323,76.323,76.302,76.302,307,2343.0574
1784460300000,76.278,76.278,76.277,76.277,97,739.8962
1784460360000,76.253,76.253,76.212,76.212,107,815.5127
1784460420000,76.218,76.218,76.212,76.215,1162,8856.2191
1784460480000,76.216,76.216,76.216,76.216,784,5975.3344
1784460540000,76.216,76.249,76.216,76.241,214,1631.4694
1784460600000,76.245,76.25,76.245,76.25,38,289.7405
1784460660000,76.248,76.248,76.205,76.205,2198,16752.3153
1784460720000,76.186,76.186,76.175,76.175,598,4555.6115
1784460780000,76.188,76.205,76.188,76.205,2838,21623.5068
1784460840000,76.221,76.221,76.201,76.201,107,815.4907
1784460900000,76.239,76.239,76.239,76.239,75,571.7925
1784460960000,76.214,76.214,76.178,76.183,626,4769.462
1784461020000,76.183,76.183,76.17,76.17,483,3679.1215
1784461080000,76.165,76.165,76.165,76.165,121,921.5965
1784461140000,76.126,76.129,76.126,76.127,1314,10003.1123
1784461200000,76.132,76.134,76.117,76.117,597,4544.7663
1784461260000,76.117,76.125,76.117,76.125,68,517.5988
1784461320000,76.14,76.14,76.136,76.136,538,4096.2516
1784461380000,76.137,76.137,76.137,76.137,399,3037.8663
1784461440000,76.132,76.163,76.132,76.163,207,1576.159
1784461500000,76.179,76.179,76.136,76.136,249,1896.5758
1784461560000,76.135,76.135,76.135,76.135,10,76.135
1784461620000,76.131,76.147,76.131,76.147,998,7597.969
1784461680000,76.13,76.13,76.127,76.127,713,5427.9733
1784461740000,76.122,76.122,76.079,76.1,677,5151.6484
1784461800000,76.089,76.089,76.089,76.089,12,91.3068
1784461860000,76.092,76.092,76.077,76.077,169,1285.9449
1784461920000,76.067,76.076,76.067,76.07,416,3164.677
1784461980000,76.072,76.072,76.071,76.071,426,3240.6632
1784462040000,76.07,76.077,76.07,76.075,246,1871.3645
1784462100000,76.075,76.077,76.056,76.056,596,4534.046
1784462160000,76.05,76.05,76.024,76.024,811,6165.9426
1784462220000,76.019,76.045,76.019,76.045,104,790.6708
1784462280000,76.047,76.047,76.021,76.027,1158,8804.2098
1784462340000,76.038,76.044,76.026,76.039,167,1269.8346
1784462400000,76.028,76.029,76.0,76.005,3152,23959.7869
1784462460000,75.996,76.009,75.989,76.002,2983,22670.3353
1784462520000,75.997,76.004,75.96,75.96,4697,35682.5636
1784462580000,75.954,75.977,75.933,75.949,1256,9538.9575
1784462640000,75.969,75.97,75.969,75.97,559,4246.6871
1784462700000,75.96,75.968,75.931,75.932,2836,21540.5979
1784462760000,75.944,75.96,75.944,75.95,408,3098.6577
1784462820000,75.938,75.944,75.938,75.943,639,4852.5703
1784462880000,75.931,75.941,75.817,75.818,8246,62565.3068
1784462940000,75.821,75.825,75.77,75.791,3337,25293.108
1784463000000,75.789,75.809,75.789,75.809,1303,9877.1702
1784463060000,75.804,75.804,75.79,75.79,6915,52414.225
1784463120000,75.791,75.791,75.762,75.764,2903,21998.1631
1784463180000,75.764,75.772,75.764,75.768,3503,26541.5453
1784463240000,75.765,75.765,75.75,75.75,1015,7689.2493
1784463300000,75.74,75.791,75.717,75.781,1005,7615.1742
1784463360000,75.799,75.858,75.791,75.858,2981,22603.577
1784463420000,75.852,75.881,75.825,75.881,760,5765.1194
1784463480000,75.872,75.894,75.825,75.825,5319,40352.3015
1784463540000,75.84,75.861,75.84,75.861,112,849.6204
1784463600000,75.875,75.884,75.875,75.884,57,432.5361
1784463660000,75.905,75.91,75.894,75.91,750,5692.9083
1784463720000,75.876,75.924,75.869,75.924,2334,17716.7276
1784463780000,75.924,75.98,75.923,75.975,1697,12889.0338
1784463840000,75.979,75.995,75.979,75.994,485,3685.3169
1784463900000,76.019,76.144,76.019,76.087,4289,32641.2475
1784463960000,76.088,76.088,75.993,75.993,7051,53621.8471
1784464020000,75.994,75.996,75.983,75.988,618,4695.9788
1784464080000,75.983,75.992,75.925,75.929,478,3630.7495
1784464140000,75.933,75.933,75.929,75.929,111,842.8403
1784464200000,75.951,76.003,75.951,76.003,513,3898.7323
1784464260000,76.003,76.018,76.003,76.018,74,562.5217
1784464320000,76.026,76.026,76.018,76.018,544,4135.6811
1784464380000,76.021,76.086,76.021,76.058,1196,9098.0432
1784464440000,76.068,76.068,76.057,76.062,416,3164.2669
1784464500000,76.083,76.084,76.083,76.084,528,4017.1945
1784464560000,76.092,76.094,76.081,76.081,2379,18102.2697
1784464620000,76.082,76.1,76.082,76.1,3186,24244.0852
1784464680000,76.1,76.133,76.1,76.114,1809,13769.9663
1784464740000,76.105,76.105,76.091,76.093,380,2891.4911
1784464800000,76.096,76.105,76.083,76.083,2694,20496.8186
1784464860000,76.053,76.053,76.023,76.027,573,4356.3658
1784464920000,76.026,76.027,76.026,76.027,174,1322.8527
1784464980000,76.024,76.042,76.024,76.042,2471,18786.0384
1784465040000,76.043,76.047,76.043,76.047,34,258.5542
1784465100000,76.023,76.023,75.986,75.986,886,6733.3386
1784465160000,75.982,75.982,75.977,75.977,175,1329.6345
1784465220000,75.946,75.957,75.946,75.957,111,843.0787
1784465280000,75.945,75.945,75.916,75.934,884,6712.416
1784465340000,75.933,75.933,75.886,75.916,655,4971.9004
1784465400000,75.908,75.926,75.908,75.926,71,538.9763
1784465460000,75.917,75.958,75.917,75.958,513,3895.2905
1784465520000,75.964,75.967,75.964,75.967,629,4778.1845
1784465580000,75.969,75.981,75.966,75.981,1504,11426.6859
1784465640000,75.963,75.969,75.946,75.946,303,2301.4805
1784465700000,75.97,75.986,75.97,75.986,1029,7817.7732
1784465760000,75.986,75.998,75.986,75.998,637,4840.6586
1784465820000,75.992,75.992,75.992,75.992,2,15.1984
1784465880000,75.996,75.999,75.974,75.974,787,5980.34
1784465940000,75.986,75.986,75.986,75.986,16,121.5776
1784466000000,75.992,76.0,75.936,75.936,10144,77050.201
1784466060000,75.932,75.946,75.923,75.946,2356,17890.5115
1784466120000,75.95,75.95,75.925,75.925,230,1746.4355
1784466180000,75.932,75.937,75.908,75.921,1305,9907.2504
1784466240000,75.937,75.97,75.937,75.97,33,250.6977
1784466300000,75.966,75.99,75.966,75.984,508,3859.2706
1784466360000,75.98,75.98,75.934,75.934,72,546.8858
1784466480000,75.968,75.992,75.964,75.992,4487,34094.6863
1784466600000,75.986,75.986,75.975,75.975,99,752.2262
1784466660000,75.932,75.932,75.921,75.929,169,1283.2063
1784466780000,75.935,75.935,75.896,75.898,7346,55770.111
1784466840000,75.898,75.915,75.88,75.88,7025,53316.5391
1784466900000,75.884,75.927,75.874,75.925,8904,67578.7396
1784466960000,75.874,75.932,75.874,75.932,136,1032.2378
1784467020000,75.929,75.929,75.898,75.898,1389,10544.132
1784467080000,75.907,75.907,75.889,75.889,2289,17372.3591
1784467140000,75.873,75.903,75.852,75.903,285,2162.6883
1784467200000,75.929,75.929,75.904,75.904,370,2808.5754
1784467260000,75.895,75.895,75.892,75.895,475,3604.9627
1784467380000,75.895,75.908,75.879,75.908,144,1092.9557
1784467560000,75.92,75.965,75.92,75.965,603,4579.6172
1784467620000,75.968,75.968,75.943,75.951,47,356.9943
1784467680000,75.974,75.997,75.971,75.994,367,2788.2993
1784467740000,75.989,75.993,75.982,75.982,159,1208.2525
1784467800000,75.99,76.002,75.99,76.002,122,927.1251
1784467860000,76.009,76.01,76.009,76.01,62,471.2566
1784467920000,76.01,76.054,76.01,76.053,1212,9215.7565
1784467980000,76.059,76.077,76.013,76.013,948,7209.3686
1784468040000,76.011,76.039,76.011,76.032,381,2896.4833
1784468100000,76.028,76.038,76.028,76.038,66,501.8498
1784468160000,76.045,76.045,76.018,76.02,3442,26166.271
1784468220000,76.017,76.017,75.973,75.973,38,288.7066
1784468280000,75.96,75.96,75.96,75.96,206,1564.776
1784468340000,75.977,76.0,75.977,76.0,228,1732.7133
1784468400000,75.965,75.965,75.956,75.956,82,622.8764
1784468460000,75.959,75.965,75.959,75.965,139,1055.9093
1784468580000,75.957,75.996,75.957,75.984,918,6973.9008
1784468640000,75.988,75.988,75.975,75.975,405,3077.1686
1784468700000,75.964,75.97,75.953,75.964,343,2605.518
1784468760000,75.991,76.004,75.991,76.004,471,3579.2679
1784468820000,76.01,76.01,76.009,76.009,452,3435.6091
1784468880000,76.018,76.025,76.018,76.023,1592,12102.3421
1784468940000,76.0,76.0,75.996,75.996,494,3754.3824
1784469000000,76.015,76.015,76.015,76.015,3,22.8045
1784469060000,76.045,76.093,76.045,76.092,704,5354.0945
1784469120000,76.072,76.1,76.072,76.086,4421,33639.4897
1784486700000,75.658,75.701,75.658,75.691,183,1384.8955
1784486760000,75.653,75.653,75.579,75.585,718,5427.8113
1784486820000,75.583,75.6,75.582,75.6,574,4339.1355
1784486880000,75.601,75.632,75.601,75.632,100,756.0889
1784486940000,75.638,75.694,75.638,75.694,1063,8042.3582
1784487000000,75.673,75.673,75.663,75.667,887,6711.4589
1784487060000,75.673,75.68,75.631,75.631,217,1642.0915
1784487120000,75.635,75.635,75.635,75.635,6,45.381
1784487180000,75.626,75.626,75.616,75.616,594,4491.7844
1784487240000,75.597,75.605,75.591,75.593,2928,22134.6676
1784487300000,75.591,75.61,75.591,75.609,2356,17810.2179
1784487360000,75.605,75.605,75.599,75.599,99,748.4669
1784487420000,75.586,75.624,75.586,75.623,36,272.2059
1784487480000,75.648,75.698,75.648,75.659,64190,485760.8793
1784487600000,75.721,75.746,75.702,75.702,1402,10617.7859
1784487660000,75.695,75.695,75.682,75.695,410,3103.2602
1784487720000,75.683,75.685,75.674,75.674,477,3610.0892
1784487780000,75.651,75.651,75.591,75.591,751,5677.7675
1784487840000,75.595,75.681,75.595,75.681,1132,8564.5132
1784487900000,75.684,75.708,75.684,75.699,317,2399.7967
1784487960000,75.707,75.734,75.707,75.731,346,2619.7412
1784488020000,75.717,75.733,75.717,75.731,450,3407.423
1784488080000,75.731,75.794,75.731,75.787,472,3575.5395
1784488140000,75.802,75.813,75.8,75.813,178,1349.2744
1784488200000,75.807,75.815,75.8,75.801,625,4738.16
1784488260000,75.808,75.808,75.808,75.808,7,53.0656
1784488320000,75.807,75.807,75.783,75.788,994,7533.7397
1784488380000,75.796,75.798,75.796,75.798,947,7178.0268
1784488440000,75.803,75.803,75.803,75.803,12,90.9636
1784488500000,75.804,75.805,75.799,75.799,3368,25529.1392
1784488560000,75.782,75.808,75.782,75.808,549,4161.7254
1784488620000,75.814,75.816,75.794,75.795,796,6033.8662
1784488680000,75.79,75.79,75.779,75.79,396,3000.8935
1784488740000,75.781,75.781,75.768,75.768,117,886.5532
1784488860000,75.768,75.768,75.768,75.768,5,37.884
1784488920000,75.774,75.802,75.774,75.802,815,6175.7854
1784489040000,75.798,75.798,75.798,75.798,40,303.192
1784489100000,75.785,75.785,75.755,75.755,36,272.817
1784489220000,75.748,75.759,75.748,75.759,13428,101723.501
1784489280000,75.788,75.814,75.788,75.801,2540,19254.9899
1784489340000,75.809,75.809,75.809,75.809,23,174.3607
1784489400000,75.794,75.797,75.794,75.796,780,5911.9425
1784489460000,75.754,75.767,75.75,75.767,542,4106.3873
1784489520000,75.759,75.759,75.757,75.757,23,174.2435
1784489640000,75.769,75.775,75.757,75.757,385,2917.1143
1784489700000,75.763,75.763,75.763,75.763,4,30.3052
1784489760000,75.795,75.848,75.795,75.848,341,2585.4859
1784489820000,75.834,75.834,75.834,75.834,32,242.6688
1784489940000,75.785,75.785,75.758,75.775,2396,18153.1132
1784490000000,75.773,75.773,75.773,75.773,16,121.2368
1784490120000,75.795,75.795,75.792,75.792,62,469.9143
1784490180000,75.789,75.794,75.789,75.794,5,37.895
1784490240000,75.787,75.787,75.736,75.736,78,590.9574
1784490300000,75.735,75.748,75.735,75.748,152,1151.2661
1784490360000,75.736,75.736,75.725,75.729,235,1779.7062
1784490480000,75.733,75.733,75.733,75.733,10,75.733
1784490540000,75.737,75.737,75.735,75.735,1500,11360.294
1784490600000,75.721,75.729,75.71,75.718,1960,14840.7706
1784490660000,75.72,75.72,75.72,75.72,5,37.86
1784490780000,75.702,75.702,75.701,75.701,120,908.4121
1784490840000,75.703,75.722,75.703,75.722,1958,14826.3657
1784490900000,75.723,75.727,75.722,75.727,1101,8337.108
1784490960000,75.727,75.788,75.727,75.788,17,128.742
1784491020000,75.804,75.804,75.785,75.788,373,2827.2923
1784491080000,75.805,75.805,75.805,75.805,205,1554.0025
1784491140000,75.818,75.848,75.818,75.84,3334,25282.7977
1784491200000,75.852,75.924,75.852,75.907,3965,30097.2996
1784491260000,75.923,75.935,75.903,75.903,47540,360927.9458
1784491320000,75.939,75.981,75.914,75.924,1424,10816.1983
1784491380000,75.94,75.949,75.89,75.89,869,6597.856
1784491440000,75.869,75.892,75.869,75.892,613,4651.7157
1784491500000,75.885,75.896,75.884,75.886,1555,11800.7308
1784491560000,75.892,75.912,75.888,75.912,529,4014.7546
1784491620000,75.878,75.905,75.878,75.905,533,4044.5617
1784491680000,75.905,75.906,75.903,75.906,957,7264.2019
1784491740000,75.908,75.949,75.908,75.949,535,4061.9027
1784491800000,75.95,75.95,75.921,75.933,616,4677.57
1784491860000,75.929,75.93,75.91,75.911,2085,15829.0737
1784491920000,75.919,75.924,75.912,75.924,195,1480.4892
1784491980000,75.924,75.939,75.924,75.932,139,1055.3903
1784492040000,75.936,75.936,75.884,75.901,32880,249546.2661
1784492100000,75.9,75.904,75.894,75.903,1294,9821.648
1784492160000,75.899,75.899,75.821,75.843,24056,182431.5211
1784492220000,75.842,75.848,75.842,75.848,619,4694.9173
1784492280000,75.85,75.858,75.846,75.846,287,2177.0484
1784492340000,75.852,75.875,75.852,75.875,383,2905.6098
1784492400000,75.875,75.875,75.851,75.872,757,5743.2456
1784492460000,75.883,75.896,75.883,75.895,141,1070.108
1784492520000,75.887,75.89,75.887,75.89,32,242.8438
1784492580000,75.89,75.909,75.89,75.909,142,1077.8532
1784492640000,75.913,75.942,75.913,75.942,98,744.0441
1784492700000,75.938,75.941,75.925,75.935,1158,8792.3244
1784492760000,75.936,75.936,75.917,75.921,2382,18084.0167
1784492820000,75.92,75.921,75.913,75.913,274,2080.0756
1784492880000,75.907,75.912,75.907,75.908,26,197.3619
1784492940000,75.914,75.924,75.914,75.924,47,356.8068
1784493000000,75.922,75.922,75.918,75.918,143,1085.6551
1784493060000,75.904,75.933,75.904,75.933,370,2809.4065
1784493120000,75.942,75.971,75.942,75.971,35,265.8198
1784493180000,75.959,75.959,75.957,75.957,58,440.5612
1784493240000,75.968,75.968,75.962,75.962,4,30.386
1784493300000,75.975,76.019,75.975,76.019,3465,26333.9055
1784493360000,76.026,76.043,75.968,75.991,16690,126817.8781
1784493420000,75.986,75.99,75.958,75.96,719,5463.1181
1784493480000,75.96,75.969,75.958,75.963,252,1914.2438
1784493540000,75.963,75.992,75.963,75.987,116,881.3453
1784493600000,75.98,75.98,75.952,75.953,1995,15152.6722
1784493660000,75.971,76.002,75.97,76.002,2532,19238.6682
1784493720000,76.003,76.015,75.999,75.999,3607,27416.2204
1784493780000,75.999,75.999,75.996,75.998,93,706.7662
1784493840000,76.002,76.002,75.999,76.002,23,174.8016
1784493900000,76.01,76.061,76.01,76.048,402,3056.4696
1784493960000,76.031,76.031,76.007,76.013,367,2789.5676
1784494020000,76.0,76.03,76.0,76.03,49,372.463
1784494080000,76.033,76.033,75.997,75.997,9697,73704.1086
1784494140000,76.02,76.02,76.02,76.02,266,2022.132
1784494200000,76.022,76.027,76.018,76.027,113,859.0437
1784494260000,76.012,76.012,75.956,75.956,345,2621.6769
1784494320000,75.962,75.964,75.957,75.964,439,3334.5552
1784494380000,75.968,75.98,75.965,75.98,170,1291.5029
1784494440000,75.98,76.012,75.98,76.011,14,106.4097
1784494500000,76.012,76.044,76.012,76.044,537,4082.9907
1784494560000,76.053,76.053,76.008,76.008,423,3216.8773
1784494620000,76.009,76.048,76.007,76.048,4429,33666.8167
1784494680000,76.053,76.103,76.046,76.091,3578,27222.6155
1784494740000,76.092,76.102,76.065,76.102,8771,66727.6273
1784494800000,76.102,76.14,76.088,76.088,9005,68529.2824
1784494860000,76.105,76.129,76.105,76.113,714,5434.8885
1784494920000,76.132,76.139,76.1,76.118,676,5146.1184
1784494980000,76.123,76.126,76.11,76.126,1603,12201.8199
1784495040000,76.126,76.126,76.11,76.119,818,6226.6729
1784495100000,76.117,76.118,76.117,76.118,347,2641.2603
1784495160000,76.122,76.122,76.122,76.122,41,312.1002
1784495220000,76.122,76.129,76.122,76.128,2244,17082.3901
1784495280000,76.122,76.135,76.122,76.135,594,4522.1531
1784495340000,76.14,76.14,76.14,76.14,286,2177.604
1784495400000,76.14,76.14,76.11,76.11,1691,12874.9607
1784495520000,76.083,76.096,76.083,76.096,1093,8317.008
1784495580000,76.119,76.176,76.119,76.156,803,6115.4293
1784495640000,76.154,76.192,76.154,76.164,2156,16422.4819
1784495700000,76.137,76.159,76.114,76.114,1120,8527.5761
1784495760000,76.114,76.114,76.026,76.036,1833,13941.2614
1784495820000,76.037,76.048,76.016,76.016,241,1832.526
1784495880000,76.017,76.02,76.01,76.014,318,2417.2942
1784495940000,76.014,76.016,75.973,75.973,831,6315.6115
1784496000000,75.96,75.96,75.956,75.956,132,1002.6637
1784496060000,75.966,75.968,75.961,75.963,272,2066.1938
1784496120000,75.968,75.969,75.962,75.962,166,1261.0117
1784496180000,75.966,75.966,75.966,75.966,2,15.1932
1784496240000,75.944,75.956,75.941,75.956,1502,11406.8228
1784496300000,75.95,75.958,75.94,75.958,57,432.9466
1784496360000,75.958,75.963,75.958,75.96,139,1055.8455
1784496420000,75.953,75.985,75.953,75.985,137,1040.7641
1784496480000,75.989,76.005,75.989,76.005,337,2561.0263
1784496540000,76.005,76.018,76.005,76.006,372,2827.4674
1784496600000,76.005,76.005,75.99,76.002,128,972.7899
1784496660000,75.994,75.994,75.974,75.974,277,2104.727
1784496780000,75.928,75.928,75.928,75.928,111,842.8008
1784496840000,75.919,75.919,75.856,75.896,3318,25182.9498
1784496900000,75.906,75.906,75.906,75.906,4,30.3624
1784496960000,75.915,75.915,75.905,75.905,362,2747.8191
1784497020000,75.889,75.889,75.889,75.889,333,2527.1037
1784497080000,75.891,75.891,75.757,75.795,14031,106386.227
1784497140000,75.822,75.824,75.822,75.824,138,1046.3704
1784497200000,75.821,75.821,75.748,75.748,335,2538.8875
1784497260000,75.755,75.773,75.75,75.773,635,4810.818
1784497320000,75.773,75.87,75.756,75.842,14622,110864.2573
1784497380000,75.871,75.871,75.712,75.712,32355,245286.6018
1784497440000,75.726,75.76,75.726,75.759,2616,19815.3961
1784497500000,75.76,75.793,75.76,75.793,81,613.8301
1784497560000,75.801,75.852,75.801,75.845,1148,8706.9571
1784497620000,75.828,75.834,75.817,75.822,1515,11487.3043
1784497680000,75.809,75.809,75.791,75.791,1823,13819.4055
1784497740000,75.791,75.814,75.791,75.814,331,2509.0777
1784497800000,75.806,75.807,75.786,75.786,352,2668.1782
1784497860000,75.797,75.804,75.797,75.804,1347,10210.187
1784497980000,75.778,75.778,75.778,75.778,193,1462.5154
1784498040000,75.795,75.795,75.768,75.768,447,3386.8531
1784498100000,75.757,75.757,75.684,75.704,4786,36243.8793
1784498160000,75.69,75.713,75.666,75.679,5917,44789.08
1784498220000,75.68,75.74,75.68,75.735,357,2702.8742
1784498280000,75.728,75.734,75.679,75.688,345,2612.2058
1784498340000,75.689,75.743,75.689,75.743,659,4989.802
1784498400000,75.732,75.784,75.635,75.781,9273,70174.6831
1784498460000,75.78,76.031,75.78,75.989,5520,41919.6826
1784498520000,75.999,76.154,75.927,75.95,13226,100570.1745
1784498580000,75.989,76.02,75.898,75.902,3439,26123.2466
1784498640000,75.894,75.902,75.827,75.853,1946,14761.6575
1784498700000,75.861,75.861,75.793,75.793,1207,9152.5757
1784498760000,75.813,75.813,75.666,75.681,3535,26772.8151
1784498820000,75.683,75.782,75.586,75.761,5290,40039.3602
1784498880000,75.743,75.841,75.743,75.841,3009,22802.5215
1784498940000,75.837,75.942,75.832,75.942,1593,12084.2291
1784499000000,75.92,76.032,75.918,75.958,3354,25477.9036
1784499060000,75.917,75.933,75.904,75.923,1086,8244.9467
1784499120000,75.922,76.017,75.922,75.997,2031,15431.9834
1784499180000,76.014,76.077,76.014,76.077,906,6888.3574
1784499240000,76.054,76.082,76.05,76.062,796,6055.0207
1784499300000,76.089,76.38,76.089,76.348,12426,94792.4819
1784499360000,76.335,76.37,76.215,76.215,2529,19296.5279
1784516700000,76.992,76.992,76.851,76.851,2585,19884.0857
1784516760000,76.859,76.877,76.826,76.855,2748,21115.7536
1784516820000,76.848,76.848,76.829,76.848,938,7208.2555
1784516880000,76.828,76.828,76.801,76.805,997,7657.8466
1784516940000,76.824,76.838,76.824,76.838,800,6146.2163
1784517000000,76.864,76.864,76.864,76.864,11,84.5504
1784517060000,76.884,76.889,76.814,76.831,566,4350.0673
1784517120000,76.826,76.858,76.826,76.858,417,3204.6452
1784517180000,76.88,76.952,76.874,76.92,829,6376.4135
1784517240000,76.947,76.947,76.901,76.928,502,3862.3864
1784517300000,76.879,76.95,76.879,76.95,56,430.7496
1784517360000,76.969,76.987,76.918,76.918,625,4808.2662
1784517420000,76.988,76.988,76.94,76.94,941,7243.5556
1784517480000,76.91,76.91,76.853,76.853,482,3706.7212
1784517540000,76.841,76.841,76.829,76.829,1442,11079.2867
1784517600000,76.8,76.8,76.771,76.776,1529,11740.8025
1784517660000,76.764,76.806,76.764,76.806,456,3501.276
1784517720000,76.761,76.761,76.737,76.737,61,468.229
1784517780000,76.739,76.739,76.614,76.614,1613,12364.4754
1784517840000,76.592,76.737,76.585,76.737,1765,13528.452
1784517900000,76.709,76.709,76.642,76.66,508,3895.3595
1784517960000,76.648,76.648,76.582,76.582,29,222.1778
1784518020000,76.546,76.546,76.524,76.536,1289,9864.9151
1784518080000,76.554,76.562,76.533,76.559,2225,17030.5527
1784518140000,76.556,76.559,76.556,76.556,181,1385.6729
1784518200000,76.538,76.624,76.496,76.624,1555,11904.1693
1784518260000,76.633,76.691,76.607,76.61,1060,8121.6431
1784518320000,76.627,76.669,76.627,76.658,1619,12410.9807
1784518380000,76.654,76.697,76.654,76.675,731,5605.1685
1784518440000,76.659,76.666,76.64,76.666,1187,9099.7046
1784518500000,76.629,76.633,76.582,76.582,511,3915.027
1784518560000,76.592,76.618,76.568,76.618,530,4058.4325
1784518620000,76.654,76.737,76.654,76.737,324,2484.6995
1784518680000,76.717,76.717,76.681,76.681,417,3198.7912
1784518740000,76.676,76.688,76.676,76.688,1013,7768.3612
1784518800000,76.691,76.754,76.656,76.656,1615,12388.3372
1784518860000,76.705,76.705,76.661,76.681,1029,7891.7853
1784518920000,76.708,76.806,76.708,76.806,1016,7798.5355
1784518980000,76.804,76.809,76.787,76.792,1055,8101.7856
1784519040000,76.775,76.775,76.775,76.775,5,38.3875
1784519100000,76.808,76.827,76.795,76.796,277,2127.6991
1784519160000,76.757,76.808,76.737,76.771,243,1865.3607
1784519220000,76.779,76.779,76.713,76.746,1014,7781.7138
1784519280000,76.774,76.774,76.771,76.774,409,3140.0446
1784519340000,76.798,76.798,76.768,76.768,434,3332.9372
1784519400000,76.759,76.759,76.719,76.749,971,7451.4886
1784519460000,76.744,76.744,76.734,76.734,372,2854.732
1784519520000,76.765,76.805,76.765,76.803,815,6259.109
1784519580000,76.769,76.809,76.769,76.809,294,2257.3289
1784519640000,76.795,76.795,76.754,76.754,339,2602.2902
1784519700000,76.772,76.772,76.728,76.728,2017,15482.0544
1784519760000,76.713,76.713,76.636,76.636,1947,14933.5506
1784519820000,76.624,76.65,76.615,76.632,1862,14268.1161
1784519880000,76.61,76.651,76.61,76.651,642,4919.7468
1784519940000,76.662,76.703,76.647,76.703,5036,38614.4416
1784520000000,76.719,76.736,76.65,76.661,2541,19486.3177
1784520060000,76.679,76.679,76.607,76.647,5618,43055.755
1784520120000,76.622,76.624,76.61,76.624,40,306.476
1784520180000,76.644,76.644,76.577,76.577,635,4863.363
1784520240000,76.577,76.597,76.577,76.589,919,7038.0395
1784520300000,76.587,76.587,76.516,76.518,2735,20937.4042
1784520360000,76.521,76.522,76.503,76.522,602,4606.1243
1784520420000,76.512,76.512,76.46,76.46,2945,22523.2114
1784520480000,76.467,76.467,76.452,76.463,1416,10826.6095
1784520540000,76.452,76.467,76.437,76.467,1870,14297.2271
1784520600000,76.46,76.492,76.445,76.484,2541,19429.7632
1784520660000,76.502,76.528,76.501,76.52,194,1484.5322
1784520720000,76.521,76.521,76.436,76.436,458,3502.5861
1784520780000,76.424,76.424,76.353,76.423,6461,49347.5322
1784520840000,76.41,76.41,76.376,76.396,2008,15338.0629
1784520900000,76.415,76.415,76.391,76.391,1671,12768.0478
1784520960000,76.379,76.379,76.336,76.336,4103,31327.9496
1784521020000,76.336,76.337,76.262,76.282,4866,37131.6473
1784521080000,76.283,76.328,76.253,76.301,5490,41881.7413
1784521140000,76.299,76.355,76.289,76.355,553,4219.4476
1784521200000,76.35,76.383,76.34,76.383,1192,9102.0628
1784521260000,76.399,76.399,76.303,76.303,3490,26645.3252
1784521320000,76.321,76.329,76.303,76.313,1496,11417.5762
1784521380000,76.317,76.38,76.317,76.369,1052,8033.7563
1784521440000,76.367,76.413,76.367,76.413,941,7189.4589
1784521500000,76.42,76.457,76.42,76.457,417,3187.5628
1784521560000,76.475,76.48,76.473,76.473,462,3533.2766
1784521620000,76.482,76.562,76.482,76.562,478,3657.0571
1784521680000,76.564,76.564,76.525,76.525,771,5900.409
1784521740000,76.509,76.539,76.495,76.539,780,5967.5903
1784521800000,76.536,76.579,76.53,76.554,1915,14658.7461
1784521860000,76.551,76.551,76.543,76.543,950,7272.0187
1784521920000,76.56,76.652,76.56,76.64,2489,19070.3454
1784521980000,76.667,76.776,76.667,76.701,19084,146451.8812
1784522040000,76.685,76.698,76.631,76.677,2461,18870.7065
1784522100000,76.673,76.76,76.673,76.759,1928,14792.6903
1784522160000,76.766,76.885,76.766,76.854,12055,92628.9947
1784522220000,76.831,76.84,76.767,76.792,1435,11022.1138
1784522280000,76.801,76.822,76.787,76.822,994,7634.5747
1784522340000,76.824,76.855,76.824,76.837,1097,8430.4646
1784522400000,76.825,76.825,76.696,76.696,3868,29683.3955
1784522460000,76.711,76.732,76.671,76.729,2492,19113.1075
1784522520000,76.734,76.785,76.714,76.785,1405,10783.7209
1784522580000,76.782,76.782,76.742,76.742,1383,10614.4543
1784522640000,76.764,76.807,76.764,76.764,204,1566.2033
1784522700000,76.75,76.752,76.641,76.683,7583,58143.6595
1784522760000,76.693,76.735,76.693,76.735,1358,10419.6384
1784522820000,76.739,76.768,76.736,76.768,2202,16900.4205
1784522880000,76.772,76.785,76.77,76.77,1485,11402.1359
1784522940000,76.766,76.789,76.68,76.68,3489,26772.7633
1784523000000,76.671,76.671,76.609,76.652,1754,13441.6144
1784523060000,76.632,76.646,76.582,76.591,4806,36808.813
1784523120000,76.612,76.612,76.564,76.564,4382,33562.2288
1784523180000,76.567,76.569,76.498,76.504,3517,26915.5579
1784523240000,76.498,76.528,76.482,76.482,888,6794.5741
1784523300000,76.486,76.527,76.478,76.527,3486,26664.5953
1784523360000,76.498,76.506,76.494,76.505,3800,29070.0172
1784523420000,76.502,76.502,76.488,76.488,62,474.2676
1784523480000,76.476,76.476,76.464,76.464,565,4320.7009
1784523540000,76.437,76.441,76.42,76.42,1234,9431.6911
1784523600000,76.429,76.448,76.396,76.427,2247,17172.5365
1784523660000,76.411,76.411,76.377,76.377,270,2062.562
1784523720000,76.37,76.379,76.351,76.351,701,5353.3657
1784523780000,76.346,76.349,76.244,76.325,4073,31075.1694
1784523840000,76.32,76.32,76.282,76.313,6043,46115.5166
1784523900000,76.277,76.277,76.194,76.272,4424,33732.8032
1784523960000,76.252,76.31,76.247,76.31,1537,11727.2717
1784524020000,76.349,76.35,76.313,76.313,2787,21276.3274
1784524080000,76.333,76.342,76.262,76.291,1343,10246.9448
1784524140000,76.282,76.282,76.22,76.23,802,6115.9876
1784524200000,76.204,76.204,76.139,76.139,5956,45365.4053
1784524260000,76.123,76.123,75.972,76.032,15905,120908.0293
1784524320000,76.045,76.045,75.857,75.879,19237,146038.9603
1784524380000,75.877,76.023,75.733,76.023,15582,118178.3713
1784524440000,76.017,76.056,75.999,76.047,7872,59848.8586
1784524500000,76.035,76.035,75.926,76.005,6339,48175.9776
1784524560000,76.004,76.096,75.995,76.076,2483,18883.0425
1784524620000,76.052,76.1,76.05,76.086,1801,13701.9888
1784524680000,76.088,76.147,76.079,76.146,1409,10727.9848
1784524740000,76.16,76.211,76.152,76.201,1305,9942.7658
1784524800000,76.205,76.232,76.184,76.197,4792,36513.3028
1784524860000,76.179,76.208,76.083,76.083,668,5089.3
1784524920000,76.107,76.117,75.999,75.999,2394,18210.3149
1784524980000,75.982,75.982,75.894,75.949,1226,9306.8165
1784525040000,75.978,76.014,75.955,76.014,754,5729.4307
1784525100000,76.006,76.017,75.957,76.015,368,2795.9416
1784525160000,76.023,76.035,76.021,76.021,1128,8575.5898
1784525220000,76.052,76.085,76.028,76.085,948,7209.7319
1784525280000,76.059,76.059,76.018,76.052,1808,13749.1489
1784525340000,76.036,76.036,76.029,76.029,566,4303.4542
1784525400000,76.005,76.028,75.977,76.014,9126,69344.3475
1784525460000,76.012,76.034,75.993,76.005,972,7388.8257
1784525520000,76.044,76.081,76.005,76.077,9057,68880.7806
1784525580000,76.082,76.111,76.024,76.044,1081,8222.7717
1784525640000,76.039,76.039,75.998,76.016,1118,8499.0555
1784525700000,76.0,76.034,76.0,76.027,963,7321.2682
1784525760000,76.007,76.015,75.969,75.998,14198,107897.6854
1784525820000,75.952,75.972,75.925,75.932,6366,48355.1917
1784525880000,75.945,76.007,75.936,76.007,3035,23049.4398
1784525940000,75.976,75.977,75.938,75.957,604,4587.1752
1784526000000,75.956,75.991,75.956,75.986,920,6989.4974
1784526060000,75.99,76.041,75.937,75.937,809,6147.0453
1784526120000,75.928,75.96,75.901,75.943,2681,20358.8148
1784526180000,75.911,75.999,75.907,75.982,1972,14978.8538
1784526240000,75.964,75.981,75.942,75.942,522,3965.0758
1784526300000,75.919,75.919,75.864,75.919,761,5775.7244
1784526360000,75.905,75.905,75.85,75.876,2483,18841.7491
1784526420000,75.859,75.882,75.859,75.863,150,1138.1374
1784526480000,75.916,75.923,75.882,75.882,1260,9564.5098
1784526540000,75.878,75.878,75.839,75.869,1382,10483.0054
1784526600000,75.883,75.883,75.846,75.846,666,5053.0038
1784526660000,75.839,75.856,75.839,75.856,475,3602.5007
1784526720000,75.851,75.851,75.763,75.81,11461,86886.8324
1784526780000,75.817,75.858,75.809,75.83,1268,9614.911
1784526840000,75.819,75.819,75.798,75.802,685,5192.6478
1784526900000,75.764,75.796,75.764,75.792,496,3758.5318
1784526960000,75.793,75.871,75.793,75.871,948,7190.5162
1784527020000,75.882,75.925,75.882,75.895,1693,12850.9795
1784527080000,75.908,75.908,75.888,75.892,3992,30297.0813
1784527140000,75.856,75.872,75.819,75.872,1391,10548.5388
1784527200000,75.876,75.893,75.831,75.866,3153,23918.979
1784527260000,75.863,75.944,75.859,75.892,10554,80096.0136
1784527320000,75.874,75.874,75.824,75.84,751,5696.4081
1784527380000,75.839,75.925,75.834,75.925,1388,10530.4421
1784527440000,75.928,75.942,75.922,75.922,671,5094.767
1784527500000,75.923,75.952,75.815,75.825,1924,14601.9356
1784527560000,75.855,75.956,75.855,75.956,174494,1324654.5034
1784527620000,75.957,75.986,75.956,75.975,1875,14244.7668
1784527680000,75.964,75.981,75.937,75.981,444,3373.1145
1784527740000,75.968,75.968,75.914,75.919,701,5323.2325
1784527800000,75.91,75.91,75.853,75.858,928,7042.5226
1784527860000,75.881,75.892,75.857,75.857,2186,16586.4504
1784527920000,75.869,75.939,75.869,75.939,1632,12387.8247
1784528100000,75.951,75.976,75.93,75.976,1538,11681.5068
1784528160000,75.973,75.995,75.972,75.975,1446,10986.6295
1784528220000,75.922,75.922,75.907,75.922,271,2057.2717
1784528280000,75.889,75.889,75.871,75.871,1247,9461.7156
1784528340000,75.865,75.952,75.865,75.951,13348,101365.0471
1784528400000,75.955,75.983,75.942,75.983,568,4315.0586
1784528460000,75.997,75.997,75.98,75.992,1204,9149.4423
1784528520000,75.955,75.988,75.934,75.988,1130,8582.9313
1784528580000,75.988,76.004,75.984,75.991,238,1808.5961
1784528640000,75.943,75.943,75.882,75.882,162,1229.7792
1784528700000,75.818,75.878,75.818,75.878,575,4361.1964
1784528760000,75.883,75.916,75.883,75.911,363,2755.213
1784546700000,76.34,76.384,76.34,76.384,2422,18491.5717
1784546760000,76.403,76.403,76.396,76.396,369,2819.2252
1784546820000,76.383,76.395,76.377,76.384,2064,15766.4867
1784546880000,76.403,76.403,76.398,76.398,141,1077.2623
1784546940000,76.4,76.4,76.381,76.381,812,6202.4819
1784547000000,76.361,76.633,76.352,76.499,94558,723314.3322
1784547060000,76.497,76.56,76.486,76.541,6539,50041.202
1784547120000,76.545,76.83,76.534,76.784,40049,307162.6287
1784547180000,76.828,76.828,76.658,76.676,18569,142479.661
1784547240000,76.678,76.839,76.678,76.826,10923,83884.719
1784547300000,76.84,76.999,76.817,76.916,13604,104658.0963
1784547360000,76.918,77.096,76.918,76.967,42661,328439.0501
1784547420000,76.98,77.028,76.98,77.015,2524,19436.0422
1784547480000,77.04,77.093,76.999,77.042,105217,810629.5843
1784547540000,77.036,77.064,77.032,77.046,7861,60569.472
1784547600000,77.033,77.093,77.025,77.04,8485,65381.892
1784547660000,77.044,77.068,76.99,77.014,40258,310103.8949
1784547720000,77.014,77.093,77.014,77.093,7170,55258.5347
1784547780000,77.094,77.139,77.017,77.024,8673,66844.641
1784547840000,77.033,77.033,76.925,76.941,15097,116223.9653
1784547900000,76.956,77.047,76.956,77.0,16607,127891.777
1784547960000,76.998,77.095,76.998,77.094,43057,331703.9632
1784548020000,77.096,77.147,77.036,77.136,38239,294850.9427
1784548080000,77.148,77.148,76.994,77.032,2413,18589.2555
1784548140000,77.029,77.093,77.023,77.092,3625,27932.8153
1784548200000,77.081,77.082,77.007,77.04,8440,65031.0113
1784548260000,77.034,77.047,76.982,77.047,7403,57010.1256
1784548320000,77.055,77.111,77.055,77.082,6633,51134.4549
1784548380000,77.085,77.093,77.061,77.061,2420,18652.524
1784548440000,77.043,77.043,76.993,77.017,2299,17707.4951
1784548500000,77.023,77.034,76.996,77.001,5382,41448.1821
1784548560000,77.007,77.037,76.956,77.002,10544,81185.4029
1784548620000,77.011,77.119,77.011,77.119,5001,38536.4592
1784548680000,77.126,77.198,77.12,77.12,9015,69562.3462
1784548740000,77.126,77.14,77.071,77.095,2076,16008.226
1784548800000,77.097,77.098,77.011,77.022,4299,33119.1058
1784548860000,77.038,77.06,76.971,77.013,10235,78820.1683
1784548920000,76.999,77.012,76.784,76.784,48060,369526.9216
1784548980000,76.802,76.849,76.686,76.692,48112,369360.6236
1784549040000,76.693,76.843,76.674,76.843,7020,53893.865
1784549100000,76.843,76.881,76.789,76.881,6832,52504.1689
1784549160000,76.876,76.876,76.869,76.869,417,3205.6893
1784549220000,76.875,76.902,76.861,76.902,671,5158.507
1784549280000,76.878,76.906,76.878,76.902,263,2022.3824
1784549340000,76.887,76.929,76.886,76.921,1005,7728.9773
1784549400000,76.894,76.894,76.846,76.846,993,7634.4238
1784549460000,76.828,76.828,76.783,76.797,5702,43794.1963
1784549520000,76.786,76.789,76.767,76.789,1420,10901.9065
1784549580000,76.772,76.793,76.772,76.778,2525,19388.2168
1784549640000,76.785,76.828,76.785,76.825,914,7020.8926
1784549700000,76.831,76.845,76.788,76.845,7777,59739.9063
1784549760000,76.856,76.856,76.856,76.856,31,238.2536
1784549820000,76.882,76.913,76.869,76.869,4341,33381.7583
1784549880000,76.88,76.88,76.859,76.879,1858,14282.7185
1784549940000,76.84,76.84,76.812,76.817,727,5585.7956
1784550000000,76.8,76.81,76.783,76.81,1162,8923.3272
1784550060000,76.819,76.839,76.811,76.812,820,6298.9643
1784550120000,76.822,76.825,76.809,76.812,3430,26349.4407
1784550180000,76.798,76.822,76.798,76.816,334,2565.5492
1784550240000,76.821,76.821,76.801,76.801,46,353.3106
1784550300000,76.782,76.782,76.722,76.735,1258,9653.3676
1784550360000,76.752,76.834,76.752,76.818,791,6074.6169
1784550420000,76.812,76.812,76.787,76.81,1742,13378.1786
1784550480000,76.829,76.842,76.812,76.818,911,6999.3371
1784550540000,76.81,76.818,76.807,76.812,1759,13511.3236
1784550600000,76.817,76.829,76.747,76.768,7352,56453.2689
1784550660000,76.772,76.812,76.764,76.783,1300,9983.61
1784550720000,76.771,76.794,76.715,76.776,10166,78023.3632
1784550780000,76.781,76.805,76.729,76.729,947,7271.9229
1784550840000,76.7,76.822,76.7,76.822,854,6553.429
1784550900000,76.855,76.876,76.855,76.876,586,4503.8954
1784550960000,76.881,76.881,76.852,76.864,31246,240212.247
1784551020000,76.86,76.88,76.848,76.852,15313,117709.7082
1784551080000,76.821,76.831,76.804,76.831,335,2573.1107
1784551140000,76.832,76.835,76.773,76.773,351,2695.5475
1784551200000,76.78,76.78,76.78,76.78,41,314.798
1784551260000,76.743,76.778,76.737,76.778,240,1842.2382
1784551320000,76.786,76.817,76.733,76.733,31079,238691.9696
1784551380000,76.719,76.719,76.711,76.711,566,4342.2874
1784551440000,76.689,76.689,76.629,76.631,3023,23175.0468
1784551500000,76.64,76.752,76.64,76.743,11477,88076.4019
1784551560000,76.739,76.762,76.739,76.752,1701,13054.9427
1784551620000,76.76,76.776,76.732,76.754,2204,16917.2307
1784551680000,76.759,76.809,76.759,76.801,583,4476.9417
1784551740000,76.813,76.856,76.813,76.856,18,138.2763
1784551800000,76.861,76.863,76.824,76.827,4425,34010.189
1784551860000,76.84,76.84,76.816,76.816,359,2758.0232
1784551920000,76.805,76.82,76.78,76.78,918,7051.8021
1784551980000,76.768,76.768,76.733,76.733,3018,23163.2869
1784552040000,76.744,76.77,76.741,76.741,1557,11949.5806
1784552100000,76.729,76.741,76.729,76.741,409,3138.5429
1784552160000,76.697,76.722,76.688,76.722,1195,9166.3073
1784552220000,76.728,76.728,76.697,76.698,3358,25761.458
1784552280000,76.703,76.719,76.66,76.66,1487,11403.5417
1784552340000,76.664,76.67,76.663,76.67,439,3365.7096
1784552400000,76.689,76.751,76.689,76.75,10868,83394.3037
1784552460000,76.76,76.781,76.758,76.763,2048,15722.7661
1784552520000,76.752,76.758,76.713,76.713,875,6715.2415
1784552580000,76.716,76.736,76.716,76.736,272,2087.1152
1784552640000,76.774,76.774,76.756,76.756,255,1957.6794
1784552700000,76.757,76.781,76.757,76.772,891,6839.9973
1784552760000,76.771,76.771,76.723,76.725,1998,15336.2044
1784552820000,76.719,76.727,76.698,76.698,1235,9475.2175
1784552880000,76.704,76.736,76.704,76.713,383,2938.7976
1784552940000,76.712,76.762,76.712,76.762,1327,10181.9579
1784553000000,76.762,76.762,76.704,76.704,3328,25537.1184
1784553060000,76.714,76.747,76.714,76.744,1211,9293.7344
1784553120000,76.758,76.767,76.724,76.743,1677,12868.8046
1784553180000,76.746,76.746,76.684,76.684,329,2523.7308
1784553240000,76.681,76.692,76.678,76.678,2045,15681.2778
1784553300000,76.678,76.697,76.678,76.688,655,5023.0682
1784553360000,76.686,76.687,76.686,76.687,554,4248.4098
1784553420000,76.709,76.709,76.706,76.706,1800,13807.3107
1784553480000,76.715,76.765,76.71,76.765,2983,22889.5287
1784553540000,76.782,76.784,76.76,76.76,3953,30350.2997
1784553600000,76.764,76.764,76.762,76.762,59,452.9022
1784553660000,76.765,76.765,76.74,76.74,930,7137.4501
1784553720000,76.724,76.724,76.657,76.657,10871,83359.2557
1784553780000,76.652,76.664,76.58,76.582,24177,185279.935
1784553840000,76.581,76.628,76.581,76.616,10038,76901.9295
1784553900000,76.613,76.613,76.535,76.593,11550,88446.1823
1784553960000,76.603,76.653,76.593,76.636,5111,39161.9717
1784554020000,76.635,76.65,76.606,76.606,2773,21249.7827
1784554080000,76.601,76.708,76.563,76.708,12223,93686.9781
1784554140000,76.697,76.698,76.67,76.698,2217,16999.913
1784554200000,76.706,76.791,76.642,76.791,21795,167215.6938
1784554260000,76.786,76.801,76.714,76.725,4129,31696.6283
1784554320000,76.717,76.781,76.682,76.776,2607,20001.4232
1784554380000,76.766,76.913,76.764,76.911,6675,51295.7863
1784554440000,76.901,76.981,76.842,76.961,9387,72215.6519
1784554500000,76.956,77.049,76.915,76.915,39166,301548.1415
1784554560000,76.917,76.966,76.88,76.887,6271,48230.9085
1784554620000,76.897,76.996,76.892,76.996,8490,65330.6889
1784554680000,76.999,77.086,76.909,76.909,3479,26792.5039
1784554740000,76.933,76.963,76.893,76.963,3890,29925.9501
1784554800000,76.941,76.975,76.866,76.866,8810,67803.9879
1784554860000,76.856,76.932,76.826,76.883,6150,47276.6029
1784554920000,76.881,76.905,76.871,76.905,2402,18468.3857
1784554980000,76.901,76.918,76.89,76.913,2369,18217.5233
1784555040000,76.91,76.929,76.89,76.89,2599,19989.2766
1784555100000,76.882,76.893,76.759,76.784,7511,57712.1593
1784555160000,76.784,76.796,76.629,76.632,13039,100000.848
1784555220000,76.62,76.623,76.437,76.613,32984,252427.1606
1784555280000,76.623,76.699,76.599,76.677,3621,27747.7595
1784555340000,76.737,76.809,76.737,76.758,2638,20249.0686
1784555400000,76.799,76.851,76.696,76.696,3065,23539.2091
1784555460000,76.685,76.819,76.682,76.734,8839,67820.893
1784555520000,76.733,76.751,76.577,76.598,64362,493301.0987
1784555580000,76.605,76.629,76.461,76.473,46584,356436.3516
1784555640000,76.455,76.467,76.36,76.37,19508,149078.0218
1784555700000,76.372,76.451,76.248,76.297,13962,106631.022
1784555760000,76.297,76.299,76.219,76.264,11452,87330.0391
1784555820000,76.268,76.268,76.093,76.121,24329,185250.306
1784555880000,76.12,76.238,76.093,76.155,33822,257700.9641
1784555940000,76.155,76.244,76.153,76.232,22953,174950.5934
1784556000000,76.235,76.263,76.194,76.208,24579,187378.6716
1784556060000,76.196,76.249,76.098,76.249,229627,1748726.946
1784556120000,76.258,76.373,76.229,76.28,103350,788670.4715
1784556180000,76.28,76.354,76.248,76.336,40916,312209.0192
1784556240000,76.34,76.379,76.288,76.288,6183,47206.8608
1784556300000,76.292,76.379,76.234,76.364,17847,136205.7211
1784556360000,76.352,76.395,76.313,76.317,10126,77317.1985
1784556420000,76.337,76.337,76.234,76.311,1527,11646.773
1784556480000,76.296,76.302,76.134,76.134,4140,31535.1818
1784556540000,76.129,76.316,76.129,76.289,9373,71452.8386
1784556600000,76.283,76.283,76.14,76.157,2871,21872.2688
1784556660000,76.143,76.183,76.104,76.122,2898,22066.0939
1784556720000,76.116,76.116,76.048,76.058,85913,653589.0204
1784556780000,76.056,76.129,75.964,76.129,47448,360679.312
1784556840000,76.11,76.124,76.026,76.054,1358,10336.5639
1784556900000,76.079,76.137,76.044,76.108,3655,27816.6629
1784556960000,76.116,76.116,76.001,76.001,204,1551.3898
1784557020000,76.006,76.021,75.951,75.996,1383,10508.4363
1784557080000,75.91,75.98,75.904,75.979,799,6067.1098
1784557140000,75.984,76.033,75.956,75.991,2091,15891.0991
1784557200000,75.986,76.009,75.911,75.984,7130,54168.9057
1784557260000,75.923,75.923,75.771,75.78,13139,99621.3191
1784557320000,75.803,75.908,75.774,75.908,2719,20608.8279
1784557380000,75.927,76.023,75.892,76.023,3562,27056.9573
1784557440000,76.033,76.153,76.028,76.13,4430,33715.1064
1784557500000,76.109,76.178,76.109,76.17,2566,19541.1898
1784557560000,76.182,76.235,76.171,76.233,4090,31163.7759
1784557620000,76.237,76.285,76.214,76.285,1288,9819.6969
1784557680000,76.266,76.29,76.244,76.273,4129,31489.4375
1784557740000,76.29,76.317,76.263,76.317,1116,8515.4209
1784557800000,76.323,76.351,76.293,76.334,3053,23302.4289
1784557860000,76.329,76.336,76.278,76.322,7036,53686.509
1784557920000,76.31,76.31,76.236,76.27,2113,16114.9557
1784557980000,76.27,76.273,76.243,76.243,835,6367.9787
1784558040000,76.242,76.278,76.236,76.26,2744,20922.3889
1784558100000,76.273,76.286,76.254,76.262,1596,12171.4517
1784558160000,76.285,76.293,76.179,76.179,658,5013.2816
1784558220000,76.159,76.159,76.142,76.153,178,1355.5302
1784558280000,76.153,76.193,76.122,76.156,2830,21548.798
1784558340000,76.152,76.207,76.15,76.207,1052,8014.2374
1784558400000,76.208,76.261,76.2,76.261,1396,10638.6561
1784558460000,76.282,76.287,76.199,76.199,989,7541.7568
1784558520000,76.233,76.244,76.231,76.244,1471,11214.3929
1784558580000,76.236,76.25,76.182,76.182,2596,19790.6205
1784558640000,76.181,76.22,76.181,76.197,670,5106.3163
1784576700000,77.509,77.578,77.5,77.5,11652,90344.0576
1784576760000,77.483,77.496,77.457,77.496,1752,13572.3673
1784576820000,77.492,77.496,77.478,77.481,1080,8368.5933
1784576880000,77.478,77.518,77.478,77.518,577,4472.2816
1784576940000,77.545,77.545,77.545,77.545,423,3280.1535
1784577000000,77.541,77.558,77.46,77.543,14897,115455.8006
1784577060000,77.546,77.546,77.43,77.496,1957,15168.406
1784577120000,77.506,77.585,77.468,77.585,13676,106041.3077
1784577180000,77.578,77.594,77.573,77.585,2049,15896.1503
1784577240000,77.586,77.586,77.586,77.586,559,4337.0574
1784577300000,77.602,77.616,77.58,77.581,3874,30061.78
1784577360000,77.582,77.599,77.582,77.599,695,5392.2974
1784577420000,77.6,77.615,77.6,77.611,217,1684.0478
1784577480000,77.581,77.603,77.58,77.59,2169,16830.0067
1784577540000,77.611,77.653,77.553,77.589,23419,181721.4505
1784577600000,77.605,77.663,77.566,77.592,3748,29099.4757
1784577660000,77.591,77.617,77.58,77.58,1216,9436.0175
1784577720000,77.57,77.57,77.501,77.501,308,2388.5688
1784577780000,77.519,77.52,77.504,77.52,259,2007.4038
1784577840000,77.527,77.576,77.527,77.573,498,3862.6483
1784577900000,77.581,77.627,77.565,77.626,1925,14935.9295
1784577960000,77.622,77.683,77.622,77.67,4132,32083.5566
1784578020000,77.671,77.671,77.595,77.633,527,4091.1324
1784578080000,77.632,77.639,77.617,77.627,73,566.708
1784578140000,77.612,77.629,77.593,77.593,752,5837.1946
1784578200000,77.59,77.596,77.582,77.582,470,3646.789
1784578260000,77.568,77.591,77.565,77.591,122,946.4157
1784578320000,77.594,77.673,77.594,77.667,2145,16655.7963
1784578380000,77.662,77.671,77.654,77.671,3988,30971.6647
1784578440000,77.666,77.682,77.666,77.679,1131,8784.6653
1784578500000,77.681,77.707,77.667,77.668,1442,11202.4797
1784578560000,77.664,77.716,77.643,77.688,1809,14052.3813
1784578620000,77.69,77.69,77.612,77.631,1312,10187.3451
1784578680000,77.644,77.644,77.616,77.629,1221,9477.6288
1784578740000,77.641,77.673,77.641,77.666,604,4690.1031
1784578800000,77.676,77.753,77.676,77.736,2686,20869.263
1784578860000,77.732,77.732,77.693,77.711,1945,15117.2196
1784578920000,77.716,77.751,77.716,77.744,2859,22226.5197
1784578980000,77.746,77.749,77.737,77.737,1130,8785.2209
1784579040000,77.732,77.739,77.732,77.739,89,691.8646
1784579100000,77.74,77.815,77.74,77.815,2284,17764.7874
1784579160000,77.831,77.832,77.72,77.72,1277,9932.771
1784579220000,77.722,77.755,77.722,77.728,795,6179.8703
1784579280000,77.728,77.782,77.728,77.779,1142,8880.4781
1784579340000,77.763,77.807,77.75,77.798,2935,22823.4904
1784579400000,77.795,77.82,77.795,77.805,865,6730.8914
1784579460000,77.818,77.855,77.818,77.855,1332,10366.352
1784579520000,77.863,77.934,77.85,77.921,2437,18983.4674
1784579580000,77.922,77.993,77.899,77.946,10247,79902.6738
1784579640000,77.923,77.967,77.918,77.948,1437,11200.1968
1784579700000,77.938,77.965,77.938,77.965,1107,8629.0072
1784579760000,77.964,78.016,77.964,78.011,1577,12300.5763
1784579820000,78.018,78.02,77.989,78.013,2661,20755.7401
1784579880000,78.011,78.012,77.883,77.962,11215,87432.627
1784579940000,77.957,77.957,77.921,77.923,3168,24690.477
1784580000000,77.924,77.925,77.875,77.875,3653,28462.2363
1784580060000,77.883,77.883,77.834,77.851,5222,40656.0597
1784580120000,77.854,77.854,77.813,77.814,2176,16936.6561
1784580180000,77.788,77.832,77.778,77.803,6010,46756.3504
1784580240000,77.811,77.85,77.811,77.85,1756,13667.7417
1784580300000,77.853,77.873,77.848,77.873,638,4967.1925
1784580360000,77.872,77.912,77.871,77.912,1215,9462.4146
1784580420000,77.905,77.905,77.89,77.893,872,6793.0807
1784580480000,77.897,77.919,77.82,77.837,9261,72132.0037
1784580540000,77.849,77.865,77.845,77.85,598,4655.5504
1784580600000,77.85,77.853,77.829,77.853,544,4234.5475
1784580660000,77.846,77.846,77.789,77.796,1413,10995.1082
1784580720000,77.796,77.814,77.796,77.814,2410,18750.9205
1784580780000,77.81,77.832,77.81,77.832,17,132.2862
1784580840000,77.832,77.891,77.831,77.891,1083,8432.0231
1784580900000,77.894,77.911,77.894,77.911,29,225.9037
1784580960000,77.852,77.852,77.84,77.842,183,1424.5242
1784581020000,77.857,77.875,77.849,77.875,632,4921.0448
1784581080000,77.874,77.876,77.838,77.876,5067,39445.755
1784581140000,77.881,77.883,77.851,77.854,737,5739.2473
1784581200000,77.838,77.838,77.801,77.816,1035,8054.4682
1784581260000,77.829,77.829,77.829,77.829,24,186.7896
1784581320000,77.827,77.827,77.823,77.823,48,373.5532
1784581380000,77.823,77.836,77.823,77.831,685,5331.6398
1784581440000,77.823,77.881,77.819,77.881,538,4187.4164
1784581500000,77.899,77.946,77.899,77.946,534,4161.1728
1784581560000,77.956,77.956,77.902,77.902,931,7255.4804
1784581620000,77.889,77.889,77.863,77.865,597,4649.3473
1784581680000,77.877,77.877,77.837,77.846,2242,17454.0553
1784581740000,77.839,77.842,77.839,77.842,729,5674.5663
1784581800000,77.904,77.937,77.904,77.934,1151,8969.3884
1784581860000,77.925,77.925,77.908,77.908,951,7409.5856
1784581920000,77.895,77.895,77.869,77.874,463,3605.7272
1784581980000,77.871,77.967,77.871,77.89,3195,24892.8645
1784582040000,77.918,77.918,77.875,77.875,895,6972.1508
1784582100000,77.879,77.919,77.867,77.909,2913,22688.5109
1784582160000,77.915,77.927,77.915,77.927,423,3296.1597
1784582220000,77.917,77.923,77.917,77.923,523,4075.3606
1784582280000,77.928,77.928,77.889,77.889,767,5976.3849
1784582400000,77.902,77.975,77.88,77.975,4172,32505.718
1784582460000,77.969,77.969,77.936,77.968,1607,12528.3663
1784582520000,77.958,77.981,77.957,77.981,876,6830.1489
1784582580000,77.982,77.998,77.972,77.972,1058,8249.6893
1784582700000,77.96,77.96,77.91,77.915,798,6217.7613
1784582760000,77.919,77.942,77.916,77.942,598,4660.0729
1784582820000,77.941,77.941,77.936,77.936,440,3429.1985
1784582880000,77.924,77.924,77.882,77.882,693,5398.9555
1784582940000,77.879,77.909,77.879,77.909,1370,10672.3561
1784583000000,77.91,77.939,77.887,77.887,1654,12887.6105
1784583060000,77.882,77.887,77.882,77.887,210,1635.556
1784583120000,77.905,77.969,77.905,77.93,1696,13215.7693
1784583180000,77.929,77.929,77.918,77.921,1110,8649.5513
1784583240000,77.922,77.937,77.922,77.937,1352,10536.8524
1784583300000,77.964,77.964,77.94,77.946,856,6672.2501
1784583360000,77.939,77.956,77.939,77.956,124,966.5932
1784583420000,77.95,77.986,77.95,77.982,1963,15306.0672
1784583480000,77.974,77.974,77.915,77.915,1449,11296.5199
1784583540000,77.912,77.916,77.905,77.912,794,6186.1173
1784583600000,77.906,77.93,77.905,77.926,2510,19558.5136
1784583660000,77.922,77.922,77.922,77.922,2,15.5844
1784583720000,77.92,77.921,77.92,77.921,310,2415.5499
1784583780000,77.906,77.925,77.906,77.916,143,1114.1796
1784583840000,77.918,77.918,77.84,77.84,6734,52444.9514
1784583900000,77.889,77.908,77.889,77.9,503,3918.3705
1784583960000,77.905,77.91,77.905,77.91,447,3482.401
1784584020000,77.913,77.913,77.895,77.895,1230,9582.731
1784584080000,77.886,77.886,77.838,77.838,772,6009.7287
1784584140000,77.831,77.831,77.793,77.8,3746,29147.6026
1784584200000,77.792,77.801,77.775,77.775,747,5810.7957
1784584260000,77.766,77.783,77.758,77.783,1120,8710.2646
1784584320000,77.78,77.78,77.755,77.755,148,1150.958
1784584440000,77.772,77.777,77.771,77.777,1677,13042.5091
1784584500000,77.814,77.814,77.787,77.787,1091,8488.6173
1784584560000,77.788,77.788,77.706,77.743,5850,45474.244
1784584620000,77.74,77.74,77.706,77.726,572,4445.7644
1784584680000,77.733,77.757,77.733,77.755,2983,23192.2909
1784584740000,77.77,77.77,77.712,77.712,675,5247.0617
1784584800000,77.72,77.72,77.611,77.636,5137,39906.8615
1784584860000,77.65,77.654,77.592,77.607,1286,9982.1153
1784584920000,77.644,77.679,77.583,77.639,8472,65764.7514
1784584980000,77.63,77.669,77.62,77.639,886,6878.3281
1784585040000,77.649,77.669,77.627,77.627,2173,16872.9966
1784585100000,77.618,77.639,77.599,77.606,241,1870.359
1784585160000,77.609,77.675,77.609,77.663,6159,47827.2689
1784585220000,77.677,77.728,77.677,77.691,2873,22323.6776
1784585280000,77.692,77.712,77.692,77.696,960,7459.7373
1784585340000,77.692,77.727,77.692,77.727,371,2882.9648
1784585400000,77.732,77.751,77.729,77.751,673,5231.6669
1784585460000,77.755,77.798,77.739,77.739,1903,14800.8756
1784585520000,77.721,77.766,77.721,77.737,167,1298.501
1784585580000,77.732,77.748,77.726,77.726,191,1484.894
1784585640000,77.725,77.732,77.711,77.712,108,839.4453
1784585700000,77.714,77.714,77.622,77.642,1111,8627.6329
1784585760000,77.661,77.673,77.659,77.673,121,939.7451
1784585820000,77.674,77.674,77.579,77.579,1558,12090.6595
1784585880000,77.594,77.663,77.594,77.617,3644,28290.9541
1784585940000,77.612,77.635,77.612,77.635,698,5418.589
1784586060000,77.675,77.675,77.664,77.668,268,2081.4184
1784586120000,77.669,77.669,77.669,77.669,26,201.9394
1784586180000,77.667,77.667,77.655,77.655,883,6857.5751
1784586240000,77.642,77.644,77.642,77.644,215,1669.3442
1784586300000,77.659,77.659,77.659,77.659,10,77.659
1784586360000,77.636,77.636,77.636,77.636,5,38.818
1784586420000,77.636,77.636,77.611,77.63,2118,16440.4888
1784586480000,77.626,77.63,77.626,77.629,214,1661.2777
1784586540000,77.62,77.64,77.62,77.638,372,2887.97
1784586600000,77.64,77.67,77.64,77.662,2113,16409.6229
1784586660000,77.671,77.671,77.646,77.646,134,1040.6328
1784586720000,77.646,77.657,77.623,77.626,1171,9091.5375
1784586780000,77.62,77.62,77.613,77.613,70,543.3358
1784586840000,77.605,77.605,77.513,77.519,1997,15490.9542
1784586900000,77.536,77.551,77.515,77.551,3005,23297.2549
1784586960000,77.563,77.576,77.563,77.576,690,5352.2869
1784587020000,77.562,77.562,77.533,77.542,1121,8692.9407
1784587080000,77.533,77.533,77.516,77.516,1022,7922.7887
1784587140000,77.521,77.535,77.462,77.462,10429,80838.445
1784587200000,77.462,77.475,77.421,77.434,9916,76794.1908
1784587260000,77.432,77.432,77.432,77.432,344,2663.6608
1784587320000,77.429,77.442,77.429,77.442,547,4235.508
1784587380000,77.433,77.445,77.433,77.441,1216,9416.9016
1784587440000,77.43,77.43,77.423,77.426,1198,9275.4965
1784587500000,77.454,77.472,77.446,77.446,865,6700.2255
1784587560000,77.45,77.45,77.448,77.448,255,1974.934
1784587620000,77.441,77.476,77.441,77.469,3043,23572.2852
1784587740000,77.481,77.481,77.48,77.48,274,2122.9743
1784587800000,77.472,77.472,77.43,77.43,999,7736.2168
1784587860000,77.45,77.45,77.435,77.435,262,2028.8612
1784587980000,77.434,77.434,77.422,77.43,1848,14307.8458
1784588040000,77.426,77.426,77.422,77.422,296,2291.7428
1784588100000,77.42,77.43,77.4,77.425,664,5140.5598
1784588160000,77.401,77.422,77.401,77.422,201,1556.0846
1784588220000,77.413,77.414,77.407,77.414,808,6254.8191
1784588280000,77.416,77.421,77.416,77.421,462,3576.6582
1784588400000,77.411,77.411,77.4,77.4,569,4404.3223
1784588460000,77.394,77.413,77.394,77.398,1291,9992.3238
1784588520000,77.392,77.454,77.389,77.454,6086,47109.8158
1784588580000,77.451,77.451,77.445,77.445,500,3872.2866
1784588640000,77.451,77.482,77.451,77.474,975,7553.7604
1784588700000,77.477,77.505,77.477,77.505,406,3146.2458
1784588760000,77.515,77.529,77.508,77.529,1634,12665.8309
1784588820000,77.531,77.579,77.531,77.556,219,1698.5568
1784588880000,77.582,77.585,77.552,77.567,668,5181.4224
1784588940000,77.574,77.574,77.572,77.572,85,659.3676
1784589000000,77.572,77.577,77.56,77.577,410,3180.3418
1784589060000,77.561,77.561,77.553,77.553,167,1295.2396
1784606700000,78.272,78.285,78.252,78.285,68,532.2674
1784606760000,78.269,78.336,78.269,78.329,1167,9137.9313
1784606820000,78.356,78.362,78.356,78.362,170,1332.0748
1784606880000,78.348,78.348,78.348,78.348,66,517.0968
1784606940000,78.323,78.323,78.228,78.228,84,657.2927
1784607000000,78.215,78.215,78.2,78.202,2024,15828.0472
1784607060000,78.195,78.199,78.139,78.139,5997,46883.2044
1784607120000,78.14,78.166,78.082,78.082,18838,147182.7245
1784607180000,78.083,78.105,78.077,78.089,6341,49514.9059
1784607240000,78.09,78.091,78.09,78.09,40,312.3626
1784607300000,78.081,78.089,78.035,78.053,1850,14442.5637
1784607360000,78.051,78.051,78.014,78.014,3469,27066.16
1784607420000,78.006,78.006,77.982,77.998,1329,10364.9816
1784607480000,78.008,78.082,78.008,78.082,1945,15179.4783
1784607540000,78.123,78.133,78.108,78.13,3968,31000.9254
1784607600000,78.11,78.163,78.11,78.163,526,4110.2463
1784607660000,78.16,78.188,78.158,78.188,130,1016.1128
1784607720000,78.195,78.228,78.151,78.158,2131,16657.0915
1784607780000,78.142,78.142,78.122,78.122,3652,28533.5462
1784607840000,78.11,78.11,78.044,78.045,3908,30506.6525
1784607900000,78.04,78.059,78.036,78.036,819,6392.0235
1784607960000,78.039,78.039,77.995,77.995,427,3331.0618
1784608020000,77.996,78.007,77.989,78.007,1576,12292.0782
1784608080000,78.024,78.034,78.009,78.009,1064,8301.4664
1784608140000,78.014,78.021,77.983,77.989,525,4095.3767
1784608200000,78.008,78.011,77.986,78.009,1404,10950.4468
1784608260000,78.026,78.064,78.026,78.031,669,5220.799
1784608320000,78.041,78.078,78.041,78.05,1086,8476.7423
1784608380000,78.08,78.113,78.075,78.08,1783,13922.7512
1784608440000,78.111,78.111,78.067,78.067,670,5231.5712
1784608500000,78.093,78.133,78.082,78.087,6709,52396.3858
1784608560000,78.077,78.122,78.077,78.114,2972,23215.3776
1784608620000,78.144,78.203,78.144,78.199,3494,27313.8342
1784608680000,78.178,78.215,78.177,78.215,1095,8563.554
1784608740000,78.209,78.209,78.123,78.123,541,4227.8925
1784608800000,78.122,78.122,78.082,78.082,238,1858.9583
1784608860000,78.054,78.057,78.02,78.057,115,897.4989
1784608920000,78.062,78.062,78.04,78.049,2067,16134.5176
1784608980000,78.093,78.093,78.093,78.093,50,390.465
1784609040000,78.096,78.096,78.096,78.096,407,3178.5072
1784609100000,78.084,78.084,78.074,78.074,154,1202.3516
1784609160000,78.058,78.095,78.058,78.078,1023,7988.1148
1784609220000,78.111,78.123,78.111,78.12,418,3265.1853
1784609280000,78.117,78.117,78.117,78.117,2,15.6234
1784609340000,78.115,78.115,78.06,78.06,504,3935.2506
1784609400000,78.052,78.077,78.052,78.069,794,6198.0112
1784609460000,78.057,78.064,78.057,78.064,96,749.3696
1784609520000,78.079,78.092,78.079,78.08,783,6114.5459
1784609580000,78.089,78.127,78.067,78.067,489,3818.5577
1784609640000,78.072,78.074,78.048,78.074,1834,14316.0398
1784609700000,78.027,78.027,78.027,78.027,67,522.7809
1784609760000,78.046,78.046,78.046,78.046,72,561.9312
1784609820000,78.08,78.106,78.08,78.106,6035,47127.5211
1784609880000,78.106,78.106,78.106,78.106,1179,9208.6974
1784609940000,78.112,78.112,78.099,78.099,106,827.8962
1784610000000,78.088,78.112,78.076,78.112,274,2139.6422
1784610060000,78.122,78.165,78.122,78.164,569,4447.1074
1784610120000,78.159,78.159,78.159,78.159,202,1578.8118
1784610180000,78.162,78.182,78.144,78.182,230,1797.725
1784610240000,78.204,78.223,78.202,78.223,458,3582.382
1784610300000,78.228,78.241,78.109,78.116,2766,21618.3244
1784610360000,78.121,78.18,78.121,78.18,107,836.2133
1784610420000,78.18,78.18,78.18,78.18,57,445.626
1784610480000,78.2,78.239,78.2,78.218,912,7133.7989
1784610540000,78.198,78.207,78.198,78.207,626,4895.4504
1784610600000,78.189,78.189,78.189,78.189,20,156.378
1784610660000,78.191,78.221,78.191,78.221,93,727.3151
1784610720000,78.226,78.226,78.205,78.221,271,2119.6348
1784610780000,78.228,78.229,78.228,78.229,108,844.8679
1784610840000,78.243,78.243,78.206,78.214,357,2792.7421
1784610960000,78.176,78.176,78.151,78.151,407,3180.8057
1784611020000,78.147,78.199,78.147,78.199,902,7051.446
1784611080000,78.193,78.193,78.101,78.109,5872,45891.8259
1784611140000,78.161,78.161,78.146,78.146,191,1492.6771
1784611200000,78.118,78.132,78.109,78.132,592,4624.5818
1784611320000,78.156,78.156,78.156,78.156,24,187.5744
1784611380000,78.195,78.215,78.187,78.215,479,3745.3292
1784611440000,78.22,78.273,78.22,78.258,4753,37190.2698
1784611500000,78.266,78.266,78.257,78.257,815,6378.3227
1784611560000,78.282,78.319,78.282,78.319,309,2419.7773
1784611620000,78.333,78.346,78.328,78.328,4497,35230.5158
1784611680000,78.344,78.344,78.316,78.316,1423,11145.0431
1784611740000,78.319,78.357,78.304,78.344,1528,11968.6963
1784611800000,78.359,78.408,78.359,78.391,5099,39973.9823
1784611860000,78.381,78.384,78.334,78.334,838,6566.8079
1784611920000,78.353,78.359,78.33,78.33,678,5312.658
1784611980000,78.355,78.39,78.326,78.335,3426,26843.1075
1784612040000,78.348,78.348,78.346,78.346,212,1660.9652
1784612100000,78.409,78.409,78.409,78.409,136,1066.3624
1784612160000,78.409,78.409,78.375,78.375,101,791.6929
1784612220000,78.404,78.404,78.382,78.382,1935,15169.1357
1784612280000,78.348,78.348,78.311,78.311,1808,14159.6237
1784612340000,78.335,78.335,78.308,78.308,771,6038.8074
1784612400000,78.321,78.358,78.321,78.358,5038,39476.624
1784612460000,78.375,78.4,78.375,78.4,3071,24076.4625
1784612520000,78.408,78.408,78.377,78.388,3069,24058.1909
1784612580000,78.405,78.405,78.359,78.362,811,6357.2149
1784612640000,78.358,78.378,78.356,78.378,607,4756.5907
1784612700000,78.352,78.376,78.35,78.35,5351,41933.3876
1784612760000,78.404,78.432,78.404,78.432,140,1097.9525
1784612820000,78.435,78.436,78.418,78.433,1473,11553.0364
1784612880000,78.438,78.765,78.412,78.548,205535,1616839.8693
1784612940000,78.554,78.609,78.519,78.545,5136,40340.6794
1784613000000,78.54,78.551,78.47,78.47,1471,11551.5785
1784613060000,78.47,78.485,78.41,78.41,5147,40386.9808
1784613120000,78.455,78.516,78.455,78.473,2315,18169.3087
1784613180000,78.494,78.494,78.423,78.451,679,5327.0854
1784613240000,78.453,78.466,78.434,78.434,652,5114.8541
1784613300000,78.412,78.42,78.404,78.416,626,4908.796
1784613360000,78.407,78.434,78.4,78.4,776,6084.8412
1784613420000,78.411,78.447,78.407,78.41,6808,53394.9945
1784613480000,78.404,78.404,78.384,78.399,227,1779.6066
1784613540000,78.415,78.427,78.415,78.421,432,3387.6243
1784613600000,78.423,78.462,78.408,78.435,1563,12258.2826
1784613660000,78.427,78.562,78.423,78.562,1072,8412.4396
1784613720000,78.581,78.581,78.5,78.502,1467,11518.1019
1784613780000,78.476,78.487,78.468,78.487,354,2777.9349
1784613840000,78.485,78.494,78.469,78.469,478,3751.5152
1784613900000,78.49,78.49,78.46,78.484,604,4739.497
1784613960000,78.49,78.52,78.476,78.476,1890,14836.2404
1784614020000,78.464,78.464,78.394,78.395,303,2375.6395
1784614080000,78.394,78.404,78.375,78.399,2599,20373.2626
1784614140000,78.374,78.374,78.346,78.359,5613,43981.376
1784614200000,78.353,78.353,78.253,78.284,73545,575650.8649
1784614260000,78.302,78.332,78.293,78.327,2671,20918.8505
1784614320000,78.381,78.418,78.381,78.418,359,2814.8446
1784614380000,78.419,78.419,78.352,78.352,1476,11569.9431
1784614440000,78.343,78.343,78.334,78.334,120,940.0476
1784614500000,78.355,78.355,78.331,78.331,389,3047.4666
1784614560000,78.349,78.349,78.349,78.349,31,242.8819
1784614620000,78.316,78.316,78.3,78.3,161,1260.87
1784614680000,78.32,78.32,78.307,78.307,251,1965.7917
1784614740000,78.328,78.328,78.314,78.314,343,2686.607
1784614800000,78.29,78.29,78.282,78.282,171,1338.7542
1784614860000,78.278,78.309,78.278,78.309,107,837.8318
1784614920000,78.311,78.394,78.311,78.394,668,5234.388
1784614980000,78.374,78.421,78.374,78.421,147,1152.448
1784615040000,78.435,78.449,78.435,78.449,262,2055.2212
1784615100000,78.421,78.431,78.395,78.417,3332,26129.2595
1784615160000,78.415,78.415,78.405,78.405,457,3583.4345
1784615220000,78.402,78.402,78.385,78.387,273,2140.1207
1784615280000,78.395,78.405,78.379,78.397,1402,10990.6063
1784615340000,78.385,78.434,78.385,78.407,878,6885.1046
1784615400000,78.42,78.425,78.391,78.424,1529,11989.5423
1784615460000,78.478,78.525,78.478,78.506,7411,58188.8383
1784615520000,78.498,78.514,78.481,78.514,274,2150.9352
1784615580000,78.504,78.54,78.496,78.54,12131,95237.5998
1784615640000,78.53,78.539,78.53,78.53,75,589.0092
1784615700000,78.534,78.668,78.534,78.624,18951,148943.6897
1784615760000,78.65,78.854,78.65,78.814,17720,139632.6189
1784615820000,78.815,78.835,78.762,78.766,4926,38815.9615
1784615880000,78.753,78.753,78.648,78.717,4165,32781.8722
1784615940000,78.701,78.716,78.674,78.716,843,6635.011
1784616000000,78.72,78.736,78.69,78.731,390,3070.3535
1784616060000,78.696,78.718,78.667,78.705,759,5972.4535
1784616120000,78.692,78.721,78.67,78.67,1313,10334.5078
1784616180000,78.626,78.644,78.626,78.64,917,7210.8982
1784616240000,78.649,78.655,78.643,78.655,141,1108.9188
1784616300000,78.667,78.667,78.61,78.61,798,6275.4175
1784616360000,78.609,78.609,78.538,78.538,599,4705.8943
1784616420000,78.543,78.56,78.522,78.56,300,2356.2526
1784616480000,78.554,78.577,78.549,78.577,1314,10324.0292
1784616540000,78.576,78.61,78.549,78.61,385,3025.3683
1784616600000,78.589,78.681,78.589,78.661,3768,29634.6376
1784616660000,78.624,78.624,78.584,78.584,177,1391.1332
1784616720000,78.583,78.583,78.583,78.583,40,314.332
1784616780000,78.577,78.579,78.577,78.579,148,1162.9532
1784616840000,78.588,78.597,78.588,78.597,107,840.9808
1784616900000,78.589,78.6,78.565,78.565,1957,15378.6408
1784616960000,78.565,78.565,78.565,78.565,884,6945.146
1784617020000,78.58,78.61,78.58,78.61,5360,42126.4502
1784617080000,78.616,78.616,78.609,78.609,1497,11768.0483
1784617140000,78.611,78.64,78.611,78.632,1947,15310.2732
1784617200000,78.611,78.645,78.611,78.623,145,1140.1153
1784617260000,78.622,78.66,78.622,78.66,253,1989.7005
1784617320000,78.66,78.708,78.66,78.703,839,6602.2213
1784617380000,78.692,78.71,78.682,78.71,539,4241.4522
1784617440000,78.699,78.699,78.651,78.674,850,6687.0596
1784617560000,78.653,78.653,78.599,78.599,429,3373.7165
1784617620000,78.601,78.601,78.582,78.582,563,4425.1633
1784617680000,78.553,78.553,78.553,78.553,5,39.2765
1784617740000,78.565,78.575,78.565,78.575,44,345.699
1784617800000,78.594,78.594,78.559,78.559,333,2616.2772
1784617920000,78.597,78.597,78.597,78.597,304,2389.3488
1784617980000,78.608,78.608,78.59,78.59,23190,182290.7051
1784618040000,78.586,78.636,78.586,78.636,10421,81918.0515
1784618100000,78.637,78.637,78.615,78.621,445,3499.1909
1784618160000,78.611,78.611,78.6,78.6,1925,15130.6115
1784618220000,78.596,78.607,78.596,78.606,359,2821.9272
1784618280000,78.623,78.631,78.621,78.631,510,4009.7478
1784618340000,78.621,78.625,78.616,78.625,80,628.9678
1784618400000,78.649,78.667,78.584,78.584,547,4302.7258
1784618460000,78.586,78.597,78.562,78.562,4933,38768.5264
1784618520000,78.551,78.559,78.517,78.539,776,6095.5913
1784618580000,78.559,78.561,78.518,78.518,506,3974.5682
1784618640000,78.518,78.518,78.466,78.466,1045,8201.6161
1784618700000,78.455,78.481,78.429,78.452,2981,23385.4211
1784618760000,78.45,78.45,78.443,78.448,158,1239.4615
1784618820000,78.482,78.482,78.482,78.482,6,47.0892
1784618880000,78.499,78.528,78.499,78.528,1105,8674.5919
1784636700000,78.379,78.396,78.366,78.395,988,7744.4277
1784636760000,78.388,78.388,78.334,78.34,2365,18528.0849
1784636820000,78.348,78.354,78.259,78.259,15743,123257.2969
1784636880000,78.26,78.275,78.241,78.272,1771,13857.445
1784636940000,78.268,78.282,78.256,78.256,2306,18048.0917
1784637000000,78.262,78.289,78.242,78.289,454,3552.8625
1784637060000,78.279,78.334,78.279,78.334,211,1652.3524
1784637120000,78.333,78.333,78.279,78.307,3573,27979.9165
1784637180000,78.276,78.329,78.276,78.329,918,7189.0081
1784637240000,78.311,78.333,78.296,78.307,1677,13133.0555
1784637300000,78.307,78.307,78.257,78.29,1001,7836.427
1784637360000,78.301,78.359,78.3,78.346,3951,30954.1016
1784637420000,78.357,78.395,78.354,78.395,578,4529.9162
1784637480000,78.425,78.476,78.425,78.453,1761,13816.496
1784637540000,78.456,78.501,78.456,78.477,1949,15297.0371
1784637600000,78.479,78.479,78.453,78.453,749,5877.3701
1784637660000,78.454,78.454,78.418,78.418,470,3686.3134
1784637720000,78.421,78.421,78.401,78.409,214,1677.9627
1784637780000,78.384,78.389,78.32,78.32,784,6143.4481
1784637840000,78.361,78.384,78.361,78.384,317,2484.2631
1784637900000,78.389,78.411,78.366,78.366,1435,11248.043
1784637960000,78.386,78.395,78.385,78.395,1103,8645.9517
1784638020000,78.394,78.441,78.394,78.429,7445,58372.9012
1784638080000,78.431,78.454,78.429,78.454,1067,8369.0372
1784638140000,78.448,78.473,78.448,78.473,1086,8521.5383
1784638200000,78.463,78.463,78.438,78.438,2278,17870.5296
1784638260000,78.468,78.477,78.396,78.407,1224,9597.2688
1784638320000,78.418,78.429,78.412,78.412,1407,11034.5208
1784638380000,78.414,78.414,78.414,78.414,40,313.656
1784638440000,78.41,78.451,78.409,78.451,869,6814.077
1784638500000,78.424,78.424,78.416,78.416,111,870.4424
1784638560000,78.42,78.42,78.417,78.417,560,4391.5047
1784638620000,78.421,78.47,78.421,78.46,626,4909.6706
1784638680000,78.456,78.456,78.456,78.456,12,94.1472
1784638740000,78.461,78.482,78.461,78.48,588,4614.5466
1784638800000,78.481,78.481,78.39,78.436,6374,50014.9727
1784638860000,78.456,78.456,78.443,78.445,77,604.0554
1784638920000,78.427,78.427,78.427,78.427,141,1105.8207
1784638980000,78.431,78.457,78.431,78.457,143,1121.6521
1784639040000,78.483,78.5,78.483,78.5,88,690.7218
1784639100000,78.502,78.517,78.502,78.503,1192,9358.3208
1784639160000,78.508,78.568,78.504,78.563,4441,34887.0587
1784639220000,78.562,78.59,78.557,78.58,2047,16085.8934
1784639280000,78.587,78.587,78.576,78.576,387,3041.1207
1784639340000,78.577,78.577,78.561,78.572,1849,14527.5423
1784639400000,78.557,78.557,78.557,78.557,5,39.2785
1784639460000,78.524,78.532,78.486,78.486,671,5267.3891
1784639520000,78.501,78.501,78.483,78.499,133,1043.9975
1784639580000,78.483,78.541,78.483,78.526,1632,12815.7184
1784639640000,78.515,78.529,78.515,78.521,2012,15798.5875
1784639700000,78.502,78.526,78.501,78.526,176,1381.9423
1784639760000,78.505,78.51,78.454,78.454,1398,10974.1622
1784639820000,78.449,78.458,78.445,78.452,3235,25379.4526
1784639880000,78.414,78.414,78.412,78.412,358,2807.1888
1784639940000,78.405,78.415,78.405,78.415,207,1623.0293
1784640000000,78.411,78.419,78.406,78.406,791,6202.7621
1784640060000,78.399,78.444,78.399,78.444,918,7199.3715
1784640120000,78.421,78.421,78.382,78.382,122,956.5115
1784640180000,78.363,78.37,78.362,78.37,1140,8933.5821
1784640240000,78.376,78.376,78.352,78.357,369,2891.2351
1784640300000,78.37,78.397,78.29,78.349,9249,72476.6259
1784640360000,78.348,78.348,78.34,78.34,153,1198.6036
1784640420000,78.308,78.36,78.308,78.36,3421,26799.6046
1784640480000,78.357,78.357,78.306,78.321,3595,28157.2797
1784640540000,78.341,78.405,78.341,78.381,3724,29192.1326
1784640600000,78.376,78.421,78.363,78.409,5846,45826.4017
1784640660000,78.429,78.444,78.311,78.328,4786,37517.1185
1784640720000,78.316,78.337,78.304,78.31,3733,29240.0486
1784640780000,78.32,78.38,78.32,78.324,3918,30695.0823
1784640840000,78.32,78.362,78.303,78.352,1024,8022.439
1784640900000,78.361,78.4,78.348,78.375,2571,20149.1829
1784640960000,78.381,78.425,78.362,78.362,1059,8301.8557
1784641020000,78.301,78.336,78.301,78.319,1786,13987.7713
1784641080000,78.328,78.377,78.328,78.347,2412,18901.1556
1784641140000,78.382,78.399,78.288,78.307,172,1347.9895
1784641200000,78.291,78.308,78.23,78.242,1855,14514.4617
1784641260000,78.226,78.293,78.197,78.197,5878,45990.0263
1784641320000,78.197,78.224,78.167,78.221,2972,23242.1172
1784641380000,78.23,78.303,78.226,78.226,781,6111.0391
1784641440000,78.223,78.247,78.2,78.232,2611,20423.8374
1784641500000,78.228,78.272,78.207,78.267,3466,27117.8625
1784641560000,78.271,78.289,78.25,78.254,2503,19590.7232
1784641620000,78.24,78.259,78.229,78.239,788,6165.6041
1784641680000,78.252,78.283,78.245,78.283,1798,14071.136
1784641740000,78.335,78.426,78.335,78.426,4635,36334.7263
1784641800000,78.402,78.432,78.379,78.428,957,7503.2812
1784641860000,78.432,78.481,78.361,78.377,5718,44855.6322
1784641920000,78.389,78.389,78.337,78.37,3955,30998.5381
1784642040000,78.482,78.51,78.481,78.51,578,4536.9249
1784642100000,78.512,78.605,78.512,78.577,7132,56027.6382
1784642160000,78.586,78.596,78.533,78.596,2414,18964.564
1784642220000,78.572,78.572,78.499,78.499,837,6573.0944
1784642280000,78.499,78.536,78.499,78.536,4514,35445.2778
1784642340000,78.515,78.564,78.515,78.563,1984,15582.5589
1784642400000,78.556,78.557,78.445,78.445,7740,60774.2138
1784642460000,78.42,78.475,78.416,78.442,2292,17979.329
1784642520000,78.452,78.524,78.452,78.517,606,4757.6821
1784642580000,78.529,78.567,78.508,78.538,4303,33795.6515
1784642640000,78.548,78.548,78.52,78.531,193,1515.6948
1784642700000,78.511,78.539,78.502,78.539,824,6470.3803
1784642760000,78.547,78.601,78.547,78.562,3307,25987.3288
1784642820000,78.574,78.574,78.403,78.403,2460,19305.7562
1784642880000,78.395,78.43,78.383,78.428,1448,11354.8495
1784642940000,78.413,78.429,78.34,78.375,4795,37598.7208
1784643000000,78.339,78.43,78.339,78.43,5621,44061.7564
1784643060000,78.445,78.459,78.433,78.436,594,4659.6531
1784643120000,78.415,78.441,78.342,78.346,1720,13483.7514
1784643180000,78.338,78.39,78.338,78.39,1646,12898.4052
1784643240000,78.38,78.439,78.38,78.439,92,721.3467
1784643300000,78.464,78.466,78.387,78.387,3224,25278.5652
1784643360000,78.381,78.398,78.31,78.318,2231,17478.6396
1784643420000,78.32,78.32,78.269,78.269,1089,8524.3601
1784643480000,78.258,78.31,78.212,78.246,6255,48951.6519
1784643540000,78.25,78.33,78.25,78.324,5006,39193.9523
1784643600000,78.289,78.323,78.261,78.261,464,3633.015
1784643660000,78.252,78.279,78.157,78.157,5603,43813.5943
1784643720000,78.157,78.171,78.049,78.049,11711,91473.2846
1784643780000,78.055,78.172,78.055,78.16,5071,39613.5166
1784643840000,78.15,78.165,78.071,78.078,3563,27836.4758
1784643900000,78.077,78.167,78.065,78.098,2038,15918.6965
1784643960000,78.084,78.084,77.973,78.041,11251,87777.927
1784644020000,78.036,78.076,78.036,78.076,344,2685.113
1784644080000,78.081,78.111,78.071,78.073,1383,10798.9978
1784644140000,78.06,78.093,78.06,78.093,172,1342.8238
1784644200000,78.104,78.129,78.104,78.127,1419,11085.1692
1784644260000,78.131,78.138,78.075,78.138,2052,16023.4253
1784644320000,78.154,78.154,78.154,78.154,191,1492.7414
1784644380000,78.117,78.185,78.111,78.185,6954,54357.5891
1784644440000,78.185,78.237,78.184,78.19,2409,18837.6567
1784644500000,78.181,78.182,78.064,78.076,3032,23677.7213
1784644560000,78.095,78.107,78.074,78.074,2154,16820.0193
1784644620000,78.075,78.142,78.075,78.138,2010,15700.3539
1784644680000,78.163,78.166,78.143,78.143,1120,8753.8255
1784644740000,78.097,78.104,78.068,78.068,1415,11048.7939
1784644800000,78.058,78.064,78.046,78.048,6564,51231.1704
1784644860000,78.048,78.048,77.852,77.905,15724,122581.4445
1784644920000,77.905,77.952,77.904,77.952,5030,39193.9209
1784644980000,77.967,78.073,77.967,78.064,3757,29310.6041
1784645040000,78.065,78.104,78.065,78.104,117,913.7736
1784645100000,78.104,78.187,78.104,78.173,6384,49878.5721
1784645160000,78.187,78.187,78.136,78.136,6062,47385.2357
1784645220000,78.136,78.148,78.065,78.091,6650,51958.2977
1784645280000,78.112,78.171,78.09,78.096,5578,43581.6973
1784645340000,78.077,78.089,78.075,78.075,1477,11532.5419
1784645400000,78.065,78.098,78.064,78.098,308,2404.8734
1784645460000,78.05,78.08,78.041,78.08,12717,99282.8416
1784645520000,78.089,78.089,78.065,78.065,175,1366.1918
1784645580000,78.078,78.078,78.064,78.064,486,3794.5572
1784645640000,78.01,78.011,77.953,77.974,3079,24014.0383
1784645700000,77.982,77.982,77.971,77.971,124,966.858
1784645760000,77.971,77.971,77.936,77.936,249,1941.287
1784645820000,77.953,77.967,77.953,77.958,839,6540.7084
1784645880000,77.985,77.992,77.985,77.985,2855,22265.9761
1784645940000,77.996,77.996,77.967,77.978,996,7767.8162
1784646000000,77.976,77.976,77.861,77.861,65518,510235.3421
1784646060000,77.904,77.904,77.838,77.856,11730,91347.6516
1784646120000,77.849,77.851,77.777,77.79,13322,103676.1702
1784646180000,77.819,77.852,77.784,77.852,60591,471428.6716
1784646240000,77.854,77.854,77.756,77.801,7063,54941.3317
1784646300000,77.8,77.828,77.767,77.828,17018,132368.7521
1784646360000,77.848,77.944,77.848,77.941,13834,107785.1564
1784646420000,77.94,77.962,77.908,77.925,26298,204944.4084
1784646480000,77.919,77.944,77.919,77.943,3616,28178.4926
1784646540000,77.965,78.008,77.956,77.987,3584,27946.0037
1784646600000,77.989,77.989,77.972,77.972,1245,9708.7661
1784646660000,77.937,77.95,77.915,77.919,4444,34630.8392
1784646720000,77.926,77.926,77.909,77.917,486,3786.6659
1784646780000,77.919,77.969,77.919,77.942,727,5666.4764
1784646840000,77.915,77.915,77.86,77.86,11764,91624.3817
1784646900000,77.885,77.903,77.877,77.898,3888,30286.3238
1784646960000,77.907,77.925,77.862,77.862,3211,25007.1233
1784647020000,77.884,77.905,77.873,77.904,1188,9254.2777
1784647080000,77.926,77.962,77.926,77.962,3340,26036.7356
1784647140000,77.959,78.012,77.959,78.012,3205,24991.6809
1784647200000,78.012,78.012,77.943,77.983,2647,20643.7234
1784647260000,78.032,78.032,77.984,78.014,7380,57562.5041
1784647320000,78.037,78.073,78.0,78.047,3339,26060.8373
1784647380000,78.068,78.068,78.02,78.02,99,772.8306
1784647440000,78.022,78.028,78.006,78.028,450,3511.1626
1784647500000,78.026,78.026,78.013,78.025,522,4072.863
1784647560000,78.016,78.016,77.979,77.979,698,5443.4924
1784647620000,77.978,77.978,77.974,77.976,256,1996.2106
1784647680000,77.976,77.989,77.976,77.989,1368,10668.2837
1784647740000,77.987,77.987,77.905,77.91,1167,9097.7476
1784647800000,77.921,77.921,77.854,77.859,3705,28851.0765
1784647860000,77.875,77.906,77.875,77.896,2247,17502.6492
1784647920000,77.897,77.939,77.897,77.928,1511,11772.4902
1784647980000,77.911,77.911,77.832,77.832,2102,16369.8552
1784648040000,77.825,77.886,77.819,77.883,1995,15532.3389
1784648100000,77.881,77.883,77.843,77.857,4356,33919.0491
1784648160000,77.861,77.94,77.861,77.94,1907,14850.891
1784648220000,77.962,77.982,77.962,77.982,70,545.7835
1784648280000,78.02,78.02,78.02,78.02,272,2122.144
1784648340000,78.02,78.092,78.019,78.092,2336,18238.7649
1784648400000,78.076,78.076,78.01,78.014,759,5921.715
1784648460000,78.01,78.026,78.007,78.019,1655,12911.6597
1784648520000,77.982,77.982,77.959,77.959,664,5177.1818
1784648580000,77.951,77.968,77.951,77.968,88,686.069
1784648640000,77.952,77.952,77.918,77.918,851,6631.9728
1784648700000,77.904,77.904,77.904,77.904,15,116.856
1784666700000,77.959,78.0,77.95,77.95,2173,16944.0949
1784666760000,77.953,77.953,77.92,77.921,2844,22164.8827
1784666880000,77.922,77.922,77.893,77.896,981,7641.9425
1784666940000,77.9,77.908,77.9,77.903,277,2157.9373
1784667000000,77.894,77.894,77.89,77.89,1256,9783.0384
1784667060000,77.889,77.893,77.876,77.893,514,4003.2818
1784667120000,77.899,77.899,77.829,77.832,17456,135921.8523
1784667180000,77.836,77.868,77.833,77.855,2106,16393.6746
1784667240000,77.856,77.864,77.855,77.855,1271,9895.654
1784667300000,77.855,77.855,77.855,77.855,28,217.994
1784667420000,77.865,77.878,77.855,77.855,1720,13392.3742
1784667480000,77.858,77.858,77.858,77.858,45,350.361
1784667540000,77.852,77.852,77.852,77.852,64,498.2528
1784667600000,77.841,77.841,77.77,77.775,714,5555.2489
1784667660000,77.79,77.79,77.778,77.778,1294,10064.6971
1784667720000,77.79,77.79,77.77,77.77,1605,12482.4976
1784667780000,77.781,77.781,77.76,77.76,413,3211.7935
1784667840000,77.757,77.786,77.757,77.786,1226,9533.65
1784667900000,77.772,77.799,77.772,77.799,113,878.9658
1784667960000,77.806,77.852,77.797,77.852,1034,8046.1053
1784668080000,77.881,77.895,77.881,77.893,1106,8614.5226
1784668140000,77.892,77.892,77.892,77.892,569,4432.0548
1784668200000,77.899,77.927,77.899,77.927,4614,35947.9423
1784668260000,77.927,77.984,77.927,77.984,7803,60818.4327
1784668320000,77.977,77.992,77.949,77.949,7818,60954.4422
1784668380000,77.971,78.015,77.93,77.93,1534,11961.0644
1784668440000,77.956,77.966,77.956,77.966,52,405.3832
1784668500000,77.971,77.978,77.956,77.956,549,4280.2652
1784668560000,77.951,77.959,77.951,77.956,364,2837.4222
1784668620000,77.954,77.954,77.954,77.954,112,873.0848
1784668680000,77.947,77.956,77.947,77.955,365,2845.292
1784668740000,77.956,77.956,77.942,77.942,745,5807.2235
1784668800000,77.941,77.965,77.941,77.965,233,1816.4597
1784668860000,77.967,77.989,77.967,77.989,688,5365.5509
1784668920000,77.996,77.996,77.991,77.991,295,2300.8262
1784668980000,77.985,77.985,77.962,77.962,266,2074.3268
1784669040000,77.961,77.979,77.951,77.979,363,2829.8994
1784669100000,77.993,78.021,77.986,78.021,374,2917.1837
1784669160000,78.016,78.016,77.97,77.97,577,4500.7045
1784669220000,77.96,77.96,77.942,77.955,1504,11723.8773
1784669280000,77.961,77.961,77.95,77.95,257,2003.5838
1784669400000,77.936,77.937,77.927,77.927,263,2049.6536
1784669460000,77.948,77.95,77.946,77.95,5562,43355.7434
1784669520000,77.95,77.95,77.95,77.95,59404,463054.18
1784669580000,77.985,77.985,77.961,77.961,648,5052.462
1784669640000,77.966,78.02,77.966,78.008,533,4158.0526
1784669700000,78.028,78.041,78.028,78.041,59,460.3868
1784669760000,78.03,78.03,78.03,78.03,110,858.33
1784669820000,78.03,78.075,78.03,78.065,1687,13168.6119
1784669880000,78.06,78.06,78.021,78.031,1766,13781.7369
1784669940000,78.05,78.05,78.05,78.05,207,1615.635
1784670000000,78.043,78.063,78.043,78.062,868,6775.4244
1784670060000,78.055,78.055,78.043,78.047,3202,24990.8737
1784670120000,78.051,78.051,78.051,78.051,238,1857.6138
1784670180000,78.048,78.065,78.048,78.065,223,1740.5656
1784670240000,78.075,78.075,78.019,78.019,2301,17961.1337
1784670300000,78.053,78.065,78.018,78.032,1650,12876.8678
1784670360000,78.062,78.068,78.004,78.004,2721,21235.8943
1784670420000,78.01,78.017,78.01,78.013,725,5656.1981
1784670480000,78.009,78.017,78.008,78.017,480,3744.6527
1784670540000,78.034,78.034,78.017,78.017,772,6023.362
1784670600000,78.025,78.025,78.025,78.025,39,304.2975
1784670660000,78.037,78.037,78.037,78.037,2,15.6074
1784670720000,78.037,78.037,78.0,78.0,2012,15695.6871
1784670780000,78.0,78.0,77.995,77.995,550,4289.945
1784670840000,78.0,78.01,78.0,78.01,189,1474.232
1784670900000,77.969,78.006,77.959,78.006,1524,11885.9393
1784671020000,78.019,78.061,77.978,77.978,1221,9525.5387
1784671080000,77.993,77.993,77.983,77.983,216,1684.4848
1784671140000,77.983,78.02,77.983,78.013,270,2106.0385
1784671200000,77.966,77.966,77.899,77.963,959,7472.5877
1784671260000,77.927,77.927,77.88,77.881,3016,23493.3768
1784671320000,77.891,77.979,77.891,77.962,2401,18712.4975
1784671380000,77.981,77.987,77.942,77.942,896,6986.8699
1784671440000,77.997,77.997,77.977,77.982,817,6370.8488
1784671500000,78.003,78.003,77.978,77.978,158,1232.1849
1784671560000,77.972,77.972,77.969,77.972,271,2113.0292
1784671620000,77.958,77.972,77.942,77.96,4442,34622.9375
1784671680000,77.952,78.001,77.952,78.001,646,5037.0014
1784671740000,77.975,78.01,77.975,78.001,633,4936.9795
1784671800000,77.995,77.995,77.995,77.995,48,374.376
1784671860000,78.013,78.013,77.996,77.996,7451,58119.6113
1784671920000,78.003,78.008,77.958,77.958,628,4897.8544
1784671980000,77.951,77.951,77.927,77.927,918,7154.365
1784672040000,77.939,77.961,77.939,77.942,1140,8885.9884
1784672100000,77.932,77.934,77.932,77.934,159,1239.1226
1784672160000,77.933,77.939,77.933,77.939,160,1246.9472
1784672220000,77.958,77.975,77.95,77.958,458,3570.6
1784672280000,77.957,77.957,77.909,77.909,211,1644.5157
1784672340000,77.941,77.941,77.882,77.882,532,4144.6243
1784672400000,77.883,77.883,77.849,77.861,766,5964.615
1784672460000,77.88,77.916,77.88,77.913,560,4362.3345
1784672580000,77.907,77.912,77.907,77.912,1234,9613.8778
1784672640000,77.926,77.926,77.917,77.917,138,1075.2654
1784672700000,77.912,77.955,77.912,77.952,168,1309.1657
1784672760000,77.951,77.955,77.937,77.955,267,2081.1879
1784672820000,77.972,77.975,77.972,77.975,144,1122.8019
1784672880000,77.977,77.977,77.971,77.971,205,1598.4901
1784672940000,77.957,77.957,77.951,77.951,192,1496.736
1784673000000,77.923,77.923,77.917,77.917,133,1036.2991
1784673060000,77.913,77.981,77.913,77.958,34593,269701.8623
1784673120000,77.964,77.977,77.955,77.977,17378,135479.9438
1784673180000,77.982,78.005,77.982,78.005,660,5148.0387
1784673240000,78.011,78.011,77.955,77.961,1278,9964.5593
1784673300000,77.992,77.992,77.945,77.958,22453,175041.362
1784673360000,77.944,77.954,77.941,77.941,640,4988.4051
1784673420000,77.938,77.938,77.872,77.89,17114,133286.8045
1784673480000,77.918,77.942,77.912,77.912,6744,52555.6341
1784673540000,77.928,77.953,77.928,77.95,753,5868.7546
1784673600000,77.948,77.957,77.948,77.957,154,1200.4743
1784673660000,77.951,77.951,77.951,77.951,228,1777.2828
1784673720000,77.944,77.944,77.932,77.932,67,522.1692
1784673780000,77.951,77.952,77.934,77.934,708,5518.6554
1784673840000,77.934,77.934,77.918,77.918,153,1192.2478
1784673900000,77.911,77.911,77.877,77.882,637,4962.0242
1784673960000,77.872,77.872,77.793,77.793,11318,88088.7362
1784674020000,77.811,77.841,77.811,77.83,2682,20873.4824
1784674080000,77.839,77.859,77.799,77.859,1501,11679.8928
1784674140000,77.856,77.865,77.852,77.862,445,3464.6998
1784674200000,77.876,77.876,77.848,77.873,6838,53236.744
1784674260000,77.878,77.902,77.858,77.902,9617,74891.1009
1784674320000,77.901,77.901,77.886,77.898,3160,24613.0344
1784674380000,77.907,77.907,77.889,77.907,3633,28301.0236
1784674440000,77.907,77.926,77.901,77.908,500,3895.6227
1784674500000,77.916,77.927,77.896,77.927,1941,15121.5326
1784674560000,77.933,77.933,77.898,77.898,674,5251.4689
1784674620000,77.914,77.915,77.914,77.915,1248,9723.7489
1784674680000,77.918,77.918,77.916,77.916,321,2501.1436
1784674740000,77.932,77.948,77.932,77.948,306,2385.0296
1784674800000,77.938,77.938,77.902,77.902,1044,8134.8153
1784674860000,77.89,77.89,77.814,77.83,1530,11909.82
1784674920000,77.849,77.849,77.828,77.828,877,6826.3593
1784674980000,77.818,77.852,77.818,77.852,300,2335.1165
1784675040000,77.873,77.873,77.851,77.851,528,4111.2211
1784675100000,77.85,77.85,77.782,77.782,752,5851.6174
1784675160000,77.803,77.86,77.803,77.833,1435,11169.1354
1784675220000,77.851,77.851,77.843,77.843,47,365.8921
1784675280000,77.84,77.847,77.839,77.839,203,1580.1831
1784675340000,77.838,77.848,77.825,77.825,691,5378.0369
1784675400000,77.785,77.785,77.77,77.771,1124,8741.4832
1784675460000,77.782,77.807,77.78,77.807,604,4698.3489
1784675520000,77.82,77.83,77.81,77.81,436,3393.1133
1784675580000,77.809,77.809,77.781,77.781,430,3345.147
1784675640000,77.782,77.782,77.77,77.77,607,4720.8518
1784675700000,77.77,77.775,77.77,77.775,2928,22771.2286
1784675760000,77.786,77.843,77.786,77.838,247,1922.2794
1784675820000,77.829,77.835,77.817,77.818,529,4116.7996
1784675880000,77.823,77.823,77.823,77.823,76,591.4548
1784675940000,77.825,77.861,77.825,77.861,1400,10898.6385
1784676000000,77.849,77.849,77.839,77.839,677,5270.0334
1784676060000,77.829,77.829,77.802,77.807,262,2038.5709
1784676180000,77.794,77.816,77.794,77.816,19,147.844
1784676240000,77.813,77.818,77.812,77.813,488,3797.2403
1784676300000,77.813,77.813,77.81,77.81,144,1120.4862
1784676360000,77.82,77.825,77.82,77.825,311,2420.211
1784676480000,77.863,77.881,77.863,77.881,541,4212.7539
1784676540000,77.882,77.908,77.882,77.908,750,5842.7861
1784676600000,77.91,77.91,77.902,77.902,299,2329.3602
1784676660000,77.885,77.893,77.885,77.893,1024,7975.4971
1784676720000,77.891,77.891,77.881,77.882,1116,8692.12
1784676780000,77.95,77.967,77.95,77.967,313,2440.0809
1784676840000,77.972,77.972,77.924,77.924,946,7373.9995
1784676900000,77.917,77.943,77.916,77.943,1519,11836.2823
1784676960000,77.943,77.998,77.943,77.994,2311,18021.5853
1784677020000,77.995,78.004,77.995,78.004,222,1731.534
1784677080000,78.004,78.011,77.991,78.011,1175,9164.9395
1784677200000,78.038,78.038,78.034,78.034,217,1693.4226
1784677260000,78.034,78.034,77.976,77.976,1436,11201.2476
1784677320000,77.984,78.002,77.984,78.001,531,4141.322
1784677380000,77.998,77.998,77.992,77.992,65,506.9552
1784677440000,77.997,78.004,77.995,78.004,268,2090.2921
1784677500000,78.004,78.038,78.004,78.036,554,4322.2733
1784677560000,78.036,78.036,78.036,78.036,1,7.8036
1784677620000,78.034,78.043,78.01,78.043,7549,58896.4978
1784677680000,78.051,78.051,78.028,78.034,4578,35724.1591
1784677740000,78.038,78.074,78.038,78.074,1338,10442.9709
1784677800000,78.076,78.122,78.067,78.113,21322,166529.5344
1784677860000,78.112,78.112,78.073,78.073,2047,15986.6963
1784677920000,78.065,78.098,78.065,78.094,1071,8361.987
1784677980000,78.096,78.114,78.086,78.104,5576,43549.8493
1784678040000,78.112,78.12,78.094,78.116,1759,13738.4797
1784678100000,78.122,78.122,78.083,78.084,2074,16199.2702
1784678160000,78.114,78.149,78.114,78.124,3425,26762.4416
1784678220000,78.113,78.113,78.094,78.094,670,5233.1464
1784678340000,78.096,78.096,78.083,78.086,1561,12190.0481
1784678400000,78.091,78.11,78.081,78.081,1039,8114.616
1784678460000,78.08,78.082,78.072,78.072,688,5371.6439
1784678520000,78.076,78.123,78.076,78.122,1671,13053.3886
1784678580000,78.128,78.13,78.11,78.121,1441,11257.9926
1784678640000,78.121,78.161,78.121,78.161,425,3321.2444
1784678700000,78.179,78.236,78.172,78.186,8691,67958.651
1784678760000,78.186,78.237,78.171,78.237,1694,13243.6979
1784678820000,78.246,78.351,78.233,78.351,6750,52871.4944
1784678880000,78.346,78.346,78.301,78.311,2037,15951.9615
1784678940000,78.306,78.306,78.24,78.24,3789,29647.7833
1784679000000,78.252,78.282,78.229,78.282,2366,18513.6024
1784679060000,78.281,78.417,78.281,78.361,7275,57020.8302
1784679120000,78.342,78.388,78.342,78.379,2315,18143.9243
1784679180000,78.363,78.389,78.363,78.386,886,6944.704
1784679240000,78.417,78.449,78.402,78.448,1504,11796.2979
1784696700000,77.865,77.877,77.862,77.877,3654,28451.8757
1784696760000,77.89,77.89,77.89,77.89,12,93.468
1784696820000,77.846,77.846,77.828,77.838,1165,9068.4528
1784696880000,77.847,77.915,77.843,77.911,6285,48937.8797
1784696940000,77.901,77.901,77.84,77.84,1380,10748.3145
1784697000000,77.822,77.822,77.807,77.807,1305,10153.922
1784697060000,77.871,77.871,77.858,77.858,1892,14732.0373
1784697120000,77.849,77.849,77.791,77.802,5278,41066.6992
1784697180000,77.813,77.824,77.807,77.807,1194,9291.5921
1784697240000,77.801,77.823,77.794,77.823,545,4240.2975
1784697300000,77.855,77.861,77.828,77.83,896,6975.6076
1784697360000,77.818,77.818,77.77,77.771,50496,392709.4752
1784697420000,77.77,77.77,77.77,77.77,79018,614522.986
1784697480000,77.77,77.788,77.77,77.783,208224,1619360.1511
1784697540000,77.788,77.809,77.788,77.809,1610,12525.6842
1784697600000,77.802,77.803,77.65,77.652,42935,333749.5142
1784697660000,77.65,77.651,77.62,77.62,202872,1575286.4272
1784697720000,77.62,77.644,77.52,77.544,6342,49202.6093
1784697780000,77.554,77.591,77.518,77.552,3563,27641.1179
1784697840000,77.549,77.584,77.524,77.584,7079,54896.564
1784697900000,77.595,77.661,77.58,77.628,3163,24554.4655
1784697960000,77.628,77.628,77.604,77.606,2305,17889.7437
1784698020000,77.624,77.638,77.565,77.584,1705,13229.7545
1784698080000,77.578,77.578,77.526,77.526,146,1132.3645
1784698140000,77.517,77.517,77.45,77.512,46435,359761.5381
1784698200000,77.494,77.584,77.494,77.584,2892,22426.0867
1784698260000,77.576,77.591,77.514,77.526,1238,9601.7648
1784698320000,77.533,77.575,77.533,77.556,4702,36466.4336
1784698380000,77.565,77.636,77.565,77.636,14732,114298.9415
1784698440000,77.628,77.661,77.628,77.653,1130,8773.7266
1784698500000,77.64,77.64,77.608,77.608,2382,18491.3948
1784698560000,77.608,77.609,77.471,77.508,5474,42442.477
1784698620000,77.512,77.537,77.512,77.537,17466,135389.1816
1784698680000,77.543,77.543,77.527,77.527,1064,8249.1459
1784698740000,77.472,77.534,77.472,77.534,2000,15501.2831
1784698800000,77.516,77.543,77.47,77.534,12500,96886.5018
1784698860000,77.503,77.504,77.492,77.492,2393,18544.6368
1784698920000,77.491,77.491,77.465,77.475,4425,34283.7058
1784698980000,77.475,77.502,77.455,77.502,5381,41680.1511
1784699040000,77.493,77.511,77.492,77.502,231,1790.4066
1784699100000,77.494,77.529,77.49,77.511,3298,25559.2283
1784699160000,77.503,77.524,77.495,77.524,1180,9146.2348
1784699220000,77.55,77.568,77.538,77.551,1222,9477.1125
1784699280000,77.543,77.543,77.482,77.485,2023,15675.505
1784699340000,77.484,77.503,77.478,77.503,264,2045.6564
1784699400000,77.502,77.573,77.502,77.573,211,1635.5727
1784699460000,77.554,77.572,77.554,77.572,711,5514.5085
1784699520000,77.561,77.595,77.561,77.563,169,1310.8803
1784699580000,77.556,77.556,77.51,77.518,1423,11031.1576
1784699640000,77.509,77.539,77.509,77.513,1406,10898.5998
1784699700000,77.495,77.495,77.491,77.491,134,1038.431
1784699760000,77.491,77.496,77.491,77.496,6,46.4951
1784699820000,77.499,77.499,77.47,77.47,88,681.849
1784699880000,77.473,77.473,77.472,77.472,676,5237.1707
1784699940000,77.47,77.47,77.365,77.391,4287,33182.3133
1784700000000,77.391,77.452,77.391,77.452,13664,105750.121
1784700060000,77.462,77.462,77.396,77.407,7517,58186.8713
1784700120000,77.402,77.402,77.317,77.356,26399,204154.2361
1784700180000,77.356,77.474,77.292,77.36,181778,1407217.703
1784700240000,77.363,77.363,77.297,77.297,75459,583444.5606
1784700300000,77.319,77.355,77.277,77.277,85376,659988.4107
1784700360000,77.278,77.307,77.181,77.295,35167,271641.3558
1784700420000,77.304,77.345,77.293,77.345,28007,216538.4352
1784700480000,77.35,77.35,77.258,77.281,6038,46677.1713
1784700540000,77.249,77.258,77.242,77.253,4134,31935.162
1784700600000,77.238,77.238,77.159,77.19,8049,62123.5109
1784700660000,77.193,77.255,77.169,77.215,7464,57627.8915
1784700720000,77.245,77.249,77.221,77.234,1445,11160.9101
1784700780000,77.234,77.243,77.175,77.175,4878,37667.8338
1784700840000,77.188,77.242,77.182,77.242,994,7674.1496
1784700900000,77.242,77.242,77.159,77.171,6755,52131.7738
1784700960000,77.177,77.177,77.165,77.175,109,841.1889
1784701020000,77.194,77.198,77.189,77.198,1240,9571.7668
1784701080000,77.2,77.2,77.2,77.2,196,1513.12
1784701140000,77.206,77.206,77.166,77.185,1439,11106.5354
1784701200000,77.199,77.199,76.972,76.985,16183,124706.3219
1784701260000,77.012,77.109,76.995,77.092,28769,221737.9755
1784701320000,77.08,77.089,77.021,77.076,4704,36250.8095
1784701380000,77.095,77.161,77.095,77.161,1905,14692.2361
1784701440000,77.161,77.162,77.124,77.162,986,7607.5743
1784701500000,77.15,77.154,77.143,77.144,2381,18368.1724
1784701560000,77.138,77.141,77.076,77.083,319,2460.3756
1784701620000,77.087,77.087,77.072,77.075,532,4100.7944
1784701680000,77.092,77.107,77.092,77.104,1232,9499.3928
1784701740000,77.104,77.104,77.076,77.076,49,377.7035
1784701800000,77.077,77.077,76.974,76.982,2991,23045.6543
1784701860000,77.005,77.037,77.005,77.026,1179,9081.5243
1784701920000,77.038,77.125,77.038,77.125,9377,72272.8725
1784701980000,77.124,77.126,77.122,77.123,680,5244.3508
1784702040000,77.126,77.179,77.126,77.179,6042,46618.4437
1784702100000,77.182,77.239,77.182,77.194,1409,10880.0765
1784702160000,77.194,77.271,77.194,77.263,2719,20998.6916
1784702220000,77.234,77.244,77.216,77.216,520,4015.7964
1784702280000,77.216,77.216,77.173,77.173,2314,17866.2513
1784702340000,77.165,77.221,77.165,77.221,752,5805.5122
1784702400000,77.221,77.244,77.221,77.234,696,5375.2975
1784702460000,77.227,77.227,77.225,77.225,188,1451.8535
1784702520000,77.236,77.238,77.206,77.215,1927,14883.0873
1784702580000,77.229,77.236,77.229,77.236,88,679.6495
1784702640000,77.224,77.227,77.2,77.2,1518,11721.5254
1784702700000,77.2,77.215,77.137,77.181,554,4276.1764
1784702760000,77.184,77.184,77.174,77.178,66,509.3728
1784702820000,77.164,77.165,77.079,77.085,649,5006.1666
1784702880000,77.111,77.115,77.109,77.109,164,1264.6516
1784702940000,77.125,77.17,77.125,77.158,997,7691.3087
1784703000000,77.164,77.174,77.145,77.145,339,2615.8576
1784703060000,77.166,77.205,77.166,77.199,138,1065.2206
1784703120000,77.205,77.205,77.205,77.205,109,841.5345
1784703180000,77.205,77.205,77.175,77.191,1797,13872.6143
1784703240000,77.191,77.214,77.191,77.206,513,3960.4772
1784703300000,77.196,77.204,77.185,77.204,819,6322.7003
1784703360000,77.205,77.205,77.2,77.204,269,2076.7756
1784703420000,77.208,77.216,77.208,77.216,178,1374.355
1784703480000,77.227,77.227,77.205,77.205,1401,10817.6146
1784703540000,77.215,77.27,77.215,77.259,4153,32083.1134
1784703600000,77.253,77.253,77.208,77.223,3108,23997.0019
1784703660000,77.246,77.246,77.236,77.236,1133,8751.1098
1784703720000,77.241,77.284,77.206,77.206,368,2841.8096
1784703780000,77.208,77.208,77.208,77.208,26,200.7408
1784703840000,77.247,77.258,77.247,77.257,598,4620.0029
1784703900000,77.218,77.218,77.218,77.218,31,239.3758
1784703960000,77.194,77.194,77.169,77.169,1327,10242.4145
1784704020000,77.174,77.174,77.161,77.165,2050,15818.8185
1784704080000,77.184,77.211,77.136,77.136,3167,24432.3013
1784704140000,77.163,77.195,77.162,77.184,1495,11537.8448
1784704200000,77.208,77.208,77.194,77.194,284,2192.4128
1784704260000,77.19,77.192,77.173,77.173,1404,10835.6553
1784704320000,77.173,77.203,77.173,77.203,1858,14338.9108
1784704380000,77.194,77.205,77.191,77.191,346,2670.9838
1784704440000,77.164,77.165,77.164,77.165,828,6389.1856
1784704500000,77.212,77.212,77.201,77.201,2536,19579.6943
1784704560000,77.207,77.207,77.201,77.201,90,694.827
1784704620000,77.194,77.194,77.178,77.182,1202,9277.3312
1784704680000,77.19,77.198,77.107,77.116,5660,43676.4728
1784704740000,77.131,77.181,77.108,77.175,3777,29130.0923
1784704800000,77.175,77.195,77.175,77.195,3241,25016.2375
1784704860000,77.251,77.251,77.202,77.202,1905,14708.2561
1784704920000,77.215,77.255,77.215,77.255,400,3089.7522
1784704980000,77.231,77.231,77.19,77.19,397,3064.6398
1784705040000,77.189,77.192,77.147,77.147,597,4606.322
1784705100000,77.135,77.135,77.114,77.116,357,2753.2158
1784705160000,77.117,77.182,77.117,77.154,8850,68282.0102
1784705220000,77.19,77.204,77.19,77.204,489,3775.2406
1784705280000,77.259,77.259,77.248,77.248,556,4295.1615
1784705340000,77.24,77.241,77.24,77.241,87,671.9963
1784705400000,77.247,77.259,77.153,77.154,1586,12250.359
1784705460000,77.107,77.114,77.083,77.088,1994,15372.1986
1784705520000,77.083,77.085,77.066,77.066,795,6127.4896
1784705580000,77.053,77.272,77.053,77.167,233403,1801288.6097
1784705640000,77.125,77.136,77.119,77.135,870,6710.4188
1784705700000,77.116,77.116,77.075,77.075,376,2898.5696
1784705760000,77.08,77.094,77.052,77.052,7356,56692.1812
1784705820000,77.035,77.039,76.982,77.019,39283,302451.0482
1784705880000,77.019,77.019,76.985,76.987,8551,65841.1645
1784705940000,76.99,77.012,76.988,76.988,1199,9231.6847
1784706000000,76.98,77.027,76.964,76.993,17531,134977.7041
1784706060000,76.993,77.037,76.993,77.037,133,1024.3828
1784706120000,77.015,77.017,77.005,77.005,398,3065.1804
1784706180000,77.025,77.031,76.979,77.013,5491,42283.1598
1784706240000,77.049,77.102,77.042,77.102,1151,8872.8145
1784706300000,77.094,77.11,77.094,77.102,12215,94176.6741
1784706360000,77.101,77.132,77.101,77.124,217,1673.4689
1784706420000,77.107,77.118,77.088,77.088,855,6592.3906
1784706480000,77.105,77.138,77.065,77.065,10175,78459.0402
1784706540000,77.065,77.065,77.0,77.001,12189,93888.7267
1784706600000,77.002,77.04,77.002,77.04,770,5930.5585
1784706660000,77.039,77.054,77.039,77.054,415,3197.5941
1784706720000,77.063,77.065,77.033,77.033,703,5416.7644
1784706780000,77.035,77.07,77.035,77.07,587,4523.3685
1784706840000,77.087,77.094,77.08,77.08,303,2335.727
1784706900000,77.061,77.103,77.06,77.083,1854,14291.1767
1784706960000,77.08,77.112,77.08,77.112,163,1256.5406
1784707020000,77.102,77.102,77.084,77.085,2103,16212.2932
1784707080000,77.08,77.121,77.07,77.09,33032,254693.1904
1784707140000,77.096,77.096,77.096,77.096,70,539.672
1784707200000,77.077,77.149,77.029,77.149,6945,53531.1211
1784707260000,77.137,77.137,77.043,77.043,2048,15792.4556
1784707320000,77.044,77.046,77.013,77.013,25810,198830.471
1784707380000,77.014,77.075,77.013,77.073,35228,271423.389
1784707440000,77.084,77.155,77.08,77.155,5216,40211.6846
1784707500000,77.158,77.222,77.158,77.222,720,5558.1159
1784707560000,77.212,77.232,77.163,77.163,1611,12435.0295
1784707620000,77.152,77.23,77.152,77.222,2076,16026.0126
1784707680000,77.229,77.255,77.221,77.247,640,4943.691
1784707740000,77.251,77.258,77.246,77.251,2018,15589.2689
1784707800000,77.25,77.263,77.22,77.22,1774,13701.1859
1784707860000,77.217,77.232,77.185,77.185,869,6710.3757
1784707920000,77.185,77.202,77.185,77.186,514,3967.6556
1784707980000,77.203,77.232,77.198,77.232,179,1382.1655
1784708040000,77.216,77.216,77.187,77.187,946,7303.4337
1784708100000,77.181,77.194,77.181,77.194,491,3789.977
1784708160000,77.195,77.195,77.182,77.182,130,1003.4474
1784708220000,77.17,77.176,77.156,77.172,750,5787.4861
1784708280000,77.172,77.207,77.162,77.207,1299,10026.4732
1784708340000,77.215,77.258,77.215,77.258,1610,12435.2798
1784708400000,77.261,77.298,77.261,77.287,3445,26619.6322
1784708460000,77.292,77.391,77.292,77.386,41681,322421.4917
1784708520000,77.371,77.424,77.371,77.399,3235,25036.4909
1784708580000,77.412,77.485,77.412,77.459,15164,117478.7228
1784708640000,77.442,77.442,77.365,77.382,3278,25379.617
1784726700000,77.217,77.217,77.191,77.214,4775,36865.0228
1784726760000,77.224,77.232,77.209,77.209,532,4108.3505
1784726820000,77.215,77.22,77.215,77.217,671,5181.4178
1784726880000,77.229,77.275,77.229,77.247,1950,15065.8322
1784726940000,77.244,77.263,77.244,77.246,436,3368.4739
1784727000000,77.247,77.347,77.239,77.326,22220,171744.2797
1784727060000,77.329,77.363,77.282,77.312,3159,24420.8829
1784727120000,77.259,77.264,77.188,77.264,22007,169975.4137
1784727180000,77.295,77.413,77.267,77.364,8519,65874.1392
1784727240000,77.384,77.573,77.384,77.568,11276,87333.8891
1784727300000,77.573,77.576,77.484,77.509,11838,91791.1262
1784727360000,77.531,77.54,77.524,77.54,621,4814.8691
1784727420000,77.539,77.686,77.512,77.632,12596,97754.062
1784727480000,77.664,77.668,77.581,77.581,1008,7824.6046
1784727540000,77.553,77.664,77.523,77.66,1553,12051.9075
1784727600000,77.631,77.68,77.601,77.68,4481,34786.9247
1784727660000,77.681,77.759,77.681,77.735,5108,39703.3395
1784727720000,77.735,77.773,77.715,77.724,4991,38799.7224
1784727780000,77.739,77.763,77.72,77.726,1257,9771.3704
1784727840000,77.734,77.764,77.734,77.761,7199,55974.1553
1784727900000,77.773,77.903,77.773,77.852,28059,218472.3021
1784727960000,77.862,77.923,77.862,77.886,6082,47383.3311
1784728020000,77.888,77.908,77.788,77.79,14914,116142.0729
1784728080000,77.788,77.805,77.766,77.766,2244,17455.6063
1784728140000,77.79,77.83,77.734,77.83,9500,73899.1683
1784728200000,77.824,77.847,77.7,77.7,3604,28030.739
1784728260000,77.694,77.823,77.685,77.734,30272,235466.3382
1784728320000,77.732,77.828,77.726,77.726,23480,182635.2028
1784728380000,77.715,77.747,77.692,77.747,7382,57378.6172
1784728440000,77.759,77.798,77.758,77.798,1297,10086.3417
1784728500000,77.802,77.832,77.762,77.774,3666,28515.909
1784728560000,77.764,77.764,77.729,77.734,1864,14490.3533
1784728620000,77.749,77.822,77.749,77.822,298,2317.7345
1784728680000,77.834,77.876,77.828,77.828,7394,57574.9244
1784728740000,77.833,77.844,77.822,77.836,4827,37566.5059
1784728800000,77.818,77.834,77.794,77.794,5031,39155.7101
1784728860000,77.794,77.796,77.794,77.796,898,6985.991
1784728920000,77.789,77.838,77.789,77.832,2230,17351.0866
1784728980000,77.844,77.924,77.833,77.899,2583,20109.5708
1784729040000,77.844,77.969,77.844,77.969,4008,31241.876
1784729100000,77.954,78.411,77.94,78.308,49927,390434.1641
1784729160000,78.307,78.319,78.169,78.184,7387,57799.6598
1784729220000,78.183,78.213,78.05,78.051,6761,52827.5169
1784729280000,78.058,78.058,77.964,77.979,7657,59729.2234
1784729340000,77.963,78.004,77.954,77.986,3849,30010.1737
1784729400000,77.994,78.064,77.964,78.036,9663,75390.3064
1784729460000,78.042,78.124,78.034,78.093,1463,11424.1467
1784729520000,78.088,78.104,78.072,78.098,1135,8862.862
1784729580000,78.069,78.115,78.044,78.073,1810,14130.2641
1784729640000,78.068,78.076,78.027,78.027,11408,89026.3497
1784729700000,78.027,78.027,77.761,77.84,26870,209089.7354
1784729760000,77.804,77.919,77.804,77.859,48331,376382.749
1784729820000,77.858,77.858,77.764,77.835,16232,126294.7998
1784729880000,77.858,77.866,77.803,77.833,7098,55256.6073
1784729940000,77.819,77.844,77.814,77.834,4904,38165.4181
1784730000000,77.829,77.847,77.784,77.808,1840,14316.3939
1784730060000,77.803,77.812,77.719,77.719,5429,42210.2743
1784730120000,77.716,77.753,77.706,77.709,4916,38210.0617
1784730180000,77.696,77.703,77.676,77.69,756,5872.8511
1784730240000,77.709,77.725,77.505,77.522,20945,162506.9438
1784730300000,77.522,77.647,77.522,77.646,7381,57269.368
1784730360000,77.682,77.688,77.626,77.626,3089,23994.223
1784730420000,77.6,77.677,77.6,77.618,7233,56151.7226
1784730480000,77.612,77.63,77.432,77.44,2895,22441.899
1784730540000,77.473,77.473,77.388,77.43,7944,61524.712
1784730600000,77.435,77.528,77.358,77.528,8092,62668.2137
1784730660000,77.537,77.552,77.526,77.526,890,6901.3449
1784730720000,77.568,77.669,77.568,77.647,3693,28665.9458
1784730780000,77.656,77.687,77.656,77.669,3679,28573.2914
1784730840000,77.687,77.697,77.68,77.68,5045,39194.784
1784730900000,77.66,77.682,77.626,77.682,854,6631.6464
1784730960000,77.686,77.854,77.686,77.854,3557,27674.51
1784731020000,77.867,77.868,77.787,77.797,2239,17421.5284
1784731080000,77.737,77.745,77.684,77.684,3088,24000.3586
1784731140000,77.687,77.691,77.649,77.691,613,4761.0705
1784731200000,77.691,77.712,77.649,77.649,322,2500.8111
1784731260000,77.634,77.656,77.634,77.656,341,2647.8298
1784731320000,77.662,77.76,77.662,77.76,1313,10201.6545
1784731380000,77.715,77.737,77.715,77.732,1392,10819.1098
1784731440000,77.731,77.742,77.7,77.7,1990,15466.8865
1784731500000,77.651,77.669,77.633,77.661,1112,8635.0945
1784731560000,77.661,77.787,77.661,77.787,1838,14292.019
1784731620000,77.764,77.764,77.72,77.729,1144,8892.0643
1784731680000,77.737,77.75,77.731,77.746,1719,13363.2744
1784731740000,77.722,77.722,77.64,77.719,347,2695.2661
1784731800000,77.745,77.756,77.732,77.756,136,1057.3495
1784731860000,77.769,77.77,77.697,77.77,57029,443500.86
1784731920000,77.77,77.77,77.695,77.696,120992,940934.5548
1784731980000,77.718,77.763,77.712,77.733,1847,14357.9472
1784732040000,77.755,77.787,77.733,77.733,30641,238293.2275
1784732100000,77.725,77.725,77.665,77.709,3125,24276.7027
1784732160000,77.712,77.712,77.694,77.698,1271,9875.6556
1784732220000,77.727,77.73,77.718,77.729,909,7065.2256
1784732280000,77.741,77.787,77.736,77.787,444,3452.6674
1784732340000,77.817,77.85,77.807,77.85,383,2980.1666
1784732400000,77.873,78.081,77.873,78.055,23810,185642.226
1784732460000,78.081,78.131,77.983,77.985,4854,37887.2019
1784732520000,77.986,78.025,77.986,78.025,1182,9219.9345
1784732580000,78.006,78.161,78.006,78.147,3706,28944.1714
1784732640000,78.13,78.228,78.13,78.144,3439,26887.6016
1784732700000,78.115,78.164,78.085,78.164,437,3413.6249
1784732760000,78.14,78.16,78.093,78.16,6340,49526.3617
1784732820000,78.124,78.176,78.124,78.142,1344,10503.625
1784732880000,78.137,78.155,78.12,78.144,1455,11368.8009
1784732940000,78.164,78.164,78.1,78.1,968,7561.62
1784733000000,78.086,78.117,78.086,78.117,763,5959.7365
1784733060000,78.158,78.2,78.158,78.186,3008,23519.2422
1784733120000,78.205,78.206,78.193,78.206,1560,12199.0019
1784733180000,78.175,78.184,78.168,78.183,4435,34671.5257
1784733240000,78.19,78.385,78.19,78.371,8602,67360.6122
1784733300000,78.353,78.378,78.302,78.345,2752,21561.8201
1784733360000,78.316,78.399,78.265,78.366,4011,31418.3282
1784733420000,78.35,78.374,78.311,78.374,2750,21543.3795
1784733480000,78.354,78.366,78.212,78.232,4878,38182.6707
1784733540000,78.278,78.33,78.267,78.329,67337,527445.5529
1784733600000,78.33,78.445,78.33,78.435,146527,1147814.8259
1784733660000,78.43,78.515,78.405,78.405,12057,94631.7766
1784733720000,78.385,78.445,78.381,78.395,2915,22854.2321
1784733780000,78.385,78.464,78.355,78.435,23265,182463.455
1784733840000,78.433,78.445,78.38,78.4,9558,74950.6216
1784733900000,78.387,78.716,78.385,78.715,19623,154035.2619
1784733960000,78.72,78.816,78.652,78.652,8530,67198.6314
1784734020000,78.666,78.731,78.626,78.673,5767,45365.7172
1784734080000,78.681,78.685,78.6,78.622,3061,24073.5736
1784734140000,78.597,78.649,78.597,78.623,5246,41245.4949
1784734200000,78.665,78.713,78.64,78.664,6170,48543.9382
1784734260000,78.674,78.684,78.655,78.675,2162,17007.0109
1784734320000,78.66,78.733,78.607,78.616,17382,136671.6523
1784734380000,78.616,78.622,78.516,78.532,12970,101897.3609
1784734440000,78.532,78.587,78.531,78.553,2313,18172.7137
1784734500000,78.536,78.585,78.531,78.539,3033,23826.1233
1784734560000,78.553,78.572,78.532,78.558,4058,31876.3671
1784734620000,78.552,78.552,78.382,78.437,5755,45150.8403
1784734680000,78.439,78.479,78.413,78.479,762,5978.1953
1784734740000,78.467,78.474,78.442,78.468,1057,8293.4255
1784734800000,78.476,78.482,78.436,78.482,543,4259.5505
1784734860000,78.505,78.546,78.484,78.484,4248,33348.928
1784734920000,78.535,78.535,78.498,78.498,1265,9931.9529
1784734980000,78.478,78.494,78.441,78.451,115,902.6316
1784735040000,78.456,78.489,78.456,78.487,989,7762.2947
1784735100000,78.487,78.576,78.487,78.576,5319,41756.2275
1784735160000,78.564,78.575,78.432,78.432,2486,19521.4694
1784735220000,78.421,78.456,78.416,78.456,7275,57060.4085
1784735280000,78.486,78.49,78.464,78.464,1679,13175.9241
1784735340000,78.473,78.481,78.47,78.481,1055,8279.0706
1784735400000,78.502,78.51,78.465,78.469,5172,40586.6489
1784735460000,78.464,78.539,78.462,78.504,2395,18806.2938
1784735520000,78.505,78.505,78.438,78.438,978,7674.577
1784735580000,78.427,78.427,78.36,78.366,836,6553.1032
1784735640000,78.378,78.388,78.361,78.365,211,1653.5959
1784735700000,78.376,78.445,78.376,78.435,317,2486.2879
1784735760000,78.45,78.45,78.347,78.374,2266,17773.8105
1784735820000,78.378,78.398,78.356,78.363,1912,14986.3679
1784735880000,78.384,78.385,78.373,78.385,1123,8801.9788
1784735940000,78.375,78.407,78.366,78.406,874,6851.9789
1784736000000,78.417,78.444,78.413,78.416,1276,10006.6893
1784736060000,78.426,78.426,78.411,78.424,6197,48598.8537
1784736120000,78.449,78.449,78.371,78.371,986,7730.9848
1784736180000,78.346,78.374,78.318,78.374,393,3078.5995
1784736240000,78.392,78.392,78.363,78.363,303,2374.7962
1784736300000,78.38,78.408,78.371,78.371,1135,8898.365
1784736360000,78.435,78.455,78.434,78.434,726,5694.7892
1784736420000,78.415,78.491,78.415,78.489,809,6346.2659
1784736480000,78.504,78.504,78.437,78.469,8513,66802.1419
1784736540000,78.499,78.533,78.48,78.509,16869,132431.2185
1784736600000,78.511,78.511,78.4,78.412,3025,23727.1244
1784736660000,78.432,78.432,78.421,78.421,754,5913.3157
1784736720000,78.432,78.432,78.396,78.419,134,1050.5713
1784736840000,78.478,78.478,78.378,78.378,1637,12838.3978
1784736900000,78.373,78.373,78.246,78.261,4466,34956.4376
1784736960000,78.251,78.294,78.226,78.226,3180,24888.0624
1784737020000,78.217,78.23,78.185,78.185,1578,12342.2719
1784737080000,78.195,78.305,78.195,78.285,2661,20825.0566
1784737140000,78.315,78.324,78.29,78.315,2059,16125.2891
1784737200000,78.325,78.325,78.269,78.316,1662,13012.9443
1784737260000,78.305,78.305,78.225,78.233,2686,21016.8256
1784737320000,78.246,78.255,78.215,78.216,6482,50717.1751
1784737380000,78.225,78.225,78.179,78.179,2026,15840.3514
1784737440000,78.184,78.205,78.159,78.205,1706,13335.5013
1784737500000,78.16,78.163,78.136,78.136,491,3837.5172
1784737560000,78.141,78.142,78.063,78.091,4785,37373.6926
1784737620000,78.132,78.14,78.101,78.139,6894,53868.2843
1784737680000,78.111,78.151,78.092,78.122,1642,12826.6089
1784737740000,78.139,78.168,78.135,78.165,584,4563.607
1784737800000,78.158,78.2,78.155,78.199,1647,12874.5598
1784737860000,78.253,78.42,78.253,78.368,994,7790.4098
1784737920000,78.382,78.401,78.367,78.401,986,7728.5717
1784737980000,78.421,78.527,78.419,78.505,2499,19605.3932
1784738040000,78.516,78.581,78.412,78.55,22626,177603.3968
1784738100000,78.544,78.562,78.485,78.539,4570,35885.2808
1784738160000,78.554,78.579,78.539,78.567,1467,11524.2829
1784738220000,78.581,78.674,78.581,78.625,10387,81671.7559
1784738280000,78.674,78.744,78.665,78.728,18393,144708.7363
1784738340000,78.715,78.764,78.702,78.702,1439,11329.8984
1784738400000,78.734,78.734,78.587,78.587,2867,22547.3595
1784738460000,78.624,78.624,78.543,78.554,3197,25120.5653
1784738520000,78.528,78.634,78.527,78.594,2937,23077.8008
1784738580000,78.611,78.625,78.586,78.609,1889,14848.8274
1784738640000,78.619,78.634,78.61,78.624,1378,10833.5048
1784738700000,78.624,78.664,78.549,78.55,2153,16924.4047
1784756700000,77.958,77.958,77.923,77.923,1353,10547.0842
1784756760000,77.915,77.915,77.883,77.896,552,4300.2575
1784756820000,77.908,77.91,77.908,77.91,300,2337.25
1784756880000,77.914,77.969,77.914,77.959,3116,24287.7831
1784756940000,77.959,77.959,77.956,77.956,911,7101.7919
1784757000000,77.97,77.978,77.97,77.978,2217,17286.0938
1784757060000,77.978,77.988,77.978,77.983,1317,10270.4011
1784757120000,77.952,77.952,77.908,77.934,1652,12872.302
1784757180000,77.939,77.977,77.939,77.977,446,3477.1074
1784757240000,77.977,77.987,77.948,77.987,6043,47118.2671
1784757300000,77.993,78.021,77.937,77.975,8178,63760.4111
1784757360000,77.984,77.984,77.977,77.984,1784,13911.717
1784757420000,77.968,77.976,77.964,77.976,776,6050.0416
1784757480000,77.959,77.959,77.872,77.942,1382,10768.6287
1784757540000,77.943,77.973,77.943,77.973,60,467.8246
1784757600000,77.982,78.007,77.824,77.953,1964,15306.0225
1784757660000,77.921,77.921,77.921,77.921,7,54.5447
1784757720000,77.888,77.908,77.847,77.9,4100,31934.3824
1784757780000,77.932,78.022,77.932,77.956,663,5168.8883
1784757840000,78.034,78.034,78.029,78.029,1635,12758.434
1784757900000,78.036,78.037,78.022,78.022,295,2301.6734
1784757960000,78.027,78.075,78.027,78.068,2002,15628.5957
1784758020000,78.071,78.071,77.992,78.022,1262,9850.1682
1784758080000,78.008,78.009,77.977,77.977,1018,7940.1711
1784758140000,77.987,78.079,77.958,78.078,9001,70216.3604
1784758200000,78.066,78.066,78.012,78.012,601,4691.0612
1784758260000,78.034,78.056,77.998,78.056,2745,21419.0257
1784758320000,78.063,78.078,78.063,78.078,527,4114.2441
1784758380000,78.045,78.045,78.012,78.021,410,3198.9564
1784758440000,78.034,78.034,78.009,78.028,729,5688.1318
1784758500000,78.039,78.039,77.997,78.022,1042,8130.3949
1784758560000,77.954,77.954,77.954,77.954,133,1036.7882
1784758620000,77.955,77.955,77.947,77.947,333,2595.8887
1784758680000,77.98,77.98,77.98,77.98,166,1294.468
1784758800000,77.96,77.96,77.958,77.958,228,1777.4448
1784758860000,77.931,77.958,77.931,77.958,200,1559.0952
1784758920000,77.929,77.932,77.916,77.932,422,3288.6104
1784758980000,77.903,77.925,77.903,77.925,256,1994.4376
1784759040000,77.932,77.959,77.932,77.959,220,1714.5148
1784759100000,78.0,78.018,78.0,78.018,84,655.2936
1784759160000,78.038,78.038,78.021,78.022,267,2083.3349
1784759220000,78.024,78.024,78.024,78.024,36,280.8864
1784759280000,78.021,78.028,78.012,78.012,113,881.5676
1784759340000,78.024,78.024,78.02,78.02,2304,17976.7016
1784759400000,78.007,78.007,77.987,77.987,126,982.6922
1784759460000,77.985,78.0,77.968,77.989,593,4624.9292
1784759580000,77.985,78.007,77.985,78.007,32,249.5788
1784759640000,77.978,77.978,77.938,77.938,336,2619.0943
1784759700000,77.927,77.932,77.8,77.808,14490,112838.7092
1784759760000,77.8,77.807,77.634,77.71,220833,1717963.1822
1784759820000,77.707,77.738,77.696,77.73,3279,25485.0038
1784759880000,77.727,77.731,77.72,77.721,1105,8588.7385
1784759940000,77.728,77.735,77.708,77.732,4530,35207.7953
1784760000000,77.723,77.726,77.705,77.721,2161,16794.5404
1784760060000,77.732,77.732,77.732,77.732,1,7.7732
1784760120000,77.733,77.745,77.72,77.738,3623,28162.6773
1784760180000,77.74,77.756,77.74,77.756,2095,16289.4859
1784760240000,77.74,77.74,77.724,77.724,391,3039.258
1784760300000,77.733,77.755,77.724,77.733,3411,26514.6994
1784760360000,77.737,77.748,77.737,77.737,1469,11420.4771
1784760420000,77.76,77.777,77.76,77.777,223,1734.3982
1784760480000,77.761,77.774,77.761,77.774,7,54.434
1784760540000,77.77,77.851,77.77,77.838,1278,9945.4692
1784760600000,77.839,77.848,77.821,77.821,1354,10538.398
1784760660000,77.859,77.859,77.859,77.859,141,1097.8119
1784760720000,77.858,77.904,77.858,77.904,1286,10014.5204
1784760780000,77.916,77.935,77.907,77.935,1541,12006.5066
1784760840000,77.936,77.96,77.936,77.96,468,3648.431
1784760900000,77.969,77.969,77.948,77.948,97,756.1937
1784760960000,77.957,77.993,77.957,77.993,92,717.2777
1784761020000,77.988,77.988,77.965,77.965,222,1731.2009
1784761080000,77.941,77.959,77.937,77.959,415,3234.3997
1784761140000,77.968,77.968,77.968,77.968,96,748.4928
1784761200000,77.956,77.956,77.955,77.955,16,124.7292
1784761260000,77.944,77.947,77.913,77.913,1937,15096.0656
1784761320000,77.924,77.932,77.849,77.857,4125,32131.0271
1784761380000,77.842,77.857,77.835,77.851,1432,11146.5698
1784761440000,77.861,77.861,77.812,77.816,295,2296.3083
1784761500000,77.817,77.837,77.817,77.824,635,4942.2534
1784761560000,77.829,77.829,77.829,77.829,1,7.7829
1784761620000,77.852,77.894,77.852,77.894,2080,16196.9151
1784761680000,77.886,77.886,77.867,77.867,193,1503.1304
1784761860000,77.889,77.889,77.742,77.742,22705,176773.3496
1784761920000,77.746,77.768,77.717,77.721,2561,19909.335
1784761980000,77.74,77.74,77.667,77.667,1416,11002.2918
1784762040000,77.692,77.715,77.499,77.517,32269,250525.4013
1784762100000,77.528,77.571,77.528,77.562,3974,30817.3675
1784762160000,77.547,77.59,77.547,77.59,1732,13437.6512
1784762220000,77.583,77.583,77.516,77.516,819,6351.6521
1784762280000,77.508,77.508,77.457,77.457,2294,17773.7713
1784762340000,77.476,77.541,77.474,77.488,4407,34150.7211
1784762400000,77.503,77.545,77.503,77.545,442,3425.8636
1784762460000,77.58,77.605,77.58,77.605,337,2614.5199
1784762580000,77.652,77.652,77.646,77.646,1393,10816.6854
1784762640000,77.636,77.636,77.634,77.634,147,1141.2444
1784762700000,77.637,77.653,77.623,77.623,1536,11924.7246
1784762760000,77.657,77.682,77.657,77.675,2958,22975.2274
1784762820000,77.676,77.71,77.676,77.706,258,2004.8091
1784762880000,77.699,77.699,77.677,77.677,227,1763.3471
1784762940000,77.687,77.687,77.68,77.68,388,3013.9854
1784763000000,77.693,77.695,77.685,77.695,1349,10480.6155
1784763060000,77.694,77.694,77.654,77.654,1578,12255.4108
1784763120000,77.666,77.701,77.666,77.701,478,3712.7232
1784763180000,77.715,77.715,77.691,77.691,1343,10434.7797
1784763300000,77.671,77.679,77.671,77.679,410,3184.5206
1784763360000,77.711,77.711,77.698,77.698,411,3193.4294
1784763420000,77.706,77.724,77.704,77.704,1247,9689.8952
1784763480000,77.728,77.73,77.728,77.73,786,6109.4238
1784763540000,77.743,77.744,77.743,77.744,44,342.0721
1784763600000,77.737,77.771,77.737,77.771,92,715.218
1784763660000,77.776,77.776,77.776,77.776,12,93.3312
1784763720000,77.753,77.753,77.753,77.753,139,1080.7667
1784763780000,77.75,77.756,77.733,77.756,2527,19647.2975
1784763900000,77.752,77.78,77.752,77.78,456,3545.8106
1784763960000,77.78,77.815,77.78,77.815,801,6230.2527
1784764020000,77.824,77.824,77.796,77.796,664,5167.3568
1784764080000,77.829,77.846,77.829,77.846,414,3222.1633
1784764140000,77.846,77.875,77.846,77.871,553,4306.1945
1784764200000,77.869,77.869,77.864,77.867,1778,13845.0854
1784764260000,77.863,77.863,77.863,77.863,48,373.7424
1784764380000,77.847,77.847,77.814,77.832,2197,17100.0362
1784764440000,77.815,77.882,77.815,77.882,1005,7820.9463
1784764560000,77.885,77.896,77.885,77.896,147,1145.063
1784764620000,77.925,77.927,77.91,77.927,169,1316.8471
1784764680000,77.94,77.95,77.94,77.941,214,1668.0713
1784764740000,77.923,77.939,77.923,77.932,639,4979.6565
1784764800000,77.944,78.075,77.944,78.075,3721,29032.2838
1784764860000,78.074,78.074,77.996,78.014,3210,25042.682
1784764920000,78.056,78.064,77.988,77.989,10253,80015.3805
1784764980000,77.989,78.037,77.988,78.021,2546,19859.6077
1784765040000,78.045,78.172,78.045,78.137,3753,29318.9304
1784765100000,78.131,78.2,78.131,78.197,4366,34127.7414
1784765160000,78.2,78.224,78.164,78.224,1640,12827.2905
1784765220000,78.225,78.228,78.21,78.211,770,6022.7914
1784765280000,78.231,78.251,78.231,78.251,5722,44771.2557
1784765340000,78.266,78.284,78.217,78.238,4717,36901.062
1784765400000,78.237,78.295,78.237,78.295,3045,23834.1974
1784765460000,78.291,78.312,78.291,78.312,2562,20059.4791
1784765520000,78.32,78.341,78.28,78.28,8446,66125.2651
1784765580000,78.242,78.287,78.204,78.235,2684,21000.0966
1784765640000,78.24,78.262,78.231,78.252,1933,15124.8024
1784765700000,78.27,78.325,78.27,78.297,3188,24961.0575
1784765760000,78.257,78.334,78.257,78.333,7946,62225.9484
1784765820000,78.361,78.399,78.339,78.339,2013,15775.481
1784765880000,78.344,78.355,78.235,78.248,3472,27176.0178
1784765940000,78.249,78.272,78.218,78.272,777,6079.9518
1784766000000,78.256,78.311,78.256,78.311,3525,27599.0252
1784766060000,78.319,78.336,78.311,78.336,1049,8215.6528
1784766120000,78.362,78.416,78.362,78.415,3118,24441.8208
1784766180000,78.398,78.447,78.398,78.399,3646,28592.8902
1784766240000,78.414,78.414,78.404,78.404,23,180.3402
1784766300000,78.401,78.401,78.387,78.387,243,1904.8505
1784766360000,78.419,78.482,78.419,78.439,3391,26600.6273
1784766420000,78.489,78.492,78.484,78.486,989,7762.4849
1784766480000,78.485,78.485,78.401,78.401,172,1348.8224
1784766540000,78.413,78.433,78.404,78.404,299,2344.5837
1784766600000,78.382,78.423,78.311,78.323,2792,21872.5684
1784766660000,78.32,78.35,78.32,78.35,1628,12750.7176
1784766720000,78.34,78.38,78.325,78.334,1722,13491.4296
1784766780000,78.335,78.335,78.304,78.304,375,2937.1992
1784766840000,78.342,78.379,78.342,78.379,1557,12201.8426
1784766900000,78.402,78.414,78.4,78.4,1125,8820.6957
1784766960000,78.392,78.392,78.369,78.369,189,1481.2086
1784767020000,78.326,78.326,78.292,78.306,335,2623.1364
1784767080000,78.312,78.319,78.302,78.316,1326,10383.3708
1784767140000,78.301,78.301,78.278,78.278,141,1103.7849
1784767200000,78.283,78.3,78.282,78.288,1328,10396.6505
1784767260000,78.314,78.345,78.314,78.329,3213,25170.0262
1784767320000,78.351,78.358,78.273,78.273,402,3148.2929
1784767380000,78.291,78.298,78.291,78.298,111,869.0987
1784767440000,78.286,78.286,78.277,78.277,1085,8493.3299
1784767500000,78.298,78.324,78.298,78.324,1151,9014.0418
1784767560000,78.369,78.37,78.364,78.37,33,258.6193
1784767620000,78.352,78.385,78.352,78.385,376,2946.4106
1784767680000,78.391,78.391,78.391,78.391,26,203.8166
1784767740000,78.373,78.373,78.321,78.321,4697,36801.9632
1784767800000,78.317,78.322,78.241,78.256,590,4619.2898
1784767860000,78.269,78.297,78.246,78.297,1769,13845.2261
1784767920000,78.361,78.362,78.361,78.361,1077,8439.4881
1784767980000,78.329,78.329,78.275,78.275,2293,17952.8353
1784768040000,78.275,78.289,78.275,78.287,492,3851.4104
1784768100000,78.27,78.27,78.227,78.227,865,6767.7749
1784768160000,78.217,78.223,78.205,78.223,524,4098.3064
1784768220000,78.212,78.214,78.198,78.211,1630,12748.2608
1784768280000,78.223,78.234,78.194,78.216,605,4732.5121
1784768340000,78.224,78.224,78.214,78.214,260,2033.764
1784768400000,78.215,78.25,78.173,78.245,2493,19492.7729
1784768460000,78.226,78.251,78.208,78.249,5674,44385.4099
1784768520000,78.225,78.25,78.225,78.25,900,7041.5155
1784768580000,78.264,78.271,78.264,78.265,393,3075.8324
1784768640000,78.277,78.305,78.277,78.305,800,6262.7734
1784768700000,78.312,78.34,78.312,78.339,513,4018.3744
1784768760000,78.372,78.372,78.31,78.31,1164,9119.3545
1784768820000,78.305,78.308,78.3,78.3,953,7462.6159
1784768880000,78.283,78.283,78.169,78.173,7926,61985.5411
1784768940000,78.178,78.18,78.164,78.167,339,2650.0621
1784769000000,78.135,78.224,78.135,78.224,1208,9444.0303
1784769120000,78.203,78.203,78.203,78.203,49,383.1947
1784769180000,78.182,78.194,78.182,78.194,361,2822.7602
1784769300000,78.187,78.192,78.187,78.192,479,3745.3573
1784786700000,77.439,77.47,77.439,77.458,1717,13298.5638
1784786760000,77.458,77.458,77.435,77.435,88,681.5614
1784786820000,77.426,77.439,77.413,77.413,1357,10505.0845
1784786880000,77.4,77.4,77.399,77.399,762,5897.8178
1784786940000,77.383,77.385,77.382,77.382,136,1052.4086
1784787000000,77.413,77.413,77.409,77.409,27,209.0143
1784787060000,77.384,77.384,77.369,77.369,564,4363.7351
1784787120000,77.369,77.378,77.348,77.378,3323,25708.5084
1784787180000,77.377,77.377,77.377,77.377,436,3373.6372
1784787240000,77.409,77.429,77.409,77.429,278,2152.1392
1784787360000,77.442,77.458,77.442,77.447,492,3810.3672
1784787420000,77.448,77.448,77.432,77.436,81,627.2288
1784787480000,77.448,77.452,77.448,77.451,529,4097.2043
1784787540000,77.467,77.478,77.448,77.478,894,6925.5354
1784787600000,77.481,77.508,77.481,77.493,573,4440.3257
1784787660000,77.476,77.476,77.464,77.471,771,5972.7193
1784787720000,77.424,77.424,77.412,77.412,27,209.0376
1784787780000,77.411,77.411,77.392,77.394,520,4025.0037
1784787840000,77.397,77.397,77.285,77.319,27095,209424.8474
1784787900000,77.339,77.389,77.339,77.389,600,4641.5
1784787960000,77.39,77.423,77.39,77.423,280,2167.4378
1784788020000,77.443,77.443,77.435,77.435,52,402.686
1784788080000,77.424,77.467,77.424,77.461,985,7627.6895
1784788140000,77.449,77.465,77.449,77.449,282,2184.2464
1784788200000,77.48,77.482,77.444,77.444,1340,10377.857
1784788260000,77.424,77.445,77.421,77.444,102,789.8038
1784788320000,77.433,77.476,77.428,77.476,48670,377026.9756
1784788380000,77.449,77.463,77.449,77.449,424,3284.0147
1784788440000,77.461,77.487,77.441,77.441,2059,15952.016
1784788500000,77.451,77.451,77.431,77.431,906,7015.5877
1784788560000,77.453,77.468,77.447,77.468,13400,103794.2539
1784788620000,77.45,77.459,77.45,77.459,164,1270.2115
1784788680000,77.464,77.465,77.449,77.465,226,1750.462
1784788740000,77.457,77.457,77.449,77.449,111,859.7441
1784788860000,77.479,77.479,77.466,77.479,16885,130809.2305
1784788920000,77.494,77.499,77.494,77.499,66,511.4929
1784788980000,77.508,77.521,77.497,77.499,1959,15184.0323
1784789040000,77.498,77.498,77.491,77.491,51,395.2216
1784789100000,77.48,77.48,77.48,77.48,63,488.124
1784789160000,77.504,77.516,77.504,77.516,152,1178.0868
1784789220000,77.518,77.519,77.518,77.519,283,2193.7852
1784789280000,77.52,77.52,77.515,77.515,140,1085.2785
1784789340000,77.516,77.516,77.515,77.515,211,1635.5675
1784789400000,77.519,77.529,77.519,77.529,428,3318.0643
1784789460000,77.531,77.531,77.509,77.509,763,5914.9309
1784789520000,77.515,77.518,77.469,77.518,46772,362490.9051
1784789580000,77.499,77.533,77.499,77.532,5268,40842.8003
1784789640000,77.529,77.529,77.529,77.529,173,1341.2517
1784789760000,77.501,77.509,77.501,77.501,517,4006.8593
1784789820000,77.501,77.501,77.501,77.501,571,4425.3071
1784789880000,77.5,77.501,77.497,77.501,1703,13198.144
1784789940000,77.502,77.502,77.502,77.502,14,108.5028
1784790000000,77.502,77.502,77.436,77.436,493,3818.8732
1784790060000,77.412,77.423,77.382,77.382,72,557.3767
1784790120000,77.367,77.455,77.367,77.453,865,6695.5339
1784790180000,77.455,77.482,77.455,77.482,483,3742.2402
1784790240000,77.469,77.479,77.419,77.419,495,3833.6273
1784790300000,77.419,77.426,77.411,77.411,156,1207.7193
1784790360000,77.403,77.403,77.382,77.382,289,2236.7703
1784790420000,77.386,77.386,77.375,77.375,38,294.0657
1784790540000,77.356,77.356,77.321,77.341,1005,7771.4264
1784790600000,77.348,77.369,77.231,77.231,3810,29448.2664
1784790660000,77.248,77.248,77.033,77.074,127709,985751.9701
1784790720000,77.053,77.088,76.994,77.088,14051,108250.3573
1784790780000,77.086,77.095,77.059,77.065,679,5234.0653
1784790840000,77.066,77.196,77.066,77.184,1838,14183.0794
1784790900000,77.154,77.175,77.151,77.166,1686,13008.9584
1784790960000,77.161,77.174,77.157,77.157,722,5571.6348
1784791020000,77.169,77.172,77.136,77.152,392,3024.4008
1784791080000,77.159,77.161,77.119,77.161,175,1350.1376
1784791140000,77.158,77.158,77.065,77.101,683,5266.8775
1784791200000,77.114,77.114,77.071,77.11,2090,16111.5055
1784791260000,77.112,77.112,77.082,77.082,3,23.1306
1784791320000,77.103,77.117,77.099,77.109,4998,38541.117
1784791380000,77.108,77.116,77.106,77.113,15201,117217.8698
1784791440000,77.107,77.107,77.057,77.105,517,3985.8713
1784791500000,77.083,77.123,77.071,77.123,2101,16197.8076
1784791560000,77.11,77.126,77.086,77.107,775,5974.9313
1784791620000,77.107,77.12,77.088,77.12,1695,13069.5612
1784791680000,77.14,77.141,77.112,77.112,989,7628.509
1784791740000,77.116,77.127,77.116,77.127,749,5776.1481
1784791800000,77.13,77.132,77.077,77.132,450,3469.3167
1784791860000,77.086,77.117,77.078,77.117,1261,9721.8713
1784791920000,77.117,77.117,77.058,77.066,467,3599.6316
1784791980000,77.093,77.123,77.093,77.117,198,1526.7524
1784792040000,77.102,77.102,77.095,77.095,260,2004.5906
1784792100000,77.109,77.109,77.109,77.109,28,215.9052
1784792160000,77.078,77.108,77.078,77.089,615,4741.3207
1784792220000,77.112,77.124,77.112,77.121,1142,8806.5136
1784792280000,77.131,77.137,77.121,77.121,281,2167.2659
1784792340000,77.139,77.148,77.104,77.114,1433,11052.7995
1784792400000,77.089,77.092,77.089,77.089,797,6144.0929
1784792460000,77.09,77.12,77.09,77.099,3410,26293.551
1784792520000,77.08,77.08,77.061,77.061,120,924.7776
1784792580000,77.074,77.087,77.068,77.087,632,4871.5768
1784792640000,77.071,77.071,77.052,77.053,261,2011.247
1784792700000,77.052,77.052,77.014,77.033,1468,11309.0211
1784792760000,77.053,77.085,77.043,77.085,2167,16700.6833
1784792820000,77.068,77.081,77.053,77.053,419,3229.2749
1784792880000,77.1,77.118,77.1,77.118,337,2598.6086
1784792940000,77.1,77.1,77.068,77.077,890,6859.2776
1784793000000,77.077,77.086,77.065,77.086,660,5086.6681
1784793060000,77.089,77.089,77.06,77.06,273,2104.167
1784793120000,77.043,77.043,77.033,77.033,53,408.2869
1784793180000,77.075,77.078,77.066,77.078,264,2034.7031
1784793240000,77.091,77.101,77.085,77.101,238,1834.665
1784793300000,77.147,77.201,77.146,77.2,195048,1505646.4553
1784793360000,77.2,77.2,77.2,77.2,97262,750862.64
1784793420000,77.2,77.2,77.168,77.178,15374,118672.4184
1784793480000,77.17,77.18,77.137,77.137,4029,31090.6657
1784793540000,77.131,77.131,77.121,77.121,2936,22643.722
1784793600000,77.097,77.101,77.083,77.096,8964,69105.693
1784793660000,77.097,77.157,77.093,77.101,54337,419156.4941
1784793720000,77.101,77.101,77.072,77.072,861,6637.655
1784793780000,77.072,77.142,77.072,77.142,2702,20834.7759
1784793840000,77.15,77.174,77.141,77.141,3358,25909.809
1784793900000,77.125,77.284,77.125,77.177,202067,1560755.8888
1784793960000,77.177,77.186,77.172,77.186,1936,14941.7255
1784794020000,77.19,77.213,77.19,77.213,885,6832.1275
1784794080000,77.213,77.254,77.213,77.254,1474,11384.3057
1784794140000,77.251,77.251,77.212,77.212,942,7276.5291
1784794200000,77.204,77.218,77.204,77.218,1248,9635.8576
1784794260000,77.223,77.271,77.223,77.271,1492,11526.6378
1784794320000,77.261,77.277,77.244,77.276,1205,9310.2471
1784794380000,77.28,77.29,77.276,77.29,789,6097.3284
1784794440000,77.277,77.277,77.271,77.276,2249,17379.1816
1784794500000,77.281,77.293,77.233,77.233,3813,29463.2876
1784794560000,77.221,77.261,77.221,77.261,554,4279.4798
1784794620000,77.272,77.309,77.272,77.304,2493,19270.9076
1784794680000,77.295,77.327,77.295,77.326,2768,21400.4165
1784794740000,77.308,77.312,77.301,77.302,970,7498.6945
1784794800000,77.32,77.341,77.305,77.305,3284,25396.7925
1784794860000,77.283,77.283,77.266,77.266,408,3152.4853
1784794920000,77.233,77.251,77.222,77.251,1888,14583.1828
1784794980000,77.23,77.24,77.213,77.213,1462,11290.9402
1784795040000,77.213,77.218,77.213,77.214,766,5914.7104
1784795100000,77.223,77.235,77.202,77.235,1102,8510.0055
1784795160000,77.245,77.264,77.237,77.264,697,5384.0893
1784795220000,77.286,77.286,77.264,77.273,2680,20709.9771
1784795280000,77.285,77.298,77.273,77.273,478,3694.2095
1784795340000,77.306,77.306,77.306,77.306,111,858.0966
1784795400000,77.31,77.383,77.31,77.383,4564,35304.4988
1784795460000,77.386,77.4,77.348,77.4,2974,23008.8441
1784795520000,77.363,77.363,77.336,77.349,3574,27643.7737
1784795580000,77.335,77.353,77.334,77.353,1599,12366.9947
1784795640000,77.363,77.367,77.347,77.367,2807,21714.5412
1784795700000,77.371,77.4,77.368,77.368,1998,15460.3945
1784795760000,77.347,77.375,77.347,77.375,1075,8315.9151
1784795820000,77.384,77.384,77.367,77.367,1058,8186.6334
1784795880000,77.364,77.369,77.364,77.369,1054,8154.4406
1784795940000,77.358,77.358,77.358,77.358,373,2885.4534
1784796000000,77.358,77.358,77.358,77.358,14,108.3012
1784796060000,77.34,77.369,77.34,77.36,1861,14396.7193
1784796120000,77.34,77.34,77.34,77.34,775,5993.85
1784796180000,77.379,77.415,77.379,77.41,1238,9582.4431
1784796240000,77.393,77.398,77.393,77.397,803,6214.6693
1784796300000,77.407,77.411,77.385,77.385,702,5433.565
1784796360000,77.408,77.408,77.404,77.406,523,4048.2905
1784796420000,77.402,77.402,77.382,77.397,185,1431.7746
1784796480000,77.4,77.4,77.396,77.396,193,1493.7632
1784796540000,77.394,77.41,77.393,77.399,1664,12879.9815
1784796600000,77.39,77.395,77.348,77.379,1943,15034.7354
1784796660000,77.375,77.379,77.375,77.379,984,7613.7128
1784796720000,77.367,77.378,77.354,77.354,1673,12942.7005
1784796780000,77.357,77.373,77.357,77.362,1141,8826.9892
1784796840000,77.371,77.385,77.371,77.385,946,7319.4404
1784796900000,77.379,77.385,77.379,77.385,75,580.3487
1784796960000,77.394,77.416,77.394,77.416,445,3444.2451
1784797020000,77.412,77.414,77.402,77.414,633,4899.7156
1784797080000,77.417,77.431,77.417,77.431,1143,8849.2175
1784797140000,77.434,77.454,77.434,77.439,1214,9401.521
1784797200000,77.421,77.428,77.376,77.376,629,4869.085
1784797260000,77.375,77.392,77.356,77.382,4591,35526.8499
1784797320000,77.387,77.46,77.387,77.457,2324,17994.1579
1784797380000,77.451,77.505,77.451,77.496,2352,18221.1037
1784797440000,77.484,77.543,77.483,77.54,1933,14981.9436
1784797500000,77.535,77.535,77.499,77.511,1461,11324.0072
1784797560000,77.512,77.528,77.512,77.52,422,3271.6336
1784797620000,77.52,77.522,77.508,77.508,969,7511.1572
1784797680000,77.522,77.522,77.505,77.515,80,620.1542
1784797740000,77.507,77.507,77.454,77.499,3510,27194.9012
1784797800000,77.494,77.504,77.494,77.504,193,1495.6982
1784797860000,77.504,77.504,77.464,77.494,182,1410.0908
1784797920000,77.515,77.515,77.48,77.504,1470,11392.7229
1784797980000,77.494,77.499,77.494,77.499,460,3564.941
1784798040000,77.493,77.511,77.493,77.5,603,4673.2951
1784798100000,77.501,77.501,77.501,77.501,526,4076.5526
1784798160000,77.504,77.522,77.504,77.522,1042,8076.0514
1784798220000,77.533,77.533,77.505,77.516,688,5332.7341
1784798280000,77.536,77.568,77.526,77.567,3215,24932.3728
1784798340000,77.563,77.577,77.562,77.577,1804,13992.6952
1784798400000,77.582,77.607,77.582,77.59,933,7239.1979
1784798460000,77.606,77.606,77.596,77.597,999,7752.0472
1784798520000,77.558,77.558,77.532,77.543,80,620.4087
1784798580000,77.529,77.529,77.525,77.525,17,131.7941
1784798640000,77.517,77.533,77.517,77.533,818,6340.945
1784798700000,77.532,77.558,77.526,77.558,4084,31664.4377
1784798760000,77.558,77.573,77.555,77.568,725,5622.9177
1784798820000,77.544,77.544,77.538,77.543,1214,9413.3387
1784798880000,77.553,77.553,77.553,77.553,1006,7801.8318
1784816700000,76.651,76.691,76.651,76.691,866,6640.3538
1784816760000,76.663,76.674,76.652,76.668,1748,13400.5581
1784816820000,76.663,76.681,76.663,76.681,156,1195.976
1784816880000,76.711,76.728,76.708,76.708,330,2531.4816
1784816940000,76.661,76.706,76.657,76.706,1383,10602.6361
1784817000000,76.72,76.749,76.668,76.688,1510,11583.5176
1784817060000,76.683,76.707,76.636,76.639,357,2736.8234
1784817120000,76.639,76.651,76.633,76.635,526,4031.3947
1784817180000,76.626,76.64,76.619,76.64,905,6934.9334
1784817240000,76.642,76.666,76.642,76.666,654,5013.1914
1784817300000,76.637,76.647,76.609,76.617,938,7188.5201
1784817360000,76.607,76.626,76.607,76.626,480,3677.502
1784817420000,76.627,76.817,76.627,76.813,5157,39586.829
1784817480000,76.808,76.816,76.767,76.797,1028,7894.4059
1784817540000,76.793,76.793,76.792,76.792,1106,8493.2963
1784817600000,76.79,76.79,76.79,76.79,316,2426.564
1784817660000,76.752,76.752,76.709,76.709,749,5747.7217
1784817720000,76.701,76.701,76.614,76.614,542,4156.1257
1784817840000,76.611,76.633,76.611,76.633,120,919.5256
1784817900000,76.623,76.642,76.593,76.606,527,4038.7389
1784817960000,76.609,76.65,76.584,76.584,575,4404.9216
1784818020000,76.592,76.602,76.575,76.575,308,2358.9688
1784818080000,76.55,76.55,76.406,76.435,4752,36336.6396
1784818140000,76.436,76.502,76.436,76.502,401,3066.5598
1784818200000,76.496,76.504,76.304,76.406,26821,204776.5416
1784818260000,76.385,76.469,76.385,76.421,4728,36132.6115
1784818320000,76.421,76.474,76.405,76.456,3958,30249.913
1784818380000,76.454,76.454,76.386,76.398,568,4340.0254
1784818440000,76.374,76.374,76.336,76.337,2065,15765.6818
1784818500000,76.327,76.361,76.327,76.329,3718,28386.0088
1784818560000,76.327,76.338,76.326,76.334,6625,50571.6625
1784818620000,76.355,76.383,76.355,76.367,218,1664.7111
1784818680000,76.371,76.373,76.333,76.333,1257,9599.3422
1784818740000,76.307,76.383,76.298,76.383,1539,11748.5432
1784818800000,76.388,76.388,76.282,76.298,1142,8715.0585
1784818860000,76.305,76.306,76.239,76.264,5007,38182.3746
1784818920000,76.272,76.282,76.209,76.264,2469,18820.7124
1784818980000,76.267,76.307,76.225,76.307,12462,95046.7856
1784819040000,76.292,76.292,76.234,76.285,764,5826.2062
1784819100000,76.287,76.287,76.163,76.163,15595,118822.0515
1784819160000,76.161,76.161,75.904,76.046,69059,524989.2822
1784819220000,76.055,76.182,76.024,76.161,7536,57346.3394
1784819280000,76.156,76.156,76.064,76.07,2169,16502.1402
1784819340000,76.069,76.105,76.069,76.075,434,3302.1577
1784819400000,76.063,76.063,75.972,76.025,10211,77620.1628
1784819460000,76.007,76.007,75.912,75.923,7244,55018.3579
1784819520000,75.948,75.959,75.927,75.951,6890,52319.0233
1784819580000,75.951,75.963,75.915,75.916,2031,15421.8782
1784819640000,75.921,75.921,75.827,75.907,15624,118549.4302
1784819700000,75.881,75.906,75.799,75.822,20184,153065.427
1784819760000,75.825,75.902,75.819,75.852,42022,318767.3775
1784819820000,75.835,75.945,75.815,75.945,17724,134495.7096
1784819880000,75.942,76.008,75.904,75.991,16532,125567.7646
1784819940000,75.992,76.042,75.958,76.042,101437,770773.2751
1784820000000,76.044,76.08,76.031,76.049,3680,27989.0944
1784820060000,76.051,76.122,76.051,76.122,25699,195557.4364
1784820120000,76.139,76.181,75.984,76.025,52585,400286.2021
1784820180000,76.026,76.157,76.025,76.134,8847,67307.5592
1784820240000,76.136,76.306,76.136,76.306,21162,161236.0208
1784820300000,76.305,76.326,76.251,76.283,41223,314555.8486
1784820360000,76.284,76.322,76.214,76.312,45825,349389.0952
1784820420000,76.326,76.388,76.294,76.294,119146,909690.3115
1784820480000,76.308,76.324,76.287,76.289,3885,29646.2137
1784820540000,76.298,76.298,76.228,76.228,2296,17509.1689
1784820600000,76.219,76.229,76.173,76.173,1312,9997.4159
1784820660000,76.127,76.199,76.127,76.195,310,2361.414
1784820720000,76.201,76.235,76.201,76.214,732,5578.7501
1784820780000,76.222,76.244,76.214,76.221,1442,10992.0268
1784820840000,76.228,76.228,76.196,76.212,200,1524.1311
1784820900000,76.211,76.253,76.211,76.249,925,7052.8957
1784820960000,76.255,76.255,76.188,76.192,1118,8519.0139
1784821020000,76.203,76.275,76.177,76.248,4017,30611.513
1784821080000,76.255,76.311,76.255,76.311,488,3723.0123
1784821140000,76.325,76.325,76.311,76.311,572,4365.4468
1784821200000,76.313,76.355,76.313,76.332,2632,20094.0357
1784821260000,76.296,76.306,76.286,76.294,14754,112569.235
1784821320000,76.321,76.338,76.317,76.317,10914,83307.2236
1784821380000,76.3,76.306,76.3,76.305,523,3990.7422
1784821440000,76.305,76.305,76.278,76.278,585,4463.3853
1784821500000,76.271,76.271,76.19,76.234,15481,117996.7
1784821560000,76.23,76.23,76.165,76.169,1181,8998.366
1784821620000,76.209,76.214,76.178,76.214,1794,13668.0416
1784821680000,76.229,76.249,76.222,76.249,102,777.654
1784821740000,76.261,76.353,76.258,76.348,1757,13404.0097
1784821800000,76.35,76.399,76.331,76.396,6846,52282.8789
1784821860000,76.4,76.4,76.361,76.361,4843,36991.3769
1784821920000,76.357,76.381,76.357,76.381,335,2557.9883
1784821980000,76.318,76.319,76.318,76.319,340,2594.8459
1784822040000,76.336,76.361,76.336,76.361,361,2756.4213
1784822100000,76.392,76.392,76.392,76.392,2,15.2784
1784822160000,76.398,76.398,76.375,76.375,321,2451.6741
1784822220000,76.37,76.37,76.37,76.37,151,1153.187
1784822280000,76.377,76.377,76.377,76.377,11,84.0147
1784822340000,76.375,76.375,76.316,76.316,15814,120709.494
1784822400000,76.283,76.305,76.277,76.294,759,5790.025
1784822460000,76.288,76.288,76.215,76.262,4863,37075.8547
1784822520000,76.263,76.269,76.161,76.168,6573,50096.062
1784822580000,76.187,76.198,76.158,76.173,1905,14511.2024
1784822640000,76.145,76.145,76.078,76.078,2402,18284.2474
1784822700000,76.078,76.078,75.938,75.99,47327,359516.7338
1784822760000,75.99,76.022,75.955,75.972,11237,85381.1408
1784822820000,75.973,76.027,75.973,76.027,1433,10890.2372
1784822880000,76.039,76.08,76.038,76.066,8609,65486.601
1784822940000,76.074,76.074,76.045,76.068,2495,18978.2219
1784823000000,76.082,76.101,75.961,76.001,8309,63187.5474
1784823060000,75.996,76.041,75.996,76.026,678,5153.9496
1784823120000,76.042,76.045,76.042,76.045,638,4851.6098
1784823180000,76.057,76.105,76.001,76.001,2525,19205.8929
1784823240000,76.006,76.047,76.006,76.046,3626,27570.7032
1784823300000,76.05,76.066,76.046,76.051,707,5376.7946
1784823360000,76.052,76.052,76.036,76.036,314,2387.6745
1784823420000,76.001,76.001,75.958,75.958,2522,19160.0824
1784823480000,75.98,75.98,75.91,75.91,4105,31168.2767
1784823540000,75.926,75.929,75.848,75.878,3921,29749.404
1784823600000,75.903,75.926,75.9,75.909,3055,23189.0359
1784823660000,75.909,75.909,75.838,75.852,5625,42670.7138
1784823720000,75.845,75.913,75.808,75.913,2641,20029.0687
1784823780000,75.95,76.0,75.95,75.999,649,4931.4588
1784823840000,75.987,76.002,75.982,75.998,1347,10235.5919
1784823900000,76.009,76.064,76.009,76.04,525,3991.8551
1784823960000,76.003,76.003,75.989,75.995,1829,13898.6785
1784824020000,75.998,76.005,75.994,76.005,60,456.018
1784824080000,76.007,76.013,76.007,76.013,4,30.404
1784824140000,76.028,76.144,76.028,76.081,23819,181247.7432
1784824200000,76.118,76.118,76.032,76.032,4549,34612.4216
1784824260000,76.048,76.054,76.03,76.03,2011,15292.2906
1784824320000,76.016,76.017,75.961,75.961,2823,21456.0336
1784824380000,75.979,76.037,75.979,75.981,1635,12427.4109
1784824440000,76.0,76.0,75.964,75.964,101,767.2905
1784824500000,75.95,75.963,75.933,75.933,2244,17043.2118
1784824560000,75.959,76.013,75.959,76.013,885,6726.2354
1784824620000,76.003,76.027,76.0,76.027,2567,19510.0275
1784824680000,76.016,76.059,76.016,76.059,42,319.3304
1784824740000,76.062,76.073,76.053,76.058,534,4062.119
1784824800000,76.065,76.065,76.025,76.026,549,4173.9491
1784824860000,76.027,76.036,76.009,76.012,859,6529.506
1784824920000,76.005,76.005,75.982,75.982,19,144.3992
1784824980000,76.031,76.062,76.026,76.062,97,737.4971
1784825040000,76.059,76.059,76.019,76.019,386,2934.887
1784825100000,76.013,76.05,76.013,76.042,1089,8280.3485
1784825160000,76.017,76.031,76.017,76.026,500,3801.3491
1784825220000,76.033,76.033,76.016,76.016,582,4424.9481
1784825280000,76.07,76.079,76.062,76.079,720,5476.9223
1784825340000,76.08,76.081,76.058,76.058,716,5446.6479
1784825400000,76.048,76.069,76.038,76.058,269,2045.6973
1784825460000,76.069,76.077,76.049,76.049,282,2145.1105
1784825520000,76.053,76.066,76.051,76.051,481,3658.7092
1784825580000,76.038,76.038,75.971,75.971,1549,11772.958
1784825640000,75.974,76.007,75.974,76.007,340,2583.3193
1784825700000,75.998,76.01,75.998,76.01,832,6323.6703
1784825760000,76.009,76.044,76.002,76.008,67350,512062.1084
1784825820000,76.008,76.024,76.008,76.024,1721,13083.6286
1784825880000,76.03,76.054,76.03,76.052,2822,21459.1369
1784825940000,76.035,76.035,75.988,76.002,972,7387.2543
1784826000000,75.951,75.951,75.93,75.934,881,6690.4542
1784826060000,76.028,76.028,75.978,75.978,531,4036.0489
1784826120000,75.976,76.001,75.935,76.001,673,5112.2409
1784826180000,75.99,76.013,75.99,76.001,416,3161.2814
1784826240000,75.956,75.975,75.948,75.948,473,3593.4002
1784826300000,75.925,75.925,75.872,75.881,2868,21766.0571
1784826360000,75.874,75.892,75.845,75.845,390,2959.3251
1784826420000,75.849,75.897,75.849,75.881,755,5727.6055
1784826480000,75.897,75.964,75.879,75.879,592,4496.4335
1784826540000,75.925,75.945,75.922,75.932,3263,24778.811
1784826600000,75.937,75.964,75.937,75.942,2021,15348.6642
1784826660000,75.919,75.933,75.869,75.873,1229,9329.4772
1784826720000,75.901,75.943,75.901,75.943,1781,13523.6527
1784826780000,75.935,75.936,75.924,75.924,2155,16364.1924
1784826840000,75.923,75.931,75.923,75.931,681,5170.4252
1784826900000,75.959,75.959,75.959,75.959,32,243.0688
1784826960000,75.971,76.031,75.961,75.998,346,2628.7599
1784827020000,75.976,75.999,75.976,75.999,140,1063.8552
1784827080000,75.925,75.94,75.925,75.94,50,379.6352
1784827140000,75.913,75.913,75.91,75.91,24,182.1903
1784827200000,75.995,76.014,75.995,76.009,256,1945.5653
1784827260000,76.009,76.009,75.999,75.999,40,304.034
1784827320000,75.99,76.011,75.988,76.011,88,668.7221
1784827380000,76.01,76.03,76.01,76.03,431,3276.2673
1784827440000,76.047,76.066,76.041,76.057,689,5240.1355
1784827500000,76.044,76.062,76.029,76.033,10930,83124.6582
1784827560000,76.035,76.097,76.027,76.097,783,5956.8617
1784827620000,76.09,76.091,76.09,76.091,76,578.2914
1784827680000,76.094,76.118,76.094,76.097,1662,12648.6576
1784827740000,76.097,76.105,76.077,76.077,3711,28237.0418
1784827800000,76.067,76.067,76.037,76.045,1087,8266.0709
1784827860000,76.037,76.057,76.019,76.019,505,3839.5495
1784827920000,76.021,76.029,76.021,76.029,457,3474.2521
1784827980000,76.045,76.097,76.045,76.085,1063,8087.315
1784828040000,76.08,76.101,76.077,76.092,722,5494.3751
1784828100000,76.068,76.068,75.988,75.988,3468,26370.4265
1784828160000,75.982,75.982,75.952,75.952,29,220.312
1784828220000,75.933,75.939,75.933,75.939,308,2338.7676
1784828280000,75.931,75.937,75.919,75.937,854,6484.2934
1784828340000,75.972,75.972,75.972,75.972,250,1899.3
1784828460000,75.921,75.921,75.921,75.921,2,15.1842
1784828520000,75.932,75.938,75.932,75.938,483,3667.5606
1784828580000,75.965,75.982,75.965,75.982,460,3494.5005
1784828640000,75.968,75.968,75.968,75.968,578,4390.9504
1784828700000,75.954,75.967,75.923,75.967,5230,39717.5135
1784828760000,75.967,75.967,75.959,75.959,523,3972.8981
1784846700000,76.166,76.166,76.154,76.154,462,3518.562
1784846760000,76.183,76.184,76.181,76.184,4153,31638.5663
1784846820000,76.178,76.178,76.134,76.134,456,3472.0952
1784846880000,76.145,76.145,76.145,76.145,2,15.229
1784846940000,76.145,76.145,76.117,76.117,601,4574.7793
1784847000000,76.116,76.116,76.109,76.112,432,3287.9854
1784847060000,76.11,76.11,76.103,76.108,482,3668.1677
1784847120000,76.099,76.099,76.099,76.099,387,2945.0313
1784847180000,76.087,76.103,76.087,76.103,1150,8750.7682
1784847240000,76.113,76.116,76.107,76.107,1238,9422.9535
1784847300000,76.115,76.147,76.115,76.147,545,4149.7195
1784847360000,76.146,76.155,76.146,76.155,55,418.848
1784847420000,76.146,76.146,76.131,76.131,324,2466.6909
1784847480000,76.133,76.133,76.133,76.133,3,22.8399
1784847600000,76.152,76.184,76.152,76.184,2068,15748.3086
1784847660000,76.187,76.187,76.138,76.138,190,1447.3655
1784847840000,76.158,76.158,76.13,76.13,300,2284.726
1784847900000,76.163,76.163,76.145,76.145,221,1683.1807
1784847960000,76.114,76.114,76.114,76.114,261,1986.5754
1784848020000,76.144,76.144,76.135,76.135,56,426.3668
1784848080000,76.129,76.129,76.117,76.117,247,1880.1487
1784848140000,76.158,76.158,76.132,76.132,1957,14901.548
1784848200000,76.14,76.141,76.14,76.141,233,1774.0686
1784848260000,76.114,76.136,76.113,76.136,1307,9948.104
1784848320000,76.113,76.113,76.112,76.112,117,890.5205
1784848380000,76.105,76.105,76.105,76.105,76,578.398
1784848440000,76.119,76.124,76.111,76.118,5006,38104.5065
1784848500000,76.128,76.154,76.126,76.146,813,6189.1456
1784848560000,76.153,76.153,76.144,76.144,221,1682.7833
1784848680000,76.124,76.124,76.124,76.124,2,15.2248
1784848740000,76.154,76.183,76.154,76.183,300,2285.2985
1784848800000,76.175,76.191,76.175,76.19,1258,9582.9395
1784848860000,76.178,76.203,76.178,76.203,7125,54291.9072
1784848920000,76.198,76.198,76.181,76.188,439,3344.7364
1784848980000,76.183,76.183,76.163,76.163,66,502.6908
1784849040000,76.164,76.182,76.15,76.182,9214,70173.9767
1784849100000,76.185,76.192,76.185,76.192,6,45.7124
1784849160000,76.195,76.195,76.165,76.165,579,4410.2976
1784849220000,76.136,76.136,76.126,76.126,18,137.0368
1784849280000,76.129,76.144,76.126,76.144,222,1690.014
1784849340000,76.144,76.144,76.144,76.144,4,30.4576
1784849460000,76.141,76.141,76.108,76.108,50,380.6645
1784849520000,76.117,76.117,76.082,76.082,140,1065.2584
1784849580000,76.073,76.073,76.061,76.065,7829,59553.9288
1784849640000,76.066,76.114,76.066,76.114,1503,11435.344
1784849760000,76.1,76.1,76.1,76.1,62,471.82
1784849820000,76.096,76.096,76.056,76.071,1173,8923.9468
1784849940000,76.09,76.112,76.09,76.112,1216,9254.0519
1784850000000,76.058,76.065,76.055,76.062,716,5445.8278
1784850060000,76.051,76.069,76.051,76.069,303,2304.657
1784850180000,76.061,76.061,76.047,76.047,37,281.4243
1784850300000,76.073,76.077,76.034,76.077,969,7371.4693
1784850420000,76.03,76.03,76.017,76.017,5,38.0099
1784850480000,76.014,76.014,76.014,76.014,110,836.154
1784850540000,76.021,76.021,76.0,76.0,243,1846.8677
1784850600000,75.991,75.991,75.955,75.955,1448,11001.3069
1784850660000,75.951,75.951,75.91,75.91,15744,119535.4434
1784850720000,75.887,75.887,75.852,75.867,1067,8095.9313
1784850780000,75.853,75.868,75.853,75.868,262,1987.3636
1784850840000,75.871,75.871,75.858,75.858,830,6296.2647
1784850900000,75.845,75.848,75.84,75.848,3231,24505.0595
1784850960000,75.848,75.848,75.848,75.848,1842,13971.2016
1784851020000,75.841,75.855,75.841,75.855,684,5187.5272
1784851080000,75.844,75.866,75.844,75.866,433,3284.1552
1784851140000,75.861,75.861,75.839,75.839,1004,7614.8413
1784851200000,75.839,75.844,75.805,75.835,6728,51018.3973
1784851260000,75.817,75.817,75.794,75.807,975,7391.0864
1784851320000,75.797,75.852,75.745,75.766,4733,35863.8248
1784851380000,75.766,75.771,75.732,75.762,9182,69558.3889
1784851440000,75.758,75.776,75.73,75.776,3449,26127.1005
1784851500000,75.788,75.788,75.696,75.71,3921,29693.8518
1784851560000,75.702,75.754,75.702,75.754,922,6981.767
1784851620000,75.751,75.751,75.707,75.709,2982,22577.6933
1784851680000,75.712,75.712,75.667,75.674,768,5812.7119
1784851740000,75.674,75.677,75.656,75.666,1394,10548.0662
1784851800000,75.694,75.695,75.65,75.656,1081,8180.0104
1784851860000,75.659,75.66,75.608,75.644,7937,60032.718
1784851920000,75.655,75.686,75.651,75.668,2159,16337.089
1784851980000,75.727,75.75,75.707,75.745,3058,23156.911
1784852040000,75.741,75.741,75.688,75.694,1922,14552.4828
1784852100000,75.696,75.714,75.682,75.687,1832,13868.6291
1784852160000,75.694,75.696,75.684,75.684,552,4178.2345
1784852220000,75.702,75.731,75.688,75.688,3386,25637.5887
1784852280000,75.689,75.764,75.686,75.764,1312,9938.9645
1784852340000,75.768,75.768,75.719,75.726,6360,48175.7485
1784852400000,75.704,75.724,75.695,75.724,2641,19994.1185
1784852460000,75.74,75.76,75.74,75.742,2436,18453.041
1784852520000,75.75,75.779,75.75,75.779,170,1287.7558
1784852580000,75.783,75.856,75.783,75.852,511,3876.0923
1784852640000,75.838,75.838,75.817,75.817,666,5050.6605
1784852700000,75.8,75.8,75.794,75.794,15,113.6952
1784852760000,75.798,75.798,75.798,75.798,47,356.2506
1784852820000,75.769,75.769,75.73,75.73,52,393.847
1784852880000,75.723,75.723,75.71,75.719,983,7442.7352
1784852940000,75.712,75.712,75.697,75.697,860,6510.3784
1784853000000,75.723,75.748,75.717,75.717,1910,14465.1015
1784853060000,75.709,75.738,75.705,75.707,1199,9079.4227
1784853120000,75.718,75.724,75.586,75.622,28057,212125.1521
1784853180000,75.603,75.613,75.5,75.594,12598,95159.7805
1784853240000,75.606,75.618,75.581,75.581,249,1882.0306
1784853300000,75.616,75.687,75.609,75.687,8996,68054.527
1784853360000,75.686,75.726,75.686,75.724,280,2119.7431
1784853420000,75.728,75.733,75.711,75.733,680,5149.596
1784853480000,75.712,75.712,75.61,75.615,380,2874.0157
1784853540000,75.635,75.708,75.635,75.693,1047,7925.4993
1784853600000,75.596,75.596,75.563,75.566,1071,8094.3401
1784853660000,75.595,75.613,75.537,75.537,213,1609.4392
1784853720000,75.535,75.629,75.535,75.629,1366,10321.8923
1784853780000,75.628,75.643,75.615,75.615,321,2428.0249
1784853840000,75.622,75.633,75.622,75.633,298,2253.837
1784853900000,75.624,75.69,75.624,75.69,1149,8692.582
1784853960000,75.696,75.712,75.696,75.699,590,4466.7809
1784854020000,75.659,75.73,75.659,75.73,1295,9802.1898
1784854080000,75.733,75.791,75.722,75.725,185902,1408710.7632
1784854140000,75.728,75.728,75.717,75.717,3289,24903.3679
1784854200000,75.747,75.748,75.714,75.723,550,4165.326
1784854260000,75.775,75.775,75.775,75.775,792,6001.38
1784854320000,75.783,75.783,75.75,75.768,1161,8794.7108
1784854380000,75.775,75.775,75.759,75.759,25,189.4071
1784854440000,75.754,75.759,75.744,75.748,2217,16794.14
1784854500000,75.734,75.736,75.655,75.726,103088,780169.2428
1784854560000,75.737,75.737,75.737,75.737,73,552.8801
1784854620000,75.778,75.794,75.752,75.752,43040,326122.3291
1784854680000,75.791,75.791,75.778,75.778,10047,76139.1552
1784854740000,75.789,75.801,75.752,75.776,36053,273188.9558
1784854800000,75.77,75.772,75.742,75.742,4036,30571.3083
1784854860000,75.74,75.775,75.74,75.775,1059,8023.635
1784854920000,75.785,75.8,75.763,75.763,2257,17105.4889
1784854980000,75.779,75.787,75.76,75.777,6643,50335.264
1784855040000,75.783,75.904,75.783,75.904,7384,56021.993
1784855100000,75.897,75.965,75.897,75.922,6967,52907.2919
1784855160000,75.915,75.943,75.901,75.924,32540,247019.8793
1784855220000,75.903,75.935,75.903,75.905,13470,102245.0826
1784855280000,75.9,75.912,75.9,75.912,61,463.05
1784855340000,75.925,75.943,75.925,75.943,375,2847.3477
1784855400000,75.913,75.941,75.913,75.941,460,3493.0468
1784855460000,75.882,75.882,75.882,75.882,7,53.1174
1784855520000,75.835,75.868,75.835,75.868,139,1054.543
1784855640000,75.894,75.895,75.894,75.895,1559,11832.0145
1784855700000,75.815,75.817,75.815,75.817,450,3411.6826
1784855760000,75.86,75.86,75.857,75.857,137,1039.2541
1784855820000,75.849,75.92,75.849,75.92,6081,46151.2111
1784855880000,75.913,75.957,75.89,75.89,2375,18030.7986
1784856000000,75.925,75.926,75.925,75.926,369,2801.6328
1784856060000,75.93,75.93,75.906,75.906,354,2687.085
1784856180000,75.891,75.908,75.891,75.908,83,629.9633
1784856240000,75.928,75.928,75.928,75.928,1,7.5928
1784856300000,75.942,75.983,75.942,75.983,35,265.8571
1784856360000,75.996,76.057,75.996,76.057,5415,41164.3389
1784856420000,76.044,76.077,76.043,76.077,590,4487.6658
1784856480000,76.04,76.04,76.04,76.04,47,357.388
1784856540000,75.944,75.944,75.901,75.901,4232,32135.6049
1784856600000,75.889,75.907,75.882,75.882,1156,8773.7639
1784856660000,75.897,75.897,75.863,75.863,644,4887.1211
1784856720000,75.843,75.843,75.843,75.843,298,2260.1214
1784856840000,75.975,75.975,75.963,75.963,571,4337.6917
1784856900000,75.949,75.949,75.945,75.945,596,4526.5443
1784857020000,75.96,75.96,75.96,75.96,105,797.58
1784857140000,75.977,75.977,75.926,75.926,1056,8021.7438
1784857200000,75.923,75.923,75.904,75.919,3087,23433.3481
1784857260000,75.899,75.901,75.888,75.901,494,3749.4471
1784857320000,75.927,75.947,75.91,75.91,1235,9377.1773
1784857380000,75.904,75.917,75.904,75.917,1710,12981.7979
1784857440000,75.913,75.913,75.909,75.909,42,318.8218
1784857500000,75.855,75.855,75.808,75.808,387,2934.8331
1784857560000,75.818,75.828,75.816,75.828,2010,15240.0741
1784857620000,75.811,75.833,75.811,75.833,1306,9901.9051
1784857680000,75.843,75.843,75.783,75.815,7017,53205.1816
1784857740000,75.834,75.834,75.787,75.787,2455,18612.7064
1784857800000,75.799,75.799,75.774,75.774,1355,10268.6504
1784857860000,75.756,75.775,75.744,75.744,478,3621.4938
1784857920000,75.741,75.741,75.7,75.731,529,4005.7668
1784857980000,75.717,75.717,75.717,75.717,50,378.585
1784858040000,75.745,75.745,75.74,75.74,640,4847.4345
1784858100000,75.717,75.717,75.717,75.717,8,60.5736
1784858160000,75.698,75.698,75.648,75.661,955,7226.2244
1784858220000,75.65,75.663,75.643,75.647,192,1452.5344
1784858280000,75.652,75.652,75.652,75.652,262,1982.0824
1784858340000,75.666,75.666,75.651,75.651,34,257.2584
1784858400000,75.661,75.67,75.661,75.67,650,4918.4015
1784858460000,75.689,75.689,75.689,75.689,69,522.2541
1784858520000,75.687,75.687,75.679,75.682,616,4662.2594
1784858580000,75.744,75.748,75.744,75.748,7,53.0224
1784858640000,75.697,75.697,75.697,75.697,454,3436.6438
1784858700000,75.664,75.664,75.664,75.664,56,423.7184
1784858760000,75.67,75.7,75.67,75.7,273,2066.595
1784858820000,75.701,75.701,75.701,75.701,1,7.5701
1784858880000,75.72,75.74,75.72,75.74,216,1635.6322
1784859000000,75.792,75.83,75.792,75.83,98,743.073
1784859060000,75.835,75.835,75.835,75.835,3,22.7505
1784859120000,75.847,75.847,75.83,75.83,1144,8676.0955
1784859180000,75.859,75.869,75.859,75.869,170,1289.608
1784859240000,75.859,75.859,75.854,75.854,392,2973.6428
1784859300000,75.863,75.863,75.863,75.863,214,1623.4682
1784859360000,75.85,75.85,75.8,75.8,1000,7582.5
1784859480000,75.77,75.77,75.77,75.77,24,181.848
1784859540000,75.769,75.769,75.769,75.769,1,7.5769
1784859600000,75.768,75.768,75.768,75.768,390,2954.952
1784859660000,75.753,75.753,75.694,75.694,322,2438.1217
1784859720000,75.722,75.722,75.722,75.722,1,7.5722
1784876700000,75.928,75.928,75.927,75.927,351,2665.0727
1784876760000,75.942,75.942,75.942,75.942,188,1427.7096
1784876820000,75.93,75.93,75.923,75.923,373,2831.9293
1784876880000,75.973,75.988,75.973,75.988,347,2636.6576
1784876940000,76.006,76.075,76.006,76.075,2222,16898.4723
1784877000000,76.057,76.276,76.057,76.236,102391,780500.0854
1784877060000,76.237,76.308,76.231,76.257,8787,67008.336
1784877120000,76.258,76.363,76.257,76.31,10093,77035.3281
1784877180000,76.312,76.428,76.282,76.368,26410,201714.3644
1784877240000,76.369,76.369,76.345,76.352,3683,28119.8996
1784877300000,76.349,76.349,76.22,76.22,2276,17362.7502
1784877360000,76.221,76.31,76.221,76.31,3587,27362.3626
1784877420000,76.299,76.299,76.21,76.219,10311,78632.1272
1784877480000,76.222,76.226,76.195,76.196,5177,39455.0741
1784877540000,76.194,76.215,76.191,76.211,3227,24593.1993
1784877600000,76.247,76.247,76.244,76.244,43,327.8498
1784877660000,76.2,76.2,76.2,76.2,27,205.74
1784877720000,76.214,76.256,76.214,76.256,2301,17542.6024
1784877780000,76.26,76.26,76.163,76.163,5394,41104.6349
1784877840000,76.143,76.143,76.117,76.118,3662,27877.6398
1784877900000,76.096,76.131,76.096,76.111,3341,25429.6671
1784877960000,76.122,76.148,76.117,76.131,10709,81535.605
1784878020000,76.096,76.097,76.083,76.083,926,7045.9424
1784878080000,76.089,76.089,76.077,76.077,1898,14440.6772
1784878140000,76.08,76.108,76.08,76.108,1767,13447.8936
1784878200000,76.106,76.106,76.071,76.078,1065,8102.3404
1784878260000,76.102,76.174,76.102,76.153,795,6051.9622
1784878320000,76.143,76.206,76.143,76.206,3461,26371.2006
1784878380000,76.189,76.194,76.138,76.138,4137,31503.3647
1784878440000,76.131,76.131,76.08,76.103,8279,63003.3128
1784878500000,76.065,76.074,76.024,76.024,2534,19274.9495
1784878560000,76.038,76.038,75.963,75.963,3419,25979.5404
1784878620000,75.961,75.977,75.943,75.977,2258,17150.6124
1784878680000,75.99,75.99,75.99,75.99,132,1003.068
1784878740000,75.997,75.997,75.984,75.984,300,2279.5738
1784878800000,75.945,75.945,75.898,75.905,6543,49674.4338
1784878860000,75.895,75.913,75.858,75.858,6448,48919.7553
1784878920000,75.862,75.872,75.756,75.778,11871,90003.878
1784878980000,75.775,75.775,75.744,75.744,1195,9053.5903
1784879040000,75.767,75.775,75.767,75.775,120,909.2656
1784879100000,75.803,75.849,75.803,75.849,773,5861.8504
1784879160000,75.858,75.858,75.829,75.84,545,4133.5936
1784879220000,75.841,75.879,75.841,75.879,14549,110385.4904
1784879280000,75.882,75.882,75.882,75.882,14,106.2348
1784879340000,75.909,75.925,75.909,75.925,82,622.5802
1784879400000,75.939,75.959,75.902,75.902,2345,17809.2531
1784879460000,75.939,75.975,75.939,75.975,794,6031.1634
1784879520000,75.982,75.999,75.982,75.984,518,3935.9714
1784879580000,75.956,76.001,75.956,76.001,31,235.4823
1784879640000,76.002,76.029,76.002,76.029,1339,10178.0247
1784879700000,76.042,76.042,76.035,76.035,354,2691.7476
1784879760000,76.022,76.028,76.015,76.015,851,6469.3994
1784879820000,75.999,75.999,75.999,75.999,49,372.3951
1784879880000,76.019,76.019,76.019,76.019,95,722.1805
1784879940000,76.025,76.025,76.025,76.025,8,60.82
1784880000000,76.03,76.03,76.013,76.013,231,1756.1153
1784880060000,76.016,76.019,76.016,76.019,6,45.6102
1784880120000,76.015,76.015,75.97,75.974,530,4026.7723
1784880180000,75.971,75.971,75.948,75.948,1356,10299.0413
1784880240000,75.948,75.948,75.942,75.942,12767,96962.589
1784880300000,75.936,75.968,75.936,75.968,1370,10405.3747
1784880360000,75.98,75.986,75.98,75.986,1185,9003.867
1784880420000,75.962,75.964,75.96,75.96,503,3820.9828
1784880480000,75.97,76.013,75.97,76.013,889,6756.9051
1784880540000,76.011,76.039,76.007,76.007,1012,7693.4518
1784880600000,75.977,75.99,75.961,75.961,892,6778.0177
1784880660000,75.961,75.961,75.928,75.931,1187,9013.9378
1784880720000,75.942,75.942,75.939,75.94,393,2984.4433
1784880780000,75.953,75.959,75.953,75.959,133,1010.1761
1784880840000,75.959,75.96,75.959,75.96,79,600.0839
1784880900000,75.941,75.955,75.934,75.934,146,1108.6505
1784880960000,75.934,75.962,75.934,75.962,92,698.8068
1784881020000,75.959,75.977,75.959,75.969,1667,12664.7773
1784881080000,75.963,75.963,75.963,75.963,12,91.1556
1784881140000,75.918,75.921,75.918,75.921,464,3522.6029
1784881200000,75.929,75.929,75.924,75.924,191,1450.1549
1784881260000,75.914,75.914,75.9,75.9,1407,10681.0283
1784881320000,75.903,75.903,75.766,75.766,20498,155499.1873
1784881380000,75.766,75.781,75.766,75.766,3895,29513.0887
1784881440000,75.758,75.758,75.75,75.754,2224,16846.9621
1784881500000,75.738,75.738,75.673,75.684,2114,16000.0541
1784881560000,75.683,75.745,75.683,75.745,7798,59051.9889
1784881620000,75.737,75.737,75.737,75.737,40,302.948
1784881680000,75.749,75.749,75.749,75.749,255,1931.5995
1784881740000,75.779,75.78,75.771,75.78,474,3591.8594
1784881800000,75.785,75.836,75.785,75.807,6302,47774.036
1784881860000,75.818,75.828,75.818,75.827,1123,8515.3778
1784881920000,75.843,75.843,75.843,75.843,2,15.1686
1784881980000,75.837,75.837,75.837,75.837,2,15.1674
1784882040000,75.847,75.851,75.847,75.851,1175,8912.4921
1784882100000,75.845,75.845,75.839,75.839,8,60.6736
1784882160000,75.812,75.813,75.809,75.813,78,591.3154
1784882220000,75.839,75.866,75.82,75.866,860,6521.5637
1784882280000,75.882,75.882,75.882,75.882,100,758.82
1784882340000,75.885,75.885,75.874,75.874,722,5478.8761
1784882400000,75.867,75.875,75.867,75.875,838,6358.3194
1784882460000,75.871,75.871,75.865,75.865,188,1426.3406
1784882520000,75.865,75.865,75.865,75.865,64,485.536
1784882580000,75.871,75.871,75.864,75.864,338,2564.423
1784882640000,75.874,75.874,75.86,75.864,511,3877.0583
1784882700000,75.873,75.873,75.837,75.838,3492,26485.0825
1784882760000,75.84,75.84,75.828,75.828,1404,10647.3604
1784882820000,75.825,75.836,75.816,75.816,1466,11116.6905
1784882880000,75.825,75.825,75.805,75.805,1683,12760.294
1784883060000,75.802,75.802,75.772,75.772,208,1576.3244
1784883240000,75.737,75.744,75.737,75.744,1720,13027.3716
1784883300000,75.743,75.743,75.741,75.741,183,1386.0717
1784883420000,75.74,75.766,75.74,75.766,1557,11793.9084
1784883480000,75.772,75.791,75.753,75.754,1761,13344.5441
1784883540000,75.75,75.751,75.729,75.738,8111,61432.4707
1784883600000,75.736,75.74,75.736,75.736,971,7353.966
1784883660000,75.74,75.75,75.728,75.736,9042,68475.1414
1784883720000,75.752,75.785,75.734,75.785,1176,8909.0968
1784883780000,75.802,75.802,75.788,75.788,1538,11658.1432
1784883840000,75.794,75.794,75.704,75.714,4755,36003.4561
1784883900000,75.705,75.709,75.614,75.615,6929,52429.8108
1784883960000,75.61,75.629,75.573,75.604,5943,44928.5067
1784884020000,75.599,75.66,75.571,75.632,2744,20746.3741
1784884080000,75.629,75.634,75.617,75.632,5001,37821.6307
1784884140000,75.632,75.632,75.593,75.606,6842,51736.2776
1784884200000,75.623,75.624,75.572,75.586,4835,36543.4099
1784884260000,75.571,75.574,75.499,75.537,2583,19511.7392
1784884320000,75.535,75.543,75.535,75.538,1031,7787.9632
1784884380000,75.535,75.557,75.535,75.554,92,695.0323
1784884440000,75.544,75.544,75.431,75.451,4245,32038.2254
1784884500000,75.453,75.46,75.33,75.348,11175,84252.9445
1784884560000,75.35,75.47,75.35,75.443,1935,14597.4015
1784884620000,75.455,75.456,75.447,75.451,2304,17384.6789
1784884680000,75.446,75.453,75.425,75.428,1970,14860.4278
1784884740000,75.428,75.428,75.352,75.403,4355,32834.127
1784884800000,75.405,75.438,75.405,75.414,14002,105608.6193
1784884860000,75.413,75.432,75.403,75.419,8623,65031.5742
1784884920000,75.419,75.419,75.349,75.395,5731,43201.4513
1784884980000,75.402,75.468,75.402,75.468,1298,9790.682
1784885040000,75.478,75.478,75.446,75.446,1344,10142.9387
1784885100000,75.449,75.532,75.449,75.532,1359,10259.1995
1784885160000,75.517,75.533,75.506,75.533,2798,21131.1845
1784885220000,75.536,75.536,75.514,75.523,2347,17728.0797
1784885280000,75.519,75.531,75.507,75.509,1747,13193.8564
1784885340000,75.536,75.536,75.522,75.522,267,2016.4604
1784885400000,75.522,75.552,75.522,75.552,1581,11941.4271
1784885460000,75.525,75.525,75.476,75.486,4192,31651.0103
1784885520000,75.498,75.538,75.498,75.529,3540,26738.7602
1784885580000,75.483,75.483,75.477,75.477,297,2241.7701
1784885640000,75.502,75.502,75.387,75.429,19539,147335.4918
1784885700000,75.433,75.433,75.433,75.433,50,377.165
1784885760000,75.421,75.439,75.421,75.439,384,2896.5012
1784885820000,75.461,75.461,75.444,75.449,759,5727.2447
1784885880000,75.479,75.484,75.477,75.477,195,1471.8307
1784885940000,75.461,75.499,75.461,75.499,1604,12107.7054
1784886000000,75.509,75.539,75.509,75.538,303,2288.4315
1784886060000,75.529,75.529,75.498,75.502,786,5934.6976
1784886120000,75.499,75.519,75.499,75.519,408,3080.7
1784886180000,75.525,75.552,75.52,75.552,1940,14652.669
1784886240000,75.555,75.558,75.555,75.557,293,2213.781
1784886300000,75.542,75.57,75.542,75.57,766,5788.6592
1784886360000,75.58,75.614,75.58,75.614,8461,63964.1444
1784886420000,75.621,75.629,75.585,75.585,6312,47730.8967
1784886480000,75.555,75.555,75.518,75.532,1081,8164.0639
1784886540000,75.558,75.586,75.558,75.56,1975,14924.8864
1784886600000,75.556,75.571,75.556,75.571,143,1080.6413
1784886660000,75.613,75.613,75.582,75.592,409,3091.894
1784886720000,75.609,75.629,75.609,75.629,142,1073.6678
1784886780000,75.625,75.625,75.601,75.601,182,1375.943
1784886840000,75.598,75.598,75.598,75.598,35,264.593
1784886900000,75.602,75.602,75.598,75.601,288,2177.2971
1784886960000,75.604,75.605,75.603,75.605,374,2827.6215
1784887020000,75.599,75.599,75.573,75.573,456,3446.7668
1784887140000,75.575,75.578,75.558,75.558,1175,8880.1176
1784887200000,75.567,75.615,75.567,75.615,499,3772.7321
1784887260000,75.553,75.553,75.553,75.553,707,5341.5971
1784887320000,75.555,75.575,75.555,75.572,450,3400.0865
1784887380000,75.581,75.581,75.581,75.581,388,2932.5428
1784887440000,75.551,75.583,75.551,75.574,5911,44672.6049
1784887560000,75.527,75.538,75.527,75.531,97,732.685
1784887620000,75.527,75.528,75.527,75.528,345,2605.6892
1784887680000,75.508,75.508,75.497,75.498,5291,39946.4206
1784887740000,75.486,75.486,75.486,75.486,20,150.972
1784887800000,75.489,75.506,75.489,75.504,575,4341.288
1784887860000,75.493,75.493,75.461,75.461,1237,9335.5192
1784887920000,75.461,75.461,75.46,75.461,88413,667165.0383
1784887980000,75.46,75.46,75.46,75.46,125245,945098.77
1784888040000,75.46,75.461,75.46,75.461,4081,30795.4686
1784888100000,75.46,75.497,75.46,75.497,59156,446398.1314
1784888160000,75.493,75.495,75.481,75.488,2703,20404.435
1784888220000,75.492,75.492,75.46,75.46,95109,717695.2915
1784888280000,75.46,75.46,75.444,75.444,46051,347500.173
1784888340000,75.427,75.427,75.397,75.397,3118,23510.9949
1784888400000,75.397,75.419,75.383,75.419,6546,49357.8614
1784888460000,75.422,75.443,75.415,75.427,6120,46157.2305
1784888520000,75.442,75.483,75.442,75.483,1682,12693.017
1784888580000,75.484,75.513,75.484,75.513,2619,19773.3869
1784888640000,75.522,75.522,75.49,75.508,1762,13303.5561
1784888700000,75.491,75.494,75.464,75.464,418,3155.417
1784888760000,75.482,75.523,75.482,75.523,3324,25098.3853
1784888820000,75.533,75.533,75.509,75.519,666,5029.3657
1784888880000,75.532,75.537,75.529,75.537,935,7062.4042
1784888940000,75.511,75.513,75.511,75.513,1045,7890.9494
1784889000000,75.505,75.572,75.505,75.572,3154,23821.6872
1784889060000,75.523,75.55,75.523,75.534,583,4403.7572
1784906700000,73.994,74.023,73.994,74.023,287,2124.028
1784906760000,74.033,74.063,74.033,74.043,1189,8803.5943
1784906820000,74.048,74.109,74.048,74.09,2454,18179.188
1784906880000,74.11,74.136,74.11,74.119,932,6908.8506
1784906940000,74.105,74.137,74.082,74.105,3133,23219.0407
1784907000000,74.109,74.122,74.06,74.099,10200,75580.7344
1784907060000,74.091,74.182,74.091,74.182,13911,103109.1375
1784907120000,74.182,74.187,74.116,74.166,14265,105794.1249
1784907180000,74.165,74.23,74.165,74.217,4712,34965.7314
1784907240000,74.216,74.232,74.207,74.216,2760,20484.9836
1784907300000,74.202,74.223,74.187,74.208,10343,76748.3605
1784907360000,74.217,74.217,74.185,74.185,2085,15469.2052
1784907420000,74.128,74.185,74.124,74.184,2706,20066.7261
1784907480000,74.185,74.212,74.174,74.212,2059,15277.9783
1784907540000,74.199,74.235,74.199,74.235,668,4957.2183
1784907600000,74.234,74.263,74.234,74.249,1453,10789.8623
1784907660000,74.214,74.219,74.128,74.128,2295,17023.2285
1784907720000,74.1,74.102,74.087,74.09,2114,15663.5913
1784907780000,74.091,74.098,74.091,74.097,257,1904.2933
1784907840000,74.133,74.15,74.114,74.114,820,6079.3516
1784907900000,74.087,74.101,74.066,74.069,939,6956.2662
1784907960000,74.069,74.084,74.069,74.077,2527,18718.6648
1784908020000,74.069,74.08,74.048,74.073,8289,61388.2521
1784908080000,74.074,74.126,74.055,74.119,5416,40124.6222
1784908140000,74.092,74.093,74.059,74.093,1152,8534.9492
1784908200000,74.095,74.138,74.092,74.138,3676,27244.6506
1784908320000,74.126,74.127,74.023,74.023,1494,11063.1411
1784908380000,74.015,74.03,73.94,74.015,10446,77268.0171
1784908440000,73.962,74.02,73.962,74.009,1169,8650.3377
1784908500000,74.032,74.06,74.032,74.06,1058,7834.4315
1784908560000,74.048,74.048,74.017,74.017,305,2257.5216
1784908620000,74.057,74.057,74.045,74.048,1844,13655.1574
1784908680000,74.036,74.036,74.004,74.02,1199,8874.9384
1784908740000,74.012,74.012,73.997,73.997,109,806.5868
1784908800000,73.985,74.001,73.985,74.001,481,3558.8765
1784908860000,73.983,73.983,73.94,73.949,2571,19013.741
1784908920000,73.925,73.958,73.925,73.953,535,3955.5424
1784908980000,73.958,74.011,73.958,74.011,1108,8195.349
1784909040000,74.05,74.05,74.05,74.05,449,3324.845
1784909100000,74.049,74.049,74.049,74.049,20,148.098
1784909160000,74.05,74.052,74.037,74.037,1266,9374.472
1784909220000,73.984,74.094,73.984,74.094,1158,8572.0971
1784909280000,74.09,74.101,74.09,74.101,4372,32395.2363
1784909340000,74.111,74.111,74.101,74.101,65,481.7025
1784909400000,74.164,74.174,74.164,74.174,507,3760.5958
1784909460000,74.16,74.16,74.111,74.111,123,911.5751
1784909520000,74.099,74.107,74.099,74.107,557,4127.6815
1784909580000,74.093,74.093,74.015,74.034,12379,91680.7065
1784909640000,74.058,74.058,74.044,74.05,360,2665.588
1784909760000,74.066,74.084,74.05,74.05,531,3933.6497
1784909820000,74.032,74.042,74.032,74.042,249,1843.6448
1784909880000,74.042,74.067,74.042,74.067,336,2488.074
1784909940000,74.068,74.068,74.066,74.066,120,888.8082
1784910000000,74.108,74.143,74.058,74.058,11149,82640.7847
1784910060000,74.046,74.056,74.022,74.022,3355,24844.0363
1784910120000,73.998,74.032,73.998,74.032,1337,9896.0751
1784910180000,74.044,74.056,74.044,74.056,228,1688.4756
1784910240000,74.049,74.049,74.012,74.012,481,3561.0805
1784910300000,74.061,74.061,74.061,74.061,86,636.9246
1784910360000,74.061,74.061,74.023,74.023,219,1621.8587
1784910420000,74.016,74.016,73.983,73.983,7,51.7914
1784910480000,73.983,73.983,73.982,73.983,59,436.4995
1784910540000,74.007,74.007,74.007,74.007,14,103.6098
1784910600000,73.982,73.982,73.923,73.923,2234,16516.8495
1784910660000,73.966,73.966,73.905,73.915,1965,14524.7815
1784910720000,73.948,73.957,73.948,73.952,91,672.9821
1784910780000,73.992,73.992,73.957,73.957,1055,7804.422
1784910840000,73.973,73.973,73.973,73.973,37,273.7001
1784910900000,73.937,73.937,73.923,73.923,113,835.3355
1784910960000,73.909,73.922,73.909,73.917,718,5306.7253
1784911020000,73.906,73.906,73.882,73.888,18,132.9925
1784911080000,73.944,73.944,73.916,73.921,921,6807.9088
1784911140000,73.877,73.892,73.877,73.892,378,2792.5566
1784911200000,73.881,73.881,73.86,73.872,4223,31197.6324
1784911260000,73.864,73.864,73.85,73.85,560,4136.2444
1784911320000,73.85,73.85,73.817,73.822,290,2141.6078
1784911380000,73.791,73.795,73.791,73.795,2949,21761.4399
1784911440000,73.789,73.794,73.783,73.785,2603,19207.7919
1784911500000,73.782,73.79,73.762,73.762,960,7081.8452
1784911560000,73.736,73.739,73.703,73.703,6258,46138.3006
1784911620000,73.7,73.721,73.698,73.721,3161,23297.3105
1784911680000,73.685,73.731,73.671,73.731,6626,48832.1671
1784911740000,73.711,73.733,73.693,73.733,1703,12553.3128
1784911800000,73.72,73.72,73.699,73.699,1084,7989.6941
1784911860000,73.689,73.712,73.689,73.712,15,110.5639
1784911920000,73.704,73.704,73.704,73.704,1,7.3704
1784911980000,73.71,73.717,73.684,73.701,381,2808.5414
1784912040000,73.707,73.776,73.707,73.776,207,1526.5879
1784912100000,73.764,73.794,73.764,73.78,59,435.2848
1784912160000,73.792,73.795,73.792,73.795,448,3306.0112
1784912220000,73.807,73.856,73.807,73.856,697,5145.424
1784912280000,73.871,73.911,73.871,73.905,14394,106358.104
1784912340000,73.925,73.925,73.863,73.863,75,554.3018
1784912400000,73.862,73.887,73.862,73.887,3,22.1636
1784912460000,73.873,73.873,73.817,73.842,5100,37662.2926
1784912520000,73.878,73.878,73.846,73.846,1582,11684.5695
1784912580000,73.868,73.877,73.863,73.863,1728,12764.8637
1784912640000,73.88,73.88,73.88,73.88,21,155.148
1784912700000,73.922,73.937,73.922,73.931,810,5988.4274
1784912760000,73.938,73.938,73.841,73.87,40058,295941.4933
1784912820000,73.873,73.873,73.862,73.862,657,4852.9841
1784912880000,73.873,73.89,73.833,73.89,3509,25916.7969
1784912940000,73.868,73.873,73.868,73.873,57,421.0641
1784913000000,73.877,73.899,73.845,73.87,1954,14431.3422
1784913060000,73.862,73.872,73.862,73.865,432,3191.147
1784913120000,73.892,73.909,73.892,73.908,71,524.7009
1784913180000,73.89,73.902,73.868,73.902,110,812.7454
1784913240000,73.903,73.907,73.903,73.907,63,465.6109
1784913300000,73.923,73.935,73.913,73.913,43,317.8618
1784913360000,73.923,73.924,73.919,73.919,407,3008.5401
1784913420000,73.919,73.983,73.919,73.982,2086,15431.7097
1784913480000,74.0,74.033,73.992,73.992,846,6261.8282
1784913540000,73.976,74.001,73.976,74.001,524,3876.4768
1784913600000,74.011,74.031,73.993,74.001,788,5832.6263
1784913660000,73.993,74.003,73.993,74.002,787,5823.8856
1784913720000,74.012,74.031,74.012,74.031,1943,14382.2272
1784913780000,73.992,73.992,73.991,73.991,184,1361.4353
1784913840000,73.991,74.031,73.991,74.031,1481,10959.544
1784913900000,74.042,74.082,74.042,74.082,909,6732.3473
1784913960000,74.084,74.089,74.065,74.074,2759,20435.4303
1784914020000,74.089,74.089,74.089,74.089,39,288.9471
1784914080000,74.087,74.095,74.087,74.095,208,1541.0112
1784914140000,74.082,74.082,74.08,74.08,554,4104.1424
1784914200000,74.081,74.087,74.08,74.084,3515,26040.497
1784914260000,74.052,74.053,74.042,74.043,312,2310.2605
1784914320000,74.05,74.094,74.05,74.094,763,5651.7228
1784914380000,74.095,74.106,74.095,74.106,93,689.1504
1784914440000,74.1,74.1,74.1,74.1,122,904.02
1784914500000,74.103,74.117,74.094,74.101,5741,42544.5412
1784914560000,74.053,74.063,74.053,74.063,317,2347.7058
1784914620000,74.052,74.064,74.041,74.063,1106,8189.6236
1784914680000,74.049,74.049,74.036,74.038,212,1569.5725
1784914740000,74.038,74.038,74.038,74.038,12,88.8456
1784914800000,74.038,74.055,74.025,74.055,538,3983.6896
1784914860000,74.056,74.056,74.056,74.056,4,29.6224
1784914920000,74.041,74.061,74.033,74.061,2236,16557.3509
1784914980000,74.064,74.066,74.061,74.061,100,740.6364
1784915040000,74.063,74.063,74.049,74.051,188,1392.1586
1784915100000,74.035,74.055,74.024,74.024,1930,14290.1621
1784915160000,74.018,74.032,74.006,74.011,3063,22670.2702
1784915220000,74.004,74.004,73.963,73.971,230,1701.6141
1784915280000,73.96,73.96,73.96,73.96,10,73.96
1784915340000,73.957,73.965,73.9,73.92,7982,59024.2435
1784915400000,73.943,73.972,73.932,73.932,1320,9761.1544
1784915460000,73.933,73.95,73.933,73.941,437,3231.2137
1784915520000,73.923,73.97,73.923,73.97,312,2307.3951
1784915580000,73.993,74.004,73.993,74.004,116,858.3199
1784915640000,74.02,74.02,74.006,74.011,1576,11664.1423
1784915760000,74.036,74.036,74.032,74.032,8,59.2264
1784915820000,74.039,74.039,74.018,74.022,285,2109.6843
1784915880000,74.014,74.022,74.011,74.011,84,621.7694
1784915940000,74.009,74.009,74.007,74.007,4673,34584.0074
1784916000000,74.005,74.014,74.004,74.004,308,2279.3819
1784916060000,74.01,74.01,73.959,73.959,2585,19129.5529
1784916120000,73.962,73.962,73.939,73.942,2956,21858.692
1784916180000,73.936,73.936,73.936,73.936,298,2203.2928
1784916240000,73.948,73.948,73.945,73.945,71,525.0263
1784916300000,73.95,73.982,73.944,73.982,739,5466.0593
1784916360000,73.986,73.989,73.981,73.981,3481,25755.2448
1784916420000,73.973,73.989,73.973,73.988,266,1967.8822
1784916480000,74.003,74.007,73.993,73.993,112,828.8348
1784916540000,73.997,73.997,73.985,73.985,56,414.3516
1784916600000,73.974,73.974,73.965,73.965,39,288.4932
1784916720000,73.969,73.969,73.969,73.969,7,51.7783
1784916780000,73.982,73.99,73.982,73.99,278,2056.8565
1784916840000,74.019,74.019,74.019,74.019,12,88.8228
1784916900000,74.035,74.035,74.034,74.034,45,333.1533
1784916960000,74.034,74.034,73.996,73.996,1810,13397.9111
1784917020000,74.003,74.009,74.003,74.009,20,148.0078
1784917140000,73.981,73.981,73.98,73.98,321,2374.783
1784917200000,73.969,73.984,73.969,73.984,120,887.7219
1784917260000,73.985,73.985,73.985,73.985,80,591.88
1784917320000,73.989,74.017,73.989,74.017,203,1502.2637
1784917380000,74.026,74.026,74.022,74.022,415,3071.9158
1784917440000,74.019,74.019,74.019,74.019,371,2746.1049
1784917560000,74.012,74.012,73.986,73.986,315,2330.5712
1784917620000,73.987,73.987,73.968,73.968,5367,39704.1173
1784917680000,73.945,73.945,73.934,73.934,219,1619.1568
1784917740000,73.92,73.968,73.92,73.957,832,6150.6202
1784917800000,73.957,73.969,73.957,73.968,110,813.5901
1784917860000,73.945,73.945,73.945,73.945,268,1981.726
1784917920000,73.953,73.987,73.953,73.987,336,2485.5908
1784917980000,73.979,73.993,73.979,73.993,147,1087.6117
1784918040000,73.943,73.944,73.914,73.914,15,110.9037
1784918100000,73.914,73.915,73.891,73.915,190,1404.147
1784918160000,73.915,73.957,73.915,73.945,342,2528.8139
1784918220000,73.896,73.896,73.896,73.896,1,7.3896
1784918280000,73.919,73.96,73.919,73.96,471,3483.3543
1784918340000,73.955,73.96,73.911,73.938,15547,114937.7678
1784918400000,73.933,73.933,73.902,73.905,1769,13073.98
1784918460000,73.904,73.904,73.882,73.882,181,1337.5968
1784918520000,73.872,73.873,73.868,73.868,844,6234.7188
1784918580000,73.874,73.881,73.874,73.881,45,332.4561
1784918640000,73.922,73.923,73.92,73.923,656,4849.2677
1784918700000,73.953,73.965,73.953,73.965,3332,24644.5207
1784918760000,73.982,74.016,73.982,73.984,1373,10159.642
1784918880000,74.001,74.001,73.951,73.951,118,873.0673
1784918940000,73.943,73.943,73.934,73.934,202,1493.6468
1784919060000,73.975,73.975,73.972,73.972,45,332.8827
1784919120000,73.988,73.998,73.988,73.998,4,29.5972
1784936820000,73.893,73.893,73.873,73.882,1204,8894.9752
1784936940000,73.911,73.911,73.911,73.911,25,184.7775
1784937000000,73.911,73.912,73.907,73.907,2396,17708.9605
1784937060000,73.908,73.914,73.908,73.914,50,369.5414
1784937120000,73.929,73.929,73.929,73.929,69,510.1101
1784937240000,73.91,73.91,73.91,73.91,29,214.339
1784937300000,73.894,73.894,73.894,73.894,29,214.2926
1784937420000,73.901,73.901,73.901,73.901,40,295.604
1784937540000,73.907,73.923,73.9,73.923,1063,7856.514
1784937600000,73.932,73.934,73.896,73.934,267,1973.9612
1784937660000,73.912,73.934,73.912,73.934,313,2313.9482
1784937720000,73.94,73.945,73.938,73.938,2292,16946.7174
1784937780000,73.931,73.953,73.931,73.953,1157,8555.2849
1784937840000,73.953,73.961,73.953,73.961,1573,11634.0345
1784938020000,73.951,73.951,73.951,73.951,18,133.1118
1784938140000,73.935,73.951,73.927,73.95,2329,17220.7699
1784938200000,73.938,73.938,73.938,73.938,30,221.814
1784938320000,73.943,73.967,73.943,73.967,610,4511.6643
1784938380000,73.97,73.97,73.97,73.97,297,2196.909
1784938440000,73.971,73.971,73.971,73.971,37,273.6927
1784938500000,73.975,73.975,73.935,73.935,10123,74876.7094
1784938680000,73.93,73.936,73.93,73.936,240,1774.3524
1784938740000,73.929,73.929,73.928,73.928,17,125.6781
1784938920000,73.955,73.955,73.955,73.955,81,599.0355
1784939100000,73.971,73.971,73.971,73.971,1,7.3971
1784939160000,73.972,74.006,73.972,74.006,900,6659.1666
1784939220000,74.007,74.018,74.007,74.018,41,303.443
1784939280000,74.009,74.009,74.009,74.009,78,577.2702
1784939340000,74.0,74.0,74.0,74.0,375,2775.0
1784939400000,74.007,74.007,74.007,74.007,72,532.8504
1784939520000,74.016,74.105,74.016,74.098,6318,46801.0843
1784939580000,74.09,74.09,74.09,74.09,9,66.681
1784939640000,74.104,74.104,74.09,74.09,430,3186.4706
1784939700000,74.091,74.091,74.077,74.077,818,6060.6327
1784939760000,74.078,74.1,74.078,74.1,2059,15253.1322
1784939820000,74.099,74.099,74.099,74.099,404,2993.5996
1784939880000,74.082,74.103,74.082,74.103,230,1704.0439
1784939940000,74.1,74.105,74.1,74.105,64,474.241
1784940000000,74.078,74.078,74.075,74.075,375,2777.8461
1784940120000,74.037,74.041,74.008,74.017,1262,9341.3468
1784940180000,74.016,74.016,73.967,73.971,11160,82569.2703
1784940240000,74.004,74.022,74.002,74.013,5709,42251.324
1784940300000,74.004,74.004,73.963,73.963,6539,48377.0205
1784940360000,73.959,74.012,73.921,74.011,16185,119720.0545
1784940420000,74.014,74.014,74.014,74.014,33,244.2462
1784940480000,73.998,73.998,73.996,73.996,544,4025.4772
1784940540000,73.994,74.027,73.994,74.005,1905,14100.2705
1784940600000,74.005,74.015,74.005,74.015,720,5328.6718
1784940660000,74.009,74.009,74.009,74.009,18,133.2162
1784940780000,73.973,73.974,73.973,73.973,10,73.9732
1784940840000,73.969,73.969,73.969,73.969,4,29.5876
1784940900000,73.966,73.975,73.966,73.975,37,273.7039
1784940960000,73.983,74.048,73.973,74.048,6547,48437.4677
1784941020000,74.052,74.061,74.052,74.061,1018,7539.3533
1784941080000,74.061,74.073,74.061,74.073,130,962.893
1784941140000,74.081,74.082,74.081,74.082,61,451.8953
1784941200000,74.081,74.158,74.073,74.158,12694,94119.8507
1784941260000,74.154,74.155,74.154,74.155,59,437.5093
1784941320000,74.164,74.197,74.161,74.187,2256,16732.9354
1784941380000,74.155,74.186,74.155,74.186,1589,11787.3953
1784941440000,74.182,74.182,74.141,74.141,1553,11515.9613
1784941500000,74.15,74.15,74.15,74.15,4,29.66
1784941560000,74.139,74.143,74.139,74.143,178,1319.677
1784941620000,74.123,74.123,74.123,74.123,284,2105.0932
1784941680000,74.102,74.102,74.102,74.102,72,533.5344
1784941740000,74.082,74.082,74.08,74.08,118,874.1664
1784941800000,74.073,74.073,74.04,74.04,180,1333.0719
1784941920000,74.034,74.04,74.034,74.04,243,1799.1462
1784941980000,74.046,74.046,73.999,74.031,12080,89407.5699
1784942100000,74.047,74.06,74.047,74.06,357,2643.8445
1784942160000,74.067,74.067,74.029,74.029,415,3072.2111
1784942280000,74.033,74.033,74.033,74.033,73,540.4409
1784942400000,73.997,73.997,73.972,73.973,604,4468.0842
1784942460000,73.974,74.003,73.974,74.003,16,118.3804
1784942520000,74.009,74.009,73.995,73.998,886,6557.0884
1784942580000,74.015,74.015,74.015,74.015,1192,8822.588
1784942700000,74.011,74.042,74.011,74.018,2796,20701.2856
1784942820000,73.981,73.998,73.981,73.997,428,3166.8077
1784942880000,74.007,74.01,74.007,74.01,279,2064.8358
1784942940000,74.029,74.029,74.029,74.029,5,37.0145
1784943060000,73.996,74.008,73.996,74.007,37,273.7985
1784943300000,74.082,74.102,74.082,74.102,1407,10426.077
1784943360000,74.118,74.129,74.114,74.114,606,4491.9143
1784943480000,74.088,74.088,74.088,74.088,7,51.8616
1784943540000,74.089,74.093,74.043,74.043,4675,34632.0474
1784943600000,74.027,74.044,74.027,74.044,59,436.8545
1784943780000,74.075,74.088,74.075,74.088,466,3452.0094
1784943840000,74.097,74.182,74.097,74.182,5167,38306.574
1784943900000,74.197,74.197,74.178,74.178,692,5133.8853
1784943960000,74.18,74.184,74.18,74.184,2,14.8364
1784944020000,74.184,74.189,74.184,74.189,308,2284.9312
1784944080000,74.193,74.218,74.193,74.216,1592,11815.1587
1784944140000,74.195,74.2,74.17,74.17,548,4065.8754
1784944200000,74.165,74.188,74.152,74.152,905,6712.9877
1784944260000,74.152,74.152,74.152,74.152,169,1253.1688
1784944380000,74.102,74.12,74.102,74.111,556,4120.4229
1784944440000,74.108,74.115,74.108,74.115,318,2356.7996
1784944500000,74.109,74.109,74.094,74.094,8240,61057.7175
1784944620000,74.088,74.122,74.088,74.122,73,540.938
1784944680000,74.103,74.103,74.082,74.082,448,3319.7762
1784944740000,74.081,74.081,74.081,74.081,198,1466.8038
1784944800000,74.122,74.122,74.096,74.096,870,6448.1537
1784944860000,74.083,74.096,74.083,74.096,14,103.7305
1784944920000,74.12,74.124,74.119,74.121,1658,12289.2254
1784944980000,74.129,74.152,74.129,74.14,151,1119.3974
1784945040000,74.115,74.14,74.115,74.14,1682,12470.0769
1784945100000,74.142,74.142,74.142,74.142,1,7.4142
1784945160000,74.149,74.149,74.149,74.149,1,7.4149
1784945220000,74.126,74.139,74.126,74.139,2,14.8265
1784945280000,74.155,74.155,74.155,74.155,2,14.831
1784945340000,74.167,74.167,74.156,74.156,2087,15477.2761
1784945400000,74.142,74.142,74.117,74.117,6,44.4811
1784945460000,74.122,74.122,74.122,74.122,1,7.4122
1784945520000,74.11,74.11,74.099,74.099,5,37.0517
1784945580000,74.103,74.103,74.103,74.103,6,44.4618
1784945640000,74.062,74.077,74.062,74.077,1711,12674.1797
1784945700000,74.089,74.089,74.049,74.049,482,3570.5558
1784945760000,74.053,74.069,74.052,74.057,416,3080.6041
1784945820000,74.044,74.044,74.023,74.023,157,1162.2205
1784945940000,74.032,74.034,74.032,74.034,112,829.1668
1784946000000,74.046,74.046,74.042,74.042,154,1140.2493
1784946060000,74.069,74.119,74.069,74.112,868,6432.7784
1784946240000,74.101,74.101,74.094,74.094,117,866.9353
1784946300000,74.085,74.086,74.085,74.086,3,22.2257
1784946360000,74.126,74.137,74.126,74.137,228,1690.3104
1784946420000,74.143,74.143,74.143,74.143,1,7.4143
1784946540000,74.159,74.159,74.127,74.127,1065,7894.7763
1784946600000,74.13,74.131,74.13,74.131,105,778.3753
1784946660000,74.13,74.13,74.069,74.069,22,163.0742
1784946720000,74.069,74.069,74.069,74.069,51,377.7519
1784946780000,74.103,74.103,74.094,74.1,64,474.212
1784946900000,74.134,74.134,74.112,74.112,1886,13978.3482
1784946960000,74.09,74.09,74.085,74.085,7,51.8605
1784947140000,74.118,74.163,74.118,74.163,140,1037.8788
1784947200000,74.144,74.144,74.143,74.143,343,2543.1309
1784947260000,74.155,74.155,74.145,74.145,602,4463.978
1784947320000,74.149,74.149,74.149,74.149,4,29.6596
1784947380000,74.142,74.142,74.142,74.142,24,177.9408
1784947440000,74.102,74.102,74.083,74.092,153,1133.5754
1784947620000,74.076,74.076,74.061,74.073,147,1088.8652
1784947680000,74.079,74.096,74.079,74.094,2051,15196.0012
1784947740000,74.094,74.094,74.085,74.085,150,1111.3464
1784947800000,74.065,74.065,74.046,74.046,256,1895.6498
1784947860000,74.051,74.051,74.035,74.035,211,1562.364
1784947920000,74.028,74.028,74.028,74.028,348,2576.1744
1784947980000,74.027,74.027,74.027,74.027,451,3338.6177
1784948040000,74.065,74.065,74.044,74.044,1873,13868.9928
1784948100000,74.046,74.046,74.046,74.046,137,1014.4302
1784948160000,74.061,74.061,74.052,74.052,93,688.7601
1784948280000,74.072,74.072,74.072,74.072,448,3318.4256
1784948340000,74.075,74.075,74.057,74.065,2268,16797.5141
1784948400000,74.065,74.065,74.052,74.052,5,37.0312
1784948460000,74.046,74.046,74.046,74.046,5,37.023
1784948580000,74.024,74.024,74.024,74.024,147,1088.1528
1784948640000,74.06,74.113,74.06,74.1,1942,14390.7061
1784948700000,74.069,74.072,74.069,74.072,307,2273.9186
1784948880000,74.09,74.118,74.09,74.114,151,1119.1314
1784948940000,74.106,74.106,74.106,74.106,39,289.0134
1784949000000,74.131,74.131,74.131,74.131,3,22.2393
1784949060000,74.11,74.124,74.11,74.124,55,407.6408
1784949120000,74.126,74.133,74.126,74.133,256,1897.7564
1784949180000,74.162,74.163,74.162,74.163,133,986.3579
1784949240000,74.162,74.17,74.133,74.138,8378,62126.4657
1784949300000,74.112,74.13,74.112,74.13,118,874.5284
1784949360000,74.143,74.143,74.143,74.143,8,59.3144
1784949420000,74.132,74.132,74.102,74.102,192,1422.8784
1784949480000,74.1,74.1,74.1,74.1,33,244.53
1784949540000,74.109,74.112,74.109,74.112,181,1341.3978
1784949660000,74.113,74.113,74.113,74.113,3,22.2339
1784949720000,74.116,74.116,74.1,74.111,125,926.3296
1784949900000,74.123,74.123,74.123,74.123,40,296.492
1784949960000,74.172,74.203,74.172,74.185,1193,8850.6999
1784950020000,74.183,74.229,74.183,74.229,64,474.9878
1784950080000,74.229,74.296,74.204,74.204,16268,120820.9492
1784950140000,74.213,74.213,74.2,74.2,139,1031.393
1784950200000,74.199,74.199,74.173,74.175,448,3323.7659
1784950260000,74.172,74.172,74.172,74.172,33,244.7676
1784950320000,74.17,74.203,74.17,74.203,460,3412.8263
1784950380000,74.211,74.211,74.185,74.185,911,6760.1569
1784950440000,74.207,74.207,74.174,74.174,61,452.6105
1784950500000,74.174,74.18,74.16,74.18,359,2662.5962
1784950560000,74.191,74.217,74.191,74.2,1860,13802.0544
1784950620000,74.184,74.184,74.184,74.184,2,14.8368
1784950680000,74.146,74.158,74.146,74.158,222,1646.0664
1784950740000,74.169,74.169,74.169,74.169,5,37.0845
1784950920000,74.137,74.161,74.137,74.161,566,4196.219
1784951040000,74.16,74.183,74.16,74.179,177,1312.9564
1784951100000,74.165,74.165,74.162,74.162,8,59.3317
1784951160000,74.164,74.164,74.128,74.128,651,4827.915
1784951280000,74.126,74.126,74.126,74.126,401,2972.4526
1784951340000,74.122,74.122,74.093,74.093,3678,27259.4324
1784951400000,74.086,74.092,74.064,74.087,520,3852.3075
1784951460000,74.085,74.085,74.074,74.074,79,585.1978
1784951520000,74.099,74.101,74.099,74.101,253,1874.7383
1784951580000,74.11,74.136,74.109,74.11,1098,8137.778
1784951700000,74.132,74.132,74.132,74.132,46,341.0072
1784951820000,74.073,74.073,74.073,74.073,187,1385.1651
1784951940000,74.094,74.094,74.09,74.09,600,4445.618
1784952000000,74.102,74.11,74.102,74.11,273,2023.1584
1784952180000,74.149,74.175,74.149,74.175,227,1683.5113
1784966700000,73.706,73.706,73.704,73.704,255,1879.4902
1784966760000,73.682,73.682,73.524,73.531,5670,41721.8118
1784966820000,73.558,73.616,73.552,73.608,5469,40245.4456
1784966880000,73.6,73.617,73.579,73.614,104,765.4888
1784966940000,73.64,73.667,73.64,73.64,7725,56893.8438
1784967000000,73.642,73.682,73.642,73.681,2369,17450.7212
1784967060000,73.689,73.689,73.675,73.675,66,486.3236
1784967120000,73.657,73.66,73.647,73.66,1652,12167.4313
1784967180000,73.669,73.702,73.669,73.702,80,589.5848
1784967240000,73.719,73.719,73.706,73.706,45,331.7277
1784967300000,73.716,73.717,73.716,73.717,3,22.1149
1784967360000,73.731,73.731,73.731,73.731,64,471.8784
1784967420000,73.739,73.739,73.739,73.739,12,88.4868
1784967540000,73.775,73.775,73.775,73.775,3,22.1325
1784967600000,73.782,73.782,73.782,73.782,14,103.2948
1784967660000,73.8,73.8,73.8,73.8,364,2686.32
1784967720000,73.799,73.799,73.742,73.75,4795,35368.5521
1784967780000,73.759,73.763,73.759,73.763,40,295.0412
1784967840000,73.762,73.762,73.762,73.762,102,752.3724
1784967900000,73.795,73.795,73.795,73.795,15,110.6925
1784967960000,73.795,73.803,73.795,73.803,15,110.6957
1784968020000,73.776,73.776,73.776,73.776,32,236.0832
1784968080000,73.776,73.794,73.776,73.794,39,287.7282
1784968140000,73.804,73.804,73.804,73.804,52,383.7808
1784968260000,73.796,73.796,73.783,73.789,415,3062.0732
1784968320000,73.787,73.789,73.78,73.78,518,3822.0779
1784968380000,73.803,73.811,73.795,73.795,4330,31958.3436
1784968440000,73.777,73.777,73.77,73.77,296,2183.5948
1784968500000,73.771,73.771,73.759,73.759,640,4721.2084
1784968560000,73.756,73.756,73.747,73.747,1098,8097.525
1784968620000,73.744,73.777,73.744,73.758,243,1792.5293
1784968680000,73.76,73.76,73.76,73.76,1,7.376
1784968740000,73.753,73.781,73.753,73.781,451,3326.281
1784968800000,73.782,73.796,73.782,73.785,115,848.6176
1784968920000,73.795,73.795,73.795,73.795,498,3674.991
1784968980000,73.762,73.765,73.762,73.765,927,6837.7386
1784969040000,73.773,73.782,73.773,73.782,7,51.6456
1784969100000,73.782,73.782,73.735,73.735,50,368.8298
1784969160000,73.73,73.771,73.73,73.771,114,840.8352
1784969220000,73.768,73.771,73.762,73.771,427,3149.8733
1784969280000,73.766,73.766,73.741,73.741,192,1416.0204
1784969340000,73.735,73.735,73.73,73.73,814,6001.837
1784969400000,73.712,73.744,73.712,73.723,1202,8862.7181
1784969460000,73.745,73.755,73.745,73.755,1311,9668.9387
1784969520000,73.73,73.73,73.71,73.71,1113,8205.923
1784969580000,73.711,73.728,73.711,73.728,1302,9599.2797
1784969640000,73.731,73.731,73.731,73.731,86,634.0866
1784969760000,73.731,73.761,73.731,73.761,820,6046.9491
1784969820000,73.739,73.749,73.739,73.749,138,1017.6323
1784969880000,73.752,73.752,73.727,73.732,547,4033.4618
1784969940000,73.737,73.742,73.737,73.742,4,29.4958
1784970000000,73.773,73.776,73.773,73.776,232,1711.5719
1784970060000,73.791,73.794,73.791,73.794,48,354.2023
1784970120000,73.795,73.796,73.774,73.774,96,708.3749
1784970180000,73.756,73.756,73.756,73.756,124,914.5744
1784970240000,73.737,73.739,73.719,73.739,498,3672.0364
1784970300000,73.739,73.739,73.739,73.739,116,855.3724
1784970420000,73.743,73.768,73.743,73.768,861,6350.8242
1784970480000,73.774,73.798,73.774,73.798,553,4080.7022
1784970600000,73.814,73.816,73.813,73.813,422,3114.9666
1784970660000,73.811,73.811,73.811,73.811,61,450.2471
1784970720000,73.813,73.813,73.813,73.813,7,51.6691
1784970780000,73.816,73.845,73.816,73.845,410,3027.3522
1784970840000,73.853,73.853,73.83,73.839,848,6262.3608
1784970900000,73.84,73.84,73.84,73.84,54,398.736
1784970960000,73.853,73.853,73.853,73.853,4,29.5412
1784971020000,73.854,73.882,73.854,73.882,37,273.3245
1784971080000,73.893,73.893,73.878,73.887,6942,51288.2696
1784971200000,73.867,73.873,73.867,73.873,214,1580.7898
1784971260000,73.867,73.903,73.867,73.903,1408,10403.4096
1784971320000,73.923,73.923,73.917,73.917,788,5824.8792
1784971380000,73.864,73.864,73.864,73.864,22,162.5008
1784971440000,73.867,73.867,73.867,73.867,247,1824.5149
1784971500000,73.892,73.951,73.892,73.951,3614,26713.7481
1784971560000,73.953,73.953,73.944,73.944,3435,25401.5132
1784971620000,73.955,73.959,73.955,73.958,586,4333.9163
1784971680000,73.952,73.952,73.946,73.946,491,3630.8162
1784971740000,73.954,73.954,73.954,73.954,12,88.7448
1784971800000,73.966,73.983,73.966,73.983,36,266.3122
1784971860000,73.984,73.987,73.979,73.987,578,4276.004
1784971920000,73.992,73.992,73.975,73.975,29,214.57
1784971980000,73.961,73.961,73.933,73.937,1044,7719.5801
1784972040000,73.928,73.928,73.916,73.916,121,894.5204
1784972280000,73.952,73.952,73.951,73.951,362,2677.0536
1784972340000,73.954,73.957,73.954,73.957,160,1183.2856
1784972400000,73.934,73.934,73.934,73.934,43,317.9162
1784972460000,73.934,73.934,73.925,73.925,310,2291.8945
1784972520000,73.905,73.905,73.905,73.905,24,177.372
1784972640000,73.919,73.924,73.919,73.924,244,1803.6911
1784972820000,73.963,73.978,73.962,73.978,74,547.39
1784973000000,73.964,73.964,73.964,73.964,141,1042.8924
1784973060000,73.995,73.996,73.995,73.996,2,14.7991
1784973120000,73.996,74.0,73.989,73.989,3158,23368.8093
1784973180000,73.989,73.989,73.975,73.975,233,1723.6886
1784973240000,73.964,73.964,73.959,73.959,129,954.1351
1784973300000,73.972,73.98,73.972,73.98,491,3632.238
1784973360000,73.981,73.981,73.975,73.975,516,3817.3722
1784973420000,73.967,73.967,73.932,73.944,158,1168.3701
1784973540000,73.952,73.96,73.945,73.96,474,3505.047
1784973600000,73.963,73.963,73.954,73.954,28,207.0888
1784973660000,73.978,73.978,73.967,73.967,577,4268.2622
1784973720000,73.959,73.959,73.959,73.959,1,7.3959
1784973780000,73.95,73.95,73.949,73.949,14,103.5296
1784973840000,73.95,73.95,73.95,73.95,3,22.185
1784973960000,73.95,73.95,73.95,73.95,382,2824.89
1784974020000,73.95,73.95,73.944,73.944,187,1382.844
1784974080000,73.936,73.936,73.936,73.936,5,36.968
1784974200000,73.955,73.955,73.939,73.939,109,806.1079
1784974260000,73.947,73.951,73.947,73.951,36,266.2184
1784974320000,73.964,73.964,73.964,73.964,5,36.982
1784974440000,73.968,73.968,73.968,73.968,1,7.3968
1784974620000,73.976,73.976,73.964,73.964,43,318.0548
1784974680000,73.974,73.977,73.974,73.977,17,125.7597
1784974800000,73.984,73.984,73.984,73.984,12,88.7808
1784974860000,73.94,73.94,73.94,73.94,1,7.394
1784974920000,73.927,73.927,73.925,73.925,108,798.4062
1784974980000,73.921,73.921,73.902,73.902,730,5394.9648
1784975040000,73.901,73.901,73.901,73.901,102,753.7902
1784975100000,73.9,73.9,73.9,73.9,106,783.34
1784975160000,73.901,73.918,73.901,73.918,844,6237.296
1784975220000,73.926,73.926,73.906,73.906,1668,12328.5896
1784975280000,73.9,73.9,73.882,73.882,541,3997.6712
1784975340000,73.883,73.934,73.883,73.934,2638,19495.8555
1784975400000,73.943,73.943,73.939,73.939,47,347.5149
1784975460000,73.926,73.951,73.926,73.951,317,2343.853
1784975520000,73.946,73.946,73.935,73.935,141,1042.5995
1784975640000,73.91,73.927,73.889,73.927,1203,8891.8333
1784975700000,73.938,73.938,73.923,73.923,153,1131.2018
1784975880000,73.907,73.93,73.903,73.93,1919,14182.8072
1784975940000,73.94,73.941,73.94,73.941,169,1249.59
1784976060000,73.945,73.945,73.889,73.889,1504,11120.646
1784976120000,73.888,73.888,73.888,73.888,200,1477.76
1784976180000,73.88,73.888,73.88,73.888,3,22.1648
1784976360000,73.894,73.894,73.884,73.884,837,6184.9258
1784976480000,73.885,73.885,73.885,73.885,67,495.0295
1784976720000,73.884,73.884,73.878,73.878,9,66.4917
1784976840000,73.872,73.916,73.87,73.916,1565,11562.8348
1784976900000,73.918,73.93,73.918,73.926,190,1404.5591
1784977020000,73.926,73.926,73.926,73.926,17,125.6742
1784977080000,73.937,73.937,73.937,73.937,2,14.7874
1784977140000,73.937,73.937,73.937,73.937,1,7.3937
1784977200000,73.946,73.947,73.942,73.942,140,1035.2348
1784977260000,73.923,73.931,73.923,73.931,299,2210.4132
1784977320000,73.953,73.953,73.949,73.949,89,658.1697
1784977380000,73.953,73.983,73.953,73.983,498,3683.115
1784977620000,73.969,73.969,73.969,73.969,675,4992.9075
1784977680000,73.963,73.963,73.963,73.963,475,3513.2425
1784977800000,73.978,73.978,73.97,73.97,350,2588.9604
1784977920000,73.97,73.972,73.97,73.972,521,3853.8494
1784977980000,73.972,73.972,73.967,73.969,2319,17153.7999
1784978040000,73.968,73.968,73.968,73.968,5,36.984
1784978220000,73.971,73.971,73.97,73.97,9,66.5735
1784978340000,73.967,73.983,73.958,73.98,430,3181.2135
1784978460000,73.967,73.967,73.926,73.926,1169,8645.8171
1784978580000,73.914,73.914,73.914,73.914,113,835.2282
1784978640000,73.906,73.906,73.9,73.9,23,169.9712
1784978700000,73.892,73.892,73.892,73.892,1,7.3892
1784978760000,73.892,73.908,73.892,73.908,925,6836.213
1784978880000,73.882,73.901,73.878,73.899,1221,9022.1703
1784978940000,73.901,73.901,73.901,73.901,261,1928.8161
1784979000000,73.909,73.909,73.909,73.909,2,14.7818
1784979120000,73.903,73.919,73.903,73.919,1702,12578.7377
1784979180000,73.909,73.909,73.891,73.899,1394,10301.3217
1784979240000,73.899,73.899,73.872,73.872,34,251.2404
1784979300000,73.827,73.846,73.827,73.846,17,125.5287
1784979420000,73.862,73.884,73.855,73.855,233,1721.1462
1784979540000,73.864,73.864,73.849,73.849,191,1410.5834
1784979660000,73.898,73.898,73.893,73.893,118,871.9939
1784979720000,73.883,73.883,73.881,73.881,418,3088.2869
1784979780000,73.851,73.856,73.851,73.856,377,2784.1952
1784979900000,73.863,73.869,73.863,73.868,388,2865.9552
1784979960000,73.864,73.864,73.864,73.864,1784,13177.3376
1784980020000,73.862,73.862,73.862,73.862,144,1063.6128
1784980140000,73.866,73.866,73.866,73.866,406,2998.9596
1784980260000,73.899,73.899,73.899,73.899,48,354.7152
1784980440000,73.875,73.875,73.874,73.874,2,14.7749
1784980500000,73.874,73.884,73.874,73.884,7,51.7138
1784980680000,73.884,73.884,73.879,73.879,36,265.9677
1784980740000,73.872,73.872,73.872,73.872,2,14.7744
1784980800000,73.895,73.895,73.882,73.882,197,1455.4845
1784980860000,73.869,73.869,73.869,73.869,1,7.3869
1784980980000,73.871,73.871,73.871,73.871,1,7.3871
1784981100000,73.866,73.866,73.85,73.85,81,598.2794
1784981280000,73.846,73.846,73.844,73.844,150,1107.6664
1784981340000,73.849,73.849,73.839,73.839,585,4319.7036
1784981520000,73.837,73.837,73.837,73.837,2,14.7674
1784981580000,73.825,73.857,73.825,73.847,4086,30169.0725
1784981640000,73.852,73.876,73.852,73.876,475,3508.7565
1784981700000,73.887,73.887,73.887,73.887,812,5999.6244
1784981760000,73.864,73.864,73.86,73.86,48,354.5328
1784981820000,73.866,73.877,73.866,73.874,118,871.7245
1784981880000,73.878,73.879,73.878,73.879,243,1795.2542
1784981940000,73.885,73.885,73.885,73.885,2,14.777
1784982120000,73.883,73.883,73.867,73.878,256,1891.1302
1784982300000,73.884,73.934,73.884,73.934,51,376.9834
1784982420000,73.942,73.944,73.942,73.944,551,4074.2126
1784982480000,73.945,73.945,73.934,73.934,17,125.6933
1784982540000,73.895,73.895,73.895,73.895,115,849.7925
1784982600000,73.889,73.889,73.889,73.889,25,184.7225
1784982660000,73.883,73.883,73.883,73.883,2,14.7766
1784996700000,74.1,74.1,74.1,74.1,1500,11115.0
1784996760000,74.085,74.085,74.062,74.062,344,2548.1729
1784996820000,74.055,74.098,74.055,74.098,2989,22144.3121
1784996880000,74.108,74.113,74.108,74.113,134,993.0578
1784996940000,74.101,74.12,74.101,74.12,2296,17017.3699
1784997000000,74.132,74.153,74.132,74.153,2715,20128.936
1784997060000,74.141,74.141,74.141,74.141,362,2683.9042
1784997120000,74.165,74.175,74.165,74.175,9,66.7495
1784997180000,74.174,74.203,74.174,74.196,4189,31080.7581
1784997300000,74.169,74.2,74.169,74.2,625,4635.7224
1784997360000,74.204,74.248,74.204,74.248,530,3933.8846
1784997420000,74.255,74.304,74.255,74.299,9299,69070.6085
1784997480000,74.3,74.3,74.266,74.266,232,1723.2622
1784997600000,74.275,74.288,74.272,74.288,261,1938.5898
1784997660000,74.28,74.28,74.247,74.26,3522,26158.9005
1784997720000,74.249,74.259,74.249,74.259,569,4225.0921
1784997840000,74.275,74.295,74.275,74.295,364,2704.0489
1784997900000,74.291,74.291,74.291,74.291,40,297.164
1784997960000,74.284,74.284,74.268,74.269,141,1047.3726
1784998020000,74.293,74.293,74.286,74.286,116,861.7974
1784998080000,74.299,74.381,74.299,74.352,3909,29062.2901
1784998140000,74.355,74.355,74.33,74.33,548,4074.1989
1784998200000,74.319,74.319,74.319,74.319,350,2601.165
1784998260000,74.297,74.312,74.282,74.282,636,4724.6189
1784998320000,74.271,74.284,74.27,74.284,467,3468.6028
1784998380000,74.282,74.282,74.278,74.278,166,1233.0551
1784998440000,74.262,74.262,74.262,74.262,9,66.8358
1784998500000,74.259,74.259,74.22,74.221,326,2419.7852
1784998560000,74.226,74.233,74.226,74.233,127,942.7028
1784998620000,74.272,74.274,74.272,74.274,144,1069.5211
1784998680000,74.289,74.289,74.278,74.278,546,4055.6041
1784998740000,74.281,74.281,74.277,74.278,301,2235.7814
1784998800000,74.292,74.307,74.292,74.307,75,557.2305
1784998860000,74.306,74.307,74.302,74.307,999,7422.8131
1784998920000,74.294,74.305,74.293,74.3,417,3098.151
1784998980000,74.299,74.299,74.285,74.285,492,3654.892
1784999040000,74.309,74.348,74.289,74.306,65624,487770.2658
1784999100000,74.319,74.319,74.319,74.319,26,193.2294
1784999160000,74.347,74.347,74.307,74.307,170,1263.5639
1784999220000,74.287,74.287,74.287,74.287,132,980.5884
1784999280000,74.293,74.293,74.293,74.293,262,1946.4766
1784999340000,74.288,74.288,74.288,74.288,97,720.5936
1784999400000,74.296,74.299,74.296,74.299,99,735.5382
1784999460000,74.281,74.281,74.281,74.281,87,646.2447
1784999580000,74.284,74.29,74.284,74.285,427,3171.9296
1784999640000,74.286,74.286,74.286,74.286,3,22.2858
1784999700000,74.311,74.311,74.31,74.31,91,676.2289
1784999760000,74.324,74.35,74.324,74.35,515,3828.5018
1784999820000,74.365,74.365,74.365,74.365,17,126.4205
1784999880000,74.363,74.363,74.363,74.363,70,520.541
1784999940000,74.382,74.385,74.379,74.383,417,3101.7694
1785000000000,74.385,74.388,74.355,74.356,1347,10018.0494
1785000060000,74.362,74.411,74.362,74.411,537,3994.8355
1785000120000,74.418,74.425,74.417,74.423,2752,20481.2182
1785000180000,74.428,74.555,74.428,74.458,11284,84066.6826
1785000240000,74.457,74.47,74.456,74.456,806,6001.1775
1785000300000,74.455,74.455,74.447,74.447,689,5129.6263
1785000360000,74.496,74.539,74.496,74.531,1328,9897.9359
1785000420000,74.531,74.531,74.502,74.514,1177,8771.639
1785000480000,74.491,74.491,74.467,74.467,93,692.6211
1785000540000,74.456,74.456,74.435,74.435,1912,14234.9744
1785000600000,74.445,74.457,74.445,74.457,48,357.3596
1785000660000,74.423,74.425,74.409,74.425,540,4018.877
1785000720000,74.411,74.411,74.411,74.411,28,208.3508
1785000780000,74.428,74.431,74.428,74.431,165,1228.0689
1785000840000,74.473,74.509,74.463,74.509,826,6152.6196
1785000900000,74.508,74.52,74.492,74.506,23,171.3804
1785000960000,74.503,74.503,74.503,74.503,3,22.3509
1785001080000,74.462,74.508,74.462,74.49,399,2971.6981
1785001140000,74.49,74.49,74.453,74.453,3173,23624.8506
1785001200000,74.485,74.525,74.485,74.525,341,2540.6021
1785001260000,74.536,74.565,74.525,74.525,3036,22634.0301
1785001320000,74.528,74.528,74.528,74.528,80,596.224
1785001380000,74.544,74.554,74.539,74.553,1922,14328.7054
1785001440000,74.541,74.578,74.541,74.569,2965,22111.0258
1785001500000,74.579,74.579,74.567,74.569,1199,8940.8774
1785001560000,74.57,74.57,74.57,74.57,20,149.14
1785001620000,74.567,74.613,74.567,74.603,1651,12316.5164
1785001680000,74.588,74.625,74.551,74.551,89,664.0161
1785001740000,74.533,74.533,74.533,74.533,25,186.3325
1785001800000,74.551,74.564,74.485,74.493,6504,48483.8542
1785001860000,74.482,74.487,74.47,74.47,536,3992.1587
1785001920000,74.456,74.456,74.456,74.456,6,44.6736
1785001980000,74.443,74.443,74.443,74.443,15,111.6645
1785002040000,74.44,74.44,74.438,74.438,71,528.5164
1785002100000,74.451,74.451,74.451,74.451,443,3298.1793
1785002160000,74.434,74.434,74.434,74.434,223,1659.8782
1785002220000,74.437,74.445,74.437,74.437,579,4310.1277
1785002280000,74.442,74.442,74.442,74.442,49,364.7658
1785002340000,74.431,74.431,74.407,74.407,602,4479.7092
1785002400000,74.456,74.493,74.456,74.493,449,3344.693
1785002460000,74.512,74.537,74.512,74.534,1305,9725.6738
1785002520000,74.564,74.62,74.564,74.62,868,6476.5317
1785002580000,74.625,74.625,74.55,74.55,2374,17702.5947
1785002640000,74.536,74.557,74.529,74.557,580,4324.2843
1785002700000,74.547,74.547,74.528,74.528,6,44.7188
1785002760000,74.522,74.534,74.522,74.526,517,3853.0223
1785002820000,74.511,74.575,74.511,74.575,235,1751.42
1785002880000,74.562,74.562,74.55,74.55,38,283.2956
1785002940000,74.53,74.53,74.444,74.448,1486,11066.4664
1785003000000,74.474,74.494,74.474,74.494,696,5184.2284
1785003060000,74.5,74.5,74.5,74.5,148,1102.6
1785003120000,74.504,74.504,74.504,74.504,67,499.1768
1785003240000,74.506,74.506,74.5,74.5,230,1713.6011
1785003300000,74.493,74.51,74.478,74.51,926,6898.0926
1785003360000,74.505,74.505,74.46,74.46,62,461.794
1785003480000,74.493,74.514,74.493,74.514,1706,12711.7609
1785003540000,74.506,74.506,74.506,74.506,751,5595.4006
1785003600000,74.511,74.511,74.503,74.503,199,1482.7569
1785003660000,74.475,74.475,74.475,74.475,46,342.585
1785003720000,74.489,74.489,74.489,74.489,74,551.2186
1785003780000,74.464,74.486,74.464,74.486,129,960.5953
1785003840000,74.486,74.486,74.474,74.474,407,3031.1492
1785003900000,74.482,74.484,74.457,74.457,177,1318.2184
1785003960000,74.449,74.462,74.449,74.462,54,402.0896
1785004020000,74.468,74.468,74.468,74.468,22,163.8296
1785004080000,74.473,74.503,74.473,74.503,414,3084.3102
1785004140000,74.507,74.523,74.507,74.523,225,1676.4359
1785004200000,74.516,74.519,74.516,74.517,1624,12101.5979
1785004260000,74.497,74.497,74.497,74.497,73,543.8281
1785004320000,74.507,74.514,74.506,74.514,2263,16860.8853
1785004380000,74.524,74.571,74.524,74.571,8590,64033.7348
1785004500000,74.567,74.567,74.533,74.533,473,3526.1159
1785004560000,74.547,74.59,74.536,74.572,10740,80077.5361
1785004620000,74.55,74.555,74.55,74.555,331,2467.606
1785004680000,74.552,74.552,74.536,74.536,37,275.836
1785004740000,74.55,74.551,74.55,74.551,913,6806.4154
1785004860000,74.551,74.568,74.546,74.546,2402,17907.7035
1785004980000,74.557,74.557,74.557,74.557,12,89.4684
1785005040000,74.561,74.561,74.514,74.514,85,633.5405
1785005160000,74.557,74.557,74.557,74.557,33,246.0381
1785005220000,74.57,74.597,74.57,74.597,1853,13820.3294
1785005280000,74.589,74.589,74.589,74.589,60,447.534
1785005340000,74.594,74.598,74.59,74.598,1597,11912.629
1785005400000,74.601,74.635,74.596,74.596,31342,233868.8885
1785005460000,74.604,74.636,74.604,74.636,123,917.6932
1785005520000,74.615,74.64,74.615,74.633,511,3813.0842
1785005580000,74.63,74.63,74.589,74.593,4868,36324.4662
1785005640000,74.604,74.604,74.604,74.604,48,358.0992
1785005700000,74.618,74.627,74.618,74.627,137,1022.3251
1785005760000,74.637,74.669,74.637,74.662,862,6436.1427
1785005820000,74.663,74.67,74.663,74.67,41,306.1463
1785005880000,74.671,74.671,74.67,74.67,81,604.8281
1785005940000,74.666,74.666,74.618,74.618,459,3426.7513
1785006000000,74.631,74.631,74.581,74.581,10829,80800.798
1785006060000,74.582,74.665,74.582,74.665,6567,48992.618
1785006120000,74.669,74.671,74.667,74.667,96,716.8312
1785006180000,74.666,74.666,74.645,74.657,71,530.0333
1785006240000,74.677,74.677,74.659,74.659,1172,8751.6385
1785006300000,74.669,74.691,74.669,74.688,1531,11434.7453
1785006360000,74.687,74.687,74.626,74.626,2237,16699.8733
1785006420000,74.662,74.662,74.646,74.659,8450,63080.6918
1785006480000,74.668,74.668,74.638,74.638,811,6053.1497
1785006540000,74.649,74.649,74.613,74.613,1134,8463.9762
1785006600000,74.614,74.62,74.605,74.62,66,492.4492
1785006720000,74.656,74.656,74.656,74.656,48,358.3488
1785006780000,74.66,74.662,74.66,74.662,922,6883.8182
1785006900000,74.656,74.656,74.6,74.6,349,2604.4856
1785006960000,74.611,74.611,74.61,74.611,1618,12071.9902
1785007020000,74.618,74.618,74.572,74.572,3904,29123.3325
1785007080000,74.566,74.58,74.566,74.567,184,1372.2586
1785007200000,74.596,74.596,74.596,74.596,1329,9913.8084
1785007260000,74.59,74.59,74.59,74.59,4,29.836
1785007320000,74.61,74.621,74.61,74.621,117,872.9623
1785007380000,74.608,74.623,74.608,74.623,448,3342.5074
1785007500000,74.592,74.592,74.592,74.592,515,3841.488
1785007620000,74.613,74.613,74.613,74.613,798,5954.1174
1785007680000,74.581,74.581,74.581,74.581,804,5996.3124
1785007740000,74.586,74.591,74.584,74.584,853,6362.37
1785007800000,74.572,74.574,74.572,74.574,221,1648.0792
1785007860000,74.574,74.574,74.573,74.573,41,305.7501
1785007920000,74.568,74.568,74.568,74.568,4,29.8272
1785008040000,74.567,74.567,74.562,74.562,5778,43083.1153
1785008100000,74.563,74.563,74.509,74.533,2690,20050.7793
1785008160000,74.516,74.534,74.516,74.53,8,59.6192
1785008220000,74.536,74.551,74.536,74.551,44,328.0124
1785008340000,74.546,74.546,74.535,74.535,6,44.7254
1785008460000,74.535,74.547,74.535,74.546,1771,13202.0957
1785008520000,74.535,74.535,74.533,74.533,630,4695.6814
1785008580000,74.522,74.548,74.522,74.548,663,4941.5942
1785008640000,74.551,74.551,74.551,74.551,609,4540.1559
1785008700000,74.556,74.556,74.526,74.526,902,6724.1732
1785008760000,74.525,74.525,74.519,74.519,870,6483.1752
1785008820000,74.525,74.525,74.505,74.505,368,2742.2442
1785008880000,74.516,74.516,74.514,74.514,1501,11184.5687
1785008940000,74.521,74.539,74.521,74.539,152,1132.9478
1785009060000,74.54,74.54,74.54,74.54,1,7.454
1785009120000,74.564,74.564,74.561,74.561,1189,8865.4707
1785009180000,74.565,74.568,74.565,74.566,869,6479.8672
1785009240000,74.573,74.573,74.572,74.572,37,275.9166
1785009300000,74.572,74.572,74.564,74.567,211,1573.367
1785009360000,74.567,74.576,74.567,74.576,404,3012.5086
1785009420000,74.568,74.568,74.544,74.545,1644,12255.4482
1785009480000,74.539,74.539,74.539,74.539,2,14.9078
1785009600000,74.543,74.543,74.532,74.537,200,1490.6726
1785009660000,74.518,74.522,74.484,74.484,643,4790.5476
1785009720000,74.482,74.482,74.472,74.475,857,6382.2719
1785009900000,74.484,74.484,74.484,74.484,3,22.3452
1785009960000,74.475,74.475,74.475,74.475,44,327.69
1785010020000,74.46,74.46,74.46,74.46,3,22.338
1785026700000,74.659,74.659,74.636,74.644,213,1589.9694
1785026760000,74.645,74.652,74.645,74.652,196,1463.1766
1785026820000,74.675,74.692,74.675,74.675,684,5108.0803
1785026880000,74.67,74.68,74.67,74.68,85,634.707
1785026940000,74.683,74.683,74.658,74.658,46,343.539
1785027000000,74.66,74.678,74.66,74.678,934,6974.144
1785027060000,74.705,74.733,74.705,74.733,13,97.1375
1785027120000,74.736,74.736,74.728,74.728,294,2197.2208
1785027180000,74.735,74.781,74.735,74.781,32,239.2092
1785027240000,74.781,74.781,74.732,74.732,612,4574.0803
1785027300000,74.732,74.732,74.719,74.724,5,37.3639
1785027360000,74.725,74.741,74.725,74.741,216,1614.1604
1785027420000,74.752,74.752,74.748,74.751,1363,10188.5512
1785027480000,74.747,74.753,74.741,74.742,69,515.774
1785027540000,74.759,74.759,74.759,74.759,7,52.3313
1785027600000,74.76,74.763,74.76,74.763,73,545.7681
1785027660000,74.756,74.791,74.75,74.75,4737,35420.0363
1785027720000,74.746,74.746,74.719,74.728,692,5170.9743
1785027780000,74.734,74.735,74.704,74.704,53,396.0506
1785027840000,74.7,74.7,74.7,74.7,3,22.41
1785027900000,74.701,74.744,74.701,74.744,418,3122.7508
1785027960000,74.759,74.759,74.724,74.724,161,1203.086
1785028020000,74.724,74.724,74.724,74.724,4,29.8896
1785028080000,74.719,74.719,74.711,74.711,2,14.943
1785028140000,74.722,74.724,74.712,74.712,2339,17476.7592
1785028200000,74.684,74.687,74.684,74.687,3,22.4057
1785028260000,74.686,74.704,74.686,74.704,141,1053.2226
1785028320000,74.699,74.706,74.699,74.705,8,59.7612
1785028380000,74.701,74.702,74.701,74.702,51,380.9775
1785028440000,74.725,74.739,74.725,74.738,10,74.7304
1785028500000,74.741,74.741,74.717,74.718,4,29.8917
1785028560000,74.725,74.725,74.725,74.725,41,306.3725
1785028620000,74.726,74.726,74.718,74.718,15,112.0882
1785028680000,74.733,74.741,74.733,74.741,697,5209.2781
1785028740000,74.724,74.747,74.714,74.714,564,4215.2668
1785028800000,74.713,74.713,74.644,74.686,312,2329.7358
1785028980000,74.701,74.701,74.696,74.696,408,3047.6397
1785029040000,74.68,74.68,74.68,74.68,4,29.872
1785029100000,74.68,74.68,74.679,74.679,17,126.9559
1785029160000,74.678,74.678,74.657,74.657,163,1217.1709
1785029220000,74.645,74.645,74.645,74.645,4,29.858
1785029280000,74.646,74.65,74.646,74.65,44,328.4596
1785029400000,74.695,74.695,74.695,74.695,1,7.4695
1785029460000,74.705,74.705,74.688,74.696,405,3024.869
1785029520000,74.715,74.715,74.715,74.715,4,29.886
1785029580000,74.694,74.696,74.694,74.696,16,119.5112
1785029700000,74.697,74.732,74.697,74.732,28,209.1656
1785029760000,74.732,74.732,74.732,74.732,1,7.4732
1785029820000,74.751,74.751,74.751,74.751,24,179.4024
1785029880000,74.712,74.712,74.712,74.712,5,37.356
1785029940000,74.724,74.736,74.724,74.736,130,971.4231
1785030000000,74.742,74.742,74.742,74.742,14,104.6388
1785030060000,74.738,74.738,74.7,74.7,192,1434.9646
1785030120000,74.7,74.704,74.7,74.703,14,104.5838
1785030180000,74.703,74.703,74.695,74.695,10,74.6958
1785030240000,74.714,74.744,74.714,74.744,18,134.516
1785030300000,74.758,74.758,74.732,74.734,386,2884.67
1785030360000,74.733,74.762,74.733,74.762,138,1031.3393
1785030420000,74.765,74.782,74.76,74.782,123,919.6608
1785030480000,74.811,74.811,74.811,74.811,4,29.9244
1785030540000,74.806,74.806,74.769,74.777,443,3312.6437
1785030600000,74.787,74.793,74.784,74.784,83,620.7446
1785030660000,74.784,74.784,74.784,74.784,1,7.4784
1785030720000,74.789,74.814,74.789,74.809,99,740.5881
1785030840000,74.809,74.857,74.809,74.857,49,366.58
1785030900000,74.824,74.824,74.814,74.814,1357,10152.827
1785030960000,74.814,74.814,74.792,74.792,66,493.7702
1785031020000,74.764,74.764,74.764,74.764,2,14.9528
1785031080000,74.769,74.785,74.769,74.785,176,1316.1626
1785031140000,74.778,74.779,74.778,74.779,50,373.8949
1785031200000,74.8,74.803,74.799,74.799,959,7173.3654
1785031260000,74.805,74.827,74.805,74.827,338,2528.4269
1785031320000,74.835,74.835,74.803,74.819,21282,159221.9242
1785031380000,74.815,74.825,74.786,74.821,37248,278654.0761
1785031440000,74.823,74.838,74.79,74.838,14195,106197.0827
1785031500000,74.826,74.826,74.701,74.754,2384,17816.0303
1785031560000,74.744,74.744,74.744,74.744,23,171.9112
1785031620000,74.744,74.744,74.744,74.744,20,149.488
1785031680000,74.699,74.7,74.687,74.696,11242,83974.2124
1785031740000,74.696,74.73,74.696,74.73,1005,7509.164
1785031800000,74.73,74.735,74.73,74.735,19,141.996
1785031860000,74.766,74.766,74.766,74.766,2,14.9532
1785031980000,74.767,74.773,74.761,74.773,131,979.4224
1785032040000,74.785,74.785,74.763,74.763,375,2804.4243
1785032100000,74.755,74.755,74.755,74.755,133,994.2415
1785032160000,74.751,74.751,74.751,74.751,11,82.2261
1785032220000,74.76,74.76,74.76,74.76,3,22.428
1785032340000,74.74,74.756,74.74,74.756,233,1741.5392
1785032400000,74.74,74.74,74.74,74.74,4,29.896
1785032460000,74.715,74.758,74.715,74.758,971,7255.0532
1785032520000,74.781,74.792,74.781,74.792,2023,15130.3027
1785032580000,74.806,74.806,74.779,74.779,62,463.7378
1785032640000,74.741,74.741,74.741,74.741,34,254.1194
1785032700000,74.721,74.721,74.721,74.721,2,14.9442
1785032760000,74.714,74.714,74.703,74.713,223,1666.0219
1785032820000,74.723,74.747,74.723,74.747,555,4147.6453
1785032880000,74.747,74.775,74.743,74.775,73,545.6843
1785032940000,74.775,74.775,74.775,74.775,1,7.4775
1785033000000,74.78,74.793,74.776,74.777,1023,7649.842
1785033060000,74.793,74.793,74.772,74.772,6,44.8737
1785033120000,74.733,74.733,74.707,74.709,1403,10481.9122
1785033180000,74.713,74.713,74.7,74.708,165,1232.6785
1785033240000,74.701,74.701,74.701,74.701,205,1531.3705
1785033300000,74.713,74.713,74.713,74.713,20,149.426
1785033360000,74.713,74.729,74.713,74.729,451,3369.6363
1785033420000,74.762,74.762,74.762,74.762,174,1300.8588
1785033540000,74.781,74.794,74.781,74.794,47,351.4933
1785033660000,74.767,74.767,74.767,74.767,58,433.6486
1785033720000,74.768,74.768,74.768,74.768,55,411.224
1785033780000,74.772,74.773,74.772,74.773,134,1001.9571
1785033840000,74.77,74.77,74.77,74.77,32,239.264
1785033900000,74.765,74.768,74.765,74.768,205,1532.7224
1785033960000,74.777,74.79,74.777,74.788,557,4165.2388
1785034020000,74.783,74.812,74.783,74.812,235,1757.4063
1785034080000,74.813,74.844,74.807,74.844,1274,9530.7995
1785034140000,74.844,74.851,74.833,74.833,6,44.9081
1785034200000,74.84,74.84,74.835,74.835,1813,13568.4541
1785034260000,74.828,74.851,74.828,74.851,2243,16786.159
1785034320000,74.851,74.862,74.851,74.858,471,3525.8866
1785034380000,74.86,74.86,74.838,74.838,21,157.162
1785034440000,74.842,74.862,74.842,74.862,39,291.8858
1785034500000,74.856,74.856,74.856,74.856,100,748.56
1785034560000,74.865,74.9,74.865,74.897,929,6956.615
1785034620000,74.896,74.896,74.895,74.895,360,2696.2224
1785034680000,74.902,74.902,74.902,74.902,11,82.3922
1785034740000,74.89,74.89,74.881,74.881,94,703.9474
1785034800000,74.863,75.012,74.856,75.008,22890,171477.381
1785034860000,74.996,75.029,74.927,74.927,7936,59514.1727
1785034920000,74.917,74.917,74.883,74.905,185,1385.4643
1785034980000,74.889,74.889,74.882,74.882,71,531.6859
1785035040000,74.838,74.842,74.838,74.842,51,381.693
1785035100000,74.837,74.837,74.812,74.812,552,4129.8293
1785035160000,74.837,74.837,74.825,74.828,723,5410.1379
1785035220000,74.81,74.821,74.81,74.821,834,6239.178
1785035340000,74.81,74.811,74.793,74.811,13,97.2395
1785035460000,74.822,74.842,74.822,74.842,511,3823.9973
1785035520000,74.876,74.92,74.876,74.92,1150,8613.4998
1785035580000,74.934,74.952,74.934,74.945,167,1251.4269
1785035640000,74.936,74.976,74.92,74.976,1136,8513.2111
1785035700000,74.977,74.977,74.961,74.961,421,3156.4677
1785035760000,74.944,74.952,74.944,74.95,628,4706.8914
1785035820000,74.947,74.947,74.916,74.916,115,861.7893
1785035880000,74.921,74.921,74.895,74.9,2546,19069.5227
1785035940000,74.883,74.904,74.883,74.891,1309,9803.9085
1785036000000,74.892,74.913,74.892,74.913,12,89.8835
1785036060000,74.909,74.909,74.906,74.906,341,2554.3909
1785036180000,74.909,74.909,74.906,74.906,48,359.5533
1785036300000,74.91,74.91,74.91,74.91,215,1610.565
1785036420000,74.911,74.911,74.906,74.906,354,2651.6744
1785036480000,74.88,74.88,74.88,74.88,29,217.152
1785036540000,74.88,74.887,74.88,74.887,352,2635.8621
1785036600000,74.895,74.895,74.869,74.875,55,411.9041
1785036720000,74.887,74.887,74.887,74.887,2,14.9774
1785036780000,74.906,74.927,74.906,74.927,2249,16850.3783
1785036840000,74.927,74.96,74.927,74.96,184,1378.8037
1785036900000,74.926,74.933,74.917,74.933,103,771.765
1785036960000,74.939,74.939,74.939,74.939,27,202.3353
1785037140000,74.949,74.949,74.933,74.933,143,1071.6991
1785037200000,74.913,74.943,74.913,74.943,658,4930.2085
1785037260000,74.948,74.948,74.948,74.948,82,614.5736
1785037380000,74.943,74.943,74.932,74.94,39,292.2496
1785037440000,74.924,74.924,74.924,74.924,240,1798.176
1785037500000,74.948,74.948,74.948,74.948,1,7.4948
1785037620000,74.929,74.938,74.929,74.938,48,359.6613
1785037680000,74.935,74.935,74.935,74.935,303,2270.5305
1785037740000,74.938,74.938,74.938,74.938,42,314.7396
1785037800000,74.933,74.933,74.933,74.933,98,734.3434
1785037860000,74.93,74.938,74.93,74.938,70,524.5628
1785037920000,74.94,74.952,74.94,74.952,1459,10933.7772
1785038040000,74.963,74.963,74.957,74.957,139,1041.9055
1785038100000,74.953,74.953,74.92,74.92,81,607.0589
1785038160000,74.939,74.94,74.922,74.94,1347,10092.9746
1785038220000,74.969,74.972,74.969,74.972,1000,7497.0503
1785038340000,74.971,74.982,74.971,74.982,50,374.8704
1785038400000,75.006,75.006,74.985,75.0,673,5047.2079
1785038460000,74.997,75.021,74.997,75.0,375,2812.8869
1785038520000,75.007,75.017,74.986,75.002,18702,140268.9299
1785038580000,75.009,75.076,75.009,75.071,39724,298059.0269
1785038640000,75.071,75.097,75.071,75.084,9217,69199.9787
1785038700000,75.084,75.119,75.084,75.098,3365,25270.6679
1785038760000,75.097,75.097,75.028,75.028,1659,12453.492
1785038820000,75.019,75.019,74.999,74.999,488,3660.36
1785038880000,74.982,74.988,74.956,74.96,1054,7902.7866
1785038940000,74.97,74.975,74.966,74.975,1075,8059.2399
1785039000000,74.99,75.002,74.974,74.974,341,2557.1536
1785039120000,74.977,74.977,74.977,74.977,47,352.3919
1785039180000,74.976,74.976,74.976,74.976,4,29.9904
1785039240000,74.941,74.954,74.931,74.954,1015,7605.6528
1785039300000,74.94,74.94,74.94,74.94,103,771.882
1785039360000,74.937,74.937,74.917,74.923,177,1326.1585
1785039420000,74.926,74.928,74.926,74.928,169,1266.276
1785039480000,74.965,74.965,74.964,74.964,852,6387.014
1785039660000,74.917,74.917,74.917,74.917,801,6000.8517
1785039780000,74.975,74.983,74.975,74.983,472,3539.09
1785039840000,74.988,75.013,74.988,75.013,798,5984.9552
1785039900000,75.003,75.01,75.003,75.01,1195,8963.0587
1785039960000,75.015,75.078,75.015,75.074,2571,19295.9789
1785040080000,75.082,75.082,75.082,75.082,14,105.1148
1785040140000,75.107,75.11,75.079,75.107,739,5548.9064
1785040200000,75.108,75.108,75.105,75.105,315,2365.8153
1785056700000,75.065,75.075,75.065,75.075,4,30.027
1785056760000,75.069,75.069,75.013,75.019,589,4418.9288
1785056820000,75.012,75.012,75.012,75.012,6,45.0072
1785056880000,75.013,75.018,75.013,75.017,304,2280.4121
1785056940000,75.017,75.018,75.017,75.018,1080,8101.9439
1785057000000,75.022,75.022,75.003,75.003,671,5033.8156
1785057060000,74.983,74.983,74.974,74.974,3,22.494
1785057180000,75.0,75.0,75.0,75.0,101,757.5
1785057240000,75.0,75.0,74.994,74.994,496,3719.9844
1785057300000,74.984,75.003,74.981,74.981,165,1237.324
1785057420000,75.011,75.015,75.011,75.015,260,1950.372
1785057480000,75.06,75.077,75.055,75.077,242,1816.3975
1785057540000,75.031,75.031,75.024,75.024,2739,20550.675
1785057600000,75.023,75.039,75.023,75.039,20,150.0476
1785057660000,75.038,75.062,75.038,75.049,3919,29412.8094
1785057720000,75.029,75.029,75.029,75.029,11,82.5319
1785057960000,75.028,75.028,75.028,75.028,2,15.0056
1785058080000,75.03,75.03,75.03,75.03,79,592.737
1785058200000,75.036,75.036,75.036,75.036,39,292.6404
1785058260000,75.012,75.024,75.012,75.024,466,3495.5616
1785058320000,75.029,75.03,75.029,75.03,55,412.6596
1785058440000,75.024,75.024,75.007,75.007,38,285.0864
1785058500000,74.996,74.996,74.992,74.992,906,6794.3576
1785058560000,74.993,75.025,74.993,75.025,2048,15359.0407
1785058620000,75.029,75.249,75.029,75.21,26252,197281.243
1785058680000,75.213,75.244,75.195,75.244,4690,35278.5517
1785058740000,75.247,75.247,75.174,75.179,2812,21145.3848
1785058800000,75.18,75.193,75.174,75.184,7296,54852.5837
1785058860000,75.193,75.193,75.18,75.18,1985,14925.6721
1785058980000,75.148,75.148,75.148,75.148,1,7.5148
1785059040000,75.141,75.141,75.126,75.126,3328,25003.5605
1785059100000,75.126,75.143,75.126,75.143,2849,21405.3971
1785059160000,75.144,75.144,75.144,75.144,24,180.3456
1785059220000,75.133,75.165,75.133,75.161,1637,12302.2126
1785059280000,75.149,75.162,75.145,75.149,3639,27346.6428
1785059340000,75.138,75.138,75.109,75.109,455,3417.6009
1785059400000,75.109,75.109,75.066,75.066,443,3326.8064
1785059460000,75.066,75.083,75.066,75.081,233,1749.1663
1785059520000,75.08,75.08,75.065,75.065,195,1463.8365
1785059580000,75.068,75.068,75.068,75.068,35,262.738
1785059640000,75.065,75.065,75.065,75.065,1,7.5065
1785059700000,75.066,75.066,75.065,75.065,764,5734.9818
1785059760000,75.05,75.05,75.05,75.05,63,472.815
1785059820000,75.05,75.056,75.05,75.056,504,3782.7414
1785059880000,75.049,75.049,75.049,75.049,34,255.1666
1785059940000,75.045,75.045,75.045,75.045,283,2123.7735
1785060000000,75.035,75.035,75.007,75.007,361,2707.8796
1785060060000,75.005,75.023,74.996,75.023,766,5744.8275
1785060120000,75.009,75.048,75.009,75.048,270,2025.4628
1785060240000,75.043,75.07,75.043,75.07,555,4165.2659
1785060480000,75.077,75.077,75.077,75.077,10,75.077
1785060600000,75.081,75.081,75.074,75.074,54,405.4031
1785060660000,75.08,75.092,75.08,75.092,419,3145.9016
1785060720000,75.097,75.097,75.096,75.096,38,285.365
1785060780000,75.123,75.149,75.123,75.148,747,5612.6855
1785060840000,75.129,75.129,75.119,75.119,381,2862.0349
1785060900000,75.113,75.113,75.085,75.085,302,2267.8982
1785060960000,75.098,75.098,75.093,75.093,198,1486.8884
1785061020000,75.098,75.098,75.098,75.098,349,2620.9202
1785061080000,75.099,75.099,75.099,75.099,2,15.0198
1785061200000,75.092,75.092,75.092,75.092,55,413.006
1785061320000,75.1,75.1,75.1,75.1,3,22.53
1785061380000,75.115,75.115,75.115,75.115,2,15.023
1785061440000,75.135,75.162,75.135,75.162,776,5832.4988
1785061500000,75.129,75.129,75.129,75.129,50,375.645
1785061560000,75.137,75.137,75.125,75.125,863,6483.8593
1785061680000,75.096,75.096,75.095,75.095,6,45.0572
1785061740000,75.101,75.101,75.101,75.101,40,300.404
1785061800000,75.109,75.123,75.109,75.123,568,4266.6154
1785061860000,75.137,75.171,75.137,75.165,883,6636.688
1785061920000,75.137,75.14,75.132,75.132,365,2742.556
1785062040000,75.125,75.125,75.121,75.121,856,6430.4422
1785062100000,75.114,75.137,75.114,75.137,964,7241.2384
1785062160000,75.144,75.166,75.144,75.166,86,646.4188
1785062220000,75.145,75.145,75.145,75.145,2,15.029
1785062280000,75.149,75.15,75.149,75.15,22,165.3281
1785062340000,75.129,75.145,75.129,75.145,1150,8640.7951
1785062400000,75.132,75.147,75.132,75.147,12,90.1644
1785062460000,75.171,75.189,75.171,75.189,1293,9721.7924
1785062580000,75.168,75.168,75.168,75.168,77,578.7936
1785062700000,75.201,75.22,75.19,75.19,2390,17973.965
1785062760000,75.218,75.218,75.19,75.19,725,5451.6502
1785062820000,75.165,75.165,75.157,75.157,13,97.7073
1785062880000,75.136,75.15,75.114,75.12,4237,31834.8925
1785062940000,75.129,75.129,75.111,75.111,332,2493.7516
1785063000000,75.099,75.099,75.099,75.099,460,3454.554
1785063180000,75.113,75.113,75.113,75.113,1,7.5113
1785063300000,75.113,75.113,75.113,75.113,171,1284.4323
1785063360000,75.114,75.114,75.095,75.095,62,465.6384
1785063480000,75.089,75.089,75.089,75.089,27,202.7403
1785063540000,75.091,75.091,75.091,75.091,65,488.0915
1785063720000,75.09,75.101,75.062,75.101,1608,12074.1964
1785063840000,75.104,75.104,75.104,75.104,103,773.5712
1785063960000,75.114,75.138,75.114,75.137,3409,25613.0457
1785064020000,75.132,75.132,75.132,75.132,50,375.66
1785064080000,75.069,75.069,75.06,75.06,905,6793.4479
1785064140000,75.056,75.056,75.033,75.039,50,375.2601
1785064320000,75.062,75.062,75.06,75.06,45,337.7768
1785064380000,75.045,75.045,75.045,75.045,409,3069.3405
1785064440000,75.061,75.067,75.061,75.067,152,1140.947
1785064500000,75.078,75.078,75.048,75.048,40,300.297
1785064560000,75.059,75.059,75.059,75.059,66,495.3894
1785064620000,75.068,75.068,75.063,75.063,48,360.3044
1785064680000,75.057,75.057,75.057,75.057,2,15.0114
1785064740000,75.069,75.069,75.069,75.069,1,7.5069
1785064800000,75.07,75.07,75.065,75.065,222,1666.5325
1785064980000,75.057,75.057,75.057,75.057,2,15.0114
1785065040000,75.045,75.045,75.045,75.045,105,787.9725
1785065160000,75.039,75.039,75.039,75.039,2,15.0078
1785065220000,75.041,75.047,75.041,75.047,2,15.0088
1785065280000,75.047,75.047,75.045,75.045,90,675.4188
1785065340000,75.034,75.044,75.034,75.044,9,67.5356
1785065400000,75.026,75.026,75.013,75.013,467,3503.6104
1785065460000,75.009,75.009,75.009,75.009,247,1852.7223
1785065520000,75.015,75.027,75.015,75.027,108,810.192
1785065580000,75.014,75.014,75.014,75.014,12,90.0168
1785065640000,75.017,75.017,75.017,75.017,13,97.5221
1785065760000,75.012,75.012,75.001,75.001,474,3555.1954
1785065820000,75.0,75.0,74.98,74.984,1445,10835.6486
1785065880000,74.984,74.984,74.984,74.984,155,1162.252
1785065940000,74.975,74.975,74.974,74.974,130,974.6659
1785066000000,74.978,74.978,74.954,74.954,151,1132.1266
1785066060000,74.954,74.954,74.909,74.935,4146,31061.0881
1785066120000,74.939,74.955,74.939,74.955,698,5231.1247
1785066180000,74.963,75.065,74.931,74.932,26529,198951.438
1785066240000,74.945,74.945,74.88,74.883,4433,33201.422
1785066300000,74.884,74.905,74.884,74.905,320,2396.3298
1785066360000,74.899,74.899,74.887,74.887,272,2037.2196
1785066420000,74.881,74.881,74.881,74.881,809,6057.8729
1785066480000,74.907,74.912,74.907,74.912,79,591.7898
1785066600000,74.908,74.908,74.908,74.908,1,7.4908
1785066780000,74.922,74.922,74.916,74.916,205,1535.82
1785066900000,74.876,74.876,74.876,74.876,1279,9576.6404
1785066960000,74.891,74.91,74.872,74.874,675,5054.8941
1785067020000,74.871,74.871,74.871,74.871,400,2994.84
1785067200000,74.909,74.919,74.9,74.9,571,4277.468
1785067260000,74.897,74.901,74.897,74.901,1201,8995.2897
1785067320000,74.911,74.942,74.911,74.942,841,6300.9112
1785067500000,74.982,74.995,74.982,74.995,493,3696.9553
1785067560000,75.026,75.096,75.026,75.073,10463,78550.0168
1785067620000,75.062,75.116,75.06,75.099,4271,32075.3036
1785067680000,75.079,75.079,75.045,75.06,931,6988.3213
1785067740000,75.049,75.049,75.034,75.034,1072,8043.8399
1785067800000,74.986,74.987,74.986,74.986,321,2407.0508
1785067860000,74.982,74.982,74.982,74.982,14,104.9748
1785067920000,74.958,74.969,74.958,74.962,6360,47675.7605
1785067980000,74.962,74.987,74.962,74.987,38,284.9456
1785068040000,74.997,74.997,74.996,74.996,20,149.9939
1785068160000,75.027,75.027,75.027,75.027,2,15.0054
1785068220000,74.976,74.976,74.969,74.969,548,4108.584
1785068280000,74.942,74.942,74.939,74.939,237,1776.0573
1785068340000,74.927,74.927,74.882,74.882,876,6561.9086
1785068400000,74.873,74.873,74.844,74.87,859,6429.5372
1785068460000,74.871,74.871,74.871,74.871,696,5211.0216
1785068520000,74.867,74.886,74.867,74.886,722,5406.5944
1785068580000,74.9,74.907,74.9,74.904,353,2644.1802
1785068640000,74.894,74.91,74.894,74.91,860,6442.1656
1785068700000,74.907,74.908,74.907,74.908,81,606.7468
1785068760000,74.925,74.944,74.925,74.934,1868,13998.1352
1785068820000,74.938,74.938,74.938,74.938,15,112.407
1785068880000,74.949,74.949,74.949,74.949,3,22.4847
1785068940000,74.951,74.951,74.951,74.951,1,7.4951
1785069000000,74.951,74.951,74.951,74.951,33,247.3383
1785069060000,74.93,74.93,74.895,74.905,512,3835.1021
1785069120000,74.931,74.931,74.906,74.909,904,6772.187
1785069180000,74.904,74.904,74.901,74.901,277,2074.797
1785069240000,74.906,74.906,74.901,74.901,98,734.0683
1785069300000,74.894,74.894,74.894,74.894,41,307.0654
1785069360000,74.882,74.904,74.882,74.896,391,2928.3878
1785069420000,74.899,74.899,74.895,74.896,745,5579.7111
1785069540000,74.894,74.894,74.844,74.852,557,4169.4985
1785069600000,74.843,74.843,74.802,74.808,1481,11081.0308
1785069720000,74.808,74.812,74.808,74.81,303,2266.7176
1785069780000,74.808,74.808,74.808,74.808,1,7.4808
1785069840000,74.803,74.811,74.803,74.811,38,284.2806
1785069900000,74.832,74.848,74.822,74.828,3405,25482.107
1785069960000,74.815,74.815,74.809,74.81,402,3007.4613
1785070020000,74.798,74.804,74.794,74.799,1193,8923.5227
1785070080000,74.804,74.807,74.804,74.807,21,157.0932
1785070140000,74.813,74.813,74.813,74.813,35,261.8455
1785070200000,74.8,74.812,74.784,74.812,1162,8691.9539
1785070260000,74.838,74.853,74.838,74.853,105,785.907
1785070320000,74.853,74.853,74.827,74.827,79,591.3205
1785070380000,74.828,74.828,74.828,74.828,201,1504.0428
1785070500000,74.851,74.851,74.83,74.834,122,912.9895
1785070560000,74.83,74.858,74.83,74.858,381,2851.989
1785070620000,74.845,74.846,74.845,74.846,409,3061.2009
1785070800000,74.832,74.833,74.832,74.833,23,172.1154
1785070860000,74.819,74.819,74.819,74.819,391,2925.4229
1785070920000,74.819,74.819,74.764,74.773,971,7260.6373
1785070980000,74.791,74.791,74.762,74.768,38,284.1812
1785071040000,74.783,74.794,74.777,74.777,262,1959.3544
1785071100000,74.777,74.777,74.777,74.777,12,89.7324
1785071160000,74.775,74.776,74.757,74.757,169,1263.6094
1785071220000,74.758,74.794,74.754,74.794,2130,15924.1329
1785071280000,74.793,74.793,74.789,74.789,520,3889.048
1785071340000,74.772,74.772,74.743,74.743,141,1054.0651
1785071400000,74.746,74.761,74.731,74.761,1006,7518.2868
1785071460000,74.78,74.795,74.78,74.791,181,1353.7092
1785071520000,74.791,74.791,74.791,74.791,8,59.8328
